/*******************************************************************************
 * Size: 36 px
 * Bpp: 1
 * Opts: --font PlayfairDisplay[wght].ttf@wght=700 --size 36 --bpp 1 --format lvgl --symbols  !"#$%&'()*+,-./0123456789:;<=>?@ABCDEFGHIJKLMNOPQRSTUVWXYZ[\]^_`abcdefghijklmnopqrstuvwxyz{|}~ ¡¢£¤¥¦§¨©ª«¬®¯°±²³´¶·¸¹º»¼½¾¿ÀÁÂÃÄÅÆÇÈÉÊËÌÍÎÏÐÑÒÓÔÕÖ×ØÙÚÛÜÝÞßàáâãäåæçèéêëìíîïðñòóôõö÷øùúûüýþÿ‐–—‘’‚“”„†‡•…‰′″‹›⁄€№™≈≠≤≥ --no-compress --lv-font-name ui_font_display_36 -o components/news_core/fonts/ui_font_display_36.c
 ******************************************************************************/

#ifdef LV_LVGL_H_INCLUDE_SIMPLE
#include "lvgl.h"
#else
#include "lvgl/lvgl.h"
#endif

#ifndef UI_FONT_DISPLAY_36
#define UI_FONT_DISPLAY_36 1
#endif

#if UI_FONT_DISPLAY_36

/*-----------------
 *    BITMAPS
 *----------------*/

/*Store the image of the glyphs*/
static LV_ATTRIBUTE_LARGE_CONST const uint8_t glyph_bitmap[] = {
    /* U+0020 " " */
    0x0,

    /* U+0021 "!" */
    0x7b, 0xff, 0xff, 0xff, 0xff, 0xfe, 0xf9, 0xe7,
    0x9e, 0x71, 0xc7, 0xc, 0x20, 0x82, 0x8, 0x20,
    0x0, 0x0, 0xff, 0xff, 0xff, 0x0,

    /* U+0022 "\"" */
    0x20, 0x9f, 0x7f, 0xef, 0xfd, 0xff, 0xbf, 0xe7,
    0x9c, 0x73, 0x8e, 0x20, 0x84, 0x10,

    /* U+0023 "#" */
    0x0, 0x81, 0x0, 0x8, 0x20, 0x0, 0x82, 0x0,
    0x10, 0x20, 0x1, 0x2, 0x3, 0xff, 0xff, 0x1,
    0x4, 0x0, 0x10, 0x40, 0x2, 0x4, 0x0, 0x20,
    0x40, 0x2, 0x4, 0x0, 0x20, 0x80, 0x7f, 0xff,
    0xe0, 0x40, 0x80, 0x4, 0x8, 0x0, 0x40, 0x80,
    0x4, 0x10, 0x0, 0x41, 0x0,

    /* U+0024 "$" */
    0x1, 0x20, 0x0, 0x48, 0x0, 0x12, 0x0, 0x4,
    0x80, 0x1, 0x20, 0x3, 0xfe, 0x23, 0xd2, 0x79,
    0xe4, 0x8e, 0x79, 0x23, 0x9e, 0x48, 0x6f, 0x92,
    0x19, 0xf4, 0x86, 0x7f, 0x21, 0x9f, 0xc8, 0x3,
    0xfe, 0x0, 0xff, 0x80, 0x1f, 0xf8, 0x1, 0xff,
    0x0, 0x3f, 0xf0, 0x7, 0xfe, 0x1, 0x7f, 0xa0,
    0x4f, 0xfc, 0x12, 0xff, 0x4, 0x9f, 0xc1, 0x27,
    0xf0, 0x49, 0xfe, 0x12, 0x7b, 0x84, 0x9e, 0xf9,
    0x2f, 0x23, 0xff, 0x0, 0x1e, 0x0, 0x4, 0x80,
    0x1, 0x20, 0x0, 0x48, 0x0, 0x12, 0x0,

    /* U+0025 "%" */
    0x0, 0x0, 0x0, 0x0, 0x0, 0x4, 0x0, 0x0,
    0x4, 0x1f, 0x0, 0x8, 0x31, 0x80, 0x10, 0x71,
    0xc0, 0x10, 0xe0, 0xe0, 0x20, 0xe0, 0xe0, 0x40,
    0xe0, 0xe0, 0x40, 0xe0, 0xe0, 0x80, 0xe0, 0xe1,
    0x0, 0xe0, 0xe1, 0x0, 0x71, 0xc2, 0x0, 0x31,
    0x84, 0x0, 0x1f, 0x4, 0x0, 0x0, 0x8, 0x0,
    0x0, 0x10, 0x0, 0x0, 0x10, 0x0, 0x0, 0x20,
    0xf8, 0x0, 0x43, 0x1c, 0x0, 0x47, 0xe, 0x0,
    0x86, 0x7, 0x1, 0xe, 0x7, 0x2, 0xe, 0x7,
    0x2, 0xe, 0x7, 0x4, 0xe, 0x7, 0x8, 0xe,
    0x7, 0x8, 0x6, 0x6, 0x10, 0x7, 0xe, 0x20,
    0x3, 0xf8, 0x20, 0x0, 0x40, 0x40, 0x0, 0x0,

    /* U+0026 "&" */
    0x0, 0x0, 0x0, 0x80, 0x7, 0xe0, 0x1f, 0xc0,
    0x70, 0x60, 0xf0, 0x83, 0x83, 0xc3, 0xe1, 0x1c,
    0x1f, 0xf, 0x84, 0x70, 0x7c, 0x1c, 0x11, 0xc1,
    0xe0, 0x0, 0xc7, 0x0, 0x0, 0x1f, 0xc, 0x0,
    0x3, 0xf8, 0x18, 0x1, 0xff, 0xc0, 0x3e, 0x3f,
    0xfc, 0x3, 0x3, 0xff, 0x0, 0x18, 0x1f, 0xe2,
    0x0, 0xe0, 0xf8, 0x4, 0x7, 0x3, 0xe, 0x10,
    0x3c, 0x8, 0x7c, 0x20, 0xf0, 0x21, 0xf0, 0x83,
    0xc0, 0x87, 0xc2, 0xf, 0x1, 0x8e, 0x8, 0x3e,
    0x3, 0xf0, 0x60, 0xf8, 0x0, 0x1, 0x1, 0xf0,
    0x0, 0x1c, 0x3, 0xf0, 0x0, 0xe0, 0x7, 0xff,
    0xff, 0x0, 0xf, 0xff, 0xf8, 0x0, 0xf, 0xff,
    0x80, 0x0, 0x0, 0x80, 0x0, 0x0,

    /* U+0027 "'" */
    0x27, 0xff, 0xff, 0xf9, 0xce, 0x21, 0x0,

    /* U+0028 "(" */
    0x0, 0x0, 0x60, 0x30, 0x1c, 0xe, 0x3, 0x81,
    0xe0, 0xf0, 0x3c, 0x1f, 0x7, 0xc1, 0xe0, 0x78,
    0x3e, 0xf, 0x83, 0xe0, 0xf8, 0x3e, 0xf, 0x83,
    0xe0, 0xf8, 0x3e, 0xf, 0x81, 0xe0, 0x78, 0x1f,
    0x3, 0xc0, 0xf0, 0x1c, 0x7, 0x80, 0xe0, 0x1c,
    0x3, 0x0, 0x60, 0x8, 0x0,

    /* U+0029 ")" */
    0x0, 0x18, 0x3, 0x0, 0xe0, 0x1c, 0x7, 0x1,
    0xe0, 0x3c, 0xf, 0x3, 0xc0, 0xf8, 0x1e, 0x7,
    0x81, 0xf0, 0x7c, 0x1f, 0x7, 0xc1, 0xf0, 0x7c,
    0x1f, 0x7, 0xc1, 0xf0, 0x7c, 0x1e, 0xf, 0x83,
    0xe0, 0xf0, 0x3c, 0xe, 0x7, 0x81, 0xc0, 0xe0,
    0x30, 0x18, 0x4, 0x0, 0x0,

    /* U+002A "*" */
    0x0, 0x0, 0x38, 0x1, 0xc0, 0x8e, 0x2e, 0x77,
    0xf9, 0x3f, 0xeb, 0xe3, 0xf0, 0x3f, 0xc7, 0xd7,
    0xfc, 0x9f, 0xce, 0xf0, 0x71, 0x3, 0x80, 0x1c,
    0x0, 0x0,

    /* U+002B "+" */
    0x0, 0x40, 0x0, 0x10, 0x0, 0x4, 0x0, 0x1,
    0x0, 0x0, 0x40, 0x0, 0x10, 0x0, 0x4, 0x0,
    0x1, 0x0, 0x0, 0x40, 0x3f, 0xff, 0xf0, 0x4,
    0x0, 0x1, 0x0, 0x0, 0x40, 0x0, 0x10, 0x0,
    0x4, 0x0, 0x1, 0x0, 0x0, 0x40, 0x0, 0x10,
    0x0, 0x4, 0x0,

    /* U+002C "," */
    0x3, 0xef, 0xff, 0xfc, 0x90, 0x42, 0x10, 0x80,

    /* U+002D "-" */
    0xff, 0xff, 0xff, 0xff, 0xfe,

    /* U+002E "." */
    0x3, 0xff, 0xff, 0xfc, 0x0,

    /* U+002F "/" */
    0x0, 0x20, 0x4, 0x1, 0x0, 0x20, 0xc, 0x1,
    0x0, 0x20, 0xc, 0x1, 0x0, 0x20, 0x8, 0x1,
    0x0, 0x60, 0x8, 0x1, 0x0, 0x60, 0x8, 0x1,
    0x0, 0x40, 0x8, 0x1, 0x0, 0x40, 0x8, 0x3,
    0x0, 0x40, 0x8, 0x3, 0x0, 0x0,

    /* U+0030 "0" */
    0x0, 0x0, 0x0, 0x3f, 0xc0, 0xe, 0xf, 0x1,
    0xe0, 0x78, 0x1c, 0x3, 0xc3, 0xc0, 0x3c, 0x7c,
    0x3, 0xe7, 0x80, 0x1e, 0x78, 0x1, 0xef, 0x80,
    0x1f, 0xf8, 0x1, 0xff, 0x80, 0x1f, 0xf8, 0x1,
    0xff, 0x80, 0x1f, 0xf8, 0x1, 0xff, 0x80, 0x1f,
    0xf8, 0x1, 0xff, 0x80, 0x1f, 0x78, 0x1, 0xe7,
    0x80, 0x1e, 0x7c, 0x3, 0xe3, 0xc0, 0x3c, 0x3c,
    0x3, 0x81, 0xe0, 0x78, 0xf, 0xf, 0x0, 0x3f,
    0xc0, 0x0, 0x40, 0x0,

    /* U+0031 "1" */
    0x3, 0x83, 0xf8, 0xff, 0x80, 0xf8, 0xf, 0x80,
    0xf8, 0xf, 0x80, 0xf8, 0xf, 0x80, 0xf8, 0xf,
    0x80, 0xf8, 0xf, 0x80, 0xf8, 0xf, 0x80, 0xf8,
    0xf, 0x80, 0xf8, 0xf, 0x80, 0xf8, 0xf, 0x80,
    0xf8, 0xf, 0x81, 0xfc, 0xff, 0xf0,

    /* U+0032 "2" */
    0x0, 0x80, 0x7, 0xfc, 0x4, 0xf, 0x7, 0x7,
    0xc7, 0xc1, 0xf3, 0xe0, 0xf9, 0xf0, 0x7c, 0x70,
    0x3e, 0x0, 0x1f, 0x0, 0xf, 0x0, 0x7, 0x80,
    0x7, 0x80, 0x3, 0xc0, 0x1, 0xc0, 0x1, 0xc0,
    0x0, 0xc0, 0x0, 0xc0, 0x0, 0x40, 0x0, 0x40,
    0x0, 0x40, 0x0, 0x40, 0x18, 0x40, 0xc, 0x7f,
    0xfe, 0x7f, 0xff, 0x7f, 0xff, 0xff, 0xff, 0xc0,

    /* U+0033 "3" */
    0x0, 0x0, 0x7, 0xfc, 0xc, 0xf, 0x8f, 0x7,
    0xe7, 0xc1, 0xf3, 0xe0, 0xf9, 0xf0, 0x7c, 0x70,
    0x3e, 0x0, 0x1e, 0x0, 0x1e, 0x0, 0xe, 0x0,
    0x18, 0x0, 0x7e, 0x0, 0x1, 0xe0, 0x0, 0x78,
    0x0, 0x3e, 0x0, 0xf, 0x80, 0x7, 0xc0, 0x3,
    0xe0, 0x1, 0xf7, 0x0, 0xff, 0xc0, 0x7b, 0xe0,
    0x7d, 0xf0, 0x3c, 0x70, 0x3c, 0x1f, 0xf8, 0x0,
    0x80, 0x0,

    /* U+0034 "4" */
    0x0, 0x2, 0x0, 0x0, 0xc0, 0x0, 0x38, 0x0,
    0x7, 0x0, 0x1, 0xe0, 0x0, 0x7c, 0x0, 0x1f,
    0x80, 0x3, 0xf0, 0x0, 0xbe, 0x0, 0x27, 0xc0,
    0x8, 0xf8, 0x1, 0x1f, 0x0, 0x43, 0xe0, 0x10,
    0x7c, 0x4, 0xf, 0x80, 0x81, 0xf0, 0x20, 0x3e,
    0xf, 0xff, 0xfd, 0xff, 0xff, 0xff, 0xff, 0xf0,
    0x3, 0xe0, 0x0, 0x7c, 0x0, 0xf, 0x80, 0x1,
    0xf0, 0x0, 0x7e, 0x0, 0x3f, 0xf0,

    /* U+0035 "5" */
    0x0, 0x4, 0x0, 0x4, 0x3f, 0xfc, 0x3f, 0xfc,
    0x3f, 0xfc, 0x3f, 0xfc, 0x20, 0x0, 0x40, 0x0,
    0x40, 0x0, 0x40, 0x0, 0x40, 0x0, 0x47, 0xe0,
    0x58, 0xf8, 0x60, 0x7c, 0x0, 0x3e, 0x0, 0x3e,
    0x0, 0x1f, 0x0, 0x1f, 0x0, 0x1f, 0x0, 0x1f,
    0x70, 0x1f, 0xf8, 0x1f, 0xf8, 0x1e, 0xf8, 0x3e,
    0xf0, 0x3c, 0x60, 0x78, 0x3f, 0xe0, 0x2, 0x0,

    /* U+0036 "6" */
    0x0, 0x0, 0x0, 0xff, 0x80, 0x70, 0x70, 0x38,
    0x3e, 0x1e, 0xf, 0x8f, 0x3, 0xe3, 0xc0, 0x71,
    0xf0, 0x0, 0x78, 0x0, 0x1e, 0x0, 0xf, 0x8f,
    0x83, 0xe4, 0x78, 0xfa, 0xf, 0x3f, 0x3, 0xef,
    0x80, 0x7b, 0xe0, 0x1f, 0xf8, 0x7, 0xfe, 0x1,
    0xff, 0x80, 0x7f, 0xe0, 0x1f, 0x78, 0x7, 0xdf,
    0x1, 0xe3, 0xc0, 0xf8, 0xf0, 0x3c, 0x1e, 0x1e,
    0x1, 0xff, 0x0, 0xc, 0x0,

    /* U+0037 "7" */
    0xff, 0xff, 0xff, 0xff, 0xef, 0xff, 0xf3, 0xff,
    0xfc, 0xc0, 0x2, 0x30, 0x1, 0x8, 0x0, 0x40,
    0x0, 0x20, 0x0, 0x18, 0x0, 0xc, 0x0, 0x3,
    0x0, 0x1, 0x80, 0x0, 0xe0, 0x0, 0x38, 0x0,
    0x1e, 0x0, 0x7, 0x0, 0x3, 0xc0, 0x0, 0xf0,
    0x0, 0x3c, 0x0, 0x1f, 0x0, 0x7, 0xc0, 0x1,
    0xf0, 0x0, 0x7c, 0x0, 0x1f, 0x0, 0x7, 0xc0,
    0x0, 0x40, 0x0,

    /* U+0038 "8" */
    0x0, 0x40, 0x3, 0xff, 0x1, 0xe0, 0xf0, 0xf0,
    0x3c, 0x7c, 0x7, 0x9f, 0x1, 0xe7, 0xc0, 0x79,
    0xf8, 0x1c, 0x7f, 0x7, 0xf, 0xe3, 0x81, 0xfd,
    0x80, 0x3f, 0x80, 0x7, 0xf8, 0x0, 0xff, 0x0,
    0xef, 0xe0, 0x71, 0xfc, 0x3c, 0x3f, 0x9e, 0x7,
    0xef, 0x80, 0xff, 0xe0, 0x3f, 0xf8, 0x7, 0xfe,
    0x1, 0xff, 0x80, 0x79, 0xf0, 0x1e, 0x3e, 0xf,
    0x3, 0xff, 0x0, 0x8, 0x0,

    /* U+0039 "9" */
    0x0, 0x0, 0x3, 0xfe, 0x1, 0xe1, 0xe0, 0xf0,
    0x3c, 0x7c, 0xf, 0x1e, 0x3, 0xef, 0x80, 0x7b,
    0xe0, 0x1e, 0xf8, 0x7, 0xfe, 0x1, 0xff, 0x80,
    0x7f, 0xe0, 0x1f, 0x78, 0xf, 0xdf, 0x3, 0xf3,
    0xc1, 0x7c, 0x78, 0x9f, 0x7, 0xc7, 0xc0, 0x1,
    0xe0, 0x0, 0x78, 0x0, 0x3e, 0x38, 0xf, 0x1f,
    0x3, 0xc7, 0xc1, 0xe1, 0xf0, 0x70, 0x38, 0x38,
    0x7, 0xfc, 0x0, 0x10, 0x0,

    /* U+003A ":" */
    0x7b, 0xff, 0xff, 0x78, 0x0, 0x0, 0x0, 0x0,
    0x0, 0x0, 0x0, 0x3f, 0xff, 0xff, 0xc0,

    /* U+003B ";" */
    0x7b, 0xff, 0xff, 0x78, 0x0, 0x0, 0x0, 0x0,
    0x0, 0x0, 0x0, 0x3e, 0xff, 0xff, 0xc9, 0x4,
    0x21, 0x8,

    /* U+003C "<" */
    0x0, 0x0, 0x40, 0x0, 0x70, 0x0, 0x70, 0x0,
    0xf0, 0x0, 0xf0, 0x0, 0xe0, 0x0, 0xe0, 0x0,
    0xe0, 0x0, 0xf0, 0x0, 0x7, 0x0, 0x0, 0x70,
    0x0, 0x7, 0x0, 0x0, 0x70, 0x0, 0x7, 0x80,
    0x0, 0x78, 0x0, 0x3,

    /* U+003D "=" */
    0xff, 0xff, 0xc0, 0x0, 0x0, 0x0, 0x0, 0x0,
    0x0, 0x0, 0x0, 0x3f, 0xff, 0xf0,

    /* U+003E ">" */
    0x80, 0x0, 0x38, 0x0, 0x3, 0x80, 0x0, 0x38,
    0x0, 0x3, 0xc0, 0x0, 0x3c, 0x0, 0x3, 0xc0,
    0x0, 0x3c, 0x0, 0x3, 0x80, 0x3, 0x80, 0x7,
    0x80, 0x7, 0x80, 0x7, 0x80, 0x7, 0x0, 0x7,
    0x0, 0x3, 0x0, 0x0,

    /* U+003F "?" */
    0xf, 0xe0, 0x30, 0x78, 0x70, 0x3c, 0xf8, 0x3e,
    0xf8, 0x1f, 0xf8, 0x1f, 0x70, 0x1f, 0x0, 0x1f,
    0x0, 0x1f, 0x0, 0x1e, 0x0, 0x3e, 0x0, 0x3c,
    0x0, 0x78, 0x0, 0xe0, 0x3, 0x0, 0x2, 0x0,
    0x2, 0x0, 0x2, 0x0, 0x2, 0x0, 0x2, 0x0,
    0x0, 0x0, 0x0, 0x0, 0x0, 0x0, 0x0, 0x0,
    0xf, 0xc0, 0xf, 0xc0, 0xf, 0xc0, 0xf, 0xc0,
    0x0, 0x0,

    /* U+0040 "@" */
    0x0, 0x3, 0xfc, 0x0, 0x0, 0xe0, 0x38, 0x0,
    0x18, 0x0, 0x30, 0x1, 0x0, 0x0, 0xc0, 0x30,
    0x0, 0x3, 0x3, 0x0, 0x0, 0x8, 0x10, 0x0,
    0x0, 0x61, 0x0, 0xf7, 0x81, 0x10, 0x1e, 0xbc,
    0x9, 0x81, 0xe3, 0xe0, 0x48, 0x1e, 0x1f, 0x2,
    0xc1, 0xf0, 0xf8, 0x14, 0xf, 0x7, 0x80, 0xa0,
    0xf8, 0x3c, 0x7, 0x7, 0xc1, 0xe0, 0x50, 0x7c,
    0x1f, 0x2, 0x83, 0xe0, 0xf0, 0x24, 0x1f, 0x7,
    0x81, 0x20, 0xf8, 0x3c, 0x11, 0x7, 0xc3, 0xe1,
    0x8, 0x3e, 0x1f, 0x10, 0x40, 0xfb, 0xf9, 0x2,
    0x3, 0xc3, 0xf0, 0x8, 0x0, 0x0, 0x0, 0x40,
    0x0, 0x0, 0x1, 0x0, 0x0, 0x0, 0xc, 0x0,
    0x0, 0x0, 0x30, 0x0, 0x40, 0x0, 0x70, 0xc,
    0x0, 0x0, 0xff, 0x80, 0x0,

    /* U+0041 "A" */
    0x0, 0xc, 0x0, 0x0, 0xf, 0x0, 0x0, 0x7,
    0x80, 0x0, 0x7, 0xe0, 0x0, 0x3, 0xf0, 0x0,
    0x1, 0xf8, 0x0, 0x1, 0x7e, 0x0, 0x0, 0xbf,
    0x0, 0x0, 0x8f, 0xc0, 0x0, 0x47, 0xe0, 0x0,
    0x43, 0xf0, 0x0, 0x20, 0xfc, 0x0, 0x10, 0x7e,
    0x0, 0x10, 0x1f, 0x80, 0x8, 0xf, 0xc0, 0x7,
    0xff, 0xe0, 0x4, 0x1, 0xf8, 0x2, 0x0, 0xfc,
    0x2, 0x0, 0x7f, 0x1, 0x0, 0x1f, 0x81, 0x80,
    0xf, 0xc0, 0x80, 0x3, 0xf0, 0xe0, 0x1, 0xf8,
    0x70, 0x0, 0xfe, 0xff, 0x3, 0xff, 0x80,

    /* U+0042 "B" */
    0xff, 0xff, 0x0, 0xfe, 0x3f, 0x1, 0xf0, 0x7e,
    0x7, 0xc0, 0xfc, 0x1f, 0x3, 0xf0, 0x7c, 0xf,
    0xc1, 0xf0, 0x3f, 0x7, 0xc0, 0xf8, 0x1f, 0x3,
    0xc0, 0x7c, 0x1e, 0x1, 0xf0, 0xe0, 0x7, 0xff,
    0x80, 0x1f, 0x7, 0xc0, 0x7c, 0x7, 0xc1, 0xf0,
    0x1f, 0x87, 0xc0, 0x3e, 0x1f, 0x0, 0xfc, 0x7c,
    0x3, 0xf1, 0xf0, 0xf, 0xc7, 0xc0, 0x3f, 0x1f,
    0x0, 0xfc, 0x7c, 0x7, 0xe1, 0xf0, 0x1f, 0xf,
    0xe1, 0xf8, 0xff, 0xff, 0x0,

    /* U+0043 "C" */
    0x0, 0x0, 0x0, 0x3, 0xfe, 0x10, 0x3c, 0x6,
    0x43, 0xe0, 0x7, 0x1f, 0x0, 0xc, 0xfc, 0x0,
    0x33, 0xe0, 0x0, 0xdf, 0x80, 0x1, 0x7e, 0x0,
    0x5, 0xf0, 0x0, 0x1f, 0xc0, 0x0, 0x3f, 0x0,
    0x0, 0xfc, 0x0, 0x3, 0xf0, 0x0, 0xf, 0xc0,
    0x0, 0x3f, 0x0, 0x0, 0xfc, 0x0, 0x3, 0xf0,
    0x0, 0x17, 0xe0, 0x0, 0x5f, 0x80, 0x1, 0x3e,
    0x0, 0xc, 0xfc, 0x0, 0x31, 0xf0, 0x0, 0xc3,
    0xe0, 0x7, 0x7, 0xc0, 0x64, 0x7, 0xfe, 0x10,
    0x0, 0x80, 0x0,

    /* U+0044 "D" */
    0xff, 0xff, 0x0, 0x1f, 0xc1, 0xf0, 0x7, 0xc0,
    0x3e, 0x3, 0xe0, 0xf, 0x81, 0xf0, 0x7, 0xe0,
    0xf8, 0x1, 0xf0, 0x7c, 0x0, 0xfc, 0x3e, 0x0,
    0x3e, 0x1f, 0x0, 0x1f, 0x8f, 0x80, 0xf, 0xc7,
    0xc0, 0x7, 0xe3, 0xe0, 0x3, 0xf1, 0xf0, 0x1,
    0xf8, 0xf8, 0x0, 0xfc, 0x7c, 0x0, 0x7e, 0x3e,
    0x0, 0x3f, 0x1f, 0x0, 0x1f, 0xf, 0x80, 0x1f,
    0x87, 0xc0, 0xf, 0xc3, 0xe0, 0x7, 0xc1, 0xf0,
    0x7, 0xc0, 0xf8, 0x3, 0xc0, 0x7c, 0x3, 0xc0,
    0x7f, 0x7, 0x80, 0xff, 0xfe, 0x0, 0x0,

    /* U+0045 "E" */
    0xff, 0xff, 0xf3, 0xf0, 0x1f, 0x1f, 0x0, 0x71,
    0xf0, 0x7, 0x1f, 0x0, 0x31, 0xf0, 0x3, 0x1f,
    0x0, 0x31, 0xf0, 0x21, 0x1f, 0x2, 0x1, 0xf0,
    0x60, 0x1f, 0x6, 0x1, 0xf1, 0xe0, 0x1f, 0xfe,
    0x1, 0xf0, 0xe0, 0x1f, 0x6, 0x1, 0xf0, 0x20,
    0x1f, 0x2, 0x1, 0xf0, 0x21, 0x1f, 0x0, 0x11,
    0xf0, 0x1, 0x1f, 0x0, 0x31, 0xf0, 0x3, 0x1f,
    0x0, 0x73, 0xf0, 0x1f, 0xff, 0xff, 0xf0,

    /* U+0046 "F" */
    0xff, 0xff, 0xf3, 0xf0, 0x1f, 0x1f, 0x0, 0xf1,
    0xf0, 0x7, 0x1f, 0x0, 0x31, 0xf0, 0x3, 0x1f,
    0x0, 0x31, 0xf0, 0x21, 0x1f, 0x2, 0x1, 0xf0,
    0x60, 0x1f, 0x6, 0x1, 0xf0, 0xe0, 0x1f, 0xfe,
    0x1, 0xf0, 0xe0, 0x1f, 0x6, 0x1, 0xf0, 0x20,
    0x1f, 0x2, 0x1, 0xf0, 0x20, 0x1f, 0x0, 0x1,
    0xf0, 0x0, 0x1f, 0x0, 0x1, 0xf0, 0x0, 0x1f,
    0x0, 0x3, 0xf8, 0x0, 0xff, 0xf0, 0x0,

    /* U+0047 "G" */
    0x0, 0x0, 0x0, 0x0, 0xff, 0x84, 0x3, 0xc0,
    0x64, 0xf, 0x80, 0x1c, 0x1f, 0x0, 0xc, 0x3f,
    0x0, 0xc, 0x3e, 0x0, 0xc, 0x7e, 0x0, 0x4,
    0x7e, 0x0, 0x4, 0x7c, 0x0, 0x0, 0xfc, 0x0,
    0x0, 0xfc, 0x0, 0x0, 0xfc, 0x0, 0x0, 0xfc,
    0x0, 0x0, 0xfc, 0x0, 0x0, 0xfc, 0x7, 0xff,
    0xfc, 0x0, 0xfc, 0xfc, 0x0, 0x7c, 0x7c, 0x0,
    0x7c, 0x7e, 0x0, 0x7c, 0x7e, 0x0, 0x7c, 0x3e,
    0x0, 0x7c, 0x1f, 0x0, 0x7c, 0xf, 0x80, 0x7c,
    0x7, 0xc0, 0xe4, 0x1, 0xff, 0x84, 0x0, 0x8,
    0x0,

    /* U+0048 "H" */
    0xff, 0xe0, 0xff, 0xe7, 0xf0, 0x7, 0xf0, 0x7c,
    0x0, 0x7c, 0xf, 0x80, 0xf, 0x81, 0xf0, 0x1,
    0xf0, 0x3e, 0x0, 0x3e, 0x7, 0xc0, 0x7, 0xc0,
    0xf8, 0x0, 0xf8, 0x1f, 0x0, 0x1f, 0x3, 0xe0,
    0x3, 0xe0, 0x7c, 0x0, 0x7c, 0xf, 0x80, 0xf,
    0x81, 0xff, 0xff, 0xf0, 0x3e, 0x0, 0x3e, 0x7,
    0xc0, 0x7, 0xc0, 0xf8, 0x0, 0xf8, 0x1f, 0x0,
    0x1f, 0x3, 0xe0, 0x3, 0xe0, 0x7c, 0x0, 0x7c,
    0xf, 0x80, 0xf, 0x81, 0xf0, 0x1, 0xf0, 0x3e,
    0x0, 0x3e, 0x7, 0xc0, 0x7, 0xc1, 0xfc, 0x1,
    0xfc, 0xff, 0xe0, 0xff, 0xe0,

    /* U+0049 "I" */
    0xff, 0xe7, 0xf0, 0x7c, 0xf, 0x81, 0xf0, 0x3e,
    0x7, 0xc0, 0xf8, 0x1f, 0x3, 0xe0, 0x7c, 0xf,
    0x81, 0xf0, 0x3e, 0x7, 0xc0, 0xf8, 0x1f, 0x3,
    0xe0, 0x7c, 0xf, 0x81, 0xf0, 0x3e, 0x7, 0xc1,
    0xfc, 0xff, 0xe0,

    /* U+004A "J" */
    0x3f, 0xf8, 0x7f, 0x1, 0xf0, 0xf, 0x80, 0x7c,
    0x3, 0xe0, 0x1f, 0x0, 0xf8, 0x7, 0xc0, 0x3e,
    0x1, 0xf0, 0xf, 0x80, 0x7c, 0x3, 0xe0, 0x1f,
    0x0, 0xf8, 0x7, 0xc0, 0x3e, 0x1, 0xf0, 0xf,
    0x80, 0x7c, 0x3, 0xe0, 0x1f, 0x0, 0xf8, 0x7,
    0xc0, 0x3c, 0x1, 0xe0, 0x1e, 0x0, 0xf0, 0xe,
    0x3, 0xc0, 0x0,

    /* U+004B "K" */
    0xff, 0xe3, 0xfe, 0x3f, 0x80, 0xf8, 0x1f, 0x0,
    0x70, 0x1f, 0x0, 0x40, 0x1f, 0x0, 0xc0, 0x1f,
    0x0, 0x80, 0x1f, 0x1, 0x0, 0x1f, 0x2, 0x0,
    0x1f, 0x4, 0x0, 0x1f, 0xc, 0x0, 0x1f, 0x3e,
    0x0, 0x1f, 0xfe, 0x0, 0x1f, 0x7f, 0x0, 0x1f,
    0x3f, 0x0, 0x1f, 0x1f, 0x80, 0x1f, 0x1f, 0xc0,
    0x1f, 0xf, 0xc0, 0x1f, 0x7, 0xe0, 0x1f, 0x7,
    0xf0, 0x1f, 0x3, 0xf0, 0x1f, 0x1, 0xf8, 0x1f,
    0x1, 0xfc, 0x1f, 0x0, 0xfc, 0x3f, 0x80, 0xfe,
    0xff, 0xe3, 0xff,

    /* U+004C "L" */
    0xff, 0xe0, 0x3, 0xf8, 0x0, 0x1f, 0x0, 0x1,
    0xf0, 0x0, 0x1f, 0x0, 0x1, 0xf0, 0x0, 0x1f,
    0x0, 0x1, 0xf0, 0x0, 0x1f, 0x0, 0x1, 0xf0,
    0x0, 0x1f, 0x0, 0x1, 0xf0, 0x0, 0x1f, 0x0,
    0x1, 0xf0, 0x0, 0x1f, 0x0, 0x1, 0xf0, 0x0,
    0x1f, 0x0, 0x11, 0xf0, 0x1, 0x1f, 0x0, 0x11,
    0xf0, 0x3, 0x1f, 0x0, 0x31, 0xf0, 0x7, 0x1f,
    0x0, 0xf3, 0xf0, 0x1f, 0xff, 0xff, 0xf0,

    /* U+004D "M" */
    0xff, 0xc0, 0x1, 0xfe, 0x7f, 0x80, 0x3, 0xf0,
    0x7f, 0x0, 0xf, 0xc0, 0xff, 0x0, 0x1f, 0x81,
    0x7e, 0x0, 0x5f, 0x2, 0xfe, 0x0, 0xbe, 0x4,
    0xfc, 0x1, 0x7c, 0x9, 0xf8, 0x4, 0xf8, 0x11,
    0xf8, 0x9, 0xf0, 0x23, 0xf0, 0x23, 0xe0, 0x47,
    0xf0, 0x47, 0xc0, 0x87, 0xe0, 0x8f, 0x81, 0xf,
    0xe2, 0x1f, 0x2, 0xf, 0xc4, 0x3e, 0x4, 0x1f,
    0x90, 0x7c, 0x8, 0x1f, 0xa0, 0xf8, 0x10, 0x3f,
    0x41, 0xf0, 0x20, 0x7f, 0x3, 0xe0, 0x40, 0x7e,
    0x7, 0xc0, 0x80, 0xfc, 0xf, 0x81, 0x0, 0xf0,
    0x1f, 0x2, 0x1, 0xe0, 0x3e, 0x4, 0x1, 0x80,
    0x7c, 0x1c, 0x3, 0x1, 0xfc, 0xff, 0x2, 0xf,
    0xfe,

    /* U+004E "N" */
    0xfe, 0x0, 0x7f, 0x3f, 0x0, 0x1c, 0x1f, 0x80,
    0x8, 0x1f, 0x80, 0x8, 0x1f, 0xc0, 0x8, 0x1f,
    0xe0, 0x8, 0x17, 0xf0, 0x8, 0x17, 0xf8, 0x8,
    0x13, 0xf8, 0x8, 0x11, 0xfc, 0x8, 0x10, 0xfe,
    0x8, 0x10, 0xff, 0x8, 0x10, 0x7f, 0x88, 0x10,
    0x3f, 0x88, 0x10, 0x1f, 0xc8, 0x10, 0xf, 0xe8,
    0x10, 0xf, 0xf8, 0x10, 0x7, 0xf8, 0x10, 0x3,
    0xf8, 0x10, 0x1, 0xf8, 0x10, 0x0, 0xf8, 0x10,
    0x0, 0xf8, 0x10, 0x0, 0x78, 0x38, 0x0, 0x38,
    0xfe, 0x0, 0x18,

    /* U+004F "O" */
    0x0, 0x0, 0x0, 0x0, 0xff, 0xe0, 0x1, 0xf0,
    0x7c, 0x1, 0xf0, 0x1f, 0x1, 0xf0, 0x7, 0xc1,
    0xf0, 0x3, 0xf0, 0xf8, 0x0, 0xf8, 0xfc, 0x0,
    0x7e, 0x7c, 0x0, 0x3f, 0x7e, 0x0, 0xf, 0xff,
    0x0, 0x7, 0xff, 0x80, 0x3, 0xff, 0xc0, 0x1,
    0xff, 0xe0, 0x0, 0xff, 0xf0, 0x0, 0x7f, 0xf8,
    0x0, 0x3f, 0xfc, 0x0, 0x1f, 0xfe, 0x0, 0xf,
    0x9f, 0x0, 0xf, 0xcf, 0xc0, 0x7, 0xe7, 0xe0,
    0x3, 0xe1, 0xf8, 0x1, 0xf0, 0x7c, 0x1, 0xf0,
    0x1f, 0x1, 0xf0, 0x7, 0xc1, 0xf0, 0x0, 0xff,
    0xe0, 0x0, 0x2, 0x0, 0x0,

    /* U+0050 "P" */
    0xff, 0xff, 0x1, 0xfc, 0x3e, 0x7, 0xc0, 0xf8,
    0x3e, 0x7, 0xe1, 0xf0, 0x1f, 0x8f, 0x80, 0xfc,
    0x7c, 0x7, 0xe3, 0xe0, 0x3f, 0x1f, 0x1, 0xf8,
    0xf8, 0xf, 0xc7, 0xc0, 0x7c, 0x3e, 0x7, 0xc1,
    0xf0, 0x3e, 0xf, 0x87, 0xc0, 0x7f, 0xf8, 0x3,
    0xe0, 0x0, 0x1f, 0x0, 0x0, 0xf8, 0x0, 0x7,
    0xc0, 0x0, 0x3e, 0x0, 0x1, 0xf0, 0x0, 0xf,
    0x80, 0x0, 0x7c, 0x0, 0x7, 0xf0, 0x0, 0xff,
    0xf0, 0x0,

    /* U+0051 "Q" */
    0x0, 0x0, 0x0, 0x0, 0x7f, 0xf0, 0x0, 0x7c,
    0x1f, 0x0, 0x3e, 0x3, 0xe0, 0x1f, 0x0, 0x7c,
    0xf, 0x80, 0x1f, 0x83, 0xe0, 0x3, 0xe1, 0xf8,
    0x0, 0xfc, 0x7c, 0x0, 0x3f, 0x3f, 0x0, 0x7,
    0xef, 0xc0, 0x1, 0xfb, 0xf0, 0x0, 0x7e, 0xfc,
    0x0, 0x1f, 0xbf, 0x0, 0x7, 0xef, 0xc0, 0x1,
    0xfb, 0xf0, 0x0, 0x7e, 0xfc, 0x0, 0x1f, 0xbf,
    0x0, 0x7, 0xc7, 0xc0, 0x3, 0xf1, 0xf8, 0x0,
    0xfc, 0x7e, 0x0, 0x3e, 0xf, 0xc0, 0xf, 0x81,
    0xf0, 0x7, 0xc0, 0x3e, 0x3, 0xe0, 0x7, 0xc1,
    0xf0, 0x0, 0x7f, 0xf0, 0x10, 0x3, 0x80, 0xc,
    0xff, 0x0, 0xf, 0x3c, 0xff, 0xff, 0x80, 0xf,
    0xff, 0xe0, 0x0, 0x7f, 0xf0, 0x0, 0x7, 0xf0,

    /* U+0052 "R" */
    0xff, 0xff, 0x0, 0x3f, 0x87, 0xc0, 0x1f, 0x3,
    0xf0, 0x1f, 0x1, 0xf0, 0x1f, 0x1, 0xf8, 0x1f,
    0x1, 0xf8, 0x1f, 0x1, 0xf8, 0x1f, 0x1, 0xf8,
    0x1f, 0x1, 0xf8, 0x1f, 0x3, 0xf0, 0x1f, 0x3,
    0xe0, 0x1f, 0x7, 0xc0, 0x1f, 0xfe, 0x0, 0x1f,
    0xf, 0x80, 0x1f, 0x7, 0xc0, 0x1f, 0x7, 0xe0,
    0x1f, 0x3, 0xf0, 0x1f, 0x3, 0xf0, 0x1f, 0x3,
    0xf0, 0x1f, 0x3, 0xf0, 0x1f, 0x3, 0xf8, 0x1f,
    0x1, 0xf8, 0x1f, 0x1, 0xf8, 0x3f, 0x81, 0xfd,
    0xff, 0xe0, 0xfe, 0x0, 0x0, 0x10,

    /* U+0053 "S" */
    0x0, 0x0, 0xf, 0xf8, 0x8f, 0x3, 0xcf, 0x0,
    0xef, 0x80, 0x37, 0xc0, 0x1b, 0xe0, 0x5, 0xf8,
    0x2, 0xfe, 0x1, 0x7f, 0x80, 0x1f, 0xe0, 0x7,
    0xfc, 0x1, 0xff, 0x0, 0x7f, 0xe0, 0xf, 0xf8,
    0x3, 0xfe, 0x0, 0x7f, 0x40, 0x1f, 0xe0, 0x7,
    0xf0, 0x1, 0xf8, 0x0, 0xfe, 0x0, 0x7f, 0x0,
    0x3d, 0xc0, 0x3e, 0xf0, 0x1e, 0x4f, 0xfc, 0x0,
    0x60, 0x0,

    /* U+0054 "T" */
    0xff, 0xff, 0xff, 0xe3, 0xe1, 0xfe, 0xf, 0x83,
    0xf8, 0x3e, 0x7, 0xc0, 0xf8, 0xf, 0x3, 0xe0,
    0x38, 0xf, 0x80, 0x60, 0x3e, 0x1, 0x80, 0xf8,
    0x4, 0x3, 0xe0, 0x0, 0xf, 0x80, 0x0, 0x3e,
    0x0, 0x0, 0xf8, 0x0, 0x3, 0xe0, 0x0, 0xf,
    0x80, 0x0, 0x3e, 0x0, 0x0, 0xf8, 0x0, 0x3,
    0xe0, 0x0, 0xf, 0x80, 0x0, 0x3e, 0x0, 0x0,
    0xf8, 0x0, 0x3, 0xe0, 0x0, 0xf, 0x80, 0x0,
    0x7f, 0x0, 0xf, 0xff, 0x80,

    /* U+0055 "U" */
    0xff, 0xe0, 0xff, 0x3f, 0x80, 0x1c, 0x1f, 0x0,
    0x8, 0x1f, 0x0, 0x8, 0x1f, 0x0, 0x8, 0x1f,
    0x0, 0x8, 0x1f, 0x0, 0x8, 0x1f, 0x0, 0x8,
    0x1f, 0x0, 0x8, 0x1f, 0x0, 0x8, 0x1f, 0x0,
    0x8, 0x1f, 0x0, 0x8, 0x1f, 0x0, 0x8, 0x1f,
    0x0, 0x8, 0x1f, 0x0, 0x8, 0x1f, 0x0, 0x8,
    0x1f, 0x0, 0x8, 0x1f, 0x0, 0x8, 0x1f, 0x0,
    0x8, 0x1f, 0x0, 0x8, 0xf, 0x0, 0x10, 0xf,
    0x80, 0x10, 0x7, 0x80, 0x20, 0x7, 0xc0, 0x60,
    0x1, 0xff, 0x80, 0x0, 0x18, 0x0,

    /* U+0056 "V" */
    0xff, 0xe0, 0x3f, 0x9f, 0xc0, 0x7, 0x8f, 0xe0,
    0x1, 0x83, 0xf0, 0x0, 0xc1, 0xf8, 0x0, 0x40,
    0x7e, 0x0, 0x20, 0x3f, 0x0, 0x20, 0x1f, 0xc0,
    0x10, 0x7, 0xe0, 0x8, 0x3, 0xf8, 0x8, 0x0,
    0xfc, 0x4, 0x0, 0x7e, 0x4, 0x0, 0x1f, 0x82,
    0x0, 0xf, 0xc1, 0x0, 0x7, 0xf1, 0x0, 0x1,
    0xf8, 0x80, 0x0, 0xfc, 0x40, 0x0, 0x3f, 0x40,
    0x0, 0x1f, 0xa0, 0x0, 0xf, 0xe0, 0x0, 0x3,
    0xf0, 0x0, 0x1, 0xf8, 0x0, 0x0, 0x78, 0x0,
    0x0, 0x3c, 0x0, 0x0, 0xe, 0x0, 0x0,

    /* U+0057 "W" */
    0xff, 0x83, 0xff, 0xf, 0xef, 0xe0, 0x3f, 0x80,
    0x78, 0xfc, 0x7, 0xe0, 0x6, 0x1f, 0x80, 0x7e,
    0x0, 0xc3, 0xf8, 0xf, 0xc0, 0x10, 0x3f, 0x1,
    0xf8, 0x2, 0x7, 0xe0, 0x1f, 0x80, 0x40, 0x7e,
    0x3, 0xf0, 0x10, 0xf, 0xc0, 0x7e, 0x2, 0x1,
    0xf8, 0xf, 0xe0, 0x40, 0x1f, 0x81, 0xfc, 0x10,
    0x3, 0xf0, 0x4f, 0x82, 0x0, 0x7f, 0x9, 0xf8,
    0x40, 0x7, 0xe2, 0x3f, 0x10, 0x0, 0xfc, 0x43,
    0xe2, 0x0, 0x1f, 0xc8, 0x7e, 0x40, 0x1, 0xfa,
    0xf, 0xd0, 0x0, 0x3f, 0x40, 0xfa, 0x0, 0x3,
    0xf8, 0x1f, 0xc0, 0x0, 0x7e, 0x3, 0xf0, 0x0,
    0xf, 0xc0, 0x3e, 0x0, 0x0, 0xf8, 0x7, 0xc0,
    0x0, 0x1e, 0x0, 0xf0, 0x0, 0x3, 0xc0, 0xe,
    0x0, 0x0, 0x38, 0x1, 0xc0, 0x0,

    /* U+0058 "X" */
    0xff, 0xe0, 0xff, 0x3f, 0xc0, 0x1e, 0xf, 0xe0,
    0xe, 0x3, 0xf8, 0x6, 0x0, 0xfc, 0x2, 0x0,
    0x7f, 0x2, 0x0, 0x1f, 0xc1, 0x0, 0x7, 0xe1,
    0x0, 0x1, 0xf9, 0x0, 0x0, 0xff, 0x0, 0x0,
    0x3f, 0x80, 0x0, 0xf, 0xc0, 0x0, 0x7, 0xf0,
    0x0, 0x1, 0xfc, 0x0, 0x1, 0x7e, 0x0, 0x0,
    0xbf, 0x80, 0x0, 0x8f, 0xe0, 0x0, 0x83, 0xf8,
    0x0, 0x80, 0xfc, 0x0, 0x40, 0x7f, 0x0, 0x40,
    0x1f, 0xc0, 0x60, 0x7, 0xe0, 0x70, 0x3, 0xf8,
    0xfc, 0x0, 0xfe, 0xff, 0x81, 0xff, 0x80,

    /* U+0059 "Y" */
    0xff, 0xe1, 0xfd, 0xfc, 0x1, 0xe3, 0xf0, 0x3,
    0xf, 0xe0, 0xc, 0x1f, 0x80, 0x20, 0x7f, 0x1,
    0x0, 0xfc, 0x4, 0x1, 0xf8, 0x20, 0x7, 0xe0,
    0x80, 0xf, 0xc4, 0x0, 0x3f, 0x10, 0x0, 0x7e,
    0x80, 0x1, 0xfa, 0x0, 0x3, 0xf0, 0x0, 0xf,
    0xc0, 0x0, 0x1f, 0x0, 0x0, 0x7c, 0x0, 0x1,
    0xf0, 0x0, 0x7, 0xc0, 0x0, 0x1f, 0x0, 0x0,
    0x7c, 0x0, 0x1, 0xf0, 0x0, 0x7, 0xc0, 0x0,
    0x3f, 0x80, 0x3, 0xff, 0x80,

    /* U+005A "Z" */
    0xff, 0xff, 0xff, 0x81, 0xfb, 0xc0, 0x7f, 0x70,
    0xf, 0xcc, 0x3, 0xf9, 0x80, 0x7e, 0x30, 0x1f,
    0xc4, 0x3, 0xf0, 0x0, 0xfc, 0x0, 0x1f, 0x80,
    0x7, 0xe0, 0x0, 0xfc, 0x0, 0x3f, 0x0, 0x7,
    0xe0, 0x1, 0xf8, 0x0, 0x3f, 0x0, 0xf, 0xc0,
    0x1, 0xf8, 0x8, 0x7e, 0x1, 0x1f, 0xc0, 0x23,
    0xf0, 0xe, 0xfe, 0x1, 0xdf, 0x80, 0x7f, 0xf0,
    0x3f, 0xff, 0xff, 0xe0,

    /* U+005B "[" */
    0xff, 0xf3, 0xe7, 0xcf, 0x9f, 0x3e, 0x7c, 0xf9,
    0xf3, 0xe7, 0xcf, 0x9f, 0x3e, 0x7c, 0xf9, 0xf3,
    0xe7, 0xcf, 0x9f, 0x3e, 0x7c, 0xf9, 0xf3, 0xe7,
    0xcf, 0x9f, 0x3e, 0x7c, 0xf9, 0xfc,

    /* U+005C "\\" */
    0x80, 0x18, 0x1, 0x0, 0x20, 0x2, 0x0, 0x40,
    0xc, 0x0, 0x80, 0x10, 0x3, 0x0, 0x20, 0x4,
    0x0, 0x40, 0x8, 0x1, 0x0, 0x10, 0x2, 0x0,
    0x60, 0x4, 0x0, 0x80, 0x18, 0x1, 0x0, 0x20,
    0x2, 0x0, 0x40, 0xc, 0x0, 0x80,

    /* U+005D "]" */
    0xfe, 0x7c, 0xf9, 0xf3, 0xe7, 0xcf, 0x9f, 0x3e,
    0x7c, 0xf9, 0xf3, 0xe7, 0xcf, 0x9f, 0x3e, 0x7c,
    0xf9, 0xf3, 0xe7, 0xcf, 0x9f, 0x3e, 0x7c, 0xf9,
    0xf3, 0xe7, 0xcf, 0x9f, 0x3f, 0xfc,

    /* U+005E "^" */
    0x1, 0x0, 0x7, 0x0, 0xe, 0x0, 0x3e, 0x0,
    0xfe, 0x3, 0x9e, 0x1c, 0xf, 0x40, 0x3,

    /* U+005F "_" */
    0xff, 0xff, 0xff, 0xff, 0xff, 0xff, 0xfc,

    /* U+0060 "`" */
    0x61, 0xe3, 0xc3, 0xc7, 0x83, 0x83, 0x3, 0x0,

    /* U+0061 "a" */
    0x7, 0xf0, 0xc, 0x3e, 0xe, 0xf, 0xf, 0x87,
    0xc7, 0xc3, 0xe3, 0xe1, 0xf0, 0xe0, 0xf8, 0x0,
    0x7c, 0x0, 0x7e, 0x1, 0xdf, 0x7, 0x8f, 0x8f,
    0x87, 0xcf, 0x83, 0xe7, 0xc1, 0xf3, 0xe0, 0xf9,
    0xf0, 0x7c, 0xfc, 0x7e, 0x3f, 0xdf, 0xf, 0x87,
    0xe0,

    /* U+0062 "b" */
    0x0, 0x0, 0x1f, 0xc0, 0x1, 0xf8, 0x0, 0x1f,
    0x0, 0x3, 0xe0, 0x0, 0x7c, 0x0, 0xf, 0x80,
    0x1, 0xf0, 0x0, 0x3e, 0x0, 0x7, 0xc0, 0x0,
    0xf8, 0xf8, 0x1f, 0x67, 0x83, 0xf0, 0x78, 0x7c,
    0xf, 0x8f, 0x80, 0xf1, 0xf0, 0x1f, 0x3e, 0x3,
    0xe7, 0xc0, 0x7c, 0xf8, 0xf, 0x9f, 0x1, 0xf3,
    0xe0, 0x3e, 0x7c, 0x7, 0xcf, 0x80, 0xf9, 0xf0,
    0x1e, 0x3e, 0x7, 0xc7, 0xc0, 0xf8, 0xf8, 0x1e,
    0x1f, 0x7, 0x83, 0x1f, 0xe0, 0x0, 0x40, 0x0,

    /* U+0063 "c" */
    0x3, 0xf0, 0x1e, 0x18, 0xf8, 0x71, 0xe1, 0xf7,
    0xc3, 0xef, 0x7, 0xfe, 0x7, 0x7c, 0x0, 0xf8,
    0x1, 0xf0, 0x3, 0xe0, 0x7, 0xc0, 0xf, 0x80,
    0x1f, 0x80, 0x1f, 0x0, 0xbf, 0x2, 0x3f, 0xfc,
    0x3f, 0xf0, 0x3f, 0xc0, 0x4, 0x0,

    /* U+0064 "d" */
    0x0, 0x0, 0x0, 0x7, 0xf0, 0x0, 0x7e, 0x0,
    0x7, 0xc0, 0x0, 0xf8, 0x0, 0x1f, 0x0, 0x3,
    0xe0, 0x0, 0x7c, 0x0, 0xf, 0x80, 0x1, 0xf0,
    0x1f, 0xbe, 0xf, 0x8f, 0xc3, 0xe0, 0xf8, 0xf8,
    0x1f, 0x1f, 0x3, 0xe3, 0xc0, 0x7c, 0xf8, 0xf,
    0x9f, 0x1, 0xf3, 0xe0, 0x3e, 0x7c, 0x7, 0xcf,
    0x80, 0xf9, 0xf0, 0x1f, 0x3e, 0x3, 0xe7, 0xc0,
    0x7c, 0x78, 0xf, 0x8f, 0x81, 0xf0, 0xf0, 0x3e,
    0x1f, 0x1f, 0xe0, 0xfe, 0xfe, 0x2, 0x0, 0x0,

    /* U+0065 "e" */
    0x3, 0xf0, 0xe, 0x3c, 0x1c, 0x3e, 0x38, 0x1e,
    0x78, 0x1f, 0x78, 0x1f, 0xf8, 0x1f, 0xff, 0xff,
    0xf8, 0x0, 0xf8, 0x0, 0xf8, 0x0, 0xf8, 0x0,
    0xf8, 0x0, 0xfc, 0x0, 0x7c, 0x1, 0x7e, 0x6,
    0x3f, 0xfe, 0x1f, 0xfc, 0xf, 0xf0, 0x0, 0x80,

    /* U+0066 "f" */
    0x3, 0xf0, 0x3c, 0x61, 0xe7, 0xc7, 0x9f, 0x3e,
    0x7c, 0xf8, 0xe3, 0xe0, 0xf, 0x80, 0x3e, 0x3,
    0xff, 0x83, 0xe0, 0xf, 0x80, 0x3e, 0x0, 0xf8,
    0x3, 0xe0, 0xf, 0x80, 0x3e, 0x0, 0xf8, 0x3,
    0xe0, 0xf, 0x80, 0x3e, 0x0, 0xf8, 0x3, 0xe0,
    0xf, 0x80, 0x3e, 0x0, 0xf8, 0x7, 0xf0, 0x3f,
    0xf8,

    /* U+0067 "g" */
    0x7, 0xe1, 0xe1, 0xe7, 0xae, 0x3c, 0x3c, 0xe7,
    0xc3, 0xe6, 0x7c, 0x3e, 0x7, 0xc3, 0xe0, 0x7c,
    0x3e, 0x7, 0xc3, 0xe0, 0x3c, 0x3c, 0x1, 0xe7,
    0x80, 0x7, 0xe0, 0x0, 0x60, 0x0, 0xc, 0x0,
    0x0, 0xc0, 0x0, 0x1c, 0x0, 0x1, 0xff, 0xf0,
    0x1f, 0xff, 0xc0, 0xff, 0xfe, 0x7, 0xff, 0xe1,
    0x0, 0x7e, 0x60, 0x3, 0xee, 0x0, 0x3c, 0xe0,
    0x7, 0x87, 0x80, 0xf0, 0x1f, 0xf8, 0x0,

    /* U+0068 "h" */
    0x0, 0x0, 0xf, 0xe0, 0x0, 0x7e, 0x0, 0x3,
    0xe0, 0x0, 0x3e, 0x0, 0x3, 0xe0, 0x0, 0x3e,
    0x0, 0x3, 0xe0, 0x0, 0x3e, 0x0, 0x3, 0xe0,
    0x0, 0x3e, 0x3f, 0x3, 0xec, 0xf8, 0x3f, 0x7,
    0xc3, 0xe0, 0x7c, 0x3e, 0x7, 0xc3, 0xe0, 0x7c,
    0x3e, 0x7, 0xc3, 0xe0, 0x7c, 0x3e, 0x7, 0xc3,
    0xe0, 0x7c, 0x3e, 0x7, 0xc3, 0xe0, 0x7c, 0x3e,
    0x7, 0xc3, 0xe0, 0x7c, 0x3e, 0x7, 0xc3, 0xe0,
    0x7c, 0x3e, 0x7, 0xc7, 0xf0, 0xfe, 0xff, 0x9f,
    0xf0,

    /* U+0069 "i" */
    0x3e, 0x1f, 0xc7, 0xf1, 0xfc, 0x3e, 0x0, 0x0,
    0x0, 0x0, 0x0, 0x3f, 0x87, 0xe0, 0xf8, 0x3e,
    0xf, 0x83, 0xe0, 0xf8, 0x3e, 0xf, 0x83, 0xe0,
    0xf8, 0x3e, 0xf, 0x83, 0xe0, 0xf8, 0x3e, 0xf,
    0x87, 0xf3, 0xff,

    /* U+006A "j" */
    0xf, 0x87, 0xf1, 0xfc, 0x7f, 0xf, 0x80, 0x0,
    0x0, 0x0, 0x0, 0xf, 0xe1, 0xf8, 0x3e, 0xf,
    0x83, 0xe0, 0xf8, 0x3e, 0xf, 0x83, 0xe0, 0xf8,
    0x3e, 0xf, 0x83, 0xe0, 0xf8, 0x3e, 0xf, 0x83,
    0xe0, 0xf8, 0x3e, 0xf, 0x83, 0xc0, 0xf0, 0x78,
    0x3c, 0x3c, 0x0,

    /* U+006B "k" */
    0x0, 0x0, 0xf, 0xe0, 0x0, 0x7e, 0x0, 0x3,
    0xe0, 0x0, 0x3e, 0x0, 0x3, 0xe0, 0x0, 0x3e,
    0x0, 0x3, 0xe0, 0x0, 0x3e, 0x0, 0x3, 0xe0,
    0x0, 0x3e, 0x1f, 0xe3, 0xe0, 0x7c, 0x3e, 0x7,
    0x3, 0xe0, 0x60, 0x3e, 0x4, 0x3, 0xe0, 0x80,
    0x3e, 0x10, 0x3, 0xe7, 0x80, 0x3f, 0xfc, 0x3,
    0xef, 0xc0, 0x3e, 0x7e, 0x3, 0xe3, 0xf0, 0x3e,
    0x3f, 0x3, 0xe1, 0xf8, 0x3e, 0x1f, 0x83, 0xe0,
    0xfc, 0x3e, 0xf, 0xe7, 0xf0, 0x7e, 0xff, 0x8f,
    0xf0,

    /* U+006C "l" */
    0x0, 0x7f, 0x1f, 0x87, 0xc3, 0xe1, 0xf0, 0xf8,
    0x7c, 0x3e, 0x1f, 0xf, 0x87, 0xc3, 0xe1, 0xf0,
    0xf8, 0x7c, 0x3e, 0x1f, 0xf, 0x87, 0xc3, 0xe1,
    0xf0, 0xf8, 0x7c, 0x3e, 0x1f, 0xf, 0x8f, 0xef,
    0xf8,

    /* U+006D "m" */
    0xfe, 0x3f, 0x7, 0xe0, 0xfd, 0x9f, 0x33, 0xe0,
    0xfc, 0x1f, 0x83, 0xe1, 0xf0, 0x3e, 0x7, 0xc3,
    0xe0, 0x7c, 0xf, 0x87, 0xc0, 0xf8, 0x1f, 0xf,
    0x81, 0xf0, 0x3e, 0x1f, 0x3, 0xe0, 0x7c, 0x3e,
    0x7, 0xc0, 0xf8, 0x7c, 0xf, 0x81, 0xf0, 0xf8,
    0x1f, 0x3, 0xe1, 0xf0, 0x3e, 0x7, 0xc3, 0xe0,
    0x7c, 0xf, 0x87, 0xc0, 0xf8, 0x1f, 0xf, 0x81,
    0xf0, 0x3e, 0x1f, 0x3, 0xe0, 0x7c, 0x3e, 0x7,
    0xc0, 0xf8, 0xfc, 0x1f, 0xc1, 0xfb, 0xfe, 0x7f,
    0xcf, 0xf8,

    /* U+006E "n" */
    0xfe, 0x3f, 0x7, 0xec, 0xf8, 0x3f, 0x7, 0xc3,
    0xe0, 0x7c, 0x3e, 0x7, 0xc3, 0xe0, 0x7c, 0x3e,
    0x7, 0xc3, 0xe0, 0x7c, 0x3e, 0x7, 0xc3, 0xe0,
    0x7c, 0x3e, 0x7, 0xc3, 0xe0, 0x7c, 0x3e, 0x7,
    0xc3, 0xe0, 0x7c, 0x3e, 0x7, 0xc3, 0xe0, 0x7c,
    0x3e, 0x7, 0xc7, 0xf0, 0xfe, 0xff, 0x9f, 0xf0,

    /* U+006F "o" */
    0x7, 0xf0, 0xf, 0x1e, 0xf, 0x7, 0x8f, 0x83,
    0xe7, 0xc1, 0xf3, 0xc0, 0x7b, 0xe0, 0x3f, 0xf0,
    0x1f, 0xf8, 0xf, 0xfc, 0x7, 0xfe, 0x3, 0xff,
    0x1, 0xff, 0x80, 0xff, 0xc0, 0x7d, 0xe0, 0x3c,
    0xf8, 0x3e, 0x3c, 0x1e, 0xf, 0x1e, 0x3, 0xfe,
    0x0, 0x10, 0x0,

    /* U+0070 "p" */
    0xfe, 0x3e, 0xf, 0xd9, 0xe0, 0xfc, 0x1e, 0x1f,
    0x3, 0xe3, 0xe0, 0x3c, 0x7c, 0x7, 0xcf, 0x80,
    0xf9, 0xf0, 0x1f, 0x3e, 0x3, 0xe7, 0xc0, 0x7c,
    0xf8, 0xf, 0x9f, 0x1, 0xf3, 0xe0, 0x3e, 0x7c,
    0x7, 0x8f, 0x81, 0xf1, 0xf0, 0x3e, 0x3e, 0x7,
    0x87, 0xc1, 0xe0, 0xff, 0xf8, 0x1f, 0x10, 0x3,
    0xe0, 0x0, 0x7c, 0x0, 0xf, 0x80, 0x3, 0xf8,
    0x0, 0xff, 0xc0, 0x0,

    /* U+0071 "q" */
    0x7, 0xe0, 0x83, 0xc2, 0x70, 0xf0, 0x3e, 0x3e,
    0x7, 0xc7, 0xc0, 0xf8, 0xf0, 0x1f, 0x3e, 0x3,
    0xe7, 0xc0, 0x7c, 0xf8, 0xf, 0x9f, 0x1, 0xf3,
    0xe0, 0x3e, 0x7c, 0x7, 0xcf, 0x80, 0xf9, 0xf0,
    0x1f, 0x1e, 0x3, 0xe3, 0xe0, 0x7c, 0x3c, 0xf,
    0x87, 0xc7, 0xf0, 0x3f, 0x3e, 0x0, 0x87, 0xc0,
    0x0, 0xf8, 0x0, 0x1f, 0x0, 0x3, 0xe0, 0x0,
    0xfc, 0x0, 0x7f, 0xe0,

    /* U+0072 "r" */
    0xfe, 0x3c, 0xfd, 0xbc, 0xfc, 0xf9, 0xf1, 0xf3,
    0xe3, 0xe7, 0xc3, 0x8f, 0x80, 0x1f, 0x0, 0x3e,
    0x0, 0x7c, 0x0, 0xf8, 0x1, 0xf0, 0x3, 0xe0,
    0x7, 0xc0, 0xf, 0x80, 0x1f, 0x0, 0x3e, 0x0,
    0xfe, 0x3, 0xff, 0x80,

    /* U+0073 "s" */
    0x1f, 0x93, 0xe3, 0x9e, 0xd, 0xf0, 0x2f, 0x81,
    0x7e, 0xb, 0xf8, 0xf, 0xe0, 0x7f, 0x81, 0xff,
    0x3, 0xfc, 0xf, 0xe8, 0x3f, 0xc0, 0xfe, 0x3,
    0xf8, 0x1f, 0xc0, 0xf7, 0x7, 0xa7, 0xf8, 0x4,
    0x0,

    /* U+0074 "t" */
    0x3, 0x0, 0xf8, 0x7, 0xc0, 0x3e, 0x1, 0xf0,
    0x7f, 0xf8, 0x7c, 0x3, 0xe0, 0x1f, 0x0, 0xf8,
    0x7, 0xc0, 0x3e, 0x1, 0xf0, 0xf, 0x80, 0x7c,
    0x3, 0xe0, 0x1f, 0x0, 0xf8, 0x7, 0xc0, 0x3e,
    0x1, 0xf0, 0xf, 0x88, 0x3f, 0xc0, 0xfc, 0x1,
    0x0,

    /* U+0075 "u" */
    0x0, 0x0, 0xf, 0xe1, 0xfc, 0x7e, 0xf, 0xc3,
    0xe0, 0x7c, 0x3e, 0x7, 0xc3, 0xe0, 0x7c, 0x3e,
    0x7, 0xc3, 0xe0, 0x7c, 0x3e, 0x7, 0xc3, 0xe0,
    0x7c, 0x3e, 0x7, 0xc3, 0xe0, 0x7c, 0x3e, 0x7,
    0xc3, 0xe0, 0x7c, 0x3e, 0x7, 0xc3, 0xe0, 0x7c,
    0x3e, 0x7, 0xc3, 0xe0, 0xfc, 0x1e, 0x17, 0xe0,
    0xfe, 0x7f, 0x3, 0x0, 0x0,

    /* U+0076 "v" */
    0xff, 0x8f, 0xdf, 0x80, 0xe3, 0xe0, 0x30, 0xfc,
    0x4, 0x3f, 0x1, 0x7, 0xc0, 0x81, 0xf8, 0x20,
    0x3e, 0x8, 0xf, 0x84, 0x3, 0xf1, 0x0, 0x7c,
    0x40, 0x1f, 0xa0, 0x3, 0xe8, 0x0, 0xfc, 0x0,
    0x3f, 0x0, 0x7, 0xc0, 0x1, 0xe0, 0x0, 0x38,
    0x0, 0xe, 0x0,

    /* U+0077 "w" */
    0xff, 0xc3, 0x83, 0xf7, 0xe0, 0x3c, 0xe, 0x3e,
    0x3, 0xc0, 0xe3, 0xf0, 0x3c, 0x4, 0x3f, 0x7,
    0xe0, 0x41, 0xf0, 0x7e, 0x8, 0x1f, 0x87, 0xe0,
    0x81, 0xf8, 0x9f, 0x8, 0xf, 0x89, 0xf1, 0x0,
    0xfc, 0x9f, 0x10, 0x7, 0xd0, 0xf9, 0x0, 0x7d,
    0xf, 0x90, 0x7, 0xf0, 0xfa, 0x0, 0x3e, 0x7,
    0xe0, 0x3, 0xe0, 0x7e, 0x0, 0x3e, 0x7, 0xc0,
    0x1, 0xe0, 0x3c, 0x0, 0x1c, 0x3, 0xc0, 0x1,
    0xc0, 0x18, 0x0,

    /* U+0078 "x" */
    0xff, 0x8f, 0xcf, 0xe0, 0xf0, 0xfc, 0xc, 0xf,
    0xc1, 0x0, 0xf8, 0x40, 0x1f, 0x98, 0x1, 0xfa,
    0x0, 0x1f, 0x80, 0x3, 0xf0, 0x0, 0x3f, 0x0,
    0x3, 0xe0, 0x0, 0xfe, 0x0, 0x27, 0xe0, 0x8,
    0x7c, 0x3, 0xf, 0xc0, 0x60, 0xfc, 0x1c, 0xf,
    0x87, 0xc1, 0xfb, 0xfc, 0x7f, 0x80,

    /* U+0079 "y" */
    0xff, 0x8f, 0xdf, 0x81, 0xe7, 0xe0, 0x30, 0xf8,
    0xc, 0x3f, 0x2, 0x7, 0xc0, 0x81, 0xf0, 0x20,
    0x3e, 0x10, 0xf, 0x84, 0x1, 0xf2, 0x0, 0x7c,
    0x80, 0x1f, 0xa0, 0x3, 0xf0, 0x0, 0xfc, 0x0,
    0x1f, 0x0, 0x7, 0x80, 0x0, 0xe0, 0x0, 0x38,
    0x0, 0xc, 0x0, 0x1, 0x0, 0x7c, 0x40, 0x1f,
    0x20, 0x7, 0xc8, 0x1, 0xe4, 0x0, 0x3e, 0x0,
    0x0,

    /* U+007A "z" */
    0x7f, 0xfe, 0x78, 0x7e, 0x70, 0x7c, 0x60, 0xfc,
    0x40, 0xf8, 0x41, 0xf8, 0x41, 0xf0, 0x3, 0xf0,
    0x3, 0xe0, 0x7, 0xe0, 0x7, 0xc0, 0xf, 0xc0,
    0xf, 0x82, 0x1f, 0x82, 0x1f, 0x2, 0x3f, 0x6,
    0x3e, 0xe, 0x7e, 0x1e, 0x7f, 0xfe,

    /* U+007B "{" */
    0x1, 0xe0, 0xf0, 0x3c, 0x7, 0x81, 0xf0, 0x3e,
    0x7, 0xc0, 0xf8, 0x1f, 0x3, 0xe0, 0x7c, 0xf,
    0x81, 0xe0, 0x3c, 0xf, 0x1, 0x80, 0xc0, 0xe,
    0x0, 0xf0, 0xe, 0x1, 0xe0, 0x3c, 0x7, 0xc0,
    0xf8, 0x1f, 0x3, 0xe0, 0x7c, 0xf, 0x81, 0xf0,
    0x3e, 0x3, 0xc0, 0x78, 0x7, 0x80, 0x3c,

    /* U+007C "|" */
    0xff, 0xff, 0xff, 0xff, 0xff, 0xff, 0xff, 0xff,
    0xff, 0xff, 0xff, 0xff, 0xff, 0xff, 0xc0,

    /* U+007D "}" */
    0xf0, 0x7, 0x80, 0x78, 0xf, 0x1, 0xf0, 0x3e,
    0x7, 0xc0, 0xf8, 0x1f, 0x3, 0xe0, 0x7c, 0xf,
    0x80, 0xf0, 0x1e, 0x1, 0xe0, 0xc, 0x0, 0x60,
    0x38, 0x1e, 0x3, 0x80, 0xf0, 0x1e, 0x7, 0xc0,
    0xf8, 0x1f, 0x3, 0xe0, 0x7c, 0xf, 0x81, 0xf0,
    0x3e, 0x7, 0x80, 0xf0, 0x3c, 0x1e, 0x0,

    /* U+007E "~" */
    0x1f, 0x80, 0x3, 0xfe, 0x1, 0x7f, 0xf8, 0x34,
    0x1f, 0xfe, 0x80, 0x7f, 0xc0, 0x0, 0xf8,

    /* U+00A0 " " */
    0x0,

    /* U+00A1 "¡" */
    0x7b, 0xff, 0xff, 0x78, 0x0, 0x8, 0x20, 0x82,
    0xc, 0x71, 0xc7, 0x1e, 0x79, 0xef, 0xbf, 0xff,
    0xff, 0xff, 0x78,

    /* U+00A2 "¢" */
    0x0, 0x80, 0x1, 0x0, 0x2, 0x0, 0x4, 0x0,
    0x8, 0x0, 0x10, 0x0, 0xfc, 0x7, 0x86, 0x3e,
    0x1c, 0x78, 0x7d, 0xf0, 0xfb, 0xc1, 0xff, 0x81,
    0xdf, 0x0, 0x3e, 0x0, 0x7c, 0x0, 0xf8, 0x1,
    0xf0, 0x3, 0xe0, 0x7, 0xe0, 0x7, 0xc0, 0x2f,
    0xc0, 0xcf, 0xe7, 0xf, 0xfc, 0xf, 0xf0, 0x1,
    0x0, 0x2, 0x0, 0x4, 0x0, 0x8, 0x0, 0x10,
    0x0, 0x20, 0x0,

    /* U+00A3 "£" */
    0x0, 0x3f, 0x0, 0x3, 0x83, 0x0, 0x3c, 0x1e,
    0x0, 0xf0, 0xf8, 0x7, 0x83, 0xe0, 0x1e, 0xf,
    0x80, 0xf8, 0x18, 0x3, 0xe0, 0x0, 0xf, 0x80,
    0x0, 0x3e, 0x0, 0x0, 0xf8, 0x0, 0x3, 0xe0,
    0x0, 0x7f, 0xfc, 0x0, 0x3e, 0x0, 0x0, 0xf8,
    0x0, 0x3, 0xe0, 0x0, 0x7f, 0xfc, 0x0, 0x3e,
    0x0, 0x0, 0xf0, 0x0, 0x3, 0xc0, 0xc, 0xe,
    0x0, 0x8, 0x38, 0x0, 0x30, 0xc2, 0x0, 0xc3,
    0xff, 0xff, 0xf, 0xff, 0xfc, 0xe1, 0xff, 0xe7,
    0x0, 0xff, 0x0, 0x0, 0x20,

    /* U+00A4 "¤" */
    0x30, 0x3, 0x1e, 0xfd, 0xef, 0xff, 0xfd, 0xff,
    0xfe, 0x3e, 0x1f, 0xf, 0x3, 0xc7, 0x80, 0x79,
    0xe0, 0x1e, 0x78, 0x7, 0x9e, 0x1, 0xe7, 0x80,
    0x78, 0xf0, 0x3c, 0x3e, 0x1f, 0x1f, 0xff, 0xef,
    0xff, 0xfd, 0xef, 0xde, 0x30, 0x3, 0x0,

    /* U+00A5 "¥" */
    0xff, 0xe1, 0xfd, 0xfc, 0x1, 0xe3, 0xf0, 0x3,
    0xf, 0xe0, 0xc, 0x1f, 0x80, 0x20, 0x7f, 0x0,
    0x80, 0xfc, 0x4, 0x3, 0xf8, 0x20, 0x7, 0xe0,
    0x80, 0xf, 0xc4, 0x0, 0x3f, 0x10, 0x0, 0x7e,
    0x80, 0x1, 0xfa, 0x0, 0x3, 0xf0, 0x0, 0xff,
    0xfe, 0x0, 0x1f, 0x0, 0x0, 0x7c, 0x0, 0x1,
    0xf0, 0x0, 0xff, 0xfe, 0x0, 0x1f, 0x0, 0x0,
    0x7c, 0x0, 0x1, 0xf0, 0x0, 0x7, 0xc0, 0x0,
    0x3f, 0x80, 0x3, 0xff, 0x80,

    /* U+00A6 "¦" */
    0xff, 0xff, 0xff, 0xff, 0xff, 0xff, 0xfc, 0x7f,
    0xff, 0xff, 0xff, 0xff, 0xff, 0xff, 0xc0,

    /* U+00A7 "§" */
    0x3, 0xf8, 0x3, 0xc3, 0x81, 0xe1, 0xf0, 0xf8,
    0x7c, 0x3e, 0x1f, 0xf, 0x87, 0xc3, 0xf0, 0xe0,
    0xfe, 0x0, 0x1f, 0xc0, 0x7, 0xf8, 0x0, 0xff,
    0x80, 0x3f, 0xf0, 0x31, 0xfe, 0x1c, 0x3f, 0xcf,
    0x3, 0xfb, 0xc0, 0x7f, 0xf8, 0xf, 0xff, 0x1,
    0xff, 0xe0, 0x3d, 0xfc, 0xe, 0x3f, 0xc3, 0x87,
    0xf9, 0xc0, 0xff, 0xc0, 0x1f, 0xf0, 0x1, 0xfe,
    0x0, 0x3f, 0x80, 0x7, 0xf0, 0x70, 0xfc, 0x3e,
    0x1f, 0xf, 0x87, 0xc3, 0xe1, 0xe0, 0xf0, 0x78,
    0x1c, 0x3c, 0x1, 0xfc, 0x0,

    /* U+00A8 "¨" */
    0x70, 0x77, 0xc7, 0xfe, 0x3f, 0xf1, 0xf7, 0x7,
    0x0,

    /* U+00A9 "©" */
    0x0, 0x3f, 0xc0, 0x0, 0xc, 0x7, 0x0, 0x3,
    0x0, 0xc, 0x0, 0x40, 0x0, 0x20, 0x8, 0xf,
    0xc1, 0x1, 0x3, 0xc3, 0x8, 0x20, 0xf0, 0x70,
    0x42, 0xf, 0xf, 0x84, 0x41, 0xe0, 0xf8, 0x24,
    0x1e, 0xf, 0x82, 0x83, 0xe0, 0x70, 0x18, 0x3e,
    0x0, 0x1, 0x83, 0xe0, 0x0, 0x18, 0x3e, 0x0,
    0x1, 0x83, 0xe0, 0x0, 0x18, 0x3e, 0x0, 0x1,
    0x83, 0xe0, 0x0, 0x18, 0x3f, 0x0, 0x81, 0x41,
    0xf0, 0x8, 0x24, 0x1f, 0x81, 0x2, 0x20, 0xfc,
    0x30, 0x42, 0x7, 0xfe, 0x4, 0x10, 0x1f, 0x80,
    0x80, 0x80, 0x0, 0x10, 0x4, 0x0, 0x2, 0x0,
    0x30, 0x0, 0xc0, 0x0, 0xc0, 0x30, 0x0, 0x3,
    0xfc, 0x0,

    /* U+00AA "ª" */
    0x1f, 0xc0, 0xe3, 0xe3, 0xe3, 0xe7, 0xc7, 0xcf,
    0x8f, 0x8e, 0x1f, 0x0, 0xfe, 0xe, 0x7c, 0x78,
    0xf9, 0xf1, 0xf3, 0xe3, 0xe7, 0xef, 0xc7, 0xef,
    0xe2, 0x4, 0x0,

    /* U+00AB "«" */
    0x0, 0x40, 0x0, 0x10, 0x20, 0xc, 0x8, 0x6,
    0x6, 0x3, 0x83, 0x1, 0xc1, 0xc0, 0xf0, 0xe0,
    0x78, 0x78, 0x3c, 0x3c, 0x3f, 0x3e, 0x7, 0xc7,
    0xc0, 0xf8, 0xf0, 0x1e, 0x1e, 0x1, 0xc1, 0xc0,
    0x30, 0x30, 0x6, 0xe, 0x1, 0x81, 0x80, 0x30,
    0x20, 0x4, 0x4, 0x0, 0x0,

    /* U+00AC "¬" */
    0xff, 0xff, 0xc0, 0x0, 0x10, 0x0, 0x4, 0x0,
    0x1, 0x0, 0x0, 0x40, 0x0, 0x10, 0x0, 0x4,
    0x0, 0x1,

    /* U+00AE "®" */
    0x1, 0xf8, 0x0, 0x60, 0x60, 0x1c, 0x3, 0x83,
    0x0, 0xc, 0x37, 0xfc, 0xc6, 0x39, 0xe6, 0x63,
    0x8e, 0x6c, 0x38, 0xe3, 0xc3, 0x9c, 0x3c, 0x3f,
    0x83, 0xc3, 0x9c, 0x3c, 0x39, 0xc3, 0xc3, 0x9e,
    0x36, 0x38, 0xe6, 0x63, 0x8e, 0x63, 0x7c, 0x6c,
    0x30, 0x0, 0xc1, 0xc0, 0x38, 0x6, 0x6, 0x0,
    0x1f, 0x80,

    /* U+00AF "¯" */
    0xff, 0xf0,

    /* U+00B0 "°" */
    0x3e, 0x31, 0xb0, 0x70, 0x18, 0xc, 0x7, 0x6,
    0xc6, 0x3e, 0x0,

    /* U+00B1 "±" */
    0x0, 0x80, 0x0, 0x20, 0x0, 0x8, 0x0, 0x2,
    0x0, 0x0, 0x80, 0x0, 0x20, 0x0, 0x8, 0x0,
    0x2, 0x0, 0x0, 0x80, 0x3f, 0xff, 0xf0, 0x8,
    0x0, 0x2, 0x0, 0x0, 0x80, 0x0, 0x20, 0x0,
    0x8, 0x0, 0x2, 0x0, 0x0, 0x80, 0x0, 0x20,
    0x0, 0x0, 0x0, 0x0, 0x0, 0x0, 0x0, 0x3f,
    0xff, 0xf0,

    /* U+00B2 "²" */
    0x1f, 0xc, 0xf2, 0xe, 0x1, 0xc0, 0x30, 0xc,
    0x3, 0x0, 0x82, 0x3f, 0xcf, 0xfb, 0xff, 0x0,

    /* U+00B3 "³" */
    0x3f, 0x11, 0xe8, 0x38, 0xc, 0x6, 0x7, 0xc0,
    0x38, 0x7, 0x1, 0xc0, 0x70, 0x1c, 0xe, 0x7,
    0xf, 0xc, 0x0,

    /* U+00B4 "´" */
    0xc, 0x3c, 0x79, 0xe3, 0x8e, 0x18, 0x60, 0x0,

    /* U+00B6 "¶" */
    0x0, 0x7f, 0xff, 0x1, 0xff, 0xfc, 0x7, 0xff,
    0xf8, 0xf, 0xfe, 0xf8, 0x1f, 0xfe, 0xf8, 0x3f,
    0xfe, 0xf8, 0x7f, 0xfe, 0xf8, 0x7f, 0xfc, 0xf8,
    0xff, 0xfc, 0xf8, 0xff, 0xfc, 0xf8, 0xff, 0xfc,
    0xf8, 0xff, 0xfc, 0xf8, 0xf0, 0x0, 0xf8, 0xff,
    0xfc, 0xf8, 0xff, 0xfc, 0xf8, 0xff, 0xfc, 0xf8,
    0x7f, 0xfc, 0xf8, 0x7f, 0xfc, 0xf8, 0x7f, 0xfc,
    0xf8, 0x3f, 0xfe, 0xf8, 0x3f, 0xfe, 0xf8, 0x1f,
    0xfe, 0xf8, 0xf, 0xfe, 0xf8, 0x3, 0xff, 0xf8,
    0x0, 0xff, 0xf8, 0x0, 0x3, 0xf8, 0x0, 0x0,
    0xf8, 0x0, 0x0, 0xf8, 0x0, 0x0, 0xf8, 0x0,
    0x1, 0xfc, 0x0, 0xf, 0xff,

    /* U+00B7 "·" */
    0x7b, 0xff, 0xff, 0x78,

    /* U+00B8 "¸" */
    0x20, 0x20, 0x3f, 0xf, 0xf, 0x1e, 0xfc,

    /* U+00B9 "¹" */
    0xc, 0xfc, 0x3c, 0x1c, 0x1c, 0x1c, 0x1c, 0x1c,
    0x1c, 0x3c, 0xff,

    /* U+00BA "º" */
    0xf, 0xc0, 0xf3, 0xc7, 0x8f, 0x9e, 0x1e, 0xf8,
    0x7f, 0xe1, 0xff, 0x87, 0xfe, 0x1f, 0xf8, 0x7d,
    0xe1, 0xe7, 0x8f, 0x8f, 0x3c, 0xf, 0xc0,

    /* U+00BB "»" */
    0x0, 0x80, 0x20, 0x20, 0x4, 0xc, 0x1, 0x81,
    0x80, 0x30, 0x70, 0xe, 0xe, 0x1, 0xc3, 0xc0,
    0x78, 0x78, 0xf, 0xf, 0x1, 0xf3, 0xf0, 0xf8,
    0xf8, 0x3c, 0x7c, 0x1c, 0x1e, 0xe, 0xe, 0x3,
    0x3, 0x1, 0x81, 0x80, 0x60, 0x60, 0x10, 0x30,
    0x8, 0x8, 0x0, 0x0, 0x0,

    /* U+00BC "¼" */
    0x0, 0x0, 0x2, 0x0, 0x0, 0x8, 0x0, 0x0,
    0x10, 0x60, 0x0, 0x4f, 0xc0, 0x1, 0x7, 0x80,
    0x2, 0x7, 0x0, 0x8, 0xe, 0x0, 0x20, 0x1c,
    0x0, 0x40, 0x38, 0x1, 0x0, 0x70, 0x4, 0x0,
    0xe0, 0x8, 0x3, 0xc0, 0x20, 0x1f, 0xe0, 0x80,
    0x0, 0x1, 0x0, 0x0, 0x4, 0x0, 0x0, 0x10,
    0x0, 0x0, 0x60, 0x0, 0x0, 0x80, 0x0, 0x2,
    0x3, 0x0, 0x8, 0xe, 0x0, 0x10, 0x3c, 0x0,
    0x40, 0xb8, 0x1, 0x2, 0x70, 0x2, 0x8, 0xe0,
    0x8, 0x21, 0xc0, 0x20, 0x83, 0x90, 0x43, 0xff,
    0xc1, 0x7, 0xff, 0x84, 0x0, 0x1c, 0x8, 0x0,
    0x38, 0x0, 0x0, 0x70, 0x0, 0x0, 0xe0,

    /* U+00BD "½" */
    0x0, 0x0, 0x0, 0x0, 0x0, 0x4, 0x0, 0x0,
    0x8, 0xc, 0x0, 0x8, 0xfc, 0x0, 0x10, 0x1c,
    0x0, 0x20, 0x1c, 0x0, 0x20, 0x1c, 0x0, 0x40,
    0x1c, 0x0, 0x80, 0x1c, 0x0, 0x80, 0x1c, 0x1,
    0x0, 0x1c, 0x2, 0x0, 0x3e, 0x2, 0x0, 0xff,
    0x84, 0x0, 0x0, 0x8, 0x0, 0x0, 0x8, 0x0,
    0x0, 0x10, 0x0, 0x0, 0x20, 0x0, 0x0, 0x60,
    0x0, 0x0, 0x40, 0xfc, 0x0, 0x83, 0x1e, 0x1,
    0x4, 0xe, 0x1, 0x0, 0xe, 0x2, 0x0, 0xc,
    0x4, 0x0, 0x18, 0x4, 0x0, 0x20, 0x8, 0x0,
    0x42, 0x10, 0x1, 0xfe, 0x10, 0x3, 0xfe, 0x20,
    0x7, 0xfe, 0x40, 0x0, 0x0, 0x40, 0x0, 0x0,

    /* U+00BE "¾" */
    0x0, 0x0, 0x1, 0x0, 0x0, 0x1, 0x0, 0x0,
    0x2, 0x3f, 0x0, 0x4, 0x47, 0x80, 0x4, 0x83,
    0x80, 0x8, 0x3, 0x0, 0x10, 0x6, 0x0, 0x10,
    0x1f, 0x0, 0x20, 0x3, 0x80, 0x40, 0x1, 0xc0,
    0x40, 0x1, 0xc0, 0x80, 0x1, 0xc1, 0x0, 0x3,
    0x81, 0x0, 0x3, 0x82, 0x0, 0xe, 0x4, 0x0,
    0x78, 0xc, 0x0, 0x80, 0x8, 0x0, 0x0, 0x10,
    0x0, 0x0, 0x20, 0x30, 0x0, 0x20, 0x70, 0x0,
    0x40, 0x70, 0x0, 0x80, 0xf0, 0x0, 0x81, 0x70,
    0x1, 0x2, 0x70, 0x2, 0x4, 0x70, 0x2, 0x8,
    0x72, 0x4, 0x1f, 0xfc, 0x8, 0x1f, 0xfc, 0x8,
    0x0, 0x70, 0x10, 0x0, 0x70, 0x0, 0x0, 0x70,
    0x0, 0x0, 0x70,

    /* U+00BF "¿" */
    0x0, 0xf0, 0x1, 0xf8, 0x1, 0xf8, 0x1, 0xf8,
    0x0, 0xf0, 0x0, 0x0, 0x0, 0x0, 0x0, 0x40,
    0x0, 0x40, 0x0, 0x40, 0x0, 0x40, 0x0, 0x40,
    0x7, 0x80, 0x1e, 0x0, 0x3c, 0x0, 0x78, 0x0,
    0xf8, 0x0, 0xf8, 0x0, 0xf8, 0xe, 0xf8, 0x1f,
    0xf8, 0x1f, 0x7c, 0x1f, 0x7c, 0xe, 0x1f, 0x4,
    0x7, 0xf8,

    /* U+00C0 "À" */
    0x1, 0xc0, 0x0, 0x1, 0xf0, 0x0, 0x0, 0x7c,
    0x0, 0x0, 0x1f, 0x0, 0x0, 0x1, 0xc0, 0x0,
    0x0, 0x10, 0x0, 0x0, 0x0, 0x0, 0x0, 0x0,
    0x0, 0x0, 0xc, 0x0, 0x0, 0xf, 0x0, 0x0,
    0x7, 0x80, 0x0, 0x7, 0xe0, 0x0, 0x3, 0xf0,
    0x0, 0x1, 0xf8, 0x0, 0x1, 0x7e, 0x0, 0x0,
    0xbf, 0x0, 0x0, 0x8f, 0xc0, 0x0, 0x47, 0xe0,
    0x0, 0x43, 0xf0, 0x0, 0x20, 0xfc, 0x0, 0x10,
    0x7e, 0x0, 0x10, 0x1f, 0x80, 0x8, 0xf, 0xc0,
    0x7, 0xff, 0xe0, 0x4, 0x1, 0xf8, 0x2, 0x0,
    0xfc, 0x2, 0x0, 0x7f, 0x1, 0x0, 0x1f, 0x81,
    0x80, 0xf, 0xc0, 0x80, 0x3, 0xf0, 0xe0, 0x1,
    0xf8, 0x70, 0x0, 0xfe, 0xff, 0x3, 0xff, 0x80,

    /* U+00C1 "Á" */
    0x0, 0x1, 0xe0, 0x0, 0x1, 0xf0, 0x0, 0x1,
    0xf8, 0x0, 0x1, 0xf8, 0x0, 0x1, 0xe0, 0x0,
    0x1, 0x0, 0x0, 0x0, 0x0, 0x0, 0x0, 0x0,
    0x0, 0x0, 0xc, 0x0, 0x0, 0xf, 0x0, 0x0,
    0x7, 0x80, 0x0, 0x7, 0xe0, 0x0, 0x3, 0xf0,
    0x0, 0x1, 0xf8, 0x0, 0x1, 0x7e, 0x0, 0x0,
    0xbf, 0x0, 0x0, 0x8f, 0xc0, 0x0, 0x47, 0xe0,
    0x0, 0x43, 0xf0, 0x0, 0x20, 0xfc, 0x0, 0x10,
    0x7e, 0x0, 0x10, 0x1f, 0x80, 0x8, 0xf, 0xc0,
    0x7, 0xff, 0xe0, 0x4, 0x1, 0xf8, 0x2, 0x0,
    0xfc, 0x2, 0x0, 0x7f, 0x1, 0x0, 0x1f, 0x81,
    0x80, 0xf, 0xc0, 0x80, 0x3, 0xf0, 0xe0, 0x1,
    0xf8, 0x70, 0x0, 0xfe, 0xff, 0x3, 0xff, 0x80,

    /* U+00C2 "Â" */
    0x0, 0x0, 0x0, 0x0, 0x6, 0x0, 0x0, 0x7,
    0x80, 0x0, 0x7, 0xe0, 0x0, 0xf, 0xfc, 0x0,
    0xe, 0xf, 0x0, 0x18, 0x0, 0x60, 0x0, 0x0,
    0x0, 0x0, 0x0, 0x0, 0x0, 0x6, 0x0, 0x0,
    0x7, 0x80, 0x0, 0x3, 0xc0, 0x0, 0x3, 0xf0,
    0x0, 0x1, 0xf8, 0x0, 0x0, 0xfc, 0x0, 0x0,
    0xbf, 0x0, 0x0, 0x5f, 0x80, 0x0, 0x47, 0xe0,
    0x0, 0x23, 0xf0, 0x0, 0x21, 0xf8, 0x0, 0x10,
    0x7e, 0x0, 0x8, 0x3f, 0x0, 0x8, 0xf, 0xc0,
    0x4, 0x7, 0xe0, 0x3, 0xff, 0xf0, 0x2, 0x0,
    0xfc, 0x1, 0x0, 0x7e, 0x1, 0x0, 0x3f, 0x80,
    0x80, 0xf, 0xc0, 0xc0, 0x7, 0xe0, 0x40, 0x1,
    0xf8, 0x70, 0x0, 0xfc, 0x38, 0x0, 0x7f, 0x7f,
    0x81, 0xff, 0xc0,

    /* U+00C3 "Ã" */
    0x0, 0xf0, 0x0, 0x0, 0xfe, 0x4, 0x0, 0xff,
    0x84, 0x0, 0xc7, 0xfe, 0x0, 0x40, 0xfe, 0x0,
    0x0, 0x1e, 0x0, 0x0, 0x0, 0x0, 0x0, 0x0,
    0x0, 0x0, 0xc, 0x0, 0x0, 0xf, 0x0, 0x0,
    0x7, 0x80, 0x0, 0x7, 0xe0, 0x0, 0x3, 0xf0,
    0x0, 0x1, 0xf8, 0x0, 0x1, 0x7e, 0x0, 0x0,
    0xbf, 0x0, 0x0, 0x8f, 0xc0, 0x0, 0x47, 0xe0,
    0x0, 0x43, 0xf0, 0x0, 0x20, 0xfc, 0x0, 0x10,
    0x7e, 0x0, 0x10, 0x1f, 0x80, 0x8, 0xf, 0xc0,
    0x7, 0xff, 0xe0, 0x4, 0x1, 0xf8, 0x2, 0x0,
    0xfc, 0x2, 0x0, 0x7f, 0x1, 0x0, 0x1f, 0x81,
    0x80, 0xf, 0xc0, 0x80, 0x3, 0xf0, 0xe0, 0x1,
    0xf8, 0x70, 0x0, 0xfe, 0xff, 0x3, 0xff, 0x80,

    /* U+00C4 "Ä" */
    0x1, 0xc0, 0xe0, 0x1, 0xf0, 0xf8, 0x0, 0xf8,
    0x7c, 0x0, 0x7c, 0x3e, 0x0, 0x1c, 0xe, 0x0,
    0x0, 0x0, 0x0, 0x0, 0x0, 0x0, 0x0, 0x0,
    0x0, 0x0, 0x1e, 0x0, 0x0, 0xf, 0x0, 0x0,
    0xf, 0xc0, 0x0, 0x7, 0xe0, 0x0, 0x3, 0xf0,
    0x0, 0x3, 0xfc, 0x0, 0x1, 0x7e, 0x0, 0x1,
    0x3f, 0x0, 0x0, 0x9f, 0xc0, 0x0, 0x47, 0xe0,
    0x0, 0x43, 0xf8, 0x0, 0x20, 0xfc, 0x0, 0x20,
    0x7e, 0x0, 0x10, 0x1f, 0x80, 0x8, 0xf, 0xc0,
    0xf, 0xff, 0xf0, 0x4, 0x1, 0xf8, 0x2, 0x0,
    0xfc, 0x2, 0x0, 0x3f, 0x1, 0x0, 0x1f, 0x81,
    0x0, 0x7, 0xe0, 0x80, 0x3, 0xf0, 0xc0, 0x1,
    0xf8, 0x70, 0x0, 0xfe, 0xff, 0x1, 0xff, 0x80,

    /* U+00C5 "Å" */
    0x0, 0x1e, 0x0, 0x0, 0x10, 0x80, 0x0, 0x10,
    0x20, 0x0, 0x8, 0x10, 0x0, 0x4, 0x8, 0x0,
    0x2, 0x4, 0x0, 0x0, 0x84, 0x0, 0x0, 0x3c,
    0x0, 0x0, 0x0, 0x0, 0x0, 0x6, 0x0, 0x0,
    0x7, 0x80, 0x0, 0x3, 0xc0, 0x0, 0x3, 0xf0,
    0x0, 0x1, 0xf8, 0x0, 0x1, 0xfe, 0x0, 0x0,
    0xbf, 0x0, 0x0, 0x5f, 0x80, 0x0, 0x47, 0xe0,
    0x0, 0x23, 0xf0, 0x0, 0x21, 0xfc, 0x0, 0x10,
    0x7e, 0x0, 0x8, 0x3f, 0x0, 0x8, 0x1f, 0xc0,
    0x4, 0x7, 0xe0, 0x7, 0xff, 0xf8, 0x2, 0x0,
    0xfc, 0x1, 0x0, 0x7e, 0x1, 0x0, 0x3f, 0x80,
    0x80, 0xf, 0xc0, 0x80, 0x7, 0xf0, 0x40, 0x1,
    0xf8, 0x60, 0x0, 0xfc, 0x78, 0x0, 0x7f, 0x7f,
    0x81, 0xff, 0xc0,

    /* U+00C6 "Æ" */
    0x0, 0x0, 0x80, 0x0, 0x0, 0x1, 0x0, 0x0,
    0x0, 0x4, 0x0, 0x0, 0x0, 0x7f, 0xff, 0xe0,
    0x0, 0x3f, 0x83, 0xc0, 0x0, 0xbe, 0x1, 0x80,
    0x1, 0x7c, 0x3, 0x0, 0x4, 0xf8, 0x2, 0x0,
    0x9, 0xf0, 0x4, 0x0, 0x23, 0xe0, 0x8, 0x0,
    0x47, 0xc0, 0x0, 0x1, 0xf, 0x81, 0x0, 0x4,
    0x1f, 0x6, 0x0, 0x8, 0x3e, 0xc, 0x0, 0x20,
    0x7c, 0x38, 0x0, 0x7f, 0xff, 0xf0, 0x1, 0x1,
    0xf0, 0xe0, 0x2, 0x3, 0xe0, 0xc0, 0x8, 0x7,
    0xc1, 0x80, 0x20, 0xf, 0x81, 0x0, 0x40, 0x1f,
    0x0, 0x21, 0x0, 0x3e, 0x0, 0x42, 0x0, 0x7c,
    0x0, 0x88, 0x0, 0xf8, 0x3, 0x10, 0x1, 0xf0,
    0x6, 0x40, 0x3, 0xe0, 0x1d, 0xc0, 0x7, 0xe0,
    0x7f, 0xe0, 0x3f, 0xff, 0xf0,

    /* U+00C7 "Ç" */
    0x0, 0x0, 0x0, 0x3, 0xfe, 0x10, 0x3c, 0x6,
    0x43, 0xe0, 0x7, 0x1f, 0x0, 0xc, 0xfc, 0x0,
    0x33, 0xe0, 0x0, 0xdf, 0x80, 0x1, 0x7e, 0x0,
    0x5, 0xf0, 0x0, 0x1f, 0xc0, 0x0, 0x3f, 0x0,
    0x0, 0xfc, 0x0, 0x3, 0xf0, 0x0, 0xf, 0xc0,
    0x0, 0x3f, 0x0, 0x0, 0xfc, 0x0, 0x3, 0xf0,
    0x0, 0x17, 0xe0, 0x0, 0x5f, 0x80, 0x1, 0x3e,
    0x0, 0xc, 0xfc, 0x0, 0x31, 0xf0, 0x0, 0xc3,
    0xe0, 0x7, 0x7, 0xc0, 0x64, 0x7, 0xfe, 0x10,
    0x0, 0x80, 0x0, 0x4, 0x0, 0x0, 0x1f, 0xc0,
    0x0, 0xf, 0x0, 0x0, 0x7c, 0x0, 0x1f, 0xc0,

    /* U+00C8 "È" */
    0x0, 0x0, 0x0, 0xf0, 0x0, 0xf, 0x80, 0x0,
    0xfc, 0x0, 0x7, 0xe0, 0x0, 0x7, 0x0, 0x0,
    0x0, 0x0, 0x0, 0x0, 0x0, 0x0, 0xf, 0xff,
    0xff, 0x3f, 0x1, 0xf1, 0xf0, 0x7, 0x1f, 0x0,
    0x71, 0xf0, 0x3, 0x1f, 0x0, 0x31, 0xf0, 0x3,
    0x1f, 0x2, 0x11, 0xf0, 0x20, 0x1f, 0x6, 0x1,
    0xf0, 0x60, 0x1f, 0x1e, 0x1, 0xff, 0xe0, 0x1f,
    0xe, 0x1, 0xf0, 0x60, 0x1f, 0x2, 0x1, 0xf0,
    0x20, 0x1f, 0x2, 0x11, 0xf0, 0x1, 0x1f, 0x0,
    0x11, 0xf0, 0x3, 0x1f, 0x0, 0x31, 0xf0, 0x7,
    0x3f, 0x1, 0xff, 0xff, 0xff,

    /* U+00C9 "É" */
    0x0, 0x0, 0x0, 0x0, 0xf0, 0x0, 0x1f, 0x0,
    0x3, 0xf0, 0x0, 0x7c, 0x0, 0xe, 0x0, 0x1,
    0x0, 0x0, 0x0, 0x0, 0x0, 0x0, 0xf, 0xff,
    0xff, 0x3f, 0x1, 0xf1, 0xf0, 0x7, 0x1f, 0x0,
    0x71, 0xf0, 0x3, 0x1f, 0x0, 0x31, 0xf0, 0x3,
    0x1f, 0x2, 0x11, 0xf0, 0x20, 0x1f, 0x6, 0x1,
    0xf0, 0x60, 0x1f, 0x1e, 0x1, 0xff, 0xe0, 0x1f,
    0xe, 0x1, 0xf0, 0x60, 0x1f, 0x2, 0x1, 0xf0,
    0x20, 0x1f, 0x2, 0x11, 0xf0, 0x1, 0x1f, 0x0,
    0x11, 0xf0, 0x3, 0x1f, 0x0, 0x31, 0xf0, 0x7,
    0x3f, 0x1, 0xff, 0xff, 0xff,

    /* U+00CA "Ê" */
    0x0, 0x40, 0x0, 0x6, 0x0, 0x0, 0xf0, 0x0,
    0x1f, 0x80, 0x3, 0xfe, 0x0, 0xe0, 0xf8, 0x10,
    0x0, 0x40, 0x0, 0x0, 0x0, 0x0, 0xf, 0xff,
    0xff, 0x3f, 0x1, 0xf1, 0xf0, 0x7, 0x1f, 0x0,
    0x71, 0xf0, 0x3, 0x1f, 0x0, 0x31, 0xf0, 0x3,
    0x1f, 0x2, 0x11, 0xf0, 0x20, 0x1f, 0x6, 0x1,
    0xf0, 0x60, 0x1f, 0x1e, 0x1, 0xff, 0xe0, 0x1f,
    0xe, 0x1, 0xf0, 0x60, 0x1f, 0x2, 0x1, 0xf0,
    0x20, 0x1f, 0x2, 0x11, 0xf0, 0x1, 0x1f, 0x0,
    0x11, 0xf0, 0x3, 0x1f, 0x0, 0x31, 0xf0, 0x7,
    0x3f, 0x1, 0xff, 0xff, 0xff,

    /* U+00CB "Ë" */
    0x7, 0x7, 0x0, 0xf8, 0xf8, 0xf, 0x8f, 0x80,
    0xf8, 0xf8, 0x7, 0x7, 0x0, 0x0, 0x0, 0x0,
    0x0, 0x0, 0x0, 0x0, 0xff, 0xff, 0xf3, 0xf8,
    0x1f, 0x1f, 0x80, 0x71, 0xf8, 0x7, 0x1f, 0x80,
    0x31, 0xf8, 0x3, 0x1f, 0x80, 0x31, 0xf8, 0x23,
    0x1f, 0x82, 0x1, 0xf8, 0x60, 0x1f, 0x86, 0x1,
    0xf8, 0xe0, 0x1f, 0xfe, 0x1, 0xf8, 0xe0, 0x1f,
    0x86, 0x1, 0xf8, 0x20, 0x1f, 0x82, 0x1, 0xf8,
    0x21, 0x1f, 0x80, 0x11, 0xf8, 0x1, 0x1f, 0x80,
    0x31, 0xf8, 0x3, 0x1f, 0x80, 0x73, 0xf8, 0xf,
    0xff, 0xff, 0xf0,

    /* U+00CC "Ì" */
    0x0, 0xf, 0x0, 0xf8, 0xf, 0xc0, 0x7e, 0x0,
    0x70, 0x0, 0x80, 0x0, 0x0, 0x7, 0xff, 0x1f,
    0xc0, 0xf8, 0xf, 0x80, 0xf8, 0xf, 0x80, 0xf8,
    0xf, 0x80, 0xf8, 0xf, 0x80, 0xf8, 0xf, 0x80,
    0xf8, 0xf, 0x80, 0xf8, 0xf, 0x80, 0xf8, 0xf,
    0x80, 0xf8, 0xf, 0x80, 0xf8, 0xf, 0x80, 0xf8,
    0x1f, 0xc7, 0xff,

    /* U+00CD "Í" */
    0x0, 0x0, 0xf, 0x1, 0xf0, 0x3f, 0x7, 0xe0,
    0xe0, 0x10, 0x0, 0x0, 0x0, 0xf, 0xfe, 0x3f,
    0x81, 0xf0, 0x1f, 0x1, 0xf0, 0x1f, 0x1, 0xf0,
    0x1f, 0x1, 0xf0, 0x1f, 0x1, 0xf0, 0x1f, 0x1,
    0xf0, 0x1f, 0x1, 0xf0, 0x1f, 0x1, 0xf0, 0x1f,
    0x1, 0xf0, 0x1f, 0x1, 0xf0, 0x1f, 0x1, 0xf0,
    0x3f, 0x8f, 0xfe,

    /* U+00CE "Î" */
    0x1, 0x0, 0x3, 0x0, 0xf, 0x0, 0x3f, 0x1,
    0xff, 0x6, 0x7, 0xb0, 0x0, 0x80, 0x0, 0x0,
    0x0, 0x7f, 0xf0, 0x3f, 0x80, 0x3e, 0x0, 0x7c,
    0x0, 0xf8, 0x1, 0xf0, 0x3, 0xe0, 0x7, 0xc0,
    0xf, 0x80, 0x1f, 0x0, 0x3e, 0x0, 0x7c, 0x0,
    0xf8, 0x1, 0xf0, 0x3, 0xe0, 0x7, 0xc0, 0xf,
    0x80, 0x1f, 0x0, 0x3e, 0x0, 0x7c, 0x0, 0xf8,
    0x1, 0xf0, 0x3, 0xe0, 0xf, 0xe0, 0x7f, 0xf0,

    /* U+00CF "Ï" */
    0x70, 0x3b, 0xe1, 0xff, 0x87, 0xfe, 0x1f, 0x70,
    0x38, 0x0, 0x0, 0x0, 0x0, 0x0, 0x7f, 0xf0,
    0x7f, 0x0, 0xf8, 0x3, 0xe0, 0xf, 0x80, 0x3e,
    0x0, 0xf8, 0x3, 0xe0, 0xf, 0x80, 0x3e, 0x0,
    0xf8, 0x3, 0xe0, 0xf, 0x80, 0x3e, 0x0, 0xf8,
    0x3, 0xe0, 0xf, 0x80, 0x3e, 0x0, 0xf8, 0x3,
    0xe0, 0xf, 0x80, 0x3e, 0x0, 0xf8, 0x7, 0xf0,
    0x7f, 0xf0,

    /* U+00D0 "Ð" */
    0x7f, 0xff, 0x80, 0x7, 0xf0, 0x7c, 0x0, 0xf8,
    0x7, 0xc0, 0x3e, 0x0, 0xf8, 0xf, 0x80, 0x3f,
    0x3, 0xe0, 0x7, 0xc0, 0xf8, 0x1, 0xf8, 0x3e,
    0x0, 0x3e, 0xf, 0x80, 0xf, 0xc3, 0xe0, 0x3,
    0xf0, 0xf8, 0x0, 0xfc, 0x3e, 0x0, 0x3f, 0xff,
    0xfc, 0xf, 0xc3, 0xe0, 0x3, 0xf0, 0xf8, 0x0,
    0xfc, 0x3e, 0x0, 0x3f, 0xf, 0x80, 0xf, 0x83,
    0xe0, 0x7, 0xe0, 0xf8, 0x1, 0xf8, 0x3e, 0x0,
    0x7c, 0xf, 0x80, 0x3e, 0x3, 0xe0, 0xf, 0x0,
    0xf8, 0x7, 0x80, 0x7f, 0x7, 0x80, 0x7f, 0xff,
    0x0, 0x0,

    /* U+00D1 "Ñ" */
    0x1, 0xf0, 0x0, 0x3, 0xfc, 0x10, 0x7, 0xff,
    0xf0, 0x4, 0x3f, 0xe0, 0x0, 0x7, 0x80, 0x0,
    0x0, 0x0, 0x0, 0x0, 0x0, 0x0, 0x0, 0x0,
    0xfe, 0x0, 0x7f, 0x3f, 0x0, 0x1c, 0x1f, 0x80,
    0x8, 0x1f, 0x80, 0x8, 0x1f, 0xc0, 0x8, 0x1f,
    0xe0, 0x8, 0x17, 0xf0, 0x8, 0x17, 0xf8, 0x8,
    0x13, 0xf8, 0x8, 0x11, 0xfc, 0x8, 0x10, 0xfe,
    0x8, 0x10, 0xff, 0x8, 0x10, 0x7f, 0x88, 0x10,
    0x3f, 0x88, 0x10, 0x1f, 0xc8, 0x10, 0xf, 0xe8,
    0x10, 0xf, 0xf8, 0x10, 0x7, 0xf8, 0x10, 0x3,
    0xf8, 0x10, 0x1, 0xf8, 0x10, 0x0, 0xf8, 0x10,
    0x0, 0xf8, 0x10, 0x0, 0x78, 0x38, 0x0, 0x38,
    0xfe, 0x0, 0x18,

    /* U+00D2 "Ò" */
    0x0, 0x0, 0x0, 0x1, 0xe0, 0x0, 0x0, 0xf8,
    0x0, 0x0, 0x7e, 0x0, 0x0, 0x1f, 0x80, 0x0,
    0x0, 0xe0, 0x0, 0x0, 0x8, 0x0, 0x0, 0x0,
    0x0, 0x0, 0x0, 0x0, 0x0, 0xff, 0xe0, 0x1,
    0xf0, 0x7c, 0x1, 0xf0, 0x1f, 0x1, 0xf0, 0x7,
    0xc1, 0xf0, 0x3, 0xf0, 0xf8, 0x0, 0xf8, 0xfc,
    0x0, 0x7e, 0x7c, 0x0, 0x3f, 0x7e, 0x0, 0xf,
    0xff, 0x0, 0x7, 0xff, 0x80, 0x3, 0xff, 0xc0,
    0x1, 0xff, 0xe0, 0x0, 0xff, 0xf0, 0x0, 0x7f,
    0xf8, 0x0, 0x3f, 0xfc, 0x0, 0x1f, 0xfe, 0x0,
    0xf, 0x9f, 0x0, 0xf, 0xcf, 0xc0, 0x7, 0xe7,
    0xe0, 0x3, 0xe1, 0xf8, 0x1, 0xf0, 0x7c, 0x1,
    0xf0, 0x1f, 0x1, 0xf0, 0x7, 0xc1, 0xf0, 0x0,
    0xff, 0xe0, 0x0, 0x2, 0x0, 0x0,

    /* U+00D3 "Ó" */
    0x0, 0x0, 0x0, 0x0, 0x0, 0xf0, 0x0, 0x0,
    0xf8, 0x0, 0x0, 0xfc, 0x0, 0x0, 0xf8, 0x0,
    0x0, 0xe0, 0x0, 0x0, 0x80, 0x0, 0x0, 0x0,
    0x0, 0x0, 0x0, 0x0, 0x0, 0xff, 0xe0, 0x1,
    0xf0, 0x7c, 0x1, 0xf0, 0x1f, 0x1, 0xf0, 0x7,
    0xc1, 0xf0, 0x3, 0xf0, 0xf8, 0x0, 0xf8, 0xfc,
    0x0, 0x7e, 0x7c, 0x0, 0x3f, 0x7e, 0x0, 0xf,
    0xff, 0x0, 0x7, 0xff, 0x80, 0x3, 0xff, 0xc0,
    0x1, 0xff, 0xe0, 0x0, 0xff, 0xf0, 0x0, 0x7f,
    0xf8, 0x0, 0x3f, 0xfc, 0x0, 0x1f, 0xfe, 0x0,
    0xf, 0x9f, 0x0, 0xf, 0xcf, 0xc0, 0x7, 0xe7,
    0xe0, 0x3, 0xe1, 0xf8, 0x1, 0xf0, 0x7c, 0x1,
    0xf0, 0x1f, 0x1, 0xf0, 0x7, 0xc1, 0xf0, 0x0,
    0xff, 0xe0, 0x0, 0x2, 0x0, 0x0,

    /* U+00D4 "Ô" */
    0x0, 0x8, 0x0, 0x0, 0xe, 0x0, 0x0, 0xf,
    0x0, 0x0, 0xf, 0xe0, 0x0, 0xf, 0xf8, 0x0,
    0x1c, 0xe, 0x0, 0x10, 0x0, 0xc0, 0x0, 0x0,
    0x0, 0x0, 0x0, 0x0, 0x0, 0xff, 0xe0, 0x1,
    0xf0, 0x7c, 0x1, 0xf0, 0x1f, 0x1, 0xf0, 0x7,
    0xc1, 0xf0, 0x3, 0xf0, 0xf8, 0x0, 0xf8, 0xfc,
    0x0, 0x7e, 0x7c, 0x0, 0x3f, 0x7e, 0x0, 0xf,
    0xff, 0x0, 0x7, 0xff, 0x80, 0x3, 0xff, 0xc0,
    0x1, 0xff, 0xe0, 0x0, 0xff, 0xf0, 0x0, 0x7f,
    0xf8, 0x0, 0x3f, 0xfc, 0x0, 0x1f, 0xfe, 0x0,
    0xf, 0x9f, 0x0, 0xf, 0xcf, 0xc0, 0x7, 0xe7,
    0xe0, 0x3, 0xe1, 0xf8, 0x1, 0xf0, 0x7c, 0x1,
    0xf0, 0x1f, 0x1, 0xf0, 0x7, 0xc1, 0xf0, 0x0,
    0xff, 0xe0, 0x0, 0x2, 0x0, 0x0,

    /* U+00D5 "Õ" */
    0x1, 0xf0, 0x0, 0x1, 0xfe, 0x18, 0x1, 0xff,
    0xf8, 0x0, 0x87, 0xfc, 0x0, 0x0, 0x78, 0x0,
    0x0, 0x0, 0x0, 0x0, 0x0, 0x0, 0x0, 0x0,
    0x0, 0x1, 0xff, 0xc0, 0x3, 0xe0, 0xf8, 0x3,
    0xe0, 0x3e, 0x3, 0xe0, 0xf, 0x83, 0xe0, 0x7,
    0xe1, 0xf0, 0x1, 0xf1, 0xf8, 0x0, 0xfc, 0xf8,
    0x0, 0x7e, 0xfc, 0x0, 0x1f, 0xfe, 0x0, 0xf,
    0xff, 0x0, 0x7, 0xff, 0x80, 0x3, 0xff, 0xc0,
    0x1, 0xff, 0xe0, 0x0, 0xff, 0xf0, 0x0, 0x7f,
    0xf8, 0x0, 0x3f, 0xfc, 0x0, 0x1f, 0x3e, 0x0,
    0x1f, 0x9f, 0x80, 0xf, 0xcf, 0xc0, 0x7, 0xc3,
    0xf0, 0x3, 0xe0, 0xf8, 0x3, 0xe0, 0x3e, 0x3,
    0xe0, 0xf, 0x83, 0xe0, 0x1, 0xff, 0xc0, 0x0,
    0x4, 0x0, 0x0,

    /* U+00D6 "Ö" */
    0x1, 0xc1, 0xc0, 0x1, 0xf1, 0xf0, 0x0, 0xf8,
    0xf8, 0x0, 0x7c, 0x7c, 0x0, 0x1c, 0x1c, 0x0,
    0x0, 0x0, 0x0, 0x0, 0x0, 0x0, 0x0, 0x0,
    0x0, 0x1, 0xff, 0xc0, 0x3, 0xe0, 0xf8, 0x3,
    0xe0, 0x3e, 0x3, 0xe0, 0xf, 0x83, 0xe0, 0x7,
    0xe1, 0xf0, 0x1, 0xf1, 0xf8, 0x0, 0xfc, 0xf8,
    0x0, 0x7e, 0xfc, 0x0, 0x1f, 0xfe, 0x0, 0xf,
    0xff, 0x0, 0x7, 0xff, 0x80, 0x3, 0xff, 0xc0,
    0x1, 0xff, 0xe0, 0x0, 0xff, 0xf0, 0x0, 0x7f,
    0xf8, 0x0, 0x3f, 0xfc, 0x0, 0x1f, 0x3e, 0x0,
    0x1f, 0x9f, 0x80, 0xf, 0xcf, 0xc0, 0x7, 0xc3,
    0xf0, 0x3, 0xe0, 0xf8, 0x3, 0xe0, 0x3e, 0x3,
    0xe0, 0xf, 0x83, 0xe0, 0x1, 0xff, 0xc0, 0x0,
    0x4, 0x0, 0x0,

    /* U+00D7 "×" */
    0x80, 0x3, 0x0, 0x36, 0x1, 0x8c, 0xc, 0x18,
    0x60, 0x33, 0x0, 0x70, 0x0, 0xc0, 0x5, 0x80,
    0x23, 0x1, 0x6, 0x8, 0xc, 0x40, 0x1a, 0x0,
    0x30,

    /* U+00D8 "Ø" */
    0x0, 0x0, 0x0, 0x0, 0x0, 0x2, 0x0, 0x0,
    0x3, 0x0, 0x3f, 0xf9, 0x0, 0x7c, 0x1f, 0x0,
    0x7c, 0x7, 0xc0, 0x7c, 0x1, 0xf0, 0x7c, 0x0,
    0xfc, 0x3e, 0x0, 0xbe, 0x3f, 0x0, 0x5f, 0x9f,
    0x0, 0x4f, 0xdf, 0x80, 0x43, 0xff, 0xc0, 0x21,
    0xff, 0xe0, 0x20, 0xff, 0xf0, 0x30, 0x7f, 0xf8,
    0x10, 0x3f, 0xfc, 0x10, 0x1f, 0xfe, 0x8, 0xf,
    0xff, 0x8, 0x7, 0xff, 0x88, 0x3, 0xe7, 0xc4,
    0x3, 0xf3, 0xf4, 0x1, 0xf9, 0xfc, 0x0, 0xf8,
    0x7e, 0x0, 0x7c, 0x1f, 0x0, 0x7c, 0x7, 0xc0,
    0x7c, 0x3, 0xf0, 0x7c, 0x1, 0x3f, 0xf8, 0x1,
    0x0, 0x80, 0x1, 0x0, 0x0, 0x0, 0x80, 0x0,
    0x0,

    /* U+00D9 "Ù" */
    0x0, 0x0, 0x0, 0x3, 0xc0, 0x0, 0x7, 0xe0,
    0x0, 0x3, 0xe0, 0x0, 0x1, 0xf0, 0x0, 0x0,
    0x1c, 0x0, 0x0, 0x0, 0x0, 0x0, 0x0, 0x0,
    0x0, 0x0, 0x0, 0xff, 0xe0, 0xff, 0x3f, 0x80,
    0x1c, 0x1f, 0x0, 0x8, 0x1f, 0x0, 0x8, 0x1f,
    0x0, 0x8, 0x1f, 0x0, 0x8, 0x1f, 0x0, 0x8,
    0x1f, 0x0, 0x8, 0x1f, 0x0, 0x8, 0x1f, 0x0,
    0x8, 0x1f, 0x0, 0x8, 0x1f, 0x0, 0x8, 0x1f,
    0x0, 0x8, 0x1f, 0x0, 0x8, 0x1f, 0x0, 0x8,
    0x1f, 0x0, 0x8, 0x1f, 0x0, 0x8, 0x1f, 0x0,
    0x8, 0x1f, 0x0, 0x8, 0x1f, 0x0, 0x8, 0xf,
    0x0, 0x10, 0xf, 0x80, 0x10, 0x7, 0x80, 0x20,
    0x7, 0xc0, 0x60, 0x1, 0xff, 0x80, 0x0, 0x18,
    0x0,

    /* U+00DA "Ú" */
    0x0, 0x0, 0x0, 0x0, 0x3, 0xc0, 0x0, 0x7,
    0xc0, 0x0, 0xf, 0xc0, 0x0, 0x1f, 0x0, 0x0,
    0x38, 0x0, 0x0, 0x40, 0x0, 0x0, 0x0, 0x0,
    0x0, 0x0, 0x0, 0xff, 0xe0, 0xff, 0x3f, 0x80,
    0x1c, 0x1f, 0x0, 0x8, 0x1f, 0x0, 0x8, 0x1f,
    0x0, 0x8, 0x1f, 0x0, 0x8, 0x1f, 0x0, 0x8,
    0x1f, 0x0, 0x8, 0x1f, 0x0, 0x8, 0x1f, 0x0,
    0x8, 0x1f, 0x0, 0x8, 0x1f, 0x0, 0x8, 0x1f,
    0x0, 0x8, 0x1f, 0x0, 0x8, 0x1f, 0x0, 0x8,
    0x1f, 0x0, 0x8, 0x1f, 0x0, 0x8, 0x1f, 0x0,
    0x8, 0x1f, 0x0, 0x8, 0x1f, 0x0, 0x8, 0xf,
    0x0, 0x10, 0xf, 0x80, 0x10, 0x7, 0x80, 0x20,
    0x7, 0xc0, 0x60, 0x1, 0xff, 0x80, 0x0, 0x18,
    0x0,

    /* U+00DB "Û" */
    0x0, 0x0, 0x0, 0x0, 0x18, 0x0, 0x0, 0x3c,
    0x0, 0x0, 0x7e, 0x0, 0x1, 0xef, 0x80, 0x3,
    0x83, 0xc0, 0x4, 0x0, 0x30, 0x0, 0x0, 0x0,
    0x0, 0x0, 0x0, 0xff, 0xe0, 0xff, 0x3f, 0x80,
    0x1c, 0x1f, 0x0, 0x8, 0x1f, 0x0, 0x8, 0x1f,
    0x0, 0x8, 0x1f, 0x0, 0x8, 0x1f, 0x0, 0x8,
    0x1f, 0x0, 0x8, 0x1f, 0x0, 0x8, 0x1f, 0x0,
    0x8, 0x1f, 0x0, 0x8, 0x1f, 0x0, 0x8, 0x1f,
    0x0, 0x8, 0x1f, 0x0, 0x8, 0x1f, 0x0, 0x8,
    0x1f, 0x0, 0x8, 0x1f, 0x0, 0x8, 0x1f, 0x0,
    0x8, 0x1f, 0x0, 0x8, 0x1f, 0x0, 0x8, 0xf,
    0x0, 0x10, 0xf, 0x80, 0x10, 0x7, 0x80, 0x20,
    0x7, 0xc0, 0x60, 0x1, 0xff, 0x80, 0x0, 0x18,
    0x0,

    /* U+00DC "Ü" */
    0x1, 0xc1, 0xc0, 0x3, 0xe3, 0xe0, 0x3, 0xe3,
    0xe0, 0x3, 0xe3, 0xe0, 0x1, 0xc1, 0xc0, 0x0,
    0x0, 0x0, 0x0, 0x0, 0x0, 0x0, 0x0, 0x0,
    0xff, 0xf0, 0xff, 0x3f, 0x80, 0x1c, 0x1f, 0x0,
    0x8, 0x1f, 0x0, 0x8, 0x1f, 0x0, 0x8, 0x1f,
    0x0, 0x8, 0x1f, 0x0, 0x8, 0x1f, 0x0, 0x8,
    0x1f, 0x0, 0x8, 0x1f, 0x0, 0x8, 0x1f, 0x0,
    0x8, 0x1f, 0x0, 0x8, 0x1f, 0x0, 0x8, 0x1f,
    0x0, 0x8, 0x1f, 0x0, 0x8, 0x1f, 0x0, 0x8,
    0x1f, 0x0, 0x8, 0x1f, 0x0, 0x8, 0x1f, 0x0,
    0x8, 0x1f, 0x0, 0x8, 0xf, 0x0, 0x10, 0xf,
    0x80, 0x10, 0x7, 0x80, 0x20, 0x7, 0xc0, 0x60,
    0x1, 0xff, 0x80, 0x0, 0x18, 0x0,

    /* U+00DD "Ý" */
    0x0, 0x0, 0x0, 0x0, 0xf, 0x0, 0x0, 0x7c,
    0x0, 0x3, 0xf0, 0x0, 0x1f, 0x80, 0x0, 0xe0,
    0x0, 0x0, 0x0, 0x0, 0x0, 0x0, 0x0, 0x0,
    0x3, 0xff, 0x87, 0xf7, 0xf0, 0x7, 0x8f, 0xc0,
    0xc, 0x3f, 0x80, 0x30, 0x7e, 0x0, 0x81, 0xfc,
    0x4, 0x3, 0xf0, 0x10, 0x7, 0xe0, 0x80, 0x1f,
    0x82, 0x0, 0x3f, 0x10, 0x0, 0xfc, 0x40, 0x1,
    0xfa, 0x0, 0x7, 0xe8, 0x0, 0xf, 0xc0, 0x0,
    0x3f, 0x0, 0x0, 0x7c, 0x0, 0x1, 0xf0, 0x0,
    0x7, 0xc0, 0x0, 0x1f, 0x0, 0x0, 0x7c, 0x0,
    0x1, 0xf0, 0x0, 0x7, 0xc0, 0x0, 0x1f, 0x0,
    0x0, 0xfe, 0x0, 0xf, 0xfe, 0x0,

    /* U+00DE "Þ" */
    0xff, 0xe0, 0x1, 0xfc, 0x0, 0x7, 0xc0, 0x0,
    0x3e, 0x0, 0x1, 0xf0, 0x0, 0xf, 0xff, 0x0,
    0x7c, 0x3f, 0x3, 0xe0, 0x7c, 0x1f, 0x3, 0xf0,
    0xf8, 0xf, 0xc7, 0xc0, 0x7e, 0x3e, 0x3, 0xf1,
    0xf0, 0x1f, 0x8f, 0x80, 0xfc, 0x7c, 0x7, 0xe3,
    0xe0, 0x3e, 0x1f, 0x3, 0xe0, 0xf8, 0x3f, 0x7,
    0xc3, 0xe0, 0x3f, 0xfc, 0x1, 0xf0, 0x0, 0xf,
    0x80, 0x0, 0x7c, 0x0, 0x7, 0xf0, 0x0, 0xff,
    0xe0, 0x0,

    /* U+00DF "ß" */
    0x1, 0xfc, 0x0, 0x1c, 0x3c, 0x0, 0xf0, 0xf8,
    0x7, 0x81, 0xf0, 0x1e, 0x7, 0xc0, 0xf8, 0x1f,
    0x3, 0xe0, 0x7c, 0xf, 0x81, 0xe0, 0x3e, 0x7,
    0x80, 0xf8, 0x3c, 0x3, 0xe0, 0xe0, 0xf, 0x86,
    0x0, 0x3e, 0x70, 0x0, 0xf8, 0x3c, 0x3, 0xe0,
    0x3c, 0xf, 0x80, 0x78, 0x3e, 0x0, 0xf0, 0xf8,
    0x3, 0xe3, 0xe0, 0x7, 0x8f, 0x80, 0x1f, 0x3e,
    0x0, 0x7c, 0xf8, 0x1, 0xf3, 0xe3, 0x87, 0xcf,
    0x9f, 0x1f, 0x3e, 0x7c, 0x78, 0xf9, 0xf3, 0xe7,
    0xe7, 0x9f, 0x3f, 0x8f, 0xf0, 0x0, 0x6, 0x0,

    /* U+00E0 "à" */
    0xc, 0x0, 0xf, 0x0, 0x7, 0xc0, 0x1, 0xe0,
    0x0, 0x78, 0x0, 0x1c, 0x0, 0x6, 0x0, 0x0,
    0x80, 0x0, 0x0, 0x0, 0x0, 0x0, 0x0, 0x0,
    0xfe, 0x1, 0x87, 0xc1, 0xc1, 0xe1, 0xf0, 0xf8,
    0xf8, 0x7c, 0x7c, 0x3e, 0x1c, 0x1f, 0x0, 0xf,
    0x80, 0xf, 0xc0, 0x3b, 0xe0, 0xf1, 0xf1, 0xf0,
    0xf9, 0xf0, 0x7c, 0xf8, 0x3e, 0x7c, 0x1f, 0x3e,
    0xf, 0x9f, 0x8f, 0xc7, 0xfb, 0xe1, 0xf0, 0xfc,

    /* U+00E1 "á" */
    0x0, 0x30, 0x0, 0x3c, 0x0, 0x3e, 0x0, 0x1e,
    0x0, 0x1e, 0x0, 0xe, 0x0, 0x6, 0x0, 0x4,
    0x0, 0x0, 0x0, 0x0, 0x0, 0x0, 0x0, 0x0,
    0xfe, 0x1, 0x87, 0xc1, 0xc1, 0xe1, 0xf0, 0xf8,
    0xf8, 0x7c, 0x7c, 0x3e, 0x1c, 0x1f, 0x0, 0xf,
    0x80, 0xf, 0xc0, 0x3b, 0xe0, 0xf1, 0xf1, 0xf0,
    0xf9, 0xf0, 0x7c, 0xf8, 0x3e, 0x7c, 0x1f, 0x3e,
    0xf, 0x9f, 0x8f, 0xc7, 0xfb, 0xe1, 0xf0, 0xfc,

    /* U+00E2 "â" */
    0x0, 0x80, 0x0, 0xc0, 0x0, 0x70, 0x0, 0x7c,
    0x0, 0x7e, 0x0, 0x77, 0x80, 0x70, 0xe0, 0x60,
    0x1c, 0x0, 0x0, 0x0, 0x0, 0x0, 0x0, 0x0,
    0xfe, 0x1, 0x87, 0xc1, 0xc1, 0xe1, 0xf0, 0xf8,
    0xf8, 0x7c, 0x7c, 0x3e, 0x1c, 0x1f, 0x0, 0xf,
    0x80, 0xf, 0xc0, 0x3b, 0xe0, 0xf1, 0xf1, 0xf0,
    0xf9, 0xf0, 0x7c, 0xf8, 0x3e, 0x7c, 0x1f, 0x3e,
    0xf, 0x9f, 0x8f, 0xc7, 0xfb, 0xe1, 0xf0, 0xfc,

    /* U+00E3 "ã" */
    0xf, 0x2, 0xf, 0xc1, 0xf, 0xff, 0x4, 0x7f,
    0x84, 0xf, 0x80, 0x1, 0x0, 0x0, 0x0, 0x0,
    0x0, 0x0, 0x0, 0x3, 0xf8, 0x6, 0x1f, 0x7,
    0x7, 0x87, 0xc3, 0xe3, 0xe1, 0xf1, 0xf0, 0xf8,
    0x70, 0x7c, 0x0, 0x3e, 0x0, 0x3f, 0x0, 0xef,
    0x83, 0xc7, 0xc7, 0xc3, 0xe7, 0xc1, 0xf3, 0xe0,
    0xf9, 0xf0, 0x7c, 0xf8, 0x3e, 0x7e, 0x3f, 0x1f,
    0xef, 0x87, 0xc3, 0xf0,

    /* U+00E4 "ä" */
    0x1c, 0x1c, 0x1f, 0x1f, 0xf, 0x8f, 0x87, 0xc7,
    0xc1, 0xc1, 0xc0, 0x0, 0x0, 0x0, 0x0, 0x0,
    0x0, 0x7, 0xf0, 0xc, 0x3e, 0xe, 0xf, 0xf,
    0x87, 0xc7, 0xc3, 0xe3, 0xe1, 0xf0, 0xe0, 0xf8,
    0x0, 0x7c, 0x0, 0x7e, 0x1, 0xdf, 0x7, 0x8f,
    0x8f, 0x87, 0xcf, 0x83, 0xe7, 0xc1, 0xf3, 0xe0,
    0xf9, 0xf0, 0x7c, 0xfc, 0x7e, 0x3f, 0xdf, 0xf,
    0x87, 0xe0,

    /* U+00E5 "å" */
    0x3, 0xc0, 0x2, 0x10, 0x2, 0x4, 0x1, 0x2,
    0x0, 0x81, 0x0, 0x21, 0x0, 0xf, 0x0, 0x0,
    0x0, 0x0, 0x0, 0x0, 0x0, 0x1, 0xfc, 0x3,
    0xf, 0x83, 0x83, 0xc3, 0xe1, 0xf1, 0xf0, 0xf8,
    0xf8, 0x7c, 0x38, 0x3e, 0x0, 0x1f, 0x0, 0x1f,
    0x80, 0x77, 0xc1, 0xe3, 0xe3, 0xe1, 0xf3, 0xe0,
    0xf9, 0xf0, 0x7c, 0xf8, 0x3e, 0x7c, 0x1f, 0x3f,
    0x1f, 0x8f, 0xf7, 0xc3, 0xe1, 0xf8,

    /* U+00E6 "æ" */
    0x7, 0xf1, 0xf8, 0x1c, 0x3f, 0xcf, 0x1e, 0xf,
    0xc7, 0xcf, 0x87, 0xc1, 0xe7, 0xc3, 0xe0, 0xfb,
    0xe1, 0xf0, 0x7c, 0xe0, 0xf8, 0x3e, 0x0, 0x7f,
    0xff, 0x0, 0x7e, 0x0, 0x1, 0xdf, 0x0, 0x7,
    0x8f, 0x80, 0x7, 0x87, 0xc0, 0x7, 0x83, 0xe0,
    0x7, 0xc1, 0xf8, 0x3, 0xe0, 0x7c, 0x7, 0xf0,
    0xff, 0x6, 0xfc, 0x4f, 0xff, 0x3f, 0xc7, 0xff,
    0xf, 0x80, 0xff, 0x0, 0x0, 0x8, 0x0,

    /* U+00E7 "ç" */
    0x3, 0xf0, 0x1e, 0x18, 0xf8, 0x79, 0xe1, 0xf7,
    0xc3, 0xef, 0x7, 0xfe, 0x7, 0x7c, 0x0, 0xf8,
    0x1, 0xf0, 0x3, 0xe0, 0x7, 0xc0, 0xf, 0x80,
    0x1f, 0x80, 0x5f, 0x0, 0xbf, 0x6, 0x3f, 0xfc,
    0x3f, 0xf0, 0x3f, 0xc0, 0xc, 0x0, 0x30, 0x0,
    0x7f, 0x0, 0x1e, 0x0, 0x3c, 0xf, 0xe0,

    /* U+00E8 "è" */
    0xc, 0x0, 0x1e, 0x0, 0x1f, 0x0, 0xf, 0x0,
    0x7, 0x80, 0x3, 0x80, 0x1, 0x80, 0x0, 0x40,
    0x0, 0x0, 0x0, 0x0, 0x0, 0x0, 0x3, 0xf0,
    0xe, 0x3c, 0x1c, 0x3e, 0x38, 0x1e, 0x78, 0x1f,
    0x78, 0x1f, 0xf8, 0x1f, 0xff, 0xff, 0xf8, 0x0,
    0xf8, 0x0, 0xf8, 0x0, 0xf8, 0x0, 0xf8, 0x0,
    0xfc, 0x0, 0x7c, 0x1, 0x7e, 0x6, 0x3f, 0xfe,
    0x1f, 0xfc, 0xf, 0xf0, 0x0, 0x80,

    /* U+00E9 "é" */
    0x0, 0x30, 0x0, 0x78, 0x0, 0x78, 0x0, 0xf8,
    0x0, 0xf0, 0x1, 0xc0, 0x1, 0x80, 0x2, 0x0,
    0x0, 0x0, 0x0, 0x0, 0x0, 0x0, 0x3, 0xf0,
    0xe, 0x3c, 0x1c, 0x3e, 0x38, 0x1e, 0x78, 0x1f,
    0x78, 0x1f, 0xf8, 0x1f, 0xff, 0xff, 0xf8, 0x0,
    0xf8, 0x0, 0xf8, 0x0, 0xf8, 0x0, 0xf8, 0x0,
    0xfc, 0x0, 0x7c, 0x1, 0x7e, 0x6, 0x3f, 0xfe,
    0x1f, 0xfc, 0xf, 0xf0, 0x0, 0x80,

    /* U+00EA "ê" */
    0x0, 0x80, 0x1, 0x80, 0x1, 0xc0, 0x3, 0xe0,
    0x7, 0xf0, 0xe, 0xf8, 0x1c, 0x3c, 0x30, 0x7,
    0x0, 0x0, 0x0, 0x0, 0x0, 0x0, 0x3, 0xf0,
    0xe, 0x3c, 0x1c, 0x3e, 0x38, 0x1e, 0x78, 0x1f,
    0x78, 0x1f, 0xf8, 0x1f, 0xff, 0xff, 0xf8, 0x0,
    0xf8, 0x0, 0xf8, 0x0, 0xf8, 0x0, 0xf8, 0x0,
    0xfc, 0x0, 0x7c, 0x1, 0x7e, 0x6, 0x3f, 0xfe,
    0x1f, 0xfc, 0xf, 0xf0, 0x0, 0x80,

    /* U+00EB "ë" */
    0x1c, 0x1c, 0x7c, 0x7c, 0xf8, 0xf9, 0xf1, 0xf1,
    0xc1, 0xc0, 0x0, 0x0, 0x0, 0x0, 0x0, 0x7,
    0xe0, 0x3c, 0xf0, 0xf1, 0xf1, 0xc1, 0xe7, 0x83,
    0xef, 0x7, 0xfe, 0xf, 0xff, 0xff, 0xf8, 0x1,
    0xf0, 0x3, 0xe0, 0x7, 0xc0, 0xf, 0x80, 0x1f,
    0x80, 0x1f, 0x0, 0xbf, 0x2, 0x3f, 0xfc, 0x3f,
    0xf0, 0x3f, 0xc0, 0x8, 0x0,

    /* U+00EC "ì" */
    0x70, 0x1e, 0x7, 0x80, 0xe0, 0x1c, 0x3, 0x0,
    0x60, 0x8, 0x0, 0x0, 0x0, 0x1, 0xfc, 0x3f,
    0x7, 0xc1, 0xf0, 0x7c, 0x1f, 0x7, 0xc1, 0xf0,
    0x7c, 0x1f, 0x7, 0xc1, 0xf0, 0x7c, 0x1f, 0x7,
    0xc1, 0xf0, 0x7c, 0x3f, 0x9f, 0xf0,

    /* U+00ED "í" */
    0x7, 0x83, 0xc3, 0xe1, 0xe0, 0xe0, 0xc0, 0x40,
    0x40, 0x0, 0x0, 0x0, 0x1f, 0xc7, 0xe1, 0xf0,
    0xf8, 0x7c, 0x3e, 0x1f, 0xf, 0x87, 0xc3, 0xe1,
    0xf0, 0xf8, 0x7c, 0x3e, 0x1f, 0xf, 0x87, 0xc7,
    0xf7, 0xfc,

    /* U+00EE "î" */
    0x2, 0x0, 0x10, 0x1, 0xc0, 0x1f, 0x1, 0xfc,
    0x1d, 0xf1, 0x81, 0xd0, 0x1, 0x0, 0x0, 0x0,
    0x0, 0x0, 0x7f, 0x1, 0xf8, 0x7, 0xc0, 0x3e,
    0x1, 0xf0, 0xf, 0x80, 0x7c, 0x3, 0xe0, 0x1f,
    0x0, 0xf8, 0x7, 0xc0, 0x3e, 0x1, 0xf0, 0xf,
    0x80, 0x7c, 0x3, 0xe0, 0x1f, 0x1, 0xfc, 0x1f,
    0xf0,

    /* U+00EF "ï" */
    0x70, 0x77, 0xc7, 0xfe, 0x3f, 0xf1, 0xf7, 0x7,
    0x0, 0x0, 0x0, 0x0, 0x0, 0x3f, 0x80, 0xfc,
    0x3, 0xe0, 0x1f, 0x0, 0xf8, 0x7, 0xc0, 0x3e,
    0x1, 0xf0, 0xf, 0x80, 0x7c, 0x3, 0xe0, 0x1f,
    0x0, 0xf8, 0x7, 0xc0, 0x3e, 0x1, 0xf0, 0xf,
    0x80, 0xfe, 0xf, 0xf8,

    /* U+00F0 "ð" */
    0x18, 0x0, 0x3, 0x86, 0x0, 0x6c, 0x0, 0x1c,
    0x0, 0x37, 0x0, 0x63, 0xc0, 0xc0, 0xf0, 0x0,
    0x78, 0x0, 0x1e, 0x3, 0xef, 0x7, 0x8f, 0xc7,
    0x81, 0xe3, 0xc0, 0xfb, 0xe0, 0x7d, 0xe0, 0x3f,
    0xf0, 0x1f, 0xf8, 0xf, 0xfc, 0x7, 0xfe, 0x3,
    0xff, 0x1, 0xff, 0x80, 0xff, 0xc0, 0x7b, 0xe0,
    0x3c, 0xf0, 0x3e, 0x7c, 0x1e, 0x1e, 0xf, 0x7,
    0x8f, 0x1, 0xfe, 0x0, 0x8, 0x0,

    /* U+00F1 "ñ" */
    0x3, 0x80, 0x0, 0xfe, 0x10, 0xf, 0xff, 0x1,
    0x8f, 0xf0, 0x10, 0x7e, 0x0, 0x0, 0x0, 0x0,
    0x0, 0x0, 0x0, 0x0, 0x0, 0x0, 0xf, 0xe3,
    0xf0, 0x7e, 0xcf, 0x83, 0xf0, 0x7c, 0x3e, 0x7,
    0xc3, 0xe0, 0x7c, 0x3e, 0x7, 0xc3, 0xe0, 0x7c,
    0x3e, 0x7, 0xc3, 0xe0, 0x7c, 0x3e, 0x7, 0xc3,
    0xe0, 0x7c, 0x3e, 0x7, 0xc3, 0xe0, 0x7c, 0x3e,
    0x7, 0xc3, 0xe0, 0x7c, 0x3e, 0x7, 0xc3, 0xe0,
    0x7c, 0x7f, 0xf, 0xef, 0xf9, 0xff,

    /* U+00F2 "ò" */
    0x4, 0x0, 0x7, 0x0, 0x7, 0xc0, 0x1, 0xe0,
    0x0, 0x78, 0x0, 0x1c, 0x0, 0x3, 0x0, 0x0,
    0x80, 0x0, 0x0, 0x0, 0x0, 0x0, 0x0, 0x0,
    0xfe, 0x1, 0xe3, 0xc1, 0xe0, 0xf1, 0xf0, 0x7c,
    0xf8, 0x3e, 0x78, 0xf, 0x7c, 0x7, 0xfe, 0x3,
    0xff, 0x1, 0xff, 0x80, 0xff, 0xc0, 0x7f, 0xe0,
    0x3f, 0xf0, 0x1f, 0xf8, 0xf, 0xbc, 0x7, 0x9f,
    0x7, 0xc7, 0x83, 0xc1, 0xe3, 0xc0, 0x7f, 0xc0,
    0x2, 0x0,

    /* U+00F3 "ó" */
    0x0, 0x30, 0x0, 0x3c, 0x0, 0x1e, 0x0, 0x1f,
    0x0, 0xf, 0x0, 0xe, 0x0, 0x6, 0x0, 0x6,
    0x0, 0x2, 0x0, 0x0, 0x0, 0x0, 0x0, 0x0,
    0xfe, 0x1, 0xe3, 0xc1, 0xe0, 0xf1, 0xf0, 0x7c,
    0xf8, 0x3e, 0x78, 0xf, 0x7c, 0x7, 0xfe, 0x3,
    0xff, 0x1, 0xff, 0x80, 0xff, 0xc0, 0x7f, 0xe0,
    0x3f, 0xf0, 0x1f, 0xf8, 0xf, 0xbc, 0x7, 0x9f,
    0x7, 0xc7, 0x83, 0xc1, 0xe3, 0xc0, 0x7f, 0xc0,
    0x2, 0x0,

    /* U+00F4 "ô" */
    0x0, 0x80, 0x0, 0x40, 0x0, 0x70, 0x0, 0x7c,
    0x0, 0x3f, 0x0, 0x3f, 0xc0, 0x70, 0xf0, 0x60,
    0xc, 0x0, 0x0, 0x0, 0x0, 0x0, 0x0, 0x0,
    0xfe, 0x1, 0xe3, 0xc1, 0xe0, 0xf1, 0xf0, 0x7c,
    0xf8, 0x3e, 0x78, 0xf, 0x7c, 0x7, 0xfe, 0x3,
    0xff, 0x1, 0xff, 0x80, 0xff, 0xc0, 0x7f, 0xe0,
    0x3f, 0xf0, 0x1f, 0xf8, 0xf, 0xbc, 0x7, 0x9f,
    0x7, 0xc7, 0x83, 0xc1, 0xe3, 0xc0, 0x7f, 0xc0,
    0x2, 0x0,

    /* U+00F5 "õ" */
    0xf, 0x0, 0xf, 0xc1, 0xf, 0xff, 0x84, 0x7f,
    0x84, 0xf, 0x80, 0x1, 0x0, 0x0, 0x0, 0x0,
    0x0, 0x0, 0x0, 0x3, 0xf8, 0x7, 0x8f, 0x7,
    0x83, 0xc7, 0xc1, 0xf3, 0xe0, 0xf9, 0xe0, 0x3d,
    0xf0, 0x1f, 0xf8, 0xf, 0xfc, 0x7, 0xfe, 0x3,
    0xff, 0x1, 0xff, 0x80, 0xff, 0xc0, 0x7f, 0xe0,
    0x3e, 0xf0, 0x1e, 0x7c, 0x1f, 0x1e, 0xf, 0x7,
    0x8f, 0x1, 0xff, 0x0, 0x8, 0x0,

    /* U+00F6 "ö" */
    0x1c, 0xe, 0x1f, 0xf, 0x8f, 0x87, 0xc7, 0xc3,
    0xe1, 0xc0, 0xe0, 0x0, 0x0, 0x0, 0x0, 0x0,
    0x0, 0x7, 0xf0, 0xf, 0x1e, 0xf, 0x7, 0x8f,
    0x83, 0xe7, 0xc1, 0xf3, 0xc0, 0x7b, 0xe0, 0x3f,
    0xf0, 0x1f, 0xf8, 0xf, 0xfc, 0x7, 0xfe, 0x3,
    0xff, 0x1, 0xff, 0x80, 0xff, 0xc0, 0x7d, 0xe0,
    0x3c, 0xf8, 0x3e, 0x3c, 0x1e, 0xf, 0x1e, 0x3,
    0xfe, 0x0, 0x10, 0x0,

    /* U+00F7 "÷" */
    0x0, 0xc0, 0x0, 0x78, 0x0, 0x1e, 0x0, 0x3,
    0x0, 0x0, 0x0, 0x0, 0x0, 0xf, 0xff, 0xfc,
    0x0, 0x0, 0x0, 0x0, 0x0, 0x0, 0x0, 0xc,
    0x0, 0x7, 0x80, 0x1, 0xe0, 0x0, 0x30, 0x0,

    /* U+00F8 "ø" */
    0x0, 0x1, 0x0, 0x0, 0x81, 0xfc, 0x83, 0xc7,
    0xc3, 0xc1, 0xe3, 0xe0, 0xf9, 0xf0, 0x7c, 0xf0,
    0x5e, 0xf8, 0x2f, 0xfc, 0x27, 0xfe, 0x13, 0xff,
    0x11, 0xff, 0x90, 0xff, 0xc8, 0x7f, 0xe8, 0x3f,
    0xf4, 0x1f, 0x7c, 0xf, 0x3e, 0xf, 0x8f, 0x7,
    0x83, 0xc7, 0x82, 0xff, 0x82, 0x4, 0x1, 0x0,
    0x0, 0x0, 0x0,

    /* U+00F9 "ù" */
    0x7, 0x0, 0x0, 0xf8, 0x0, 0x7, 0x80, 0x0,
    0x7c, 0x0, 0x1, 0xc0, 0x0, 0xc, 0x0, 0x0,
    0x60, 0x0, 0x1, 0x0, 0x0, 0x0, 0x0, 0x0,
    0x0, 0x0, 0x0, 0xf, 0xe1, 0xfc, 0x7e, 0xf,
    0xc3, 0xe0, 0x7c, 0x3e, 0x7, 0xc3, 0xe0, 0x7c,
    0x3e, 0x7, 0xc3, 0xe0, 0x7c, 0x3e, 0x7, 0xc3,
    0xe0, 0x7c, 0x3e, 0x7, 0xc3, 0xe0, 0x7c, 0x3e,
    0x7, 0xc3, 0xe0, 0x7c, 0x3e, 0x7, 0xc3, 0xe0,
    0x7c, 0x3e, 0x7, 0xc3, 0xe0, 0xfc, 0x1e, 0x17,
    0xe0, 0xfe, 0x7f, 0x3, 0x0, 0x0,

    /* U+00FA "ú" */
    0x0, 0x1c, 0x0, 0x3, 0xc0, 0x0, 0x7c, 0x0,
    0x7, 0x80, 0x0, 0x70, 0x0, 0xc, 0x0, 0x0,
    0x80, 0x0, 0x10, 0x0, 0x0, 0x0, 0x0, 0x0,
    0x0, 0x0, 0x0, 0xf, 0xe1, 0xfc, 0x7e, 0xf,
    0xc3, 0xe0, 0x7c, 0x3e, 0x7, 0xc3, 0xe0, 0x7c,
    0x3e, 0x7, 0xc3, 0xe0, 0x7c, 0x3e, 0x7, 0xc3,
    0xe0, 0x7c, 0x3e, 0x7, 0xc3, 0xe0, 0x7c, 0x3e,
    0x7, 0xc3, 0xe0, 0x7c, 0x3e, 0x7, 0xc3, 0xe0,
    0x7c, 0x3e, 0x7, 0xc3, 0xe0, 0xfc, 0x1e, 0x17,
    0xe0, 0xfe, 0x7f, 0x3, 0x0, 0x0,

    /* U+00FB "û" */
    0x0, 0x40, 0x0, 0x6, 0x0, 0x0, 0xe0, 0x0,
    0x1f, 0x0, 0x3, 0xf8, 0x0, 0x73, 0xc0, 0xc,
    0xe, 0x1, 0x0, 0x10, 0x0, 0x0, 0x0, 0x0,
    0x0, 0x0, 0x0, 0xf, 0xe1, 0xfc, 0x7e, 0xf,
    0xc3, 0xe0, 0x7c, 0x3e, 0x7, 0xc3, 0xe0, 0x7c,
    0x3e, 0x7, 0xc3, 0xe0, 0x7c, 0x3e, 0x7, 0xc3,
    0xe0, 0x7c, 0x3e, 0x7, 0xc3, 0xe0, 0x7c, 0x3e,
    0x7, 0xc3, 0xe0, 0x7c, 0x3e, 0x7, 0xc3, 0xe0,
    0x7c, 0x3e, 0x7, 0xc3, 0xe0, 0xfc, 0x1e, 0x17,
    0xe0, 0xfe, 0x7f, 0x3, 0x0, 0x0,

    /* U+00FC "ü" */
    0xe, 0xe, 0x1, 0xf1, 0xf0, 0x1f, 0x1f, 0x1,
    0xf1, 0xf0, 0xe, 0xe, 0x0, 0x0, 0x0, 0x0,
    0x0, 0x0, 0x0, 0x0, 0xfe, 0x3f, 0xc7, 0xe0,
    0xfc, 0x3e, 0x7, 0xc3, 0xe0, 0x7c, 0x3e, 0x7,
    0xc3, 0xe0, 0x7c, 0x3e, 0x7, 0xc3, 0xe0, 0x7c,
    0x3e, 0x7, 0xc3, 0xe0, 0x7c, 0x3e, 0x7, 0xc3,
    0xe0, 0x7c, 0x3e, 0x7, 0xc3, 0xe0, 0x7c, 0x3e,
    0x7, 0xc3, 0xe0, 0x7c, 0x3e, 0xf, 0xc1, 0xe1,
    0x7e, 0xf, 0xe7, 0xf0, 0x30, 0x0,

    /* U+00FD "ý" */
    0x0, 0x3c, 0x0, 0xf, 0x80, 0x1, 0xf0, 0x0,
    0x7c, 0x0, 0xf, 0x0, 0x1, 0x80, 0x0, 0x60,
    0x0, 0x10, 0x0, 0x0, 0x0, 0x0, 0x0, 0x0,
    0x0, 0x0, 0x7f, 0xc7, 0xf7, 0xe0, 0x3c, 0x7c,
    0x3, 0xf, 0x80, 0x41, 0xf8, 0x8, 0x1f, 0x2,
    0x3, 0xf0, 0x40, 0x3e, 0x8, 0x7, 0xe2, 0x0,
    0x7c, 0x40, 0xf, 0xc8, 0x0, 0xfa, 0x0, 0x1f,
    0x40, 0x3, 0xf0, 0x0, 0x3e, 0x0, 0x7, 0xc0,
    0x0, 0x70, 0x0, 0xe, 0x0, 0x0, 0x80, 0x0,
    0x10, 0x3, 0xe2, 0x0, 0x7c, 0x80, 0xf, 0x90,
    0x1, 0xe4, 0x0, 0x1f, 0x0, 0x0,

    /* U+00FE "þ" */
    0x0, 0x0, 0x1f, 0xc0, 0x1, 0xf8, 0x0, 0x1f,
    0x0, 0x3, 0xe0, 0x0, 0x7c, 0x0, 0xf, 0x80,
    0x1, 0xf0, 0x0, 0x3e, 0x0, 0x7, 0xc0, 0x0,
    0xf8, 0xf8, 0x1f, 0x67, 0x83, 0xf0, 0x78, 0x7c,
    0xf, 0x8f, 0x80, 0xf1, 0xf0, 0x1f, 0x3e, 0x3,
    0xe7, 0xc0, 0x7c, 0xf8, 0xf, 0x9f, 0x1, 0xf3,
    0xe0, 0x3e, 0x7c, 0x7, 0xcf, 0x80, 0xf9, 0xf0,
    0x1e, 0x3e, 0x7, 0xc7, 0xc0, 0xf8, 0xf8, 0x1e,
    0x1f, 0x7, 0x83, 0xff, 0xe0, 0x7c, 0x40, 0xf,
    0x80, 0x1, 0xf0, 0x0, 0x3e, 0x0, 0xf, 0xe0,
    0x3, 0xff, 0x0, 0x0,

    /* U+00FF "ÿ" */
    0xe, 0xe, 0x7, 0xc7, 0xc1, 0xf1, 0xf0, 0x7c,
    0x7c, 0xe, 0xe, 0x0, 0x0, 0x0, 0x0, 0x0,
    0x0, 0x0, 0x0, 0x0, 0x3f, 0xf3, 0xf7, 0xf0,
    0x38, 0xf8, 0x6, 0x3f, 0x1, 0x7, 0xc0, 0x41,
    0xf8, 0x20, 0x3e, 0x8, 0xf, 0xc2, 0x3, 0xf1,
    0x0, 0x7c, 0x40, 0x1f, 0x90, 0x3, 0xe8, 0x0,
    0xfe, 0x0, 0x1f, 0x80, 0x7, 0xc0, 0x0, 0xf0,
    0x0, 0x38, 0x0, 0x6, 0x0, 0x1, 0x80, 0x0,
    0x40, 0x1f, 0x10, 0x7, 0xc8, 0x1, 0xf2, 0x0,
    0x79, 0x0, 0x7, 0x80, 0x0,

    /* U+2010 "‐" */
    0xff, 0xff, 0xff, 0xff, 0xfe,

    /* U+2013 "–" */
    0xff, 0xff, 0xff, 0xff, 0xff, 0xff, 0xfc,

    /* U+2014 "—" */
    0xff, 0xff, 0xff, 0xff, 0xff, 0xff, 0xff, 0xff,
    0xff, 0xff, 0xf0,

    /* U+2018 "‘" */
    0x21, 0x4, 0x20, 0xbb, 0xff, 0xdf, 0x78,

    /* U+2019 "’" */
    0x3, 0xef, 0xff, 0xfc, 0x90, 0x42, 0x10, 0x80,

    /* U+201A "‚" */
    0x3, 0xef, 0xff, 0xfc, 0x90, 0x42, 0x10, 0x80,

    /* U+201C "“" */
    0x20, 0x21, 0x1, 0x4, 0x4, 0x20, 0x20, 0xb8,
    0xbb, 0xf3, 0xff, 0xcf, 0xdf, 0x1f, 0x78, 0x78,

    /* U+201D "”" */
    0x0, 0x3, 0xe3, 0xef, 0xcf, 0xff, 0x3f, 0xfc,
    0xfc, 0x90, 0x90, 0x40, 0x42, 0x2, 0x10, 0x10,
    0x80, 0x80,

    /* U+201E "„" */
    0x0, 0x3, 0xe3, 0xef, 0xcf, 0xff, 0x3f, 0xfc,
    0xfc, 0x90, 0x90, 0x40, 0x42, 0x2, 0x10, 0x10,
    0x80, 0x80,

    /* U+2020 "†" */
    0x4, 0x1, 0x0, 0x40, 0x10, 0x4, 0x1, 0x4,
    0x4b, 0xef, 0x8, 0x3, 0x0, 0xc0, 0x30, 0xc,
    0x3, 0x0, 0xc0, 0x30, 0xc, 0x3, 0x0, 0xc0,
    0x30, 0xc, 0x3, 0x0, 0xc0, 0x30, 0xc, 0x3,
    0x0, 0x40, 0x10, 0x4, 0x0,

    /* U+2021 "‡" */
    0x0, 0x0, 0xc0, 0x10, 0x2, 0x0, 0x40, 0x8,
    0x1, 0x7, 0x8f, 0x4e, 0x40, 0x80, 0x38, 0x7,
    0x0, 0xe0, 0x1c, 0x3, 0x80, 0x70, 0xe, 0x1,
    0xc0, 0x38, 0x7, 0x0, 0xe0, 0x8, 0x3c, 0x7a,
    0x72, 0x4, 0x0, 0x80, 0x10, 0x2, 0x0, 0xc0,
    0x8, 0x0,

    /* U+2022 "•" */
    0xf, 0x3, 0xfc, 0x7f, 0xe7, 0xfe, 0xff, 0xff,
    0xff, 0xff, 0xff, 0xff, 0x7f, 0xe7, 0xfe, 0x3f,
    0xc0, 0xf0,

    /* U+2026 "…" */
    0x0, 0x0, 0x0, 0x3f, 0xf, 0xc3, 0xff, 0xc3,
    0xf0, 0xff, 0xf0, 0xfc, 0x3f, 0xfc, 0x3f, 0xf,
    0xc0, 0x0, 0x0, 0x0,

    /* U+2030 "‰" */
    0x0, 0x0, 0x0, 0x0, 0x0, 0x0, 0x0, 0x8,
    0x0, 0x0, 0x0, 0x0, 0x40, 0x0, 0x7, 0xc0,
    0x2, 0x0, 0x0, 0x31, 0x80, 0x8, 0x0, 0x1,
    0xc7, 0x0, 0x40, 0x0, 0xe, 0xe, 0x2, 0x0,
    0x0, 0x38, 0x38, 0x10, 0x0, 0x0, 0xe0, 0xe0,
    0x40, 0x0, 0x3, 0x83, 0x82, 0x0, 0x0, 0xe,
    0xe, 0x10, 0x0, 0x0, 0x38, 0x38, 0x40, 0x0,
    0x0, 0x71, 0xc2, 0x0, 0x0, 0x0, 0xc6, 0x10,
    0x0, 0x0, 0x1, 0xf0, 0x40, 0x0, 0x0, 0x0,
    0x2, 0x0, 0x0, 0x0, 0x0, 0x10, 0x0, 0x0,
    0x0, 0x0, 0x40, 0x0, 0x0, 0x0, 0x2, 0xf,
    0x80, 0x3e, 0x0, 0x10, 0xc7, 0x3, 0x1c, 0x0,
    0x47, 0xe, 0x1c, 0x38, 0x2, 0x18, 0x1c, 0x60,
    0x70, 0x10, 0xe0, 0x73, 0x81, 0xc0, 0x43, 0x81,
    0xce, 0x7, 0x2, 0xe, 0x7, 0x38, 0x1c, 0x10,
    0x38, 0x1c, 0xe0, 0x70, 0x40, 0xe0, 0x73, 0x81,
    0xc2, 0x1, 0x81, 0x86, 0x6, 0x10, 0x7, 0xe,
    0x1c, 0x30, 0x40, 0xf, 0xe0, 0x3f, 0x82, 0x0,
    0x4, 0x0, 0x10, 0x10, 0x0, 0x0, 0x0, 0x0,

    /* U+2032 "′" */
    0x7, 0xe1, 0xf8, 0x3e, 0xf, 0x81, 0xe0, 0x38,
    0xe, 0x1, 0x80, 0x60, 0x8, 0x2, 0x0, 0x0,

    /* U+2033 "″" */
    0x7, 0xe7, 0xe0, 0xfc, 0x7c, 0xf, 0x87, 0xc1,
    0xf0, 0xf8, 0x1e, 0xf, 0x1, 0xc1, 0xe0, 0x38,
    0x1c, 0x3, 0x3, 0x80, 0x60, 0x30, 0x4, 0x2,
    0x0, 0x80, 0x40, 0x0,

    /* U+2039 "‹" */
    0x0, 0x40, 0x10, 0xc, 0x6, 0x3, 0x81, 0xc0,
    0xf0, 0x78, 0x3c, 0x3f, 0x7, 0xc0, 0xf8, 0x1e,
    0x1, 0xc0, 0x38, 0x6, 0x1, 0x80, 0x30, 0x4,
    0x0,

    /* U+203A "›" */
    0x80, 0x20, 0xc, 0x1, 0x80, 0x70, 0xe, 0x3,
    0xc0, 0x78, 0xf, 0x3, 0xf0, 0xf8, 0x7c, 0x1c,
    0xe, 0x7, 0x1, 0x80, 0x60, 0x30, 0x8, 0x0,
    0x0,

    /* U+2044 "⁄" */
    0x0, 0x0, 0x0, 0x0, 0x0, 0x10, 0x0, 0x0,
    0x80, 0x0, 0x4, 0x0, 0x0, 0x10, 0x0, 0x0,
    0x80, 0x0, 0x4, 0x0, 0x0, 0x10, 0x0, 0x0,
    0x80, 0x0, 0x4, 0x0, 0x0, 0x10, 0x0, 0x0,
    0x80, 0x0, 0x4, 0x0, 0x0, 0x30, 0x0, 0x0,
    0x80, 0x0, 0x4, 0x0, 0x0, 0x20, 0x0, 0x0,
    0x80, 0x0, 0x4, 0x0, 0x0, 0x20, 0x0, 0x0,
    0x80, 0x0, 0x4, 0x0, 0x0, 0x20, 0x0, 0x0,
    0x80, 0x0, 0x4, 0x0, 0x0, 0x20, 0x0, 0x0,
    0x80, 0x0, 0x4, 0x0, 0x0, 0x20, 0x0, 0x0,
    0x80, 0x0, 0x4, 0x0, 0x0, 0x20, 0x0, 0x0,

    /* U+20AC "€" */
    0x0, 0x4, 0x0, 0x7, 0xfc, 0x0, 0xe0, 0xe0,
    0x1c, 0x1f, 0x3, 0xc1, 0xf0, 0x78, 0x1f, 0x7,
    0x80, 0xc0, 0xf8, 0x0, 0xf, 0x0, 0x1, 0xf0,
    0x0, 0x1f, 0x0, 0xf, 0xff, 0xf0, 0x1f, 0x0,
    0x1, 0xf0, 0x0, 0x1f, 0x0, 0xf, 0xff, 0xc0,
    0x1f, 0x0, 0x1, 0xf0, 0x0, 0xf, 0x0, 0x0,
    0xf8, 0x0, 0xf, 0x80, 0x40, 0x78, 0x1f, 0x7,
    0x81, 0xf0, 0x3c, 0x1f, 0x1, 0xe0, 0xe0, 0x7,
    0xfc, 0x0, 0x4, 0x0,

    /* U+2116 "№" */
    0x0, 0x0, 0x0, 0x10, 0x3f, 0xc1, 0xfc, 0x73,
    0x83, 0xf8, 0x1c, 0x38, 0xf0, 0x7e, 0x2, 0x1e,
    0x1e, 0x1f, 0xc0, 0x87, 0x87, 0xc7, 0xf0, 0x23,
    0xe1, 0xf1, 0x7e, 0x8, 0xf8, 0x7c, 0x5f, 0x82,
    0x3e, 0x1f, 0x13, 0xf0, 0x8f, 0x87, 0xc4, 0xfc,
    0x23, 0xe1, 0xf1, 0x1f, 0x8, 0x78, 0x78, 0x47,
    0xe2, 0x1e, 0x3e, 0x10, 0xf8, 0x83, 0xcf, 0x4,
    0x3f, 0x20, 0x3f, 0x1, 0x7, 0xc8, 0x0, 0x0,
    0x41, 0xfa, 0x0, 0x0, 0x10, 0x3e, 0x8f, 0xff,
    0x84, 0xf, 0xe0, 0x0, 0x1, 0x1, 0xf8, 0x0,
    0x0, 0x40, 0x7e, 0x3f, 0xfe, 0x10, 0xf, 0x80,
    0x0, 0x4, 0x3, 0xe0, 0x0, 0x1, 0x0, 0x78,
    0x0, 0x0, 0x40, 0x1e, 0x0, 0x0, 0x10, 0x3,
    0x80, 0x0, 0xe, 0x0, 0xe0, 0x0, 0xf, 0xe0,
    0x18, 0x0, 0x0,

    /* U+2122 "™" */
    0xff, 0xfc, 0xfc, 0x7, 0xfc, 0x71, 0x8f, 0xc0,
    0xf3, 0xe, 0x10, 0xf8, 0x3e, 0x61, 0xc2, 0x1f,
    0x87, 0xc8, 0x38, 0x43, 0xf0, 0xf9, 0x7, 0x8,
    0x5e, 0x2f, 0x0, 0xe0, 0xb, 0xe5, 0xe0, 0x1c,
    0x1, 0x3c, 0xbc, 0x3, 0x80, 0x27, 0xe7, 0x80,
    0x70, 0x4, 0xfc, 0xf0, 0xe, 0x0, 0x8f, 0x1e,
    0x1, 0xc0, 0x11, 0xe3, 0xc0, 0x78, 0x2, 0x1c,
    0x78, 0xf, 0x80, 0x43, 0xf, 0x7, 0xfc, 0x3c,
    0x23, 0xf8,

    /* U+2248 "≈" */
    0x1f, 0x80, 0x13, 0xfe, 0x1, 0x7f, 0xf8, 0x67,
    0xff, 0xfe, 0x40, 0xff, 0xe8, 0x3, 0xfc, 0x9f,
    0xf, 0x93, 0xfc, 0x3, 0x7f, 0xf0, 0x67, 0xff,
    0xfe, 0xc0, 0xff, 0xe8, 0x3, 0xfc, 0x0, 0xf,
    0x0,

    /* U+2260 "≠" */
    0x0, 0x4, 0x0, 0x3, 0x0, 0x0, 0x80, 0x0,
    0x40, 0x0, 0x10, 0x3f, 0xff, 0xf0, 0x6, 0x0,
    0x1, 0x0, 0x0, 0xc0, 0x0, 0x20, 0xf, 0xff,
    0xfc, 0xc, 0x0, 0x2, 0x0, 0x1, 0x80, 0x0,
    0x40, 0x0, 0x30, 0x0,

    /* U+2264 "≤" */
    0x0, 0x0, 0x80, 0x0, 0xf0, 0x0, 0xe0, 0x0,
    0xe0, 0x0, 0xe0, 0x0, 0xe0, 0x1, 0xe0, 0x1,
    0xe0, 0x0, 0xe0, 0x0, 0xf, 0x0, 0x0, 0xf0,
    0x0, 0xf, 0x0, 0x0, 0x70, 0x0, 0x7, 0x0,
    0x0, 0x70, 0x0, 0x7, 0x0, 0x0, 0x0, 0x0,
    0x0, 0x0, 0x0, 0x0, 0x0, 0xff, 0xff, 0xc0,

    /* U+2265 "≥" */
    0x40, 0x0, 0x3c, 0x0, 0x1, 0xc0, 0x0, 0x1c,
    0x0, 0x1, 0xc0, 0x0, 0x1e, 0x0, 0x1, 0xe0,
    0x0, 0x1e, 0x0, 0x1, 0xc0, 0x3, 0xc0, 0x3,
    0xc0, 0x3, 0xc0, 0x3, 0x80, 0x3, 0x80, 0x3,
    0x80, 0x1, 0x80, 0x0, 0x0, 0x0, 0x0, 0x0,
    0x0, 0x0, 0x0, 0x0, 0x0, 0xff, 0xff, 0xc0
};


/*---------------------
 *  GLYPH DESCRIPTION
 *--------------------*/

static const lv_font_fmt_txt_glyph_dsc_t glyph_dsc[] = {
    {.bitmap_index = 0, .adv_w = 0, .box_w = 0, .box_h = 0, .ofs_x = 0, .ofs_y = 0} /* id = 0 reserved */,
    {.bitmap_index = 0, .adv_w = 134, .box_w = 1, .box_h = 1, .ofs_x = 0, .ofs_y = 0},
    {.bitmap_index = 1, .adv_w = 166, .box_w = 6, .box_h = 29, .ofs_x = 2, .ofs_y = -1},
    {.bitmap_index = 23, .adv_w = 213, .box_w = 11, .box_h = 10, .ofs_x = 2, .ofs_y = 16},
    {.bitmap_index = 37, .adv_w = 357, .box_w = 20, .box_h = 18, .ofs_x = 1, .ofs_y = 4},
    {.bitmap_index = 82, .adv_w = 331, .box_w = 18, .box_h = 35, .ofs_x = 1, .ofs_y = -5},
    {.bitmap_index = 161, .adv_w = 419, .box_w = 24, .box_h = 32, .ofs_x = 1, .ofs_y = -2},
    {.bitmap_index = 257, .adv_w = 517, .box_w = 30, .box_h = 27, .ofs_x = 1, .ofs_y = -1},
    {.bitmap_index = 359, .adv_w = 120, .box_w = 5, .box_h = 10, .ofs_x = 2, .ofs_y = 16},
    {.bitmap_index = 366, .adv_w = 183, .box_w = 10, .box_h = 36, .ofs_x = 1, .ofs_y = -7},
    {.bitmap_index = 411, .adv_w = 183, .box_w = 10, .box_h = 36, .ofs_x = 0, .ofs_y = -7},
    {.bitmap_index = 456, .adv_w = 277, .box_w = 13, .box_h = 16, .ofs_x = 2, .ofs_y = 10},
    {.bitmap_index = 482, .adv_w = 331, .box_w = 18, .box_h = 19, .ofs_x = 1, .ofs_y = 3},
    {.bitmap_index = 525, .adv_w = 156, .box_w = 6, .box_h = 10, .ofs_x = 2, .ofs_y = -5},
    {.bitmap_index = 533, .adv_w = 277, .box_w = 13, .box_h = 3, .ofs_x = 2, .ofs_y = 8},
    {.bitmap_index = 538, .adv_w = 156, .box_w = 6, .box_h = 6, .ofs_x = 2, .ofs_y = -1},
    {.bitmap_index = 543, .adv_w = 212, .box_w = 11, .box_h = 27, .ofs_x = 1, .ofs_y = 0},
    {.bitmap_index = 581, .adv_w = 376, .box_w = 20, .box_h = 27, .ofs_x = 2, .ofs_y = -1},
    {.bitmap_index = 649, .adv_w = 225, .box_w = 12, .box_h = 25, .ofs_x = 1, .ofs_y = 0},
    {.bitmap_index = 687, .adv_w = 310, .box_w = 17, .box_h = 26, .ofs_x = 1, .ofs_y = 0},
    {.bitmap_index = 743, .adv_w = 322, .box_w = 17, .box_h = 27, .ofs_x = 1, .ofs_y = -1},
    {.bitmap_index = 801, .adv_w = 318, .box_w = 19, .box_h = 26, .ofs_x = 1, .ofs_y = 0},
    {.bitmap_index = 863, .adv_w = 305, .box_w = 16, .box_h = 28, .ofs_x = 1, .ofs_y = -1},
    {.bitmap_index = 919, .adv_w = 349, .box_w = 18, .box_h = 27, .ofs_x = 2, .ofs_y = -1},
    {.bitmap_index = 980, .adv_w = 291, .box_w = 18, .box_h = 26, .ofs_x = 1, .ofs_y = -1},
    {.bitmap_index = 1039, .adv_w = 340, .box_w = 18, .box_h = 27, .ofs_x = 2, .ofs_y = -1},
    {.bitmap_index = 1100, .adv_w = 349, .box_w = 18, .box_h = 27, .ofs_x = 2, .ofs_y = -1},
    {.bitmap_index = 1161, .adv_w = 167, .box_w = 6, .box_h = 20, .ofs_x = 2, .ofs_y = -1},
    {.bitmap_index = 1176, .adv_w = 170, .box_w = 6, .box_h = 24, .ofs_x = 2, .ofs_y = -5},
    {.bitmap_index = 1194, .adv_w = 347, .box_w = 18, .box_h = 16, .ofs_x = 1, .ofs_y = 5},
    {.bitmap_index = 1230, .adv_w = 366, .box_w = 18, .box_h = 6, .ofs_x = 2, .ofs_y = 10},
    {.bitmap_index = 1244, .adv_w = 347, .box_w = 18, .box_h = 16, .ofs_x = 3, .ofs_y = 5},
    {.bitmap_index = 1280, .adv_w = 293, .box_w = 16, .box_h = 29, .ofs_x = 1, .ofs_y = -1},
    {.bitmap_index = 1338, .adv_w = 509, .box_w = 29, .box_h = 30, .ofs_x = 2, .ofs_y = -6},
    {.bitmap_index = 1447, .adv_w = 384, .box_w = 25, .box_h = 25, .ofs_x = -1, .ofs_y = 0},
    {.bitmap_index = 1526, .adv_w = 387, .box_w = 22, .box_h = 25, .ofs_x = 1, .ofs_y = 0},
    {.bitmap_index = 1595, .adv_w = 406, .box_w = 22, .box_h = 27, .ofs_x = 2, .ofs_y = -1},
    {.bitmap_index = 1670, .adv_w = 447, .box_w = 25, .box_h = 25, .ofs_x = 1, .ofs_y = 0},
    {.bitmap_index = 1749, .adv_w = 365, .box_w = 20, .box_h = 25, .ofs_x = 1, .ofs_y = 0},
    {.bitmap_index = 1812, .adv_w = 341, .box_w = 20, .box_h = 25, .ofs_x = 1, .ofs_y = 0},
    {.bitmap_index = 1875, .adv_w = 423, .box_w = 24, .box_h = 27, .ofs_x = 2, .ofs_y = -1},
    {.bitmap_index = 1956, .adv_w = 461, .box_w = 27, .box_h = 25, .ofs_x = 1, .ofs_y = 0},
    {.bitmap_index = 2041, .adv_w = 217, .box_w = 11, .box_h = 25, .ofs_x = 1, .ofs_y = 0},
    {.bitmap_index = 2076, .adv_w = 210, .box_w = 13, .box_h = 31, .ofs_x = -1, .ofs_y = -6},
    {.bitmap_index = 2127, .adv_w = 411, .box_w = 24, .box_h = 25, .ofs_x = 1, .ofs_y = 0},
    {.bitmap_index = 2202, .adv_w = 352, .box_w = 20, .box_h = 25, .ofs_x = 1, .ofs_y = 0},
    {.bitmap_index = 2265, .adv_w = 534, .box_w = 31, .box_h = 25, .ofs_x = 1, .ofs_y = 0},
    {.bitmap_index = 2362, .adv_w = 416, .box_w = 24, .box_h = 25, .ofs_x = 1, .ofs_y = 0},
    {.bitmap_index = 2437, .adv_w = 457, .box_w = 25, .box_h = 27, .ofs_x = 2, .ofs_y = -1},
    {.bitmap_index = 2522, .adv_w = 369, .box_w = 21, .box_h = 25, .ofs_x = 1, .ofs_y = 0},
    {.bitmap_index = 2588, .adv_w = 457, .box_w = 26, .box_h = 32, .ofs_x = 2, .ofs_y = -6},
    {.bitmap_index = 2692, .adv_w = 399, .box_w = 24, .box_h = 26, .ofs_x = 1, .ofs_y = -1},
    {.bitmap_index = 2770, .adv_w = 336, .box_w = 17, .box_h = 27, .ofs_x = 2, .ofs_y = -1},
    {.bitmap_index = 2828, .adv_w = 385, .box_w = 22, .box_h = 25, .ofs_x = 1, .ofs_y = 0},
    {.bitmap_index = 2897, .adv_w = 397, .box_w = 24, .box_h = 26, .ofs_x = 0, .ofs_y = -1},
    {.bitmap_index = 2975, .adv_w = 385, .box_w = 25, .box_h = 25, .ofs_x = -1, .ofs_y = 0},
    {.bitmap_index = 3054, .adv_w = 558, .box_w = 35, .box_h = 25, .ofs_x = 0, .ofs_y = 0},
    {.bitmap_index = 3164, .adv_w = 398, .box_w = 25, .box_h = 25, .ofs_x = 0, .ofs_y = 0},
    {.bitmap_index = 3243, .adv_w = 359, .box_w = 22, .box_h = 25, .ofs_x = 0, .ofs_y = 0},
    {.bitmap_index = 3312, .adv_w = 347, .box_w = 19, .box_h = 25, .ofs_x = 1, .ofs_y = 0},
    {.bitmap_index = 3372, .adv_w = 185, .box_w = 7, .box_h = 34, .ofs_x = 3, .ofs_y = -6},
    {.bitmap_index = 3402, .adv_w = 212, .box_w = 11, .box_h = 27, .ofs_x = 1, .ofs_y = 0},
    {.bitmap_index = 3440, .adv_w = 185, .box_w = 7, .box_h = 34, .ofs_x = 1, .ofs_y = -6},
    {.bitmap_index = 3470, .adv_w = 305, .box_w = 15, .box_h = 8, .ofs_x = 2, .ofs_y = 11},
    {.bitmap_index = 3485, .adv_w = 340, .box_w = 18, .box_h = 3, .ofs_x = 2, .ofs_y = -7},
    {.bitmap_index = 3492, .adv_w = 170, .box_w = 7, .box_h = 9, .ofs_x = 2, .ofs_y = 21},
    {.bitmap_index = 3500, .adv_w = 298, .box_w = 17, .box_h = 19, .ofs_x = 1, .ofs_y = 0},
    {.bitmap_index = 3541, .adv_w = 338, .box_w = 19, .box_h = 30, .ofs_x = 1, .ofs_y = -1},
    {.bitmap_index = 3613, .adv_w = 286, .box_w = 15, .box_h = 20, .ofs_x = 1, .ofs_y = -1},
    {.bitmap_index = 3651, .adv_w = 344, .box_w = 19, .box_h = 30, .ofs_x = 1, .ofs_y = -1},
    {.bitmap_index = 3723, .adv_w = 290, .box_w = 16, .box_h = 20, .ofs_x = 1, .ofs_y = -1},
    {.bitmap_index = 3763, .adv_w = 203, .box_w = 14, .box_h = 28, .ofs_x = 1, .ofs_y = 0},
    {.bitmap_index = 3812, .adv_w = 319, .box_w = 20, .box_h = 25, .ofs_x = 1, .ofs_y = -6},
    {.bitmap_index = 3875, .adv_w = 350, .box_w = 20, .box_h = 29, .ofs_x = 1, .ofs_y = 0},
    {.bitmap_index = 3948, .adv_w = 181, .box_w = 10, .box_h = 28, .ofs_x = 1, .ofs_y = 0},
    {.bitmap_index = 3983, .adv_w = 171, .box_w = 10, .box_h = 34, .ofs_x = -1, .ofs_y = -6},
    {.bitmap_index = 4026, .adv_w = 337, .box_w = 20, .box_h = 29, .ofs_x = 1, .ofs_y = 0},
    {.bitmap_index = 4099, .adv_w = 179, .box_w = 9, .box_h = 29, .ofs_x = 1, .ofs_y = 0},
    {.bitmap_index = 4132, .adv_w = 521, .box_w = 31, .box_h = 19, .ofs_x = 1, .ofs_y = 0},
    {.bitmap_index = 4206, .adv_w = 354, .box_w = 20, .box_h = 19, .ofs_x = 1, .ofs_y = 0},
    {.bitmap_index = 4254, .adv_w = 325, .box_w = 17, .box_h = 20, .ofs_x = 1, .ofs_y = -1},
    {.bitmap_index = 4297, .adv_w = 346, .box_w = 19, .box_h = 25, .ofs_x = 1, .ofs_y = -6},
    {.bitmap_index = 4357, .adv_w = 337, .box_w = 19, .box_h = 25, .ofs_x = 1, .ofs_y = -6},
    {.bitmap_index = 4417, .adv_w = 269, .box_w = 15, .box_h = 19, .ofs_x = 1, .ofs_y = 0},
    {.bitmap_index = 4453, .adv_w = 266, .box_w = 13, .box_h = 20, .ofs_x = 2, .ofs_y = -1},
    {.bitmap_index = 4486, .adv_w = 203, .box_w = 13, .box_h = 25, .ofs_x = 0, .ofs_y = -1},
    {.bitmap_index = 4527, .adv_w = 349, .box_w = 20, .box_h = 21, .ofs_x = 1, .ofs_y = -1},
    {.bitmap_index = 4580, .adv_w = 293, .box_w = 18, .box_h = 19, .ofs_x = 0, .ofs_y = 0},
    {.bitmap_index = 4623, .adv_w = 453, .box_w = 28, .box_h = 19, .ofs_x = 0, .ofs_y = 0},
    {.bitmap_index = 4690, .adv_w = 309, .box_w = 19, .box_h = 19, .ofs_x = 0, .ofs_y = 0},
    {.bitmap_index = 4736, .adv_w = 299, .box_w = 18, .box_h = 25, .ofs_x = 0, .ofs_y = -6},
    {.bitmap_index = 4793, .adv_w = 273, .box_w = 16, .box_h = 19, .ofs_x = 1, .ofs_y = 0},
    {.bitmap_index = 4831, .adv_w = 192, .box_w = 11, .box_h = 34, .ofs_x = 1, .ofs_y = -6},
    {.bitmap_index = 4878, .adv_w = 146, .box_w = 3, .box_h = 38, .ofs_x = 3, .ofs_y = -7},
    {.bitmap_index = 4893, .adv_w = 192, .box_w = 11, .box_h = 34, .ofs_x = 0, .ofs_y = -6},
    {.bitmap_index = 4940, .adv_w = 385, .box_w = 20, .box_h = 6, .ofs_x = 2, .ofs_y = 8},
    {.bitmap_index = 4955, .adv_w = 134, .box_w = 1, .box_h = 1, .ofs_x = 0, .ofs_y = 0},
    {.bitmap_index = 4956, .adv_w = 160, .box_w = 6, .box_h = 25, .ofs_x = 2, .ofs_y = -6},
    {.bitmap_index = 4975, .adv_w = 287, .box_w = 15, .box_h = 31, .ofs_x = 1, .ofs_y = -6},
    {.bitmap_index = 5034, .adv_w = 380, .box_w = 22, .box_h = 28, .ofs_x = 1, .ofs_y = -1},
    {.bitmap_index = 5111, .adv_w = 354, .box_w = 18, .box_h = 17, .ofs_x = 2, .ofs_y = 3},
    {.bitmap_index = 5150, .adv_w = 391, .box_w = 22, .box_h = 25, .ofs_x = 1, .ofs_y = 0},
    {.bitmap_index = 5219, .adv_w = 147, .box_w = 3, .box_h = 38, .ofs_x = 3, .ofs_y = -7},
    {.bitmap_index = 5234, .adv_w = 335, .box_w = 18, .box_h = 34, .ofs_x = 1, .ofs_y = -6},
    {.bitmap_index = 5311, .adv_w = 275, .box_w = 13, .box_h = 5, .ofs_x = 2, .ofs_y = 22},
    {.bitmap_index = 5320, .adv_w = 507, .box_w = 28, .box_h = 28, .ofs_x = 2, .ofs_y = 0},
    {.bitmap_index = 5418, .adv_w = 278, .box_w = 15, .box_h = 14, .ofs_x = 2, .ofs_y = 12},
    {.bitmap_index = 5445, .adv_w = 328, .box_w = 18, .box_h = 20, .ofs_x = 1, .ofs_y = -1},
    {.bitmap_index = 5490, .adv_w = 370, .box_w = 18, .box_h = 8, .ofs_x = 2, .ofs_y = 5},
    {.bitmap_index = 5508, .adv_w = 383, .box_w = 20, .box_h = 20, .ofs_x = 2, .ofs_y = 8},
    {.bitmap_index = 5558, .adv_w = 251, .box_w = 12, .box_h = 1, .ofs_x = 2, .ofs_y = 25},
    {.bitmap_index = 5560, .adv_w = 179, .box_w = 9, .box_h = 9, .ofs_x = 1, .ofs_y = 21},
    {.bitmap_index = 5571, .adv_w = 334, .box_w = 18, .box_h = 22, .ofs_x = 1, .ofs_y = 0},
    {.bitmap_index = 5621, .adv_w = 202, .box_w = 11, .box_h = 11, .ofs_x = 1, .ofs_y = 16},
    {.bitmap_index = 5637, .adv_w = 190, .box_w = 10, .box_h = 15, .ofs_x = 1, .ofs_y = 12},
    {.bitmap_index = 5656, .adv_w = 170, .box_w = 7, .box_h = 9, .ofs_x = 2, .ofs_y = 21},
    {.bitmap_index = 5664, .adv_w = 422, .box_w = 24, .box_h = 31, .ofs_x = 1, .ofs_y = -6},
    {.bitmap_index = 5757, .adv_w = 160, .box_w = 6, .box_h = 5, .ofs_x = 2, .ofs_y = 7},
    {.bitmap_index = 5761, .adv_w = 188, .box_w = 8, .box_h = 7, .ofs_x = 2, .ofs_y = -7},
    {.bitmap_index = 5768, .adv_w = 163, .box_w = 8, .box_h = 11, .ofs_x = 1, .ofs_y = 16},
    {.bitmap_index = 5779, .adv_w = 270, .box_w = 14, .box_h = 13, .ofs_x = 1, .ofs_y = 13},
    {.bitmap_index = 5802, .adv_w = 328, .box_w = 18, .box_h = 20, .ofs_x = 2, .ofs_y = -1},
    {.bitmap_index = 5847, .adv_w = 408, .box_w = 23, .box_h = 33, .ofs_x = 1, .ofs_y = -3},
    {.bitmap_index = 5942, .adv_w = 415, .box_w = 24, .box_h = 32, .ofs_x = 2, .ofs_y = -2},
    {.bitmap_index = 6038, .adv_w = 433, .box_w = 24, .box_h = 33, .ofs_x = 2, .ofs_y = -3},
    {.bitmap_index = 6137, .adv_w = 290, .box_w = 16, .box_h = 25, .ofs_x = 1, .ofs_y = -6},
    {.bitmap_index = 6187, .adv_w = 384, .box_w = 25, .box_h = 33, .ofs_x = -1, .ofs_y = 0},
    {.bitmap_index = 6291, .adv_w = 384, .box_w = 25, .box_h = 33, .ofs_x = -1, .ofs_y = 0},
    {.bitmap_index = 6395, .adv_w = 384, .box_w = 25, .box_h = 34, .ofs_x = -1, .ofs_y = 0},
    {.bitmap_index = 6502, .adv_w = 384, .box_w = 25, .box_h = 33, .ofs_x = -1, .ofs_y = 0},
    {.bitmap_index = 6606, .adv_w = 384, .box_w = 25, .box_h = 33, .ofs_x = -1, .ofs_y = 0},
    {.bitmap_index = 6710, .adv_w = 384, .box_w = 25, .box_h = 34, .ofs_x = -1, .ofs_y = 0},
    {.bitmap_index = 6817, .adv_w = 512, .box_w = 31, .box_h = 28, .ofs_x = -1, .ofs_y = 0},
    {.bitmap_index = 6926, .adv_w = 406, .box_w = 22, .box_h = 32, .ofs_x = 2, .ofs_y = -6},
    {.bitmap_index = 7014, .adv_w = 365, .box_w = 20, .box_h = 34, .ofs_x = 1, .ofs_y = 0},
    {.bitmap_index = 7099, .adv_w = 365, .box_w = 20, .box_h = 34, .ofs_x = 1, .ofs_y = 0},
    {.bitmap_index = 7184, .adv_w = 365, .box_w = 20, .box_h = 34, .ofs_x = 1, .ofs_y = 0},
    {.bitmap_index = 7269, .adv_w = 365, .box_w = 20, .box_h = 33, .ofs_x = 1, .ofs_y = 0},
    {.bitmap_index = 7352, .adv_w = 217, .box_w = 12, .box_h = 34, .ofs_x = 0, .ofs_y = 0},
    {.bitmap_index = 7403, .adv_w = 217, .box_w = 12, .box_h = 34, .ofs_x = 1, .ofs_y = 0},
    {.bitmap_index = 7454, .adv_w = 217, .box_w = 15, .box_h = 34, .ofs_x = -1, .ofs_y = 0},
    {.bitmap_index = 7518, .adv_w = 217, .box_w = 14, .box_h = 33, .ofs_x = 0, .ofs_y = 0},
    {.bitmap_index = 7576, .adv_w = 447, .box_w = 26, .box_h = 25, .ofs_x = 0, .ofs_y = 0},
    {.bitmap_index = 7658, .adv_w = 416, .box_w = 24, .box_h = 33, .ofs_x = 1, .ofs_y = 0},
    {.bitmap_index = 7757, .adv_w = 457, .box_w = 25, .box_h = 35, .ofs_x = 2, .ofs_y = -1},
    {.bitmap_index = 7867, .adv_w = 457, .box_w = 25, .box_h = 35, .ofs_x = 2, .ofs_y = -1},
    {.bitmap_index = 7977, .adv_w = 457, .box_w = 25, .box_h = 35, .ofs_x = 2, .ofs_y = -1},
    {.bitmap_index = 8087, .adv_w = 457, .box_w = 25, .box_h = 34, .ofs_x = 2, .ofs_y = -1},
    {.bitmap_index = 8194, .adv_w = 457, .box_w = 25, .box_h = 34, .ofs_x = 2, .ofs_y = -1},
    {.bitmap_index = 8301, .adv_w = 284, .box_w = 14, .box_h = 14, .ofs_x = 2, .ofs_y = 6},
    {.bitmap_index = 8326, .adv_w = 457, .box_w = 25, .box_h = 31, .ofs_x = 2, .ofs_y = -3},
    {.bitmap_index = 8423, .adv_w = 397, .box_w = 24, .box_h = 35, .ofs_x = 0, .ofs_y = -1},
    {.bitmap_index = 8528, .adv_w = 397, .box_w = 24, .box_h = 35, .ofs_x = 0, .ofs_y = -1},
    {.bitmap_index = 8633, .adv_w = 397, .box_w = 24, .box_h = 35, .ofs_x = 0, .ofs_y = -1},
    {.bitmap_index = 8738, .adv_w = 397, .box_w = 24, .box_h = 34, .ofs_x = 0, .ofs_y = -1},
    {.bitmap_index = 8840, .adv_w = 359, .box_w = 22, .box_h = 34, .ofs_x = 0, .ofs_y = 0},
    {.bitmap_index = 8934, .adv_w = 358, .box_w = 21, .box_h = 25, .ofs_x = 1, .ofs_y = 0},
    {.bitmap_index = 9000, .adv_w = 378, .box_w = 22, .box_h = 29, .ofs_x = 1, .ofs_y = -1},
    {.bitmap_index = 9080, .adv_w = 298, .box_w = 17, .box_h = 30, .ofs_x = 1, .ofs_y = 0},
    {.bitmap_index = 9144, .adv_w = 298, .box_w = 17, .box_h = 30, .ofs_x = 1, .ofs_y = 0},
    {.bitmap_index = 9208, .adv_w = 298, .box_w = 17, .box_h = 30, .ofs_x = 1, .ofs_y = 0},
    {.bitmap_index = 9272, .adv_w = 298, .box_w = 17, .box_h = 28, .ofs_x = 1, .ofs_y = 0},
    {.bitmap_index = 9332, .adv_w = 298, .box_w = 17, .box_h = 27, .ofs_x = 1, .ofs_y = 0},
    {.bitmap_index = 9390, .adv_w = 298, .box_w = 17, .box_h = 29, .ofs_x = 1, .ofs_y = 0},
    {.bitmap_index = 9452, .adv_w = 427, .box_w = 25, .box_h = 20, .ofs_x = 1, .ofs_y = -1},
    {.bitmap_index = 9515, .adv_w = 286, .box_w = 15, .box_h = 25, .ofs_x = 1, .ofs_y = -6},
    {.bitmap_index = 9562, .adv_w = 290, .box_w = 16, .box_h = 31, .ofs_x = 1, .ofs_y = -1},
    {.bitmap_index = 9624, .adv_w = 290, .box_w = 16, .box_h = 31, .ofs_x = 1, .ofs_y = -1},
    {.bitmap_index = 9686, .adv_w = 290, .box_w = 16, .box_h = 31, .ofs_x = 1, .ofs_y = -1},
    {.bitmap_index = 9748, .adv_w = 290, .box_w = 15, .box_h = 28, .ofs_x = 1, .ofs_y = -1},
    {.bitmap_index = 9801, .adv_w = 181, .box_w = 10, .box_h = 30, .ofs_x = 0, .ofs_y = 0},
    {.bitmap_index = 9839, .adv_w = 181, .box_w = 9, .box_h = 30, .ofs_x = 1, .ofs_y = 0},
    {.bitmap_index = 9873, .adv_w = 181, .box_w = 13, .box_h = 30, .ofs_x = -1, .ofs_y = 0},
    {.bitmap_index = 9922, .adv_w = 181, .box_w = 13, .box_h = 27, .ofs_x = -1, .ofs_y = 0},
    {.bitmap_index = 9966, .adv_w = 327, .box_w = 17, .box_h = 29, .ofs_x = 1, .ofs_y = -1},
    {.bitmap_index = 10028, .adv_w = 354, .box_w = 20, .box_h = 28, .ofs_x = 1, .ofs_y = 0},
    {.bitmap_index = 10098, .adv_w = 325, .box_w = 17, .box_h = 31, .ofs_x = 1, .ofs_y = -1},
    {.bitmap_index = 10164, .adv_w = 325, .box_w = 17, .box_h = 31, .ofs_x = 1, .ofs_y = -1},
    {.bitmap_index = 10230, .adv_w = 325, .box_w = 17, .box_h = 31, .ofs_x = 1, .ofs_y = -1},
    {.bitmap_index = 10296, .adv_w = 325, .box_w = 17, .box_h = 29, .ofs_x = 1, .ofs_y = -1},
    {.bitmap_index = 10358, .adv_w = 325, .box_w = 17, .box_h = 28, .ofs_x = 1, .ofs_y = -1},
    {.bitmap_index = 10418, .adv_w = 365, .box_w = 18, .box_h = 14, .ofs_x = 2, .ofs_y = 6},
    {.bitmap_index = 10450, .adv_w = 325, .box_w = 17, .box_h = 24, .ofs_x = 1, .ofs_y = -3},
    {.bitmap_index = 10501, .adv_w = 349, .box_w = 20, .box_h = 31, .ofs_x = 1, .ofs_y = -1},
    {.bitmap_index = 10579, .adv_w = 349, .box_w = 20, .box_h = 31, .ofs_x = 1, .ofs_y = -1},
    {.bitmap_index = 10657, .adv_w = 349, .box_w = 20, .box_h = 31, .ofs_x = 1, .ofs_y = -1},
    {.bitmap_index = 10735, .adv_w = 349, .box_w = 20, .box_h = 28, .ofs_x = 1, .ofs_y = -1},
    {.bitmap_index = 10805, .adv_w = 299, .box_w = 19, .box_h = 36, .ofs_x = 0, .ofs_y = -6},
    {.bitmap_index = 10891, .adv_w = 336, .box_w = 19, .box_h = 35, .ofs_x = 0, .ofs_y = -6},
    {.bitmap_index = 10975, .adv_w = 299, .box_w = 18, .box_h = 34, .ofs_x = 0, .ofs_y = -6},
    {.bitmap_index = 11052, .adv_w = 277, .box_w = 13, .box_h = 3, .ofs_x = 2, .ofs_y = 8},
    {.bitmap_index = 11057, .adv_w = 347, .box_w = 18, .box_h = 3, .ofs_x = 2, .ofs_y = 8},
    {.bitmap_index = 11064, .adv_w = 516, .box_w = 28, .box_h = 3, .ofs_x = 2, .ofs_y = 8},
    {.bitmap_index = 11075, .adv_w = 149, .box_w = 6, .box_h = 9, .ofs_x = 2, .ofs_y = 16},
    {.bitmap_index = 11082, .adv_w = 146, .box_w = 6, .box_h = 10, .ofs_x = 1, .ofs_y = 16},
    {.bitmap_index = 11090, .adv_w = 156, .box_w = 6, .box_h = 10, .ofs_x = 2, .ofs_y = -5},
    {.bitmap_index = 11098, .adv_w = 267, .box_w = 14, .box_h = 9, .ofs_x = 2, .ofs_y = 16},
    {.bitmap_index = 11114, .adv_w = 264, .box_w = 14, .box_h = 10, .ofs_x = 1, .ofs_y = 16},
    {.bitmap_index = 11132, .adv_w = 275, .box_w = 14, .box_h = 10, .ofs_x = 2, .ofs_y = -5},
    {.bitmap_index = 11150, .adv_w = 215, .box_w = 10, .box_h = 29, .ofs_x = 2, .ofs_y = -5},
    {.bitmap_index = 11187, .adv_w = 221, .box_w = 11, .box_h = 30, .ofs_x = 2, .ofs_y = -6},
    {.bitmap_index = 11229, .adv_w = 279, .box_w = 12, .box_h = 12, .ofs_x = 3, .ofs_y = 4},
    {.bitmap_index = 11247, .adv_w = 478, .box_w = 26, .box_h = 6, .ofs_x = 2, .ofs_y = -1},
    {.bitmap_index = 11267, .adv_w = 643, .box_w = 38, .box_h = 32, .ofs_x = 1, .ofs_y = -2},
    {.bitmap_index = 11419, .adv_w = 196, .box_w = 11, .box_h = 11, .ofs_x = 1, .ofs_y = 14},
    {.bitmap_index = 11435, .adv_w = 335, .box_w = 20, .box_h = 11, .ofs_x = 1, .ofs_y = 14},
    {.bitmap_index = 11463, .adv_w = 209, .box_w = 10, .box_h = 20, .ofs_x = 1, .ofs_y = -1},
    {.bitmap_index = 11488, .adv_w = 209, .box_w = 10, .box_h = 20, .ofs_x = 2, .ofs_y = -1},
    {.bitmap_index = 11513, .adv_w = 35, .box_w = 22, .box_h = 32, .ofs_x = -10, .ofs_y = -2},
    {.bitmap_index = 11601, .adv_w = 368, .box_w = 20, .box_h = 27, .ofs_x = 1, .ofs_y = -1},
    {.bitmap_index = 11669, .adv_w = 592, .box_w = 34, .box_h = 27, .ofs_x = 1, .ofs_y = 0},
    {.bitmap_index = 11784, .adv_w = 621, .box_w = 35, .box_h = 15, .ofs_x = 2, .ofs_y = 11},
    {.bitmap_index = 11850, .adv_w = 381, .box_w = 20, .box_h = 13, .ofs_x = 2, .ofs_y = 6},
    {.bitmap_index = 11883, .adv_w = 363, .box_w = 18, .box_h = 16, .ofs_x = 2, .ofs_y = 5},
    {.bitmap_index = 11919, .adv_w = 358, .box_w = 18, .box_h = 21, .ofs_x = 2, .ofs_y = 0},
    {.bitmap_index = 11967, .adv_w = 357, .box_w = 18, .box_h = 21, .ofs_x = 2, .ofs_y = 0}
};

/*---------------------
 *  CHARACTER MAPPING
 *--------------------*/

static const uint16_t unicode_list_4[] = {
    0x0, 0x3, 0x4, 0x8, 0x9, 0xa, 0xc, 0xd,
    0xe, 0x10, 0x11, 0x12, 0x16, 0x20, 0x22, 0x23,
    0x29, 0x2a, 0x34, 0x9c, 0x106, 0x112, 0x238, 0x250,
    0x254, 0x255
};

/*Collect the unicode lists and glyph_id offsets*/
static const lv_font_fmt_txt_cmap_t cmaps[] =
{
    {
        .range_start = 32, .range_length = 95, .glyph_id_start = 1,
        .unicode_list = NULL, .glyph_id_ofs_list = NULL, .list_length = 0, .type = LV_FONT_FMT_TXT_CMAP_FORMAT0_TINY
    },
    {
        .range_start = 160, .range_length = 13, .glyph_id_start = 96,
        .unicode_list = NULL, .glyph_id_ofs_list = NULL, .list_length = 0, .type = LV_FONT_FMT_TXT_CMAP_FORMAT0_TINY
    },
    {
        .range_start = 174, .range_length = 7, .glyph_id_start = 109,
        .unicode_list = NULL, .glyph_id_ofs_list = NULL, .list_length = 0, .type = LV_FONT_FMT_TXT_CMAP_FORMAT0_TINY
    },
    {
        .range_start = 182, .range_length = 74, .glyph_id_start = 116,
        .unicode_list = NULL, .glyph_id_ofs_list = NULL, .list_length = 0, .type = LV_FONT_FMT_TXT_CMAP_FORMAT0_TINY
    },
    {
        .range_start = 8208, .range_length = 598, .glyph_id_start = 190,
        .unicode_list = unicode_list_4, .glyph_id_ofs_list = NULL, .list_length = 26, .type = LV_FONT_FMT_TXT_CMAP_SPARSE_TINY
    }
};

/*-----------------
 *    KERNING
 *----------------*/


/*Map glyph_ids to kern left classes*/
static const uint8_t kern_left_class_mapping[] =
{
    0, 1, 0, 2, 3, 0, 0, 4,
    2, 5, 6, 7, 8, 9, 10, 11,
    12, 13, 14, 15, 16, 17, 18, 19,
    20, 21, 22, 23, 23, 0, 0, 0,
    0, 24, 25, 26, 27, 28, 29, 30,
    31, 32, 32, 33, 34, 35, 32, 36,
    37, 38, 39, 40, 41, 42, 43, 44,
    45, 46, 47, 48, 49, 50, 0, 0,
    0, 0, 51, 52, 53, 54, 55, 56,
    57, 58, 59, 60, 61, 62, 58, 58,
    52, 63, 64, 65, 66, 67, 59, 68,
    68, 69, 68, 70, 71, 72, 73, 0,
    0, 74, 0, 0, 75, 0, 0, 0,
    0, 0, 0, 76, 0, 0, 0, 77,
    0, 0, 0, 0, 0, 78, 0, 79,
    0, 80, 0, 0, 0, 0, 25, 25,
    25, 25, 25, 25, 29, 81, 29, 29,
    29, 29, 32, 32, 32, 82, 28, 36,
    37, 37, 37, 37, 37, 0, 37, 43,
    43, 43, 43, 47, 83, 84, 51, 51,
    51, 51, 51, 51, 55, 53, 55, 55,
    55, 55, 59, 59, 59, 85, 86, 58,
    52, 52, 52, 52, 52, 87, 52, 59,
    59, 59, 59, 68, 63, 68, 10, 10,
    10, 88, 89, 9, 88, 89, 9, 0,
    0, 0, 0, 0, 89, 89, 76, 80,
    0, 0, 0, 0, 0, 0, 0, 0
};

/*Map glyph_ids to kern right classes*/
static const uint8_t kern_right_class_mapping[] =
{
    0, 1, 2, 3, 4, 0, 0, 5,
    3, 6, 7, 8, 9, 10, 11, 10,
    12, 13, 14, 15, 16, 17, 18, 19,
    20, 21, 22, 23, 23, 0, 24, 0,
    25, 26, 27, 28, 29, 28, 28, 28,
    29, 28, 28, 30, 28, 28, 28, 28,
    29, 28, 29, 28, 31, 32, 33, 34,
    35, 36, 37, 38, 0, 39, 40, 0,
    0, 0, 41, 42, 43, 43, 43, 44,
    45, 46, 47, 48, 46, 46, 49, 49,
    43, 50, 51, 49, 52, 53, 54, 55,
    55, 56, 57, 58, 59, 60, 61, 0,
    0, 0, 4, 62, 63, 0, 0, 0,
    0, 64, 65, 66, 0, 67, 0, 68,
    0, 69, 70, 0, 0, 71, 0, 0,
    72, 73, 0, 0, 0, 0, 27, 27,
    27, 27, 27, 27, 74, 29, 28, 28,
    28, 28, 28, 28, 28, 75, 28, 28,
    29, 29, 29, 29, 29, 0, 29, 33,
    33, 33, 33, 37, 28, 76, 41, 41,
    41, 77, 78, 41, 41, 43, 43, 43,
    43, 43, 79, 80, 47, 81, 51, 49,
    43, 43, 43, 43, 43, 82, 43, 54,
    54, 54, 54, 57, 83, 84, 11, 11,
    11, 85, 86, 10, 85, 86, 10, 0,
    0, 0, 10, 0, 86, 86, 66, 87,
    0, 88, 0, 89, 0, 0, 0, 0
};

/*Kern values between classes*/
static const int8_t kern_class_values[] =
{
    0, 0, -11, 0, 0, 0, 0, 0,
    0, 0, 0, 0, 0, 0, 0, -5,
    -14, 0, 0, 0, 0, 0, 0, 0,
    0, 0, -22, 0, 0, 0, 0, -13,
    0, -22, -21, -9, -21, 0, 0, 0,
    0, 0, 0, 0, 0, -7, 0, 0,
    0, 0, 0, 0, -7, 0, -16, -6,
    -17, 0, 0, 0, 0, 0, 0, 0,
    0, 0, 0, 0, -6, 0, 0, 0,
    0, -24, 0, 0, 0, 0, 0, 0,
    0, 0, 0, -17, 0, -10, 0, 0,
    0, -10, 0, 0, 0, -11, 0, 0,
    0, 0, -75, -9, -25, 0, 0, 0,
    0, -35, 0, 0, 0, 0, 0, 0,
    0, 0, -24, -35, 0, -3, 0, 0,
    0, 0, 0, 5, 0, 0, 0, 0,
    0, -9, 0, -13, -12, -13, 0, 0,
    0, 0, 0, -13, -6, 0, 0, 0,
    0, 0, 0, 0, 0, 0, 0, 0,
    0, 0, -13, 0, 0, 0, 0, 0,
    0, 0, -50, 0, 0, -9, -9, 0,
    0, 16, 0, 0, 0, 0, 0, 0,
    0, 0, 0, 0, 0, 0, 0, 0,
    0, 0, 0, 0, 0, 0, 0, -10,
    -7, -7, -4, 0, 0, 0, 0, 0,
    0, 0, 0, 0, 0, 0, 0, 0,
    0, 0, 0, 0, 0, 0, 0, 0,
    0, 0, 0, 0, 0, 0, 0, 0,
    0, 0, 0, 0, 0, 0, 0, 0,
    0, 0, 0, 0, 0, 0, 0, 0,
    0, 0, 0, 0, 0, 0, 0, 0,
    0, 0, 0, 0, 0, 0, 0, 0,
    0, 0, 0, 0, 0, 0, 0, 0,
    0, 0, 0, 0, 0, 0, 0, 0,
    0, 0, 0, 0, 0, 0, 0, 0,
    0, 0, 0, 0, 0, 0, 0, 0,
    0, 0, 0, 0, 0, -24, 0, 0,
    0, 0, 0, 0, 0, 0, 0, 0,
    0, 0, 0, 0, 0, -6, -7, -2,
    0, 0, 0, 0, 0, -6, 0, 0,
    0, 0, 0, 0, 0, 0, 0, 0,
    0, 0, 0, 0, 0, 0, 0, 0,
    0, 0, 0, 0, -34, 0, 0, 0,
    0, 0, 0, 2, 0, 0, 0, 0,
    0, 0, 0, 0, 0, 0, 0, 0,
    0, -14, 0, 0, 0, 0, 0, 0,
    -17, 0, 0, -7, -16, -7, -17, 0,
    -12, -10, 0, 0, 0, 0, -5, 7,
    -16, 81, -7, 0, 0, 0, 0, 0,
    0, 0, 0, 0, -14, 0, -18, -6,
    0, 0, 7, 65, -8, 0, -18, -13,
    -9, -14, -12, -3, 0, -10, -12, 0,
    0, 0, 0, 0, 0, 0, 0, 0,
    0, 0, 0, 0, 0, -5, 11, 0,
    -14, -14, 4, 7, 14, 0, 0, 0,
    0, 0, 0, 0, 0, 0, 0, 0,
    0, 0, 0, -14, 0, 0, 0, 0,
    0, 0, 0, 0, 0, 0, 0, 0,
    0, 0, 0, 0, 0, 0, 0, 0,
    0, 0, 0, 0, 0, 0, 0, 0,
    0, 0, 0, 0, -2, 0, 0, 0,
    0, 0, 0, 0, 0, 0, 0, 0,
    0, 0, 0, 0, 0, 0, 0, 0,
    0, -8, 0, 0, 0, 0, 0, 0,
    0, 0, 0, 0, 0, 0, 0, 0,
    0, 0, 0, 0, 0, 0, 0, 0,
    0, 0, 0, 0, 0, 0, 0, 0,
    0, 0, 0, 0, 0, 0, 0, 0,
    0, 0, 0, 0, 0, 0, 0, 0,
    0, 0, 0, 0, 0, 0, 0, 0,
    -26, 0, 0, 0, 0, 0, 0, 0,
    0, 0, -5, 0, 0, 0, 0, 0,
    0, -7, -2, 0, 0, 0, 0, 0,
    0, 0, 0, 0, 0, 0, 0, 0,
    0, 0, 0, 0, 0, 0, 0, 0,
    0, 0, 0, 0, 0, 0, 0, -42,
    0, 0, 0, 0, 0, 0, 0, 0,
    0, 0, 0, 0, 0, 0, 0, 0,
    0, 0, 0, 0, 0, 0, 0, 0,
    0, 0, 0, 0, -12, -22, -18, -6,
    0, 0, -13, -7, 0, 0, 0, 0,
    0, 0, 0, 0, 0, 0, 0, 0,
    0, 0, 0, 0, 0, 0, 0, 0,
    0, 0, 0, 0, 0, 0, 0, 0,
    0, 0, 0, 0, 0, 0, 0, 0,
    0, 0, 0, 0, 0, 0, 0, 0,
    0, 0, 0, 0, 0, 0, 0, 0,
    0, 0, 0, 0, 0, 0, 0, 0,
    0, 0, 0, 0, 0, 0, 0, 0,
    0, 0, -47, 0, 0, 0, 0, 0,
    0, 0, 0, 0, -5, 0, 0, 0,
    0, 0, 0, -11, 0, 0, 0, 0,
    0, 0, 0, 0, -6, 63, 0, -48,
    -6, -55, -54, 0, -41, 0, 0, 0,
    0, 0, 0, 0, 0, 0, 0, 45,
    0, 0, 0, 0, 0, 0, -16, 0,
    -18, 0, 0, 0, 0, 0, 0, 0,
    0, 0, 0, 0, 0, 0, 0, 0,
    0, 0, 0, 0, 0, 0, 0, 0,
    0, 0, 0, -18, -44, -45, 0, 0,
    0, 0, 0, -9, 0, 0, 0, 0,
    0, 0, 0, 0, 0, 0, -7, -7,
    0, 0, 0, 0, -7, 0, 0, 0,
    0, 0, 0, -10, -4, 0, -3, 0,
    -9, -3, -17, -15, -16, -24, -6, 0,
    0, 0, 0, 0, -3, 0, 0, -3,
    0, -3, 0, 0, 0, 0, 0, -7,
    -10, -7, 0, 0, 0, 0, 0, 0,
    0, 0, 0, 0, 0, 0, 0, 0,
    0, 0, -12, -4, 0, 0, 0, -3,
    -3, -3, 0, 0, -7, 0, -7, 0,
    0, 0, 0, 0, -47, 0, 0, 0,
    0, 0, 0, 0, 0, 0, -5, 0,
    0, 0, 0, 0, 0, -11, 0, 0,
    0, 0, 0, 0, 0, 0, -6, -3,
    0, -48, -6, -55, -54, 0, -41, 0,
    0, 0, 0, 0, 0, 0, 0, 0,
    0, 45, 0, 0, 0, 0, 0, 0,
    -16, 0, -18, 0, 0, 0, 0, 0,
    0, 0, 0, 0, 0, 0, 0, 0,
    0, 0, 0, 0, 0, 0, 0, 0,
    0, 0, 0, 0, 0, -18, -44, -45,
    0, 0, 0, 0, 0, 0, 0, 0,
    0, 0, 0, 0, 0, 0, -50, 0,
    0, 0, 0, -25, 0, -3, 0, 0,
    0, 0, 0, 0, 0, -30, 0, -3,
    0, 0, 0, 0, 0, 0, 0, 0,
    0, 0, 0, -13, 0, -15, -14, -15,
    0, 0, 0, 0, 0, -15, -13, 0,
    0, 0, 0, 0, -3, 0, 0, 0,
    0, 0, 0, 0, 0, 0, 0, 0,
    0, 0, 0, 0, -40, 0, 0, -13,
    -13, 0, 0, 0, 0, 0, 0, 0,
    0, 0, 0, 0, 0, 0, 0, 0,
    0, 0, -16, 0, 0, -9, 0, 0,
    0, 0, 0, 0, 0, 0, 0, 0,
    0, 0, 0, 0, 0, 0, 0, 0,
    0, 0, 0, 0, 0, 0, 0, 0,
    0, 0, 0, -3, 0, 0, 0, 0,
    0, 0, 0, 0, 0, 0, 0, 0,
    0, 0, 0, 0, 0, 0, 0, 0,
    -11, 0, 0, 0, 0, 0, 0, -4,
    0, 0, 0, 0, 0, 0, 0, 0,
    0, 0, 0, 0, 0, 0, 0, 0,
    0, 0, 0, 0, 0, 0, 0, 0,
    0, 0, 0, -2, 0, 0, 0, -2,
    0, 0, 0, 0, 0, 0, 0, 0,
    0, 0, 0, 0, 0, 0, 0, 0,
    0, 0, 0, 0, 0, 0, 0, 0,
    0, 0, 0, 0, 0, 0, 0, 0,
    0, 0, 0, 0, 0, 0, 0, 0,
    0, 0, 0, 0, 0, 0, 0, 0,
    0, 0, 0, 0, 0, 0, 0, 0,
    0, 0, 0, -7, 0, 0, 0, 0,
    0, 0, 0, 0, 0, 0, -7, 0,
    0, 0, 0, 0, 0, 0, -6, 0,
    0, 0, 0, 0, -3, 0, -8, 0,
    0, 0, 0, 0, 0, 0, 0, 0,
    0, 0, 0, 0, 0, 0, 0, 0,
    0, 0, 0, 0, 0, 0, 0, 0,
    0, 0, 0, 0, 0, 0, 0, 0,
    0, 0, 0, 0, 0, 0, 0, 0,
    0, 0, 0, 0, 0, 0, 0, 0,
    0, 0, 0, 0, 0, 0, 0, 0,
    0, 0, 0, 0, 0, 0, 0, 0,
    0, 0, 0, 0, 0, 0, 0, -9,
    0, 0, 0, 0, 0, 0, 0, 0,
    0, 0, 0, 0, 0, -12, 0, 0,
    0, 0, 0, 0, 0, 0, 0, 0,
    0, 0, 0, 0, 0, 0, 0, 0,
    0, 0, 0, 0, 0, 0, 0, 0,
    0, 0, 0, 0, 0, 0, -3, 0,
    0, 0, 0, 0, 0, 0, 0, 0,
    0, 0, 0, 0, 0, 0, 0, 0,
    0, 0, 0, -7, 0, 0, 0, 0,
    0, 0, 0, 0, 0, 0, 0, 0,
    0, 0, 0, 0, 0, 0, 0, 0,
    -3, 0, 0, 0, 0, 0, 0, 0,
    0, 0, -10, 0, 0, 0, -9, 0,
    0, 0, 0, 0, 0, 0, 0, 0,
    0, 0, 0, -4, 0, 0, 0, 0,
    0, 0, 0, 0, 0, 0, 0, 0,
    0, 0, 0, 0, 0, 0, -4, 0,
    0, 0, 0, 0, 0, 0, 0, 0,
    0, 0, 0, 0, 0, 0, 0, 0,
    0, 0, 0, 0, -3, 0, 0, 0,
    0, 0, 0, -9, 0, 0, 0, 0,
    0, 0, 0, 0, 0, 0, 0, 0,
    0, 0, 0, 0, 0, 0, 0, 0,
    0, 0, 0, 0, 0, 0, 0, -3,
    0, 0, 0, 0, 0, 0, 0, 0,
    0, 0, 0, 0, 0, 0, 0, 0,
    0, 0, 0, 0, 0, 0, 0, 0,
    0, 0, 0, 0, 0, 0, 0, 0,
    0, 0, 0, 0, 0, 0, 0, 0,
    0, 0, 0, 0, 0, 0, 0, 0,
    0, 0, 0, 0, 0, 0, 0, 0,
    0, 0, 0, 0, 0, 0, 0, 0,
    0, 0, 0, 0, 0, 0, 0, 0,
    0, 0, 0, 0, 0, 0, 0, 0,
    0, 0, 0, 0, 0, 0, 0, 0,
    -5, 0, 0, 0, 0, 0, 0, 0,
    0, 0, 0, 0, 0, 0, 0, 0,
    0, 0, 0, 0, 0, 0, 0, 0,
    0, 0, 0, 0, 0, 0, 0, 0,
    0, 0, 0, 0, 0, 0, 0, 0,
    0, 0, 0, 0, 0, 0, 0, 0,
    0, 0, 0, 0, 0, 0, -3, 0,
    0, 0, 0, 0, 0, 0, 0, 0,
    0, 0, 0, 0, 0, 0, 0, 0,
    0, 0, 0, 0, 0, 0, 0, 0,
    0, 0, 0, -18, 0, 0, -21, 0,
    0, 0, 0, -22, -29, -23, -26, -6,
    0, 0, 0, -29, 0, -10, 0, 0,
    0, 0, -6, 0, 0, 0, 0, 0,
    0, 0, 0, 0, 0, 0, 0, 0,
    0, 0, 0, 0, 0, 0, 0, 0,
    0, 0, 0, 0, 0, 0, 0, 0,
    0, 0, 0, 0, 0, 0, 0, 0,
    -15, -16, 0, 0, 0, 0, 0, 0,
    0, -24, 0, 0, 0, 0, 0, 0,
    0, 0, 0, 0, -18, 0, 0, 0,
    0, 0, -14, 0, 0, 0, 0, 0,
    0, 0, -12, 0, -2, 0, 0, 0,
    0, 0, 0, 0, 0, 0, 0, 0,
    0, 0, 0, 0, 0, 0, 0, 0,
    0, 0, 0, 0, 0, 0, 0, 0,
    0, 0, 0, -3, 0, 0, 0, 0,
    0, 0, 0, 0, 0, 0, 0, 0,
    0, 0, 0, 0, 0, 0, 0, 0,
    -7, 0, 0, 0, 0, 0, 0, 0,
    0, 0, 0, 0, 0, 0, 0, 0,
    0, 0, 0, 0, 0, -7, 0, 0,
    0, 0, 0, 0, 0, 0, 0, 0,
    0, 0, 0, -16, 0, 0, -11, 0,
    -3, 0, 0, 0, 0, 0, 0, 0,
    0, 0, 0, 0, 0, 0, 0, 0,
    0, 0, 0, 0, 0, 0, 0, 0,
    0, 0, 0, 0, -3, 0, 0, 0,
    0, 0, 0, 0, 0, 0, 0, 0,
    0, 0, 0, 0, 0, 0, 0, 0,
    0, -10, 0, 0, 0, 0, 0, 0,
    0, 0, 0, 0, 0, 0, 0, 0,
    0, 0, 0, 0, 0, 0, 0, 0,
    0, 0, 0, 0, 0, 0, 0, 0,
    0, 0, 0, 0, 0, 0, 0, 0,
    0, 0, 0, 0, 0, 0, 0, 0,
    0, 0, 0, 0, 0, 0, 0, 0,
    0, 0, 0, 0, 0, 0, -2, -14,
    -13, 0, -16, 0, 0, 0, 0, 0,
    0, 0, 0, 0, 0, 0, 0, 0,
    0, 0, 0, 0, 0, 0, 0, 0,
    0, 0, 0, 0, 0, 0, 0, 0,
    0, 0, 0, 0, 0, 0, 0, 0,
    0, 0, 0, 0, 0, 0, 0, 0,
    0, 0, 0, 0, 0, 0, 0, 0,
    0, 0, 0, 0, 0, 0, 0, 0,
    0, 0, 0, 0, 0, 0, 0, 0,
    0, 0, 0, 0, 0, 0, 0, 0,
    0, -13, 0, 0, 0, 0, 0, 0,
    -6, -6, -13, -9, 0, 0, 0, 0,
    0, 0, 0, 0, 0, 0, 0, 0,
    0, 0, 0, 0, 0, 0, 0, 0,
    0, 0, 0, 0, 0, 0, 0, 0,
    0, 0, 0, 0, 0, 0, 0, 0,
    -22, 0, 0, 0, 0, 0, 0, 0,
    0, 0, 0, 0, 0, 0, 0, 0,
    0, 0, 0, 0, 0, 0, 0, 0,
    0, 0, 0, 0, 0, 0, 0, 0,
    0, 0, 0, 0, 0, 0, 0, 0,
    0, 0, 0, -12, -6, 0, 0, -39,
    0, -43, -39, 0, -32, 0, 0, 0,
    0, 0, 0, 0, 0, 0, 0, 0,
    0, 0, 0, 0, 0, -17, 0, 0,
    0, 0, 0, 0, 0, 0, 0, 0,
    0, 0, 0, 0, 0, 0, 0, 0,
    0, 0, -12, 0, 0, 0, 0, 0,
    0, 0, 0, 0, 0, 0, 0, 0,
    0, 0, 0, 0, 0, 0, 0, -12,
    0, 0, 0, 0, 0, 0, 0, 0,
    0, 0, 0, 0, 0, 0, 0, 0,
    0, 0, 0, -8, -2, 0, -1, 0,
    -3, -1, -13, -12, -17, -13, -1, 0,
    -2, 0, 0, 0, -4, 0, -4, -1,
    -1, -1, -1, 0, 0, -1, 0, -9,
    -10, -9, -3, 0, 0, -7, 0, 0,
    0, 0, 0, 0, 0, 0, 0, 0,
    0, 0, -12, -2, -3, 0, 0, -1,
    -1, -1, 0, -3, -9, 0, 0, 0,
    0, 0, 0, 0, 0, 0, 0, 0,
    0, 0, 0, 0, 0, 0, 0, 0,
    0, 0, 0, 0, 0, 0, 0, 0,
    0, 0, 0, 0, 0, 0, 0, 0,
    0, 0, 0, -2, -2, 0, -2, 0,
    0, 0, 0, 0, 0, 0, 0, 0,
    0, 0, 0, 0, 0, 0, 0, 0,
    0, 0, 0, 0, 0, 0, 0, 0,
    0, 0, 0, 0, 0, 0, 0, 0,
    0, 0, 0, 0, 0, 0, 0, 0,
    0, 0, 0, 0, 0, 0, 0, 0,
    0, 0, 0, 0, 0, 0, 0, 0,
    0, -16, 0, 0, -12, 0, -4, 0,
    0, 0, 0, 0, 0, 0, 0, 0,
    0, 0, 0, -8, 0, -17, -5, 0,
    -4, 0, 0, -3, -13, -12, -20, -16,
    -1, 0, -3, -4, -2, 0, -7, -4,
    -7, 0, 0, 0, 0, 0, -2, 0,
    0, -3, -7, -3, 0, 0, 0, -12,
    0, 0, 0, 0, 0, 0, 0, 0,
    0, 0, 0, 0, -26, -5, -6, -4,
    -4, 0, 0, 0, 0, -6, -3, 0,
    0, 0, 0, 0, 0, 0, 0, 0,
    0, 0, 0, 0, 0, 0, 0, 0,
    0, 0, 0, 0, 0, 0, 0, 0,
    0, 0, 0, 0, 0, 0, 0, 0,
    0, 0, 0, 0, 0, -5, -5, 0,
    -5, 0, 0, 0, 0, 0, -2, 0,
    0, 0, 0, 0, 0, 0, -2, 0,
    0, 0, -3, 0, -2, 0, 0, 0,
    0, 0, 0, 0, 0, 0, 0, 0,
    0, 0, 0, 0, 0, 0, 0, 0,
    0, 0, 0, 0, 0, 0, 0, -2,
    0, 0, 0, 0, 0, -14, 0, 0,
    0, -7, 0, 0, 0, 0, -33, -14,
    -18, 0, 0, 0, 0, 0, 0, 0,
    0, 0, 0, 0, 0, 0, -15, -31,
    0, -4, 0, 0, 0, 0, 0, 0,
    0, 0, 0, 0, 0, -10, 0, -14,
    -15, -13, -5, 0, 0, 0, 0, -14,
    -9, 0, 0, 0, 0, 0, -2, 0,
    0, 0, 0, 0, 0, 0, 0, 0,
    0, 0, 0, 0, 0, 0, -75, 0,
    -4, -10, -10, 0, 0, 0, 0, -4,
    0, 0, 0, 0, 0, 0, 0, 0,
    0, 0, 0, 0, -2, 0, 0, 0,
    0, 0, 0, 0, 0, 0, 0, 0,
    0, 0, 0, 0, 0, 0, 0, 0,
    -4, 0, 0, 0, 0, 0, 0, -5,
    -5, 0, -6, 0, 0, 0, -1, 0,
    0, 0, -1, -1, 0, 0, 0, 0,
    0, 0, 0, 0, -3, 0, -5, 0,
    0, 0, 0, 0, 0, 0, 0, 0,
    0, 0, 0, 0, 0, 0, 0, -3,
    0, 0, -1, -1, 0, 0, 0, 0,
    0, -5, 0, 0, 0, 0, 0, 0,
    0, 0, 0, 0, 0, 20, 0, 0,
    0, -7, 0, 0, 0, 0, 0, 0,
    0, 0, 0, 0, 0, 0, 0, 0,
    0, 0, 0, -5, 0, 0, 0, 0,
    0, 0, 0, 0, 0, 0, 5, -3,
    0, -11, 0, -5, 0, 0, -2, 0,
    -7, -11, -3, -5, -7, -9, 0, -9,
    -2, 0, 0, 7, 0, 0, 0, 0,
    0, 0, 0, 0, 0, 0, 0, 0,
    0, 0, -2, -3, -3, 0, 0, 0,
    0, -2, -9, 0, 0, 0, 0, 0,
    0, 0, 0, 0, 0, 0, 24, 0,
    0, -7, -6, 0, 0, 0, 0, 0,
    0, 0, 0, 0, 0, 0, 0, 0,
    0, 0, -8, 0, -4, 0, 0, 0,
    0, 0, 0, 0, 0, 0, 0, 13,
    -12, -3, -11, -6, -12, -7, -3, 0,
    -9, -10, -11, -12, -5, -9, -8, -5,
    -7, -11, 0, 0, 27, 0, 0, 0,
    0, 0, 0, 0, 0, 0, 0, 0,
    0, -9, 0, -9, -12, -12, -3, -3,
    -3, 0, -7, -7, 0, 0, 0, 0,
    0, -6, 0, 0, 0, 0, 0, 0,
    -4, 0, 0, -10, 5, 0, 0, 0,
    0, 0, 0, 0, 0, 0, 0, 0,
    0, 0, 0, 0, 0, -24, 0, 0,
    0, 0, 0, 0, 0, 0, 0, 0,
    0, 0, 0, -9, 0, 0, 0, 0,
    0, 0, 0, -9, 0, -5, -6, -20,
    0, -21, 0, 0, 0, 0, 0, 0,
    -9, 0, -4, -6, 0, 0, 0, 0,
    0, 0, 0, 0, 0, 0, 0, 0,
    0, 0, 0, 0, -18, 0, 0, 0,
    0, 0, -8, 0, -26, 0, 0, 0,
    -3, -18, 0, 0, 0, 0, 0, 0,
    0, 0, 0, 0, 0, 0, 0, 0,
    0, 0, -7, 0, 0, 0, 0, -2,
    0, -39, -3, -47, -53, 0, -43, 0,
    -14, 0, 0, 0, 0, 0, 0, 0,
    0, 0, 0, 0, 0, 0, -2, 0,
    -31, 0, -31, 0, 0, 0, 0, 0,
    0, 0, -21, 0, -15, 0, 0, 0,
    -14, -25, 0, 0, 0, 0, 0, 0,
    0, 0, 0, 0, 0, -31, -26, -44,
    0, 0, -9, 0, 0, 0, 0, 0,
    0, 0, 0, 0, -7, -6, 0, 0,
    0, 0, 0, 0, 0, 0, 0, 0,
    0, 0, 0, 0, 0, -7, 0, -4,
    0, 0, 0, 0, 0, 0, 0, 0,
    0, 0, 0, -12, -4, -12, -6, -12,
    -7, -5, -2, -9, -10, -12, -12, -5,
    -9, -8, -4, -8, -11, 0, 0, 0,
    0, 0, 0, 0, 0, 0, 0, 0,
    0, 0, 0, 0, -7, 0, -7, -12,
    -12, -5, -5, -5, 0, -7, -8, 0,
    0, 0, 0, 0, 0, 0, 0, 0,
    0, 0, -15, 0, 0, -12, 0, 0,
    0, 0, 0, 0, 0, 0, 0, 0,
    0, 0, 0, 0, -7, 0, -14, -5,
    0, -4, 0, 0, -3, -13, -11, -18,
    -15, 0, 0, -2, -2, 0, 0, -6,
    -3, -6, 0, 0, 0, 0, 0, -2,
    0, 0, -3, -7, -3, 0, 0, 0,
    -11, 0, 0, 0, 0, 0, 0, 0,
    0, 0, 0, 0, 0, -24, -5, -6,
    -2, -2, 0, 0, 0, 0, -6, -3,
    0, 0, 0, 0, 0, -16, 0, 0,
    0, -6, 0, -11, 0, 0, -43, -12,
    -20, 0, 0, 0, 0, 0, 0, 0,
    0, 0, 0, 0, 0, 0, -13, -33,
    -3, 0, -2, 0, 0, 0, -5, -5,
    -17, -6, 0, 0, 0, -7, 0, -9,
    -12, -7, -6, 0, 0, 0, 0, -9,
    -5, 0, 0, 0, 0, 0, 0, 0,
    0, -4, 0, 0, 0, 0, -4, 0,
    0, 0, 0, 0, 0, 0, -59, -3,
    -5, -7, -7, 0, 0, 0, 0, -5,
    0, 0, 0, 0, 0, 0, 0, 0,
    0, 0, 0, 0, -15, 0, 0, -12,
    0, 0, 0, 0, 0, 0, 0, 0,
    0, 0, 0, 0, 0, 0, -7, 0,
    -10, -5, 0, 48, 0, 0, -3, -13,
    -11, -18, -15, 0, 0, -2, -2, 0,
    0, -6, -3, -6, 0, 0, 0, 0,
    0, -2, 0, 0, -3, -7, -3, 0,
    0, 0, -11, 0, 0, 0, 0, 0,
    0, 0, 0, 0, 0, 0, 0, -18,
    -5, -6, -2, -2, 0, 0, 0, 0,
    -6, -3, 0, 0, 0, 0, 0, -6,
    0, 0, 0, 0, 0, 0, -2, 0,
    0, 0, 0, 0, 0, 0, 0, 0,
    0, 0, 0, 0, 0, 0, 0, 0,
    0, 0, 0, 0, 0, 0, -2, -2,
    -13, -24, 0, -21, 0, 0, 0, 0,
    0, 0, 0, 0, 0, 0, 0, 0,
    0, 0, 0, 0, 0, -7, 0, -7,
    0, 0, 0, 0, 0, 0, 0, 0,
    0, 0, 0, 0, 0, 0, 0, 0,
    0, 0, 0, 0, 0, 0, 0, 0,
    0, 0, -7, 0, 0, 0, 0, -2,
    0, 0, 0, 0, 0, 0, -6, 0,
    0, 0, 0, 0, 0, 0, 0, 0,
    0, 0, 0, 0, 0, 0, 0, 0,
    0, 0, -7, 0, 0, 0, 0, 0,
    0, -5, -5, 0, -5, 0, 0, 0,
    0, -2, 0, -3, -2, -3, 0, 0,
    0, 0, 0, -2, 0, 0, -3, 0,
    -3, -3, 0, 0, 0, 0, 0, 0,
    0, 0, 0, 0, 0, 0, 0, 0,
    0, -6, 0, -3, 0, 0, 0, 0,
    0, 0, -3, -3, 0, 0, 0, 0,
    0, -13, 0, 0, 0, -8, 0, 0,
    0, 0, -28, -22, -15, 0, 0, 0,
    0, 0, 0, 0, 0, 0, 0, 0,
    0, 0, -13, -33, 0, 0, 0, 0,
    0, 0, 0, 0, 0, 0, 0, 0,
    0, -15, 0, -24, -13, -21, -3, 0,
    0, 0, 0, -20, -7, 0, -26, 0,
    0, 0, 0, 0, 0, 0, 0, 0,
    0, 0, -20, 0, 0, 0, 0, 0,
    0, 0, -44, 0, -2, -15, -15, 0,
    0, 0, 0, -2, 0, 0, 0, 0,
    0, 0, 0, 0, 0, 0, 0, 0,
    0, 0, 0, -13, -5, -9, 0, 0,
    0, 0, 0, 0, 0, 0, 0, 0,
    -2, 0, 0, -6, -18, 0, -3, 0,
    0, 0, 0, 0, 0, 0, 0, 0,
    0, 0, -14, -3, -13, -5, -14, -8,
    -10, 0, -10, -10, -13, -14, -2, -7,
    -6, -6, -6, -12, 0, 0, 0, 0,
    0, 0, 0, 0, 0, 0, 0, 0,
    0, 0, 0, -25, 0, -12, -14, -14,
    -10, -10, -10, 0, -7, -6, 0, 0,
    0, 0, 0, -8, 0, 0, 0, -5,
    0, 0, 0, 0, -36, -9, -9, 0,
    0, 0, 0, 0, 0, 0, 0, 0,
    0, -5, 0, 0, -9, -43, 0, -14,
    0, -1, 0, 0, 0, 0, 0, 0,
    0, 0, 0, -41, 0, -38, -2, -44,
    -1, -17, 0, -24, -6, -38, -41, 0,
    -22, -2, -6, -36, -8, 0, 0, 0,
    0, 0, 0, 0, -38, 0, 0, 0,
    0, 0, 0, -2, -91, 0, -4, -37,
    -38, -17, -12, -17, 0, -4, -36, 0,
    0, -2, 0, 0, -7, 0, 0, 0,
    -4, 0, 0, 0, 0, -35, -8, -7,
    0, 0, 0, 0, 0, 0, 0, 0,
    0, 0, -4, 0, 0, -7, -41, 0,
    -3, 0, 0, 0, 0, 0, 0, 0,
    0, 0, 0, 0, -39, 0, -40, -2,
    -48, -12, -16, 0, -28, -5, -40, -35,
    0, -22, -2, -5, -18, -8, 0, 0,
    0, 0, 0, 0, 0, -30, 0, 0,
    0, 0, 0, 0, -2, -81, 0, -4,
    -39, -39, -16, -12, -16, 0, -1, -18,
    0, 0, -2, 0, 0, -10, 0, 0,
    0, -2, 0, 0, -8, 0, 0, -19,
    0, 0, 0, 0, 0, 0, 0, 0,
    0, 0, 0, 0, 0, 0, 0, 0,
    0, -19, 0, 0, 0, 0, 0, 0,
    0, 0, 0, 0, 0, 0, 0, -16,
    0, 0, 0, 0, 0, 0, -1, -16,
    0, -8, -9, -28, 0, -31, 0, 0,
    0, 0, 0, 0, -14, -3, 0, -12,
    0, 0, 0, 0, -5, 1, 0, 0,
    0, 0, 0, 0, 0, 0, 0, 0,
    -31, 0, 0, 2, 0, 0, -7, 0,
    0, 0, -5, 0, 0, 0, 0, -33,
    -14, -6, 0, 0, 0, 0, 0, 0,
    0, 0, 0, 0, -5, 0, 0, -7,
    -32, 0, -22, 0, 0, 0, 0, 0,
    0, 0, 0, 0, 0, 0, -43, -10,
    -47, -2, -48, -2, -7, 0, -38, -38,
    -47, -45, -21, -37, -3, -5, -3, -8,
    0, 0, 0, 0, 0, -2, 0, -39,
    0, 0, 0, 0, 0, 0, -2, -78,
    0, -5, -39, -40, -7, -1, -7, 0,
    -1, -3, 0, 0, -2, 0, 0, 0,
    0, 0, 0, 0, 0, 0, 0, 0,
    0, 0, 0, 0, 0, 0, 0, 0,
    0, 0, 0, 0, 0, 0, 0, 0,
    0, 0, 0, 0, 0, 0, 0, 0,
    -3, -2, 0, -3, 0, 0, 0, 0,
    0, -1, 0, 0, 0, 0, -2, 0,
    -5, -1, 0, -4, -4, -12, 0, -12,
    -3, 0, 0, 0, 0, 0, 0, 0,
    0, 0, 0, 0, 0, 0, 0, 0,
    0, 0, 0, 0, 0, 0, 0, 0,
    0, 0, -12, 0, 0, 0, 0, 0,
    0, 0, 0, 0, 0, -2, 0, 0,
    0, 0, 0, 0, -3, 0, 0, 0,
    -2, 0, -3, 0, -3, 0, 0, 0,
    0, 0, -3, 9, -3, 68, 0, 0,
    0, -5, -5, 0, -5, 0, 0, 0,
    -3, 0, -3, 0, 0, 0, 16, 52,
    0, 0, -3, -3, 0, -2, 0, 0,
    0, 0, 0, 0, 0, 0, 0, 0,
    0, 0, 0, 0, 0, 0, 0, 0,
    0, 0, 9, 0, -3, -3, 16, 16,
    9, 0, 0, 0, 0, 0, 0, 0,
    0, 0, 0, -25, 0, 0, 0, 0,
    0, 0, 0, 0, 0, 0, 0, 0,
    0, 0, 0, 0, -16, 0, 0, 0,
    0, 0, 0, 0, 0, 0, 0, 0,
    -15, -9, -30, -27, 0, -24, 0, 0,
    0, 0, 0, 0, 0, 0, 0, 0,
    0, 0, 0, 0, 0, 0, 0, -15,
    0, -16, 0, 0, 0, 0, 0, 0,
    0, 0, 0, 0, 0, 0, 0, 0,
    0, 0, 0, 0, 0, 0, 0, 0,
    0, 0, 0, 0, -16, 0, -25, 0,
    0, 0, -3, 0, -14, 0, 0, 0,
    -12, -6, 0, 0, -3, 0, 0, 0,
    0, 0, 0, 0, 0, 0, 0, 0,
    0, 0, -10, 0, 0, 0, -2, -7,
    0, -14, -11, -36, -31, 0, -35, 0,
    -19, -2, 0, 0, 0, 0, 0, 0,
    0, 0, 0, 0, 0, 0, 0, 0,
    -6, 0, -5, 0, 0, 0, -5, 0,
    0, 0, -3, 0, -10, 0, 0, 0,
    0, -8, 0, 0, 0, 0, 0, 0,
    0, 0, 0, 0, 0, -5, -41, -16,
    0, 0, -12, 0, 0, -13, 0, 0,
    0, -18, 0, 0, 0, 0, 0, 0,
    0, 0, 0, 0, 0, 0, 0, 0,
    0, 0, 0, -13, 0, -10, -11, 0,
    -11, -2, -17, -12, -39, -33, -22, -38,
    -9, -15, -3, 0, 0, 0, 0, 0,
    -6, 0, 0, 0, 0, 0, 0, 0,
    0, -7, -11, -7, 0, 0, 0, -14,
    0, 0, 0, 0, 0, 0, 0, 0,
    0, 0, -5, 0, -10, -11, 0, 0,
    0, 0, 0, 0, 0, 0, -7, -41,
    -13, 0, 0, -6, 0, 0, -4, 0,
    0, 0, -15, 0, 0, 0, -5, 0,
    0, 0, 0, 0, 0, 0, 0, 0,
    0, 0, 0, 0, -7, 0, -6, -3,
    0, -8, 0, 0, -7, -26, -25, -10,
    -29, 0, -10, -3, 0, 0, 0, 0,
    0, 0, 0, 37, 0, 0, 0, 0,
    0, 0, -2, -1, -2, 0, 0, 0,
    -10, 0, 0, 0, 0, 0, 0, 0,
    0, 0, 0, 0, 0, -6, -3, 0,
    0, 0, 0, 0, 0, 0, 0, -2,
    0, -5, 0, 0, -6, 0, 0, 0,
    0, 0, 0, 12, 0, 0, 0, -3,
    0, 0, 0, 0, 0, 0, 0, 0,
    0, 0, 0, 0, 0, 0, 0, 0,
    0, -2, -3, 0, -1, -3, -2, -1,
    0, -1, 0, 10, 10, 0, 0, 0,
    0, 0, 0, 0, 0, 0, 0, 0,
    0, 0, 0, 0, 0, 0, 0, 0,
    0, 12, 0, 0, 0, 0, 0, -2,
    0, 0, 0, 0, 0, 0, 0, 0,
    0, 0, 0, 0, 0, 0, 0, 0,
    0, 0, 0, 0, 0, 0, 0, 0,
    -9, 0, 0, 0, -16, 0, 0, 0,
    0, 0, 0, 0, 0, 0, 0, 0,
    0, 0, 0, 0, 0, 0, -10, 0,
    -8, -6, 0, -10, 0, -6, -10, -35,
    -28, -14, -37, -4, -12, -3, 0, 0,
    0, 0, 0, 0, 0, 0, -3, 0,
    0, 0, 0, 0, -6, -9, -7, 0,
    0, 0, -12, 0, 0, 0, 0, 0,
    0, 0, 0, 0, 0, 0, 0, -7,
    -6, 0, 0, 0, 0, 0, 0, 0,
    0, -7, -2, -9, 0, 0, -6, 0,
    24, 37, 0, 0, 0, 22, 22, 0,
    0, -12, 0, 0, 0, 0, 0, 0,
    0, 0, 0, 0, 0, 0, 0, 44,
    0, 0, 40, 0, 43, 10, 45, 48,
    66, 66, 57, 63, 32, 38, 19, 0,
    0, -10, 0, 0, 0, 0, 0, 0,
    0, -10, 0, 0, 0, 0, 0, 0,
    0, 0, 13, 26, 0, 0, 0, 23,
    -9, 12, 0, 0, 0, 0, 21, 0,
    0, 40, 0, 0, 0, 0, 0, 0,
    0, 0, 0, 21, 38, 0, 0, 40,
    0, 0, 0, 0, 0, 0, 0, 0,
    0, 0, -2, 0, 0, 0, 0, 0,
    0, 0, 0, 0, 0, 0, 0, 0,
    4, 0, 0, 0, -4, 0, 0, 0,
    -3, -7, -7, 0, -6, 0, 0, 0,
    -6, 0, -9, 0, 0, 0, 0, 0,
    0, 0, -9, -5, 0, 0, -7, 0,
    -8, 0, 0, 0, 0, 0, 0, 0,
    0, -32, 0, 0, 0, 0, 0, 0,
    0, 0, 0, 0, -6, -6, 0, 0,
    0, 0, 0, -8, 0, 0, 0, 0,
    0, 0, 0, -13, 0, 0, 0, -9,
    -6, 0, 0, -2, 0, 0, 0, 0,
    0, 0, 0, 0, 0, 0, 0, 0,
    0, -12, 0, 0, 0, -5, -10, 0,
    -16, -13, -38, -33, 0, -37, 0, -18,
    -2, 0, 0, 0, 0, -4, 0, 0,
    0, 0, 0, 0, 0, 0, 0, -6,
    0, -6, 0, 0, 0, -4, 0, 0,
    0, -2, 0, -10, 0, 0, 0, 0,
    -7, 0, 0, 0, 0, 0, 0, 0,
    0, 0, 0, 0, -6, -9, -14, 0,
    0, -12, 0, 5, 0, 0, 0, 0,
    9, -2, 0, 0, -3, 0, 0, 0,
    0, 0, 0, 0, 0, 0, 0, 0,
    0, 0, 5, 0, 0, 0, -6, -6,
    0, -3, -6, -5, -5, 0, -5, 0,
    0, 3, 0, 0, 0, 0, 0, 0,
    0, 0, 0, 0, 0, 0, 0, 0,
    -2, 0, -2, 0, 0, 0, 13, 0,
    0, 0, 0, 0, -2, 0, 0, 0,
    0, 0, 0, 0, 0, 0, 0, 0,
    0, 0, 0, 0, 0, -2, 0, 7,
    0, 0, 0, 0, 7, -7, 0, 0,
    0, -9, 0, 0, 0, 0, 0, 0,
    0, 0, 0, 0, 0, 0, 0, 0,
    0, 0, 0, -9, 0, -4, 0, 0,
    0, 0, 0, 0, 0, -2, 0, -3,
    0, -13, -2, 0, 0, 0, 0, 0,
    0, 0, 0, 0, 0, 0, 0, 0,
    0, -3, 0, -5, 0, 0, 0, -7,
    0, 0, 0, 5, 0, 0, 0, 0,
    0, 0, 8, 0, -4, 0, 0, 0,
    0, 0, 0, 0, 0, 0, -5, -2,
    -9, 0, 0, -6, -3, 0, 0, 0,
    0, 0, 0, 0, 0, 0, -18, 0,
    0, 0, 0, 0, 0, 0, 0, 0,
    0, 0, 0, 0, 0, 0, 0, 0,
    -13, -6, 0, 0, -10, -22, -19, 0,
    -17, 0, 0, 0, -2, -14, -13, 0,
    0, -14, 0, 0, 0, 0, -13, 0,
    0, 0, 0, 0, 0, 0, 0, 0,
    0, 0, 0, 0, 0, -13, 0, 0,
    0, 0, 0, 0, 0, 0, 0, -16,
    -2, -2, 0, 0, 0, 0, -16, 0,
    0, -6, 0, 0, -6, 0, 0, 0,
    0, 0, 0, 0, 0, 0, 0, 0,
    0, 0, 0, 0, 0, 0, 0, 0,
    0, 0, 0, 0, 0, 0, 0, 0,
    0, 0, 0, 0, 0, 0, 0, 0,
    0, 0, 0, 0, 0, 0, 0, -6,
    0, 0, 3, 0, 0, 0, 0, -6,
    0, 0, 0, 0, 0, 0, 0, 0,
    0, 0, 0, 0, 0, 0, 0, 0,
    0, 0, 0, 0, 0, 0, 0, 0,
    0, 0, 0, 0, 0, 0, 0, 0,
    0, 0, 0, 0, 0, 0, 0, -4,
    -14, 0, 0, 0, -17, 0, 0, 0,
    0, 0, 0, 0, 0, 0, 0, 0,
    0, 0, 0, 0, 0, 0, -14, 0,
    -10, -10, 0, -10, -2, -15, -12, -38,
    -33, -22, -37, -9, -14, -3, 0, 0,
    0, 0, 0, 0, 0, 0, 0, 0,
    0, 0, 0, 0, -6, -11, -9, 0,
    0, 0, -13, 0, 0, 0, 0, 0,
    0, 0, 0, 0, 0, -6, 0, -11,
    -10, 0, 0, 0, 0, 0, 0, 0,
    0, -9, -10, -15, 0, 0, -9, 0,
    0, 0, 0, 0, 0, 0, 0, 0,
    0, 0, 0, 0, 0, 0, 0, 0,
    0, 0, 0, 0, 0, 0, 0, -4,
    0, -4, -6, 0, 82, 0, -3, -7,
    -28, -24, 0, -31, -2, -7, 0, 0,
    0, 0, 0, 0, 0, 0, 0, 0,
    0, 0, 0, 0, 0, 0, 0, 0,
    0, 0, 0, 4, 0, 0, 0, 0,
    0, 0, 0, 0, 0, 0, 0, 0,
    -3, -6, 0, 0, 0, 0, 0, 0,
    0, 0, 0, 0, 0, 0, 0, 0,
    -12, 0, 0, 0, 0, 0, -15, 0,
    0, -22, -6, -10, 0, 0, 0, 0,
    0, 0, 0, 0, 0, 0, 0, 0,
    0, 0, -26, -10, 0, -10, -2, 0,
    -7, -20, -17, -22, -20, 0, 0, -2,
    0, -12, -8, -3, 0, -15, 0, 0,
    0, 0, -8, 0, 0, 0, 0, 0,
    0, 0, 0, 0, -8, 0, 0, 0,
    0, -3, 0, 0, 0, 0, 0, 0,
    0, -33, -10, 0, 0, 0, 0, 0,
    0, 0, 0, 0, 0, 0, 0, 0,
    0, 0, 0, 0, 0, 0, 0, -14,
    0, 0, 0, 0, 0, 0, 0, 0,
    0, 0, 0, 0, 0, 0, 0, 0,
    0, 0, 0, -6, -6, -2, -11, 0,
    -4, -12, -27, -26, -7, -25, -2, -7,
    -3, 0, 0, 0, 0, 0, 0, 0,
    0, 0, 0, 0, 0, 0, 0, 0,
    0, 0, 0, 0, 0, -9, 0, 0,
    0, 0, 0, 0, 0, 0, 0, 0,
    0, 0, -5, -6, 0, 0, 0, 0,
    0, 0, 0, 0, 0, 0, 0, 0,
    0, 0, -4, 0, 0, 0, 0, 0,
    -3, 0, 0, 0, 0, 0, 0, 0,
    0, 0, 0, 0, 0, 0, 0, 0,
    0, 0, 0, 0, 0, 0, 0, -1,
    0, 0, -2, -6, -5, 0, -4, 0,
    0, 0, 0, 0, -2, 0, -5, 0,
    0, 8, 0, 0, -2, 0, -16, 0,
    0, 0, 0, 0, 0, 0, 0, 0,
    0, 0, 0, 0, 0, 0, 0, 0,
    0, 0, 0, 0, 0, 0, 0, 0,
    0, 0, 0, 0, 0, 0, 0, 0,
    0, 0, -3, -16, 0, 0, 0, -5,
    0, -14, 0, 0, -25, -12, -16, 0,
    0, 0, 0, 0, 0, 0, 0, 0,
    0, 0, 0, 0, -13, -31, -11, -3,
    -10, -3, 0, -8, -14, -12, -19, -14,
    0, 0, 0, -6, 0, -9, -8, -7,
    -17, 0, 0, 0, 0, -9, -7, 0,
    0, 0, 0, 0, 0, 0, 0, -4,
    0, 0, 0, 0, -11, 0, 0, 0,
    0, 0, 0, 0, -40, -11, -4, -6,
    -6, 0, 0, 0, 0, -4, 0, 0,
    0, 0, 0, 0, -7, 0, 0, 0,
    0, 0, -2, 0, 0, 0, -20, 0,
    0, 0, 0, 0, 0, 0, 0, 0,
    0, 0, 0, 0, 0, 0, 0, 0,
    -13, -5, 0, 0, -10, -21, -19, 0,
    -16, 0, 0, 0, 0, 0, -12, 0,
    0, 0, 0, 0, 0, 0, -12, 0,
    0, 0, 0, 0, 0, 0, 0, 0,
    0, 0, 0, 0, 0, -16, 0, 0,
    0, 0, 0, 0, 0, 0, 0, 0,
    0, 0, 0, 0, 0, 0, 0, 0,
    0, 0, 0, 0, 0, 0, 0, 0,
    0, 0, 0, -10, 0, 0, 0, -3,
    0, 0, 0, 0, 0, 0, 0, 0,
    0, 0, 0, 0, 0, 0, 0, -2,
    -2, -2, -9, 0, 0, -10, -25, -22,
    0, -20, 0, 0, 0, 0, 0, 0,
    0, 0, 0, 0, 0, 0, 0, 0,
    0, 0, 0, 0, 0, 0, 0, 0,
    0, 0, 0, 0, 0, 0, 0, 0,
    0, 0, 0, 0, 0, 0, 0, -2,
    0, 0, 0, 0, 0, 0, 0, 0,
    0, 0, 0, 0, 0, 0, 0, 0,
    0, 0, 0, -8, 0, 0, 0, 0,
    0, 0, -11, 0, 0, 0, -9, 0,
    -11, 0, -3, 0, 0, 0, 0, 0,
    -5, 22, -12, 75, 0, 0, 0, -5,
    -5, 0, -5, 0, 0, 0, -8, 4,
    -14, 0, 0, 0, 28, 59, 0, 0,
    -14, -9, 0, -4, -3, 0, 0, -3,
    -10, 0, 0, 0, 0, 0, 0, 0,
    0, 0, 0, 0, 0, 0, 0, -4,
    22, 3, -8, -8, 23, 28, 18, 0,
    3, 0, 0, 0, 0, 0, 0, 0,
    0, 0, 0, 0, 0, 0, 0, 0,
    0, 0, 0, 0, 0, 0, 0, 0,
    0, 0, 0, 0, 0, 0, 0, 0,
    0, 0, 0, 0, 62, 0, 0, 0,
    0, 0, 0, 0, 0, 0, 0, 0,
    0, 0, 0, 0, 0, 0, 41, 0,
    0, 0, 0, 0, 0, 0, 0, 0,
    0, 0, 0, 0, 0, 0, 0, 0,
    0, 0, 0, 0, 0, 0, 0, 0,
    0, 0, 0, 0, 0, 0, 0, 0,
    0, 0, 0, 0, 0, 0, 0, 0,
    0, 0, 0, 0, 0, 0, -12, 0,
    0, 0, 0, 0, 0, 0, 0, 0,
    0, 0, 0, 0, 0, 0, 0, 0,
    0, 0, 0, 0, 0, 0, 0, 0,
    0, 0, 0, 0, 0, 0, 0, 0,
    0, 0, 0, 0, 0, 0, 0, 0,
    0, 0, 0, 0, 0, 0, 0, 0,
    0, 0, 0, 0, -10, 0, 0, 0,
    0, 0, 0, 0, 0, 0, 0, 0,
    0, 0, 0, 0, 0, 0, 0, 0,
    0, 0, 0, 0, 0, 0, 0, 0,
    0, 0, 0, 0, 0, 0, 0, 0,
    0, 0, 0, 0, 0, 0, 0, 0,
    0, 0, 0, 0, 0, 0, 0, 0,
    0, 0, 0, 0, 0, 0, 74, 0,
    0, -7, -18, -16, 0, -12, 0, 0,
    0, 0, 0, 0, 0, 0, 0, 0,
    56, 0, 0, 0, 0, 0, 0, 0,
    0, 0, 0, 0, 0, 0, 0, 0,
    0, 0, 0, 0, 0, 0, 0, 0,
    0, 0, 0, 0, 0, 0, 0, 0,
    0, 0, 0, 0, 0, 0, 0, 0,
    0, 0, 0, 0, 0, 0, 0, 0,
    0, 0, 0, 0, 0, 0, 0, -4,
    0, 0, 0, 0, 0, 0, 0, 0,
    0, 0, 0, 0, 0, 0, 0, 0,
    0, 0, 0, 0, 0, 0, 0, 0,
    0, 0, 0, 0, 0, 0, 0, 0,
    0, 0, 0, 0, 0, 0, 0, 0,
    0, 0, 0, 0, 0, 0, 0, 0,
    0, 0, 0, 0, 0, 0, 0, 0,
    0, 0, 0, 0, 0, 0, 0, 0,
    0, 0, 0, 0, 0, 0, 0, 0,
    0, 0, 0, 0, 0, 0, 0, 0,
    0, 0, 0, 0, 0, 0, 0, 0,
    0, 0, 0, 0, 0, 0, 0, 0,
    0, 0, 0, 0, 0, 0, 0, 0,
    0, 0, 0, 0, -10, -7, 0, -7,
    0, 0, 0, 0, 0, 0, 0, 0,
    0, 0, 0, 0, 0, 0, 0, 0,
    0, 0, 0, 0, 0, 0, 0, 0,
    0, 0, 0, 0, 0, 0, 0, 0,
    0, 0, 0, 0, 0, 0, 0, 0,
    0, 0, 0, 0, 0, 0, 0, 0,
    0, 0, 0, 0, 0, 0, 0, 0,
    0, 0, 0, 0, 0, 0, 0, 0,
    -7, 0, 0, 0, -44, 0, -10, 0,
    0, 0, 0, 0, 0, 0, 0, 0,
    0, 0, 0, 0, 0, 0, 0, 0,
    0, 0, 0, 0, 0, 0, 0, 0,
    0, 0, 0, 0, 0, 0, 0, 0,
    0, 0, 0, 0, 0, 0, 0, 0,
    0, 0, 0, 0, 0, 0, 0, 0,
    0, 0, 0, 0, 0, 0, 0, 0,
    0, 0, 0, 0, 0, 0, 0, 0,
    0, 0, 0, 0, 0, 0, 0, 0,
    0, 0, 0, 0, 0, 0, 0, 0,
    0, 0, -14, -14, -8, 0, -2, 0,
    -14, 0, -3, 0, 0, 0, 0, 0,
    -10, 0, 0, 0, 0, 0, 0, 0,
    0, 0, 0, 0, 0, 0, 0, 0,
    0, 0, -29, 0, 0, 0, 0, 0,
    0, 0, 0, 0, 0, 0, 0, 0,
    0, 0, 0, 0, 0, 0, 0, 0,
    0, 0, 0, 0, 0, 0, 0, -10,
    0, 0, 0, 0, 0, 0, 0, 0,
    0, 0, 0, 0, 0, 0, 0, 0,
    0, 0, 0, 0, 0, 0, 0, 0,
    0, 0, 0, 0, 0, 0, 0, 0,
    0, 0, 0, 0, 0, 0, 0, 0,
    0, 0, 0, 0, 0, 0, 0, 0,
    0, 0, 0, 0, 0, 0, 0, 0,
    0, 0, 0, 0, 0, 0, 0, 0,
    0, 0, 0, 0, 0, 0, 0, 0,
    0, 0, 0, 0, 0, 0, 0, 0,
    0, 0, 0, -9, 0, 0, 0, 0,
    0, 0, 0, 0, 0, 0, 0, 0,
    0, 0, 0, 0, 0, 0, 0, 0,
    0, -13, 0, 0, 0, 0, 0, 0,
    0, 0, 0, 0, 0, 0, 0, 0,
    0, 0, 0, 0, 0, 0, 0, 0,
    0, -6, 0, 0, 0, 0, -43, 0,
    -37, -31, -7, -48, 0, 0, 0, 0,
    0, 0, 0, 0, 0, 0, 0, 0,
    0, 0, 0, 0, 0, -10, -16, -11,
    0, 0, 0, 0, 0, 0, 0, 0,
    0, 0, 0, 0, 0, 0, 0, 0,
    -7, 0, 0, 0, 0, 0, 0, 0,
    0, 0, -11, 0, -13, 0, 0, 0,
    0, 0, 0, 0, 0, 0, 0, 0,
    0, 0, 0, 0, 0, 0, 0, 0,
    0, 0, 0, 0, 0, 0, 0, 0,
    0, 0, 0, 0, 0, 0, 0, 0,
    0, -2, -2, 0, -2, 0, 0, 0,
    0, 0, 0, 0, 0, 0, 0, 13,
    0, 0, 0, 0, 0, 0, 0, 0,
    0, 0, 0, 0, 0, 0, 0, 0,
    0, 0, 0, 0, 0, 0, 0, 0,
    0, 0, 0, 0, 0, 0, 0, 0,
    0, 0, 0, 0, 0, 0, 0, 0,
    0, 0, 0, 0, 0, 0, 0, 13,
    0, 0, 0, -7, 0, 0, 0, 0,
    0, 0, 0, 0, 0, 0, 0, 0,
    0, 0, 0, 0, 0, -5, 0, 0,
    0, 0, 0, 0, 0, 0, 0, 0,
    5, -3, 0, -11, 0, -5, 0, 0,
    -2, 0, -7, -11, -3, -5, -7, -9,
    0, -9, -2, 0, 0, 7, 0, 0,
    0, 0, 0, 0, 0, 0, 0, 0,
    0, 0, 0, 0, -2, -3, -3, 0,
    0, 0, 0, -2, -9, 0, 0, 0,
    0, 0, -5, 0, 0, 0, 0, 0,
    -14, 0, 0, -16, 0, -4, 0, 0,
    0, 0, 0, 0, 0, 0, 0, 0,
    0, 0, -12, 0, -18, -4, 0, -1,
    0, 0, -1, -14, -11, -40, -18, -1,
    0, 0, 0, 0, 0, -2, 0, -1,
    0, 0, 0, 0, 0, 0, 0, 0,
    -2, -5, 0, 0, 0, 0, -10, 0,
    0, 0, 0, 0, 0, 0, 0, 0,
    0, 0, 0, -33, -4, 0, 0, 0,
    0, 0, 0, 0, 0, 0, 0, 0,
    0, 0, 0, -6, 0, -7, 0, 0,
    0, -8, -7, 0, 0, 0, 0, 0,
    0, 0, 0, 0, 0, 0, 0, 0,
    0, 0, 0, -5, 0, -6, -5, -2,
    -7, 0, -14, -7, -20, -18, -7, -21,
    -6, -8, 0, 0, 0, 0, 0, 0,
    0, 0, 0, 0, 0, 0, 0, -2,
    0, -13, -12, -14, -2, 0, 0, -6,
    0, 0, 0, -7, 0, -9, 0, 0,
    0, 0, -8, 0, -5, -5, 0, 0,
    0, 0, 0, 0, 0, 0, -14, -8,
    -7, 0, 0, -5, 0, 5, 9, 0,
    0, 0, 9, 5, 0, 0, -3, 0,
    0, 0, 0, 0, 0, 0, 0, 0,
    0, 0, 0, 0, 10, 0, 0, 0,
    -6, -6, 0, -3, -6, -5, -5, 0,
    -5, 0, 0, 3, 0, 0, 0, 0,
    0, 0, 0, 0, 0, 0, 0, 0,
    0, 0, -2, 0, -2, 0, 0, 0,
    3, 0, 0, 0, 0, 0, -2, 0,
    0, 0, 0, 0, 0, 0, 0, 0,
    0, 0, 0, 0, 0, 0, 0, -2,
    0, 9, 0, 0, 10, 0, 0, -9,
    0, 0, 0, -12, 0, 0, -2, 0,
    0, 0, 0, 0, 0, 0, 0, 0,
    0, 0, 0, 0, 0, -5, 0, -12,
    -10, 0, -9, -3, -7, -12, -27, -25,
    -21, -32, -7, -10, -2, 0, 0, 0,
    0, 0, 0, 0, 0, 0, 0, 0,
    0, 0, 0, -6, -9, -6, 0, 0,
    0, -9, 0, 0, 0, 0, 0, 0,
    0, 0, 0, 0, 0, 0, -14, -10,
    0, 0, 0, 0, 0, 0, 0, 0,
    -6, -5, -9, 0, 0, -5, 0, 0,
    0, 0, 0, 0, 0, 0, 0, 0,
    0, 0, 0, -13, -13, -12, -6, 0,
    0, -9, -9, 0, 0, 0, 0, 0,
    0, 0, 0, 0, 0, 0, 0, 0,
    0, 0, 0, 0, 0, 0, 0, 0,
    0, 0, 0, 0, 0, 0, 0, 0,
    0, 0, 0, 0, 0, 0, 0, 0,
    0, 0, 0, 0, 0, 0, 0, 0,
    0, 0, 0, 0, 0, 0, 0, 0,
    0, 0, 0, 0, 0, 0, 0, 0,
    0, 0, 0, 0, 0, 0, 0, 0,
    0, 0, 0, 0, 0, 0, 0, 0,
    -70, 0, 0, 0, 0, 0, 0, 0,
    0, 0, 0, 0, 0, 0, 0, 0,
    0, -51, 0, 0, 0, 0, 0, 0,
    -4, -3, -3, -5, 0, 0, 0, 0,
    0, -7, -8, -7, -2, 0, 0, 0,
    0, -7, 0, 0, 0, 4, 0, 6,
    0, 0, 0, 0, 0, 0, 0, 0,
    0, 0, 0, 0, 0, 0, 0, 0,
    -47, 0, -2, 0, 0, 0, 0, 0,
    0, -2, 6, 0, 0, 0, 0, 0,
    -10, 0, 0, 0, -10, 0, 0, 0,
    0, -75, -9, -25, 0, 0, 0, 0,
    0, 0, 0, 0, 0, 0, 0, 0,
    0, -22, -34, 0, 0, 0, 0, 0,
    0, 0, 0, 0, 0, 0, 0, 0,
    -12, 0, -12, -11, -12, 0, 0, 0,
    0, 0, -12, -6, 0, 0, 0, 0,
    0, 0, 0, 0, 0, 0, 0, 0,
    0, -12, 0, 0, 0, 0, 0, 0,
    0, -49, 0, 0, -12, -12, 0, 0,
    0, 0, 0, 0, 0, 0, 0, 0,
    0
};


/*Collect the kern class' data in one place*/
static const lv_font_fmt_txt_kern_classes_t kern_classes =
{
    .class_pair_values   = kern_class_values,
    .left_class_mapping  = kern_left_class_mapping,
    .right_class_mapping = kern_right_class_mapping,
    .left_class_cnt      = 89,
    .right_class_cnt     = 89,
};

/*--------------------
 *  ALL CUSTOM DATA
 *--------------------*/

#if LVGL_VERSION_MAJOR == 8
/*Store all the custom data of the font*/
static  lv_font_fmt_txt_glyph_cache_t cache;
#endif

#if LVGL_VERSION_MAJOR >= 8
static const lv_font_fmt_txt_dsc_t font_dsc = {
#else
static lv_font_fmt_txt_dsc_t font_dsc = {
#endif
    .glyph_bitmap = glyph_bitmap,
    .glyph_dsc = glyph_dsc,
    .cmaps = cmaps,
    .kern_dsc = &kern_classes,
    .kern_scale = 16,
    .cmap_num = 5,
    .bpp = 1,
    .kern_classes = 1,
    .bitmap_format = 0,
#if LVGL_VERSION_MAJOR == 8
    .cache = &cache
#endif
};



extern const lv_font_t ui_font_ko_display_36;

/*-----------------
 *  PUBLIC FONT
 *----------------*/

/*Initialize a public general font descriptor*/
#if LVGL_VERSION_MAJOR >= 8
const lv_font_t ui_font_display_36 = {
#else
lv_font_t ui_font_display_36 = {
#endif
    .get_glyph_dsc = lv_font_get_glyph_dsc_fmt_txt,    /*Function pointer to get glyph's data*/
    .get_glyph_bitmap = lv_font_get_bitmap_fmt_txt,    /*Function pointer to get glyph's bitmap*/
    .line_height = 41,          /*The maximum line height required by the font*/
    .base_line = 7,             /*Baseline measured from the bottom of the line*/
#if !(LVGL_VERSION_MAJOR == 6 && LVGL_VERSION_MINOR == 0)
    .subpx = LV_FONT_SUBPX_NONE,
#endif
#if LV_VERSION_CHECK(7, 4, 0) || LVGL_VERSION_MAJOR >= 8
    .underline_position = -4,
    .underline_thickness = 1,
#endif
    .dsc = &font_dsc,          /*The custom font data. Will be accessed by `get_glyph_bitmap/dsc` */
#if LV_VERSION_CHECK(8, 2, 0) || LVGL_VERSION_MAJOR >= 9
    .fallback = &ui_font_ko_display_36,
#endif
    .user_data = NULL,
};



#endif /*#if UI_FONT_DISPLAY_36*/

