/*******************************************************************************
 * Size: 56 px
 * Bpp: 1
 * Opts: --font PlayfairDisplay[wght].ttf@wght=800 --size 56 --bpp 1 --format lvgl --symbols  !"#$%&'()*+,-./0123456789:;<=>?@ABCDEFGHIJKLMNOPQRSTUVWXYZ[\]^_`abcdefghijklmnopqrstuvwxyz{|}~ ¡¢£¤¥¦§¨©ª«¬®¯°±²³´¶·¸¹º»¼½¾¿ÀÁÂÃÄÅÆÇÈÉÊËÌÍÎÏÐÑÒÓÔÕÖ×ØÙÚÛÜÝÞßàáâãäåæçèéêëìíîïðñòóôõö÷øùúûüýþÿ‐–—‘’‚“”„†‡•…‰′″‹›⁄€№™≈≠≤≥ --no-compress --lv-font-name ui_font_display_56 -o components/news_core/fonts/ui_font_display_56.c
 ******************************************************************************/

#ifdef LV_LVGL_H_INCLUDE_SIMPLE
#include "lvgl.h"
#else
#include "lvgl/lvgl.h"
#endif

#ifndef UI_FONT_DISPLAY_56
#define UI_FONT_DISPLAY_56 1
#endif

#if UI_FONT_DISPLAY_56

/*-----------------
 *    BITMAPS
 *----------------*/

/*Store the image of the glyphs*/
static LV_ATTRIBUTE_LARGE_CONST const uint8_t glyph_bitmap[] = {
    /* U+0020 " " */
    0x0,

    /* U+0021 "!" */
    0x1f, 0x7, 0xf1, 0xff, 0x7f, 0xef, 0xff, 0xff,
    0xff, 0xff, 0xff, 0xff, 0xff, 0xff, 0xff, 0xbf,
    0xe7, 0xfc, 0xff, 0x9f, 0xf1, 0xfc, 0x3f, 0x87,
    0xf0, 0xfe, 0xf, 0x81, 0xf0, 0x3e, 0x7, 0x80,
    0x70, 0xe, 0x1, 0xc0, 0x38, 0x2, 0x0, 0x40,
    0x8, 0x1, 0x0, 0x20, 0x4, 0x0, 0x0, 0x0,
    0x0, 0x1, 0xf0, 0xff, 0xbf, 0xff, 0xff, 0xff,
    0xff, 0xff, 0xff, 0xbf, 0xe1, 0xf0,

    /* U+0022 "\"" */
    0x3c, 0xf, 0x1f, 0x87, 0xef, 0xf3, 0xff, 0xfc,
    0xff, 0xff, 0x3f, 0xff, 0xcf, 0xff, 0xf3, 0xfd,
    0xf8, 0x7e, 0x7e, 0x1f, 0x9f, 0x87, 0xe3, 0xc0,
    0xf0, 0xf0, 0x3c, 0x18, 0x6, 0x6, 0x1, 0x81,
    0x80, 0x60,

    /* U+0023 "#" */
    0x0, 0x8, 0x1, 0x0, 0x0, 0x20, 0x8, 0x0,
    0x0, 0x80, 0x20, 0x0, 0x6, 0x0, 0x80, 0x0,
    0x10, 0x2, 0x0, 0x0, 0x40, 0x8, 0x0, 0x1,
    0x0, 0x60, 0x0, 0x4, 0x1, 0x0, 0x3f, 0xff,
    0xff, 0xfc, 0x0, 0x80, 0x10, 0x0, 0x2, 0x0,
    0x40, 0x0, 0x8, 0x3, 0x0, 0x0, 0x20, 0x8,
    0x0, 0x0, 0x80, 0x20, 0x0, 0x4, 0x0, 0x80,
    0x0, 0x10, 0x2, 0x0, 0x0, 0x40, 0x18, 0x0,
    0x1, 0x0, 0x40, 0x0, 0x4, 0x1, 0x0, 0x3f,
    0xff, 0xff, 0xfc, 0x0, 0x80, 0x10, 0x0, 0x2,
    0x0, 0xc0, 0x0, 0x8, 0x2, 0x0, 0x0, 0x20,
    0x8, 0x0, 0x1, 0x80, 0x20, 0x0, 0x4, 0x0,
    0x80, 0x0, 0x10, 0x6, 0x0, 0x0, 0x40, 0x10,
    0x0,

    /* U+0024 "$" */
    0x0, 0x10, 0xc0, 0x0, 0x0, 0x86, 0x0, 0x0,
    0x4, 0x30, 0x0, 0x0, 0x21, 0x80, 0x0, 0x1,
    0xc, 0x0, 0x0, 0x8, 0x60, 0x0, 0x0, 0x43,
    0x0, 0x0, 0xf, 0xf8, 0xc, 0x3, 0xf0, 0xf8,
    0x60, 0x7c, 0x86, 0x73, 0x7, 0xc4, 0x31, 0xf8,
    0x7e, 0x21, 0x87, 0xc7, 0xf1, 0xc, 0x1e, 0x3f,
    0x88, 0x60, 0xf3, 0xfc, 0x43, 0x3, 0x9f, 0xe2,
    0x18, 0x1c, 0xff, 0x90, 0xc0, 0xe7, 0xfe, 0x86,
    0x3, 0x3f, 0xfc, 0x30, 0x19, 0xff, 0xe1, 0x80,
    0xcf, 0xff, 0xcc, 0x6, 0x3f, 0xff, 0x60, 0x1,
    0xff, 0xff, 0x0, 0x7, 0xff, 0xf8, 0x0, 0x1f,
    0xff, 0xf0, 0x0, 0xff, 0xff, 0xc0, 0x1, 0xff,
    0xff, 0x0, 0x7, 0xff, 0xfe, 0x0, 0x1f, 0xff,
    0xf8, 0x0, 0x3f, 0xff, 0xe0, 0x0, 0xff, 0xff,
    0x80, 0x3, 0xff, 0xfc, 0x80, 0x17, 0xff, 0xf6,
    0x0, 0x9f, 0xff, 0xb0, 0x4, 0x3f, 0xfd, 0x80,
    0x21, 0xff, 0xec, 0x1, 0xf, 0xff, 0x60, 0x8,
    0x6f, 0xfb, 0x0, 0x43, 0x3f, 0xdc, 0x2, 0x18,
    0xfe, 0xe0, 0x10, 0xc7, 0xf7, 0x0, 0x86, 0x3f,
    0xbc, 0x4, 0x31, 0xf9, 0xf0, 0x21, 0x8f, 0x8f,
    0xc1, 0xc, 0x78, 0x6f, 0x8, 0x67, 0x82, 0xe,
    0x43, 0xf0, 0x10, 0xf, 0xfc, 0x0, 0x0, 0x10,
    0xc0, 0x0, 0x0, 0x86, 0x0, 0x0, 0x4, 0x30,
    0x0, 0x0, 0x21, 0x80, 0x0, 0x1, 0xc, 0x0,
    0x0, 0x8, 0x60, 0x0, 0x0, 0x43, 0x0, 0x0,

    /* U+0025 "%" */
    0x0, 0x0, 0x0, 0x0, 0x30, 0x0, 0x0, 0x0,
    0x3, 0x0, 0x0, 0x0, 0x0, 0x10, 0x7, 0xf0,
    0x0, 0x1, 0x80, 0xf1, 0xe0, 0x0, 0x18, 0xf,
    0x7, 0x80, 0x0, 0x80, 0xf8, 0x3e, 0x0, 0xc,
    0xf, 0x81, 0xf8, 0x0, 0xc0, 0x7c, 0x7, 0xc0,
    0x4, 0x7, 0xe0, 0x3f, 0x0, 0x60, 0x3f, 0x1,
    0xf8, 0x6, 0x1, 0xf8, 0xf, 0xc0, 0x20, 0xf,
    0xc0, 0x7e, 0x3, 0x0, 0x7e, 0x3, 0xf0, 0x30,
    0x3, 0xf0, 0x1f, 0x81, 0x0, 0x1f, 0x80, 0xfc,
    0x18, 0x0, 0x7c, 0x7, 0xc1, 0x80, 0x3, 0xe0,
    0x3e, 0x8, 0x0, 0xf, 0x83, 0xe0, 0xc0, 0x0,
    0x3c, 0x1e, 0xc, 0x0, 0x0, 0xf1, 0xe0, 0x40,
    0x0, 0x1, 0xfc, 0x6, 0x0, 0x0, 0x0, 0x0,
    0x60, 0x0, 0x0, 0x0, 0x2, 0x0, 0x0, 0x0,
    0x0, 0x20, 0x0, 0x0, 0x0, 0x3, 0x0, 0x0,
    0x0, 0x0, 0x10, 0x0, 0x0, 0x0, 0x1, 0x0,
    0x0, 0x0, 0x0, 0x18, 0xf, 0xe0, 0x0, 0x0,
    0x81, 0xe3, 0xc0, 0x0, 0x8, 0x1e, 0xf, 0x0,
    0x0, 0xc1, 0xf0, 0x7c, 0x0, 0x4, 0x1f, 0x3,
    0xf0, 0x0, 0x40, 0xf8, 0xf, 0x80, 0x6, 0xf,
    0xc0, 0x7e, 0x0, 0x20, 0x7e, 0x3, 0xf0, 0x2,
    0x3, 0xf0, 0x1f, 0x80, 0x30, 0x1f, 0x80, 0xfc,
    0x1, 0x0, 0xfc, 0x7, 0xe0, 0x10, 0x7, 0xe0,
    0x3f, 0x1, 0x80, 0x3f, 0x1, 0xf8, 0x8, 0x0,
    0xf8, 0xf, 0x80, 0x80, 0x7, 0xe0, 0x7c, 0xc,
    0x0, 0x1f, 0x7, 0xc0, 0xc0, 0x0, 0x78, 0x3c,
    0x4, 0x0, 0x1, 0xe3, 0xc0, 0x60, 0x0, 0x3,
    0xf8, 0x6, 0x0, 0x0, 0x0, 0x0, 0x20, 0x0,
    0x0, 0x0, 0x0,

    /* U+0026 "&" */
    0x0, 0xf, 0xf8, 0x0, 0xf, 0xe0, 0x0, 0x3f,
    0x3, 0x0, 0x1f, 0xe, 0x0, 0x3e, 0x7, 0xe0,
    0x1f, 0xc1, 0x80, 0x7e, 0x7, 0xf0, 0x1f, 0xf0,
    0x60, 0x3e, 0x7, 0xfc, 0xf, 0xf8, 0x10, 0x3f,
    0x3, 0xfe, 0x7, 0xfc, 0xc, 0x1f, 0x1, 0xff,
    0x3, 0xfe, 0x6, 0xf, 0x80, 0xff, 0x80, 0xfe,
    0x3, 0x7, 0xc0, 0x3f, 0x80, 0x1c, 0x3, 0x83,
    0xe0, 0xf, 0x80, 0x0, 0x7, 0xc0, 0xf0, 0x0,
    0x0, 0x0, 0x1f, 0xe0, 0x78, 0x0, 0x0, 0x1,
    0xff, 0xe0, 0x1e, 0x0, 0x0, 0xf, 0xff, 0xf0,
    0x3, 0x0, 0x0, 0xff, 0xff, 0xf0, 0x0, 0xfe,
    0x3, 0xff, 0xff, 0xf0, 0x0, 0xff, 0xf, 0xff,
    0xff, 0xf0, 0x1, 0xe3, 0x8f, 0xff, 0xff, 0xe0,
    0x3, 0xe0, 0xf, 0xff, 0xff, 0x0, 0x3, 0xe0,
    0xf, 0xff, 0xfe, 0x0, 0x3, 0xe0, 0xf, 0xff,
    0xc0, 0x80, 0x3, 0xf0, 0x7, 0xfc, 0x0, 0x20,
    0x3, 0xf0, 0x7, 0xf0, 0x0, 0x18, 0x1, 0xf8,
    0x3, 0xc0, 0xf8, 0x4, 0x0, 0xfc, 0x1, 0xc0,
    0xfe, 0x2, 0x0, 0xfe, 0x0, 0xc0, 0xff, 0x81,
    0x80, 0x7f, 0x0, 0x60, 0x7f, 0xc0, 0xc0, 0x3f,
    0x80, 0x30, 0x3f, 0xe0, 0x60, 0x1f, 0xc0, 0xc,
    0x1f, 0xf0, 0x30, 0xf, 0xf0, 0x3, 0x7, 0xf0,
    0x38, 0x7, 0xf8, 0x0, 0xe1, 0xf0, 0x1c, 0x3,
    0xfe, 0x0, 0x1f, 0xe0, 0x1e, 0x0, 0xff, 0x80,
    0x0, 0x0, 0x1e, 0x0, 0x7f, 0xe0, 0x0, 0x0,
    0x3f, 0x0, 0x1f, 0xfe, 0x0, 0x0, 0x7f, 0x0,
    0x7, 0xff, 0xe0, 0x3, 0xff, 0x0, 0x3, 0xff,
    0xff, 0xff, 0xff, 0x80, 0x0, 0x7f, 0xff, 0xff,
    0xff, 0x0, 0x0, 0x1f, 0xff, 0xff, 0xff, 0x0,
    0x0, 0x3, 0xff, 0xff, 0xfe, 0x0, 0x0, 0x0,
    0x7f, 0xff, 0xfc, 0x0, 0x0, 0x0, 0x3, 0xff,
    0xe0, 0x0, 0x0, 0x0,

    /* U+0027 "'" */
    0x3c, 0x7e, 0xff, 0xff, 0xff, 0xff, 0xff, 0x7e,
    0x7e, 0x7e, 0x3c, 0x3c, 0x18, 0x18, 0x18,

    /* U+0028 "(" */
    0x0, 0x3, 0x0, 0xe, 0x0, 0x1c, 0x0, 0x3c,
    0x0, 0x7c, 0x0, 0xf8, 0x1, 0xf8, 0x3, 0xf0,
    0x3, 0xf0, 0x7, 0xf0, 0xf, 0xe0, 0xf, 0xe0,
    0x1f, 0xe0, 0x1f, 0xc0, 0x3f, 0xc0, 0x3f, 0xc0,
    0x3f, 0xc0, 0x7f, 0xc0, 0x7f, 0xc0, 0x7f, 0x80,
    0x7f, 0x80, 0xff, 0x80, 0xff, 0x80, 0xff, 0x80,
    0xff, 0x80, 0xff, 0x80, 0xff, 0x80, 0xff, 0x80,
    0xff, 0x80, 0xff, 0x80, 0xff, 0x80, 0xff, 0x80,
    0xff, 0x80, 0xff, 0x80, 0x7f, 0x80, 0x7f, 0x80,
    0x7f, 0xc0, 0x7f, 0xc0, 0x3f, 0xc0, 0x3f, 0xc0,
    0x3f, 0xc0, 0x1f, 0xe0, 0x1f, 0xe0, 0xf, 0xe0,
    0xf, 0xe0, 0x7, 0xf0, 0x3, 0xf0, 0x3, 0xf0,
    0x1, 0xf8, 0x0, 0xf8, 0x0, 0x7c, 0x0, 0x3c,
    0x0, 0x1e, 0x0, 0xe, 0x0, 0x3,

    /* U+0029 ")" */
    0xc0, 0x0, 0x70, 0x0, 0x38, 0x0, 0x3c, 0x0,
    0x3e, 0x0, 0x1f, 0x0, 0x1f, 0x80, 0xf, 0xc0,
    0xf, 0xc0, 0xf, 0xe0, 0x7, 0xf0, 0x7, 0xf0,
    0x7, 0xf8, 0x3, 0xf8, 0x3, 0xfc, 0x3, 0xfc,
    0x3, 0xfc, 0x3, 0xfe, 0x3, 0xfe, 0x1, 0xfe,
    0x1, 0xfe, 0x1, 0xff, 0x1, 0xff, 0x1, 0xff,
    0x1, 0xff, 0x1, 0xff, 0x1, 0xff, 0x1, 0xff,
    0x1, 0xff, 0x1, 0xff, 0x1, 0xff, 0x1, 0xff,
    0x1, 0xff, 0x1, 0xff, 0x1, 0xfe, 0x1, 0xfe,
    0x3, 0xfe, 0x3, 0xfe, 0x3, 0xfc, 0x3, 0xfc,
    0x3, 0xfc, 0x7, 0xf8, 0x7, 0xf8, 0x7, 0xf0,
    0x7, 0xf0, 0xf, 0xe0, 0xf, 0xc0, 0xf, 0xc0,
    0x1f, 0x80, 0x1f, 0x0, 0x3e, 0x0, 0x3c, 0x0,
    0x78, 0x0, 0x70, 0x0, 0xc0, 0x0,

    /* U+002A "*" */
    0x0, 0x78, 0x0, 0x3, 0xf0, 0x0, 0xf, 0xc0,
    0x0, 0x3f, 0x0, 0x10, 0xfc, 0x21, 0xf3, 0xf3,
    0xef, 0xe7, 0x9f, 0xbf, 0x9e, 0xff, 0xff, 0x33,
    0xfd, 0xfe, 0xdf, 0xe3, 0xff, 0xfe, 0x0, 0x7f,
    0x0, 0x1, 0xfe, 0x0, 0x7f, 0xff, 0x87, 0xfb,
    0x7f, 0x9f, 0xec, 0xff, 0x7f, 0x7b, 0xfd, 0xf9,
    0xe7, 0xe3, 0xcf, 0xcf, 0x80, 0x3f, 0x8, 0x0,
    0xfc, 0x0, 0x3, 0xf0, 0x0, 0xf, 0xc0, 0x0,
    0x1e, 0x0,

    /* U+002B "+" */
    0x0, 0x6, 0x0, 0x0, 0x0, 0x60, 0x0, 0x0,
    0x6, 0x0, 0x0, 0x0, 0x60, 0x0, 0x0, 0x6,
    0x0, 0x0, 0x0, 0x60, 0x0, 0x0, 0x6, 0x0,
    0x0, 0x0, 0x60, 0x0, 0x0, 0x6, 0x0, 0x0,
    0x0, 0x60, 0x0, 0x0, 0x6, 0x0, 0x0, 0x0,
    0x60, 0x0, 0x0, 0x6, 0x0, 0x0, 0x0, 0x60,
    0x0, 0xff, 0xff, 0xff, 0xf0, 0x0, 0x60, 0x0,
    0x0, 0x6, 0x0, 0x0, 0x0, 0x60, 0x0, 0x0,
    0x6, 0x0, 0x0, 0x0, 0x60, 0x0, 0x0, 0x6,
    0x0, 0x0, 0x0, 0x60, 0x0, 0x0, 0x6, 0x0,
    0x0, 0x0, 0x60, 0x0, 0x0, 0x6, 0x0, 0x0,
    0x0, 0x60, 0x0, 0x0, 0x6, 0x0, 0x0, 0x0,
    0x60, 0x0,

    /* U+002C "," */
    0x3e, 0x1f, 0xcf, 0xfb, 0xfe, 0xff, 0xff, 0xff,
    0xfd, 0xff, 0x3e, 0xc0, 0x30, 0x8, 0x6, 0x1,
    0x0, 0xc0, 0x60, 0x20,

    /* U+002D "-" */
    0xff, 0xff, 0xff, 0xff, 0xff, 0xff, 0xff, 0xff,
    0xff, 0xff, 0xff, 0xff, 0xf0,

    /* U+002E "." */
    0x3f, 0x1f, 0xef, 0xff, 0xff, 0xff, 0xff, 0xff,
    0xfd, 0xfe, 0x3f, 0x0,

    /* U+002F "/" */
    0x0, 0x1, 0x80, 0x0, 0xc0, 0x0, 0xc0, 0x0,
    0x60, 0x0, 0x20, 0x0, 0x30, 0x0, 0x18, 0x0,
    0x18, 0x0, 0xc, 0x0, 0x6, 0x0, 0x6, 0x0,
    0x3, 0x0, 0x1, 0x0, 0x1, 0x80, 0x0, 0xc0,
    0x0, 0x40, 0x0, 0x60, 0x0, 0x30, 0x0, 0x30,
    0x0, 0x18, 0x0, 0xc, 0x0, 0xc, 0x0, 0x6,
    0x0, 0x2, 0x0, 0x3, 0x0, 0x1, 0x80, 0x1,
    0x80, 0x0, 0xc0, 0x0, 0x60, 0x0, 0x60, 0x0,
    0x30, 0x0, 0x18, 0x0, 0x18, 0x0, 0xc, 0x0,
    0x4, 0x0, 0x6, 0x0, 0x3, 0x0, 0x3, 0x0,
    0x1, 0x80, 0x0, 0xc0, 0x0, 0xc0, 0x0, 0x60,
    0x0, 0x0,

    /* U+0030 "0" */
    0x0, 0x0, 0x80, 0x0, 0x0, 0x3f, 0xfe, 0x0,
    0x0, 0xf8, 0x1f, 0x80, 0x3, 0xf0, 0xf, 0xc0,
    0x7, 0xe0, 0x7, 0xf0, 0xf, 0xe0, 0x7, 0xf8,
    0x1f, 0xc0, 0x3, 0xf8, 0x3f, 0xc0, 0x3, 0xfc,
    0x3f, 0xc0, 0x3, 0xfe, 0x7f, 0xc0, 0x1, 0xfe,
    0x7f, 0x80, 0x1, 0xfe, 0x7f, 0x80, 0x1, 0xff,
    0xff, 0x80, 0x1, 0xff, 0xff, 0x80, 0x1, 0xff,
    0xff, 0x80, 0x1, 0xff, 0xff, 0x80, 0x1, 0xff,
    0xff, 0x80, 0x1, 0xff, 0xff, 0x80, 0x1, 0xff,
    0xff, 0x80, 0x1, 0xff, 0xff, 0x80, 0x1, 0xff,
    0x7f, 0x80, 0x1, 0xfe, 0x7f, 0x80, 0x1, 0xfe,
    0x7f, 0xc0, 0x3, 0xfc, 0x3f, 0xc0, 0x3, 0xfc,
    0x3f, 0xc0, 0x3, 0xf8, 0x1f, 0xe0, 0x7, 0xf0,
    0xf, 0xe0, 0x7, 0xf0, 0x7, 0xf0, 0xf, 0xc0,
    0x3, 0xf8, 0xf, 0x80, 0x0, 0xfc, 0x3e, 0x0,
    0x0, 0x1f, 0xf0, 0x0,

    /* U+0031 "1" */
    0x0, 0x4, 0x0, 0x7, 0x0, 0x1f, 0xc3, 0xff,
    0xf0, 0x1f, 0xfc, 0x3, 0xff, 0x0, 0x7f, 0xc0,
    0x1f, 0xf0, 0x7, 0xfc, 0x1, 0xff, 0x0, 0x7f,
    0xc0, 0x1f, 0xf0, 0x7, 0xfc, 0x1, 0xff, 0x0,
    0x7f, 0xc0, 0x1f, 0xf0, 0x7, 0xfc, 0x1, 0xff,
    0x0, 0x7f, 0xc0, 0x1f, 0xf0, 0x7, 0xfc, 0x1,
    0xff, 0x0, 0x7f, 0xc0, 0x1f, 0xf0, 0x7, 0xfc,
    0x1, 0xff, 0x0, 0x7f, 0xc0, 0x3f, 0xf0, 0x1f,
    0xfe, 0x3f, 0xff, 0xf0,

    /* U+0032 "2" */
    0x0, 0x4, 0x0, 0x0, 0x7f, 0xf8, 0x0, 0x7f,
    0xff, 0x80, 0x7f, 0xff, 0xf0, 0x30, 0x1f, 0xfc,
    0x18, 0x3, 0xff, 0x8c, 0x0, 0x7f, 0xe0, 0x0,
    0x1f, 0xf8, 0x0, 0x7, 0xfe, 0x0, 0x1, 0xff,
    0x80, 0x0, 0x7f, 0xc0, 0x0, 0x1f, 0xf0, 0x0,
    0x7, 0xf8, 0x0, 0x3, 0xfc, 0x0, 0x0, 0xfe,
    0x0, 0x0, 0x7f, 0x0, 0x0, 0x1f, 0x80, 0x0,
    0xf, 0xc0, 0x0, 0x3, 0xc0, 0x0, 0x1, 0xc0,
    0x0, 0x0, 0xe0, 0x0, 0xc0, 0x70, 0x0, 0x30,
    0x30, 0x0, 0x1c, 0x1f, 0xff, 0xff, 0xf, 0xff,
    0xff, 0xc7, 0xff, 0xff, 0xf3, 0xff, 0xff, 0xfd,
    0xff, 0xff, 0xff, 0xff, 0xff, 0xff, 0xff, 0xff,
    0xff, 0xf0,

    /* U+0033 "3" */
    0x0, 0x0, 0x0, 0x0, 0xff, 0xf0, 0x1, 0xff,
    0xfe, 0x1, 0xff, 0xff, 0x81, 0x80, 0xff, 0xc1,
    0x80, 0x3f, 0xf1, 0x80, 0xf, 0xf8, 0x80, 0x7,
    0xfc, 0x0, 0x3, 0xfe, 0x0, 0x1, 0xfe, 0x0,
    0x0, 0xff, 0x0, 0x0, 0xff, 0x0, 0x0, 0x7f,
    0x0, 0x0, 0x7f, 0x0, 0x0, 0x3e, 0x0, 0x0,
    0x38, 0x0, 0x3, 0xfe, 0x0, 0x1, 0xc7, 0xf0,
    0x0, 0x1, 0xfe, 0x0, 0x0, 0x7f, 0xc0, 0x0,
    0x1f, 0xf0, 0x0, 0xf, 0xf8, 0x0, 0x3, 0xfe,
    0x0, 0x1, 0xff, 0x0, 0x0, 0xff, 0x80, 0x0,
    0x7f, 0xc0, 0x0, 0x3f, 0xe0, 0x0, 0x1f, 0xf0,
    0x0, 0x1f, 0xf0, 0x0, 0xf, 0xf8, 0x0, 0x7,
    0xf8, 0x0, 0x7, 0xf8, 0x0, 0x7, 0xf8, 0x0,
    0x7, 0xf8, 0x0, 0x7, 0xf0, 0x0, 0xf, 0xe0,
    0x0, 0x1f, 0xc0, 0x0, 0x7f, 0x0, 0x3, 0xf0,
    0x0, 0x0,

    /* U+0034 "4" */
    0x0, 0x0, 0x2, 0x0, 0x0, 0x0, 0x30, 0x0,
    0x0, 0x1, 0x80, 0x0, 0x0, 0x1c, 0x0, 0x0,
    0x1, 0xe0, 0x0, 0x0, 0xf, 0x0, 0x0, 0x0,
    0xf8, 0x0, 0x0, 0xf, 0xc0, 0x0, 0x0, 0xfe,
    0x0, 0x0, 0xf, 0xf0, 0x0, 0x0, 0x7f, 0x80,
    0x0, 0x5, 0xfc, 0x0, 0x0, 0x4f, 0xe0, 0x0,
    0x6, 0x7f, 0x0, 0x0, 0x63, 0xf8, 0x0, 0x6,
    0x1f, 0xc0, 0x0, 0x20, 0xfe, 0x0, 0x3, 0x7,
    0xf0, 0x0, 0x30, 0x3f, 0x80, 0x3, 0x1, 0xfc,
    0x0, 0x30, 0xf, 0xe1, 0x81, 0x0, 0x7f, 0xc,
    0x18, 0x3, 0xf8, 0xe1, 0xff, 0xff, 0xff, 0x1f,
    0xff, 0xff, 0xf9, 0xff, 0xff, 0xff, 0xcf, 0xff,
    0xff, 0xfe, 0xff, 0xff, 0xff, 0xff, 0xff, 0xff,
    0xff, 0x80, 0x0, 0x7f, 0x0, 0x0, 0x3, 0xf8,
    0x0, 0x0, 0x1f, 0xc0, 0x0, 0x0, 0xfe, 0x0,
    0x0, 0x7, 0xf0, 0x0, 0x0, 0x3f, 0x80, 0x0,
    0x1, 0xfc, 0x0, 0x0, 0xf, 0xe0, 0x0, 0x0,
    0x7f, 0x0, 0x0, 0x3, 0xf8, 0x0,

    /* U+0035 "5" */
    0x0, 0x0, 0x8, 0x0, 0x0, 0x30, 0x3f, 0xff,
    0xe0, 0x7f, 0xff, 0xc1, 0xff, 0xff, 0x83, 0xff,
    0xff, 0x7, 0xff, 0xfe, 0xf, 0xff, 0xfc, 0x1f,
    0xff, 0xf8, 0x3f, 0xff, 0xf0, 0x40, 0x0, 0x0,
    0x80, 0x0, 0x1, 0x0, 0x0, 0x6, 0x0, 0x0,
    0xc, 0x0, 0x0, 0x10, 0x0, 0x0, 0x20, 0x0,
    0x0, 0x43, 0xfe, 0x0, 0x9f, 0xff, 0x81, 0xc0,
    0xff, 0x82, 0x0, 0xff, 0x80, 0x0, 0xff, 0x80,
    0x1, 0xff, 0x0, 0x1, 0xff, 0x0, 0x3, 0xfe,
    0x0, 0x7, 0xfc, 0x0, 0xf, 0xf8, 0x0, 0x1f,
    0xf0, 0x0, 0x3f, 0xe0, 0x0, 0x7f, 0x80, 0x1,
    0xff, 0x0, 0x3, 0xfc, 0x0, 0xf, 0xf0, 0x0,
    0x1f, 0xc0, 0x0, 0x7f, 0x0, 0x1, 0xfc, 0x0,
    0xf, 0xe0, 0x0, 0x3f, 0x0, 0x3, 0xf0, 0x0,
    0x7e, 0x0, 0x0,

    /* U+0036 "6" */
    0x0, 0x0, 0x1e, 0x0, 0x0, 0xf, 0x80, 0x0,
    0x3, 0xe0, 0x0, 0x0, 0xf8, 0x0, 0x0, 0x3f,
    0x0, 0x0, 0x7, 0xe0, 0x0, 0x0, 0xfc, 0x0,
    0x0, 0x1f, 0x80, 0x0, 0x3, 0xf0, 0x0, 0x0,
    0x7f, 0x0, 0x0, 0xf, 0xe0, 0x0, 0x0, 0xfe,
    0x0, 0x0, 0x1f, 0xe0, 0x0, 0x3, 0xfc, 0x0,
    0x0, 0x3f, 0xc0, 0x0, 0x3, 0xfc, 0x0, 0x0,
    0x7f, 0xc7, 0xf0, 0x7, 0xfd, 0x8f, 0xc0, 0x7f,
    0xa0, 0x7f, 0xf, 0xfc, 0x3, 0xf8, 0xff, 0x80,
    0x3f, 0xcf, 0xf8, 0x3, 0xfc, 0xff, 0x80, 0x1f,
    0xef, 0xf8, 0x1, 0xfe, 0xff, 0x80, 0x1f, 0xff,
    0xf8, 0x1, 0xff, 0xff, 0x80, 0x1f, 0xff, 0xf8,
    0x1, 0xff, 0xff, 0x80, 0x1f, 0xff, 0xf8, 0x1,
    0xff, 0x7f, 0x80, 0x1f, 0xf7, 0xf8, 0x1, 0xff,
    0x7f, 0x80, 0x1f, 0xe7, 0xfc, 0x1, 0xfe, 0x3f,
    0xc0, 0x3f, 0xc1, 0xfc, 0x3, 0xfc, 0x1f, 0xc0,
    0x3f, 0x80, 0xfe, 0x7, 0xf0, 0x7, 0xf0, 0x7c,
    0x0, 0x1f, 0x8f, 0x80, 0x0, 0x7f, 0xc0, 0x0,

    /* U+0037 "7" */
    0xff, 0xff, 0xff, 0xff, 0xff, 0xff, 0xff, 0xff,
    0xff, 0xdf, 0xff, 0xff, 0xef, 0xff, 0xff, 0xe7,
    0xff, 0xff, 0xf3, 0xff, 0xff, 0xf1, 0x80, 0x0,
    0x18, 0xc0, 0x0, 0x18, 0x0, 0x0, 0x18, 0x0,
    0x0, 0xc, 0x0, 0x0, 0xc, 0x0, 0x0, 0xe,
    0x0, 0x0, 0xe, 0x0, 0x0, 0xf, 0x0, 0x0,
    0x7, 0x0, 0x0, 0x7, 0x80, 0x0, 0x7, 0xc0,
    0x0, 0x7, 0xc0, 0x0, 0x3, 0xe0, 0x0, 0x3,
    0xf0, 0x0, 0x3, 0xf0, 0x0, 0x1, 0xf8, 0x0,
    0x1, 0xfc, 0x0, 0x0, 0xfe, 0x0, 0x0, 0xff,
    0x0, 0x0, 0x7f, 0x80, 0x0, 0x3f, 0xc0, 0x0,
    0x3f, 0xe0, 0x0, 0x1f, 0xf0, 0x0, 0xf, 0xf8,
    0x0, 0x7, 0xfc, 0x0, 0x3, 0xfe, 0x0, 0x1,
    0xff, 0x0, 0x0, 0x7f, 0x80, 0x0, 0x3f, 0x80,
    0x0, 0xf, 0x80, 0x0,

    /* U+0038 "8" */
    0x0, 0x3f, 0xe0, 0x0, 0x1f, 0x8f, 0xc0, 0x7,
    0xf0, 0x7e, 0x0, 0xfe, 0x3, 0xf0, 0x1f, 0xe0,
    0x3f, 0x81, 0xfe, 0x1, 0xfc, 0x3f, 0xe0, 0x1f,
    0xc3, 0xfe, 0x1, 0xfc, 0x3f, 0xf0, 0x1f, 0xc3,
    0xff, 0x1, 0xfc, 0x3f, 0xf8, 0x1f, 0x83, 0xff,
    0xc1, 0xf8, 0x3f, 0xfc, 0x1f, 0x1, 0xff, 0xe3,
    0xe0, 0x1f, 0xff, 0x3c, 0x0, 0xff, 0xfb, 0x0,
    0x7, 0xff, 0xc0, 0x0, 0x3f, 0xff, 0x0, 0x1,
    0xff, 0xf8, 0x0, 0xf, 0xff, 0xc0, 0x0, 0x7f,
    0xfe, 0x0, 0x7, 0xff, 0xf0, 0x1, 0xdf, 0xff,
    0x80, 0x78, 0xff, 0xf8, 0x1f, 0x87, 0xff, 0xc3,
    0xf8, 0x3f, 0xfe, 0x3f, 0x1, 0xff, 0xe7, 0xf0,
    0xf, 0xff, 0xff, 0x0, 0x7f, 0xff, 0xf0, 0x3,
    0xff, 0xff, 0x0, 0x3f, 0xff, 0xf0, 0x1, 0xff,
    0xff, 0x0, 0x1f, 0xff, 0xf0, 0x1, 0xff, 0x7f,
    0x0, 0x1f, 0xe7, 0xf8, 0x1, 0xfc, 0x3f, 0x80,
    0x1f, 0xc1, 0xf8, 0x3, 0xf8, 0xf, 0xc0, 0x3e,
    0x0, 0x3f, 0xf, 0x80, 0x0, 0x7f, 0xc0, 0x0,

    /* U+0039 "9" */
    0x0, 0x2, 0x0, 0x0, 0x7, 0xff, 0x0, 0x3,
    0xf0, 0xfc, 0x0, 0x7e, 0x7, 0xe0, 0xf, 0xc0,
    0x7f, 0x1, 0xfc, 0x3, 0xf8, 0x3f, 0xc0, 0x3f,
    0xc7, 0xf8, 0x3, 0xfc, 0x7f, 0x80, 0x3f, 0xe7,
    0xf8, 0x1, 0xfe, 0xff, 0x80, 0x1f, 0xef, 0xf8,
    0x1, 0xff, 0xff, 0x80, 0x1f, 0xff, 0xf8, 0x1,
    0xff, 0xff, 0x80, 0x1f, 0xff, 0xf8, 0x1, 0xff,
    0xff, 0x80, 0x1f, 0xff, 0xf8, 0x1, 0xff, 0x7f,
    0x80, 0x1f, 0xf7, 0xf8, 0x1, 0xff, 0x3f, 0xc0,
    0x1f, 0xf3, 0xfc, 0x3, 0xfe, 0x1f, 0xc0, 0x3f,
    0xe0, 0xfe, 0x7, 0xfe, 0x3, 0xf1, 0xbf, 0xc0,
    0xf, 0xe3, 0xfc, 0x0, 0x0, 0x3f, 0x80, 0x0,
    0x7, 0xf8, 0x0, 0x0, 0x7f, 0x0, 0x0, 0xf,
    0xe0, 0x0, 0x0, 0xfc, 0x0, 0x0, 0x1f, 0x80,
    0x0, 0x3, 0xf0, 0x0, 0x0, 0x7e, 0x0, 0x0,
    0xf, 0x80, 0x0, 0x1, 0xf0, 0x0, 0x0, 0xfc,
    0x0, 0x0, 0x3e, 0x0, 0x0, 0x7, 0x0, 0x0,
    0x0,

    /* U+003A ":" */
    0x0, 0xf, 0xc7, 0xfb, 0xff, 0xff, 0xff, 0xff,
    0xfd, 0xfe, 0x7f, 0x2, 0x0, 0x0, 0x0, 0x0,
    0x0, 0x0, 0x0, 0x0, 0x0, 0x0, 0x0, 0x0,
    0x0, 0x0, 0x0, 0x3, 0xf1, 0xfe, 0xff, 0xff,
    0xff, 0xff, 0xff, 0xff, 0xdf, 0xe3, 0xf0,

    /* U+003B ";" */
    0x0, 0xf, 0xc7, 0xfb, 0xff, 0xff, 0xff, 0xff,
    0xfd, 0xfe, 0x7f, 0x2, 0x0, 0x0, 0x0, 0x0,
    0x0, 0x0, 0x0, 0x0, 0x0, 0x0, 0x0, 0x0,
    0x0, 0x0, 0x0, 0x3, 0xe1, 0xfc, 0xff, 0xbf,
    0xef, 0xff, 0xff, 0xff, 0xdf, 0xf3, 0xec, 0x3,
    0x0, 0x80, 0x60, 0x10, 0xc, 0x6, 0x2, 0x0,

    /* U+003C "<" */
    0x0, 0x0, 0x0, 0x20, 0x0, 0x0, 0xe, 0x0,
    0x0, 0x3, 0xe0, 0x0, 0x0, 0xf8, 0x0, 0x0,
    0x3e, 0x0, 0x0, 0xf, 0x80, 0x0, 0x7, 0xe0,
    0x0, 0x1, 0xf8, 0x0, 0x0, 0x7c, 0x0, 0x0,
    0x1f, 0x0, 0x0, 0x7, 0xc0, 0x0, 0x1, 0xf0,
    0x0, 0x0, 0x7c, 0x0, 0x0, 0xf, 0xc0, 0x0,
    0x0, 0x1f, 0x0, 0x0, 0x0, 0x7c, 0x0, 0x0,
    0x1, 0xf0, 0x0, 0x0, 0x7, 0xc0, 0x0, 0x0,
    0x1f, 0x80, 0x0, 0x0, 0x7e, 0x0, 0x0, 0x0,
    0xf8, 0x0, 0x0, 0x3, 0xe0, 0x0, 0x0, 0xf,
    0x80, 0x0, 0x0, 0x3e, 0x0, 0x0, 0x0, 0xe0,
    0x0, 0x0, 0x2,

    /* U+003D "=" */
    0xff, 0xff, 0xff, 0xf0, 0x0, 0x0, 0x0, 0x0,
    0x0, 0x0, 0x0, 0x0, 0x0, 0x0, 0x0, 0x0,
    0x0, 0x0, 0x0, 0x0, 0x0, 0x0, 0x0, 0x0,
    0x0, 0x0, 0x0, 0x0, 0xff, 0xff, 0xff, 0xf0,

    /* U+003E ">" */
    0x0, 0x0, 0x0, 0xf, 0x0, 0x0, 0x0, 0xfc,
    0x0, 0x0, 0x1, 0xf0, 0x0, 0x0, 0x7, 0xc0,
    0x0, 0x0, 0x1f, 0x0, 0x0, 0x0, 0x7c, 0x0,
    0x0, 0x1, 0xf0, 0x0, 0x0, 0x7, 0xe0, 0x0,
    0x0, 0x1f, 0x80, 0x0, 0x0, 0x7e, 0x0, 0x0,
    0x0, 0xf8, 0x0, 0x0, 0x3, 0xe0, 0x0, 0x0,
    0x3f, 0x0, 0x0, 0x1f, 0x80, 0x0, 0x7, 0xe0,
    0x0, 0x1, 0xf8, 0x0, 0x0, 0x7c, 0x0, 0x0,
    0x1f, 0x0, 0x0, 0x7, 0xc0, 0x0, 0x1, 0xf0,
    0x0, 0x0, 0x7c, 0x0, 0x0, 0x3f, 0x0, 0x0,
    0xf, 0xc0, 0x0, 0x0, 0xf0, 0x0, 0x0, 0x0,
    0x0, 0x0, 0x0,

    /* U+003F "?" */
    0x1, 0xff, 0x80, 0x3, 0xc1, 0xfc, 0x1, 0xe0,
    0x3f, 0xc1, 0xfc, 0x7, 0xf8, 0x7f, 0x80, 0xff,
    0x3f, 0xe0, 0x3f, 0xef, 0xf8, 0x7, 0xfb, 0xfe,
    0x1, 0xff, 0xff, 0x80, 0x7f, 0xdf, 0xc0, 0x1f,
    0xf3, 0xe0, 0x7, 0xfc, 0x0, 0x1, 0xff, 0x0,
    0x0, 0x7f, 0xc0, 0x0, 0x1f, 0xe0, 0x0, 0x7,
    0xf8, 0x0, 0x3, 0xfc, 0x0, 0x0, 0xff, 0x0,
    0x0, 0x3f, 0x80, 0x0, 0x1f, 0x80, 0x0, 0xf,
    0xc0, 0x0, 0x7, 0xc0, 0x0, 0x3, 0xc0, 0x0,
    0x3, 0x0, 0x0, 0x0, 0x80, 0x0, 0x0, 0x20,
    0x0, 0x0, 0x8, 0x0, 0x0, 0x2, 0x0, 0x0,
    0x0, 0x80, 0x0, 0x0, 0x20, 0x0, 0x0, 0x8,
    0x0, 0x0, 0x2, 0x0, 0x0, 0x0, 0x0, 0x0,
    0x0, 0x0, 0x0, 0x0, 0x0, 0x0, 0x0, 0x0,
    0x0, 0x0, 0x0, 0x0, 0x0, 0x0, 0xfc, 0x0,
    0x0, 0x7f, 0x80, 0x0, 0x3f, 0xf0, 0x0, 0xf,
    0xfc, 0x0, 0x3, 0xff, 0x0, 0x0, 0xff, 0xc0,
    0x0, 0x3f, 0xf0, 0x0, 0x7, 0xf8, 0x0, 0x0,
    0xfc, 0x0, 0x0,

    /* U+0040 "@" */
    0x0, 0x0, 0x3, 0xff, 0x80, 0x0, 0x0, 0x0,
    0xf0, 0x7, 0x80, 0x0, 0x0, 0x18, 0x0, 0x3,
    0x0, 0x0, 0x3, 0x0, 0x0, 0x6, 0x0, 0x0,
    0x60, 0x0, 0x0, 0x18, 0x0, 0x6, 0x0, 0x0,
    0x0, 0x60, 0x0, 0x40, 0x0, 0x0, 0x1, 0x80,
    0x4, 0x0, 0x0, 0x0, 0x4, 0x0, 0x40, 0x0,
    0x0, 0x0, 0x30, 0x4, 0x0, 0x0, 0x0, 0x0,
    0x80, 0x40, 0x0, 0x0, 0x0, 0x4, 0x4, 0x0,
    0x1f, 0x80, 0xe0, 0x10, 0x60, 0x3, 0xfe, 0xff,
    0x0, 0x82, 0x0, 0x3f, 0x97, 0xf0, 0x4, 0x20,
    0x3, 0xf0, 0x7f, 0x80, 0x21, 0x0, 0x3f, 0x83,
    0xfc, 0x1, 0x10, 0x3, 0xf8, 0x1f, 0xe0, 0x8,
    0x80, 0x1f, 0xc0, 0xff, 0x0, 0x48, 0x1, 0xfc,
    0x7, 0xf0, 0x2, 0x40, 0x1f, 0xe0, 0x3f, 0x80,
    0x14, 0x0, 0xfe, 0x3, 0xfc, 0x0, 0xa0, 0x7,
    0xf0, 0x1f, 0xe0, 0x9, 0x0, 0x7f, 0x80, 0xfe,
    0x0, 0x48, 0x3, 0xfc, 0x7, 0xf0, 0x2, 0x80,
    0x1f, 0xc0, 0x3f, 0x80, 0x24, 0x1, 0xfe, 0x3,
    0xfc, 0x1, 0x20, 0xf, 0xf0, 0x1f, 0xe0, 0x11,
    0x0, 0x7f, 0x80, 0xfe, 0x0, 0x88, 0x3, 0xfc,
    0xf, 0xf0, 0x8, 0x40, 0x1f, 0xe0, 0x7f, 0x80,
    0xc2, 0x0, 0xff, 0x7, 0xfc, 0xc, 0x10, 0x7,
    0xf8, 0x3f, 0xe0, 0xc0, 0x80, 0x1f, 0xe2, 0xfe,
    0xc, 0x4, 0x0, 0xff, 0xf7, 0xf0, 0xc0, 0x20,
    0x3, 0xff, 0x3f, 0xd8, 0x0, 0x80, 0xf, 0xe0,
    0xff, 0x0, 0x4, 0x0, 0x0, 0x0, 0x0, 0x0,
    0x20, 0x0, 0x0, 0x0, 0x0, 0x0, 0x80, 0x0,
    0x0, 0x0, 0x0, 0x6, 0x0, 0x0, 0x0, 0x0,
    0x0, 0x10, 0x0, 0x0, 0x0, 0x0, 0x0, 0x40,
    0x0, 0x0, 0x0, 0x0, 0x1, 0x0, 0x0, 0x0,
    0x0, 0x0, 0x6, 0x0, 0x0, 0x8, 0x0, 0x0,
    0x1c, 0x0, 0x1, 0x80, 0x0, 0x0, 0x1c, 0x0,
    0xf0, 0x0, 0x0, 0x0, 0x1f, 0xfc, 0x0, 0x0,
    0x0,

    /* U+0041 "A" */
    0x0, 0x0, 0x7c, 0x0, 0x0, 0x0, 0x0, 0xfc,
    0x0, 0x0, 0x0, 0x3, 0xf8, 0x0, 0x0, 0x0,
    0x7, 0xf8, 0x0, 0x0, 0x0, 0xf, 0xf0, 0x0,
    0x0, 0x0, 0x3f, 0xe0, 0x0, 0x0, 0x0, 0x7f,
    0xe0, 0x0, 0x0, 0x0, 0xff, 0xc0, 0x0, 0x0,
    0x3, 0xff, 0x80, 0x0, 0x0, 0x7, 0xff, 0x80,
    0x0, 0x0, 0x1b, 0xff, 0x0, 0x0, 0x0, 0x27,
    0xff, 0x0, 0x0, 0x0, 0x4f, 0xfe, 0x0, 0x0,
    0x1, 0xf, 0xfc, 0x0, 0x0, 0x2, 0x1f, 0xfc,
    0x0, 0x0, 0xc, 0x3f, 0xf8, 0x0, 0x0, 0x10,
    0x3f, 0xf0, 0x0, 0x0, 0x20, 0x7f, 0xf0, 0x0,
    0x0, 0x80, 0xff, 0xe0, 0x0, 0x1, 0x0, 0xff,
    0xe0, 0x0, 0x2, 0x1, 0xff, 0xc0, 0x0, 0x8,
    0x1, 0xff, 0x80, 0x0, 0x10, 0x3, 0xff, 0x80,
    0x0, 0x40, 0x7, 0xff, 0x0, 0x0, 0xff, 0xff,
    0xff, 0x0, 0x1, 0x0, 0xf, 0xfe, 0x0, 0x4,
    0x0, 0x1f, 0xfc, 0x0, 0x8, 0x0, 0x1f, 0xfc,
    0x0, 0x10, 0x0, 0x3f, 0xf8, 0x0, 0x40, 0x0,
    0x3f, 0xf0, 0x0, 0x80, 0x0, 0x7f, 0xf0, 0x3,
    0x0, 0x0, 0xff, 0xe0, 0x4, 0x0, 0x0, 0xff,
    0xe0, 0x8, 0x0, 0x1, 0xff, 0xc0, 0x30, 0x0,
    0x3, 0xff, 0x80, 0x60, 0x0, 0x3, 0xff, 0x81,
    0xc0, 0x0, 0x7, 0xff, 0x7, 0xc0, 0x0, 0xf,
    0xff, 0x1f, 0xc0, 0x0, 0x3f, 0xff, 0x7f, 0xf0,
    0x3, 0xff, 0xff,

    /* U+0042 "B" */
    0xff, 0xff, 0xfe, 0x0, 0x1, 0xff, 0xe1, 0xfe,
    0x0, 0xf, 0xfc, 0xf, 0xf0, 0x0, 0xff, 0xc0,
    0x7f, 0xc0, 0xf, 0xfc, 0x7, 0xfe, 0x0, 0xff,
    0xc0, 0x3f, 0xe0, 0xf, 0xfc, 0x3, 0xff, 0x0,
    0xff, 0xc0, 0x3f, 0xf0, 0xf, 0xfc, 0x3, 0xff,
    0x0, 0xff, 0xc0, 0x3f, 0xf0, 0xf, 0xfc, 0x3,
    0xff, 0x0, 0xff, 0xc0, 0x3f, 0xf0, 0xf, 0xfc,
    0x3, 0xfe, 0x0, 0xff, 0xc0, 0x3f, 0xe0, 0xf,
    0xfc, 0x7, 0xfc, 0x0, 0xff, 0xc0, 0x7f, 0x80,
    0xf, 0xfc, 0x7, 0xe0, 0x0, 0xff, 0xc0, 0xfc,
    0x0, 0xf, 0xfc, 0x1e, 0x0, 0x0, 0xff, 0xff,
    0xe0, 0x0, 0xf, 0xfc, 0xf, 0xf0, 0x0, 0xff,
    0xc0, 0x3f, 0xc0, 0xf, 0xfc, 0x1, 0xff, 0x0,
    0xff, 0xc0, 0xf, 0xf8, 0xf, 0xfc, 0x0, 0xff,
    0xc0, 0xff, 0xc0, 0x7, 0xfe, 0xf, 0xfc, 0x0,
    0x7f, 0xe0, 0xff, 0xc0, 0x7, 0xff, 0xf, 0xfc,
    0x0, 0x7f, 0xf0, 0xff, 0xc0, 0x7, 0xff, 0xf,
    0xfc, 0x0, 0x7f, 0xf0, 0xff, 0xc0, 0x7, 0xff,
    0xf, 0xfc, 0x0, 0x7f, 0xf0, 0xff, 0xc0, 0x7,
    0xfe, 0xf, 0xfc, 0x0, 0xff, 0xe0, 0xff, 0xc0,
    0xf, 0xfc, 0xf, 0xfc, 0x1, 0xff, 0x80, 0xff,
    0xc0, 0x3f, 0xe0, 0x1f, 0xfe, 0x7, 0xf8, 0xf,
    0xff, 0xff, 0xfc, 0x0,

    /* U+0043 "C" */
    0x0, 0x0, 0xff, 0x80, 0x60, 0x1, 0xfc, 0xe,
    0xc, 0x0, 0xfe, 0x0, 0x71, 0x80, 0x7f, 0x80,
    0x3, 0x30, 0x1f, 0xe0, 0x0, 0x3e, 0x7, 0xf8,
    0x0, 0x3, 0xc1, 0xff, 0x0, 0x0, 0x78, 0x7f,
    0xc0, 0x0, 0x7, 0x1f, 0xf8, 0x0, 0x0, 0xe3,
    0xfe, 0x0, 0x0, 0x1c, 0xff, 0xc0, 0x0, 0x1,
    0x9f, 0xf8, 0x0, 0x0, 0x37, 0xff, 0x0, 0x0,
    0x6, 0xff, 0xe0, 0x0, 0x0, 0xdf, 0xf8, 0x0,
    0x0, 0x3, 0xff, 0x0, 0x0, 0x0, 0xff, 0xe0,
    0x0, 0x0, 0x1f, 0xfc, 0x0, 0x0, 0x3, 0xff,
    0x80, 0x0, 0x0, 0x7f, 0xf0, 0x0, 0x0, 0xf,
    0xfe, 0x0, 0x0, 0x1, 0xff, 0xc0, 0x0, 0x0,
    0x3f, 0xf8, 0x0, 0x0, 0x7, 0xff, 0x0, 0x0,
    0x0, 0xff, 0xe0, 0x0, 0x0, 0x1f, 0xfc, 0x0,
    0x0, 0x1, 0xff, 0x80, 0x0, 0x1, 0xbf, 0xf8,
    0x0, 0x0, 0x37, 0xff, 0x0, 0x0, 0x6, 0xff,
    0xe0, 0x0, 0x0, 0xcf, 0xfc, 0x0, 0x0, 0x39,
    0xff, 0xc0, 0x0, 0x7, 0x1f, 0xf8, 0x0, 0x0,
    0xe1, 0xff, 0x0, 0x0, 0x1c, 0x3f, 0xf0, 0x0,
    0x7, 0x83, 0xfe, 0x0, 0x0, 0xf0, 0x1f, 0xe0,
    0x0, 0x3e, 0x1, 0xfe, 0x0, 0xc, 0xc0, 0x1f,
    0xe0, 0x6, 0x18, 0x0, 0x7f, 0x3, 0x83, 0x0,
    0x1, 0xff, 0x80, 0x0,

    /* U+0044 "D" */
    0xff, 0xff, 0xff, 0x80, 0x0, 0xf, 0xff, 0x1,
    0xfc, 0x0, 0x3, 0xff, 0x0, 0x3f, 0xc0, 0x1,
    0xff, 0x80, 0xf, 0xf0, 0x0, 0xff, 0xc0, 0x3,
    0xfe, 0x0, 0x7f, 0xe0, 0x0, 0xff, 0x80, 0x3f,
    0xf0, 0x0, 0x3f, 0xe0, 0x1f, 0xf8, 0x0, 0x1f,
    0xf8, 0xf, 0xfc, 0x0, 0x7, 0xfc, 0x7, 0xfe,
    0x0, 0x3, 0xff, 0x3, 0xff, 0x0, 0x1, 0xff,
    0x81, 0xff, 0x80, 0x0, 0xff, 0xe0, 0xff, 0xc0,
    0x0, 0x7f, 0xf0, 0x7f, 0xe0, 0x0, 0x1f, 0xf8,
    0x3f, 0xf0, 0x0, 0xf, 0xfe, 0x1f, 0xf8, 0x0,
    0x7, 0xff, 0xf, 0xfc, 0x0, 0x3, 0xff, 0x87,
    0xfe, 0x0, 0x1, 0xff, 0xc3, 0xff, 0x0, 0x0,
    0xff, 0xe1, 0xff, 0x80, 0x0, 0x7f, 0xf0, 0xff,
    0xc0, 0x0, 0x3f, 0xf8, 0x7f, 0xe0, 0x0, 0x1f,
    0xfc, 0x3f, 0xf0, 0x0, 0xf, 0xfe, 0x1f, 0xf8,
    0x0, 0x7, 0xff, 0xf, 0xfc, 0x0, 0x3, 0xff,
    0x87, 0xfe, 0x0, 0x1, 0xff, 0x83, 0xff, 0x0,
    0x0, 0xff, 0xc1, 0xff, 0x80, 0x0, 0xff, 0xe0,
    0xff, 0xc0, 0x0, 0x7f, 0xe0, 0x7f, 0xe0, 0x0,
    0x3f, 0xf0, 0x3f, 0xf0, 0x0, 0x1f, 0xf0, 0x1f,
    0xf8, 0x0, 0x1f, 0xf0, 0xf, 0xfc, 0x0, 0xf,
    0xf8, 0x7, 0xfe, 0x0, 0x7, 0xf8, 0x3, 0xff,
    0x0, 0x7, 0xf8, 0x1, 0xff, 0x80, 0x7, 0xf0,
    0x0, 0xff, 0xc0, 0x7, 0xf0, 0x0, 0x7f, 0xe0,
    0x7, 0xe0, 0x0, 0x7f, 0xf8, 0xf, 0xc0, 0x1,
    0xff, 0xff, 0xfe, 0x0, 0x0,

    /* U+0045 "E" */
    0xff, 0xff, 0xff, 0xfc, 0x1f, 0xfe, 0x3, 0xfc,
    0xf, 0xfc, 0x0, 0xfc, 0xf, 0xfc, 0x0, 0x7c,
    0xf, 0xfc, 0x0, 0x3c, 0xf, 0xfc, 0x0, 0x1c,
    0xf, 0xfc, 0x0, 0x1c, 0xf, 0xfc, 0x0, 0xc,
    0xf, 0xfc, 0x0, 0xc, 0xf, 0xfc, 0x0, 0xc,
    0xf, 0xfc, 0x0, 0xc, 0xf, 0xfc, 0x0, 0x4,
    0xf, 0xfc, 0x3, 0x4, 0xf, 0xfc, 0x3, 0x0,
    0xf, 0xfc, 0x7, 0x0, 0xf, 0xfc, 0x7, 0x0,
    0xf, 0xfc, 0xf, 0x0, 0xf, 0xfc, 0x1f, 0x0,
    0xf, 0xfc, 0x3f, 0x0, 0xf, 0xff, 0xff, 0x0,
    0xf, 0xfc, 0x3f, 0x0, 0xf, 0xfc, 0xf, 0x0,
    0xf, 0xfc, 0xf, 0x0, 0xf, 0xfc, 0x7, 0x0,
    0xf, 0xfc, 0x3, 0x0, 0xf, 0xfc, 0x3, 0x0,
    0xf, 0xfc, 0x3, 0x3, 0xf, 0xfc, 0x3, 0x3,
    0xf, 0xfc, 0x0, 0x7, 0xf, 0xfc, 0x0, 0x7,
    0xf, 0xfc, 0x0, 0x7, 0xf, 0xfc, 0x0, 0x7,
    0xf, 0xfc, 0x0, 0xf, 0xf, 0xfc, 0x0, 0xf,
    0xf, 0xfc, 0x0, 0x1f, 0xf, 0xfc, 0x0, 0x3f,
    0xf, 0xfc, 0x0, 0x3f, 0xf, 0xfc, 0x0, 0xff,
    0x1f, 0xfe, 0x1, 0xff, 0xff, 0xff, 0xff, 0xff,

    /* U+0046 "F" */
    0xff, 0xff, 0xff, 0xfe, 0x3f, 0xfc, 0x7, 0xfc,
    0x3f, 0xf0, 0x3, 0xf8, 0x7f, 0xe0, 0x3, 0xf0,
    0xff, 0xc0, 0x3, 0xe1, 0xff, 0x80, 0x3, 0xc3,
    0xff, 0x0, 0x7, 0x87, 0xfe, 0x0, 0x7, 0xf,
    0xfc, 0x0, 0xe, 0x1f, 0xf8, 0x0, 0x1c, 0x3f,
    0xf0, 0x0, 0x18, 0x7f, 0xe0, 0x0, 0x30, 0xff,
    0xc0, 0x10, 0x61, 0xff, 0x80, 0x60, 0x3, 0xff,
    0x0, 0xc0, 0x7, 0xfe, 0x3, 0x80, 0xf, 0xfc,
    0x7, 0x0, 0x1f, 0xf8, 0x1e, 0x0, 0x3f, 0xf0,
    0x7c, 0x0, 0x7f, 0xe1, 0xf8, 0x0, 0xff, 0xff,
    0xf0, 0x1, 0xff, 0x87, 0xe0, 0x3, 0xff, 0x3,
    0xc0, 0x7, 0xfe, 0x3, 0x80, 0xf, 0xfc, 0x7,
    0x0, 0x1f, 0xf8, 0x6, 0x0, 0x3f, 0xf0, 0xc,
    0x0, 0x7f, 0xe0, 0x8, 0x0, 0xff, 0xc0, 0x0,
    0x1, 0xff, 0x80, 0x0, 0x3, 0xff, 0x0, 0x0,
    0x7, 0xfe, 0x0, 0x0, 0xf, 0xfc, 0x0, 0x0,
    0x1f, 0xf8, 0x0, 0x0, 0x3f, 0xf0, 0x0, 0x0,
    0x7f, 0xe0, 0x0, 0x0, 0xff, 0xc0, 0x0, 0x1,
    0xff, 0xc0, 0x0, 0x7, 0xff, 0xc0, 0x0, 0x7f,
    0xff, 0xf8, 0x0,

    /* U+0047 "G" */
    0x0, 0x0, 0xff, 0xc0, 0x20, 0x0, 0x3f, 0x80,
    0xe0, 0x80, 0x3, 0xf8, 0x0, 0xe2, 0x0, 0x1f,
    0xc0, 0x0, 0xf8, 0x1, 0xfe, 0x0, 0x1, 0xe0,
    0xf, 0xf8, 0x0, 0x7, 0x80, 0x7f, 0xc0, 0x0,
    0xe, 0x3, 0xfe, 0x0, 0x0, 0x18, 0xf, 0xf8,
    0x0, 0x0, 0x60, 0x7f, 0xe0, 0x0, 0x1, 0x83,
    0xff, 0x0, 0x0, 0x6, 0xf, 0xfc, 0x0, 0x0,
    0x8, 0x7f, 0xf0, 0x0, 0x0, 0x21, 0xff, 0xc0,
    0x0, 0x0, 0x87, 0xfe, 0x0, 0x0, 0x0, 0x1f,
    0xf8, 0x0, 0x0, 0x0, 0xff, 0xe0, 0x0, 0x0,
    0x3, 0xff, 0x80, 0x0, 0x0, 0xf, 0xfe, 0x0,
    0x0, 0x0, 0x3f, 0xf8, 0x0, 0x0, 0x0, 0xff,
    0xe0, 0x0, 0x0, 0x3, 0xff, 0x80, 0x0, 0x0,
    0xf, 0xfe, 0x0, 0x0, 0x0, 0x3f, 0xf8, 0x3,
    0xff, 0xff, 0xff, 0xe0, 0x0, 0xff, 0xfb, 0xff,
    0x80, 0x1, 0xff, 0xcf, 0xfe, 0x0, 0x3, 0xff,
    0x1f, 0xf8, 0x0, 0xf, 0xfc, 0x7f, 0xf0, 0x0,
    0x3f, 0xf1, 0xff, 0xc0, 0x0, 0xff, 0xc3, 0xff,
    0x0, 0x3, 0xff, 0xf, 0xfc, 0x0, 0xf, 0xfc,
    0x1f, 0xf0, 0x0, 0x3f, 0xf0, 0x7f, 0xe0, 0x0,
    0xff, 0xc0, 0xff, 0x80, 0x3, 0xff, 0x1, 0xff,
    0x0, 0xf, 0xfc, 0x3, 0xfc, 0x0, 0x3f, 0xf0,
    0x7, 0xf8, 0x0, 0xf8, 0xc0, 0x7, 0xf0, 0x7,
    0x81, 0x0, 0x7, 0xf0, 0x38, 0x4, 0x0, 0x1,
    0xff, 0x0, 0x0,

    /* U+0048 "H" */
    0xff, 0xff, 0xc0, 0xff, 0xff, 0xc7, 0xff, 0x80,
    0x7, 0xff, 0x80, 0xff, 0xc0, 0x0, 0xff, 0xc0,
    0x3f, 0xf0, 0x0, 0x3f, 0xf0, 0xf, 0xfc, 0x0,
    0xf, 0xfc, 0x3, 0xff, 0x0, 0x3, 0xff, 0x0,
    0xff, 0xc0, 0x0, 0xff, 0xc0, 0x3f, 0xf0, 0x0,
    0x3f, 0xf0, 0xf, 0xfc, 0x0, 0xf, 0xfc, 0x3,
    0xff, 0x0, 0x3, 0xff, 0x0, 0xff, 0xc0, 0x0,
    0xff, 0xc0, 0x3f, 0xf0, 0x0, 0x3f, 0xf0, 0xf,
    0xfc, 0x0, 0xf, 0xfc, 0x3, 0xff, 0x0, 0x3,
    0xff, 0x0, 0xff, 0xc0, 0x0, 0xff, 0xc0, 0x3f,
    0xf0, 0x0, 0x3f, 0xf0, 0xf, 0xfc, 0x0, 0xf,
    0xfc, 0x3, 0xff, 0x0, 0x3, 0xff, 0x0, 0xff,
    0xc0, 0x0, 0xff, 0xc0, 0x3f, 0xff, 0xff, 0xff,
    0xf0, 0xf, 0xfc, 0x0, 0xf, 0xfc, 0x3, 0xff,
    0x0, 0x3, 0xff, 0x0, 0xff, 0xc0, 0x0, 0xff,
    0xc0, 0x3f, 0xf0, 0x0, 0x3f, 0xf0, 0xf, 0xfc,
    0x0, 0xf, 0xfc, 0x3, 0xff, 0x0, 0x3, 0xff,
    0x0, 0xff, 0xc0, 0x0, 0xff, 0xc0, 0x3f, 0xf0,
    0x0, 0x3f, 0xf0, 0xf, 0xfc, 0x0, 0xf, 0xfc,
    0x3, 0xff, 0x0, 0x3, 0xff, 0x0, 0xff, 0xc0,
    0x0, 0xff, 0xc0, 0x3f, 0xf0, 0x0, 0x3f, 0xf0,
    0xf, 0xfc, 0x0, 0xf, 0xfc, 0x3, 0xff, 0x0,
    0x3, 0xff, 0x0, 0xff, 0xc0, 0x0, 0xff, 0xc0,
    0x3f, 0xf0, 0x0, 0x3f, 0xf0, 0xf, 0xfc, 0x0,
    0xf, 0xfc, 0x3, 0xff, 0x0, 0x3, 0xff, 0x1,
    0xff, 0xe0, 0x1, 0xff, 0xe3, 0xff, 0xff, 0x3,
    0xff, 0xff,

    /* U+0049 "I" */
    0xff, 0xff, 0xc7, 0xff, 0x80, 0xff, 0xc0, 0x3f,
    0xf0, 0xf, 0xfc, 0x3, 0xff, 0x0, 0xff, 0xc0,
    0x3f, 0xf0, 0xf, 0xfc, 0x3, 0xff, 0x0, 0xff,
    0xc0, 0x3f, 0xf0, 0xf, 0xfc, 0x3, 0xff, 0x0,
    0xff, 0xc0, 0x3f, 0xf0, 0xf, 0xfc, 0x3, 0xff,
    0x0, 0xff, 0xc0, 0x3f, 0xf0, 0xf, 0xfc, 0x3,
    0xff, 0x0, 0xff, 0xc0, 0x3f, 0xf0, 0xf, 0xfc,
    0x3, 0xff, 0x0, 0xff, 0xc0, 0x3f, 0xf0, 0xf,
    0xfc, 0x3, 0xff, 0x0, 0xff, 0xc0, 0x3f, 0xf0,
    0xf, 0xfc, 0x3, 0xff, 0x0, 0xff, 0xc0, 0x3f,
    0xf0, 0xf, 0xfc, 0x3, 0xff, 0x1, 0xff, 0xe3,
    0xff, 0xff,

    /* U+004A "J" */
    0x1f, 0xff, 0xf8, 0x1f, 0xfe, 0x0, 0x7f, 0xe0,
    0x3, 0xff, 0x0, 0x1f, 0xf8, 0x0, 0xff, 0xc0,
    0x7, 0xfe, 0x0, 0x3f, 0xf0, 0x1, 0xff, 0x80,
    0xf, 0xfc, 0x0, 0x7f, 0xe0, 0x3, 0xff, 0x0,
    0x1f, 0xf8, 0x0, 0xff, 0xc0, 0x7, 0xfe, 0x0,
    0x3f, 0xf0, 0x1, 0xff, 0x80, 0xf, 0xfc, 0x0,
    0x7f, 0xe0, 0x3, 0xff, 0x0, 0x1f, 0xf8, 0x0,
    0xff, 0xc0, 0x7, 0xfe, 0x0, 0x3f, 0xf0, 0x1,
    0xff, 0x80, 0xf, 0xfc, 0x0, 0x7f, 0xe0, 0x3,
    0xff, 0x0, 0x1f, 0xf8, 0x0, 0xff, 0xc0, 0x7,
    0xfe, 0x0, 0x3f, 0xf0, 0x1, 0xff, 0x80, 0xf,
    0xfc, 0x0, 0x7f, 0xe0, 0x3, 0xff, 0x0, 0x1f,
    0xf8, 0x0, 0xff, 0xc0, 0x7, 0xfe, 0x0, 0x3f,
    0xe0, 0x1, 0xff, 0x0, 0xf, 0xf8, 0x0, 0xff,
    0x80, 0x7, 0xfc, 0x0, 0x3f, 0xc0, 0x3, 0xfc,
    0x0, 0x1f, 0xc0, 0x1, 0xfc, 0x0, 0x7f, 0x80,
    0x7, 0xc0, 0x0, 0x0,

    /* U+004B "K" */
    0xff, 0xff, 0xc0, 0xff, 0xfc, 0x1f, 0xfe, 0x0,
    0x3f, 0xf0, 0xf, 0xfc, 0x0, 0xf, 0xc0, 0xf,
    0xfc, 0x0, 0xf, 0x80, 0xf, 0xfc, 0x0, 0xf,
    0x0, 0xf, 0xfc, 0x0, 0xe, 0x0, 0xf, 0xfc,
    0x0, 0xc, 0x0, 0xf, 0xfc, 0x0, 0x18, 0x0,
    0xf, 0xfc, 0x0, 0x10, 0x0, 0xf, 0xfc, 0x0,
    0x20, 0x0, 0xf, 0xfc, 0x0, 0x40, 0x0, 0xf,
    0xfc, 0x0, 0x80, 0x0, 0xf, 0xfc, 0x0, 0x80,
    0x0, 0xf, 0xfc, 0x1, 0x0, 0x0, 0xf, 0xfc,
    0x2, 0x0, 0x0, 0xf, 0xfc, 0x7, 0x0, 0x0,
    0xf, 0xfc, 0xf, 0x0, 0x0, 0xf, 0xfc, 0x3f,
    0x80, 0x0, 0xf, 0xfc, 0xff, 0xc0, 0x0, 0xf,
    0xff, 0xff, 0xc0, 0x0, 0xf, 0xfd, 0xff, 0xe0,
    0x0, 0xf, 0xfc, 0xff, 0xf0, 0x0, 0xf, 0xfc,
    0x7f, 0xf0, 0x0, 0xf, 0xfc, 0x3f, 0xf8, 0x0,
    0xf, 0xfc, 0x3f, 0xf8, 0x0, 0xf, 0xfc, 0x1f,
    0xfc, 0x0, 0xf, 0xfc, 0x1f, 0xfe, 0x0, 0xf,
    0xfc, 0xf, 0xfe, 0x0, 0xf, 0xfc, 0x7, 0xff,
    0x0, 0xf, 0xfc, 0x7, 0xff, 0x0, 0xf, 0xfc,
    0x3, 0xff, 0x80, 0xf, 0xfc, 0x1, 0xff, 0xc0,
    0xf, 0xfc, 0x1, 0xff, 0xc0, 0xf, 0xfc, 0x0,
    0xff, 0xe0, 0xf, 0xfc, 0x0, 0xff, 0xf0, 0xf,
    0xfc, 0x0, 0x7f, 0xf0, 0xf, 0xfc, 0x0, 0x3f,
    0xf8, 0xf, 0xfc, 0x0, 0x3f, 0xfc, 0x1f, 0xfe,
    0x0, 0x3f, 0xfe, 0xff, 0xff, 0xc1, 0xff, 0xff,

    /* U+004C "L" */
    0xff, 0xff, 0xe0, 0x0, 0x1f, 0xff, 0x0, 0x0,
    0xf, 0xfc, 0x0, 0x0, 0xf, 0xfc, 0x0, 0x0,
    0xf, 0xfc, 0x0, 0x0, 0xf, 0xfc, 0x0, 0x0,
    0xf, 0xfc, 0x0, 0x0, 0xf, 0xfc, 0x0, 0x0,
    0xf, 0xfc, 0x0, 0x0, 0xf, 0xfc, 0x0, 0x0,
    0xf, 0xfc, 0x0, 0x0, 0xf, 0xfc, 0x0, 0x0,
    0xf, 0xfc, 0x0, 0x0, 0xf, 0xfc, 0x0, 0x0,
    0xf, 0xfc, 0x0, 0x0, 0xf, 0xfc, 0x0, 0x0,
    0xf, 0xfc, 0x0, 0x0, 0xf, 0xfc, 0x0, 0x0,
    0xf, 0xfc, 0x0, 0x0, 0xf, 0xfc, 0x0, 0x0,
    0xf, 0xfc, 0x0, 0x0, 0xf, 0xfc, 0x0, 0x0,
    0xf, 0xfc, 0x0, 0x0, 0xf, 0xfc, 0x0, 0x0,
    0xf, 0xfc, 0x0, 0x0, 0xf, 0xfc, 0x0, 0x0,
    0xf, 0xfc, 0x0, 0x3, 0xf, 0xfc, 0x0, 0x3,
    0xf, 0xfc, 0x0, 0x3, 0xf, 0xfc, 0x0, 0x7,
    0xf, 0xfc, 0x0, 0x7, 0xf, 0xfc, 0x0, 0xf,
    0xf, 0xfc, 0x0, 0xf, 0xf, 0xfc, 0x0, 0x1f,
    0xf, 0xfc, 0x0, 0x1f, 0xf, 0xfc, 0x0, 0x3f,
    0xf, 0xfc, 0x0, 0x7f, 0xf, 0xfc, 0x0, 0xff,
    0x1f, 0xfe, 0x3, 0xff, 0xff, 0xff, 0xff, 0xff,

    /* U+004D "M" */
    0xff, 0xfe, 0x0, 0x0, 0x1f, 0xff, 0xc7, 0xff,
    0xc0, 0x0, 0x7, 0xff, 0x80, 0xff, 0xf0, 0x0,
    0x1, 0xff, 0xc0, 0x3f, 0xfe, 0x0, 0x0, 0xff,
    0xe0, 0xf, 0xff, 0x80, 0x0, 0x3f, 0xf8, 0x2,
    0xff, 0xe0, 0x0, 0x1f, 0xfe, 0x0, 0xbf, 0xfc,
    0x0, 0x5, 0xff, 0x80, 0x27, 0xff, 0x0, 0x1,
    0x7f, 0xe0, 0x9, 0xff, 0xe0, 0x0, 0xdf, 0xf8,
    0x2, 0x3f, 0xf8, 0x0, 0x27, 0xfe, 0x0, 0x8f,
    0xff, 0x0, 0x9, 0xff, 0x80, 0x23, 0xff, 0xc0,
    0x6, 0x7f, 0xe0, 0x8, 0x7f, 0xf0, 0x1, 0x1f,
    0xf8, 0x2, 0x1f, 0xfe, 0x0, 0x47, 0xfe, 0x0,
    0x83, 0xff, 0x80, 0x21, 0xff, 0x80, 0x20, 0xff,
    0xf0, 0x8, 0x7f, 0xe0, 0x8, 0x1f, 0xfc, 0x6,
    0x1f, 0xf8, 0x2, 0x7, 0xff, 0x81, 0x7, 0xfe,
    0x0, 0x80, 0xff, 0xe0, 0x41, 0xff, 0x80, 0x20,
    0x3f, 0xf8, 0x30, 0x7f, 0xe0, 0x8, 0xf, 0xff,
    0x8, 0x1f, 0xf8, 0x2, 0x1, 0xff, 0xc2, 0x7,
    0xfe, 0x0, 0x80, 0x7f, 0xf9, 0x1, 0xff, 0x80,
    0x20, 0xf, 0xfe, 0x40, 0x7f, 0xe0, 0x8, 0x3,
    0xff, 0xd0, 0x1f, 0xf8, 0x2, 0x0, 0x7f, 0xf8,
    0x7, 0xfe, 0x0, 0x80, 0x1f, 0xfe, 0x1, 0xff,
    0x80, 0x20, 0x3, 0xff, 0x80, 0x7f, 0xe0, 0x8,
    0x0, 0xff, 0xc0, 0x1f, 0xf8, 0x2, 0x0, 0x3f,
    0xf0, 0x7, 0xfe, 0x0, 0x80, 0x7, 0xf8, 0x1,
    0xff, 0x80, 0x20, 0x1, 0xfe, 0x0, 0x7f, 0xe0,
    0x8, 0x0, 0x3f, 0x80, 0x1f, 0xf8, 0x2, 0x0,
    0xf, 0xc0, 0x7, 0xfe, 0x0, 0x80, 0x1, 0xf0,
    0x1, 0xff, 0x80, 0x20, 0x0, 0x7c, 0x0, 0x7f,
    0xe0, 0x1c, 0x0, 0x1e, 0x0, 0x1f, 0xf8, 0x7,
    0x0, 0x3, 0x80, 0x7, 0xff, 0x3, 0xf0, 0x0,
    0xe0, 0x3, 0xff, 0xe3, 0xff, 0x80, 0x10, 0x7,
    0xff, 0xff,

    /* U+004E "N" */
    0xff, 0xc0, 0x0, 0x3f, 0xf8, 0xff, 0x0, 0x0,
    0x3f, 0x3, 0xfc, 0x0, 0x0, 0x70, 0x1f, 0xf0,
    0x0, 0x3, 0x80, 0xff, 0xc0, 0x0, 0x8, 0x7,
    0xff, 0x0, 0x0, 0x40, 0x3f, 0xfc, 0x0, 0x2,
    0x1, 0xff, 0xe0, 0x0, 0x10, 0xf, 0xff, 0x80,
    0x0, 0x80, 0x7f, 0xfe, 0x0, 0x4, 0x3, 0xff,
    0xf8, 0x0, 0x20, 0x17, 0xff, 0xe0, 0x1, 0x0,
    0x9f, 0xff, 0x80, 0x8, 0x4, 0xff, 0xfe, 0x0,
    0x40, 0x23, 0xff, 0xf8, 0x2, 0x1, 0xf, 0xff,
    0xc0, 0x10, 0x8, 0x3f, 0xff, 0x0, 0x80, 0x40,
    0xff, 0xfc, 0x4, 0x2, 0x3, 0xff, 0xf0, 0x20,
    0x10, 0xf, 0xff, 0xc1, 0x0, 0x80, 0x7f, 0xff,
    0x8, 0x4, 0x1, 0xff, 0xfc, 0x40, 0x20, 0x7,
    0xff, 0xf2, 0x1, 0x0, 0x1f, 0xff, 0x90, 0x8,
    0x0, 0x7f, 0xfe, 0x80, 0x40, 0x1, 0xff, 0xfc,
    0x2, 0x0, 0xf, 0xff, 0xe0, 0x10, 0x0, 0x3f,
    0xff, 0x0, 0x80, 0x0, 0xff, 0xf8, 0x4, 0x0,
    0x3, 0xff, 0xc0, 0x20, 0x0, 0xf, 0xfe, 0x1,
    0x0, 0x0, 0x3f, 0xf0, 0x8, 0x0, 0x0, 0xff,
    0x80, 0x40, 0x0, 0x7, 0xfc, 0x2, 0x0, 0x0,
    0x1f, 0xe0, 0x18, 0x0, 0x0, 0x7f, 0x1, 0xc0,
    0x0, 0x1, 0xf8, 0x1f, 0x0, 0x0, 0x7, 0xc3,
    0xff, 0x80, 0x0, 0x1e, 0x1f, 0xfc, 0x0, 0x0,
    0x70,

    /* U+004F "O" */
    0x0, 0x0, 0xff, 0xc0, 0x0, 0x0, 0x7, 0xe0,
    0xfc, 0x0, 0x0, 0xf, 0xc0, 0x3f, 0x80, 0x0,
    0xf, 0xc0, 0xf, 0xf0, 0x0, 0x1f, 0xe0, 0x3,
    0xfc, 0x0, 0x1f, 0xe0, 0x0, 0xff, 0x80, 0x1f,
    0xf0, 0x0, 0x7f, 0xe0, 0x1f, 0xf0, 0x0, 0x1f,
    0xf0, 0xf, 0xf8, 0x0, 0xf, 0xfc, 0xf, 0xf8,
    0x0, 0x3, 0xff, 0xf, 0xfc, 0x0, 0x1, 0xff,
    0x87, 0xfe, 0x0, 0x0, 0xff, 0xe7, 0xff, 0x0,
    0x0, 0x7f, 0xf3, 0xff, 0x0, 0x0, 0x3f, 0xf9,
    0xff, 0x80, 0x0, 0xf, 0xfc, 0xff, 0xc0, 0x0,
    0x7, 0xff, 0xff, 0xe0, 0x0, 0x3, 0xff, 0xff,
    0xf0, 0x0, 0x1, 0xff, 0xff, 0xf8, 0x0, 0x0,
    0xff, 0xff, 0xfc, 0x0, 0x0, 0x7f, 0xff, 0xfe,
    0x0, 0x0, 0x3f, 0xff, 0xff, 0x0, 0x0, 0x1f,
    0xff, 0xff, 0x80, 0x0, 0xf, 0xff, 0xff, 0xc0,
    0x0, 0x7, 0xff, 0xff, 0xe0, 0x0, 0x3, 0xff,
    0xff, 0xf0, 0x0, 0x1, 0xff, 0x9f, 0xf8, 0x0,
    0x0, 0xff, 0xcf, 0xfe, 0x0, 0x0, 0xff, 0xe7,
    0xff, 0x0, 0x0, 0x7f, 0xf3, 0xff, 0x80, 0x0,
    0x3f, 0xf0, 0xff, 0xc0, 0x0, 0x1f, 0xf8, 0x7f,
    0xe0, 0x0, 0xf, 0xf8, 0x1f, 0xf8, 0x0, 0xf,
    0xf8, 0x7, 0xfc, 0x0, 0x7, 0xfc, 0x3, 0xff,
    0x0, 0x7, 0xfc, 0x0, 0xff, 0x80, 0x3, 0xfc,
    0x0, 0x1f, 0xe0, 0x3, 0xfc, 0x0, 0x7, 0xf8,
    0x1, 0xf8, 0x0, 0x1, 0xfe, 0x1, 0xf8, 0x0,
    0x0, 0x1f, 0x83, 0xf0, 0x0, 0x0, 0x1, 0xff,
    0xc0, 0x0, 0x0,

    /* U+0050 "P" */
    0xff, 0xff, 0xff, 0x0, 0x7, 0xff, 0x87, 0xf8,
    0x0, 0xff, 0xc0, 0x7f, 0x80, 0x3f, 0xf0, 0xf,
    0xf0, 0xf, 0xfc, 0x3, 0xfe, 0x3, 0xff, 0x0,
    0xff, 0xc0, 0xff, 0xc0, 0x1f, 0xf8, 0x3f, 0xf0,
    0x7, 0xfe, 0xf, 0xfc, 0x1, 0xff, 0xc3, 0xff,
    0x0, 0x7f, 0xf0, 0xff, 0xc0, 0x1f, 0xfc, 0x3f,
    0xf0, 0x7, 0xff, 0xf, 0xfc, 0x1, 0xff, 0xc3,
    0xff, 0x0, 0x7f, 0xf0, 0xff, 0xc0, 0x1f, 0xfc,
    0x3f, 0xf0, 0x7, 0xfe, 0xf, 0xfc, 0x1, 0xff,
    0x83, 0xff, 0x0, 0xff, 0xc0, 0xff, 0xc0, 0x3f,
    0xe0, 0x3f, 0xf0, 0xf, 0xf8, 0xf, 0xfc, 0x7,
    0xfc, 0x3, 0xff, 0x3, 0xfc, 0x0, 0xff, 0xc1,
    0xfc, 0x0, 0x3f, 0xff, 0xf0, 0x0, 0xf, 0xfc,
    0x0, 0x0, 0x3, 0xff, 0x0, 0x0, 0x0, 0xff,
    0xc0, 0x0, 0x0, 0x3f, 0xf0, 0x0, 0x0, 0xf,
    0xfc, 0x0, 0x0, 0x3, 0xff, 0x0, 0x0, 0x0,
    0xff, 0xc0, 0x0, 0x0, 0x3f, 0xf0, 0x0, 0x0,
    0xf, 0xfc, 0x0, 0x0, 0x3, 0xff, 0x0, 0x0,
    0x0, 0xff, 0xc0, 0x0, 0x0, 0x3f, 0xf0, 0x0,
    0x0, 0xf, 0xfc, 0x0, 0x0, 0x3, 0xff, 0x80,
    0x0, 0x1, 0xff, 0xf0, 0x0, 0x3, 0xff, 0xff,
    0xc0, 0x0,

    /* U+0051 "Q" */
    0x0, 0x0, 0xff, 0xc0, 0x0, 0x0, 0x3, 0xf0,
    0x7e, 0x0, 0x0, 0x3, 0xf0, 0xf, 0xe0, 0x0,
    0x1, 0xf8, 0x1, 0xfe, 0x0, 0x1, 0xfe, 0x0,
    0x3f, 0xc0, 0x0, 0xff, 0x0, 0x7, 0xfc, 0x0,
    0x7f, 0xc0, 0x1, 0xff, 0x80, 0x3f, 0xe0, 0x0,
    0x3f, 0xe0, 0xf, 0xf8, 0x0, 0xf, 0xfc, 0x7,
    0xfc, 0x0, 0x1, 0xff, 0x83, 0xff, 0x0, 0x0,
    0x7f, 0xe0, 0xff, 0xc0, 0x0, 0x1f, 0xfc, 0x7f,
    0xf0, 0x0, 0x7, 0xff, 0x1f, 0xf8, 0x0, 0x1,
    0xff, 0xc7, 0xfe, 0x0, 0x0, 0x3f, 0xf1, 0xff,
    0x80, 0x0, 0xf, 0xfe, 0xff, 0xe0, 0x0, 0x3,
    0xff, 0xbf, 0xf8, 0x0, 0x0, 0xff, 0xef, 0xfe,
    0x0, 0x0, 0x3f, 0xfb, 0xff, 0x80, 0x0, 0xf,
    0xfe, 0xff, 0xe0, 0x0, 0x3, 0xff, 0xbf, 0xf8,
    0x0, 0x0, 0xff, 0xef, 0xfe, 0x0, 0x0, 0x3f,
    0xfb, 0xff, 0x80, 0x0, 0xf, 0xfe, 0xff, 0xe0,
    0x0, 0x3, 0xff, 0xbf, 0xf8, 0x0, 0x0, 0xff,
    0xc7, 0xfe, 0x0, 0x0, 0x3f, 0xf1, 0xff, 0xc0,
    0x0, 0x1f, 0xfc, 0x7f, 0xf0, 0x0, 0x7, 0xff,
    0x1f, 0xfc, 0x0, 0x1, 0xff, 0x83, 0xff, 0x0,
    0x0, 0x7f, 0xe0, 0xff, 0xc0, 0x0, 0x1f, 0xf0,
    0x1f, 0xf8, 0x0, 0xf, 0xf8, 0x3, 0xfe, 0x0,
    0x3, 0xfe, 0x0, 0xff, 0xc0, 0x1, 0xff, 0x0,
    0x1f, 0xf0, 0x0, 0x7f, 0x80, 0x1, 0xfe, 0x0,
    0x3f, 0xc0, 0x0, 0x3f, 0xc0, 0xf, 0xc0, 0x0,
    0x7, 0xf8, 0x7, 0xe0, 0x0, 0x0, 0x3f, 0x7,
    0xe0, 0x1, 0x0, 0x1, 0xff, 0xc0, 0x0, 0xc0,
    0x0, 0x18, 0x0, 0x0, 0x70, 0x0, 0x18, 0x0,
    0x0, 0x78, 0x3f, 0x38, 0x0, 0x1, 0xfe, 0xf,
    0xff, 0xff, 0xff, 0xff, 0x83, 0xe1, 0xff, 0xff,
    0xff, 0xc0, 0x0, 0xf, 0xff, 0xff, 0xf0, 0x0,
    0x0, 0xff, 0xff, 0xf8, 0x0, 0x0, 0xf, 0xff,
    0xfe, 0x0, 0x0, 0x0, 0x7f, 0xfe, 0x0, 0x0,
    0x0, 0x3, 0xfe, 0x0,

    /* U+0052 "R" */
    0xff, 0xff, 0xff, 0x0, 0x0, 0x3f, 0xfc, 0x1f,
    0xe0, 0x0, 0x3f, 0xf0, 0x1f, 0xf0, 0x0, 0x7f,
    0xe0, 0x1f, 0xf0, 0x0, 0xff, 0xc0, 0x3f, 0xf0,
    0x1, 0xff, 0x80, 0x7f, 0xf0, 0x3, 0xff, 0x0,
    0x7f, 0xe0, 0x7, 0xfe, 0x0, 0xff, 0xe0, 0xf,
    0xfc, 0x1, 0xff, 0xc0, 0x1f, 0xf8, 0x3, 0xff,
    0x80, 0x3f, 0xf0, 0x7, 0xff, 0x0, 0x7f, 0xe0,
    0xf, 0xfe, 0x0, 0xff, 0xc0, 0x1f, 0xfc, 0x1,
    0xff, 0x80, 0x3f, 0xf0, 0x3, 0xff, 0x0, 0x7f,
    0xe0, 0x7, 0xfe, 0x1, 0xff, 0x80, 0xf, 0xfc,
    0x3, 0xfe, 0x0, 0x1f, 0xf8, 0xf, 0xf8, 0x0,
    0x3f, 0xf0, 0x1f, 0xe0, 0x0, 0x7f, 0xe0, 0xff,
    0x0, 0x0, 0xff, 0xff, 0xe0, 0x0, 0x1, 0xff,
    0x83, 0xf0, 0x0, 0x3, 0xff, 0x3, 0xfc, 0x0,
    0x7, 0xfe, 0x3, 0xfe, 0x0, 0xf, 0xfc, 0x7,
    0xfe, 0x0, 0x1f, 0xf8, 0xf, 0xfc, 0x0, 0x3f,
    0xf0, 0x1f, 0xfc, 0x0, 0x7f, 0xe0, 0x1f, 0xf8,
    0x0, 0xff, 0xc0, 0x3f, 0xf0, 0x1, 0xff, 0x80,
    0x7f, 0xf0, 0x3, 0xff, 0x0, 0xff, 0xe0, 0x7,
    0xfe, 0x1, 0xff, 0xc0, 0xf, 0xfc, 0x1, 0xff,
    0x80, 0x1f, 0xf8, 0x3, 0xff, 0x0, 0x3f, 0xf0,
    0x7, 0xff, 0x0, 0x7f, 0xe0, 0xf, 0xfe, 0x0,
    0xff, 0xc0, 0x1f, 0xfc, 0x1, 0xff, 0x80, 0x1f,
    0xfc, 0x47, 0xff, 0x80, 0x3f, 0xff, 0x7f, 0xff,
    0xe0, 0x3f, 0xfc, 0x0, 0x0, 0x0, 0x1f, 0xe0,

    /* U+0053 "S" */
    0x0, 0x7f, 0xc0, 0x40, 0x3f, 0x3, 0x84, 0xf,
    0xe0, 0x1e, 0xc1, 0xfc, 0x0, 0xfc, 0x3f, 0x80,
    0x7, 0xc7, 0xf8, 0x0, 0x3c, 0x7f, 0x80, 0x1,
    0xcf, 0xf8, 0x0, 0x1c, 0xff, 0x80, 0x1, 0xcf,
    0xfc, 0x0, 0xc, 0xff, 0xc0, 0x0, 0xcf, 0xfe,
    0x0, 0xc, 0xff, 0xf0, 0x0, 0xcf, 0xff, 0xc0,
    0xc, 0x7f, 0xfe, 0x0, 0x7, 0xff, 0xf0, 0x0,
    0x3f, 0xff, 0xc0, 0x3, 0xff, 0xfe, 0x0, 0x1f,
    0xff, 0xf8, 0x0, 0xff, 0xff, 0xc0, 0x3, 0xff,
    0xfe, 0x0, 0x1f, 0xff, 0xf0, 0x0, 0xff, 0xff,
    0x80, 0x3, 0xff, 0xfc, 0x0, 0x1f, 0xff, 0xe8,
    0x0, 0x7f, 0xfe, 0x80, 0x3, 0xff, 0xf8, 0x0,
    0x1f, 0xff, 0x80, 0x0, 0xff, 0xf8, 0x0, 0x7,
    0xff, 0xc0, 0x0, 0x7f, 0xfc, 0x0, 0x3, 0xff,
    0xc0, 0x0, 0x3f, 0xfc, 0x0, 0x3, 0xfe, 0xe0,
    0x0, 0x3f, 0xee, 0x0, 0x3, 0xfc, 0xf0, 0x0,
    0x3f, 0xcf, 0x80, 0x7, 0xf8, 0xfc, 0x0, 0xfe,
    0x8, 0xf0, 0x3f, 0x80, 0x80, 0xff, 0xc0, 0x0,

    /* U+0054 "T" */
    0xff, 0xff, 0xff, 0xff, 0xff, 0xfc, 0x7f, 0xe3,
    0xff, 0xff, 0x7, 0xfe, 0xf, 0xff, 0xe0, 0x7f,
    0xe0, 0x7f, 0xfc, 0x7, 0xfe, 0x3, 0xff, 0x80,
    0x7f, 0xe0, 0x1f, 0xf0, 0x7, 0xfe, 0x0, 0xff,
    0x0, 0x7f, 0xe0, 0xf, 0xf0, 0x7, 0xfe, 0x0,
    0xfe, 0x0, 0x7f, 0xe0, 0x7, 0xe0, 0x7, 0xfe,
    0x0, 0x7e, 0x0, 0x7f, 0xe0, 0x3, 0xc0, 0x7,
    0xfe, 0x0, 0x3c, 0x0, 0x7f, 0xe0, 0x3, 0x0,
    0x7, 0xfe, 0x0, 0x0, 0x0, 0x7f, 0xe0, 0x0,
    0x0, 0x7, 0xfe, 0x0, 0x0, 0x0, 0x7f, 0xe0,
    0x0, 0x0, 0x7, 0xfe, 0x0, 0x0, 0x0, 0x7f,
    0xe0, 0x0, 0x0, 0x7, 0xfe, 0x0, 0x0, 0x0,
    0x7f, 0xe0, 0x0, 0x0, 0x7, 0xfe, 0x0, 0x0,
    0x0, 0x7f, 0xe0, 0x0, 0x0, 0x7, 0xfe, 0x0,
    0x0, 0x0, 0x7f, 0xe0, 0x0, 0x0, 0x7, 0xfe,
    0x0, 0x0, 0x0, 0x7f, 0xe0, 0x0, 0x0, 0x7,
    0xfe, 0x0, 0x0, 0x0, 0x7f, 0xe0, 0x0, 0x0,
    0x7, 0xfe, 0x0, 0x0, 0x0, 0x7f, 0xe0, 0x0,
    0x0, 0x7, 0xfe, 0x0, 0x0, 0x0, 0x7f, 0xe0,
    0x0, 0x0, 0x7, 0xfe, 0x0, 0x0, 0x0, 0x7f,
    0xe0, 0x0, 0x0, 0x7, 0xfe, 0x0, 0x0, 0x0,
    0xff, 0xf0, 0x0, 0x0, 0x1f, 0xff, 0x80, 0x0,
    0x1f, 0xff, 0xff, 0x80,

    /* U+0055 "U" */
    0xff, 0xff, 0xe0, 0x3f, 0xf8, 0xff, 0xf8, 0x0,
    0x3f, 0x3, 0xff, 0x0, 0x0, 0x70, 0x1f, 0xf8,
    0x0, 0x3, 0x80, 0xff, 0xc0, 0x0, 0x8, 0x7,
    0xfe, 0x0, 0x0, 0x40, 0x3f, 0xf0, 0x0, 0x2,
    0x1, 0xff, 0x80, 0x0, 0x10, 0xf, 0xfc, 0x0,
    0x0, 0x80, 0x7f, 0xe0, 0x0, 0x4, 0x3, 0xff,
    0x0, 0x0, 0x20, 0x1f, 0xf8, 0x0, 0x1, 0x0,
    0xff, 0xc0, 0x0, 0x8, 0x7, 0xfe, 0x0, 0x0,
    0x40, 0x3f, 0xf0, 0x0, 0x2, 0x1, 0xff, 0x80,
    0x0, 0x10, 0xf, 0xfc, 0x0, 0x0, 0x80, 0x7f,
    0xe0, 0x0, 0x4, 0x3, 0xff, 0x0, 0x0, 0x20,
    0x1f, 0xf8, 0x0, 0x1, 0x0, 0xff, 0xc0, 0x0,
    0x8, 0x7, 0xfe, 0x0, 0x0, 0x40, 0x3f, 0xf0,
    0x0, 0x2, 0x1, 0xff, 0x80, 0x0, 0x10, 0xf,
    0xfc, 0x0, 0x0, 0x80, 0x7f, 0xe0, 0x0, 0x4,
    0x3, 0xff, 0x0, 0x0, 0x20, 0x1f, 0xf8, 0x0,
    0x1, 0x0, 0xff, 0xc0, 0x0, 0x8, 0x7, 0xfe,
    0x0, 0x0, 0x40, 0x3f, 0xf0, 0x0, 0x4, 0x0,
    0xff, 0x80, 0x0, 0x20, 0x7, 0xfc, 0x0, 0x1,
    0x0, 0x3f, 0xf0, 0x0, 0x18, 0x0, 0xff, 0x80,
    0x0, 0x80, 0x7, 0xfc, 0x0, 0xc, 0x0, 0x1f,
    0xf0, 0x0, 0x40, 0x0, 0x7f, 0xc0, 0xc, 0x0,
    0x1, 0xff, 0x1, 0xc0, 0x0, 0x3, 0xff, 0xf8,
    0x0, 0x0, 0x3, 0xff, 0x0, 0x0,

    /* U+0056 "V" */
    0xff, 0xff, 0xc0, 0xf, 0xfe, 0xff, 0xfc, 0x0,
    0x7, 0xf8, 0xff, 0xf0, 0x0, 0x3, 0xe0, 0xff,
    0xe0, 0x0, 0x7, 0x81, 0xff, 0xc0, 0x0, 0xe,
    0x1, 0xff, 0xc0, 0x0, 0x1c, 0x3, 0xff, 0x80,
    0x0, 0x30, 0x3, 0xff, 0x0, 0x0, 0x60, 0x7,
    0xff, 0x0, 0x0, 0xc0, 0xf, 0xfe, 0x0, 0x1,
    0x0, 0xf, 0xfe, 0x0, 0x2, 0x0, 0x1f, 0xfc,
    0x0, 0xc, 0x0, 0x1f, 0xfc, 0x0, 0x10, 0x0,
    0x3f, 0xf8, 0x0, 0x20, 0x0, 0x7f, 0xf0, 0x0,
    0x80, 0x0, 0x7f, 0xf0, 0x1, 0x0, 0x0, 0xff,
    0xe0, 0x2, 0x0, 0x0, 0xff, 0xe0, 0x8, 0x0,
    0x1, 0xff, 0xc0, 0x10, 0x0, 0x3, 0xff, 0x80,
    0x20, 0x0, 0x3, 0xff, 0x80, 0x80, 0x0, 0x7,
    0xff, 0x1, 0x0, 0x0, 0x7, 0xff, 0x6, 0x0,
    0x0, 0xf, 0xfe, 0x8, 0x0, 0x0, 0x1f, 0xfc,
    0x10, 0x0, 0x0, 0x1f, 0xfc, 0x60, 0x0, 0x0,
    0x3f, 0xf8, 0x80, 0x0, 0x0, 0x3f, 0xf9, 0x0,
    0x0, 0x0, 0x7f, 0xf4, 0x0, 0x0, 0x0, 0x7f,
    0xe8, 0x0, 0x0, 0x0, 0xff, 0xf0, 0x0, 0x0,
    0x1, 0xff, 0xc0, 0x0, 0x0, 0x1, 0xff, 0x80,
    0x0, 0x0, 0x3, 0xff, 0x0, 0x0, 0x0, 0x3,
    0xfc, 0x0, 0x0, 0x0, 0x7, 0xf8, 0x0, 0x0,
    0x0, 0xf, 0xf0, 0x0, 0x0, 0x0, 0xf, 0xc0,
    0x0, 0x0, 0x0, 0x1f, 0x80, 0x0, 0x0, 0x0,
    0x1f, 0x0, 0x0,

    /* U+0057 "W" */
    0xff, 0xff, 0x3, 0xff, 0xfe, 0x7, 0xff, 0x7f,
    0xfe, 0x0, 0xff, 0xf0, 0x1, 0xfe, 0x3f, 0xfc,
    0x0, 0xff, 0xe0, 0x0, 0x7c, 0x1f, 0xfc, 0x0,
    0x7f, 0xe0, 0x0, 0x78, 0x1f, 0xfc, 0x0, 0x7f,
    0xe0, 0x0, 0x30, 0xf, 0xfe, 0x0, 0x7f, 0xf0,
    0x0, 0x30, 0xf, 0xfe, 0x0, 0x3f, 0xf0, 0x0,
    0x30, 0xf, 0xfe, 0x0, 0x3f, 0xf0, 0x0, 0x20,
    0x7, 0xff, 0x0, 0x3f, 0xf8, 0x0, 0x60, 0x7,
    0xff, 0x0, 0x1f, 0xf8, 0x0, 0x60, 0x3, 0xff,
    0x0, 0x1f, 0xf8, 0x0, 0x40, 0x3, 0xff, 0x80,
    0x1f, 0xfc, 0x0, 0x40, 0x3, 0xff, 0x80, 0xf,
    0xfc, 0x0, 0xc0, 0x1, 0xff, 0xc0, 0xf, 0xfc,
    0x0, 0x80, 0x1, 0xff, 0xc0, 0xf, 0xfe, 0x0,
    0x80, 0x1, 0xff, 0xc0, 0xf, 0xfe, 0x0, 0x80,
    0x0, 0xff, 0xe0, 0x1f, 0xfe, 0x1, 0x0, 0x0,
    0xff, 0xe0, 0x17, 0xff, 0x1, 0x0, 0x0, 0xff,
    0xe0, 0x13, 0xff, 0x1, 0x0, 0x0, 0x7f, 0xf0,
    0x33, 0xff, 0x3, 0x0, 0x0, 0x7f, 0xf0, 0x23,
    0xff, 0x82, 0x0, 0x0, 0x3f, 0xf0, 0x21, 0xff,
    0x82, 0x0, 0x0, 0x3f, 0xf8, 0x61, 0xff, 0x86,
    0x0, 0x0, 0x3f, 0xf8, 0x41, 0xff, 0xc4, 0x0,
    0x0, 0x1f, 0xf8, 0x40, 0xff, 0xc4, 0x0, 0x0,
    0x1f, 0xfc, 0xc0, 0xff, 0xcc, 0x0, 0x0, 0x1f,
    0xfc, 0x80, 0xff, 0xe8, 0x0, 0x0, 0xf, 0xfd,
    0x80, 0x7f, 0xe8, 0x0, 0x0, 0xf, 0xff, 0x80,
    0x7f, 0xf8, 0x0, 0x0, 0xf, 0xff, 0x0, 0x7f,
    0xf8, 0x0, 0x0, 0x7, 0xff, 0x0, 0x3f, 0xf0,
    0x0, 0x0, 0x7, 0xff, 0x0, 0x3f, 0xf0, 0x0,
    0x0, 0x7, 0xfe, 0x0, 0x3f, 0xf0, 0x0, 0x0,
    0x3, 0xfe, 0x0, 0x1f, 0xe0, 0x0, 0x0, 0x3,
    0xfe, 0x0, 0x1f, 0xe0, 0x0, 0x0, 0x1, 0xfc,
    0x0, 0x1f, 0xe0, 0x0, 0x0, 0x1, 0xfc, 0x0,
    0xf, 0xc0, 0x0, 0x0, 0x1, 0xfc, 0x0, 0xf,
    0xc0, 0x0, 0x0, 0x0, 0xf8, 0x0, 0xf, 0xc0,
    0x0, 0x0, 0x0, 0xf8, 0x0, 0x7, 0x80, 0x0,

    /* U+0058 "X" */
    0xff, 0xff, 0xc0, 0x7f, 0xfc, 0x1f, 0xff, 0x0,
    0xf, 0xfc, 0x7, 0xff, 0x80, 0x3, 0xf8, 0x3,
    0xff, 0xc0, 0x0, 0xf8, 0x0, 0xff, 0xf0, 0x0,
    0x78, 0x0, 0x3f, 0xfc, 0x0, 0x38, 0x0, 0x1f,
    0xfe, 0x0, 0x18, 0x0, 0x7, 0xff, 0x80, 0x18,
    0x0, 0x1, 0xff, 0xe0, 0xc, 0x0, 0x0, 0xff,
    0xf0, 0xc, 0x0, 0x0, 0x3f, 0xfc, 0xc, 0x0,
    0x0, 0xf, 0xff, 0xc, 0x0, 0x0, 0x7, 0xff,
    0x86, 0x0, 0x0, 0x1, 0xff, 0xe6, 0x0, 0x0,
    0x0, 0x7f, 0xfe, 0x0, 0x0, 0x0, 0x1f, 0xfe,
    0x0, 0x0, 0x0, 0xf, 0xff, 0x0, 0x0, 0x0,
    0x3, 0xff, 0xc0, 0x0, 0x0, 0x0, 0xff, 0xe0,
    0x0, 0x0, 0x0, 0x7f, 0xf8, 0x0, 0x0, 0x0,
    0x1f, 0xfe, 0x0, 0x0, 0x0, 0x7, 0xff, 0x0,
    0x0, 0x0, 0x3, 0xff, 0xc0, 0x0, 0x0, 0x3,
    0xff, 0xf0, 0x0, 0x0, 0x1, 0x3f, 0xfc, 0x0,
    0x0, 0x1, 0x1f, 0xfe, 0x0, 0x0, 0x1, 0x87,
    0xff, 0x80, 0x0, 0x1, 0x81, 0xff, 0xe0, 0x0,
    0x1, 0x80, 0xff, 0xf0, 0x0, 0x0, 0x80, 0x3f,
    0xfc, 0x0, 0x0, 0xc0, 0xf, 0xff, 0x0, 0x0,
    0xc0, 0x7, 0xff, 0x80, 0x0, 0xe0, 0x1, 0xff,
    0xe0, 0x0, 0xe0, 0x0, 0x7f, 0xf8, 0x0, 0xf0,
    0x0, 0x3f, 0xfc, 0x0, 0xf8, 0x0, 0xf, 0xff,
    0x0, 0xfc, 0x0, 0x3, 0xff, 0xc0, 0xff, 0x0,
    0x1, 0xff, 0xe1, 0xff, 0xc0, 0x0, 0xff, 0xfd,
    0xff, 0xfc, 0x3, 0xff, 0xff,

    /* U+0059 "Y" */
    0xff, 0xff, 0xe0, 0xff, 0xef, 0xff, 0xc0, 0x7,
    0xf8, 0xff, 0xf8, 0x0, 0x3e, 0xf, 0xff, 0x0,
    0x7, 0x81, 0xff, 0xe0, 0x0, 0x70, 0x1f, 0xfe,
    0x0, 0xc, 0x1, 0xff, 0xc0, 0x3, 0x0, 0x3f,
    0xfc, 0x0, 0x60, 0x3, 0xff, 0x80, 0x8, 0x0,
    0x7f, 0xf8, 0x1, 0x0, 0x7, 0xff, 0x0, 0x60,
    0x0, 0xff, 0xf0, 0x8, 0x0, 0xf, 0xfe, 0x3,
    0x0, 0x1, 0xff, 0xe0, 0x40, 0x0, 0x1f, 0xfc,
    0x18, 0x0, 0x3, 0xff, 0xc2, 0x0, 0x0, 0x3f,
    0xf8, 0xc0, 0x0, 0x7, 0xff, 0x90, 0x0, 0x0,
    0x7f, 0xf6, 0x0, 0x0, 0x7, 0xff, 0x80, 0x0,
    0x0, 0xff, 0xf0, 0x0, 0x0, 0xf, 0xfe, 0x0,
    0x0, 0x1, 0xff, 0xc0, 0x0, 0x0, 0x1f, 0xf8,
    0x0, 0x0, 0x3, 0xff, 0x0, 0x0, 0x0, 0x7f,
    0xe0, 0x0, 0x0, 0xf, 0xfc, 0x0, 0x0, 0x1,
    0xff, 0x80, 0x0, 0x0, 0x3f, 0xf0, 0x0, 0x0,
    0x7, 0xfe, 0x0, 0x0, 0x0, 0xff, 0xc0, 0x0,
    0x0, 0x1f, 0xf8, 0x0, 0x0, 0x3, 0xff, 0x0,
    0x0, 0x0, 0x7f, 0xe0, 0x0, 0x0, 0xf, 0xfc,
    0x0, 0x0, 0x1, 0xff, 0x80, 0x0, 0x0, 0x3f,
    0xf0, 0x0, 0x0, 0x7, 0xfe, 0x0, 0x0, 0x1,
    0xff, 0xe0, 0x0, 0x1, 0xff, 0xff, 0x80,

    /* U+005A "Z" */
    0xff, 0xff, 0xff, 0xff, 0xfe, 0x1, 0xff, 0xff,
    0xc0, 0x1f, 0xfd, 0xf8, 0x0, 0xff, 0xef, 0x80,
    0xf, 0xfe, 0x78, 0x0, 0x7f, 0xf3, 0xc0, 0x7,
    0xff, 0x1c, 0x0, 0x3f, 0xf8, 0xe0, 0x3, 0xff,
    0x86, 0x0, 0x1f, 0xfc, 0x30, 0x1, 0xff, 0xc1,
    0x80, 0xf, 0xfe, 0xc, 0x0, 0x7f, 0xf0, 0x0,
    0x7, 0xff, 0x0, 0x0, 0x3f, 0xf8, 0x0, 0x3,
    0xff, 0x80, 0x0, 0x1f, 0xfc, 0x0, 0x1, 0xff,
    0xc0, 0x0, 0xf, 0xfe, 0x0, 0x0, 0xff, 0xe0,
    0x0, 0x7, 0xff, 0x0, 0x0, 0x7f, 0xf0, 0x0,
    0x3, 0xff, 0x80, 0x0, 0x3f, 0xf8, 0x0, 0x1,
    0xff, 0xc0, 0x0, 0x1f, 0xfc, 0x0, 0x0, 0xff,
    0xe0, 0x2, 0xf, 0xfe, 0x0, 0x30, 0x7f, 0xf0,
    0x1, 0x83, 0xff, 0x80, 0xc, 0x3f, 0xf8, 0x0,
    0x61, 0xff, 0xc0, 0x7, 0x1f, 0xfc, 0x0, 0x38,
    0xff, 0xe0, 0x3, 0xcf, 0xfe, 0x0, 0x3e, 0x7f,
    0xf0, 0x3, 0xf7, 0xff, 0x0, 0x3f, 0xbf, 0xf8,
    0x3, 0xff, 0xff, 0x80, 0xff, 0xff, 0xff, 0xff,
    0xff,

    /* U+005B "[" */
    0xff, 0xff, 0xf8, 0xff, 0x8f, 0xf8, 0xff, 0x8f,
    0xf8, 0xff, 0x8f, 0xf8, 0xff, 0x8f, 0xf8, 0xff,
    0x8f, 0xf8, 0xff, 0x8f, 0xf8, 0xff, 0x8f, 0xf8,
    0xff, 0x8f, 0xf8, 0xff, 0x8f, 0xf8, 0xff, 0x8f,
    0xf8, 0xff, 0x8f, 0xf8, 0xff, 0x8f, 0xf8, 0xff,
    0x8f, 0xf8, 0xff, 0x8f, 0xf8, 0xff, 0x8f, 0xf8,
    0xff, 0x8f, 0xf8, 0xff, 0x8f, 0xf8, 0xff, 0x8f,
    0xf8, 0xff, 0x8f, 0xf8, 0xff, 0x8f, 0xf8, 0xff,
    0x8f, 0xf8, 0xff, 0x8f, 0xf8, 0xff, 0x8f, 0xf8,
    0xff, 0x8f, 0xf8, 0xff, 0x8f, 0xf8, 0xff, 0x8f,
    0xff,

    /* U+005C "\\" */
    0xc0, 0x0, 0x60, 0x0, 0x30, 0x0, 0xc, 0x0,
    0x6, 0x0, 0x1, 0x0, 0x0, 0xc0, 0x0, 0x60,
    0x0, 0x18, 0x0, 0xc, 0x0, 0x6, 0x0, 0x1,
    0x80, 0x0, 0xc0, 0x0, 0x20, 0x0, 0x18, 0x0,
    0xc, 0x0, 0x2, 0x0, 0x1, 0x80, 0x0, 0xc0,
    0x0, 0x30, 0x0, 0x18, 0x0, 0xc, 0x0, 0x3,
    0x0, 0x1, 0x80, 0x0, 0x40, 0x0, 0x30, 0x0,
    0x18, 0x0, 0x4, 0x0, 0x3, 0x0, 0x1, 0x80,
    0x0, 0x60, 0x0, 0x30, 0x0, 0x18, 0x0, 0x6,
    0x0, 0x3, 0x0, 0x0, 0x80, 0x0, 0x60, 0x0,
    0x30, 0x0, 0xc, 0x0, 0x6, 0x0, 0x3, 0x0,
    0x0, 0xc0,

    /* U+005D "]" */
    0xff, 0xf1, 0xff, 0x1f, 0xf1, 0xff, 0x1f, 0xf1,
    0xff, 0x1f, 0xf1, 0xff, 0x1f, 0xf1, 0xff, 0x1f,
    0xf1, 0xff, 0x1f, 0xf1, 0xff, 0x1f, 0xf1, 0xff,
    0x1f, 0xf1, 0xff, 0x1f, 0xf1, 0xff, 0x1f, 0xf1,
    0xff, 0x1f, 0xf1, 0xff, 0x1f, 0xf1, 0xff, 0x1f,
    0xf1, 0xff, 0x1f, 0xf1, 0xff, 0x1f, 0xf1, 0xff,
    0x1f, 0xf1, 0xff, 0x1f, 0xf1, 0xff, 0x1f, 0xf1,
    0xff, 0x1f, 0xf1, 0xff, 0x1f, 0xf1, 0xff, 0x1f,
    0xf1, 0xff, 0x1f, 0xf1, 0xff, 0x1f, 0xf1, 0xff,
    0x1f, 0xf1, 0xff, 0x1f, 0xf1, 0xff, 0x1f, 0xff,
    0xff,

    /* U+005E "^" */
    0x0, 0x18, 0x0, 0x0, 0x38, 0x0, 0x0, 0x3c,
    0x0, 0x0, 0x7e, 0x0, 0x0, 0xfe, 0x0, 0x1,
    0xff, 0x0, 0x3, 0xff, 0x80, 0x7, 0xff, 0xc0,
    0xf, 0xff, 0xe0, 0x1f, 0x87, 0xf0, 0x3e, 0x0,
    0xfc, 0xf0, 0x0, 0x1e, 0x0, 0x0, 0x0,

    /* U+005F "_" */
    0xff, 0xff, 0xff, 0xff, 0xff, 0xff, 0xff, 0xff,
    0xff, 0xff, 0xff, 0xff, 0xff, 0xff, 0xff, 0xff,
    0xff, 0xff, 0xff, 0xff, 0xff, 0xff, 0xff, 0xff,
    0xf0,

    /* U+0060 "`" */
    0x38, 0x1f, 0x83, 0xf8, 0x7f, 0xf, 0xf0, 0xfe,
    0xf, 0xe0, 0xfc, 0xf, 0x80, 0x78, 0x7, 0x0,
    0x30, 0x2,

    /* U+0061 "a" */
    0x0, 0x0, 0x0, 0x0, 0x1f, 0xff, 0x0, 0x7,
    0x3, 0xf8, 0x0, 0xf8, 0x3f, 0xc0, 0x1f, 0xc1,
    0xfe, 0x3, 0xfe, 0x1f, 0xe0, 0x3f, 0xe1, 0xff,
    0x3, 0xfe, 0x1f, 0xf0, 0x3f, 0xe1, 0xff, 0x3,
    0xfe, 0x1f, 0xf0, 0x1f, 0xc1, 0xff, 0x0, 0xf0,
    0x1f, 0xf0, 0x0, 0x1, 0xff, 0x0, 0x0, 0x3f,
    0xf0, 0x0, 0xd, 0xff, 0x0, 0x7, 0x9f, 0xf0,
    0x3, 0xf1, 0xff, 0x0, 0xfe, 0x1f, 0xf0, 0x3f,
    0xc1, 0xff, 0x7, 0xfc, 0x1f, 0xf0, 0x7f, 0x81,
    0xff, 0xf, 0xf8, 0x1f, 0xf0, 0xff, 0x81, 0xff,
    0xf, 0xf8, 0x1f, 0xf0, 0xff, 0x81, 0xff, 0xf,
    0xfc, 0x1f, 0xf0, 0xff, 0xe3, 0xff, 0x7, 0xff,
    0xdf, 0xf0, 0x7f, 0xfd, 0xff, 0x23, 0xff, 0xf,
    0xfe, 0xf, 0xc0, 0x3f, 0x0,

    /* U+0062 "b" */
    0x0, 0x30, 0x0, 0x3, 0xff, 0xc0, 0x0, 0x3,
    0xff, 0x0, 0x0, 0xf, 0xfc, 0x0, 0x0, 0x1f,
    0xf0, 0x0, 0x0, 0x7f, 0xc0, 0x0, 0x1, 0xff,
    0x0, 0x0, 0x7, 0xfc, 0x0, 0x0, 0x1f, 0xf0,
    0x0, 0x0, 0x7f, 0xc0, 0x0, 0x1, 0xff, 0x0,
    0x0, 0x7, 0xfc, 0x0, 0x0, 0x1f, 0xf0, 0x0,
    0x0, 0x7f, 0xc0, 0x0, 0x1, 0xff, 0x0, 0x80,
    0x7, 0xfc, 0x3f, 0xc0, 0x1f, 0xf3, 0xff, 0xc0,
    0x7f, 0xd0, 0x7f, 0x81, 0xff, 0x81, 0xff, 0x7,
    0xfc, 0x3, 0xfc, 0x1f, 0xf0, 0xf, 0xf8, 0x7f,
    0xc0, 0x3f, 0xe1, 0xff, 0x0, 0x7f, 0x87, 0xfc,
    0x1, 0xff, 0x1f, 0xf0, 0x7, 0xfc, 0x7f, 0xc0,
    0x1f, 0xf1, 0xff, 0x0, 0x7f, 0xc7, 0xfc, 0x1,
    0xff, 0x1f, 0xf0, 0x7, 0xfc, 0x7f, 0xc0, 0x1f,
    0xf1, 0xff, 0x0, 0x7f, 0xc7, 0xfc, 0x1, 0xff,
    0x1f, 0xf0, 0x7, 0xfc, 0x7f, 0xc0, 0x1f, 0xf1,
    0xff, 0x0, 0x7f, 0xc7, 0xfc, 0x1, 0xfe, 0x1f,
    0xf0, 0x7, 0xf8, 0x7f, 0xc0, 0x3f, 0xe1, 0xff,
    0x0, 0xff, 0x7, 0xfc, 0x3, 0xfc, 0x1f, 0xf0,
    0xf, 0xe0, 0x7f, 0xc0, 0x7f, 0x1, 0xff, 0x3,
    0xf8, 0x7, 0xfe, 0x1f, 0xc0, 0x10, 0x7, 0xf8,
    0x0,

    /* U+0063 "c" */
    0x0, 0x0, 0x0, 0x0, 0xff, 0xf0, 0x3, 0xf8,
    0x18, 0x7, 0xf0, 0x7c, 0xf, 0xe0, 0xfe, 0x1f,
    0xe1, 0xff, 0x3f, 0xc1, 0xff, 0x3f, 0xc1, 0xff,
    0x7f, 0xc1, 0xff, 0x7f, 0x81, 0xff, 0x7f, 0x80,
    0xfe, 0xff, 0x80, 0xfc, 0xff, 0x80, 0x30, 0xff,
    0x80, 0x0, 0xff, 0x80, 0x0, 0xff, 0x80, 0x0,
    0xff, 0x80, 0x0, 0xff, 0x80, 0x0, 0xff, 0x80,
    0x0, 0xff, 0x80, 0x0, 0xff, 0xc0, 0x0, 0x7f,
    0xc0, 0x0, 0x7f, 0xc0, 0x1, 0x7f, 0xe0, 0x3,
    0x3f, 0xf0, 0x6, 0x3f, 0xfc, 0x1e, 0x1f, 0xff,
    0xfc, 0xf, 0xff, 0xf8, 0x7, 0xff, 0xf0, 0x3,
    0xff, 0xe0, 0x0, 0x7f, 0x0,

    /* U+0064 "d" */
    0x0, 0x0, 0x0, 0x30, 0x0, 0x3, 0xff, 0xe0,
    0x0, 0x1, 0xff, 0xc0, 0x0, 0x1, 0xff, 0x80,
    0x0, 0x1, 0xff, 0x0, 0x0, 0x3, 0xfe, 0x0,
    0x0, 0x7, 0xfc, 0x0, 0x0, 0xf, 0xf8, 0x0,
    0x0, 0x1f, 0xf0, 0x0, 0x0, 0x3f, 0xe0, 0x0,
    0x0, 0x7f, 0xc0, 0x0, 0x0, 0xff, 0x80, 0x0,
    0x1, 0xff, 0x0, 0x0, 0x3, 0xfe, 0x0, 0x0,
    0x7, 0xfc, 0x0, 0x7f, 0xef, 0xf8, 0x3, 0xff,
    0xff, 0xf0, 0x1f, 0xe0, 0x3f, 0xe0, 0x7f, 0xc0,
    0x7f, 0xc0, 0xff, 0x0, 0xff, 0x83, 0xfc, 0x1,
    0xff, 0xf, 0xf8, 0x3, 0xfe, 0x1f, 0xf0, 0x7,
    0xfc, 0x3f, 0xe0, 0xf, 0xf8, 0xff, 0x80, 0x1f,
    0xf1, 0xff, 0x0, 0x3f, 0xe3, 0xfe, 0x0, 0x7f,
    0xc7, 0xfc, 0x0, 0xff, 0x8f, 0xf8, 0x1, 0xff,
    0x1f, 0xf0, 0x3, 0xfe, 0x3f, 0xe0, 0x7, 0xfc,
    0x7f, 0xc0, 0xf, 0xf8, 0xff, 0x80, 0x1f, 0xf1,
    0xff, 0x0, 0x3f, 0xe3, 0xfe, 0x0, 0x7f, 0xc3,
    0xfc, 0x0, 0xff, 0x87, 0xf8, 0x1, 0xff, 0xf,
    0xf8, 0x3, 0xfe, 0xf, 0xf0, 0x7, 0xfc, 0x1f,
    0xe0, 0xf, 0xf8, 0x1f, 0xe0, 0x3f, 0xf0, 0x3f,
    0xc0, 0x7f, 0xe0, 0x3f, 0xc3, 0x7f, 0xe0, 0x1f,
    0xfc, 0xff, 0xf0, 0xf, 0xe1, 0xc0, 0x0,

    /* U+0065 "e" */
    0x0, 0x2, 0x0, 0x0, 0x3f, 0xf0, 0x0, 0xf8,
    0x7e, 0x0, 0xfc, 0x1f, 0x80, 0xfc, 0xf, 0xe0,
    0xfe, 0x7, 0xf8, 0xfe, 0x1, 0xfc, 0x7f, 0x0,
    0xfe, 0x7f, 0x80, 0x7f, 0xbf, 0xc0, 0x3f, 0xdf,
    0xe0, 0x1f, 0xff, 0xf0, 0xf, 0xff, 0xff, 0xff,
    0xff, 0xfc, 0x0, 0x3, 0xfe, 0x0, 0x1, 0xff,
    0x0, 0x0, 0xff, 0x80, 0x0, 0x7f, 0xc0, 0x0,
    0x3f, 0xe0, 0x0, 0x1f, 0xf0, 0x0, 0xf, 0xfc,
    0x0, 0x3, 0xfe, 0x0, 0x1, 0xff, 0x80, 0x6,
    0xff, 0xc0, 0x6, 0x3f, 0xf0, 0x7, 0x1f, 0xfe,
    0xf, 0x7, 0xff, 0xff, 0x1, 0xff, 0xff, 0x80,
    0x7f, 0xff, 0x0, 0x1f, 0xff, 0x0, 0x1, 0xfe,
    0x0,

    /* U+0066 "f" */
    0x0, 0xf, 0xe0, 0x0, 0x3e, 0x38, 0x0, 0xfc,
    0x7e, 0x1, 0xf8, 0xfe, 0x3, 0xf9, 0xff, 0x3,
    0xf9, 0xff, 0x7, 0xf9, 0xff, 0x7, 0xf9, 0xff,
    0x7, 0xf9, 0xfe, 0xf, 0xf8, 0xfe, 0xf, 0xf8,
    0x18, 0xf, 0xf8, 0x0, 0xf, 0xf8, 0x0, 0xf,
    0xf8, 0x0, 0xf, 0xf8, 0x0, 0xff, 0xff, 0xe0,
    0xf, 0xf8, 0x0, 0xf, 0xf8, 0x0, 0xf, 0xf8,
    0x0, 0xf, 0xf8, 0x0, 0xf, 0xf8, 0x0, 0xf,
    0xf8, 0x0, 0xf, 0xf8, 0x0, 0xf, 0xf8, 0x0,
    0xf, 0xf8, 0x0, 0xf, 0xf8, 0x0, 0xf, 0xf8,
    0x0, 0xf, 0xf8, 0x0, 0xf, 0xf8, 0x0, 0xf,
    0xf8, 0x0, 0xf, 0xf8, 0x0, 0xf, 0xf8, 0x0,
    0xf, 0xf8, 0x0, 0xf, 0xf8, 0x0, 0xf, 0xf8,
    0x0, 0xf, 0xf8, 0x0, 0xf, 0xf8, 0x0, 0xf,
    0xf8, 0x0, 0xf, 0xf8, 0x0, 0xf, 0xf8, 0x0,
    0xf, 0xf8, 0x0, 0xf, 0xfc, 0x0, 0x1f, 0xfe,
    0x0, 0xff, 0xff, 0x80,

    /* U+0067 "g" */
    0x0, 0x0, 0x0, 0x78, 0x0, 0x0, 0x3, 0xf8,
    0xf, 0xff, 0x8e, 0xf8, 0x7f, 0xf, 0xf9, 0xf1,
    0xfe, 0x1f, 0xe3, 0xe7, 0xf8, 0x1f, 0xe7, 0xcf,
    0xf0, 0x3f, 0xc7, 0x3f, 0xe0, 0x7f, 0xc0, 0x7f,
    0xc0, 0xff, 0x80, 0xff, 0x81, 0xff, 0x1, 0xff,
    0x3, 0xfe, 0x3, 0xfe, 0x7, 0xfc, 0x7, 0xfc,
    0xf, 0xf8, 0x7, 0xf8, 0x1f, 0xe0, 0x7, 0xf0,
    0x7f, 0x80, 0x7, 0xf0, 0xfe, 0x0, 0x7, 0xf3,
    0xf8, 0x0, 0x1, 0xff, 0x80, 0x0, 0x1, 0x80,
    0x0, 0x0, 0xe, 0x0, 0x0, 0x0, 0x3c, 0x0,
    0x0, 0x0, 0xf8, 0x0, 0x0, 0x3, 0xf8, 0x0,
    0x0, 0x7, 0xff, 0xff, 0x0, 0xf, 0xff, 0xff,
    0x80, 0x1f, 0xff, 0xff, 0xc0, 0x3f, 0xff, 0xff,
    0xc0, 0x3f, 0xff, 0xff, 0x80, 0x3f, 0xff, 0xff,
    0x80, 0x1f, 0xff, 0xff, 0x1, 0x0, 0x7, 0xfe,
    0xf, 0x0, 0x7, 0xfc, 0x3c, 0x0, 0x7, 0xf8,
    0xf0, 0x0, 0xf, 0xe3, 0xe0, 0x0, 0x1f, 0xc7,
    0xc0, 0x0, 0x3f, 0xf, 0x80, 0x0, 0xfe, 0xf,
    0x80, 0x1, 0xf8, 0x1f, 0x80, 0x7, 0xc0, 0xf,
    0xc0, 0x7e, 0x0, 0x3, 0xff, 0xe0, 0x0,

    /* U+0068 "h" */
    0x0, 0x30, 0x0, 0x0, 0x7f, 0xf8, 0x0, 0x0,
    0xf, 0xfc, 0x0, 0x0, 0x7, 0xfe, 0x0, 0x0,
    0x1, 0xff, 0x0, 0x0, 0x0, 0xff, 0x80, 0x0,
    0x0, 0x7f, 0xc0, 0x0, 0x0, 0x3f, 0xe0, 0x0,
    0x0, 0x1f, 0xf0, 0x0, 0x0, 0xf, 0xf8, 0x0,
    0x0, 0x7, 0xfc, 0x0, 0x0, 0x3, 0xfe, 0x0,
    0x0, 0x1, 0xff, 0x0, 0x0, 0x0, 0xff, 0x80,
    0x0, 0x0, 0x7f, 0xc0, 0x0, 0x0, 0x3f, 0xe1,
    0xff, 0x80, 0x1f, 0xf3, 0xff, 0xe0, 0xf, 0xfb,
    0x1f, 0xf8, 0x7, 0xff, 0x7, 0xfc, 0x3, 0xff,
    0x1, 0xff, 0x1, 0xff, 0x0, 0xff, 0x80, 0xff,
    0x80, 0x7f, 0xc0, 0x7f, 0xc0, 0x3f, 0xe0, 0x3f,
    0xe0, 0x1f, 0xf0, 0x1f, 0xf0, 0xf, 0xf8, 0xf,
    0xf8, 0x7, 0xfc, 0x7, 0xfc, 0x3, 0xfe, 0x3,
    0xfe, 0x1, 0xff, 0x1, 0xff, 0x0, 0xff, 0x80,
    0xff, 0x80, 0x7f, 0xc0, 0x7f, 0xc0, 0x3f, 0xe0,
    0x3f, 0xe0, 0x1f, 0xf0, 0x1f, 0xf0, 0xf, 0xf8,
    0xf, 0xf8, 0x7, 0xfc, 0x7, 0xfc, 0x3, 0xfe,
    0x3, 0xfe, 0x1, 0xff, 0x1, 0xff, 0x0, 0xff,
    0x80, 0xff, 0x80, 0x7f, 0xc0, 0x7f, 0xc0, 0x3f,
    0xe0, 0x3f, 0xe0, 0x1f, 0xf0, 0x1f, 0xf0, 0xf,
    0xf8, 0xf, 0xf8, 0x7, 0xfc, 0xf, 0xfe, 0x7,
    0xff, 0x1f, 0xff, 0xc7, 0xff, 0xf0,

    /* U+0069 "i" */
    0x7, 0xc0, 0x1f, 0xf0, 0x3f, 0xf8, 0x3f, 0xf8,
    0x3f, 0xf8, 0x3f, 0xf8, 0x3f, 0xf8, 0x1f, 0xf0,
    0x7, 0xc0, 0x0, 0x0, 0x0, 0x0, 0x0, 0x0,
    0x0, 0x0, 0x0, 0x0, 0x0, 0x30, 0xff, 0xf0,
    0x3f, 0xf0, 0x3f, 0xf0, 0x1f, 0xf0, 0x1f, 0xf0,
    0x1f, 0xf0, 0x1f, 0xf0, 0x1f, 0xf0, 0x1f, 0xf0,
    0x1f, 0xf0, 0x1f, 0xf0, 0x1f, 0xf0, 0x1f, 0xf0,
    0x1f, 0xf0, 0x1f, 0xf0, 0x1f, 0xf0, 0x1f, 0xf0,
    0x1f, 0xf0, 0x1f, 0xf0, 0x1f, 0xf0, 0x1f, 0xf0,
    0x1f, 0xf0, 0x1f, 0xf0, 0x1f, 0xf0, 0x1f, 0xf0,
    0x1f, 0xf0, 0x1f, 0xf0, 0x3f, 0xf8, 0xff, 0xff,

    /* U+006A "j" */
    0x1, 0xf0, 0xf, 0xf8, 0x3f, 0xf8, 0x7f, 0xf0,
    0xff, 0xe1, 0xff, 0xc3, 0xff, 0x83, 0xfe, 0x1,
    0xf0, 0x0, 0x0, 0x0, 0x0, 0x0, 0x0, 0x0,
    0x0, 0x0, 0x0, 0x1, 0x9f, 0xff, 0xf, 0xfe,
    0xf, 0xfc, 0xf, 0xf8, 0x1f, 0xf0, 0x3f, 0xe0,
    0x7f, 0xc0, 0xff, 0x81, 0xff, 0x3, 0xfe, 0x7,
    0xfc, 0xf, 0xf8, 0x1f, 0xf0, 0x3f, 0xe0, 0x7f,
    0xc0, 0xff, 0x81, 0xff, 0x3, 0xfe, 0x7, 0xfc,
    0xf, 0xf8, 0x1f, 0xf0, 0x3f, 0xe0, 0x7f, 0xc0,
    0xff, 0x81, 0xff, 0x3, 0xfe, 0x7, 0xfc, 0xf,
    0xf8, 0x1f, 0xf0, 0x3f, 0xe0, 0x7f, 0x80, 0xff,
    0x1, 0xfe, 0x3, 0xf8, 0xf, 0xe0, 0x1f, 0xc0,
    0x7f, 0x1, 0xf8, 0x1f, 0x80, 0x0,

    /* U+006B "k" */
    0x0, 0x30, 0x0, 0x0, 0xff, 0xf0, 0x0, 0x0,
    0x3f, 0xf0, 0x0, 0x0, 0x3f, 0xf0, 0x0, 0x0,
    0x1f, 0xf0, 0x0, 0x0, 0x1f, 0xf0, 0x0, 0x0,
    0x1f, 0xf0, 0x0, 0x0, 0x1f, 0xf0, 0x0, 0x0,
    0x1f, 0xf0, 0x0, 0x0, 0x1f, 0xf0, 0x0, 0x0,
    0x1f, 0xf0, 0x0, 0x0, 0x1f, 0xf0, 0x0, 0x0,
    0x1f, 0xf0, 0x0, 0x0, 0x1f, 0xf0, 0x0, 0x0,
    0x1f, 0xf0, 0x0, 0x0, 0x1f, 0xf0, 0x7f, 0xfe,
    0x1f, 0xf0, 0x1f, 0xf8, 0x1f, 0xf0, 0x7, 0xe0,
    0x1f, 0xf0, 0x7, 0xc0, 0x1f, 0xf0, 0x7, 0x0,
    0x1f, 0xf0, 0x6, 0x0, 0x1f, 0xf0, 0xc, 0x0,
    0x1f, 0xf0, 0x18, 0x0, 0x1f, 0xf0, 0x30, 0x0,
    0x1f, 0xf0, 0x78, 0x0, 0x1f, 0xf0, 0xf8, 0x0,
    0x1f, 0xf1, 0xfc, 0x0, 0x1f, 0xf3, 0xfe, 0x0,
    0x1f, 0xff, 0xfe, 0x0, 0x1f, 0xf7, 0xff, 0x0,
    0x1f, 0xf3, 0xff, 0x0, 0x1f, 0xf1, 0xff, 0x80,
    0x1f, 0xf1, 0xff, 0x80, 0x1f, 0xf0, 0xff, 0xc0,
    0x1f, 0xf0, 0xff, 0xc0, 0x1f, 0xf0, 0x7f, 0xe0,
    0x1f, 0xf0, 0x7f, 0xe0, 0x1f, 0xf0, 0x3f, 0xf0,
    0x1f, 0xf0, 0x3f, 0xf8, 0x1f, 0xf0, 0x1f, 0xf8,
    0x1f, 0xf0, 0x1f, 0xfc, 0x1f, 0xf0, 0xf, 0xfc,
    0x3f, 0xf8, 0x1f, 0xfe, 0xff, 0xff, 0x3f, 0xff,

    /* U+006C "l" */
    0x0, 0x30, 0xff, 0xf0, 0x3f, 0xf0, 0x3f, 0xf0,
    0x1f, 0xf0, 0x1f, 0xf0, 0x1f, 0xf0, 0x1f, 0xf0,
    0x1f, 0xf0, 0x1f, 0xf0, 0x1f, 0xf0, 0x1f, 0xf0,
    0x1f, 0xf0, 0x1f, 0xf0, 0x1f, 0xf0, 0x1f, 0xf0,
    0x1f, 0xf0, 0x1f, 0xf0, 0x1f, 0xf0, 0x1f, 0xf0,
    0x1f, 0xf0, 0x1f, 0xf0, 0x1f, 0xf0, 0x1f, 0xf0,
    0x1f, 0xf0, 0x1f, 0xf0, 0x1f, 0xf0, 0x1f, 0xf0,
    0x1f, 0xf0, 0x1f, 0xf0, 0x1f, 0xf0, 0x1f, 0xf0,
    0x1f, 0xf0, 0x1f, 0xf0, 0x1f, 0xf0, 0x1f, 0xf0,
    0x1f, 0xf0, 0x1f, 0xf0, 0x1f, 0xf0, 0x1f, 0xf0,
    0x1f, 0xf0, 0x1f, 0xf0, 0x3f, 0xf8, 0xff, 0xff,

    /* U+006D "m" */
    0x0, 0x0, 0x0, 0x0, 0x0, 0x0, 0x7f, 0xf8,
    0x7f, 0xe0, 0x3f, 0xf0, 0xf, 0xfc, 0xff, 0xf8,
    0x7f, 0xfc, 0x7, 0xfe, 0xc3, 0xfe, 0x61, 0xff,
    0x1, 0xff, 0x80, 0xff, 0x40, 0x7f, 0x80, 0xff,
    0xc0, 0x7f, 0xe0, 0x3f, 0xe0, 0x7f, 0xc0, 0x3f,
    0xe0, 0x1f, 0xf0, 0x3f, 0xe0, 0x1f, 0xf0, 0xf,
    0xf8, 0x1f, 0xf0, 0xf, 0xf8, 0x7, 0xfc, 0xf,
    0xf8, 0x7, 0xfc, 0x3, 0xfe, 0x7, 0xfc, 0x3,
    0xfe, 0x1, 0xff, 0x3, 0xfe, 0x1, 0xff, 0x0,
    0xff, 0x81, 0xff, 0x0, 0xff, 0x80, 0x7f, 0xc0,
    0xff, 0x80, 0x7f, 0xc0, 0x3f, 0xe0, 0x7f, 0xc0,
    0x3f, 0xe0, 0x1f, 0xf0, 0x3f, 0xe0, 0x1f, 0xf0,
    0xf, 0xf8, 0x1f, 0xf0, 0xf, 0xf8, 0x7, 0xfc,
    0xf, 0xf8, 0x7, 0xfc, 0x3, 0xfe, 0x7, 0xfc,
    0x3, 0xfe, 0x1, 0xff, 0x3, 0xfe, 0x1, 0xff,
    0x0, 0xff, 0x81, 0xff, 0x0, 0xff, 0x80, 0x7f,
    0xc0, 0xff, 0x80, 0x7f, 0xc0, 0x3f, 0xe0, 0x7f,
    0xc0, 0x3f, 0xe0, 0x1f, 0xf0, 0x3f, 0xe0, 0x1f,
    0xf0, 0xf, 0xf8, 0x1f, 0xf0, 0xf, 0xf8, 0x7,
    0xfc, 0xf, 0xf8, 0x7, 0xfc, 0x3, 0xfe, 0x7,
    0xfc, 0x3, 0xfe, 0x1, 0xff, 0x3, 0xfe, 0x1,
    0xff, 0x0, 0xff, 0x83, 0xff, 0x81, 0xff, 0xc0,
    0xff, 0xe7, 0xff, 0xf1, 0xff, 0xf9, 0xff, 0xfc,

    /* U+006E "n" */
    0x0, 0x0, 0x0, 0x0, 0x7f, 0xf8, 0x7f, 0xe0,
    0xf, 0xfc, 0xff, 0xf8, 0x7, 0xfe, 0x83, 0xfe,
    0x1, 0xff, 0x80, 0xff, 0x0, 0xff, 0xc0, 0x7f,
    0xc0, 0x7f, 0xc0, 0x3f, 0xe0, 0x3f, 0xe0, 0x1f,
    0xf0, 0x1f, 0xf0, 0xf, 0xf8, 0xf, 0xf8, 0x7,
    0xfc, 0x7, 0xfc, 0x3, 0xfe, 0x3, 0xfe, 0x1,
    0xff, 0x1, 0xff, 0x0, 0xff, 0x80, 0xff, 0x80,
    0x7f, 0xc0, 0x7f, 0xc0, 0x3f, 0xe0, 0x3f, 0xe0,
    0x1f, 0xf0, 0x1f, 0xf0, 0xf, 0xf8, 0xf, 0xf8,
    0x7, 0xfc, 0x7, 0xfc, 0x3, 0xfe, 0x3, 0xfe,
    0x1, 0xff, 0x1, 0xff, 0x0, 0xff, 0x80, 0xff,
    0x80, 0x7f, 0xc0, 0x7f, 0xc0, 0x3f, 0xe0, 0x3f,
    0xe0, 0x1f, 0xf0, 0x1f, 0xf0, 0xf, 0xf8, 0xf,
    0xf8, 0x7, 0xfc, 0x7, 0xfc, 0x3, 0xfe, 0x3,
    0xfe, 0x1, 0xff, 0x3, 0xff, 0x81, 0xff, 0xc7,
    0xff, 0xf1, 0xff, 0xfc,

    /* U+006F "o" */
    0x0, 0x0, 0x0, 0x0, 0xf, 0xff, 0x0, 0x3,
    0xf0, 0xfc, 0x0, 0xfe, 0x7, 0xf0, 0x1f, 0xe0,
    0x7f, 0x81, 0xfc, 0x3, 0xf8, 0x3f, 0xc0, 0x3f,
    0xc7, 0xfc, 0x3, 0xfe, 0x7f, 0xc0, 0x1f, 0xe7,
    0xf8, 0x1, 0xfe, 0xff, 0x80, 0x1f, 0xef, 0xf8,
    0x1, 0xff, 0xff, 0x80, 0x1f, 0xff, 0xf8, 0x1,
    0xff, 0xff, 0x80, 0x1f, 0xff, 0xf8, 0x1, 0xff,
    0xff, 0x80, 0x1f, 0xff, 0xf8, 0x1, 0xff, 0xff,
    0x80, 0x1f, 0xff, 0xf8, 0x1, 0xff, 0xff, 0x80,
    0x1f, 0xf7, 0xf8, 0x1, 0xfe, 0x7f, 0x80, 0x1f,
    0xe7, 0xfc, 0x3, 0xfe, 0x3f, 0xc0, 0x3f, 0xc3,
    0xfc, 0x3, 0xfc, 0x1f, 0xc0, 0x3f, 0x80, 0xfe,
    0x7, 0xf0, 0x7, 0xe0, 0x7e, 0x0, 0x1f, 0xf,
    0x80, 0x0, 0x3f, 0xc0, 0x0,

    /* U+0070 "p" */
    0x0, 0x0, 0x0, 0x1, 0xff, 0xe1, 0xff, 0x0,
    0xff, 0xcf, 0xff, 0x81, 0xff, 0xa0, 0x7f, 0x81,
    0xff, 0x80, 0xff, 0x83, 0xfe, 0x0, 0xff, 0x7,
    0xfc, 0x1, 0xff, 0xf, 0xf8, 0x3, 0xfe, 0x1f,
    0xf0, 0x3, 0xfc, 0x3f, 0xe0, 0x7, 0xfc, 0x7f,
    0xc0, 0xf, 0xf8, 0xff, 0x80, 0x1f, 0xf1, 0xff,
    0x0, 0x3f, 0xe3, 0xfe, 0x0, 0x7f, 0xc7, 0xfc,
    0x0, 0xff, 0x8f, 0xf8, 0x1, 0xff, 0x1f, 0xf0,
    0x3, 0xfe, 0x3f, 0xe0, 0x7, 0xfc, 0x7f, 0xc0,
    0xf, 0xf8, 0xff, 0x80, 0x1f, 0xe1, 0xff, 0x0,
    0x3f, 0xc3, 0xfe, 0x0, 0x7f, 0x87, 0xfc, 0x1,
    0xff, 0xf, 0xf8, 0x3, 0xfc, 0x1f, 0xf0, 0x7,
    0xf8, 0x3f, 0xe0, 0x1f, 0xe0, 0x7f, 0xc0, 0x3f,
    0x80, 0xff, 0x80, 0xfe, 0x1, 0xff, 0x83, 0xf0,
    0x3, 0xfe, 0x7f, 0x80, 0x7, 0xfc, 0x0, 0x0,
    0xf, 0xf8, 0x0, 0x0, 0x1f, 0xf0, 0x0, 0x0,
    0x3f, 0xe0, 0x0, 0x0, 0x7f, 0xc0, 0x0, 0x0,
    0xff, 0x80, 0x0, 0x1, 0xff, 0x0, 0x0, 0x3,
    0xff, 0x0, 0x0, 0xf, 0xff, 0x0, 0x0, 0x7f,
    0xff, 0xc0, 0x0,

    /* U+0071 "q" */
    0x0, 0x0, 0x0, 0x10, 0x3, 0xff, 0xc0, 0x60,
    0x1f, 0xc0, 0x7f, 0xc0, 0x7f, 0x0, 0xff, 0x81,
    0xfe, 0x1, 0xff, 0x7, 0xf8, 0x3, 0xfe, 0xf,
    0xf0, 0x7, 0xfc, 0x3f, 0xe0, 0xf, 0xf8, 0x7f,
    0xc0, 0x1f, 0xf0, 0xff, 0x0, 0x3f, 0xe3, 0xfe,
    0x0, 0x7f, 0xc7, 0xfc, 0x0, 0xff, 0x8f, 0xf8,
    0x1, 0xff, 0x1f, 0xf0, 0x3, 0xfe, 0x3f, 0xe0,
    0x7, 0xfc, 0x7f, 0xc0, 0xf, 0xf8, 0xff, 0x80,
    0x1f, 0xf1, 0xff, 0x0, 0x3f, 0xe3, 0xfe, 0x0,
    0x7f, 0xc7, 0xfc, 0x0, 0xff, 0x8f, 0xf8, 0x1,
    0xff, 0xf, 0xf0, 0x3, 0xfe, 0x1f, 0xf0, 0x7,
    0xfc, 0x3f, 0xe0, 0xf, 0xf8, 0x3f, 0xc0, 0x1f,
    0xf0, 0x3f, 0x80, 0x7f, 0xe0, 0x7f, 0x80, 0xff,
    0xc0, 0x7f, 0x86, 0xff, 0x80, 0x3f, 0xf9, 0xff,
    0x0, 0x1f, 0xc3, 0xfe, 0x0, 0x0, 0x7, 0xfc,
    0x0, 0x0, 0xf, 0xf8, 0x0, 0x0, 0x1f, 0xf0,
    0x0, 0x0, 0x3f, 0xe0, 0x0, 0x0, 0x7f, 0xc0,
    0x0, 0x0, 0xff, 0x80, 0x0, 0x1, 0xff, 0x0,
    0x0, 0x7, 0xfe, 0x0, 0x0, 0x1f, 0xfe, 0x0,
    0x1, 0xff, 0xff,

    /* U+0072 "r" */
    0x0, 0x0, 0x0, 0x7f, 0xf8, 0xff, 0xf, 0xfc,
    0x9f, 0xc7, 0xfe, 0x8f, 0xf1, 0xff, 0x8f, 0xf8,
    0xff, 0xc7, 0xfc, 0x7f, 0xc3, 0xfe, 0x3f, 0xe1,
    0xff, 0x1f, 0xf0, 0xff, 0xf, 0xf8, 0x3f, 0x7,
    0xfc, 0x2, 0x3, 0xfe, 0x0, 0x1, 0xff, 0x0,
    0x0, 0xff, 0x80, 0x0, 0x7f, 0xc0, 0x0, 0x3f,
    0xe0, 0x0, 0x1f, 0xf0, 0x0, 0xf, 0xf8, 0x0,
    0x7, 0xfc, 0x0, 0x3, 0xfe, 0x0, 0x1, 0xff,
    0x0, 0x0, 0xff, 0x80, 0x0, 0x7f, 0xc0, 0x0,
    0x3f, 0xe0, 0x0, 0x1f, 0xf0, 0x0, 0xf, 0xf8,
    0x0, 0x7, 0xfc, 0x0, 0x3, 0xff, 0x0, 0x3,
    0xff, 0xc0, 0x7, 0xff, 0xfc, 0x0,

    /* U+0073 "s" */
    0x0, 0x20, 0x8, 0x1f, 0xfc, 0x61, 0xfc, 0xf,
    0x8f, 0xe0, 0x1e, 0x7f, 0x80, 0x39, 0xfe, 0x0,
    0xef, 0xf8, 0x1, 0xbf, 0xf0, 0x6, 0xff, 0xe0,
    0x1b, 0xff, 0xc0, 0x6f, 0xff, 0x81, 0x9f, 0xff,
    0x0, 0x7f, 0xfe, 0x0, 0xff, 0xfc, 0x1, 0xff,
    0xfc, 0x3, 0xff, 0xf8, 0x7, 0xff, 0xf0, 0xf,
    0xff, 0xc0, 0x1f, 0xff, 0x80, 0x3f, 0xff, 0x80,
    0x7f, 0xff, 0x0, 0xff, 0xfc, 0x0, 0xff, 0xf0,
    0x3, 0xff, 0xc0, 0x7, 0xff, 0x80, 0x1f, 0xee,
    0x0, 0x7f, 0xbc, 0x1, 0xfc, 0xf8, 0xf, 0xe3,
    0x38, 0x7e, 0x8, 0x3f, 0xe0, 0x0,

    /* U+0074 "t" */
    0x0, 0x4, 0x0, 0x3, 0xc0, 0x7, 0xfc, 0x0,
    0x7f, 0xc0, 0x7, 0xfc, 0x0, 0x7f, 0xc0, 0x7,
    0xfc, 0x0, 0x7f, 0xc0, 0x7, 0xfc, 0xf, 0xff,
    0xff, 0x7, 0xfc, 0x0, 0x7f, 0xc0, 0x7, 0xfc,
    0x0, 0x7f, 0xc0, 0x7, 0xfc, 0x0, 0x7f, 0xc0,
    0x7, 0xfc, 0x0, 0x7f, 0xc0, 0x7, 0xfc, 0x0,
    0x7f, 0xc0, 0x7, 0xfc, 0x0, 0x7f, 0xc0, 0x7,
    0xfc, 0x0, 0x7f, 0xc0, 0x7, 0xfc, 0x0, 0x7f,
    0xc0, 0x7, 0xfc, 0x0, 0x7f, 0xc0, 0x7, 0xfc,
    0x0, 0x7f, 0xc0, 0x7, 0xfc, 0x0, 0x7f, 0xc0,
    0x7, 0xfc, 0x0, 0x7f, 0xc0, 0x7, 0xfc, 0x10,
    0x3f, 0xe3, 0x3, 0xff, 0xe0, 0x1f, 0xfc, 0x0,
    0x7f, 0x0,

    /* U+0075 "u" */
    0x0, 0x30, 0x0, 0x18, 0xff, 0xf0, 0x7f, 0xf8,
    0x3f, 0xf0, 0x3f, 0xf8, 0x3f, 0xf0, 0x1f, 0xf8,
    0x1f, 0xf0, 0xf, 0xf8, 0x1f, 0xf0, 0xf, 0xf8,
    0x1f, 0xf0, 0xf, 0xf8, 0x1f, 0xf0, 0xf, 0xf8,
    0x1f, 0xf0, 0xf, 0xf8, 0x1f, 0xf0, 0xf, 0xf8,
    0x1f, 0xf0, 0xf, 0xf8, 0x1f, 0xf0, 0xf, 0xf8,
    0x1f, 0xf0, 0xf, 0xf8, 0x1f, 0xf0, 0xf, 0xf8,
    0x1f, 0xf0, 0xf, 0xf8, 0x1f, 0xf0, 0xf, 0xf8,
    0x1f, 0xf0, 0xf, 0xf8, 0x1f, 0xf0, 0xf, 0xf8,
    0x1f, 0xf0, 0xf, 0xf8, 0x1f, 0xf0, 0xf, 0xf8,
    0x1f, 0xf0, 0xf, 0xf8, 0x1f, 0xf0, 0xf, 0xf8,
    0x1f, 0xf0, 0xf, 0xf8, 0x1f, 0xf0, 0xf, 0xf8,
    0x1f, 0xf0, 0xf, 0xf8, 0x1f, 0xf0, 0x1f, 0xf8,
    0xf, 0xf0, 0x1f, 0xf8, 0xf, 0xf8, 0x2f, 0xfc,
    0xf, 0xff, 0xcf, 0xfc, 0x7, 0xff, 0x8f, 0xff,
    0x1, 0xfe, 0xc, 0x0,

    /* U+0076 "v" */
    0xff, 0xff, 0x1f, 0xfb, 0xff, 0xc0, 0x3f, 0x8f,
    0xfe, 0x0, 0xf8, 0x3f, 0xf0, 0x3, 0x81, 0xff,
    0x80, 0x1c, 0x7, 0xfe, 0x0, 0xc0, 0x3f, 0xf0,
    0x6, 0x1, 0xff, 0x80, 0x30, 0x7, 0xfe, 0x1,
    0x0, 0x3f, 0xf0, 0x8, 0x0, 0xff, 0x80, 0xc0,
    0x7, 0xfe, 0x4, 0x0, 0x3f, 0xf0, 0x20, 0x0,
    0xff, 0x83, 0x0, 0x7, 0xfe, 0x10, 0x0, 0x1f,
    0xf0, 0x80, 0x0, 0xff, 0x8c, 0x0, 0x7, 0xfe,
    0x40, 0x0, 0x1f, 0xf2, 0x0, 0x0, 0xff, 0xb0,
    0x0, 0x3, 0xff, 0x0, 0x0, 0x1f, 0xf8, 0x0,
    0x0, 0xff, 0xc0, 0x0, 0x3, 0xfc, 0x0, 0x0,
    0x1f, 0xe0, 0x0, 0x0, 0xff, 0x0, 0x0, 0x3,
    0xf0, 0x0, 0x0, 0x1f, 0x80, 0x0, 0x0, 0x7c,
    0x0, 0x0,

    /* U+0077 "w" */
    0xff, 0xff, 0x1, 0xf8, 0x1f, 0xf9, 0xff, 0xc0,
    0xf, 0xc0, 0x3f, 0x8f, 0xfe, 0x0, 0x7e, 0x0,
    0xf8, 0x3f, 0xf0, 0x7, 0xf8, 0x3, 0x81, 0xff,
    0x80, 0x3f, 0xc0, 0x1c, 0x7, 0xfc, 0x1, 0xfe,
    0x0, 0xc0, 0x3f, 0xf0, 0x1f, 0xf8, 0x6, 0x1,
    0xff, 0x80, 0xff, 0xc0, 0x30, 0x7, 0xfc, 0x7,
    0xfe, 0x1, 0x0, 0x3f, 0xf0, 0x3f, 0xf8, 0x8,
    0x1, 0xff, 0x83, 0x7f, 0xc0, 0x40, 0x7, 0xfc,
    0x13, 0xfe, 0x4, 0x0, 0x3f, 0xf0, 0x9f, 0xf8,
    0x20, 0x0, 0xff, 0x8c, 0x7f, 0xc1, 0x0, 0x7,
    0xfc, 0x63, 0xfe, 0x10, 0x0, 0x3f, 0xe2, 0xf,
    0xf8, 0x80, 0x0, 0xff, 0x90, 0x7f, 0xc4, 0x0,
    0x7, 0xfd, 0x83, 0xfe, 0x20, 0x0, 0x3f, 0xec,
    0xf, 0xfa, 0x0, 0x0, 0xff, 0xc0, 0x7f, 0xd0,
    0x0, 0x7, 0xfe, 0x3, 0xfe, 0x80, 0x0, 0x3f,
    0xf0, 0xf, 0xf8, 0x0, 0x0, 0xff, 0x0, 0x7f,
    0xc0, 0x0, 0x7, 0xf8, 0x3, 0xfe, 0x0, 0x0,
    0x3f, 0xc0, 0xf, 0xe0, 0x0, 0x0, 0xfe, 0x0,
    0x7f, 0x0, 0x0, 0x7, 0xe0, 0x3, 0xf8, 0x0,
    0x0, 0x3f, 0x0, 0xf, 0x80, 0x0, 0x0, 0xf8,
    0x0, 0x7c, 0x0, 0x0,

    /* U+0078 "x" */
    0xff, 0xfc, 0x3f, 0xf9, 0xff, 0xc0, 0x3f, 0xc3,
    0xff, 0x0, 0x7e, 0x7, 0xfe, 0x1, 0xe0, 0x1f,
    0xfc, 0x7, 0x0, 0x3f, 0xf0, 0x1c, 0x0, 0x7f,
    0xe0, 0x60, 0x1, 0xff, 0x83, 0x0, 0x3, 0xff,
    0x8, 0x0, 0x7, 0xfe, 0x40, 0x0, 0x1f, 0xfa,
    0x0, 0x0, 0x3f, 0xf8, 0x0, 0x0, 0x7f, 0xe0,
    0x0, 0x1, 0xff, 0x80, 0x0, 0x3, 0xff, 0x0,
    0x0, 0x7, 0xfe, 0x0, 0x0, 0x1f, 0xf8, 0x0,
    0x0, 0x7f, 0xf0, 0x0, 0x2, 0x7f, 0xe0, 0x0,
    0x19, 0xff, 0x80, 0x0, 0xc3, 0xff, 0x0, 0x3,
    0x7, 0xfe, 0x0, 0x18, 0x1f, 0xf8, 0x0, 0xe0,
    0x3f, 0xf0, 0x7, 0x80, 0xff, 0xe0, 0x3e, 0x1,
    0xff, 0x81, 0xfc, 0x3, 0xff, 0xf, 0xf8, 0xf,
    0xfe, 0x7f, 0xf8, 0xff, 0xfc,

    /* U+0079 "y" */
    0xff, 0xff, 0xf, 0xfd, 0xff, 0xe0, 0xf, 0xe3,
    0xff, 0x80, 0x1f, 0x7, 0xfe, 0x0, 0x38, 0x1f,
    0xf8, 0x0, 0xe0, 0x3f, 0xf0, 0x3, 0x0, 0xff,
    0xc0, 0xc, 0x1, 0xff, 0x80, 0x20, 0x7, 0xfe,
    0x0, 0x80, 0xf, 0xf8, 0x2, 0x0, 0x3f, 0xf0,
    0x10, 0x0, 0x7f, 0xc0, 0x40, 0x1, 0xff, 0x81,
    0x0, 0x7, 0xfe, 0x8, 0x0, 0xf, 0xfc, 0x20,
    0x0, 0x3f, 0xf0, 0x80, 0x0, 0x7f, 0xe4, 0x0,
    0x1, 0xff, 0x90, 0x0, 0x3, 0xfe, 0x40, 0x0,
    0xf, 0xfe, 0x0, 0x0, 0x1f, 0xf8, 0x0, 0x0,
    0x7f, 0xc0, 0x0, 0x1, 0xff, 0x0, 0x0, 0x3,
    0xfc, 0x0, 0x0, 0xf, 0xe0, 0x0, 0x0, 0x1f,
    0x80, 0x0, 0x0, 0x7e, 0x0, 0x0, 0x0, 0xf0,
    0x0, 0x0, 0x3, 0xc0, 0x0, 0x0, 0x6, 0x0,
    0x0, 0x78, 0x18, 0x0, 0x7, 0xf0, 0x60, 0x0,
    0x3f, 0xe1, 0x0, 0x0, 0xff, 0x84, 0x0, 0x3,
    0xfe, 0x30, 0x0, 0xf, 0xf8, 0x80, 0x0, 0x1f,
    0xc6, 0x0, 0x0, 0x3e, 0x30, 0x0, 0x0, 0x7f,
    0x0, 0x0, 0x0,

    /* U+007A "z" */
    0xff, 0xff, 0xff, 0xfe, 0xf, 0xfb, 0xf0, 0x3f,
    0xf7, 0xc0, 0x7f, 0xcf, 0x1, 0xff, 0x9c, 0x3,
    0xfe, 0x38, 0xf, 0xfc, 0x60, 0x1f, 0xf0, 0xc0,
    0x7f, 0xe1, 0x80, 0xff, 0x83, 0x1, 0xff, 0x0,
    0x7, 0xfe, 0x0, 0xf, 0xf8, 0x0, 0x3f, 0xf0,
    0x0, 0x7f, 0xc0, 0x1, 0xff, 0x80, 0x3, 0xfe,
    0x0, 0xf, 0xfc, 0x0, 0x1f, 0xf0, 0x10, 0x7f,
    0xe0, 0x20, 0xff, 0x80, 0x43, 0xff, 0x0, 0x87,
    0xfc, 0x3, 0x1f, 0xf8, 0x6, 0x3f, 0xe0, 0x1c,
    0xff, 0xc0, 0x79, 0xff, 0x81, 0xf7, 0xfe, 0xf,
    0xef, 0xff, 0xff, 0xc0,

    /* U+007B "{" */
    0x0, 0x7, 0xc0, 0xf, 0xc0, 0xf, 0xe0, 0x7,
    0xf8, 0x1, 0xfc, 0x0, 0xff, 0x0, 0x3f, 0xc0,
    0x1f, 0xf0, 0x7, 0xfc, 0x1, 0xff, 0x0, 0x7f,
    0xc0, 0x1f, 0xf0, 0x7, 0xfc, 0x1, 0xff, 0x0,
    0x7f, 0xc0, 0x1f, 0xf0, 0x7, 0xfc, 0x1, 0xfe,
    0x0, 0x7f, 0x80, 0x1f, 0xe0, 0x7, 0xf0, 0x1,
    0xfc, 0x0, 0xfe, 0x0, 0x3f, 0x0, 0xf, 0x0,
    0x7, 0x0, 0xe, 0x0, 0x0, 0xf0, 0x0, 0xf,
    0x0, 0x3, 0xe0, 0x0, 0xfe, 0x0, 0x3f, 0x80,
    0x7, 0xf0, 0x1, 0xfe, 0x0, 0x7f, 0x80, 0x1f,
    0xe0, 0x7, 0xfc, 0x1, 0xff, 0x0, 0x7f, 0xc0,
    0x1f, 0xf0, 0x7, 0xfc, 0x1, 0xff, 0x0, 0x7f,
    0xc0, 0x1f, 0xf0, 0x7, 0xfc, 0x1, 0xff, 0x0,
    0x3f, 0xc0, 0xf, 0xf0, 0x3, 0xfc, 0x0, 0x7f,
    0x0, 0x1f, 0xc0, 0x3, 0xf8, 0x0, 0x3f, 0x0,
    0x3, 0xf0,

    /* U+007C "|" */
    0xff, 0xff, 0xff, 0xff, 0xff, 0xff, 0xff, 0xff,
    0xff, 0xff, 0xff, 0xff, 0xff, 0xff, 0xff, 0xff,
    0xff, 0xff, 0xff, 0xff, 0xff, 0xff, 0xff, 0xff,
    0xff, 0xff, 0xff, 0xff, 0xff, 0xff, 0xff, 0xff,
    0xff, 0xff, 0xff, 0xff, 0xff, 0xff, 0xff, 0xff,
    0xff, 0xff, 0xff, 0xff, 0xff,

    /* U+007D "}" */
    0xf8, 0x0, 0xf, 0xc0, 0x1, 0xfc, 0x0, 0x7f,
    0x80, 0xf, 0xe0, 0x3, 0xfc, 0x0, 0xff, 0x0,
    0x3f, 0xc0, 0xf, 0xf8, 0x3, 0xfe, 0x0, 0xff,
    0x80, 0x3f, 0xe0, 0xf, 0xf8, 0x3, 0xfe, 0x0,
    0xff, 0x80, 0x3f, 0xe0, 0xf, 0xf8, 0x1, 0xfe,
    0x0, 0x7f, 0x80, 0x1f, 0xe0, 0x3, 0xf8, 0x0,
    0xfe, 0x0, 0x1f, 0xc0, 0x3, 0xf0, 0x0, 0x3c,
    0x0, 0x3, 0x80, 0x0, 0x1c, 0x0, 0x3c, 0x0,
    0x3c, 0x0, 0x1f, 0x0, 0x1f, 0xc0, 0x7, 0xe0,
    0x3, 0xf8, 0x1, 0xfe, 0x0, 0x7f, 0x80, 0x1f,
    0xe0, 0xf, 0xf8, 0x3, 0xfe, 0x0, 0xff, 0x80,
    0x3f, 0xe0, 0xf, 0xf8, 0x3, 0xfe, 0x0, 0xff,
    0x80, 0x3f, 0xe0, 0xf, 0xf8, 0x3, 0xfe, 0x0,
    0xff, 0x0, 0x3f, 0xc0, 0xf, 0xf0, 0x3, 0xf8,
    0x0, 0xfe, 0x0, 0x7f, 0x0, 0x3f, 0x0, 0x3f,
    0x0, 0x0,

    /* U+007E "~" */
    0x3, 0xf0, 0x0, 0x0, 0xf, 0xfe, 0x0, 0x1,
    0x1f, 0xff, 0x80, 0x3, 0x3f, 0xff, 0xe0, 0x6,
    0x3f, 0xff, 0xfc, 0xe, 0x78, 0x3f, 0xff, 0xfe,
    0x60, 0xf, 0xff, 0xfc, 0xc0, 0x3, 0xff, 0xfc,
    0xc0, 0x0, 0xff, 0xf8, 0x80, 0x0, 0x7f, 0xf0,
    0x0, 0x0, 0xf, 0xc0,

    /* U+00A0 " " */
    0x0,

    /* U+00A1 "¡" */
    0x0, 0x7, 0xf1, 0xff, 0x7f, 0xff, 0xff, 0xff,
    0xff, 0xfb, 0xfe, 0x3f, 0x80, 0x80, 0x0, 0x0,
    0x0, 0x40, 0x8, 0x1, 0x0, 0x20, 0x4, 0x1,
    0xc0, 0x38, 0x7, 0x0, 0xe0, 0x3e, 0x7, 0xc0,
    0xf8, 0x1f, 0x87, 0xf0, 0xfe, 0x1f, 0xe7, 0xfc,
    0xff, 0x9f, 0xf7, 0xff, 0xff, 0xff, 0xff, 0xff,
    0xff, 0xff, 0xfe, 0xff, 0x8f, 0xe0, 0xf8,

    /* U+00A2 "¢" */
    0x0, 0x4, 0x0, 0x0, 0x4, 0x0, 0x0, 0x4,
    0x0, 0x0, 0x4, 0x0, 0x0, 0x4, 0x0, 0x0,
    0x4, 0x0, 0x0, 0x4, 0x0, 0x0, 0x4, 0x0,
    0x0, 0x4, 0x0, 0x0, 0x4, 0x0, 0x0, 0x4,
    0x0, 0x0, 0xff, 0xf0, 0x3, 0xf8, 0x18, 0x7,
    0xf0, 0x7c, 0xf, 0xe0, 0xfe, 0x1f, 0xe1, 0xff,
    0x3f, 0xc1, 0xff, 0x3f, 0xc1, 0xff, 0x7f, 0xc1,
    0xff, 0x7f, 0x81, 0xff, 0x7f, 0x80, 0xfe, 0xff,
    0x80, 0x7c, 0xff, 0x80, 0x0, 0xff, 0x80, 0x0,
    0xff, 0x80, 0x0, 0xff, 0x80, 0x0, 0xff, 0x80,
    0x0, 0xff, 0x80, 0x0, 0xff, 0x80, 0x0, 0xff,
    0x80, 0x0, 0xff, 0xc0, 0x0, 0x7f, 0xc0, 0x1,
    0x7f, 0xe0, 0x3, 0x7f, 0xe0, 0x6, 0x3f, 0xf8,
    0xe, 0x3f, 0xff, 0xfc, 0x1f, 0xff, 0xfc, 0xf,
    0xff, 0xf8, 0x7, 0xff, 0xf0, 0x3, 0xff, 0xe0,
    0x0, 0x7f, 0x80, 0x0, 0x4, 0x0, 0x0, 0x4,
    0x0, 0x0, 0x4, 0x0, 0x0, 0x4, 0x0, 0x0,
    0x4, 0x0, 0x0, 0x4, 0x0, 0x0, 0x4, 0x0,
    0x0, 0x4, 0x0, 0x0, 0x4, 0x0,

    /* U+00A3 "£" */
    0x0, 0x0, 0xff, 0x80, 0x0, 0x0, 0xfc, 0x1c,
    0x0, 0x0, 0x7e, 0x7, 0xc0, 0x0, 0x1f, 0xc1,
    0xfc, 0x0, 0x7, 0xf0, 0x7f, 0xc0, 0x0, 0xfe,
    0xf, 0xf8, 0x0, 0x3f, 0xc1, 0xff, 0x0, 0x7,
    0xf0, 0x3f, 0xe0, 0x1, 0xfe, 0x3, 0xf8, 0x0,
    0x3f, 0xc0, 0x7f, 0x0, 0x7, 0xf8, 0x1, 0x0,
    0x1, 0xff, 0x0, 0x0, 0x0, 0x3f, 0xe0, 0x0,
    0x0, 0x7, 0xfc, 0x0, 0x0, 0x0, 0xff, 0x80,
    0x0, 0x0, 0x1f, 0xf0, 0x0, 0x0, 0x3, 0xfe,
    0x0, 0x0, 0x0, 0x7f, 0xc0, 0x0, 0x0, 0xff,
    0xff, 0xe0, 0x0, 0x1, 0xff, 0x0, 0x0, 0x0,
    0x3f, 0xe0, 0x0, 0x0, 0x7, 0xfc, 0x0, 0x0,
    0x0, 0xff, 0x80, 0x0, 0x1, 0xff, 0xff, 0xc0,
    0x0, 0x3, 0xfe, 0x0, 0x0, 0x0, 0x7f, 0xc0,
    0x0, 0x0, 0xf, 0xf0, 0x0, 0x60, 0x1, 0xfe,
    0x0, 0x7, 0x0, 0x3f, 0xc0, 0x0, 0x38, 0x7,
    0xf0, 0x0, 0x3, 0x80, 0xfc, 0x0, 0x0, 0x70,
    0x1f, 0x80, 0x0, 0xf, 0x3, 0xe0, 0x0, 0x1,
    0xe0, 0x78, 0x7c, 0x0, 0x7c, 0xf, 0x7f, 0xfc,
    0x1f, 0x81, 0xdf, 0xff, 0xff, 0xf0, 0x3f, 0xff,
    0xff, 0xfe, 0xf, 0xff, 0xff, 0xff, 0x87, 0xc7,
    0xff, 0xff, 0xf3, 0xe0, 0xf, 0xff, 0xfc, 0x78,
    0x0, 0x3f, 0xff, 0xe, 0x0, 0x0, 0x7f, 0x80,

    /* U+00A4 "¤" */
    0x4, 0x0, 0x1, 0x0, 0x70, 0x0, 0x1c, 0x7,
    0xc0, 0x81, 0xf0, 0x7f, 0x7f, 0xdf, 0xc7, 0xff,
    0xff, 0xff, 0x7f, 0xff, 0xff, 0xff, 0xff, 0xff,
    0xff, 0xef, 0xff, 0xff, 0xfe, 0x3f, 0xff, 0xff,
    0xe0, 0xff, 0x83, 0xfe, 0x7, 0xf8, 0xf, 0xf0,
    0x3f, 0x80, 0x3f, 0x83, 0xf8, 0x1, 0xfe, 0x1f,
    0xc0, 0x7, 0xf0, 0xfe, 0x0, 0x3f, 0x87, 0xf0,
    0x1, 0xfc, 0x3f, 0x80, 0xf, 0xe1, 0xfc, 0x0,
    0x7f, 0xf, 0xf0, 0x7, 0xf8, 0x3f, 0x80, 0x3f,
    0x81, 0xfe, 0x3, 0xfc, 0xf, 0xf8, 0x3f, 0xe0,
    0xff, 0xff, 0xff, 0x8f, 0xff, 0xff, 0xfe, 0xff,
    0xff, 0xff, 0xfb, 0xff, 0xff, 0xff, 0x8f, 0xff,
    0xff, 0xf8, 0x3f, 0x3f, 0x9f, 0x80, 0xf0, 0x0,
    0x38, 0x2, 0x0, 0x0, 0x80,

    /* U+00A5 "¥" */
    0xff, 0xff, 0xe0, 0xff, 0xef, 0xff, 0xc0, 0x3,
    0xf8, 0xff, 0xf8, 0x0, 0x3e, 0xf, 0xff, 0x0,
    0x7, 0x81, 0xff, 0xe0, 0x0, 0x70, 0x1f, 0xfe,
    0x0, 0xc, 0x1, 0xff, 0xc0, 0x3, 0x0, 0x3f,
    0xfc, 0x0, 0x60, 0x3, 0xff, 0x80, 0x8, 0x0,
    0x7f, 0xf8, 0x1, 0x0, 0x7, 0xff, 0x0, 0x60,
    0x0, 0xff, 0xf0, 0x8, 0x0, 0xf, 0xfe, 0x3,
    0x0, 0x1, 0xff, 0xe0, 0x40, 0x0, 0x1f, 0xfc,
    0x18, 0x0, 0x3, 0xff, 0xc2, 0x0, 0x0, 0x3f,
    0xf8, 0xc0, 0x0, 0x7, 0xff, 0x90, 0x0, 0x0,
    0x7f, 0xf2, 0x0, 0x0, 0xf, 0xff, 0x80, 0x0,
    0x0, 0xff, 0xf0, 0x0, 0x0, 0xf, 0xfe, 0x0,
    0x0, 0x1, 0xff, 0xc0, 0x0, 0xf, 0xff, 0xff,
    0xe0, 0x0, 0x3, 0xff, 0x0, 0x0, 0x0, 0x7f,
    0xe0, 0x0, 0x0, 0xf, 0xfc, 0x0, 0x0, 0x1,
    0xff, 0x80, 0x0, 0x0, 0x3f, 0xf0, 0x0, 0x3,
    0xff, 0xff, 0xf8, 0x0, 0x0, 0xff, 0xc0, 0x0,
    0x0, 0x1f, 0xf8, 0x0, 0x0, 0x3, 0xff, 0x0,
    0x0, 0x0, 0x7f, 0xe0, 0x0, 0x0, 0xf, 0xfc,
    0x0, 0x0, 0x1, 0xff, 0x80, 0x0, 0x0, 0x3f,
    0xf0, 0x0, 0x0, 0x7, 0xfe, 0x0, 0x0, 0x1,
    0xff, 0xe0, 0x0, 0x1, 0xff, 0xff, 0x80,

    /* U+00A6 "¦" */
    0xff, 0xff, 0xff, 0xff, 0xff, 0xff, 0xff, 0xff,
    0xff, 0xff, 0xff, 0xff, 0xff, 0xff, 0xff, 0xff,
    0xff, 0xff, 0xff, 0xff, 0xff, 0x0, 0xf, 0xff,
    0xff, 0xff, 0xff, 0xff, 0xff, 0xff, 0xff, 0xff,
    0xff, 0xff, 0xff, 0xff, 0xff, 0xff, 0xff, 0xff,
    0xff, 0xff, 0xff, 0xff, 0xff,

    /* U+00A7 "§" */
    0x0, 0xf, 0xf8, 0x0, 0x1, 0xf0, 0x3c, 0x0,
    0x1f, 0x80, 0xf8, 0x0, 0xfe, 0x7, 0xf0, 0x7,
    0xf0, 0x3f, 0xe0, 0x3f, 0xc0, 0xff, 0x80, 0xff,
    0x3, 0xfe, 0x7, 0xfc, 0xf, 0xf8, 0x1f, 0xf0,
    0x3f, 0xc0, 0x7f, 0xe0, 0x7f, 0x1, 0xff, 0xc0,
    0x70, 0x7, 0xff, 0x80, 0x0, 0x1f, 0xff, 0x0,
    0x0, 0x3f, 0xfe, 0x0, 0x0, 0x7f, 0xfe, 0x0,
    0x1, 0xff, 0xfc, 0x0, 0x3, 0xff, 0xfc, 0x0,
    0x7, 0xff, 0xf8, 0x0, 0x7f, 0xff, 0xf0, 0x3,
    0xcf, 0xff, 0xf0, 0x1e, 0x1f, 0xff, 0xe0, 0xf8,
    0x1f, 0xff, 0xc7, 0xe0, 0x3f, 0xff, 0x1f, 0x80,
    0x3f, 0xfe, 0xff, 0x0, 0x7f, 0xff, 0xfc, 0x0,
    0xff, 0xff, 0xf8, 0x0, 0xff, 0xff, 0xf0, 0x1,
    0xff, 0xff, 0xe0, 0x3, 0xff, 0xff, 0xe0, 0xf,
    0xf7, 0xff, 0xc0, 0x1f, 0x8f, 0xff, 0xc0, 0x7e,
    0x3f, 0xff, 0x81, 0xf0, 0x7f, 0xff, 0x87, 0x80,
    0xff, 0xff, 0x3c, 0x0, 0xff, 0xfe, 0xe0, 0x1,
    0xff, 0xfe, 0x0, 0x3, 0xff, 0xfc, 0x0, 0x3,
    0xff, 0xf8, 0x0, 0x7, 0xff, 0xe0, 0x0, 0x7,
    0xff, 0xc0, 0x0, 0xf, 0xff, 0x0, 0x0, 0x1f,
    0xfe, 0x0, 0xe0, 0x3f, 0xf8, 0xf, 0xe0, 0x7f,
    0xe0, 0x3f, 0xc0, 0xff, 0x81, 0xff, 0x3, 0xfe,
    0x7, 0xfc, 0xf, 0xf0, 0x1f, 0xf0, 0x3f, 0xc0,
    0x7f, 0xc0, 0xfe, 0x0, 0xfe, 0x7, 0xf0, 0x1,
    0xf0, 0x1f, 0x80, 0x3, 0xc0, 0xf8, 0x0, 0x1,
    0xff, 0x0, 0x0,

    /* U+00A8 "¨" */
    0x3e, 0x1, 0xf1, 0xfc, 0xf, 0xef, 0xf0, 0x7f,
    0xbf, 0xe1, 0xff, 0xff, 0x87, 0xff, 0xfe, 0x1f,
    0xff, 0xf8, 0x7f, 0xdf, 0xc0, 0xfe, 0x3e, 0x1,
    0xf0,

    /* U+00A9 "©" */
    0x0, 0x0, 0x7f, 0xe0, 0x0, 0x0, 0x0, 0x3f,
    0xff, 0xc0, 0x0, 0x0, 0xf, 0xc0, 0x3f, 0x0,
    0x0, 0x3, 0xc0, 0x0, 0x7c, 0x0, 0x0, 0x70,
    0x0, 0x0, 0xe0, 0x0, 0xe, 0x0, 0x0, 0x7,
    0x0, 0x1, 0x80, 0x0, 0x0, 0x38, 0x0, 0x30,
    0x0, 0xff, 0x0, 0xc0, 0x6, 0x0, 0x7e, 0xe,
    0x6, 0x0, 0xe0, 0x1f, 0xc0, 0xf0, 0x70, 0x1c,
    0x3, 0xf8, 0x1f, 0x83, 0x81, 0x80, 0x7f, 0x3,
    0xf8, 0x18, 0x38, 0x7, 0xf0, 0x7f, 0xc1, 0xc3,
    0x0, 0xff, 0x7, 0xfc, 0xc, 0x70, 0x1f, 0xf0,
    0x7f, 0xc0, 0xe6, 0x1, 0xfe, 0x7, 0xfc, 0x6,
    0x60, 0x1f, 0xe0, 0x7f, 0xc0, 0x66, 0x3, 0xfe,
    0x3, 0xf8, 0x6, 0xc0, 0x3f, 0xe0, 0x1f, 0x0,
    0x3c, 0x3, 0xfe, 0x0, 0x0, 0x3, 0xc0, 0x3f,
    0xe0, 0x0, 0x0, 0x3c, 0x3, 0xfe, 0x0, 0x0,
    0x3, 0xc0, 0x3f, 0xe0, 0x0, 0x0, 0x3c, 0x3,
    0xfe, 0x0, 0x0, 0x3, 0xc0, 0x3f, 0xe0, 0x0,
    0x0, 0x3c, 0x3, 0xfe, 0x0, 0x0, 0x3, 0xc0,
    0x3f, 0xe0, 0x0, 0x0, 0x36, 0x3, 0xff, 0x0,
    0x0, 0x6, 0x60, 0x1f, 0xf0, 0x0, 0x40, 0x66,
    0x1, 0xff, 0x0, 0x4, 0x6, 0x70, 0x1f, 0xf8,
    0x0, 0x80, 0xe3, 0x0, 0xff, 0x80, 0x18, 0xc,
    0x38, 0xf, 0xfc, 0x3, 0x1, 0xc1, 0x80, 0x7f,
    0xf0, 0xf0, 0x18, 0x1c, 0x3, 0xff, 0xfe, 0x3,
    0x80, 0xe0, 0x1f, 0xff, 0xc0, 0x70, 0x6, 0x0,
    0xff, 0xf8, 0x6, 0x0, 0x30, 0x1, 0xfc, 0x0,
    0xc0, 0x1, 0xc0, 0x0, 0x0, 0x38, 0x0, 0xe,
    0x0, 0x0, 0x7, 0x0, 0x0, 0x70, 0x0, 0x0,
    0xe0, 0x0, 0x3, 0xc0, 0x0, 0x3c, 0x0, 0x0,
    0xf, 0xc0, 0x3f, 0x0, 0x0, 0x0, 0x3f, 0xff,
    0xc0, 0x0, 0x0, 0x0, 0x7f, 0xe0, 0x0, 0x0,

    /* U+00AA "ª" */
    0x3, 0xff, 0x0, 0x1c, 0x3f, 0x80, 0xfc, 0x7f,
    0x83, 0xfc, 0x7f, 0x7, 0xf8, 0xff, 0xf, 0xf1,
    0xfe, 0x1f, 0xe3, 0xfc, 0x1f, 0x87, 0xf8, 0x4,
    0x3f, 0xf0, 0x1, 0xdf, 0xe0, 0x1f, 0x3f, 0xc0,
    0xfc, 0x7f, 0x87, 0xf0, 0xff, 0xf, 0xe1, 0xfe,
    0x3f, 0xc3, 0xfc, 0x7f, 0x87, 0xf8, 0xff, 0x8f,
    0xf1, 0xff, 0xff, 0xf5, 0xff, 0xbf, 0xf0, 0xfc,
    0x3f, 0x80,

    /* U+00AB "«" */
    0x0, 0x0, 0x80, 0x0, 0x0, 0xc, 0x0, 0x0,
    0x0, 0xc0, 0x6, 0x0, 0xe, 0x0, 0x60, 0x0,
    0xf0, 0x3, 0x0, 0xf, 0x0, 0x38, 0x0, 0xf8,
    0x3, 0x80, 0xf, 0x80, 0x3c, 0x0, 0xfc, 0x3,
    0xe0, 0xf, 0xe0, 0x3e, 0x0, 0xfe, 0x7, 0xf0,
    0xf, 0xe0, 0x7f, 0x1, 0xff, 0x7, 0xf8, 0x1f,
    0xf0, 0x7f, 0x81, 0xff, 0x8f, 0xf8, 0x1f, 0xf8,
    0xff, 0xc0, 0x7f, 0xe3, 0xff, 0x1, 0xff, 0x7,
    0xf8, 0x3, 0xfc, 0x1f, 0xe0, 0xf, 0xf0, 0x3f,
    0x0, 0x3f, 0x80, 0xfc, 0x0, 0xfe, 0x3, 0xe0,
    0x3, 0xf0, 0xf, 0x80, 0xf, 0xc0, 0x3c, 0x0,
    0x3e, 0x0, 0xe0, 0x0, 0xf0, 0x3, 0x80, 0x3,
    0xc0, 0xc, 0x0, 0xe, 0x0, 0x20, 0x0, 0x38,
    0x1, 0x80, 0x0, 0xc0, 0x0, 0x0, 0x2, 0x0,
    0x0,

    /* U+00AC "¬" */
    0xff, 0xff, 0xff, 0xf0, 0x0, 0x0, 0x3, 0x0,
    0x0, 0x0, 0x30, 0x0, 0x0, 0x3, 0x0, 0x0,
    0x0, 0x30, 0x0, 0x0, 0x3, 0x0, 0x0, 0x0,
    0x30, 0x0, 0x0, 0x3, 0x0, 0x0, 0x0, 0x30,
    0x0, 0x0, 0x3, 0x0, 0x0, 0x0, 0x30,

    /* U+00AE "®" */
    0x0, 0xf, 0xe0, 0x0, 0x0, 0xff, 0xf8, 0x0,
    0x7, 0xc0, 0x7c, 0x0, 0x1c, 0x0, 0x1c, 0x0,
    0x70, 0x0, 0x1c, 0x1, 0xc0, 0x0, 0x1c, 0x7,
    0x3f, 0xfc, 0x1c, 0x1c, 0x3e, 0x3e, 0x1c, 0x30,
    0x7c, 0x3c, 0x18, 0xe0, 0xf8, 0x7c, 0x39, 0x81,
    0xf0, 0xf8, 0x33, 0x3, 0xe1, 0xf0, 0x6c, 0x7,
    0xc3, 0xe0, 0x78, 0xf, 0x8f, 0x80, 0xf0, 0x1f,
    0x3e, 0x1, 0xe0, 0x3f, 0xf0, 0x3, 0xc0, 0x7c,
    0xf8, 0x7, 0x80, 0xf8, 0xf8, 0xf, 0x1, 0xf1,
    0xf0, 0x1e, 0x3, 0xe3, 0xf0, 0x36, 0x7, 0xc7,
    0xe0, 0xcc, 0xf, 0x87, 0xc1, 0x9c, 0x1f, 0xf,
    0x87, 0x18, 0x7e, 0x1f, 0x8c, 0x38, 0xfe, 0x1f,
    0xb8, 0x38, 0x0, 0x0, 0xe0, 0x38, 0x0, 0x3,
    0x80, 0x38, 0x0, 0xe, 0x0, 0x38, 0x0, 0x38,
    0x0, 0x3e, 0x3, 0xe0, 0x0, 0x1f, 0xff, 0x0,
    0x0, 0xf, 0xf8, 0x0,

    /* U+00AF "¯" */
    0xff, 0xff, 0xe0,

    /* U+00B0 "°" */
    0xf, 0x81, 0x83, 0x18, 0xc, 0x80, 0x28, 0x0,
    0xc0, 0x6, 0x0, 0x30, 0x1, 0x80, 0xc, 0x0,
    0x50, 0x4, 0xc0, 0x63, 0x6, 0x7, 0xc0,

    /* U+00B1 "±" */
    0x0, 0x6, 0x0, 0x0, 0x0, 0x60, 0x0, 0x0,
    0x6, 0x0, 0x0, 0x0, 0x60, 0x0, 0x0, 0x6,
    0x0, 0x0, 0x0, 0x60, 0x0, 0x0, 0x6, 0x0,
    0x0, 0x0, 0x60, 0x0, 0x0, 0x6, 0x0, 0x0,
    0x0, 0x60, 0x0, 0x0, 0x6, 0x0, 0x0, 0x0,
    0x60, 0x0, 0x0, 0x6, 0x0, 0xf, 0xff, 0xff,
    0xff, 0x0, 0x6, 0x0, 0x0, 0x0, 0x60, 0x0,
    0x0, 0x6, 0x0, 0x0, 0x0, 0x60, 0x0, 0x0,
    0x6, 0x0, 0x0, 0x0, 0x60, 0x0, 0x0, 0x6,
    0x0, 0x0, 0x0, 0x60, 0x0, 0x0, 0x6, 0x0,
    0x0, 0x0, 0x60, 0x0, 0x0, 0x6, 0x0, 0x0,
    0x0, 0x60, 0x0, 0x0, 0x6, 0x0, 0x0, 0x0,
    0x60, 0x0, 0x0, 0x0, 0x0, 0x0, 0x0, 0x0,
    0x0, 0x0, 0x0, 0x0, 0x0, 0x0, 0x0, 0x0,
    0x0, 0x0, 0x0, 0xf, 0xff, 0xff, 0xff,

    /* U+00B2 "²" */
    0x7, 0xf0, 0xf, 0xfe, 0xc, 0x3f, 0x88, 0xf,
    0xc0, 0x7, 0xe0, 0x3, 0xf0, 0x1, 0xf0, 0x0,
    0xf8, 0x0, 0xf0, 0x0, 0x70, 0x0, 0x70, 0x0,
    0x60, 0x10, 0x40, 0x18, 0x7f, 0xf8, 0x7f, 0xfc,
    0xff, 0xfe, 0xff, 0xff, 0x7f, 0xff, 0x80,

    /* U+00B3 "³" */
    0x7, 0xf8, 0xf, 0xff, 0xc, 0x1f, 0xcc, 0x7,
    0xe4, 0x3, 0xf0, 0x1, 0xf8, 0x0, 0xf8, 0x0,
    0xf8, 0x0, 0xe0, 0x3, 0xf8, 0x1, 0xf, 0x80,
    0x7, 0xe0, 0x1, 0xf8, 0x0, 0xfc, 0x0, 0x7e,
    0x0, 0x3f, 0x0, 0x3f, 0x0, 0x1f, 0x80, 0x1f,
    0x80, 0x3f, 0x0, 0x7e, 0x3, 0xf8, 0x2, 0x0,
    0x0,

    /* U+00B4 "´" */
    0x3, 0x80, 0xfc, 0x3f, 0x87, 0xf1, 0xfe, 0x3f,
    0x87, 0xe1, 0xf8, 0x3e, 0xf, 0x1, 0xc0, 0x60,
    0x8, 0x0,

    /* U+00B6 "¶" */
    0x0, 0x0, 0x7f, 0xff, 0xfe, 0x0, 0xf, 0xff,
    0xff, 0xe0, 0x0, 0xff, 0xff, 0xff, 0x80, 0x3,
    0xff, 0xff, 0xff, 0x0, 0x1f, 0xff, 0xf7, 0xfe,
    0x0, 0x7f, 0xff, 0xef, 0xfc, 0x1, 0xff, 0xff,
    0xdf, 0xf8, 0x7, 0xff, 0xff, 0x3f, 0xf0, 0x1f,
    0xff, 0xfe, 0x7f, 0xe0, 0x3f, 0xff, 0xfc, 0xff,
    0xc0, 0xff, 0xff, 0xf9, 0xff, 0x81, 0xff, 0xff,
    0xf3, 0xff, 0x7, 0xff, 0xff, 0xc7, 0xfe, 0xf,
    0xff, 0xff, 0x8f, 0xfc, 0x1f, 0xff, 0xff, 0x1f,
    0xf8, 0x7f, 0xff, 0xfe, 0x3f, 0xf0, 0xff, 0xff,
    0xfc, 0x7f, 0xe1, 0xff, 0xff, 0xf8, 0xff, 0xc3,
    0xff, 0xff, 0xf1, 0xff, 0x87, 0xf0, 0x0, 0x3,
    0xff, 0xf, 0xc0, 0x0, 0x7, 0xfe, 0x1f, 0xff,
    0xff, 0x8f, 0xfc, 0x3f, 0xff, 0xff, 0x1f, 0xf8,
    0x7f, 0xff, 0xfe, 0x3f, 0xf0, 0xff, 0xff, 0xfc,
    0x7f, 0xe0, 0xff, 0xff, 0xf8, 0xff, 0xc1, 0xff,
    0xff, 0xf1, 0xff, 0x83, 0xff, 0xff, 0xe3, 0xff,
    0x7, 0xff, 0xff, 0xe7, 0xfe, 0x7, 0xff, 0xff,
    0xcf, 0xfc, 0xf, 0xff, 0xff, 0x9f, 0xf8, 0xf,
    0xff, 0xff, 0x3f, 0xf0, 0xf, 0xff, 0xfe, 0x7f,
    0xe0, 0x1f, 0xff, 0xfe, 0xff, 0xc0, 0x1f, 0xff,
    0xfd, 0xff, 0x80, 0x1f, 0xff, 0xfb, 0xff, 0x0,
    0xf, 0xff, 0xff, 0xfe, 0x0, 0xf, 0xff, 0xff,
    0xfc, 0x0, 0x3, 0xff, 0xff, 0xf8, 0x0, 0x1,
    0xff, 0xff, 0xf0, 0x0, 0x0, 0x3, 0xff, 0xe0,
    0x0, 0x0, 0x0, 0xff, 0xc0, 0x0, 0x0, 0x1,
    0xff, 0x80, 0x0, 0x0, 0x3, 0xff, 0x0, 0x0,
    0x0, 0x7, 0xfe, 0x0, 0x0, 0x0, 0xf, 0xfc,
    0x0, 0x0, 0x0, 0x1f, 0xf8, 0x0, 0x0, 0x0,
    0x7f, 0xf0, 0x0, 0x0, 0x1, 0xff, 0xf0, 0x0,
    0x0, 0x3f, 0xff, 0xfc,

    /* U+00B7 "·" */
    0x3f, 0x1f, 0xef, 0xff, 0xff, 0xff, 0xff, 0xff,
    0xfd, 0xfe, 0x3f, 0x0,

    /* U+00B8 "¸" */
    0x4, 0x0, 0x30, 0x0, 0xc0, 0x3, 0xfe, 0xf,
    0xfc, 0x7, 0xf0, 0x1f, 0xc0, 0x7e, 0x3, 0xf3,
    0xff, 0x0,

    /* U+00B9 "¹" */
    0x0, 0x40, 0xf, 0xf, 0xfc, 0x7, 0xf0, 0xf,
    0xc0, 0x3f, 0x0, 0xfc, 0x3, 0xf0, 0xf, 0xc0,
    0x3f, 0x0, 0xfc, 0x3, 0xf0, 0xf, 0xc0, 0x3f,
    0x0, 0xfc, 0x3, 0xf0, 0x1f, 0xe3, 0xff, 0xf0,

    /* U+00BA "º" */
    0x1, 0xfe, 0x0, 0x1f, 0x3e, 0x1, 0xf8, 0x7e,
    0xf, 0xe1, 0xfc, 0x7f, 0x3, 0xf9, 0xfc, 0xf,
    0xef, 0xf0, 0x3f, 0xbf, 0xc0, 0xff, 0xff, 0x3,
    0xff, 0xfc, 0xf, 0xff, 0xf0, 0x3f, 0xff, 0xc0,
    0xff, 0xff, 0x3, 0xff, 0xfc, 0xf, 0xe7, 0xf0,
    0x3f, 0x9f, 0xc0, 0xfe, 0x3f, 0x87, 0xf0, 0x7e,
    0x1f, 0x80, 0x7c, 0xf8, 0x0, 0x7f, 0x80,

    /* U+00BB "»" */
    0x0, 0x18, 0x0, 0x0, 0x0, 0x60, 0x0, 0x20,
    0x3, 0x0, 0x1, 0x80, 0x1c, 0x0, 0xe, 0x0,
    0x70, 0x0, 0x38, 0x3, 0xc0, 0x1, 0xe0, 0xf,
    0x0, 0xf, 0x80, 0x7c, 0x0, 0x3e, 0x3, 0xf0,
    0x1, 0xf8, 0xf, 0xc0, 0x7, 0xe0, 0x7f, 0x0,
    0x3f, 0x81, 0xfe, 0x0, 0xfe, 0x7, 0xf8, 0x7,
    0xfc, 0x3f, 0xe0, 0x1f, 0xf0, 0xff, 0xc0, 0x7f,
    0xc3, 0xff, 0x7, 0xfc, 0x3f, 0xf0, 0x7f, 0xc3,
    0xfe, 0x3, 0xf8, 0x3f, 0xe0, 0x3f, 0x81, 0xfc,
    0x1, 0xf8, 0x1f, 0xc0, 0x1f, 0x80, 0xfc, 0x0,
    0xf8, 0xf, 0xc0, 0xf, 0x80, 0x7c, 0x0, 0x78,
    0x7, 0xc0, 0x3, 0x80, 0x3c, 0x0, 0x38, 0x1,
    0xc0, 0x1, 0x80, 0x1c, 0x0, 0x8, 0x0, 0xc0,
    0x0, 0x0, 0x4, 0x0, 0x0, 0x0, 0x60, 0x0,
    0x0,

    /* U+00BC "¼" */
    0x0, 0x0, 0x0, 0x0, 0x0, 0x0, 0x0, 0x0,
    0x2, 0x0, 0x0, 0x0, 0x0, 0x60, 0x0, 0x0,
    0x0, 0x4, 0x0, 0x40, 0x0, 0x0, 0x80, 0x3c,
    0x0, 0x0, 0x18, 0xff, 0xc0, 0x0, 0x3, 0x1,
    0xfc, 0x0, 0x0, 0x20, 0xf, 0xc0, 0x0, 0x6,
    0x0, 0xfc, 0x0, 0x0, 0xc0, 0xf, 0xc0, 0x0,
    0x8, 0x0, 0xfc, 0x0, 0x1, 0x80, 0xf, 0xc0,
    0x0, 0x30, 0x0, 0xfc, 0x0, 0x2, 0x0, 0xf,
    0xc0, 0x0, 0x60, 0x0, 0xfc, 0x0, 0xc, 0x0,
    0xf, 0xc0, 0x0, 0x80, 0x0, 0xfc, 0x0, 0x18,
    0x0, 0xf, 0xc0, 0x3, 0x0, 0x0, 0xfc, 0x0,
    0x20, 0x0, 0x1f, 0xe0, 0x6, 0x0, 0xf, 0xff,
    0xc0, 0xc0, 0x0, 0x0, 0x0, 0x8, 0x0, 0x0,
    0x0, 0x1, 0x80, 0x0, 0x0, 0x0, 0x30, 0x0,
    0x0, 0x0, 0x2, 0x0, 0x0, 0x0, 0x0, 0x60,
    0x0, 0x0, 0x0, 0xc, 0x0, 0x0, 0x0, 0x0,
    0x80, 0x0, 0x0, 0x0, 0x18, 0x0, 0x80, 0x0,
    0x3, 0x0, 0x18, 0x0, 0x0, 0x20, 0x3, 0x80,
    0x0, 0x6, 0x0, 0x78, 0x0, 0x0, 0xc0, 0xf,
    0x80, 0x0, 0x8, 0x1, 0xf8, 0x0, 0x1, 0x80,
    0x37, 0x80, 0x0, 0x30, 0x2, 0x78, 0x0, 0x2,
    0x0, 0x47, 0x80, 0x0, 0x60, 0x8, 0x78, 0x0,
    0xc, 0x1, 0x7, 0x80, 0x0, 0x80, 0x20, 0x78,
    0x0, 0x18, 0x4, 0x7, 0x88, 0x3, 0x0, 0x80,
    0x78, 0x80, 0x20, 0x1f, 0xff, 0xf8, 0x6, 0x3,
    0xff, 0xff, 0x80, 0xc0, 0x3f, 0xff, 0xf8, 0x8,
    0x0, 0x0, 0x78, 0x1, 0x80, 0x0, 0x7, 0x80,
    0x30, 0x0, 0x0, 0x78, 0x2, 0x0, 0x0, 0x7,
    0x80, 0x0, 0x0, 0x0, 0x78, 0x0, 0x0, 0x0,
    0x7, 0x80, 0x0, 0x0, 0x0, 0x78, 0x0,

    /* U+00BD "½" */
    0x0, 0x0, 0x0, 0x0, 0x60, 0x0, 0x0, 0x0,
    0xc, 0x0, 0x0, 0x0, 0x0, 0x80, 0x4, 0x0,
    0x0, 0x18, 0x3, 0xc0, 0x0, 0x3, 0xf, 0xfc,
    0x0, 0x0, 0x20, 0x1f, 0xc0, 0x0, 0x6, 0x0,
    0xfc, 0x0, 0x0, 0xc0, 0xf, 0xc0, 0x0, 0x8,
    0x0, 0xfc, 0x0, 0x1, 0x80, 0xf, 0xc0, 0x0,
    0x30, 0x0, 0xfc, 0x0, 0x2, 0x0, 0xf, 0xc0,
    0x0, 0x60, 0x0, 0xfc, 0x0, 0xc, 0x0, 0xf,
    0xc0, 0x0, 0x80, 0x0, 0xfc, 0x0, 0x18, 0x0,
    0xf, 0xc0, 0x3, 0x0, 0x0, 0xfc, 0x0, 0x20,
    0x0, 0xf, 0xc0, 0x6, 0x0, 0x1, 0xfe, 0x0,
    0xc0, 0x0, 0xff, 0xfc, 0x8, 0x0, 0x0, 0x0,
    0x1, 0x80, 0x0, 0x0, 0x0, 0x30, 0x0, 0x0,
    0x0, 0x2, 0x0, 0x0, 0x0, 0x0, 0x60, 0x0,
    0x0, 0x0, 0xc, 0x0, 0x0, 0x0, 0x0, 0x80,
    0x0, 0x0, 0x0, 0x18, 0x0, 0x0, 0x0, 0x3,
    0x0, 0xfe, 0x0, 0x0, 0x20, 0x3f, 0xf8, 0x0,
    0x6, 0x6, 0x1f, 0xc0, 0x0, 0xc0, 0x80, 0xfc,
    0x0, 0x8, 0x0, 0xf, 0xc0, 0x1, 0x80, 0x0,
    0xfc, 0x0, 0x30, 0x0, 0xf, 0x80, 0x2, 0x0,
    0x0, 0xf8, 0x0, 0x60, 0x0, 0x1e, 0x0, 0xc,
    0x0, 0x1, 0xc0, 0x0, 0x80, 0x0, 0x38, 0x0,
    0x10, 0x0, 0x6, 0x1, 0x3, 0x0, 0x0, 0x80,
    0x30, 0x20, 0x0, 0x1f, 0xfe, 0x4, 0x0, 0x3,
    0xff, 0xe0, 0xc0, 0x0, 0xff, 0xfe, 0x8, 0x0,
    0x1f, 0xff, 0xe1, 0x0, 0x1, 0xff, 0xfe, 0x30,
    0x0, 0x0, 0x0, 0x2, 0x0, 0x0, 0x0, 0x0,
    0x40, 0x0, 0x0, 0x0, 0x0,

    /* U+00BE "¾" */
    0x0, 0x0, 0x0, 0x0, 0x0, 0x0, 0x0, 0x0,
    0x0, 0xc, 0x0, 0x0, 0x0, 0x0, 0x30, 0x0,
    0x0, 0x0, 0x0, 0x40, 0x7f, 0x80, 0x0, 0x1,
    0x83, 0xff, 0xc0, 0x0, 0x6, 0xc, 0x1f, 0xc0,
    0x0, 0x8, 0x30, 0x1f, 0x80, 0x0, 0x30, 0x40,
    0x3f, 0x0, 0x0, 0xc0, 0x0, 0x7e, 0x0, 0x1,
    0x0, 0x0, 0xf8, 0x0, 0x6, 0x0, 0x3, 0xe0,
    0x0, 0x18, 0x0, 0x7, 0x0, 0x0, 0x20, 0x0,
    0xf8, 0x0, 0x0, 0xc0, 0x1, 0x9f, 0x0, 0x3,
    0x0, 0x0, 0x1f, 0x0, 0x4, 0x0, 0x0, 0x1f,
    0x0, 0x18, 0x0, 0x0, 0x3f, 0x0, 0x60, 0x0,
    0x0, 0x7e, 0x0, 0x80, 0x0, 0x0, 0xfc, 0x3,
    0x0, 0x0, 0x1, 0xf8, 0xc, 0x0, 0x0, 0x7,
    0xe0, 0x10, 0x0, 0x0, 0x1f, 0xc0, 0x60, 0x0,
    0x0, 0x7f, 0x1, 0x80, 0x0, 0x1, 0xf8, 0x2,
    0x0, 0x0, 0xf, 0xc0, 0xc, 0x0, 0x3, 0xfc,
    0x0, 0x30, 0x0, 0x0, 0x0, 0x0, 0x40, 0x0,
    0x0, 0x0, 0x1, 0x80, 0x0, 0x0, 0x0, 0x6,
    0x0, 0x20, 0x0, 0x0, 0x8, 0x0, 0xc0, 0x0,
    0x0, 0x30, 0x3, 0x80, 0x0, 0x0, 0xc0, 0x7,
    0x0, 0x0, 0x1, 0x0, 0x1e, 0x0, 0x0, 0x6,
    0x0, 0x7c, 0x0, 0x0, 0x18, 0x1, 0x78, 0x0,
    0x0, 0x20, 0x4, 0xf0, 0x0, 0x0, 0xc0, 0x19,
    0xe0, 0x0, 0x3, 0x0, 0x63, 0xc0, 0x0, 0x4,
    0x1, 0x87, 0x80, 0x0, 0x18, 0x2, 0xf, 0x0,
    0x0, 0x60, 0x8, 0x1e, 0x20, 0x0, 0x80, 0x20,
    0x3c, 0x40, 0x3, 0x0, 0xff, 0xff, 0x80, 0xc,
    0x3, 0xff, 0xff, 0x0, 0x10, 0x7, 0xff, 0xfe,
    0x0, 0x60, 0x0, 0x3, 0xc0, 0x1, 0x80, 0x0,
    0x7, 0x80, 0x2, 0x0, 0x0, 0xf, 0x0, 0xc,
    0x0, 0x0, 0x1e, 0x0, 0x0, 0x0, 0x0, 0x3c,
    0x0, 0x0, 0x0, 0x0, 0x78, 0x0, 0x0, 0x0,
    0x0, 0xf0, 0x0,

    /* U+00BF "¿" */
    0x0, 0x0, 0x0, 0x0, 0x7, 0xf0, 0x0, 0x1,
    0xfe, 0x0, 0x0, 0xff, 0xc0, 0x0, 0x3f, 0xf0,
    0x0, 0xf, 0xfc, 0x0, 0x3, 0xff, 0x0, 0x0,
    0x7f, 0x80, 0x0, 0x1f, 0xc0, 0x0, 0x0, 0x80,
    0x0, 0x0, 0x0, 0x0, 0x0, 0x0, 0x0, 0x0,
    0x1, 0x0, 0x0, 0x0, 0x40, 0x0, 0x0, 0x10,
    0x0, 0x0, 0x4, 0x0, 0x0, 0x1, 0x0, 0x0,
    0x0, 0x40, 0x0, 0x0, 0x10, 0x0, 0x0, 0x1c,
    0x0, 0x0, 0x3c, 0x0, 0x0, 0x7e, 0x0, 0x0,
    0x7f, 0x0, 0x0, 0x3f, 0x80, 0x0, 0x1f, 0xc0,
    0x0, 0xf, 0xf0, 0x0, 0x7, 0xf8, 0x0, 0x3,
    0xfe, 0x0, 0x0, 0xff, 0x80, 0x0, 0x3f, 0xe0,
    0x3, 0xcf, 0xf8, 0x3, 0xfb, 0xfe, 0x1, 0xff,
    0xff, 0x80, 0x7f, 0xdf, 0xe0, 0x1f, 0xf7, 0xfc,
    0x7, 0xfc, 0xff, 0x1, 0xfe, 0x1f, 0xc0, 0x3f,
    0x83, 0xf8, 0x7, 0xc0, 0x3f, 0x81, 0xc0, 0x1,
    0xff, 0x80,

    /* U+00C0 "À" */
    0x0, 0x0, 0x0, 0x0, 0x0, 0x0, 0x7c, 0x0,
    0x0, 0x0, 0x0, 0xfe, 0x0, 0x0, 0x0, 0x3,
    0xfe, 0x0, 0x0, 0x0, 0x7, 0xfc, 0x0, 0x0,
    0x0, 0x7, 0xfc, 0x0, 0x0, 0x0, 0x7, 0xfc,
    0x0, 0x0, 0x0, 0x7, 0xfc, 0x0, 0x0, 0x0,
    0x0, 0x7c, 0x0, 0x0, 0x0, 0x0, 0xc, 0x0,
    0x0, 0x0, 0x0, 0x0, 0x0, 0x0, 0x0, 0x0,
    0x0, 0x0, 0x0, 0x0, 0x0, 0x0, 0x0, 0x0,
    0x0, 0x0, 0x0, 0x0, 0x0, 0x0, 0x1f, 0x0,
    0x0, 0x0, 0x0, 0x3f, 0x0, 0x0, 0x0, 0x0,
    0xfe, 0x0, 0x0, 0x0, 0x1, 0xfe, 0x0, 0x0,
    0x0, 0x3, 0xfc, 0x0, 0x0, 0x0, 0xf, 0xf8,
    0x0, 0x0, 0x0, 0x1f, 0xf8, 0x0, 0x0, 0x0,
    0x3f, 0xf0, 0x0, 0x0, 0x0, 0xff, 0xe0, 0x0,
    0x0, 0x1, 0xff, 0xe0, 0x0, 0x0, 0x6, 0xff,
    0xc0, 0x0, 0x0, 0x9, 0xff, 0xc0, 0x0, 0x0,
    0x13, 0xff, 0x80, 0x0, 0x0, 0x43, 0xff, 0x0,
    0x0, 0x0, 0x87, 0xff, 0x0, 0x0, 0x3, 0xf,
    0xfe, 0x0, 0x0, 0x4, 0xf, 0xfc, 0x0, 0x0,
    0x8, 0x1f, 0xfc, 0x0, 0x0, 0x20, 0x3f, 0xf8,
    0x0, 0x0, 0x40, 0x3f, 0xf8, 0x0, 0x0, 0x80,
    0x7f, 0xf0, 0x0, 0x2, 0x0, 0x7f, 0xe0, 0x0,
    0x4, 0x0, 0xff, 0xe0, 0x0, 0x10, 0x1, 0xff,
    0xc0, 0x0, 0x3f, 0xff, 0xff, 0xc0, 0x0, 0x40,
    0x3, 0xff, 0x80, 0x1, 0x0, 0x7, 0xff, 0x0,
    0x2, 0x0, 0x7, 0xff, 0x0, 0x4, 0x0, 0xf,
    0xfe, 0x0, 0x10, 0x0, 0xf, 0xfc, 0x0, 0x20,
    0x0, 0x1f, 0xfc, 0x0, 0xc0, 0x0, 0x3f, 0xf8,
    0x1, 0x0, 0x0, 0x3f, 0xf8, 0x2, 0x0, 0x0,
    0x7f, 0xf0, 0xc, 0x0, 0x0, 0xff, 0xe0, 0x18,
    0x0, 0x0, 0xff, 0xe0, 0x70, 0x0, 0x1, 0xff,
    0xc1, 0xf0, 0x0, 0x3, 0xff, 0xc7, 0xf0, 0x0,
    0xf, 0xff, 0xdf, 0xfc, 0x0, 0xff, 0xff, 0xc0,

    /* U+00C1 "Á" */
    0x0, 0x0, 0x0, 0x0, 0x0, 0x0, 0x0, 0x1,
    0xe0, 0x0, 0x0, 0x0, 0xf, 0xe0, 0x0, 0x0,
    0x0, 0x3f, 0xe0, 0x0, 0x0, 0x0, 0x7f, 0xc0,
    0x0, 0x0, 0x1, 0xff, 0x0, 0x0, 0x0, 0x7,
    0xfc, 0x0, 0x0, 0x0, 0x1f, 0xf0, 0x0, 0x0,
    0x0, 0x7c, 0x0, 0x0, 0x0, 0x1, 0x80, 0x0,
    0x0, 0x0, 0x0, 0x0, 0x0, 0x0, 0x0, 0x0,
    0x0, 0x0, 0x0, 0x0, 0x0, 0x0, 0x0, 0x0,
    0x0, 0x0, 0x0, 0x0, 0x0, 0x0, 0x1f, 0x0,
    0x0, 0x0, 0x0, 0x3f, 0x0, 0x0, 0x0, 0x0,
    0xfe, 0x0, 0x0, 0x0, 0x1, 0xfe, 0x0, 0x0,
    0x0, 0x3, 0xfc, 0x0, 0x0, 0x0, 0xf, 0xf8,
    0x0, 0x0, 0x0, 0x1f, 0xf8, 0x0, 0x0, 0x0,
    0x3f, 0xf0, 0x0, 0x0, 0x0, 0xff, 0xe0, 0x0,
    0x0, 0x1, 0xff, 0xe0, 0x0, 0x0, 0x6, 0xff,
    0xc0, 0x0, 0x0, 0x9, 0xff, 0xc0, 0x0, 0x0,
    0x13, 0xff, 0x80, 0x0, 0x0, 0x43, 0xff, 0x0,
    0x0, 0x0, 0x87, 0xff, 0x0, 0x0, 0x3, 0xf,
    0xfe, 0x0, 0x0, 0x4, 0xf, 0xfc, 0x0, 0x0,
    0x8, 0x1f, 0xfc, 0x0, 0x0, 0x20, 0x3f, 0xf8,
    0x0, 0x0, 0x40, 0x3f, 0xf8, 0x0, 0x0, 0x80,
    0x7f, 0xf0, 0x0, 0x2, 0x0, 0x7f, 0xe0, 0x0,
    0x4, 0x0, 0xff, 0xe0, 0x0, 0x10, 0x1, 0xff,
    0xc0, 0x0, 0x3f, 0xff, 0xff, 0xc0, 0x0, 0x40,
    0x3, 0xff, 0x80, 0x1, 0x0, 0x7, 0xff, 0x0,
    0x2, 0x0, 0x7, 0xff, 0x0, 0x4, 0x0, 0xf,
    0xfe, 0x0, 0x10, 0x0, 0xf, 0xfc, 0x0, 0x20,
    0x0, 0x1f, 0xfc, 0x0, 0xc0, 0x0, 0x3f, 0xf8,
    0x1, 0x0, 0x0, 0x3f, 0xf8, 0x2, 0x0, 0x0,
    0x7f, 0xf0, 0xc, 0x0, 0x0, 0xff, 0xe0, 0x18,
    0x0, 0x0, 0xff, 0xe0, 0x70, 0x0, 0x1, 0xff,
    0xc1, 0xf0, 0x0, 0x3, 0xff, 0xc7, 0xf0, 0x0,
    0xf, 0xff, 0xdf, 0xfc, 0x0, 0xff, 0xff, 0xc0,

    /* U+00C2 "Â" */
    0x0, 0x0, 0x10, 0x0, 0x0, 0x0, 0x0, 0x30,
    0x0, 0x0, 0x0, 0x0, 0xf0, 0x0, 0x0, 0x0,
    0x3, 0xf0, 0x0, 0x0, 0x0, 0x1f, 0xf0, 0x0,
    0x0, 0x0, 0x7f, 0xf0, 0x0, 0x0, 0x1, 0xff,
    0xf8, 0x0, 0x0, 0xf, 0xe7, 0xf8, 0x0, 0x0,
    0x3e, 0x1, 0xfc, 0x0, 0x1, 0xe0, 0x0, 0x3e,
    0x0, 0x0, 0x0, 0x0, 0x4, 0x0, 0x0, 0x0,
    0x0, 0x0, 0x0, 0x0, 0x0, 0x0, 0x0, 0x0,
    0x0, 0x0, 0x0, 0x0, 0x0, 0x0, 0x1f, 0x0,
    0x0, 0x0, 0x0, 0x3f, 0x0, 0x0, 0x0, 0x0,
    0xfe, 0x0, 0x0, 0x0, 0x1, 0xfe, 0x0, 0x0,
    0x0, 0x3, 0xfc, 0x0, 0x0, 0x0, 0xf, 0xf8,
    0x0, 0x0, 0x0, 0x1f, 0xf8, 0x0, 0x0, 0x0,
    0x3f, 0xf0, 0x0, 0x0, 0x0, 0xff, 0xe0, 0x0,
    0x0, 0x1, 0xff, 0xe0, 0x0, 0x0, 0x6, 0xff,
    0xc0, 0x0, 0x0, 0x9, 0xff, 0xc0, 0x0, 0x0,
    0x13, 0xff, 0x80, 0x0, 0x0, 0x43, 0xff, 0x0,
    0x0, 0x0, 0x87, 0xff, 0x0, 0x0, 0x3, 0xf,
    0xfe, 0x0, 0x0, 0x4, 0xf, 0xfc, 0x0, 0x0,
    0x8, 0x1f, 0xfc, 0x0, 0x0, 0x20, 0x3f, 0xf8,
    0x0, 0x0, 0x40, 0x3f, 0xf8, 0x0, 0x0, 0x80,
    0x7f, 0xf0, 0x0, 0x2, 0x0, 0x7f, 0xe0, 0x0,
    0x4, 0x0, 0xff, 0xe0, 0x0, 0x10, 0x1, 0xff,
    0xc0, 0x0, 0x3f, 0xff, 0xff, 0xc0, 0x0, 0x40,
    0x3, 0xff, 0x80, 0x1, 0x0, 0x7, 0xff, 0x0,
    0x2, 0x0, 0x7, 0xff, 0x0, 0x4, 0x0, 0xf,
    0xfe, 0x0, 0x10, 0x0, 0xf, 0xfc, 0x0, 0x20,
    0x0, 0x1f, 0xfc, 0x0, 0xc0, 0x0, 0x3f, 0xf8,
    0x1, 0x0, 0x0, 0x3f, 0xf8, 0x2, 0x0, 0x0,
    0x7f, 0xf0, 0xc, 0x0, 0x0, 0xff, 0xe0, 0x18,
    0x0, 0x0, 0xff, 0xe0, 0x70, 0x0, 0x1, 0xff,
    0xc1, 0xf0, 0x0, 0x3, 0xff, 0xc7, 0xf0, 0x0,
    0xf, 0xff, 0xdf, 0xfc, 0x0, 0xff, 0xff, 0xc0,

    /* U+00C3 "Ã" */
    0x0, 0xf, 0xc0, 0x0, 0x0, 0x0, 0x7f, 0xe0,
    0x2, 0x0, 0x1, 0xff, 0xf0, 0xc, 0x0, 0x7,
    0xff, 0xf8, 0x38, 0x0, 0xf, 0xff, 0xff, 0xe0,
    0x0, 0x38, 0x3f, 0xff, 0xc0, 0x0, 0x60, 0x1f,
    0xff, 0x0, 0x0, 0x80, 0xf, 0xfc, 0x0, 0x0,
    0x0, 0x7, 0xe0, 0x0, 0x0, 0x0, 0x0, 0x0,
    0x0, 0x0, 0x0, 0x0, 0x0, 0x0, 0x0, 0x0,
    0x0, 0x0, 0x0, 0x0, 0x7, 0xc0, 0x0, 0x0,
    0x0, 0xf, 0xc0, 0x0, 0x0, 0x0, 0x1f, 0x80,
    0x0, 0x0, 0x0, 0x7f, 0x0, 0x0, 0x0, 0x0,
    0xff, 0x0, 0x0, 0x0, 0x3, 0xfe, 0x0, 0x0,
    0x0, 0x7, 0xfe, 0x0, 0x0, 0x0, 0xf, 0xfc,
    0x0, 0x0, 0x0, 0x3f, 0xf8, 0x0, 0x0, 0x0,
    0x7f, 0xf8, 0x0, 0x0, 0x1, 0xff, 0xf0, 0x0,
    0x0, 0x2, 0x7f, 0xf0, 0x0, 0x0, 0x4, 0xff,
    0xe0, 0x0, 0x0, 0x10, 0xff, 0xc0, 0x0, 0x0,
    0x21, 0xff, 0xc0, 0x0, 0x0, 0x43, 0xff, 0x80,
    0x0, 0x1, 0x3, 0xff, 0x0, 0x0, 0x2, 0x7,
    0xff, 0x0, 0x0, 0xc, 0xf, 0xfe, 0x0, 0x0,
    0x10, 0xf, 0xfe, 0x0, 0x0, 0x20, 0x1f, 0xfc,
    0x0, 0x0, 0x80, 0x1f, 0xf8, 0x0, 0x1, 0x0,
    0x3f, 0xf8, 0x0, 0x6, 0x0, 0x7f, 0xf0, 0x0,
    0xf, 0xff, 0xff, 0xe0, 0x0, 0x10, 0x0, 0xff,
    0xe0, 0x0, 0x40, 0x1, 0xff, 0xc0, 0x0, 0x80,
    0x1, 0xff, 0xc0, 0x1, 0x0, 0x3, 0xff, 0x80,
    0x4, 0x0, 0x7, 0xff, 0x0, 0x8, 0x0, 0x7,
    0xff, 0x0, 0x30, 0x0, 0xf, 0xfe, 0x0, 0x40,
    0x0, 0xf, 0xfe, 0x0, 0x80, 0x0, 0x1f, 0xfc,
    0x3, 0x0, 0x0, 0x3f, 0xf8, 0x6, 0x0, 0x0,
    0x3f, 0xf8, 0x1c, 0x0, 0x0, 0x7f, 0xf0, 0x7c,
    0x0, 0x0, 0xff, 0xf1, 0xfc, 0x0, 0x3, 0xff,
    0xf7, 0xff, 0x0, 0x3f, 0xff, 0xf0,

    /* U+00C4 "Ä" */
    0x0, 0x1e, 0x0, 0xf8, 0x0, 0x0, 0x7f, 0x3,
    0xf8, 0x0, 0x1, 0xfe, 0xf, 0xf0, 0x0, 0x3,
    0xfe, 0x1f, 0xf0, 0x0, 0x7, 0xfc, 0x3f, 0xe0,
    0x0, 0xf, 0xf8, 0x7f, 0xc0, 0x0, 0x1f, 0xf0,
    0xff, 0x80, 0x0, 0x1f, 0xc0, 0xfe, 0x0, 0x0,
    0x1e, 0x0, 0xf0, 0x0, 0x0, 0x0, 0x0, 0x0,
    0x0, 0x0, 0x0, 0x0, 0x0, 0x0, 0x0, 0x0,
    0x0, 0x0, 0x0, 0x0, 0x7, 0xc0, 0x0, 0x0,
    0x0, 0xf, 0xc0, 0x0, 0x0, 0x0, 0x3f, 0x80,
    0x0, 0x0, 0x0, 0x7f, 0x0, 0x0, 0x0, 0x0,
    0xff, 0x0, 0x0, 0x0, 0x3, 0xfe, 0x0, 0x0,
    0x0, 0x7, 0xfe, 0x0, 0x0, 0x0, 0xf, 0xfc,
    0x0, 0x0, 0x0, 0x3f, 0xf8, 0x0, 0x0, 0x0,
    0x5f, 0xf8, 0x0, 0x0, 0x1, 0xbf, 0xf0, 0x0,
    0x0, 0x3, 0x7f, 0xf0, 0x0, 0x0, 0x4, 0x7f,
    0xe0, 0x0, 0x0, 0x18, 0xff, 0xc0, 0x0, 0x0,
    0x21, 0xff, 0xc0, 0x0, 0x0, 0x41, 0xff, 0x80,
    0x0, 0x1, 0x83, 0xff, 0x0, 0x0, 0x2, 0x7,
    0xff, 0x0, 0x0, 0xc, 0x7, 0xfe, 0x0, 0x0,
    0x10, 0xf, 0xfe, 0x0, 0x0, 0x20, 0x1f, 0xfc,
    0x0, 0x0, 0x80, 0x1f, 0xf8, 0x0, 0x1, 0x0,
    0x3f, 0xf8, 0x0, 0x6, 0x0, 0x3f, 0xf0, 0x0,
    0xf, 0xff, 0xff, 0xe0, 0x0, 0x10, 0x0, 0xff,
    0xe0, 0x0, 0x40, 0x0, 0xff, 0xc0, 0x0, 0x80,
    0x1, 0xff, 0xc0, 0x1, 0x0, 0x3, 0xff, 0x80,
    0x4, 0x0, 0x3, 0xff, 0x0, 0x8, 0x0, 0x7,
    0xff, 0x0, 0x30, 0x0, 0xf, 0xfe, 0x0, 0x40,
    0x0, 0xf, 0xfe, 0x0, 0x80, 0x0, 0x1f, 0xfc,
    0x3, 0x0, 0x0, 0x3f, 0xf8, 0x6, 0x0, 0x0,
    0x3f, 0xf8, 0x1c, 0x0, 0x0, 0x7f, 0xf0, 0x7c,
    0x0, 0x0, 0xff, 0xf1, 0xfc, 0x0, 0x3, 0xff,
    0xf7, 0xff, 0x0, 0x3f, 0xff, 0xf0,

    /* U+00C5 "Å" */
    0x0, 0x0, 0x3e, 0x0, 0x0, 0x0, 0x1, 0x87,
    0x0, 0x0, 0x0, 0x6, 0x3, 0x0, 0x0, 0x0,
    0x18, 0x3, 0x0, 0x0, 0x0, 0x30, 0x6, 0x0,
    0x0, 0x0, 0x60, 0xc, 0x0, 0x0, 0x0, 0xc0,
    0x18, 0x0, 0x0, 0x1, 0x80, 0x30, 0x0, 0x0,
    0x1, 0x80, 0xc0, 0x0, 0x0, 0x1, 0x83, 0x0,
    0x0, 0x0, 0x0, 0xf8, 0x0, 0x0, 0x0, 0x0,
    0x0, 0x0, 0x0, 0x0, 0x0, 0x0, 0x0, 0x0,
    0x0, 0xf, 0x80, 0x0, 0x0, 0x0, 0x1f, 0x80,
    0x0, 0x0, 0x0, 0x7f, 0x0, 0x0, 0x0, 0x0,
    0xff, 0x0, 0x0, 0x0, 0x1, 0xfe, 0x0, 0x0,
    0x0, 0x7, 0xfc, 0x0, 0x0, 0x0, 0xf, 0xfc,
    0x0, 0x0, 0x0, 0x1f, 0xf8, 0x0, 0x0, 0x0,
    0x7f, 0xf0, 0x0, 0x0, 0x0, 0xff, 0xf0, 0x0,
    0x0, 0x3, 0x7f, 0xe0, 0x0, 0x0, 0x6, 0x7f,
    0xe0, 0x0, 0x0, 0x8, 0xff, 0xc0, 0x0, 0x0,
    0x31, 0xff, 0x80, 0x0, 0x0, 0x61, 0xff, 0x80,
    0x0, 0x1, 0x83, 0xff, 0x0, 0x0, 0x3, 0x7,
    0xfe, 0x0, 0x0, 0x4, 0x7, 0xfe, 0x0, 0x0,
    0x18, 0xf, 0xfc, 0x0, 0x0, 0x20, 0x1f, 0xfc,
    0x0, 0x0, 0x40, 0x1f, 0xf8, 0x0, 0x1, 0x80,
    0x3f, 0xf0, 0x0, 0x2, 0x0, 0x7f, 0xf0, 0x0,
    0xc, 0x0, 0x7f, 0xe0, 0x0, 0x1f, 0xff, 0xff,
    0xe0, 0x0, 0x20, 0x1, 0xff, 0xc0, 0x0, 0x80,
    0x1, 0xff, 0x80, 0x1, 0x0, 0x3, 0xff, 0x80,
    0x2, 0x0, 0x7, 0xff, 0x0, 0x8, 0x0, 0x7,
    0xfe, 0x0, 0x10, 0x0, 0xf, 0xfe, 0x0, 0x60,
    0x0, 0x1f, 0xfc, 0x0, 0x80, 0x0, 0x1f, 0xfc,
    0x1, 0x0, 0x0, 0x3f, 0xf8, 0x6, 0x0, 0x0,
    0x7f, 0xf0, 0xc, 0x0, 0x0, 0x7f, 0xf0, 0x38,
    0x0, 0x0, 0xff, 0xe0, 0xf8, 0x0, 0x1, 0xff,
    0xe3, 0xf8, 0x0, 0x7, 0xff, 0xef, 0xfe, 0x0,
    0x7f, 0xff, 0xe0,

    /* U+00C6 "Æ" */
    0x0, 0x0, 0x0, 0x20, 0x0, 0x0, 0x0, 0x0,
    0x0, 0x30, 0x0, 0x0, 0x0, 0x0, 0x0, 0x10,
    0x0, 0x0, 0x0, 0x0, 0x0, 0x18, 0x0, 0x0,
    0x0, 0x0, 0x1, 0xff, 0xff, 0xff, 0xf0, 0x0,
    0x0, 0x1f, 0xfe, 0x3, 0xf8, 0x0, 0x0, 0xf,
    0xfe, 0x0, 0x7c, 0x0, 0x0, 0x7, 0xff, 0x0,
    0x1e, 0x0, 0x0, 0x7, 0xff, 0x80, 0xf, 0x0,
    0x0, 0x2, 0xff, 0xc0, 0x3, 0x80, 0x0, 0x3,
    0x7f, 0xe0, 0x1, 0xc0, 0x0, 0x1, 0x3f, 0xf0,
    0x0, 0xe0, 0x0, 0x1, 0x1f, 0xf8, 0x0, 0x30,
    0x0, 0x1, 0x8f, 0xfc, 0x0, 0x18, 0x0, 0x0,
    0x87, 0xfe, 0x0, 0xc, 0x0, 0x0, 0xc3, 0xff,
    0x0, 0x6, 0x0, 0x0, 0x41, 0xff, 0x80, 0x40,
    0x0, 0x0, 0x60, 0xff, 0xc0, 0x20, 0x0, 0x0,
    0x60, 0x7f, 0xe0, 0x30, 0x0, 0x0, 0x20, 0x3f,
    0xf0, 0x18, 0x0, 0x0, 0x30, 0x1f, 0xf8, 0xc,
    0x0, 0x0, 0x10, 0xf, 0xfc, 0xe, 0x0, 0x0,
    0x18, 0x7, 0xfe, 0xf, 0x0, 0x0, 0xf, 0xff,
    0xff, 0xff, 0x80, 0x0, 0xc, 0x1, 0xff, 0x83,
    0xc0, 0x0, 0xc, 0x0, 0xff, 0xc0, 0xe0, 0x0,
    0x4, 0x0, 0x7f, 0xe0, 0x30, 0x0, 0x6, 0x0,
    0x3f, 0xf0, 0x18, 0x0, 0x2, 0x0, 0x1f, 0xf8,
    0x4, 0x0, 0x3, 0x0, 0xf, 0xfc, 0x2, 0x0,
    0x3, 0x0, 0x7, 0xfe, 0x1, 0x6, 0x1, 0x80,
    0x3, 0xff, 0x0, 0x3, 0x1, 0x80, 0x1, 0xff,
    0x80, 0x1, 0x80, 0x80, 0x0, 0xff, 0xc0, 0x0,
    0xc0, 0xc0, 0x0, 0x7f, 0xe0, 0x0, 0x60, 0x40,
    0x0, 0x3f, 0xf0, 0x0, 0x70, 0x60, 0x0, 0x1f,
    0xf8, 0x0, 0x38, 0x60, 0x0, 0xf, 0xfc, 0x0,
    0x1c, 0x30, 0x0, 0x7, 0xfe, 0x0, 0x1e, 0x30,
    0x0, 0x3, 0xff, 0x0, 0x1f, 0x38, 0x0, 0x1,
    0xff, 0x80, 0x1f, 0xbe, 0x0, 0x1, 0xff, 0xe0,
    0x1f, 0xff, 0xe0, 0x7, 0xff, 0xff, 0xff, 0xe0,

    /* U+00C7 "Ç" */
    0x0, 0x0, 0xff, 0x80, 0x60, 0x1, 0xfc, 0xe,
    0xc, 0x0, 0xfe, 0x0, 0x71, 0x80, 0x3f, 0x80,
    0x3, 0x30, 0x1f, 0xe0, 0x0, 0x3e, 0x7, 0xf8,
    0x0, 0x3, 0xc1, 0xff, 0x0, 0x0, 0x78, 0x7f,
    0xc0, 0x0, 0x7, 0xf, 0xf8, 0x0, 0x0, 0xe3,
    0xff, 0x0, 0x0, 0xc, 0xff, 0xc0, 0x0, 0x1,
    0x9f, 0xf8, 0x0, 0x0, 0x37, 0xff, 0x0, 0x0,
    0x6, 0xff, 0xe0, 0x0, 0x0, 0xdf, 0xf8, 0x0,
    0x0, 0x3, 0xff, 0x0, 0x0, 0x0, 0xff, 0xe0,
    0x0, 0x0, 0x1f, 0xfc, 0x0, 0x0, 0x3, 0xff,
    0x80, 0x0, 0x0, 0x7f, 0xf0, 0x0, 0x0, 0xf,
    0xfe, 0x0, 0x0, 0x1, 0xff, 0xc0, 0x0, 0x0,
    0x3f, 0xf8, 0x0, 0x0, 0x7, 0xff, 0x0, 0x0,
    0x0, 0xff, 0xe0, 0x0, 0x0, 0x1f, 0xfc, 0x0,
    0x0, 0x1, 0xff, 0x80, 0x0, 0x1, 0xbf, 0xf8,
    0x0, 0x0, 0x37, 0xff, 0x0, 0x0, 0x6, 0xff,
    0xe0, 0x0, 0x0, 0xcf, 0xfc, 0x0, 0x0, 0x19,
    0xff, 0xc0, 0x0, 0x7, 0x1f, 0xf8, 0x0, 0x0,
    0xe1, 0xff, 0x0, 0x0, 0x1c, 0x3f, 0xf0, 0x0,
    0x7, 0x83, 0xfe, 0x0, 0x0, 0xf0, 0x1f, 0xe0,
    0x0, 0x3e, 0x1, 0xfe, 0x0, 0xc, 0xc0, 0xf,
    0xe0, 0x3, 0x18, 0x0, 0x7f, 0x3, 0x83, 0x0,
    0x1, 0xff, 0x80, 0x0, 0x0, 0x1, 0x0, 0x0,
    0x0, 0x0, 0x60, 0x0, 0x0, 0x0, 0xd, 0xf8,
    0x0, 0x0, 0x1, 0xff, 0x80, 0x0, 0x0, 0x7f,
    0xf8, 0x0, 0x0, 0x0, 0xff, 0x0, 0x0, 0x0,
    0xf, 0xe0, 0x0, 0x0, 0x1, 0xf8, 0x0, 0x0,
    0x0, 0xfe, 0x0, 0x0, 0xf, 0xfe, 0x0, 0x0,

    /* U+00C8 "È" */
    0x0, 0x0, 0x0, 0x0, 0x1, 0xf0, 0x0, 0x0,
    0x3, 0xf8, 0x0, 0x0, 0x3, 0xfc, 0x0, 0x0,
    0x3, 0xfe, 0x0, 0x0, 0x3, 0xfe, 0x0, 0x0,
    0x1, 0xff, 0x0, 0x0, 0x0, 0x7f, 0x80, 0x0,
    0x0, 0x7, 0xc0, 0x0, 0x0, 0x0, 0x70, 0x0,
    0x0, 0x0, 0x0, 0x0, 0x0, 0x0, 0x0, 0x0,
    0x0, 0x0, 0x0, 0x0, 0x0, 0x0, 0x0, 0x0,
    0xff, 0xff, 0xff, 0xfc, 0x1f, 0xfe, 0x3, 0xfc,
    0xf, 0xfc, 0x0, 0xfc, 0xf, 0xfc, 0x0, 0x7c,
    0xf, 0xfc, 0x0, 0x3c, 0xf, 0xfc, 0x0, 0x1c,
    0xf, 0xfc, 0x0, 0x1c, 0xf, 0xfc, 0x0, 0xc,
    0xf, 0xfc, 0x0, 0xc, 0xf, 0xfc, 0x0, 0xc,
    0xf, 0xfc, 0x0, 0xc, 0xf, 0xfc, 0x0, 0x4,
    0xf, 0xfc, 0x3, 0x4, 0xf, 0xfc, 0x3, 0x0,
    0xf, 0xfc, 0x7, 0x0, 0xf, 0xfc, 0x7, 0x0,
    0xf, 0xfc, 0xf, 0x0, 0xf, 0xfc, 0x1f, 0x0,
    0xf, 0xfc, 0x3f, 0x0, 0xf, 0xff, 0xff, 0x0,
    0xf, 0xfc, 0x3f, 0x0, 0xf, 0xfc, 0xf, 0x0,
    0xf, 0xfc, 0xf, 0x0, 0xf, 0xfc, 0x7, 0x0,
    0xf, 0xfc, 0x3, 0x0, 0xf, 0xfc, 0x3, 0x0,
    0xf, 0xfc, 0x3, 0x3, 0xf, 0xfc, 0x3, 0x3,
    0xf, 0xfc, 0x0, 0x7, 0xf, 0xfc, 0x0, 0x7,
    0xf, 0xfc, 0x0, 0x7, 0xf, 0xfc, 0x0, 0x7,
    0xf, 0xfc, 0x0, 0xf, 0xf, 0xfc, 0x0, 0xf,
    0xf, 0xfc, 0x0, 0x1f, 0xf, 0xfc, 0x0, 0x3f,
    0xf, 0xfc, 0x0, 0x3f, 0xf, 0xfc, 0x0, 0xff,
    0x1f, 0xfe, 0x1, 0xff, 0xff, 0xff, 0xff, 0xff,

    /* U+00C9 "É" */
    0x0, 0x0, 0x0, 0x0, 0x0, 0x0, 0xf, 0x80,
    0x0, 0x0, 0x3f, 0x80, 0x0, 0x0, 0x3f, 0xc0,
    0x0, 0x0, 0x7f, 0xc0, 0x0, 0x0, 0xff, 0x80,
    0x0, 0x1, 0xff, 0x0, 0x0, 0x3, 0xfe, 0x0,
    0x0, 0x7, 0xc0, 0x0, 0x0, 0xc, 0x0, 0x0,
    0x0, 0x0, 0x0, 0x0, 0x0, 0x0, 0x0, 0x0,
    0x0, 0x0, 0x0, 0x0, 0x0, 0x0, 0x0, 0x0,
    0xff, 0xff, 0xff, 0xfc, 0x1f, 0xfe, 0x3, 0xfc,
    0xf, 0xfc, 0x0, 0xfc, 0xf, 0xfc, 0x0, 0x7c,
    0xf, 0xfc, 0x0, 0x3c, 0xf, 0xfc, 0x0, 0x1c,
    0xf, 0xfc, 0x0, 0x1c, 0xf, 0xfc, 0x0, 0xc,
    0xf, 0xfc, 0x0, 0xc, 0xf, 0xfc, 0x0, 0xc,
    0xf, 0xfc, 0x0, 0xc, 0xf, 0xfc, 0x0, 0x4,
    0xf, 0xfc, 0x3, 0x4, 0xf, 0xfc, 0x3, 0x0,
    0xf, 0xfc, 0x7, 0x0, 0xf, 0xfc, 0x7, 0x0,
    0xf, 0xfc, 0xf, 0x0, 0xf, 0xfc, 0x1f, 0x0,
    0xf, 0xfc, 0x3f, 0x0, 0xf, 0xff, 0xff, 0x0,
    0xf, 0xfc, 0x3f, 0x0, 0xf, 0xfc, 0xf, 0x0,
    0xf, 0xfc, 0xf, 0x0, 0xf, 0xfc, 0x7, 0x0,
    0xf, 0xfc, 0x3, 0x0, 0xf, 0xfc, 0x3, 0x0,
    0xf, 0xfc, 0x3, 0x3, 0xf, 0xfc, 0x3, 0x3,
    0xf, 0xfc, 0x0, 0x7, 0xf, 0xfc, 0x0, 0x7,
    0xf, 0xfc, 0x0, 0x7, 0xf, 0xfc, 0x0, 0x7,
    0xf, 0xfc, 0x0, 0xf, 0xf, 0xfc, 0x0, 0xf,
    0xf, 0xfc, 0x0, 0x1f, 0xf, 0xfc, 0x0, 0x3f,
    0xf, 0xfc, 0x0, 0x3f, 0xf, 0xfc, 0x0, 0xff,
    0x1f, 0xfe, 0x1, 0xff, 0xff, 0xff, 0xff, 0xff,

    /* U+00CA "Ê" */
    0x0, 0x0, 0x80, 0x0, 0x0, 0x1, 0x80, 0x0,
    0x0, 0x3, 0xc0, 0x0, 0x0, 0x7, 0xe0, 0x0,
    0x0, 0xf, 0xf0, 0x0, 0x0, 0x1f, 0xf8, 0x0,
    0x0, 0x7f, 0xfe, 0x0, 0x0, 0xfc, 0xff, 0x0,
    0x3, 0xe0, 0x1f, 0xc0, 0xf, 0x0, 0x1, 0xf0,
    0x0, 0x0, 0x0, 0x0, 0x0, 0x0, 0x0, 0x0,
    0x0, 0x0, 0x0, 0x0, 0x0, 0x0, 0x0, 0x0,
    0xff, 0xff, 0xff, 0xfc, 0x1f, 0xfe, 0x3, 0xfc,
    0xf, 0xfc, 0x0, 0xfc, 0xf, 0xfc, 0x0, 0x7c,
    0xf, 0xfc, 0x0, 0x3c, 0xf, 0xfc, 0x0, 0x1c,
    0xf, 0xfc, 0x0, 0x1c, 0xf, 0xfc, 0x0, 0xc,
    0xf, 0xfc, 0x0, 0xc, 0xf, 0xfc, 0x0, 0xc,
    0xf, 0xfc, 0x0, 0xc, 0xf, 0xfc, 0x0, 0x4,
    0xf, 0xfc, 0x3, 0x4, 0xf, 0xfc, 0x3, 0x0,
    0xf, 0xfc, 0x7, 0x0, 0xf, 0xfc, 0x7, 0x0,
    0xf, 0xfc, 0xf, 0x0, 0xf, 0xfc, 0x1f, 0x0,
    0xf, 0xfc, 0x3f, 0x0, 0xf, 0xff, 0xff, 0x0,
    0xf, 0xfc, 0x3f, 0x0, 0xf, 0xfc, 0xf, 0x0,
    0xf, 0xfc, 0xf, 0x0, 0xf, 0xfc, 0x7, 0x0,
    0xf, 0xfc, 0x3, 0x0, 0xf, 0xfc, 0x3, 0x0,
    0xf, 0xfc, 0x3, 0x3, 0xf, 0xfc, 0x3, 0x3,
    0xf, 0xfc, 0x0, 0x7, 0xf, 0xfc, 0x0, 0x7,
    0xf, 0xfc, 0x0, 0x7, 0xf, 0xfc, 0x0, 0x7,
    0xf, 0xfc, 0x0, 0xf, 0xf, 0xfc, 0x0, 0xf,
    0xf, 0xfc, 0x0, 0x1f, 0xf, 0xfc, 0x0, 0x3f,
    0xf, 0xfc, 0x0, 0x3f, 0xf, 0xfc, 0x0, 0xff,
    0x1f, 0xfe, 0x1, 0xff, 0xff, 0xff, 0xff, 0xff,

    /* U+00CB "Ë" */
    0x3, 0xc0, 0xf, 0x80, 0x7, 0xf0, 0x1f, 0xc0,
    0xf, 0xf0, 0x3f, 0xc0, 0xf, 0xf8, 0x3f, 0xe0,
    0xf, 0xf8, 0x3f, 0xe0, 0xf, 0xf8, 0x3f, 0xe0,
    0xf, 0xf8, 0x3f, 0xe0, 0x7, 0xf0, 0x1f, 0xc0,
    0x3, 0xc0, 0xf, 0x0, 0x0, 0x0, 0x0, 0x0,
    0x0, 0x0, 0x0, 0x0, 0x0, 0x0, 0x0, 0x0,
    0xff, 0xff, 0xff, 0xfc, 0x1f, 0xfe, 0x3, 0xfc,
    0xf, 0xfc, 0x0, 0xfc, 0xf, 0xfc, 0x0, 0x7c,
    0xf, 0xfc, 0x0, 0x3c, 0xf, 0xfc, 0x0, 0x1c,
    0xf, 0xfc, 0x0, 0x1c, 0xf, 0xfc, 0x0, 0xc,
    0xf, 0xfc, 0x0, 0xc, 0xf, 0xfc, 0x0, 0xc,
    0xf, 0xfc, 0x0, 0xc, 0xf, 0xfc, 0x0, 0x4,
    0xf, 0xfc, 0x2, 0x4, 0xf, 0xfc, 0x2, 0x0,
    0xf, 0xfc, 0x6, 0x0, 0xf, 0xfc, 0x6, 0x0,
    0xf, 0xfc, 0xe, 0x0, 0xf, 0xfc, 0x1e, 0x0,
    0xf, 0xfc, 0x7e, 0x0, 0xf, 0xff, 0xfe, 0x0,
    0xf, 0xfc, 0x3e, 0x0, 0xf, 0xfc, 0x1e, 0x0,
    0xf, 0xfc, 0xe, 0x0, 0xf, 0xfc, 0x6, 0x0,
    0xf, 0xfc, 0x6, 0x0, 0xf, 0xfc, 0x2, 0x0,
    0xf, 0xfc, 0x2, 0x3, 0xf, 0xfc, 0x2, 0x3,
    0xf, 0xfc, 0x0, 0x7, 0xf, 0xfc, 0x0, 0x7,
    0xf, 0xfc, 0x0, 0x7, 0xf, 0xfc, 0x0, 0x7,
    0xf, 0xfc, 0x0, 0xf, 0xf, 0xfc, 0x0, 0xf,
    0xf, 0xfc, 0x0, 0x1f, 0xf, 0xfc, 0x0, 0x3f,
    0xf, 0xfc, 0x0, 0x3f, 0xf, 0xfc, 0x0, 0xff,
    0x1f, 0xfe, 0x1, 0xff, 0xff, 0xff, 0xff, 0xff,

    /* U+00CC "Ì" */
    0x0, 0x0, 0xf, 0x80, 0x3, 0xf8, 0x0, 0x7f,
    0x80, 0xf, 0xf8, 0x1, 0xff, 0x80, 0x1f, 0xf8,
    0x0, 0xff, 0x80, 0x1, 0xf8, 0x0, 0x3, 0x80,
    0x0, 0x0, 0x0, 0x0, 0x0, 0x0, 0x0, 0x0,
    0x0, 0x1f, 0xff, 0xf8, 0x7f, 0xf8, 0x7, 0xfe,
    0x0, 0xff, 0xc0, 0x1f, 0xf8, 0x3, 0xff, 0x0,
    0x7f, 0xe0, 0xf, 0xfc, 0x1, 0xff, 0x80, 0x3f,
    0xf0, 0x7, 0xfe, 0x0, 0xff, 0xc0, 0x1f, 0xf8,
    0x3, 0xff, 0x0, 0x7f, 0xe0, 0xf, 0xfc, 0x1,
    0xff, 0x80, 0x3f, 0xf0, 0x7, 0xfe, 0x0, 0xff,
    0xc0, 0x1f, 0xf8, 0x3, 0xff, 0x0, 0x7f, 0xe0,
    0xf, 0xfc, 0x1, 0xff, 0x80, 0x3f, 0xf0, 0x7,
    0xfe, 0x0, 0xff, 0xc0, 0x1f, 0xf8, 0x3, 0xff,
    0x0, 0x7f, 0xe0, 0xf, 0xfc, 0x1, 0xff, 0x80,
    0x3f, 0xf0, 0x7, 0xfe, 0x0, 0xff, 0xc0, 0x1f,
    0xf8, 0x3, 0xff, 0x0, 0xff, 0xf0, 0xff, 0xff,
    0xc0,

    /* U+00CD "Í" */
    0x0, 0x0, 0x0, 0x0, 0xf8, 0x0, 0x3f, 0x80,
    0xf, 0xf0, 0x3, 0xfe, 0x0, 0xff, 0xc0, 0x3f,
    0xf0, 0xf, 0xf8, 0x3, 0xf0, 0x0, 0xe0, 0x0,
    0x0, 0x0, 0x0, 0x0, 0x0, 0x0, 0x0, 0x0,
    0x0, 0x3f, 0xff, 0xf0, 0xff, 0xf0, 0xf, 0xfc,
    0x1, 0xff, 0x80, 0x3f, 0xf0, 0x7, 0xfe, 0x0,
    0xff, 0xc0, 0x1f, 0xf8, 0x3, 0xff, 0x0, 0x7f,
    0xe0, 0xf, 0xfc, 0x1, 0xff, 0x80, 0x3f, 0xf0,
    0x7, 0xfe, 0x0, 0xff, 0xc0, 0x1f, 0xf8, 0x3,
    0xff, 0x0, 0x7f, 0xe0, 0xf, 0xfc, 0x1, 0xff,
    0x80, 0x3f, 0xf0, 0x7, 0xfe, 0x0, 0xff, 0xc0,
    0x1f, 0xf8, 0x3, 0xff, 0x0, 0x7f, 0xe0, 0xf,
    0xfc, 0x1, 0xff, 0x80, 0x3f, 0xf0, 0x7, 0xfe,
    0x0, 0xff, 0xc0, 0x1f, 0xf8, 0x3, 0xff, 0x0,
    0x7f, 0xe0, 0xf, 0xfc, 0x1, 0xff, 0x80, 0x3f,
    0xf0, 0x7, 0xfe, 0x1, 0xff, 0xe1, 0xff, 0xff,
    0x80,

    /* U+00CE "Î" */
    0x0, 0x8, 0x0, 0x0, 0x1c, 0x0, 0x0, 0x3c,
    0x0, 0x0, 0x7e, 0x0, 0x0, 0xff, 0x0, 0x1,
    0xff, 0xc0, 0x3, 0xff, 0xe0, 0xf, 0xcf, 0xf0,
    0x3f, 0x0, 0xfc, 0xf0, 0x0, 0x1f, 0x0, 0x0,
    0x0, 0x0, 0x0, 0x0, 0x0, 0x0, 0x0, 0x0,
    0x0, 0x0, 0x1f, 0xff, 0xf8, 0x3, 0xff, 0xc0,
    0x1, 0xff, 0x80, 0x1, 0xff, 0x80, 0x1, 0xff,
    0x80, 0x1, 0xff, 0x80, 0x1, 0xff, 0x80, 0x1,
    0xff, 0x80, 0x1, 0xff, 0x80, 0x1, 0xff, 0x80,
    0x1, 0xff, 0x80, 0x1, 0xff, 0x80, 0x1, 0xff,
    0x80, 0x1, 0xff, 0x80, 0x1, 0xff, 0x80, 0x1,
    0xff, 0x80, 0x1, 0xff, 0x80, 0x1, 0xff, 0x80,
    0x1, 0xff, 0x80, 0x1, 0xff, 0x80, 0x1, 0xff,
    0x80, 0x1, 0xff, 0x80, 0x1, 0xff, 0x80, 0x1,
    0xff, 0x80, 0x1, 0xff, 0x80, 0x1, 0xff, 0x80,
    0x1, 0xff, 0x80, 0x1, 0xff, 0x80, 0x1, 0xff,
    0x80, 0x1, 0xff, 0x80, 0x1, 0xff, 0x80, 0x1,
    0xff, 0x80, 0x1, 0xff, 0x80, 0x1, 0xff, 0x80,
    0x1, 0xff, 0x80, 0x1, 0xff, 0x80, 0x1, 0xff,
    0x80, 0x1, 0xff, 0x80, 0x3, 0xff, 0xc0, 0x1f,
    0xff, 0xf8,

    /* U+00CF "Ï" */
    0x3c, 0x0, 0xf8, 0xfe, 0x3, 0xfb, 0xfc, 0xf,
    0xf7, 0xfc, 0x1f, 0xff, 0xf8, 0x3f, 0xff, 0xf0,
    0x7f, 0xff, 0xe0, 0xff, 0xbf, 0x80, 0xfe, 0x3c,
    0x0, 0xf0, 0x0, 0x0, 0x0, 0x0, 0x0, 0x0,
    0x0, 0x0, 0x3, 0xff, 0xff, 0x0, 0xff, 0xf0,
    0x0, 0xff, 0xc0, 0x1, 0xff, 0x80, 0x3, 0xff,
    0x0, 0x7, 0xfe, 0x0, 0xf, 0xfc, 0x0, 0x1f,
    0xf8, 0x0, 0x3f, 0xf0, 0x0, 0x7f, 0xe0, 0x0,
    0xff, 0xc0, 0x1, 0xff, 0x80, 0x3, 0xff, 0x0,
    0x7, 0xfe, 0x0, 0xf, 0xfc, 0x0, 0x1f, 0xf8,
    0x0, 0x3f, 0xf0, 0x0, 0x7f, 0xe0, 0x0, 0xff,
    0xc0, 0x1, 0xff, 0x80, 0x3, 0xff, 0x0, 0x7,
    0xfe, 0x0, 0xf, 0xfc, 0x0, 0x1f, 0xf8, 0x0,
    0x3f, 0xf0, 0x0, 0x7f, 0xe0, 0x0, 0xff, 0xc0,
    0x1, 0xff, 0x80, 0x3, 0xff, 0x0, 0x7, 0xfe,
    0x0, 0xf, 0xfc, 0x0, 0x1f, 0xf8, 0x0, 0x3f,
    0xf0, 0x0, 0x7f, 0xe0, 0x0, 0xff, 0xc0, 0x1,
    0xff, 0x80, 0x3, 0xff, 0x0, 0x7, 0xfe, 0x0,
    0x1f, 0xfe, 0x1, 0xff, 0xff, 0x80,

    /* U+00D0 "Ð" */
    0x7f, 0xff, 0xff, 0xc0, 0x0, 0x3, 0xff, 0xc0,
    0x7f, 0x0, 0x0, 0x7f, 0xe0, 0x7, 0xf8, 0x0,
    0x1f, 0xf8, 0x0, 0xff, 0x0, 0x7, 0xfe, 0x0,
    0x1f, 0xf0, 0x1, 0xff, 0x80, 0x3, 0xfe, 0x0,
    0x7f, 0xe0, 0x0, 0x7f, 0xc0, 0x1f, 0xf8, 0x0,
    0x1f, 0xf8, 0x7, 0xfe, 0x0, 0x3, 0xfe, 0x1,
    0xff, 0x80, 0x0, 0xff, 0xc0, 0x7f, 0xe0, 0x0,
    0x3f, 0xf0, 0x1f, 0xf8, 0x0, 0xf, 0xfe, 0x7,
    0xfe, 0x0, 0x3, 0xff, 0x81, 0xff, 0x80, 0x0,
    0x7f, 0xe0, 0x7f, 0xe0, 0x0, 0x1f, 0xfc, 0x1f,
    0xf8, 0x0, 0x7, 0xff, 0x7, 0xfe, 0x0, 0x1,
    0xff, 0xc1, 0xff, 0x80, 0x0, 0x7f, 0xf0, 0x7f,
    0xe0, 0x0, 0x1f, 0xff, 0xff, 0xff, 0xf0, 0x7,
    0xff, 0x7, 0xfe, 0x0, 0x1, 0xff, 0xc1, 0xff,
    0x80, 0x0, 0x7f, 0xf0, 0x7f, 0xe0, 0x0, 0x1f,
    0xfc, 0x1f, 0xf8, 0x0, 0x7, 0xff, 0x7, 0xfe,
    0x0, 0x1, 0xff, 0xc1, 0xff, 0x80, 0x0, 0x7f,
    0xe0, 0x7f, 0xe0, 0x0, 0x1f, 0xf8, 0x1f, 0xf8,
    0x0, 0xf, 0xfe, 0x7, 0xfe, 0x0, 0x3, 0xff,
    0x1, 0xff, 0x80, 0x0, 0xff, 0xc0, 0x7f, 0xe0,
    0x0, 0x3f, 0xe0, 0x1f, 0xf8, 0x0, 0x1f, 0xf0,
    0x7, 0xfe, 0x0, 0x7, 0xfc, 0x1, 0xff, 0x80,
    0x1, 0xfe, 0x0, 0x7f, 0xe0, 0x0, 0xff, 0x0,
    0x1f, 0xf8, 0x0, 0x7f, 0x0, 0x7, 0xfe, 0x0,
    0x3f, 0x80, 0x1, 0xff, 0x80, 0x1f, 0x80, 0x0,
    0xff, 0xf0, 0x1f, 0x80, 0x1, 0xff, 0xff, 0xfe,
    0x0, 0x0,

    /* U+00D1 "Ñ" */
    0x0, 0xf, 0xc0, 0x0, 0x0, 0x1, 0xff, 0x80,
    0x8, 0x0, 0x1f, 0xfe, 0x0, 0xc0, 0x1, 0xff,
    0xfe, 0xe, 0x0, 0x1f, 0xff, 0xff, 0xe0, 0x0,
    0xe0, 0xff, 0xfe, 0x0, 0x4, 0x1, 0xff, 0xf0,
    0x0, 0x40, 0x3, 0xff, 0x0, 0x0, 0x0, 0x7,
    0xe0, 0x0, 0x0, 0x0, 0x0, 0x0, 0x0, 0x0,
    0x0, 0x0, 0x0, 0x0, 0x0, 0x0, 0x0, 0x0,
    0x0, 0x0, 0x0, 0x0, 0x7f, 0xe0, 0x0, 0x1f,
    0xfc, 0x7f, 0x80, 0x0, 0x1f, 0x81, 0xfe, 0x0,
    0x0, 0x38, 0xf, 0xf8, 0x0, 0x1, 0xc0, 0x7f,
    0xe0, 0x0, 0x4, 0x3, 0xff, 0x80, 0x0, 0x20,
    0x1f, 0xfe, 0x0, 0x1, 0x0, 0xff, 0xf0, 0x0,
    0x8, 0x7, 0xff, 0xc0, 0x0, 0x40, 0x3f, 0xff,
    0x0, 0x2, 0x1, 0xff, 0xfc, 0x0, 0x10, 0xb,
    0xff, 0xf0, 0x0, 0x80, 0x4f, 0xff, 0xc0, 0x4,
    0x2, 0x7f, 0xff, 0x0, 0x20, 0x11, 0xff, 0xfc,
    0x1, 0x0, 0x87, 0xff, 0xe0, 0x8, 0x4, 0x1f,
    0xff, 0x80, 0x40, 0x20, 0x7f, 0xfe, 0x2, 0x1,
    0x1, 0xff, 0xf8, 0x10, 0x8, 0x7, 0xff, 0xe0,
    0x80, 0x40, 0x3f, 0xff, 0x84, 0x2, 0x0, 0xff,
    0xfe, 0x20, 0x10, 0x3, 0xff, 0xf9, 0x0, 0x80,
    0xf, 0xff, 0xc8, 0x4, 0x0, 0x3f, 0xff, 0x40,
    0x20, 0x0, 0xff, 0xfe, 0x1, 0x0, 0x7, 0xff,
    0xf0, 0x8, 0x0, 0x1f, 0xff, 0x80, 0x40, 0x0,
    0x7f, 0xfc, 0x2, 0x0, 0x1, 0xff, 0xe0, 0x10,
    0x0, 0x7, 0xff, 0x0, 0x80, 0x0, 0x1f, 0xf8,
    0x4, 0x0, 0x0, 0x7f, 0xc0, 0x20, 0x0, 0x3,
    0xfe, 0x1, 0x0, 0x0, 0xf, 0xf0, 0xc, 0x0,
    0x0, 0x3f, 0x80, 0xe0, 0x0, 0x0, 0xfc, 0xf,
    0x80, 0x0, 0x3, 0xe1, 0xff, 0xc0, 0x0, 0xf,
    0xf, 0xfe, 0x0, 0x0, 0x38, 0x0,

    /* U+00D2 "Ò" */
    0x0, 0x4, 0x0, 0x0, 0x0, 0x0, 0xf, 0x80,
    0x0, 0x0, 0x0, 0xf, 0xe0, 0x0, 0x0, 0x0,
    0x7, 0xf8, 0x0, 0x0, 0x0, 0x3, 0xfe, 0x0,
    0x0, 0x0, 0x1, 0xff, 0x80, 0x0, 0x0, 0x0,
    0x7f, 0xe0, 0x0, 0x0, 0x0, 0xf, 0xf8, 0x0,
    0x0, 0x0, 0x0, 0x3e, 0x0, 0x0, 0x0, 0x0,
    0x1, 0x80, 0x0, 0x0, 0x0, 0x0, 0x0, 0x0,
    0x0, 0x0, 0x0, 0x0, 0x0, 0x0, 0x0, 0x0,
    0x0, 0x0, 0x0, 0x0, 0x7, 0xfe, 0x0, 0x0,
    0x0, 0x3f, 0x7, 0xe0, 0x0, 0x0, 0x7e, 0x1,
    0xfc, 0x0, 0x0, 0x7e, 0x0, 0x7f, 0x80, 0x0,
    0xff, 0x0, 0x1f, 0xe0, 0x0, 0xff, 0x0, 0x7,
    0xfc, 0x0, 0xff, 0x80, 0x3, 0xff, 0x0, 0xff,
    0x80, 0x0, 0xff, 0x80, 0x7f, 0xc0, 0x0, 0x7f,
    0xe0, 0x7f, 0xc0, 0x0, 0x1f, 0xf8, 0x7f, 0xe0,
    0x0, 0xf, 0xfc, 0x3f, 0xf0, 0x0, 0x7, 0xff,
    0x3f, 0xf8, 0x0, 0x3, 0xff, 0x9f, 0xf8, 0x0,
    0x1, 0xff, 0xcf, 0xfc, 0x0, 0x0, 0x7f, 0xe7,
    0xfe, 0x0, 0x0, 0x3f, 0xff, 0xff, 0x0, 0x0,
    0x1f, 0xff, 0xff, 0x80, 0x0, 0xf, 0xff, 0xff,
    0xc0, 0x0, 0x7, 0xff, 0xff, 0xe0, 0x0, 0x3,
    0xff, 0xff, 0xf0, 0x0, 0x1, 0xff, 0xff, 0xf8,
    0x0, 0x0, 0xff, 0xff, 0xfc, 0x0, 0x0, 0x7f,
    0xff, 0xfe, 0x0, 0x0, 0x3f, 0xff, 0xff, 0x0,
    0x0, 0x1f, 0xff, 0xff, 0x80, 0x0, 0xf, 0xfc,
    0xff, 0xc0, 0x0, 0x7, 0xfe, 0x7f, 0xf0, 0x0,
    0x7, 0xff, 0x3f, 0xf8, 0x0, 0x3, 0xff, 0x9f,
    0xfc, 0x0, 0x1, 0xff, 0x87, 0xfe, 0x0, 0x0,
    0xff, 0xc3, 0xff, 0x0, 0x0, 0x7f, 0xc0, 0xff,
    0xc0, 0x0, 0x7f, 0xc0, 0x3f, 0xe0, 0x0, 0x3f,
    0xe0, 0x1f, 0xf8, 0x0, 0x3f, 0xe0, 0x7, 0xfc,
    0x0, 0x1f, 0xe0, 0x0, 0xff, 0x0, 0x1f, 0xe0,
    0x0, 0x3f, 0xc0, 0xf, 0xc0, 0x0, 0xf, 0xf0,
    0xf, 0xc0, 0x0, 0x0, 0xfc, 0x1f, 0x80, 0x0,
    0x0, 0xf, 0xfe, 0x0, 0x0,

    /* U+00D3 "Ó" */
    0x0, 0x0, 0x0, 0x0, 0x0, 0x0, 0x0, 0x0,
    0x7e, 0x0, 0x0, 0x0, 0x0, 0x7f, 0x0, 0x0,
    0x0, 0x0, 0x7f, 0x80, 0x0, 0x0, 0x0, 0x7f,
    0xc0, 0x0, 0x0, 0x0, 0x3f, 0xe0, 0x0, 0x0,
    0x0, 0x3f, 0xe0, 0x0, 0x0, 0x0, 0x3f, 0xc0,
    0x0, 0x0, 0x0, 0x7e, 0x0, 0x0, 0x0, 0x0,
    0x70, 0x0, 0x0, 0x0, 0x0, 0x0, 0x0, 0x0,
    0x0, 0x0, 0x0, 0x0, 0x0, 0x0, 0x0, 0x0,
    0x0, 0x0, 0x0, 0x0, 0x7, 0xfe, 0x0, 0x0,
    0x0, 0x3f, 0x7, 0xe0, 0x0, 0x0, 0x7e, 0x1,
    0xfc, 0x0, 0x0, 0x7e, 0x0, 0x7f, 0x80, 0x0,
    0xff, 0x0, 0x1f, 0xe0, 0x0, 0xff, 0x0, 0x7,
    0xfc, 0x0, 0xff, 0x80, 0x3, 0xff, 0x0, 0xff,
    0x80, 0x0, 0xff, 0x80, 0x7f, 0xc0, 0x0, 0x7f,
    0xe0, 0x7f, 0xc0, 0x0, 0x1f, 0xf8, 0x7f, 0xe0,
    0x0, 0xf, 0xfc, 0x3f, 0xf0, 0x0, 0x7, 0xff,
    0x3f, 0xf8, 0x0, 0x3, 0xff, 0x9f, 0xf8, 0x0,
    0x1, 0xff, 0xcf, 0xfc, 0x0, 0x0, 0x7f, 0xe7,
    0xfe, 0x0, 0x0, 0x3f, 0xff, 0xff, 0x0, 0x0,
    0x1f, 0xff, 0xff, 0x80, 0x0, 0xf, 0xff, 0xff,
    0xc0, 0x0, 0x7, 0xff, 0xff, 0xe0, 0x0, 0x3,
    0xff, 0xff, 0xf0, 0x0, 0x1, 0xff, 0xff, 0xf8,
    0x0, 0x0, 0xff, 0xff, 0xfc, 0x0, 0x0, 0x7f,
    0xff, 0xfe, 0x0, 0x0, 0x3f, 0xff, 0xff, 0x0,
    0x0, 0x1f, 0xff, 0xff, 0x80, 0x0, 0xf, 0xfc,
    0xff, 0xc0, 0x0, 0x7, 0xfe, 0x7f, 0xf0, 0x0,
    0x7, 0xff, 0x3f, 0xf8, 0x0, 0x3, 0xff, 0x9f,
    0xfc, 0x0, 0x1, 0xff, 0x87, 0xfe, 0x0, 0x0,
    0xff, 0xc3, 0xff, 0x0, 0x0, 0x7f, 0xc0, 0xff,
    0xc0, 0x0, 0x7f, 0xc0, 0x3f, 0xe0, 0x0, 0x3f,
    0xe0, 0x1f, 0xf8, 0x0, 0x3f, 0xe0, 0x7, 0xfc,
    0x0, 0x1f, 0xe0, 0x0, 0xff, 0x0, 0x1f, 0xe0,
    0x0, 0x3f, 0xc0, 0xf, 0xc0, 0x0, 0xf, 0xf0,
    0xf, 0xc0, 0x0, 0x0, 0xfc, 0x1f, 0x80, 0x0,
    0x0, 0xf, 0xfe, 0x0, 0x0,

    /* U+00D4 "Ô" */
    0x0, 0x0, 0x8, 0x0, 0x0, 0x0, 0x0, 0xe,
    0x0, 0x0, 0x0, 0x0, 0xf, 0x0, 0x0, 0x0,
    0x0, 0x7, 0xc0, 0x0, 0x0, 0x0, 0x7, 0xf0,
    0x0, 0x0, 0x0, 0xf, 0xfc, 0x0, 0x0, 0x0,
    0xf, 0xff, 0x0, 0x0, 0x0, 0xf, 0xff, 0xe0,
    0x0, 0x0, 0xf, 0x83, 0xf8, 0x0, 0x0, 0x1f,
    0x0, 0x3f, 0x0, 0x0, 0x38, 0x0, 0x1, 0xc0,
    0x0, 0x0, 0x0, 0x0, 0x0, 0x0, 0x0, 0x0,
    0x0, 0x0, 0x0, 0x0, 0x0, 0x0, 0x0, 0x0,
    0x0, 0x3, 0xff, 0x0, 0x0, 0x0, 0x1f, 0x83,
    0xf0, 0x0, 0x0, 0x3f, 0x0, 0xfe, 0x0, 0x0,
    0x3f, 0x0, 0x3f, 0xc0, 0x0, 0x7f, 0x80, 0xf,
    0xf0, 0x0, 0x7f, 0x80, 0x3, 0xfe, 0x0, 0x7f,
    0xc0, 0x1, 0xff, 0x80, 0x7f, 0xc0, 0x0, 0x7f,
    0xc0, 0x3f, 0xe0, 0x0, 0x3f, 0xf0, 0x3f, 0xe0,
    0x0, 0xf, 0xfc, 0x3f, 0xf0, 0x0, 0x7, 0xfe,
    0x1f, 0xf8, 0x0, 0x3, 0xff, 0x9f, 0xfc, 0x0,
    0x1, 0xff, 0xcf, 0xfc, 0x0, 0x0, 0xff, 0xe7,
    0xfe, 0x0, 0x0, 0x3f, 0xf3, 0xff, 0x0, 0x0,
    0x1f, 0xff, 0xff, 0x80, 0x0, 0xf, 0xff, 0xff,
    0xc0, 0x0, 0x7, 0xff, 0xff, 0xe0, 0x0, 0x3,
    0xff, 0xff, 0xf0, 0x0, 0x1, 0xff, 0xff, 0xf8,
    0x0, 0x0, 0xff, 0xff, 0xfc, 0x0, 0x0, 0x7f,
    0xff, 0xfe, 0x0, 0x0, 0x3f, 0xff, 0xff, 0x0,
    0x0, 0x1f, 0xff, 0xff, 0x80, 0x0, 0xf, 0xff,
    0xff, 0xc0, 0x0, 0x7, 0xfe, 0x7f, 0xe0, 0x0,
    0x3, 0xff, 0x3f, 0xf8, 0x0, 0x3, 0xff, 0x9f,
    0xfc, 0x0, 0x1, 0xff, 0xcf, 0xfe, 0x0, 0x0,
    0xff, 0xc3, 0xff, 0x0, 0x0, 0x7f, 0xe1, 0xff,
    0x80, 0x0, 0x3f, 0xe0, 0x7f, 0xe0, 0x0, 0x3f,
    0xe0, 0x1f, 0xf0, 0x0, 0x1f, 0xf0, 0xf, 0xfc,
    0x0, 0x1f, 0xf0, 0x3, 0xfe, 0x0, 0xf, 0xf0,
    0x0, 0x7f, 0x80, 0xf, 0xf0, 0x0, 0x1f, 0xe0,
    0x7, 0xe0, 0x0, 0x7, 0xf8, 0x7, 0xe0, 0x0,
    0x0, 0x7e, 0xf, 0xc0, 0x0, 0x0, 0x7, 0xff,
    0x0, 0x0,

    /* U+00D5 "Õ" */
    0x0, 0x7, 0xe0, 0x0, 0x0, 0x0, 0xf, 0xfc,
    0x0, 0x40, 0x0, 0xf, 0xff, 0x0, 0x60, 0x0,
    0xf, 0xff, 0xf0, 0xe0, 0x0, 0x7, 0xff, 0xff,
    0xf0, 0x0, 0x7, 0x7, 0xff, 0xf0, 0x0, 0x3,
    0x0, 0xff, 0xf0, 0x0, 0x1, 0x0, 0x1f, 0xf0,
    0x0, 0x0, 0x0, 0x3, 0xf0, 0x0, 0x0, 0x0,
    0x0, 0x0, 0x0, 0x0, 0x0, 0x0, 0x0, 0x0,
    0x0, 0x0, 0x0, 0x0, 0x0, 0x0, 0x0, 0xf,
    0xfc, 0x0, 0x0, 0x0, 0x7e, 0xf, 0xc0, 0x0,
    0x0, 0xfc, 0x3, 0xf8, 0x0, 0x0, 0xfc, 0x0,
    0xff, 0x0, 0x1, 0xfe, 0x0, 0x3f, 0xc0, 0x1,
    0xfe, 0x0, 0xf, 0xf8, 0x1, 0xff, 0x0, 0x7,
    0xfe, 0x1, 0xff, 0x0, 0x1, 0xff, 0x0, 0xff,
    0x80, 0x0, 0xff, 0xc0, 0xff, 0x80, 0x0, 0x3f,
    0xf0, 0xff, 0xc0, 0x0, 0x1f, 0xf8, 0x7f, 0xe0,
    0x0, 0xf, 0xfe, 0x7f, 0xf0, 0x0, 0x7, 0xff,
    0x3f, 0xf0, 0x0, 0x3, 0xff, 0x9f, 0xf8, 0x0,
    0x0, 0xff, 0xcf, 0xfc, 0x0, 0x0, 0x7f, 0xff,
    0xfe, 0x0, 0x0, 0x3f, 0xff, 0xff, 0x0, 0x0,
    0x1f, 0xff, 0xff, 0x80, 0x0, 0xf, 0xff, 0xff,
    0xc0, 0x0, 0x7, 0xff, 0xff, 0xe0, 0x0, 0x3,
    0xff, 0xff, 0xf0, 0x0, 0x1, 0xff, 0xff, 0xf8,
    0x0, 0x0, 0xff, 0xff, 0xfc, 0x0, 0x0, 0x7f,
    0xff, 0xfe, 0x0, 0x0, 0x3f, 0xff, 0xff, 0x0,
    0x0, 0x1f, 0xf9, 0xff, 0x80, 0x0, 0xf, 0xfc,
    0xff, 0xe0, 0x0, 0xf, 0xfe, 0x7f, 0xf0, 0x0,
    0x7, 0xff, 0x3f, 0xf8, 0x0, 0x3, 0xff, 0xf,
    0xfc, 0x0, 0x1, 0xff, 0x87, 0xfe, 0x0, 0x0,
    0xff, 0x81, 0xff, 0x80, 0x0, 0xff, 0x80, 0x7f,
    0xc0, 0x0, 0x7f, 0xc0, 0x3f, 0xf0, 0x0, 0x7f,
    0xc0, 0xf, 0xf8, 0x0, 0x3f, 0xc0, 0x1, 0xfe,
    0x0, 0x3f, 0xc0, 0x0, 0x7f, 0x80, 0x1f, 0x80,
    0x0, 0x1f, 0xe0, 0x1f, 0x80, 0x0, 0x1, 0xf8,
    0x3f, 0x0, 0x0, 0x0, 0x1f, 0xfc, 0x0, 0x0,

    /* U+00D6 "Ö" */
    0x0, 0x1f, 0x0, 0x7c, 0x0, 0x0, 0x1f, 0xc0,
    0x7f, 0x0, 0x0, 0x1f, 0xe0, 0x7f, 0x80, 0x0,
    0xf, 0xf8, 0x3f, 0xe0, 0x0, 0x7, 0xfc, 0x1f,
    0xf0, 0x0, 0x3, 0xfe, 0xf, 0xf8, 0x0, 0x1,
    0xff, 0x7, 0xfc, 0x0, 0x0, 0x7f, 0x1, 0xfc,
    0x0, 0x0, 0x1e, 0x0, 0x78, 0x0, 0x0, 0x0,
    0x0, 0x0, 0x0, 0x0, 0x0, 0x0, 0x0, 0x0,
    0x0, 0x0, 0x0, 0x0, 0x0, 0x0, 0x0, 0xf,
    0xfc, 0x0, 0x0, 0x0, 0x7e, 0xf, 0xc0, 0x0,
    0x0, 0xfc, 0x3, 0xf8, 0x0, 0x0, 0xfc, 0x0,
    0xff, 0x0, 0x1, 0xfe, 0x0, 0x3f, 0xc0, 0x1,
    0xfe, 0x0, 0xf, 0xf8, 0x1, 0xff, 0x0, 0x7,
    0xfe, 0x1, 0xff, 0x0, 0x1, 0xff, 0x0, 0xff,
    0x80, 0x0, 0xff, 0xc0, 0xff, 0x80, 0x0, 0x3f,
    0xf0, 0xff, 0xc0, 0x0, 0x1f, 0xf8, 0x7f, 0xe0,
    0x0, 0xf, 0xfe, 0x7f, 0xf0, 0x0, 0x7, 0xff,
    0x3f, 0xf0, 0x0, 0x3, 0xff, 0x9f, 0xf8, 0x0,
    0x0, 0xff, 0xcf, 0xfc, 0x0, 0x0, 0x7f, 0xff,
    0xfe, 0x0, 0x0, 0x3f, 0xff, 0xff, 0x0, 0x0,
    0x1f, 0xff, 0xff, 0x80, 0x0, 0xf, 0xff, 0xff,
    0xc0, 0x0, 0x7, 0xff, 0xff, 0xe0, 0x0, 0x3,
    0xff, 0xff, 0xf0, 0x0, 0x1, 0xff, 0xff, 0xf8,
    0x0, 0x0, 0xff, 0xff, 0xfc, 0x0, 0x0, 0x7f,
    0xff, 0xfe, 0x0, 0x0, 0x3f, 0xff, 0xff, 0x0,
    0x0, 0x1f, 0xf9, 0xff, 0x80, 0x0, 0xf, 0xfc,
    0xff, 0xe0, 0x0, 0xf, 0xfe, 0x7f, 0xf0, 0x0,
    0x7, 0xff, 0x3f, 0xf8, 0x0, 0x3, 0xff, 0xf,
    0xfc, 0x0, 0x1, 0xff, 0x87, 0xfe, 0x0, 0x0,
    0xff, 0x81, 0xff, 0x80, 0x0, 0xff, 0x80, 0x7f,
    0xc0, 0x0, 0x7f, 0xc0, 0x3f, 0xf0, 0x0, 0x7f,
    0xc0, 0xf, 0xf8, 0x0, 0x3f, 0xc0, 0x1, 0xfe,
    0x0, 0x3f, 0xc0, 0x0, 0x7f, 0x80, 0x1f, 0x80,
    0x0, 0x1f, 0xe0, 0x1f, 0x80, 0x0, 0x1, 0xf8,
    0x3f, 0x0, 0x0, 0x0, 0x1f, 0xfc, 0x0, 0x0,

    /* U+00D7 "×" */
    0xc0, 0x0, 0xb, 0x80, 0x0, 0x67, 0x0, 0x3,
    0xe, 0x0, 0x18, 0x1c, 0x0, 0xc0, 0x38, 0x6,
    0x0, 0x70, 0x30, 0x0, 0xe1, 0x80, 0x1, 0x8c,
    0x0, 0x3, 0x60, 0x0, 0x7, 0x0, 0x0, 0x1e,
    0x0, 0x0, 0xdc, 0x0, 0x6, 0x38, 0x0, 0x30,
    0x70, 0x1, 0x80, 0xe0, 0xc, 0x1, 0xc0, 0x60,
    0x3, 0x3, 0x0, 0x6, 0x18, 0x0, 0xc, 0xc0,
    0x0, 0x1a, 0x0, 0x0, 0x20,

    /* U+00D8 "Ø" */
    0x0, 0x0, 0x0, 0x0, 0x30, 0x0, 0x0, 0x0,
    0x0, 0x10, 0x0, 0x0, 0x0, 0x0, 0x18, 0x0,
    0x0, 0x1f, 0xf8, 0x18, 0x0, 0x0, 0xfc, 0x1f,
    0x88, 0x0, 0x1, 0xf8, 0x7, 0xfc, 0x0, 0x1,
    0xf8, 0x1, 0xfe, 0x0, 0x3, 0xfc, 0x0, 0x7f,
    0x80, 0x3, 0xfc, 0x0, 0x1f, 0xf0, 0x3, 0xfe,
    0x0, 0xf, 0xfc, 0x3, 0xfe, 0x0, 0x3, 0xfe,
    0x1, 0xff, 0x0, 0x3, 0xff, 0x81, 0xff, 0x0,
    0x1, 0x7f, 0xe1, 0xff, 0x80, 0x1, 0xbf, 0xf0,
    0xff, 0xc0, 0x1, 0x9f, 0xfc, 0xff, 0xe0, 0x0,
    0x8f, 0xfe, 0x7f, 0xe0, 0x0, 0xc7, 0xff, 0x3f,
    0xf0, 0x0, 0x41, 0xff, 0x9f, 0xf8, 0x0, 0x60,
    0xff, 0xff, 0xfc, 0x0, 0x60, 0x7f, 0xff, 0xfe,
    0x0, 0x20, 0x3f, 0xff, 0xff, 0x0, 0x30, 0x1f,
    0xff, 0xff, 0x80, 0x30, 0xf, 0xff, 0xff, 0xc0,
    0x10, 0x7, 0xff, 0xff, 0xe0, 0x18, 0x3, 0xff,
    0xff, 0xf0, 0x8, 0x1, 0xff, 0xff, 0xf8, 0xc,
    0x0, 0xff, 0xff, 0xfc, 0xc, 0x0, 0x7f, 0xff,
    0xfe, 0x4, 0x0, 0x3f, 0xf3, 0xff, 0x6, 0x0,
    0x1f, 0xf9, 0xff, 0xc6, 0x0, 0x1f, 0xfc, 0xff,
    0xe2, 0x0, 0xf, 0xfe, 0x7f, 0xf3, 0x0, 0x7,
    0xfe, 0x1f, 0xf9, 0x0, 0x3, 0xff, 0xf, 0xfd,
    0x80, 0x1, 0xff, 0x3, 0xff, 0x80, 0x1, 0xff,
    0x0, 0xff, 0x80, 0x0, 0xff, 0x80, 0x7f, 0xe0,
    0x0, 0xff, 0x80, 0x1f, 0xf0, 0x0, 0x7f, 0x80,
    0x3, 0xfc, 0x0, 0x7f, 0x80, 0x0, 0xff, 0x0,
    0x3f, 0x0, 0x0, 0xff, 0xc0, 0x3f, 0x0, 0x0,
    0x43, 0xf0, 0x7e, 0x0, 0x0, 0x60, 0x3f, 0xf8,
    0x0, 0x0, 0x60, 0x0, 0x0, 0x0, 0x0, 0x60,
    0x0, 0x0, 0x0, 0x0, 0x20, 0x0, 0x0, 0x0,
    0x0, 0x10, 0x0, 0x0, 0x0, 0x0,

    /* U+00D9 "Ù" */
    0x0, 0x0, 0x0, 0x0, 0x0, 0x1, 0xf0, 0x0,
    0x0, 0x0, 0x1f, 0xc0, 0x0, 0x0, 0x0, 0xff,
    0x0, 0x0, 0x0, 0x7, 0xfc, 0x0, 0x0, 0x0,
    0x3f, 0xf0, 0x0, 0x0, 0x0, 0xff, 0xc0, 0x0,
    0x0, 0x1, 0xff, 0x0, 0x0, 0x0, 0x0, 0xfc,
    0x0, 0x0, 0x0, 0x0, 0x70, 0x0, 0x0, 0x0,
    0x0, 0x0, 0x0, 0x0, 0x0, 0x0, 0x0, 0x0,
    0x0, 0x0, 0x0, 0x0, 0x0, 0x0, 0x0, 0x0,
    0x3, 0xff, 0xff, 0x80, 0xff, 0xe3, 0xff, 0xe0,
    0x0, 0xfc, 0xf, 0xfc, 0x0, 0x1, 0xc0, 0x7f,
    0xe0, 0x0, 0xe, 0x3, 0xff, 0x0, 0x0, 0x20,
    0x1f, 0xf8, 0x0, 0x1, 0x0, 0xff, 0xc0, 0x0,
    0x8, 0x7, 0xfe, 0x0, 0x0, 0x40, 0x3f, 0xf0,
    0x0, 0x2, 0x1, 0xff, 0x80, 0x0, 0x10, 0xf,
    0xfc, 0x0, 0x0, 0x80, 0x7f, 0xe0, 0x0, 0x4,
    0x3, 0xff, 0x0, 0x0, 0x20, 0x1f, 0xf8, 0x0,
    0x1, 0x0, 0xff, 0xc0, 0x0, 0x8, 0x7, 0xfe,
    0x0, 0x0, 0x40, 0x3f, 0xf0, 0x0, 0x2, 0x1,
    0xff, 0x80, 0x0, 0x10, 0xf, 0xfc, 0x0, 0x0,
    0x80, 0x7f, 0xe0, 0x0, 0x4, 0x3, 0xff, 0x0,
    0x0, 0x20, 0x1f, 0xf8, 0x0, 0x1, 0x0, 0xff,
    0xc0, 0x0, 0x8, 0x7, 0xfe, 0x0, 0x0, 0x40,
    0x3f, 0xf0, 0x0, 0x2, 0x1, 0xff, 0x80, 0x0,
    0x10, 0xf, 0xfc, 0x0, 0x0, 0x80, 0x7f, 0xe0,
    0x0, 0x4, 0x3, 0xff, 0x0, 0x0, 0x20, 0x1f,
    0xf8, 0x0, 0x1, 0x0, 0xff, 0xc0, 0x0, 0x10,
    0x3, 0xfe, 0x0, 0x0, 0x80, 0x1f, 0xf0, 0x0,
    0x4, 0x0, 0xff, 0xc0, 0x0, 0x60, 0x3, 0xfe,
    0x0, 0x2, 0x0, 0x1f, 0xf0, 0x0, 0x30, 0x0,
    0x7f, 0xc0, 0x1, 0x0, 0x1, 0xff, 0x0, 0x30,
    0x0, 0x7, 0xfc, 0x7, 0x0, 0x0, 0xf, 0xff,
    0xe0, 0x0, 0x0, 0xf, 0xfc, 0x0, 0x0,

    /* U+00DA "Ú" */
    0x0, 0x0, 0x0, 0x0, 0x0, 0x0, 0x0, 0xf,
    0x80, 0x0, 0x0, 0x0, 0xfe, 0x0, 0x0, 0x0,
    0xf, 0xf0, 0x0, 0x0, 0x0, 0xff, 0x80, 0x0,
    0x0, 0xf, 0xf8, 0x0, 0x0, 0x0, 0xff, 0xc0,
    0x0, 0x0, 0xf, 0xf8, 0x0, 0x0, 0x0, 0xfc,
    0x0, 0x0, 0x0, 0xc, 0x0, 0x0, 0x0, 0x0,
    0x0, 0x0, 0x0, 0x0, 0x0, 0x0, 0x0, 0x0,
    0x0, 0x0, 0x0, 0x0, 0x0, 0x0, 0x0, 0x0,
    0x3, 0xff, 0xff, 0x80, 0xff, 0xe3, 0xff, 0xe0,
    0x0, 0xfc, 0xf, 0xfc, 0x0, 0x1, 0xc0, 0x7f,
    0xe0, 0x0, 0xe, 0x3, 0xff, 0x0, 0x0, 0x20,
    0x1f, 0xf8, 0x0, 0x1, 0x0, 0xff, 0xc0, 0x0,
    0x8, 0x7, 0xfe, 0x0, 0x0, 0x40, 0x3f, 0xf0,
    0x0, 0x2, 0x1, 0xff, 0x80, 0x0, 0x10, 0xf,
    0xfc, 0x0, 0x0, 0x80, 0x7f, 0xe0, 0x0, 0x4,
    0x3, 0xff, 0x0, 0x0, 0x20, 0x1f, 0xf8, 0x0,
    0x1, 0x0, 0xff, 0xc0, 0x0, 0x8, 0x7, 0xfe,
    0x0, 0x0, 0x40, 0x3f, 0xf0, 0x0, 0x2, 0x1,
    0xff, 0x80, 0x0, 0x10, 0xf, 0xfc, 0x0, 0x0,
    0x80, 0x7f, 0xe0, 0x0, 0x4, 0x3, 0xff, 0x0,
    0x0, 0x20, 0x1f, 0xf8, 0x0, 0x1, 0x0, 0xff,
    0xc0, 0x0, 0x8, 0x7, 0xfe, 0x0, 0x0, 0x40,
    0x3f, 0xf0, 0x0, 0x2, 0x1, 0xff, 0x80, 0x0,
    0x10, 0xf, 0xfc, 0x0, 0x0, 0x80, 0x7f, 0xe0,
    0x0, 0x4, 0x3, 0xff, 0x0, 0x0, 0x20, 0x1f,
    0xf8, 0x0, 0x1, 0x0, 0xff, 0xc0, 0x0, 0x10,
    0x3, 0xfe, 0x0, 0x0, 0x80, 0x1f, 0xf0, 0x0,
    0x4, 0x0, 0xff, 0xc0, 0x0, 0x60, 0x3, 0xfe,
    0x0, 0x2, 0x0, 0x1f, 0xf0, 0x0, 0x30, 0x0,
    0x7f, 0xc0, 0x1, 0x0, 0x1, 0xff, 0x0, 0x30,
    0x0, 0x7, 0xfc, 0x7, 0x0, 0x0, 0xf, 0xff,
    0xe0, 0x0, 0x0, 0xf, 0xfc, 0x0, 0x0,

    /* U+00DB "Û" */
    0x0, 0x0, 0x10, 0x0, 0x0, 0x0, 0x1, 0xc0,
    0x0, 0x0, 0x0, 0x1f, 0x0, 0x0, 0x0, 0x1,
    0xfc, 0x0, 0x0, 0x0, 0x1f, 0xf0, 0x0, 0x0,
    0x1, 0xff, 0xc0, 0x0, 0x0, 0x3f, 0xff, 0x0,
    0x0, 0x3, 0xf1, 0xfe, 0x0, 0x0, 0x7c, 0x1,
    0xfc, 0x0, 0xf, 0x0, 0x0, 0xf8, 0x0, 0x0,
    0x0, 0x0, 0x0, 0x0, 0x0, 0x0, 0x0, 0x0,
    0x0, 0x0, 0x0, 0x0, 0x0, 0x0, 0x0, 0x0,
    0x3, 0xff, 0xff, 0x80, 0xff, 0xe3, 0xff, 0xe0,
    0x0, 0xfc, 0xf, 0xfc, 0x0, 0x1, 0xc0, 0x7f,
    0xe0, 0x0, 0xe, 0x3, 0xff, 0x0, 0x0, 0x20,
    0x1f, 0xf8, 0x0, 0x1, 0x0, 0xff, 0xc0, 0x0,
    0x8, 0x7, 0xfe, 0x0, 0x0, 0x40, 0x3f, 0xf0,
    0x0, 0x2, 0x1, 0xff, 0x80, 0x0, 0x10, 0xf,
    0xfc, 0x0, 0x0, 0x80, 0x7f, 0xe0, 0x0, 0x4,
    0x3, 0xff, 0x0, 0x0, 0x20, 0x1f, 0xf8, 0x0,
    0x1, 0x0, 0xff, 0xc0, 0x0, 0x8, 0x7, 0xfe,
    0x0, 0x0, 0x40, 0x3f, 0xf0, 0x0, 0x2, 0x1,
    0xff, 0x80, 0x0, 0x10, 0xf, 0xfc, 0x0, 0x0,
    0x80, 0x7f, 0xe0, 0x0, 0x4, 0x3, 0xff, 0x0,
    0x0, 0x20, 0x1f, 0xf8, 0x0, 0x1, 0x0, 0xff,
    0xc0, 0x0, 0x8, 0x7, 0xfe, 0x0, 0x0, 0x40,
    0x3f, 0xf0, 0x0, 0x2, 0x1, 0xff, 0x80, 0x0,
    0x10, 0xf, 0xfc, 0x0, 0x0, 0x80, 0x7f, 0xe0,
    0x0, 0x4, 0x3, 0xff, 0x0, 0x0, 0x20, 0x1f,
    0xf8, 0x0, 0x1, 0x0, 0xff, 0xc0, 0x0, 0x10,
    0x3, 0xfe, 0x0, 0x0, 0x80, 0x1f, 0xf0, 0x0,
    0x4, 0x0, 0xff, 0xc0, 0x0, 0x60, 0x3, 0xfe,
    0x0, 0x2, 0x0, 0x1f, 0xf0, 0x0, 0x30, 0x0,
    0x7f, 0xc0, 0x1, 0x0, 0x1, 0xff, 0x0, 0x30,
    0x0, 0x7, 0xfc, 0x7, 0x0, 0x0, 0xf, 0xff,
    0xe0, 0x0, 0x0, 0xf, 0xfc, 0x0, 0x0,

    /* U+00DC "Ü" */
    0x0, 0x3e, 0x0, 0xf0, 0x0, 0x3, 0xf8, 0xf,
    0xe0, 0x0, 0x3f, 0xc0, 0xff, 0x0, 0x1, 0xff,
    0x7, 0xfc, 0x0, 0xf, 0xf8, 0x3f, 0xe0, 0x0,
    0x7f, 0xc1, 0xff, 0x0, 0x3, 0xfe, 0xf, 0xf8,
    0x0, 0xf, 0xe0, 0x3f, 0x80, 0x0, 0x3c, 0x0,
    0xf0, 0x0, 0x0, 0x0, 0x0, 0x0, 0x0, 0x0,
    0x0, 0x0, 0x0, 0x0, 0x0, 0x0, 0x0, 0xf,
    0xff, 0xfe, 0x3, 0xff, 0x8f, 0xff, 0x80, 0x3,
    0xf0, 0x3f, 0xf0, 0x0, 0x7, 0x1, 0xff, 0x80,
    0x0, 0x38, 0xf, 0xfc, 0x0, 0x0, 0x80, 0x7f,
    0xe0, 0x0, 0x4, 0x3, 0xff, 0x0, 0x0, 0x20,
    0x1f, 0xf8, 0x0, 0x1, 0x0, 0xff, 0xc0, 0x0,
    0x8, 0x7, 0xfe, 0x0, 0x0, 0x40, 0x3f, 0xf0,
    0x0, 0x2, 0x1, 0xff, 0x80, 0x0, 0x10, 0xf,
    0xfc, 0x0, 0x0, 0x80, 0x7f, 0xe0, 0x0, 0x4,
    0x3, 0xff, 0x0, 0x0, 0x20, 0x1f, 0xf8, 0x0,
    0x1, 0x0, 0xff, 0xc0, 0x0, 0x8, 0x7, 0xfe,
    0x0, 0x0, 0x40, 0x3f, 0xf0, 0x0, 0x2, 0x1,
    0xff, 0x80, 0x0, 0x10, 0xf, 0xfc, 0x0, 0x0,
    0x80, 0x7f, 0xe0, 0x0, 0x4, 0x3, 0xff, 0x0,
    0x0, 0x20, 0x1f, 0xf8, 0x0, 0x1, 0x0, 0xff,
    0xc0, 0x0, 0x8, 0x7, 0xfe, 0x0, 0x0, 0x40,
    0x3f, 0xf0, 0x0, 0x2, 0x1, 0xff, 0x80, 0x0,
    0x10, 0xf, 0xfc, 0x0, 0x0, 0x80, 0x7f, 0xe0,
    0x0, 0x4, 0x3, 0xff, 0x0, 0x0, 0x40, 0xf,
    0xf8, 0x0, 0x2, 0x0, 0x7f, 0xc0, 0x0, 0x10,
    0x3, 0xff, 0x0, 0x1, 0x80, 0xf, 0xf8, 0x0,
    0x8, 0x0, 0x7f, 0xc0, 0x0, 0xc0, 0x1, 0xff,
    0x0, 0x4, 0x0, 0x7, 0xfc, 0x0, 0xc0, 0x0,
    0x1f, 0xf0, 0x1c, 0x0, 0x0, 0x3f, 0xff, 0x80,
    0x0, 0x0, 0x3f, 0xf0, 0x0, 0x0,

    /* U+00DD "Ý" */
    0x0, 0x0, 0x0, 0x0, 0x0, 0x0, 0x0, 0x1f,
    0x0, 0x0, 0x0, 0xf, 0xe0, 0x0, 0x0, 0x3,
    0xfc, 0x0, 0x0, 0x0, 0x7f, 0x80, 0x0, 0x0,
    0x1f, 0xf0, 0x0, 0x0, 0x7, 0xfc, 0x0, 0x0,
    0x1, 0xfe, 0x0, 0x0, 0x0, 0x7c, 0x0, 0x0,
    0x0, 0x38, 0x0, 0x0, 0x0, 0x0, 0x0, 0x0,
    0x0, 0x0, 0x0, 0x0, 0x0, 0x0, 0x0, 0x0,
    0x0, 0x0, 0x0, 0x0, 0x0, 0x3f, 0xff, 0xf8,
    0x3f, 0xfb, 0xff, 0xf0, 0x1, 0xfe, 0x3f, 0xfe,
    0x0, 0xf, 0x83, 0xff, 0xc0, 0x1, 0xe0, 0x7f,
    0xf8, 0x0, 0x1c, 0x7, 0xff, 0x80, 0x3, 0x0,
    0x7f, 0xf0, 0x0, 0xc0, 0xf, 0xff, 0x0, 0x18,
    0x0, 0xff, 0xe0, 0x2, 0x0, 0x1f, 0xfe, 0x0,
    0x40, 0x1, 0xff, 0xc0, 0x18, 0x0, 0x3f, 0xfc,
    0x2, 0x0, 0x3, 0xff, 0x80, 0xc0, 0x0, 0x7f,
    0xf8, 0x10, 0x0, 0x7, 0xff, 0x6, 0x0, 0x0,
    0xff, 0xf0, 0x80, 0x0, 0xf, 0xfe, 0x30, 0x0,
    0x1, 0xff, 0xe4, 0x0, 0x0, 0x1f, 0xfd, 0x80,
    0x0, 0x1, 0xff, 0xe0, 0x0, 0x0, 0x3f, 0xfc,
    0x0, 0x0, 0x3, 0xff, 0x80, 0x0, 0x0, 0x7f,
    0xf0, 0x0, 0x0, 0x7, 0xfe, 0x0, 0x0, 0x0,
    0xff, 0xc0, 0x0, 0x0, 0x1f, 0xf8, 0x0, 0x0,
    0x3, 0xff, 0x0, 0x0, 0x0, 0x7f, 0xe0, 0x0,
    0x0, 0xf, 0xfc, 0x0, 0x0, 0x1, 0xff, 0x80,
    0x0, 0x0, 0x3f, 0xf0, 0x0, 0x0, 0x7, 0xfe,
    0x0, 0x0, 0x0, 0xff, 0xc0, 0x0, 0x0, 0x1f,
    0xf8, 0x0, 0x0, 0x3, 0xff, 0x0, 0x0, 0x0,
    0x7f, 0xe0, 0x0, 0x0, 0xf, 0xfc, 0x0, 0x0,
    0x1, 0xff, 0x80, 0x0, 0x0, 0x7f, 0xf8, 0x0,
    0x0, 0x7f, 0xff, 0xe0, 0x0,

    /* U+00DE "Þ" */
    0xff, 0xff, 0xc0, 0x0, 0xf, 0xff, 0x0, 0x0,
    0x3, 0xff, 0x0, 0x0, 0x1, 0xff, 0x80, 0x0,
    0x0, 0xff, 0xc0, 0x0, 0x0, 0x7f, 0xe0, 0x0,
    0x0, 0x3f, 0xf0, 0x0, 0x0, 0x1f, 0xf8, 0x0,
    0x0, 0xf, 0xff, 0xfe, 0x0, 0x7, 0xfe, 0x1f,
    0xf0, 0x3, 0xff, 0x3, 0xfe, 0x1, 0xff, 0x81,
    0xff, 0x80, 0xff, 0xc0, 0x7f, 0xe0, 0x7f, 0xe0,
    0x3f, 0xf8, 0x3f, 0xf0, 0x1f, 0xfc, 0x1f, 0xf8,
    0x7, 0xff, 0xf, 0xfc, 0x3, 0xff, 0x87, 0xfe,
    0x1, 0xff, 0xc3, 0xff, 0x0, 0xff, 0xe1, 0xff,
    0x80, 0x7f, 0xf0, 0xff, 0xc0, 0x3f, 0xf8, 0x7f,
    0xe0, 0x1f, 0xfc, 0x3f, 0xf0, 0xf, 0xfe, 0x1f,
    0xf8, 0x7, 0xfe, 0xf, 0xfc, 0x3, 0xff, 0x7,
    0xfe, 0x3, 0xff, 0x3, 0xff, 0x1, 0xff, 0x81,
    0xff, 0x80, 0xff, 0x80, 0xff, 0xc0, 0xff, 0x80,
    0x7f, 0xe0, 0xff, 0x0, 0x3f, 0xf0, 0xfe, 0x0,
    0x1f, 0xff, 0xf0, 0x0, 0xf, 0xfc, 0x0, 0x0,
    0x7, 0xfe, 0x0, 0x0, 0x3, 0xff, 0x0, 0x0,
    0x1, 0xff, 0x80, 0x0, 0x0, 0xff, 0xc0, 0x0,
    0x0, 0x7f, 0xe0, 0x0, 0x0, 0x7f, 0xf8, 0x0,
    0x1, 0xff, 0xff, 0x80, 0x0,

    /* U+00DF "ß" */
    0x0, 0x7, 0xfc, 0x0, 0x0, 0x7, 0x87, 0xf0,
    0x0, 0x3, 0xe0, 0x7f, 0x80, 0x0, 0xfc, 0x7,
    0xf8, 0x0, 0x3f, 0x80, 0xff, 0x80, 0xf, 0xe0,
    0xf, 0xf0, 0x1, 0xfc, 0x1, 0xff, 0x0, 0x7f,
    0x80, 0x3f, 0xe0, 0xf, 0xf0, 0x7, 0xfc, 0x1,
    0xfe, 0x0, 0xff, 0x80, 0x7f, 0xc0, 0x1f, 0xf0,
    0xf, 0xf8, 0x3, 0xfc, 0x1, 0xff, 0x0, 0x7f,
    0x80, 0x3f, 0xe0, 0xf, 0xe0, 0x7, 0xfc, 0x3,
    0xf8, 0x0, 0xff, 0x80, 0x7e, 0x0, 0x1f, 0xf0,
    0x1f, 0x80, 0x3, 0xfe, 0x7, 0xc0, 0x0, 0x7f,
    0xc0, 0xe0, 0x0, 0xf, 0xf9, 0xe0, 0x0, 0x1,
    0xff, 0x37, 0xc0, 0x0, 0x3f, 0xe0, 0x3f, 0x0,
    0x7, 0xfc, 0x1, 0xf8, 0x0, 0xff, 0x80, 0x1f,
    0xc0, 0x1f, 0xf0, 0x1, 0xfc, 0x3, 0xfe, 0x0,
    0x1f, 0xc0, 0x7f, 0xc0, 0x3, 0xfc, 0xf, 0xf8,
    0x0, 0x3f, 0xc1, 0xff, 0x0, 0x7, 0xfc, 0x3f,
    0xe0, 0x0, 0xff, 0x87, 0xfc, 0x0, 0xf, 0xf0,
    0xff, 0x80, 0x1, 0xff, 0x1f, 0xf0, 0x0, 0x3f,
    0xe3, 0xfe, 0x0, 0x7, 0xfc, 0x7f, 0xc3, 0xe0,
    0xff, 0x8f, 0xf8, 0xfe, 0x1f, 0xf1, 0xff, 0x3f,
    0xe3, 0xfe, 0x3f, 0xe7, 0xfc, 0x7f, 0x87, 0xfc,
    0xff, 0x8f, 0xf0, 0xff, 0x9f, 0xf3, 0xfc, 0x1f,
    0xf3, 0xfc, 0x7f, 0x83, 0xfe, 0x7f, 0x9f, 0xe0,
    0xff, 0xc7, 0xc3, 0xf8, 0x7f, 0xf8, 0x61, 0xfc,
    0x0, 0x3, 0x3, 0xfc, 0x0,

    /* U+00E0 "à" */
    0x0, 0x0, 0x0, 0x0, 0x3e, 0x0, 0x0, 0x3,
    0xf0, 0x0, 0x0, 0x7f, 0x0, 0x0, 0x3, 0xf8,
    0x0, 0x0, 0x3f, 0x80, 0x0, 0x1, 0xfc, 0x0,
    0x0, 0xf, 0xc0, 0x0, 0x0, 0x7c, 0x0, 0x0,
    0x3, 0xe0, 0x0, 0x0, 0xe, 0x0, 0x0, 0x0,
    0x60, 0x0, 0x0, 0x3, 0x0, 0x0, 0x0, 0x10,
    0x0, 0x0, 0x0, 0x0, 0x0, 0x0, 0x0, 0x0,
    0x0, 0x0, 0x0, 0x0, 0x0, 0x0, 0x0, 0x1,
    0xff, 0xf0, 0x0, 0x70, 0x3f, 0x80, 0xf, 0x83,
    0xfc, 0x1, 0xfc, 0x1f, 0xe0, 0x3f, 0xe1, 0xfe,
    0x3, 0xfe, 0x1f, 0xf0, 0x3f, 0xe1, 0xff, 0x3,
    0xfe, 0x1f, 0xf0, 0x3f, 0xe1, 0xff, 0x1, 0xfc,
    0x1f, 0xf0, 0xf, 0x1, 0xff, 0x0, 0x0, 0x1f,
    0xf0, 0x0, 0x3, 0xff, 0x0, 0x0, 0xdf, 0xf0,
    0x0, 0x79, 0xff, 0x0, 0x3f, 0x1f, 0xf0, 0xf,
    0xe1, 0xff, 0x3, 0xfc, 0x1f, 0xf0, 0x7f, 0xc1,
    0xff, 0x7, 0xf8, 0x1f, 0xf0, 0xff, 0x81, 0xff,
    0xf, 0xf8, 0x1f, 0xf0, 0xff, 0x81, 0xff, 0xf,
    0xf8, 0x1f, 0xf0, 0xff, 0xc1, 0xff, 0xf, 0xfe,
    0x3f, 0xf0, 0x7f, 0xfd, 0xff, 0x7, 0xff, 0xdf,
    0xf2, 0x3f, 0xf0, 0xff, 0xe0, 0xfc, 0x3, 0xf0,

    /* U+00E1 "á" */
    0x0, 0x0, 0x0, 0x0, 0x0, 0x1f, 0x0, 0x0,
    0x3, 0xf0, 0x0, 0x0, 0x7f, 0x80, 0x0, 0x7,
    0xf0, 0x0, 0x0, 0x7f, 0x0, 0x0, 0xf, 0xe0,
    0x0, 0x0, 0xfc, 0x0, 0x0, 0xf, 0x80, 0x0,
    0x1, 0xf0, 0x0, 0x0, 0x1c, 0x0, 0x0, 0x3,
    0x80, 0x0, 0x0, 0x30, 0x0, 0x0, 0x0, 0x0,
    0x0, 0x0, 0x0, 0x0, 0x0, 0x0, 0x0, 0x0,
    0x0, 0x0, 0x0, 0x0, 0x0, 0x0, 0x0, 0x1,
    0xff, 0xf0, 0x0, 0x70, 0x3f, 0x80, 0xf, 0x83,
    0xfc, 0x1, 0xfc, 0x1f, 0xe0, 0x3f, 0xe1, 0xfe,
    0x3, 0xfe, 0x1f, 0xf0, 0x3f, 0xe1, 0xff, 0x3,
    0xfe, 0x1f, 0xf0, 0x3f, 0xe1, 0xff, 0x1, 0xfc,
    0x1f, 0xf0, 0xf, 0x1, 0xff, 0x0, 0x0, 0x1f,
    0xf0, 0x0, 0x3, 0xff, 0x0, 0x0, 0xdf, 0xf0,
    0x0, 0x79, 0xff, 0x0, 0x3f, 0x1f, 0xf0, 0xf,
    0xe1, 0xff, 0x3, 0xfc, 0x1f, 0xf0, 0x7f, 0xc1,
    0xff, 0x7, 0xf8, 0x1f, 0xf0, 0xff, 0x81, 0xff,
    0xf, 0xf8, 0x1f, 0xf0, 0xff, 0x81, 0xff, 0xf,
    0xf8, 0x1f, 0xf0, 0xff, 0xc1, 0xff, 0xf, 0xfe,
    0x3f, 0xf0, 0x7f, 0xfd, 0xff, 0x7, 0xff, 0xdf,
    0xf2, 0x3f, 0xf0, 0xff, 0xe0, 0xfc, 0x3, 0xf0,

    /* U+00E2 "â" */
    0x0, 0x4, 0x0, 0x0, 0x0, 0xe0, 0x0, 0x0,
    0xe, 0x0, 0x0, 0x1, 0xf0, 0x0, 0x0, 0x3f,
    0x80, 0x0, 0x7, 0xf8, 0x0, 0x0, 0x7f, 0xc0,
    0x0, 0xf, 0xfe, 0x0, 0x1, 0xf7, 0xf0, 0x0,
    0x3e, 0x1f, 0x80, 0xf, 0x0, 0x7e, 0x1, 0xc0,
    0x0, 0x70, 0x0, 0x0, 0x0, 0x0, 0x0, 0x0,
    0x0, 0x0, 0x0, 0x0, 0x0, 0x0, 0x0, 0x0,
    0x0, 0x0, 0x0, 0x0, 0x1f, 0xff, 0x0, 0x7,
    0x3, 0xf8, 0x0, 0xf8, 0x3f, 0xc0, 0x1f, 0xc1,
    0xfe, 0x3, 0xfe, 0x1f, 0xe0, 0x3f, 0xe1, 0xff,
    0x3, 0xfe, 0x1f, 0xf0, 0x3f, 0xe1, 0xff, 0x3,
    0xfe, 0x1f, 0xf0, 0x1f, 0xc1, 0xff, 0x0, 0xf0,
    0x1f, 0xf0, 0x0, 0x1, 0xff, 0x0, 0x0, 0x3f,
    0xf0, 0x0, 0xd, 0xff, 0x0, 0x7, 0x9f, 0xf0,
    0x3, 0xf1, 0xff, 0x0, 0xfe, 0x1f, 0xf0, 0x3f,
    0xc1, 0xff, 0x7, 0xfc, 0x1f, 0xf0, 0x7f, 0x81,
    0xff, 0xf, 0xf8, 0x1f, 0xf0, 0xff, 0x81, 0xff,
    0xf, 0xf8, 0x1f, 0xf0, 0xff, 0x81, 0xff, 0xf,
    0xfc, 0x1f, 0xf0, 0xff, 0xe3, 0xff, 0x7, 0xff,
    0xdf, 0xf0, 0x7f, 0xfd, 0xff, 0x23, 0xff, 0xf,
    0xfe, 0xf, 0xc0, 0x3f, 0x0,

    /* U+00E3 "ã" */
    0x1, 0xf8, 0x0, 0x0, 0x3f, 0xe0, 0x30, 0x7,
    0xff, 0x87, 0x0, 0xff, 0xff, 0xe0, 0xf, 0xff,
    0xfe, 0x1, 0xff, 0xff, 0xc0, 0x18, 0x3f, 0xfc,
    0x1, 0x0, 0xff, 0x80, 0x0, 0x3, 0xe0, 0x0,
    0x0, 0x0, 0x0, 0x0, 0x0, 0x0, 0x0, 0x0,
    0x0, 0x0, 0x0, 0x0, 0x0, 0x0, 0x0, 0x0,
    0x0, 0x0, 0x0, 0x0, 0x0, 0x1f, 0xff, 0x0,
    0x7, 0x3, 0xf8, 0x0, 0xf8, 0x3f, 0xc0, 0x1f,
    0xc1, 0xfe, 0x3, 0xfe, 0x1f, 0xe0, 0x3f, 0xe1,
    0xff, 0x3, 0xfe, 0x1f, 0xf0, 0x3f, 0xe1, 0xff,
    0x3, 0xfe, 0x1f, 0xf0, 0x1f, 0xc1, 0xff, 0x0,
    0xf0, 0x1f, 0xf0, 0x0, 0x1, 0xff, 0x0, 0x0,
    0x3f, 0xf0, 0x0, 0xd, 0xff, 0x0, 0x7, 0x9f,
    0xf0, 0x3, 0xf1, 0xff, 0x0, 0xfe, 0x1f, 0xf0,
    0x3f, 0xc1, 0xff, 0x7, 0xfc, 0x1f, 0xf0, 0x7f,
    0x81, 0xff, 0xf, 0xf8, 0x1f, 0xf0, 0xff, 0x81,
    0xff, 0xf, 0xf8, 0x1f, 0xf0, 0xff, 0x81, 0xff,
    0xf, 0xfc, 0x1f, 0xf0, 0xff, 0xe3, 0xff, 0x7,
    0xff, 0xdf, 0xf0, 0x7f, 0xfd, 0xff, 0x23, 0xff,
    0xf, 0xfe, 0xf, 0xc0, 0x3f, 0x0,

    /* U+00E4 "ä" */
    0xf, 0x80, 0x7c, 0x3, 0xf8, 0x1f, 0xc0, 0xff,
    0x7, 0xf8, 0x1f, 0xf0, 0xff, 0x83, 0xfe, 0x1f,
    0xf0, 0x7f, 0xc3, 0xfe, 0xf, 0xf8, 0x7f, 0xc0,
    0xfe, 0x7, 0xf0, 0xf, 0x80, 0x7c, 0x0, 0x0,
    0x0, 0x0, 0x0, 0x0, 0x0, 0x0, 0x0, 0x0,
    0x0, 0x0, 0x0, 0x0, 0x0, 0x0, 0x0, 0x0,
    0x7f, 0xfc, 0x0, 0x30, 0x1f, 0xc0, 0xf, 0x83,
    0xfc, 0x3, 0xf8, 0x3f, 0xc0, 0xff, 0x87, 0xf8,
    0x1f, 0xf0, 0xff, 0x83, 0xfe, 0x1f, 0xf0, 0x7f,
    0xc3, 0xfe, 0xf, 0xf8, 0x7f, 0xc0, 0xfe, 0xf,
    0xf8, 0xf, 0x1, 0xff, 0x0, 0x0, 0x3f, 0xe0,
    0x0, 0xf, 0xfc, 0x0, 0x6, 0xff, 0x80, 0x7,
    0x9f, 0xf0, 0x7, 0xe3, 0xfe, 0x3, 0xf8, 0x7f,
    0xc1, 0xfe, 0xf, 0xf8, 0x7f, 0xc1, 0xff, 0xf,
    0xf0, 0x3f, 0xe3, 0xfe, 0x7, 0xfc, 0x7f, 0xc0,
    0xff, 0x8f, 0xf8, 0x1f, 0xf1, 0xff, 0x3, 0xfe,
    0x3f, 0xf0, 0x7f, 0xc7, 0xff, 0x1f, 0xf8, 0x7f,
    0xfd, 0xff, 0xf, 0xff, 0xbf, 0xe4, 0xff, 0xc3,
    0xff, 0x7, 0xe0, 0x1f, 0x80,

    /* U+00E5 "å" */
    0x0, 0x1f, 0x0, 0x0, 0x6, 0x1c, 0x0, 0x0,
    0xc0, 0x60, 0x0, 0x18, 0x3, 0x0, 0x1, 0x80,
    0x30, 0x0, 0x18, 0x3, 0x0, 0x1, 0x80, 0x30,
    0x0, 0x18, 0x3, 0x0, 0x0, 0xc0, 0x60, 0x0,
    0x6, 0xc, 0x0, 0x0, 0x1f, 0x0, 0x0, 0x0,
    0x0, 0x0, 0x0, 0x0, 0x0, 0x0, 0x0, 0x0,
    0x0, 0x0, 0x0, 0x0, 0x0, 0x0, 0x0, 0x0,
    0x1, 0xff, 0xf0, 0x0, 0x60, 0x3f, 0x80, 0xf,
    0x83, 0xfc, 0x1, 0xfc, 0x1f, 0xe0, 0x3f, 0xe1,
    0xfe, 0x3, 0xfe, 0x1f, 0xf0, 0x3f, 0xe1, 0xff,
    0x3, 0xfe, 0x1f, 0xf0, 0x3f, 0xe1, 0xff, 0x1,
    0xfc, 0x1f, 0xf0, 0xf, 0x1, 0xff, 0x0, 0x0,
    0x1f, 0xf0, 0x0, 0x3, 0xff, 0x0, 0x0, 0xdf,
    0xf0, 0x0, 0x79, 0xff, 0x0, 0x3f, 0x1f, 0xf0,
    0xf, 0xe1, 0xff, 0x3, 0xfc, 0x1f, 0xf0, 0x7f,
    0xc1, 0xff, 0x7, 0xf8, 0x1f, 0xf0, 0xff, 0x81,
    0xff, 0xf, 0xf8, 0x1f, 0xf0, 0xff, 0x81, 0xff,
    0xf, 0xf8, 0x1f, 0xf0, 0xff, 0xc1, 0xff, 0xf,
    0xfe, 0x3f, 0xf0, 0x7f, 0xfd, 0xff, 0x7, 0xff,
    0xdf, 0xf2, 0x3f, 0xf0, 0xff, 0xe0, 0xfc, 0x3,
    0xf0,

    /* U+00E6 "æ" */
    0x0, 0x0, 0x0, 0x0, 0x0, 0x3, 0xff, 0xe3,
    0xff, 0x80, 0x1c, 0xf, 0xff, 0x1f, 0x80, 0x7c,
    0x1f, 0xfc, 0x1f, 0x81, 0xfc, 0x1f, 0xf8, 0x3f,
    0x87, 0xfc, 0x3f, 0xf0, 0x7f, 0x8f, 0xf8, 0x7f,
    0xc0, 0x7f, 0x1f, 0xf0, 0xff, 0x80, 0xfe, 0x3f,
    0xe1, 0xff, 0x1, 0xfe, 0x7f, 0xc3, 0xfe, 0x3,
    0xfc, 0x7f, 0x7, 0xfc, 0x7, 0xf8, 0x78, 0xf,
    0xf8, 0xf, 0xf0, 0x0, 0x1f, 0xff, 0xff, 0xe0,
    0x0, 0xff, 0xe0, 0x0, 0x0, 0x7, 0x7f, 0xc0,
    0x0, 0x0, 0x3c, 0xff, 0x80, 0x0, 0x3, 0xf1,
    0xff, 0x0, 0x0, 0x1f, 0xc3, 0xfe, 0x0, 0x0,
    0xff, 0x7, 0xfc, 0x0, 0x3, 0xfe, 0xf, 0xf8,
    0x0, 0x7, 0xf8, 0x1f, 0xf8, 0x0, 0x1f, 0xf0,
    0x1f, 0xf0, 0x0, 0x3f, 0xe0, 0x3f, 0xe0, 0x1,
    0xff, 0xc0, 0x7f, 0xe0, 0x6, 0xff, 0x81, 0x7f,
    0xe0, 0x1d, 0xff, 0x82, 0xff, 0xe0, 0xf3, 0xff,
    0x88, 0xff, 0xff, 0xc3, 0xff, 0xe0, 0xff, 0xff,
    0x83, 0xff, 0x80, 0xff, 0xfe, 0x3, 0xfe, 0x0,
    0xff, 0xf0, 0x0, 0xc0, 0x0, 0x3f, 0x80, 0x0,

    /* U+00E7 "ç" */
    0x0, 0x0, 0x0, 0x0, 0xff, 0xf0, 0x3, 0xf8,
    0x18, 0x7, 0xf0, 0x7e, 0xf, 0xe0, 0xfe, 0x1f,
    0xe1, 0xff, 0x3f, 0xc1, 0xff, 0x3f, 0xc1, 0xff,
    0x7f, 0xc1, 0xff, 0x7f, 0x81, 0xfe, 0xff, 0x80,
    0xfe, 0xff, 0x80, 0x78, 0xff, 0x80, 0x0, 0xff,
    0x80, 0x0, 0xff, 0x80, 0x0, 0xff, 0x80, 0x0,
    0xff, 0x80, 0x0, 0xff, 0x80, 0x0, 0xff, 0x80,
    0x0, 0xff, 0xc0, 0x0, 0x7f, 0xc0, 0x0, 0x7f,
    0xe0, 0x3, 0x7f, 0xe0, 0x3, 0x3f, 0xf8, 0xe,
    0x3f, 0xff, 0x7c, 0x1f, 0xff, 0xfc, 0xf, 0xff,
    0xf8, 0x7, 0xff, 0xf0, 0x3, 0xff, 0xe0, 0x0,
    0x7f, 0x0, 0x0, 0x30, 0x0, 0x0, 0x30, 0x0,
    0x0, 0x27, 0xc0, 0x0, 0x3f, 0xe0, 0x0, 0x7f,
    0xf0, 0x0, 0x7, 0xf0, 0x0, 0x7, 0xf0, 0x0,
    0x7, 0xe0, 0x0, 0xf, 0xc0, 0x3, 0xff, 0x0,

    /* U+00E8 "è" */
    0x0, 0x0, 0x0, 0x1, 0xf0, 0x0, 0x1, 0xfc,
    0x0, 0x0, 0xff, 0x0, 0x0, 0x7f, 0x80, 0x0,
    0x1f, 0xc0, 0x0, 0xf, 0xf0, 0x0, 0x3, 0xf8,
    0x0, 0x0, 0x7c, 0x0, 0x0, 0x1f, 0x0, 0x0,
    0x3, 0x80, 0x0, 0x0, 0xe0, 0x0, 0x0, 0x30,
    0x0, 0x0, 0x0, 0x0, 0x0, 0x0, 0x0, 0x0,
    0x0, 0x0, 0x0, 0x0, 0x0, 0x0, 0x1, 0x0,
    0x0, 0x1f, 0xf8, 0x0, 0x7c, 0x3f, 0x0, 0x7e,
    0xf, 0xc0, 0x7e, 0x7, 0xf0, 0x7f, 0x3, 0xfc,
    0x7f, 0x0, 0xfe, 0x3f, 0x80, 0x7f, 0x3f, 0xc0,
    0x3f, 0xdf, 0xe0, 0x1f, 0xef, 0xf0, 0xf, 0xff,
    0xf8, 0x7, 0xff, 0xff, 0xff, 0xff, 0xfe, 0x0,
    0x1, 0xff, 0x0, 0x0, 0xff, 0x80, 0x0, 0x7f,
    0xc0, 0x0, 0x3f, 0xe0, 0x0, 0x1f, 0xf0, 0x0,
    0xf, 0xf8, 0x0, 0x7, 0xfe, 0x0, 0x1, 0xff,
    0x0, 0x0, 0xff, 0xc0, 0x3, 0x7f, 0xe0, 0x3,
    0x1f, 0xf8, 0x3, 0x8f, 0xff, 0x7, 0x83, 0xff,
    0xff, 0x80, 0xff, 0xff, 0xc0, 0x3f, 0xff, 0x80,
    0xf, 0xff, 0x80, 0x0, 0xff, 0x0,

    /* U+00E9 "é" */
    0x0, 0x0, 0x0, 0x0, 0x0, 0xf8, 0x0, 0x0,
    0xfe, 0x0, 0x0, 0xff, 0x0, 0x0, 0x7f, 0x80,
    0x0, 0x3f, 0xc0, 0x0, 0x3f, 0xc0, 0x0, 0x1f,
    0xc0, 0x0, 0xf, 0x80, 0x0, 0xf, 0x80, 0x0,
    0x7, 0x0, 0x0, 0x7, 0x0, 0x0, 0x2, 0x0,
    0x0, 0x0, 0x0, 0x0, 0x0, 0x0, 0x0, 0x0,
    0x0, 0x0, 0x0, 0x0, 0x0, 0x0, 0x1, 0x0,
    0x0, 0x1f, 0xf8, 0x0, 0x7c, 0x3f, 0x0, 0x7e,
    0xf, 0xc0, 0x7e, 0x7, 0xf0, 0x7f, 0x3, 0xfc,
    0x7f, 0x0, 0xfe, 0x3f, 0x80, 0x7f, 0x3f, 0xc0,
    0x3f, 0xdf, 0xe0, 0x1f, 0xef, 0xf0, 0xf, 0xff,
    0xf8, 0x7, 0xff, 0xff, 0xff, 0xff, 0xfe, 0x0,
    0x1, 0xff, 0x0, 0x0, 0xff, 0x80, 0x0, 0x7f,
    0xc0, 0x0, 0x3f, 0xe0, 0x0, 0x1f, 0xf0, 0x0,
    0xf, 0xf8, 0x0, 0x7, 0xfe, 0x0, 0x1, 0xff,
    0x0, 0x0, 0xff, 0xc0, 0x3, 0x7f, 0xe0, 0x3,
    0x1f, 0xf8, 0x3, 0x8f, 0xff, 0x7, 0x83, 0xff,
    0xff, 0x80, 0xff, 0xff, 0xc0, 0x3f, 0xff, 0x80,
    0xf, 0xff, 0x80, 0x0, 0xff, 0x0,

    /* U+00EA "ê" */
    0x0, 0x4, 0x0, 0x0, 0x6, 0x0, 0x0, 0x3,
    0x80, 0x0, 0x3, 0xe0, 0x0, 0x3, 0xf0, 0x0,
    0x1, 0xfc, 0x0, 0x1, 0xff, 0x0, 0x1, 0xff,
    0xc0, 0x1, 0xff, 0xf0, 0x1, 0xfb, 0xfc, 0x1,
    0xf0, 0x7f, 0x1, 0xe0, 0x7, 0xe1, 0x80, 0x0,
    0x38, 0x0, 0x0, 0x0, 0x0, 0x0, 0x0, 0x0,
    0x0, 0x0, 0x0, 0x0, 0x0, 0x0, 0x1, 0x0,
    0x0, 0x1f, 0xf8, 0x0, 0x7c, 0x3f, 0x0, 0x7e,
    0xf, 0xc0, 0x7e, 0x7, 0xf0, 0x7f, 0x3, 0xfc,
    0x7f, 0x0, 0xfe, 0x3f, 0x80, 0x7f, 0x3f, 0xc0,
    0x3f, 0xdf, 0xe0, 0x1f, 0xef, 0xf0, 0xf, 0xff,
    0xf8, 0x7, 0xff, 0xff, 0xff, 0xff, 0xfe, 0x0,
    0x1, 0xff, 0x0, 0x0, 0xff, 0x80, 0x0, 0x7f,
    0xc0, 0x0, 0x3f, 0xe0, 0x0, 0x1f, 0xf0, 0x0,
    0xf, 0xf8, 0x0, 0x7, 0xfe, 0x0, 0x1, 0xff,
    0x0, 0x0, 0xff, 0xc0, 0x3, 0x7f, 0xe0, 0x3,
    0x1f, 0xf8, 0x3, 0x8f, 0xff, 0x7, 0x83, 0xff,
    0xff, 0x80, 0xff, 0xff, 0xc0, 0x3f, 0xff, 0x80,
    0xf, 0xff, 0x80, 0x0, 0xff, 0x0,

    /* U+00EB "ë" */
    0x7, 0x80, 0x3c, 0x7, 0xf0, 0x3f, 0x87, 0xf8,
    0x3f, 0xc3, 0xfe, 0x1f, 0xf1, 0xff, 0xf, 0xf8,
    0xff, 0x87, 0xfc, 0x7f, 0xc3, 0xfe, 0x1f, 0xc0,
    0xfe, 0x7, 0xc0, 0x3c, 0x0, 0x0, 0x0, 0x0,
    0x0, 0x0, 0x0, 0x0, 0x0, 0x0, 0x0, 0x0,
    0x0, 0x0, 0x10, 0x0, 0x1, 0xff, 0x80, 0x7,
    0xc3, 0xf0, 0x7, 0xe0, 0xfc, 0x7, 0xe0, 0x7f,
    0x7, 0xf0, 0x3f, 0xc7, 0xf0, 0xf, 0xe3, 0xf8,
    0x7, 0xf3, 0xfc, 0x3, 0xfd, 0xfe, 0x1, 0xfe,
    0xff, 0x0, 0xff, 0xff, 0x80, 0x7f, 0xff, 0xff,
    0xff, 0xff, 0xe0, 0x0, 0x1f, 0xf0, 0x0, 0xf,
    0xf8, 0x0, 0x7, 0xfc, 0x0, 0x3, 0xfe, 0x0,
    0x1, 0xff, 0x0, 0x0, 0xff, 0x80, 0x0, 0x7f,
    0xe0, 0x0, 0x1f, 0xf0, 0x0, 0xf, 0xfc, 0x0,
    0x37, 0xfe, 0x0, 0x31, 0xff, 0x80, 0x38, 0xff,
    0xf0, 0x78, 0x3f, 0xff, 0xf8, 0xf, 0xff, 0xfc,
    0x3, 0xff, 0xf8, 0x0, 0xff, 0xf8, 0x0, 0xf,
    0xf0, 0x0,

    /* U+00EC "ì" */
    0x38, 0x0, 0x3f, 0x0, 0x1f, 0x80, 0xf, 0xe0,
    0x7, 0xf0, 0x3, 0xf8, 0x0, 0xfe, 0x0, 0x3f,
    0x0, 0x7, 0x80, 0x1, 0xe0, 0x0, 0x30, 0x0,
    0xc, 0x0, 0x2, 0x0, 0x0, 0x0, 0x0, 0x0,
    0x0, 0x0, 0x0, 0x0, 0x0, 0xc, 0x1f, 0xfe,
    0x3, 0xff, 0x1, 0xff, 0x80, 0x7f, 0xc0, 0x3f,
    0xe0, 0x1f, 0xf0, 0xf, 0xf8, 0x7, 0xfc, 0x3,
    0xfe, 0x1, 0xff, 0x0, 0xff, 0x80, 0x7f, 0xc0,
    0x3f, 0xe0, 0x1f, 0xf0, 0xf, 0xf8, 0x7, 0xfc,
    0x3, 0xfe, 0x1, 0xff, 0x0, 0xff, 0x80, 0x7f,
    0xc0, 0x3f, 0xe0, 0x1f, 0xf0, 0xf, 0xf8, 0x7,
    0xfc, 0x3, 0xfe, 0x1, 0xff, 0x0, 0xff, 0x80,
    0xff, 0xe1, 0xff, 0xfe,

    /* U+00ED "í" */
    0x0, 0x38, 0x0, 0x7e, 0x0, 0xfe, 0x1, 0xfe,
    0x1, 0xfe, 0x1, 0xfc, 0x3, 0xf8, 0x3, 0xf0,
    0x3, 0xe0, 0x7, 0x80, 0x7, 0x0, 0xc, 0x0,
    0x8, 0x0, 0x0, 0x0, 0x0, 0x0, 0x0, 0x0,
    0x0, 0x0, 0x0, 0x30, 0xff, 0xf0, 0x3f, 0xf0,
    0x3f, 0xf0, 0x1f, 0xf0, 0x1f, 0xf0, 0x1f, 0xf0,
    0x1f, 0xf0, 0x1f, 0xf0, 0x1f, 0xf0, 0x1f, 0xf0,
    0x1f, 0xf0, 0x1f, 0xf0, 0x1f, 0xf0, 0x1f, 0xf0,
    0x1f, 0xf0, 0x1f, 0xf0, 0x1f, 0xf0, 0x1f, 0xf0,
    0x1f, 0xf0, 0x1f, 0xf0, 0x1f, 0xf0, 0x1f, 0xf0,
    0x1f, 0xf0, 0x1f, 0xf0, 0x1f, 0xf0, 0x1f, 0xf0,
    0x1f, 0xf0, 0x3f, 0xf8, 0xff, 0xff,

    /* U+00EE "î" */
    0x0, 0x20, 0x0, 0x1, 0xc0, 0x0, 0x7, 0x0,
    0x0, 0x3e, 0x0, 0x0, 0xfc, 0x0, 0x7, 0xf0,
    0x0, 0x3f, 0xe0, 0x1, 0xff, 0xc0, 0xf, 0xff,
    0x80, 0x7c, 0xff, 0x3, 0xe0, 0x7f, 0x1c, 0x0,
    0x3e, 0xc0, 0x0, 0xc, 0x0, 0x0, 0x0, 0x0,
    0x0, 0x0, 0x0, 0x0, 0x0, 0x0, 0x0, 0x0,
    0x18, 0x1, 0xff, 0xe0, 0x1, 0xff, 0x80, 0x7,
    0xfe, 0x0, 0xf, 0xf8, 0x0, 0x3f, 0xe0, 0x0,
    0xff, 0x80, 0x3, 0xfe, 0x0, 0xf, 0xf8, 0x0,
    0x3f, 0xe0, 0x0, 0xff, 0x80, 0x3, 0xfe, 0x0,
    0xf, 0xf8, 0x0, 0x3f, 0xe0, 0x0, 0xff, 0x80,
    0x3, 0xfe, 0x0, 0xf, 0xf8, 0x0, 0x3f, 0xe0,
    0x0, 0xff, 0x80, 0x3, 0xfe, 0x0, 0xf, 0xf8,
    0x0, 0x3f, 0xe0, 0x0, 0xff, 0x80, 0x3, 0xfe,
    0x0, 0xf, 0xf8, 0x0, 0x3f, 0xe0, 0x0, 0xff,
    0x80, 0x3, 0xfe, 0x0, 0x1f, 0xfc, 0x1, 0xff,
    0xfe, 0x0,

    /* U+00EF "ï" */
    0x3e, 0x1, 0xf1, 0xfc, 0xf, 0xef, 0xf0, 0x7f,
    0xbf, 0xe1, 0xff, 0xff, 0x87, 0xff, 0xfe, 0x1f,
    0xff, 0xf8, 0x7f, 0xdf, 0xc0, 0xfe, 0x3e, 0x1,
    0xf0, 0x0, 0x0, 0x0, 0x0, 0x0, 0x0, 0x0,
    0x0, 0x0, 0x0, 0x0, 0x0, 0xc, 0x1, 0xff,
    0xf0, 0x1, 0xff, 0xc0, 0x3, 0xff, 0x0, 0x7,
    0xfc, 0x0, 0x1f, 0xf0, 0x0, 0x7f, 0xc0, 0x1,
    0xff, 0x0, 0x7, 0xfc, 0x0, 0x1f, 0xf0, 0x0,
    0x7f, 0xc0, 0x1, 0xff, 0x0, 0x7, 0xfc, 0x0,
    0x1f, 0xf0, 0x0, 0x7f, 0xc0, 0x1, 0xff, 0x0,
    0x7, 0xfc, 0x0, 0x1f, 0xf0, 0x0, 0x7f, 0xc0,
    0x1, 0xff, 0x0, 0x7, 0xfc, 0x0, 0x1f, 0xf0,
    0x0, 0x7f, 0xc0, 0x1, 0xff, 0x0, 0x7, 0xfc,
    0x0, 0x1f, 0xf0, 0x0, 0x7f, 0xc0, 0x1, 0xff,
    0x0, 0xf, 0xfe, 0x1, 0xff, 0xfe, 0x0,

    /* U+00F0 "ð" */
    0x2, 0x0, 0x0, 0x0, 0x3c, 0x0, 0x10, 0x0,
    0xf0, 0x6, 0x0, 0x3, 0xc3, 0x80, 0x0, 0x1e,
    0xe0, 0x0, 0x0, 0xf8, 0x0, 0x0, 0xf, 0xc0,
    0x0, 0x3, 0xbe, 0x0, 0x0, 0xe1, 0xf0, 0x0,
    0x38, 0x1f, 0x80, 0xe, 0x0, 0xfc, 0x0, 0x0,
    0xf, 0xe0, 0x0, 0x0, 0x7f, 0x0, 0x0, 0x7,
    0xf0, 0x0, 0x0, 0x7f, 0x80, 0xf, 0xfb, 0xf8,
    0x3, 0xf0, 0x7f, 0xc0, 0x7e, 0x3, 0xfc, 0xf,
    0xe0, 0x3f, 0xe1, 0xfc, 0x3, 0xfe, 0x3f, 0xc0,
    0x1f, 0xe3, 0xfc, 0x1, 0xfe, 0x7f, 0xc0, 0x1f,
    0xf7, 0xf8, 0x1, 0xff, 0x7f, 0x80, 0x1f, 0xff,
    0xf8, 0x1, 0xff, 0xff, 0x80, 0x1f, 0xff, 0xf8,
    0x1, 0xff, 0xff, 0x80, 0x1f, 0xff, 0xf8, 0x1,
    0xff, 0xff, 0x80, 0x1f, 0xff, 0xf8, 0x1, 0xff,
    0xff, 0x80, 0x1f, 0xff, 0xf8, 0x1, 0xfe, 0xff,
    0x80, 0x1f, 0xef, 0xf8, 0x1, 0xfe, 0x7f, 0x80,
    0x3f, 0xe7, 0xfc, 0x3, 0xfc, 0x3f, 0xc0, 0x3f,
    0xc3, 0xfc, 0x3, 0xf8, 0x1f, 0xc0, 0x7f, 0x0,
    0xfe, 0x7, 0xe0, 0x7, 0xe0, 0xfc, 0x0, 0x1f,
    0x1f, 0x80, 0x0, 0x3f, 0xc0, 0x0,

    /* U+00F1 "ñ" */
    0x0, 0x3e, 0x0, 0x0, 0x0, 0x7f, 0x80, 0x30,
    0x0, 0x7f, 0xf0, 0x10, 0x0, 0x3f, 0xfc, 0x38,
    0x0, 0x3f, 0xff, 0xfc, 0x0, 0x1f, 0xff, 0xfc,
    0x0, 0x1c, 0x3f, 0xfe, 0x0, 0xc, 0x7, 0xfe,
    0x0, 0x4, 0x1, 0xfe, 0x0, 0x0, 0x0, 0x3e,
    0x0, 0x0, 0x0, 0x0, 0x0, 0x0, 0x0, 0x0,
    0x0, 0x0, 0x0, 0x0, 0x0, 0x0, 0x0, 0x0,
    0x0, 0x0, 0x0, 0x0, 0x0, 0x0, 0x0, 0x0,
    0x0, 0x0, 0xff, 0xf0, 0xff, 0xc0, 0x1f, 0xf9,
    0xff, 0xf0, 0xf, 0xfd, 0x7, 0xfc, 0x3, 0xff,
    0x1, 0xfe, 0x1, 0xff, 0x80, 0xff, 0x80, 0xff,
    0x80, 0x7f, 0xc0, 0x7f, 0xc0, 0x3f, 0xe0, 0x3f,
    0xe0, 0x1f, 0xf0, 0x1f, 0xf0, 0xf, 0xf8, 0xf,
    0xf8, 0x7, 0xfc, 0x7, 0xfc, 0x3, 0xfe, 0x3,
    0xfe, 0x1, 0xff, 0x1, 0xff, 0x0, 0xff, 0x80,
    0xff, 0x80, 0x7f, 0xc0, 0x7f, 0xc0, 0x3f, 0xe0,
    0x3f, 0xe0, 0x1f, 0xf0, 0x1f, 0xf0, 0xf, 0xf8,
    0xf, 0xf8, 0x7, 0xfc, 0x7, 0xfc, 0x3, 0xfe,
    0x3, 0xfe, 0x1, 0xff, 0x1, 0xff, 0x0, 0xff,
    0x80, 0xff, 0x80, 0x7f, 0xc0, 0x7f, 0xc0, 0x3f,
    0xe0, 0x3f, 0xe0, 0x1f, 0xf0, 0x1f, 0xf0, 0xf,
    0xf8, 0xf, 0xf8, 0x7, 0xfc, 0x7, 0xfc, 0x3,
    0xfe, 0x7, 0xff, 0x3, 0xff, 0x8f, 0xff, 0xe3,
    0xff, 0xf8,

    /* U+00F2 "ò" */
    0x0, 0x0, 0x0, 0x0, 0x1f, 0x0, 0x0, 0x3,
    0xf8, 0x0, 0x0, 0x3f, 0x80, 0x0, 0x3, 0xfc,
    0x0, 0x0, 0x3f, 0xc0, 0x0, 0x1, 0xfc, 0x0,
    0x0, 0xf, 0xe0, 0x0, 0x0, 0x7e, 0x0, 0x0,
    0x1, 0xe0, 0x0, 0x0, 0x7, 0x0, 0x0, 0x0,
    0x30, 0x0, 0x0, 0x1, 0x80, 0x0, 0x0, 0x8,
    0x0, 0x0, 0x0, 0x0, 0x0, 0x0, 0x0, 0x0,
    0x0, 0x0, 0x0, 0x0, 0x0, 0x0, 0x0, 0x0,
    0xff, 0xf0, 0x0, 0x3f, 0xf, 0xc0, 0xf, 0xe0,
    0x7f, 0x1, 0xfe, 0x7, 0xf8, 0x1f, 0xc0, 0x3f,
    0x83, 0xfc, 0x3, 0xfc, 0x7f, 0xc0, 0x3f, 0xe7,
    0xfc, 0x1, 0xfe, 0x7f, 0x80, 0x1f, 0xef, 0xf8,
    0x1, 0xfe, 0xff, 0x80, 0x1f, 0xff, 0xf8, 0x1,
    0xff, 0xff, 0x80, 0x1f, 0xff, 0xf8, 0x1, 0xff,
    0xff, 0x80, 0x1f, 0xff, 0xf8, 0x1, 0xff, 0xff,
    0x80, 0x1f, 0xff, 0xf8, 0x1, 0xff, 0xff, 0x80,
    0x1f, 0xff, 0xf8, 0x1, 0xff, 0x7f, 0x80, 0x1f,
    0xe7, 0xf8, 0x1, 0xfe, 0x7f, 0xc0, 0x3f, 0xe3,
    0xfc, 0x3, 0xfc, 0x3f, 0xc0, 0x3f, 0xc1, 0xfc,
    0x3, 0xf8, 0xf, 0xe0, 0x7f, 0x0, 0x7e, 0x7,
    0xe0, 0x1, 0xf0, 0xf8, 0x0, 0x3, 0xfc, 0x0,

    /* U+00F3 "ó" */
    0x0, 0x0, 0x0, 0x0, 0x0, 0xf, 0x80, 0x0,
    0x1, 0xf8, 0x0, 0x0, 0x3f, 0xc0, 0x0, 0x7,
    0xf8, 0x0, 0x0, 0x7f, 0x80, 0x0, 0x7, 0xf0,
    0x0, 0x0, 0xfe, 0x0, 0x0, 0xf, 0xc0, 0x0,
    0x0, 0xf0, 0x0, 0x0, 0x1e, 0x0, 0x0, 0x1,
    0x80, 0x0, 0x0, 0x30, 0x0, 0x0, 0x2, 0x0,
    0x0, 0x0, 0x0, 0x0, 0x0, 0x0, 0x0, 0x0,
    0x0, 0x0, 0x0, 0x0, 0x0, 0x0, 0x0, 0x0,
    0xff, 0xf0, 0x0, 0x3f, 0xf, 0xc0, 0xf, 0xe0,
    0x7f, 0x1, 0xfe, 0x7, 0xf8, 0x1f, 0xc0, 0x3f,
    0x83, 0xfc, 0x3, 0xfc, 0x7f, 0xc0, 0x3f, 0xe7,
    0xfc, 0x1, 0xfe, 0x7f, 0x80, 0x1f, 0xef, 0xf8,
    0x1, 0xfe, 0xff, 0x80, 0x1f, 0xff, 0xf8, 0x1,
    0xff, 0xff, 0x80, 0x1f, 0xff, 0xf8, 0x1, 0xff,
    0xff, 0x80, 0x1f, 0xff, 0xf8, 0x1, 0xff, 0xff,
    0x80, 0x1f, 0xff, 0xf8, 0x1, 0xff, 0xff, 0x80,
    0x1f, 0xff, 0xf8, 0x1, 0xff, 0x7f, 0x80, 0x1f,
    0xe7, 0xf8, 0x1, 0xfe, 0x7f, 0xc0, 0x3f, 0xe3,
    0xfc, 0x3, 0xfc, 0x3f, 0xc0, 0x3f, 0xc1, 0xfc,
    0x3, 0xf8, 0xf, 0xe0, 0x7f, 0x0, 0x7e, 0x7,
    0xe0, 0x1, 0xf0, 0xf8, 0x0, 0x3, 0xfc, 0x0,

    /* U+00F4 "ô" */
    0x0, 0x6, 0x0, 0x0, 0x0, 0x60, 0x0, 0x0,
    0xf, 0x0, 0x0, 0x1, 0xf8, 0x0, 0x0, 0x1f,
    0x80, 0x0, 0x3, 0xfc, 0x0, 0x0, 0x7f, 0xe0,
    0x0, 0xf, 0xff, 0x0, 0x1, 0xff, 0xf8, 0x0,
    0x3e, 0x1f, 0xc0, 0x7, 0x80, 0x3f, 0x1, 0xc0,
    0x0, 0x78, 0x0, 0x0, 0x0, 0x0, 0x0, 0x0,
    0x0, 0x0, 0x0, 0x0, 0x0, 0x0, 0x0, 0x0,
    0x0, 0x0, 0x0, 0x0, 0xf, 0xff, 0x0, 0x3,
    0xf0, 0xfc, 0x0, 0xfe, 0x7, 0xf0, 0x1f, 0xe0,
    0x7f, 0x81, 0xfc, 0x3, 0xf8, 0x3f, 0xc0, 0x3f,
    0xc7, 0xfc, 0x3, 0xfe, 0x7f, 0xc0, 0x1f, 0xe7,
    0xf8, 0x1, 0xfe, 0xff, 0x80, 0x1f, 0xef, 0xf8,
    0x1, 0xff, 0xff, 0x80, 0x1f, 0xff, 0xf8, 0x1,
    0xff, 0xff, 0x80, 0x1f, 0xff, 0xf8, 0x1, 0xff,
    0xff, 0x80, 0x1f, 0xff, 0xf8, 0x1, 0xff, 0xff,
    0x80, 0x1f, 0xff, 0xf8, 0x1, 0xff, 0xff, 0x80,
    0x1f, 0xf7, 0xf8, 0x1, 0xfe, 0x7f, 0x80, 0x1f,
    0xe7, 0xfc, 0x3, 0xfe, 0x3f, 0xc0, 0x3f, 0xc3,
    0xfc, 0x3, 0xfc, 0x1f, 0xc0, 0x3f, 0x80, 0xfe,
    0x7, 0xf0, 0x7, 0xe0, 0x7e, 0x0, 0x1f, 0xf,
    0x80, 0x0, 0x3f, 0xc0, 0x0,

    /* U+00F5 "õ" */
    0x0, 0xf8, 0x0, 0x0, 0x3f, 0xe0, 0x18, 0x7,
    0xff, 0x83, 0x0, 0xff, 0xff, 0xf0, 0xf, 0xff,
    0xff, 0x1, 0xff, 0xff, 0xe0, 0x1c, 0x3f, 0xfe,
    0x1, 0x0, 0xff, 0xc0, 0x0, 0x3, 0xf0, 0x0,
    0x0, 0x0, 0x0, 0x0, 0x0, 0x0, 0x0, 0x0,
    0x0, 0x0, 0x0, 0x0, 0x0, 0x0, 0x0, 0x0,
    0x0, 0x0, 0x0, 0x0, 0x0, 0xf, 0xff, 0x0,
    0x3, 0xf0, 0xfc, 0x0, 0xfe, 0x7, 0xf0, 0x1f,
    0xe0, 0x7f, 0x81, 0xfc, 0x3, 0xf8, 0x3f, 0xc0,
    0x3f, 0xc7, 0xfc, 0x3, 0xfe, 0x7f, 0xc0, 0x1f,
    0xe7, 0xf8, 0x1, 0xfe, 0xff, 0x80, 0x1f, 0xef,
    0xf8, 0x1, 0xff, 0xff, 0x80, 0x1f, 0xff, 0xf8,
    0x1, 0xff, 0xff, 0x80, 0x1f, 0xff, 0xf8, 0x1,
    0xff, 0xff, 0x80, 0x1f, 0xff, 0xf8, 0x1, 0xff,
    0xff, 0x80, 0x1f, 0xff, 0xf8, 0x1, 0xff, 0xff,
    0x80, 0x1f, 0xf7, 0xf8, 0x1, 0xfe, 0x7f, 0x80,
    0x1f, 0xe7, 0xfc, 0x3, 0xfe, 0x3f, 0xc0, 0x3f,
    0xc3, 0xfc, 0x3, 0xfc, 0x1f, 0xc0, 0x3f, 0x80,
    0xfe, 0x7, 0xf0, 0x7, 0xe0, 0x7e, 0x0, 0x1f,
    0xf, 0x80, 0x0, 0x3f, 0xc0, 0x0,

    /* U+00F6 "ö" */
    0x7, 0xc0, 0x3e, 0x0, 0xfe, 0x7, 0xf0, 0x1f,
    0xe0, 0xff, 0x1, 0xff, 0xf, 0xf8, 0x1f, 0xf0,
    0xff, 0x81, 0xff, 0xf, 0xf8, 0x1f, 0xf0, 0xff,
    0x80, 0xfe, 0x7, 0xf0, 0x7, 0xc0, 0x3e, 0x0,
    0x0, 0x0, 0x0, 0x0, 0x0, 0x0, 0x0, 0x0,
    0x0, 0x0, 0x0, 0x0, 0x0, 0x0, 0x0, 0x0,
    0x0, 0x0, 0xff, 0xf0, 0x0, 0x3f, 0xf, 0xc0,
    0xf, 0xe0, 0x7f, 0x1, 0xfe, 0x7, 0xf8, 0x1f,
    0xc0, 0x3f, 0x83, 0xfc, 0x3, 0xfc, 0x7f, 0xc0,
    0x3f, 0xe7, 0xfc, 0x1, 0xfe, 0x7f, 0x80, 0x1f,
    0xef, 0xf8, 0x1, 0xfe, 0xff, 0x80, 0x1f, 0xff,
    0xf8, 0x1, 0xff, 0xff, 0x80, 0x1f, 0xff, 0xf8,
    0x1, 0xff, 0xff, 0x80, 0x1f, 0xff, 0xf8, 0x1,
    0xff, 0xff, 0x80, 0x1f, 0xff, 0xf8, 0x1, 0xff,
    0xff, 0x80, 0x1f, 0xff, 0xf8, 0x1, 0xff, 0x7f,
    0x80, 0x1f, 0xe7, 0xf8, 0x1, 0xfe, 0x7f, 0xc0,
    0x3f, 0xe3, 0xfc, 0x3, 0xfc, 0x3f, 0xc0, 0x3f,
    0xc1, 0xfc, 0x3, 0xf8, 0xf, 0xe0, 0x7f, 0x0,
    0x7e, 0x7, 0xe0, 0x1, 0xf0, 0xf8, 0x0, 0x3,
    0xfc, 0x0,

    /* U+00F7 "÷" */
    0x0, 0xf, 0x0, 0x0, 0x1, 0xf8, 0x0, 0x0,
    0x1f, 0x80, 0x0, 0x1, 0xf8, 0x0, 0x0, 0x1f,
    0x80, 0x0, 0x0, 0xf0, 0x0, 0x0, 0x0, 0x0,
    0x0, 0x0, 0x0, 0x0, 0x0, 0x0, 0x0, 0x0,
    0x0, 0x0, 0x0, 0xff, 0xff, 0xff, 0xf0, 0x0,
    0x0, 0x0, 0x0, 0x0, 0x0, 0x0, 0x0, 0x0,
    0x0, 0x0, 0x0, 0x0, 0x0, 0x0, 0x0, 0x0,
    0x0, 0xf, 0x0, 0x0, 0x1, 0xf8, 0x0, 0x0,
    0x1f, 0x80, 0x0, 0x1, 0xf8, 0x0, 0x0, 0x1f,
    0x80, 0x0, 0x0, 0xf0, 0x0,

    /* U+00F8 "ø" */
    0x0, 0x0, 0x0, 0x0, 0x0, 0x0, 0x6, 0x0,
    0x0, 0x0, 0xc0, 0x0, 0x0, 0x8, 0x0, 0xff,
    0xf1, 0x80, 0x3f, 0xf, 0xf0, 0xf, 0xe0, 0x7f,
    0x1, 0xfe, 0x7, 0xf8, 0x1f, 0xc0, 0x3f, 0x83,
    0xfc, 0x3, 0xfc, 0x7f, 0xc0, 0x3f, 0xe7, 0xfc,
    0x7, 0xfe, 0x7f, 0x80, 0xdf, 0xef, 0xf8, 0x9,
    0xfe, 0xff, 0x81, 0x9f, 0xff, 0xf8, 0x11, 0xff,
    0xff, 0x83, 0x1f, 0xff, 0xf8, 0x21, 0xff, 0xff,
    0x86, 0x1f, 0xff, 0xf8, 0xc1, 0xff, 0xff, 0x88,
    0x1f, 0xff, 0xf9, 0x81, 0xff, 0xff, 0x90, 0x1f,
    0xff, 0xfb, 0x1, 0xff, 0x7f, 0xa0, 0x1f, 0xe7,
    0xfe, 0x1, 0xfe, 0x7f, 0xc0, 0x3f, 0xe3, 0xfc,
    0x3, 0xfc, 0x3f, 0xc0, 0x3f, 0xc1, 0xfc, 0x3,
    0xf8, 0xf, 0xe0, 0x7f, 0x0, 0xfe, 0x7, 0xe0,
    0x9, 0xf0, 0xf8, 0x1, 0x83, 0xfc, 0x0, 0x30,
    0x0, 0x0, 0x2, 0x0, 0x0, 0x0, 0x60, 0x0,
    0x0, 0x0,

    /* U+00F9 "ù" */
    0x0, 0x70, 0x0, 0x0, 0x0, 0xf8, 0x0, 0x0,
    0x1, 0xfc, 0x0, 0x0, 0x1, 0xfe, 0x0, 0x0,
    0x1, 0xfe, 0x0, 0x0, 0x0, 0xfe, 0x0, 0x0,
    0x0, 0x7f, 0x0, 0x0, 0x0, 0x3f, 0x0, 0x0,
    0x0, 0xf, 0x0, 0x0, 0x0, 0x7, 0x80, 0x0,
    0x0, 0x3, 0x80, 0x0, 0x0, 0x0, 0xc0, 0x0,
    0x0, 0x0, 0x40, 0x0, 0x0, 0x0, 0x0, 0x0,
    0x0, 0x0, 0x0, 0x0, 0x0, 0x0, 0x0, 0x0,
    0x0, 0x0, 0x0, 0x0, 0x0, 0x30, 0x0, 0x18,
    0xff, 0xf0, 0x7f, 0xf8, 0x3f, 0xf0, 0x3f, 0xf8,
    0x3f, 0xf0, 0x1f, 0xf8, 0x1f, 0xf0, 0xf, 0xf8,
    0x1f, 0xf0, 0xf, 0xf8, 0x1f, 0xf0, 0xf, 0xf8,
    0x1f, 0xf0, 0xf, 0xf8, 0x1f, 0xf0, 0xf, 0xf8,
    0x1f, 0xf0, 0xf, 0xf8, 0x1f, 0xf0, 0xf, 0xf8,
    0x1f, 0xf0, 0xf, 0xf8, 0x1f, 0xf0, 0xf, 0xf8,
    0x1f, 0xf0, 0xf, 0xf8, 0x1f, 0xf0, 0xf, 0xf8,
    0x1f, 0xf0, 0xf, 0xf8, 0x1f, 0xf0, 0xf, 0xf8,
    0x1f, 0xf0, 0xf, 0xf8, 0x1f, 0xf0, 0xf, 0xf8,
    0x1f, 0xf0, 0xf, 0xf8, 0x1f, 0xf0, 0xf, 0xf8,
    0x1f, 0xf0, 0xf, 0xf8, 0x1f, 0xf0, 0xf, 0xf8,
    0x1f, 0xf0, 0xf, 0xf8, 0x1f, 0xf0, 0xf, 0xf8,
    0x1f, 0xf0, 0x1f, 0xf8, 0xf, 0xf0, 0x1f, 0xf8,
    0xf, 0xf8, 0x2f, 0xfc, 0xf, 0xff, 0xcf, 0xfc,
    0x7, 0xff, 0x8f, 0xff, 0x1, 0xfe, 0xc, 0x0,

    /* U+00FA "ú" */
    0x0, 0x0, 0x38, 0x0, 0x0, 0x0, 0xfc, 0x0,
    0x0, 0x0, 0xfe, 0x0, 0x0, 0x1, 0xfe, 0x0,
    0x0, 0x1, 0xfc, 0x0, 0x0, 0x3, 0xfc, 0x0,
    0x0, 0x3, 0xf8, 0x0, 0x0, 0x3, 0xf0, 0x0,
    0x0, 0x7, 0xc0, 0x0, 0x0, 0x7, 0x80, 0x0,
    0x0, 0xe, 0x0, 0x0, 0x0, 0xc, 0x0, 0x0,
    0x0, 0x18, 0x0, 0x0, 0x0, 0x0, 0x0, 0x0,
    0x0, 0x0, 0x0, 0x0, 0x0, 0x0, 0x0, 0x0,
    0x0, 0x0, 0x0, 0x0, 0x0, 0x30, 0x0, 0x18,
    0xff, 0xf0, 0x7f, 0xf8, 0x3f, 0xf0, 0x3f, 0xf8,
    0x3f, 0xf0, 0x1f, 0xf8, 0x1f, 0xf0, 0xf, 0xf8,
    0x1f, 0xf0, 0xf, 0xf8, 0x1f, 0xf0, 0xf, 0xf8,
    0x1f, 0xf0, 0xf, 0xf8, 0x1f, 0xf0, 0xf, 0xf8,
    0x1f, 0xf0, 0xf, 0xf8, 0x1f, 0xf0, 0xf, 0xf8,
    0x1f, 0xf0, 0xf, 0xf8, 0x1f, 0xf0, 0xf, 0xf8,
    0x1f, 0xf0, 0xf, 0xf8, 0x1f, 0xf0, 0xf, 0xf8,
    0x1f, 0xf0, 0xf, 0xf8, 0x1f, 0xf0, 0xf, 0xf8,
    0x1f, 0xf0, 0xf, 0xf8, 0x1f, 0xf0, 0xf, 0xf8,
    0x1f, 0xf0, 0xf, 0xf8, 0x1f, 0xf0, 0xf, 0xf8,
    0x1f, 0xf0, 0xf, 0xf8, 0x1f, 0xf0, 0xf, 0xf8,
    0x1f, 0xf0, 0xf, 0xf8, 0x1f, 0xf0, 0xf, 0xf8,
    0x1f, 0xf0, 0x1f, 0xf8, 0xf, 0xf0, 0x1f, 0xf8,
    0xf, 0xf8, 0x2f, 0xfc, 0xf, 0xff, 0xcf, 0xfc,
    0x7, 0xff, 0x8f, 0xff, 0x1, 0xfe, 0xc, 0x0,

    /* U+00FB "û" */
    0x0, 0x1, 0x0, 0x0, 0x0, 0x3, 0x0, 0x0,
    0x0, 0x3, 0x80, 0x0, 0x0, 0x7, 0xc0, 0x0,
    0x0, 0xf, 0xc0, 0x0, 0x0, 0xf, 0xe0, 0x0,
    0x0, 0x1f, 0xf0, 0x0, 0x0, 0x3f, 0xf8, 0x0,
    0x0, 0x7f, 0xfc, 0x0, 0x0, 0xf9, 0xfe, 0x0,
    0x1, 0xe0, 0x3f, 0x0, 0x7, 0x80, 0x7, 0x80,
    0x4, 0x0, 0x0, 0xc0, 0x0, 0x0, 0x0, 0x0,
    0x0, 0x0, 0x0, 0x0, 0x0, 0x0, 0x0, 0x0,
    0x0, 0x0, 0x0, 0x0, 0x0, 0x30, 0x0, 0x18,
    0xff, 0xf0, 0x7f, 0xf8, 0x3f, 0xf0, 0x3f, 0xf8,
    0x3f, 0xf0, 0x1f, 0xf8, 0x1f, 0xf0, 0xf, 0xf8,
    0x1f, 0xf0, 0xf, 0xf8, 0x1f, 0xf0, 0xf, 0xf8,
    0x1f, 0xf0, 0xf, 0xf8, 0x1f, 0xf0, 0xf, 0xf8,
    0x1f, 0xf0, 0xf, 0xf8, 0x1f, 0xf0, 0xf, 0xf8,
    0x1f, 0xf0, 0xf, 0xf8, 0x1f, 0xf0, 0xf, 0xf8,
    0x1f, 0xf0, 0xf, 0xf8, 0x1f, 0xf0, 0xf, 0xf8,
    0x1f, 0xf0, 0xf, 0xf8, 0x1f, 0xf0, 0xf, 0xf8,
    0x1f, 0xf0, 0xf, 0xf8, 0x1f, 0xf0, 0xf, 0xf8,
    0x1f, 0xf0, 0xf, 0xf8, 0x1f, 0xf0, 0xf, 0xf8,
    0x1f, 0xf0, 0xf, 0xf8, 0x1f, 0xf0, 0xf, 0xf8,
    0x1f, 0xf0, 0xf, 0xf8, 0x1f, 0xf0, 0xf, 0xf8,
    0x1f, 0xf0, 0x1f, 0xf8, 0xf, 0xf0, 0x1f, 0xf8,
    0xf, 0xf8, 0x2f, 0xfc, 0xf, 0xff, 0xcf, 0xfc,
    0x7, 0xff, 0x8f, 0xff, 0x1, 0xfe, 0xc, 0x0,

    /* U+00FC "ü" */
    0x3, 0xe0, 0x1e, 0x0, 0x7, 0xf0, 0x3f, 0x80,
    0xf, 0xf0, 0x7f, 0x80, 0xf, 0xf8, 0x7f, 0xc0,
    0xf, 0xf8, 0x7f, 0xc0, 0xf, 0xf8, 0x7f, 0xc0,
    0xf, 0xf8, 0x7f, 0xc0, 0x7, 0xf0, 0x3f, 0x80,
    0x3, 0xe0, 0x1e, 0x0, 0x0, 0x0, 0x0, 0x0,
    0x0, 0x0, 0x0, 0x0, 0x0, 0x0, 0x0, 0x0,
    0x0, 0x0, 0x0, 0x0, 0x0, 0x30, 0x0, 0x18,
    0xff, 0xf0, 0xff, 0xf8, 0x3f, 0xf0, 0x3f, 0xf8,
    0x3f, 0xf0, 0x1f, 0xf8, 0x1f, 0xf0, 0xf, 0xf8,
    0x1f, 0xf0, 0xf, 0xf8, 0x1f, 0xf0, 0xf, 0xf8,
    0x1f, 0xf0, 0xf, 0xf8, 0x1f, 0xf0, 0xf, 0xf8,
    0x1f, 0xf0, 0xf, 0xf8, 0x1f, 0xf0, 0xf, 0xf8,
    0x1f, 0xf0, 0xf, 0xf8, 0x1f, 0xf0, 0xf, 0xf8,
    0x1f, 0xf0, 0xf, 0xf8, 0x1f, 0xf0, 0xf, 0xf8,
    0x1f, 0xf0, 0xf, 0xf8, 0x1f, 0xf0, 0xf, 0xf8,
    0x1f, 0xf0, 0xf, 0xf8, 0x1f, 0xf0, 0xf, 0xf8,
    0x1f, 0xf0, 0xf, 0xf8, 0x1f, 0xf0, 0xf, 0xf8,
    0x1f, 0xf0, 0xf, 0xf8, 0x1f, 0xf0, 0xf, 0xf8,
    0x1f, 0xf0, 0xf, 0xf8, 0x1f, 0xf0, 0xf, 0xf8,
    0x1f, 0xf0, 0x1f, 0xf8, 0xf, 0xf0, 0x1f, 0xf8,
    0xf, 0xf8, 0x2f, 0xfc, 0xf, 0xff, 0xcf, 0xfc,
    0x7, 0xff, 0x8f, 0xff, 0x1, 0xfe, 0xc, 0x0,

    /* U+00FD "ý" */
    0x0, 0x0, 0x78, 0x0, 0x0, 0x3, 0xf0, 0x0,
    0x0, 0x1f, 0xe0, 0x0, 0x0, 0x7f, 0x80, 0x0,
    0x3, 0xfc, 0x0, 0x0, 0xf, 0xf0, 0x0, 0x0,
    0x3f, 0x80, 0x0, 0x1, 0xfc, 0x0, 0x0, 0x7,
    0xc0, 0x0, 0x0, 0x1e, 0x0, 0x0, 0x0, 0xe0,
    0x0, 0x0, 0x3, 0x0, 0x0, 0x0, 0x18, 0x0,
    0x0, 0x0, 0x0, 0x0, 0x0, 0x0, 0x0, 0x0,
    0x0, 0x0, 0x0, 0x0, 0x0, 0x0, 0x0, 0x0,
    0x0, 0x0, 0x0, 0xf, 0xff, 0xf0, 0xff, 0xdf,
    0xfe, 0x0, 0xfe, 0x3f, 0xf8, 0x1, 0xf0, 0x7f,
    0xe0, 0x3, 0x81, 0xff, 0x80, 0xe, 0x3, 0xff,
    0x0, 0x30, 0xf, 0xfc, 0x0, 0xc0, 0x1f, 0xf8,
    0x2, 0x0, 0x7f, 0xe0, 0x8, 0x0, 0xff, 0x80,
    0x20, 0x3, 0xff, 0x1, 0x0, 0x7, 0xfc, 0x4,
    0x0, 0x1f, 0xf8, 0x10, 0x0, 0x7f, 0xe0, 0x80,
    0x0, 0xff, 0xc2, 0x0, 0x3, 0xff, 0x8, 0x0,
    0x7, 0xfe, 0x40, 0x0, 0x1f, 0xf9, 0x0, 0x0,
    0x3f, 0xe4, 0x0, 0x0, 0xff, 0xe0, 0x0, 0x1,
    0xff, 0x80, 0x0, 0x7, 0xfc, 0x0, 0x0, 0x1f,
    0xf0, 0x0, 0x0, 0x3f, 0xc0, 0x0, 0x0, 0xfe,
    0x0, 0x0, 0x1, 0xf8, 0x0, 0x0, 0x7, 0xe0,
    0x0, 0x0, 0xf, 0x0, 0x0, 0x0, 0x3c, 0x0,
    0x0, 0x0, 0x60, 0x0, 0x7, 0x81, 0x80, 0x0,
    0x7f, 0x6, 0x0, 0x3, 0xfe, 0x10, 0x0, 0xf,
    0xf8, 0x40, 0x0, 0x3f, 0xe3, 0x0, 0x0, 0xff,
    0x88, 0x0, 0x1, 0xfc, 0x60, 0x0, 0x3, 0xe3,
    0x0, 0x0, 0x7, 0xf0, 0x0, 0x0,

    /* U+00FE "þ" */
    0xff, 0xf0, 0x0, 0x1, 0xff, 0xe0, 0x0, 0x0,
    0xff, 0xc0, 0x0, 0x0, 0xff, 0x80, 0x0, 0x1,
    0xff, 0x0, 0x0, 0x3, 0xfe, 0x0, 0x0, 0x7,
    0xfc, 0x0, 0x0, 0xf, 0xf8, 0x0, 0x0, 0x1f,
    0xf0, 0x0, 0x0, 0x3f, 0xe0, 0x0, 0x0, 0x7f,
    0xc0, 0x0, 0x0, 0xff, 0x80, 0x0, 0x1, 0xff,
    0x0, 0x0, 0x3, 0xfe, 0x0, 0x0, 0x7, 0xfc,
    0x0, 0x0, 0xf, 0xf8, 0x7f, 0xc0, 0x1f, 0xf3,
    0xff, 0xe0, 0x3f, 0xe8, 0x1f, 0xe0, 0x7f, 0xe0,
    0x3f, 0xe0, 0xff, 0x80, 0x3f, 0xc1, 0xff, 0x0,
    0x7f, 0xc3, 0xfe, 0x0, 0xff, 0x87, 0xfc, 0x0,
    0xff, 0xf, 0xf8, 0x1, 0xff, 0x1f, 0xf0, 0x3,
    0xfe, 0x3f, 0xe0, 0x7, 0xfc, 0x7f, 0xc0, 0xf,
    0xf8, 0xff, 0x80, 0x1f, 0xf1, 0xff, 0x0, 0x3f,
    0xe3, 0xfe, 0x0, 0x7f, 0xc7, 0xfc, 0x0, 0xff,
    0x8f, 0xf8, 0x1, 0xff, 0x1f, 0xf0, 0x3, 0xfe,
    0x3f, 0xe0, 0x7, 0xf8, 0x7f, 0xc0, 0xf, 0xf0,
    0xff, 0x80, 0x1f, 0xe1, 0xff, 0x0, 0x7f, 0xc3,
    0xfe, 0x0, 0xff, 0x7, 0xfc, 0x1, 0xfe, 0xf,
    0xf8, 0x7, 0xf8, 0x1f, 0xf0, 0xf, 0xe0, 0x3f,
    0xe0, 0x3f, 0x80, 0x7f, 0xe0, 0xfc, 0x0, 0xff,
    0x9f, 0xe0, 0x1, 0xff, 0x0, 0x0, 0x3, 0xfe,
    0x0, 0x0, 0x7, 0xfc, 0x0, 0x0, 0xf, 0xf8,
    0x0, 0x0, 0x1f, 0xf0, 0x0, 0x0, 0x3f, 0xe0,
    0x0, 0x0, 0x7f, 0xc0, 0x0, 0x0, 0xff, 0xc0,
    0x0, 0x3, 0xff, 0xc0, 0x0, 0x1f, 0xff, 0xf0,
    0x0, 0x0,

    /* U+00FF "ÿ" */
    0x3, 0xe0, 0xf, 0x80, 0x1f, 0xc0, 0x7f, 0x0,
    0xff, 0x3, 0xfc, 0x3, 0xfe, 0xf, 0xf8, 0xf,
    0xf8, 0x3f, 0xe0, 0x3f, 0xe0, 0xff, 0x80, 0xff,
    0x83, 0xfe, 0x1, 0xfc, 0x7, 0xf0, 0x3, 0xe0,
    0xf, 0x80, 0x0, 0x0, 0x0, 0x0, 0x0, 0x0,
    0x0, 0x0, 0x0, 0x0, 0x0, 0x0, 0x0, 0x0,
    0x0, 0x0, 0x0, 0x0, 0x0, 0x0, 0x0, 0x0,
    0x3f, 0xff, 0xc3, 0xff, 0x7f, 0xf8, 0x3, 0xf8,
    0xff, 0xe0, 0x7, 0xc1, 0xff, 0x80, 0xe, 0x7,
    0xfe, 0x0, 0x38, 0xf, 0xfc, 0x0, 0xc0, 0x3f,
    0xf0, 0x3, 0x0, 0x7f, 0xe0, 0x8, 0x1, 0xff,
    0x80, 0x20, 0x3, 0xfe, 0x0, 0x80, 0xf, 0xfc,
    0x4, 0x0, 0x1f, 0xf0, 0x10, 0x0, 0x7f, 0xe0,
    0x40, 0x1, 0xff, 0x82, 0x0, 0x3, 0xff, 0x8,
    0x0, 0xf, 0xfc, 0x20, 0x0, 0x1f, 0xf9, 0x0,
    0x0, 0x7f, 0xe4, 0x0, 0x0, 0xff, 0x90, 0x0,
    0x3, 0xff, 0x80, 0x0, 0x7, 0xfe, 0x0, 0x0,
    0x1f, 0xf0, 0x0, 0x0, 0x7f, 0xc0, 0x0, 0x0,
    0xff, 0x0, 0x0, 0x3, 0xf8, 0x0, 0x0, 0x7,
    0xe0, 0x0, 0x0, 0x1f, 0x80, 0x0, 0x0, 0x3c,
    0x0, 0x0, 0x0, 0xf0, 0x0, 0x0, 0x3, 0x80,
    0x0, 0x1e, 0x6, 0x0, 0x1, 0xfc, 0x18, 0x0,
    0xf, 0xf8, 0x40, 0x0, 0x3f, 0xe1, 0x0, 0x0,
    0xff, 0x8c, 0x0, 0x3, 0xfe, 0x20, 0x0, 0x7,
    0xf1, 0x0, 0x0, 0xf, 0x8c, 0x0, 0x0, 0x1f,
    0xc0, 0x0, 0x0,

    /* U+2010 "‐" */
    0xff, 0xff, 0xff, 0xff, 0xff, 0xff, 0xff, 0xff,
    0xff, 0xff, 0xff, 0xff, 0xf0,

    /* U+2013 "–" */
    0xff, 0xff, 0xff, 0xff, 0xff, 0xff, 0xff, 0xff,
    0xff, 0xff, 0xff, 0xff, 0xff, 0xff, 0xff, 0xff,
    0xff, 0xff, 0xff, 0xff, 0xff, 0xff, 0xff, 0xff,
    0xf0,

    /* U+2014 "—" */
    0xff, 0xff, 0xff, 0xff, 0xff, 0xff, 0xff, 0xff,
    0xff, 0xff, 0xff, 0xff, 0xff, 0xff, 0xff, 0xff,
    0xff, 0xff, 0xff, 0xff, 0xff, 0xff, 0xff, 0xff,
    0xff, 0xff, 0xff, 0xff, 0xff, 0xff, 0xff, 0xff,
    0xff, 0xff, 0xff, 0xff, 0xff, 0xff, 0xff, 0xe0,

    /* U+2018 "‘" */
    0x4, 0x6, 0x3, 0x0, 0x80, 0x60, 0x10, 0xc,
    0x3, 0x7c, 0xff, 0xbf, 0xff, 0xff, 0xff, 0x7f,
    0xdf, 0xf3, 0xf8, 0x7c,

    /* U+2019 "’" */
    0x3e, 0x1f, 0xcf, 0xfb, 0xfe, 0xff, 0xff, 0xff,
    0xfd, 0xff, 0x3e, 0xc0, 0x30, 0x8, 0x6, 0x1,
    0x0, 0xc0, 0x60, 0x20,

    /* U+201A "‚" */
    0x3e, 0x1f, 0xcf, 0xfb, 0xfe, 0xff, 0xff, 0xff,
    0xfd, 0xff, 0x3e, 0xc0, 0x30, 0x8, 0x6, 0x1,
    0x0, 0xc0, 0x60, 0x20,

    /* U+201C "“" */
    0x4, 0x0, 0x40, 0x60, 0x6, 0x3, 0x0, 0x30,
    0x8, 0x0, 0x80, 0x60, 0x6, 0x1, 0x0, 0x10,
    0xc, 0x0, 0xc0, 0x37, 0xc3, 0x7c, 0xff, 0x8f,
    0xfb, 0xff, 0x3f, 0xff, 0xfc, 0xff, 0xff, 0xf3,
    0xff, 0x7f, 0xc7, 0xfd, 0xff, 0x1f, 0xf3, 0xf8,
    0x3f, 0x87, 0xc0, 0x7c,

    /* U+201D "”" */
    0x3e, 0x3, 0xe1, 0xfc, 0x1f, 0xcf, 0xf8, 0xff,
    0xbf, 0xe3, 0xfe, 0xff, 0xcf, 0xff, 0xff, 0x3f,
    0xff, 0xfc, 0xff, 0xdf, 0xf1, 0xff, 0x3e, 0xc3,
    0xec, 0x3, 0x0, 0x30, 0x8, 0x0, 0x80, 0x60,
    0x6, 0x1, 0x0, 0x10, 0xc, 0x0, 0xc0, 0x60,
    0x6, 0x2, 0x0, 0x20,

    /* U+201E "„" */
    0x3e, 0x3, 0xe1, 0xfc, 0x1f, 0xcf, 0xf8, 0xff,
    0xbf, 0xe3, 0xfe, 0xff, 0xcf, 0xff, 0xff, 0x3f,
    0xff, 0xfc, 0xff, 0xdf, 0xf1, 0xff, 0x3e, 0xc3,
    0xec, 0x3, 0x0, 0x30, 0x8, 0x0, 0x80, 0x60,
    0x6, 0x1, 0x0, 0x10, 0xc, 0x0, 0xc0, 0x60,
    0x6, 0x2, 0x0, 0x20,

    /* U+2020 "†" */
    0x0, 0xc0, 0x0, 0x78, 0x0, 0x1e, 0x0, 0x3,
    0x0, 0x0, 0xc0, 0x0, 0x30, 0x0, 0xc, 0x0,
    0x3, 0x0, 0x0, 0xc0, 0x0, 0x30, 0x3, 0x80,
    0x7b, 0xff, 0xff, 0x30, 0xc3, 0x0, 0x30, 0x0,
    0xc, 0x0, 0x7, 0x80, 0x1, 0xe0, 0x0, 0x78,
    0x0, 0x1e, 0x0, 0x7, 0x80, 0x1, 0xe0, 0x0,
    0x78, 0x0, 0x1e, 0x0, 0x7, 0x80, 0x1, 0xe0,
    0x0, 0x78, 0x0, 0x1e, 0x0, 0x7, 0x80, 0x1,
    0xe0, 0x0, 0x78, 0x0, 0x1e, 0x0, 0x7, 0x80,
    0x1, 0xe0, 0x0, 0x78, 0x0, 0x1e, 0x0, 0x7,
    0x80, 0x1, 0xe0, 0x0, 0x78, 0x0, 0x1e, 0x0,
    0x7, 0x80, 0x0, 0xc0, 0x0, 0x30, 0x0, 0xc,
    0x0, 0x3, 0x0, 0x0, 0xc0, 0x0, 0x0, 0x0,

    /* U+2021 "‡" */
    0x0, 0x0, 0x0, 0x38, 0x0, 0x1e, 0x0, 0x3,
    0x0, 0x0, 0xc0, 0x0, 0x30, 0x0, 0xc, 0x0,
    0x3, 0x0, 0x0, 0xc0, 0x0, 0x30, 0x2, 0xc,
    0x11, 0xf8, 0x7e, 0x7d, 0xff, 0x80, 0x30, 0x0,
    0xc, 0x0, 0x7, 0x80, 0x1, 0xe0, 0x0, 0x78,
    0x0, 0x1e, 0x0, 0x7, 0x80, 0x1, 0xe0, 0x0,
    0x78, 0x0, 0x1e, 0x0, 0x7, 0x80, 0x1, 0xe0,
    0x0, 0x78, 0x0, 0x1e, 0x0, 0x7, 0x80, 0x1,
    0xe0, 0x0, 0x78, 0x0, 0x1e, 0x0, 0x7, 0x80,
    0x0, 0xc0, 0x0, 0x30, 0x3, 0xc, 0x31, 0xff,
    0xfe, 0x38, 0x7, 0x0, 0x30, 0x0, 0xc, 0x0,
    0x3, 0x0, 0x0, 0xc0, 0x0, 0x30, 0x0, 0xc,
    0x0, 0x3, 0x0, 0x1, 0xe0, 0x0, 0x38, 0x0,
    0xc, 0x0,

    /* U+2022 "•" */
    0x1, 0xf8, 0x0, 0x7f, 0xe0, 0x1f, 0xff, 0x83,
    0xff, 0xfc, 0x3f, 0xff, 0xc7, 0xff, 0xfe, 0x7f,
    0xff, 0xef, 0xff, 0xff, 0xff, 0xff, 0xff, 0xff,
    0xff, 0xff, 0xff, 0xff, 0xff, 0xff, 0xff, 0xff,
    0xf7, 0xff, 0xfe, 0x7f, 0xff, 0xe3, 0xff, 0xfc,
    0x3f, 0xff, 0xc1, 0xff, 0xf8, 0x7, 0xfe, 0x0,
    0x1f, 0x80,

    /* U+2026 "…" */
    0x3f, 0x0, 0x3f, 0x0, 0x3f, 0x1f, 0xe0, 0x1f,
    0xe0, 0x1f, 0xef, 0xfc, 0xf, 0xfc, 0xf, 0xff,
    0xff, 0x3, 0xff, 0x3, 0xff, 0xff, 0xc0, 0xff,
    0xc0, 0xff, 0xff, 0xf0, 0x3f, 0xf0, 0x3f, 0xff,
    0xfc, 0xf, 0xfc, 0xf, 0xfd, 0xfe, 0x1, 0xfe,
    0x1, 0xfe, 0x3f, 0x0, 0x3f, 0x0, 0x3f, 0x0,

    /* U+2030 "‰" */
    0x0, 0x0, 0x0, 0x0, 0x30, 0x0, 0x0, 0x0,
    0x0, 0x0, 0x0, 0x4, 0x0, 0x0, 0x0, 0x0,
    0x0, 0x0, 0x1, 0x80, 0x0, 0x0, 0x1, 0xfc,
    0x0, 0x0, 0x60, 0x0, 0x0, 0x0, 0xf1, 0xe0,
    0x0, 0x8, 0x0, 0x0, 0x0, 0x3c, 0x1e, 0x0,
    0x3, 0x0, 0x0, 0x0, 0xf, 0x83, 0xe0, 0x0,
    0xc0, 0x0, 0x0, 0x3, 0xe0, 0x7e, 0x0, 0x10,
    0x0, 0x0, 0x0, 0x7c, 0x7, 0xc0, 0x6, 0x0,
    0x0, 0x0, 0x1f, 0x80, 0xfc, 0x1, 0x80, 0x0,
    0x0, 0x3, 0xf0, 0x1f, 0x80, 0x20, 0x0, 0x0,
    0x0, 0x7e, 0x3, 0xf0, 0xc, 0x0, 0x0, 0x0,
    0xf, 0xc0, 0x7e, 0x3, 0x0, 0x0, 0x0, 0x1,
    0xf8, 0xf, 0xc0, 0x40, 0x0, 0x0, 0x0, 0x3f,
    0x1, 0xf8, 0x18, 0x0, 0x0, 0x0, 0x7, 0xe0,
    0x3f, 0x6, 0x0, 0x0, 0x0, 0x0, 0x7c, 0x7,
    0xc0, 0x80, 0x0, 0x0, 0x0, 0xf, 0x80, 0xf8,
    0x30, 0x0, 0x0, 0x0, 0x0, 0xf8, 0x3e, 0xc,
    0x0, 0x0, 0x0, 0x0, 0xf, 0x7, 0x81, 0x0,
    0x0, 0x0, 0x0, 0x0, 0xf1, 0xe0, 0x60, 0x0,
    0x0, 0x0, 0x0, 0x7, 0xf0, 0x18, 0x0, 0x0,
    0x0, 0x0, 0x0, 0x0, 0x2, 0x0, 0x0, 0x0,
    0x0, 0x0, 0x0, 0x0, 0xc0, 0x0, 0x0, 0x0,
    0x0, 0x0, 0x0, 0x30, 0x0, 0x0, 0x0, 0x0,
    0x0, 0x0, 0x4, 0x0, 0x0, 0x0, 0x0, 0x0,
    0x0, 0x1, 0x80, 0x0, 0x0, 0x0, 0x0, 0x0,
    0x0, 0x60, 0x0, 0x0, 0x0, 0x0, 0x0, 0x0,
    0x8, 0xf, 0xe0, 0x0, 0x3f, 0x80, 0x0, 0x3,
    0x7, 0x8f, 0x0, 0x1e, 0x3c, 0x0, 0x0, 0xc1,
    0xe0, 0xf0, 0x7, 0x83, 0xc0, 0x0, 0x10, 0x7c,
    0x1f, 0x1, 0xf0, 0x7c, 0x0, 0x4, 0x1f, 0x3,
    0xf0, 0x7c, 0xf, 0xc0, 0x1, 0x83, 0xe0, 0x3e,
    0xf, 0x80, 0xf8, 0x0, 0x20, 0xfc, 0x7, 0xe3,
    0xf0, 0x1f, 0x80, 0x8, 0x1f, 0x80, 0xfc, 0x7e,
    0x3, 0xf0, 0x3, 0x3, 0xf0, 0x1f, 0x8f, 0xc0,
    0x7e, 0x0, 0x40, 0x7e, 0x3, 0xf1, 0xf8, 0xf,
    0xc0, 0x10, 0xf, 0xc0, 0x7e, 0x3f, 0x1, 0xf8,
    0x6, 0x1, 0xf8, 0xf, 0xc7, 0xe0, 0x3f, 0x0,
    0x80, 0x3f, 0x1, 0xf8, 0xfc, 0x7, 0xe0, 0x20,
    0x3, 0xe0, 0x3e, 0xf, 0x80, 0xf8, 0xc, 0x0,
    0x7e, 0x7, 0xc1, 0xf8, 0x1f, 0x1, 0x0, 0x7,
    0xc1, 0xf0, 0x1f, 0x7, 0xc0, 0x40, 0x0, 0x78,
    0x3c, 0x1, 0xe0, 0xf0, 0x18, 0x0, 0x7, 0x8f,
    0x0, 0x1e, 0x3c, 0x2, 0x0, 0x0, 0x3f, 0x80,
    0x0, 0xfe, 0x0, 0x80, 0x0, 0x0, 0x0, 0x0,
    0x0, 0x0, 0x30, 0x0, 0x0, 0x0, 0x0, 0x0,
    0x0, 0x0,

    /* U+2032 "′" */
    0x1, 0xff, 0x80, 0xff, 0xc0, 0x3f, 0xe0, 0x1f,
    0xf0, 0x7, 0xf8, 0x1, 0xfc, 0x0, 0xfe, 0x0,
    0x3f, 0x0, 0x1f, 0x80, 0x7, 0xc0, 0x1, 0xe0,
    0x0, 0xf0, 0x0, 0x3c, 0x0, 0x1e, 0x0, 0x7,
    0x0, 0x1, 0x80, 0x0, 0xc0, 0x0, 0x0,

    /* U+2033 "″" */
    0x1, 0xff, 0x87, 0xfe, 0x3, 0xff, 0xf, 0xfc,
    0x3, 0xfe, 0xf, 0xf8, 0x7, 0xfc, 0xf, 0xf8,
    0x7, 0xf8, 0x1f, 0xf0, 0x7, 0xf0, 0x1f, 0xe0,
    0xf, 0xe0, 0x3f, 0xc0, 0xf, 0xc0, 0x3f, 0x80,
    0x1f, 0x80, 0x3f, 0x0, 0x1f, 0x0, 0x7e, 0x0,
    0x1e, 0x0, 0x7c, 0x0, 0x3c, 0x0, 0xf8, 0x0,
    0x3c, 0x0, 0xf0, 0x0, 0x78, 0x0, 0xe0, 0x0,
    0x70, 0x1, 0xc0, 0x0, 0x60, 0x1, 0x80, 0x0,
    0xc0, 0x3, 0x0, 0x0,

    /* U+2039 "‹" */
    0x0, 0x0, 0x80, 0x0, 0xc0, 0x0, 0xc0, 0x0,
    0xe0, 0x0, 0xf0, 0x0, 0xf0, 0x0, 0xf8, 0x0,
    0xf8, 0x0, 0xfc, 0x0, 0xfc, 0x0, 0xfe, 0x0,
    0xfe, 0x1, 0xff, 0x1, 0xff, 0x1, 0xff, 0x81,
    0xff, 0x80, 0x7f, 0xe0, 0x1f, 0xf0, 0x3, 0xfc,
    0x0, 0xff, 0x0, 0x3f, 0x80, 0xf, 0xe0, 0x3,
    0xf0, 0x0, 0xfc, 0x0, 0x3e, 0x0, 0xf, 0x0,
    0x3, 0xc0, 0x0, 0xe0, 0x0, 0x30, 0x0, 0xc,
    0x0, 0x2,

    /* U+203A "›" */
    0x80, 0x0, 0x60, 0x0, 0x18, 0x0, 0xe, 0x0,
    0x7, 0x80, 0x1, 0xe0, 0x0, 0xf8, 0x0, 0x3e,
    0x0, 0x1f, 0x80, 0xf, 0xe0, 0x3, 0xf8, 0x0,
    0xfe, 0x0, 0x7f, 0xc0, 0x1f, 0xf0, 0xf, 0xfc,
    0x3, 0xff, 0x3, 0xff, 0x1, 0xff, 0x1, 0xfe,
    0x1, 0xfe, 0x0, 0xfe, 0x0, 0xfe, 0x0, 0x7e,
    0x0, 0x7e, 0x0, 0x3e, 0x0, 0x1e, 0x0, 0x1e,
    0x0, 0xe, 0x0, 0x6, 0x0, 0x6, 0x0, 0x2,
    0x0, 0x0,

    /* U+2044 "⁄" */
    0x0, 0x0, 0x0, 0x0, 0xc0, 0x0, 0x0, 0x0,
    0x60, 0x0, 0x0, 0x0, 0x10, 0x0, 0x0, 0x0,
    0xc, 0x0, 0x0, 0x0, 0x6, 0x0, 0x0, 0x0,
    0x1, 0x0, 0x0, 0x0, 0x0, 0x80, 0x0, 0x0,
    0x0, 0x60, 0x0, 0x0, 0x0, 0x10, 0x0, 0x0,
    0x0, 0x8, 0x0, 0x0, 0x0, 0x6, 0x0, 0x0,
    0x0, 0x1, 0x0, 0x0, 0x0, 0x0, 0x80, 0x0,
    0x0, 0x0, 0x60, 0x0, 0x0, 0x0, 0x10, 0x0,
    0x0, 0x0, 0x8, 0x0, 0x0, 0x0, 0x6, 0x0,
    0x0, 0x0, 0x1, 0x0, 0x0, 0x0, 0x0, 0x80,
    0x0, 0x0, 0x0, 0x60, 0x0, 0x0, 0x0, 0x10,
    0x0, 0x0, 0x0, 0x8, 0x0, 0x0, 0x0, 0x6,
    0x0, 0x0, 0x0, 0x1, 0x0, 0x0, 0x0, 0x0,
    0x80, 0x0, 0x0, 0x0, 0x60, 0x0, 0x0, 0x0,
    0x30, 0x0, 0x0, 0x0, 0x8, 0x0, 0x0, 0x0,
    0x6, 0x0, 0x0, 0x0, 0x3, 0x0, 0x0, 0x0,
    0x0, 0x80, 0x0, 0x0, 0x0, 0x60, 0x0, 0x0,
    0x0, 0x30, 0x0, 0x0, 0x0, 0x8, 0x0, 0x0,
    0x0, 0x6, 0x0, 0x0, 0x0, 0x3, 0x0, 0x0,
    0x0, 0x0, 0x80, 0x0, 0x0, 0x0, 0x60, 0x0,
    0x0, 0x0, 0x30, 0x0, 0x0, 0x0, 0x8, 0x0,
    0x0, 0x0, 0x6, 0x0, 0x0, 0x0, 0x3, 0x0,
    0x0, 0x0, 0x0, 0x80, 0x0, 0x0, 0x0, 0x60,
    0x0, 0x0, 0x0, 0x30, 0x0, 0x0, 0x0, 0x8,
    0x0, 0x0, 0x0, 0x6, 0x0, 0x0, 0x0, 0x3,
    0x0, 0x0, 0x0, 0x0, 0x80, 0x0, 0x0, 0x0,
    0x0,

    /* U+20AC "€" */
    0x0, 0x0, 0x7f, 0xc0, 0x0, 0x3, 0xf0, 0x78,
    0x0, 0x7, 0xc0, 0x7c, 0x0, 0x1f, 0x80, 0xfe,
    0x0, 0x3f, 0x1, 0xff, 0x0, 0x7f, 0x1, 0xff,
    0x0, 0xfe, 0x1, 0xff, 0x0, 0xfe, 0x1, 0xff,
    0x1, 0xfc, 0x0, 0xfe, 0x3, 0xfc, 0x0, 0x78,
    0x3, 0xfc, 0x0, 0x0, 0x3, 0xfc, 0x0, 0x0,
    0x7, 0xfc, 0x0, 0x0, 0x7, 0xf8, 0x0, 0x0,
    0x7, 0xf8, 0x0, 0x0, 0xf, 0xf8, 0x0, 0x0,
    0xf, 0xf8, 0x0, 0x0, 0xff, 0xff, 0xff, 0x80,
    0xf, 0xf8, 0x0, 0x0, 0xf, 0xf8, 0x0, 0x0,
    0xf, 0xf8, 0x0, 0x0, 0xf, 0xf8, 0x0, 0x0,
    0xff, 0xff, 0xfc, 0x0, 0xf, 0xf8, 0x0, 0x0,
    0xf, 0xf8, 0x0, 0x0, 0xf, 0xf8, 0x0, 0x0,
    0xf, 0xf8, 0x0, 0x0, 0x7, 0xf8, 0x0, 0x0,
    0x7, 0xf8, 0x0, 0x0, 0x7, 0xfc, 0x0, 0x0,
    0x3, 0xfc, 0x0, 0x0, 0x3, 0xfc, 0x0, 0x7c,
    0x3, 0xfc, 0x0, 0xfe, 0x1, 0xfe, 0x1, 0xff,
    0x0, 0xfe, 0x1, 0xff, 0x0, 0xfe, 0x1, 0xff,
    0x0, 0x7f, 0x1, 0xff, 0x0, 0x3f, 0x80, 0xfe,
    0x0, 0xf, 0xc0, 0x7c, 0x0, 0x3, 0xe0, 0x78,
    0x0, 0x0, 0x7f, 0xc0,

    /* U+2116 "№" */
    0x0, 0x0, 0x0, 0x0, 0x1, 0xfc, 0x3, 0xff,
    0xc0, 0x1f, 0xf8, 0x3f, 0x3e, 0x1, 0xff, 0x80,
    0xf, 0x3, 0xf8, 0x7c, 0x3, 0xfe, 0x0, 0x18,
    0x1f, 0xe1, 0xf8, 0xf, 0xfc, 0x0, 0x60, 0x7f,
    0x7, 0xf0, 0x3f, 0xf8, 0x1, 0x83, 0xfc, 0xf,
    0xe0, 0xff, 0xe0, 0x6, 0xf, 0xf0, 0x3f, 0x83,
    0xff, 0xc0, 0x18, 0x7f, 0xc0, 0xff, 0xd, 0xff,
    0x0, 0x61, 0xff, 0x3, 0xfc, 0x37, 0xfe, 0x1,
    0x87, 0xfc, 0xf, 0xf0, 0xcf, 0xf8, 0x6, 0x1f,
    0xf0, 0x3f, 0xc3, 0x3f, 0xf0, 0x18, 0x7f, 0xc0,
    0xff, 0xc, 0x7f, 0xc0, 0x61, 0xff, 0x3, 0xfc,
    0x31, 0xff, 0x81, 0x87, 0xfc, 0xf, 0xf0, 0xc3,
    0xfe, 0x6, 0x1f, 0xf0, 0x3f, 0x83, 0xf, 0xfc,
    0x18, 0x3f, 0xc0, 0xfe, 0xc, 0x1f, 0xf0, 0x60,
    0x7f, 0x7, 0xf0, 0x30, 0x7f, 0xe1, 0x81, 0xfe,
    0x1f, 0xc0, 0xc0, 0xff, 0x86, 0x3, 0xf8, 0x7e,
    0x3, 0x3, 0xff, 0x18, 0x3, 0xf3, 0xe0, 0xc,
    0x7, 0xfc, 0x60, 0x1, 0xfc, 0x0, 0x30, 0x1f,
    0xf9, 0x80, 0x0, 0x0, 0x0, 0xc0, 0x3f, 0xe6,
    0x0, 0x0, 0x0, 0x3, 0x0, 0xff, 0xd8, 0x0,
    0x0, 0x0, 0xc, 0x1, 0xff, 0x61, 0xff, 0xff,
    0xf8, 0x30, 0x7, 0xff, 0x80, 0x0, 0x0, 0x0,
    0xc0, 0xf, 0xfe, 0x0, 0x0, 0x0, 0x3, 0x0,
    0x3f, 0xf8, 0x0, 0x0, 0x0, 0xc, 0x0, 0x7f,
    0xe1, 0xff, 0xff, 0xf8, 0x30, 0x1, 0xff, 0x80,
    0x0, 0x0, 0x0, 0xc0, 0x3, 0xfe, 0x0, 0x0,
    0x0, 0x3, 0x0, 0xf, 0xf8, 0x0, 0x0, 0x0,
    0xc, 0x0, 0x1f, 0xe0, 0x0, 0x0, 0x0, 0x30,
    0x0, 0x3f, 0x80, 0x0, 0x0, 0x0, 0xc0, 0x0,
    0xfe, 0x0, 0x0, 0x0, 0x3, 0x0, 0x1, 0xf8,
    0x0, 0x0, 0x0, 0xc, 0x0, 0x7, 0xe0, 0x0,
    0x0, 0x0, 0x30, 0x0, 0xf, 0x80, 0x0, 0x0,
    0x0, 0xc0, 0x0, 0x3e, 0x0, 0x0, 0x0, 0x7,
    0x80, 0x0, 0x78, 0x0, 0x0, 0x0, 0xff, 0xc0,
    0x1, 0xe0, 0x0, 0x0, 0x0,

    /* U+2122 "™" */
    0x7f, 0xff, 0xfc, 0x7f, 0xe0, 0x7, 0xfe, 0xf1,
    0xfc, 0x78, 0x3f, 0xc0, 0xf, 0xf1, 0xc3, 0xf8,
    0x70, 0x3f, 0xc0, 0x3f, 0xc3, 0x7, 0xf0, 0x60,
    0x7f, 0x80, 0x7f, 0x86, 0xf, 0xe0, 0xc0, 0xff,
    0x80, 0xff, 0x8, 0x1f, 0xc0, 0x81, 0x7f, 0x3,
    0xfe, 0x10, 0x3f, 0x81, 0x2, 0xfe, 0x5, 0xfc,
    0x20, 0x7f, 0x2, 0x5, 0xfe, 0x1b, 0xf8, 0x0,
    0xfe, 0x0, 0x9, 0xfc, 0x27, 0xf0, 0x1, 0xfc,
    0x0, 0x13, 0xfc, 0x4f, 0xe0, 0x3, 0xf8, 0x0,
    0x23, 0xf9, 0x9f, 0xc0, 0x7, 0xf0, 0x0, 0x47,
    0xf2, 0x3f, 0x80, 0xf, 0xe0, 0x0, 0x8f, 0xfc,
    0x7f, 0x0, 0x1f, 0xc0, 0x1, 0xf, 0xf8, 0xfe,
    0x0, 0x3f, 0x80, 0x2, 0x1f, 0xe1, 0xfc, 0x0,
    0x7f, 0x0, 0x4, 0x1f, 0xc3, 0xf8, 0x0, 0xfe,
    0x0, 0x8, 0x3f, 0x7, 0xf0, 0x1, 0xfc, 0x0,
    0x10, 0x7e, 0xf, 0xe0, 0x3, 0xf8, 0x0, 0x20,
    0x7c, 0x1f, 0xc0, 0x7, 0xf0, 0x0, 0x40, 0xf0,
    0x3f, 0x80, 0xf, 0xe0, 0x0, 0x80, 0xe0, 0x7f,
    0x0, 0x3f, 0xe0, 0x3, 0x1, 0xc0, 0xff, 0x3,
    0xff, 0xf8, 0x1f, 0x83, 0x7, 0xff, 0x80,

    /* U+2248 "≈" */
    0x3, 0xf8, 0x0, 0x1, 0xf, 0xff, 0x0, 0x3,
    0x1f, 0xff, 0x80, 0x3, 0x1f, 0xff, 0xe0, 0x6,
    0x3f, 0xff, 0xfc, 0x1e, 0x3f, 0xff, 0xff, 0xfe,
    0x7f, 0xff, 0xff, 0xfc, 0x78, 0xf, 0xff, 0xfc,
    0x60, 0x3, 0xff, 0xf8, 0xc0, 0x0, 0xff, 0xf8,
    0xc1, 0xe0, 0x3f, 0xf0, 0x87, 0xfc, 0xf, 0xc3,
    0x1f, 0xff, 0x0, 0x7, 0x1f, 0xff, 0xc0, 0xe,
    0x3f, 0xff, 0xf0, 0x3e, 0x7f, 0xff, 0xff, 0xfe,
    0x7f, 0xff, 0xff, 0xfc, 0x70, 0x1f, 0xff, 0xfc,
    0x60, 0x7, 0xff, 0xf8, 0xc0, 0x1, 0xff, 0xf0,
    0x80, 0x0, 0x7f, 0xe0, 0x0, 0x0, 0x1f, 0x80,

    /* U+2260 "≠" */
    0x0, 0x0, 0xc, 0x0, 0x0, 0x0, 0xc0, 0x0,
    0x0, 0x18, 0x0, 0x0, 0x3, 0x80, 0x0, 0x0,
    0x30, 0x0, 0x0, 0x6, 0x0, 0x0, 0x0, 0x60,
    0x0, 0x0, 0xc, 0x0, 0xff, 0xff, 0xff, 0xf0,
    0x0, 0x18, 0x0, 0x0, 0x3, 0x0, 0x0, 0x0,
    0x30, 0x0, 0x0, 0x6, 0x0, 0x0, 0x0, 0x60,
    0x0, 0x0, 0xc, 0x0, 0x0, 0x1, 0xc0, 0x0,
    0xff, 0xff, 0xff, 0xf0, 0x3, 0x0, 0x0, 0x0,
    0x30, 0x0, 0x0, 0x6, 0x0, 0x0, 0x0, 0x60,
    0x0, 0x0, 0xc, 0x0, 0x0, 0x1, 0xc0, 0x0,
    0x0, 0x18, 0x0, 0x0, 0x0, 0x0, 0x0, 0x0,

    /* U+2264 "≤" */
    0x0, 0x0, 0x0, 0x10, 0x0, 0x0, 0x3, 0x80,
    0x0, 0x0, 0x7c, 0x0, 0x0, 0x1f, 0x80, 0x0,
    0x3, 0xf0, 0x0, 0x0, 0x7c, 0x0, 0x0, 0xf,
    0x80, 0x0, 0x1, 0xf0, 0x0, 0x0, 0x3e, 0x0,
    0x0, 0x7, 0xc0, 0x0, 0x1, 0xf8, 0x0, 0x0,
    0x3f, 0x0, 0x0, 0x7, 0xe0, 0x0, 0x0, 0x1f,
    0x0, 0x0, 0x0, 0x3e, 0x0, 0x0, 0x0, 0x7e,
    0x0, 0x0, 0x0, 0xfc, 0x0, 0x0, 0x0, 0xf8,
    0x0, 0x0, 0x1, 0xf0, 0x0, 0x0, 0x3, 0xe0,
    0x0, 0x0, 0x7, 0xc0, 0x0, 0x0, 0xf, 0x80,
    0x0, 0x0, 0x1f, 0x80, 0x0, 0x0, 0x3f, 0x0,
    0x0, 0x0, 0x30, 0x0, 0x0, 0x0, 0x0, 0x0,
    0x0, 0x0, 0x0, 0x0, 0x0, 0x0, 0x0, 0x0,
    0x0, 0x0, 0x0, 0x0, 0x0, 0x0, 0x0, 0x0,
    0xf, 0xff, 0xff, 0xff,

    /* U+2265 "≥" */
    0x40, 0x0, 0x0, 0x3, 0xc0, 0x0, 0x0, 0x1f,
    0x80, 0x0, 0x0, 0x1f, 0x0, 0x0, 0x0, 0x3e,
    0x0, 0x0, 0x0, 0x7c, 0x0, 0x0, 0x0, 0xf8,
    0x0, 0x0, 0x1, 0xf0, 0x0, 0x0, 0x3, 0xf0,
    0x0, 0x0, 0x7, 0xe0, 0x0, 0x0, 0xf, 0xc0,
    0x0, 0x0, 0xf, 0x80, 0x0, 0x0, 0x1f, 0x0,
    0x0, 0x1, 0xf0, 0x0, 0x0, 0x3e, 0x0, 0x0,
    0x7, 0xc0, 0x0, 0x0, 0xf8, 0x0, 0x0, 0x3f,
    0x0, 0x0, 0x7, 0xe0, 0x0, 0x0, 0xf8, 0x0,
    0x0, 0x1f, 0x0, 0x0, 0x3, 0xe0, 0x0, 0x0,
    0x7c, 0x0, 0x0, 0xf, 0x80, 0x0, 0x0, 0x70,
    0x0, 0x0, 0x0, 0x0, 0x0, 0x0, 0x0, 0x0,
    0x0, 0x0, 0x0, 0x0, 0x0, 0x0, 0x0, 0x0,
    0x0, 0x0, 0x0, 0x0, 0x0, 0x0, 0x0, 0x0,
    0x1f, 0xff, 0xff, 0xfe
};


/*---------------------
 *  GLYPH DESCRIPTION
 *--------------------*/

static const lv_font_fmt_txt_glyph_dsc_t glyph_dsc[] = {
    {.bitmap_index = 0, .adv_w = 0, .box_w = 0, .box_h = 0, .ofs_x = 0, .ofs_y = 0} /* id = 0 reserved */,
    {.bitmap_index = 0, .adv_w = 204, .box_w = 1, .box_h = 1, .ofs_x = 0, .ofs_y = 0},
    {.bitmap_index = 1, .adv_w = 266, .box_w = 11, .box_h = 45, .ofs_x = 3, .ofs_y = -1},
    {.bitmap_index = 63, .adv_w = 352, .box_w = 18, .box_h = 15, .ofs_x = 2, .ofs_y = 26},
    {.bitmap_index = 97, .adv_w = 551, .box_w = 30, .box_h = 28, .ofs_x = 2, .ofs_y = 6},
    {.bitmap_index = 202, .adv_w = 530, .box_w = 29, .box_h = 55, .ofs_x = 3, .ofs_y = -8},
    {.bitmap_index = 402, .adv_w = 649, .box_w = 37, .box_h = 49, .ofs_x = 2, .ofs_y = -3},
    {.bitmap_index = 629, .adv_w = 823, .box_w = 49, .box_h = 41, .ofs_x = 2, .ofs_y = -1},
    {.bitmap_index = 881, .adv_w = 193, .box_w = 8, .box_h = 15, .ofs_x = 2, .ofs_y = 26},
    {.bitmap_index = 896, .adv_w = 292, .box_w = 16, .box_h = 55, .ofs_x = 2, .ofs_y = -10},
    {.bitmap_index = 1006, .adv_w = 292, .box_w = 16, .box_h = 55, .ofs_x = 1, .ofs_y = -10},
    {.bitmap_index = 1116, .adv_w = 427, .box_w = 22, .box_h = 24, .ofs_x = 2, .ofs_y = 17},
    {.bitmap_index = 1182, .adv_w = 510, .box_w = 28, .box_h = 28, .ofs_x = 2, .ofs_y = 7},
    {.bitmap_index = 1280, .adv_w = 246, .box_w = 10, .box_h = 16, .ofs_x = 3, .ofs_y = -8},
    {.bitmap_index = 1300, .adv_w = 426, .box_w = 20, .box_h = 5, .ofs_x = 3, .ofs_y = 13},
    {.bitmap_index = 1313, .adv_w = 247, .box_w = 10, .box_h = 9, .ofs_x = 3, .ofs_y = -1},
    {.bitmap_index = 1325, .adv_w = 329, .box_w = 17, .box_h = 42, .ofs_x = 2, .ofs_y = -1},
    {.bitmap_index = 1415, .adv_w = 591, .box_w = 32, .box_h = 31, .ofs_x = 2, .ofs_y = -1},
    {.bitmap_index = 1539, .adv_w = 348, .box_w = 18, .box_h = 30, .ofs_x = 2, .ofs_y = 0},
    {.bitmap_index = 1607, .adv_w = 482, .box_w = 26, .box_h = 30, .ofs_x = 2, .ofs_y = 0},
    {.bitmap_index = 1705, .adv_w = 448, .box_w = 25, .box_h = 39, .ofs_x = 1, .ofs_y = -9},
    {.bitmap_index = 1827, .adv_w = 483, .box_w = 29, .box_h = 39, .ofs_x = 0, .ofs_y = -8},
    {.bitmap_index = 1969, .adv_w = 425, .box_w = 23, .box_h = 40, .ofs_x = 1, .ofs_y = -9},
    {.bitmap_index = 2084, .adv_w = 516, .box_w = 28, .box_h = 41, .ofs_x = 3, .ofs_y = -1},
    {.bitmap_index = 2228, .adv_w = 423, .box_w = 25, .box_h = 37, .ofs_x = 1, .ofs_y = -8},
    {.bitmap_index = 2344, .adv_w = 514, .box_w = 28, .box_h = 41, .ofs_x = 2, .ofs_y = -1},
    {.bitmap_index = 2488, .adv_w = 508, .box_w = 28, .box_h = 39, .ofs_x = 1, .ofs_y = -9},
    {.bitmap_index = 2625, .adv_w = 267, .box_w = 10, .box_h = 31, .ofs_x = 3, .ofs_y = -1},
    {.bitmap_index = 2664, .adv_w = 269, .box_w = 10, .box_h = 38, .ofs_x = 3, .ofs_y = -8},
    {.bitmap_index = 2712, .adv_w = 538, .box_w = 28, .box_h = 26, .ofs_x = 2, .ofs_y = 7},
    {.bitmap_index = 2803, .adv_w = 565, .box_w = 28, .box_h = 9, .ofs_x = 4, .ofs_y = 16},
    {.bitmap_index = 2835, .adv_w = 538, .box_w = 28, .box_h = 26, .ofs_x = 4, .ofs_y = 7},
    {.bitmap_index = 2926, .adv_w = 470, .box_w = 26, .box_h = 45, .ofs_x = 2, .ofs_y = -1},
    {.bitmap_index = 3073, .adv_w = 794, .box_w = 45, .box_h = 47, .ofs_x = 2, .ofs_y = -9},
    {.bitmap_index = 3338, .adv_w = 609, .box_w = 39, .box_h = 40, .ofs_x = -1, .ofs_y = 0},
    {.bitmap_index = 3533, .adv_w = 616, .box_w = 36, .box_h = 40, .ofs_x = 2, .ofs_y = 0},
    {.bitmap_index = 3713, .adv_w = 637, .box_w = 35, .box_h = 41, .ofs_x = 2, .ofs_y = -1},
    {.bitmap_index = 3893, .adv_w = 711, .box_w = 41, .box_h = 40, .ofs_x = 2, .ofs_y = 0},
    {.bitmap_index = 4098, .adv_w = 575, .box_w = 32, .box_h = 40, .ofs_x = 2, .ofs_y = 0},
    {.bitmap_index = 4258, .adv_w = 538, .box_w = 31, .box_h = 40, .ofs_x = 2, .ofs_y = 0},
    {.bitmap_index = 4413, .adv_w = 668, .box_w = 38, .box_h = 41, .ofs_x = 2, .ofs_y = -1},
    {.bitmap_index = 4608, .adv_w = 730, .box_w = 42, .box_h = 40, .ofs_x = 2, .ofs_y = 0},
    {.bitmap_index = 4818, .adv_w = 349, .box_w = 18, .box_h = 40, .ofs_x = 2, .ofs_y = 0},
    {.bitmap_index = 4908, .adv_w = 338, .box_w = 21, .box_h = 50, .ofs_x = -1, .ofs_y = -10},
    {.bitmap_index = 5040, .adv_w = 658, .box_w = 40, .box_h = 40, .ofs_x = 2, .ofs_y = 0},
    {.bitmap_index = 5240, .adv_w = 554, .box_w = 32, .box_h = 40, .ofs_x = 2, .ofs_y = 0},
    {.bitmap_index = 5400, .adv_w = 848, .box_w = 50, .box_h = 40, .ofs_x = 2, .ofs_y = 0},
    {.bitmap_index = 5650, .adv_w = 651, .box_w = 37, .box_h = 40, .ofs_x = 2, .ofs_y = 0},
    {.bitmap_index = 5835, .adv_w = 726, .box_w = 41, .box_h = 41, .ofs_x = 2, .ofs_y = -1},
    {.bitmap_index = 6046, .adv_w = 590, .box_w = 34, .box_h = 40, .ofs_x = 2, .ofs_y = 0},
    {.bitmap_index = 6216, .adv_w = 726, .box_w = 42, .box_h = 51, .ofs_x = 2, .ofs_y = -10},
    {.bitmap_index = 6484, .adv_w = 633, .box_w = 39, .box_h = 41, .ofs_x = 2, .ofs_y = -1},
    {.bitmap_index = 6684, .adv_w = 536, .box_w = 28, .box_h = 41, .ofs_x = 3, .ofs_y = 0},
    {.bitmap_index = 6828, .adv_w = 612, .box_w = 36, .box_h = 40, .ofs_x = 1, .ofs_y = 0},
    {.bitmap_index = 7008, .adv_w = 619, .box_w = 37, .box_h = 41, .ofs_x = 1, .ofs_y = -1},
    {.bitmap_index = 7198, .adv_w = 609, .box_w = 39, .box_h = 40, .ofs_x = -1, .ofs_y = 0},
    {.bitmap_index = 7393, .adv_w = 886, .box_w = 56, .box_h = 40, .ofs_x = -1, .ofs_y = 0},
    {.bitmap_index = 7673, .adv_w = 636, .box_w = 41, .box_h = 40, .ofs_x = 0, .ofs_y = 0},
    {.bitmap_index = 7878, .adv_w = 567, .box_w = 35, .box_h = 40, .ofs_x = 0, .ofs_y = 0},
    {.bitmap_index = 8053, .adv_w = 541, .box_w = 29, .box_h = 40, .ofs_x = 2, .ofs_y = 0},
    {.bitmap_index = 8198, .adv_w = 297, .box_w = 12, .box_h = 54, .ofs_x = 5, .ofs_y = -10},
    {.bitmap_index = 8279, .adv_w = 329, .box_w = 17, .box_h = 42, .ofs_x = 2, .ofs_y = -1},
    {.bitmap_index = 8369, .adv_w = 297, .box_w = 12, .box_h = 54, .ofs_x = 2, .ofs_y = -10},
    {.bitmap_index = 8450, .adv_w = 471, .box_w = 24, .box_h = 13, .ofs_x = 3, .ofs_y = 17},
    {.bitmap_index = 8489, .adv_w = 530, .box_w = 28, .box_h = 7, .ofs_x = 4, .ofs_y = -11},
    {.bitmap_index = 8514, .adv_w = 269, .box_w = 11, .box_h = 13, .ofs_x = 3, .ofs_y = 34},
    {.bitmap_index = 8532, .adv_w = 470, .box_w = 28, .box_h = 31, .ofs_x = 1, .ofs_y = -1},
    {.bitmap_index = 8641, .adv_w = 531, .box_w = 30, .box_h = 45, .ofs_x = 1, .ofs_y = -1},
    {.bitmap_index = 8810, .adv_w = 448, .box_w = 24, .box_h = 31, .ofs_x = 2, .ofs_y = -1},
    {.bitmap_index = 8903, .adv_w = 540, .box_w = 31, .box_h = 45, .ofs_x = 2, .ofs_y = -1},
    {.bitmap_index = 9078, .adv_w = 452, .box_w = 25, .box_h = 31, .ofs_x = 2, .ofs_y = -1},
    {.bitmap_index = 9175, .adv_w = 321, .box_w = 24, .box_h = 44, .ofs_x = 1, .ofs_y = 0},
    {.bitmap_index = 9307, .adv_w = 504, .box_w = 31, .box_h = 41, .ofs_x = 1, .ofs_y = -10},
    {.bitmap_index = 9466, .adv_w = 551, .box_w = 33, .box_h = 44, .ofs_x = 1, .ofs_y = 0},
    {.bitmap_index = 9648, .adv_w = 289, .box_w = 16, .box_h = 44, .ofs_x = 1, .ofs_y = 0},
    {.bitmap_index = 9736, .adv_w = 275, .box_w = 15, .box_h = 54, .ofs_x = -1, .ofs_y = -10},
    {.bitmap_index = 9838, .adv_w = 535, .box_w = 32, .box_h = 44, .ofs_x = 1, .ofs_y = 0},
    {.bitmap_index = 10014, .adv_w = 287, .box_w = 16, .box_h = 44, .ofs_x = 1, .ofs_y = 0},
    {.bitmap_index = 10102, .adv_w = 815, .box_w = 49, .box_h = 30, .ofs_x = 1, .ofs_y = 0},
    {.bitmap_index = 10286, .adv_w = 555, .box_w = 33, .box_h = 30, .ofs_x = 1, .ofs_y = 0},
    {.bitmap_index = 10410, .adv_w = 511, .box_w = 28, .box_h = 31, .ofs_x = 2, .ofs_y = -1},
    {.bitmap_index = 10519, .adv_w = 543, .box_w = 31, .box_h = 40, .ofs_x = 1, .ofs_y = -10},
    {.bitmap_index = 10674, .adv_w = 531, .box_w = 31, .box_h = 40, .ofs_x = 2, .ofs_y = -10},
    {.bitmap_index = 10829, .adv_w = 425, .box_w = 25, .box_h = 30, .ofs_x = 1, .ofs_y = 0},
    {.bitmap_index = 10923, .adv_w = 418, .box_w = 22, .box_h = 31, .ofs_x = 2, .ofs_y = -1},
    {.bitmap_index = 11009, .adv_w = 314, .box_w = 20, .box_h = 39, .ofs_x = 0, .ofs_y = -1},
    {.bitmap_index = 11107, .adv_w = 550, .box_w = 32, .box_h = 31, .ofs_x = 1, .ofs_y = -1},
    {.bitmap_index = 11231, .adv_w = 461, .box_w = 29, .box_h = 29, .ofs_x = -1, .ofs_y = 0},
    {.bitmap_index = 11337, .adv_w = 710, .box_w = 45, .box_h = 29, .ofs_x = 0, .ofs_y = 0},
    {.bitmap_index = 11501, .adv_w = 485, .box_w = 30, .box_h = 29, .ofs_x = 1, .ofs_y = 0},
    {.bitmap_index = 11610, .adv_w = 470, .box_w = 30, .box_h = 39, .ofs_x = -1, .ofs_y = -10},
    {.bitmap_index = 11757, .adv_w = 424, .box_w = 23, .box_h = 29, .ofs_x = 2, .ofs_y = 0},
    {.bitmap_index = 11841, .adv_w = 307, .box_w = 18, .box_h = 54, .ofs_x = 0, .ofs_y = -10},
    {.bitmap_index = 11963, .adv_w = 237, .box_w = 6, .box_h = 60, .ofs_x = 4, .ofs_y = -11},
    {.bitmap_index = 12008, .adv_w = 307, .box_w = 18, .box_h = 54, .ofs_x = 1, .ofs_y = -10},
    {.bitmap_index = 12130, .adv_w = 605, .box_w = 32, .box_h = 11, .ofs_x = 3, .ofs_y = 11},
    {.bitmap_index = 12174, .adv_w = 204, .box_w = 1, .box_h = 1, .ofs_x = 0, .ofs_y = 0},
    {.bitmap_index = 12175, .adv_w = 256, .box_w = 11, .box_h = 40, .ofs_x = 3, .ofs_y = -10},
    {.bitmap_index = 12230, .adv_w = 454, .box_w = 24, .box_h = 50, .ofs_x = 2, .ofs_y = -10},
    {.bitmap_index = 12380, .adv_w = 609, .box_w = 35, .box_h = 42, .ofs_x = 1, .ofs_y = -1},
    {.bitmap_index = 12564, .adv_w = 575, .box_w = 29, .box_h = 30, .ofs_x = 3, .ofs_y = 2},
    {.bitmap_index = 12673, .adv_w = 616, .box_w = 35, .box_h = 40, .ofs_x = 1, .ofs_y = 0},
    {.bitmap_index = 12848, .adv_w = 239, .box_w = 6, .box_h = 60, .ofs_x = 5, .ofs_y = -11},
    {.bitmap_index = 12893, .adv_w = 543, .box_w = 30, .box_h = 54, .ofs_x = 2, .ofs_y = -10},
    {.bitmap_index = 13096, .adv_w = 444, .box_w = 22, .box_h = 9, .ofs_x = 3, .ofs_y = 34},
    {.bitmap_index = 13121, .adv_w = 785, .box_w = 44, .box_h = 45, .ofs_x = 2, .ofs_y = -1},
    {.bitmap_index = 13369, .adv_w = 438, .box_w = 23, .box_h = 20, .ofs_x = 2, .ofs_y = 20},
    {.bitmap_index = 13427, .adv_w = 530, .box_w = 29, .box_h = 31, .ofs_x = 1, .ofs_y = -1},
    {.bitmap_index = 13540, .adv_w = 571, .box_w = 28, .box_h = 11, .ofs_x = 4, .ofs_y = 10},
    {.bitmap_index = 13579, .adv_w = 591, .box_w = 31, .box_h = 32, .ofs_x = 3, .ofs_y = 13},
    {.bitmap_index = 13703, .adv_w = 398, .box_w = 19, .box_h = 1, .ofs_x = 3, .ofs_y = 39},
    {.bitmap_index = 13706, .adv_w = 272, .box_w = 13, .box_h = 14, .ofs_x = 2, .ofs_y = 33},
    {.bitmap_index = 13729, .adv_w = 513, .box_w = 28, .box_h = 34, .ofs_x = 2, .ofs_y = 0},
    {.bitmap_index = 13848, .adv_w = 318, .box_w = 17, .box_h = 18, .ofs_x = 1, .ofs_y = 24},
    {.bitmap_index = 13887, .adv_w = 297, .box_w = 17, .box_h = 23, .ofs_x = 1, .ofs_y = 19},
    {.bitmap_index = 13936, .adv_w = 269, .box_w = 11, .box_h = 13, .ofs_x = 3, .ofs_y = 34},
    {.bitmap_index = 13954, .adv_w = 682, .box_w = 39, .box_h = 50, .ofs_x = 2, .ofs_y = -10},
    {.bitmap_index = 14198, .adv_w = 254, .box_w = 10, .box_h = 9, .ofs_x = 3, .ofs_y = 12},
    {.bitmap_index = 14210, .adv_w = 303, .box_w = 14, .box_h = 10, .ofs_x = 3, .ofs_y = -10},
    {.bitmap_index = 14228, .adv_w = 260, .box_w = 14, .box_h = 18, .ofs_x = 2, .ofs_y = 25},
    {.bitmap_index = 14260, .adv_w = 424, .box_w = 22, .box_h = 20, .ofs_x = 2, .ofs_y = 20},
    {.bitmap_index = 14315, .adv_w = 530, .box_w = 29, .box_h = 31, .ofs_x = 3, .ofs_y = -1},
    {.bitmap_index = 14428, .adv_w = 641, .box_w = 36, .box_h = 53, .ofs_x = 3, .ofs_y = -6},
    {.bitmap_index = 14667, .adv_w = 651, .box_w = 36, .box_h = 49, .ofs_x = 3, .ofs_y = -3},
    {.bitmap_index = 14888, .adv_w = 676, .box_w = 39, .box_h = 53, .ofs_x = 2, .ofs_y = -6},
    {.bitmap_index = 15147, .adv_w = 465, .box_w = 26, .box_h = 40, .ofs_x = 2, .ofs_y = -10},
    {.bitmap_index = 15277, .adv_w = 609, .box_w = 39, .box_h = 54, .ofs_x = -1, .ofs_y = 0},
    {.bitmap_index = 15541, .adv_w = 609, .box_w = 39, .box_h = 54, .ofs_x = -1, .ofs_y = 0},
    {.bitmap_index = 15805, .adv_w = 609, .box_w = 39, .box_h = 54, .ofs_x = -1, .ofs_y = 0},
    {.bitmap_index = 16069, .adv_w = 609, .box_w = 39, .box_h = 52, .ofs_x = -1, .ofs_y = 0},
    {.bitmap_index = 16323, .adv_w = 609, .box_w = 39, .box_h = 52, .ofs_x = -1, .ofs_y = 0},
    {.bitmap_index = 16577, .adv_w = 609, .box_w = 39, .box_h = 53, .ofs_x = -1, .ofs_y = 0},
    {.bitmap_index = 16836, .adv_w = 806, .box_w = 49, .box_h = 43, .ofs_x = -1, .ofs_y = 1},
    {.bitmap_index = 17100, .adv_w = 637, .box_w = 35, .box_h = 51, .ofs_x = 2, .ofs_y = -10},
    {.bitmap_index = 17324, .adv_w = 575, .box_w = 32, .box_h = 54, .ofs_x = 2, .ofs_y = 0},
    {.bitmap_index = 17540, .adv_w = 575, .box_w = 32, .box_h = 54, .ofs_x = 2, .ofs_y = 0},
    {.bitmap_index = 17756, .adv_w = 575, .box_w = 32, .box_h = 54, .ofs_x = 2, .ofs_y = 0},
    {.bitmap_index = 17972, .adv_w = 575, .box_w = 32, .box_h = 52, .ofs_x = 2, .ofs_y = 0},
    {.bitmap_index = 18180, .adv_w = 349, .box_w = 19, .box_h = 54, .ofs_x = 1, .ofs_y = 0},
    {.bitmap_index = 18309, .adv_w = 349, .box_w = 19, .box_h = 54, .ofs_x = 2, .ofs_y = 0},
    {.bitmap_index = 18438, .adv_w = 349, .box_w = 24, .box_h = 54, .ofs_x = -1, .ofs_y = 0},
    {.bitmap_index = 18600, .adv_w = 349, .box_w = 23, .box_h = 52, .ofs_x = 0, .ofs_y = 0},
    {.bitmap_index = 18750, .adv_w = 711, .box_w = 42, .box_h = 40, .ofs_x = 1, .ofs_y = 0},
    {.bitmap_index = 18960, .adv_w = 651, .box_w = 37, .box_h = 53, .ofs_x = 2, .ofs_y = 0},
    {.bitmap_index = 19206, .adv_w = 726, .box_w = 41, .box_h = 54, .ofs_x = 2, .ofs_y = -1},
    {.bitmap_index = 19483, .adv_w = 726, .box_w = 41, .box_h = 54, .ofs_x = 2, .ofs_y = -1},
    {.bitmap_index = 19760, .adv_w = 726, .box_w = 41, .box_h = 55, .ofs_x = 2, .ofs_y = -1},
    {.bitmap_index = 20042, .adv_w = 726, .box_w = 41, .box_h = 53, .ofs_x = 2, .ofs_y = -1},
    {.bitmap_index = 20314, .adv_w = 726, .box_w = 41, .box_h = 53, .ofs_x = 2, .ofs_y = -1},
    {.bitmap_index = 20586, .adv_w = 437, .box_w = 22, .box_h = 22, .ofs_x = 3, .ofs_y = 9},
    {.bitmap_index = 20647, .adv_w = 726, .box_w = 41, .box_h = 48, .ofs_x = 2, .ofs_y = -5},
    {.bitmap_index = 20893, .adv_w = 619, .box_w = 37, .box_h = 55, .ofs_x = 1, .ofs_y = -1},
    {.bitmap_index = 21148, .adv_w = 619, .box_w = 37, .box_h = 55, .ofs_x = 1, .ofs_y = -1},
    {.bitmap_index = 21403, .adv_w = 619, .box_w = 37, .box_h = 55, .ofs_x = 1, .ofs_y = -1},
    {.bitmap_index = 21658, .adv_w = 619, .box_w = 37, .box_h = 53, .ofs_x = 1, .ofs_y = -1},
    {.bitmap_index = 21904, .adv_w = 567, .box_w = 35, .box_h = 54, .ofs_x = 0, .ofs_y = 0},
    {.bitmap_index = 22141, .adv_w = 568, .box_w = 33, .box_h = 40, .ofs_x = 2, .ofs_y = 0},
    {.bitmap_index = 22306, .adv_w = 610, .box_w = 35, .box_h = 45, .ofs_x = 1, .ofs_y = -1},
    {.bitmap_index = 22503, .adv_w = 470, .box_w = 28, .box_h = 48, .ofs_x = 1, .ofs_y = -1},
    {.bitmap_index = 22671, .adv_w = 470, .box_w = 28, .box_h = 48, .ofs_x = 1, .ofs_y = -1},
    {.bitmap_index = 22839, .adv_w = 470, .box_w = 28, .box_h = 47, .ofs_x = 1, .ofs_y = -1},
    {.bitmap_index = 23004, .adv_w = 470, .box_w = 28, .box_h = 45, .ofs_x = 1, .ofs_y = -1},
    {.bitmap_index = 23162, .adv_w = 470, .box_w = 27, .box_h = 44, .ofs_x = 1, .ofs_y = -1},
    {.bitmap_index = 23311, .adv_w = 470, .box_w = 28, .box_h = 46, .ofs_x = 1, .ofs_y = -1},
    {.bitmap_index = 23472, .adv_w = 662, .box_w = 39, .box_h = 31, .ofs_x = 1, .ofs_y = -1},
    {.bitmap_index = 23624, .adv_w = 448, .box_w = 24, .box_h = 40, .ofs_x = 2, .ofs_y = -10},
    {.bitmap_index = 23744, .adv_w = 452, .box_w = 25, .box_h = 48, .ofs_x = 2, .ofs_y = -1},
    {.bitmap_index = 23894, .adv_w = 452, .box_w = 25, .box_h = 48, .ofs_x = 2, .ofs_y = -1},
    {.bitmap_index = 24044, .adv_w = 452, .box_w = 25, .box_h = 48, .ofs_x = 2, .ofs_y = -1},
    {.bitmap_index = 24194, .adv_w = 452, .box_w = 25, .box_h = 44, .ofs_x = 2, .ofs_y = -1},
    {.bitmap_index = 24332, .adv_w = 289, .box_w = 17, .box_h = 47, .ofs_x = 0, .ofs_y = 0},
    {.bitmap_index = 24432, .adv_w = 289, .box_w = 16, .box_h = 47, .ofs_x = 1, .ofs_y = 0},
    {.bitmap_index = 24526, .adv_w = 289, .box_w = 22, .box_h = 47, .ofs_x = -2, .ofs_y = 0},
    {.bitmap_index = 24656, .adv_w = 289, .box_w = 22, .box_h = 43, .ofs_x = -2, .ofs_y = 0},
    {.bitmap_index = 24775, .adv_w = 512, .box_w = 28, .box_h = 45, .ofs_x = 2, .ofs_y = -1},
    {.bitmap_index = 24933, .adv_w = 555, .box_w = 33, .box_h = 45, .ofs_x = 1, .ofs_y = 0},
    {.bitmap_index = 25119, .adv_w = 511, .box_w = 28, .box_h = 48, .ofs_x = 2, .ofs_y = -1},
    {.bitmap_index = 25287, .adv_w = 511, .box_w = 28, .box_h = 48, .ofs_x = 2, .ofs_y = -1},
    {.bitmap_index = 25455, .adv_w = 511, .box_w = 28, .box_h = 47, .ofs_x = 2, .ofs_y = -1},
    {.bitmap_index = 25620, .adv_w = 511, .box_w = 28, .box_h = 45, .ofs_x = 2, .ofs_y = -1},
    {.bitmap_index = 25778, .adv_w = 511, .box_w = 28, .box_h = 44, .ofs_x = 2, .ofs_y = -1},
    {.bitmap_index = 25932, .adv_w = 563, .box_w = 28, .box_h = 22, .ofs_x = 4, .ofs_y = 9},
    {.bitmap_index = 26009, .adv_w = 511, .box_w = 28, .box_h = 37, .ofs_x = 2, .ofs_y = -4},
    {.bitmap_index = 26139, .adv_w = 550, .box_w = 32, .box_h = 48, .ofs_x = 1, .ofs_y = -1},
    {.bitmap_index = 26331, .adv_w = 550, .box_w = 32, .box_h = 48, .ofs_x = 1, .ofs_y = -1},
    {.bitmap_index = 26523, .adv_w = 550, .box_w = 32, .box_h = 48, .ofs_x = 1, .ofs_y = -1},
    {.bitmap_index = 26715, .adv_w = 550, .box_w = 32, .box_h = 44, .ofs_x = 1, .ofs_y = -1},
    {.bitmap_index = 26891, .adv_w = 470, .box_w = 30, .box_h = 57, .ofs_x = -1, .ofs_y = -10},
    {.bitmap_index = 27105, .adv_w = 531, .box_w = 31, .box_h = 54, .ofs_x = 1, .ofs_y = -10},
    {.bitmap_index = 27315, .adv_w = 470, .box_w = 30, .box_h = 54, .ofs_x = -1, .ofs_y = -10},
    {.bitmap_index = 27518, .adv_w = 426, .box_w = 20, .box_h = 5, .ofs_x = 3, .ofs_y = 13},
    {.bitmap_index = 27531, .adv_w = 549, .box_w = 28, .box_h = 7, .ofs_x = 3, .ofs_y = 12},
    {.bitmap_index = 27556, .adv_w = 812, .box_w = 45, .box_h = 7, .ofs_x = 3, .ofs_y = 12},
    {.bitmap_index = 27596, .adv_w = 235, .box_w = 10, .box_h = 16, .ofs_x = 2, .ofs_y = 25},
    {.bitmap_index = 27616, .adv_w = 228, .box_w = 10, .box_h = 16, .ofs_x = 2, .ofs_y = 25},
    {.bitmap_index = 27636, .adv_w = 246, .box_w = 10, .box_h = 16, .ofs_x = 3, .ofs_y = -8},
    {.bitmap_index = 27656, .adv_w = 430, .box_w = 22, .box_h = 16, .ofs_x = 2, .ofs_y = 25},
    {.bitmap_index = 27700, .adv_w = 424, .box_w = 22, .box_h = 16, .ofs_x = 2, .ofs_y = 25},
    {.bitmap_index = 27744, .adv_w = 442, .box_w = 22, .box_h = 16, .ofs_x = 3, .ofs_y = -8},
    {.bitmap_index = 27788, .adv_w = 334, .box_w = 18, .box_h = 46, .ofs_x = 2, .ofs_y = -9},
    {.bitmap_index = 27892, .adv_w = 342, .box_w = 18, .box_h = 47, .ofs_x = 2, .ofs_y = -9},
    {.bitmap_index = 27998, .adv_w = 448, .box_w = 20, .box_h = 20, .ofs_x = 4, .ofs_y = 5},
    {.bitmap_index = 28048, .adv_w = 749, .box_w = 42, .box_h = 9, .ofs_x = 3, .ofs_y = -1},
    {.bitmap_index = 28096, .adv_w = 1006, .box_w = 59, .box_h = 49, .ofs_x = 2, .ofs_y = -3},
    {.bitmap_index = 28458, .adv_w = 314, .box_w = 18, .box_h = 17, .ofs_x = 2, .ofs_y = 23},
    {.bitmap_index = 28497, .adv_w = 543, .box_w = 32, .box_h = 17, .ofs_x = 2, .ofs_y = 23},
    {.bitmap_index = 28565, .adv_w = 334, .box_w = 17, .box_h = 31, .ofs_x = 1, .ofs_y = -1},
    {.bitmap_index = 28631, .adv_w = 335, .box_w = 17, .box_h = 31, .ofs_x = 3, .ofs_y = -1},
    {.bitmap_index = 28697, .adv_w = 54, .box_w = 34, .box_h = 49, .ofs_x = -15, .ofs_y = -3},
    {.bitmap_index = 28906, .adv_w = 590, .box_w = 32, .box_h = 41, .ofs_x = 2, .ofs_y = -1},
    {.bitmap_index = 29070, .adv_w = 938, .box_w = 54, .box_h = 41, .ofs_x = 2, .ofs_y = 0},
    {.bitmap_index = 29347, .adv_w = 976, .box_w = 55, .box_h = 23, .ofs_x = 3, .ofs_y = 17},
    {.bitmap_index = 29506, .adv_w = 605, .box_w = 32, .box_h = 22, .ofs_x = 3, .ofs_y = 9},
    {.bitmap_index = 29594, .adv_w = 560, .box_w = 28, .box_h = 25, .ofs_x = 3, .ofs_y = 7},
    {.bitmap_index = 29682, .adv_w = 553, .box_w = 29, .box_h = 32, .ofs_x = 2, .ofs_y = 0},
    {.bitmap_index = 29798, .adv_w = 549, .box_w = 29, .box_h = 32, .ofs_x = 3, .ofs_y = 0}
};

/*---------------------
 *  CHARACTER MAPPING
 *--------------------*/

static const uint16_t unicode_list_4[] = {
    0x0, 0x3, 0x4, 0x8, 0x9, 0xa, 0xc, 0xd,
    0xe, 0x10, 0x11, 0x12, 0x16, 0x20, 0x22, 0x23,
    0x29, 0x2a, 0x34, 0x9c, 0x106, 0x112, 0x238, 0x250,
    0x254, 0x255
};

/*Collect the unicode lists and glyph_id offsets*/
static const lv_font_fmt_txt_cmap_t cmaps[] =
{
    {
        .range_start = 32, .range_length = 95, .glyph_id_start = 1,
        .unicode_list = NULL, .glyph_id_ofs_list = NULL, .list_length = 0, .type = LV_FONT_FMT_TXT_CMAP_FORMAT0_TINY
    },
    {
        .range_start = 160, .range_length = 13, .glyph_id_start = 96,
        .unicode_list = NULL, .glyph_id_ofs_list = NULL, .list_length = 0, .type = LV_FONT_FMT_TXT_CMAP_FORMAT0_TINY
    },
    {
        .range_start = 174, .range_length = 7, .glyph_id_start = 109,
        .unicode_list = NULL, .glyph_id_ofs_list = NULL, .list_length = 0, .type = LV_FONT_FMT_TXT_CMAP_FORMAT0_TINY
    },
    {
        .range_start = 182, .range_length = 74, .glyph_id_start = 116,
        .unicode_list = NULL, .glyph_id_ofs_list = NULL, .list_length = 0, .type = LV_FONT_FMT_TXT_CMAP_FORMAT0_TINY
    },
    {
        .range_start = 8208, .range_length = 598, .glyph_id_start = 190,
        .unicode_list = unicode_list_4, .glyph_id_ofs_list = NULL, .list_length = 26, .type = LV_FONT_FMT_TXT_CMAP_SPARSE_TINY
    }
};

/*-----------------
 *    KERNING
 *----------------*/


/*Map glyph_ids to kern left classes*/
static const uint8_t kern_left_class_mapping[] =
{
    0, 1, 0, 2, 3, 4, 0, 5,
    2, 6, 7, 8, 9, 10, 11, 12,
    13, 14, 15, 16, 17, 18, 19, 20,
    21, 22, 23, 24, 24, 0, 25, 0,
    0, 26, 27, 28, 29, 30, 31, 32,
    33, 34, 34, 35, 36, 37, 34, 38,
    39, 40, 41, 42, 43, 44, 45, 46,
    47, 48, 49, 50, 51, 52, 0, 0,
    0, 0, 53, 54, 55, 56, 57, 58,
    59, 60, 61, 62, 63, 64, 60, 60,
    54, 65, 66, 67, 68, 69, 61, 70,
    70, 71, 70, 72, 73, 74, 75, 0,
    0, 76, 0, 77, 0, 0, 0, 0,
    0, 0, 0, 78, 0, 0, 0, 79,
    0, 0, 0, 0, 0, 80, 0, 81,
    0, 82, 0, 0, 0, 0, 27, 27,
    27, 27, 27, 27, 31, 83, 31, 31,
    31, 31, 34, 34, 34, 84, 30, 38,
    39, 39, 39, 39, 39, 85, 39, 45,
    45, 45, 45, 49, 86, 87, 53, 53,
    53, 53, 53, 53, 57, 55, 57, 57,
    57, 57, 61, 61, 61, 88, 89, 60,
    54, 54, 54, 54, 54, 90, 54, 61,
    61, 61, 61, 70, 65, 70, 11, 11,
    11, 91, 92, 10, 91, 92, 10, 0,
    0, 0, 0, 0, 92, 92, 78, 82,
    0, 77, 0, 0, 0, 0, 0, 0
};

/*Map glyph_ids to kern right classes*/
static const uint8_t kern_right_class_mapping[] =
{
    0, 1, 2, 3, 0, 0, 0, 4,
    3, 5, 6, 7, 0, 8, 9, 8,
    10, 11, 12, 13, 14, 15, 16, 17,
    18, 19, 20, 21, 21, 0, 0, 0,
    22, 23, 24, 25, 26, 25, 25, 25,
    26, 25, 25, 27, 25, 25, 25, 25,
    26, 25, 26, 25, 28, 29, 30, 31,
    32, 33, 34, 35, 0, 36, 37, 0,
    0, 0, 38, 39, 40, 40, 40, 41,
    42, 43, 44, 45, 43, 43, 46, 46,
    40, 47, 48, 46, 49, 50, 51, 52,
    52, 53, 54, 55, 56, 57, 58, 0,
    0, 0, 0, 0, 0, 0, 0, 0,
    0, 59, 60, 61, 0, 62, 0, 63,
    0, 64, 65, 0, 0, 66, 0, 0,
    67, 68, 0, 0, 0, 0, 24, 24,
    24, 24, 24, 24, 69, 26, 25, 25,
    25, 25, 25, 25, 25, 70, 25, 25,
    26, 26, 26, 26, 26, 71, 26, 30,
    30, 30, 30, 34, 25, 72, 38, 38,
    38, 73, 74, 38, 38, 40, 40, 40,
    40, 40, 75, 76, 44, 77, 48, 46,
    40, 40, 40, 40, 40, 78, 40, 51,
    51, 51, 51, 54, 79, 80, 9, 9,
    9, 81, 82, 8, 81, 82, 8, 0,
    0, 0, 8, 0, 82, 82, 61, 83,
    0, 0, 0, 84, 0, 0, 0, 0
};

/*Kern values between classes*/
static const int8_t kern_class_values[] =
{
    0, 0, -15, 0, 0, 0, 0, 0,
    0, 0, 0, 0, -8, -8, -18, 0,
    0, 0, 0, 0, 0, 0, 0, -30,
    0, 0, 0, 0, -17, 0, -30, -29,
    -11, -29, 0, 0, 0, 0, 0, 0,
    0, 0, -5, 0, 0, 0, 0, 0,
    0, -8, 0, -22, -8, -23, 0, 0,
    0, 0, 0, 0, 0, 0, 0, -9,
    0, 0, 0, 0, -32, 0, 0, 0,
    0, 0, 0, 0, 0, 0, 0, -23,
    0, -13, 0, 0, -14, 0, 0, -14,
    0, 0, 0, -100, -17, -34, -18, 0,
    -7, -11, -69, -12, -14, 0, 0, -16,
    0, 0, -33, -48, 0, -5, 0, 0,
    0, 0, 0, 8, 0, 0, 0, 0,
    0, -13, 0, -18, -17, -18, 0, 0,
    0, 0, 0, -18, -11, 0, 0, 0,
    0, 0, 0, 0, 0, 0, 0, 0,
    -19, 0, 0, 0, 0, 0, 0, 0,
    -66, 0, 0, 0, -13, -13, 0, 0,
    27, 0, 0, 0, 0, 0, 0, 0,
    0, 0, 0, 0, 0, 0, 0, 0,
    0, 0, 0, 0, 0, 0, -21, 0,
    0, 0, 0, 0, 0, 0, 0, 0,
    0, 0, 0, 0, 0, 0, 0, 0,
    0, 0, 0, 0, 0, 0, 0, 0,
    0, 0, 0, 0, 0, 0, 0, 0,
    0, 0, 0, 0, 0, 0, 0, 0,
    0, 0, 0, 0, 0, 0, 0, 0,
    0, 0, 0, 0, 0, 0, 0, 0,
    0, 0, 0, 0, 0, 0, 0, 0,
    0, 0, 0, 0, 0, 0, 0, 0,
    0, 0, 0, 0, 0, 0, 0, 0,
    0, -2, 0, 0, 0, 0, 0, 0,
    0, 0, 0, 0, 0, 0, 0, 0,
    0, 0, 0, 0, 0, 0, 0, 0,
    0, 0, 0, 0, 0, 0, 0, 0,
    0, 0, 0, 0, 0, 0, 0, 0,
    0, 0, 0, 0, 0, 0, 0, 0,
    0, 0, 0, 0, 0, 0, 0, 0,
    0, 0, 0, 0, 0, 0, 0, 0,
    0, 0, 0, 0, 0, 0, 0, 0,
    0, 0, 0, 0, 0, 0, 0, 0,
    0, 0, 0, 0, 0, 0, 0, 0,
    0, 0, 0, 0, 0, 0, 0, -35,
    0, 0, 0, 0, 0, 0, 0, 0,
    0, 0, 0, 0, 0, 0, 0, -9,
    -9, -2, 0, 0, 0, 0, 0, -9,
    0, 0, 0, 0, 0, 0, 0, 0,
    0, 0, 0, 0, 0, 0, 0, 0,
    0, 0, 0, 0, -48, 0, 0, 0,
    0, 0, 0, 0, 1, 0, 0, 0,
    0, 0, 0, 0, 0, 0, 0, 0,
    -17, 0, 0, 0, 0, 0, -26, -11,
    -14, 0, -14, 0, -22, -17, -15, -18,
    0, 0, 0, -8, 5, -20, 109, -9,
    0, 0, 0, 0, 0, 0, 0, 0,
    0, -18, 0, -23, -8, 0, 0, 5,
    100, -11, 0, -23, -17, -12, -19, -17,
    -2, 0, -13, -15, 0, 0, 0, 0,
    0, 0, 0, 0, 0, 0, 0, 0,
    -8, 11, 0, 0, -18, -18, 2, 5,
    16, 0, 0, 0, 0, 0, 0, 0,
    0, 0, 0, 0, 0, -17, 0, 0,
    0, 0, 0, 0, 0, 0, 0, 0,
    0, 0, 0, 0, 0, 0, 0, 0,
    0, 0, 0, 0, 0, 0, 0, 0,
    0, 0, 0, 0, -2, 0, 0, 0,
    0, 0, 0, 0, 0, 0, 0, 0,
    0, 0, 0, 0, 0, 0, 0, 0,
    0, -11, 0, 0, 0, 0, 0, 0,
    0, 0, 0, 0, 0, 0, 0, 0,
    0, 0, 0, 0, 0, 0, 0, 0,
    0, 0, 0, 0, 0, 0, 0, 0,
    0, 0, 0, 0, 0, 0, 0, 0,
    0, 0, 0, 0, 0, 0, 0, 0,
    0, 0, 0, -35, 0, 0, 0, 0,
    0, 0, 0, 0, 0, -8, 0, 0,
    0, 0, 0, 0, -8, -2, 0, 0,
    0, 0, 0, 0, 0, 0, 0, 0,
    0, 0, 0, 0, 0, 0, 0, 0,
    0, 0, 0, 0, 0, 0, 0, 0,
    -57, 0, 0, 0, 0, 0, 0, 0,
    0, 0, 0, 0, 0, 0, 0, 0,
    0, 0, 0, 0, 0, 0, 0, 0,
    0, 0, 0, 0, 0, 0, -19, 0,
    0, 0, -10, 0, 0, 0, 0, 0,
    0, 0, 0, 0, 0, 0, 0, 0,
    0, 0, 0, 0, 0, 0, 0, 0,
    0, 0, 0, 0, 0, 0, 0, 0,
    0, 0, 0, 0, 0, 0, 0, 0,
    0, 0, 0, 0, 0, 0, 0, 0,
    0, 0, 0, 0, 0, 0, 0, 0,
    0, 0, 0, 0, 0, 0, 0, 0,
    0, 0, 0, 0, 0, 0, -82, 0,
    0, 0, 0, 0, 0, 0, 0, 0,
    0, -32, 0, -14, 0, -20, 0, -8,
    0, 0, 0, 0, 0, -10, 88, 0,
    -64, -11, -77, -73, 0, -53, 0, 0,
    0, 0, 0, 0, 0, 0, 0, 0,
    78, 0, 0, 0, 0, 0, 0, -28,
    0, -31, 0, 0, 0, 0, 0, 0,
    0, 0, 0, 0, 0, 0, 0, 0,
    0, 0, 0, 0, 0, 0, 0, 0,
    0, 0, 0, -31, -76, -78, 0, 0,
    0, 0, -17, 0, 0, 0, 0, 0,
    0, 0, 0, -8, -10, -11, -19, 0,
    0, 0, 0, 0, 0, 0, 0, -17,
    -8, 0, -5, 0, -16, -5, -29, -26,
    -27, -41, -11, 0, 0, 0, 0, 0,
    -5, 0, 0, -5, 0, -5, 0, 0,
    0, 0, 0, -14, -17, -14, 0, 0,
    0, 0, 0, 0, 0, 0, 0, 0,
    0, 0, 0, 0, -20, -8, 0, 0,
    0, 0, -5, -5, -5, 0, 0, -14,
    0, -12, 0, 0, 0, 0, -82, 0,
    0, 0, 0, 0, 0, 0, 0, 0,
    0, -32, 0, -14, 0, -20, 0, -8,
    0, 0, 0, 0, 0, -10, -5, 0,
    -64, -11, -77, -73, 0, -53, 0, 0,
    0, 0, 0, 0, 0, 0, 0, 0,
    78, 0, 0, 0, 0, 0, 0, -28,
    0, -31, 0, 0, 0, 0, 0, 0,
    0, 0, 0, 0, 0, 0, 0, 0,
    0, 0, 0, 0, 0, 0, 0, 0,
    0, 0, 0, -31, -76, -78, 0, 0,
    0, 0, 0, 0, 0, 0, 0, 0,
    0, -64, -24, -6, -14, -18, -58, -21,
    -16, 0, 0, -18, 0, 0, 0, -43,
    0, -6, 0, 0, 0, 0, 0, 0,
    0, 0, 0, 0, 0, -19, 0, -21,
    -20, -20, 0, 0, 0, 0, 0, -21,
    -18, 0, 0, 0, 0, 0, -6, 0,
    0, 0, 0, 0, 0, 0, 0, 0,
    0, 0, 0, 0, -56, 0, 0, 0,
    -19, -19, 0, 0, 0, 0, 0, 0,
    0, 0, 0, 0, 0, 0, -17, 0,
    0, -26, 0, 0, 0, 0, 0, 0,
    0, 0, -8, 0, 0, 0, 0, 0,
    0, 0, 0, 0, 0, 0, 0, 0,
    0, 0, 0, 0, 0, 0, 0, -23,
    -3, 0, 0, 0, 0, 0, 0, 0,
    0, 0, 0, 0, 0, 0, 0, 0,
    0, 0, 0, 0, 0, -22, 0, 0,
    0, 0, -31, 0, 0, 0, 0, 0,
    0, 0, 0, 0, 0, 0, 0, 0,
    0, 0, 0, 0, 0, 0, 0, 0,
    0, 0, -2, 0, 0, -12, 0, 0,
    -2, 0, 0, 0, 0, -2, 0, -8,
    0, 0, 0, 0, 0, 0, 0, 0,
    0, 0, 0, 0, 0, 0, 0, 0,
    0, 0, 0, -19, 0, 0, 0, 0,
    0, 0, 0, 0, 0, 0, 0, 0,
    0, 0, 0, 0, 0, 0, 0, 0,
    0, -6, 0, 0, 0, 0, -2, 0,
    0, -2, 0, 0, 0, 0, -2, 0,
    0, 0, 0, 0, 0, -2, 0, 0,
    0, 0, 0, 0, -11, 0, -14, 0,
    0, -14, 0, 0, 0, 0, 0, 0,
    0, 0, 0, 0, 0, 0, 0, 0,
    0, 0, 0, 0, 0, 0, 0, 0,
    0, 0, 0, 0, 0, 0, 0, -23,
    -2, 0, 0, 0, 0, 0, 0, 0,
    0, 0, 0, 0, 0, 0, 0, 0,
    0, 0, 0, 0, 0, -8, 0, 0,
    0, 0, -20, 0, 0, -2, 0, 0,
    0, 0, 0, 0, 0, 0, 0, 0,
    0, -6, 0, 0, 0, 0, 0, 0,
    -6, 0, -16, 0, 0, -17, 0, 0,
    0, 0, 0, 0, 0, 0, 0, 0,
    0, 0, 0, 0, 0, 0, 0, 0,
    0, 0, 0, 0, 0, 0, 0, 0,
    0, 0, 0, -22, -2, 0, 0, 0,
    0, 0, 0, 0, 0, 0, 0, 0,
    0, 0, 0, 0, 0, 0, 0, 0,
    0, -9, 0, 0, 0, 0, -23, 0,
    0, -8, 0, 0, 0, 0, 0, 0,
    0, 0, 0, 0, 0, -9, 0, 0,
    0, 0, 0, 0, -11, 0, -20, 0,
    0, -14, 0, 0, 0, 0, 0, 0,
    0, -13, 0, 0, 0, -8, 0, 0,
    0, 0, 0, 0, 0, 0, 0, 0,
    0, 0, 0, 0, 0, 0, 0, -29,
    -2, 0, 0, 0, 0, 0, 0, 0,
    0, 0, 0, 0, 0, 0, 0, 0,
    0, 0, 0, 0, 0, -2, 0, 0,
    0, 0, -22, 0, 0, 0, 0, 0,
    0, 0, 0, 0, 0, 0, 0, 0,
    0, -19, 0, 0, 0, 0, 0, 0,
    -12, 0, 0, 0, 0, -14, 0, 0,
    0, 0, 0, 0, 0, 0, 0, 0,
    0, 0, 0, 0, 0, 0, 0, 0,
    0, 0, 0, 0, 0, 0, 0, 0,
    0, 0, 0, -9, -2, 0, 0, 0,
    0, 0, 0, 0, 0, 0, 0, 0,
    0, 0, 0, 0, 0, 0, 0, 0,
    0, -2, 0, 0, 0, 0, -2, 0,
    0, -2, 0, 0, 0, 0, 0, 0,
    0, 0, 0, 0, 0, -11, 0, 0,
    0, 0, 0, 0, 0, 0, -11, 0,
    0, -12, 0, 0, 0, 0, 0, 0,
    0, 0, 0, 0, 0, 0, 0, 0,
    0, 0, 0, 0, 0, 0, 0, 0,
    0, 0, 0, 0, 0, 0, 0, 0,
    0, 0, 0, 0, 0, 0, 0, 0,
    0, 0, 0, 0, 0, 0, 0, 0,
    0, 0, 0, 0, 0, -8, 0, 0,
    0, 0, -2, 0, 0, 0, 0, 0,
    0, 0, 0, 0, 0, 0, 0, 0,
    0, 0, 0, 0, 0, 0, 0, 0,
    -19, 0, 0, 0, 0, -14, 0, -28,
    -9, -11, 0, 0, 0, 0, -45, 0,
    0, 0, 0, 0, 0, 0, 0, 0,
    0, 0, 0, 0, 0, 0, 0, 0,
    0, 0, 0, 0, 0, 0, 0, 0,
    0, 0, 0, 0, 0, 0, 0, 0,
    0, 0, 0, 0, 0, 0, 0, 0,
    0, 0, 0, 0, 0, 0, 0, 0,
    0, -9, 0, 0, 0, 0, 0, 0,
    0, 0, 0, 0, 0, 0, 0, 0,
    0, 0, 0, 0, 0, 0, 0, 0,
    0, -14, 0, 0, 0, 0, 0, 0,
    0, -9, 0, 0, 0, 0, 0, 0,
    0, 0, 0, 0, 0, 0, 0, 0,
    0, 0, 0, 0, 0, 0, 0, 0,
    -2, 0, 0, 0, 0, 0, 0, 0,
    0, 0, 0, 0, 0, 0, 0, 0,
    0, 0, 0, 0, 0, -8, 0, 0,
    0, 0, 0, 0, 0, 0, 0, 0,
    0, 0, 0, 0, 0, 0, 0, 0,
    0, -11, 0, 0, 0, 0, 0, 0,
    0, 0, -20, 0, 0, -24, 0, 0,
    0, 0, 0, 0, 0, 0, 0, 0,
    0, 0, 0, 0, 0, 0, 0, 0,
    0, 0, 0, 0, 0, 0, 0, 0,
    0, 0, 0, -22, -3, 0, 0, 0,
    0, 0, 0, 0, 0, 0, 0, 0,
    0, 0, 0, 0, 0, 0, 0, 0,
    0, -20, 0, 0, 0, 0, -32, 0,
    0, 0, 0, 0, 0, 0, 0, 0,
    0, 0, 0, 0, 0, 0, 0, 0,
    0, 0, 0, 0, 0, 0, 0, 0,
    0, 0, 0, 0, 0, 0, 0, 0,
    0, 0, 0, 0, 0, 0, 0, 0,
    0, 0, 0, 0, 0, 0, 0, 0,
    0, -2, -21, -19, 0, -22, 0, 0,
    0, 0, 0, 0, 0, 0, 0, 0,
    0, 0, 0, 0, 0, 0, 0, 0,
    0, 0, 0, 0, 0, 0, 0, 0,
    0, 0, 0, 0, 0, 0, 0, 0,
    0, 0, 0, 0, 0, 0, 0, 0,
    0, 0, 0, 0, 0, 0, 0, 0,
    0, 0, 0, 0, 0, 0, 0, 0,
    0, 0, 0, 0, 0, 0, -29, 0,
    0, 0, 0, 0, 0, 0, 0, 0,
    0, 0, 0, 0, 0, 0, 0, 0,
    0, 0, 0, 0, 0, 0, 0, 0,
    0, 0, 0, 0, 0, 0, 0, 0,
    0, 0, 0, 0, 0, 0, 0, 0,
    0, 0, 0, 0, 0, 0, 0, 0,
    0, 0, 0, 0, 0, 0, 0, 0,
    0, 0, 0, 0, 0, 0, 0, 0,
    0, 0, 0, 0, 0, 0, 0, 0,
    0, 0, 0, 0, 0, 0, 0, 0,
    0, 0, 0, 0, 0, 0, 0, 0,
    0, 0, 0, -19, 0, 0, 0, 0,
    0, 0, -11, -11, -18, -14, 0, 0,
    0, 0, 0, 0, 0, 0, 0, 0,
    0, 0, 0, 0, 0, 0, 0, 0,
    0, 0, 0, 0, 0, 0, 0, 0,
    0, 0, 0, 0, 0, 0, 0, 0,
    -31, 0, 0, 0, 0, 0, 0, 0,
    0, 0, 0, 0, 0, 0, 0, 0,
    0, 0, 0, 0, 0, 0, 0, 0,
    0, 0, 0, 0, 0, 0, 0, 0,
    0, 0, 0, 0, 0, 0, 0, 0,
    -15, -8, 0, 0, -56, 0, -62, -56,
    0, -44, 0, 0, 0, 0, 0, 0,
    0, 0, 0, 0, 0, 0, 0, 0,
    0, 0, -23, 0, 0, 0, 0, 0,
    0, 0, 0, 0, 0, 0, 0, 0,
    0, 0, 0, 0, 0, -15, 0, 0,
    0, 0, 0, 0, 0, 0, 0, 0,
    0, 0, 0, 0, 0, 0, 0, 0,
    0, -14, 0, 0, 0, 0, 0, 0,
    0, 0, 0, 0, 0, 0, 0, 0,
    0, 0, 0, -13, -1, 0, -1, 0,
    -5, -1, -18, -16, -23, -18, -1, 0,
    -2, 0, 0, 0, -5, 0, -5, -1,
    -1, -1, -1, 0, 0, -1, 0, -11,
    -13, -12, -5, 0, 0, -10, 0, 0,
    0, 0, 0, 0, 0, 0, 0, 0,
    -17, -1, 0, -5, 0, 0, -1, -1,
    -1, 0, -5, -12, 0, 0, 0, 0,
    0, 0, 0, 0, 0, 0, 0, 0,
    0, 0, 0, 0, 0, 0, 0, 0,
    0, 0, 0, 0, 0, 0, 0, 0,
    0, 0, 0, 0, 0, 0, -3, -3,
    0, -5, 0, 0, 0, 0, 0, 0,
    0, 0, 0, 0, 0, 0, 0, 0,
    0, 0, 0, 0, 0, 0, 0, 0,
    0, 0, 0, 0, 0, 0, 0, 0,
    0, 0, 0, 0, 0, 0, 0, 0,
    0, 0, 0, 0, 0, 0, 0, 0,
    0, 0, 0, 0, 0, 0, 0, 0,
    0, -20, 0, -16, 0, -7, 0, 0,
    0, 0, 0, 0, 0, 0, 0, 0,
    0, -11, 0, -24, -7, 0, -5, 0,
    0, -5, -20, -17, -28, -23, -1, 0,
    -2, -5, -3, 0, -10, -5, -8, 0,
    0, 0, 0, 0, -4, 0, 0, -5,
    -10, -5, 0, 0, 0, -16, 0, 0,
    0, 0, 0, 0, 0, 0, 0, 0,
    -38, -7, 0, -8, -5, -5, 0, 0,
    0, 0, -8, -5, 0, 0, 0, 0,
    0, 0, 0, 0, 0, 0, 0, 0,
    0, 0, 0, 0, 0, 0, 0, 0,
    0, 0, 0, 0, 0, 0, 0, 0,
    0, 0, 0, 0, 0, 0, -8, -8,
    0, -9, 0, 0, 0, 0, 0, -3,
    0, 0, 0, 0, 0, 0, 0, -3,
    0, 0, 0, -5, 0, -5, 0, 0,
    0, 0, 0, 0, 0, 0, 0, 0,
    0, 0, 0, 0, 0, 0, 0, 0,
    0, 0, 0, 0, 0, 0, 0, -5,
    0, 0, 0, 0, -19, 0, 0, -10,
    0, 0, 0, -42, -17, -25, 0, 0,
    0, 0, 0, 0, 0, 0, 0, 0,
    0, 0, -20, -43, 0, -5, 0, 0,
    0, 0, 0, 0, 0, 0, 0, 0,
    0, -14, 0, -19, -20, -15, -7, 0,
    0, 0, 0, -19, -12, 0, 0, 0,
    0, 0, -4, 0, 0, 0, 0, 0,
    0, 0, 0, 0, 0, 0, 0, 0,
    -100, 0, 0, -6, -14, -14, 0, 0,
    0, 0, -6, 0, 0, 0, 0, 0,
    0, 0, 0, 0, 0, -2, 0, 0,
    0, 0, 0, 0, 0, 0, 0, 0,
    0, 0, 0, 0, 0, 0, 0, -8,
    0, 0, 0, 0, 0, 0, -9, -9,
    0, -10, 0, 0, 0, -1, 0, 0,
    0, -1, -1, 0, 0, 0, 0, 0,
    0, 0, 0, -6, 0, -8, 0, 0,
    0, 0, 0, 0, 0, 0, 0, 0,
    0, 0, 0, 0, -5, 0, 0, 0,
    -1, -1, 0, 0, 0, 0, 0, -8,
    0, 0, 0, 0, 0, 0, 0, 0,
    0, 26, 0, 0, -10, 0, 0, 0,
    0, 0, 0, 0, 0, 0, 0, 0,
    0, 0, 0, 0, 0, -6, 0, 0,
    0, 0, 0, 0, 0, 0, 0, 0,
    3, -5, 0, -15, 0, -6, 0, 0,
    -3, 0, -10, -15, -5, -6, -10, -13,
    0, -12, -3, 0, 0, 5, 0, 0,
    0, 0, 0, 0, 0, 0, 0, 0,
    0, 0, 0, -1, -5, -5, 0, 0,
    0, 0, -1, -12, 0, 0, 0, 0,
    0, 0, 0, 0, 0, 31, 0, -8,
    -8, 0, 0, 0, 0, 0, 0, 0,
    0, 0, 0, 0, 0, 0, 0, -12,
    0, -5, 0, 0, 0, 0, 0, 0,
    0, 0, 0, 0, 16, -14, -5, -15,
    -8, -15, -9, -4, 0, -12, -13, -15,
    -15, -6, -11, -11, -6, -11, -14, 0,
    0, 38, 0, 0, 0, 0, 0, 0,
    0, 0, 0, 0, -12, 0, 0, -13,
    -14, -14, -4, -4, -4, 0, -9, -11,
    0, 0, 0, 0, -10, 0, 0, 0,
    0, 0, -7, 0, -18, 9, 0, 0,
    0, 0, 0, 0, 0, 0, 0, 0,
    0, 0, 0, 0, 0, -29, 0, 0,
    0, 0, 0, 0, 0, 0, 0, 0,
    0, 0, 0, -17, 0, 0, 0, 0,
    0, 0, 0, -17, 0, -9, -10, -35,
    0, -37, 0, 0, 0, 0, -15, 0,
    -8, -11, 0, 0, 0, 0, 0, 0,
    0, 0, 0, 0, 0, 0, 0, 0,
    0, 0, 0, -32, 0, 0, 0, 0,
    -14, 0, -45, 0, 0, -6, -32, 0,
    0, 0, 0, 0, 0, 0, 0, 0,
    0, 0, 0, 0, 0, -12, 0, 0,
    0, 0, -3, 0, -50, -5, -63, -72,
    0, -57, 0, -26, 0, 0, 0, 0,
    0, 0, 0, 0, 0, 0, 0, 0,
    0, -4, 0, -38, 0, -39, 0, 0,
    0, 0, 0, -38, 0, -26, 0, 0,
    0, -26, -43, 0, 0, 0, 0, 0,
    0, 0, 0, 0, 0, 0, 0, -39,
    -46, -57, 0, -15, 0, 0, 0, 0,
    0, 0, 0, -8, -8, 0, 0, 0,
    0, 0, 0, 0, 0, 0, 0, 0,
    0, 0, 0, -11, 0, -5, 0, 0,
    0, 0, 0, 0, 0, 0, 0, 0,
    0, -14, -5, -15, -8, -15, -10, -5,
    -4, -11, -13, -15, -15, -7, -12, -11,
    -5, -11, -14, 0, 0, 0, 0, 0,
    0, 0, 0, 0, 0, 0, 0, 0,
    -11, 0, 0, -10, -14, -14, -5, -5,
    -5, 0, -10, -11, 0, 0, 0, 0,
    0, 0, 0, 0, 0, -20, 0, -14,
    0, 0, 0, 0, 0, 0, 0, 0,
    0, 0, 0, 0, 0, -10, 0, -21,
    -6, 0, -5, 0, 0, -4, -18, -16,
    -25, -22, 0, 0, -2, -5, 0, 0,
    -9, -4, -8, 0, 0, 0, 0, 0,
    -3, 0, 0, -5, -9, -6, 0, 0,
    0, -15, 0, 0, 0, 0, 0, 0,
    0, 0, 0, 0, -34, -6, 0, -8,
    -5, -5, 0, 0, 0, 0, -8, -6,
    0, 0, 0, 0, -21, 0, 0, -11,
    0, -15, 0, -57, -15, -29, 0, 0,
    0, 0, 0, 0, 0, 0, 0, 0,
    0, 0, -20, -47, -5, 0, -4, 0,
    0, 0, -9, -8, -23, -11, 0, 0,
    0, -10, 0, -13, -17, -10, -8, 0,
    0, 0, 0, -13, -8, 0, 0, 0,
    0, 0, 0, 0, 0, -8, 0, 0,
    -8, 0, 0, 0, 0, 0, 0, 0,
    -81, -5, 0, -8, -10, -10, 0, 0,
    0, 0, -8, 0, 0, 0, 0, 0,
    0, 0, 0, 0, 0, -20, 0, -14,
    0, 0, 0, 0, 0, 0, 0, 0,
    0, 0, 0, 0, 0, -10, 0, -14,
    -6, 0, 85, 0, 0, -4, -18, -16,
    -25, -22, 0, 0, -2, -5, 0, 0,
    -9, -4, -8, 0, 0, 0, 0, 0,
    -3, 0, 0, -5, -9, -6, 0, 0,
    0, -15, 0, 0, 0, 0, 0, 0,
    0, 0, 0, 0, -25, -6, 0, -8,
    -5, -5, 0, 0, 0, 0, -8, -6,
    0, 0, 0, 0, -8, 0, 0, 0,
    0, 0, -2, 0, 0, 0, 0, 0,
    0, 0, 0, 0, 0, 0, 0, 0,
    0, 0, 0, 0, 0, 0, 0, 0,
    -1, -1, -17, -28, 0, -26, 0, 0,
    0, 0, 0, 0, 0, 0, 0, 0,
    0, 0, 0, 0, 0, 0, 0, -11,
    0, -10, 0, 0, 0, 0, 0, 0,
    0, 0, 0, 0, 0, 0, 0, 0,
    0, 0, 0, 0, 0, 0, 0, 0,
    0, 0, 0, -10, 0, 0, 0, -2,
    0, 0, 0, 0, 0, -9, 0, 0,
    0, 0, 0, 0, 0, 0, 0, 0,
    0, 0, 0, 0, 0, 0, 0, -11,
    0, 0, 0, 0, 0, 0, -8, -8,
    0, -9, 0, 0, 0, 0, -3, 0,
    -5, -4, -5, 0, 0, 0, 0, 0,
    -3, 0, 0, -5, 0, -5, -5, 0,
    0, 0, 0, 0, 0, 0, 0, 0,
    0, 0, 0, 0, -11, 0, 0, -5,
    0, 0, 0, 0, 0, 0, -5, -5,
    0, 0, 0, 0, -17, 0, 0, -11,
    0, 0, 0, -35, -25, -20, 0, 0,
    0, 0, 0, 0, 0, 0, 0, 0,
    0, 0, -17, -46, 0, 0, 0, 0,
    0, 0, 0, 0, 0, 0, 0, 0,
    0, -23, 0, -31, -16, -30, -5, 0,
    0, 0, 0, -28, -9, 0, -29, 0,
    0, 0, 0, 0, 0, 0, 0, 0,
    -24, 0, 0, 0, 0, 0, 0, 0,
    -60, 0, 0, -4, -23, -23, 0, 0,
    0, 0, -4, 0, 0, 0, 0, 0,
    0, 0, 0, 0, 0, 0, 0, -16,
    -7, -11, 0, 0, 0, 0, 0, 0,
    0, 0, 0, 0, -2, 0, -8, -26,
    0, -5, 0, 0, 0, 0, 0, 0,
    0, 0, 0, 0, 0, -18, -5, -16,
    -8, -19, -10, -14, 0, -14, -13, -16,
    -18, -5, -11, -9, -8, -8, -15, 0,
    0, 0, 0, 0, 0, 0, 0, 0,
    0, 0, 0, 0, -35, 0, 0, -16,
    -18, -18, -14, -14, -14, 0, -10, -8,
    0, 0, 0, 0, -5, 0, 0, -3,
    0, 0, 0, -46, -6, -5, 0, 0,
    0, 0, 0, 0, 0, 0, 0, 0,
    -3, 0, -5, -58, 0, -20, 0, -1,
    0, 0, 0, 0, 0, 0, 0, 0,
    0, -57, 0, -51, -2, -59, -1, -23,
    0, -35, -4, -51, -57, 0, -33, -2,
    -4, -50, -5, 0, 0, 0, 0, 0,
    -51, 0, 0, 0, 0, 0, 0, -2,
    -120, 0, 0, -3, -54, -55, -23, -19,
    -23, 0, -3, -50, 0, 0, -2, 0,
    -5, 0, 0, -3, 0, 0, 0, -45,
    -5, -5, 0, 0, 0, 0, 0, 0,
    0, 0, 0, 0, -2, 0, -5, -57,
    0, -2, 0, 0, 0, 0, 0, 0,
    0, 0, 0, 0, 0, -56, 0, -53,
    -1, -65, -19, -22, 0, -37, -3, -53,
    -49, 0, -29, -2, -3, -27, -5, 0,
    0, 0, 0, 0, -38, 0, 0, 0,
    0, 0, 0, -2, -109, 0, 0, -3,
    -56, -56, -22, -19, -22, 0, -1, -27,
    0, 0, -2, 0, -14, 0, 0, -2,
    0, 0, -12, 0, -24, 0, 0, 0,
    0, 0, 0, 0, 0, 0, 0, 0,
    0, 0, 0, 0, 0, -26, 0, 0,
    0, 0, 0, 0, 0, 0, 0, 0,
    0, 0, 0, -20, 0, 0, 0, 0,
    0, 0, -1, -20, 0, -11, -11, -40,
    0, -43, 0, 0, 0, 0, -20, -6,
    0, -18, 0, 0, 0, 0, -8, 1,
    0, 0, 0, 0, 0, 0, 0, 0,
    0, 0, 0, -43, 0, 0, 5, 0,
    -5, 0, 0, -3, 0, 0, 0, -45,
    -9, -5, 0, 0, 0, 0, 0, 0,
    0, 0, 0, 0, -3, 0, -5, -44,
    0, -34, 0, 0, 0, 0, 0, 0,
    0, 0, 0, 0, 0, -58, -18, -64,
    -2, -69, -2, -5, 0, -59, -59, -64,
    -63, -36, -58, -2, -3, -2, -5, 0,
    0, 0, -2, 0, -52, 0, 0, 0,
    0, 0, 0, -2, -104, 0, 0, -3,
    -56, -57, -5, -1, -5, 0, -1, -2,
    0, 0, -2, 0, 0, 0, 0, 0,
    0, 0, 0, 0, 0, 0, 0, 0,
    0, 0, 0, 0, 0, 0, 0, 0,
    0, 0, 0, 0, 0, 0, 0, 0,
    0, 0, -5, -5, 0, -5, 0, 0,
    0, 0, 0, -1, 0, 0, 0, 0,
    -3, 0, -6, -1, 0, -5, -5, -17,
    0, -17, -4, 0, 0, 0, 0, 0,
    0, 0, 0, 0, 0, 0, 0, 0,
    0, 0, 0, 0, 0, 0, 0, 0,
    0, 0, 0, -17, 0, 0, 0, 0,
    0, 0, 0, 0, -2, 0, 0, 0,
    0, 0, -3, -2, -2, 0, -2, 0,
    -2, 0, -2, -2, 0, 0, 0, -6,
    11, -2, 89, 0, 0, 0, -8, -8,
    0, -8, 0, 0, 0, -2, 0, -2,
    0, 0, 0, 22, 78, 0, 0, -2,
    -2, 0, -2, 0, 0, 0, 0, 0,
    0, 0, 0, 0, 0, 0, 0, 0,
    0, 0, 0, 0, 0, 11, 0, 0,
    -2, -2, 22, 22, 9, 0, 0, 0,
    0, 0, 0, 0, 0, 0, -34, 0,
    0, 0, 0, 0, 0, 0, 0, 0,
    0, -20, 0, 0, 0, 0, 0, 0,
    0, 0, 0, 0, 0, 0, 0, 0,
    -20, -12, -43, -39, 0, -34, 0, 0,
    0, 0, 0, 0, 0, 0, 0, 0,
    0, 0, 0, 0, 0, 0, 0, -22,
    0, -23, 0, 0, 0, 0, 0, 0,
    0, 0, 0, 0, 0, 0, 0, 0,
    0, 0, 0, 0, 0, 0, 0, 0,
    0, 0, 0, -23, 0, -33, 0, 0,
    -2, 0, -19, 0, 0, -16, -7, 0,
    -2, 0, 0, 0, 0, 0, 0, 0,
    0, 0, 0, 0, 0, -15, 0, 0,
    0, -4, -11, 0, -16, -14, -50, -43,
    0, -48, 0, -26, -2, 0, 0, 0,
    0, 0, 0, 0, 0, 0, 0, 0,
    0, 0, 0, -8, 0, -8, 0, 0,
    0, -8, 0, -2, 0, -14, 0, 0,
    0, 0, -10, 0, 0, 0, 0, 0,
    0, 0, 0, 0, 0, 0, 0, -8,
    -52, -20, 0, -15, 0, 0, -18, 0,
    0, -23, 0, 0, 0, 0, 0, 0,
    0, 0, 0, 0, 0, 0, 0, 0,
    0, -19, 0, -15, -15, 0, -14, -3,
    -19, -16, -53, -46, -31, -51, -11, -21,
    -2, 0, 0, 0, 0, 0, -8, 0,
    0, 0, 0, 0, 0, 0, 0, -11,
    -15, -11, 0, 0, 0, -19, 0, 0,
    0, 0, 0, 0, 0, 0, -7, 0,
    -15, -15, 0, 0, 0, 0, 0, 0,
    0, 0, 0, -11, -52, -18, 0, -8,
    0, 0, -8, 0, 0, -20, 0, 0,
    -3, 0, 0, 0, 0, 0, 0, 0,
    0, 0, 0, 0, 0, -9, 0, -11,
    -5, 0, -10, 0, 0, -10, -35, -34,
    -15, -42, 0, -14, -2, 0, 0, 0,
    0, 0, 0, 0, 66, 0, 0, 0,
    0, 0, 0, -4, -2, -5, 0, 0,
    0, -14, 0, 0, 0, 0, 0, 0,
    0, 0, 0, 0, -10, -5, 0, 0,
    0, 0, 0, 0, 0, 0, 0, -5,
    0, -9, 0, -8, 0, 0, 0, 0,
    0, 8, 0, 0, -2, 0, 0, 0,
    0, 0, 0, 0, 0, 0, 0, 0,
    0, 0, 0, 0, 0, -2, -2, 0,
    -1, -2, -1, -1, 0, -1, 0, 7,
    7, 0, 0, 0, 0, 0, 0, 0,
    0, 0, 0, 0, 0, 0, 0, 0,
    0, 0, 0, 0, 0, 8, 0, 0,
    0, -2, 0, 0, 0, 0, 0, 0,
    0, 0, 0, 0, 0, 0, 0, 0,
    0, 0, 0, 0, 0, 0, 0, 0,
    0, 0, -12, 0, 0, -21, 0, 0,
    0, 0, 0, 0, 0, 0, 0, 0,
    0, 0, 0, 0, 0, -14, 0, -14,
    -9, 0, -13, 0, -8, -13, -45, -38,
    -21, -54, -6, -17, -2, 0, 0, 0,
    0, 0, 0, 0, 0, -6, 0, 0,
    0, 0, 0, -9, -12, -9, 0, 0,
    0, -17, 0, 0, 0, 0, 0, 0,
    0, 0, 0, 0, -12, -9, 0, 0,
    0, 0, 0, 0, 0, 0, 0, -9,
    -2, -13, 0, -8, 0, 41, 57, 0,
    0, 33, 34, 0, -15, 0, 0, 0,
    0, 0, 0, 0, 0, 0, 0, 0,
    0, 63, 0, 0, 58, 0, 62, 18,
    63, 69, 92, 91, 82, 88, 48, 53,
    26, 0, 0, -14, 0, 0, 0, 0,
    0, 0, 0, -14, 0, 0, 0, 0,
    0, 0, 0, 0, 23, 38, 0, 37,
    -11, 21, 0, 0, 0, 0, 36, 0,
    0, 58, 0, 0, 0, 0, 0, 0,
    0, 0, 0, 0, 38, 58, 0, 57,
    0, 0, 0, 0, 0, 0, 0, 0,
    -2, 0, 0, 0, 0, 0, 0, 0,
    0, 0, 0, 0, 0, 8, 0, 0,
    0, -6, 0, 0, 0, -5, -11, -11,
    0, -11, 0, 0, 0, -8, 0, -14,
    0, 0, 0, 0, 0, 0, 0, -14,
    -7, 0, 0, -11, 0, -11, 0, 0,
    0, 0, 0, 0, -44, 0, 0, 0,
    0, 0, 0, 0, 0, 0, 0, 0,
    -8, -8, 0, 0, 0, 0, 0, -11,
    0, 0, 0, 0, 0, 0, -17, 0,
    0, -12, -7, 0, -2, 0, 0, 0,
    0, 0, 0, 0, 0, 0, 0, 0,
    0, -16, 0, 0, 0, -6, -14, 0,
    -18, -16, -51, -45, 0, -50, 0, -26,
    -2, 0, 0, 0, 0, -5, 0, 0,
    0, 0, 0, 0, 0, 0, 0, -9,
    0, -8, 0, 0, 0, -7, 0, -2,
    0, -13, 0, 0, 0, 0, -8, 0,
    0, 0, 0, 0, 0, 0, 0, 0,
    0, 0, 0, -8, -11, -19, 0, -14,
    0, 8, 0, 0, 0, 15, -2, 0,
    -2, 0, 0, 0, 0, 0, 0, 0,
    0, 0, 0, 0, 0, 9, 0, 0,
    0, -8, -7, 0, -4, -8, -8, -8,
    0, -8, 0, 0, 5, 0, 0, 0,
    0, 0, 0, 0, 0, 0, 0, 0,
    0, 0, 0, -4, 0, -4, 0, 0,
    0, 23, 0, 0, 0, -2, 0, 0,
    0, 0, 0, 0, 0, 0, 0, 0,
    0, 0, 0, 0, 0, 0, 0, -4,
    0, 14, 0, 0, 0, 12, -11, 0,
    0, -12, 0, 0, 0, 0, 0, 0,
    0, 0, 0, 0, 0, 0, 0, 0,
    0, -12, 0, -7, 0, 0, 0, 0,
    0, 0, 0, -3, 0, -5, 0, -17,
    -2, 0, 0, 0, 0, 0, 0, 0,
    0, 0, 0, 0, 0, 0, 0, -5,
    0, -7, 0, 0, 0, -10, 0, 9,
    0, 0, 0, 0, 0, 0, 14, 0,
    -7, 0, 0, 0, 0, 0, 0, 0,
    0, 0, 0, -7, -2, -12, 0, -8,
    -2, 0, 0, 0, 0, 0, 0, 0,
    -21, 0, 0, 0, 0, 0, 0, 0,
    0, 0, 0, 0, 0, 0, 0, 0,
    0, -16, -8, 0, 0, -14, -30, -26,
    0, -23, 0, 0, 0, -2, -17, -17,
    0, 0, -17, 0, 0, 0, 0, -17,
    0, 0, 0, 0, 0, 0, 0, 0,
    0, 0, 0, 0, -17, 0, 0, 0,
    0, 0, 0, 0, 0, 0, 0, -18,
    -2, -2, 0, 0, 0, 0, -18, 0,
    0, -8, 0, -8, 0, 0, 0, 0,
    0, 0, 0, 0, 0, 0, 0, 0,
    0, 0, 0, 0, 0, 0, 0, 0,
    0, 0, 0, 0, 0, 0, 0, 0,
    0, 0, 0, 0, 0, 0, 0, 0,
    0, 0, 0, -8, 0, 0, 6, 0,
    0, 0, 0, -8, 0, 0, 0, 0,
    0, 0, 0, 0, 0, 0, 0, 0,
    0, 0, 0, 0, 0, 0, 0, 0,
    0, 0, 0, 0, 0, 0, 0, 0,
    0, 0, 0, 0, 0, 0, 0, 0,
    0, -7, -20, 0, 0, -23, 0, 0,
    0, 0, 0, 0, 0, 0, 0, 0,
    0, 0, 0, 0, 0, -19, 0, -15,
    -14, 0, -14, -3, -15, -15, -51, -45,
    -29, -50, -11, -20, -2, 0, 0, 0,
    0, 0, 0, 0, 0, 0, 0, 0,
    0, 0, 0, -9, -15, -12, 0, 0,
    0, -18, 0, 0, 0, 0, 0, 0,
    0, 0, -8, 0, -17, -14, 0, 0,
    0, 0, 0, 0, 0, 0, 0, -12,
    -13, -20, 0, -11, 0, 0, 0, 0,
    0, 0, 0, 0, 0, 0, 0, 0,
    0, 0, 0, 0, 0, 0, 0, 0,
    0, -7, 0, -7, -8, 0, 109, 0,
    -5, -9, -37, -32, 0, -41, -4, -9,
    0, 0, 0, 0, 0, 0, 0, 0,
    0, 0, 0, 0, 0, 0, 0, 0,
    0, 0, 0, 0, 0, 7, 0, 0,
    0, 0, 0, 0, 0, 0, 0, 0,
    -6, -8, 0, 0, 0, 0, 0, 0,
    0, 0, 0, 0, 0, 0, 0, 0,
    -16, 0, 0, 0, 0, -20, 0, -29,
    -4, -14, 0, 0, 0, 0, 0, 0,
    0, 0, 0, 0, 0, 0, 0, -38,
    -14, 0, -14, -5, 0, -10, -28, -23,
    -30, -32, 0, 0, -2, 0, -15, -9,
    -4, 0, -21, 0, 0, 0, 0, -9,
    0, 0, 0, 0, 0, 0, 0, 0,
    0, -11, 0, 0, -2, 0, 0, 0,
    0, 0, 0, 0, -46, -14, 0, 0,
    0, 0, 0, 0, 0, 0, 0, 0,
    0, 0, 0, 0, 0, 0, 0, 0,
    0, -19, 0, 0, 0, 0, 0, 0,
    0, 0, 0, 0, 0, 0, 0, 0,
    0, 0, 0, -11, -9, -3, -14, 0,
    -6, -15, -38, -37, -11, -36, -4, -10,
    -2, 0, 0, 0, 0, 0, 0, 0,
    0, 0, 0, 0, 0, 0, 0, 0,
    0, 0, 0, 0, 0, -11, 0, 0,
    0, 0, 0, 0, 0, 0, 0, 0,
    -8, -9, 0, 0, 0, 0, 0, 0,
    0, 0, 0, 0, 0, 0, 0, 0,
    -2, 0, 0, 0, 0, -2, 0, 0,
    0, 0, 0, 0, 0, 0, 0, 0,
    0, 0, 0, 0, 0, 0, 0, 0,
    0, 0, -1, 0, 0, -2, -4, -3,
    0, -2, 0, 0, 0, 0, 0, -4,
    0, -3, 0, 0, 5, 0, 0, -4,
    0, -18, 0, 0, 0, 0, 0, 0,
    0, 0, 0, 0, 0, 0, 0, 0,
    0, 0, 0, 0, 0, 0, 0, 0,
    0, 0, 0, 0, 0, 0, 0, 0,
    0, 0, 0, -2, -22, 0, 0, -8,
    0, -20, 0, -33, -17, -23, 0, 0,
    0, 0, 0, 0, 0, 0, 0, 0,
    0, 0, -19, -43, -16, -5, -14, -5,
    0, -12, -20, -18, -27, -22, 0, 0,
    0, -10, 0, -13, -12, -11, -23, 0,
    0, 0, 0, -13, -10, 0, 0, 0,
    0, 0, 0, 0, 0, -8, 0, 0,
    -16, 0, 0, 0, 0, 0, 0, 0,
    -55, -16, 0, -7, -10, -10, 0, 0,
    0, 0, -7, 0, 0, 0, 0, 0,
    -9, 0, 0, 0, 0, -2, 0, 0,
    -25, 0, 0, 0, 0, 0, 0, 0,
    0, 0, 0, 0, 0, 0, 0, 0,
    0, -18, -6, 0, 0, -14, -31, -28,
    0, -24, 0, 0, 0, 0, 0, -16,
    0, 0, 0, 0, 0, 0, 0, -16,
    0, 0, 0, 0, 0, 0, 0, 0,
    0, 0, 0, 0, -22, 0, 0, 0,
    0, 0, 0, 0, 0, 0, 0, 0,
    0, 0, 0, 0, 0, 0, 0, 0,
    0, 0, 0, 0, 0, 0, 0, 0,
    0, -14, 0, 0, -2, 0, 0, 0,
    0, 0, 0, 0, 0, 0, 0, 0,
    0, 0, 0, -4, -4, -4, -12, 0,
    0, -14, -35, -30, 0, -31, 0, 0,
    0, 0, 0, 0, 0, 0, 0, 0,
    0, 0, 0, 0, 0, 0, 0, 0,
    0, 0, 0, 0, 0, 0, 0, 0,
    0, 0, 0, 0, 0, 0, 0, 0,
    0, -4, 0, 0, 0, 0, 0, 0,
    0, 0, 0, 0, 0, 0, 0, 0,
    0, 0, 0, 0, -11, 0, 0, 0,
    0, 0, -21, -2, -8, 0, -2, 0,
    -17, -8, -2, -14, 0, 0, 0, -8,
    32, -16, 102, 0, 0, 0, -8, -8,
    0, -9, 0, 0, 0, -11, 7, -19,
    0, 0, 0, 41, 91, 0, 0, -19,
    -11, 0, -8, -6, 0, 0, -6, -14,
    0, 0, 0, 0, 0, 0, 0, 0,
    0, 0, 0, 0, -8, 32, 0, 6,
    -11, -11, 38, 41, 23, 0, 6, 0,
    0, 0, 0, 0, 0, 0, 0, 0,
    0, 0, 0, 0, 0, 0, 0, 0,
    0, 0, 0, 0, 0, 0, 0, 0,
    0, 0, 0, 0, 0, 0, 85, 0,
    0, 0, 0, 0, 0, 0, 0, 0,
    0, 0, 0, 0, 0, 0, 0, 0,
    72, 0, 0, 0, 0, 0, 0, 0,
    0, 0, 0, 0, 0, 0, 0, 0,
    0, 0, 0, 0, 0, 0, 0, 0,
    0, 0, 0, 0, 0, 0, 0, 0,
    0, 0, 0, 0, 0, 0, 0, 0,
    0, 0, 0, 0, 0, -15, 0, 0,
    0, 0, 0, 0, 0, 0, 0, 0,
    0, 0, 0, 0, 0, 0, 0, 0,
    0, 0, 0, 0, 0, 0, 0, 0,
    0, 0, 0, 0, 0, 0, 0, 0,
    0, 0, 0, 0, 0, 0, 0, 0,
    0, 0, 0, 0, 0, 0, 0, 0,
    0, -14, 0, 0, 0, 0, 0, 0,
    0, 0, 0, 0, 0, 0, 0, 0,
    0, 0, 0, 0, 0, 0, 0, 0,
    0, 0, 0, 0, 0, 0, 0, 0,
    0, 0, 0, 0, 0, 0, 0, 0,
    0, 0, 0, 0, 0, 0, 0, 0,
    0, 0, 0, 0, 0, 0, 105, 0,
    0, -10, -26, -23, 0, -20, 0, 0,
    0, 0, 0, 0, 0, 0, 0, 0,
    94, 0, 0, 0, 0, 0, 0, 0,
    0, 0, 0, 0, 0, 0, 0, 0,
    0, 0, 0, 0, 0, 0, 0, 0,
    0, 0, 0, 0, 0, 0, 0, 0,
    0, 0, 0, 0, 0, 0, 0, 0,
    0, 0, 0, 0, 0, 0, 0, 0,
    0, 0, 0, 0, 0, -14, 0, 0,
    0, 0, 0, 0, 0, 0, 0, 0,
    0, 0, 0, 0, 0, 0, 0, 0,
    0, 0, 0, 0, 0, 0, 0, 0,
    0, 0, 0, 0, 0, 0, 0, 0,
    0, 0, 0, 0, 0, 0, 0, 0,
    0, 0, 0, 0, 0, 0, 0, 0,
    0, 0, 0, 0, 0, 0, 0, 0,
    0, 0, 0, 0, 0, 0, 0, 0,
    0, 0, 0, 0, 0, 0, 0, 0,
    0, 0, 0, 0, 0, 0, 0, 0,
    0, 0, 0, 0, 0, 0, 0, 0,
    0, 0, 0, 0, 0, 0, 0, 0,
    0, 0, -16, -13, 0, -13, 0, 0,
    0, 0, 0, 0, 0, 0, 0, 0,
    0, 0, 0, 0, 0, 0, 0, 0,
    0, 0, 0, 0, 0, 0, 0, 0,
    0, 0, 0, 0, 0, 0, 0, 0,
    0, 0, 0, 0, 0, 0, 0, 0,
    0, 0, 0, 0, 0, 0, 0, 0,
    0, 0, 0, 0, 0, 0, 0, 0,
    0, 0, -33, 0, -20, -26, -81, -11,
    -27, 0, 0, -30, 0, 0, 0, 0,
    0, 0, 0, 0, 0, 0, 0, 0,
    0, 0, 0, 0, 0, 0, 0, 0,
    0, 0, 0, 0, 0, 0, 0, 0,
    0, 0, 0, 0, 0, 0, 0, 0,
    0, 0, 0, 0, 0, 0, 0, 0,
    0, 0, 0, 0, 0, 0, 0, 0,
    0, 0, 0, 0, 0, 0, 0, 0,
    0, 0, 0, 0, 0, 0, 0, 0,
    0, 0, 0, 0, 0, 0, 0, -13,
    -11, -13, -26, 0, 0, -2, 0, 0,
    0, 0, 0, 0, -12, 0, 0, 0,
    0, 0, 0, 0, 0, 0, 0, 0,
    0, 0, 0, 0, 0, 0, -35, 0,
    0, 0, 0, 0, 0, 0, 0, 0,
    0, 0, 0, 0, 0, 0, 0, 0,
    0, 0, 0, 0, 0, 0, 0, 0,
    0, -12, 0, 0, 0, 0, 0, 0,
    0, 0, 0, 0, 0, 0, 0, 0,
    0, 0, 0, 0, 0, 0, 0, 0,
    0, 0, 0, 0, 0, 0, 0, 0,
    0, 0, 0, 0, 0, 0, 0, 0,
    0, 0, 0, 0, 0, 0, 0, 0,
    0, 0, 0, 0, 0, 0, 0, 0,
    0, 0, 0, 0, 0, 0, 0, 0,
    0, 0, 0, 0, 0, 0, 0, 0,
    0, 0, 0, 0, 0, 0, 0, 0,
    -12, 0, 0, 0, 0, 0, 0, 0,
    0, 0, 0, 0, 0, 0, 0, 0,
    0, 0, 0, 0, 0, 0, -19, 0,
    0, 0, 0, 0, 0, 0, 0, 0,
    0, 0, 0, 0, 0, 0, 0, 0,
    0, 0, 0, -11, 0, 0, 0, 0,
    -54, 0, -45, -42, -14, -63, 0, 0,
    0, 0, 0, 0, 0, 0, 0, 0,
    0, 0, 0, 0, 0, 0, 0, -14,
    -23, -15, 0, 0, 0, 0, 0, 0,
    0, 0, 0, 0, 0, 0, 0, 0,
    -12, 0, 0, 0, 0, 0, 0, 0,
    0, 0, 0, -15, 0, -18, 0, 0,
    0, 0, 0, 0, 0, 0, 0, 0,
    0, 0, 0, 0, 0, 0, 0, 0,
    0, 0, 0, 0, 0, 0, 0, 0,
    0, 0, 0, 0, 0, 0, -3, -3,
    0, -5, 0, 0, 0, 0, 0, 0,
    0, 0, 0, 0, 23, 0, 0, 0,
    0, 0, 0, 0, 0, 0, 0, 0,
    0, 0, 0, 0, 0, 0, 0, 0,
    0, 0, 0, 0, 0, 0, 0, 0,
    0, 0, 0, 0, 0, 0, 0, 0,
    0, 0, 0, 0, 0, 0, 0, 0,
    0, 14, 0, 0, -10, 0, 0, 0,
    0, 0, 0, 0, 0, 0, 0, 0,
    0, 0, 0, 0, 0, -6, 0, 0,
    0, 0, 0, 0, 0, 0, 0, 0,
    3, -5, 0, -15, 0, -6, 0, 0,
    -3, 0, -10, -15, -5, -6, -10, -13,
    0, -12, -3, 0, 0, 5, 0, 0,
    0, 0, 0, 0, 0, 0, 0, 0,
    0, 0, 0, -1, -5, -5, 0, 0,
    0, 0, -1, -12, 0, 0, 0, 0,
    0, 0, 0, 0, 0, 0, 0, 0,
    0, 0, 0, 0, -9, -16, -20, 0,
    0, 0, 0, 0, 0, 0, 0, 0,
    0, 0, 0, 0, 0, 0, 0, 0,
    0, 0, 0, 0, 0, 0, 0, 0,
    0, 0, 0, 0, 0, 0, 0, 0,
    0, 0, 0, 0, 0, 0, 0, 0,
    0, 0, 0, 0, 0, 0, 0, 0,
    0, 0, 0, 0, 0, 0, 0, 0,
    0, 0, 0, 0, 0, 0, 0, 0,
    0, 0, 0, 0, -8, 0, 0, 0,
    0, -19, 0, -20, 0, -7, 0, 0,
    0, 0, 0, 0, 0, 0, 0, 0,
    0, -17, 0, -26, -5, 0, -1, 0,
    0, -1, -19, -16, -54, -25, -1, 0,
    0, 0, 0, 0, -3, 0, -1, 0,
    0, 0, 0, 0, 0, 0, 0, -4,
    -5, 0, 0, 0, 0, -13, 0, 0,
    0, 0, 0, 0, 0, 0, 0, 0,
    -46, -5, 0, 0, 0, 0, 0, 0,
    0, 0, 0, 0, 0, 0, 0, 0,
    -11, 0, -14, 0, 0, -14, -14, 0,
    0, 0, 0, 0, 0, 0, 0, 0,
    0, 0, 0, 0, 0, -9, 0, -10,
    -8, -3, -12, 0, -26, -12, -34, -32,
    -12, -38, -10, -14, 0, 0, 0, 0,
    0, 0, 0, 0, 0, 0, 0, 0,
    0, -3, 0, -23, -20, -24, -3, 0,
    0, -10, 0, -13, 0, -17, 0, 0,
    0, 0, -14, 0, -8, -8, 0, 0,
    0, 0, 0, 0, 0, 0, 0, -24,
    -14, -13, 0, -8, 0, 8, 16, 0,
    0, 15, 11, 0, -2, 0, 0, 0,
    0, 0, 0, 0, 0, 0, 0, 0,
    0, 17, 0, 0, 0, -8, -7, 0,
    -4, -8, -8, -8, 0, -8, 0, 0,
    5, 0, 0, 0, 0, 0, 0, 0,
    0, 0, 0, 0, 0, 0, 0, -4,
    0, -4, 0, 0, 0, 6, 0, 0,
    0, -2, 0, 0, 0, 0, 0, 0,
    0, 0, 0, 0, 0, 0, 0, 0,
    0, 0, 0, -4, 0, 17, 0, 17,
    0, 0, -12, 0, 0, -16, 0, -2,
    0, 0, 0, 0, 0, 0, 0, 0,
    0, 0, 0, 0, 0, -8, 0, -17,
    -13, 0, -13, -5, -9, -15, -38, -36,
    -29, -45, -10, -14, -2, 0, 0, 0,
    0, 0, 0, 0, 0, 0, 0, 0,
    0, 0, 0, -10, -11, -9, 0, 0,
    0, -14, 0, 0, 0, 0, 0, 0,
    0, 0, 0, 0, -20, -13, 0, 0,
    0, 0, 0, 0, 0, 0, 0, -9,
    -6, -12, 0, -6, 0, 0, 0, 0,
    0, 0, 0, 0, 0, 0, 0, -8,
    0, -8, -44, 0, 0, 0, -12, 0,
    0, 0, 0, 0, 0, 0, 0, 0,
    0, 0, 0, 0, 0, 0, 0, 0,
    0, 0, 0, 0, 0, 0, 0, 0,
    0, 0, 0, 0, 0, 0, 0, 0,
    0, 0, 0, 0, 0, 0, 0, 0,
    0, 0, 0, 0, 0, 0, 0, 0,
    0, 0, 0, 0, 0, 0, 0, 0,
    0, 0, 0, 0, 0, 0, 0, 0,
    0, 0, 0, 0, 0, 0, 0, -92,
    0, 0, 0, 0, 0, 0, 0, 0,
    0, 0, 0, 0, 0, 0, 0, -70,
    0, 0, 0, 0, 0, 0, -7, -6,
    -5, -8, 0, 0, 0, 0, 0, -8,
    -11, -8, -2, 0, 0, 0, 0, -8,
    0, 0, 0, 8, 0, 11, 0, 0,
    0, 0, 0, 0, 0, 0, 0, 0,
    0, 0, 0, 0, -63, 0, 0, -2,
    0, 0, 0, 0, 0, 0, -2, 11,
    0, 0, 0, 0, -14, 0, 0, -14,
    0, 0, 0, -99, -13, -32, 0, 0,
    0, 0, 0, 0, 0, 0, 0, 0,
    0, 0, -29, -45, 0, 0, 0, 0,
    0, 0, 0, 0, 0, 0, 0, 0,
    0, -12, 0, -14, -14, -14, 0, 0,
    0, 0, 0, -14, -8, 0, 0, 0,
    0, 0, 0, 0, 0, 0, 0, 0,
    -14, 0, 0, 0, 0, 0, 0, 0,
    -66, 0, 0, 0, -12, -12, 0, 0,
    0, 0, 0, 0, 0, 0, 0, 0
};


/*Collect the kern class' data in one place*/
static const lv_font_fmt_txt_kern_classes_t kern_classes =
{
    .class_pair_values   = kern_class_values,
    .left_class_mapping  = kern_left_class_mapping,
    .right_class_mapping = kern_right_class_mapping,
    .left_class_cnt      = 92,
    .right_class_cnt     = 84,
};

/*--------------------
 *  ALL CUSTOM DATA
 *--------------------*/

#if LVGL_VERSION_MAJOR == 8
/*Store all the custom data of the font*/
static  lv_font_fmt_txt_glyph_cache_t cache;
#endif

#if LVGL_VERSION_MAJOR >= 8
static const lv_font_fmt_txt_dsc_t font_dsc = {
#else
static lv_font_fmt_txt_dsc_t font_dsc = {
#endif
    .glyph_bitmap = glyph_bitmap,
    .glyph_dsc = glyph_dsc,
    .cmaps = cmaps,
    .kern_dsc = &kern_classes,
    .kern_scale = 19,
    .cmap_num = 5,
    .bpp = 1,
    .kern_classes = 1,
    .bitmap_format = 0,
#if LVGL_VERSION_MAJOR == 8
    .cache = &cache
#endif
};



/*-----------------
 *  PUBLIC FONT
 *----------------*/

/*Initialize a public general font descriptor*/
#if LVGL_VERSION_MAJOR >= 8
const lv_font_t ui_font_display_56 = {
#else
lv_font_t ui_font_display_56 = {
#endif
    .get_glyph_dsc = lv_font_get_glyph_dsc_fmt_txt,    /*Function pointer to get glyph's data*/
    .get_glyph_bitmap = lv_font_get_bitmap_fmt_txt,    /*Function pointer to get glyph's bitmap*/
    .line_height = 65,          /*The maximum line height required by the font*/
    .base_line = 11,             /*Baseline measured from the bottom of the line*/
#if !(LVGL_VERSION_MAJOR == 6 && LVGL_VERSION_MINOR == 0)
    .subpx = LV_FONT_SUBPX_NONE,
#endif
#if LV_VERSION_CHECK(7, 4, 0) || LVGL_VERSION_MAJOR >= 8
    .underline_position = -6,
    .underline_thickness = 1,
#endif
    .dsc = &font_dsc,          /*The custom font data. Will be accessed by `get_glyph_bitmap/dsc` */
#if LV_VERSION_CHECK(8, 2, 0) || LVGL_VERSION_MAJOR >= 9
    .fallback = NULL,
#endif
    .user_data = NULL,
};



#endif /*#if UI_FONT_DISPLAY_56*/

