/*******************************************************************************
 * Size: 14 px
 * Bpp: 1
 * Opts: --font NotoSansKR-Medium.otf --size 14 --bpp 1 --format lvgl --symbols 、。〈〉《》「」『』ㄱㄲㄳㄴㄵㄶㄷㄸㄹㄺㄻㄼㄽㄾㄿㅀㅁㅂㅃㅄㅅㅆㅇㅈㅉㅊㅋㅌㅍㅎㅏㅐㅑㅒㅓㅔㅕㅖㅗㅘㅙㅚㅛㅜㅝㅞㅟㅠㅡㅢㅣㅤㅥㅦㅧㅨㅩㅪㅫㅬㅭㅮㅯㅰㅱㅲㅳㅴㅵㅶㅷㅸㅹㅺㅻㅼㅽㅾㅿㆀㆁㆂㆃㆄㆅㆆㆇㆈㆉㆊㆋㆌㆍㆎ가각간갇갈갉갊감갑값갓갔강갖갗같갚갛개객갠갤갬갭갯갰갱갸갹갼걀걋걍걔걘걜거걱건걷걸걺검겁것겄겅겆겉겊겋게겐겔겜겝겟겠겡겨격겪견겯결겸겹겻겼경곁계곈곌곕곗고곡곤곧골곪곬곯곰곱곳공곶과곽관괄괆괌괍괏광괘괜괠괩괬괭괴괵괸괼굄굅굇굉교굔굘굡굣구국군굳굴굵굶굻굼굽굿궁궂궈궉권궐궜궝궤궷귀귁귄귈귐귑귓규균귤그극근귿글긁금급긋긍긔기긱긴긷길긺김깁깃깅깆깊까깍깎깐깔깖깜깝깟깠깡깥깨깩깬깰깸깹깻깼깽꺄꺅꺌꺼꺽꺾껀껄껌껍껏껐껑께껙껜껨껫껭껴껸껼꼇꼈꼍꼐꼬꼭꼰꼲꼴꼼꼽꼿꽁꽂꽃꽈꽉꽐꽜꽝꽤꽥꽹꾀꾄꾈꾐꾑꾕꾜꾸꾹꾼꿀꿇꿈꿉꿋꿍꿎꿔꿜꿨꿩꿰꿱꿴꿸뀀뀁뀄뀌뀐뀔뀜뀝뀨끄끅끈끊끌끎끓끔끕끗끙끝끼끽낀낄낌낍낏낑나낙낚난낟날낡낢남납낫났낭낮낯낱낳내낵낸낼냄냅냇냈냉냐냑냔냘냠냥너넉넋넌널넒넓넘넙넛넜넝넣네넥넨넬넴넵넷넸넹녀녁년녈념녑녔녕녘녜녠노녹논놀놂놈놉놋농높놓놔놘놜놨뇌뇐뇔뇜뇝뇟뇨뇩뇬뇰뇹뇻뇽누눅눈눋눌눔눕눗눙눠눴눼뉘뉜뉠뉨뉩뉴뉵뉼늄늅늉느늑는늘늙늚늠늡늣능늦늪늬늰늴니닉닌닐닒님닙닛닝닢다닥닦단닫달닭닮닯닳담답닷닸당닺닻닿대댁댄댈댐댑댓댔댕댜더덕덖던덛덜덞덟덤덥덧덩덫덮데덱덴델뎀뎁뎃뎄뎅뎌뎐뎔뎠뎡뎨뎬도독돈돋돌돎돐돔돕돗동돛돝돠돤돨돼됐되된될됨됩됫됴두둑둔둘둠둡둣둥둬뒀뒈뒝뒤뒨뒬뒵뒷뒹듀듄듈듐듕드득든듣들듦듬듭듯등듸디딕딘딛딜딤딥딧딨딩딪따딱딴딸땀땁땃땄땅땋때땍땐땔땜땝땟땠땡떠떡떤떨떪떫떰떱떳떴떵떻떼떽뗀뗄뗌뗍뗏뗐뗑뗘뗬또똑똔똘똥똬똴뙈뙤뙨뚜뚝뚠뚤뚫뚬뚱뛔뛰뛴뛸뜀뜁뜅뜨뜩뜬뜯뜰뜸뜹뜻띄띈띌띔띕띠띤띨띰띱띳띵라락란랄람랍랏랐랑랒랖랗래랙랜랠램랩랫랬랭랴략랸럇량러럭런럴럼럽럿렀렁렇레렉렌렐렘렙렛렝려력련렬렴렵렷렸령례롄롑롓로록론롤롬롭롯롱롸롼뢍뢨뢰뢴뢸룀룁룃룅료룐룔룝룟룡루룩룬룰룸룹룻룽뤄뤘뤠뤼뤽륀륄륌륏륑류륙륜률륨륩륫륭르륵른를름릅릇릉릊릍릎리릭린릴림립릿링마막만많맏말맑맒맘맙맛망맞맡맣매맥맨맬맴맵맷맸맹맺먀먁먈먕머먹먼멀멂멈멉멋멍멎멓메멕멘멜멤멥멧멨멩며멱면멸몃몄명몇몌모목몫몬몰몲몸몹못몽뫄뫈뫘뫙뫼묀묄묍묏묑묘묜묠묩묫무묵묶문묻물묽묾뭄뭅뭇뭉뭍뭏뭐뭔뭘뭡뭣뭬뮈뮌뮐뮤뮨뮬뮴뮷므믄믈믐믓미믹민믿밀밂밈밉밋밌밍및밑바박밖밗반받발밝밞밟밤밥밧방밭배백밴밸뱀뱁뱃뱄뱅뱉뱌뱍뱐뱝버벅번벋벌벎범법벗벙벚베벡벤벧벨벰벱벳벴벵벼벽변별볍볏볐병볕볘볜보복볶본볼봄봅봇봉봐봔봤봬뵀뵈뵉뵌뵐뵘뵙뵤뵨부북분붇불붉붊붐붑붓붕붙붚붜붤붰붸뷔뷕뷘뷜뷩뷰뷴뷸븀븃븅브븍븐블븜븝븟비빅빈빌빎빔빕빗빙빚빛빠빡빤빨빪빰빱빳빴빵빻빼빽뺀뺄뺌뺍뺏뺐뺑뺘뺙뺨뻐뻑뻔뻗뻘뻠뻣뻤뻥뻬뼁뼈뼉뼘뼙뼛뼜뼝뽀뽁뽄뽈뽐뽑뽕뾔뾰뿅뿌뿍뿐뿔뿜뿟뿡쀼쁑쁘쁜쁠쁨쁩삐삑삔삘삠삡삣삥사삭삯산삳살삵삶삼삽삿샀상샅새색샌샐샘샙샛샜생샤샥샨샬샴샵샷샹섀섄섈섐섕서석섞섟선섣설섦섧섬섭섯섰성섶세섹센셀셈셉셋셌셍셔셕션셜셤셥셧셨셩셰셴셸솅소속솎손솔솖솜솝솟송솥솨솩솬솰솽쇄쇈쇌쇔쇗쇘쇠쇤쇨쇰쇱쇳쇼쇽숀숄숌숍숏숑수숙순숟술숨숩숫숭숯숱숲숴쉈쉐쉑쉔쉘쉠쉥쉬쉭쉰쉴쉼쉽쉿슁슈슉슐슘슛슝스슥슨슬슭슴습슷승시식신싣실싫심십싯싱싶싸싹싻싼쌀쌈쌉쌌쌍쌓쌔쌕쌘쌜쌤쌥쌨쌩썅써썩썬썰썲썸썹썼썽쎄쎈쎌쏀쏘쏙쏜쏟쏠쏢쏨쏩쏭쏴쏵쏸쐈쐐쐤쐬쐰쐴쐼쐽쑈쑤쑥쑨쑬쑴쑵쑹쒀쒔쒜쒸쒼쓩쓰쓱쓴쓸쓺쓿씀씁씌씐씔씜씨씩씬씰씸씹씻씽아악안앉않알앍앎앓암압앗았앙앝앞애액앤앨앰앱앳앴앵야약얀얄얇얌얍얏양얕얗얘얜얠얩어억언얹얻얼얽얾엄업없엇었엉엊엌엎에엑엔엘엠엡엣엥여역엮연열엶엷염엽엾엿였영옅옆옇예옌옐옘옙옛옜오옥온올옭옮옰옳옴옵옷옹옻와왁완왈왐왑왓왔왕왜왝왠왬왯왱외왹왼욀욈욉욋욍요욕욘욜욤욥욧용우욱운울욹욺움웁웃웅워웍원월웜웝웠웡웨웩웬웰웸웹웽위윅윈윌윔윕윗윙유육윤율윰윱윳융윷으윽은을읊음읍읏응읒읓읔읕읖읗의읜읠읨읫이익인일읽읾잃임입잇있잉잊잎자작잔잖잗잘잚잠잡잣잤장잦재잭잰잴잼잽잿쟀쟁쟈쟉쟌쟎쟐쟘쟝쟤쟨쟬저적전절젊점접젓정젖제젝젠젤젬젭젯젱져젼졀졈졉졌졍졔조족존졸졺좀좁좃종좆좇좋좌좍좔좝좟좡좨좼좽죄죈죌죔죕죗죙죠죡죤죵주죽준줄줅줆줌줍줏중줘줬줴쥐쥑쥔쥘쥠쥡쥣쥬쥰쥴쥼즈즉즌즐즘즙즛증지직진짇질짊짐집짓징짖짙짚짜짝짠짢짤짧짬짭짯짰짱째짹짼쨀쨈쨉쨋쨌쨍쨔쨘쨩쩌쩍쩐쩔쩜쩝쩟쩠쩡쩨쩽쪄쪘쪼쪽쫀쫄쫌쫍쫏쫑쫓쫘쫙쫠쫬쫴쬈쬐쬔쬘쬠쬡쭁쭈쭉쭌쭐쭘쭙쭝쭤쭸쭹쮜쮸쯔쯤쯧쯩찌찍찐찔찜찝찡찢찧차착찬찮찰참찹찻찼창찾채책챈챌챔챕챗챘챙챠챤챦챨챰챵처척천철첨첩첫첬청체첵첸첼쳄쳅쳇쳉쳐쳔쳤쳬쳰촁초촉촌촐촘촙촛총촤촨촬촹최쵠쵤쵬쵭쵯쵱쵸춈추축춘출춤춥춧충춰췄췌췐취췬췰췸췹췻췽츄츈츌츔츙츠측츤츨츰츱츳층치칙친칟칠칡침칩칫칭카칵칸칼캄캅캇캉캐캑캔캘캠캡캣캤캥캬캭컁커컥컨컫컬컴컵컷컸컹케켁켄켈켐켑켓켕켜켠켤켬켭켯켰켱켸코콕콘콜콤콥콧콩콰콱콴콸쾀쾅쾌쾡쾨쾰쿄쿠쿡쿤쿨쿰쿱쿳쿵쿼퀀퀄퀑퀘퀭퀴퀵퀸퀼큄큅큇큉큐큔큘큠크큭큰클큼큽킁키킥킨킬킴킵킷킹타탁탄탈탉탐탑탓탔탕태택탠탤탬탭탯탰탱탸턍터턱턴털턺텀텁텃텄텅테텍텐텔템텝텟텡텨텬텼톄톈토톡톤톨톰톱톳통톺톼퇀퇘퇴퇸툇툉툐투툭툰툴툼툽툿퉁퉈퉜퉤튀튁튄튈튐튑튕튜튠튤튬튱트특튼튿틀틂틈틉틋틔틘틜틤틥티틱틴틸팀팁팃팅파팍팎판팔팖팜팝팟팠팡팥패팩팬팰팸팹팻팼팽퍄퍅퍼퍽펀펄펌펍펏펐펑페펙펜펠펨펩펫펭펴편펼폄폅폈평폐폘폡폣포폭폰폴폼폽폿퐁퐈퐝푀푄표푠푤푭푯푸푹푼푿풀풂품풉풋풍풔풩퓌퓐퓔퓜퓟퓨퓬퓰퓸퓻퓽프픈플픔픕픗피픽핀필핌핍핏핑하학한할핥함합핫항해핵핸핼햄햅햇했행햐향허헉헌헐헒험헙헛헝헤헥헨헬헴헵헷헹혀혁현혈혐협혓혔형혜혠혤혭호혹혼홀홅홈홉홋홍홑화확환활홧황홰홱홴횃횅회획횐횔횝횟횡효횬횰횹횻후훅훈훌훑훔훗훙훠훤훨훰훵훼훽휀휄휑휘휙휜휠휨휩휫휭휴휵휸휼흄흇흉흐흑흔흖흗흘흙흠흡흣흥흩희흰흴흼흽힁히힉힌힐힘힙힛힝 --no-compress --lv-font-name ui_font_ko_label_14 -o components/news_core/fonts/ui_font_ko_label_14.c
 ******************************************************************************/

#ifdef LV_LVGL_H_INCLUDE_SIMPLE
#include "lvgl.h"
#else
#include "lvgl/lvgl.h"
#endif

#ifndef UI_FONT_KO_LABEL_14
#define UI_FONT_KO_LABEL_14 1
#endif

#if UI_FONT_KO_LABEL_14

/*-----------------
 *    BITMAPS
 *----------------*/

/*Store the image of the glyphs*/
static LV_ATTRIBUTE_LARGE_CONST const uint8_t glyph_bitmap[] = {
    /* U+3001 "、" */
    0xce, 0x72,

    /* U+3002 "。" */
    0x74, 0x63, 0x17, 0x0,

    /* U+3008 "〈" */
    0x8, 0xc4, 0x46, 0x23, 0x8, 0x61, 0xc, 0x20,
    0x80,

    /* U+3009 "〉" */
    0x86, 0x10, 0x43, 0x8, 0x62, 0x31, 0x18, 0x88,
    0x0,

    /* U+300A "《" */
    0x14, 0x28, 0x91, 0x44, 0x8a, 0x24, 0x28, 0x58,
    0x50, 0xa1, 0xa1, 0x40,

    /* U+300B "》" */
    0xd0, 0xa1, 0x21, 0x42, 0x42, 0x85, 0x8a, 0x34,
    0x50, 0xa2, 0x85, 0x0,

    /* U+300C "「" */
    0xf8, 0x88, 0x88, 0x88, 0x80,

    /* U+300D "」" */
    0x11, 0x11, 0x11, 0x11, 0xf0,

    /* U+300E "『" */
    0xfe, 0x1b, 0xe8, 0xa2, 0x8a, 0x28, 0xa3, 0x80,

    /* U+300F "』" */
    0x1c, 0x51, 0x45, 0x14, 0x51, 0x7d, 0xfc,

    /* U+3131 "ㄱ" */
    0xff, 0x1, 0x1, 0x1, 0x1, 0x1, 0x1,

    /* U+3132 "ㄲ" */
    0xf7, 0x88, 0x44, 0x22, 0x11, 0x8, 0x84, 0x42,

    /* U+3133 "ㄳ" */
    0xf1, 0x4, 0x41, 0x10, 0x44, 0x12, 0x87, 0xb1,
    0x4,

    /* U+3134 "ㄴ" */
    0x80, 0x80, 0x80, 0x80, 0x80, 0xff,

    /* U+3135 "ㄵ" */
    0x8f, 0xc1, 0x20, 0x90, 0x48, 0x74, 0x6b, 0xe2,

    /* U+3136 "ㄶ" */
    0x2, 0x47, 0xe3, 0xf0, 0xe8, 0xdc, 0xef, 0xdc,

    /* U+3137 "ㄷ" */
    0xff, 0x80, 0x80, 0x80, 0x80, 0x80, 0xff,

    /* U+3138 "ㄸ" */
    0xf7, 0xc2, 0x21, 0x10, 0x88, 0x44, 0x23, 0xde,

    /* U+3139 "ㄹ" */
    0xff, 0x3, 0x3, 0xff, 0x80, 0x80, 0xff,

    /* U+313A "ㄺ" */
    0xf7, 0x88, 0x44, 0x3e, 0x18, 0xc, 0x7, 0xe2,

    /* U+313B "ㄻ" */
    0xf7, 0x8a, 0x45, 0x3e, 0x98, 0x4c, 0x27, 0xde,

    /* U+313C "ㄼ" */
    0xf4, 0x8a, 0x45, 0xfe, 0x98, 0x4c, 0x27, 0xde,

    /* U+313D "ㄽ" */
    0xf2, 0x9, 0x4, 0x9e, 0x48, 0x24, 0x2b, 0xe2,

    /* U+313E "ㄾ" */
    0xf7, 0x8a, 0x5, 0x1e, 0xf8, 0x44, 0x23, 0xde,

    /* U+313F "ㄿ" */
    0xff, 0x8a, 0x85, 0x5e, 0xa8, 0x54, 0x2b, 0xfe,

    /* U+3140 "ㅀ" */
    0xe2, 0x17, 0xc8, 0x1c, 0xe8, 0xdc, 0x6f, 0xdc,

    /* U+3141 "ㅁ" */
    0xff, 0x81, 0x81, 0x81, 0x81, 0x81, 0xff,

    /* U+3142 "ㅂ" */
    0x81, 0x81, 0xff, 0x81, 0x81, 0x81, 0xff,

    /* U+3143 "ㅃ" */
    0x94, 0xca, 0x65, 0x3e, 0xf9, 0x4c, 0xa7, 0xde,

    /* U+3144 "ㅄ" */
    0x92, 0x49, 0x24, 0x9e, 0x49, 0x24, 0xab, 0xf2,

    /* U+3145 "ㅅ" */
    0x8, 0x4, 0x2, 0x1, 0x1, 0x41, 0xb3, 0x8e,

    /* U+3146 "ㅆ" */
    0x21, 0x8, 0x42, 0x10, 0x84, 0x52, 0xb7, 0xb8,
    0xc4,

    /* U+3147 "ㅇ" */
    0x3c, 0x42, 0x81, 0x81, 0x81, 0x42, 0x3c,

    /* U+3148 "ㅈ" */
    0xff, 0x18, 0x18, 0x18, 0x3c, 0xe7, 0x81,

    /* U+3149 "ㅉ" */
    0x7d, 0xe1, 0x8, 0x18, 0xc3, 0x8c, 0x39, 0xc6,
    0xf6, 0x46, 0x20,

    /* U+314A "ㅊ" */
    0x18, 0x18, 0xff, 0x18, 0x18, 0x3c, 0x66, 0xc3,

    /* U+314B "ㅋ" */
    0x7f, 0x1, 0x1, 0x1, 0xff, 0x1, 0x1,

    /* U+314C "ㅌ" */
    0xff, 0x80, 0x80, 0xff, 0x80, 0x80, 0xff,

    /* U+314D "ㅍ" */
    0xff, 0x91, 0x8, 0x84, 0x42, 0x21, 0x13, 0xfe,

    /* U+314E "ㅎ" */
    0x18, 0x18, 0xff, 0x0, 0x3c, 0x66, 0x42, 0x66,
    0x3c,

    /* U+314F "ㅏ" */
    0x88, 0x88, 0x8f, 0x88, 0x88, 0x88,

    /* U+3150 "ㅐ" */
    0x99, 0x99, 0x9f, 0x99, 0x99, 0x99,

    /* U+3151 "ㅑ" */
    0x88, 0x8f, 0x88, 0x8f, 0x88, 0x88,

    /* U+3152 "ㅒ" */
    0x99, 0x9f, 0x99, 0xf9, 0x99, 0x99,

    /* U+3153 "ㅓ" */
    0x11, 0x11, 0x1f, 0x11, 0x11, 0x11,

    /* U+3154 "ㅔ" */
    0x2c, 0xb2, 0xcb, 0x2f, 0xb2, 0xcb, 0x2c, 0xb2,
    0xcb,

    /* U+3155 "ㅕ" */
    0x11, 0x1f, 0x11, 0xf1, 0x11, 0x11,

    /* U+3156 "ㅖ" */
    0x2c, 0xb2, 0xfb, 0x2c, 0xbe, 0xcb, 0x2c, 0xb2,
    0xcb,

    /* U+3157 "ㅗ" */
    0x6, 0x0, 0x60, 0x6, 0x0, 0x60, 0x6, 0xf,
    0xff,

    /* U+3158 "ㅘ" */
    0x0, 0x80, 0x10, 0x2, 0x0, 0x41, 0x8, 0x21,
    0xc4, 0x20, 0x84, 0xfe, 0x80, 0x10, 0x2, 0x0,
    0x40,

    /* U+3159 "ㅙ" */
    0x1, 0x20, 0x24, 0x4, 0x80, 0x91, 0x12, 0x23,
    0xc4, 0x48, 0x89, 0xff, 0x20, 0x24, 0x4, 0x80,
    0x90,

    /* U+315A "ㅚ" */
    0x0, 0x80, 0x40, 0x20, 0x11, 0x8, 0x84, 0x42,
    0x21, 0xfe, 0x80, 0x40, 0x20, 0x10,

    /* U+315B "ㅛ" */
    0x10, 0x81, 0x8, 0x10, 0x81, 0x8, 0x10, 0x8f,
    0xff,

    /* U+315C "ㅜ" */
    0xff, 0xf0, 0x60, 0x6, 0x0, 0x60, 0x6, 0x0,
    0x60,

    /* U+315D "ㅝ" */
    0x0, 0x40, 0x10, 0x4, 0x1, 0x0, 0x7f, 0xd1,
    0x4, 0x4f, 0x10, 0x44, 0x11, 0x4, 0x1,

    /* U+315E "ㅞ" */
    0x0, 0xa0, 0x14, 0x2, 0x80, 0x50, 0xb, 0xfd,
    0x44, 0x28, 0x9d, 0x10, 0xa2, 0x14, 0x42, 0x80,
    0x50,

    /* U+315F "ㅟ" */
    0x0, 0x40, 0x10, 0x4, 0x1, 0x0, 0x5f, 0xd0,
    0x84, 0x21, 0x8, 0x42, 0x10, 0x84, 0x1,

    /* U+3160 "ㅠ" */
    0xff, 0xf1, 0x98, 0x19, 0x81, 0x98, 0x19, 0x81,
    0x98,

    /* U+3161 "ㅡ" */
    0xff, 0xf0,

    /* U+3162 "ㅢ" */
    0x0, 0x40, 0x10, 0x4, 0x1, 0x0, 0x40, 0x10,
    0x7, 0xfd, 0x0, 0x40, 0x10, 0x4, 0x1,

    /* U+3163 "ㅣ" */
    0xff, 0xf0,

    /* U+3164 "ㅤ" */
    0x0,

    /* U+3165 "ㅥ" */
    0x84, 0x42, 0x21, 0x10, 0x88, 0x44, 0x23, 0xde,

    /* U+3166 "ㅦ" */
    0x87, 0xc2, 0x21, 0x10, 0x88, 0x44, 0x23, 0xde,

    /* U+3167 "ㅧ" */
    0x82, 0x41, 0x20, 0x90, 0x48, 0x24, 0x2b, 0xe2,

    /* U+3168 "ㅨ" */
    0x82, 0x41, 0x21, 0x90, 0xa8, 0x54, 0x4b, 0xfe,

    /* U+3169 "ㅩ" */
    0xfe, 0x86, 0x50, 0xcb, 0x79, 0x68, 0x2d, 0x7,
    0xbe, 0xc8,

    /* U+316A "ㅪ" */
    0xf7, 0x8a, 0x5, 0x1e, 0x88, 0x44, 0x23, 0xde,

    /* U+316B "ㅫ" */
    0xea, 0x42, 0xa4, 0x2e, 0x4e, 0xa4, 0x8a, 0xc8,
    0xaa, 0xff, 0x20,

    /* U+316C "ㅬ" */
    0x0, 0x79, 0x4, 0x82, 0x6f, 0x74, 0x2a, 0x13,
    0xff,

    /* U+316D "ㅭ" */
    0xf7, 0x88, 0x4, 0x1e, 0xf8, 0x4c, 0x27, 0xdc,

    /* U+316E "ㅮ" */
    0xf4, 0xca, 0x65, 0x32, 0xf9, 0x4c, 0xa7, 0xde,

    /* U+316F "ㅯ" */
    0xf2, 0x49, 0x24, 0x92, 0x49, 0x24, 0xab, 0xe2,

    /* U+3170 "ㅰ" */
    0x2, 0x79, 0x24, 0x92, 0xe9, 0x54, 0xaa, 0x77,
    0xff,

    /* U+3171 "ㅱ" */
    0xfe, 0x18, 0x61, 0xfc, 0x7, 0x12, 0x70,

    /* U+3172 "ㅲ" */
    0x97, 0xc8, 0x64, 0x3e, 0x19, 0xc, 0x87, 0xc2,

    /* U+3173 "ㅳ" */
    0x97, 0xca, 0x25, 0x1e, 0x89, 0x44, 0xa3, 0xde,

    /* U+3174 "ㅴ" */
    0xa5, 0xe9, 0x1a, 0x47, 0x91, 0xac, 0x6a, 0x9f,
    0x34,

    /* U+3175 "ㅵ" */
    0xa4, 0xf4, 0x92, 0x92, 0x72, 0x4a, 0xe9, 0x55,
    0x3c, 0xf8,

    /* U+3176 "ㅶ" */
    0x9f, 0xa4, 0xc9, 0x33, 0xcc, 0x93, 0x25, 0xef,
    0xcc,

    /* U+3177 "ㅷ" */
    0x97, 0xca, 0x3d, 0x1e, 0xf9, 0x44, 0xa3, 0xde,

    /* U+3178 "ㅸ" */
    0x87, 0xf8, 0x61, 0xfc, 0x7, 0x12, 0x70,

    /* U+3179 "ㅹ" */
    0xab, 0xef, 0xab, 0xab, 0xef, 0x0, 0x38, 0x44,
    0x38,

    /* U+317A "ㅺ" */
    0x27, 0x90, 0x48, 0x24, 0x15, 0xe, 0xe6, 0x2,

    /* U+317B "ㅻ" */
    0x24, 0x12, 0x9, 0x4, 0x82, 0x42, 0xa3, 0x7e,

    /* U+317C "ㅼ" */
    0x27, 0x92, 0x9, 0x4, 0x86, 0x42, 0xa3, 0x3e,

    /* U+317D "ㅽ" */
    0x24, 0x92, 0x49, 0x24, 0xf3, 0x4a, 0xa6, 0x3e,

    /* U+317E "ㅾ" */
    0x27, 0xc8, 0x42, 0x10, 0x8e, 0x53, 0xb7, 0xb8,
    0xc4,

    /* U+317F "ㅿ" */
    0x10, 0x20, 0xe1, 0x42, 0x8d, 0x91, 0x7f,

    /* U+3180 "ㆀ" */
    0x73, 0xb6, 0x98, 0xe6, 0x39, 0x8e, 0x76, 0x97,
    0x38,

    /* U+3181 "ㆁ" */
    0x10, 0x21, 0xf6, 0x28, 0x30, 0x60, 0xa2, 0x38,

    /* U+3182 "ㆂ" */
    0x22, 0x39, 0x36, 0x91, 0x48, 0xa4, 0xe9, 0xd2,

    /* U+3183 "ㆃ" */
    0x44, 0x33, 0x29, 0x92, 0xc9, 0xd5, 0x49, 0xbc,

    /* U+3184 "ㆄ" */
    0xff, 0x66, 0x66, 0x66, 0xff, 0x0, 0x3c, 0x24,
    0x3c,

    /* U+3185 "ㆅ" */
    0x63, 0x7b, 0xfd, 0xec, 0xe9, 0x4c, 0xa5, 0x9c,

    /* U+3186 "ㆆ" */
    0xfe, 0x0, 0xe2, 0x2c, 0x78, 0xd1, 0x1c,

    /* U+3187 "ㆇ" */
    0x0, 0x40, 0x4, 0x0, 0x40, 0x4, 0x0, 0x72,
    0x44, 0x24, 0x42, 0x47, 0x24, 0x4f, 0xf4, 0x0,
    0x40, 0x4, 0x0, 0x40,

    /* U+3188 "ㆈ" */
    0x0, 0x40, 0x50, 0x14, 0x5, 0x1, 0xd2, 0x54,
    0x95, 0x25, 0x49, 0xff, 0x50, 0x14, 0x5, 0x1,
    0x40,

    /* U+3189 "ㆉ" */
    0x0, 0x40, 0x10, 0x4, 0x1, 0x24, 0x49, 0x12,
    0x44, 0x91, 0xff, 0x40, 0x10, 0x4, 0x1,

    /* U+318A "ㆊ" */
    0x0, 0x20, 0x4, 0x0, 0x80, 0x1f, 0xfa, 0x48,
    0x49, 0x79, 0x21, 0x24, 0x24, 0xbc, 0x90, 0x80,
    0x10,

    /* U+318B "ㆋ" */
    0x1, 0x40, 0x50, 0x14, 0x5, 0xfd, 0x54, 0x55,
    0x75, 0x45, 0x57, 0x54, 0x55, 0x14, 0x5,

    /* U+318C "ㆌ" */
    0x0, 0x40, 0x10, 0x4, 0x1, 0x0, 0x7f, 0xd2,
    0x44, 0x91, 0x24, 0x49, 0x12, 0x44, 0x1,

    /* U+318D "ㆍ" */
    0xf0,

    /* U+318E "ㆎ" */
    0x8, 0x42, 0x10, 0x87, 0x39, 0x8, 0x42, 0x10,
    0x80,

    /* U+AC00 "가" */
    0x0, 0x40, 0x4, 0x7e, 0x40, 0x64, 0x6, 0x40,
    0x44, 0xc, 0x71, 0x84, 0x38, 0x46, 0x4, 0x40,
    0x40, 0x4, 0x0, 0x40,

    /* U+AC01 "각" */
    0x0, 0x47, 0xe4, 0x6, 0x40, 0x44, 0xc, 0x73,
    0x4, 0x60, 0x40, 0x0, 0x3f, 0xc0, 0x4, 0x0,
    0x40, 0x4, 0x0, 0x40,

    /* U+AC04 "간" */
    0x0, 0x47, 0xe4, 0x6, 0x40, 0x64, 0xc, 0x71,
    0xc4, 0x38, 0x46, 0x4, 0x0, 0x43, 0x0, 0x30,
    0x3, 0x0, 0x3f, 0xe0,

    /* U+AC07 "갇" */
    0x0, 0x47, 0xe4, 0x6, 0x40, 0x47, 0xc, 0x43,
    0x84, 0x60, 0x40, 0x0, 0x3f, 0xc3, 0x0, 0x30,
    0x3, 0x0, 0x3f, 0xe0,

    /* U+AC08 "갈" */
    0x0, 0x47, 0xe4, 0x6, 0x40, 0x47, 0x1c, 0x4f,
    0x4, 0x40, 0x3, 0xfc, 0x0, 0x40, 0x4, 0x3f,
    0xc3, 0x0, 0x3f, 0xe0,

    /* U+AC09 "갉" */
    0x0, 0x47, 0xe4, 0x6, 0x40, 0x47, 0xc, 0x43,
    0x84, 0x60, 0x40, 0x0, 0x3f, 0xc0, 0xc4, 0x3c,
    0x42, 0x4, 0x3e, 0x40,

    /* U+AC0A "갊" */
    0x0, 0x47, 0xe4, 0x6, 0x40, 0xc7, 0x18, 0x47,
    0x4, 0x0, 0x0, 0x0, 0x7f, 0xc0, 0xf4, 0x7f,
    0x46, 0x34, 0x7f, 0xc0,

    /* U+AC10 "감" */
    0x0, 0x47, 0xe4, 0x6, 0x40, 0x47, 0xc, 0x43,
    0x84, 0x60, 0x40, 0x0, 0x3f, 0xc3, 0x4, 0x30,
    0x43, 0x4, 0x3f, 0xc0,

    /* U+AC11 "갑" */
    0x0, 0x47, 0xe4, 0x6, 0x40, 0x47, 0xc, 0x43,
    0x84, 0x60, 0x40, 0x0, 0x30, 0x43, 0xfc, 0x30,
    0x43, 0x4, 0x3f, 0xc0,

    /* U+AC12 "값" */
    0x0, 0x67, 0xe6, 0x6, 0x60, 0x47, 0xc, 0x63,
    0x86, 0x60, 0x60, 0x0, 0x24, 0x43, 0xc4, 0x24,
    0x42, 0x4a, 0x3f, 0x30,

    /* U+AC13 "갓" */
    0x0, 0x47, 0xe4, 0x6, 0x40, 0x44, 0xc, 0x71,
    0x84, 0x70, 0x40, 0x24, 0x2, 0x0, 0x70, 0xd,
    0x83, 0x8c,

    /* U+AC14 "갔" */
    0x0, 0x47, 0xe4, 0x6, 0x40, 0x47, 0xc, 0x43,
    0x84, 0x60, 0x40, 0x0, 0x18, 0x81, 0x88, 0x3d,
    0x46, 0x77, 0x2, 0x0,

    /* U+AC15 "강" */
    0x0, 0x47, 0xe4, 0x6, 0x40, 0x64, 0xc, 0x71,
    0x84, 0xf0, 0x44, 0x0, 0xf, 0x3, 0xc, 0x30,
    0x43, 0xc, 0x1f, 0x80,

    /* U+AC16 "갖" */
    0x0, 0x47, 0xe4, 0x6, 0x40, 0x44, 0xc, 0x73,
    0x84, 0x60, 0x40, 0x0, 0x3f, 0xc0, 0x60, 0x7,
    0x3, 0x9c, 0x30, 0x40,

    /* U+AC17 "갗" */
    0x0, 0x47, 0xe4, 0x6, 0x40, 0x47, 0xc, 0x43,
    0x84, 0x60, 0x40, 0x20, 0x3f, 0xc0, 0x60, 0x7,
    0x3, 0x9e, 0x20, 0x0,

    /* U+AC19 "같" */
    0x0, 0x47, 0xe4, 0x6, 0x40, 0x67, 0xc, 0x43,
    0x84, 0x70, 0x40, 0x0, 0x3f, 0xc3, 0x0, 0x3f,
    0xc3, 0x0, 0x3f, 0xe0,

    /* U+AC1A "갚" */
    0x0, 0x47, 0xe4, 0x6, 0x40, 0x47, 0xc, 0x43,
    0x84, 0x60, 0x40, 0x0, 0x3f, 0xc0, 0x88, 0x8,
    0x80, 0x88, 0x3f, 0xc0,

    /* U+AC1B "갛" */
    0x0, 0x47, 0xe4, 0x6, 0x40, 0x47, 0x8, 0x43,
    0x4, 0x42, 0x3, 0xfe, 0x0, 0x0, 0xf8, 0x18,
    0x41, 0x4, 0xf, 0x80,

    /* U+AC1C "개" */
    0x0, 0x20, 0x25, 0xf4, 0x86, 0x90, 0xd2, 0x1b,
    0xc6, 0x48, 0xc9, 0x31, 0x2c, 0x24, 0x4, 0x80,
    0x90, 0x12,

    /* U+AC1D "객" */
    0x1, 0x2f, 0xa4, 0x34, 0x86, 0x91, 0x9e, 0x62,
    0x78, 0x48, 0x0, 0x0, 0x3, 0xfc, 0x0, 0x80,
    0x10, 0x2,

    /* U+AC20 "갠" */
    0x0, 0x20, 0x25, 0xf4, 0x86, 0x90, 0xde, 0x32,
    0x4c, 0x4f, 0x9, 0x41, 0x22, 0x20, 0x40, 0x8,
    0x1, 0xfe,

    /* U+AC24 "갤" */
    0x1, 0x2f, 0xa4, 0x34, 0x84, 0xf1, 0x92, 0xe2,
    0x50, 0x0, 0xff, 0x0, 0x20, 0x4, 0x7f, 0x88,
    0x1, 0xfe,

    /* U+AC2C "갬" */
    0x1, 0x2f, 0xa4, 0x34, 0x86, 0xf1, 0x92, 0x62,
    0x58, 0x48, 0x0, 0x1f, 0xe2, 0x4, 0x40, 0x88,
    0x11, 0xfe,

    /* U+AC2D "갭" */
    0x1, 0x2f, 0xa4, 0x34, 0x86, 0xf1, 0x92, 0x72,
    0x7c, 0x4a, 0x0, 0x10, 0x23, 0xfc, 0x40, 0x88,
    0x11, 0xfe,

    /* U+AC2F "갯" */
    0x0, 0x20, 0x12, 0x7d, 0x20, 0xd2, 0x9, 0xe0,
    0x92, 0x11, 0x26, 0x12, 0x2, 0x0, 0x30, 0xd,
    0x83, 0x87,

    /* U+AC30 "갰" */
    0x1, 0x27, 0xd2, 0xd, 0x20, 0xd2, 0x19, 0xe3,
    0x12, 0xe1, 0x20, 0x0, 0x8, 0xc1, 0x8c, 0x1d,
    0xe6, 0x73, 0x2, 0x0,

    /* U+AC31 "갱" */
    0x0, 0x2f, 0xa4, 0x34, 0x86, 0x90, 0x9e, 0x32,
    0x4c, 0x4e, 0x9, 0xf, 0x83, 0xc, 0x40, 0x8c,
    0x30, 0xfc,

    /* U+AC38 "갸" */
    0x0, 0x40, 0x4, 0x7e, 0x40, 0x64, 0x6, 0x70,
    0x44, 0xc, 0x40, 0x84, 0x38, 0x76, 0x4, 0x40,
    0x40, 0x4, 0x0, 0x40,

    /* U+AC39 "갹" */
    0x0, 0x47, 0xe4, 0x6, 0x70, 0x44, 0xc, 0x41,
    0x7, 0x60, 0x40, 0x0, 0x3f, 0xc0, 0x4, 0x0,
    0x40, 0x4, 0x0, 0x40,

    /* U+AC3C "갼" */
    0x0, 0x47, 0xe4, 0x7e, 0x40, 0x67, 0x4, 0x40,
    0xc4, 0x38, 0x76, 0x4, 0x0, 0x43, 0x0, 0x30,
    0x3, 0x0, 0x3f, 0xe0,

    /* U+AC40 "걀" */
    0x0, 0x47, 0xe4, 0x6, 0x70, 0x44, 0x1c, 0x7f,
    0x4, 0x40, 0x3, 0xfc, 0x0, 0x40, 0x4, 0x3f,
    0xc3, 0x0, 0x3f, 0xe0,

    /* U+AC4B "걋" */
    0x0, 0x47, 0xe4, 0x7e, 0x40, 0x67, 0x4, 0x40,
    0x84, 0x30, 0x74, 0x4, 0x2, 0x0, 0x70, 0xd,
    0x83, 0x8e,

    /* U+AC4D "걍" */
    0x0, 0x47, 0xe4, 0x6, 0x70, 0x64, 0xc, 0x41,
    0x87, 0xf0, 0x44, 0x0, 0xf, 0x3, 0xc, 0x30,
    0x43, 0xc, 0x1f, 0x80,

    /* U+AC54 "걔" */
    0x0, 0x20, 0x25, 0xf4, 0xbe, 0x90, 0xde, 0x1a,
    0x42, 0x48, 0xcf, 0x31, 0x2c, 0x24, 0x4, 0x80,
    0x90, 0x12,

    /* U+AC58 "걘" */
    0x0, 0x20, 0x25, 0xf4, 0x86, 0xf0, 0xd2, 0x32,
    0x4c, 0x7f, 0x9, 0x41, 0x22, 0x20, 0x40, 0x8,
    0x1, 0xfe,

    /* U+AC5C "걜" */
    0x1, 0x2f, 0xa4, 0x37, 0x84, 0x91, 0x9e, 0xe2,
    0x50, 0x0, 0xff, 0x0, 0x20, 0x4, 0x7f, 0x88,
    0x1, 0xfe,

    /* U+AC70 "거" */
    0x0, 0x40, 0x1f, 0xe4, 0x39, 0xe, 0x43, 0xf1,
    0xc4, 0xe1, 0x70, 0x70, 0x10, 0x4, 0x1, 0x0,
    0x40,

    /* U+AC71 "걱" */
    0x0, 0x2f, 0xc4, 0x18, 0x82, 0x10, 0xce, 0x60,
    0x58, 0x8, 0x0, 0x1f, 0xe0, 0x4, 0x0, 0x80,
    0x10, 0x2,

    /* U+AC74 "건" */
    0x0, 0x7f, 0x90, 0xe4, 0x39, 0x1f, 0xce, 0x17,
    0x7, 0x81, 0x80, 0x48, 0x2, 0x0, 0x80, 0x3f,
    0xc0,

    /* U+AC77 "걷" */
    0x0, 0x2f, 0xc4, 0x18, 0x82, 0x10, 0xde, 0x70,
    0x78, 0x8, 0x0, 0x1f, 0xe2, 0x0, 0x40, 0x8,
    0x1, 0xfe,

    /* U+AC78 "걸" */
    0x0, 0x2f, 0xc4, 0x18, 0x86, 0xf1, 0x83, 0xe0,
    0x40, 0x0, 0xff, 0x0, 0x20, 0x4, 0x7f, 0x88,
    0x1, 0xfe,

    /* U+AC7A "걺" */
    0x0, 0x2f, 0xc4, 0x18, 0x86, 0xf1, 0x83, 0xe0,
    0x40, 0x0, 0x0, 0x3d, 0xe0, 0xa4, 0xf4, 0x90,
    0x93, 0xde,

    /* U+AC80 "검" */
    0x0, 0x2f, 0xc4, 0x18, 0x82, 0x10, 0xde, 0x70,
    0x78, 0x8, 0x0, 0x1f, 0xe2, 0x4, 0x40, 0x88,
    0x11, 0xfe,

    /* U+AC81 "겁" */
    0x0, 0x2f, 0xc4, 0x18, 0x83, 0x10, 0xde, 0x30,
    0x7c, 0x8, 0x0, 0x30, 0x27, 0xfc, 0xc0, 0x98,
    0x13, 0xfe,

    /* U+AC83 "것" */
    0x0, 0x27, 0xe2, 0x6, 0x20, 0x42, 0xc, 0xe1,
    0x82, 0x60, 0x20, 0x32, 0x3, 0x0, 0x78, 0xc,
    0xc3, 0x86,

    /* U+AC84 "겄" */
    0x0, 0x4f, 0xc8, 0x19, 0x2, 0x20, 0xdc, 0x70,
    0xb8, 0x10, 0xc4, 0x18, 0x83, 0x10, 0xf5, 0x33,
    0xb0, 0x20,

    /* U+AC85 "겅" */
    0x0, 0x2f, 0xc4, 0x18, 0x83, 0x10, 0xde, 0x70,
    0x7c, 0xa, 0x0, 0xf, 0x83, 0xc, 0xc0, 0x8c,
    0x30, 0xfc,

    /* U+AC86 "겆" */
    0x0, 0xff, 0x30, 0x4c, 0x33, 0x1b, 0xcc, 0x3c,
    0xc, 0x0, 0x3f, 0xc1, 0x80, 0xf0, 0xe7, 0x20,
    0x40,

    /* U+AC89 "겉" */
    0x0, 0x2f, 0xc4, 0x18, 0x83, 0x10, 0xce, 0x30,
    0x7c, 0x8, 0x0, 0x1f, 0xe2, 0x0, 0x7f, 0x88,
    0x1, 0xfe,

    /* U+AC8A "겊" */
    0x0, 0x6f, 0xcc, 0x19, 0x82, 0x30, 0xde, 0x70,
    0xf8, 0x18, 0x0, 0x3f, 0xe1, 0x90, 0x32, 0x6,
    0x43, 0xfe,

    /* U+AC8B "겋" */
    0x0, 0x37, 0xe3, 0x6, 0x30, 0x5f, 0xc, 0x33,
    0x83, 0xe0, 0x30, 0x30, 0x3f, 0xf0, 0x0, 0xf,
    0xc1, 0x86, 0xf, 0xc0,

    /* U+AC8C "게" */
    0x0, 0x20, 0x15, 0xf2, 0x86, 0x50, 0xca, 0x19,
    0x43, 0xe8, 0xc5, 0x30, 0xac, 0x15, 0x2, 0x80,
    0x50, 0xa,

    /* U+AC90 "겐" */
    0x0, 0x20, 0x25, 0xf4, 0x86, 0x90, 0xf2, 0x32,
    0x4c, 0x4f, 0x9, 0x1, 0x22, 0x20, 0x40, 0x8,
    0x1, 0xfe,

    /* U+AC94 "겔" */
    0x0, 0x2f, 0xa4, 0x34, 0x87, 0x91, 0x92, 0x62,
    0x50, 0x40, 0xff, 0x0, 0x20, 0x4, 0x7f, 0x88,
    0x1, 0xfe,

    /* U+AC9C "겜" */
    0x0, 0x2f, 0xa4, 0x34, 0x86, 0x90, 0xf2, 0x32,
    0x48, 0x4a, 0x8, 0x1f, 0xe2, 0x4, 0x40, 0x88,
    0x11, 0xfe,

    /* U+AC9D "겝" */
    0x0, 0x2f, 0xa4, 0x34, 0x86, 0x91, 0xf2, 0x72,
    0x78, 0x4a, 0x0, 0x10, 0x23, 0xfc, 0x40, 0x88,
    0x11, 0xfe,

    /* U+AC9F "겟" */
    0x0, 0x20, 0x12, 0x7d, 0x20, 0xd2, 0xf, 0x21,
    0x92, 0x31, 0x24, 0x12, 0x2, 0x0, 0x30, 0xd,
    0x83, 0x86,

    /* U+ACA0 "겠" */
    0x0, 0x27, 0xd2, 0xd, 0x20, 0xd2, 0xf, 0x21,
    0x92, 0x21, 0x24, 0x9c, 0x18, 0xc1, 0x9c, 0x3d,
    0x66, 0x73, 0x2, 0x0,

    /* U+ACA1 "겡" */
    0x0, 0x2f, 0xa4, 0x34, 0x86, 0x90, 0xf2, 0x32,
    0x4c, 0x4a, 0x9, 0xf, 0x83, 0xc, 0x40, 0x8c,
    0x30, 0xfc,

    /* U+ACA8 "겨" */
    0x0, 0x20, 0x5, 0xf8, 0x81, 0x10, 0x7e, 0xc,
    0x43, 0x8, 0xcf, 0x30, 0x3c, 0x4, 0x0, 0x80,
    0x10, 0x2,

    /* U+ACA9 "격" */
    0x0, 0x2f, 0xc5, 0xf8, 0x81, 0xf0, 0x62, 0x33,
    0xd8, 0x8, 0x0, 0x0, 0x3, 0xfc, 0x0, 0x80,
    0x10, 0x2,

    /* U+ACAA "겪" */
    0x0, 0x2f, 0xc5, 0xf8, 0x81, 0xf0, 0x62, 0x3b,
    0xd8, 0x8, 0x0, 0x3f, 0xe0, 0xc4, 0x18, 0x83,
    0x10, 0x62,

    /* U+ACAC "견" */
    0x0, 0x7f, 0x1f, 0xc4, 0x1f, 0xc, 0x46, 0x13,
    0x3f, 0x81, 0x80, 0x48, 0x2, 0x0, 0x80, 0x3f,
    0xc0,

    /* U+ACAF "겯" */
    0x0, 0x2f, 0xc4, 0xf, 0x83, 0x10, 0xc2, 0x33,
    0xf8, 0x8, 0x0, 0x1f, 0xe2, 0x0, 0x40, 0x8,
    0x1, 0xfe,

    /* U+ACB0 "결" */
    0x0, 0x2f, 0xc4, 0xf, 0x83, 0x10, 0xc2, 0x63,
    0xd0, 0x0, 0xff, 0x0, 0x20, 0x4, 0x7f, 0x88,
    0x1, 0xfe,

    /* U+ACB8 "겸" */
    0x0, 0x2f, 0xc4, 0xf, 0x83, 0x10, 0xc2, 0x33,
    0xf8, 0x8, 0x0, 0x1f, 0xe2, 0x4, 0x40, 0x88,
    0x11, 0xfe,

    /* U+ACB9 "겹" */
    0x0, 0x2f, 0xc4, 0xf, 0x83, 0x10, 0xc2, 0x33,
    0xfc, 0x8, 0x0, 0x10, 0x23, 0xfc, 0x40, 0x88,
    0x11, 0xfe,

    /* U+ACBB "겻" */
    0x0, 0x27, 0xe2, 0x7e, 0x20, 0x3e, 0x6, 0x21,
    0xde, 0xf0, 0x20, 0x32, 0x3, 0x0, 0x78, 0xc,
    0xc3, 0x86,

    /* U+ACBC "겼" */
    0x0, 0x4f, 0xc8, 0x1f, 0x3, 0x20, 0xc4, 0x33,
    0xb8, 0x10, 0xc4, 0x18, 0x83, 0x10, 0xf5, 0x33,
    0xb0, 0x0,

    /* U+ACBD "경" */
    0x0, 0x5f, 0x17, 0xc4, 0x3f, 0xc, 0x4e, 0xff,
    0x7, 0x0, 0x1f, 0xc, 0x32, 0x4, 0xc3, 0xf,
    0x80,

    /* U+ACC1 "곁" */
    0x0, 0x2f, 0xc4, 0xf, 0x83, 0x10, 0xc2, 0x33,
    0xfc, 0x8, 0x0, 0x1f, 0xe2, 0x0, 0x7f, 0x88,
    0x1, 0xfe,

    /* U+ACC4 "계" */
    0x0, 0x20, 0x15, 0xf2, 0x82, 0x50, 0x7a, 0x19,
    0x42, 0x28, 0xdd, 0x30, 0xbc, 0x14, 0x2, 0x80,
    0x50, 0xa,

    /* U+ACC8 "곈" */
    0x0, 0x40, 0x5f, 0x94, 0x7d, 0x19, 0x4c, 0x56,
    0x77, 0x5, 0x81, 0x48, 0x42, 0x0, 0x80, 0x3f,
    0xc0,

    /* U+ACCC "곌" */
    0x0, 0x5f, 0x28, 0x7d, 0xc, 0xa3, 0x14, 0xce,
    0xa0, 0x41, 0xfe, 0x0, 0x40, 0x8, 0xff, 0x10,
    0x3, 0xfe,

    /* U+ACD5 "곕" */
    0x0, 0x20, 0x15, 0xf2, 0x83, 0xd0, 0xca, 0x37,
    0x7c, 0x28, 0x0, 0x18, 0x23, 0xfc, 0x60, 0x8c,
    0x11, 0xfe,

    /* U+ACD7 "곗" */
    0x0, 0x20, 0xa, 0x7c, 0xa0, 0x7a, 0xc, 0xa0,
    0xba, 0x30, 0xa6, 0xa, 0x3, 0x0, 0x38, 0xe,
    0xc3, 0x86,

    /* U+ACE0 "고" */
    0x3f, 0xe0, 0x6, 0x0, 0x60, 0x46, 0x4, 0x60,
    0x44, 0x4, 0x0, 0x40, 0xff, 0xf0,

    /* U+ACE1 "곡" */
    0x3f, 0xe0, 0x6, 0x6, 0x60, 0x64, 0x6, 0xf,
    0xff, 0x0, 0x0, 0x0, 0x3f, 0xe0, 0x6, 0x0,
    0x60, 0x6,

    /* U+ACE4 "곤" */
    0x7f, 0xe0, 0x6, 0x0, 0x60, 0x46, 0x4, 0x60,
    0x40, 0xff, 0xf0, 0x0, 0x60, 0x6, 0x0, 0x60,
    0x7, 0xfe,

    /* U+ACE7 "곧" */
    0x7f, 0xe0, 0x6, 0x0, 0x40, 0x44, 0x4, 0xf,
    0xff, 0x0, 0x0, 0x0, 0x7f, 0xe6, 0x0, 0x60,
    0x7, 0xfe,

    /* U+ACE8 "골" */
    0x7f, 0xe0, 0x6, 0x4, 0x60, 0x40, 0xff, 0xf0,
    0x0, 0x0, 0x7, 0xfe, 0x0, 0x67, 0xfe, 0x60,
    0x7, 0xfe,

    /* U+ACEA "곪" */
    0x7f, 0xe0, 0x6, 0x0, 0x40, 0x44, 0x4, 0xf,
    0xff, 0x0, 0x7, 0xfe, 0xf, 0x67, 0xf6, 0x63,
    0x67, 0xfe,

    /* U+ACEC "곬" */
    0x7f, 0xe0, 0x6, 0x0, 0x40, 0x44, 0x4, 0xf,
    0xff, 0x0, 0x7, 0xc8, 0xc, 0x87, 0xcc, 0x61,
    0x67, 0xe2,

    /* U+ACEF "곯" */
    0x7f, 0xe0, 0x6, 0x0, 0x40, 0x44, 0x4, 0xf,
    0xff, 0x0, 0x87, 0x88, 0xb, 0xe7, 0x9c, 0x63,
    0x27, 0xdc,

    /* U+ACF0 "곰" */
    0x7f, 0xe0, 0x6, 0x0, 0x40, 0x44, 0x4, 0xf,
    0xff, 0x0, 0x7, 0xfe, 0x60, 0x66, 0x6, 0x60,
    0x67, 0xfe,

    /* U+ACF1 "곱" */
    0x7f, 0xc0, 0x4, 0x0, 0x40, 0x44, 0x4, 0xf,
    0xff, 0x0, 0x6, 0x4, 0x7f, 0xc6, 0x4, 0x60,
    0x47, 0xfc,

    /* U+ACF3 "곳" */
    0x3f, 0xe0, 0x6, 0x0, 0x60, 0x64, 0x6, 0xf,
    0xff, 0x0, 0x0, 0x20, 0x6, 0x0, 0xf0, 0x79,
    0xe2, 0x2,

    /* U+ACF5 "공" */
    0x7f, 0xe0, 0x6, 0x0, 0x60, 0x44, 0x4, 0xf,
    0xff, 0x0, 0x1, 0xf8, 0x20, 0xc6, 0x6, 0x20,
    0xc1, 0xf8,

    /* U+ACF6 "곶" */
    0x7f, 0xe0, 0x6, 0x0, 0x40, 0x44, 0x4, 0xf,
    0xff, 0x0, 0x7, 0xfe, 0x6, 0x0, 0xf0, 0x79,
    0xe4, 0x2,

    /* U+ACFC "과" */
    0x0, 0x40, 0x4, 0x7e, 0x40, 0x24, 0x2, 0x41,
    0x24, 0x12, 0x71, 0x24, 0x10, 0x4f, 0xf4, 0x0,
    0x40, 0x4, 0x0, 0x40,

    /* U+ACFD "곽" */
    0x0, 0x47, 0xe4, 0x2, 0x40, 0x24, 0x12, 0x71,
    0x24, 0x10, 0x4f, 0xf4, 0x0, 0x3, 0xfc, 0x0,
    0x40, 0x4, 0x0, 0x40,

    /* U+AD00 "관" */
    0x0, 0x47, 0xe4, 0x2, 0x40, 0x24, 0x32, 0x73,
    0x4, 0x30, 0x4f, 0xf4, 0x0, 0x42, 0x0, 0x20,
    0x2, 0x0, 0x3f, 0xc0,

    /* U+AD04 "괄" */
    0x0, 0x47, 0xe4, 0x2, 0x40, 0x27, 0x12, 0x41,
    0x4, 0xff, 0x40, 0x0, 0x3f, 0xc0, 0x4, 0x3f,
    0xc2, 0x0, 0x3f, 0xe0,

    /* U+AD06 "괆" */
    0x0, 0x4f, 0xe4, 0x6, 0x40, 0x67, 0x32, 0x43,
    0x4, 0xff, 0x40, 0x0, 0x7b, 0xc0, 0xa4, 0x7a,
    0x44, 0x24, 0x7b, 0xc0,

    /* U+AD0C "괌" */
    0x0, 0x47, 0xe4, 0x2, 0x40, 0x24, 0x32, 0x73,
    0x4, 0xff, 0x40, 0x0, 0x0, 0x3, 0xfc, 0x20,
    0x42, 0x4, 0x3f, 0xc0,

    /* U+AD0D "괍" */
    0x0, 0x47, 0xe4, 0x2, 0x40, 0x24, 0x32, 0x73,
    0x4, 0xff, 0x40, 0x0, 0x20, 0x43, 0xfc, 0x20,
    0x42, 0x4, 0x3f, 0xc0,

    /* U+AD0F "괏" */
    0x0, 0x47, 0xe4, 0x6, 0x40, 0x64, 0x16, 0x71,
    0x4, 0x10, 0x47, 0xf4, 0x6, 0x0, 0x60, 0x19,
    0x83, 0xe,

    /* U+AD11 "광" */
    0x0, 0x63, 0xf3, 0x0, 0x98, 0x4, 0xc1, 0x27,
    0x88, 0x33, 0xfd, 0x80, 0xc, 0xf, 0x81, 0x87,
    0x8, 0x18, 0x61, 0xc1, 0xf8, 0x0,

    /* U+AD18 "괘" */
    0x0, 0x20, 0x35, 0xf6, 0x82, 0xd0, 0x5a, 0x4b,
    0x49, 0x79, 0x2d, 0x21, 0xbf, 0xb4, 0x6, 0x80,
    0xd0, 0x1a,

    /* U+AD1C "괜" */
    0x0, 0x2f, 0xb4, 0x16, 0x82, 0xd2, 0x5e, 0x43,
    0x48, 0x6f, 0xfd, 0x1, 0xa6, 0x30, 0xc0, 0x18,
    0x3, 0xfe,

    /* U+AD20 "괠" */
    0x0, 0x2f, 0xb4, 0x16, 0x82, 0xf2, 0x5a, 0x43,
    0x7f, 0xe8, 0x0, 0x3f, 0xe0, 0x4, 0xff, 0x90,
    0x3, 0xfe,

    /* U+AD29 "괩" */
    0x0, 0x2f, 0xb4, 0x16, 0x82, 0xd2, 0x5e, 0x43,
    0x7f, 0xe8, 0xc, 0x20, 0x27, 0xfc, 0x80, 0x90,
    0x13, 0xfe,

    /* U+AD2C "괬" */
    0x0, 0x67, 0xd6, 0x5, 0x60, 0x56, 0x25, 0xe2,
    0x16, 0xff, 0x61, 0x98, 0x18, 0x81, 0x88, 0x3d,
    0x46, 0x62,

    /* U+AD2D "괭" */
    0x0, 0x6f, 0xac, 0x15, 0x82, 0xb0, 0x5e, 0x6a,
    0xcc, 0x5f, 0xfb, 0x0, 0x3, 0xf8, 0xc1, 0x98,
    0x31, 0xfc,

    /* U+AD34 "괴" */
    0x0, 0x40, 0x17, 0xe4, 0x9, 0x2, 0x44, 0x91,
    0x24, 0x41, 0x10, 0x7f, 0xd0, 0x4, 0x1, 0x0,
    0x40,

    /* U+AD35 "괵" */
    0x0, 0x5f, 0x90, 0x24, 0x9, 0x2, 0x44, 0x91,
    0x7, 0xfd, 0x0, 0xf, 0xf0, 0x4, 0x1, 0x0,
    0x40,

    /* U+AD38 "괸" */
    0x0, 0x5f, 0x90, 0x24, 0x9, 0x32, 0x4c, 0x93,
    0x7, 0xfd, 0x0, 0x48, 0x2, 0x0, 0x80, 0x3f,
    0xc0,

    /* U+AD3C "괼" */
    0x0, 0x4f, 0xc8, 0x9, 0x1, 0x21, 0x24, 0x20,
    0xbf, 0xd0, 0x0, 0x3f, 0xc0, 0x8, 0xff, 0x10,
    0x3, 0xfe,

    /* U+AD44 "굄" */
    0x0, 0x5f, 0x90, 0x24, 0x9, 0x32, 0x4c, 0x1f,
    0xf4, 0x0, 0x0, 0xf, 0xf2, 0x4, 0x81, 0x3f,
    0xc0,

    /* U+AD45 "굅" */
    0x0, 0x5f, 0x90, 0x24, 0x9, 0x12, 0x44, 0x1f,
    0xf4, 0x0, 0x20, 0x4f, 0xf2, 0x4, 0x81, 0x3f,
    0xc0,

    /* U+AD47 "굇" */
    0x0, 0x4f, 0xc8, 0x19, 0x3, 0x21, 0x64, 0x20,
    0xbf, 0xd0, 0x2, 0x6, 0x40, 0xc0, 0x3c, 0x1c,
    0xe2, 0x4,

    /* U+AD49 "굉" */
    0x0, 0x2f, 0xc4, 0x8, 0x81, 0x11, 0xa2, 0x30,
    0x7f, 0xe8, 0x1, 0x0, 0x3, 0xf8, 0xc0, 0x98,
    0x11, 0xfc,

    /* U+AD50 "교" */
    0x3f, 0xe0, 0x6, 0x0, 0x60, 0x6, 0x1b, 0x61,
    0xb6, 0x1b, 0x1, 0xb0, 0xff, 0xf0,

    /* U+AD54 "굔" */
    0x7f, 0xe0, 0x6, 0x0, 0x61, 0x36, 0x13, 0x41,
    0x30, 0xff, 0xf0, 0x0, 0x60, 0x6, 0x0, 0x60,
    0x7, 0xfe,

    /* U+AD58 "굘" */
    0x7f, 0xe0, 0x6, 0x13, 0x61, 0x30, 0xff, 0xf0,
    0x0, 0x0, 0x7, 0xfe, 0x0, 0x67, 0xfe, 0x60,
    0x7, 0xfe,

    /* U+AD61 "굡" */
    0x7f, 0xc0, 0x4, 0x0, 0x41, 0x34, 0x13, 0xf,
    0xff, 0x0, 0x6, 0x4, 0x7f, 0xc6, 0x4, 0x60,
    0x47, 0xfc,

    /* U+AD63 "굣" */
    0x3f, 0xe0, 0x6, 0x1b, 0x61, 0xb6, 0x1b, 0xf,
    0xff, 0x0, 0x0, 0x20, 0x6, 0x0, 0xd0, 0x78,
    0xe2, 0x2,

    /* U+AD6C "구" */
    0x3f, 0xe0, 0x6, 0x0, 0x60, 0x6, 0x0, 0x40,
    0x4, 0xff, 0xf0, 0x20, 0x2, 0x0, 0x20, 0x2,
    0x0, 0x20,

    /* U+AD6D "국" */
    0x3f, 0xe0, 0x6, 0x0, 0x60, 0x6, 0x0, 0x4f,
    0xff, 0x2, 0x0, 0x20, 0x3f, 0xe0, 0x6, 0x0,
    0x60, 0x6,

    /* U+AD70 "군" */
    0x7f, 0xe0, 0x6, 0x0, 0x40, 0x4, 0x0, 0x4f,
    0xff, 0x6, 0x0, 0x60, 0x66, 0x6, 0x0, 0x60,
    0x7, 0xfe,

    /* U+AD73 "굳" */
    0x7f, 0xe0, 0x6, 0x0, 0x60, 0x4, 0xff, 0xf0,
    0x60, 0x6, 0x0, 0x60, 0x7f, 0xe6, 0x0, 0x60,
    0x7, 0xfe,

    /* U+AD74 "굴" */
    0x7f, 0xe0, 0x6, 0x0, 0x60, 0x6, 0xff, 0xf0,
    0x60, 0x6, 0x7, 0xfe, 0x0, 0x67, 0xfe, 0x60,
    0x7, 0xfe,

    /* U+AD75 "굵" */
    0x7f, 0xe0, 0x6, 0x0, 0x60, 0x4, 0xff, 0xf0,
    0x20, 0x2, 0x7, 0xde, 0xc, 0x67, 0xc6, 0x60,
    0x67, 0xe6,

    /* U+AD76 "굶" */
    0x7f, 0xe0, 0x4, 0x0, 0x40, 0x4, 0xff, 0xf0,
    0x60, 0x6, 0x7, 0xfe, 0xf, 0x67, 0xf6, 0x63,
    0x67, 0xfe,

    /* U+AD7B "굻" */
    0x7f, 0xe0, 0x4, 0x0, 0x40, 0x4, 0xff, 0xf0,
    0x60, 0x6, 0x87, 0xbe, 0xb, 0xe7, 0x9c, 0x63,
    0x27, 0xdc,

    /* U+AD7C "굼" */
    0x7f, 0xe0, 0x4, 0x0, 0x40, 0x4, 0xff, 0xf0,
    0x60, 0x6, 0x0, 0x60, 0x7f, 0xe6, 0x6, 0x60,
    0x67, 0xfe,

    /* U+AD7D "굽" */
    0x7f, 0xc0, 0x4, 0x0, 0x40, 0x4, 0xff, 0xf0,
    0x60, 0x6, 0x6, 0x4, 0x7f, 0xc6, 0x4, 0x60,
    0x47, 0xfc,

    /* U+AD7F "굿" */
    0x3f, 0xe0, 0x6, 0x0, 0x60, 0x4, 0xff, 0xf0,
    0x20, 0x2, 0x0, 0x20, 0x6, 0x0, 0xf0, 0x79,
    0xe0, 0x2,

    /* U+AD81 "궁" */
    0x7f, 0xe0, 0x6, 0x0, 0x40, 0x4, 0xff, 0xf0,
    0x60, 0x6, 0x1, 0xf8, 0x30, 0xc6, 0x6, 0x30,
    0xc1, 0xf8,

    /* U+AD82 "궂" */
    0x7f, 0xe0, 0x4, 0x0, 0x40, 0x4, 0xff, 0xf0,
    0x60, 0x6, 0x7, 0xfe, 0x6, 0x0, 0xf0, 0x79,
    0xe6, 0x6,

    /* U+AD88 "궈" */
    0x0, 0x2f, 0xc4, 0x8, 0x81, 0x10, 0x22, 0x4,
    0x7f, 0xe8, 0x41, 0x8, 0x21, 0x3c, 0x20, 0x84,
    0x10, 0x2,

    /* U+AD89 "궉" */
    0x0, 0x2f, 0xc4, 0x8, 0x81, 0x10, 0x23, 0xff,
    0x42, 0x8, 0x4f, 0x0, 0x7, 0xfc, 0x0, 0x80,
    0x10, 0x2,

    /* U+AD8C "권" */
    0x0, 0x4f, 0xc8, 0x9, 0x1, 0x20, 0x25, 0xfe,
    0x86, 0x10, 0xde, 0x18, 0x44, 0x0, 0x80, 0x10,
    0x3, 0xfe,

    /* U+AD90 "궐" */
    0x0, 0x47, 0xc8, 0x9, 0x1, 0x2f, 0xf5, 0xfc,
    0x86, 0xf0, 0x0, 0x3f, 0xc0, 0x8, 0xff, 0x10,
    0x3, 0xfe,

    /* U+AD9C "궜" */
    0x0, 0x27, 0xe2, 0x2, 0x20, 0x22, 0xff, 0xaf,
    0xc2, 0x9, 0xe0, 0x84, 0x8, 0x41, 0xce, 0x37,
    0xb2, 0x31,

    /* U+AD9D "궝" */
    0x0, 0x67, 0xcc, 0x9, 0x81, 0x30, 0x27, 0xfe,
    0xc6, 0x18, 0xdf, 0x0, 0x3, 0xf8, 0x81, 0x90,
    0x31, 0xfc,

    /* U+ADA4 "궤" */
    0x0, 0x20, 0x15, 0xfa, 0x83, 0x50, 0x4a, 0x19,
    0x5f, 0xa8, 0x85, 0x13, 0xa2, 0x14, 0x42, 0x88,
    0x50, 0xa,

    /* U+ADB7 "궷" */
    0x0, 0x2f, 0xb4, 0x36, 0x86, 0xd0, 0xda, 0xff,
    0x44, 0x68, 0x9d, 0x11, 0xa0, 0x40, 0x14, 0x1c,
    0x72, 0x2,

    /* U+ADC0 "귀" */
    0x0, 0x2f, 0xe4, 0xc, 0x81, 0x90, 0x32, 0x6,
    0x7f, 0xe8, 0x41, 0x8, 0x21, 0x4, 0x20, 0x84,
    0x10, 0x2,

    /* U+ADC1 "귁" */
    0x0, 0x27, 0xc4, 0x8, 0x81, 0x10, 0x23, 0xff,
    0x42, 0x8, 0x40, 0x8, 0x3, 0xfc, 0x0, 0x80,
    0x10, 0x2,

    /* U+ADC4 "귄" */
    0x0, 0x4f, 0xc8, 0x9, 0x1, 0x20, 0x24, 0x4,
    0xbf, 0xd0, 0x42, 0x8, 0x45, 0x0, 0x80, 0x10,
    0x3, 0xfe,

    /* U+ADC8 "귈" */
    0x0, 0x47, 0xc8, 0x9, 0x1, 0x20, 0x25, 0xfe,
    0x86, 0x0, 0xc0, 0x3f, 0xc0, 0x8, 0xff, 0x10,
    0x3, 0xfe,

    /* U+ADD0 "귐" */
    0x0, 0x27, 0xc4, 0x8, 0x81, 0x10, 0x23, 0xff,
    0x42, 0x8, 0x40, 0x8, 0x3, 0xfc, 0x40, 0x88,
    0x11, 0xfe,

    /* U+ADD1 "귑" */
    0x0, 0x5f, 0x90, 0x24, 0x9, 0x2, 0x7f, 0xd1,
    0x84, 0x60, 0x20, 0x4f, 0xf2, 0x4, 0x81, 0x3f,
    0xc0,

    /* U+ADD3 "귓" */
    0x0, 0x23, 0xe2, 0x2, 0x20, 0x22, 0x2, 0x2f,
    0xfa, 0x8, 0x20, 0x82, 0xa, 0x20, 0x30, 0x7,
    0x83, 0xcf, 0x10, 0x20,

    /* U+ADDC "규" */
    0x3f, 0xe0, 0x4, 0x0, 0x40, 0x4, 0x0, 0x40,
    0x4, 0xff, 0xf1, 0x88, 0x18, 0x81, 0x88, 0x18,
    0x81, 0x88,

    /* U+ADE0 "균" */
    0x7f, 0xe0, 0x6, 0x0, 0x60, 0x6, 0x0, 0x6f,
    0xff, 0xc, 0x80, 0xc8, 0x6c, 0x86, 0x0, 0x60,
    0x7, 0xfe,

    /* U+ADE4 "귤" */
    0x7f, 0xe0, 0x6, 0x0, 0x60, 0x6, 0xff, 0xf1,
    0x88, 0x18, 0x87, 0xfe, 0x0, 0x67, 0xfe, 0x60,
    0x7, 0xfe,

    /* U+ADF8 "그" */
    0x3f, 0xe0, 0x6, 0x0, 0x60, 0x6, 0x0, 0x40,
    0x4, 0x0, 0x40, 0x0, 0xff, 0xf0,

    /* U+ADF9 "극" */
    0x3f, 0xe0, 0x6, 0x0, 0x60, 0x6, 0x0, 0x4f,
    0xff, 0x0, 0x0, 0x0, 0x3f, 0xe0, 0x6, 0x0,
    0x60, 0x6,

    /* U+ADFC "근" */
    0x3f, 0xe0, 0x6, 0x0, 0x60, 0x6, 0x0, 0x6f,
    0xff, 0x0, 0x0, 0x0, 0x20, 0x2, 0x0, 0x20,
    0x3, 0xfe,

    /* U+ADFF "귿" */
    0x7f, 0xe0, 0x4, 0x0, 0x40, 0x4, 0x0, 0x4f,
    0xff, 0x0, 0x7, 0xfe, 0x60, 0x6, 0x0, 0x60,
    0x7, 0xfe,

    /* U+AE00 "글" */
    0x3f, 0xe0, 0x6, 0x0, 0x60, 0x6, 0xff, 0xf0,
    0x0, 0x3f, 0xe0, 0x6, 0x0, 0x63, 0xfe, 0x20,
    0x3, 0xfe,

    /* U+AE01 "긁" */
    0x3f, 0xe0, 0x6, 0x0, 0x60, 0x4, 0xff, 0xf0,
    0x0, 0x0, 0x3, 0xde, 0xc, 0x63, 0xc6, 0x20,
    0x63, 0xe6,

    /* U+AE08 "금" */
    0x7f, 0xe0, 0x4, 0x0, 0x40, 0x4, 0x0, 0x4f,
    0xff, 0x0, 0x7, 0xfe, 0x60, 0x66, 0x6, 0x60,
    0x67, 0xfe,

    /* U+AE09 "급" */
    0x7f, 0xe0, 0x4, 0x0, 0x40, 0x4, 0x0, 0x4f,
    0xff, 0x0, 0x6, 0x6, 0x7f, 0xe6, 0x6, 0x60,
    0x67, 0xfe,

    /* U+AE0B "긋" */
    0x3f, 0xe0, 0x6, 0x0, 0x60, 0x4, 0x0, 0x4f,
    0xff, 0x0, 0x0, 0x20, 0x6, 0x0, 0x70, 0x39,
    0xc3, 0x6,

    /* U+AE0D "긍" */
    0x7f, 0xe0, 0x6, 0x0, 0x60, 0x4, 0x0, 0x4f,
    0xff, 0x0, 0x1, 0xf8, 0x30, 0xc6, 0x6, 0x30,
    0xc1, 0xf8,

    /* U+AE14 "긔" */
    0x0, 0x40, 0x17, 0xe4, 0x9, 0x2, 0x40, 0x90,
    0x24, 0x9, 0x0, 0x7f, 0xd0, 0x4, 0x1, 0x0,
    0x40,

    /* U+AE30 "기" */
    0x0, 0x20, 0x5, 0xf8, 0x83, 0x10, 0x62, 0x8,
    0x43, 0x8, 0xc1, 0x38, 0x2c, 0x5, 0x0, 0x80,
    0x10, 0x2,

    /* U+AE31 "긱" */
    0x0, 0x2f, 0xc4, 0x18, 0x82, 0x10, 0xc2, 0x70,
    0x58, 0x8, 0x0, 0x1f, 0xe0, 0x4, 0x0, 0x80,
    0x10, 0x2,

    /* U+AE34 "긴" */
    0x0, 0x4f, 0xc8, 0x19, 0x3, 0x20, 0xc4, 0x38,
    0x8e, 0x17, 0x2, 0x0, 0x46, 0x0, 0xc0, 0x18,
    0x3, 0xfe,

    /* U+AE37 "긷" */
    0x0, 0x2f, 0xc4, 0x18, 0x82, 0x10, 0xc2, 0x70,
    0x58, 0x8, 0x0, 0x1f, 0xe2, 0x0, 0x40, 0x8,
    0x1, 0xfe,

    /* U+AE38 "길" */
    0x0, 0x2f, 0xc4, 0x18, 0x82, 0x11, 0xc3, 0xe0,
    0x40, 0x0, 0xff, 0x0, 0x20, 0x4, 0x7f, 0x88,
    0x1, 0xfe,

    /* U+AE3A "긺" */
    0x0, 0x2f, 0xc4, 0x18, 0x82, 0x11, 0x83, 0xe0,
    0x40, 0x0, 0x0, 0x3d, 0xe0, 0xa4, 0xf4, 0x90,
    0x93, 0xde,

    /* U+AE40 "김" */
    0x0, 0x2f, 0xc4, 0x18, 0x82, 0x10, 0xc2, 0x70,
    0x78, 0x8, 0x0, 0x3f, 0xe6, 0x4, 0xc0, 0x98,
    0x13, 0xfe,

    /* U+AE41 "깁" */
    0x0, 0x2f, 0xc4, 0x18, 0x82, 0x10, 0xc2, 0x70,
    0x58, 0x8, 0x0, 0x30, 0x27, 0xfc, 0xc0, 0x98,
    0x13, 0xfe,

    /* U+AE43 "깃" */
    0x0, 0x27, 0xe2, 0x6, 0x20, 0x42, 0xc, 0x23,
    0x82, 0xe0, 0x20, 0x22, 0x3, 0x0, 0x70, 0x1d,
    0xc3, 0x6,

    /* U+AE45 "깅" */
    0x0, 0x2f, 0xc4, 0x18, 0x82, 0x10, 0xc2, 0x70,
    0x7c, 0x8, 0x0, 0xf, 0x86, 0xc, 0xc0, 0x98,
    0x30, 0xfc,

    /* U+AE46 "깆" */
    0x0, 0x27, 0xe2, 0x6, 0x20, 0x42, 0xc, 0x23,
    0x82, 0x60, 0x20, 0x0, 0x3f, 0xe0, 0x30, 0x7,
    0x1, 0xce, 0x30, 0x20,

    /* U+AE4A "깊" */
    0x0, 0x4f, 0xc8, 0x19, 0x2, 0x20, 0xc4, 0x70,
    0x9c, 0x10, 0x0, 0x3f, 0xe1, 0x10, 0x22, 0x4,
    0x43, 0xfe,

    /* U+AE4C "까" */
    0x0, 0x40, 0x4, 0x77, 0x41, 0x14, 0x11, 0x41,
    0x14, 0x33, 0x72, 0x24, 0x66, 0x44, 0x64, 0xc,
    0x40, 0x4, 0x0, 0x40,

    /* U+AE4D "깍" */
    0x0, 0x9d, 0xd0, 0x9a, 0x32, 0x44, 0xcf, 0x91,
    0x4, 0x20, 0x0, 0x0, 0xf, 0xf0, 0x2, 0x0,
    0x40, 0x8,

    /* U+AE4E "깎" */
    0x0, 0x9d, 0xd0, 0x9a, 0x32, 0x44, 0x4f, 0x91,
    0x24, 0x20, 0x0, 0x7f, 0x83, 0x10, 0x62, 0xc,
    0x41, 0x88,

    /* U+AE50 "깐" */
    0x0, 0x80, 0x13, 0xba, 0x11, 0x46, 0x2e, 0x8d,
    0x33, 0x24, 0xe4, 0x8, 0x8c, 0x1, 0x80, 0x30,
    0x7, 0xf8,

    /* U+AE54 "깔" */
    0x0, 0x9d, 0xd0, 0x9a, 0x32, 0x7c, 0xc9, 0x31,
    0x0, 0x3, 0xfc, 0x0, 0x80, 0x11, 0xfe, 0x20,
    0x7, 0xf8,

    /* U+AE56 "깖" */
    0x0, 0x9f, 0x90, 0x92, 0x32, 0x7c, 0xc9, 0x31,
    0x0, 0x0, 0x0, 0x77, 0x82, 0x91, 0xd2, 0x22,
    0x47, 0xf8,

    /* U+AE5C "깜" */
    0x0, 0x9f, 0xd0, 0x9a, 0x32, 0x74, 0xc9, 0x91,
    0x4, 0x20, 0x0, 0x7f, 0x8c, 0x11, 0x82, 0x30,
    0x47, 0xf8,

    /* U+AE5D "깝" */
    0x0, 0x9f, 0xd0, 0x9a, 0x32, 0x74, 0x49, 0x99,
    0x26, 0x20, 0x0, 0x60, 0x8f, 0xf1, 0x82, 0x30,
    0x47, 0xf8,

    /* U+AE5F "깟" */
    0x0, 0x9f, 0xd0, 0x9a, 0x32, 0x44, 0x4f, 0x99,
    0x26, 0x20, 0x4, 0xc, 0x1, 0xc0, 0xec, 0x30,
    0xe0,

    /* U+AE60 "깠" */
    0x0, 0x9f, 0xd0, 0x9a, 0x32, 0x74, 0xc9, 0x91,
    0x26, 0x20, 0x0, 0x31, 0x6, 0x21, 0xca, 0x67,
    0x70, 0x0,

    /* U+AE61 "깡" */
    0x0, 0x9f, 0xd0, 0x92, 0x32, 0x44, 0xcf, 0x91,
    0x24, 0x20, 0x0, 0x3f, 0xc, 0x31, 0x2, 0x30,
    0xc3, 0xf0,

    /* U+AE65 "깥" */
    0x0, 0x9d, 0xd0, 0x9a, 0x32, 0x74, 0xc9, 0x31,
    0x4, 0x20, 0x0, 0x7f, 0x8c, 0x1, 0xfe, 0x30,
    0x7, 0xf8,

    /* U+AE68 "깨" */
    0x0, 0x20, 0x37, 0xb6, 0x92, 0xd2, 0x5a, 0x4b,
    0xd9, 0x6a, 0x6d, 0x49, 0xbb, 0x34, 0x66, 0x80,
    0xd0, 0x1a,

    /* U+AE69 "깩" */
    0x1, 0xbd, 0xb4, 0x96, 0x92, 0xd4, 0xdf, 0x93,
    0x46, 0x68, 0x0, 0x0, 0x3, 0xfc, 0x0, 0x80,
    0x10, 0x2,

    /* U+AE6C "깬" */
    0x0, 0x3d, 0xb4, 0x96, 0xb2, 0xd6, 0x5e, 0x9b,
    0x72, 0x68, 0xcd, 0x1, 0xa6, 0x30, 0xc0, 0x18,
    0x3, 0xfe,

    /* U+AE70 "깰" */
    0x1, 0x3f, 0xa4, 0x94, 0xb6, 0xfc, 0xd3, 0x32,
    0x40, 0x0, 0x0, 0x3f, 0xe0, 0x4, 0xff, 0x98,
    0x3, 0xfe,

    /* U+AE78 "깸" */
    0x1, 0xbd, 0xb4, 0x96, 0xb2, 0xd4, 0xdf, 0x93,
    0x46, 0x68, 0x0, 0x3f, 0xe6, 0x4, 0xc0, 0x98,
    0x13, 0xfe,

    /* U+AE79 "깹" */
    0x1, 0x7b, 0x52, 0x55, 0x97, 0x4d, 0x72, 0x51,
    0x94, 0x0, 0x30, 0x4f, 0xf3, 0x4, 0xc1, 0x3f,
    0xc0,

    /* U+AE7B "깻" */
    0x0, 0x2e, 0xda, 0x25, 0xa6, 0x5a, 0x65, 0xe4,
    0x9a, 0xc9, 0xa9, 0x9a, 0x2, 0x0, 0x70, 0xd,
    0x83, 0x8f,

    /* U+AE7C "깼" */
    0x1, 0x6f, 0xd6, 0x25, 0x66, 0x56, 0x4d, 0xec,
    0x96, 0x19, 0x60, 0x0, 0x18, 0x81, 0x88, 0x3d,
    0x46, 0x76, 0x0, 0x0,

    /* U+AE7D "깽" */
    0x0, 0x3d, 0xb4, 0x96, 0xb2, 0xd6, 0x5e, 0x93,
    0x72, 0x68, 0xcd, 0xf, 0x87, 0xc, 0xc0, 0x9c,
    0x30, 0xf8,

    /* U+AE84 "꺄" */
    0x0, 0x40, 0x4, 0x77, 0x41, 0x14, 0x11, 0x71,
    0x14, 0x33, 0x42, 0x24, 0x62, 0x74, 0x64, 0xc,
    0x40, 0x4, 0x0, 0x40,

    /* U+AE85 "꺅" */
    0x0, 0x9d, 0xd0, 0x9b, 0xb2, 0x44, 0x49, 0x91,
    0xe4, 0x20, 0x0, 0x0, 0xf, 0xf0, 0x2, 0x0,
    0x40, 0x8,

    /* U+AE8C "꺌" */
    0x0, 0x9d, 0xd0, 0x9b, 0xb2, 0x4c, 0xcf, 0x31,
    0x0, 0x3, 0xfc, 0x0, 0x80, 0x11, 0xfe, 0x20,
    0x7, 0xf8,

    /* U+AEBC "꺼" */
    0x0, 0x20, 0x5, 0xf8, 0x89, 0x11, 0x22, 0x27,
    0xc8, 0x89, 0x21, 0x64, 0x29, 0x84, 0x20, 0x80,
    0x10, 0x2,

    /* U+AEBD "꺽" */
    0x0, 0x7b, 0x92, 0x64, 0x99, 0x47, 0xf3, 0x11,
    0x84, 0x0, 0x0, 0xf, 0xf0, 0x4, 0x1, 0x0,
    0x40,

    /* U+AEBE "꺾" */
    0x0, 0x7b, 0x92, 0x65, 0x99, 0x47, 0xf3, 0x19,
    0x84, 0x0, 0x7b, 0xc2, 0x10, 0x84, 0x21, 0x8,
    0x40,

    /* U+AEC0 "껀" */
    0x0, 0x7b, 0x92, 0x24, 0x89, 0x67, 0xd1, 0x1c,
    0xc6, 0x61, 0x0, 0x58, 0x6, 0x1, 0x80, 0x7f,
    0xc0,

    /* U+AEC4 "껄" */
    0x0, 0x7f, 0x92, 0x64, 0x9f, 0xcc, 0x46, 0x10,
    0x0, 0x0, 0x3f, 0xc0, 0x13, 0xfc, 0x80, 0x3f,
    0xc0,

    /* U+AECC "껌" */
    0x0, 0x7b, 0x92, 0x24, 0x99, 0x47, 0xf3, 0x19,
    0x84, 0x0, 0x3f, 0xc8, 0x12, 0x4, 0x81, 0x3f,
    0xc0,

    /* U+AECD "껍" */
    0x0, 0x7b, 0x92, 0x65, 0x99, 0x47, 0xf3, 0x19,
    0x84, 0x0, 0x20, 0x4f, 0xf2, 0x4, 0x81, 0x3f,
    0xc0,

    /* U+AECF "껏" */
    0x0, 0x5d, 0xc8, 0x99, 0x33, 0x24, 0x7d, 0x98,
    0xa6, 0x10, 0x32, 0x6, 0x1, 0xe0, 0xe6, 0x30,
    0x60,

    /* U+AED0 "껐" */
    0x0, 0xbf, 0xa2, 0x69, 0x92, 0x4f, 0xb3, 0x29,
    0x88, 0xc4, 0x31, 0xc, 0x47, 0xab, 0x3b,

    /* U+AED1 "껑" */
    0x0, 0x7b, 0x92, 0x65, 0x99, 0x47, 0xf3, 0x11,
    0x4, 0x0, 0x1f, 0x8, 0x36, 0x4, 0x83, 0x1f,
    0x0,

    /* U+AED8 "께" */
    0x0, 0x20, 0x37, 0xb6, 0x92, 0xd2, 0x5a, 0x4f,
    0x49, 0x6a, 0x6d, 0x49, 0xbb, 0x34, 0x66, 0x80,
    0xd0, 0x1a,

    /* U+AED9 "껙" */
    0x0, 0x3d, 0xb4, 0x96, 0x92, 0xd6, 0x7a, 0x9b,
    0x72, 0x68, 0xcc, 0x0, 0x7, 0xfc, 0x0, 0x80,
    0x10, 0x2,

    /* U+AEDC "껜" */
    0x0, 0x2d, 0xb4, 0x96, 0x92, 0xd2, 0x7a, 0x9b,
    0x72, 0x68, 0xcd, 0x1, 0xa6, 0x30, 0xc0, 0x18,
    0x3, 0xfe,

    /* U+AEE8 "껨" */
    0x0, 0x3d, 0xb4, 0x96, 0xb2, 0xd6, 0x7a, 0x9b,
    0x76, 0x68, 0xc, 0x3f, 0xe6, 0x4, 0xc0, 0x98,
    0x13, 0xfe,

    /* U+AEEB "껫" */
    0x0, 0x2e, 0xda, 0x25, 0xa6, 0x5a, 0x67, 0xa4,
    0xda, 0xc9, 0xa1, 0x9a, 0x3, 0x0, 0x70, 0xd,
    0xc3, 0x6,

    /* U+AEED "껭" */
    0x0, 0x7b, 0x52, 0x55, 0x95, 0x67, 0x73, 0x5d,
    0x94, 0x44, 0x1f, 0xc, 0x33, 0x4, 0xc3, 0x1f,
    0x0,

    /* U+AEF4 "껴" */
    0x0, 0x20, 0x5, 0xf8, 0x89, 0x11, 0x3e, 0x24,
    0x48, 0x89, 0x3f, 0x64, 0x29, 0x84, 0x20, 0x80,
    0x10, 0x2,

    /* U+AEF8 "껸" */
    0x0, 0x7b, 0x9e, 0xe4, 0x8f, 0x66, 0x51, 0x1c,
    0xde, 0x61, 0x0, 0x58, 0x6, 0x1, 0x80, 0x7f,
    0xc0,

    /* U+AEFC "껼" */
    0x0, 0x7b, 0x92, 0x3c, 0x99, 0x44, 0x62, 0x70,
    0x0, 0x0, 0x3f, 0xc0, 0x13, 0xfc, 0x80, 0x3f,
    0xc0,

    /* U+AF07 "꼇" */
    0x0, 0x5d, 0xcb, 0xb9, 0x13, 0xe4, 0x64, 0x88,
    0xa2, 0x70, 0x82, 0x6, 0x1, 0xe0, 0xe6, 0x30,
    0x60,

    /* U+AF08 "꼈" */
    0x0, 0xbb, 0xa2, 0x79, 0x92, 0x44, 0xb2, 0x69,
    0x88, 0xc4, 0x31, 0xc, 0x47, 0xab, 0x3b,

    /* U+AF0D "꼍" */
    0x0, 0x7b, 0x92, 0x7d, 0x99, 0x44, 0x73, 0x79,
    0x84, 0x0, 0x3f, 0xc8, 0x3, 0xfc, 0x80, 0x3f,
    0xc0,

    /* U+AF10 "꼐" */
    0x0, 0x20, 0x37, 0xb6, 0x92, 0xd2, 0x7a, 0x4b,
    0x49, 0x6a, 0x7d, 0x49, 0xbb, 0x34, 0x66, 0x80,
    0xd0, 0x1a,

    /* U+AF2C "꼬" */
    0x3d, 0xe0, 0xc6, 0x8, 0x60, 0x86, 0xa, 0x61,
    0xa4, 0x2, 0x0, 0x20, 0xff, 0xf0,

    /* U+AF2D "꼭" */
    0x3d, 0xe0, 0x86, 0x8, 0x60, 0xa4, 0x2, 0xf,
    0xff, 0x0, 0x0, 0x0, 0x3f, 0xe0, 0x6, 0x0,
    0x60, 0x6,

    /* U+AF30 "꼰" */
    0x3d, 0xe0, 0xc6, 0x8, 0x60, 0x86, 0xa, 0x60,
    0x20, 0xff, 0xf0, 0x0, 0x30, 0x3, 0x0, 0x30,
    0x3, 0xfe,

    /* U+AF32 "꼲" */
    0x3b, 0xe0, 0x82, 0x8, 0x60, 0xa6, 0x2, 0xf,
    0xff, 0x0, 0x82, 0x3e, 0x23, 0xe2, 0x1c, 0x23,
    0x23, 0xdc,

    /* U+AF34 "꼴" */
    0x3d, 0xe0, 0xc6, 0x8, 0x60, 0xa6, 0x2, 0xf,
    0xff, 0x0, 0x3, 0xfe, 0x0, 0x63, 0xfe, 0x30,
    0x3, 0xfe,

    /* U+AF3C "꼼" */
    0x3d, 0xe0, 0x86, 0x8, 0x60, 0xa4, 0x2, 0xf,
    0xff, 0x0, 0x0, 0x0, 0x3f, 0xe3, 0x6, 0x30,
    0x63, 0xfe,

    /* U+AF3D "꼽" */
    0x3d, 0xe0, 0x86, 0x8, 0x60, 0xa6, 0x2, 0xf,
    0xff, 0x0, 0x3, 0x6, 0x3f, 0xe3, 0x6, 0x30,
    0x63, 0xfe,

    /* U+AF3F "꼿" */
    0x3d, 0xe0, 0x86, 0x8, 0x60, 0xa6, 0x2, 0xf,
    0xff, 0x0, 0x0, 0x20, 0x7, 0x0, 0xd0, 0x78,
    0xe2, 0x2,

    /* U+AF41 "꽁" */
    0x3d, 0xe0, 0x86, 0x8, 0x60, 0xa6, 0x2, 0xf,
    0xff, 0x0, 0x1, 0xf8, 0x30, 0x42, 0x6, 0x30,
    0x40, 0xf8,

    /* U+AF42 "꽂" */
    0x3d, 0xe0, 0x86, 0x8, 0x60, 0xa6, 0x2, 0xf,
    0xff, 0x0, 0x3, 0xfe, 0x7, 0x0, 0xd8, 0x78,
    0xe2, 0x2,

    /* U+AF43 "꽃" */
    0x3d, 0xe0, 0xc6, 0x8, 0x60, 0xa6, 0x2, 0xf,
    0xff, 0x0, 0x0, 0x20, 0x3f, 0xe0, 0x60, 0xd,
    0x3, 0x8e,

    /* U+AF48 "꽈" */
    0x0, 0x40, 0x4, 0xee, 0x42, 0x24, 0x22, 0x42,
    0x24, 0x3a, 0x73, 0x84, 0x18, 0x4f, 0xf4, 0x0,
    0x40, 0x4, 0x0, 0x40,

    /* U+AF49 "꽉" */
    0x0, 0x4e, 0xe4, 0x22, 0x42, 0x24, 0x22, 0x73,
    0xa4, 0x18, 0x4f, 0xf4, 0x0, 0x3, 0xfc, 0x0,
    0x40, 0x4, 0x0, 0x40,

    /* U+AF50 "꽐" */
    0x0, 0x9b, 0x91, 0x12, 0x22, 0x77, 0x48, 0x61,
    0x3f, 0xa0, 0x0, 0x7f, 0x80, 0x11, 0xfe, 0x20,
    0x7, 0xf8,

    /* U+AF5C "꽜" */
    0x0, 0x4e, 0xe4, 0x22, 0x42, 0x24, 0x22, 0x73,
    0xa4, 0x18, 0x4f, 0xf8, 0x11, 0x83, 0x9c, 0x6f,
    0x44, 0x62,

    /* U+AF5D "꽝" */
    0x0, 0x9b, 0x91, 0x12, 0x22, 0x44, 0x4e, 0xe9,
    0xc, 0x27, 0xf4, 0x0, 0x7, 0xe1, 0x2, 0x20,
    0x43, 0xf0,

    /* U+AF64 "꽤" */
    0x0, 0x20, 0x15, 0xba, 0x91, 0x52, 0x2a, 0x45,
    0x4e, 0xb8, 0xc5, 0x18, 0xaf, 0xd4, 0x2, 0x80,
    0x50, 0xa,

    /* U+AF65 "꽥" */
    0x0, 0x2d, 0xd4, 0x8a, 0x91, 0x52, 0x2e, 0x75,
    0x46, 0x2f, 0xf5, 0x0, 0x3, 0xfc, 0x0, 0x80,
    0x10, 0x2,

    /* U+AF79 "꽹" */
    0x0, 0x36, 0xeb, 0x22, 0xb2, 0x2b, 0x3a, 0xf3,
    0xab, 0xfe, 0xb7, 0xb, 0xf, 0xc1, 0x87, 0x38,
    0x31, 0x87, 0xf, 0xc0,

    /* U+AF80 "꾀" */
    0x0, 0x40, 0x1e, 0xe4, 0x89, 0x22, 0x4e, 0x93,
    0xa4, 0x61, 0x18, 0x7f, 0xd0, 0x4, 0x1, 0x0,
    0x40,

    /* U+AF84 "꾄" */
    0x0, 0x5b, 0x92, 0x24, 0x89, 0x22, 0x4e, 0x91,
    0x87, 0xfd, 0x0, 0x48, 0x2, 0x0, 0x80, 0x3f,
    0xc0,

    /* U+AF88 "꾈" */
    0x0, 0x5d, 0xc8, 0x89, 0x11, 0x23, 0xa4, 0x36,
    0xbc, 0x10, 0x0, 0x3f, 0xc0, 0x8, 0xff, 0x10,
    0x3, 0xfe,

    /* U+AF90 "꾐" */
    0x0, 0x5b, 0x92, 0x24, 0x89, 0x3a, 0x46, 0x1f,
    0xf4, 0x0, 0x0, 0xf, 0xf2, 0x4, 0x81, 0x3f,
    0xc0,

    /* U+AF91 "꾑" */
    0x0, 0x5b, 0x92, 0x24, 0x89, 0x3a, 0x46, 0x1f,
    0xf4, 0x0, 0x20, 0x4f, 0xf2, 0x4, 0x81, 0x3f,
    0xc0,

    /* U+AF95 "꾕" */
    0x0, 0x5b, 0x92, 0x24, 0x89, 0x3a, 0x46, 0x1f,
    0xf4, 0x1, 0x1f, 0x8c, 0x32, 0x4, 0xc3, 0x1f,
    0x80,

    /* U+AF9C "꾜" */
    0x7b, 0xe0, 0x86, 0x8, 0x61, 0x86, 0x1d, 0xe1,
    0x5c, 0x5, 0x80, 0x58, 0xff, 0xf0,

    /* U+AFB8 "꾸" */
    0x3d, 0xe0, 0xc6, 0xc, 0x60, 0xc6, 0x8, 0x60,
    0x84, 0xff, 0xf0, 0x20, 0x2, 0x0, 0x20, 0x2,
    0x0, 0x20,

    /* U+AFB9 "꾹" */
    0x3d, 0xe0, 0xc6, 0xc, 0x60, 0xc4, 0x8, 0x4f,
    0xff, 0x2, 0x0, 0x20, 0x3f, 0xe0, 0x6, 0x0,
    0x60, 0x6,

    /* U+AFBC "꾼" */
    0x3d, 0xe0, 0xc6, 0xc, 0x60, 0xc6, 0x8, 0x4f,
    0xff, 0x2, 0x0, 0x20, 0x32, 0x3, 0x0, 0x30,
    0x3, 0xfe,

    /* U+AFC0 "꿀" */
    0x3d, 0xe0, 0xc6, 0xc, 0x60, 0xc6, 0xff, 0xf0,
    0x20, 0x3f, 0xe0, 0x6, 0x0, 0x63, 0xfe, 0x20,
    0x3, 0xfe,

    /* U+AFC7 "꿇" */
    0x7b, 0xe0, 0x86, 0x8, 0x40, 0x84, 0xff, 0xf0,
    0x60, 0x6, 0x87, 0xbf, 0xb, 0xf7, 0x9c, 0x63,
    0x27, 0xdc,

    /* U+AFC8 "꿈" */
    0x3d, 0xe0, 0xc6, 0xc, 0x60, 0xc4, 0xff, 0xf0,
    0x20, 0x2, 0x3, 0xfe, 0x30, 0x63, 0x6, 0x30,
    0x63, 0xfe,

    /* U+AFC9 "꿉" */
    0x3d, 0xe0, 0xc6, 0xc, 0x40, 0xc4, 0xff, 0xf0,
    0x20, 0x2, 0x3, 0x6, 0x3f, 0xe3, 0x6, 0x30,
    0x63, 0xfe,

    /* U+AFCB "꿋" */
    0x3d, 0xe0, 0xc6, 0xc, 0x60, 0xc6, 0x8, 0x4f,
    0xff, 0x2, 0x0, 0x20, 0x2, 0x0, 0x60, 0xd,
    0x7, 0x8e,

    /* U+AFCD "꿍" */
    0x3d, 0xe0, 0xc6, 0xc, 0x60, 0xc6, 0xc, 0x4f,
    0xff, 0x2, 0x1, 0xf8, 0x30, 0x42, 0x6, 0x30,
    0x40, 0xf8,

    /* U+AFCE "꿎" */
    0x3d, 0xe0, 0xc6, 0xc, 0x60, 0xc4, 0xff, 0xf0,
    0x20, 0x2, 0x3, 0xfe, 0x7, 0x0, 0xd0, 0x78,
    0xe2, 0x2,

    /* U+AFD4 "꿔" */
    0x0, 0x20, 0x5, 0xdc, 0x88, 0x91, 0x12, 0x22,
    0x5f, 0xe8, 0x61, 0xc, 0x21, 0xbc, 0x30, 0x86,
    0x10, 0xc2,

    /* U+AFDC "꿜" */
    0x0, 0x5f, 0xc8, 0xc9, 0x11, 0x2f, 0xf5, 0xfc,
    0x86, 0xf0, 0x0, 0x3f, 0xc0, 0x8, 0xff, 0x10,
    0x3, 0xfe,

    /* U+AFE8 "꿨" */
    0x0, 0x5d, 0xc8, 0x89, 0x11, 0x2f, 0xf5, 0xfc,
    0x86, 0xf0, 0xc2, 0x19, 0x87, 0x30, 0xe7, 0x37,
    0xb4, 0x62,

    /* U+AFE9 "꿩" */
    0x0, 0x7f, 0x93, 0x24, 0x89, 0xff, 0x7e, 0x11,
    0xbc, 0x61, 0x0, 0x7, 0xe2, 0x4, 0x81, 0x1f,
    0x80,

    /* U+AFF0 "꿰" */
    0x0, 0x20, 0x15, 0xb2, 0x92, 0x52, 0x4a, 0x49,
    0x7f, 0xa8, 0x85, 0x13, 0xa2, 0x14, 0x42, 0x88,
    0x50, 0xa,

    /* U+AFF1 "꿱" */
    0x0, 0xad, 0x94, 0x92, 0x92, 0x5f, 0xeb, 0xf1,
    0x44, 0xe8, 0x85, 0x0, 0x7, 0xfc, 0x0, 0x80,
    0x10, 0x2,

    /* U+AFF4 "꿴" */
    0x0, 0x26, 0xca, 0x24, 0xa2, 0x4a, 0x24, 0xaf,
    0xea, 0x10, 0xa1, 0x3a, 0x10, 0xa3, 0x8, 0x30,
    0x3, 0x0, 0x3f, 0xf0,

    /* U+AFF8 "꿸" */
    0x0, 0xa6, 0xca, 0x24, 0xa2, 0x4a, 0xfe, 0xa1,
    0x3a, 0x10, 0xa0, 0x0, 0x3f, 0xe0, 0x2, 0x3f,
    0xe3, 0x0, 0x3f, 0xf0,

    /* U+B000 "뀀" */
    0x0, 0xad, 0x94, 0x92, 0x92, 0x5f, 0xeb, 0xf1,
    0x44, 0xe8, 0x85, 0x0, 0x7, 0xfc, 0xc0, 0x98,
    0x13, 0xfe,

    /* U+B001 "뀁" */
    0x0, 0xad, 0x94, 0x92, 0x92, 0x52, 0x4b, 0xfd,
    0x44, 0xe8, 0x80, 0x0, 0x6, 0x4, 0xff, 0x98,
    0x13, 0xfe,

    /* U+B004 "뀄" */
    0x0, 0xa6, 0xca, 0x24, 0xa2, 0x4a, 0x24, 0xaf,
    0xea, 0x13, 0xa1, 0xa, 0x18, 0xc1, 0x8c, 0x18,
    0xc7, 0x77, 0x42, 0x0,

    /* U+B00C "뀌" */
    0x0, 0x2e, 0xe4, 0x44, 0x88, 0x91, 0x12, 0x22,
    0x7f, 0xe8, 0x61, 0xc, 0x21, 0x84, 0x30, 0x86,
    0x10, 0x2,

    /* U+B010 "뀐" */
    0x0, 0x7f, 0x93, 0x24, 0x89, 0x62, 0x58, 0x9f,
    0xf4, 0x41, 0x10, 0x50, 0x4, 0x1, 0x0, 0x7f,
    0xc0,

    /* U+B014 "뀔" */
    0x0, 0x5f, 0xc8, 0xc9, 0x19, 0x22, 0x25, 0xfe,
    0x86, 0x0, 0xc0, 0x3f, 0xc0, 0x8, 0xff, 0x10,
    0x3, 0xfe,

    /* U+B01C "뀜" */
    0x0, 0x7f, 0x93, 0x24, 0xc9, 0x22, 0x7f, 0xd1,
    0x84, 0x60, 0x18, 0xf, 0xf2, 0x4, 0x81, 0x3f,
    0xc0,

    /* U+B01D "뀝" */
    0x0, 0x7f, 0x91, 0x24, 0xc9, 0x22, 0x7f, 0xd1,
    0x84, 0x60, 0x20, 0x4f, 0xf2, 0x4, 0x81, 0x3f,
    0xc0,

    /* U+B028 "뀨" */
    0x3d, 0xe0, 0xc6, 0xc, 0x60, 0xc6, 0x8, 0x60,
    0x84, 0xff, 0xf1, 0x88, 0x18, 0x81, 0x88, 0x18,
    0x81, 0x88,

    /* U+B044 "끄" */
    0x3d, 0xe0, 0xc6, 0xc, 0x60, 0xc6, 0x8, 0x60,
    0x84, 0x18, 0x40, 0x0, 0xff, 0xf0,

    /* U+B045 "끅" */
    0x3d, 0xe0, 0xc6, 0xc, 0x60, 0xc4, 0x8, 0x4f,
    0xff, 0x0, 0x3, 0xfe, 0x0, 0x60, 0x6, 0x0,
    0x60, 0x6,

    /* U+B048 "끈" */
    0x3d, 0xe0, 0xc6, 0xc, 0x60, 0xc6, 0x8, 0x4f,
    0xff, 0x0, 0x0, 0x0, 0x30, 0x3, 0x0, 0x30,
    0x3, 0xfe,

    /* U+B04A "끊" */
    0x7b, 0xe0, 0x86, 0x8, 0x60, 0x84, 0xff, 0xf0,
    0x0, 0x0, 0x86, 0x7e, 0x60, 0x6, 0x1c, 0x62,
    0x67, 0xbc,

    /* U+B04C "끌" */
    0x3d, 0xe0, 0xc6, 0xc, 0x60, 0xc4, 0xff, 0xf0,
    0x0, 0x3f, 0xe0, 0x6, 0x0, 0x63, 0xfe, 0x20,
    0x3, 0xfe,

    /* U+B04E "끎" */
    0x7b, 0xe0, 0x86, 0x8, 0x40, 0x84, 0xff, 0xf0,
    0x0, 0x0, 0x7, 0xbe, 0xb, 0x67, 0xb6, 0x63,
    0x67, 0xfe,

    /* U+B053 "끓" */
    0x7b, 0xe0, 0x86, 0x8, 0x40, 0x84, 0xff, 0xf0,
    0x0, 0x0, 0x87, 0x88, 0xb, 0xe7, 0x9c, 0x63,
    0x27, 0xdc,

    /* U+B054 "끔" */
    0x3d, 0xe0, 0xc6, 0xc, 0x60, 0xc4, 0xc, 0x4f,
    0xff, 0x0, 0x3, 0xfe, 0x20, 0x62, 0x6, 0x20,
    0x63, 0xfe,

    /* U+B055 "끕" */
    0x3d, 0xe0, 0xc6, 0xc, 0x60, 0xc4, 0xff, 0xf0,
    0x0, 0x0, 0x3, 0x6, 0x3f, 0xe3, 0x6, 0x30,
    0x63, 0xfe,

    /* U+B057 "끗" */
    0x3d, 0xe0, 0xc6, 0xc, 0x60, 0xc6, 0x8, 0x4f,
    0xff, 0x0, 0x0, 0x20, 0x2, 0x0, 0x70, 0x1d,
    0xc3, 0x6,

    /* U+B059 "끙" */
    0x3d, 0xe0, 0xc6, 0xc, 0x60, 0xc4, 0x8, 0x4f,
    0xff, 0x0, 0x1, 0xf8, 0x30, 0x42, 0x6, 0x30,
    0x41, 0xf8,

    /* U+B05D "끝" */
    0x3d, 0xe0, 0xc6, 0xc, 0x60, 0xc6, 0xff, 0xf0,
    0x0, 0x0, 0x3, 0xfe, 0x30, 0x3, 0xfe, 0x30,
    0x3, 0xfe,

    /* U+B07C "끼" */
    0x0, 0x20, 0x5, 0xdc, 0x88, 0x91, 0x12, 0x22,
    0x48, 0xc9, 0x11, 0x66, 0x28, 0xc4, 0x30, 0x80,
    0x10, 0x2,

    /* U+B07D "끽" */
    0x0, 0x7b, 0x92, 0x24, 0x99, 0x44, 0x73, 0x11,
    0x84, 0x0, 0x0, 0xf, 0xf0, 0x4, 0x1, 0x0,
    0x40,

    /* U+B080 "낀" */
    0x0, 0x40, 0x1e, 0xe4, 0x89, 0x62, 0x51, 0x9c,
    0x46, 0x71, 0x8, 0x58, 0x6, 0x1, 0x80, 0x7f,
    0xc0,

    /* U+B084 "낄" */
    0x0, 0x7b, 0x92, 0x64, 0x99, 0xcc, 0x66, 0x10,
    0x0, 0xff, 0x0, 0x40, 0x13, 0xfc, 0x80, 0x3f,
    0xc0,

    /* U+B08C "낌" */
    0x0, 0x7b, 0x92, 0x25, 0x99, 0x44, 0x73, 0x11,
    0x84, 0x0, 0x7f, 0xd8, 0x16, 0x5, 0x81, 0x7f,
    0xc0,

    /* U+B08D "낍" */
    0x0, 0x7b, 0x92, 0x25, 0x99, 0x44, 0x73, 0x19,
    0x84, 0x0, 0x60, 0x5f, 0xf6, 0x5, 0x81, 0x7f,
    0xc0,

    /* U+B08F "낏" */
    0x0, 0x5d, 0xc8, 0x89, 0x33, 0x24, 0x45, 0x98,
    0x86, 0x10, 0x32, 0x6, 0x1, 0xe0, 0x66, 0x38,
    0x70,

    /* U+B091 "낑" */
    0x0, 0x7b, 0x92, 0x25, 0x99, 0x44, 0x63, 0x11,
    0x84, 0x0, 0x1f, 0x18, 0x34, 0x5, 0x83, 0x1f,
    0x80,

    /* U+B098 "나" */
    0x0, 0x80, 0x12, 0x2, 0x40, 0x48, 0x9, 0x1,
    0xe0, 0x24, 0x4, 0x82, 0x9f, 0xd0, 0x2, 0x0,
    0x40, 0x8,

    /* U+B099 "낙" */
    0x0, 0x90, 0x12, 0x2, 0x40, 0x48, 0xf, 0x1,
    0x3f, 0xa0, 0x0, 0x7f, 0x80, 0x10, 0x2, 0x0,
    0x40, 0x8,

    /* U+B09A "낚" */
    0x0, 0x90, 0x12, 0x2, 0x40, 0x78, 0x9, 0xd,
    0x3f, 0xa0, 0x0, 0xf7, 0x82, 0x10, 0x42, 0x8,
    0x41, 0x8,

    /* U+B09C "난" */
    0x0, 0x90, 0x12, 0x2, 0x40, 0x48, 0xf, 0x1,
    0x3f, 0xa0, 0x4, 0x0, 0x88, 0x1, 0x0, 0x20,
    0x7, 0xfc,

    /* U+B09F "낟" */
    0x0, 0x90, 0x12, 0x2, 0x40, 0x78, 0x9, 0xd,
    0x3f, 0xa0, 0x0, 0x7f, 0x88, 0x1, 0x0, 0x20,
    0x7, 0xfc,

    /* U+B0A0 "날" */
    0x0, 0x90, 0x12, 0x2, 0x40, 0x78, 0xe9, 0x81,
    0x0, 0x3, 0xfc, 0x0, 0x80, 0x11, 0xfe, 0x20,
    0x7, 0xfc,

    /* U+B0A1 "낡" */
    0x0, 0x90, 0x12, 0x2, 0x40, 0x78, 0x9, 0xfd,
    0x0, 0x0, 0x0, 0xf7, 0x82, 0x13, 0xc2, 0x60,
    0x4f, 0x88,

    /* U+B0A2 "낢" */
    0x0, 0x90, 0x12, 0x2, 0x40, 0x78, 0x9, 0xf9,
    0x0, 0x0, 0x0, 0xf7, 0x82, 0x93, 0xd2, 0x62,
    0x4f, 0x78,

    /* U+B0A8 "남" */
    0x0, 0x90, 0x12, 0x2, 0x40, 0x78, 0x9, 0xd,
    0x3f, 0xa0, 0x0, 0x7f, 0x88, 0x11, 0x2, 0x20,
    0x47, 0xf8,

    /* U+B0A9 "납" */
    0x0, 0x90, 0x12, 0x2, 0x40, 0x78, 0x9, 0xfd,
    0x0, 0x0, 0x0, 0x40, 0x8f, 0xf1, 0x2, 0x20,
    0x47, 0xf8,

    /* U+B0AB "낫" */
    0x0, 0x90, 0x12, 0x2, 0x40, 0x48, 0xf, 0x5,
    0x3f, 0xa0, 0x4, 0x4, 0x1, 0xc0, 0x6c, 0x70,
    0xe0,

    /* U+B0AC "났" */
    0x0, 0x80, 0x12, 0x2, 0x40, 0x78, 0x9, 0xd,
    0x3f, 0xa0, 0x0, 0x21, 0x4, 0x21, 0x4a, 0x6f,
    0x70, 0x0,

    /* U+B0AD "낭" */
    0x0, 0x90, 0x12, 0x2, 0x40, 0x48, 0xf, 0x1,
    0x3f, 0xa0, 0x0, 0x3f, 0xc, 0x31, 0x2, 0x30,
    0xc3, 0xf0,

    /* U+B0AE "낮" */
    0x0, 0x90, 0x12, 0x2, 0x40, 0x78, 0x9, 0xd,
    0x3f, 0xa0, 0x0, 0x7f, 0x81, 0x80, 0x78, 0x39,
    0xc4, 0x8,

    /* U+B0AF "낯" */
    0x0, 0x90, 0x12, 0x2, 0x40, 0x78, 0x9, 0xfd,
    0x0, 0x20, 0x20, 0x7f, 0x80, 0x80, 0x28, 0x79,
    0xe0, 0x8,

    /* U+B0B1 "낱" */
    0x0, 0x90, 0x12, 0x2, 0x40, 0x78, 0x9, 0xfd,
    0x0, 0x0, 0x0, 0x7f, 0x88, 0x1, 0xfe, 0x20,
    0x7, 0xfc,

    /* U+B0B3 "낳" */
    0x0, 0x90, 0x12, 0x2, 0x40, 0x78, 0x9, 0xfd,
    0x0, 0x3, 0xfe, 0x0, 0x7, 0xe1, 0x86, 0x30,
    0xc3, 0xf0,

    /* U+B0B4 "내" */
    0x0, 0x40, 0x98, 0x26, 0x9, 0x82, 0x60, 0x98,
    0x3e, 0x9, 0x82, 0x7e, 0x90, 0x24, 0x9, 0x2,
    0x40,

    /* U+B0B5 "낵" */
    0x2, 0x40, 0x98, 0x26, 0x9, 0x83, 0xe0, 0x9f,
    0xa4, 0x0, 0x0, 0xf, 0xf0, 0x4, 0x1, 0x0,
    0x40,

    /* U+B0B8 "낸" */
    0x0, 0x50, 0x4a, 0x9, 0x41, 0x28, 0x3d, 0x4,
    0xbe, 0x90, 0x12, 0x2, 0x4c, 0x41, 0x80, 0x30,
    0x7, 0xfe,

    /* U+B0BC "낼" */
    0x2, 0x50, 0x4a, 0x9, 0x41, 0xe9, 0xa5, 0x84,
    0x80, 0x3, 0xfe, 0x0, 0x40, 0x9, 0xff, 0x30,
    0x7, 0xfe,

    /* U+B0C4 "냄" */
    0x2, 0x40, 0x98, 0x26, 0x9, 0x83, 0xe0, 0x9f,
    0xa4, 0x0, 0x7f, 0xd8, 0x16, 0x5, 0x81, 0x7f,
    0xc0,

    /* U+B0C5 "냅" */
    0x2, 0x60, 0x98, 0x26, 0xf, 0x82, 0x7e, 0x90,
    0x24, 0x0, 0x60, 0x5f, 0xf6, 0x5, 0x81, 0x7f,
    0xc0,

    /* U+B0C7 "냇" */
    0x0, 0x50, 0x4a, 0x9, 0x41, 0x28, 0x3d, 0x4,
    0xbe, 0x90, 0x12, 0x4, 0x0, 0x80, 0x6c, 0x38,
    0xf0,

    /* U+B0C8 "냈" */
    0x2, 0x40, 0x4a, 0x9, 0x41, 0x28, 0x3d, 0x4,
    0xbe, 0x90, 0x0, 0x11, 0x82, 0x30, 0xaf, 0x67,
    0x30, 0x40,

    /* U+B0C9 "냉" */
    0x0, 0x60, 0x98, 0x26, 0x9, 0x83, 0xe0, 0x9f,
    0xa4, 0x8, 0x1f, 0xc, 0x36, 0x5, 0x83, 0x1f,
    0x80,

    /* U+B0D0 "냐" */
    0x0, 0x80, 0x12, 0x2, 0x40, 0x48, 0xf, 0x1,
    0x20, 0x24, 0x4, 0x80, 0xff, 0xd0, 0x2, 0x0,
    0x40, 0x8,

    /* U+B0D1 "냑" */
    0x0, 0x90, 0x12, 0x3, 0xc0, 0x48, 0x9, 0x5,
    0xff, 0xa0, 0x0, 0x7f, 0x80, 0x10, 0x2, 0x0,
    0x40, 0x8,

    /* U+B0D4 "냔" */
    0x0, 0x90, 0x12, 0x2, 0x40, 0x78, 0x9, 0x1,
    0x3f, 0xb8, 0x4, 0x0, 0x88, 0x1, 0x0, 0x20,
    0x7, 0xfc,

    /* U+B0D8 "냘" */
    0x0, 0x90, 0x12, 0x3, 0xc0, 0x48, 0xef, 0xc1,
    0x0, 0x3, 0xfc, 0x0, 0x80, 0x11, 0xfe, 0x20,
    0x7, 0xfc,

    /* U+B0E0 "냠" */
    0x0, 0x90, 0x12, 0x3, 0xc0, 0x48, 0x9, 0x5,
    0xff, 0xa0, 0x0, 0x7f, 0x88, 0x11, 0x2, 0x20,
    0x47, 0xf8,

    /* U+B0E5 "냥" */
    0x0, 0x90, 0x12, 0x3, 0xc0, 0x48, 0x9, 0x5,
    0xff, 0xa0, 0x0, 0x3f, 0xc, 0x31, 0x2, 0x30,
    0xc3, 0xf0,

    /* U+B108 "너" */
    0x0, 0x40, 0x18, 0x6, 0x1, 0x80, 0x61, 0xf8,
    0x6, 0x1, 0x80, 0x7f, 0x90, 0x4, 0x1, 0x0,
    0x40,

    /* U+B109 "넉" */
    0x0, 0xc0, 0x60, 0x30, 0xf8, 0xc, 0x7, 0xf2,
    0x0, 0x0, 0x3f, 0xc0, 0x20, 0x10, 0x8,

    /* U+B10B "넋" */
    0x0, 0xa0, 0x28, 0xa, 0x3e, 0x80, 0xa0, 0x2f,
    0xc8, 0x0, 0xf1, 0x4, 0x41, 0x30, 0x5a, 0x14,
    0x40,

    /* U+B10C "넌" */
    0x0, 0xa0, 0x28, 0xa, 0x1e, 0x80, 0xa0, 0x2f,
    0xc8, 0x2, 0x0, 0x98, 0x6, 0x1, 0x80, 0x7f,
    0xc0,

    /* U+B110 "널" */
    0x0, 0xa0, 0x28, 0x7a, 0x2, 0x80, 0xbf, 0x20,
    0x0, 0x0, 0x7f, 0x80, 0x27, 0xf9, 0x80, 0x7f,
    0xc0,

    /* U+B112 "넒" */
    0x0, 0x60, 0x18, 0x6, 0x1f, 0x80, 0x60, 0x1f,
    0xe4, 0x0, 0x7b, 0xc2, 0x97, 0xa5, 0x9, 0x7f,
    0xc0,

    /* U+B113 "넓" */
    0x0, 0xc0, 0x63, 0xf0, 0x18, 0xf, 0xe4, 0x0,
    0x0, 0x7c, 0x87, 0xdf, 0x28, 0x97, 0xf8,

    /* U+B118 "넘" */
    0x0, 0xc0, 0x60, 0x30, 0xf8, 0xc, 0x7, 0xf2,
    0x0, 0x7f, 0xb0, 0x58, 0x2c, 0x17, 0xf8,

    /* U+B119 "넙" */
    0x0, 0xc0, 0x60, 0x30, 0xf8, 0xc, 0x7, 0xf2,
    0x0, 0x60, 0xbf, 0xd8, 0x2c, 0x17, 0xf8,

    /* U+B11B "넛" */
    0x0, 0xa0, 0x28, 0xa, 0x1e, 0x80, 0xa0, 0x2f,
    0xc8, 0x12, 0x4, 0x3, 0x83, 0xb1, 0x86,

    /* U+B11C "넜" */
    0x0, 0x90, 0x12, 0x2, 0x47, 0xc8, 0x9, 0x1,
    0x3f, 0xa1, 0x8, 0x21, 0x6, 0x21, 0x4a, 0x66,
    0x60,

    /* U+B11D "넝" */
    0x0, 0xc0, 0x60, 0x30, 0xf8, 0xf, 0xe4, 0x2,
    0x0, 0x3f, 0x30, 0xd0, 0x2c, 0x33, 0xf0,

    /* U+B123 "넣" */
    0x0, 0xe0, 0x38, 0x7e, 0x3, 0x80, 0xff, 0xb0,
    0x1, 0xff, 0x0, 0x7, 0xc3, 0x8, 0xc2, 0x1f,
    0x0,

    /* U+B124 "네" */
    0x0, 0x40, 0x98, 0x26, 0x9, 0x82, 0x67, 0x98,
    0x26, 0x9, 0x82, 0x7e, 0x90, 0x24, 0x9, 0x2,
    0x40,

    /* U+B125 "넥" */
    0x0, 0x60, 0x98, 0x26, 0x79, 0x82, 0x60, 0x9f,
    0xa4, 0x8, 0x0, 0xf, 0xf0, 0x4, 0x1, 0x0,
    0x40,

    /* U+B128 "넨" */
    0x0, 0x40, 0x98, 0x26, 0x79, 0x82, 0x60, 0x98,
    0x27, 0xe9, 0x2, 0x58, 0x86, 0x1, 0x80, 0x7f,
    0xc0,

    /* U+B12C "넬" */
    0x2, 0x60, 0x98, 0x26, 0x79, 0x82, 0x7e, 0x90,
    0x0, 0x0, 0x7f, 0xc0, 0x17, 0xfd, 0x80, 0x7f,
    0xc0,

    /* U+B134 "넴" */
    0x0, 0x60, 0x98, 0x26, 0x79, 0x82, 0x60, 0x9f,
    0xa4, 0x8, 0x7f, 0xd8, 0x16, 0x5, 0x81, 0x7f,
    0xc0,

    /* U+B135 "넵" */
    0x0, 0x60, 0x98, 0x26, 0x79, 0x82, 0x60, 0x9f,
    0xa4, 0x0, 0x60, 0x5f, 0xf6, 0x5, 0x81, 0x7f,
    0xc0,

    /* U+B137 "넷" */
    0x0, 0x50, 0x4a, 0x9, 0x4f, 0x28, 0x25, 0x4,
    0xbe, 0x90, 0x12, 0x4, 0x1, 0xc0, 0x6c, 0x30,
    0x60,

    /* U+B138 "넸" */
    0x2, 0x50, 0x4a, 0x9, 0x4f, 0x28, 0x25, 0x4,
    0xbe, 0x91, 0x8c, 0x31, 0x86, 0x71, 0xeb, 0x67,
    0x30,

    /* U+B139 "넹" */
    0x0, 0x60, 0x98, 0x26, 0x79, 0x82, 0x60, 0x9f,
    0xa6, 0x9, 0x1f, 0x18, 0x36, 0x5, 0x83, 0x1f,
    0x0,

    /* U+B140 "녀" */
    0x0, 0x40, 0x18, 0x6, 0x1f, 0x80, 0x60, 0x18,
    0x7e, 0x1, 0x80, 0x7f, 0x90, 0x4, 0x1, 0x0,
    0x40,

    /* U+B141 "녁" */
    0x0, 0xc0, 0x61, 0xf0, 0x18, 0x7c, 0x7, 0xf2,
    0x0, 0x0, 0x3f, 0xc0, 0x20, 0x10, 0x8,

    /* U+B144 "년" */
    0x0, 0xa0, 0x28, 0x7a, 0x2, 0x87, 0xa0, 0x28,
    0xb, 0xf2, 0x0, 0x98, 0x6, 0x1, 0x80, 0x7f,
    0xc0,

    /* U+B148 "녈" */
    0x0, 0xa0, 0x28, 0x7a, 0x2, 0x87, 0xa0, 0x2f,
    0xc0, 0x0, 0x7f, 0x80, 0x27, 0xf9, 0x80, 0x7f,
    0xc0,

    /* U+B150 "념" */
    0x0, 0xc0, 0x61, 0xf0, 0x18, 0x7c, 0x7, 0xd2,
    0x0, 0x7f, 0xb0, 0x58, 0x2c, 0x17, 0xf8,

    /* U+B151 "녑" */
    0x0, 0xc0, 0x61, 0xf0, 0x18, 0x7c, 0x7, 0xf2,
    0x0, 0x60, 0xbf, 0xd8, 0x2c, 0x17, 0xf8,

    /* U+B154 "녔" */
    0x0, 0x90, 0x12, 0x3e, 0x40, 0x48, 0xf9, 0x1,
    0x3f, 0x21, 0x8, 0x21, 0x6, 0x61, 0x5a, 0x66,
    0x20,

    /* U+B155 "녕" */
    0x0, 0xc0, 0x61, 0xf0, 0x18, 0x7c, 0x7, 0xf2,
    0x1, 0x3f, 0x30, 0xd0, 0x2c, 0x33, 0xf0,

    /* U+B158 "녘" */
    0x0, 0xc0, 0x61, 0xf0, 0x18, 0x7c, 0x7, 0xc2,
    0x0, 0x7f, 0x80, 0x40, 0x2f, 0xf0, 0x8,

    /* U+B15C "녜" */
    0x0, 0x40, 0x98, 0x26, 0x39, 0x82, 0x60, 0x98,
    0xe6, 0x9, 0x82, 0x7e, 0x90, 0x24, 0x9, 0x2,
    0x40,

    /* U+B160 "녠" */
    0x0, 0x40, 0x98, 0xe6, 0x9, 0x82, 0x63, 0x98,
    0x27, 0xe9, 0x2, 0x58, 0x86, 0x1, 0x80, 0x7f,
    0xc0,

    /* U+B178 "노" */
    0x60, 0x6, 0x0, 0x60, 0x6, 0x0, 0x60, 0x7,
    0xfe, 0x6, 0x0, 0x60, 0x6, 0x0, 0x60, 0xff,
    0xf0,

    /* U+B179 "녹" */
    0x60, 0x6, 0x0, 0x60, 0x7, 0xfe, 0x6, 0x0,
    0x60, 0xff, 0xf0, 0x0, 0x7f, 0xe0, 0x6, 0x0,
    0x60, 0x6,

    /* U+B17C "논" */
    0x20, 0x2, 0x0, 0x20, 0x3, 0xfe, 0x6, 0x0,
    0x60, 0xff, 0xf0, 0x0, 0x20, 0x2, 0x0, 0x20,
    0x3, 0xfe,

    /* U+B180 "놀" */
    0x20, 0x2, 0x0, 0x3f, 0xe0, 0x60, 0x6, 0xf,
    0xff, 0x0, 0x3, 0xfe, 0x0, 0x63, 0xfe, 0x20,
    0x3, 0xfe,

    /* U+B182 "놂" */
    0x20, 0x2, 0x0, 0x3f, 0xe0, 0x60, 0x6, 0xf,
    0xff, 0x0, 0x7, 0xfe, 0xf, 0x67, 0xf6, 0x63,
    0x67, 0xfe,

    /* U+B188 "놈" */
    0x60, 0x6, 0x0, 0x60, 0x7, 0xfe, 0x6, 0xf,
    0xff, 0x0, 0x0, 0x0, 0x7f, 0xe6, 0x6, 0x60,
    0x67, 0xfe,

    /* U+B189 "놉" */
    0x20, 0x2, 0x0, 0x20, 0x3, 0xfc, 0x6, 0xf,
    0xff, 0x0, 0x2, 0x4, 0x3f, 0xc2, 0x4, 0x20,
    0x43, 0xfc,

    /* U+B18B "놋" */
    0x20, 0x2, 0x0, 0x20, 0x3, 0xfe, 0x6, 0x0,
    0x60, 0xff, 0xf0, 0x0, 0x6, 0x0, 0x60, 0xd,
    0x87, 0x8e,

    /* U+B18D "농" */
    0x60, 0x6, 0x0, 0x60, 0x7, 0xfe, 0x6, 0x0,
    0x60, 0xff, 0xf0, 0x0, 0x1f, 0x86, 0x4, 0x60,
    0x41, 0xf8,

    /* U+B192 "높" */
    0x20, 0x2, 0x0, 0x20, 0x3, 0xfe, 0x6, 0xf,
    0xff, 0x0, 0x7, 0xfe, 0x19, 0x81, 0x98, 0x19,
    0x87, 0xfe,

    /* U+B193 "놓" */
    0x20, 0x2, 0x0, 0x3f, 0xe0, 0x60, 0xff, 0xf0,
    0x0, 0x6, 0x7, 0xfe, 0x0, 0x1, 0xf8, 0x30,
    0xc1, 0xf8,

    /* U+B194 "놔" */
    0x0, 0x44, 0x4, 0x40, 0x44, 0x4, 0x40, 0x44,
    0x4, 0x7e, 0x71, 0x84, 0x18, 0x4f, 0xf4, 0x0,
    0x40, 0x4, 0x0, 0x40,

    /* U+B198 "놘" */
    0x0, 0x44, 0x4, 0x40, 0x44, 0x4, 0x7e, 0x71,
    0x4, 0x10, 0x4f, 0xf4, 0x0, 0x40, 0x0, 0x20,
    0x2, 0x0, 0x3f, 0xc0,

    /* U+B19C "놜" */
    0x0, 0x44, 0x4, 0x40, 0x47, 0xe7, 0x10, 0x41,
    0x4, 0xff, 0x40, 0x0, 0x3f, 0xc0, 0x4, 0x3f,
    0xc2, 0x0, 0x3f, 0xc0,

    /* U+B1A8 "놨" */
    0x0, 0x48, 0x9, 0x1, 0x20, 0x27, 0xe6, 0x20,
    0x84, 0x17, 0xfc, 0x30, 0x86, 0x31, 0xad, 0x27,
    0x10,

    /* U+B1CC "뇌" */
    0x0, 0x50, 0x14, 0x5, 0x1, 0x40, 0x50, 0x17,
    0xe4, 0x21, 0x8, 0x7f, 0xd0, 0x4, 0x1, 0x0,
    0x40,

    /* U+B1D0 "뇐" */
    0x0, 0x50, 0x14, 0x5, 0x1, 0x7e, 0x44, 0x11,
    0x7, 0xfd, 0x0, 0x48, 0x2, 0x0, 0x80, 0x3f,
    0xc0,

    /* U+B1D4 "뇔" */
    0x0, 0x48, 0x9, 0x1, 0x3f, 0x21, 0x4, 0x20,
    0xbf, 0x80, 0x0, 0x3f, 0xc0, 0x8, 0xff, 0x10,
    0x3, 0xfe,

    /* U+B1DC "뇜" */
    0x0, 0x50, 0x14, 0x5, 0x1, 0x7e, 0x44, 0x1f,
    0xf4, 0x0, 0x0, 0xf, 0xf2, 0x4, 0x81, 0x3f,
    0xc0,

    /* U+B1DD "뇝" */
    0x0, 0x50, 0x14, 0x5, 0x1, 0x7e, 0x44, 0x1f,
    0xe4, 0x0, 0x20, 0x4f, 0xf2, 0x4, 0x81, 0x3f,
    0xc0,

    /* U+B1DF "뇟" */
    0x0, 0x4c, 0x9, 0x81, 0x30, 0x27, 0xf4, 0x10,
    0x82, 0x17, 0xfa, 0x6, 0x40, 0xc0, 0x3c, 0x1c,
    0xe3, 0x4,

    /* U+B1E8 "뇨" */
    0x60, 0x6, 0x0, 0x60, 0x6, 0x0, 0x60, 0x7,
    0xfe, 0x18, 0x81, 0x88, 0x18, 0x8f, 0xff,

    /* U+B1E9 "뇩" */
    0x60, 0x6, 0x0, 0x60, 0x7, 0xfe, 0x19, 0x81,
    0x98, 0xff, 0xf0, 0x0, 0x7f, 0xe0, 0x6, 0x0,
    0x60, 0x6,

    /* U+B1EC "뇬" */
    0x20, 0x2, 0x0, 0x20, 0x3, 0xfe, 0x19, 0x81,
    0x98, 0xff, 0xf0, 0x0, 0x20, 0x2, 0x0, 0x20,
    0x3, 0xfe,

    /* U+B1F0 "뇰" */
    0x20, 0x2, 0x0, 0x3f, 0xe1, 0x98, 0x19, 0x8f,
    0xff, 0x0, 0x3, 0xfe, 0x0, 0x63, 0xfe, 0x20,
    0x3, 0xfe,

    /* U+B1F9 "뇹" */
    0x20, 0x2, 0x0, 0x20, 0x3, 0xfc, 0x19, 0x8f,
    0xff, 0x0, 0x2, 0x4, 0x3f, 0xc2, 0x4, 0x20,
    0x43, 0xfc,

    /* U+B1FB "뇻" */
    0x20, 0x2, 0x0, 0x20, 0x3, 0xfe, 0x19, 0x81,
    0x98, 0xff, 0xf0, 0x0, 0x6, 0x0, 0x60, 0xd,
    0x87, 0xe,

    /* U+B1FD "뇽" */
    0x60, 0x6, 0x0, 0x60, 0x7, 0xfe, 0x19, 0x81,
    0x98, 0xff, 0xf0, 0x0, 0x1f, 0x86, 0x4, 0x60,
    0x41, 0xf8,

    /* U+B204 "누" */
    0x20, 0x2, 0x0, 0x20, 0x2, 0x0, 0x3f, 0xe0,
    0x0, 0x0, 0xf, 0xff, 0x6, 0x0, 0x60, 0x6,
    0x0, 0x60,

    /* U+B205 "눅" */
    0x60, 0x6, 0x0, 0x60, 0x7, 0xfe, 0x0, 0xf,
    0xff, 0x6, 0x0, 0x60, 0x7f, 0xe0, 0x6, 0x0,
    0x60, 0x6,

    /* U+B208 "눈" */
    0x20, 0x2, 0x0, 0x20, 0x3, 0xfe, 0x0, 0x0,
    0x0, 0xff, 0xf0, 0x60, 0x26, 0x2, 0x0, 0x20,
    0x3, 0xfe,

    /* U+B20B "눋" */
    0x20, 0x2, 0x0, 0x20, 0x3, 0xfe, 0x0, 0xf,
    0xff, 0x6, 0x0, 0x60, 0x3f, 0xe2, 0x0, 0x20,
    0x3, 0xfe,

    /* U+B20C "눌" */
    0x60, 0x6, 0x0, 0x7f, 0xe0, 0x0, 0xff, 0xf0,
    0x60, 0x6, 0x7, 0xfe, 0x0, 0x67, 0xfe, 0x60,
    0x7, 0xfe,

    /* U+B214 "눔" */
    0x60, 0x6, 0x0, 0x60, 0x7, 0xfe, 0x0, 0xf,
    0xff, 0x6, 0x0, 0x60, 0x7f, 0xe6, 0x6, 0x60,
    0x67, 0xfe,

    /* U+B215 "눕" */
    0x20, 0x2, 0x0, 0x20, 0x3, 0xfc, 0x0, 0xf,
    0xff, 0x6, 0x2, 0x64, 0x3f, 0xc2, 0x4, 0x20,
    0x43, 0xfc,

    /* U+B217 "눗" */
    0x20, 0x2, 0x0, 0x20, 0x3, 0xfe, 0x0, 0xf,
    0xff, 0x6, 0x0, 0x0, 0x6, 0x0, 0x60, 0x1d,
    0x87, 0xe,

    /* U+B219 "눙" */
    0x60, 0x6, 0x0, 0x60, 0x7, 0xfe, 0x0, 0xf,
    0xff, 0x6, 0x0, 0x60, 0x3f, 0x86, 0x4, 0x60,
    0x41, 0xf8,

    /* U+B220 "눠" */
    0x0, 0x50, 0x14, 0x5, 0x1, 0x7e, 0x40, 0x10,
    0x7, 0xfd, 0x10, 0x44, 0xf1, 0x4, 0x41, 0x10,
    0x40,

    /* U+B234 "눴" */
    0x0, 0x44, 0x4, 0x40, 0x47, 0xe4, 0x0, 0x4f,
    0xf4, 0xf8, 0x41, 0x3c, 0x0, 0x3, 0x8, 0x39,
    0xc6, 0xf6, 0x46, 0x20,

    /* U+B23C "눼" */
    0x0, 0x28, 0x25, 0x4, 0xa0, 0x97, 0xd2, 0x2,
    0x40, 0x4f, 0xe9, 0x31, 0x26, 0xe4, 0xc4, 0x98,
    0x90, 0x12,

    /* U+B258 "뉘" */
    0x0, 0x50, 0x14, 0x5, 0x1, 0x7e, 0x40, 0x10,
    0x7, 0xfd, 0x10, 0x44, 0x11, 0x4, 0x41, 0x10,
    0x40,

    /* U+B25C "뉜" */
    0x0, 0x48, 0x9, 0x1, 0x20, 0x27, 0xe4, 0x0,
    0xbf, 0xd0, 0x82, 0x10, 0x4c, 0x1, 0x80, 0x30,
    0x7, 0xfe,

    /* U+B260 "뉠" */
    0x0, 0x48, 0x9, 0x1, 0x3f, 0x20, 0x5, 0xfe,
    0x84, 0x10, 0x80, 0x3f, 0xc0, 0x8, 0xff, 0x10,
    0x3, 0xfe,

    /* U+B268 "뉨" */
    0x0, 0x50, 0x14, 0x5, 0x1, 0x7e, 0x40, 0x1f,
    0xf4, 0x41, 0x10, 0xf, 0xf2, 0x4, 0x81, 0x3f,
    0xc0,

    /* U+B269 "뉩" */
    0x0, 0x50, 0x14, 0x5, 0xf9, 0x0, 0x40, 0x5f,
    0xf4, 0x40, 0x70, 0x58, 0x17, 0xfd, 0x81, 0x7f,
    0xc0,

    /* U+B274 "뉴" */
    0x20, 0x2, 0x0, 0x20, 0x2, 0x0, 0x3f, 0xe0,
    0x0, 0xff, 0xf1, 0x88, 0x18, 0x81, 0x88, 0x18,
    0x81, 0x88,

    /* U+B275 "뉵" */
    0x30, 0x3, 0x0, 0x30, 0x3, 0xfe, 0x0, 0xf,
    0xff, 0x8, 0x80, 0x88, 0x3f, 0xe0, 0x6, 0x0,
    0x60, 0x6,

    /* U+B27C "뉼" */
    0x60, 0x6, 0x0, 0x7f, 0xe0, 0x0, 0xff, 0xf1,
    0x88, 0x18, 0x87, 0xfe, 0x0, 0x67, 0xfe, 0x60,
    0x7, 0xfe,

    /* U+B284 "늄" */
    0x20, 0x2, 0x0, 0x20, 0x3, 0xfe, 0x0, 0xf,
    0xff, 0x19, 0x81, 0x98, 0x3f, 0xe2, 0x6, 0x20,
    0x63, 0xfe,

    /* U+B285 "늅" */
    0x60, 0x6, 0x0, 0x60, 0x7, 0xfe, 0x0, 0xf,
    0xff, 0x19, 0x87, 0x9e, 0x60, 0x67, 0xfe, 0x60,
    0x67, 0xfe,

    /* U+B289 "늉" */
    0x60, 0x6, 0x0, 0x60, 0x7, 0xfe, 0x0, 0xf,
    0xff, 0x10, 0x81, 0x8, 0x1f, 0x86, 0x4, 0x60,
    0x41, 0xf8,

    /* U+B290 "느" */
    0x60, 0x6, 0x0, 0x60, 0x6, 0x0, 0x60, 0x7,
    0xfe, 0x0, 0x0, 0x0, 0x0, 0xf, 0xff,

    /* U+B291 "늑" */
    0x30, 0x3, 0x0, 0x30, 0x3, 0xfe, 0x0, 0xf,
    0xff, 0x0, 0x0, 0x0, 0x3f, 0xe0, 0x6, 0x0,
    0x60, 0x6,

    /* U+B294 "는" */
    0x20, 0x2, 0x0, 0x20, 0x3, 0xfe, 0x0, 0x0,
    0x0, 0xff, 0xf0, 0x0, 0x20, 0x2, 0x0, 0x20,
    0x3, 0xfe,

    /* U+B298 "늘" */
    0x20, 0x2, 0x0, 0x3f, 0xe0, 0x0, 0x0, 0xf,
    0xff, 0x0, 0x3, 0xfe, 0x0, 0x63, 0xfe, 0x20,
    0x3, 0xfe,

    /* U+B299 "늙" */
    0x20, 0x2, 0x0, 0x3f, 0xe0, 0x0, 0x0, 0xf,
    0xff, 0x0, 0x7, 0xde, 0xc, 0x67, 0xc6, 0x60,
    0x67, 0xe6,

    /* U+B29A "늚" */
    0x20, 0x2, 0x0, 0x3f, 0xe0, 0x0, 0x0, 0xf,
    0xff, 0x0, 0x7, 0xfe, 0xf, 0x67, 0xf6, 0x63,
    0x67, 0xfe,

    /* U+B2A0 "늠" */
    0x60, 0x6, 0x0, 0x60, 0x7, 0xfe, 0x0, 0xf,
    0xff, 0x0, 0x0, 0x0, 0x7f, 0xe6, 0x6, 0x60,
    0x67, 0xfe,

    /* U+B2A1 "늡" */
    0x20, 0x2, 0x0, 0x20, 0x3, 0xfc, 0x0, 0xf,
    0xff, 0x0, 0x2, 0x4, 0x3f, 0xc2, 0x4, 0x20,
    0x43, 0xfc,

    /* U+B2A3 "늣" */
    0x20, 0x2, 0x0, 0x20, 0x3, 0xfe, 0x0, 0xf,
    0xff, 0x0, 0x0, 0x60, 0x6, 0x0, 0xf0, 0x78,
    0xe4, 0x2,

    /* U+B2A5 "능" */
    0x60, 0x6, 0x0, 0x60, 0x7, 0xfe, 0x0, 0xf,
    0xff, 0x0, 0x1, 0xf8, 0x30, 0xc6, 0x6, 0x30,
    0xc1, 0xf8,

    /* U+B2A6 "늦" */
    0x20, 0x2, 0x0, 0x20, 0x3, 0xfe, 0x0, 0xf,
    0xff, 0x0, 0x7, 0xfe, 0x6, 0x0, 0xf0, 0x79,
    0xe4, 0x2,

    /* U+B2AA "늪" */
    0x20, 0x2, 0x0, 0x20, 0x3, 0xfe, 0x0, 0xf,
    0xff, 0x0, 0x7, 0xfe, 0x19, 0x81, 0x98, 0x19,
    0x87, 0xfe,

    /* U+B2AC "늬" */
    0x0, 0x50, 0x14, 0x5, 0x1, 0x40, 0x5f, 0x90,
    0x4, 0x1, 0x0, 0x7f, 0xd0, 0x4, 0x1, 0x0,
    0x40,

    /* U+B2B0 "늰" */
    0x0, 0x48, 0x9, 0x1, 0x20, 0x27, 0xe4, 0x0,
    0x80, 0x17, 0xfa, 0x0, 0x44, 0x0, 0x80, 0x10,
    0x3, 0xfe,

    /* U+B2B4 "늴" */
    0x0, 0x48, 0x9, 0x1, 0x3f, 0x20, 0x4, 0x2,
    0xbf, 0xc0, 0x0, 0x3f, 0xc0, 0x8, 0xff, 0x10,
    0x3, 0xfe,

    /* U+B2C8 "니" */
    0x0, 0x80, 0x60, 0x30, 0x18, 0xc, 0x6, 0x3,
    0x1, 0x82, 0xff, 0x40, 0x20, 0x10, 0x8,

    /* U+B2C9 "닉" */
    0x0, 0xc0, 0x60, 0x30, 0x18, 0xc, 0x17, 0xfa,
    0x0, 0x7f, 0x80, 0x40, 0x20, 0x10, 0x8,

    /* U+B2CC "닌" */
    0x0, 0xa0, 0x28, 0xa, 0x2, 0x80, 0xa0, 0xaf,
    0xe8, 0x2, 0x0, 0x90, 0x4, 0x1, 0x0, 0x7f,
    0xc0,

    /* U+B2D0 "닐" */
    0x0, 0xa0, 0x28, 0xa, 0x2, 0xfe, 0xa0, 0x20,
    0x1, 0xfe, 0x0, 0x80, 0x27, 0xf9, 0x0, 0x7f,
    0xc0,

    /* U+B2D2 "닒" */
    0x0, 0xc0, 0x60, 0x30, 0x18, 0xf, 0xf4, 0x0,
    0x0, 0x7b, 0x85, 0x5e, 0xa8, 0x57, 0xb8,

    /* U+B2D8 "님" */
    0x0, 0x80, 0x60, 0x30, 0x18, 0xc, 0x17, 0xfa,
    0x0, 0x7f, 0xa0, 0x50, 0x28, 0x17, 0xf8,

    /* U+B2D9 "닙" */
    0x0, 0xc0, 0x60, 0x30, 0x18, 0xf, 0xf4, 0x2,
    0x0, 0x40, 0xbf, 0xd0, 0x28, 0x17, 0xf8,

    /* U+B2DB "닛" */
    0x0, 0xa0, 0x28, 0xa, 0x2, 0x80, 0xa0, 0xaf,
    0xe8, 0x32, 0xc, 0x7, 0x83, 0x31, 0x87,

    /* U+B2DD "닝" */
    0x0, 0xc0, 0x60, 0x30, 0x18, 0xc, 0x17, 0xfa,
    0x0, 0x3f, 0x30, 0xd0, 0x2c, 0x33, 0xf0,

    /* U+B2E2 "닢" */
    0x0, 0xe0, 0x38, 0xe, 0x3, 0x80, 0xff, 0xb0,
    0xc, 0x0, 0x7f, 0xc4, 0x41, 0x10, 0x44, 0x7f,
    0xc0,

    /* U+B2E4 "다" */
    0x0, 0x80, 0x13, 0xe2, 0x40, 0x48, 0x9, 0x1,
    0xe0, 0x24, 0x4, 0x80, 0x9f, 0xd0, 0x2, 0x0,
    0x40, 0x8,

    /* U+B2E5 "닥" */
    0x0, 0x9f, 0x12, 0x2, 0x40, 0x48, 0xf, 0x1,
    0x3f, 0xa0, 0x0, 0x0, 0xf, 0xf0, 0x2, 0x0,
    0x40, 0x8,

    /* U+B2E6 "닦" */
    0x0, 0x9f, 0x12, 0x2, 0x40, 0x48, 0xf, 0x1,
    0x3f, 0xa0, 0x0, 0xf7, 0x82, 0x10, 0x42, 0x8,
    0x41, 0x8,

    /* U+B2E8 "단" */
    0x0, 0x80, 0x13, 0xe2, 0x40, 0x48, 0xf, 0x1,
    0x3f, 0xa0, 0x4, 0x0, 0x88, 0x1, 0x0, 0x20,
    0x7, 0xfc,

    /* U+B2EB "닫" */
    0x0, 0x9f, 0x12, 0x2, 0x40, 0x78, 0x9, 0x5,
    0x3f, 0xa0, 0x0, 0x7f, 0x88, 0x1, 0x0, 0x20,
    0x7, 0xfc,

    /* U+B2EC "달" */
    0x0, 0x9f, 0x12, 0x2, 0x40, 0x78, 0x29, 0xe1,
    0x0, 0x3, 0xfc, 0x0, 0x80, 0x11, 0xfe, 0x20,
    0x7, 0xfc,

    /* U+B2ED "닭" */
    0x0, 0x9f, 0x12, 0x2, 0x40, 0x78, 0x9, 0xfd,
    0x0, 0x20, 0x0, 0xff, 0x81, 0x13, 0xe2, 0x60,
    0x4f, 0x88,

    /* U+B2EE "닮" */
    0x0, 0x9f, 0x12, 0x2, 0x40, 0x78, 0x9, 0xf9,
    0x0, 0x20, 0x0, 0xf7, 0x82, 0x93, 0xd2, 0x62,
    0x4f, 0x78,

    /* U+B2EF "닯" */
    0x0, 0x9f, 0x12, 0x2, 0x40, 0x78, 0x9, 0xf9,
    0x0, 0x20, 0x0, 0xf4, 0x82, 0xf3, 0xd2, 0x62,
    0x4f, 0x78,

    /* U+B2F3 "닳" */
    0x0, 0x9f, 0x12, 0x2, 0x40, 0x78, 0x9, 0xfd,
    0x0, 0x0, 0x18, 0xf7, 0xc2, 0xfb, 0xce, 0x62,
    0x4f, 0xb8,

    /* U+B2F4 "담" */
    0x0, 0x9f, 0x12, 0x2, 0x40, 0x78, 0x9, 0x5,
    0x3f, 0xa0, 0x0, 0x7f, 0x88, 0x11, 0x2, 0x20,
    0x47, 0xf8,

    /* U+B2F5 "답" */
    0x0, 0x9f, 0x12, 0x2, 0x40, 0x78, 0x9, 0x5,
    0x3f, 0xa0, 0x0, 0x40, 0x8f, 0xf1, 0x2, 0x20,
    0x47, 0xf8,

    /* U+B2F7 "닷" */
    0x0, 0x9f, 0x12, 0x2, 0x40, 0x48, 0xf, 0x1,
    0x3f, 0xa0, 0x4, 0x4, 0x1, 0xc0, 0x6c, 0x30,
    0xe0,

    /* U+B2F8 "닸" */
    0x0, 0x9f, 0x12, 0x2, 0x40, 0x78, 0x9, 0x5,
    0x3f, 0xa1, 0x8, 0x21, 0x4, 0x21, 0x4a, 0x6f,
    0x30, 0x0,

    /* U+B2F9 "당" */
    0x0, 0x9f, 0x12, 0x2, 0x40, 0x48, 0xf, 0x1,
    0x3f, 0xa0, 0x0, 0x3f, 0xc, 0x31, 0x2, 0x30,
    0xc3, 0xf0,

    /* U+B2FA "닺" */
    0x0, 0x9f, 0x12, 0x2, 0x40, 0x48, 0xf, 0x1,
    0x3f, 0xa0, 0x0, 0x7f, 0x81, 0x80, 0x78, 0x39,
    0xc4, 0x8,

    /* U+B2FB "닻" */
    0x0, 0x9f, 0x12, 0x2, 0x40, 0x78, 0x9, 0xfd,
    0x0, 0x20, 0x20, 0x4, 0xf, 0xf0, 0x10, 0x7,
    0xf, 0x3c, 0x0, 0x0,

    /* U+B2FF "닿" */
    0x0, 0x9f, 0x12, 0x2, 0x40, 0x78, 0x9, 0xfd,
    0x0, 0x3, 0xfe, 0x0, 0x7, 0xe1, 0x86, 0x30,
    0xc3, 0xf0,

    /* U+B300 "대" */
    0x0, 0x40, 0x9f, 0x26, 0x9, 0x82, 0x60, 0xf8,
    0x26, 0x9, 0x82, 0x7e, 0x90, 0x24, 0x9, 0x2,
    0x40,

    /* U+B301 "댁" */
    0x2, 0x7c, 0x98, 0x26, 0x9, 0x83, 0xe0, 0x9f,
    0xa4, 0x0, 0x0, 0xf, 0xf0, 0x4, 0x1, 0x0,
    0x40,

    /* U+B304 "댄" */
    0x0, 0x40, 0x9f, 0x26, 0x9, 0x83, 0xe0, 0x98,
    0x27, 0xe9, 0x2, 0x48, 0x82, 0x0, 0x80, 0x3f,
    0xc0,

    /* U+B308 "댈" */
    0x2, 0x5e, 0x4a, 0x9, 0x41, 0xe8, 0x25, 0xf4,
    0x80, 0x0, 0x0, 0x7f, 0xc0, 0x9, 0xff, 0x30,
    0x7, 0xfe,

    /* U+B310 "댐" */
    0x2, 0x7e, 0x98, 0x26, 0xf, 0x82, 0x60, 0x9f,
    0xa4, 0x0, 0x7f, 0xd8, 0x16, 0x5, 0x81, 0x7f,
    0xc0,

    /* U+B311 "댑" */
    0x2, 0x7e, 0x98, 0x26, 0xf, 0x82, 0x60, 0x9f,
    0xa4, 0x0, 0x60, 0x5f, 0xf6, 0x5, 0x81, 0x7f,
    0xc0,

    /* U+B313 "댓" */
    0x0, 0x40, 0x4b, 0xe9, 0x41, 0x28, 0x3d, 0x4,
    0xbe, 0x90, 0x12, 0x4, 0x1, 0xc0, 0x6c, 0x38,
    0xe0,

    /* U+B314 "댔" */
    0x2, 0x5f, 0x4a, 0x9, 0x41, 0xe8, 0x25, 0x4,
    0xbe, 0x90, 0x0, 0x11, 0x82, 0x30, 0xaf, 0x77,
    0x30, 0x40,

    /* U+B315 "댕" */
    0x0, 0x7c, 0x98, 0x26, 0x9, 0x83, 0xe0, 0x9f,
    0xa4, 0x9, 0x1f, 0x8, 0x36, 0x4, 0x83, 0x1f,
    0x0,

    /* U+B31C "댜" */
    0x0, 0x80, 0x13, 0xe2, 0x40, 0x48, 0xf, 0x1,
    0x20, 0x24, 0x7, 0x80, 0xff, 0xd0, 0x2, 0x0,
    0x40, 0x8,

    /* U+B354 "더" */
    0x0, 0x40, 0x1f, 0x86, 0x1, 0x80, 0x60, 0xf8,
    0x6, 0x1, 0x80, 0x7f, 0x90, 0x4, 0x1, 0x0,
    0x40,

    /* U+B355 "덕" */
    0x0, 0xfc, 0x60, 0x30, 0x18, 0x7c, 0x7, 0xf2,
    0x0, 0x0, 0x3f, 0xc0, 0x20, 0x10, 0x8,

    /* U+B356 "덖" */
    0x0, 0xfc, 0x60, 0x30, 0x18, 0x7c, 0x7, 0xe2,
    0x0, 0x7f, 0x84, 0x42, 0x21, 0x10, 0x88,

    /* U+B358 "던" */
    0x0, 0xbe, 0x28, 0xa, 0x2, 0x87, 0xa0, 0x28,
    0xb, 0xf2, 0x0, 0x98, 0x6, 0x1, 0x80, 0x7f,
    0xc0,

    /* U+B35B "덛" */
    0x0, 0xbe, 0x28, 0xa, 0x1e, 0x80, 0xbf, 0x28,
    0x8, 0x0, 0x7f, 0x90, 0x4, 0x1, 0x0, 0x7f,
    0xc0,

    /* U+B35C "덜" */
    0x0, 0xbe, 0x28, 0xa, 0x1e, 0x80, 0xa0, 0x2f,
    0xc0, 0x0, 0x7f, 0x80, 0x27, 0xf9, 0x80, 0x7f,
    0xc0,

    /* U+B35E "덞" */
    0x0, 0xfc, 0x60, 0x31, 0xf8, 0xc, 0x7, 0xf2,
    0x0, 0x7f, 0x86, 0x5f, 0x28, 0x97, 0xf8,

    /* U+B35F "덟" */
    0x0, 0xfc, 0x60, 0x30, 0xf8, 0xc, 0x7, 0xf0,
    0x0, 0x7c, 0x87, 0xdf, 0x28, 0x97, 0xf8,

    /* U+B364 "덤" */
    0x0, 0xfc, 0x60, 0x30, 0xf8, 0xf, 0xe4, 0x2,
    0x0, 0x7f, 0xa0, 0x50, 0x28, 0x17, 0xf8,

    /* U+B365 "덥" */
    0x0, 0xfc, 0x60, 0x30, 0xf8, 0xc, 0x7, 0xf2,
    0x0, 0x60, 0xbf, 0xd8, 0x2c, 0x17, 0xf8,

    /* U+B367 "덧" */
    0x0, 0xbe, 0x28, 0xa, 0x2, 0x87, 0xa0, 0x2f,
    0xc8, 0x12, 0x4, 0x3, 0x83, 0x31, 0x86,

    /* U+B369 "덩" */
    0x0, 0x7e, 0x18, 0x6, 0x1, 0x83, 0xe0, 0x1f,
    0xc4, 0x1, 0x3f, 0x18, 0x36, 0x5, 0x83, 0x1f,
    0x80,

    /* U+B36B "덫" */
    0x0, 0xbe, 0x28, 0xa, 0x1e, 0x80, 0xa0, 0x2f,
    0xc8, 0x10, 0x4, 0x1f, 0xe0, 0x40, 0x38, 0x73,
    0xc0,

    /* U+B36E "덮" */
    0x0, 0xfe, 0x38, 0xe, 0x3f, 0x80, 0xff, 0x3e,
    0x4c, 0x0, 0x7f, 0xc4, 0x41, 0x10, 0x44, 0x7f,
    0xc0,

    /* U+B370 "데" */
    0x0, 0x40, 0x9f, 0x26, 0x9, 0x82, 0x67, 0x98,
    0x26, 0x9, 0x82, 0x7e, 0x90, 0x24, 0x9, 0x2,
    0x40,

    /* U+B371 "덱" */
    0x0, 0x7c, 0x98, 0x26, 0x9, 0x8e, 0x60, 0x9f,
    0xa4, 0x9, 0x0, 0xf, 0xf0, 0x4, 0x1, 0x0,
    0x40,

    /* U+B374 "덴" */
    0x0, 0x7c, 0x98, 0x26, 0x9, 0x8e, 0x60, 0x98,
    0x27, 0xe9, 0x2, 0x48, 0x82, 0x0, 0x80, 0x3f,
    0xc0,

    /* U+B378 "델" */
    0x2, 0x5e, 0x4a, 0x9, 0x47, 0x28, 0x25, 0x4,
    0xbe, 0x90, 0x0, 0x7f, 0xc0, 0x9, 0xff, 0x30,
    0x7, 0xfe,

    /* U+B380 "뎀" */
    0x0, 0x7c, 0x98, 0x26, 0x9, 0x8e, 0x60, 0x9f,
    0xa6, 0x8, 0x3f, 0xc8, 0x12, 0x4, 0x81, 0x3f,
    0xc0,

    /* U+B381 "뎁" */
    0x0, 0x7c, 0x98, 0x26, 0x39, 0x82, 0x60, 0x9f,
    0xa4, 0x0, 0x20, 0x4f, 0xf2, 0x4, 0x81, 0x3f,
    0xc0,

    /* U+B383 "뎃" */
    0x0, 0x5e, 0x4a, 0x9, 0x41, 0x28, 0xe5, 0x4,
    0xbe, 0x90, 0x12, 0x4, 0x1, 0xc0, 0x6c, 0x30,
    0x60,

    /* U+B384 "뎄" */
    0x0, 0x5e, 0x4a, 0x9, 0x41, 0x28, 0xe5, 0x4,
    0xbe, 0x90, 0x9c, 0x11, 0x86, 0x71, 0xab, 0x66,
    0x30,

    /* U+B385 "뎅" */
    0x0, 0x7c, 0x98, 0x26, 0x9, 0x8e, 0x60, 0x9f,
    0xa7, 0xc8, 0x1f, 0x18, 0x36, 0x5, 0x83, 0x1f,
    0x80,

    /* U+B38C "뎌" */
    0x0, 0x80, 0x7e, 0x30, 0x18, 0x7c, 0x6, 0x3,
    0xf, 0x80, 0xfe, 0x40, 0x20, 0x10, 0x8,

    /* U+B390 "뎐" */
    0x0, 0xbe, 0x2f, 0x8a, 0x1e, 0x80, 0xa1, 0xe8,
    0xb, 0xf2, 0x0, 0x80, 0x6, 0x1, 0x80, 0x7f,
    0xc0,

    /* U+B394 "뎔" */
    0x0, 0xbe, 0x28, 0x7a, 0x2, 0x87, 0xa1, 0xef,
    0xc8, 0x0, 0x7f, 0x80, 0x27, 0xf9, 0x80, 0x7f,
    0xc0,

    /* U+B3A0 "뎠" */
    0x0, 0x9f, 0x13, 0xe2, 0x43, 0xc8, 0x9, 0xf,
    0x3f, 0x21, 0x8, 0x31, 0x6, 0x61, 0x7a, 0x66,
    0x20,

    /* U+B3A1 "뎡" */
    0x0, 0xfc, 0x7e, 0x30, 0xf8, 0xc, 0x3f, 0xf2,
    0x1, 0x3f, 0x30, 0xd0, 0x2c, 0x33, 0xf0,

    /* U+B3A8 "뎨" */
    0x0, 0x40, 0x9f, 0x26, 0x9, 0x8e, 0x60, 0x98,
    0x26, 0x39, 0x82, 0x7e, 0x90, 0x24, 0x9, 0x2,
    0x40,

    /* U+B3AC "뎬" */
    0x0, 0x40, 0x9f, 0x26, 0x39, 0x82, 0x63, 0x98,
    0x27, 0xe9, 0x2, 0x48, 0x82, 0x0, 0x80, 0x3f,
    0xc0,

    /* U+B3C4 "도" */
    0x7f, 0xe6, 0x0, 0x60, 0x6, 0x0, 0x60, 0x7,
    0xfe, 0x6, 0x0, 0x60, 0x6, 0x0, 0x60, 0xff,
    0xf0,

    /* U+B3C5 "독" */
    0x7f, 0xe6, 0x0, 0x60, 0x7, 0xfe, 0x6, 0x0,
    0x60, 0xff, 0xf0, 0x0, 0x7f, 0xe0, 0x6, 0x0,
    0x60, 0x6,

    /* U+B3C8 "돈" */
    0x3f, 0xe2, 0x0, 0x20, 0x3, 0xfe, 0x6, 0x0,
    0x60, 0xff, 0xf0, 0x0, 0x20, 0x2, 0x0, 0x20,
    0x3, 0xfe,

    /* U+B3CB "돋" */
    0x3f, 0xe2, 0x0, 0x20, 0x3, 0xfe, 0x6, 0x0,
    0x60, 0xff, 0xf0, 0x0, 0x3f, 0xe2, 0x0, 0x20,
    0x3, 0xfe,

    /* U+B3CC "돌" */
    0x3f, 0xe2, 0x0, 0x20, 0x3, 0xfe, 0x6, 0xf,
    0xff, 0x0, 0x3, 0xfe, 0x0, 0x63, 0xfe, 0x20,
    0x3, 0xfe,

    /* U+B3CE "돎" */
    0x3f, 0xe2, 0x0, 0x20, 0x3, 0xfe, 0x6, 0xf,
    0xff, 0x0, 0x7, 0xfe, 0xf, 0x67, 0xf6, 0x63,
    0x67, 0xfe,

    /* U+B3D0 "돐" */
    0x3f, 0xe2, 0x0, 0x20, 0x3, 0xfe, 0x6, 0xf,
    0xff, 0x0, 0x7, 0xcc, 0xc, 0xc7, 0xcc, 0x61,
    0xe7, 0xf2,

    /* U+B3D4 "돔" */
    0x7f, 0xe6, 0x0, 0x60, 0x7, 0xfe, 0x6, 0xf,
    0xff, 0x0, 0x0, 0x0, 0x7f, 0xe6, 0x6, 0x60,
    0x67, 0xfe,

    /* U+B3D5 "돕" */
    0x7f, 0xc6, 0x0, 0x60, 0x7, 0xfc, 0x6, 0xf,
    0xff, 0x0, 0x6, 0x4, 0x7f, 0xc6, 0x4, 0x60,
    0x47, 0xfc,

    /* U+B3D7 "돗" */
    0x3f, 0xe2, 0x0, 0x20, 0x3, 0xfe, 0x6, 0x0,
    0x60, 0xff, 0xf0, 0x0, 0x6, 0x0, 0x70, 0x1d,
    0x87, 0xe,

    /* U+B3D9 "동" */
    0x7f, 0xe6, 0x0, 0x60, 0x7, 0xfe, 0x6, 0x0,
    0x60, 0xff, 0xf0, 0x0, 0x1f, 0x86, 0x4, 0x60,
    0x41, 0xf8,

    /* U+B3DB "돛" */
    0x3f, 0xe2, 0x0, 0x20, 0x3, 0xfe, 0x6, 0xf,
    0xff, 0x0, 0x0, 0x60, 0x3f, 0xe0, 0x60, 0x1f,
    0x87, 0xe,

    /* U+B3DD "돝" */
    0x7f, 0xe6, 0x0, 0x60, 0x7, 0xfe, 0x6, 0xf,
    0xff, 0x0, 0x7, 0xfe, 0x60, 0x7, 0xfe, 0x60,
    0x7, 0xfe,

    /* U+B3E0 "돠" */
    0x0, 0x40, 0x4, 0x7e, 0x44, 0x4, 0x40, 0x44,
    0x4, 0x7e, 0x71, 0x4, 0x10, 0x4f, 0xf4, 0x0,
    0x40, 0x4, 0x0, 0x40,

    /* U+B3E4 "돤" */
    0x0, 0x47, 0xf4, 0x60, 0x46, 0x4, 0x60, 0x47,
    0xf7, 0x8, 0x4f, 0xf4, 0x0, 0x40, 0x0, 0x30,
    0x3, 0x0, 0x3f, 0xe0,

    /* U+B3E8 "돨" */
    0x0, 0x47, 0xe4, 0x40, 0x44, 0x4, 0x7e, 0x71,
    0x4, 0xfe, 0x40, 0x0, 0x7f, 0xc0, 0x4, 0x7f,
    0xc6, 0x0, 0x7f, 0xc0,

    /* U+B3FC "돼" */
    0x0, 0x20, 0x25, 0xf4, 0xa0, 0x94, 0x12, 0x82,
    0x5f, 0x78, 0x89, 0x11, 0x3f, 0xe4, 0x4, 0x80,
    0x90, 0x12,

    /* U+B410 "됐" */
    0x0, 0x27, 0xd2, 0x41, 0x24, 0x12, 0x7d, 0xe1,
    0x12, 0x11, 0x2f, 0xd2, 0x10, 0xc1, 0xc, 0x39,
    0xc6, 0xf6, 0x46, 0x20,

    /* U+B418 "되" */
    0x0, 0x40, 0x17, 0xe5, 0x1, 0x40, 0x50, 0x17,
    0xe4, 0x21, 0x8, 0x7f, 0xd0, 0x4, 0x1, 0x0,
    0x40,

    /* U+B41C "된" */
    0x0, 0x4f, 0xc9, 0x1, 0x20, 0x24, 0x4, 0xfc,
    0x84, 0x17, 0xfa, 0x0, 0x40, 0x0, 0x80, 0x10,
    0x3, 0xfe,

    /* U+B420 "될" */
    0x0, 0x4f, 0xe9, 0x81, 0x30, 0x27, 0xf4, 0x10,
    0xbf, 0xd0, 0x0, 0x3f, 0xc0, 0x8, 0xff, 0x18,
    0x3, 0xfe,

    /* U+B428 "됨" */
    0x0, 0x5f, 0x94, 0x5, 0x1, 0x7e, 0x44, 0x11,
    0x7, 0xfd, 0x0, 0xf, 0xf2, 0x4, 0x81, 0x3f,
    0xc0,

    /* U+B429 "됩" */
    0x0, 0x5f, 0x94, 0x5, 0x1, 0x7e, 0x44, 0x1f,
    0xf4, 0x0, 0x20, 0x48, 0x13, 0xfc, 0x81, 0x3f,
    0xc0,

    /* U+B42B "됫" */
    0x0, 0x4f, 0xc9, 0x1, 0x20, 0x27, 0xe4, 0x20,
    0x84, 0x17, 0xfa, 0x6, 0x40, 0xc0, 0x3c, 0x3c,
    0xe6, 0x4,

    /* U+B434 "됴" */
    0x7f, 0xe6, 0x0, 0x60, 0x6, 0x0, 0x60, 0x7,
    0xfe, 0x18, 0x81, 0x88, 0x18, 0x8f, 0xff,

    /* U+B450 "두" */
    0x3f, 0xe2, 0x0, 0x20, 0x2, 0x0, 0x3f, 0xe0,
    0x0, 0x0, 0xf, 0xff, 0x6, 0x0, 0x60, 0x6,
    0x0, 0x60,

    /* U+B451 "둑" */
    0x7f, 0xe6, 0x0, 0x60, 0x7, 0xfe, 0x0, 0xf,
    0xff, 0x6, 0x0, 0x60, 0x7f, 0xe0, 0x6, 0x0,
    0x60, 0x6,

    /* U+B454 "둔" */
    0x3f, 0xe2, 0x0, 0x20, 0x2, 0x0, 0x3f, 0xe0,
    0x0, 0xff, 0xf0, 0x20, 0x2, 0x2, 0x0, 0x20,
    0x3, 0xfe,

    /* U+B458 "둘" */
    0x7f, 0xe6, 0x0, 0x60, 0x7, 0xfe, 0x0, 0xf,
    0xff, 0x6, 0x7, 0xfe, 0x0, 0x67, 0xfe, 0x60,
    0x7, 0xfe,

    /* U+B460 "둠" */
    0x7f, 0xe6, 0x0, 0x60, 0x7, 0xfe, 0x0, 0xf,
    0xff, 0x6, 0x0, 0x60, 0x7f, 0xe6, 0x6, 0x60,
    0x67, 0xfe,

    /* U+B461 "둡" */
    0x7f, 0xc6, 0x0, 0x60, 0x7, 0xfc, 0x0, 0xf,
    0xff, 0x6, 0x6, 0x64, 0x7f, 0xc6, 0x4, 0x60,
    0x47, 0xfc,

    /* U+B463 "둣" */
    0x3f, 0xe2, 0x0, 0x20, 0x3, 0xfe, 0x0, 0xf,
    0xff, 0x6, 0x0, 0x0, 0x6, 0x0, 0xf0, 0x39,
    0xc6, 0x6,

    /* U+B465 "둥" */
    0x7f, 0xe6, 0x0, 0x60, 0x7, 0xfe, 0x0, 0xf,
    0xff, 0x6, 0x0, 0x60, 0x3f, 0x86, 0x4, 0x60,
    0x41, 0xf8,

    /* U+B46C "둬" */
    0x0, 0x5f, 0x94, 0x5, 0x1, 0x40, 0x5f, 0x90,
    0x7, 0xfd, 0x10, 0x44, 0xf1, 0x4, 0x41, 0x10,
    0x40,

    /* U+B480 "뒀" */
    0x0, 0x4f, 0x89, 0x1, 0x3e, 0x20, 0x5, 0xfe,
    0xbe, 0x10, 0x9e, 0x0, 0x6, 0x10, 0xe7, 0x37,
    0xb4, 0x62,

    /* U+B488 "뒈" */
    0x0, 0x2f, 0xa5, 0x4, 0xa0, 0x94, 0x12, 0xfa,
    0x40, 0x4f, 0xe9, 0x31, 0x26, 0xe4, 0xc4, 0x98,
    0x90, 0x12,

    /* U+B49D "뒝" */
    0x0, 0x2f, 0xa5, 0x4, 0xbe, 0x90, 0x13, 0xfa,
    0x7c, 0x49, 0xb9, 0x31, 0x3, 0xf8, 0xc0, 0x98,
    0x11, 0xfc,

    /* U+B4A4 "뒤" */
    0x0, 0x5f, 0x94, 0x5, 0x1, 0x40, 0x5f, 0x90,
    0x7, 0xfd, 0x10, 0x44, 0x11, 0x4, 0x41, 0x10,
    0x40,

    /* U+B4A8 "뒨" */
    0x0, 0x4f, 0xc9, 0x1, 0x20, 0x27, 0xe4, 0x0,
    0x80, 0x57, 0xfa, 0x10, 0x4e, 0x1, 0x80, 0x30,
    0x7, 0xfe,

    /* U+B4AC "뒬" */
    0x0, 0x4f, 0x89, 0x1, 0x3e, 0x20, 0x5, 0xfe,
    0x84, 0x10, 0x80, 0x7f, 0xc0, 0x9, 0xff, 0x30,
    0x7, 0xfe,

    /* U+B4B5 "뒵" */
    0x0, 0x5f, 0x14, 0x5, 0x1, 0x7c, 0x40, 0x1f,
    0xf4, 0x40, 0x10, 0x18, 0x17, 0xfd, 0x81, 0x7f,
    0xc0,

    /* U+B4B7 "뒷" */
    0x0, 0x4f, 0xc9, 0x1, 0x20, 0x27, 0xe4, 0x0,
    0xbf, 0xd0, 0x82, 0x16, 0x40, 0xc0, 0x3c, 0x3c,
    0xf0, 0x0,

    /* U+B4B9 "뒹" */
    0x0, 0x5f, 0x14, 0x5, 0x1, 0x7c, 0x40, 0x1f,
    0xf4, 0x41, 0x10, 0x7, 0xe2, 0x4, 0x81, 0x1f,
    0x80,

    /* U+B4C0 "듀" */
    0x3f, 0xe2, 0x0, 0x20, 0x2, 0x0, 0x3f, 0xe0,
    0x0, 0x0, 0xf, 0xff, 0x18, 0x81, 0x88, 0x18,
    0x81, 0x88,

    /* U+B4C4 "듄" */
    0x7f, 0xe6, 0x0, 0x60, 0x7, 0xfe, 0x0, 0x0,
    0x0, 0xff, 0xf0, 0xc8, 0xc, 0x86, 0x0, 0x60,
    0x7, 0xfe,

    /* U+B4C8 "듈" */
    0x7f, 0xe6, 0x0, 0x60, 0x7, 0xfe, 0x0, 0xf,
    0xff, 0x18, 0x87, 0xfe, 0x0, 0x67, 0xfe, 0x60,
    0x7, 0xfe,

    /* U+B4D0 "듐" */
    0x7f, 0xe6, 0x0, 0x60, 0x7, 0xfe, 0x0, 0xf,
    0xff, 0x19, 0x81, 0x98, 0x7f, 0xe6, 0x6, 0x60,
    0x67, 0xfe,

    /* U+B4D5 "듕" */
    0x7f, 0xe6, 0x0, 0x60, 0x7, 0xfe, 0x0, 0xf,
    0xff, 0x10, 0x81, 0x8, 0x1f, 0x86, 0x4, 0x60,
    0x41, 0xf8,

    /* U+B4DC "드" */
    0x7f, 0xe6, 0x0, 0x60, 0x6, 0x0, 0x7f, 0xe0,
    0x0, 0x0, 0x0, 0x0, 0xff, 0xf0,

    /* U+B4DD "득" */
    0x7f, 0xe6, 0x0, 0x60, 0x7, 0xfe, 0x0, 0x0,
    0x0, 0xff, 0xf0, 0x0, 0x7f, 0xe0, 0x6, 0x0,
    0x60, 0x6,

    /* U+B4E0 "든" */
    0x3f, 0xe2, 0x0, 0x20, 0x3, 0xfe, 0x0, 0x0,
    0x0, 0xff, 0xf0, 0x0, 0x20, 0x2, 0x0, 0x20,
    0x3, 0xfe,

    /* U+B4E3 "듣" */
    0x3f, 0xe2, 0x0, 0x20, 0x3, 0xfe, 0x0, 0xf,
    0xff, 0x0, 0x0, 0x0, 0x3f, 0xe2, 0x0, 0x20,
    0x3, 0xfe,

    /* U+B4E4 "들" */
    0x3f, 0xe2, 0x0, 0x20, 0x3, 0xfe, 0x0, 0xf,
    0xff, 0x0, 0x3, 0xfe, 0x0, 0x63, 0xfe, 0x20,
    0x3, 0xfe,

    /* U+B4E6 "듦" */
    0x3f, 0xe2, 0x0, 0x20, 0x3, 0xfe, 0x0, 0xf,
    0xff, 0x0, 0x7, 0xfe, 0xf, 0x67, 0xf6, 0x63,
    0x67, 0xfe,

    /* U+B4EC "듬" */
    0x7f, 0xe6, 0x0, 0x60, 0x7, 0xfe, 0x0, 0xf,
    0xff, 0x0, 0x0, 0x0, 0x7f, 0xe6, 0x6, 0x60,
    0x67, 0xfe,

    /* U+B4ED "듭" */
    0x7f, 0xc6, 0x0, 0x60, 0x7, 0xfc, 0x0, 0xf,
    0xff, 0x0, 0x6, 0x4, 0x7f, 0xc6, 0x4, 0x60,
    0x47, 0xfc,

    /* U+B4EF "듯" */
    0x3f, 0xe2, 0x0, 0x20, 0x3, 0xfe, 0x0, 0x0,
    0x0, 0xff, 0xf0, 0x0, 0x6, 0x0, 0x60, 0xf,
    0x87, 0x8e,

    /* U+B4F1 "등" */
    0x7f, 0xe6, 0x0, 0x60, 0x7, 0xfe, 0x0, 0xf,
    0xff, 0x0, 0x0, 0x0, 0x1f, 0x86, 0x4, 0x60,
    0x41, 0xf8,

    /* U+B4F8 "듸" */
    0x0, 0x40, 0x17, 0xe5, 0x1, 0x40, 0x50, 0x17,
    0xe4, 0x1, 0x0, 0x7f, 0xd0, 0x4, 0x1, 0x0,
    0x40,

    /* U+B514 "디" */
    0x0, 0x80, 0x7f, 0x30, 0x18, 0xc, 0x6, 0x3,
    0x1, 0x80, 0xff, 0x40, 0x20, 0x10, 0x8,

    /* U+B515 "딕" */
    0x0, 0xfe, 0x60, 0x30, 0x18, 0xc, 0x7, 0xfa,
    0x0, 0x0, 0x3f, 0xc0, 0x20, 0x10, 0x8,

    /* U+B518 "딘" */
    0x0, 0xbe, 0x28, 0xa, 0x2, 0x80, 0xa0, 0x28,
    0xb, 0xf2, 0x0, 0x90, 0x4, 0x1, 0x0, 0x7f,
    0xc0,

    /* U+B51B "딛" */
    0x0, 0xbf, 0x28, 0xa, 0x2, 0x80, 0xa0, 0x2f,
    0xe8, 0x0, 0x7f, 0x90, 0x4, 0x1, 0x0, 0x7f,
    0xc0,

    /* U+B51C "딜" */
    0x0, 0xbf, 0x28, 0xa, 0x2, 0xfe, 0x80, 0x20,
    0x1, 0xfe, 0x0, 0x80, 0x27, 0xf9, 0x0, 0x7f,
    0xc0,

    /* U+B524 "딤" */
    0x0, 0xfe, 0x60, 0x30, 0x18, 0xc, 0x7, 0xfa,
    0x0, 0x7f, 0xa0, 0x50, 0x28, 0x17, 0xf8,

    /* U+B525 "딥" */
    0x0, 0xfe, 0x60, 0x30, 0x18, 0xc, 0x7, 0xfa,
    0x0, 0x40, 0xbf, 0xd0, 0x28, 0x17, 0xf8,

    /* U+B527 "딧" */
    0x0, 0xbf, 0x28, 0xa, 0x2, 0x80, 0xa0, 0x2f,
    0xe8, 0x32, 0xc, 0x7, 0x83, 0x31, 0x86,

    /* U+B528 "딨" */
    0x0, 0xbf, 0x28, 0xa, 0x2, 0x80, 0xa0, 0x2f,
    0xe8, 0x84, 0x21, 0x1c, 0x45, 0x2b, 0x33,

    /* U+B529 "딩" */
    0x0, 0xfe, 0x60, 0x30, 0x18, 0xd, 0xf7, 0xf2,
    0x1, 0x3f, 0x30, 0xd0, 0x2c, 0x33, 0xf0,

    /* U+B52A "딪" */
    0x0, 0xbf, 0x28, 0xa, 0x2, 0x80, 0xa0, 0x2f,
    0xe8, 0x0, 0x7f, 0x83, 0x1, 0xe1, 0xcf, 0x40,
    0x0,

    /* U+B530 "따" */
    0x0, 0x80, 0x13, 0xba, 0x44, 0x48, 0x89, 0x11,
    0xe2, 0x24, 0x44, 0x88, 0x9d, 0xd0, 0x2, 0x0,
    0x40, 0x8,

    /* U+B531 "딱" */
    0x0, 0x9d, 0xd2, 0x22, 0x44, 0x48, 0x8f, 0x11,
    0x3b, 0xa0, 0x0, 0x0, 0xf, 0xf0, 0x2, 0x0,
    0x40, 0x8,

    /* U+B534 "딴" */
    0x0, 0x80, 0x13, 0xba, 0x44, 0x48, 0x8f, 0x11,
    0x3b, 0xa0, 0x4, 0x0, 0x8c, 0x1, 0x80, 0x30,
    0x7, 0xfc,

    /* U+B538 "딸" */
    0x0, 0x9d, 0xd2, 0x22, 0x44, 0x78, 0x89, 0xdd,
    0x0, 0x0, 0x0, 0x7f, 0x80, 0x11, 0xfe, 0x20,
    0x7, 0xfc,

    /* U+B540 "땀" */
    0x0, 0x9d, 0xd2, 0x22, 0x44, 0x48, 0x8f, 0x11,
    0x33, 0x20, 0x0, 0x7f, 0x88, 0x11, 0x2, 0x20,
    0x47, 0xf8,

    /* U+B541 "땁" */
    0x0, 0x9d, 0xd2, 0x22, 0x44, 0x78, 0x89, 0x11,
    0x3b, 0xa0, 0x0, 0x40, 0x8f, 0xf1, 0x2, 0x20,
    0x47, 0xf8,

    /* U+B543 "땃" */
    0x0, 0x80, 0x13, 0xba, 0x44, 0x48, 0x8f, 0x11,
    0x3b, 0xa0, 0x24, 0x4, 0x1, 0xc0, 0xcc, 0x30,
    0xe0,

    /* U+B544 "땄" */
    0x0, 0x9d, 0xd2, 0x22, 0x44, 0x48, 0x8f, 0x11,
    0x3b, 0xe0, 0x88, 0x11, 0x2, 0x20, 0xea, 0x67,
    0x30,

    /* U+B545 "땅" */
    0x0, 0x5d, 0xca, 0x21, 0x44, 0x28, 0x87, 0x10,
    0x99, 0x90, 0x0, 0x3f, 0xc, 0x19, 0x1, 0x30,
    0x61, 0xf8,

    /* U+B54B "땋" */
    0x0, 0xdd, 0xda, 0x23, 0x44, 0x78, 0x8d, 0xdf,
    0x80, 0x3, 0xfe, 0x0, 0x3, 0xe0, 0x82, 0x10,
    0x41, 0xf0,

    /* U+B54C "때" */
    0x0, 0x40, 0x5d, 0x96, 0x45, 0x91, 0x64, 0x59,
    0x1e, 0x45, 0x91, 0x7f, 0x50, 0x14, 0x5, 0x1,
    0x40,

    /* U+B54D "땍" */
    0xd9, 0x64, 0x59, 0x16, 0x47, 0x91, 0x7f, 0x50,
    0x14, 0x0, 0x7f, 0xc0, 0x10, 0x4, 0x1,

    /* U+B550 "땐" */
    0x0, 0x40, 0x2b, 0x65, 0x48, 0xa9, 0x1d, 0x22,
    0xa4, 0x57, 0xea, 0x1, 0x44, 0x20, 0x80, 0x10,
    0x3, 0xfe,

    /* U+B554 "땔" */
    0xd9, 0x52, 0x2a, 0x47, 0x48, 0xaf, 0xd4, 0x2,
    0x80, 0x1, 0xfe, 0x0, 0x47, 0xf8, 0x80, 0x1f,
    0xf0,

    /* U+B55C "땜" */
    0xd9, 0x64, 0x59, 0x16, 0x47, 0x91, 0x7f, 0x50,
    0x14, 0xff, 0x20, 0x48, 0x12, 0x4, 0xff,

    /* U+B55D "땝" */
    0xd9, 0x64, 0x59, 0x1e, 0x45, 0x91, 0x7f, 0x50,
    0x0, 0x81, 0x3f, 0xc8, 0x12, 0x4, 0xff,

    /* U+B55F "땟" */
    0x0, 0x5b, 0x2a, 0x45, 0x48, 0xa9, 0x1d, 0x22,
    0xbf, 0x50, 0xa, 0x2, 0x0, 0xc0, 0x66, 0x38,
    0x60,

    /* U+B560 "땠" */
    0xdd, 0x52, 0x2a, 0x45, 0x48, 0xe9, 0x15, 0xfa,
    0x80, 0x50, 0x0, 0x10, 0x82, 0x30, 0xa7, 0x67,
    0x30, 0x0,

    /* U+B561 "땡" */
    0x0, 0x7b, 0x2e, 0x45, 0xc8, 0xb9, 0x1f, 0x22,
    0xff, 0x58, 0xb, 0x1f, 0x86, 0x1d, 0x81, 0x98,
    0x71, 0xf8,

    /* U+B5A0 "떠" */
    0x0, 0x40, 0x1e, 0xe6, 0x21, 0x88, 0x62, 0x78,
    0x86, 0x21, 0x88, 0x7b, 0xd0, 0x4, 0x1, 0x0,
    0x40,

    /* U+B5A1 "떡" */
    0x0, 0x7b, 0x98, 0x86, 0x21, 0x89, 0xe2, 0x1e,
    0xf4, 0x0, 0x0, 0x1f, 0xf0, 0x4, 0x1, 0x0,
    0x40,

    /* U+B5A4 "떤" */
    0x0, 0x5d, 0xca, 0x21, 0x44, 0x28, 0x9d, 0x10,
    0xa2, 0x17, 0x7a, 0x0, 0x4c, 0x1, 0x80, 0x30,
    0x7, 0xfe,

    /* U+B5A8 "떨" */
    0x0, 0x5d, 0xca, 0x21, 0x44, 0xe8, 0x85, 0xde,
    0x80, 0x0, 0x0, 0x7f, 0xc0, 0x9, 0xff, 0x30,
    0x7, 0xfe,

    /* U+B5AA "떪" */
    0x0, 0x7b, 0x98, 0x86, 0x27, 0x88, 0x7b, 0xd0,
    0x0, 0x0, 0x7b, 0xc2, 0x97, 0xa5, 0x9, 0x7f,
    0xc0,

    /* U+B5AB "떫" */
    0x0, 0x7b, 0x98, 0x86, 0x27, 0x88, 0x7b, 0xd0,
    0x0, 0x0, 0x7a, 0x42, 0xf7, 0xa5, 0x9, 0x7b,
    0xc0,

    /* U+B5B0 "떰" */
    0x0, 0x7b, 0x98, 0x86, 0x21, 0x89, 0xe2, 0x1f,
    0xe4, 0x0, 0x7f, 0xd8, 0x16, 0x5, 0x81, 0x7f,
    0xc0,

    /* U+B5B1 "떱" */
    0x0, 0x7b, 0x98, 0x86, 0x27, 0x88, 0x62, 0x1e,
    0xf4, 0x0, 0x60, 0x5f, 0xf6, 0x5, 0x81, 0x7f,
    0xc0,

    /* U+B5B3 "떳" */
    0x0, 0x5d, 0xca, 0x21, 0x44, 0x28, 0x9d, 0x10,
    0xbb, 0xd0, 0x32, 0x6, 0x1, 0xc0, 0xe6, 0x30,
    0x60,

    /* U+B5B4 "떴" */
    0x0, 0x7d, 0xce, 0x21, 0xc4, 0x38, 0x9f, 0x10,
    0xfb, 0xd8, 0x0, 0x10, 0x82, 0x10, 0xe5, 0x67,
    0x30,

    /* U+B5B5 "떵" */
    0x0, 0x7b, 0x98, 0x86, 0x21, 0x89, 0xe2, 0x1a,
    0xa4, 0x0, 0x1f, 0x8c, 0x36, 0x4, 0xc3, 0x1f,
    0x80,

    /* U+B5BB "떻" */
    0x0, 0x7d, 0xce, 0x21, 0xc4, 0xf8, 0x87, 0xde,
    0xc0, 0x18, 0x20, 0x7f, 0xe0, 0x0, 0x7e, 0x18,
    0x61, 0xf8,

    /* U+B5BC "떼" */
    0x0, 0x40, 0x5d, 0xd6, 0x45, 0x91, 0x65, 0xd9,
    0x16, 0x45, 0x91, 0x7f, 0x50, 0x14, 0x5, 0x1,
    0x40,

    /* U+B5BD "떽" */
    0x1, 0x77, 0x59, 0x16, 0x45, 0x97, 0x64, 0x5d,
    0xd4, 0x0, 0x0, 0x1f, 0xf0, 0x4, 0x1, 0x0,
    0x40,

    /* U+B5C0 "뗀" */
    0x0, 0x40, 0x2b, 0x75, 0x48, 0xa9, 0x75, 0x22,
    0xa4, 0x56, 0xea, 0x1, 0x44, 0x20, 0x80, 0x10,
    0x3, 0xfe,

    /* U+B5C4 "뗄" */
    0x0, 0x5b, 0xaa, 0x45, 0x49, 0xa9, 0x15, 0xba,
    0x80, 0x40, 0x0, 0x3f, 0xc0, 0x8, 0xff, 0x10,
    0x3, 0xfe,

    /* U+B5CC "뗌" */
    0x0, 0x77, 0x59, 0x16, 0x45, 0x97, 0x64, 0x5d,
    0xd6, 0x64, 0x3f, 0xc8, 0x12, 0x4, 0x81, 0x3f,
    0xc0,

    /* U+B5CD "뗍" */
    0x0, 0x77, 0x59, 0x16, 0x5d, 0x91, 0x64, 0x5d,
    0xd4, 0x0, 0x20, 0x4f, 0xf2, 0x4, 0x81, 0x3f,
    0xc0,

    /* U+B5CF "뗏" */
    0x0, 0x5b, 0xaa, 0x45, 0x48, 0xa9, 0x75, 0x22,
    0xb7, 0x50, 0xa, 0x6, 0x1, 0xc0, 0x66, 0x38,
    0x60,

    /* U+B5D0 "뗐" */
    0x0, 0x5b, 0xaa, 0x45, 0x48, 0xa9, 0x75, 0x22,
    0xb7, 0x50, 0x8c, 0x11, 0x82, 0x30, 0xaf, 0x67,
    0x30,

    /* U+B5D1 "뗑" */
    0x0, 0x77, 0x59, 0x16, 0x45, 0x97, 0x64, 0x5d,
    0xd6, 0x65, 0x1f, 0x8c, 0x36, 0x4, 0xc3, 0x1f,
    0x0,

    /* U+B5D8 "뗘" */
    0x0, 0x40, 0x1e, 0xe6, 0x21, 0x89, 0xe2, 0x18,
    0x86, 0x27, 0x88, 0x7b, 0xd0, 0x4, 0x1, 0x0,
    0x40,

    /* U+B5EC "뗬" */
    0x0, 0x7f, 0xcf, 0xf9, 0xcc, 0xf9, 0x87, 0x33,
    0xff, 0xd8, 0x84, 0x10, 0x86, 0x31, 0xed, 0x67,
    0x10,

    /* U+B610 "또" */
    0x7d, 0xe6, 0x10, 0x61, 0x6, 0x10, 0x7d, 0xe0,
    0x20, 0x2, 0x0, 0x20, 0xff, 0xf0,

    /* U+B611 "똑" */
    0x7d, 0xe6, 0x10, 0x61, 0x7, 0xde, 0x2, 0x0,
    0x20, 0xff, 0xf0, 0x0, 0x7f, 0xe0, 0x6, 0x0,
    0x60, 0x6,

    /* U+B614 "똔" */
    0x7d, 0xe6, 0x10, 0x61, 0x7, 0xde, 0x2, 0x0,
    0x20, 0xff, 0xf0, 0x0, 0x20, 0x2, 0x0, 0x20,
    0x3, 0xfe,

    /* U+B618 "똘" */
    0x7d, 0xe6, 0x10, 0x61, 0x7, 0xfe, 0x2, 0xf,
    0xff, 0x0, 0x3, 0xfe, 0x0, 0x63, 0xfe, 0x20,
    0x3, 0xfe,

    /* U+B625 "똥" */
    0x7d, 0xe6, 0x10, 0x61, 0x7, 0xde, 0x2, 0x0,
    0x20, 0xff, 0xf0, 0x0, 0x1f, 0x83, 0x6, 0x20,
    0x61, 0xfc,

    /* U+B62C "똬" */
    0x0, 0x40, 0x4, 0x7f, 0x44, 0xc4, 0x4c, 0x44,
    0xc4, 0x7f, 0x70, 0x84, 0x8, 0x47, 0xfc, 0x0,
    0x40, 0x4, 0x0, 0x40,

    /* U+B634 "똴" */
    0x0, 0x47, 0xf4, 0x4c, 0x44, 0xc7, 0x7f, 0x70,
    0x84, 0xff, 0xc0, 0x0, 0x3f, 0xc0, 0x4, 0x3f,
    0xc3, 0x0, 0x3f, 0xe0,

    /* U+B648 "뙈" */
    0x0, 0x20, 0x15, 0xba, 0xa4, 0x54, 0x8a, 0xdd,
    0xc0, 0x28, 0x85, 0x10, 0xaf, 0xd4, 0x2, 0x80,
    0x50, 0xa,

    /* U+B664 "뙤" */
    0x0, 0x20, 0x5, 0xdc, 0xa2, 0x14, 0x42, 0x88,
    0x5d, 0xc8, 0x41, 0x8, 0x3f, 0xf4, 0x0, 0x80,
    0x10, 0x2,

    /* U+B668 "뙨" */
    0x0, 0x4f, 0xe9, 0x31, 0x26, 0x24, 0xc4, 0xfe,
    0x82, 0x17, 0xfa, 0x0, 0x46, 0x0, 0xc0, 0x18,
    0x3, 0xfe,

    /* U+B69C "뚜" */
    0x7d, 0xe6, 0x10, 0x61, 0x6, 0x10, 0x7d, 0xe0,
    0x0, 0x0, 0xf, 0xff, 0x2, 0x0, 0x20, 0x2,
    0x0, 0x20,

    /* U+B69D "뚝" */
    0x7d, 0xe6, 0x10, 0x61, 0x7, 0xde, 0x0, 0xf,
    0xff, 0x2, 0x0, 0x20, 0x7f, 0xe0, 0x6, 0x0,
    0x60, 0x6,

    /* U+B6A0 "뚠" */
    0x7d, 0xe6, 0x10, 0x61, 0x7, 0xde, 0x0, 0x0,
    0x0, 0xff, 0xf0, 0x20, 0x22, 0x2, 0x0, 0x20,
    0x3, 0xfe,

    /* U+B6A4 "뚤" */
    0x7d, 0xe6, 0x10, 0x61, 0x7, 0xde, 0x0, 0xf,
    0xff, 0x2, 0x3, 0xfe, 0x0, 0x63, 0xfe, 0x20,
    0x3, 0xfe,

    /* U+B6AB "뚫" */
    0x7b, 0xe6, 0x30, 0x7f, 0xe0, 0x0, 0xff, 0xf0,
    0x60, 0x8, 0x87, 0xbf, 0xb, 0xf7, 0x9c, 0x63,
    0x27, 0xdc,

    /* U+B6AC "뚬" */
    0x7d, 0xe6, 0x10, 0x61, 0x7, 0xde, 0x0, 0xf,
    0xff, 0x2, 0x0, 0x20, 0x3f, 0xe2, 0x6, 0x20,
    0x63, 0xfe,

    /* U+B6B1 "뚱" */
    0x7d, 0xe6, 0x10, 0x61, 0x7, 0xde, 0x0, 0xf,
    0xff, 0x2, 0x0, 0x20, 0x1f, 0xc3, 0x6, 0x20,
    0x61, 0xfc,

    /* U+B6D4 "뛔" */
    0x0, 0x2d, 0xd5, 0x22, 0xa4, 0x54, 0x8a, 0xfd,
    0x40, 0x2b, 0xf5, 0x10, 0xa2, 0x74, 0x42, 0x88,
    0x50, 0xa,

    /* U+B6F0 "뛰" */
    0x0, 0x2e, 0xe5, 0x10, 0xa2, 0x14, 0x42, 0xee,
    0x40, 0xf, 0xfd, 0x8, 0x21, 0x4, 0x20, 0x84,
    0x10, 0x82,

    /* U+B6F4 "뛴" */
    0x0, 0x4f, 0xe9, 0x31, 0x26, 0x27, 0xf4, 0x0,
    0x80, 0x57, 0xfa, 0x8, 0x45, 0x0, 0x80, 0x10,
    0x3, 0xfe,

    /* U+B6F8 "뛸" */
    0x0, 0x4f, 0xe9, 0x31, 0x3f, 0xa0, 0x5, 0xfe,
    0x82, 0x10, 0x40, 0x3f, 0xc0, 0x8, 0xff, 0x10,
    0x3, 0xfe,

    /* U+B700 "뜀" */
    0x0, 0x5f, 0xd4, 0xc5, 0x31, 0x7f, 0x40, 0x1f,
    0xf4, 0x20, 0x8, 0xf, 0xf3, 0x4, 0xc1, 0x3f,
    0xc0,

    /* U+B701 "뜁" */
    0x0, 0x5f, 0xd4, 0xc5, 0x31, 0x7f, 0x40, 0x1f,
    0xf4, 0x20, 0x38, 0x4c, 0x13, 0xfc, 0xc1, 0x3f,
    0xc0,

    /* U+B705 "뜅" */
    0x0, 0x5f, 0xd4, 0xc5, 0x31, 0x7f, 0x40, 0x1f,
    0xf4, 0x21, 0x8, 0x7, 0xe3, 0x4, 0xc1, 0x1f,
    0x80,

    /* U+B728 "뜨" */
    0x7d, 0xe6, 0x10, 0x61, 0x6, 0x10, 0x61, 0x7,
    0xde, 0x0, 0x0, 0x0, 0xff, 0xf0,

    /* U+B729 "뜩" */
    0x7d, 0xe6, 0x10, 0x61, 0x7, 0xde, 0x0, 0x0,
    0x0, 0xff, 0xf0, 0x0, 0x7f, 0xe0, 0x6, 0x0,
    0x60, 0x6,

    /* U+B72C "뜬" */
    0x7d, 0xe6, 0x10, 0x61, 0x6, 0x10, 0x7d, 0xe0,
    0x0, 0xff, 0xf0, 0x0, 0x20, 0x2, 0x0, 0x20,
    0x3, 0xfe,

    /* U+B72F "뜯" */
    0x7d, 0xe6, 0x10, 0x61, 0x7, 0xde, 0x0, 0xf,
    0xff, 0x0, 0x0, 0x0, 0x3f, 0xe2, 0x0, 0x20,
    0x3, 0xfe,

    /* U+B730 "뜰" */
    0x7d, 0xe6, 0x10, 0x61, 0x7, 0xde, 0x0, 0xf,
    0xff, 0x0, 0x3, 0xfe, 0x0, 0x63, 0xfe, 0x20,
    0x3, 0xfe,

    /* U+B738 "뜸" */
    0x7d, 0xe6, 0x10, 0x61, 0x7, 0xde, 0x0, 0xf,
    0xff, 0x0, 0x0, 0x0, 0x3f, 0xe2, 0x6, 0x20,
    0x63, 0xfe,

    /* U+B739 "뜹" */
    0x7d, 0xe6, 0x10, 0x61, 0x7, 0xde, 0x0, 0xf,
    0xff, 0x0, 0x2, 0x6, 0x3f, 0xe2, 0x6, 0x20,
    0x63, 0xfe,

    /* U+B73B "뜻" */
    0x7d, 0xe6, 0x10, 0x61, 0x7, 0xde, 0x0, 0xf,
    0xff, 0x0, 0x0, 0x20, 0x7, 0x0, 0xd8, 0x78,
    0xe0, 0x0,

    /* U+B744 "띄" */
    0x0, 0x20, 0x5, 0xdc, 0xa2, 0x14, 0x42, 0x88,
    0x5d, 0xc8, 0x1, 0x0, 0x3f, 0xf4, 0x0, 0x80,
    0x10, 0x2,

    /* U+B748 "띈" */
    0x0, 0x4e, 0xe9, 0x11, 0x22, 0x24, 0x44, 0xee,
    0x80, 0x17, 0xfa, 0x0, 0x44, 0x0, 0x80, 0x10,
    0x3, 0xfe,

    /* U+B74C "띌" */
    0x0, 0x4e, 0xe9, 0x11, 0x22, 0x27, 0x74, 0x0,
    0xbf, 0xc0, 0x0, 0x3f, 0xc0, 0x8, 0xff, 0x10,
    0x3, 0xfe,

    /* U+B754 "띔" */
    0x0, 0x5d, 0xd4, 0x45, 0x11, 0x77, 0x40, 0x1f,
    0xf4, 0x0, 0x0, 0xf, 0xf2, 0x4, 0x81, 0x3f,
    0xc0,

    /* U+B755 "띕" */
    0x0, 0x5d, 0xd4, 0x45, 0x11, 0x77, 0x40, 0x1f,
    0xf4, 0x0, 0x20, 0x4f, 0xf2, 0x4, 0x81, 0x3f,
    0xc0,

    /* U+B760 "띠" */
    0x0, 0x40, 0x1e, 0xe6, 0x21, 0x88, 0x62, 0x18,
    0x86, 0x21, 0x88, 0x7b, 0xd0, 0x4, 0x1, 0x0,
    0x40,

    /* U+B764 "띤" */
    0x0, 0x40, 0xb, 0xb9, 0x44, 0x28, 0x85, 0x10,
    0xbb, 0xd0, 0x2, 0x0, 0x4c, 0x1, 0x80, 0x30,
    0x7, 0xfe,

    /* U+B768 "띨" */
    0x0, 0x5d, 0xca, 0x21, 0x44, 0x2e, 0xf4, 0x0,
    0x80, 0x3, 0xfe, 0x0, 0x40, 0x9, 0xff, 0x30,
    0x7, 0xfe,

    /* U+B770 "띰" */
    0x0, 0x7b, 0x98, 0x86, 0x21, 0x88, 0x62, 0x1e,
    0xf4, 0x0, 0x7f, 0xd8, 0x16, 0x5, 0x81, 0x7f,
    0xc0,

    /* U+B771 "띱" */
    0x0, 0x7b, 0x98, 0x86, 0x21, 0x88, 0x62, 0x1e,
    0xf4, 0x0, 0x60, 0x5f, 0xf6, 0x5, 0x81, 0x7f,
    0xc0,

    /* U+B773 "띳" */
    0x0, 0x5d, 0xca, 0x21, 0x44, 0x28, 0x85, 0x10,
    0xbb, 0xd0, 0x2, 0x4, 0x1, 0xc0, 0xec, 0x30,
    0x60,

    /* U+B775 "띵" */
    0x0, 0x40, 0x1e, 0xe6, 0x21, 0x88, 0x7b, 0xd0,
    0x4, 0x0, 0x1f, 0x18, 0x36, 0x5, 0x83, 0x1f,
    0x0,

    /* U+B77C "라" */
    0x0, 0x80, 0x13, 0xe2, 0x4, 0x40, 0x89, 0xf1,
    0xe0, 0x24, 0x4, 0x80, 0x9f, 0xd0, 0x2, 0x0,
    0x40, 0x8,

    /* U+B77D "락" */
    0x0, 0x9f, 0x10, 0x22, 0x4, 0x4f, 0x8f, 0x1,
    0x3f, 0xa0, 0x4, 0x0, 0xf, 0xf0, 0x2, 0x0,
    0x40, 0x8,

    /* U+B780 "란" */
    0x0, 0x9f, 0x10, 0x22, 0x4, 0x4f, 0x8f, 0x1,
    0x20, 0xa7, 0xf4, 0x0, 0x8c, 0x1, 0x80, 0x30,
    0x7, 0xfc,

    /* U+B784 "랄" */
    0x0, 0x9f, 0x10, 0x22, 0x7c, 0x78, 0x9, 0x5,
    0x3f, 0x80, 0x0, 0x7f, 0x80, 0x11, 0xfe, 0x20,
    0x7, 0xfc,

    /* U+B78C "람" */
    0x0, 0x9f, 0x10, 0x22, 0x4, 0x4f, 0x8f, 0x1,
    0x3f, 0xa0, 0x0, 0x0, 0xf, 0xf1, 0x2, 0x20,
    0x47, 0xf8,

    /* U+B78D "랍" */
    0x0, 0x9f, 0x10, 0x22, 0x7c, 0x78, 0x9, 0x5,
    0x3f, 0xa0, 0x0, 0x40, 0x8f, 0xf1, 0x2, 0x20,
    0x47, 0xf8,

    /* U+B78F "랏" */
    0x0, 0x9f, 0x10, 0x22, 0x4, 0x4f, 0x8f, 0x1,
    0x20, 0x27, 0xf4, 0xc, 0x1, 0x80, 0xcc, 0x30,
    0xe0,

    /* U+B790 "랐" */
    0x0, 0x9f, 0x10, 0x22, 0x7c, 0x78, 0x9, 0x1,
    0x3f, 0xa1, 0x8, 0x21, 0x4, 0x71, 0x5b, 0x4e,
    0x30,

    /* U+B791 "랑" */
    0x0, 0x9f, 0x10, 0x22, 0x4, 0x4f, 0x8f, 0x1,
    0x3c, 0x20, 0x0, 0x3e, 0xc, 0x31, 0x2, 0x30,
    0xc3, 0xf0,

    /* U+B792 "랒" */
    0x0, 0x9f, 0x10, 0x22, 0x7c, 0x78, 0x9, 0xfd,
    0x0, 0x20, 0x0, 0x7f, 0x81, 0x80, 0x78, 0x79,
    0xe0, 0x0,

    /* U+B796 "랖" */
    0x0, 0x9f, 0x90, 0x32, 0x7e, 0x78, 0x9, 0xfd,
    0x38, 0x20, 0x0, 0x7f, 0xc2, 0x20, 0x44, 0x8,
    0x87, 0xfc,

    /* U+B797 "랗" */
    0x0, 0x9f, 0x90, 0x12, 0x7e, 0x7c, 0x9, 0xfd,
    0x0, 0x20, 0x20, 0x7f, 0xc0, 0x0, 0x7c, 0x18,
    0x41, 0xf0,

    /* U+B798 "래" */
    0x0, 0x40, 0x9f, 0x24, 0x49, 0x12, 0x7c, 0xf8,
    0x26, 0x9, 0x82, 0x7e, 0x90, 0x24, 0x9, 0x2,
    0x40,

    /* U+B799 "랙" */
    0x2, 0x7c, 0x91, 0x24, 0x49, 0xf3, 0xe0, 0x98,
    0x27, 0xe9, 0x0, 0xf, 0xf0, 0x4, 0x1, 0x0,
    0x40,

    /* U+B79C "랜" */
    0x0, 0x40, 0x9f, 0xa4, 0x69, 0xfb, 0xe0, 0x98,
    0x27, 0xe9, 0x2, 0x48, 0x82, 0x0, 0x80, 0x3f,
    0xc0,

    /* U+B7A0 "랠" */
    0x2, 0x5e, 0x48, 0x49, 0x79, 0xe8, 0x25, 0x4,
    0xbe, 0x0, 0x0, 0x7f, 0xc0, 0x9, 0xff, 0x30,
    0x7, 0xfe,

    /* U+B7A8 "램" */
    0x2, 0x7c, 0x91, 0x24, 0x49, 0xf3, 0xe0, 0x9f,
    0xa4, 0x0, 0x0, 0x1f, 0xf6, 0x5, 0x81, 0x7f,
    0xc0,

    /* U+B7A9 "랩" */
    0x2, 0x7c, 0x91, 0x27, 0xcf, 0x82, 0x60, 0x9f,
    0xa4, 0x0, 0x60, 0x5f, 0xf6, 0x5, 0x81, 0x7f,
    0xc0,

    /* U+B7AB "랫" */
    0x0, 0x5e, 0x48, 0x49, 0x9, 0xef, 0x3d, 0x4,
    0xa0, 0x97, 0xd2, 0x4, 0x1, 0xc0, 0x6c, 0x30,
    0x60,

    /* U+B7AC "랬" */
    0x2, 0x5f, 0x48, 0x69, 0xd, 0x2f, 0xbd, 0x4,
    0xbe, 0x90, 0x0, 0x11, 0x86, 0x31, 0xaf, 0x67,
    0x30,

    /* U+B7AD "랭" */
    0x0, 0x7c, 0x91, 0x24, 0x49, 0xf3, 0xe0, 0x9f,
    0xa7, 0xc9, 0x1f, 0x8, 0x36, 0x4, 0x83, 0x1f,
    0x80,

    /* U+B7B4 "랴" */
    0x0, 0x80, 0x13, 0xe2, 0x4, 0x40, 0x8f, 0xf1,
    0x20, 0x24, 0x7, 0x80, 0xff, 0xd0, 0x2, 0x0,
    0x40, 0x8,

    /* U+B7B5 "략" */
    0x0, 0x9f, 0x10, 0x23, 0x84, 0x7f, 0x89, 0x1,
    0xff, 0xa0, 0x4, 0x0, 0xf, 0xf0, 0x2, 0x0,
    0x40, 0x8,

    /* U+B7B8 "랸" */
    0x0, 0x9f, 0x10, 0x23, 0x84, 0x7f, 0x89, 0x1,
    0x20, 0x3f, 0xf4, 0x0, 0x8c, 0x1, 0x80, 0x30,
    0x7, 0xfc,

    /* U+B7C7 "럇" */
    0x0, 0x9f, 0x10, 0x23, 0x84, 0x7f, 0x89, 0x1,
    0xe0, 0x3f, 0xf4, 0xc, 0x1, 0x80, 0xcc, 0x30,
    0xe0,

    /* U+B7C9 "량" */
    0x0, 0x9f, 0x10, 0x23, 0xfc, 0x4f, 0x89, 0x1,
    0xfe, 0x20, 0x0, 0x3e, 0xc, 0x31, 0x2, 0x30,
    0xc3, 0xf0,

    /* U+B7EC "러" */
    0x0, 0x40, 0x1f, 0x84, 0x21, 0x8, 0x7e, 0x78,
    0x6, 0x1, 0x80, 0x7f, 0x90, 0x4, 0x1, 0x0,
    0x40,

    /* U+B7ED "럭" */
    0x0, 0x7e, 0x10, 0x84, 0x27, 0xf9, 0xe0, 0x18,
    0x7, 0xf9, 0x0, 0xf, 0xf0, 0x4, 0x1, 0x0,
    0x40,

    /* U+B7F0 "런" */
    0x0, 0x5f, 0x8, 0x21, 0x4, 0xef, 0x9d, 0x0,
    0xa0, 0x17, 0xf2, 0x0, 0x4c, 0x1, 0x80, 0x30,
    0x7, 0xfe,

    /* U+B7F4 "럴" */
    0x0, 0x5f, 0x8, 0x21, 0x7c, 0xe8, 0x5, 0x0,
    0xbf, 0x80, 0x0, 0x7f, 0xc0, 0x9, 0xff, 0x30,
    0x7, 0xfe,

    /* U+B7FC "럼" */
    0x0, 0x7e, 0x10, 0x84, 0x27, 0xf9, 0xe0, 0x1f,
    0xe4, 0x0, 0x0, 0x1f, 0xf6, 0x5, 0x81, 0x7f,
    0xc0,

    /* U+B7FD "럽" */
    0x0, 0x7e, 0x10, 0x87, 0xe7, 0x80, 0x60, 0x1f,
    0xe4, 0x0, 0x60, 0x5f, 0xf6, 0x5, 0x81, 0x7f,
    0xc0,

    /* U+B7FF "럿" */
    0x0, 0x5f, 0x8, 0x21, 0x4, 0xef, 0x9d, 0x0,
    0xa0, 0x17, 0xf2, 0x6, 0x41, 0xc0, 0x3c, 0x1d,
    0xc6, 0xc,

    /* U+B800 "렀" */
    0x0, 0xbf, 0x20, 0xc8, 0x36, 0xfd, 0xa0, 0x2f,
    0xe8, 0x44, 0x11, 0xc, 0x46, 0xab, 0x39,

    /* U+B801 "렁" */
    0x0, 0x7e, 0x10, 0x84, 0x27, 0xf9, 0xe0, 0x1f,
    0xe4, 0x1, 0x1f, 0x18, 0x36, 0x5, 0x83, 0x1f,
    0x0,

    /* U+B807 "렇" */
    0x0, 0xfe, 0x30, 0x8f, 0xe7, 0x80, 0xe0, 0xbf,
    0xec, 0x18, 0x7f, 0xc0, 0x1, 0xf0, 0x82, 0x1f,
    0x0,

    /* U+B808 "레" */
    0x0, 0x40, 0x5f, 0x14, 0x45, 0x11, 0x7c, 0xd8,
    0x16, 0x5, 0x81, 0x7f, 0x50, 0x14, 0x5, 0x1,
    0x40,

    /* U+B809 "렉" */
    0x2, 0x7c, 0x91, 0x24, 0x59, 0xf6, 0x60, 0x98,
    0x27, 0xe9, 0x0, 0xf, 0xf0, 0x4, 0x1, 0x0,
    0x40,

    /* U+B80C "렌" */
    0x0, 0x7c, 0x91, 0x24, 0x49, 0xf6, 0x60, 0x98,
    0x27, 0xe9, 0x2, 0x48, 0x82, 0x0, 0x80, 0x3f,
    0xc0,

    /* U+B810 "렐" */
    0x2, 0x5e, 0x48, 0x49, 0x7b, 0x28, 0x25, 0x4,
    0xbe, 0x90, 0x0, 0x7f, 0xc0, 0x9, 0xff, 0x30,
    0x7, 0xfe,

    /* U+B818 "렘" */
    0x2, 0x7c, 0x91, 0x24, 0x59, 0xf6, 0x60, 0x9f,
    0xa4, 0x0, 0x0, 0x1f, 0xf6, 0x5, 0x81, 0x7f,
    0xc0,

    /* U+B819 "렙" */
    0x0, 0x7c, 0x91, 0x24, 0x59, 0xf6, 0x60, 0x9f,
    0xa4, 0x8, 0x60, 0x5f, 0xf6, 0x5, 0x81, 0x7f,
    0xc0,

    /* U+B81B "렛" */
    0x0, 0x5e, 0x48, 0x49, 0xb, 0x2f, 0x65, 0x4,
    0xa0, 0x97, 0xd2, 0x4, 0x1, 0xc0, 0xee, 0x30,
    0x60,

    /* U+B81D "렝" */
    0x0, 0x7c, 0x91, 0x24, 0x59, 0xf6, 0x60, 0x98,
    0x27, 0xe9, 0x0, 0x7, 0xe6, 0x5, 0x81, 0x1f,
    0x80,

    /* U+B824 "려" */
    0x0, 0x7e, 0x10, 0x84, 0x27, 0x8, 0x7e, 0x18,
    0x6, 0x7, 0x80, 0x7f, 0x90, 0x4, 0x1, 0x0,
    0x40,

    /* U+B825 "력" */
    0x0, 0x7e, 0x10, 0x9c, 0x21, 0xf8, 0x60, 0x78,
    0x7, 0xf9, 0x0, 0xf, 0xf0, 0x4, 0x1, 0x0,
    0x40,

    /* U+B828 "련" */
    0x0, 0x5f, 0x8, 0x27, 0x4, 0x2f, 0x85, 0x3,
    0xa0, 0x17, 0xf2, 0x0, 0x4c, 0x1, 0x80, 0x30,
    0x7, 0xfe,

    /* U+B82C "렬" */
    0x0, 0x5f, 0x8, 0x27, 0x7c, 0x28, 0x1d, 0x3,
    0xbf, 0x0, 0x0, 0x7f, 0xc0, 0x9, 0xff, 0x30,
    0x7, 0xfe,

    /* U+B834 "렴" */
    0x0, 0x7e, 0x10, 0x9c, 0x27, 0xf8, 0x60, 0x7f,
    0xe4, 0x0, 0x0, 0x1f, 0xf6, 0x5, 0x81, 0x7f,
    0xc0,

    /* U+B835 "렵" */
    0x0, 0x7e, 0x10, 0x9f, 0xe1, 0x81, 0xe0, 0x1f,
    0xe4, 0x0, 0x60, 0x5f, 0xf6, 0x5, 0x81, 0x7f,
    0xc0,

    /* U+B837 "렷" */
    0x0, 0x5f, 0x8, 0x27, 0x4, 0xef, 0x85, 0x3,
    0xa0, 0x17, 0xf2, 0x0, 0x40, 0xc0, 0x3c, 0x1c,
    0xe6, 0xc,

    /* U+B838 "렸" */
    0x0, 0xbf, 0x20, 0xf8, 0x32, 0xfc, 0xa0, 0xef,
    0xc8, 0x44, 0x11, 0xc, 0x46, 0xab, 0x39,

    /* U+B839 "령" */
    0x0, 0x7e, 0x10, 0x9f, 0xe1, 0xf8, 0x60, 0x7f,
    0xc4, 0x1, 0x1f, 0x18, 0x36, 0x5, 0x83, 0x1f,
    0x80,

    /* U+B840 "례" */
    0x0, 0x40, 0x5f, 0x14, 0x45, 0x17, 0x7c, 0x5f,
    0x16, 0x1d, 0x81, 0x7f, 0x50, 0x14, 0x5, 0x1,
    0x40,

    /* U+B844 "롄" */
    0x0, 0x7c, 0x91, 0xe4, 0x79, 0xf2, 0x63, 0x98,
    0x27, 0xe9, 0x2, 0x48, 0x82, 0x0, 0x80, 0x3f,
    0xc0,

    /* U+B851 "롑" */
    0x2, 0x7c, 0x91, 0xe4, 0x79, 0xf2, 0x63, 0x9f,
    0xa4, 0x0, 0x60, 0x5f, 0xf6, 0x5, 0x81, 0x7f,
    0xc0,

    /* U+B853 "롓" */
    0x0, 0x5e, 0x68, 0x5d, 0xb, 0xaf, 0x35, 0xe,
    0xa0, 0xd7, 0xda, 0x4, 0x40, 0x80, 0x28, 0x1c,
    0xe6, 0x4,

    /* U+B85C "로" */
    0x7f, 0xe0, 0x6, 0x0, 0x67, 0xfe, 0x60, 0x6,
    0x0, 0x7f, 0xe0, 0x60, 0x6, 0x0, 0x60, 0xff,
    0xf0,

    /* U+B85D "록" */
    0x7f, 0xe0, 0x6, 0x7f, 0xe6, 0x0, 0x7f, 0xe0,
    0x60, 0xff, 0xf0, 0x0, 0x7f, 0xe0, 0x6, 0x0,
    0x60, 0x6,

    /* U+B860 "론" */
    0x3f, 0xe0, 0x6, 0x3f, 0xe2, 0x0, 0x3f, 0xe0,
    0x60, 0x6, 0xf, 0xff, 0x0, 0x2, 0x0, 0x20,
    0x3, 0xfe,

    /* U+B864 "롤" */
    0x3f, 0xe3, 0xfe, 0x20, 0x3, 0xfe, 0x6, 0xf,
    0xff, 0x0, 0x3, 0xfe, 0x0, 0x63, 0xfe, 0x20,
    0x3, 0xfe,

    /* U+B86C "롬" */
    0x3f, 0xe0, 0x6, 0x3f, 0xe2, 0x0, 0x3f, 0xe0,
    0x60, 0xff, 0xf0, 0x0, 0x3f, 0xe2, 0x6, 0x20,
    0x63, 0xfe,

    /* U+B86D "롭" */
    0x3f, 0xe0, 0x6, 0x3f, 0xe2, 0x0, 0x3f, 0xe0,
    0x60, 0xff, 0xf0, 0x0, 0x20, 0x63, 0xfe, 0x20,
    0x63, 0xfe,

    /* U+B86F "롯" */
    0x3f, 0xe0, 0x6, 0x3f, 0xe2, 0x0, 0x3f, 0xe0,
    0x60, 0xff, 0xf0, 0x0, 0x6, 0x0, 0xf0, 0x39,
    0xc6, 0x6,

    /* U+B871 "롱" */
    0x7f, 0xe0, 0x6, 0x7f, 0xe6, 0x0, 0x7f, 0xe0,
    0x60, 0xff, 0xf0, 0x0, 0x1f, 0x86, 0x4, 0x60,
    0x41, 0xf8,

    /* U+B878 "롸" */
    0x0, 0x40, 0x4, 0x7e, 0x40, 0x24, 0x7e, 0x44,
    0x4, 0x40, 0x77, 0xe4, 0x18, 0x41, 0x84, 0xff,
    0x40, 0x4, 0x0, 0x40,

    /* U+B87C "롼" */
    0x0, 0x47, 0xe4, 0x2, 0x47, 0xe4, 0x40, 0x77,
    0xe4, 0x18, 0x41, 0x84, 0xff, 0x40, 0x4, 0x20,
    0x2, 0x0, 0x3f, 0xc0,

    /* U+B88D "뢍" */
    0x0, 0x47, 0xe4, 0x2, 0x47, 0xe4, 0x40, 0x77,
    0xe4, 0x18, 0x4f, 0x4, 0x0, 0x1, 0xf8, 0x20,
    0x42, 0x4, 0x1f, 0x80,

    /* U+B8A8 "뢨" */
    0x0, 0x27, 0xd2, 0xd, 0x27, 0xd2, 0x41, 0xe7,
    0xd2, 0x11, 0x2f, 0xd2, 0x10, 0xc1, 0xc, 0x19,
    0xc6, 0xf7, 0x42, 0x0,

    /* U+B8B0 "뢰" */
    0x0, 0x40, 0x17, 0xe4, 0x9, 0x7e, 0x50, 0x14,
    0x5, 0xf9, 0x8, 0x42, 0x1f, 0xf4, 0x1, 0x0,
    0x40,

    /* U+B8B4 "뢴" */
    0x0, 0x4f, 0xc8, 0x19, 0x3f, 0x24, 0x4, 0xfc,
    0x84, 0x10, 0x82, 0xff, 0x40, 0x0, 0x80, 0x10,
    0x3, 0xfe,

    /* U+B8B8 "뢸" */
    0x0, 0x4f, 0xc9, 0xf9, 0x20, 0x27, 0xe4, 0x20,
    0xbf, 0xd0, 0x0, 0x3f, 0xc0, 0x8, 0xff, 0x10,
    0x3, 0xfe,

    /* U+B8C0 "룀" */
    0x0, 0x5f, 0x90, 0x65, 0xf9, 0x40, 0x5f, 0x91,
    0x7, 0xfd, 0x0, 0xf, 0xf2, 0x4, 0x81, 0x3f,
    0xc0,

    /* U+B8C1 "룁" */
    0x0, 0x5f, 0x90, 0x65, 0xf9, 0x40, 0x5f, 0x91,
    0x7, 0xfc, 0x0, 0x8, 0x13, 0xfc, 0x81, 0x3f,
    0xc0,

    /* U+B8C3 "룃" */
    0x0, 0x4f, 0xc8, 0x19, 0x3f, 0x24, 0x4, 0xfc,
    0x84, 0x17, 0xfa, 0x6, 0x40, 0xc0, 0x3c, 0x3c,
    0xf4, 0x4,

    /* U+B8C5 "룅" */
    0x0, 0x5f, 0x90, 0x65, 0xf9, 0x40, 0x5f, 0x91,
    0x7, 0x8d, 0x0, 0x7, 0xe2, 0x4, 0x81, 0x1f,
    0x80,

    /* U+B8CC "료" */
    0x7f, 0xe0, 0x6, 0x0, 0x67, 0xfe, 0x60, 0x6,
    0x0, 0x7f, 0xe1, 0x88, 0x18, 0x81, 0x88, 0xff,
    0xf0,

    /* U+B8D0 "룐" */
    0x3f, 0xe0, 0x6, 0x3f, 0xe2, 0x0, 0x3f, 0xe1,
    0x98, 0x19, 0x8f, 0xff, 0x0, 0x2, 0x0, 0x20,
    0x3, 0xfe,

    /* U+B8D4 "룔" */
    0x3f, 0xe3, 0xfe, 0x20, 0x3, 0xfe, 0x19, 0x8f,
    0xff, 0x0, 0x3, 0xfe, 0x0, 0x63, 0xfe, 0x20,
    0x3, 0xfe,

    /* U+B8DD "룝" */
    0x3f, 0xe0, 0x6, 0x3f, 0xe2, 0x0, 0x3f, 0xe1,
    0x98, 0xff, 0xf0, 0x0, 0x20, 0x63, 0xfe, 0x20,
    0x63, 0xfe,

    /* U+B8DF "룟" */
    0x3f, 0xe0, 0x6, 0x3f, 0xe2, 0x0, 0x3f, 0xe1,
    0x98, 0xff, 0xf0, 0x0, 0x6, 0x0, 0xf0, 0x79,
    0xe6, 0x2,

    /* U+B8E1 "룡" */
    0x7f, 0xe0, 0x6, 0x7f, 0xe6, 0x0, 0x7f, 0xe1,
    0x98, 0xff, 0xf0, 0x0, 0x1f, 0x86, 0x4, 0x60,
    0x41, 0xf8,

    /* U+B8E8 "루" */
    0x7f, 0xe0, 0x6, 0x7f, 0xe6, 0x0, 0x60, 0x7,
    0xfe, 0x0, 0xf, 0xff, 0x6, 0x0, 0x60, 0x6,
    0x0, 0x60,

    /* U+B8E9 "룩" */
    0x7f, 0xe0, 0x6, 0x7f, 0xe6, 0x0, 0x7f, 0xe0,
    0x0, 0xff, 0xf0, 0x60, 0x6, 0x7, 0xfe, 0x0,
    0x60, 0x6,

    /* U+B8EC "룬" */
    0x3f, 0xe0, 0x6, 0x3f, 0xe2, 0x0, 0x3f, 0xe0,
    0x0, 0xff, 0xf0, 0x60, 0x6, 0x2, 0x0, 0x20,
    0x3, 0xfe,

    /* U+B8F0 "룰" */
    0x7f, 0xe7, 0xfe, 0x60, 0x7, 0xfe, 0x0, 0xf,
    0xff, 0x6, 0x7, 0xfe, 0x0, 0x67, 0xfe, 0x60,
    0x7, 0xfe,

    /* U+B8F8 "룸" */
    0x3f, 0xe0, 0x6, 0x3f, 0xe2, 0x0, 0x3f, 0xe0,
    0x0, 0xff, 0xf0, 0x60, 0x3f, 0xe2, 0x6, 0x20,
    0x63, 0xfe,

    /* U+B8F9 "룹" */
    0x3f, 0xe0, 0x6, 0x3f, 0xe2, 0x0, 0x3f, 0xe0,
    0x0, 0xff, 0xf0, 0x60, 0x20, 0x63, 0xfe, 0x20,
    0x63, 0xfe,

    /* U+B8FB "룻" */
    0x3f, 0xe0, 0x6, 0x3f, 0xe2, 0x0, 0x3f, 0xe0,
    0x0, 0xff, 0xf0, 0x60, 0x6, 0x0, 0x60, 0xf,
    0x7, 0xe,

    /* U+B8FD "룽" */
    0x7f, 0xe0, 0x6, 0x7f, 0xe6, 0x0, 0x7f, 0xe0,
    0x0, 0xff, 0xf0, 0x60, 0x3f, 0xc6, 0x4, 0x60,
    0x41, 0xf8,

    /* U+B904 "뤄" */
    0x0, 0x2f, 0xe4, 0xc, 0xbf, 0x96, 0x2, 0xfe,
    0x40, 0xf, 0xfd, 0x8, 0x21, 0x3c, 0x20, 0x84,
    0x10, 0x82,

    /* U+B918 "뤘" */
    0x0, 0x27, 0xf2, 0x3, 0x27, 0xc2, 0x7f, 0x20,
    0x3a, 0xfe, 0x20, 0xbe, 0x0, 0x1, 0x8c, 0x3d,
    0xe6, 0x73,

    /* U+B920 "뤠" */
    0x0, 0x2f, 0xa4, 0x34, 0xbe, 0x94, 0x12, 0xfa,
    0x40, 0x4f, 0xe9, 0x11, 0x22, 0xe4, 0x44, 0x88,
    0x90, 0x12,

    /* U+B93C "뤼" */
    0x0, 0x5f, 0x90, 0x25, 0xf9, 0x40, 0x50, 0x17,
    0xe4, 0x1, 0xff, 0x44, 0x11, 0x4, 0x41, 0x10,
    0x40,

    /* U+B93D "뤽" */
    0x0, 0x5f, 0x90, 0x65, 0xf9, 0x40, 0x5f, 0x90,
    0x7, 0xfd, 0x10, 0xf, 0xf0, 0x4, 0x1, 0x0,
    0x40,

    /* U+B940 "륀" */
    0x0, 0x4f, 0xc8, 0x9, 0x3f, 0x24, 0x4, 0xfc,
    0x80, 0x17, 0xfa, 0x8, 0x41, 0x9, 0x80, 0x30,
    0x7, 0xfe,

    /* U+B944 "륄" */
    0x0, 0x4f, 0xc9, 0xf9, 0x20, 0x27, 0xe4, 0x0,
    0xbf, 0xd0, 0x80, 0x7f, 0xc0, 0x9, 0xff, 0x30,
    0x7, 0xfe,

    /* U+B94C "륌" */
    0x0, 0x5f, 0x90, 0x65, 0xf9, 0x40, 0x5f, 0x90,
    0x7, 0xfd, 0x10, 0xf, 0xf2, 0x4, 0x81, 0x3f,
    0xc0,

    /* U+B94F "륏" */
    0x0, 0x4f, 0xc8, 0x19, 0x3f, 0x24, 0x4, 0xfc,
    0x80, 0x17, 0xfa, 0x16, 0x40, 0xc0, 0x3c, 0x38,
    0x70,

    /* U+B951 "륑" */
    0x0, 0x5f, 0x90, 0x65, 0xf9, 0x40, 0x5f, 0x90,
    0x7, 0xfd, 0x10, 0x7, 0xe2, 0x4, 0x81, 0x1f,
    0x80,

    /* U+B958 "류" */
    0x7f, 0xe0, 0x6, 0x7f, 0xe6, 0x0, 0x60, 0x7,
    0xfe, 0x0, 0xf, 0xff, 0x18, 0x81, 0x88, 0x18,
    0x81, 0x88,

    /* U+B959 "륙" */
    0x7f, 0xe0, 0x6, 0x7f, 0xe6, 0x0, 0x7f, 0xe0,
    0x0, 0xff, 0xf1, 0x98, 0x19, 0x87, 0xfe, 0x0,
    0x60, 0x6,

    /* U+B95C "륜" */
    0x7f, 0xe0, 0x6, 0x7f, 0xe6, 0x0, 0x7f, 0xe0,
    0x0, 0xff, 0xf0, 0xc8, 0xc, 0x86, 0x0, 0x60,
    0x7, 0xfe,

    /* U+B960 "률" */
    0x7f, 0xe7, 0xfe, 0x60, 0x7, 0xfe, 0x0, 0xf,
    0xff, 0x18, 0x87, 0xfe, 0x0, 0x67, 0xfe, 0x60,
    0x7, 0xfe,

    /* U+B968 "륨" */
    0x3f, 0xe0, 0x6, 0x3f, 0xe2, 0x0, 0x3f, 0xe0,
    0x0, 0xff, 0xf1, 0x98, 0x3f, 0xe2, 0x6, 0x20,
    0x63, 0xfe,

    /* U+B969 "륩" */
    0x3f, 0xe0, 0x6, 0x3f, 0xe2, 0x0, 0x3f, 0xe0,
    0x0, 0xff, 0xf1, 0x98, 0x20, 0x63, 0xfe, 0x20,
    0x63, 0xfe,

    /* U+B96B "륫" */
    0x3f, 0xe0, 0x6, 0x3f, 0xe2, 0x0, 0x3f, 0xe0,
    0x0, 0xff, 0xf3, 0xc, 0x36, 0xc0, 0x70, 0x1d,
    0x87, 0x6,

    /* U+B96D "륭" */
    0x7f, 0xe0, 0x6, 0x7f, 0xe6, 0x0, 0x7f, 0xe0,
    0x0, 0xff, 0xf1, 0x8, 0x1f, 0x86, 0x4, 0x60,
    0x41, 0xf8,

    /* U+B974 "르" */
    0x7f, 0xe0, 0x6, 0x0, 0x67, 0xfe, 0x60, 0x6,
    0x0, 0x7f, 0xe0, 0x0, 0x0, 0x0, 0x0, 0xff,
    0xf0,

    /* U+B975 "륵" */
    0x7f, 0xe0, 0x6, 0x7f, 0xe6, 0x0, 0x7f, 0xe0,
    0x0, 0xff, 0xf0, 0x0, 0x7f, 0xe0, 0x6, 0x0,
    0x60, 0x6,

    /* U+B978 "른" */
    0x3f, 0xe0, 0x6, 0x3f, 0xe2, 0x0, 0x3f, 0xe0,
    0x0, 0xff, 0xf0, 0x0, 0x0, 0x2, 0x0, 0x20,
    0x3, 0xfe,

    /* U+B97C "를" */
    0x7f, 0xe0, 0x6, 0x7f, 0xe6, 0x0, 0x1f, 0xcf,
    0xff, 0x0, 0x7, 0xfe, 0x0, 0x67, 0xfe, 0x60,
    0x7, 0xfe,

    /* U+B984 "름" */
    0x3f, 0xe0, 0x6, 0x3f, 0xe2, 0x0, 0x3f, 0xe0,
    0x0, 0xff, 0xf0, 0x0, 0x3f, 0xe2, 0x6, 0x20,
    0x63, 0xfe,

    /* U+B985 "릅" */
    0x3f, 0xe0, 0x6, 0x3f, 0xe2, 0x0, 0x3f, 0xe0,
    0x0, 0xff, 0xf0, 0x0, 0x20, 0x63, 0xfe, 0x20,
    0x63, 0xfe,

    /* U+B987 "릇" */
    0x3f, 0xe0, 0x6, 0x3f, 0xe2, 0x0, 0x3f, 0xe0,
    0x0, 0xff, 0xf0, 0x0, 0x6, 0x0, 0x70, 0x19,
    0xc6, 0x6,

    /* U+B989 "릉" */
    0x7f, 0xe0, 0x6, 0x7f, 0xe6, 0x0, 0x7f, 0xe0,
    0x0, 0xff, 0xf0, 0x0, 0x1f, 0x86, 0x4, 0x60,
    0x41, 0xf8,

    /* U+B98A "릊" */
    0x7f, 0xc0, 0x4, 0x7f, 0xc6, 0x0, 0x7f, 0xe0,
    0x0, 0xff, 0xf0, 0x0, 0x7f, 0xe0, 0x60, 0x1f,
    0x87, 0xe,

    /* U+B98D "릍" */
    0x7f, 0xe0, 0x6, 0x7f, 0xe6, 0x0, 0x1f, 0xef,
    0xff, 0x0, 0x7, 0xfe, 0x60, 0x7, 0xfe, 0x60,
    0x7, 0xfe,

    /* U+B98E "릎" */
    0x3f, 0xe0, 0x6, 0x3f, 0xe2, 0x0, 0x3f, 0xe0,
    0x0, 0xff, 0xf0, 0x0, 0x7f, 0xe1, 0x98, 0x19,
    0x87, 0xfe,

    /* U+B9AC "리" */
    0x0, 0x40, 0x1f, 0xc4, 0x31, 0xc, 0x7f, 0x1c,
    0x7, 0x1, 0xc0, 0x7f, 0xd0, 0x4, 0x1, 0x0,
    0x40,

    /* U+B9AD "릭" */
    0x0, 0xfc, 0x42, 0x21, 0x1f, 0x8c, 0x7, 0xfa,
    0x1, 0x0, 0x3f, 0xc0, 0x20, 0x10, 0x8,

    /* U+B9B0 "린" */
    0x0, 0xbe, 0x20, 0x88, 0x22, 0xf8, 0xa0, 0x28,
    0xb, 0xfa, 0x0, 0x98, 0x6, 0x1, 0x80, 0x7f,
    0xc0,

    /* U+B9B4 "릴" */
    0x0, 0x9f, 0x10, 0x22, 0x7c, 0x48, 0x9, 0x1,
    0x3f, 0x80, 0x0, 0x7f, 0x80, 0x11, 0xfe, 0x30,
    0x7, 0xfe,

    /* U+B9BC "림" */
    0x0, 0xfc, 0x42, 0x21, 0x1f, 0x8c, 0x7, 0xfa,
    0x0, 0x0, 0x3f, 0xd8, 0x2c, 0x17, 0xf8,

    /* U+B9BD "립" */
    0x0, 0xfc, 0x42, 0x21, 0x1f, 0x8c, 0x7, 0xfa,
    0x0, 0x60, 0xbf, 0xd8, 0x2c, 0x17, 0xf8,

    /* U+B9BF "릿" */
    0x0, 0xbe, 0x20, 0x88, 0x22, 0xf8, 0xa0, 0x28,
    0xb, 0xfa, 0xc, 0x3, 0x3, 0x31, 0x86,

    /* U+B9C1 "링" */
    0x0, 0xfc, 0x42, 0x21, 0x1f, 0x8c, 0x7, 0xfa,
    0x1, 0x0, 0x1f, 0x98, 0x2c, 0x13, 0xf0,

    /* U+B9C8 "마" */
    0x0, 0x80, 0x13, 0xf2, 0x42, 0x48, 0x49, 0x9,
    0xe1, 0x24, 0x24, 0x84, 0x9f, 0x90, 0x2, 0x0,
    0x40, 0x8,

    /* U+B9C9 "막" */
    0x0, 0x9f, 0x92, 0x12, 0x42, 0x48, 0x4f, 0x9,
    0x3f, 0x20, 0x0, 0x0, 0xf, 0xf0, 0x2, 0x0,
    0x40, 0x8,

    /* U+B9CC "만" */
    0x0, 0x80, 0x13, 0xf2, 0x42, 0x48, 0x4f, 0x9,
    0x3f, 0x20, 0x4, 0x0, 0x8c, 0x1, 0x80, 0x30,
    0x7, 0xfc,

    /* U+B9CE "많" */
    0x0, 0x9f, 0x92, 0x32, 0x46, 0x78, 0xc9, 0xf9,
    0x0, 0x0, 0x18, 0x4f, 0xc9, 0xf9, 0x1e, 0x22,
    0x47, 0x78,

    /* U+B9CF "맏" */
    0x0, 0x9f, 0x92, 0x12, 0x42, 0x78, 0x49, 0x9,
    0x3f, 0x20, 0x0, 0x7f, 0x8c, 0x1, 0x80, 0x30,
    0x7, 0xfc,

    /* U+B9D0 "말" */
    0x0, 0x9f, 0x92, 0x12, 0x42, 0x78, 0x49, 0xf9,
    0x0, 0x3, 0xfc, 0x0, 0x80, 0x11, 0xfe, 0x30,
    0x7, 0xfc,

    /* U+B9D1 "맑" */
    0x0, 0x9f, 0x92, 0x12, 0x42, 0x78, 0x49, 0xf9,
    0x0, 0x0, 0x0, 0x7b, 0x81, 0x11, 0xe2, 0x20,
    0x47, 0xc8,

    /* U+B9D2 "맒" */
    0x0, 0x9f, 0x12, 0x22, 0x44, 0x78, 0x89, 0xf1,
    0x0, 0x0, 0x0, 0xf7, 0x82, 0x93, 0xd2, 0x62,
    0x4f, 0x78,

    /* U+B9D8 "맘" */
    0x0, 0x9f, 0x92, 0x12, 0x42, 0x78, 0x49, 0x9,
    0x3f, 0x20, 0x0, 0x7f, 0x8c, 0x11, 0x82, 0x30,
    0x47, 0xf8,

    /* U+B9D9 "맙" */
    0x0, 0x9f, 0x92, 0x12, 0x42, 0x78, 0x49, 0x9,
    0x3f, 0x20, 0x0, 0x60, 0x8f, 0xf1, 0x82, 0x30,
    0x47, 0xf8,

    /* U+B9DB "맛" */
    0x0, 0x9f, 0x12, 0x22, 0x44, 0x48, 0x8f, 0x11,
    0x3e, 0x20, 0x4, 0xc, 0x1, 0x80, 0xdc, 0x30,
    0xe0,

    /* U+B9DD "망" */
    0x0, 0x9f, 0x92, 0x12, 0x42, 0x48, 0x4f, 0x9,
    0x3f, 0x20, 0x0, 0x3f, 0xc, 0x31, 0x82, 0x30,
    0xc3, 0xf0,

    /* U+B9DE "맞" */
    0x0, 0x9f, 0x92, 0x12, 0x42, 0x78, 0x49, 0x9,
    0x3f, 0x20, 0x0, 0x7f, 0x80, 0x80, 0x38, 0x38,
    0xe4, 0x0,

    /* U+B9E1 "맡" */
    0x0, 0x9f, 0x92, 0x12, 0x42, 0x78, 0x49, 0x9,
    0x3f, 0x20, 0x0, 0x7f, 0x8c, 0x1, 0xfe, 0x30,
    0x7, 0xfc,

    /* U+B9E3 "맣" */
    0x0, 0x9f, 0x92, 0x12, 0x42, 0x78, 0x49, 0xf9,
    0x0, 0x3, 0xfe, 0x0, 0x3, 0xe0, 0x82, 0x10,
    0x41, 0xf0,

    /* U+B9E4 "매" */
    0x0, 0x40, 0x9f, 0xa6, 0x29, 0x8a, 0x62, 0xf8,
    0xa6, 0x29, 0x8a, 0x7e, 0x90, 0x24, 0x9, 0x2,
    0x40,

    /* U+B9E5 "맥" */
    0x2, 0x40, 0x9f, 0xa6, 0x29, 0x8b, 0xe2, 0x9f,
    0xa4, 0x0, 0x0, 0xf, 0xf0, 0x4, 0x1, 0x0,
    0x40,

    /* U+B9E8 "맨" */
    0x0, 0x40, 0x9f, 0xa6, 0x69, 0x9b, 0xe6, 0x9f,
    0xa4, 0x9, 0x2, 0x48, 0x82, 0x0, 0x80, 0x3f,
    0xc0,

    /* U+B9EC "맬" */
    0x2, 0x5f, 0x4a, 0x29, 0x45, 0xe8, 0xa5, 0xf4,
    0x80, 0x0, 0x0, 0x3f, 0xc0, 0x8, 0xff, 0x18,
    0x3, 0xfe,

    /* U+B9F4 "맴" */
    0x2, 0x7e, 0x98, 0xa6, 0x29, 0x8b, 0xe2, 0x9f,
    0xa4, 0x0, 0x3f, 0xcc, 0x13, 0x4, 0xc1, 0x3f,
    0xc0,

    /* U+B9F5 "맵" */
    0x2, 0x7e, 0x98, 0xa6, 0x2f, 0x8a, 0x62, 0x9f,
    0xa4, 0x0, 0x30, 0x4f, 0xf3, 0x4, 0xc1, 0x3f,
    0xc0,

    /* U+B9F7 "맷" */
    0x0, 0x40, 0x4b, 0xe9, 0x45, 0x28, 0xbd, 0x14,
    0xbe, 0x90, 0x12, 0x4, 0x0, 0xc0, 0x66, 0x38,
    0x60,

    /* U+B9F8 "맸" */
    0x2, 0x5f, 0x4a, 0x29, 0x45, 0xe8, 0xa5, 0x14,
    0xbe, 0x90, 0x0, 0x11, 0x82, 0x30, 0xaf, 0x67,
    0x30, 0x0,

    /* U+B9F9 "맹" */
    0x0, 0x40, 0x9f, 0xa6, 0x29, 0x8b, 0xe2, 0x9f,
    0xa4, 0x8, 0x1f, 0x8c, 0x36, 0x4, 0xc3, 0x1f,
    0x80,

    /* U+B9FA "맺" */
    0x2, 0x5f, 0x4a, 0x29, 0x45, 0x28, 0xbd, 0x14,
    0xbe, 0x90, 0x0, 0x3f, 0xc0, 0xc0, 0x3c, 0x3c,
    0xf4, 0x0,

    /* U+BA00 "먀" */
    0x0, 0x80, 0x13, 0xf2, 0x42, 0x48, 0x4f, 0x9,
    0x21, 0x24, 0x27, 0x84, 0xff, 0x90, 0x2, 0x0,
    0x40, 0x8,

    /* U+BA01 "먁" */
    0x0, 0x9f, 0x92, 0x13, 0xc2, 0x48, 0x49, 0x9,
    0xff, 0x20, 0x0, 0x0, 0xf, 0xf0, 0x2, 0x0,
    0x40, 0x8,

    /* U+BA08 "먈" */
    0x0, 0x9f, 0x92, 0x13, 0xc2, 0x48, 0x4f, 0xf9,
    0x0, 0x3, 0xfc, 0x0, 0x80, 0x11, 0xfe, 0x30,
    0x7, 0xfc,

    /* U+BA15 "먕" */
    0x0, 0x9f, 0x92, 0x13, 0xc2, 0x48, 0x49, 0x9,
    0xff, 0x20, 0x0, 0x3f, 0xc, 0x31, 0x82, 0x30,
    0xc3, 0xf0,

    /* U+BA38 "머" */
    0x0, 0x40, 0x1f, 0x86, 0x21, 0x88, 0x63, 0xf8,
    0x86, 0x21, 0x88, 0x7e, 0x10, 0x4, 0x1, 0x0,
    0x40,

    /* U+BA39 "먹" */
    0x0, 0x7e, 0x18, 0x86, 0x21, 0x8f, 0xe2, 0x1f,
    0x84, 0x0, 0x0, 0xf, 0xf0, 0x4, 0x1, 0x0,
    0x40,

    /* U+BA3C "먼" */
    0x0, 0x40, 0xb, 0xe1, 0x44, 0x28, 0xfd, 0x10,
    0xbe, 0x10, 0x2, 0x0, 0x4c, 0x1, 0x80, 0x30,
    0x7, 0xfe,

    /* U+BA40 "멀" */
    0x0, 0x5f, 0x8a, 0x11, 0x43, 0xe8, 0x45, 0xf8,
    0x80, 0x0, 0x0, 0x7f, 0xc0, 0x9, 0xff, 0x30,
    0x7, 0xfe,

    /* U+BA42 "멂" */
    0x0, 0x7f, 0x18, 0x46, 0x1f, 0x84, 0x7f, 0x10,
    0x0, 0x0, 0x7b, 0xc2, 0x97, 0xa5, 0x9, 0x7b,
    0xc0,

    /* U+BA48 "멈" */
    0x0, 0x7e, 0x18, 0x86, 0x3f, 0x88, 0x62, 0x1f,
    0x84, 0x0, 0x7f, 0xd8, 0x16, 0x5, 0x81, 0x7f,
    0xc0,

    /* U+BA49 "멉" */
    0x0, 0x7e, 0x18, 0x86, 0x3f, 0x88, 0x62, 0x1f,
    0x84, 0x0, 0x60, 0x5f, 0xf6, 0x5, 0x81, 0x7f,
    0xc0,

    /* U+BA4B "멋" */
    0x0, 0x5f, 0xa, 0x21, 0x44, 0x28, 0xfd, 0x10,
    0xbe, 0x10, 0x2, 0xc, 0x1, 0xc0, 0xce, 0x30,
    0x60,

    /* U+BA4D "멍" */
    0x0, 0x7e, 0x18, 0x86, 0x21, 0x8f, 0xe2, 0x17,
    0x4, 0x0, 0x1f, 0x18, 0x34, 0x5, 0x83, 0x3f,
    0x80,

    /* U+BA4E "멎" */
    0x0, 0x5f, 0xa, 0x21, 0x47, 0xe8, 0x85, 0x10,
    0xbe, 0x10, 0x0, 0x7f, 0xc1, 0x80, 0x78, 0x39,
    0xe4, 0x4,

    /* U+BA53 "멓" */
    0x0, 0xff, 0x38, 0x4e, 0x1f, 0x84, 0xff, 0x30,
    0x1, 0xff, 0x0, 0x7, 0xc2, 0x8, 0x82, 0x1f,
    0x0,

    /* U+BA54 "메" */
    0x0, 0x40, 0x5f, 0x96, 0x25, 0x89, 0x63, 0xd8,
    0x96, 0x25, 0x89, 0x7e, 0x50, 0x14, 0x5, 0x1,
    0x40,

    /* U+BA55 "멕" */
    0x2, 0x7e, 0x98, 0xa6, 0x29, 0x8e, 0x62, 0x9f,
    0xa4, 0x0, 0x0, 0xf, 0xf0, 0x4, 0x1, 0x0,
    0x40,

    /* U+BA58 "멘" */
    0x0, 0x40, 0x9f, 0xa6, 0x69, 0x9e, 0x66, 0x9f,
    0xa4, 0x9, 0x2, 0x48, 0x82, 0x0, 0x80, 0x3f,
    0xc0,

    /* U+BA5C "멜" */
    0x0, 0x5f, 0x4a, 0x29, 0x47, 0x28, 0xa5, 0xf4,
    0x80, 0x80, 0x0, 0x3f, 0xc0, 0x8, 0xff, 0x18,
    0x3, 0xfe,

    /* U+BA64 "멤" */
    0x0, 0x7e, 0x98, 0xa6, 0x29, 0x8e, 0x62, 0x9f,
    0xa4, 0x8, 0x3f, 0xcc, 0x13, 0x4, 0xc1, 0x3f,
    0xc0,

    /* U+BA65 "멥" */
    0x0, 0x7e, 0x98, 0xa6, 0x39, 0x8a, 0x62, 0x9f,
    0xa4, 0x0, 0x30, 0x4f, 0xf3, 0x4, 0xc1, 0x3f,
    0xc0,

    /* U+BA67 "멧" */
    0x0, 0x40, 0x4b, 0xe9, 0x45, 0x28, 0xe5, 0x14,
    0xbe, 0x90, 0x12, 0x4, 0x0, 0xc0, 0x6c, 0x30,
    0x60,

    /* U+BA68 "멨" */
    0x2, 0x5f, 0x4a, 0x29, 0x45, 0x28, 0xe5, 0x14,
    0xbe, 0x90, 0x0, 0x11, 0x82, 0x70, 0xab, 0x67,
    0x30,

    /* U+BA69 "멩" */
    0x0, 0x40, 0x9f, 0xa6, 0x29, 0x8e, 0x62, 0x9f,
    0xa4, 0x9, 0x1f, 0x8c, 0x36, 0x4, 0xc3, 0x1f,
    0x80,

    /* U+BA70 "며" */
    0x0, 0x7e, 0x18, 0x86, 0x3f, 0x88, 0x62, 0x18,
    0x86, 0x3f, 0x88, 0x7e, 0x10, 0x4, 0x1, 0x0,
    0x40,

    /* U+BA71 "멱" */
    0x0, 0x7e, 0x18, 0xfe, 0x21, 0x88, 0x63, 0xff,
    0x84, 0x0, 0x0, 0xf, 0xf0, 0x4, 0x1, 0x0,
    0x40,

    /* U+BA74 "면" */
    0x0, 0x5f, 0xb, 0xe1, 0x47, 0xe8, 0x85, 0x1f,
    0xbe, 0x10, 0x2, 0x0, 0x4c, 0x1, 0x80, 0x30,
    0x7, 0xfe,

    /* U+BA78 "멸" */
    0x0, 0x5f, 0x8a, 0x1f, 0x42, 0x28, 0x7d, 0xf8,
    0x80, 0x0, 0x0, 0x7f, 0xc0, 0x9, 0xff, 0x30,
    0x7, 0xfe,

    /* U+BA83 "몃" */
    0x0, 0x5f, 0xa, 0x3f, 0x44, 0x28, 0x85, 0x1f,
    0xbe, 0x10, 0x2, 0xc, 0x1, 0xc0, 0xce, 0x30,
    0x60,

    /* U+BA84 "몄" */
    0x0, 0x9f, 0x92, 0x3e, 0x46, 0x48, 0xc9, 0x1f,
    0x3f, 0x20, 0x88, 0x11, 0x2, 0x20, 0xaa, 0x67,
    0x60,

    /* U+BA85 "명" */
    0x0, 0x7e, 0x18, 0xfe, 0x21, 0x88, 0x63, 0xff,
    0x84, 0x0, 0x1f, 0x18, 0x34, 0x5, 0x83, 0x3f,
    0x80,

    /* U+BA87 "몇" */
    0x0, 0x5f, 0x8a, 0x1f, 0x42, 0x28, 0x45, 0xf,
    0xbf, 0x10, 0x30, 0x7f, 0xc0, 0xc0, 0x3c, 0x3c,
    0xf0, 0x0,

    /* U+BA8C "몌" */
    0x0, 0x40, 0x5f, 0x96, 0x25, 0x8f, 0x62, 0x58,
    0x96, 0x3d, 0x89, 0x7e, 0x50, 0x14, 0x5, 0x1,
    0x40,

    /* U+BAA8 "모" */
    0x7f, 0xe6, 0x6, 0x60, 0x66, 0x6, 0x60, 0x67,
    0xfe, 0x6, 0x0, 0x60, 0x6, 0xf, 0xff,

    /* U+BAA9 "목" */
    0x7f, 0xe6, 0x6, 0x60, 0x67, 0xfe, 0x6, 0x0,
    0x60, 0xff, 0xf0, 0x0, 0x7f, 0xe0, 0x6, 0x0,
    0x60, 0x6,

    /* U+BAAB "몫" */
    0x3f, 0xe2, 0x6, 0x20, 0x63, 0xfe, 0x2, 0x0,
    0x20, 0xff, 0xf0, 0x0, 0x3c, 0x80, 0xcc, 0xd,
    0xc0, 0xf2,

    /* U+BAAC "몬" */
    0x3f, 0xc2, 0x4, 0x20, 0x43, 0xfc, 0x6, 0x0,
    0x60, 0xff, 0xf0, 0x0, 0x0, 0x2, 0x0, 0x20,
    0x3, 0xfc,

    /* U+BAB0 "몰" */
    0x3f, 0xe2, 0x6, 0x20, 0x63, 0xfe, 0x6, 0xf,
    0xff, 0x0, 0x3, 0xfe, 0x0, 0x63, 0xfe, 0x20,
    0x3, 0xfe,

    /* U+BAB2 "몲" */
    0x3f, 0xc2, 0x4, 0x20, 0x43, 0xfc, 0x6, 0xf,
    0xff, 0x0, 0x7, 0xfe, 0xf, 0x67, 0xf6, 0x63,
    0x67, 0xfe,

    /* U+BAB8 "몸" */
    0x7f, 0xe6, 0x6, 0x60, 0x67, 0xfe, 0x6, 0x0,
    0x60, 0xff, 0xf0, 0x0, 0x7f, 0xe6, 0x6, 0x60,
    0x67, 0xfe,

    /* U+BAB9 "몹" */
    0x7f, 0xe6, 0x6, 0x60, 0x67, 0xfe, 0x6, 0xf,
    0xff, 0x0, 0x6, 0x6, 0x7f, 0xe6, 0x6, 0x60,
    0x67, 0xfe,

    /* U+BABB "못" */
    0x3f, 0xc2, 0x4, 0x20, 0x43, 0xfc, 0x6, 0x0,
    0x60, 0xff, 0xf0, 0x0, 0x6, 0x0, 0x60, 0x1b,
    0x87, 0xe,

    /* U+BABD "몽" */
    0x7f, 0xe6, 0x6, 0x60, 0x67, 0xfe, 0x6, 0x0,
    0x60, 0xff, 0xf0, 0x0, 0x1f, 0x86, 0x4, 0x60,
    0x41, 0xf8,

    /* U+BAC4 "뫄" */
    0x0, 0x40, 0x4, 0x7e, 0x44, 0x24, 0x42, 0x44,
    0x24, 0x7e, 0x71, 0x84, 0x18, 0x4f, 0xf4, 0x0,
    0x40, 0x4, 0x0, 0x40,

    /* U+BAC8 "뫈" */
    0x0, 0x47, 0xe4, 0x42, 0x44, 0x24, 0x42, 0x47,
    0xe7, 0x18, 0x4f, 0xf4, 0x0, 0x40, 0x0, 0x20,
    0x2, 0x0, 0x3f, 0xc0,

    /* U+BAD8 "뫘" */
    0x0, 0x47, 0xe4, 0x42, 0x44, 0x24, 0x7e, 0x71,
    0x84, 0x18, 0x4f, 0xf8, 0x10, 0x83, 0x9c, 0x6f,
    0x64, 0x62,

    /* U+BAD9 "뫙" */
    0x0, 0x47, 0xe4, 0x42, 0x44, 0x24, 0x7e, 0x71,
    0x84, 0x18, 0x4f, 0xf4, 0x0, 0x1, 0xf8, 0x20,
    0x42, 0x4, 0x1f, 0x80,

    /* U+BAFC "뫼" */
    0x0, 0x40, 0x17, 0xe5, 0x9, 0x42, 0x50, 0x97,
    0xe4, 0x21, 0x8, 0x7f, 0xd0, 0x4, 0x1, 0x0,
    0x40,

    /* U+BB00 "묀" */
    0x0, 0x4f, 0xc9, 0x9, 0x21, 0x24, 0x24, 0xfc,
    0x84, 0x17, 0xfa, 0x0, 0x40, 0x0, 0x80, 0x10,
    0x3, 0xfe,

    /* U+BB04 "묄" */
    0x0, 0x4f, 0xc9, 0x9, 0x21, 0x27, 0xe4, 0x20,
    0xbf, 0xd0, 0x0, 0x3f, 0xc0, 0x8, 0xff, 0x10,
    0x3, 0xfe,

    /* U+BB0D "묍" */
    0x0, 0x5f, 0x94, 0x25, 0x9, 0x7e, 0x44, 0x1f,
    0xf4, 0x0, 0x20, 0x48, 0x13, 0xfc, 0x81, 0x3f,
    0xc0,

    /* U+BB0F "묏" */
    0x0, 0x4f, 0x89, 0x11, 0x22, 0x27, 0xc4, 0x20,
    0x84, 0x17, 0xfa, 0x4, 0x40, 0x80, 0x28, 0x38,
    0xf4, 0x0,

    /* U+BB11 "묑" */
    0x0, 0x5f, 0x94, 0x25, 0x9, 0x7e, 0x44, 0x11,
    0x7, 0xfd, 0x0, 0x7, 0xe2, 0x4, 0x81, 0x1f,
    0x80,

    /* U+BB18 "묘" */
    0x7f, 0xe6, 0x6, 0x60, 0x66, 0x6, 0x60, 0x67,
    0xfe, 0x19, 0x81, 0x98, 0x19, 0x81, 0x98, 0xff,
    0xf0,

    /* U+BB1C "묜" */
    0x3f, 0xc2, 0x4, 0x20, 0x43, 0xfc, 0x19, 0x81,
    0x98, 0xff, 0xf0, 0x0, 0x0, 0x2, 0x0, 0x20,
    0x3, 0xfc,

    /* U+BB20 "묠" */
    0x3f, 0xe2, 0x6, 0x20, 0x63, 0xfe, 0x19, 0x8f,
    0xff, 0x0, 0x3, 0xfe, 0x0, 0x63, 0xfe, 0x20,
    0x3, 0xfe,

    /* U+BB29 "묩" */
    0x7f, 0xe6, 0x6, 0x60, 0x67, 0xfe, 0x19, 0x8f,
    0xff, 0x0, 0x6, 0x6, 0x7f, 0xe6, 0x6, 0x60,
    0x67, 0xfe,

    /* U+BB2B "묫" */
    0x3f, 0xe2, 0x6, 0x20, 0x63, 0xfe, 0x18, 0x81,
    0x88, 0xff, 0xf0, 0x0, 0x6, 0x0, 0x70, 0x1d,
    0x87, 0xe,

    /* U+BB34 "무" */
    0x7f, 0xe6, 0x6, 0x60, 0x66, 0x6, 0x7f, 0xe0,
    0x0, 0x0, 0xf, 0xff, 0x6, 0x0, 0x60, 0x6,
    0x0, 0x60,

    /* U+BB35 "묵" */
    0x3f, 0xc2, 0x4, 0x20, 0x43, 0xfc, 0x0, 0xf,
    0xff, 0x6, 0x0, 0x60, 0x3f, 0xc0, 0x4, 0x0,
    0x40, 0x4,

    /* U+BB36 "묶" */
    0x3f, 0xe3, 0x6, 0x30, 0x63, 0xfe, 0x0, 0xf,
    0xff, 0x2, 0x0, 0x20, 0x3d, 0xe0, 0x46, 0x4,
    0x60, 0x46,

    /* U+BB38 "문" */
    0x3f, 0xc2, 0x4, 0x20, 0x43, 0xfc, 0x0, 0x0,
    0x0, 0xff, 0xf0, 0x60, 0x6, 0x2, 0x0, 0x20,
    0x3, 0xfc,

    /* U+BB3B "묻" */
    0x3f, 0xc2, 0x4, 0x20, 0x43, 0xfc, 0x0, 0xf,
    0xff, 0x6, 0x0, 0x60, 0x3f, 0xc2, 0x0, 0x20,
    0x3, 0xfc,

    /* U+BB3C "물" */
    0x3f, 0xe2, 0x6, 0x20, 0x63, 0xfe, 0x0, 0xf,
    0xff, 0x6, 0x3, 0xfe, 0x0, 0x63, 0xfe, 0x20,
    0x3, 0xfe,

    /* U+BB3D "묽" */
    0x3f, 0xe2, 0x6, 0x20, 0x63, 0xfe, 0x0, 0xf,
    0xff, 0x2, 0x7, 0xde, 0xc, 0x67, 0xc6, 0x60,
    0x67, 0xe6,

    /* U+BB3E "묾" */
    0x3f, 0xc2, 0x4, 0x20, 0x43, 0xfc, 0x0, 0xf,
    0xff, 0x6, 0x7, 0xfe, 0xf, 0x67, 0xf6, 0x63,
    0x67, 0xfe,

    /* U+BB44 "뭄" */
    0x3f, 0xc2, 0x4, 0x20, 0x43, 0xfc, 0x0, 0xf,
    0xff, 0x6, 0x0, 0x60, 0x3f, 0xc2, 0x4, 0x20,
    0x43, 0xfc,

    /* U+BB45 "뭅" */
    0x7f, 0xc6, 0x4, 0x60, 0x47, 0xfc, 0x0, 0xf,
    0xff, 0x6, 0x6, 0x4, 0x60, 0x47, 0xfc, 0x60,
    0x47, 0xfc,

    /* U+BB47 "뭇" */
    0x3f, 0xc2, 0x4, 0x20, 0x43, 0xfc, 0x0, 0xf,
    0xff, 0x6, 0x0, 0x0, 0x6, 0x0, 0xe0, 0x39,
    0xc6, 0x6,

    /* U+BB49 "뭉" */
    0x3f, 0xc2, 0x4, 0x20, 0x43, 0xfc, 0x0, 0xf,
    0xff, 0x6, 0x0, 0x60, 0x1f, 0x82, 0x4, 0x20,
    0x41, 0xf8,

    /* U+BB4D "뭍" */
    0x3f, 0xe2, 0x6, 0x20, 0x63, 0xfe, 0x0, 0xf,
    0xff, 0x6, 0x3, 0xfe, 0x20, 0x3, 0xfe, 0x20,
    0x3, 0xfe,

    /* U+BB4F "뭏" */
    0x3f, 0xc2, 0x4, 0x3f, 0xc0, 0x0, 0xff, 0xf0,
    0x60, 0x0, 0x7, 0xfe, 0x7f, 0xe1, 0xf8, 0x20,
    0x41, 0xf8,

    /* U+BB50 "뭐" */
    0x0, 0x5f, 0x94, 0x25, 0x9, 0x42, 0x5f, 0x90,
    0x7, 0xfd, 0x18, 0x46, 0xf1, 0x84, 0x61, 0x18,
    0x40,

    /* U+BB54 "뭔" */
    0x0, 0x4f, 0xc9, 0x9, 0x21, 0x27, 0xe4, 0x0,
    0xbf, 0xd0, 0x82, 0x13, 0xce, 0x1, 0x80, 0x30,
    0x7, 0xfe,

    /* U+BB58 "뭘" */
    0x0, 0x4f, 0xc9, 0x9, 0x3f, 0x20, 0x5, 0xfe,
    0x86, 0x70, 0x0, 0x3f, 0xc0, 0x8, 0xff, 0x10,
    0x3, 0xfe,

    /* U+BB61 "뭡" */
    0x0, 0x5f, 0x94, 0x25, 0xf9, 0x0, 0x7f, 0xdf,
    0xc4, 0x67, 0x0, 0x8, 0x13, 0xfc, 0x81, 0x3f,
    0xc0,

    /* U+BB63 "뭣" */
    0x0, 0x4f, 0xc9, 0x9, 0x3f, 0x20, 0x5, 0xfe,
    0xbe, 0x10, 0xde, 0x18, 0x40, 0x40, 0x14, 0x3c,
    0x70,

    /* U+BB6C "뭬" */
    0x0, 0x2f, 0x95, 0x12, 0xa2, 0x54, 0x4a, 0xf9,
    0x40, 0x2f, 0xf5, 0x10, 0xa2, 0x74, 0x42, 0x88,
    0x50, 0xa,

    /* U+BB88 "뮈" */
    0x0, 0x5f, 0x94, 0x25, 0x9, 0x42, 0x5f, 0x90,
    0x7, 0xfd, 0x10, 0x44, 0x11, 0x4, 0x41, 0x10,
    0x40,

    /* U+BB8C "뮌" */
    0x0, 0x4f, 0xc9, 0x9, 0x21, 0x27, 0xe4, 0x0,
    0x80, 0x57, 0xfa, 0x10, 0x42, 0x1, 0x80, 0x30,
    0x7, 0xfe,

    /* U+BB90 "뮐" */
    0x0, 0x4f, 0x89, 0x11, 0x3e, 0x20, 0x5, 0xfe,
    0x84, 0x10, 0x80, 0x3f, 0xc0, 0x8, 0xff, 0x10,
    0x3, 0xfe,

    /* U+BBA4 "뮤" */
    0x7f, 0xe6, 0x6, 0x60, 0x66, 0x6, 0x7f, 0xe0,
    0x0, 0x0, 0xf, 0xff, 0x10, 0x81, 0x8, 0x10,
    0x81, 0x8,

    /* U+BBA8 "뮨" */
    0x3f, 0xe2, 0x6, 0x20, 0x63, 0xfe, 0x0, 0x0,
    0x0, 0xff, 0xf0, 0xc8, 0xc, 0x82, 0x0, 0x20,
    0x3, 0xfe,

    /* U+BBAC "뮬" */
    0x3f, 0xe2, 0x6, 0x20, 0x63, 0xfe, 0x0, 0xf,
    0xff, 0x18, 0x83, 0xfe, 0x0, 0x63, 0xfe, 0x20,
    0x3, 0xfe,

    /* U+BBB4 "뮴" */
    0x3f, 0xc2, 0x4, 0x20, 0x43, 0xfc, 0x0, 0xf,
    0xff, 0x19, 0x81, 0x98, 0x3f, 0xc2, 0x4, 0x20,
    0x43, 0xfc,

    /* U+BBB7 "뮷" */
    0x3f, 0xc2, 0x4, 0x20, 0x43, 0xfc, 0x0, 0xf,
    0xff, 0x10, 0xc1, 0x6c, 0x6, 0x0, 0xf0, 0x79,
    0xe4, 0x2,

    /* U+BBC0 "므" */
    0x7f, 0xe6, 0x6, 0x60, 0x66, 0x6, 0x60, 0x67,
    0xfe, 0x0, 0x0, 0x0, 0xff, 0xf0,

    /* U+BBC4 "믄" */
    0x3f, 0xc2, 0x4, 0x20, 0x42, 0x4, 0x3f, 0xc0,
    0x0, 0xff, 0xf0, 0x0, 0x20, 0x2, 0x0, 0x20,
    0x3, 0xfc,

    /* U+BBC8 "믈" */
    0x3f, 0xe2, 0x6, 0x20, 0x63, 0xfe, 0x0, 0xf,
    0xff, 0x0, 0x3, 0xfe, 0x0, 0x63, 0xfe, 0x20,
    0x3, 0xfe,

    /* U+BBD0 "믐" */
    0x7f, 0xe6, 0x6, 0x60, 0x67, 0xfe, 0x0, 0xf,
    0xff, 0x0, 0x0, 0x0, 0x7f, 0xe6, 0x6, 0x60,
    0x67, 0xfe,

    /* U+BBD3 "믓" */
    0x3f, 0xc2, 0x4, 0x20, 0x43, 0xfc, 0x0, 0x0,
    0x0, 0xff, 0xf0, 0x0, 0x6, 0x0, 0x60, 0xf,
    0x7, 0xe,

    /* U+BBF8 "미" */
    0x0, 0x80, 0x7f, 0x30, 0x98, 0x4c, 0x26, 0x13,
    0x9, 0x84, 0xfe, 0x40, 0x20, 0x10, 0x8,

    /* U+BBF9 "믹" */
    0x0, 0xfe, 0x61, 0x30, 0x98, 0x4c, 0x27, 0xf2,
    0x0, 0x0, 0x3f, 0xc0, 0x20, 0x10, 0x8,

    /* U+BBFC "민" */
    0x0, 0x80, 0x2f, 0xca, 0x12, 0x84, 0xa1, 0x2f,
    0xc8, 0x2, 0x0, 0x98, 0x6, 0x1, 0x80, 0x7f,
    0xc0,

    /* U+BBFF "믿" */
    0x0, 0xbf, 0x28, 0x4a, 0x12, 0x84, 0xa1, 0x2f,
    0xc8, 0x0, 0x7f, 0x98, 0x6, 0x1, 0x80, 0x7f,
    0xc0,

    /* U+BC00 "밀" */
    0x0, 0xbf, 0x28, 0x4a, 0x12, 0x84, 0xbf, 0x20,
    0x0, 0x0, 0x7f, 0x80, 0x27, 0xf9, 0x80, 0x7f,
    0xc0,

    /* U+BC02 "밂" */
    0x0, 0xfe, 0x61, 0x30, 0x98, 0x4f, 0xe4, 0x0,
    0x0, 0x7b, 0x85, 0x5e, 0xa8, 0x57, 0xb8,

    /* U+BC08 "밈" */
    0x0, 0xfe, 0x61, 0x30, 0x98, 0x4c, 0x27, 0xf2,
    0x0, 0x7f, 0xb0, 0x58, 0x2c, 0x17, 0xf8,

    /* U+BC09 "밉" */
    0x0, 0xfe, 0x61, 0x30, 0x98, 0x4c, 0x27, 0xf2,
    0x0, 0x60, 0xbf, 0xd8, 0x2c, 0x17, 0xf8,

    /* U+BC0B "밋" */
    0x0, 0x80, 0x2f, 0xca, 0x12, 0x84, 0xa1, 0x2f,
    0xc8, 0x2, 0x4, 0x3, 0x81, 0xb1, 0x86,

    /* U+BC0C "밌" */
    0x0, 0xbf, 0x28, 0x4a, 0x12, 0x84, 0xa1, 0x2f,
    0xc8, 0xc4, 0x31, 0xc, 0x47, 0xab, 0x3b,

    /* U+BC0D "밍" */
    0x0, 0xfe, 0x61, 0x30, 0x98, 0x4c, 0x27, 0xf2,
    0x0, 0x3f, 0x30, 0xd8, 0x2c, 0x33, 0xf0,

    /* U+BC0F "및" */
    0x0, 0xbf, 0x28, 0x4a, 0x12, 0x84, 0xbf, 0x20,
    0x8, 0x10, 0x7f, 0x81, 0x80, 0xe1, 0xe7, 0x0,
    0x0,

    /* U+BC11 "밑" */
    0x0, 0xbf, 0x28, 0x4a, 0x12, 0x84, 0xbf, 0x20,
    0x0, 0x0, 0x7f, 0x98, 0x7, 0xf9, 0x80, 0x7f,
    0xc0,

    /* U+BC14 "바" */
    0x0, 0x90, 0x92, 0x12, 0x42, 0x4f, 0xc9, 0x9,
    0xe1, 0x24, 0x24, 0x84, 0x9f, 0x90, 0x2, 0x0,
    0x40, 0x8,

    /* U+BC15 "박" */
    0x0, 0x90, 0x92, 0x12, 0x7e, 0x48, 0x4f, 0x9,
    0x3f, 0x20, 0x0, 0x0, 0xf, 0xf0, 0x2, 0x0,
    0x40, 0x8,

    /* U+BC16 "밖" */
    0x0, 0x90, 0x92, 0x12, 0x7e, 0x4f, 0xcf, 0x9,
    0x3f, 0x20, 0x0, 0x0, 0xf, 0x70, 0x22, 0x4,
    0x40, 0x88,

    /* U+BC17 "밗" */
    0x0, 0x91, 0x92, 0x32, 0x7e, 0x4f, 0xcf, 0x19,
    0x3f, 0x20, 0x0, 0xf1, 0x2, 0x20, 0x4e, 0xb,
    0x61, 0x44,

    /* U+BC18 "반" */
    0x0, 0x80, 0x12, 0x12, 0x7e, 0x48, 0x4f, 0x9,
    0x21, 0x27, 0xe4, 0x0, 0x8c, 0x1, 0x80, 0x30,
    0x7, 0xfc,

    /* U+BC1B "받" */
    0x0, 0x90, 0x92, 0x12, 0x7e, 0x78, 0x49, 0x9,
    0x3f, 0x20, 0x0, 0x0, 0xf, 0xf1, 0x80, 0x30,
    0x7, 0xfc,

    /* U+BC1C "발" */
    0x0, 0x90, 0x92, 0x12, 0x7e, 0x78, 0x49, 0xf9,
    0x0, 0x0, 0x0, 0x7f, 0x80, 0x11, 0xfe, 0x30,
    0x7, 0xfc,

    /* U+BC1D "밝" */
    0x0, 0x90, 0x92, 0x12, 0x7e, 0x78, 0x49, 0x9,
    0x3f, 0x20, 0x0, 0x7b, 0x81, 0x11, 0xe2, 0x20,
    0x47, 0xc8,

    /* U+BC1E "밞" */
    0x0, 0x91, 0x12, 0x22, 0x7c, 0x78, 0x89, 0xf1,
    0x0, 0x20, 0x0, 0xf7, 0x82, 0x93, 0xd2, 0x62,
    0x4f, 0x78,

    /* U+BC1F "밟" */
    0x0, 0x91, 0x92, 0x32, 0x7e, 0x78, 0xc9, 0xf9,
    0x0, 0x0, 0x0, 0xf4, 0x82, 0xf3, 0xd2, 0x62,
    0x4f, 0x78,

    /* U+BC24 "밤" */
    0x0, 0x90, 0x92, 0x12, 0x7e, 0x78, 0x49, 0x9,
    0x3f, 0x20, 0x0, 0x7f, 0x8c, 0x11, 0x82, 0x30,
    0x47, 0xf8,

    /* U+BC25 "밥" */
    0x0, 0x90, 0x92, 0x12, 0x7e, 0x78, 0x49, 0x9,
    0x3f, 0x20, 0x0, 0x60, 0x8f, 0xf1, 0x82, 0x30,
    0x47, 0xf8,

    /* U+BC27 "밧" */
    0x0, 0x90, 0x92, 0x12, 0x7e, 0x48, 0x4f, 0x9,
    0x3f, 0x20, 0x4, 0x4, 0x1, 0xc0, 0x6c, 0x30,
    0xe0,

    /* U+BC29 "방" */
    0x0, 0x90, 0x92, 0x12, 0x7e, 0x4f, 0xcf, 0x9,
    0x1e, 0x20, 0x0, 0x3f, 0xc, 0x31, 0x2, 0x30,
    0xc3, 0xf0,

    /* U+BC2D "밭" */
    0x0, 0x90, 0x92, 0x12, 0x7e, 0x78, 0x49, 0x9,
    0x3f, 0x20, 0x0, 0x7f, 0x8c, 0x1, 0xfe, 0x30,
    0x7, 0xfc,

    /* U+BC30 "배" */
    0x0, 0x40, 0x98, 0xa6, 0x29, 0xfa, 0x62, 0xf8,
    0xa6, 0x29, 0x8a, 0x7e, 0x90, 0x24, 0x9, 0x2,
    0x40,

    /* U+BC31 "백" */
    0x2, 0x62, 0x98, 0xa7, 0xe9, 0xfb, 0xe2, 0x9f,
    0xa4, 0x0, 0x0, 0xf, 0xf0, 0x4, 0x1, 0x0,
    0x40,

    /* U+BC34 "밴" */
    0x0, 0x40, 0x99, 0xa7, 0xe9, 0x9b, 0xe6, 0x99,
    0xa7, 0xe9, 0x2, 0x48, 0x82, 0x0, 0x80, 0x3f,
    0xc0,

    /* U+BC38 "밸" */
    0x2, 0x51, 0x4a, 0x29, 0x7d, 0xe8, 0xa5, 0xf4,
    0x80, 0x0, 0x0, 0x3f, 0xc0, 0x8, 0xff, 0x18,
    0x3, 0xfe,

    /* U+BC40 "뱀" */
    0x2, 0x62, 0x98, 0xa7, 0xe9, 0xfb, 0xe2, 0x9f,
    0xa4, 0x0, 0x3f, 0xc8, 0x12, 0x4, 0x81, 0x3f,
    0xc0,

    /* U+BC41 "뱁" */
    0x2, 0x62, 0x98, 0xa7, 0xef, 0x8a, 0x62, 0x9f,
    0xa4, 0x0, 0x30, 0x4f, 0xf3, 0x4, 0xc1, 0x3f,
    0xc0,

    /* U+BC43 "뱃" */
    0x0, 0x51, 0x4a, 0x29, 0x7d, 0x2f, 0xbd, 0x14,
    0xbe, 0x90, 0x12, 0x4, 0x0, 0xc0, 0x66, 0x30,
    0x60,

    /* U+BC44 "뱄" */
    0x2, 0x51, 0x4a, 0x29, 0x7d, 0x2f, 0xbd, 0x14,
    0xbe, 0x90, 0x0, 0x11, 0x82, 0x30, 0xaf, 0x67,
    0x30,

    /* U+BC45 "뱅" */
    0x0, 0x62, 0x98, 0xa7, 0xe9, 0xfb, 0xe2, 0x9f,
    0xa4, 0x9, 0x1f, 0x8c, 0x36, 0x4, 0xc3, 0x1f,
    0x80,

    /* U+BC49 "뱉" */
    0x2, 0x66, 0x99, 0xa7, 0xef, 0x9a, 0x66, 0x9f,
    0xa4, 0x0, 0x3f, 0xc8, 0x3, 0xfc, 0x80, 0x3f,
    0xc0,

    /* U+BC4C "뱌" */
    0x0, 0x90, 0x92, 0x12, 0x42, 0x48, 0x4f, 0xf9,
    0x21, 0x24, 0x27, 0x84, 0xff, 0x90, 0x2, 0x0,
    0x40, 0x8,

    /* U+BC4D "뱍" */
    0x0, 0x90, 0x92, 0x13, 0xfe, 0x48, 0x49, 0x9,
    0xff, 0x20, 0x0, 0x0, 0xf, 0xf0, 0x2, 0x0,
    0x40, 0x8,

    /* U+BC50 "뱐" */
    0x0, 0x80, 0x12, 0x12, 0x7e, 0x78, 0x49, 0x9,
    0x21, 0x3f, 0xe4, 0x0, 0x8c, 0x1, 0x80, 0x30,
    0x7, 0xfc,

    /* U+BC5D "뱝" */
    0x0, 0x90, 0x92, 0x13, 0xfe, 0x48, 0x49, 0x9,
    0xff, 0x20, 0x0, 0x60, 0x8f, 0xf1, 0x82, 0x30,
    0x47, 0xf8,

    /* U+BC84 "버" */
    0x0, 0x40, 0x18, 0x46, 0x11, 0x84, 0x7f, 0xf8,
    0x46, 0x11, 0x84, 0x7f, 0x10, 0x4, 0x1, 0x0,
    0x40,

    /* U+BC85 "벅" */
    0x0, 0x62, 0x18, 0x87, 0xe1, 0xff, 0xe2, 0x1f,
    0x84, 0x0, 0x0, 0xf, 0xf0, 0x4, 0x1, 0x0,
    0x40,

    /* U+BC88 "번" */
    0x0, 0x40, 0xa, 0x21, 0x44, 0x2f, 0xfd, 0x10,
    0xa2, 0x17, 0xc2, 0x0, 0x4c, 0x1, 0x80, 0x30,
    0x7, 0xfe,

    /* U+BC8B "벋" */
    0x0, 0x51, 0xa, 0x21, 0x7c, 0x28, 0xfd, 0x10,
    0xbe, 0x10, 0x0, 0x0, 0xf, 0xf9, 0x80, 0x30,
    0x7, 0xfe,

    /* U+BC8C "벌" */
    0x0, 0x51, 0xa, 0x21, 0x7f, 0xe8, 0x85, 0xf0,
    0x80, 0x0, 0x0, 0x7f, 0xc0, 0x9, 0xff, 0x30,
    0x7, 0xfe,

    /* U+BC8E "벎" */
    0x0, 0x61, 0x18, 0x47, 0xff, 0x84, 0x61, 0x1f,
    0xc0, 0x0, 0x7b, 0xc2, 0x97, 0xa5, 0x9, 0x7b,
    0xc0,

    /* U+BC94 "범" */
    0x0, 0x62, 0x18, 0x87, 0xe1, 0xff, 0xe2, 0x1f,
    0x84, 0x0, 0x7f, 0xd8, 0x16, 0x5, 0x81, 0x7f,
    0xc0,

    /* U+BC95 "법" */
    0x0, 0x62, 0x18, 0x87, 0xff, 0x88, 0x62, 0x1f,
    0x84, 0x0, 0x60, 0x5f, 0xf6, 0x5, 0x81, 0x7f,
    0xc0,

    /* U+BC97 "벗" */
    0x0, 0x51, 0xa, 0x21, 0x7c, 0x28, 0xfd, 0x10,
    0xbe, 0x10, 0x2, 0xc, 0x41, 0x80, 0x78, 0x19,
    0xc6, 0xc,

    /* U+BC99 "벙" */
    0x0, 0x62, 0x18, 0x87, 0xe1, 0xff, 0xe2, 0x1f,
    0x84, 0x0, 0x1f, 0x18, 0x34, 0x5, 0x83, 0x1f,
    0x80,

    /* U+BC9A "벚" */
    0x0, 0x51, 0xa, 0x21, 0x7c, 0x28, 0xfd, 0x10,
    0xbe, 0x10, 0x0, 0x7f, 0xc1, 0x80, 0x7c, 0x39,
    0xf4, 0x0,

    /* U+BCA0 "베" */
    0x0, 0x40, 0x58, 0x96, 0x25, 0x89, 0x7f, 0xd8,
    0x96, 0x25, 0x89, 0x7e, 0x50, 0x14, 0x5, 0x1,
    0x40,

    /* U+BCA1 "벡" */
    0x2, 0x62, 0x98, 0xa7, 0xe9, 0xfe, 0x62, 0x9f,
    0xa4, 0x0, 0x0, 0xf, 0xf0, 0x4, 0x1, 0x0,
    0x40,

    /* U+BCA4 "벤" */
    0x0, 0x40, 0x99, 0xa6, 0x69, 0xfe, 0x66, 0x99,
    0xa7, 0xe9, 0x2, 0x48, 0x82, 0x0, 0x80, 0x3f,
    0xc0,

    /* U+BCA7 "벧" */
    0x2, 0x62, 0x98, 0xa7, 0xe9, 0xfe, 0x62, 0x9f,
    0xa4, 0x0, 0x0, 0xf, 0xf3, 0x0, 0xc0, 0x3f,
    0xc0,

    /* U+BCA8 "벨" */
    0x0, 0x51, 0x4a, 0x29, 0x7f, 0x28, 0xa5, 0xf4,
    0x80, 0x80, 0x0, 0x3f, 0xc0, 0x8, 0xff, 0x18,
    0x3, 0xfe,

    /* U+BCB0 "벰" */
    0x2, 0x62, 0x98, 0xa7, 0xe9, 0xfe, 0x62, 0x9f,
    0xa4, 0x0, 0x0, 0xf, 0xf3, 0x4, 0xc1, 0x3f,
    0xc0,

    /* U+BCB1 "벱" */
    0x2, 0x62, 0x98, 0xa7, 0xf9, 0x8a, 0x62, 0x9f,
    0xa4, 0x0, 0x30, 0x4f, 0xf3, 0x4, 0xc1, 0x3f,
    0xc0,

    /* U+BCB3 "벳" */
    0x0, 0x51, 0x4a, 0x29, 0x7d, 0x2f, 0xe5, 0x14,
    0xbe, 0x90, 0x12, 0x4, 0x0, 0xc0, 0x6e, 0x30,
    0x60,

    /* U+BCB4 "벴" */
    0x2, 0x51, 0x4a, 0x29, 0x7d, 0x2f, 0xe5, 0x14,
    0xbe, 0x90, 0x0, 0x11, 0x82, 0x70, 0xab, 0x67,
    0x30,

    /* U+BCB5 "벵" */
    0x0, 0x62, 0x98, 0xa7, 0xe9, 0xfe, 0x62, 0x9f,
    0xa4, 0x9, 0x0, 0x7, 0xe3, 0x4, 0xc1, 0x1f,
    0x80,

    /* U+BCBC "벼" */
    0x0, 0x40, 0x18, 0x46, 0x11, 0x87, 0xff, 0x18,
    0x46, 0x1f, 0x84, 0x7f, 0x10, 0x4, 0x1, 0x0,
    0x40,

    /* U+BCBD "벽" */
    0x0, 0x62, 0x18, 0xff, 0xe1, 0x88, 0x63, 0xff,
    0x84, 0x0, 0x0, 0xf, 0xf0, 0x4, 0x1, 0x0,
    0x40,

    /* U+BCC0 "변" */
    0x0, 0x40, 0xa, 0x21, 0x7f, 0xe8, 0x85, 0x1f,
    0xa3, 0xf7, 0xc2, 0x0, 0x4c, 0x1, 0x80, 0x30,
    0x7, 0xfe,

    /* U+BCC4 "별" */
    0x0, 0x51, 0xa, 0x3f, 0x7f, 0xe8, 0xfd, 0xf0,
    0x80, 0x0, 0x0, 0x7f, 0xc0, 0x9, 0xff, 0x30,
    0x7, 0xfe,

    /* U+BCCD "볍" */
    0x0, 0x62, 0x18, 0xff, 0xe1, 0x88, 0x63, 0xff,
    0x84, 0x0, 0x60, 0x5f, 0xf6, 0x5, 0x81, 0x7f,
    0xc0,

    /* U+BCCF "볏" */
    0x0, 0x51, 0xa, 0x3f, 0x7c, 0x28, 0x85, 0x1f,
    0xbe, 0x10, 0x2, 0xc, 0x41, 0x80, 0x78, 0x19,
    0xc6, 0xc,

    /* U+BCD0 "볐" */
    0x0, 0x91, 0x92, 0x3e, 0x7e, 0x48, 0xc9, 0x1f,
    0x3f, 0x20, 0x88, 0x11, 0x6, 0x21, 0xaa, 0x67,
    0x60,

    /* U+BCD1 "병" */
    0x0, 0x62, 0x18, 0xff, 0xe1, 0x88, 0x63, 0xff,
    0x84, 0x0, 0x1f, 0x18, 0x34, 0x5, 0x83, 0x1f,
    0x80,

    /* U+BCD5 "볕" */
    0x0, 0x91, 0x12, 0x3e, 0x7c, 0x48, 0x89, 0x1f,
    0x3e, 0x20, 0x0, 0x7f, 0x8c, 0x1, 0xfe, 0x30,
    0x7, 0xfe,

    /* U+BCD8 "볘" */
    0x0, 0x40, 0x58, 0x96, 0x25, 0x8f, 0x7e, 0x58,
    0x96, 0x3d, 0x89, 0x7e, 0x50, 0x14, 0x5, 0x1,
    0x40,

    /* U+BCDC "볜" */
    0x0, 0x40, 0x99, 0xa7, 0xf9, 0x9a, 0x67, 0x99,
    0xe7, 0xe9, 0x2, 0x48, 0x82, 0x0, 0x80, 0x3f,
    0xc0,

    /* U+BCF4 "보" */
    0x60, 0x67, 0xfe, 0x60, 0x66, 0x6, 0x60, 0x67,
    0xfe, 0x6, 0x0, 0x60, 0xff, 0xf0,

    /* U+BCF5 "복" */
    0x60, 0x67, 0xfe, 0x60, 0x67, 0xfe, 0x6, 0xf,
    0xff, 0xff, 0xf0, 0x0, 0x7f, 0xe0, 0x6, 0x0,
    0x60, 0x6,

    /* U+BCF6 "볶" */
    0x30, 0x63, 0xfe, 0x30, 0x63, 0xfe, 0x2, 0x0,
    0x20, 0xff, 0xf0, 0x0, 0x3d, 0xe0, 0x46, 0x4,
    0x60, 0x46,

    /* U+BCF8 "본" */
    0x20, 0x43, 0xfc, 0x20, 0x43, 0xfc, 0x3f, 0xc0,
    0x60, 0xff, 0xf0, 0x0, 0x0, 0x2, 0x0, 0x20,
    0x3, 0xfc,

    /* U+BCFC "볼" */
    0x20, 0x63, 0xfe, 0x20, 0x63, 0xfe, 0x6, 0xf,
    0xff, 0x0, 0x3, 0xfe, 0x0, 0x63, 0xfe, 0x20,
    0x3, 0xfe,

    /* U+BD04 "봄" */
    0x60, 0x67, 0xfe, 0x60, 0x67, 0xfe, 0x6, 0x0,
    0x60, 0xff, 0xf0, 0x0, 0x7f, 0xe6, 0x6, 0x60,
    0x67, 0xfe,

    /* U+BD05 "봅" */
    0x60, 0x67, 0xfe, 0x60, 0x67, 0xfe, 0x6, 0x0,
    0x60, 0xff, 0xf0, 0x0, 0x60, 0x67, 0xfe, 0x60,
    0x67, 0xfe,

    /* U+BD07 "봇" */
    0x20, 0x43, 0xfc, 0x20, 0x43, 0xfc, 0x6, 0x0,
    0x60, 0xff, 0xf0, 0x0, 0x6, 0x0, 0x60, 0x19,
    0x87, 0xe,

    /* U+BD09 "봉" */
    0x60, 0x67, 0xfe, 0x60, 0x67, 0xfe, 0x6, 0x0,
    0x60, 0xff, 0xf0, 0x0, 0x1f, 0x86, 0x4, 0x60,
    0x41, 0xf8,

    /* U+BD10 "봐" */
    0x0, 0x44, 0x24, 0x42, 0x47, 0xe4, 0x42, 0x44,
    0x24, 0x7e, 0x71, 0x84, 0x18, 0x4f, 0xf4, 0x0,
    0x40, 0x4, 0x0, 0x40,

    /* U+BD14 "봔" */
    0x0, 0x44, 0x24, 0x7e, 0x44, 0x24, 0x42, 0x47,
    0xe7, 0x18, 0x4f, 0xf4, 0x0, 0x40, 0x4, 0x20,
    0x2, 0x0, 0x3f, 0xc0,

    /* U+BD24 "봤" */
    0x0, 0x44, 0x24, 0x7e, 0x44, 0x24, 0x7e, 0x71,
    0x84, 0x18, 0x4f, 0xf4, 0x10, 0x81, 0x8, 0x39,
    0xc6, 0xf6, 0x46, 0x20,

    /* U+BD2C "봬" */
    0x0, 0x28, 0xa5, 0x14, 0xbe, 0x94, 0x52, 0x8b,
    0xdf, 0x78, 0x89, 0x11, 0x3f, 0xe4, 0x4, 0x80,
    0x90, 0x12,

    /* U+BD40 "뵀" */
    0x1, 0x24, 0x52, 0x7d, 0x24, 0x52, 0x45, 0xe7,
    0xd2, 0x11, 0x2f, 0xf2, 0x18, 0xc1, 0x9c, 0x19,
    0xc6, 0xf7, 0x42, 0x20,

    /* U+BD48 "뵈" */
    0x0, 0x50, 0x94, 0x25, 0xf9, 0x42, 0x50, 0x97,
    0xe4, 0x21, 0x8, 0x7f, 0xd0, 0x4, 0x1, 0x0,
    0x40,

    /* U+BD49 "뵉" */
    0x0, 0x50, 0x97, 0xe5, 0x9, 0x7e, 0x44, 0x11,
    0x17, 0xfd, 0x0, 0xf, 0xf0, 0x4, 0x1, 0x0,
    0x40,

    /* U+BD4C "뵌" */
    0x0, 0x48, 0x49, 0xf9, 0x21, 0x27, 0xe4, 0xfc,
    0x84, 0x17, 0xfa, 0x0, 0x40, 0x8, 0x80, 0x10,
    0x3, 0xfe,

    /* U+BD50 "뵐" */
    0x0, 0x48, 0x49, 0xf9, 0x21, 0x27, 0xe4, 0x20,
    0xbf, 0x10, 0x0, 0x3f, 0xc0, 0x8, 0xff, 0x10,
    0x3, 0xfe,

    /* U+BD58 "뵘" */
    0x0, 0x50, 0x97, 0xe5, 0x9, 0x7e, 0x44, 0x11,
    0x7, 0xfd, 0x0, 0xf, 0xf2, 0x4, 0x81, 0x3f,
    0xc0,

    /* U+BD59 "뵙" */
    0x0, 0x50, 0x97, 0xe5, 0x9, 0x7e, 0x44, 0x11,
    0x7, 0xfc, 0x0, 0x8, 0x13, 0xfc, 0x81, 0x3f,
    0xc0,

    /* U+BD64 "뵤" */
    0x60, 0x66, 0x6, 0x7f, 0xe6, 0x6, 0x60, 0x66,
    0x6, 0x7f, 0xe1, 0x98, 0x19, 0x81, 0x98, 0xff,
    0xf0,

    /* U+BD68 "뵨" */
    0x20, 0x43, 0xfc, 0x20, 0x42, 0x4, 0x3f, 0xc1,
    0x98, 0xff, 0xf0, 0x0, 0x0, 0x2, 0x0, 0x20,
    0x3, 0xfc,

    /* U+BD80 "부" */
    0x60, 0x66, 0x6, 0x7f, 0xe6, 0x6, 0x7f, 0xe0,
    0x0, 0x0, 0xf, 0xff, 0x6, 0x0, 0x60, 0x6,
    0x0, 0x60,

    /* U+BD81 "북" */
    0x20, 0x43, 0xfc, 0x20, 0x43, 0xfc, 0x0, 0x0,
    0x0, 0xff, 0xf0, 0x60, 0x3f, 0xc0, 0x4, 0x0,
    0x40, 0x4,

    /* U+BD84 "분" */
    0x20, 0x43, 0xfc, 0x20, 0x42, 0x4, 0x3f, 0xc0,
    0x0, 0xff, 0xf0, 0x60, 0x6, 0x2, 0x0, 0x20,
    0x3, 0xfc,

    /* U+BD87 "붇" */
    0x20, 0x63, 0xfe, 0x20, 0x63, 0xfe, 0x0, 0xf,
    0xff, 0x6, 0x0, 0x60, 0x3f, 0xe2, 0x0, 0x20,
    0x3, 0xfe,

    /* U+BD88 "불" */
    0x20, 0x63, 0xfe, 0x20, 0x63, 0xfe, 0x0, 0xf,
    0xff, 0x6, 0x3, 0xfe, 0x0, 0x63, 0xfe, 0x20,
    0x3, 0xfe,

    /* U+BD89 "붉" */
    0x20, 0x63, 0xfe, 0x20, 0x63, 0xfe, 0x0, 0xf,
    0xff, 0x2, 0x7, 0xde, 0xc, 0x67, 0xc6, 0x60,
    0x67, 0xe6,

    /* U+BD8A "붊" */
    0x20, 0x43, 0xfc, 0x20, 0x43, 0xfc, 0x0, 0xf,
    0xff, 0x6, 0x7, 0xfe, 0xf, 0x67, 0xf6, 0x63,
    0x67, 0xfe,

    /* U+BD90 "붐" */
    0x20, 0x43, 0xfc, 0x20, 0x43, 0xfc, 0x0, 0xf,
    0xff, 0x6, 0x0, 0x60, 0x3f, 0xc2, 0x4, 0x20,
    0x43, 0xfc,

    /* U+BD91 "붑" */
    0x20, 0x43, 0xfc, 0x20, 0x43, 0xfc, 0x0, 0xf,
    0xff, 0x6, 0x2, 0x4, 0x20, 0x43, 0xfc, 0x20,
    0x43, 0xfc,

    /* U+BD93 "붓" */
    0x20, 0x43, 0xfc, 0x20, 0x43, 0xfc, 0x0, 0xf,
    0xff, 0x6, 0x0, 0x0, 0x6, 0x0, 0xf0, 0x79,
    0xe4, 0x2,

    /* U+BD95 "붕" */
    0x20, 0x43, 0xfc, 0x20, 0x43, 0xfc, 0x0, 0x0,
    0x0, 0xff, 0xf0, 0x60, 0x1f, 0x82, 0x4, 0x20,
    0x41, 0xf8,

    /* U+BD99 "붙" */
    0x20, 0x63, 0xfe, 0x20, 0x63, 0xfe, 0x0, 0xf,
    0xff, 0x6, 0x3, 0xfe, 0x20, 0x3, 0xfe, 0x20,
    0x3, 0xfe,

    /* U+BD9A "붚" */
    0x20, 0x43, 0xfc, 0x20, 0x43, 0xfc, 0x0, 0xf,
    0xff, 0x6, 0x0, 0x60, 0x7f, 0xe1, 0x98, 0x19,
    0x87, 0xfe,

    /* U+BD9C "붜" */
    0x0, 0x50, 0x97, 0xe5, 0x9, 0x42, 0x5f, 0x90,
    0x7, 0xfd, 0x18, 0x46, 0xf1, 0x84, 0x61, 0x18,
    0x40,

    /* U+BDA4 "붤" */
    0x0, 0x48, 0x49, 0xf9, 0x3f, 0x20, 0x35, 0xfc,
    0x86, 0x70, 0x0, 0x7f, 0xc0, 0x9, 0xff, 0x30,
    0x7, 0xfe,

    /* U+BDB0 "붰" */
    0x0, 0x48, 0x49, 0xf9, 0x21, 0x27, 0xe4, 0x0,
    0xbf, 0xd0, 0xce, 0x10, 0x87, 0x30, 0xe7, 0x77,
    0xb0, 0x20,

    /* U+BDB8 "붸" */
    0x0, 0x28, 0x95, 0xf2, 0xa2, 0x54, 0x4a, 0xf9,
    0x40, 0x2f, 0xf5, 0x10, 0xa2, 0x74, 0x42, 0x88,
    0x50, 0xa,

    /* U+BDD4 "뷔" */
    0x0, 0x50, 0x97, 0xe5, 0x9, 0x7e, 0x5f, 0x90,
    0x7, 0xfd, 0x10, 0x44, 0x11, 0x4, 0x41, 0x10,
    0x40,

    /* U+BDD5 "뷕" */
    0x0, 0x50, 0x97, 0xe5, 0x9, 0x7e, 0x40, 0x10,
    0x17, 0xfd, 0x10, 0xf, 0xf0, 0x4, 0x1, 0x0,
    0x40,

    /* U+BDD8 "뷘" */
    0x0, 0x48, 0x49, 0xf9, 0x21, 0x24, 0x24, 0xfc,
    0x80, 0x17, 0xfa, 0x8, 0x41, 0x1, 0x80, 0x30,
    0x7, 0xfe,

    /* U+BDDC "뷜" */
    0x0, 0x48, 0x49, 0xf9, 0x21, 0x27, 0xe4, 0x0,
    0xbf, 0xd0, 0x80, 0x3f, 0xc0, 0x8, 0xff, 0x10,
    0x3, 0xfe,

    /* U+BDE9 "뷩" */
    0x0, 0x50, 0x97, 0xe5, 0x9, 0x7e, 0x40, 0x1f,
    0xf4, 0x41, 0x10, 0x7, 0xe2, 0x4, 0x81, 0x1f,
    0x80,

    /* U+BDF0 "뷰" */
    0x60, 0x66, 0x6, 0x7f, 0xe6, 0x6, 0x7f, 0xe0,
    0x0, 0x0, 0xf, 0xff, 0x10, 0x81, 0x8, 0x10,
    0x81, 0x8,

    /* U+BDF4 "뷴" */
    0x20, 0x63, 0xfe, 0x20, 0x62, 0x6, 0x3f, 0xe0,
    0x0, 0xff, 0xf0, 0xc8, 0xc, 0x82, 0x0, 0x20,
    0x3, 0xfe,

    /* U+BDF8 "뷸" */
    0x20, 0x63, 0xfe, 0x20, 0x63, 0xfe, 0x0, 0xf,
    0xff, 0x18, 0x83, 0xfe, 0x0, 0x63, 0xfe, 0x20,
    0x3, 0xfe,

    /* U+BE00 "븀" */
    0x20, 0x43, 0xfc, 0x20, 0x43, 0xfc, 0x0, 0xf,
    0xff, 0x19, 0x81, 0x98, 0x3f, 0xc2, 0x4, 0x20,
    0x43, 0xfc,

    /* U+BE03 "븃" */
    0x20, 0x43, 0xfc, 0x20, 0x43, 0xfc, 0x0, 0x0,
    0x0, 0xff, 0xf3, 0xc, 0x36, 0xc0, 0x60, 0xf,
    0x7, 0x8e,

    /* U+BE05 "븅" */
    0x20, 0x43, 0xfc, 0x20, 0x43, 0xfc, 0x0, 0xf,
    0xff, 0x10, 0x81, 0x8, 0x1f, 0x82, 0x4, 0x20,
    0x41, 0xf8,

    /* U+BE0C "브" */
    0x60, 0x66, 0x6, 0x60, 0x67, 0xfe, 0x60, 0x66,
    0x6, 0x7f, 0xe0, 0x0, 0x0, 0xf, 0xff,

    /* U+BE0D "븍" */
    0x60, 0x67, 0xfe, 0x60, 0x67, 0xfe, 0x0, 0x0,
    0x0, 0xff, 0xf0, 0x0, 0x7f, 0xe0, 0x6, 0x0,
    0x60, 0x6,

    /* U+BE10 "븐" */
    0x20, 0x43, 0xfc, 0x20, 0x42, 0x4, 0x3f, 0xc0,
    0x0, 0xff, 0xf0, 0x0, 0x0, 0x2, 0x0, 0x20,
    0x3, 0xfc,

    /* U+BE14 "블" */
    0x20, 0x63, 0xfe, 0x20, 0x63, 0xfe, 0x0, 0xf,
    0xff, 0x0, 0x3, 0xfe, 0x0, 0x63, 0xfe, 0x20,
    0x3, 0xfe,

    /* U+BE1C "븜" */
    0x20, 0x43, 0xfc, 0x20, 0x43, 0xfc, 0x0, 0x0,
    0x0, 0xff, 0xf0, 0x0, 0x3f, 0xc2, 0x4, 0x20,
    0x43, 0xfc,

    /* U+BE1D "븝" */
    0x20, 0x43, 0xfc, 0x20, 0x43, 0xfc, 0x0, 0xf,
    0xff, 0x0, 0x0, 0x0, 0x20, 0x43, 0xfc, 0x20,
    0x43, 0xfc,

    /* U+BE1F "븟" */
    0x20, 0x43, 0xfc, 0x20, 0x43, 0xfc, 0x0, 0x0,
    0x0, 0xff, 0xf0, 0x0, 0x6, 0x0, 0x60, 0x1f,
    0x87, 0xe,

    /* U+BE44 "비" */
    0x0, 0xc2, 0x61, 0x30, 0x98, 0x4f, 0xe6, 0x13,
    0x9, 0x84, 0xfe, 0x40, 0x20, 0x10, 0x8,

    /* U+BE45 "빅" */
    0x0, 0xc2, 0x61, 0x3f, 0x98, 0x4c, 0x27, 0xf2,
    0x0, 0x0, 0x3f, 0xc0, 0x20, 0x10, 0x8,

    /* U+BE48 "빈" */
    0x0, 0x80, 0x28, 0x4b, 0xf2, 0x84, 0xa1, 0x28,
    0x4b, 0xf2, 0x0, 0x98, 0x6, 0x1, 0x80, 0x7f,
    0xc0,

    /* U+BE4C "빌" */
    0x0, 0xa1, 0x28, 0x4b, 0xf2, 0x84, 0xbf, 0x20,
    0x0, 0x0, 0x7f, 0x80, 0x27, 0xf9, 0x80, 0x7f,
    0xc0,

    /* U+BE4E "빎" */
    0x0, 0xc2, 0x61, 0x3f, 0x98, 0x4c, 0x27, 0xf2,
    0x0, 0x7b, 0x85, 0x5e, 0xa8, 0x57, 0xb8,

    /* U+BE54 "빔" */
    0x0, 0xc2, 0x61, 0x3f, 0x98, 0x4c, 0x27, 0xf2,
    0x0, 0x0, 0x3f, 0xd8, 0x2c, 0x17, 0xf8,

    /* U+BE55 "빕" */
    0x0, 0xc2, 0x61, 0x3f, 0x98, 0x4c, 0x27, 0xf2,
    0x0, 0x60, 0xbf, 0xd8, 0x2c, 0x17, 0xf8,

    /* U+BE57 "빗" */
    0x0, 0xa1, 0x28, 0x4b, 0xf2, 0x84, 0xa1, 0x2f,
    0xc8, 0x2, 0x4, 0x3, 0x83, 0xb1, 0x82,

    /* U+BE59 "빙" */
    0x0, 0xc2, 0x61, 0x3f, 0x98, 0x4f, 0xe4, 0x2,
    0x0, 0x3f, 0x30, 0xd8, 0x2c, 0x33, 0xf0,

    /* U+BE5A "빚" */
    0x0, 0xa1, 0x28, 0x4b, 0xf2, 0x84, 0xbf, 0x20,
    0x8, 0x0, 0x7f, 0x81, 0x80, 0xe1, 0xe7, 0x40,
    0x0,

    /* U+BE5B "빛" */
    0x0, 0xa1, 0x28, 0x4b, 0xf2, 0x84, 0xa1, 0x2f,
    0xc8, 0x10, 0x4, 0x1f, 0xe0, 0x60, 0x38, 0x71,
    0xc0,

    /* U+BE60 "빠" */
    0x0, 0x40, 0xa, 0xa5, 0x54, 0xae, 0xf5, 0x52,
    0xea, 0x55, 0x4a, 0xa9, 0x5d, 0xe8, 0x1, 0x0,
    0x20, 0x4,

    /* U+BE61 "빡" */
    0x0, 0x55, 0x2a, 0xa5, 0x77, 0xae, 0xf7, 0x52,
    0xbb, 0xd0, 0x0, 0x0, 0xf, 0xf8, 0x1, 0x0,
    0x20, 0x4,

    /* U+BE64 "빤" */
    0x0, 0x40, 0xa, 0xa5, 0x77, 0xaa, 0x97, 0x52,
    0xaa, 0x57, 0x7a, 0x0, 0x4c, 0x1, 0x80, 0x30,
    0x7, 0xfe,

    /* U+BE68 "빨" */
    0x0, 0x55, 0x2a, 0xa5, 0x77, 0xba, 0x95, 0xde,
    0x80, 0x0, 0x0, 0x7f, 0xc0, 0x9, 0xff, 0x30,
    0x7, 0xfc,

    /* U+BE6A "빪" */
    0x0, 0x55, 0x2a, 0xa5, 0x77, 0xba, 0x95, 0x52,
    0xbb, 0xd0, 0x0, 0x7b, 0xc3, 0x69, 0xed, 0x21,
    0xa7, 0xbc,

    /* U+BE70 "빰" */
    0x0, 0x4a, 0x94, 0xa9, 0x4e, 0xf7, 0xa9, 0x4e,
    0xf4, 0x0, 0x40, 0x0, 0x7f, 0xc6, 0x4, 0x60,
    0x46, 0x4, 0x7f, 0xc0,

    /* U+BE71 "빱" */
    0x0, 0x4a, 0x94, 0xa9, 0x4e, 0xf7, 0xa9, 0x4a,
    0x94, 0xef, 0x40, 0x0, 0x60, 0x47, 0xfc, 0x60,
    0x46, 0x4, 0x7f, 0xc0,

    /* U+BE73 "빳" */
    0x0, 0x55, 0x2a, 0xa5, 0x77, 0xaa, 0x97, 0x52,
    0xbb, 0xd0, 0x2, 0x6, 0x40, 0xc0, 0x3c, 0x1c,
    0xe6, 0x6,

    /* U+BE74 "빴" */
    0x0, 0x55, 0x2a, 0xa5, 0x54, 0xae, 0xf7, 0x52,
    0xbb, 0xd1, 0x84, 0x30, 0x86, 0x31, 0xed, 0x67,
    0x30,

    /* U+BE75 "빵" */
    0x0, 0x55, 0x2a, 0xa5, 0x77, 0xae, 0xf7, 0x52,
    0xbb, 0xd0, 0x2, 0x1f, 0x84, 0x19, 0x81, 0x10,
    0x61, 0xf8,

    /* U+BE7B "빻" */
    0x0, 0x55, 0x2a, 0xa5, 0x77, 0xba, 0x95, 0xde,
    0x80, 0x10, 0x30, 0x7f, 0xc0, 0x0, 0x7e, 0x10,
    0x61, 0xf8,

    /* U+BE7C "빼" */
    0x0, 0x20, 0x16, 0xaa, 0xd5, 0x5a, 0xab, 0xdd,
    0x6a, 0xbd, 0x55, 0xaa, 0xbd, 0xd4, 0x2, 0x80,
    0x50, 0xa,

    /* U+BE7D "빽" */
    0x0, 0xb5, 0x56, 0xaa, 0xd5, 0x5e, 0xef, 0x55,
    0x7b, 0xa8, 0x0, 0x0, 0x7, 0xfc, 0x0, 0x80,
    0x10, 0x2,

    /* U+BE80 "뺀" */
    0x0, 0x20, 0x16, 0xaa, 0xd5, 0x5e, 0xef, 0x55,
    0x6a, 0xaf, 0x75, 0x0, 0xa6, 0x10, 0xc0, 0x18,
    0x3, 0xfe,

    /* U+BE84 "뺄" */
    0x0, 0xb5, 0x56, 0xaa, 0xf7, 0x7a, 0xab, 0xdd,
    0x40, 0x0, 0x0, 0x3f, 0xe0, 0x4, 0xff, 0x98,
    0x3, 0xfe,

    /* U+BE8C "뺌" */
    0x0, 0xb5, 0x56, 0xaa, 0xf7, 0x5e, 0xef, 0x55,
    0x7b, 0xa8, 0x0, 0x3f, 0xe6, 0x4, 0xc0, 0x98,
    0x13, 0xfe,

    /* U+BE8D "뺍" */
    0x0, 0xb5, 0x56, 0xaa, 0xf7, 0x7a, 0xab, 0x55,
    0x7b, 0xa8, 0x0, 0x30, 0x27, 0xfc, 0xc0, 0x98,
    0x13, 0xfe,

    /* U+BE8F "뺏" */
    0x0, 0x2a, 0xaa, 0xaa, 0xae, 0xea, 0xee, 0xea,
    0xaa, 0xee, 0xa0, 0xa, 0x3, 0x0, 0x70, 0x1c,
    0xc3, 0x7,

    /* U+BE90 "뺐" */
    0x0, 0xab, 0x2a, 0xb2, 0xaf, 0xea, 0xfe, 0xeb,
    0x2a, 0xfe, 0xa0, 0x0, 0x10, 0xc1, 0xc, 0x29,
    0xc6, 0x73,

    /* U+BE91 "뺑" */
    0x0, 0x35, 0x56, 0xaa, 0xf7, 0x5e, 0xef, 0x55,
    0x7b, 0xa8, 0x5, 0xf, 0xc6, 0xc, 0xc0, 0x98,
    0x30, 0xfc,

    /* U+BE98 "뺘" */
    0x0, 0x40, 0xa, 0xa5, 0x54, 0xaa, 0x97, 0xde,
    0xaa, 0x55, 0x4b, 0xa9, 0x7d, 0xe8, 0x1, 0x0,
    0x20, 0x4,

    /* U+BE99 "뺙" */
    0x0, 0x55, 0x2a, 0xa5, 0xf7, 0xaa, 0x95, 0x52,
    0xfb, 0xd0, 0x0, 0x0, 0xf, 0xf8, 0x1, 0x0,
    0x20, 0x4,

    /* U+BEA8 "뺨" */
    0x0, 0x4a, 0x94, 0xa9, 0x7e, 0xf4, 0xa9, 0x4a,
    0x97, 0xef, 0x40, 0x0, 0x7f, 0xc6, 0x4, 0x60,
    0x46, 0x4, 0x7f, 0xc0,

    /* U+BED0 "뻐" */
    0x0, 0x40, 0x1a, 0x96, 0xa5, 0xa9, 0x7b, 0xfa,
    0x96, 0xa5, 0xa9, 0x7b, 0xd0, 0x4, 0x1, 0x0,
    0x40,

    /* U+BED1 "뻑" */
    0x0, 0x6a, 0x5a, 0x97, 0xbd, 0xef, 0xea, 0x5e,
    0xf4, 0x0, 0x0, 0x1f, 0xf0, 0x4, 0x1, 0x0,
    0x40,

    /* U+BED4 "뻔" */
    0x0, 0x40, 0xa, 0xa5, 0x54, 0xae, 0xfd, 0x52,
    0xaa, 0x57, 0x7a, 0x0, 0x4c, 0x1, 0x80, 0x30,
    0x7, 0xfe,

    /* U+BED7 "뻗" */
    0x0, 0x55, 0x2a, 0xa5, 0x77, 0xae, 0xfd, 0x52,
    0xbb, 0xd0, 0x0, 0x0, 0xf, 0xf9, 0x80, 0x30,
    0x7, 0xfe,

    /* U+BED8 "뻘" */
    0x0, 0x55, 0x2a, 0xa5, 0x77, 0xea, 0x95, 0xde,
    0x80, 0x0, 0x0, 0x7f, 0xc0, 0x9, 0xff, 0x30,
    0x7, 0xfe,

    /* U+BEE0 "뻠" */
    0x0, 0x6a, 0x5a, 0x97, 0xbd, 0xef, 0xea, 0x5e,
    0xf4, 0x0, 0x7f, 0xd8, 0x16, 0x5, 0x81, 0x7f,
    0xc0,

    /* U+BEE3 "뻣" */
    0x0, 0x55, 0x2a, 0xa5, 0x77, 0xae, 0xfd, 0x52,
    0xbb, 0xd0, 0x2, 0x6, 0x40, 0xe0, 0x3c, 0x1c,
    0xe6, 0x4,

    /* U+BEE4 "뻤" */
    0x0, 0x55, 0x2a, 0xa5, 0x77, 0xae, 0xfd, 0x52,
    0xbb, 0xd1, 0x84, 0x30, 0x86, 0x31, 0xed, 0x27,
    0x30,

    /* U+BEE5 "뻥" */
    0x0, 0x75, 0x2e, 0xa5, 0xf7, 0xbe, 0xff, 0x52,
    0xfb, 0xd8, 0x3, 0x0, 0x3, 0xf9, 0x81, 0xb0,
    0x31, 0xfc,

    /* U+BEEC "뻬" */
    0x0, 0x20, 0x16, 0xaa, 0xd5, 0x5a, 0xab, 0xdf,
    0x6a, 0xad, 0x55, 0xaa, 0xbd, 0xd4, 0x2, 0x80,
    0x50, 0xa,

    /* U+BF01 "뼁" */
    0x0, 0x35, 0x56, 0xaa, 0xf7, 0x5e, 0xfb, 0x55,
    0x7b, 0xa8, 0x5, 0xf, 0x86, 0xc, 0xc0, 0x98,
    0x30, 0xf8,

    /* U+BF08 "뼈" */
    0x0, 0x40, 0x1a, 0x96, 0xa5, 0xa9, 0xfb, 0xda,
    0x96, 0xa7, 0xa9, 0x7b, 0xd0, 0x4, 0x1, 0x0,
    0x40,

    /* U+BF09 "뼉" */
    0x0, 0x6a, 0x5a, 0x9f, 0xbd, 0xa9, 0x6a, 0x7e,
    0xf4, 0x0, 0x0, 0x1f, 0xf0, 0x4, 0x1, 0x0,
    0x40,

    /* U+BF18 "뼘" */
    0x0, 0x6a, 0x5a, 0x9f, 0xbd, 0xa9, 0x6a, 0x7e,
    0xf4, 0x0, 0x7f, 0xd8, 0x16, 0x5, 0x81, 0x7f,
    0xc0,

    /* U+BF19 "뼙" */
    0x0, 0x6a, 0x5a, 0x9f, 0xbf, 0xa9, 0x6a, 0x7e,
    0xf4, 0x0, 0x60, 0x5f, 0xf6, 0x5, 0x81, 0x7f,
    0xc0,

    /* U+BF1B "뼛" */
    0x0, 0x55, 0x2a, 0xa7, 0x77, 0xaa, 0x95, 0x53,
    0xbb, 0xd0, 0x2, 0x6, 0x40, 0xe0, 0x3c, 0x1c,
    0xe6, 0x4,

    /* U+BF1C "뼜" */
    0x0, 0x55, 0x2a, 0xa7, 0x77, 0xaa, 0x95, 0x53,
    0xbb, 0xd1, 0x84, 0x30, 0x86, 0x31, 0xed, 0x27,
    0x30,

    /* U+BF1D "뼝" */
    0x0, 0x75, 0x2e, 0xa7, 0xf7, 0xba, 0x97, 0x53,
    0xfb, 0xd8, 0x3, 0x0, 0x3, 0xf9, 0x81, 0xb0,
    0x31, 0xfc,

    /* U+BF40 "뽀" */
    0x4b, 0x27, 0xbe, 0x4b, 0x24, 0xb2, 0x4b, 0x27,
    0xfe, 0x6, 0x0, 0x60, 0xff, 0xf0,

    /* U+BF41 "뽁" */
    0x4f, 0x27, 0xfe, 0x4f, 0x27, 0xfe, 0x6, 0x0,
    0x60, 0xff, 0xf0, 0x0, 0x7f, 0xc0, 0x4, 0x0,
    0x40, 0x4,

    /* U+BF44 "뽄" */
    0x4f, 0x27, 0xfe, 0x4f, 0x24, 0xf2, 0x7f, 0xe0,
    0x60, 0xff, 0xf0, 0x0, 0x0, 0x6, 0x0, 0x60,
    0x7, 0xfe,

    /* U+BF48 "뽈" */
    0x4f, 0x67, 0xfe, 0x4f, 0x67, 0xfe, 0x6, 0xf,
    0xff, 0x0, 0x7, 0xfc, 0x0, 0x47, 0xfc, 0x60,
    0x7, 0xfe,

    /* U+BF50 "뽐" */
    0x4f, 0x27, 0xfe, 0x4f, 0x27, 0xfe, 0x6, 0x0,
    0x60, 0xff, 0xf0, 0x0, 0x7f, 0xe6, 0x6, 0x60,
    0x67, 0xfe,

    /* U+BF51 "뽑" */
    0x6f, 0x67, 0xfe, 0x6f, 0x67, 0xfe, 0x6, 0x0,
    0x60, 0xff, 0xf0, 0x0, 0x60, 0x67, 0xfe, 0x60,
    0x67, 0xfe,

    /* U+BF55 "뽕" */
    0x4f, 0x27, 0xfe, 0x4f, 0x27, 0xfe, 0x6, 0x0,
    0x60, 0xff, 0xf0, 0x0, 0x1f, 0x86, 0x4, 0x60,
    0x41, 0xf8,

    /* U+BF94 "뾔" */
    0x0, 0x60, 0xe, 0xa5, 0xf7, 0xba, 0x97, 0x52,
    0xfb, 0xd8, 0x3, 0x10, 0x62, 0xf, 0xfd, 0x80,
    0x30, 0x6,

    /* U+BFB0 "뾰" */
    0x4b, 0x24, 0xb2, 0x7b, 0xe4, 0xb2, 0x4b, 0x27,
    0xbe, 0x10, 0x81, 0x8, 0xff, 0xf0,

    /* U+BFC5 "뿅" */
    0x4f, 0x27, 0xfe, 0x4f, 0x24, 0xf2, 0x7f, 0xe1,
    0x8, 0xff, 0xf0, 0x0, 0x1f, 0x86, 0x4, 0x60,
    0x41, 0xf8,

    /* U+BFCC "뿌" */
    0x4f, 0x24, 0xf2, 0x7f, 0xe4, 0xf2, 0x7f, 0xe0,
    0x0, 0x0, 0xf, 0xff, 0x6, 0x0, 0x60, 0x6,
    0x0, 0x60,

    /* U+BFCD "뿍" */
    0x65, 0x27, 0xde, 0x65, 0x27, 0xde, 0x0, 0x0,
    0x0, 0xff, 0xf0, 0x20, 0x3f, 0xe0, 0x6, 0x0,
    0x60, 0x6,

    /* U+BFD0 "뿐" */
    0x6d, 0x27, 0xde, 0x6d, 0x26, 0xd2, 0x7d, 0xe0,
    0x0, 0xff, 0xf0, 0x60, 0x6, 0x6, 0x0, 0x60,
    0x7, 0xfe,

    /* U+BFD4 "뿔" */
    0x4f, 0x67, 0xfe, 0x4f, 0x67, 0xfe, 0x0, 0xf,
    0xff, 0x6, 0x7, 0xfc, 0x0, 0x47, 0xfc, 0x60,
    0x7, 0xfe,

    /* U+BFDC "뿜" */
    0x4f, 0x27, 0xfe, 0x4f, 0x27, 0xfe, 0x0, 0x0,
    0x0, 0xff, 0xf0, 0x60, 0x7f, 0xe6, 0x6, 0x60,
    0x67, 0xfe,

    /* U+BFDF "뿟" */
    0x4f, 0x27, 0xfe, 0x4f, 0x27, 0xfe, 0x0, 0xf,
    0xff, 0x6, 0x0, 0x0, 0x6, 0x0, 0xf0, 0x79,
    0xe4, 0x2,

    /* U+BFE1 "뿡" */
    0x4f, 0x27, 0xfe, 0x4f, 0x27, 0xfe, 0x0, 0x0,
    0x0, 0xff, 0xf0, 0x60, 0x3f, 0xc6, 0x4, 0x20,
    0x41, 0xf8,

    /* U+C03C "쀼" */
    0x4f, 0x24, 0xf2, 0x7f, 0xe4, 0xf2, 0x7f, 0xe0,
    0x0, 0x0, 0xf, 0xff, 0x10, 0x81, 0x8, 0x10,
    0x81, 0x8,

    /* U+C051 "쁑" */
    0x4f, 0x27, 0xfe, 0x4f, 0x27, 0xfe, 0x0, 0x0,
    0x0, 0xff, 0xf1, 0x8, 0x1f, 0x86, 0x4, 0x60,
    0x41, 0xf8,

    /* U+C058 "쁘" */
    0x4b, 0x24, 0xb2, 0x7b, 0xe4, 0xb2, 0x4b, 0x27,
    0xbe, 0x0, 0x0, 0x0, 0xff, 0xf0,

    /* U+C05C "쁜" */
    0x4f, 0x27, 0xfe, 0x4f, 0x24, 0xf2, 0x7f, 0xe0,
    0x0, 0xff, 0xf0, 0x0, 0x60, 0x6, 0x0, 0x60,
    0x7, 0xfe,

    /* U+C060 "쁠" */
    0x4f, 0x67, 0xfe, 0x4f, 0x67, 0xfe, 0x0, 0xf,
    0xff, 0x0, 0x7, 0xfc, 0x0, 0x47, 0xfc, 0x60,
    0x7, 0xfe,

    /* U+C068 "쁨" */
    0x4f, 0x27, 0xfe, 0x4f, 0x27, 0xfe, 0x0, 0x0,
    0x0, 0xff, 0xf0, 0x0, 0x7f, 0xe6, 0x6, 0x60,
    0x67, 0xfe,

    /* U+C069 "쁩" */
    0x4f, 0x27, 0xfe, 0x4f, 0x24, 0xf2, 0x7f, 0xe0,
    0x0, 0xff, 0xf0, 0x0, 0x60, 0x67, 0xfe, 0x60,
    0x67, 0xfe,

    /* U+C090 "삐" */
    0x0, 0x40, 0x1a, 0x96, 0xa5, 0xa9, 0x7b, 0xda,
    0x96, 0xa5, 0xa9, 0x7b, 0xd0, 0x4, 0x1, 0x0,
    0x40,

    /* U+C091 "삑" */
    0x0, 0x6a, 0x5a, 0x97, 0xbd, 0xa9, 0x6a, 0x5e,
    0xf4, 0x0, 0x0, 0x1f, 0xf0, 0x4, 0x1, 0x0,
    0x40,

    /* U+C094 "삔" */
    0x0, 0x40, 0xa, 0xa5, 0x77, 0xaa, 0x95, 0x52,
    0xaa, 0x57, 0x7a, 0x0, 0x4c, 0x1, 0x80, 0x30,
    0x7, 0xfe,

    /* U+C098 "삘" */
    0x0, 0x55, 0x2a, 0xa5, 0x77, 0xaa, 0x95, 0xde,
    0x80, 0x0, 0x0, 0x7f, 0xc0, 0x9, 0xff, 0x30,
    0x7, 0xfe,

    /* U+C0A0 "삠" */
    0x0, 0x6a, 0x5a, 0x97, 0xbd, 0xa9, 0x7b, 0xd0,
    0x4, 0x0, 0x7f, 0xd8, 0x16, 0x5, 0x81, 0x7f,
    0xc0,

    /* U+C0A1 "삡" */
    0x0, 0x6a, 0x5a, 0x97, 0xbd, 0xa9, 0x6a, 0x5e,
    0xf4, 0x0, 0x60, 0x5f, 0xf6, 0x5, 0x81, 0x7f,
    0xc0,

    /* U+C0A3 "삣" */
    0x0, 0x55, 0x2a, 0xa5, 0x77, 0xaa, 0x95, 0x52,
    0xbb, 0xd0, 0x2, 0x6, 0x41, 0xc0, 0x3c, 0x1c,
    0xe6, 0x4,

    /* U+C0A5 "삥" */
    0x0, 0x6a, 0x5a, 0x97, 0xbd, 0xa9, 0x6a, 0x5e,
    0xf4, 0x1, 0x0, 0xf, 0xe6, 0x5, 0x81, 0x3f,
    0x80,

    /* U+C0AC "사" */
    0x0, 0x82, 0x10, 0x42, 0x8, 0x41, 0x8, 0x21,
    0xe, 0x39, 0x44, 0x6c, 0x98, 0xd0, 0x2, 0x0,
    0x40, 0x8,

    /* U+C0AD "삭" */
    0x0, 0x40, 0x84, 0x8, 0x40, 0x84, 0x1c, 0x73,
    0x64, 0x40, 0x40, 0x0, 0x0, 0x3, 0xfc, 0x0,
    0x40, 0x4, 0x0, 0x40,

    /* U+C0AF "삯" */
    0x0, 0x42, 0x8, 0x41, 0x8, 0x23, 0x86, 0xdc,
    0xa0, 0x10, 0x0, 0x0, 0xf, 0x10, 0x22, 0x4,
    0xa0, 0xa6,

    /* U+C0B0 "산" */
    0x0, 0x41, 0x4, 0x10, 0x41, 0x4, 0x38, 0x72,
    0xc4, 0x67, 0x4c, 0x24, 0x0, 0x42, 0x0, 0x20,
    0x2, 0x0, 0x3f, 0xc0,

    /* U+C0B3 "삳" */
    0x0, 0x41, 0x4, 0x10, 0x41, 0x84, 0x38, 0x76,
    0xe4, 0x40, 0x40, 0x0, 0x0, 0x3, 0xfc, 0x20,
    0x2, 0x0, 0x3f, 0xc0,

    /* U+C0B4 "살" */
    0x0, 0x41, 0x4, 0x18, 0x43, 0x87, 0x6e, 0x4c,
    0x24, 0x0, 0x0, 0x0, 0x3f, 0xc0, 0x4, 0x3f,
    0xc2, 0x0, 0x3f, 0xc0,

    /* U+C0B5 "삵" */
    0x0, 0x86, 0x10, 0xc2, 0x1c, 0x76, 0x89, 0xcd,
    0x20, 0x20, 0x0, 0x7b, 0x81, 0x11, 0xe2, 0x20,
    0x47, 0xc8,

    /* U+C0B6 "삶" */
    0x0, 0x41, 0x84, 0x18, 0x43, 0x87, 0x3c, 0x4e,
    0x74, 0xc0, 0x40, 0x0, 0x7b, 0xc0, 0xa4, 0x7a,
    0x44, 0x24, 0x7b, 0xc0,

    /* U+C0BC "삼" */
    0x0, 0x41, 0x4, 0x10, 0x41, 0x84, 0x38, 0x76,
    0xe4, 0xc2, 0x40, 0x0, 0x3f, 0xc2, 0x4, 0x20,
    0x42, 0x4, 0x3f, 0xc0,

    /* U+C0BD "삽" */
    0x0, 0x41, 0x4, 0x10, 0x41, 0x87, 0x2c, 0x46,
    0x74, 0x42, 0x40, 0x0, 0x20, 0x43, 0xfc, 0x20,
    0x42, 0x4, 0x3f, 0xc0,

    /* U+C0BF "삿" */
    0x0, 0x82, 0x10, 0x42, 0x8, 0x43, 0x8e, 0xd9,
    0x31, 0x20, 0x4, 0x4, 0x1, 0xc0, 0x6c, 0x38,
    0xe0,

    /* U+C0C0 "샀" */
    0x0, 0x42, 0x8, 0x41, 0x8, 0x32, 0xc5, 0xce,
    0xa0, 0x10, 0x0, 0x10, 0x82, 0x10, 0xa5, 0x27,
    0x30,

    /* U+C0C1 "상" */
    0x0, 0x41, 0x84, 0x18, 0x41, 0x84, 0x38, 0x76,
    0xe4, 0x40, 0x40, 0x0, 0x1f, 0x83, 0xc, 0x20,
    0x43, 0xc, 0x1f, 0x80,

    /* U+C0C5 "샅" */
    0x0, 0x41, 0x4, 0x10, 0x43, 0x87, 0x2c, 0x46,
    0x74, 0x40, 0x40, 0x0, 0x3f, 0xc2, 0x0, 0x3f,
    0xc2, 0x0, 0x3f, 0xc0,

    /* U+C0C8 "새" */
    0x0, 0x20, 0x24, 0x44, 0x88, 0x91, 0x12, 0x22,
    0x44, 0x79, 0x49, 0x2d, 0x2c, 0xe5, 0x4, 0x80,
    0x90, 0x12,

    /* U+C0C9 "색" */
    0x2, 0x48, 0x92, 0x24, 0x89, 0x73, 0xd6, 0x98,
    0xa4, 0x0, 0x0, 0xf, 0xf0, 0x4, 0x1, 0x0,
    0x40,

    /* U+C0CC "샌" */
    0x0, 0x20, 0x24, 0x44, 0x88, 0x91, 0x1e, 0x52,
    0x5b, 0x4a, 0x29, 0x1, 0x22, 0x20, 0x40, 0x8,
    0x1, 0xfe,

    /* U+C0D0 "샐" */
    0x1, 0x22, 0x24, 0x44, 0x8c, 0xf2, 0xd2, 0x8a,
    0x40, 0x0, 0x0, 0x1f, 0xe0, 0x4, 0x7f, 0x88,
    0x1, 0xfe,

    /* U+C0D8 "샘" */
    0x2, 0x48, 0x92, 0x24, 0x89, 0x73, 0xd6, 0x98,
    0xa4, 0x0, 0x0, 0xf, 0xf2, 0x4, 0x81, 0x3f,
    0xc0,

    /* U+C0D9 "샙" */
    0x2, 0x48, 0x92, 0x24, 0x8f, 0x72, 0x77, 0x98,
    0x24, 0x0, 0x20, 0x4f, 0xf2, 0x4, 0x81, 0x3f,
    0xc0,

    /* U+C0DB "샛" */
    0x0, 0x20, 0x12, 0x11, 0x21, 0x12, 0x11, 0xe2,
    0x92, 0x6d, 0x24, 0x12, 0x2, 0x0, 0x70, 0xd,
    0xc3, 0x6,

    /* U+C0DC "샜" */
    0x1, 0x21, 0x12, 0x11, 0x21, 0x12, 0x39, 0xe2,
    0xd2, 0x45, 0x20, 0x0, 0x18, 0xc1, 0x8c, 0x3d,
    0xe6, 0x73,

    /* U+C0DD "생" */
    0x0, 0x40, 0x92, 0x24, 0x89, 0x33, 0xdc, 0x9c,
    0xe6, 0x9, 0x0, 0x7, 0xe2, 0x4, 0x81, 0x1f,
    0x80,

    /* U+C0E4 "샤" */
    0x0, 0x82, 0x10, 0x42, 0x8, 0x41, 0xe, 0x21,
    0xa, 0x23, 0x67, 0xe6, 0x98, 0x50, 0x2, 0x0,
    0x40, 0x8,

    /* U+C0E5 "샥" */
    0x0, 0x40, 0x84, 0x8, 0x70, 0x84, 0x1c, 0x43,
    0x67, 0x40, 0x40, 0x0, 0x0, 0x3, 0xfc, 0x0,
    0x40, 0x4, 0x0, 0x40,

    /* U+C0E8 "샨" */
    0x0, 0x41, 0x4, 0x10, 0x41, 0x7, 0x38, 0x42,
    0x84, 0x6e, 0x7c, 0x24, 0x0, 0x42, 0x0, 0x20,
    0x2, 0x0, 0x3f, 0xc0,

    /* U+C0EC "샬" */
    0x0, 0x41, 0x4, 0x18, 0x73, 0x84, 0x6c, 0x7c,
    0x24, 0x0, 0x0, 0x0, 0x3f, 0xc0, 0x4, 0x3f,
    0xc2, 0x0, 0x3f, 0xc0,

    /* U+C0F4 "샴" */
    0x0, 0x41, 0x4, 0x10, 0x71, 0x84, 0x38, 0x46,
    0xc7, 0xc2, 0x40, 0x0, 0x3f, 0xc2, 0x4, 0x20,
    0x42, 0x4, 0x3f, 0xc0,

    /* U+C0F5 "샵" */
    0x0, 0x41, 0x4, 0x10, 0x71, 0x84, 0x38, 0x46,
    0xc7, 0xc2, 0x40, 0x0, 0x20, 0x43, 0xfc, 0x20,
    0x42, 0x4, 0x3f, 0xc0,

    /* U+C0F7 "샷" */
    0x0, 0x82, 0x10, 0x42, 0x8, 0x73, 0x88, 0xd9,
    0xf0, 0x20, 0x24, 0x4, 0x1, 0xc0, 0x6c, 0x38,
    0xe0,

    /* U+C0F9 "샹" */
    0x0, 0x41, 0x84, 0x18, 0x71, 0x84, 0x38, 0x46,
    0xc7, 0x42, 0x40, 0x0, 0x1f, 0x83, 0xc, 0x20,
    0x43, 0xc, 0x1f, 0x80,

    /* U+C100 "섀" */
    0x0, 0x20, 0x24, 0x44, 0x88, 0x91, 0x1e, 0x22,
    0x46, 0x49, 0x4f, 0x6d, 0x38, 0xa4, 0x4, 0x80,
    0x90, 0x12,

    /* U+C104 "섄" */
    0x0, 0x20, 0x24, 0x44, 0x88, 0xf1, 0x12, 0x72,
    0x5b, 0x7a, 0x29, 0x1, 0x22, 0x20, 0x40, 0x8,
    0x1, 0xfe,

    /* U+C108 "섈" */
    0x1, 0x22, 0x24, 0x47, 0x88, 0x92, 0xde, 0x8a,
    0x40, 0x0, 0x0, 0x1f, 0xe0, 0x4, 0x7f, 0x88,
    0x1, 0xfe,

    /* U+C110 "섐" */
    0x2, 0x48, 0x92, 0x3c, 0x89, 0x72, 0x56, 0xf8,
    0xa4, 0x0, 0x0, 0xf, 0xf2, 0x4, 0x81, 0x3f,
    0xc0,

    /* U+C115 "섕" */
    0x0, 0x48, 0x92, 0x3c, 0x89, 0x32, 0x5e, 0xfc,
    0xa6, 0x9, 0x0, 0x7, 0xe2, 0x4, 0x81, 0x1f,
    0x80,

    /* U+C11C "서" */
    0x0, 0x44, 0x11, 0x4, 0x41, 0x10, 0x44, 0xf3,
    0x84, 0xa1, 0x6c, 0x71, 0x90, 0x4, 0x1, 0x0,
    0x40,

    /* U+C11D "석" */
    0x0, 0x44, 0x11, 0x4, 0x4f, 0x28, 0x5b, 0x98,
    0x24, 0x0, 0x0, 0xf, 0xf0, 0x4, 0x1, 0x0,
    0x40,

    /* U+C11E "섞" */
    0x0, 0x44, 0x11, 0x4, 0x4f, 0x38, 0x5b, 0x98,
    0x24, 0x0, 0x0, 0x1f, 0xf0, 0xc4, 0x31, 0xc,
    0x40,

    /* U+C11F "섟" */
    0x0, 0x42, 0x8, 0x41, 0x9, 0xe2, 0x84, 0xdc,
    0xa0, 0x90, 0x0, 0x78, 0x81, 0x10, 0x26, 0x5,
    0xa0, 0xa2,

    /* U+C120 "선" */
    0x0, 0x44, 0x11, 0x4, 0xcf, 0x30, 0x4a, 0x14,
    0xe7, 0x9, 0x0, 0x48, 0x2, 0x0, 0x80, 0x3f,
    0xc0,

    /* U+C123 "섣" */
    0x0, 0x44, 0x11, 0x4, 0xcf, 0x38, 0x73, 0x98,
    0x24, 0x0, 0x0, 0xf, 0xf2, 0x0, 0x80, 0x3f,
    0xc0,

    /* U+C124 "설" */
    0x0, 0x44, 0x13, 0x4, 0xef, 0x7c, 0x71, 0x90,
    0x0, 0x0, 0x3f, 0xc0, 0x13, 0xfc, 0x80, 0x3f,
    0xc0,

    /* U+C126 "섦" */
    0x0, 0x23, 0x4, 0x60, 0x8e, 0xf3, 0x62, 0xc6,
    0x40, 0x0, 0x0, 0x3d, 0xe0, 0xa4, 0xf4, 0x90,
    0x93, 0xde,

    /* U+C127 "섧" */
    0x0, 0x23, 0x4, 0x60, 0x8e, 0xf3, 0x62, 0xc6,
    0x40, 0x0, 0x0, 0x3d, 0x20, 0xbc, 0xf4, 0x90,
    0x93, 0xde,

    /* U+C12C "섬" */
    0x0, 0x44, 0x11, 0x4, 0xcf, 0x38, 0x5b, 0x98,
    0x24, 0x0, 0x3f, 0xc8, 0x12, 0x4, 0x81, 0x3f,
    0xc0,

    /* U+C12D "섭" */
    0x0, 0x44, 0x11, 0x4, 0xcf, 0x38, 0x53, 0x98,
    0x24, 0x0, 0x20, 0x4f, 0xf2, 0x4, 0x81, 0x3f,
    0xc0,

    /* U+C12F "섯" */
    0x0, 0x42, 0x8, 0x41, 0x9, 0xe3, 0x84, 0x58,
    0xb1, 0x90, 0x2, 0x6, 0x40, 0xc0, 0x3c, 0x1c,
    0xe3, 0x4,

    /* U+C130 "섰" */
    0x0, 0x41, 0x4, 0x10, 0x41, 0x3c, 0x38, 0x46,
    0xe4, 0x82, 0x40, 0x0, 0x10, 0x81, 0x8, 0x29,
    0x46, 0xe6,

    /* U+C131 "성" */
    0x0, 0x44, 0x11, 0x4, 0xef, 0x38, 0x5b, 0x9c,
    0x24, 0x0, 0x1f, 0x8c, 0x32, 0x4, 0xc3, 0x1f,
    0x80,

    /* U+C136 "섶" */
    0x0, 0x62, 0xc, 0x41, 0x8d, 0xf3, 0x86, 0xdc,
    0xd0, 0x98, 0x0, 0x3f, 0xe1, 0x30, 0x26, 0x4,
    0xc3, 0xfe,

    /* U+C138 "세" */
    0x0, 0x20, 0x24, 0x44, 0x88, 0x91, 0x12, 0x2e,
    0x44, 0x49, 0x49, 0x2d, 0x38, 0xa5, 0x4, 0x80,
    0x90, 0x12,

    /* U+C139 "섹" */
    0x1, 0x22, 0x24, 0x44, 0x8b, 0x91, 0x12, 0x52,
    0x5b, 0x48, 0x9, 0x0, 0x3, 0xfc, 0x0, 0x80,
    0x10, 0x2,

    /* U+C13C "센" */
    0x0, 0x40, 0x52, 0x14, 0x85, 0x27, 0x5c, 0x55,
    0x97, 0x35, 0x1, 0x48, 0x42, 0x0, 0x80, 0x3f,
    0xc0,

    /* U+C140 "셀" */
    0x1, 0x22, 0x24, 0x44, 0x8b, 0x93, 0x92, 0xda,
    0x51, 0x48, 0x0, 0x1f, 0xe0, 0x4, 0x7f, 0x88,
    0x1, 0xfe,

    /* U+C148 "셈" */
    0x0, 0x48, 0x52, 0x14, 0x9d, 0x31, 0x56, 0x5c,
    0xd6, 0x14, 0x0, 0xf, 0xf2, 0x4, 0x81, 0x3f,
    0xc0,

    /* U+C149 "셉" */
    0x1, 0x48, 0x52, 0x14, 0x9d, 0x71, 0x77, 0x58,
    0x54, 0x0, 0x20, 0x4f, 0xf2, 0x4, 0x81, 0x3f,
    0xc0,

    /* U+C14B "셋" */
    0x0, 0x21, 0x12, 0x11, 0x21, 0x32, 0x11, 0x22,
    0x92, 0xe5, 0x24, 0x12, 0x2, 0x0, 0x70, 0xd,
    0xc3, 0x6,

    /* U+C14C "셌" */
    0x1, 0x21, 0x12, 0x11, 0x21, 0x72, 0x39, 0x26,
    0xd2, 0x45, 0x20, 0x8c, 0x18, 0xc1, 0x9c, 0x3d,
    0x62, 0x63,

    /* U+C14D "셍" */
    0x0, 0x48, 0x52, 0x14, 0x9d, 0x31, 0x56, 0x5c,
    0xd6, 0x15, 0x0, 0x7, 0xe2, 0x4, 0x81, 0x1f,
    0x80,

    /* U+C154 "셔" */
    0x0, 0x44, 0x11, 0x4, 0x4f, 0x10, 0x44, 0x12,
    0xbc, 0xb1, 0x46, 0x70, 0x90, 0x4, 0x1, 0x0,
    0x40,

    /* U+C155 "셕" */
    0x0, 0x44, 0x11, 0x1c, 0x41, 0x29, 0xdb, 0x98,
    0x24, 0x0, 0x0, 0xf, 0xf0, 0x4, 0x1, 0x0,
    0x40,

    /* U+C158 "션" */
    0x0, 0x44, 0x11, 0x1c, 0xc1, 0x30, 0x4e, 0x76,
    0xc7, 0x19, 0x80, 0x48, 0x2, 0x0, 0x80, 0x3f,
    0xc0,

    /* U+C15C "셜" */
    0x0, 0x44, 0x13, 0x1c, 0xc1, 0x79, 0xf1, 0x90,
    0x0, 0x0, 0x3f, 0xc0, 0x13, 0xfc, 0x80, 0x3f,
    0xc0,

    /* U+C164 "셤" */
    0x0, 0x44, 0x11, 0x1c, 0xc1, 0x39, 0xf3, 0x98,
    0x24, 0x0, 0x0, 0xf, 0xf2, 0x4, 0x81, 0x3f,
    0xc0,

    /* U+C165 "셥" */
    0x0, 0x44, 0x11, 0x1c, 0xc1, 0x39, 0xd3, 0x18,
    0x24, 0x0, 0x20, 0x4f, 0xf2, 0x4, 0x81, 0x3f,
    0xc0,

    /* U+C167 "셧" */
    0x0, 0x42, 0x8, 0x47, 0x8, 0x21, 0x84, 0x53,
    0x9b, 0x96, 0x12, 0x6, 0x40, 0xc0, 0x3c, 0x1c,
    0xe2, 0x4,

    /* U+C168 "셨" */
    0x0, 0x41, 0x4, 0x13, 0xc1, 0x4, 0x2b, 0xc6,
    0xe4, 0xc2, 0x41, 0x8, 0x10, 0x81, 0x18, 0x2b,
    0x44, 0x62,

    /* U+C169 "셩" */
    0x0, 0x44, 0x11, 0x1c, 0x41, 0x39, 0xdb, 0x1c,
    0x64, 0x1, 0x1f, 0x8c, 0x32, 0x4, 0xc3, 0x1f,
    0x80,

    /* U+C170 "셰" */
    0x0, 0x20, 0x24, 0x44, 0x8b, 0x91, 0x12, 0x22,
    0x45, 0xc9, 0x49, 0x29, 0x38, 0xa5, 0x4, 0x80,
    0x90, 0x12,

    /* U+C174 "셴" */
    0x0, 0x48, 0x52, 0x74, 0x85, 0x21, 0x5d, 0xd5,
    0x97, 0x35, 0x81, 0x48, 0x42, 0x0, 0x80, 0x3f,
    0xc0,

    /* U+C178 "셸" */
    0x1, 0x44, 0x28, 0x9d, 0x10, 0xa7, 0x75, 0xb2,
    0xa1, 0x50, 0x0, 0x3f, 0xc0, 0x8, 0xff, 0x10,
    0x3, 0xfe,

    /* U+C185 "솅" */
    0x0, 0x48, 0x52, 0x74, 0x85, 0x27, 0x54, 0x5c,
    0xd6, 0x15, 0x0, 0x7, 0xe2, 0x4, 0x81, 0x1f,
    0x80,

    /* U+C18C "소" */
    0x6, 0x0, 0x60, 0x6, 0x0, 0xf0, 0x39, 0xc6,
    0x6, 0x6, 0x0, 0x60, 0x6, 0xf, 0xff,

    /* U+C18D "속" */
    0x2, 0x0, 0x60, 0xf, 0x3, 0x9c, 0x62, 0x60,
    0x20, 0xff, 0xf0, 0x0, 0x3f, 0xe0, 0x6, 0x0,
    0x60, 0x6,

    /* U+C18E "솎" */
    0x2, 0x0, 0x60, 0xd, 0x3, 0x9c, 0x72, 0x60,
    0x20, 0xff, 0xf0, 0x0, 0x3d, 0xe0, 0x46, 0x4,
    0x60, 0x46,

    /* U+C190 "손" */
    0x6, 0x0, 0x60, 0xf, 0x7, 0x9e, 0x66, 0x20,
    0x60, 0xff, 0xf0, 0x0, 0x0, 0x2, 0x0, 0x20,
    0x3, 0xfe,

    /* U+C194 "솔" */
    0x6, 0x0, 0x60, 0xf, 0x1, 0x98, 0x76, 0x60,
    0x60, 0xff, 0xf0, 0x0, 0x7f, 0xe0, 0x6, 0x7f,
    0xe6, 0x0, 0x7f, 0xe0,

    /* U+C196 "솖" */
    0x6, 0x0, 0x60, 0xf, 0x3, 0x9c, 0x66, 0x60,
    0x60, 0xff, 0xf0, 0x0, 0x7f, 0xe0, 0xf6, 0x7f,
    0x66, 0x36, 0x7f, 0xe0,

    /* U+C19C "솜" */
    0x6, 0x0, 0x60, 0xf, 0x3, 0x9c, 0x66, 0x60,
    0x60, 0xff, 0xf0, 0x0, 0x7f, 0xe6, 0x6, 0x60,
    0x67, 0xfe,

    /* U+C19D "솝" */
    0x6, 0x0, 0x60, 0x19, 0x86, 0x66, 0x6, 0xf,
    0xff, 0x0, 0x6, 0x6, 0x7f, 0xe6, 0x6, 0x60,
    0x67, 0xfe,

    /* U+C19F "솟" */
    0x6, 0x0, 0x60, 0xf, 0x3, 0x9c, 0x66, 0x60,
    0x60, 0xff, 0xf0, 0x0, 0x6, 0x0, 0x60, 0x1f,
    0x87, 0xe,

    /* U+C1A1 "송" */
    0x6, 0x0, 0x60, 0xf, 0x3, 0x9c, 0x66, 0x60,
    0x60, 0xff, 0xf0, 0x0, 0x1f, 0x86, 0x4, 0x60,
    0x41, 0xf8,

    /* U+C1A5 "솥" */
    0x6, 0x0, 0x60, 0x1d, 0x87, 0x6e, 0x6, 0xf,
    0xff, 0x0, 0x7, 0xfe, 0x60, 0x7, 0xfe, 0x60,
    0x7, 0xfe,

    /* U+C1A8 "솨" */
    0x0, 0x41, 0x84, 0x18, 0x41, 0x84, 0x3c, 0x46,
    0x64, 0xdb, 0x71, 0x84, 0x18, 0x4f, 0xf4, 0x0,
    0x40, 0x4, 0x0, 0x40,

    /* U+C1A9 "솩" */
    0x0, 0x40, 0x84, 0x8, 0x41, 0xc4, 0x77, 0x76,
    0x94, 0x8, 0x4f, 0xf4, 0x0, 0x3, 0xfc, 0x0,
    0x40, 0x4, 0x0, 0x40,

    /* U+C1AC "솬" */
    0x0, 0x41, 0x84, 0x18, 0x43, 0x84, 0x2c, 0x47,
    0xb7, 0x18, 0x4f, 0xf4, 0x0, 0x40, 0x0, 0x20,
    0x2, 0x0, 0x3f, 0xc0,

    /* U+C1B0 "솰" */
    0x18, 0x41, 0x84, 0x3c, 0x46, 0x77, 0x42, 0x41,
    0x94, 0xf8, 0x40, 0x0, 0x3f, 0xc0, 0x4, 0x3f,
    0xc2, 0x0, 0x3f, 0xc0,

    /* U+C1BD "솽" */
    0x0, 0x41, 0x84, 0x18, 0x41, 0xc4, 0x67, 0x71,
    0x84, 0x18, 0x47, 0xf4, 0x0, 0x1, 0xf8, 0x20,
    0x42, 0x4, 0x1f, 0x80,

    /* U+C1C4 "쇄" */
    0x0, 0x22, 0x24, 0x44, 0x88, 0x93, 0x92, 0x52,
    0x51, 0x78, 0x89, 0x11, 0x3f, 0xe4, 0x4, 0x80,
    0x90, 0x12,

    /* U+C1C8 "쇈" */
    0x0, 0x46, 0x28, 0xc5, 0x18, 0xa5, 0x95, 0xeb,
    0x8c, 0x57, 0xea, 0x1, 0x44, 0x20, 0x80, 0x10,
    0x3, 0xfe,

    /* U+C1CC "쇌" */
    0x1, 0x44, 0x28, 0xc5, 0x6e, 0xec, 0xd4, 0x42,
    0xbf, 0x50, 0x0, 0x3f, 0xc0, 0x8, 0xff, 0x10,
    0x3, 0xfe,

    /* U+C1D4 "쇔" */
    0x1, 0x4c, 0x53, 0x14, 0xe5, 0xdd, 0xf1, 0x53,
    0x17, 0xf5, 0x0, 0xf, 0xf2, 0x4, 0x81, 0x3f,
    0xc0,

    /* U+C1D7 "쇗" */
    0x0, 0x22, 0x14, 0x42, 0x94, 0x56, 0xee, 0x21,
    0x44, 0x2f, 0xf5, 0x3, 0x20, 0x60, 0x1e, 0x1e,
    0x73, 0x2,

    /* U+C1D8 "쇘" */
    0x1, 0x21, 0x12, 0x11, 0x23, 0x92, 0x6d, 0xe5,
    0x52, 0x11, 0x2f, 0xd2, 0x0, 0x1, 0x8c, 0x19,
    0xc2, 0xf6, 0x46, 0x20,

    /* U+C1E0 "쇠" */
    0x0, 0x44, 0x11, 0x4, 0x41, 0x28, 0x59, 0x9c,
    0x24, 0x41, 0x10, 0x7f, 0xd0, 0x4, 0x1, 0x0,
    0x40,

    /* U+C1E4 "쇤" */
    0x0, 0x46, 0x11, 0x84, 0xf1, 0x67, 0x56, 0x11,
    0x87, 0xfd, 0x0, 0x40, 0x2, 0x0, 0x80, 0x3f,
    0xc0,

    /* U+C1E8 "쇨" */
    0x18, 0x43, 0x8, 0xe1, 0x37, 0x24, 0x24, 0x30,
    0xbf, 0xd0, 0x0, 0x3f, 0xc0, 0x8, 0xff, 0x10,
    0x3, 0xfe,

    /* U+C1F0 "쇰" */
    0x0, 0x46, 0x11, 0x84, 0xe1, 0x67, 0x56, 0x91,
    0x87, 0xfd, 0x0, 0xf, 0xf2, 0x4, 0x81, 0x3f,
    0xc0,

    /* U+C1F1 "쇱" */
    0x0, 0x46, 0x11, 0x84, 0xb1, 0x5a, 0x46, 0x1f,
    0xf4, 0x0, 0x20, 0x48, 0x13, 0xfc, 0x81, 0x3f,
    0xc0,

    /* U+C1F3 "쇳" */
    0x0, 0x42, 0x8, 0x41, 0x14, 0x26, 0xe5, 0xa4,
    0x84, 0x17, 0xfa, 0x4, 0x40, 0x80, 0x28, 0x38,
    0xf4, 0x0,

    /* U+C1FC "쇼" */
    0x6, 0x0, 0x60, 0xe, 0x0, 0xb0, 0x39, 0xc6,
    0x6, 0x19, 0x81, 0x98, 0x19, 0x8f, 0xff,

    /* U+C1FD "쇽" */
    0x2, 0x0, 0x60, 0xd, 0x7, 0x8e, 0x28, 0xa0,
    0x88, 0xff, 0xf0, 0x0, 0x3f, 0xe0, 0x6, 0x0,
    0x60, 0x6,

    /* U+C200 "숀" */
    0x6, 0x0, 0x60, 0xf, 0x7, 0x8e, 0x59, 0x81,
    0x98, 0xff, 0xf0, 0x0, 0x0, 0x2, 0x0, 0x20,
    0x3, 0xfe,

    /* U+C204 "숄" */
    0x6, 0x0, 0x60, 0xf, 0x7, 0x9e, 0x60, 0x61,
    0x98, 0xff, 0xf0, 0x0, 0x7f, 0xe0, 0x6, 0x7f,
    0xe6, 0x0, 0x7f, 0xe0,

    /* U+C20C "숌" */
    0x6, 0x0, 0x60, 0xf, 0x7, 0x9e, 0x60, 0x21,
    0x98, 0xff, 0xf0, 0x0, 0x7f, 0xe6, 0x6, 0x60,
    0x67, 0xfe,

    /* U+C20D "숍" */
    0x6, 0x0, 0x60, 0xf, 0x7, 0x9e, 0x60, 0x21,
    0x98, 0xff, 0xf2, 0x6, 0x3f, 0xe2, 0x6, 0x20,
    0x63, 0xfe,

    /* U+C20F "숏" */
    0x6, 0x0, 0x60, 0xf, 0x7, 0x9e, 0x59, 0xa1,
    0x98, 0xff, 0xf0, 0x0, 0x6, 0x0, 0x60, 0x19,
    0x87, 0xe,

    /* U+C211 "숑" */
    0x6, 0x0, 0x60, 0xf, 0x7, 0x9e, 0x58, 0xa1,
    0x88, 0xff, 0xf0, 0x0, 0x1f, 0xc2, 0x6, 0x20,
    0x61, 0xf8,

    /* U+C218 "수" */
    0x6, 0x0, 0x60, 0xf, 0x1, 0x98, 0x70, 0xe4,
    0x2, 0x0, 0xf, 0xff, 0x6, 0x0, 0x60, 0x6,
    0x0, 0x60,

    /* U+C219 "숙" */
    0x2, 0x0, 0x70, 0xd, 0x87, 0xe, 0x0, 0xf,
    0xff, 0x2, 0x0, 0x20, 0x3f, 0xe0, 0x6, 0x0,
    0x60, 0x6,

    /* U+C21C "순" */
    0x6, 0x0, 0x60, 0xf, 0x3, 0x9c, 0x70, 0x60,
    0x0, 0xff, 0xf0, 0x60, 0x66, 0x6, 0x0, 0x60,
    0x7, 0xfe,

    /* U+C21F "숟" */
    0x6, 0x0, 0x60, 0x1d, 0x87, 0xe, 0x0, 0xf,
    0xff, 0x6, 0x0, 0x60, 0x7f, 0xe6, 0x0, 0x60,
    0x7, 0xfe,

    /* U+C220 "술" */
    0x6, 0x0, 0x60, 0xf, 0x3, 0x9c, 0x70, 0x60,
    0x0, 0xff, 0xf0, 0x60, 0x7f, 0xe0, 0x6, 0x7f,
    0xe6, 0x0, 0x7f, 0xe0,

    /* U+C228 "숨" */
    0x6, 0x0, 0x60, 0x1f, 0x87, 0xe, 0x0, 0xf,
    0xff, 0x6, 0x0, 0x60, 0x7f, 0xe6, 0x6, 0x60,
    0x67, 0xfe,

    /* U+C229 "숩" */
    0x6, 0x0, 0x60, 0xf, 0x3, 0x9c, 0x70, 0xe0,
    0x0, 0xff, 0xf0, 0x60, 0x66, 0x47, 0xfc, 0x60,
    0x46, 0x4, 0x7f, 0xc0,

    /* U+C22B "숫" */
    0x6, 0x0, 0x60, 0x1f, 0x7, 0xe, 0x0, 0xf,
    0xff, 0x6, 0x0, 0x0, 0x6, 0x0, 0xe0, 0x39,
    0xc6, 0x6,

    /* U+C22D "숭" */
    0x6, 0x0, 0x60, 0x1f, 0x87, 0xe, 0x0, 0xf,
    0xff, 0x6, 0x0, 0x60, 0x3f, 0x86, 0x4, 0x20,
    0x41, 0xf8,

    /* U+C22F "숯" */
    0x6, 0x0, 0x60, 0x1f, 0x87, 0xe, 0x0, 0xf,
    0xff, 0x6, 0x0, 0x60, 0x3f, 0xc0, 0x60, 0x1f,
    0x87, 0xe,

    /* U+C231 "숱" */
    0x6, 0x0, 0x60, 0x1d, 0x87, 0xe, 0x0, 0xf,
    0xff, 0x6, 0x7, 0xfe, 0x60, 0x7, 0xfe, 0x60,
    0x7, 0xfe,

    /* U+C232 "숲" */
    0x6, 0x0, 0x60, 0x1f, 0x87, 0xe, 0x0, 0xf,
    0xff, 0x6, 0x0, 0x60, 0x7f, 0xe1, 0x98, 0x19,
    0x87, 0xfe,

    /* U+C234 "숴" */
    0x0, 0x46, 0x11, 0x84, 0xf1, 0x66, 0x70, 0x90,
    0x7, 0xfd, 0x18, 0x46, 0xf1, 0x84, 0x61, 0x18,
    0x40,

    /* U+C248 "쉈" */
    0x10, 0x43, 0x8, 0xb9, 0x21, 0x23, 0xf5, 0xf4,
    0x84, 0xf0, 0x82, 0x10, 0x82, 0x10, 0xe7, 0x37,
    0xb4, 0x62,

    /* U+C250 "쉐" */
    0x0, 0x20, 0x14, 0x42, 0x88, 0x52, 0xca, 0xcd,
    0x40, 0x2f, 0xf5, 0x10, 0xa2, 0x74, 0x42, 0x88,
    0x50, 0xa,

    /* U+C251 "쉑" */
    0x0, 0xa2, 0x14, 0x42, 0x94, 0x56, 0x6a, 0x1,
    0x7f, 0xa8, 0x9d, 0x0, 0x7, 0xfc, 0x0, 0x80,
    0x10, 0x2,

    /* U+C254 "쉔" */
    0x0, 0x46, 0x28, 0xc5, 0x1c, 0xac, 0xd4, 0x2,
    0xbf, 0x51, 0x8a, 0x37, 0x40, 0x28, 0x80, 0x10,
    0x3, 0xfe,

    /* U+C258 "쉘" */
    0x0, 0x46, 0x28, 0xc5, 0x66, 0xa0, 0x15, 0xfa,
    0x8d, 0xd0, 0x0, 0x3f, 0xc0, 0x8, 0xff, 0x10,
    0x3, 0xfe,

    /* U+C260 "쉠" */
    0x1, 0x4c, 0x53, 0x15, 0xf5, 0xc5, 0x7f, 0x5f,
    0x14, 0xdd, 0x0, 0xf, 0xf2, 0x4, 0x81, 0x3f,
    0xc0,

    /* U+C265 "쉥" */
    0x0, 0x31, 0x8b, 0x18, 0xb7, 0xeb, 0x42, 0xb7,
    0xeb, 0xfc, 0xb1, 0xbb, 0x18, 0x81, 0xfe, 0x30,
    0x33, 0x3, 0x1f, 0xe0,

    /* U+C26C "쉬" */
    0x0, 0x46, 0x11, 0x84, 0xf1, 0x66, 0x70, 0x90,
    0x7, 0xfd, 0x18, 0x46, 0x11, 0x84, 0x61, 0x18,
    0x40,

    /* U+C26D "쉭" */
    0x0, 0x42, 0x10, 0x84, 0x51, 0x63, 0x40, 0x1f,
    0xf4, 0x21, 0x8, 0xf, 0xf0, 0x4, 0x1, 0x0,
    0x40,

    /* U+C270 "쉰" */
    0x0, 0x43, 0x8, 0x61, 0xe, 0x23, 0x64, 0xc4,
    0x80, 0x17, 0xfa, 0x18, 0x43, 0x0, 0x80, 0x10,
    0x3, 0xfe,

    /* U+C274 "쉴" */
    0x0, 0x43, 0x8, 0x61, 0x33, 0xa0, 0x5, 0xfe,
    0x86, 0x10, 0xc0, 0x3f, 0xc0, 0x8, 0xff, 0x10,
    0x3, 0xfe,

    /* U+C27C "쉼" */
    0x0, 0x46, 0x11, 0x84, 0xf1, 0x67, 0x40, 0x1f,
    0xf4, 0x61, 0x18, 0xf, 0xf2, 0x4, 0x81, 0x3f,
    0xc0,

    /* U+C27D "쉽" */
    0x0, 0x46, 0x11, 0x84, 0xf1, 0x67, 0x40, 0x1f,
    0xf4, 0x60, 0x38, 0x48, 0x13, 0xfc, 0x81, 0x3f,
    0xc0,

    /* U+C27F "쉿" */
    0x0, 0x43, 0x8, 0x61, 0x1e, 0x2e, 0x74, 0x0,
    0xbf, 0xd0, 0x82, 0x12, 0x40, 0x40, 0x34, 0x3c,
    0x70, 0x0,

    /* U+C281 "슁" */
    0x0, 0x46, 0x11, 0x84, 0xf1, 0x67, 0x40, 0x1f,
    0xf4, 0x61, 0x18, 0x7, 0xe2, 0x4, 0x81, 0x1f,
    0x80,

    /* U+C288 "슈" */
    0x6, 0x0, 0x60, 0xe, 0x1, 0x98, 0x70, 0xe4,
    0x2, 0x0, 0xf, 0xff, 0x10, 0x81, 0x8, 0x10,
    0x81, 0x8,

    /* U+C289 "슉" */
    0x2, 0x0, 0x60, 0xd, 0x87, 0xe, 0x0, 0xf,
    0xff, 0x18, 0x81, 0x88, 0x3f, 0xe0, 0x6, 0x0,
    0x60, 0x6,

    /* U+C290 "슐" */
    0x6, 0x0, 0x60, 0xf, 0x3, 0x9c, 0x70, 0x60,
    0x0, 0xff, 0xf1, 0x88, 0x7f, 0xe0, 0x6, 0x7f,
    0xe6, 0x0, 0x7f, 0xe0,

    /* U+C298 "슘" */
    0x6, 0x0, 0x60, 0xd, 0x87, 0xe, 0x0, 0xf,
    0xff, 0x18, 0x81, 0x88, 0x7f, 0xe6, 0x6, 0x60,
    0x67, 0xfe,

    /* U+C29B "슛" */
    0x6, 0x0, 0x60, 0x1f, 0x87, 0xe, 0x0, 0xf,
    0xff, 0x10, 0xc1, 0x6c, 0x6, 0x0, 0xf0, 0x79,
    0xe4, 0x2,

    /* U+C29D "슝" */
    0x6, 0x0, 0x60, 0x1f, 0x87, 0xe, 0x0, 0xf,
    0xff, 0x10, 0x81, 0x8, 0x1f, 0x86, 0x4, 0x60,
    0x41, 0xf8,

    /* U+C2A4 "스" */
    0x6, 0x0, 0x60, 0x6, 0x0, 0xf0, 0x19, 0x87,
    0xe, 0x0, 0x0, 0x0, 0x0, 0xf, 0xff,

    /* U+C2A5 "슥" */
    0x2, 0x0, 0x60, 0xf, 0x1, 0x9c, 0x70, 0x60,
    0x0, 0xff, 0xf0, 0x0, 0x3f, 0xe0, 0x6, 0x0,
    0x60, 0x6,

    /* U+C2A8 "슨" */
    0x6, 0x0, 0x60, 0xf, 0x3, 0x9c, 0x60, 0x60,
    0x0, 0xff, 0xf0, 0x0, 0x20, 0x2, 0x0, 0x20,
    0x3, 0xfe,

    /* U+C2AC "슬" */
    0x6, 0x0, 0x60, 0xf, 0x3, 0x9c, 0x70, 0x60,
    0x0, 0xff, 0xf0, 0x0, 0x7f, 0xe0, 0x6, 0x7f,
    0xe6, 0x0, 0x7f, 0xe0,

    /* U+C2AD "슭" */
    0x2, 0x0, 0x70, 0xd, 0x87, 0xe, 0x0, 0xf,
    0xff, 0x0, 0x7, 0xde, 0xc, 0x67, 0xc6, 0x60,
    0x67, 0xe6,

    /* U+C2B4 "슴" */
    0x6, 0x0, 0x60, 0x1f, 0x87, 0xe, 0x0, 0xf,
    0xff, 0x0, 0x0, 0x0, 0x7f, 0xe6, 0x6, 0x60,
    0x67, 0xfe,

    /* U+C2B5 "습" */
    0x6, 0x0, 0x60, 0x1f, 0x7, 0xe, 0x0, 0xf,
    0xff, 0x0, 0x6, 0x4, 0x7f, 0xc6, 0x4, 0x60,
    0x47, 0xfc,

    /* U+C2B7 "슷" */
    0x6, 0x0, 0x60, 0xf, 0x3, 0x9c, 0x60, 0x60,
    0x0, 0xff, 0xf0, 0x0, 0x6, 0x0, 0x60, 0xf,
    0x7, 0xe,

    /* U+C2B9 "승" */
    0x6, 0x0, 0x60, 0x1f, 0x87, 0xe, 0x0, 0xf,
    0xff, 0x0, 0x0, 0x0, 0x1f, 0x86, 0x4, 0x60,
    0x41, 0xf8,

    /* U+C2DC "시" */
    0x0, 0x44, 0x11, 0x4, 0x41, 0x10, 0x44, 0x12,
    0x84, 0xb1, 0x46, 0x70, 0x90, 0x4, 0x1, 0x0,
    0x40,

    /* U+C2DD "식" */
    0x0, 0x44, 0x11, 0x4, 0x41, 0x28, 0x79, 0x90,
    0x4, 0x0, 0x0, 0xf, 0xf0, 0x4, 0x1, 0x0,
    0x40,

    /* U+C2E0 "신" */
    0x0, 0x44, 0x11, 0x4, 0x41, 0x38, 0x4a, 0x16,
    0xe7, 0x9, 0x0, 0x48, 0x2, 0x0, 0x80, 0x3f,
    0xc0,

    /* U+C2E3 "싣" */
    0x0, 0x44, 0x11, 0x4, 0xe1, 0x28, 0x71, 0xd8,
    0x4, 0x0, 0x3f, 0xc8, 0x2, 0x0, 0x80, 0x3f,
    0xc0,

    /* U+C2E4 "실" */
    0x0, 0x44, 0x11, 0x4, 0xe1, 0x6e, 0x70, 0x90,
    0x0, 0x0, 0x3f, 0xc0, 0x13, 0xfc, 0x80, 0x3f,
    0xc0,

    /* U+C2EB "싫" */
    0x0, 0x21, 0x82, 0x18, 0x21, 0xc2, 0x36, 0x26,
    0x12, 0x0, 0x0, 0xc, 0x3d, 0xf0, 0x5f, 0x3c,
    0xe2, 0x12, 0x3e, 0xe0,

    /* U+C2EC "심" */
    0x0, 0x44, 0x11, 0x4, 0xe1, 0x28, 0x71, 0x98,
    0x4, 0x0, 0x3f, 0xc8, 0x12, 0x4, 0x81, 0x3f,
    0xc0,

    /* U+C2ED "십" */
    0x0, 0x44, 0x11, 0x4, 0xc1, 0x28, 0x5b, 0x98,
    0x24, 0x0, 0x20, 0x4f, 0xf2, 0x4, 0x81, 0x3f,
    0xc0,

    /* U+C2EF "싯" */
    0x0, 0x42, 0x8, 0x41, 0x8, 0x22, 0x84, 0xcc,
    0xb0, 0x10, 0x32, 0x6, 0x1, 0xe0, 0x66, 0x38,
    0x60,

    /* U+C2F1 "싱" */
    0x0, 0x44, 0x11, 0x4, 0x61, 0x2c, 0x79, 0xd0,
    0x4, 0x0, 0x1f, 0x8c, 0x32, 0x4, 0xc3, 0x1f,
    0x80,

    /* U+C2F6 "싶" */
    0x0, 0x63, 0xc, 0x61, 0x8c, 0x33, 0xc6, 0xce,
    0xd0, 0x18, 0x0, 0x3f, 0xe1, 0x10, 0x22, 0x4,
    0x43, 0xfe,

    /* U+C2F8 "싸" */
    0x0, 0x42, 0x24, 0x22, 0x42, 0x24, 0x22, 0x42,
    0x27, 0x26, 0x45, 0x54, 0xdd, 0x40, 0x94, 0x0,
    0x40, 0x4, 0x0, 0x40,

    /* U+C2F9 "싹" */
    0x0, 0x20, 0x2, 0x32, 0x23, 0x22, 0x33, 0x37,
    0xda, 0x0, 0xa0, 0x0, 0x0, 0x3, 0xfe, 0x0,
    0x20, 0x2, 0x0, 0x20,

    /* U+C2FB "싻" */
    0x0, 0x21, 0x22, 0x12, 0x21, 0x23, 0x2d, 0x26,
    0xda, 0x40, 0x20, 0x0, 0x3c, 0x40, 0x44, 0x4,
    0xe0, 0x5b, 0x7, 0x10,

    /* U+C2FC "싼" */
    0x0, 0x40, 0x8, 0x91, 0x12, 0x22, 0x46, 0xb4,
    0xb6, 0xd0, 0x8a, 0x0, 0x44, 0x0, 0x80, 0x10,
    0x3, 0xfc,

    /* U+C300 "쌀" */
    0x0, 0x42, 0x44, 0x24, 0x42, 0x67, 0x5b, 0x40,
    0x14, 0x0, 0x0, 0x0, 0x3f, 0xc0, 0x4, 0x3f,
    0xc2, 0x0, 0x3f, 0xe0,

    /* U+C308 "쌈" */
    0x0, 0x44, 0x88, 0x91, 0x12, 0x26, 0x66, 0xb6,
    0xa0, 0x50, 0x0, 0x3f, 0xc4, 0x8, 0x81, 0x10,
    0x23, 0xfc,

    /* U+C309 "쌉" */
    0x0, 0x44, 0x88, 0x91, 0x12, 0x37, 0xa5, 0xb7,
    0x80, 0x50, 0x0, 0x20, 0x47, 0xf8, 0x81, 0x10,
    0x23, 0xfc,

    /* U+C30C "쌌" */
    0x0, 0x44, 0x88, 0x91, 0x12, 0x35, 0xa5, 0xb7,
    0x80, 0x10, 0x0, 0x10, 0x83, 0x30, 0xad, 0x37,
    0x30,

    /* U+C30D "쌍" */
    0x0, 0x44, 0x88, 0x91, 0x12, 0x26, 0x66, 0xb6,
    0x80, 0x10, 0x0, 0x1f, 0x86, 0x18, 0x81, 0x18,
    0x61, 0xf8,

    /* U+C313 "쌓" */
    0x0, 0x62, 0x26, 0x36, 0x63, 0x67, 0x77, 0x6d,
    0xde, 0x8, 0x60, 0x20, 0x3f, 0xe0, 0xf8, 0x10,
    0x41, 0x4, 0xf, 0x80,

    /* U+C314 "쌔" */
    0x0, 0x20, 0x14, 0x92, 0x92, 0x52, 0x4a, 0x49,
    0x49, 0x3b, 0xb5, 0x5a, 0xab, 0x74, 0x2, 0x80,
    0x50, 0xa,

    /* U+C315 "쌕" */
    0x0, 0xa4, 0x94, 0x92, 0x92, 0x77, 0xea, 0xb7,
    0x40, 0x28, 0x0, 0x3f, 0xe0, 0x4, 0x0, 0x80,
    0x10,

    /* U+C318 "쌘" */
    0x0, 0x20, 0xa, 0x24, 0xa2, 0x4a, 0x24, 0xe5,
    0xaa, 0x5b, 0xa5, 0x8a, 0x0, 0xa1, 0x8, 0x10,
    0x1, 0x0, 0x1f, 0xf0,

    /* U+C31C "쌜" */
    0x0, 0xa2, 0x4a, 0x24, 0xa2, 0x4e, 0x5a, 0xa5,
    0xba, 0x0, 0x0, 0x0, 0x1f, 0xe0, 0x2, 0x1f,
    0xe1, 0x0, 0x1f, 0xf0,

    /* U+C324 "쌤" */
    0x24, 0xa4, 0x94, 0x92, 0x92, 0x77, 0xeb, 0xb7,
    0x40, 0x28, 0xff, 0x10, 0x22, 0x4, 0x40, 0x8f,
    0xf0,

    /* U+C325 "쌥" */
    0x24, 0xa4, 0x94, 0x93, 0xbf, 0x55, 0xba, 0x21,
    0x40, 0x0, 0x81, 0x1f, 0xe2, 0x4, 0x40, 0x8f,
    0xf0,

    /* U+C328 "쌨" */
    0x24, 0xa2, 0x4a, 0x24, 0xa2, 0x4e, 0x7a, 0xad,
    0xba, 0x0, 0xa0, 0x0, 0x8, 0xc1, 0xcc, 0x14,
    0xe3, 0x73,

    /* U+C329 "쌩" */
    0x0, 0x24, 0x94, 0x92, 0x92, 0x52, 0x4e, 0xfd,
    0x56, 0xe8, 0x5, 0xf, 0x83, 0xc, 0x40, 0x8c,
    0x30, 0xfc,

    /* U+C345 "썅" */
    0x0, 0x44, 0x88, 0x91, 0x92, 0x26, 0x64, 0xb6,
    0xc0, 0x10, 0x0, 0x1f, 0x86, 0x18, 0x81, 0x18,
    0x61, 0xf8,

    /* U+C368 "써" */
    0x0, 0x24, 0x44, 0x88, 0x91, 0x12, 0x22, 0x45,
    0xc8, 0x8a, 0xa9, 0x5d, 0x39, 0x14, 0x0, 0x80,
    0x10, 0x2,

    /* U+C369 "썩" */
    0x0, 0x20, 0x4, 0x90, 0x92, 0x76, 0x63, 0xb7,
    0x40, 0x8, 0x0, 0x0, 0x7, 0xfc, 0x0, 0x80,
    0x10, 0x2,

    /* U+C36C "썬" */
    0x0, 0x20, 0x4, 0x90, 0x92, 0x72, 0x42, 0xb4,
    0x76, 0xe8, 0xc5, 0x0, 0x24, 0x0, 0x80, 0x10,
    0x3, 0xfe,

    /* U+C370 "썰" */
    0x0, 0x24, 0x84, 0x90, 0x93, 0x75, 0xb2, 0x33,
    0x40, 0x0, 0x0, 0x3f, 0xe0, 0x4, 0xff, 0x90,
    0x3, 0xfe,

    /* U+C372 "썲" */
    0x0, 0x24, 0x44, 0x88, 0x9b, 0x77, 0x73, 0xbb,
    0x40, 0x8, 0x0, 0x3d, 0xe0, 0xa4, 0xf4, 0x90,
    0x93, 0xde,

    /* U+C378 "썸" */
    0x0, 0x24, 0x84, 0x90, 0x92, 0x77, 0xe3, 0xb7,
    0x40, 0x8, 0x0, 0x3f, 0xe4, 0x4, 0x80, 0x90,
    0x13, 0xfe,

    /* U+C379 "썹" */
    0x0, 0x24, 0x84, 0x90, 0x92, 0x77, 0xe3, 0xb7,
    0x40, 0x28, 0x0, 0x20, 0x27, 0xfc, 0x80, 0x90,
    0x13, 0xfe,

    /* U+C37C "썼" */
    0x0, 0x64, 0x8c, 0x91, 0x92, 0x77, 0xe7, 0xb6,
    0xc0, 0x18, 0x84, 0x10, 0x83, 0x30, 0xad, 0x37,
    0x10,

    /* U+C37D "썽" */
    0x0, 0x64, 0x8c, 0x91, 0x92, 0xf6, 0x66, 0xb4,
    0xf6, 0x58, 0x3, 0xf, 0x86, 0x1c, 0x81, 0x98,
    0x70, 0xf8,

    /* U+C384 "쎄" */
    0x0, 0x10, 0x9, 0x24, 0x92, 0x49, 0x24, 0x92,
    0x59, 0x24, 0x97, 0xe9, 0x5a, 0x95, 0xa9, 0x0,
    0x90, 0x9, 0x0, 0x90,

    /* U+C388 "쎈" */
    0x0, 0x10, 0x9, 0x24, 0x92, 0x59, 0x24, 0x95,
    0xa9, 0x5b, 0x91, 0x89, 0x0, 0x91, 0x8, 0x10,
    0x1, 0x0, 0x1f, 0xf0,

    /* U+C38C "쎌" */
    0x0, 0x12, 0x49, 0x24, 0x92, 0x59, 0x7e, 0x95,
    0xa9, 0x18, 0x80, 0x0, 0x1f, 0xf0, 0x1, 0x1f,
    0xf1, 0x0, 0x1f, 0xf0,

    /* U+C3C0 "쏀" */
    0x0, 0x20, 0x14, 0x96, 0x92, 0x52, 0x5a, 0xf9,
    0x56, 0xaa, 0xd5, 0x0, 0xa2, 0x10, 0x40, 0x8,
    0x1, 0xfe,

    /* U+C3D8 "쏘" */
    0x10, 0x81, 0x8, 0x30, 0xc3, 0x9c, 0x6f, 0x6c,
    0x63, 0x0, 0x0, 0x60, 0x6, 0xf, 0xff,

    /* U+C3D9 "쏙" */
    0x18, 0x81, 0x8c, 0x39, 0xc6, 0x76, 0x42, 0x20,
    0x20, 0xff, 0xf0, 0x0, 0x3f, 0xe0, 0x6, 0x0,
    0x60, 0x6,

    /* U+C3DC "쏜" */
    0x10, 0xc1, 0xc, 0x39, 0xce, 0xf7, 0x0, 0x0,
    0x60, 0xff, 0xf0, 0x0, 0x0, 0x6, 0x0, 0x60,
    0x7, 0xfe,

    /* U+C3DF "쏟" */
    0x10, 0xc1, 0xc, 0x39, 0xc6, 0xf6, 0x42, 0x20,
    0x60, 0xff, 0xf0, 0x0, 0x7f, 0xe6, 0x0, 0x60,
    0x7, 0xfe,

    /* U+C3E0 "쏠" */
    0x10, 0xc3, 0x8c, 0x6f, 0x64, 0x63, 0x6, 0xf,
    0xff, 0x0, 0x7, 0xfe, 0x0, 0x67, 0xfe, 0x60,
    0x7, 0xfe,

    /* U+C3E2 "쏢" */
    0x10, 0x83, 0x9c, 0x6f, 0x64, 0x62, 0x6, 0xf,
    0xff, 0x0, 0x7, 0xfe, 0xf, 0x67, 0xf6, 0x63,
    0x67, 0xfe,

    /* U+C3E8 "쏨" */
    0x10, 0x81, 0x8, 0x39, 0xc6, 0xf6, 0x46, 0x20,
    0x60, 0xff, 0xf0, 0x0, 0x7f, 0xe6, 0x6, 0x60,
    0x67, 0xfe,

    /* U+C3E9 "쏩" */
    0x10, 0x83, 0x9c, 0x6f, 0x44, 0x62, 0x6, 0xf,
    0xff, 0x0, 0x6, 0x4, 0x7f, 0xc6, 0x4, 0x60,
    0x47, 0xfc,

    /* U+C3ED "쏭" */
    0x10, 0x81, 0x8, 0x39, 0xc6, 0xf6, 0x46, 0x20,
    0x60, 0xff, 0xf0, 0x0, 0x1f, 0x86, 0x4, 0x60,
    0x41, 0xf8,

    /* U+C3F4 "쏴" */
    0x0, 0x42, 0x44, 0x24, 0x42, 0x44, 0x24, 0x45,
    0xa4, 0xd9, 0x71, 0x84, 0x18, 0x4f, 0xf4, 0x0,
    0x40, 0x4, 0x0, 0x40,

    /* U+C3F5 "쏵" */
    0x0, 0x42, 0x44, 0x24, 0x47, 0xe4, 0xdb, 0x70,
    0x14, 0x18, 0x4f, 0xf4, 0x0, 0x3, 0xfc, 0x0,
    0x40, 0x4, 0x0, 0x40,

    /* U+C3F8 "쏸" */
    0x0, 0x42, 0x44, 0x24, 0x42, 0x44, 0x5a, 0x45,
    0x97, 0x18, 0x4f, 0xf4, 0x0, 0x40, 0x0, 0x20,
    0x2, 0x0, 0x3f, 0xe0,

    /* U+C408 "쐈" */
    0x0, 0x44, 0x88, 0x91, 0x37, 0x2d, 0xb6, 0x82,
    0x86, 0x17, 0xfc, 0x10, 0x87, 0x31, 0xad, 0x23,
    0x10,

    /* U+C410 "쐐" */
    0x0, 0x24, 0x94, 0x92, 0x92, 0x52, 0x4a, 0xfd,
    0x76, 0xf8, 0xc5, 0x18, 0xaf, 0xf4, 0x2, 0x80,
    0x50, 0xa,

    /* U+C424 "쐤" */
    0x0, 0x49, 0x29, 0x25, 0x24, 0xab, 0x7d, 0xa,
    0x8c, 0x57, 0xea, 0x11, 0x82, 0x30, 0xe6, 0x37,
    0xe4, 0x60,

    /* U+C42C "쐬" */
    0x0, 0x40, 0x12, 0x44, 0x91, 0x24, 0x56, 0x9d,
    0xb4, 0x5, 0x18, 0x46, 0x1f, 0xf4, 0x1, 0x0,
    0x40,

    /* U+C430 "쐰" */
    0x0, 0x44, 0x88, 0x91, 0x12, 0x25, 0xb4, 0x2,
    0x86, 0x17, 0xfa, 0x0, 0x40, 0x0, 0x80, 0x10,
    0x3, 0xfe,

    /* U+C434 "쐴" */
    0x0, 0x44, 0x88, 0x91, 0x2d, 0x21, 0x14, 0x32,
    0xbc, 0x10, 0x0, 0x3f, 0xc0, 0x8, 0xff, 0x10,
    0x3, 0xfe,

    /* U+C43C "쐼" */
    0x0, 0x49, 0x12, 0x44, 0x91, 0x5b, 0x40, 0x51,
    0x87, 0xfd, 0x0, 0xf, 0xf2, 0x4, 0x81, 0x3f,
    0xc0,

    /* U+C43D "쐽" */
    0x0, 0x49, 0x12, 0x45, 0x69, 0xdb, 0x46, 0x1f,
    0xf4, 0x0, 0x20, 0x4f, 0xf2, 0x4, 0x81, 0x3f,
    0xc0,

    /* U+C448 "쑈" */
    0x10, 0x81, 0x8, 0x30, 0xc3, 0x9c, 0x6f, 0x6c,
    0x63, 0x19, 0x81, 0x98, 0x19, 0x8f, 0xff,

    /* U+C464 "쑤" */
    0x10, 0x81, 0x8, 0x30, 0xc2, 0x94, 0xef, 0x70,
    0x60, 0x0, 0xf, 0xff, 0x6, 0x0, 0x60, 0x6,
    0x0, 0x60,

    /* U+C465 "쑥" */
    0x18, 0x81, 0x8c, 0x39, 0xce, 0x73, 0x0, 0xf,
    0xff, 0x2, 0x0, 0x20, 0x3f, 0xe0, 0x6, 0x0,
    0x60, 0x6,

    /* U+C468 "쑨" */
    0x10, 0xc1, 0xc, 0x38, 0xc6, 0xd6, 0x47, 0x30,
    0x0, 0xff, 0xf0, 0x60, 0x6, 0x6, 0x0, 0x60,
    0x7, 0xfe,

    /* U+C46C "쑬" */
    0x10, 0xc3, 0x8c, 0x29, 0xce, 0xf3, 0x0, 0xf,
    0xff, 0x6, 0x7, 0xfe, 0x0, 0x67, 0xfe, 0x60,
    0x7, 0xfe,

    /* U+C474 "쑴" */
    0x10, 0x83, 0x8, 0x29, 0x4e, 0xf7, 0x0, 0xf,
    0xff, 0x6, 0x0, 0x60, 0x7f, 0xe6, 0x6, 0x60,
    0x67, 0xfe,

    /* U+C475 "쑵" */
    0x10, 0x83, 0x8, 0x29, 0x4c, 0xf7, 0x0, 0xf,
    0xff, 0x6, 0x6, 0x66, 0x60, 0x67, 0xfe, 0x60,
    0x67, 0xfe,

    /* U+C479 "쑹" */
    0x10, 0x83, 0x8, 0x29, 0x4c, 0xf7, 0x0, 0xf,
    0xff, 0x6, 0x0, 0x60, 0x3f, 0x86, 0x4, 0x60,
    0x41, 0xf8,

    /* U+C480 "쒀" */
    0x0, 0x48, 0x92, 0x24, 0x89, 0x57, 0x42, 0x50,
    0x7, 0xfd, 0x18, 0x46, 0xf1, 0x84, 0x61, 0x18,
    0x40,

    /* U+C494 "쒔" */
    0x0, 0x42, 0x44, 0x24, 0x45, 0xb4, 0x59, 0x41,
    0xfc, 0xfc, 0x41, 0xbc, 0x0, 0x1, 0x8, 0x39,
    0xc6, 0xf6, 0x44, 0x0,

    /* U+C49C "쒜" */
    0x0, 0x24, 0x94, 0x92, 0x92, 0x57, 0xea, 0xb7,
    0x40, 0x2b, 0xf5, 0x18, 0xa3, 0x74, 0x62, 0x8c,
    0x50, 0xa,

    /* U+C4B8 "쒸" */
    0x0, 0x48, 0x92, 0x24, 0x89, 0x55, 0x42, 0x50,
    0x7, 0xff, 0x1c, 0x47, 0x11, 0xc4, 0x71, 0x1c,
    0x40,

    /* U+C4BC "쒼" */
    0x0, 0x44, 0x88, 0x91, 0x12, 0x25, 0xa4, 0xb6,
    0x80, 0x17, 0xfa, 0x8, 0x44, 0x0, 0x80, 0x10,
    0x3, 0xfe,

    /* U+C4E9 "쓩" */
    0x10, 0x81, 0x98, 0x29, 0x4c, 0xf7, 0x0, 0xf,
    0xff, 0x10, 0x81, 0x8, 0x1f, 0x86, 0x4, 0x60,
    0x41, 0xf8,

    /* U+C4F0 "쓰" */
    0x10, 0x81, 0x8, 0x30, 0x83, 0x9c, 0x69, 0x6c,
    0xf3, 0x6, 0x0, 0x0, 0x0, 0xf, 0xff,

    /* U+C4F1 "쓱" */
    0x18, 0x81, 0x8c, 0x18, 0xc6, 0xd6, 0x47, 0x20,
    0x0, 0xff, 0xf0, 0x0, 0x3f, 0xe0, 0x6, 0x0,
    0x60, 0x6,

    /* U+C4F4 "쓴" */
    0x10, 0xc1, 0xc, 0x38, 0xc6, 0xd6, 0x47, 0x30,
    0x0, 0xff, 0xf0, 0x0, 0x60, 0x6, 0x0, 0x60,
    0x7, 0xfe,

    /* U+C4F8 "쓸" */
    0x10, 0xc3, 0x8c, 0x29, 0xcc, 0xf3, 0x0, 0xf,
    0xff, 0x0, 0x7, 0xfe, 0x0, 0x67, 0xfe, 0x60,
    0x7, 0xfe,

    /* U+C4FA "쓺" */
    0x10, 0x83, 0xc, 0x29, 0x4c, 0xf3, 0x0, 0xf,
    0xff, 0x0, 0x7, 0xfe, 0xf, 0x67, 0xf6, 0x63,
    0x67, 0xfe,

    /* U+C4FF "쓿" */
    0x10, 0x83, 0xc, 0x29, 0x4c, 0xf3, 0x0, 0xf,
    0xff, 0x0, 0x87, 0x88, 0xb, 0xf7, 0x9c, 0x63,
    0x27, 0xdc,

    /* U+C500 "씀" */
    0x10, 0x83, 0x88, 0x29, 0x4c, 0xf3, 0x0, 0xf,
    0xff, 0x0, 0x0, 0x0, 0x7f, 0xe6, 0x6, 0x60,
    0x67, 0xfe,

    /* U+C501 "씁" */
    0x10, 0x83, 0x8, 0x29, 0x4c, 0xf7, 0x0, 0xf,
    0xff, 0x0, 0x6, 0x6, 0x7f, 0xe6, 0x6, 0x60,
    0x67, 0xfe,

    /* U+C50C "씌" */
    0x0, 0x49, 0x12, 0x44, 0x91, 0x66, 0x56, 0x9d,
    0x94, 0x1, 0x0, 0x7f, 0xd0, 0x4, 0x1, 0x0,
    0x40,

    /* U+C510 "씐" */
    0x0, 0x44, 0x88, 0x91, 0x12, 0x25, 0xa5, 0xb6,
    0x80, 0x17, 0xfa, 0x0, 0x44, 0x0, 0x80, 0x10,
    0x3, 0xfe,

    /* U+C514 "씔" */
    0x0, 0x44, 0x88, 0x91, 0x3d, 0x2d, 0xb4, 0x0,
    0xbf, 0xd0, 0x0, 0x3f, 0xc0, 0x8, 0xff, 0x10,
    0x3, 0xfe,

    /* U+C51C "씜" */
    0x0, 0x49, 0x12, 0x44, 0x91, 0x5a, 0x56, 0x50,
    0x7, 0xfd, 0x0, 0xf, 0xf2, 0x4, 0x81, 0x3f,
    0xc0,

    /* U+C528 "씨" */
    0x0, 0x24, 0x44, 0x88, 0x91, 0x12, 0x22, 0x44,
    0x48, 0x8a, 0xa9, 0x5d, 0xb9, 0x14, 0x0, 0x80,
    0x10, 0x2,

    /* U+C529 "씩" */
    0x0, 0x20, 0x4, 0x90, 0x92, 0x16, 0x63, 0xb6,
    0x40, 0x8, 0x0, 0x0, 0x7, 0xfc, 0x0, 0x80,
    0x10, 0x2,

    /* U+C52C "씬" */
    0x0, 0x20, 0x4, 0x90, 0x92, 0x12, 0x42, 0xcc,
    0x56, 0xce, 0xc9, 0x0, 0x24, 0x0, 0x80, 0x10,
    0x3, 0xfe,

    /* U+C530 "씰" */
    0x0, 0x24, 0x44, 0x88, 0xbb, 0x9d, 0xda, 0x10,
    0x40, 0x0, 0x0, 0x3f, 0xe0, 0x4, 0xff, 0x98,
    0x3, 0xfe,

    /* U+C538 "씸" */
    0x0, 0x24, 0x84, 0x90, 0x92, 0x15, 0xa3, 0xb7,
    0x40, 0x8, 0x0, 0x3f, 0xe4, 0x4, 0x80, 0x90,
    0x13, 0xfe,

    /* U+C539 "씹" */
    0x0, 0x24, 0x84, 0x90, 0x92, 0x15, 0xa3, 0xb7,
    0x40, 0x48, 0x0, 0x20, 0x27, 0xfc, 0x80, 0x90,
    0x13, 0xfe,

    /* U+C53B "씻" */
    0x0, 0x22, 0x42, 0x24, 0x22, 0x42, 0x66, 0x25,
    0xb2, 0xd9, 0x20, 0x2, 0x6, 0x20, 0x60, 0xf,
    0x1, 0x9c, 0x30, 0x60,

    /* U+C53D "씽" */
    0x0, 0x26, 0x44, 0xc8, 0x99, 0x17, 0xd3, 0x9b,
    0x40, 0x8, 0x0, 0xf, 0x87, 0xc, 0xc0, 0x9c,
    0x30, 0xfc,

    /* U+C544 "아" */
    0x0, 0x86, 0x11, 0x22, 0x42, 0x48, 0x49, 0x9,
    0xe1, 0x24, 0x24, 0x48, 0x87, 0x10, 0x2, 0x0,
    0x40, 0x8,

    /* U+C545 "악" */
    0x0, 0x8f, 0x13, 0x32, 0x42, 0x48, 0x4f, 0x99,
    0x1e, 0x20, 0x0, 0x0, 0xf, 0xf0, 0x2, 0x0,
    0x40, 0x8,

    /* U+C548 "안" */
    0x0, 0x8f, 0x13, 0x32, 0x42, 0x48, 0x4f, 0x99,
    0x1e, 0x20, 0x4, 0x0, 0x8c, 0x1, 0x80, 0x30,
    0x7, 0xfc,

    /* U+C549 "앉" */
    0x0, 0x8f, 0x13, 0x32, 0x42, 0x78, 0x49, 0x99,
    0x1e, 0x20, 0x0, 0x47, 0xc8, 0x21, 0xe, 0x3f,
    0x60,

    /* U+C54A "않" */
    0x0, 0x4f, 0x8b, 0x19, 0x41, 0x38, 0x25, 0x8c,
    0x9f, 0x0, 0xc, 0x47, 0xe8, 0xfd, 0xf, 0x21,
    0x27, 0xbc,

    /* U+C54C "알" */
    0x0, 0x8f, 0x12, 0x12, 0x42, 0x7c, 0xc8, 0x61,
    0x0, 0x3, 0xfc, 0x0, 0x80, 0x11, 0xfe, 0x30,
    0x7, 0xfc,

    /* U+C54D "앍" */
    0x0, 0x8f, 0x13, 0x32, 0x42, 0x78, 0x49, 0x99,
    0x1e, 0x0, 0x0, 0x7b, 0x81, 0x11, 0xe2, 0x20,
    0x47, 0xc8,

    /* U+C54E "앎" */
    0x0, 0x8f, 0x13, 0x12, 0x42, 0x78, 0x49, 0x89,
    0x1e, 0x0, 0x0, 0x7b, 0x81, 0x51, 0xea, 0x21,
    0x47, 0xb8,

    /* U+C553 "앓" */
    0x0, 0xcf, 0x1b, 0x13, 0x43, 0x78, 0x6d, 0x89,
    0x9e, 0x0, 0xc, 0x7f, 0xe1, 0xfd, 0xee, 0x21,
    0x27, 0xbc,

    /* U+C554 "암" */
    0x0, 0x8f, 0x13, 0x32, 0x42, 0x78, 0x48, 0xf1,
    0x8, 0x20, 0x0, 0x7f, 0x8c, 0x11, 0x82, 0x30,
    0x47, 0xf8,

    /* U+C555 "압" */
    0x0, 0x8f, 0x13, 0x32, 0x42, 0x78, 0x49, 0x99,
    0x1e, 0x20, 0x0, 0x60, 0x8f, 0xf1, 0x82, 0x30,
    0x47, 0xf8,

    /* U+C557 "앗" */
    0x0, 0x8f, 0x13, 0x32, 0x42, 0x48, 0x4f, 0x99,
    0x1e, 0x20, 0x4, 0x4, 0x1, 0xc0, 0x6c, 0x30,
    0xe0,

    /* U+C558 "았" */
    0x0, 0x8f, 0x13, 0x32, 0x42, 0x78, 0x49, 0x99,
    0x1e, 0x20, 0x0, 0x11, 0x2, 0x20, 0xaa, 0x67,
    0x30, 0x0,

    /* U+C559 "앙" */
    0x0, 0x47, 0x84, 0xcc, 0x48, 0x44, 0x84, 0x74,
    0x84, 0x0, 0x40, 0x0, 0x1f, 0x6, 0xc, 0x40,
    0x46, 0xc, 0x3f, 0x80,

    /* U+C55D "앝" */
    0x0, 0x8f, 0x13, 0x32, 0x42, 0x78, 0x49, 0x99,
    0x1e, 0x20, 0x0, 0x7f, 0x8c, 0x1, 0xfe, 0x30,
    0x7, 0xfc,

    /* U+C55E "앞" */
    0x0, 0x8f, 0x13, 0x32, 0x42, 0x78, 0x48, 0xf1,
    0x0, 0x20, 0x0, 0x7f, 0x82, 0x60, 0x4c, 0x9,
    0x87, 0xf8,

    /* U+C560 "애" */
    0x0, 0x40, 0x57, 0x17, 0x65, 0x89, 0x62, 0x78,
    0x96, 0x25, 0xd9, 0x5c, 0x50, 0x14, 0x5, 0x1,
    0x40,

    /* U+C561 "액" */
    0x1, 0x5e, 0x5c, 0xd6, 0x15, 0x85, 0xf3, 0x57,
    0x94, 0x0, 0x0, 0xf, 0xf0, 0x4, 0x1, 0x0,
    0x40,

    /* U+C564 "앤" */
    0x0, 0x5e, 0x5c, 0x96, 0x15, 0x85, 0xe1, 0x5c,
    0xd5, 0xe5, 0x1, 0x48, 0x42, 0x0, 0x80, 0x3f,
    0xc0,

    /* U+C568 "앨" */
    0x1, 0x4f, 0x2b, 0x35, 0x42, 0xe8, 0x55, 0x9a,
    0x9e, 0x0, 0x0, 0x3f, 0xc0, 0x8, 0xff, 0x18,
    0x3, 0xfe,

    /* U+C570 "앰" */
    0x1, 0x5e, 0x5c, 0xd6, 0x15, 0x85, 0xf3, 0x53,
    0x14, 0x0, 0x3f, 0xcc, 0x13, 0x4, 0xc1, 0x3f,
    0xc0,

    /* U+C571 "앱" */
    0x1, 0x5e, 0x5c, 0xd6, 0x17, 0x85, 0x73, 0x57,
    0x94, 0x0, 0x30, 0x4f, 0xf3, 0x4, 0xc1, 0x3f,
    0xc0,

    /* U+C573 "앳" */
    0x0, 0x4f, 0x2b, 0x35, 0x42, 0xa8, 0x5d, 0x9a,
    0x9e, 0x50, 0xa, 0x2, 0x0, 0xe0, 0x36, 0x3c,
    0x60,

    /* U+C574 "앴" */
    0x1, 0x4f, 0x2a, 0x35, 0x46, 0xe8, 0xd5, 0x32,
    0x9e, 0x50, 0x0, 0x10, 0x82, 0x10, 0xa5, 0x37,
    0xb0, 0x0,

    /* U+C575 "앵" */
    0x0, 0x5e, 0x5c, 0xd6, 0x15, 0x85, 0xe1, 0x57,
    0x94, 0xc4, 0x1f, 0x8c, 0x33, 0x4, 0xc3, 0x1f,
    0x80,

    /* U+C57C "야" */
    0x0, 0x86, 0x11, 0x22, 0x42, 0x48, 0x4f, 0x9,
    0x21, 0x24, 0x27, 0x48, 0xe7, 0x10, 0x2, 0x0,
    0x40, 0x8,

    /* U+C57D "약" */
    0x0, 0x8f, 0x13, 0x33, 0xc2, 0x48, 0x49, 0x99,
    0xde, 0x20, 0x0, 0x0, 0xf, 0xf0, 0x2, 0x0,
    0x40, 0x8,

    /* U+C580 "얀" */
    0x0, 0x86, 0x13, 0xf2, 0x42, 0x78, 0x49, 0x99,
    0xde, 0x20, 0x4, 0x0, 0x8c, 0x1, 0x80, 0x30,
    0x7, 0xfc,

    /* U+C584 "얄" */
    0x0, 0x8f, 0x13, 0x33, 0xc2, 0x48, 0x4e, 0x71,
    0x0, 0x3, 0xfc, 0x0, 0x80, 0x11, 0xfe, 0x30,
    0x7, 0xfc,

    /* U+C587 "얇" */
    0x0, 0x8f, 0x13, 0x13, 0xc2, 0x48, 0x4f, 0x89,
    0xde, 0x0, 0x0, 0x7a, 0x81, 0x71, 0xea, 0x21,
    0x47, 0xb8,

    /* U+C58C "얌" */
    0x0, 0x8f, 0x13, 0x33, 0xc2, 0x48, 0x49, 0x91,
    0xcc, 0x20, 0x0, 0x7f, 0x8c, 0x11, 0x82, 0x30,
    0x47, 0xf8,

    /* U+C58D "얍" */
    0x0, 0x8f, 0x13, 0x33, 0xc2, 0x48, 0x49, 0x99,
    0xde, 0x20, 0x0, 0x60, 0x8f, 0xf1, 0x82, 0x30,
    0x47, 0xf8,

    /* U+C58F "얏" */
    0x0, 0x8f, 0x13, 0x33, 0xc2, 0x48, 0x49, 0x99,
    0xde, 0x20, 0x4, 0x4, 0x1, 0xc0, 0x6c, 0x30,
    0xe0,

    /* U+C591 "양" */
    0x0, 0x47, 0x84, 0xcc, 0x78, 0x44, 0x84, 0x44,
    0x87, 0x30, 0x40, 0x0, 0x1f, 0x6, 0xc, 0x40,
    0x46, 0xc, 0x3f, 0x80,

    /* U+C595 "얕" */
    0x0, 0x8f, 0x13, 0x33, 0xc2, 0x48, 0x49, 0x99,
    0xde, 0x20, 0x0, 0x7f, 0x8c, 0x1, 0xfe, 0x30,
    0x7, 0xfc,

    /* U+C597 "얗" */
    0x0, 0x8f, 0x13, 0x33, 0xc2, 0x48, 0xce, 0xf1,
    0x0, 0x3, 0xfe, 0x0, 0x3, 0xe0, 0x82, 0x10,
    0x41, 0xf0,

    /* U+C598 "얘" */
    0x0, 0x40, 0x57, 0x17, 0x65, 0x89, 0xe2, 0x58,
    0x96, 0x27, 0xd9, 0x5c, 0x50, 0x14, 0x5, 0x1,
    0x40,

    /* U+C59C "얜" */
    0x0, 0x40, 0x57, 0x97, 0x37, 0x85, 0x61, 0x5c,
    0xdd, 0xe5, 0x1, 0x48, 0x42, 0x0, 0x80, 0x3f,
    0xc0,

    /* U+C5A0 "얠" */
    0x1, 0x4f, 0x2b, 0x37, 0x42, 0xa8, 0x55, 0x9b,
    0x9e, 0x0, 0x0, 0x3f, 0xc0, 0x8, 0xff, 0x18,
    0x3, 0xfe,

    /* U+C5A9 "얩" */
    0x1, 0x5e, 0x5c, 0xde, 0x15, 0x85, 0x73, 0x77,
    0x94, 0x0, 0x30, 0x4f, 0xf3, 0x4, 0xc1, 0x3f,
    0xc0,

    /* U+C5B4 "어" */
    0x0, 0x4e, 0x14, 0x86, 0x11, 0x84, 0x61, 0xf8,
    0x46, 0x11, 0x48, 0x4e, 0x10, 0x4, 0x1, 0x0,
    0x40,

    /* U+C5B5 "억" */
    0x0, 0x5e, 0x1c, 0x46, 0x19, 0x87, 0xf1, 0x17,
    0x84, 0x0, 0x0, 0xf, 0xf0, 0x4, 0x1, 0x0,
    0x40,

    /* U+C5B8 "언" */
    0x0, 0x4f, 0xb, 0x11, 0x43, 0xe8, 0x7d, 0x88,
    0x9e, 0x10, 0x2, 0x0, 0x44, 0x0, 0x80, 0x10,
    0x3, 0xfe,

    /* U+C5B9 "얹" */
    0x0, 0x6f, 0xf, 0x31, 0xc2, 0x38, 0x7f, 0x98,
    0xce, 0x18, 0x0, 0x7, 0xe8, 0x31, 0x6, 0x2d,
    0xe7, 0x66,

    /* U+C5BB "얻" */
    0x0, 0x4f, 0xb, 0x11, 0x43, 0x28, 0x7c, 0x98,
    0x8c, 0x10, 0x0, 0x3f, 0xe4, 0x0, 0x80, 0x10,
    0x3, 0xfe,

    /* U+C5BC "얼" */
    0x0, 0x4f, 0xb, 0x11, 0x43, 0xec, 0x44, 0xf0,
    0x80, 0x0, 0x0, 0x3f, 0xc0, 0x8, 0xff, 0x10,
    0x3, 0xfe,

    /* U+C5BD "얽" */
    0x0, 0x5e, 0x1c, 0x46, 0x1f, 0x86, 0x71, 0x17,
    0x84, 0x0, 0x7b, 0xc2, 0x17, 0x85, 0x1, 0x7e,
    0x40,

    /* U+C5BE "얾" */
    0x0, 0x5e, 0x1c, 0xc6, 0x1f, 0x84, 0x73, 0x17,
    0x80, 0x0, 0x7b, 0xc2, 0x97, 0xa5, 0x89, 0x7b,
    0xc0,

    /* U+C5C4 "엄" */
    0x0, 0x5e, 0x1c, 0x46, 0x11, 0x87, 0xd3, 0x13,
    0x4, 0x0, 0x3f, 0xc8, 0x12, 0x4, 0x81, 0x3f,
    0xc0,

    /* U+C5C5 "업" */
    0x0, 0x5e, 0x1c, 0x46, 0x1f, 0x86, 0x71, 0x17,
    0x84, 0x0, 0x20, 0x4f, 0xf2, 0x4, 0x81, 0x3f,
    0xc0,

    /* U+C5C6 "없" */
    0x0, 0x4f, 0xb, 0x31, 0x43, 0xe8, 0x45, 0x98,
    0x9e, 0x10, 0x0, 0x48, 0x8f, 0x11, 0x26, 0x25,
    0xa7, 0xe2,

    /* U+C5C7 "엇" */
    0x0, 0x4f, 0xb, 0x31, 0x42, 0x28, 0x7d, 0x98,
    0x9e, 0x10, 0x32, 0x6, 0x1, 0xe0, 0xe6, 0x38,
    0x60,

    /* U+C5C8 "었" */
    0x0, 0x47, 0x84, 0xcc, 0x48, 0x64, 0x87, 0xcc,
    0xc4, 0x7c, 0x41, 0x8, 0x10, 0x81, 0x8, 0x29,
    0x4c, 0xf6, 0x0, 0x0,

    /* U+C5C9 "엉" */
    0x0, 0x5e, 0x1c, 0x46, 0x11, 0x87, 0xd3, 0x13,
    0x4, 0x0, 0x1f, 0x8c, 0x36, 0x4, 0xc3, 0x1f,
    0x80,

    /* U+C5CA "엊" */
    0x0, 0x4f, 0xb, 0x11, 0x43, 0x28, 0x7c, 0x98,
    0x8c, 0x10, 0x0, 0x3f, 0xc0, 0xc0, 0x3c, 0x1c,
    0xe2, 0x4,

    /* U+C5CC "엌" */
    0x0, 0x5e, 0x1c, 0x46, 0x19, 0x87, 0xf1, 0x17,
    0x84, 0x0, 0x7f, 0xc0, 0x17, 0xfc, 0x1, 0x0,
    0x40,

    /* U+C5CE "엎" */
    0x0, 0xde, 0x3c, 0x4e, 0x1f, 0x84, 0xdf, 0x32,
    0xc, 0x0, 0x7f, 0xc2, 0x40, 0x90, 0x24, 0x7f,
    0xc0,

    /* U+C5D0 "에" */
    0x0, 0x40, 0x57, 0x17, 0x65, 0x89, 0x63, 0xd8,
    0x96, 0x25, 0xd9, 0x5c, 0x50, 0x14, 0x5, 0x1,
    0x40,

    /* U+C5D1 "엑" */
    0x1, 0x5e, 0x5c, 0x96, 0x15, 0x87, 0x73, 0x57,
    0x94, 0x0, 0x0, 0xf, 0xf0, 0x4, 0x1, 0x0,
    0x40,

    /* U+C5D4 "엔" */
    0x0, 0x5e, 0x5c, 0x96, 0x35, 0x87, 0x63, 0x5c,
    0x95, 0xe5, 0x1, 0x48, 0x42, 0x0, 0x80, 0x3f,
    0xc0,

    /* U+C5D8 "엘" */
    0x0, 0x4f, 0x2b, 0x35, 0x43, 0xa8, 0x55, 0x92,
    0x9e, 0x40, 0x0, 0x3f, 0xc0, 0x8, 0xff, 0x18,
    0x3, 0xfe,

    /* U+C5E0 "엠" */
    0x0, 0x5e, 0x5c, 0x96, 0x15, 0x87, 0x63, 0x57,
    0x94, 0x4, 0x3f, 0xcc, 0x13, 0x4, 0xc1, 0x3f,
    0xc0,

    /* U+C5E1 "엡" */
    0x0, 0x5e, 0x5c, 0xd6, 0x1d, 0x85, 0x72, 0x57,
    0x94, 0x0, 0x30, 0x4f, 0xf3, 0x4, 0xc1, 0x3f,
    0xc0,

    /* U+C5E3 "엣" */
    0x0, 0x4f, 0x2b, 0x35, 0x46, 0xa8, 0xf5, 0x9a,
    0x9e, 0x50, 0xa, 0x2, 0x0, 0xc0, 0x76, 0x38,
    0x60,

    /* U+C5E5 "엥" */
    0x0, 0x5e, 0x5c, 0x96, 0x15, 0x87, 0x63, 0x57,
    0x94, 0xc5, 0x1f, 0x8c, 0x33, 0x4, 0xc3, 0x1f,
    0x80,

    /* U+C5EC "여" */
    0x0, 0x4c, 0x17, 0x86, 0x3f, 0x84, 0x61, 0x18,
    0x46, 0x1f, 0x4c, 0x4e, 0x10, 0x4, 0x1, 0x0,
    0x40,

    /* U+C5ED "역" */
    0x0, 0x5e, 0x1c, 0xfe, 0x11, 0x84, 0x73, 0xf7,
    0x84, 0x0, 0x0, 0xf, 0xf0, 0x4, 0x1, 0x0,
    0x40,

    /* U+C5EE "엮" */
    0x0, 0x5e, 0x1c, 0xfe, 0x19, 0x86, 0x53, 0xf3,
    0x4, 0x0, 0x7b, 0xc2, 0x10, 0x84, 0x21, 0x8,
    0x40,

    /* U+C5F0 "연" */
    0x0, 0x4f, 0xb, 0x3f, 0x42, 0x28, 0x45, 0x8,
    0x93, 0xf3, 0xc2, 0x0, 0x44, 0x0, 0x80, 0x10,
    0x3, 0xfe,

    /* U+C5F4 "열" */
    0x0, 0x4f, 0xb, 0x3f, 0x42, 0x28, 0x45, 0x9f,
    0x9e, 0x0, 0x0, 0x3f, 0xc0, 0x8, 0xff, 0x10,
    0x3, 0xfe,

    /* U+C5F6 "엶" */
    0x0, 0x5e, 0x1c, 0xfe, 0x11, 0x84, 0x73, 0xf7,
    0x80, 0x0, 0x7b, 0xc2, 0x97, 0xa5, 0x89, 0x7b,
    0xc0,

    /* U+C5F7 "엷" */
    0x0, 0x5e, 0x1c, 0xfe, 0x11, 0x84, 0x73, 0xf7,
    0x80, 0x0, 0x7a, 0x42, 0xf7, 0xa5, 0x89, 0x7b,
    0xc0,

    /* U+C5FC "염" */
    0x0, 0x5e, 0x1c, 0xfe, 0x11, 0x84, 0x53, 0xf3,
    0x84, 0x0, 0x3f, 0xc8, 0x12, 0x4, 0x81, 0x3f,
    0xc0,

    /* U+C5FD "엽" */
    0x0, 0x5e, 0x1c, 0xfe, 0x11, 0x84, 0x73, 0xf7,
    0x84, 0x0, 0x20, 0x4f, 0xf2, 0x4, 0x81, 0x3f,
    0xc0,

    /* U+C5FE "엾" */
    0x0, 0x4f, 0xb, 0x3f, 0x42, 0x28, 0x45, 0x9f,
    0x9e, 0x10, 0x0, 0x48, 0x8f, 0x11, 0x26, 0x25,
    0xa7, 0xe2,

    /* U+C5FF "엿" */
    0x0, 0x4f, 0xb, 0x3f, 0x42, 0x28, 0x45, 0x9f,
    0x9e, 0x10, 0x22, 0x6, 0x1, 0xc0, 0xe6, 0x30,
    0x60,

    /* U+C600 "였" */
    0x0, 0x47, 0x84, 0xcf, 0xc8, 0x44, 0x84, 0x4c,
    0xfc, 0x78, 0x41, 0x8, 0x10, 0x81, 0x8, 0x29,
    0x4c, 0xe6, 0x4, 0x0,

    /* U+C601 "영" */
    0x0, 0x5e, 0x1c, 0xfe, 0x11, 0x84, 0x53, 0xf3,
    0x4, 0x0, 0x1f, 0x8c, 0x36, 0x4, 0xc3, 0x1f,
    0x80,

    /* U+C605 "옅" */
    0x0, 0xcf, 0x1b, 0x3f, 0x42, 0x68, 0xfc, 0xf1,
    0x80, 0x0, 0x0, 0x7f, 0xcc, 0x1, 0xff, 0x30,
    0x7, 0xfe,

    /* U+C606 "옆" */
    0x0, 0xde, 0x3c, 0x7e, 0x13, 0x84, 0xd3, 0xf3,
    0x8c, 0x0, 0x7f, 0xc2, 0x40, 0x90, 0x24, 0x7f,
    0xc0,

    /* U+C607 "옇" */
    0x0, 0xde, 0x3c, 0xfe, 0x13, 0x8f, 0xde, 0x30,
    0x1, 0xff, 0x0, 0x3, 0xc1, 0x8, 0x42, 0xf,
    0x0,

    /* U+C608 "예" */
    0x0, 0x40, 0x57, 0x16, 0x3d, 0x89, 0x62, 0x58,
    0x96, 0x3d, 0xd9, 0x5c, 0x50, 0x14, 0x5, 0x1,
    0x40,

    /* U+C60C "옌" */
    0x0, 0x44, 0x54, 0xf6, 0x15, 0x85, 0x61, 0x5c,
    0xf5, 0xe5, 0x1, 0x48, 0x42, 0x0, 0x80, 0x3f,
    0xc0,

    /* U+C610 "옐" */
    0x0, 0x4f, 0x2b, 0x3d, 0x42, 0xa8, 0x55, 0x9e,
    0x9e, 0x40, 0x0, 0x3f, 0xc0, 0x8, 0xff, 0x18,
    0x3, 0xfe,

    /* U+C618 "옘" */
    0x0, 0x4c, 0x54, 0xf6, 0x15, 0x85, 0x73, 0xd7,
    0x94, 0x4, 0x3f, 0xcc, 0x13, 0x4, 0xc1, 0x3f,
    0xc0,

    /* U+C619 "옙" */
    0x0, 0x5e, 0x5c, 0xf6, 0x15, 0x85, 0x73, 0xd7,
    0x94, 0x0, 0x30, 0x4f, 0xf3, 0x4, 0xc1, 0x3f,
    0xc0,

    /* U+C61B "옛" */
    0x0, 0x46, 0x29, 0x3d, 0x42, 0xa8, 0x55, 0x9e,
    0x9e, 0x50, 0xa, 0x2, 0x0, 0xe0, 0x76, 0x18,
    0x60,

    /* U+C61C "옜" */
    0x0, 0x46, 0x2b, 0x7d, 0x46, 0xa8, 0xd5, 0x1e,
    0x9c, 0x50, 0x8, 0x10, 0x82, 0x30, 0xa7, 0x27,
    0x30,

    /* U+C624 "오" */
    0x1f, 0x83, 0xc, 0x60, 0x66, 0x6, 0x60, 0x63,
    0xfc, 0xf, 0x0, 0x60, 0x6, 0xf, 0xff,

    /* U+C625 "옥" */
    0x1f, 0x83, 0xc, 0x60, 0x63, 0xc, 0x1f, 0x80,
    0x60, 0xff, 0xf0, 0x0, 0x7f, 0xe0, 0x6, 0x0,
    0x60, 0x6,

    /* U+C628 "온" */
    0x1f, 0x83, 0xc, 0x60, 0x67, 0xc, 0x1f, 0x80,
    0x60, 0xff, 0xf0, 0x0, 0x60, 0x6, 0x0, 0x60,
    0x7, 0xfe,

    /* U+C62C "올" */
    0x1f, 0x86, 0x6, 0x60, 0x63, 0xfc, 0x6, 0xf,
    0xff, 0x0, 0x7, 0xfe, 0x0, 0x67, 0xfe, 0x60,
    0x7, 0xfe,

    /* U+C62D "옭" */
    0x1f, 0x86, 0x6, 0x60, 0x63, 0xfc, 0x6, 0xf,
    0xff, 0x0, 0x7, 0xfe, 0xc, 0x67, 0xc6, 0x60,
    0x67, 0xe6,

    /* U+C62E "옮" */
    0x1f, 0x86, 0x6, 0x60, 0x63, 0xfc, 0x6, 0xf,
    0xff, 0x0, 0x7, 0xfe, 0xf, 0x67, 0xf6, 0x63,
    0x67, 0xfe,

    /* U+C630 "옰" */
    0x1f, 0x86, 0x6, 0x60, 0x63, 0xfc, 0x6, 0xf,
    0xff, 0x0, 0x7, 0xc8, 0xc, 0x87, 0xdc, 0x61,
    0x67, 0xe2,

    /* U+C633 "옳" */
    0x1f, 0xc6, 0x6, 0x60, 0x63, 0xfc, 0x6, 0xf,
    0xff, 0x0, 0x7, 0x88, 0xb, 0xf7, 0x9c, 0x63,
    0x27, 0xdc,

    /* U+C634 "옴" */
    0x1f, 0x82, 0x4, 0x60, 0x41, 0xfc, 0x6, 0x0,
    0x60, 0xff, 0xf0, 0x0, 0x7f, 0xe6, 0x6, 0x60,
    0x67, 0xfe,

    /* U+C635 "옵" */
    0x1f, 0x82, 0x4, 0x60, 0x43, 0xfc, 0x6, 0xf,
    0xff, 0x0, 0x6, 0x6, 0x7f, 0xe6, 0x6, 0x60,
    0x67, 0xfe,

    /* U+C637 "옷" */
    0x1f, 0x86, 0x6, 0x60, 0x63, 0xfc, 0x6, 0x0,
    0x60, 0xff, 0xf0, 0x0, 0x6, 0x0, 0x60, 0x1f,
    0x87, 0xe,

    /* U+C639 "옹" */
    0x1f, 0x82, 0x4, 0x60, 0x41, 0xfc, 0x6, 0x0,
    0x60, 0xff, 0xf0, 0x0, 0x1f, 0x86, 0x4, 0x60,
    0x41, 0xf8,

    /* U+C63B "옻" */
    0x1f, 0x86, 0x6, 0x60, 0x63, 0xfc, 0x6, 0xf,
    0xff, 0x0, 0x0, 0x60, 0x3f, 0xc0, 0x60, 0x1f,
    0x7, 0xe,

    /* U+C640 "와" */
    0x0, 0x43, 0xc4, 0x66, 0x44, 0x24, 0x42, 0x46,
    0x64, 0x3c, 0x70, 0x84, 0x8, 0x47, 0xf4, 0x0,
    0x40, 0x4, 0x0, 0x40,

    /* U+C641 "왁" */
    0x0, 0x43, 0xc4, 0x42, 0x44, 0x24, 0x66, 0x71,
    0x84, 0x18, 0x4f, 0xf4, 0x0, 0x3, 0xfc, 0x0,
    0x40, 0x4, 0x0, 0x40,

    /* U+C644 "완" */
    0x0, 0x43, 0xc4, 0x42, 0x44, 0x24, 0x66, 0x43,
    0xc7, 0x18, 0x4f, 0xf4, 0x0, 0x40, 0x4, 0x20,
    0x2, 0x0, 0x3f, 0xc0,

    /* U+C648 "왈" */
    0x0, 0x43, 0xc4, 0x42, 0x44, 0x27, 0x3c, 0x41,
    0xf4, 0xfe, 0x40, 0x0, 0x3f, 0xc0, 0x4, 0x3f,
    0xc2, 0x0, 0x3f, 0xc0,

    /* U+C650 "왐" */
    0x0, 0x43, 0xc4, 0x42, 0x44, 0x24, 0x66, 0x73,
    0xc4, 0x18, 0x4f, 0xf4, 0x0, 0x3, 0xfc, 0x20,
    0x42, 0x4, 0x3f, 0xc0,

    /* U+C651 "왑" */
    0x0, 0x43, 0xc4, 0x42, 0x44, 0x24, 0x7e, 0x71,
    0x84, 0xff, 0x40, 0x0, 0x0, 0x2, 0x4, 0x3f,
    0xc2, 0x4, 0x3f, 0xc0,

    /* U+C653 "왓" */
    0x0, 0x43, 0xc4, 0x46, 0x44, 0x24, 0x66, 0x71,
    0x84, 0x10, 0x4f, 0xf4, 0x6, 0x40, 0x60, 0xf,
    0x7, 0x9e, 0x0, 0x40,

    /* U+C654 "왔" */
    0x0, 0x43, 0xc4, 0x42, 0x44, 0x24, 0x66, 0x73,
    0xc4, 0x18, 0x4f, 0xf0, 0x18, 0x83, 0x9c, 0x6f,
    0x64, 0x62,

    /* U+C655 "왕" */
    0x0, 0x43, 0xc4, 0x42, 0x44, 0x24, 0x66, 0x71,
    0x84, 0x18, 0x4f, 0xf4, 0x0, 0x1, 0xf8, 0x20,
    0x42, 0x4, 0x1f, 0x80,

    /* U+C65C "왜" */
    0x0, 0x40, 0x57, 0x96, 0x15, 0x85, 0x73, 0x57,
    0x9c, 0x85, 0x21, 0x7f, 0x50, 0x14, 0x5, 0x1,
    0x40,

    /* U+C65D "왝" */
    0x1, 0x5c, 0x58, 0x96, 0x25, 0x89, 0xdc, 0x52,
    0x17, 0xf5, 0x0, 0x1f, 0xf0, 0x4, 0x1, 0x0,
    0x40,

    /* U+C660 "왠" */
    0x0, 0x4e, 0x2a, 0x25, 0x44, 0xa8, 0x9c, 0xe2,
    0x88, 0x57, 0xea, 0x1, 0x44, 0x20, 0x80, 0x10,
    0x3, 0xfe,

    /* U+C66C "왬" */
    0x1, 0x5c, 0x58, 0x96, 0x25, 0x89, 0xdc, 0x52,
    0x17, 0xf0, 0x0, 0xf, 0xf2, 0x4, 0x81, 0x3f,
    0xc0,

    /* U+C66F "왯" */
    0x0, 0x5c, 0x58, 0x96, 0x25, 0x89, 0xdc, 0x52,
    0x17, 0xf5, 0x6, 0x41, 0x80, 0xf0, 0xe7, 0x60,
    0x40,

    /* U+C671 "왱" */
    0x0, 0x6e, 0x2e, 0x25, 0xc4, 0xb8, 0x9e, 0xe2,
    0xc8, 0x5f, 0xeb, 0x0, 0x3, 0xf8, 0x81, 0x90,
    0x31, 0xfc,

    /* U+C678 "외" */
    0x0, 0x4f, 0x16, 0x25, 0xd, 0x43, 0x59, 0x93,
    0xc4, 0x21, 0x8, 0x7f, 0xd0, 0x4, 0x1, 0x0,
    0x40,

    /* U+C679 "왹" */
    0x0, 0x4f, 0x14, 0x25, 0x9, 0x66, 0x47, 0x10,
    0x87, 0xfd, 0x0, 0xf, 0xf0, 0x4, 0x1, 0x0,
    0x40,

    /* U+C67C "왼" */
    0x0, 0x47, 0x89, 0x9, 0x21, 0x26, 0x64, 0x78,
    0x82, 0x17, 0xfa, 0x0, 0x40, 0x0, 0xc0, 0x18,
    0x3, 0xfe,

    /* U+C680 "욀" */
    0x0, 0x47, 0x89, 0x9, 0x21, 0x23, 0xe4, 0x10,
    0xbf, 0xd0, 0x0, 0x3f, 0xc0, 0x8, 0xff, 0x18,
    0x3, 0xfe,

    /* U+C688 "욈" */
    0x0, 0x4f, 0x14, 0x25, 0x9, 0x66, 0x47, 0x10,
    0x87, 0xfd, 0x0, 0xf, 0xf3, 0x4, 0xc1, 0x3f,
    0xc0,

    /* U+C689 "욉" */
    0x0, 0x4f, 0x14, 0x25, 0x9, 0x3c, 0x42, 0x1f,
    0xf4, 0x0, 0x30, 0x4c, 0x13, 0xfc, 0xc1, 0x3f,
    0xc0,

    /* U+C68B "욋" */
    0x0, 0x47, 0x89, 0x9, 0x21, 0x26, 0x64, 0x38,
    0x82, 0x17, 0xfa, 0x2, 0x40, 0xc0, 0x3c, 0x3c,
    0xf0, 0x0,

    /* U+C68D "욍" */
    0x0, 0x4f, 0x14, 0x25, 0x9, 0x66, 0x47, 0x10,
    0x87, 0xfd, 0x0, 0x7, 0xe3, 0x4, 0xc1, 0x1f,
    0x80,

    /* U+C694 "요" */
    0x1f, 0x83, 0xc, 0x60, 0x66, 0x6, 0x60, 0x63,
    0xc, 0x1f, 0x81, 0x8, 0x10, 0x8f, 0xff,

    /* U+C695 "욕" */
    0x1f, 0x86, 0x4, 0x60, 0x41, 0xf8, 0x10, 0x81,
    0x8, 0xff, 0xf0, 0x0, 0x7f, 0xe0, 0x6, 0x0,
    0x60, 0x6,

    /* U+C698 "욘" */
    0x1f, 0x83, 0xc, 0x60, 0x62, 0xc, 0x1f, 0x81,
    0x8, 0xff, 0xf0, 0x0, 0x0, 0x6, 0x0, 0x60,
    0x7, 0xfe,

    /* U+C69C "욜" */
    0x3f, 0x86, 0x6, 0x60, 0x63, 0xfc, 0x10, 0x8f,
    0xff, 0x0, 0x7, 0xfe, 0x0, 0x67, 0xfe, 0x60,
    0x7, 0xfe,

    /* U+C6A4 "욤" */
    0x1f, 0x82, 0x4, 0x20, 0x41, 0xf8, 0x10, 0x81,
    0x8, 0xff, 0xf0, 0x0, 0x7f, 0xe6, 0x6, 0x60,
    0x67, 0xfe,

    /* U+C6A5 "욥" */
    0x1f, 0x82, 0x4, 0x20, 0x43, 0xf8, 0x10, 0x8f,
    0xff, 0x0, 0x6, 0x6, 0x7f, 0xe6, 0x6, 0x60,
    0x67, 0xfe,

    /* U+C6A7 "욧" */
    0x1f, 0xc6, 0x6, 0x60, 0x61, 0xfc, 0x18, 0x81,
    0x88, 0xff, 0xf0, 0x0, 0x6, 0x0, 0x70, 0x1d,
    0x87, 0xe,

    /* U+C6A9 "용" */
    0x1f, 0x82, 0x4, 0x60, 0x41, 0xf8, 0x10, 0x81,
    0x8, 0xff, 0xf0, 0x0, 0x1f, 0x86, 0x4, 0x60,
    0x41, 0xf8,

    /* U+C6B0 "우" */
    0x1f, 0x83, 0xc, 0x60, 0x63, 0xc, 0x1f, 0x80,
    0x0, 0x0, 0xf, 0xff, 0x6, 0x0, 0x60, 0x6,
    0x0, 0x60,

    /* U+C6B1 "욱" */
    0x1f, 0x83, 0xc, 0x60, 0x63, 0xc, 0x1f, 0x80,
    0x0, 0xff, 0xf0, 0x60, 0x7f, 0xe0, 0x6, 0x0,
    0x60, 0x6,

    /* U+C6B4 "운" */
    0x1f, 0x83, 0xc, 0x60, 0x63, 0xc, 0x1f, 0x80,
    0x0, 0xff, 0xf0, 0x60, 0x66, 0x6, 0x0, 0x60,
    0x7, 0xfe,

    /* U+C6B8 "울" */
    0x1f, 0x86, 0x6, 0x60, 0x61, 0xf8, 0x0, 0xf,
    0xff, 0x6, 0x7, 0xfe, 0x0, 0x67, 0xfe, 0x60,
    0x7, 0xfe,

    /* U+C6B9 "욹" */
    0x1f, 0x86, 0x6, 0x60, 0x61, 0xfc, 0x0, 0xf,
    0xff, 0x2, 0x7, 0xde, 0xc, 0x67, 0xc6, 0x60,
    0x67, 0xe6,

    /* U+C6BA "욺" */
    0x1f, 0x86, 0x6, 0x60, 0x63, 0xfc, 0x0, 0xf,
    0xff, 0x6, 0x7, 0xfe, 0xf, 0x67, 0xf6, 0x63,
    0x67, 0xfe,

    /* U+C6C0 "움" */
    0x1f, 0x86, 0x6, 0x60, 0x63, 0xfc, 0x0, 0xf,
    0xff, 0x6, 0x0, 0x60, 0x7f, 0xe6, 0x6, 0x60,
    0x67, 0xfe,

    /* U+C6C1 "웁" */
    0x1f, 0x82, 0x4, 0x20, 0x43, 0xfc, 0x0, 0xf,
    0xff, 0x6, 0x6, 0x4, 0x7f, 0xc6, 0x4, 0x60,
    0x47, 0xfc,

    /* U+C6C3 "웃" */
    0x1f, 0x86, 0x6, 0x60, 0x63, 0xfc, 0x0, 0xf,
    0xff, 0x6, 0x0, 0x0, 0x6, 0x0, 0xe0, 0x39,
    0xc6, 0x6,

    /* U+C6C5 "웅" */
    0x1f, 0x86, 0x6, 0x60, 0x63, 0xfc, 0x0, 0xf,
    0xff, 0x6, 0x0, 0x60, 0x3f, 0xc6, 0x6, 0x60,
    0x61, 0xf8,

    /* U+C6CC "워" */
    0x0, 0x4f, 0x16, 0x25, 0x9, 0x42, 0x4f, 0x10,
    0x7, 0xfd, 0x18, 0x46, 0xf1, 0x84, 0x61, 0x18,
    0x40,

    /* U+C6CD "웍" */
    0x0, 0x4f, 0x14, 0x25, 0x9, 0x3c, 0x40, 0x1f,
    0xf4, 0x6f, 0x0, 0xf, 0xf0, 0x4, 0x1, 0x0,
    0x40,

    /* U+C6D0 "원" */
    0x0, 0x47, 0x89, 0x9, 0x21, 0x23, 0xc4, 0x0,
    0xbf, 0xd0, 0x42, 0xb, 0xc5, 0x0, 0x80, 0x10,
    0x3, 0xfe,

    /* U+C6D4 "월" */
    0x0, 0x47, 0x89, 0x9, 0x1e, 0x21, 0xf5, 0xf8,
    0x86, 0x70, 0x0, 0x3f, 0xc0, 0x8, 0xff, 0x10,
    0x3, 0xfe,

    /* U+C6DC "웜" */
    0x0, 0x4f, 0x14, 0x25, 0x9, 0x3c, 0x47, 0xdf,
    0xc4, 0x6f, 0x0, 0xf, 0xf2, 0x4, 0x81, 0x3f,
    0xc0,

    /* U+C6DD "웝" */
    0x0, 0x4f, 0x14, 0x25, 0x9, 0x3c, 0x43, 0xdf,
    0xc4, 0x6f, 0x0, 0x8, 0x13, 0xfc, 0x81, 0x3f,
    0xc0,

    /* U+C6E0 "웠" */
    0x0, 0x47, 0x89, 0x9, 0x21, 0x23, 0xc4, 0x3e,
    0xbf, 0x10, 0xce, 0x10, 0x83, 0x30, 0xe7, 0x37,
    0xb4, 0x22,

    /* U+C6E1 "웡" */
    0x0, 0x67, 0x8d, 0x9, 0xa1, 0x33, 0xc6, 0x3e,
    0xff, 0x18, 0xdf, 0x0, 0x3, 0xf8, 0xc1, 0x98,
    0x31, 0xfc,

    /* U+C6E8 "웨" */
    0x0, 0x27, 0x15, 0x12, 0xa2, 0x54, 0x4a, 0x71,
    0x40, 0x2b, 0xf5, 0x10, 0xa2, 0xf4, 0x42, 0x88,
    0x50, 0xa,

    /* U+C6E9 "웩" */
    0x0, 0xa7, 0x15, 0x12, 0xa2, 0x53, 0x8a, 0x5,
    0x7f, 0xa8, 0x9d, 0x0, 0x7, 0xfc, 0x0, 0x80,
    0x10, 0x2,

    /* U+C6EC "웬" */
    0x0, 0x23, 0x8a, 0x44, 0xa4, 0x4a, 0x38, 0xa0,
    0x2a, 0xfe, 0xa1, 0xa, 0x13, 0xa0, 0xa, 0x30,
    0x3, 0x0, 0x3f, 0xf0,

    /* U+C6F0 "웰" */
    0x0, 0xa3, 0x8a, 0x44, 0xa3, 0x8a, 0x3e, 0xa7,
    0x8a, 0x13, 0xa0, 0x0, 0x3f, 0xe0, 0x2, 0x3f,
    0xe3, 0x0, 0x3f, 0xf0,

    /* U+C6F8 "웸" */
    0x0, 0xa7, 0x15, 0x12, 0xa2, 0x53, 0x8a, 0x3d,
    0x5c, 0x28, 0x9d, 0x0, 0x7, 0xfc, 0xc0, 0x98,
    0x13, 0xfe,

    /* U+C6F9 "웹" */
    0x0, 0xa7, 0x15, 0x12, 0xa2, 0x53, 0x8a, 0x7d,
    0x5e, 0x28, 0x9d, 0x0, 0x6, 0x4, 0xff, 0x98,
    0x13, 0xfe,

    /* U+C6FD "웽" */
    0x0, 0x33, 0x8b, 0x44, 0xb4, 0x4b, 0x38, 0xb1,
    0xeb, 0x78, 0xb1, 0x3b, 0x10, 0x81, 0xfe, 0x30,
    0x33, 0x3, 0x1f, 0xe0,

    /* U+C704 "위" */
    0x0, 0x4f, 0x14, 0x25, 0x9, 0x66, 0x4f, 0x10,
    0x7, 0xfd, 0x8, 0x42, 0x10, 0x84, 0x21, 0x8,
    0x40,

    /* U+C705 "윅" */
    0x0, 0x4f, 0x14, 0x25, 0x9, 0x3e, 0x40, 0x1f,
    0xf4, 0x21, 0x8, 0xf, 0xf0, 0x4, 0x1, 0x0,
    0x40,

    /* U+C708 "윈" */
    0x0, 0x47, 0x89, 0x19, 0x21, 0x24, 0x64, 0x78,
    0x80, 0x17, 0xfa, 0x8, 0x41, 0x0, 0x80, 0x10,
    0x3, 0xfe,

    /* U+C70C "윌" */
    0x0, 0x47, 0x89, 0x9, 0x33, 0x21, 0x85, 0xfe,
    0x82, 0x10, 0x40, 0x3f, 0xc0, 0x8, 0xff, 0x18,
    0x3, 0xfe,

    /* U+C714 "윔" */
    0x0, 0x4f, 0x14, 0x25, 0x9, 0x3e, 0x40, 0x1f,
    0xf4, 0x21, 0x8, 0xf, 0xf3, 0x4, 0xc1, 0x3f,
    0xc0,

    /* U+C715 "윕" */
    0x0, 0x4f, 0x14, 0x25, 0x9, 0x3e, 0x40, 0x1f,
    0xf4, 0x20, 0x38, 0x4c, 0x13, 0xfc, 0xc1, 0x3f,
    0xc0,

    /* U+C717 "윗" */
    0x0, 0x47, 0x89, 0x9, 0x21, 0x23, 0xc4, 0x0,
    0xbf, 0xd0, 0xc2, 0x1a, 0x40, 0x40, 0x34, 0x1c,
    0x70, 0x0,

    /* U+C719 "윙" */
    0x0, 0x4f, 0x14, 0x25, 0x9, 0x3c, 0x40, 0x1f,
    0xf4, 0x41, 0x10, 0x7, 0xe2, 0x4, 0x81, 0x1f,
    0x80,

    /* U+C720 "유" */
    0x1f, 0x83, 0xc, 0x60, 0x63, 0xc, 0x1f, 0x80,
    0x0, 0x0, 0xf, 0xff, 0x11, 0x81, 0x18, 0x11,
    0x81, 0x18,

    /* U+C721 "육" */
    0x1f, 0x83, 0xc, 0x60, 0x63, 0xc, 0x1f, 0x80,
    0x0, 0xff, 0xf1, 0x98, 0x7f, 0xe0, 0x6, 0x0,
    0x60, 0x6,

    /* U+C724 "윤" */
    0x1f, 0x83, 0xc, 0x60, 0x63, 0xc, 0x1f, 0x80,
    0x0, 0xff, 0xf0, 0xc8, 0xc, 0x86, 0x0, 0x60,
    0x7, 0xfe,

    /* U+C728 "율" */
    0x1f, 0x86, 0x6, 0x60, 0x61, 0xf8, 0x0, 0xf,
    0xff, 0x19, 0x87, 0xfe, 0x0, 0x67, 0xfe, 0x60,
    0x7, 0xfe,

    /* U+C730 "윰" */
    0x1f, 0x86, 0x6, 0x60, 0x63, 0xfc, 0x0, 0xf,
    0xff, 0x19, 0x81, 0x98, 0x7f, 0xe6, 0x6, 0x60,
    0x67, 0xfe,

    /* U+C731 "윱" */
    0x1f, 0x82, 0xc, 0x20, 0x43, 0xfc, 0x0, 0xf,
    0xff, 0x19, 0x86, 0x4, 0x60, 0x47, 0xfc, 0x60,
    0x47, 0xfc,

    /* U+C733 "윳" */
    0x1f, 0x86, 0x6, 0x60, 0x63, 0xfc, 0x0, 0xf,
    0xff, 0x10, 0xc1, 0x6c, 0x6, 0x0, 0xf0, 0x79,
    0xe4, 0x2,

    /* U+C735 "융" */
    0x1f, 0x86, 0x6, 0x60, 0x63, 0xfc, 0x0, 0xf,
    0xff, 0x10, 0x81, 0x8, 0x1f, 0x86, 0x6, 0x60,
    0x61, 0xf8,

    /* U+C737 "윷" */
    0x1f, 0x86, 0x6, 0x60, 0x61, 0xf8, 0x0, 0xf,
    0xff, 0x10, 0x80, 0x60, 0x3f, 0xc0, 0x60, 0x1f,
    0x87, 0xe,

    /* U+C73C "으" */
    0x1f, 0x83, 0xc, 0x60, 0x66, 0x6, 0x60, 0x63,
    0xc, 0x1f, 0x80, 0x0, 0x0, 0xf, 0xff,

    /* U+C73D "윽" */
    0x1f, 0x83, 0xc, 0x60, 0x63, 0xc, 0x1f, 0x80,
    0x0, 0xff, 0xf0, 0x0, 0x7f, 0xe0, 0x6, 0x0,
    0x60, 0x6,

    /* U+C740 "은" */
    0x1f, 0x83, 0xc, 0x60, 0x63, 0xc, 0x1f, 0x80,
    0x0, 0xff, 0xf0, 0x0, 0x60, 0x6, 0x0, 0x60,
    0x7, 0xfe,

    /* U+C744 "을" */
    0x1f, 0x86, 0x6, 0x60, 0x61, 0xfc, 0x0, 0xf,
    0xff, 0x0, 0x7, 0xfe, 0x0, 0x67, 0xfe, 0x60,
    0x7, 0xfe,

    /* U+C74A "읊" */
    0x1f, 0x86, 0x6, 0x60, 0x63, 0xfc, 0x0, 0xf,
    0xff, 0x0, 0x7, 0xbe, 0x9, 0x47, 0x94, 0x61,
    0x47, 0xfe,

    /* U+C74C "음" */
    0x1f, 0x86, 0x6, 0x60, 0x61, 0xf8, 0x0, 0x0,
    0x0, 0xff, 0xf0, 0x0, 0x7f, 0xe6, 0x6, 0x60,
    0x67, 0xfe,

    /* U+C74D "읍" */
    0x1f, 0x86, 0x6, 0x60, 0x63, 0xfc, 0x0, 0xf,
    0xff, 0x0, 0x6, 0x6, 0x7f, 0xe6, 0x6, 0x60,
    0x67, 0xfe,

    /* U+C74F "읏" */
    0x1f, 0x83, 0xc, 0x60, 0x63, 0xc, 0x1f, 0x80,
    0x0, 0xff, 0xf0, 0x0, 0x6, 0x0, 0x60, 0x1f,
    0x87, 0xe,

    /* U+C751 "응" */
    0x1f, 0x83, 0xc, 0x60, 0x63, 0xc, 0x1f, 0x80,
    0x0, 0xff, 0xf0, 0x0, 0x1f, 0x86, 0x4, 0x60,
    0x41, 0xf8,

    /* U+C752 "읒" */
    0x1f, 0x86, 0x6, 0x60, 0x61, 0xf8, 0x0, 0xf,
    0xff, 0x0, 0x7, 0xfe, 0x6, 0x0, 0xf0, 0x79,
    0xe0,

    /* U+C753 "읓" */
    0x1f, 0x86, 0x6, 0x60, 0x63, 0xfc, 0x0, 0xf,
    0xff, 0x0, 0x0, 0x60, 0x3f, 0xc0, 0x60, 0x1f,
    0x7, 0xe,

    /* U+C754 "읔" */
    0x1f, 0x86, 0x6, 0x60, 0x63, 0xfc, 0x0, 0xf,
    0xff, 0x0, 0x0, 0x0, 0x7f, 0xe0, 0x6, 0x7f,
    0xe0, 0x6,

    /* U+C755 "읕" */
    0x1f, 0x86, 0x6, 0x60, 0x63, 0xfc, 0x0, 0xf,
    0xff, 0x0, 0x7, 0xfe, 0x60, 0x7, 0xfe, 0x60,
    0x7, 0xfe,

    /* U+C756 "읖" */
    0x1f, 0x86, 0x6, 0x60, 0x63, 0xfc, 0x0, 0xf,
    0xff, 0x0, 0x0, 0x0, 0x7f, 0xe1, 0x98, 0x19,
    0x87, 0xfe,

    /* U+C757 "읗" */
    0x1f, 0x86, 0x6, 0x60, 0x61, 0xfc, 0x0, 0xf,
    0xff, 0x6, 0x7, 0xfe, 0x0, 0x1, 0xf8, 0x30,
    0xc1, 0xf8,

    /* U+C758 "의" */
    0x0, 0x67, 0xcd, 0x8d, 0xa0, 0xb4, 0x16, 0xc6,
    0xcf, 0x98, 0x3, 0x0, 0x7f, 0xfc, 0x1, 0x80,
    0x30, 0x6,

    /* U+C75C "읜" */
    0x0, 0x47, 0x89, 0x9, 0x21, 0x26, 0x64, 0x78,
    0x80, 0x17, 0xfa, 0x0, 0x44, 0x0, 0x80, 0x10,
    0x3, 0xfe,

    /* U+C760 "읠" */
    0x0, 0x47, 0x89, 0x9, 0x21, 0x23, 0xc4, 0x0,
    0xbf, 0xd0, 0x0, 0x3f, 0xc0, 0x8, 0xff, 0x10,
    0x3, 0xfe,

    /* U+C768 "읨" */
    0x0, 0x4f, 0x14, 0x25, 0x9, 0x42, 0x4f, 0x10,
    0x7, 0xfc, 0x0, 0xf, 0xf2, 0x4, 0x81, 0x3f,
    0xc0,

    /* U+C76B "읫" */
    0x0, 0x47, 0x89, 0x89, 0x21, 0x26, 0x24, 0x78,
    0x80, 0x17, 0xfa, 0x2, 0x40, 0x40, 0x14, 0x3c,
    0x70, 0x4,

    /* U+C774 "이" */
    0x0, 0x4c, 0x14, 0x86, 0x11, 0x84, 0x61, 0x18,
    0x46, 0x11, 0x48, 0x4c, 0x10, 0x4, 0x1, 0x0,
    0x40,

    /* U+C775 "익" */
    0x0, 0x5e, 0x1c, 0xc6, 0x11, 0x84, 0x73, 0x17,
    0x84, 0x0, 0x0, 0xf, 0xf0, 0x4, 0x1, 0x0,
    0x40,

    /* U+C778 "인" */
    0x0, 0x4f, 0xb, 0x31, 0x42, 0x28, 0x45, 0x98,
    0x9e, 0x10, 0x2, 0x0, 0x44, 0x0, 0x80, 0x10,
    0x3, 0xfe,

    /* U+C77C "일" */
    0x0, 0x4f, 0xa, 0x11, 0x42, 0x2c, 0xc4, 0x60,
    0x80, 0x1, 0xfe, 0x0, 0x40, 0x8, 0xff, 0x10,
    0x3, 0xfe,

    /* U+C77D "읽" */
    0x0, 0x5e, 0x1c, 0xc6, 0x11, 0x84, 0x73, 0x17,
    0x80, 0x0, 0x7b, 0xc2, 0x17, 0x85, 0x1, 0x7c,
    0x40,

    /* U+C77E "읾" */
    0x0, 0x5e, 0x1c, 0xc6, 0x11, 0x84, 0x73, 0x17,
    0x80, 0x0, 0x7b, 0xc2, 0x97, 0xa5, 0x9, 0x7b,
    0xc0,

    /* U+C783 "잃" */
    0x0, 0x4f, 0xb, 0x11, 0x42, 0x2c, 0x44, 0xf0,
    0x80, 0x0, 0xc, 0x7b, 0xe1, 0x7d, 0xe7, 0x21,
    0x27, 0xdc,

    /* U+C784 "임" */
    0x0, 0x5e, 0x1c, 0xc6, 0x11, 0x84, 0x5e, 0x10,
    0x4, 0x0, 0x3f, 0xc8, 0x12, 0x4, 0x81, 0x3f,
    0xc0,

    /* U+C785 "입" */
    0x0, 0x5e, 0x1c, 0xc6, 0x11, 0x84, 0x73, 0x17,
    0x84, 0x0, 0x20, 0x4f, 0xf2, 0x4, 0x81, 0x3f,
    0xc0,

    /* U+C787 "잇" */
    0x0, 0x4f, 0xb, 0x31, 0x42, 0x28, 0x45, 0x98,
    0x9e, 0x10, 0x2, 0x4, 0x1, 0xc0, 0x6c, 0x30,
    0x60,

    /* U+C788 "있" */
    0x0, 0x4f, 0xb, 0x31, 0x42, 0x28, 0x45, 0x98,
    0x9e, 0x10, 0x0, 0x10, 0x82, 0x30, 0xad, 0x67,
    0x30,

    /* U+C789 "잉" */
    0x0, 0x5e, 0x1c, 0xc6, 0x11, 0x84, 0x5e, 0x10,
    0x4, 0x0, 0x1f, 0x8, 0x36, 0x4, 0x83, 0x1f,
    0x0,

    /* U+C78A "잊" */
    0x0, 0x4f, 0xb, 0x31, 0x42, 0x28, 0x44, 0xf0,
    0x80, 0x10, 0x0, 0x3f, 0xc0, 0x80, 0x28, 0x38,
    0xf4, 0x0,

    /* U+C78E "잎" */
    0x0, 0xde, 0x3c, 0xce, 0x13, 0x84, 0xde, 0x33,
    0xc, 0x0, 0x7f, 0xc4, 0x41, 0x10, 0x44, 0x7f,
    0xc0,

    /* U+C790 "자" */
    0x0, 0x80, 0x13, 0xfa, 0x8, 0x41, 0x8, 0x21,
    0xe, 0x39, 0x44, 0x6c, 0x98, 0xd2, 0x2, 0x0,
    0x40, 0x8,

    /* U+C791 "작" */
    0x0, 0x4f, 0xe4, 0x18, 0x41, 0x84, 0x38, 0x77,
    0xe4, 0xc2, 0x40, 0x0, 0x0, 0x3, 0xfc, 0x0,
    0x40, 0x4, 0x0, 0x40,

    /* U+C794 "잔" */
    0x0, 0x4f, 0xe4, 0x10, 0x41, 0x4, 0x38, 0x72,
    0xc4, 0xe6, 0x4c, 0x24, 0x0, 0x42, 0x0, 0x20,
    0x2, 0x0, 0x3f, 0xc0,

    /* U+C796 "잖" */
    0x0, 0x4f, 0xe4, 0x10, 0x43, 0x87, 0x2c, 0x4e,
    0x64, 0xc0, 0x0, 0x18, 0x47, 0xe4, 0x7e, 0x43,
    0xc4, 0x64, 0x7b, 0xc0,

    /* U+C797 "잗" */
    0x0, 0x4f, 0xe4, 0x10, 0x41, 0x84, 0x38, 0x76,
    0xc4, 0xc6, 0x40, 0x0, 0x3f, 0xc2, 0x0, 0x20,
    0x2, 0x0, 0x3f, 0xc0,

    /* U+C798 "잘" */
    0x0, 0x4f, 0xe4, 0x10, 0x43, 0x87, 0x6c, 0x4c,
    0x24, 0x0, 0x0, 0x0, 0x3f, 0xc0, 0x4, 0x3f,
    0xc2, 0x0, 0x3f, 0xc0,

    /* U+C79A "잚" */
    0x0, 0x4f, 0xe4, 0x10, 0x43, 0x87, 0x6c, 0x4c,
    0x64, 0x0, 0x0, 0x0, 0x7b, 0xc0, 0xa4, 0x7a,
    0x44, 0x24, 0x7b, 0xc0,

    /* U+C7A0 "잠" */
    0x0, 0x4f, 0xe4, 0x10, 0x41, 0x84, 0x38, 0x76,
    0xc4, 0xc2, 0x40, 0x0, 0x3f, 0xc2, 0x4, 0x20,
    0x42, 0x4, 0x3f, 0xc0,

    /* U+C7A1 "잡" */
    0x0, 0x4f, 0xe4, 0x10, 0x41, 0x87, 0x28, 0x46,
    0xe4, 0xc2, 0x40, 0x0, 0x20, 0x43, 0xfc, 0x20,
    0x42, 0x4, 0x3f, 0xc0,

    /* U+C7A3 "잣" */
    0x0, 0x4f, 0xe4, 0x10, 0x41, 0x84, 0x38, 0x76,
    0xc4, 0xc6, 0x40, 0x4, 0x6, 0x0, 0xe0, 0x19,
    0x87, 0xe,

    /* U+C7A4 "잤" */
    0x0, 0x4f, 0xe4, 0x10, 0x43, 0x87, 0x28, 0x46,
    0xe4, 0xc2, 0x40, 0x0, 0x10, 0x83, 0x9c, 0x29,
    0x4c, 0xf6, 0x0, 0x0,

    /* U+C7A5 "장" */
    0x0, 0x4f, 0xe4, 0x10, 0x41, 0x84, 0x38, 0x76,
    0xc4, 0xc2, 0x40, 0x0, 0x1f, 0x2, 0xc, 0x60,
    0x42, 0xc, 0x1f, 0x0,

    /* U+C7A6 "잦" */
    0x0, 0x4f, 0xe4, 0x10, 0x43, 0x87, 0x28, 0x4e,
    0x64, 0x82, 0x40, 0x0, 0x7f, 0xc0, 0x60, 0xf,
    0x7, 0x9e, 0x40, 0x40,

    /* U+C7AC "재" */
    0x0, 0x20, 0x27, 0xf4, 0x98, 0x93, 0x12, 0x62,
    0x4c, 0x79, 0xc9, 0x69, 0x39, 0xe6, 0x4, 0x80,
    0x90, 0x12,

    /* U+C7AD "잭" */
    0x1, 0x7f, 0x53, 0x14, 0xc5, 0x31, 0xde, 0x5c,
    0x54, 0x0, 0x0, 0xf, 0xf0, 0x4, 0x1, 0x0,
    0x40,

    /* U+C7B0 "잰" */
    0x0, 0x20, 0x27, 0xf4, 0x98, 0x93, 0x1e, 0x62,
    0x5b, 0x4e, 0x69, 0x81, 0x26, 0x20, 0xc0, 0x18,
    0x3, 0xfe,

    /* U+C7B4 "잴" */
    0x1, 0x3f, 0xa4, 0xc4, 0x98, 0xf7, 0x93, 0x8a,
    0x40, 0x0, 0x0, 0x3f, 0xe0, 0x4, 0xff, 0x98,
    0x3, 0xfe,

    /* U+C7BC "잼" */
    0x1, 0xbf, 0xb4, 0xc6, 0x98, 0xd3, 0x1e, 0xf3,
    0x71, 0x68, 0x0, 0x3f, 0xe6, 0x4, 0xc0, 0x98,
    0x13, 0xfe,

    /* U+C7BD "잽" */
    0x1, 0x7f, 0x53, 0x14, 0xc7, 0x71, 0x5b, 0x5c,
    0x54, 0x0, 0x30, 0x4f, 0xf3, 0x4, 0xc1, 0x3f,
    0xc0,

    /* U+C7BF "잿" */
    0x0, 0x2f, 0xd2, 0x31, 0x23, 0x12, 0x31, 0xe7,
    0x92, 0xed, 0x28, 0x52, 0x2, 0x0, 0x70, 0xd,
    0x83, 0x86,

    /* U+C7C0 "쟀" */
    0x1, 0x5f, 0xa8, 0xc5, 0x18, 0xa3, 0x1c, 0xf2,
    0xb1, 0x50, 0x0, 0x18, 0x83, 0x10, 0xf5, 0x33,
    0xb0,

    /* U+C7C1 "쟁" */
    0x0, 0x3f, 0xb4, 0xc6, 0x98, 0xd3, 0x1e, 0xf3,
    0x73, 0x6c, 0x2d, 0xf, 0x86, 0xc, 0xc0, 0x98,
    0x30, 0xfc,

    /* U+C7C8 "쟈" */
    0x0, 0x80, 0x13, 0xfa, 0x8, 0x41, 0xe, 0x31,
    0xe, 0x21, 0x67, 0x66, 0x98, 0x50, 0x2, 0x0,
    0x40, 0x8,

    /* U+C7C9 "쟉" */
    0x0, 0x4f, 0xe4, 0x18, 0x71, 0x84, 0x38, 0x46,
    0xc7, 0xc2, 0x40, 0x0, 0x0, 0x3, 0xfc, 0x0,
    0x40, 0x4, 0x0, 0x40,

    /* U+C7CC "쟌" */
    0x0, 0x4f, 0xe4, 0xfe, 0x41, 0x7, 0x38, 0x42,
    0x84, 0x6e, 0x7c, 0x64, 0x0, 0x42, 0x0, 0x20,
    0x2, 0x0, 0x3f, 0xc0,

    /* U+C7CE "쟎" */
    0x0, 0x4f, 0xe4, 0x10, 0x71, 0x84, 0x2c, 0x7e,
    0x64, 0xc0, 0x0, 0x18, 0x47, 0xe4, 0x7e, 0x43,
    0xc4, 0x64, 0x7b, 0xc0,

    /* U+C7D0 "쟐" */
    0x0, 0x4f, 0xe4, 0x10, 0x73, 0x84, 0x6c, 0x7c,
    0x64, 0x0, 0x0, 0x0, 0x3f, 0xc0, 0x4, 0x3f,
    0xc2, 0x0, 0x3f, 0xc0,

    /* U+C7D8 "쟘" */
    0x0, 0x4f, 0xe4, 0x10, 0x71, 0x4, 0x38, 0x46,
    0xc7, 0xc2, 0x40, 0x0, 0x3f, 0xc2, 0x4, 0x20,
    0x42, 0x4, 0x3f, 0xc0,

    /* U+C7DD "쟝" */
    0x0, 0x4f, 0xe4, 0x10, 0x71, 0x4, 0x38, 0x46,
    0xc7, 0xc2, 0x40, 0x0, 0x1f, 0x2, 0xc, 0x60,
    0x42, 0xc, 0x1f, 0x0,

    /* U+C7E4 "쟤" */
    0x0, 0x20, 0x27, 0xf4, 0x98, 0x93, 0x1e, 0x62,
    0x4c, 0x4b, 0xcf, 0x4d, 0x38, 0xa6, 0x4, 0x80,
    0x90, 0x12,

    /* U+C7E8 "쟨" */
    0x0, 0x20, 0x27, 0xf4, 0x98, 0xf3, 0x12, 0x62,
    0x5e, 0x7e, 0x69, 0x81, 0x26, 0x20, 0xc0, 0x18,
    0x3, 0xfe,

    /* U+C7EC "쟬" */
    0x1, 0x3f, 0xa4, 0xc7, 0x98, 0x97, 0x9f, 0x8a,
    0x40, 0x0, 0x0, 0x3f, 0xe0, 0x4, 0xff, 0x98,
    0x3, 0xfe,

    /* U+C800 "저" */
    0x0, 0x20, 0x5, 0xfc, 0x84, 0x10, 0x82, 0x1b,
    0xc7, 0x8, 0xb1, 0x33, 0x2c, 0x25, 0x0, 0x80,
    0x10, 0x2,

    /* U+C801 "적" */
    0x0, 0x7f, 0x91, 0x4, 0x61, 0x39, 0xdb, 0x1c,
    0x24, 0x0, 0x0, 0xf, 0xf0, 0x4, 0x1, 0x0,
    0x40,

    /* U+C804 "전" */
    0x0, 0x5f, 0xc8, 0x41, 0x8, 0x23, 0x9c, 0x70,
    0x9b, 0x96, 0x32, 0x0, 0x46, 0x0, 0xc0, 0x18,
    0x3, 0xfe,

    /* U+C808 "절" */
    0x0, 0x5f, 0xc8, 0x41, 0x1c, 0xe6, 0xc5, 0xcc,
    0xa0, 0x0, 0x0, 0x3f, 0xc0, 0x8, 0xff, 0x10,
    0x3, 0xfe,

    /* U+C80A "젊" */
    0x0, 0x7f, 0x91, 0x4, 0xe7, 0x6c, 0x71, 0x90,
    0x0, 0x0, 0x7b, 0xc2, 0x97, 0xa5, 0x89, 0x7f,
    0xc0,

    /* U+C810 "점" */
    0x0, 0x7f, 0x91, 0x4, 0x61, 0x39, 0xdb, 0x1c,
    0x24, 0x0, 0x3f, 0xc8, 0x12, 0x4, 0x81, 0x3f,
    0xc0,

    /* U+C811 "접" */
    0x0, 0x7f, 0x91, 0x4, 0xe7, 0x28, 0x59, 0x9c,
    0x24, 0x0, 0x20, 0x4f, 0xf2, 0x4, 0x81, 0x3f,
    0xc0,

    /* U+C813 "젓" */
    0x0, 0x5f, 0xc8, 0x41, 0xc, 0x23, 0x9c, 0xd8,
    0xb1, 0x90, 0x32, 0x6, 0x0, 0xe0, 0x66, 0x38,
    0x60,

    /* U+C815 "정" */
    0x0, 0x7f, 0x91, 0x4, 0x61, 0x39, 0xdb, 0x1c,
    0x24, 0x0, 0x1f, 0x8c, 0x32, 0x4, 0xc3, 0x1f,
    0x0,

    /* U+C816 "젖" */
    0x0, 0x5f, 0xc8, 0x41, 0x1c, 0xe2, 0xc5, 0xcc,
    0xa0, 0x90, 0x0, 0x3f, 0xc0, 0xc0, 0x3c, 0x1c,
    0xe2, 0x4,

    /* U+C81C "제" */
    0x0, 0x20, 0x37, 0xf6, 0x98, 0xd3, 0x1a, 0x6f,
    0x4c, 0x6b, 0xcd, 0x49, 0xb9, 0xf6, 0x16, 0x80,
    0xd0, 0x1a,

    /* U+C81D "젝" */
    0x0, 0x3f, 0xb4, 0x46, 0x88, 0xd3, 0x7a, 0x73,
    0x7b, 0x6e, 0x2d, 0x0, 0x3, 0xfc, 0x0, 0x80,
    0x10, 0x2,

    /* U+C820 "젠" */
    0x0, 0x20, 0x37, 0xf6, 0x98, 0xd3, 0x7a, 0x63,
    0x56, 0x6e, 0x6d, 0x1, 0xa6, 0x30, 0xc0, 0x18,
    0x3, 0xfe,

    /* U+C824 "젤" */
    0x1, 0xbf, 0xb4, 0xc6, 0x9b, 0xd7, 0x9b, 0x9b,
    0x61, 0x68, 0x0, 0x3f, 0xe0, 0x4, 0xff, 0x98,
    0x3, 0xfe,

    /* U+C82C "젬" */
    0x1, 0xbf, 0xb4, 0x86, 0x98, 0xd7, 0x7a, 0xf3,
    0x61, 0x68, 0x0, 0x0, 0x7, 0xfc, 0x80, 0x90,
    0x13, 0xfe,

    /* U+C82D "젭" */
    0x1, 0xbf, 0xb4, 0x86, 0x9b, 0xd7, 0x1b, 0xbb,
    0x71, 0x68, 0x0, 0x20, 0x27, 0xfc, 0x80, 0x90,
    0x13, 0xfe,

    /* U+C82F "젯" */
    0x0, 0x2f, 0xda, 0x31, 0xa3, 0x1a, 0x37, 0xa7,
    0x9a, 0xdd, 0xa8, 0x5a, 0x3, 0x0, 0x70, 0x1d,
    0xc7, 0x6,

    /* U+C831 "젱" */
    0x0, 0x3f, 0xb4, 0x86, 0x90, 0xd3, 0x7a, 0xf3,
    0x77, 0x6c, 0x2d, 0xf, 0x86, 0xc, 0x80, 0x98,
    0x30, 0xf8,

    /* U+C838 "져" */
    0x0, 0x20, 0x5, 0xfc, 0x84, 0x10, 0x8e, 0x18,
    0x47, 0x8, 0xa7, 0x36, 0x2c, 0x65, 0x0, 0x80,
    0x10, 0x2,

    /* U+C83C "젼" */
    0x0, 0x5f, 0xc8, 0x47, 0x8, 0xe3, 0x84, 0x53,
    0x9b, 0x96, 0x32, 0x80, 0x46, 0x0, 0xc0, 0x18,
    0x3, 0xfe,

    /* U+C840 "졀" */
    0x0, 0x5f, 0xc8, 0x47, 0x1c, 0x26, 0xdd, 0x8c,
    0x80, 0x0, 0x0, 0x3f, 0xc0, 0x8, 0xff, 0x10,
    0x3, 0xfe,

    /* U+C848 "졈" */
    0x0, 0x7f, 0x9f, 0xe4, 0x47, 0x38, 0x5b, 0x7c,
    0x64, 0x0, 0x0, 0xf, 0xf2, 0x4, 0x81, 0x3f,
    0xc0,

    /* U+C849 "졉" */
    0x0, 0x7f, 0x91, 0x4, 0x67, 0x38, 0x5b, 0x7c,
    0x66, 0x0, 0x20, 0x4f, 0xf2, 0x4, 0x81, 0x3f,
    0xc0,

    /* U+C84C "졌" */
    0x0, 0x5f, 0xcb, 0xf9, 0x8, 0xe3, 0x84, 0xdb,
    0xb0, 0x90, 0x84, 0x10, 0x87, 0x31, 0xbd, 0x23,
    0x30,

    /* U+C84D "졍" */
    0x0, 0x7f, 0x9f, 0xe4, 0x47, 0x38, 0x4b, 0x7e,
    0x66, 0x1, 0x1f, 0x8c, 0x32, 0x4, 0xc3, 0x1f,
    0x80,

    /* U+C854 "졔" */
    0x0, 0x20, 0x37, 0xf6, 0x98, 0xd3, 0x7a, 0x63,
    0x4c, 0x69, 0xbd, 0x79, 0xb9, 0xb6, 0x16, 0x80,
    0xd0, 0x1a,

    /* U+C870 "조" */
    0x7f, 0xe0, 0x60, 0x6, 0x1, 0x98, 0x70, 0xe0,
    0x60, 0x6, 0x0, 0x60, 0xff, 0xf0,

    /* U+C871 "족" */
    0x7f, 0xe0, 0x60, 0xf, 0x3, 0x9c, 0x66, 0x60,
    0x60, 0xff, 0xf0, 0x0, 0x7f, 0xe0, 0x6, 0x0,
    0x60, 0x6,

    /* U+C874 "존" */
    0x7f, 0xe0, 0x60, 0xf, 0x3, 0x9c, 0x66, 0x60,
    0x60, 0xff, 0xf0, 0x0, 0x0, 0x6, 0x0, 0x60,
    0x7, 0xfe,

    /* U+C878 "졸" */
    0x7f, 0xe0, 0x60, 0x1f, 0x87, 0xe, 0x6, 0xf,
    0xff, 0x0, 0x7, 0xfc, 0x0, 0x47, 0xfc, 0x60,
    0x7, 0xfe,

    /* U+C87A "졺" */
    0x7f, 0xe0, 0x60, 0x1f, 0x87, 0xe, 0x6, 0xf,
    0xff, 0x0, 0x7, 0xfe, 0xf, 0x67, 0xf6, 0x63,
    0x67, 0xfe,

    /* U+C880 "좀" */
    0x7f, 0xe0, 0x60, 0xf, 0x3, 0x9c, 0x66, 0x60,
    0x60, 0xff, 0xf0, 0x0, 0x7f, 0xe6, 0x6, 0x60,
    0x67, 0xfe,

    /* U+C881 "좁" */
    0x7f, 0xe0, 0x60, 0x19, 0x87, 0x6e, 0x6, 0xf,
    0xff, 0x0, 0x6, 0x4, 0x7f, 0xc6, 0x4, 0x60,
    0x47, 0xfc,

    /* U+C883 "좃" */
    0x7f, 0xe0, 0x60, 0xf, 0x3, 0x9c, 0x66, 0x60,
    0x60, 0xff, 0xf0, 0x0, 0x6, 0x0, 0x60, 0x1f,
    0x87, 0xe,

    /* U+C885 "종" */
    0x7f, 0xe0, 0x60, 0xf, 0x3, 0x9c, 0x66, 0x60,
    0x60, 0xff, 0xf0, 0x0, 0x1f, 0x86, 0x4, 0x60,
    0x41, 0xf8,

    /* U+C886 "좆" */
    0x7f, 0xe0, 0x60, 0x1f, 0x87, 0x6e, 0x6, 0xf,
    0xff, 0x0, 0x0, 0x0, 0x7f, 0xe0, 0x60, 0xf,
    0x7, 0xe,

    /* U+C887 "좇" */
    0x7f, 0xe0, 0x60, 0x1f, 0x87, 0x6e, 0x6, 0xf,
    0xff, 0x0, 0x0, 0x60, 0x3f, 0xc0, 0x60, 0x1f,
    0x87, 0xe,

    /* U+C88B "좋" */
    0x7f, 0xe0, 0x60, 0xf, 0x7, 0xe, 0x6, 0xf,
    0xff, 0x6, 0x7, 0xfe, 0x0, 0x1, 0xf8, 0x30,
    0xc1, 0xf8,

    /* U+C88C "좌" */
    0x0, 0x40, 0x4, 0x7f, 0x40, 0x84, 0x1c, 0x41,
    0x44, 0x63, 0x70, 0x84, 0x8, 0x47, 0xf4, 0x0,
    0x40, 0x4, 0x0, 0x40,

    /* U+C88D "좍" */
    0x0, 0x47, 0xf4, 0x8, 0x41, 0xc4, 0x77, 0x74,
    0x94, 0xff, 0x44, 0x4, 0x0, 0x3, 0xfc, 0x0,
    0x40, 0x4, 0x0, 0x40,

    /* U+C894 "좔" */
    0x0, 0x47, 0xf4, 0x1c, 0x43, 0x77, 0x63, 0x40,
    0x84, 0xff, 0x40, 0x0, 0x3f, 0xc0, 0x4, 0x3f,
    0xc3, 0x0, 0x3f, 0xe0,

    /* U+C89D "좝" */
    0x0, 0x47, 0xf4, 0x8, 0x41, 0xc4, 0x77, 0x70,
    0x84, 0xff, 0x40, 0x0, 0x0, 0x3, 0x4, 0x3f,
    0xc3, 0x4, 0x3f, 0xc0,

    /* U+C89F "좟" */
    0x0, 0x47, 0xf4, 0x8, 0x41, 0xc4, 0x77, 0x74,
    0x84, 0x8, 0x4f, 0xf4, 0x0, 0x40, 0x30, 0x7,
    0x1, 0xdc, 0x30, 0x60,

    /* U+C8A1 "좡" */
    0x0, 0x47, 0xf4, 0x8, 0x41, 0xc4, 0x77, 0x76,
    0xb4, 0x8, 0x4f, 0xf4, 0x0, 0x1, 0xf8, 0x30,
    0x43, 0x4, 0x1f, 0x80,

    /* U+C8A8 "좨" */
    0x0, 0x20, 0x15, 0xfa, 0x8c, 0x51, 0x8a, 0x79,
    0x59, 0xb8, 0xc5, 0x18, 0xaf, 0xd4, 0x2, 0x80,
    0x50, 0xa,

    /* U+C8BC "좼" */
    0x1, 0x6f, 0xd6, 0x31, 0x63, 0x16, 0xfd, 0xec,
    0xd6, 0x31, 0x6f, 0xd6, 0x0, 0x1, 0x8, 0x39,
    0xc6, 0xf6, 0x46, 0x20,

    /* U+C8BD "좽" */
    0x0, 0x7f, 0xac, 0xc5, 0x98, 0xbf, 0xdf, 0x6a,
    0xcd, 0x5f, 0x8b, 0x0, 0x3, 0xf8, 0xc1, 0x98,
    0x31, 0xfc,

    /* U+C8C4 "죄" */
    0x0, 0x20, 0x5, 0xfc, 0x84, 0x11, 0xc2, 0x6c,
    0x58, 0xc8, 0x41, 0x8, 0x2f, 0xf4, 0x0, 0x80,
    0x10, 0x2,

    /* U+C8C8 "죈" */
    0x0, 0x27, 0xf2, 0x8, 0x21, 0xc2, 0x37, 0x26,
    0x92, 0x8, 0x2f, 0xfa, 0x0, 0x20, 0x0, 0x30,
    0x3, 0x0, 0x3f, 0xf0,

    /* U+C8CC "죌" */
    0x0, 0x27, 0xf2, 0x1c, 0x23, 0x62, 0x69, 0x20,
    0x9a, 0xf8, 0x20, 0x0, 0x3f, 0xe0, 0x2, 0x3f,
    0xe3, 0x0, 0x3f, 0xf0,

    /* U+C8D4 "죔" */
    0x0, 0x2f, 0xe4, 0x20, 0x8e, 0x13, 0x72, 0xd2,
    0x42, 0xf, 0xfd, 0x0, 0x7, 0xfc, 0xc0, 0x98,
    0x13, 0xfe,

    /* U+C8D5 "죕" */
    0x0, 0x2f, 0xe4, 0x20, 0x8f, 0x16, 0x32, 0x10,
    0x7f, 0xe8, 0x0, 0x0, 0x6, 0x4, 0xff, 0x98,
    0x13, 0xfe,

    /* U+C8D7 "죗" */
    0x0, 0x27, 0xf2, 0x8, 0x21, 0xc2, 0x37, 0x26,
    0x92, 0x8, 0x2f, 0xfa, 0x2, 0x20, 0x30, 0x5,
    0x83, 0x8f, 0x20, 0x20,

    /* U+C8D9 "죙" */
    0x0, 0x2f, 0xe4, 0x20, 0x8e, 0x13, 0x72, 0xc6,
    0x42, 0xf, 0xfd, 0x0, 0x3, 0xf8, 0xc0, 0x98,
    0x10, 0xfc,

    /* U+C8E0 "죠" */
    0x7f, 0xe0, 0x60, 0x6, 0x0, 0xf0, 0x19, 0x83,
    0x9c, 0x60, 0x61, 0x98, 0x19, 0x81, 0x98, 0xff,
    0xf0,

    /* U+C8E1 "죡" */
    0x7f, 0xe0, 0x60, 0xf, 0x7, 0x9e, 0x79, 0xa1,
    0x98, 0xff, 0xf0, 0x0, 0x7f, 0xe0, 0x6, 0x0,
    0x60, 0x6,

    /* U+C8E4 "죤" */
    0x7f, 0xe0, 0x60, 0xf, 0x7, 0x9e, 0x79, 0xe1,
    0x98, 0xff, 0xf0, 0x0, 0x0, 0x6, 0x0, 0x60,
    0x7, 0xfe,

    /* U+C8F5 "죵" */
    0x7f, 0xe0, 0x60, 0xf, 0x7, 0x9e, 0x60, 0x61,
    0x98, 0xff, 0xf0, 0x0, 0x1f, 0x86, 0x4, 0x60,
    0x41, 0xf8,

    /* U+C8FC "주" */
    0x7f, 0xe0, 0x60, 0x6, 0x0, 0xf0, 0x79, 0xe6,
    0x6, 0x0, 0xf, 0xff, 0x6, 0x0, 0x60, 0x6,
    0x0, 0x60,

    /* U+C8FD "죽" */
    0x7f, 0xe0, 0x60, 0xf, 0x7, 0xe, 0x0, 0xf,
    0xff, 0x6, 0x0, 0x60, 0x7f, 0xe0, 0x6, 0x0,
    0x60, 0x6,

    /* U+C900 "준" */
    0x7f, 0xe0, 0x60, 0xf, 0x3, 0x98, 0x70, 0xe0,
    0x0, 0xff, 0xf0, 0x60, 0x6, 0x6, 0x0, 0x60,
    0x7, 0xfe,

    /* U+C904 "줄" */
    0x7f, 0xe0, 0x60, 0x1f, 0x7, 0x9e, 0x0, 0xf,
    0xff, 0x6, 0x7, 0xfc, 0x0, 0x47, 0xfc, 0x60,
    0x7, 0xfe,

    /* U+C905 "줅" */
    0x7f, 0xe0, 0x70, 0xd, 0x87, 0x8e, 0x0, 0xf,
    0xff, 0x2, 0x7, 0xde, 0xc, 0x67, 0xc6, 0x60,
    0x67, 0xe6,

    /* U+C906 "줆" */
    0x7f, 0xe0, 0x60, 0x1f, 0x7, 0xe, 0x0, 0xf,
    0xff, 0x6, 0x7, 0xfe, 0xf, 0x67, 0xf6, 0x63,
    0x67, 0xfe,

    /* U+C90C "줌" */
    0x7f, 0xe0, 0x60, 0xf, 0x7, 0xe, 0x0, 0xf,
    0xff, 0x6, 0x0, 0x60, 0x7f, 0xe6, 0x6, 0x60,
    0x67, 0xfe,

    /* U+C90D "줍" */
    0x7f, 0xe0, 0x60, 0x1f, 0x87, 0xe, 0x0, 0xf,
    0xff, 0x6, 0x6, 0x64, 0x7f, 0xc6, 0x4, 0x60,
    0x47, 0xfc,

    /* U+C90F "줏" */
    0x7f, 0xe0, 0x60, 0xf, 0x7, 0xe, 0x0, 0xf,
    0xff, 0x6, 0x0, 0x0, 0x6, 0x0, 0xe0, 0x39,
    0xc6, 0x6,

    /* U+C911 "중" */
    0x7f, 0xe0, 0x60, 0xf, 0x7, 0xe, 0x0, 0xf,
    0xff, 0x6, 0x0, 0x60, 0x3f, 0xc6, 0x4, 0x20,
    0x41, 0xf8,

    /* U+C918 "줘" */
    0x0, 0x2f, 0xe4, 0x30, 0x8e, 0x17, 0x72, 0xc2,
    0x40, 0x2f, 0xfd, 0xc, 0x21, 0xbc, 0x30, 0x86,
    0x10, 0xc2,

    /* U+C92C "줬" */
    0x0, 0x27, 0xf2, 0xc, 0x23, 0xf2, 0x61, 0x2f,
    0xfa, 0xfc, 0x20, 0x8e, 0x8, 0xc1, 0x8c, 0x1c,
    0xe7, 0x7b, 0x42, 0x0,

    /* U+C934 "줴" */
    0x0, 0x17, 0xed, 0x18, 0xd1, 0x8d, 0x7e, 0xd6,
    0x6d, 0x0, 0xdf, 0xfd, 0x10, 0xd1, 0x3d, 0x10,
    0xd1, 0xd, 0x0, 0xd0,

    /* U+C950 "쥐" */
    0x0, 0x2f, 0xe4, 0x20, 0x8e, 0x13, 0x72, 0xc6,
    0x40, 0xf, 0xfd, 0x8, 0x21, 0x4, 0x20, 0x84,
    0x10, 0x82,

    /* U+C951 "쥑" */
    0x0, 0x2f, 0xe4, 0x30, 0x8f, 0x17, 0x32, 0x0,
    0x7f, 0xe8, 0x61, 0xc, 0x3, 0xfc, 0x0, 0x80,
    0x10, 0x2,

    /* U+C954 "쥔" */
    0x0, 0x27, 0xf2, 0xc, 0x21, 0xc2, 0x37, 0x26,
    0x32, 0x0, 0x2f, 0xfa, 0x8, 0x20, 0x82, 0x30,
    0x3, 0x0, 0x3f, 0xf0,

    /* U+C958 "쥘" */
    0x0, 0x27, 0xf2, 0xc, 0x21, 0x62, 0x73, 0x20,
    0x2, 0xff, 0xa0, 0x80, 0x3f, 0xe0, 0x2, 0x3f,
    0xe3, 0x0, 0x3f, 0xf0,

    /* U+C960 "쥠" */
    0x0, 0x2f, 0xe4, 0x20, 0x8b, 0x16, 0x32, 0x0,
    0x7f, 0xe8, 0x41, 0x8, 0x7, 0xfc, 0xc0, 0x98,
    0x13, 0xfe,

    /* U+C961 "쥡" */
    0x0, 0x2f, 0xe4, 0x20, 0x8b, 0x16, 0x32, 0x0,
    0x7f, 0xe8, 0x40, 0x8, 0x6, 0x4, 0xff, 0x98,
    0x13, 0xfe,

    /* U+C963 "쥣" */
    0x0, 0x27, 0xf2, 0x18, 0x21, 0x62, 0x63, 0x20,
    0x2, 0xff, 0xa0, 0x82, 0xb, 0x20, 0x30, 0x7,
    0x83, 0x87,

    /* U+C96C "쥬" */
    0x7f, 0xe0, 0x60, 0x6, 0x0, 0xf0, 0x79, 0xe6,
    0x6, 0x0, 0xf, 0xff, 0x10, 0x81, 0x8, 0x10,
    0x81, 0x8,

    /* U+C970 "쥰" */
    0x7f, 0xe0, 0x60, 0xf, 0x3, 0x98, 0x70, 0xe0,
    0x0, 0xff, 0xf0, 0xc8, 0xc, 0x86, 0x0, 0x60,
    0x7, 0xfe,

    /* U+C974 "쥴" */
    0x7f, 0xe0, 0x60, 0xf, 0x7, 0x9e, 0x0, 0xf,
    0xff, 0x19, 0x87, 0xfc, 0x0, 0x47, 0xfc, 0x60,
    0x7, 0xfe,

    /* U+C97C "쥼" */
    0x7f, 0xe0, 0x60, 0xf, 0x7, 0x1e, 0x0, 0xf,
    0xff, 0x19, 0x81, 0x98, 0x7f, 0xe6, 0x6, 0x60,
    0x67, 0xfe,

    /* U+C988 "즈" */
    0x7f, 0xe0, 0x60, 0x6, 0x0, 0xf0, 0x39, 0xc6,
    0x6, 0x0, 0x0, 0x0, 0xff, 0xf0,

    /* U+C989 "즉" */
    0x7f, 0xe0, 0x60, 0xf, 0x3, 0x9c, 0x70, 0xe0,
    0x0, 0xff, 0xf0, 0x0, 0x7f, 0xe0, 0x6, 0x0,
    0x60, 0x6,

    /* U+C98C "즌" */
    0x7f, 0xe0, 0x60, 0xf, 0x3, 0x9c, 0x70, 0xe0,
    0x0, 0xff, 0xf0, 0x0, 0x60, 0x6, 0x0, 0x60,
    0x7, 0xfe,

    /* U+C990 "즐" */
    0x7f, 0xe0, 0x60, 0xf, 0x7, 0x9e, 0x0, 0xf,
    0xff, 0x0, 0x7, 0xfc, 0x0, 0x47, 0xfc, 0x60,
    0x7, 0xfe,

    /* U+C998 "즘" */
    0x7f, 0xe0, 0x60, 0xf, 0x7, 0xe, 0x0, 0xf,
    0xff, 0x0, 0x0, 0x0, 0x7f, 0xe6, 0x6, 0x60,
    0x67, 0xfe,

    /* U+C999 "즙" */
    0x7f, 0xe0, 0x60, 0x1f, 0x7, 0xe, 0x0, 0xf,
    0xff, 0x0, 0x6, 0x4, 0x7f, 0xc6, 0x4, 0x60,
    0x47, 0xfc,

    /* U+C99B "즛" */
    0x7f, 0xe0, 0x60, 0xf, 0x3, 0x9c, 0x70, 0xe0,
    0x0, 0xff, 0xf0, 0x0, 0x6, 0x0, 0x60, 0xf,
    0x7, 0xe,

    /* U+C99D "증" */
    0x7f, 0xe0, 0x60, 0xf, 0x7, 0xe, 0x0, 0xf,
    0xff, 0x0, 0x0, 0x0, 0x1f, 0x86, 0x4, 0x60,
    0x41, 0xf8,

    /* U+C9C0 "지" */
    0x0, 0x40, 0x1f, 0xe4, 0x41, 0x10, 0x44, 0x13,
    0x84, 0xa1, 0x6c, 0x71, 0x98, 0x4, 0x1, 0x0,
    0x40,

    /* U+C9C1 "직" */
    0x0, 0x7f, 0x91, 0x84, 0x61, 0x3c, 0x79, 0x98,
    0x24, 0x0, 0x0, 0xf, 0xf0, 0x4, 0x1, 0x0,
    0x40,

    /* U+C9C4 "진" */
    0x0, 0x5f, 0xc8, 0x41, 0x8, 0x23, 0x84, 0x50,
    0x9b, 0x96, 0x32, 0x0, 0x44, 0x0, 0x80, 0x10,
    0x3, 0xfe,

    /* U+C9C7 "짇" */
    0x0, 0x5f, 0xc8, 0x41, 0x1c, 0x22, 0x85, 0xcc,
    0xa0, 0x90, 0x0, 0x3f, 0xc4, 0x0, 0x80, 0x10,
    0x3, 0xfe,

    /* U+C9C8 "질" */
    0x0, 0x5f, 0xc8, 0x41, 0x1c, 0x26, 0xc5, 0x84,
    0x80, 0x0, 0x0, 0x3f, 0xc0, 0x8, 0xff, 0x10,
    0x3, 0xfe,

    /* U+C9CA "짊" */
    0x0, 0x7f, 0x91, 0x4, 0xe1, 0x6e, 0x70, 0x90,
    0x0, 0x0, 0x7b, 0xc2, 0x97, 0xa5, 0x9, 0x7f,
    0xc0,

    /* U+C9D0 "짐" */
    0x0, 0x7f, 0x91, 0x4, 0xe1, 0x28, 0x79, 0x98,
    0x24, 0x0, 0x3f, 0xc8, 0x12, 0x4, 0x81, 0x3f,
    0xc0,

    /* U+C9D1 "집" */
    0x0, 0x7f, 0x91, 0x4, 0xe1, 0x28, 0x5b, 0x9c,
    0x24, 0x0, 0x20, 0x4f, 0xf2, 0x4, 0x81, 0x3f,
    0xc0,

    /* U+C9D3 "짓" */
    0x0, 0x5f, 0xc8, 0x41, 0x1c, 0x22, 0x84, 0xcc,
    0xa0, 0x90, 0x32, 0x6, 0x1, 0xc0, 0xe6, 0x30,
    0x60,

    /* U+C9D5 "징" */
    0x0, 0x7f, 0x91, 0x4, 0xe1, 0x2c, 0x79, 0xd8,
    0x24, 0x0, 0x1f, 0x8c, 0x36, 0x4, 0xc3, 0x1f,
    0x0,

    /* U+C9D6 "짖" */
    0x0, 0x5f, 0xc8, 0x41, 0x1c, 0x22, 0x85, 0xcc,
    0xa0, 0x90, 0x0, 0x3f, 0xc0, 0xc0, 0x3c, 0x3c,
    0xf0, 0x0,

    /* U+C9D9 "짙" */
    0x0, 0x5f, 0xc8, 0x41, 0x1c, 0x26, 0xc5, 0x84,
    0x80, 0x0, 0x0, 0x3f, 0xc4, 0x0, 0xff, 0x10,
    0x3, 0xfe,

    /* U+C9DA "짚" */
    0x0, 0x7f, 0x91, 0x4, 0xe1, 0x28, 0x5b, 0x9c,
    0x24, 0x0, 0x7f, 0xc6, 0x61, 0x98, 0x66, 0x7f,
    0xc0,

    /* U+C9DC "짜" */
    0x0, 0x40, 0x4, 0xf7, 0x42, 0x64, 0x26, 0x46,
    0x67, 0x66, 0x47, 0x64, 0xdd, 0x49, 0x94, 0x0,
    0x40, 0x4, 0x0, 0x40,

    /* U+C9DD "짝" */
    0x0, 0x5e, 0xe8, 0x99, 0x13, 0x27, 0x67, 0xbe,
    0xa2, 0x50, 0x0, 0x0, 0x7, 0xf8, 0x1, 0x0,
    0x20, 0x4,

    /* U+C9E0 "짠" */
    0x0, 0x40, 0xb, 0xdd, 0x13, 0x22, 0x66, 0xec,
    0xb7, 0xd4, 0xca, 0x0, 0x44, 0x0, 0x80, 0x10,
    0x3, 0xfc,

    /* U+C9E2 "짢" */
    0x0, 0x27, 0x7a, 0x22, 0x23, 0x33, 0x37, 0x25,
    0xca, 0x8, 0x0, 0xc, 0x27, 0xf2, 0x7f, 0x21,
    0xe2, 0x32, 0x3d, 0xe0,

    /* U+C9E4 "짤" */
    0x0, 0x5e, 0xe8, 0x99, 0x33, 0x3f, 0x75, 0x32,
    0x80, 0x0, 0x0, 0x3f, 0xc0, 0x8, 0xff, 0x10,
    0x3, 0xfc,

    /* U+C9E7 "짧" */
    0x0, 0x5f, 0xe9, 0x99, 0x33, 0x3f, 0x75, 0x32,
    0x80, 0x0, 0x0, 0x7b, 0x41, 0x79, 0xed, 0x31,
    0xa7, 0xfc,

    /* U+C9EC "짬" */
    0x0, 0x5e, 0xe8, 0x99, 0x13, 0x27, 0x67, 0xbe,
    0xa2, 0x50, 0x0, 0x0, 0x7, 0xf8, 0x81, 0x10,
    0x23, 0xfc,

    /* U+C9ED "짭" */
    0x0, 0x5e, 0xe8, 0x99, 0x13, 0x37, 0x65, 0xba,
    0xa2, 0x10, 0x0, 0x20, 0x47, 0xf8, 0x81, 0x10,
    0x23, 0xfc,

    /* U+C9EF "짯" */
    0x0, 0x5e, 0xe8, 0x99, 0x33, 0x27, 0x67, 0xbe,
    0xa6, 0x50, 0x32, 0x6, 0x1, 0xe0, 0xe7, 0x38,
    0x30,

    /* U+C9F0 "짰" */
    0x0, 0x5e, 0xe8, 0x99, 0x33, 0x27, 0x67, 0xbe,
    0xa6, 0x50, 0x0, 0x18, 0x83, 0x10, 0xb5, 0x33,
    0xb0,

    /* U+C9F1 "짱" */
    0x0, 0x5f, 0xe8, 0x99, 0x33, 0x27, 0x66, 0xee,
    0xb6, 0x70, 0x2, 0x1f, 0x86, 0x18, 0x81, 0x18,
    0x61, 0xf8,

    /* U+C9F8 "째" */
    0x0, 0x20, 0x27, 0xf4, 0xa4, 0x94, 0x92, 0x92,
    0x5a, 0x7b, 0x69, 0xfd, 0x36, 0xe4, 0x4, 0x80,
    0x90, 0x12,

    /* U+C9F9 "짹" */
    0xfd, 0x25, 0x25, 0xa4, 0xb6, 0xf6, 0xd3, 0xee,
    0x64, 0x48, 0x0, 0x3f, 0xe0, 0x4, 0x0, 0x80,
    0x10,

    /* U+C9FC "짼" */
    0x0, 0x20, 0x27, 0xf4, 0xa4, 0x96, 0x9e, 0xda,
    0x6d, 0xcc, 0x99, 0x1, 0x24, 0x20, 0x80, 0x10,
    0x3, 0xfe,

    /* U+CA00 "쨀" */
    0xfd, 0x29, 0x25, 0x27, 0xb6, 0x9b, 0x72, 0x22,
    0x40, 0x1, 0xff, 0x0, 0x27, 0xfc, 0x80, 0x1f,
    0xf0,

    /* U+CA08 "쨈" */
    0xfd, 0x29, 0x25, 0x24, 0xb6, 0xff, 0xd3, 0x6e,
    0x44, 0x48, 0x0, 0x3f, 0xe4, 0x4, 0x80, 0x9f,
    0xf0,

    /* U+CA09 "쨉" */
    0xfd, 0x29, 0x25, 0x27, 0xb6, 0x9f, 0xd3, 0x6e,
    0x44, 0x49, 0x1, 0x3f, 0xe4, 0x4, 0x80, 0x9f,
    0xf0,

    /* U+CA0B "쨋" */
    0x0, 0x2f, 0xfa, 0x4d, 0xa4, 0xda, 0x6d, 0xee,
    0xda, 0xb7, 0xa0, 0x1a, 0x2, 0x0, 0x70, 0x1d,
    0xc3, 0x6,

    /* U+CA0C "쨌" */
    0xfd, 0x24, 0x92, 0x49, 0x26, 0xde, 0xed, 0x2b,
    0x72, 0x91, 0x20, 0x0, 0x11, 0x81, 0x9c, 0x2f,
    0x64, 0x63,

    /* U+CA0D "쨍" */
    0x0, 0x7f, 0xad, 0x25, 0xa4, 0xb6, 0xdf, 0xda,
    0xed, 0xdc, 0x8b, 0xf, 0x86, 0x1c, 0x81, 0x98,
    0x70, 0xfc,

    /* U+CA14 "쨔" */
    0x0, 0x40, 0x4, 0xf7, 0x42, 0x64, 0x26, 0x76,
    0x64, 0x66, 0x47, 0x67, 0xdd, 0x48, 0x94, 0x0,
    0x40, 0x4, 0x0, 0x40,

    /* U+CA18 "쨘" */
    0x0, 0x5e, 0xeb, 0xdd, 0x13, 0x32, 0x64, 0xec,
    0xb7, 0xdc, 0xca, 0x0, 0x44, 0x0, 0x80, 0x10,
    0x3, 0xfc,

    /* U+CA29 "쨩" */
    0x0, 0x5f, 0xe8, 0x99, 0xb3, 0x27, 0x65, 0xbe,
    0xe6, 0x50, 0x2, 0x1f, 0x86, 0x18, 0x81, 0x18,
    0x61, 0xf8,

    /* U+CA4C "쩌" */
    0x0, 0x40, 0x1f, 0xf4, 0x91, 0x24, 0x59, 0x76,
    0x65, 0xd9, 0xde, 0x66, 0x50, 0x4, 0x1, 0x0,
    0x40,

    /* U+CA4D "쩍" */
    0x0, 0x7f, 0xd2, 0x45, 0x91, 0x67, 0xff, 0x98,
    0x94, 0x0, 0x0, 0xf, 0xf0, 0x4, 0x1, 0x0,
    0x40,

    /* U+CA50 "쩐" */
    0x0, 0x7f, 0xd2, 0x44, 0x91, 0x67, 0xdd, 0x9d,
    0xf6, 0x65, 0x0, 0x4c, 0x3, 0x0, 0xc0, 0x3f,
    0xc0,

    /* U+CA54 "쩔" */
    0x0, 0x7f, 0xd2, 0x45, 0x9f, 0x76, 0x66, 0x50,
    0x0, 0x0, 0x3f, 0xc0, 0x13, 0xfc, 0xc0, 0x3f,
    0xc0,

    /* U+CA5C "쩜" */
    0x0, 0x3e, 0xf4, 0x98, 0xb3, 0x77, 0x73, 0xbb,
    0x62, 0x28, 0x0, 0x0, 0x7, 0xfc, 0xc0, 0x98,
    0x13, 0xfe,

    /* U+CA5D "쩝" */
    0x0, 0x3e, 0xf4, 0x98, 0xb3, 0x77, 0x73, 0xbb,
    0x62, 0x28, 0x0, 0x30, 0x27, 0xfc, 0xc0, 0x98,
    0x13, 0xfe,

    /* U+CA5F "쩟" */
    0x0, 0x5f, 0xe8, 0x91, 0x12, 0x26, 0x7c, 0xec,
    0xb6, 0xd4, 0x4a, 0x6, 0x40, 0xc0, 0x3c, 0x1c,
    0xe2, 0x4,

    /* U+CA60 "쩠" */
    0x0, 0x7f, 0xcc, 0x91, 0xb2, 0xf7, 0x67, 0xb6,
    0xe0, 0x18, 0xcc, 0x19, 0x83, 0x39, 0xbd, 0xa3,
    0x10,

    /* U+CA61 "쩡" */
    0x0, 0x7f, 0xec, 0x91, 0x92, 0x36, 0x7e, 0xec,
    0xf6, 0xd8, 0x3, 0x1f, 0x86, 0x1c, 0x81, 0x98,
    0x71, 0xf8,

    /* U+CA68 "쩨" */
    0x0, 0x20, 0x27, 0xf4, 0xa4, 0x94, 0x92, 0x96,
    0x5a, 0x4b, 0x69, 0xf5, 0x36, 0xe4, 0x4, 0x80,
    0x90, 0x12,

    /* U+CA7D "쩽" */
    0x0, 0x7f, 0xad, 0x25, 0xa4, 0xb6, 0xb6, 0xda,
    0xed, 0x5c, 0x8b, 0x1f, 0x86, 0x1c, 0x81, 0x98,
    0x71, 0xfc,

    /* U+CA84 "쪄" */
    0x0, 0x40, 0x1f, 0xf4, 0x91, 0x25, 0xd9, 0x96,
    0x7d, 0xd9, 0xdb, 0x66, 0x50, 0x4, 0x1, 0x0,
    0x40,

    /* U+CA98 "쪘" */
    0x0, 0x7e, 0xef, 0xdd, 0x93, 0x76, 0x66, 0xef,
    0xe6, 0x58, 0xc4, 0x18, 0x83, 0x19, 0xb5, 0xa3,
    0x10,

    /* U+CABC "쪼" */
    0xff, 0xf1, 0x8, 0x30, 0xc3, 0x9c, 0x6f, 0x6c,
    0x63, 0x0, 0x0, 0x60, 0x6, 0xf, 0xff,

    /* U+CABD "쪽" */
    0x7f, 0xe1, 0x8, 0x39, 0xc6, 0xf6, 0x46, 0x20,
    0x60, 0xff, 0xf0, 0x0, 0x7f, 0xe0, 0x6, 0x0,
    0x60, 0x6,

    /* U+CAC0 "쫀" */
    0x7f, 0xe1, 0x8, 0x39, 0xc6, 0xf6, 0x40, 0x20,
    0x60, 0xff, 0xf0, 0x0, 0x60, 0x6, 0x0, 0x60,
    0x7, 0xfe,

    /* U+CAC4 "쫄" */
    0x7f, 0xe1, 0x8, 0x2f, 0x44, 0x62, 0x6, 0xf,
    0xff, 0x0, 0x7, 0xfc, 0x0, 0x47, 0xfc, 0x60,
    0x7, 0xfe,

    /* U+CACC "쫌" */
    0x7f, 0xe1, 0x8, 0x39, 0xc6, 0xf6, 0x46, 0x20,
    0x60, 0xff, 0xf0, 0x0, 0x7f, 0xe6, 0x6, 0x60,
    0x67, 0xfe,

    /* U+CACD "쫍" */
    0x7f, 0xe1, 0x8, 0x29, 0x44, 0x62, 0x6, 0xf,
    0xff, 0x0, 0x6, 0x4, 0x7f, 0xc6, 0x4, 0x60,
    0x47, 0xfc,

    /* U+CACF "쫏" */
    0x7f, 0xe1, 0x8, 0x39, 0xc6, 0xf6, 0x46, 0x20,
    0x60, 0xff, 0xf0, 0x0, 0x6, 0x0, 0x60, 0x1f,
    0x87, 0xe,

    /* U+CAD1 "쫑" */
    0x7f, 0xe1, 0x8, 0x39, 0xc6, 0xf6, 0x46, 0x20,
    0x60, 0xff, 0xf0, 0x0, 0x1f, 0x86, 0x4, 0x60,
    0x41, 0xf8,

    /* U+CAD3 "쫓" */
    0x7f, 0xe1, 0x8, 0x2b, 0x44, 0x62, 0x6, 0xf,
    0xff, 0x0, 0x0, 0x60, 0x3f, 0xc0, 0x60, 0x1f,
    0x87, 0xe,

    /* U+CAD8 "쫘" */
    0x0, 0x20, 0x1, 0x1f, 0xe8, 0x26, 0x43, 0x32,
    0x1d, 0x91, 0xbe, 0xe8, 0x94, 0xc, 0x20, 0x61,
    0x1f, 0xe8, 0x0, 0x40, 0x2, 0x0,

    /* U+CAD9 "쫙" */
    0x0, 0x4f, 0xf4, 0x26, 0x47, 0x64, 0xdf, 0x78,
    0x94, 0x18, 0x4f, 0xf4, 0x0, 0x3, 0xfc, 0x0,
    0x40, 0x4, 0x0, 0x40,

    /* U+CAE0 "쫠" */
    0x0, 0x4f, 0xf4, 0x66, 0x4d, 0xf7, 0x99, 0x41,
    0x84, 0xf9, 0x40, 0x0, 0x3f, 0xc0, 0x4, 0x3f,
    0xc2, 0x0, 0x3f, 0xc0,

    /* U+CAEC "쫬" */
    0x0, 0x5f, 0xe8, 0x99, 0x3b, 0x2d, 0xf7, 0x12,
    0x86, 0x17, 0xfe, 0x10, 0x82, 0x10, 0xe7, 0x77,
    0xb0, 0x62,

    /* U+CAF4 "쫴" */
    0x0, 0x20, 0x27, 0xf4, 0xa4, 0x94, 0x92, 0xfa,
    0x6d, 0xf9, 0x89, 0x31, 0x3f, 0xe4, 0x4, 0x80,
    0x90, 0x12,

    /* U+CB08 "쬈" */
    0x0, 0x2f, 0xd2, 0x49, 0x26, 0xd2, 0xf5, 0xe9,
    0x52, 0x31, 0x2f, 0xf2, 0x11, 0x81, 0x18, 0x39,
    0xc6, 0xf6, 0x46, 0x20,

    /* U+CB10 "쬐" */
    0x0, 0x20, 0x5, 0xfe, 0x89, 0x93, 0x32, 0x76,
    0x5b, 0xea, 0x25, 0xc, 0x21, 0x85, 0xfe, 0x80,
    0x10, 0x2,

    /* U+CB14 "쬔" */
    0x0, 0x2f, 0xf4, 0x4c, 0x99, 0x96, 0xfa, 0x81,
    0x43, 0xb, 0xfd, 0x0, 0x20, 0x0, 0x40, 0x8,
    0x1, 0xfe,

    /* U+CB18 "쬘" */
    0x0, 0x2f, 0xf4, 0x4c, 0x9f, 0xd6, 0xca, 0x18,
    0x5f, 0x88, 0x0, 0x1f, 0xe0, 0x4, 0x7f, 0x88,
    0x1, 0xfe,

    /* U+CB20 "쬠" */
    0x0, 0x2f, 0xf4, 0xcc, 0x99, 0x96, 0xfa, 0x89,
    0x43, 0xf, 0xfd, 0x0, 0x3, 0xfc, 0x40, 0x88,
    0x11, 0xfe,

    /* U+CB21 "쬡" */
    0x0, 0x2f, 0xf4, 0xcc, 0x9f, 0xd4, 0xca, 0x18,
    0x7f, 0xe8, 0x0, 0x10, 0x22, 0x4, 0x7f, 0x88,
    0x11, 0xfe,

    /* U+CB41 "쭁" */
    0x7f, 0xe1, 0x8, 0x39, 0xc6, 0xf6, 0x46, 0x21,
    0x98, 0xff, 0xf0, 0x0, 0x1f, 0x86, 0x4, 0x60,
    0x41, 0xf8,

    /* U+CB48 "쭈" */
    0x7f, 0xe1, 0x8, 0x30, 0xc3, 0x9c, 0xef, 0x64,
    0x62, 0x0, 0xf, 0xff, 0x6, 0x0, 0x60, 0x6,
    0x0, 0x60,

    /* U+CB49 "쭉" */
    0x7f, 0xe1, 0x8, 0x39, 0xce, 0xf7, 0x0, 0xf,
    0xff, 0x6, 0x0, 0x60, 0x7f, 0xe0, 0x6, 0x0,
    0x60, 0x6,

    /* U+CB4C "쭌" */
    0x7f, 0xe1, 0x8, 0x39, 0xc6, 0xb6, 0x46, 0x20,
    0x0, 0xff, 0xf0, 0x60, 0x6, 0x6, 0x0, 0x60,
    0x7, 0xfe,

    /* U+CB50 "쭐" */
    0x7f, 0xe1, 0x8, 0x39, 0xce, 0xf7, 0x0, 0xf,
    0xff, 0x6, 0x7, 0xfc, 0x0, 0x47, 0xfc, 0x60,
    0x7, 0xfe,

    /* U+CB58 "쭘" */
    0x7f, 0xe1, 0x8, 0x39, 0xce, 0xf7, 0x0, 0xf,
    0xff, 0x6, 0x0, 0x60, 0x7f, 0xe6, 0x6, 0x60,
    0x67, 0xfe,

    /* U+CB59 "쭙" */
    0x7f, 0xe1, 0x8, 0x39, 0xce, 0xf7, 0x0, 0xf,
    0xff, 0x6, 0x6, 0x66, 0x60, 0x67, 0xfe, 0x60,
    0x67, 0xfe,

    /* U+CB5D "쭝" */
    0x7f, 0xe1, 0x8, 0x39, 0xce, 0xf7, 0x0, 0xf,
    0xff, 0x6, 0x0, 0x60, 0x3f, 0x86, 0x4, 0x20,
    0x41, 0xf8,

    /* U+CB64 "쭤" */
    0x0, 0x7f, 0xd2, 0x65, 0x99, 0x7e, 0x66, 0x50,
    0x7, 0xfd, 0x18, 0x46, 0xf1, 0x84, 0x61, 0x18,
    0x40,

    /* U+CB78 "쭸" */
    0x0, 0x27, 0xfa, 0x33, 0x23, 0xb2, 0x4c, 0xa1,
    0xfe, 0x7f, 0x20, 0xde, 0x8, 0x40, 0x84, 0x14,
    0xa7, 0x7b, 0x0, 0x0,

    /* U+CB79 "쭹" */
    0x0, 0x37, 0xfb, 0x33, 0x33, 0xb3, 0x6d, 0xb0,
    0x3, 0x7f, 0xb0, 0xdf, 0x0, 0x0, 0xfe, 0x10,
    0x31, 0x3, 0xf, 0xe0,

    /* U+CB9C "쮜" */
    0x0, 0x7f, 0xd2, 0x65, 0x99, 0x76, 0x77, 0xd9,
    0x94, 0x1, 0xff, 0x46, 0x11, 0x84, 0x61, 0x18,
    0x40,

    /* U+CBB8 "쮸" */
    0x7d, 0xf1, 0x8c, 0x18, 0xc3, 0x9c, 0x6f, 0x64,
    0x63, 0x0, 0xf, 0xff, 0x18, 0xc1, 0x8c, 0x18,
    0xc1, 0x8c,

    /* U+CBD4 "쯔" */
    0xff, 0xf1, 0x8, 0x30, 0x83, 0x9c, 0x6f, 0x6c,
    0x63, 0x0, 0x0, 0x0, 0xff, 0xf0,

    /* U+CBE4 "쯤" */
    0x7f, 0xe1, 0x8, 0x39, 0xce, 0xf7, 0x0, 0xf,
    0xff, 0x0, 0x0, 0x0, 0x7f, 0xe6, 0x6, 0x60,
    0x67, 0xfe,

    /* U+CBE7 "쯧" */
    0x7f, 0xe1, 0x8, 0x39, 0xc6, 0xf6, 0x46, 0x20,
    0x0, 0xff, 0xf0, 0x0, 0x6, 0x0, 0x60, 0xf,
    0x7, 0x1e,

    /* U+CBE9 "쯩" */
    0x7f, 0xe1, 0x8, 0x39, 0xc6, 0xf6, 0x46, 0x20,
    0x0, 0xff, 0xf0, 0x0, 0x1f, 0x86, 0x4, 0x60,
    0x41, 0xf8,

    /* U+CC0C "찌" */
    0x0, 0x40, 0x1f, 0x74, 0x99, 0x26, 0x59, 0x96,
    0x65, 0xd9, 0xdf, 0x66, 0x50, 0x4, 0x1, 0x0,
    0x40,

    /* U+CC0D "찍" */
    0x0, 0x7d, 0xd2, 0x65, 0x99, 0x76, 0x77, 0x58,
    0x84, 0x0, 0x0, 0xf, 0xf0, 0x4, 0x1, 0x0,
    0x40,

    /* U+CC10 "찐" */
    0x0, 0x7d, 0xd2, 0x64, 0x99, 0x66, 0x5d, 0x9d,
    0xf6, 0x65, 0x0, 0x4c, 0x3, 0x0, 0xc0, 0x3f,
    0xc0,

    /* U+CC14 "찔" */
    0x0, 0x7d, 0xd2, 0x65, 0x99, 0xdf, 0x62, 0x50,
    0x0, 0x0, 0x3f, 0xc0, 0x13, 0xfc, 0x80, 0x3f,
    0xc0,

    /* U+CC1C "찜" */
    0x0, 0x7d, 0xd2, 0x65, 0x99, 0x76, 0x77, 0x50,
    0x84, 0x0, 0x0, 0xf, 0xf3, 0x4, 0xc1, 0x3f,
    0xc0,

    /* U+CC1D "찝" */
    0x0, 0x7d, 0xd2, 0x65, 0x99, 0x76, 0x77, 0x58,
    0x94, 0x0, 0x30, 0x4f, 0xf3, 0x4, 0xc1, 0x3f,
    0xc0,

    /* U+CC21 "찡" */
    0x0, 0x7d, 0xd2, 0x65, 0x99, 0x76, 0x77, 0xd9,
    0x94, 0x1, 0x0, 0x7, 0xe3, 0x4, 0xc1, 0x1f,
    0x80,

    /* U+CC22 "찢" */
    0x0, 0x5e, 0xe8, 0x99, 0x33, 0x27, 0x65, 0xb2,
    0x82, 0x10, 0x0, 0x3f, 0xc0, 0xc0, 0x3c, 0x1c,
    0xf0, 0x0,

    /* U+CC27 "찧" */
    0x0, 0x5e, 0xe8, 0x99, 0x33, 0x27, 0x75, 0xbb,
    0xa2, 0x10, 0x10, 0x3f, 0xe0, 0x0, 0x7e, 0x8,
    0x21, 0xf8,

    /* U+CC28 "차" */
    0x0, 0x41, 0x4, 0x10, 0x4f, 0xe4, 0x10, 0x41,
    0x4, 0x38, 0x72, 0x84, 0x6c, 0x4c, 0x64, 0x82,
    0x40, 0x4, 0x0, 0x40,

    /* U+CC29 "착" */
    0x10, 0x82, 0x13, 0xfa, 0x8, 0x43, 0xe, 0x71,
    0x3b, 0xa4, 0x14, 0x0, 0xf, 0xf0, 0x2, 0x0,
    0x40, 0x8,

    /* U+CC2C "찬" */
    0x10, 0x82, 0x13, 0xfa, 0x8, 0x43, 0x8e, 0x51,
    0x1b, 0x26, 0x34, 0x0, 0x84, 0x0, 0x80, 0x10,
    0x3, 0xfc,

    /* U+CC2E "찮" */
    0x10, 0x9f, 0xd3, 0xfa, 0xc, 0x72, 0xc9, 0xcd,
    0x20, 0x0, 0x8, 0x4f, 0xc9, 0xf9, 0xe, 0x23,
    0x47, 0xb8,

    /* U+CC30 "찰" */
    0x10, 0x9f, 0xd3, 0xfa, 0x8, 0x72, 0x89, 0xdd,
    0x30, 0xa0, 0x0, 0x7f, 0x80, 0x11, 0xfe, 0x30,
    0x7, 0xfc,

    /* U+CC38 "참" */
    0x10, 0x82, 0x13, 0xfa, 0x8, 0x43, 0x8e, 0xd9,
    0x30, 0xa0, 0x0, 0x0, 0xf, 0xf1, 0x82, 0x30,
    0x47, 0xf8,

    /* U+CC39 "찹" */
    0x10, 0x9f, 0xd3, 0xfa, 0x8, 0x72, 0x89, 0xdd,
    0x30, 0xa0, 0x0, 0x60, 0x8f, 0xf1, 0x82, 0x30,
    0x47, 0xf8,

    /* U+CC3B "찻" */
    0x10, 0x82, 0x13, 0xfa, 0x8, 0x43, 0x8e, 0xd9,
    0x31, 0xa0, 0x4, 0x6, 0x1, 0xc0, 0x6c, 0x38,
    0x60,

    /* U+CC3C "찼" */
    0x10, 0x82, 0x13, 0xfa, 0x8, 0x43, 0x8e, 0xd9,
    0x31, 0xa0, 0x0, 0x11, 0x6, 0x31, 0xae, 0x67,
    0x20,

    /* U+CC3D "창" */
    0x10, 0x41, 0x4, 0xfe, 0x41, 0x4, 0x38, 0x72,
    0x84, 0xee, 0x48, 0x24, 0x1f, 0x2, 0xc, 0x60,
    0x42, 0xc, 0x1f, 0x0,

    /* U+CC3E "찾" */
    0x10, 0x9f, 0xd3, 0xfa, 0x8, 0x72, 0x89, 0xdd,
    0x20, 0xa0, 0x0, 0x7f, 0x80, 0xc0, 0x3c, 0x38,
    0xe4, 0x0,

    /* U+CC44 "채" */
    0x0, 0x26, 0x24, 0xc4, 0xfe, 0x93, 0x12, 0x62,
    0x4c, 0x79, 0x89, 0x79, 0x39, 0xa6, 0x14, 0x80,
    0x90, 0x12,

    /* U+CC45 "책" */
    0x31, 0x7f, 0x53, 0x14, 0xc7, 0x79, 0x73, 0x58,
    0x54, 0x0, 0x3f, 0xc0, 0x10, 0x4, 0x1,

    /* U+CC48 "챈" */
    0x0, 0x4c, 0x5f, 0xd4, 0xc5, 0x31, 0xcc, 0x54,
    0xd7, 0x35, 0x1, 0x4c, 0x43, 0x0, 0xc0, 0x3f,
    0xc0,

    /* U+CC4C "챌" */
    0x31, 0x7f, 0x5f, 0xd4, 0xc7, 0x79, 0x71, 0x50,
    0x0, 0x0, 0x3f, 0xc0, 0x13, 0xfc, 0xc0, 0x3f,
    0xc0,

    /* U+CC54 "챔" */
    0x31, 0x4c, 0x5f, 0xd4, 0xc5, 0x31, 0xde, 0x5c,
    0x54, 0x0, 0x0, 0xf, 0xf3, 0x4, 0xc1, 0x3f,
    0xc0,

    /* U+CC55 "챕" */
    0x31, 0x7f, 0x5f, 0xd4, 0xc7, 0x71, 0x73, 0x5c,
    0x54, 0x0, 0x30, 0x4f, 0xf3, 0x4, 0xc1, 0x3f,
    0xc0,

    /* U+CC57 "챗" */
    0x31, 0x5f, 0xab, 0xf5, 0x18, 0xe3, 0x95, 0x9a,
    0xa1, 0x50, 0x12, 0x2, 0x0, 0xe0, 0x76, 0x18,
    0x60,

    /* U+CC58 "챘" */
    0x31, 0x46, 0x2b, 0xf5, 0x18, 0xa3, 0x1c, 0xf2,
    0xb1, 0x50, 0x0, 0x18, 0x83, 0x10, 0xb5, 0x33,
    0x10,

    /* U+CC59 "챙" */
    0x31, 0x7f, 0x5f, 0xd4, 0xc7, 0x31, 0x53, 0x58,
    0x54, 0x0, 0x1f, 0x8c, 0x13, 0x4, 0x7e,

    /* U+CC60 "챠" */
    0x0, 0x41, 0x4, 0x10, 0x4f, 0xe4, 0x10, 0x71,
    0x4, 0x38, 0x42, 0x87, 0x6e, 0x4c, 0x64, 0x0,
    0x40, 0x4, 0x0, 0x40,

    /* U+CC64 "챤" */
    0x10, 0x82, 0x13, 0xfa, 0x8, 0x71, 0x8, 0x71,
    0x1b, 0x3e, 0x34, 0x0, 0x84, 0x0, 0x80, 0x10,
    0x3, 0xfc,

    /* U+CC66 "챦" */
    0x10, 0x82, 0x13, 0xfb, 0x88, 0x42, 0x8f, 0xcd,
    0x20, 0x0, 0x8, 0x4f, 0xc9, 0xf9, 0xe, 0x23,
    0x47, 0xb8,

    /* U+CC68 "챨" */
    0x10, 0x82, 0x13, 0xfb, 0x88, 0x42, 0x8f, 0x8d,
    0x0, 0x0, 0x0, 0x7f, 0x80, 0x11, 0xfe, 0x30,
    0x7, 0xfc,

    /* U+CC70 "챰" */
    0x10, 0x82, 0x13, 0xfb, 0x88, 0x43, 0x88, 0xd9,
    0xf1, 0xa0, 0x0, 0x0, 0xf, 0xf1, 0x82, 0x30,
    0x47, 0xf8,

    /* U+CC75 "챵" */
    0x10, 0x41, 0x4, 0xfe, 0x71, 0x4, 0x38, 0x42,
    0xc7, 0xe6, 0x48, 0x4, 0x1f, 0x2, 0xc, 0x60,
    0x42, 0xc, 0x1f, 0x0,

    /* U+CC98 "처" */
    0x0, 0x44, 0x11, 0x7, 0xf9, 0x10, 0x44, 0xf3,
    0x84, 0xa1, 0x66, 0x70, 0x90, 0x4, 0x1, 0x0,
    0x40,

    /* U+CC99 "척" */
    0x10, 0x44, 0x1f, 0xe4, 0x41, 0x19, 0xca, 0x1e,
    0x66, 0x9, 0x0, 0xf, 0xf0, 0x4, 0x1, 0x0,
    0x40,

    /* U+CC9C "천" */
    0x10, 0x42, 0xb, 0xf9, 0x8, 0x21, 0x9c, 0x50,
    0x9b, 0x16, 0x32, 0x80, 0x46, 0x0, 0xc0, 0x18,
    0x3, 0xfe,

    /* U+CCA0 "철" */
    0x10, 0x42, 0xb, 0xf9, 0x8, 0x23, 0x9d, 0xdc,
    0x80, 0x0, 0x0, 0x3f, 0xc0, 0x8, 0xff, 0x18,
    0x3, 0xfe,

    /* U+CCA8 "첨" */
    0x10, 0x44, 0x1f, 0xe4, 0x41, 0x39, 0xdb, 0x1c,
    0x24, 0x0, 0x0, 0xf, 0xf2, 0x4, 0x81, 0x3f,
    0xc0,

    /* U+CCA9 "첩" */
    0x10, 0x44, 0x1f, 0xe4, 0x41, 0x39, 0xdb, 0x1c,
    0x24, 0x0, 0x30, 0x4f, 0xf3, 0x4, 0xc1, 0x3f,
    0xc0,

    /* U+CCAB "첫" */
    0x10, 0x42, 0xb, 0xf9, 0x8, 0x23, 0x9c, 0x50,
    0xb9, 0x94, 0x12, 0x6, 0x40, 0xc0, 0x3c, 0x1c,
    0xe6, 0x4,

    /* U+CCAC "첬" */
    0x10, 0x42, 0xb, 0xf9, 0x8, 0x23, 0x9c, 0xd8,
    0xb0, 0x90, 0x84, 0x10, 0x87, 0x39, 0xbd, 0x23,
    0x10,

    /* U+CCAD "청" */
    0x10, 0x44, 0x1f, 0xe4, 0x41, 0x39, 0xcb, 0x1e,
    0x66, 0x1, 0x1f, 0xc, 0x32, 0x4, 0xc3, 0x1f,
    0x80,

    /* U+CCB4 "체" */
    0x0, 0x26, 0x34, 0xc6, 0xfe, 0xd3, 0x1a, 0x6f,
    0x4c, 0x6b, 0x8d, 0x49, 0xb9, 0xb6, 0x6, 0x80,
    0xd0, 0x1a,

    /* U+CCB5 "첵" */
    0x21, 0x48, 0x5f, 0xd4, 0xc5, 0x37, 0x5e, 0x5c,
    0xd6, 0x15, 0x0, 0xf, 0xf0, 0x4, 0x1, 0x0,
    0x40,

    /* U+CCB8 "첸" */
    0x0, 0x4c, 0x5f, 0xd4, 0xc5, 0x37, 0x4c, 0x55,
    0x97, 0x35, 0x81, 0x4c, 0x43, 0x0, 0xc0, 0x3f,
    0xc0,

    /* U+CCBC "첼" */
    0x31, 0x4c, 0x5f, 0xd4, 0xc5, 0x37, 0x5e, 0x5c,
    0x54, 0x0, 0x3f, 0xc0, 0x13, 0xfc, 0xc0, 0x3f,
    0xc0,

    /* U+CCC4 "쳄" */
    0x21, 0x48, 0x5f, 0xd4, 0x85, 0x37, 0x5e, 0x5c,
    0x54, 0x0, 0x0, 0xf, 0xf2, 0x4, 0x81, 0x3f,
    0xc0,

    /* U+CCC5 "쳅" */
    0x21, 0x48, 0x5f, 0xd4, 0x85, 0x37, 0x5e, 0x5c,
    0xd4, 0x0, 0x20, 0x4f, 0xf2, 0x4, 0x81, 0x3f,
    0xc0,

    /* U+CCC7 "쳇" */
    0x0, 0x46, 0x2b, 0xf5, 0x18, 0xa3, 0x74, 0xe2,
    0xb3, 0x54, 0x2a, 0x2, 0x0, 0xe0, 0x66, 0x38,
    0x20,

    /* U+CCC9 "쳉" */
    0x0, 0x48, 0x5f, 0xd4, 0x85, 0x37, 0x5c, 0x5c,
    0xd6, 0x15, 0x0, 0x7, 0xe3, 0x4, 0xc1, 0x1f,
    0x80,

    /* U+CCD0 "쳐" */
    0x0, 0x44, 0x11, 0x7, 0xf9, 0x11, 0xc6, 0x13,
    0x84, 0xa7, 0x6c, 0x71, 0x98, 0x4, 0x1, 0x0,
    0x40,

    /* U+CCD4 "쳔" */
    0x10, 0x42, 0xb, 0xf9, 0x8, 0xe1, 0x84, 0x70,
    0x9b, 0x77, 0x32, 0x82, 0x46, 0x0, 0xc0, 0x18,
    0x3, 0xfe,

    /* U+CCE4 "쳤" */
    0x10, 0x42, 0xb, 0xf9, 0x8, 0xe3, 0x84, 0xdb,
    0xb0, 0x90, 0x84, 0x10, 0x87, 0x39, 0xbd, 0x23,
    0x10,

    /* U+CCEC "쳬" */
    0x0, 0x26, 0x34, 0xc6, 0xfe, 0xd3, 0x7a, 0x63,
    0x4c, 0x6b, 0xbd, 0x59, 0xb9, 0xb6, 0x16, 0x80,
    0xd0, 0x1a,

    /* U+CCF0 "쳰" */
    0x0, 0x24, 0x37, 0xf6, 0xfe, 0xd3, 0x7a, 0x63,
    0x5f, 0xee, 0x6d, 0x81, 0xa4, 0x30, 0x80, 0x10,
    0x3, 0xfe,

    /* U+CD01 "촁" */
    0x20, 0x48, 0x5f, 0xd4, 0x9d, 0x31, 0x5f, 0xdc,
    0xd6, 0x5, 0x0, 0x7, 0xe3, 0x4, 0xc1, 0x1f,
    0x80,

    /* U+CD08 "초" */
    0x6, 0x7, 0xfe, 0x6, 0x0, 0x60, 0xf, 0x1,
    0x98, 0x70, 0xe4, 0x62, 0x6, 0x0, 0x60, 0xff,
    0xf0,

    /* U+CD09 "촉" */
    0x6, 0x0, 0x60, 0x7f, 0xe0, 0x60, 0xf, 0x7,
    0xe, 0x6, 0xf, 0xff, 0x0, 0x7, 0xfe, 0x0,
    0x60, 0x6, 0x0, 0x60,

    /* U+CD0C "촌" */
    0x6, 0x0, 0x60, 0x7f, 0xe0, 0x60, 0x1f, 0x87,
    0x6e, 0x6, 0xf, 0xff, 0x0, 0x0, 0x0, 0x60,
    0x6, 0x0, 0x7f, 0xe0,

    /* U+CD10 "촐" */
    0x6, 0x7, 0xfe, 0x6, 0x0, 0xf0, 0x79, 0xe0,
    0x60, 0xff, 0xf0, 0x0, 0x7f, 0xe0, 0x6, 0x7f,
    0xe6, 0x0, 0x7f, 0xe0,

    /* U+CD18 "촘" */
    0x6, 0x0, 0x60, 0x7f, 0xe0, 0x60, 0xf, 0x7,
    0xe, 0x6, 0xf, 0xff, 0x0, 0x7, 0xfe, 0x60,
    0x66, 0x6, 0x7f, 0xe0,

    /* U+CD19 "촙" */
    0x6, 0x0, 0x60, 0x7f, 0xe0, 0x60, 0xf, 0x7,
    0xe, 0x6, 0xf, 0xff, 0x0, 0x6, 0x4, 0x7f,
    0xc6, 0x4, 0x7f, 0xc0,

    /* U+CD1B "촛" */
    0x6, 0x0, 0x60, 0x7f, 0xe0, 0x60, 0x1f, 0x87,
    0xe, 0x6, 0xf, 0xff, 0x0, 0x0, 0x60, 0xe,
    0x1, 0x98, 0x70, 0x60,

    /* U+CD1D "총" */
    0x6, 0x0, 0x60, 0x7f, 0xe0, 0x60, 0x1f, 0x87,
    0x6e, 0x6, 0xf, 0xff, 0x0, 0x1, 0xf8, 0x60,
    0x46, 0x4, 0x1f, 0x80,

    /* U+CD24 "촤" */
    0x8, 0x40, 0x84, 0x7f, 0x40, 0x84, 0x1c, 0x41,
    0x44, 0x77, 0x76, 0x34, 0x8, 0x40, 0x84, 0x7f,
    0x40, 0x4, 0x0, 0x40,

    /* U+CD28 "촨" */
    0x8, 0x40, 0x84, 0x7f, 0x40, 0x84, 0x1c, 0x47,
    0x37, 0x8, 0x4f, 0xf4, 0x0, 0x40, 0x4, 0x30,
    0x3, 0x0, 0x3f, 0xe0,

    /* U+CD2C "촬" */
    0x8, 0x47, 0xf4, 0x8, 0x43, 0x67, 0x63, 0x40,
    0x84, 0xff, 0x40, 0x0, 0x3f, 0xc0, 0x4, 0x3f,
    0xc3, 0x0, 0x3f, 0xe0,

    /* U+CD39 "촹" */
    0x8, 0x40, 0x84, 0x7f, 0x40, 0x84, 0x36, 0x76,
    0xb4, 0xb, 0x47, 0x44, 0x0, 0x1, 0xf8, 0x30,
    0x43, 0x4, 0x1f, 0x80,

    /* U+CD5C "최" */
    0x8, 0x21, 0x5, 0xfc, 0x84, 0x11, 0xc2, 0x6c,
    0x58, 0xc8, 0x41, 0x8, 0x3f, 0xf4, 0x0, 0x80,
    0x10, 0x2,

    /* U+CD60 "쵠" */
    0x8, 0x20, 0x82, 0x7f, 0x20, 0x82, 0x36, 0x26,
    0x32, 0x8, 0x2f, 0xfa, 0x0, 0x20, 0x2, 0x30,
    0x3, 0x0, 0x3f, 0xf0,

    /* U+CD64 "쵤" */
    0x8, 0x27, 0xf2, 0x8, 0x21, 0x42, 0x73, 0x20,
    0x82, 0xff, 0xa0, 0x0, 0x3f, 0xe0, 0x2, 0x3f,
    0xe3, 0x0, 0x3f, 0xf0,

    /* U+CD6C "쵬" */
    0x8, 0x21, 0x5, 0xfc, 0x84, 0x11, 0x62, 0xc6,
    0x42, 0xf, 0xfd, 0x0, 0x7, 0xfc, 0xc0, 0x98,
    0x13, 0xfe,

    /* U+CD6D "쵭" */
    0x8, 0x2f, 0xe4, 0x20, 0x8e, 0x13, 0x72, 0xc6,
    0x42, 0xf, 0xfc, 0x0, 0x6, 0x4, 0xff, 0x98,
    0x13, 0xfe,

    /* U+CD6F "쵯" */
    0x8, 0x20, 0x82, 0x7f, 0x20, 0xc2, 0x36, 0x26,
    0x32, 0x8, 0x2f, 0xfa, 0x2, 0x20, 0x30, 0xd,
    0x83, 0x8e,

    /* U+CD71 "쵱" */
    0x8, 0x21, 0x5, 0xfc, 0x84, 0x13, 0x62, 0xc6,
    0x42, 0xec, 0x61, 0x0, 0x3, 0xf8, 0xc0, 0x98,
    0x10, 0xfc,

    /* U+CD78 "쵸" */
    0x6, 0x7, 0xfe, 0x6, 0x0, 0x60, 0xf, 0x1,
    0x98, 0x70, 0xe0, 0x0, 0x19, 0x81, 0x98, 0xff,
    0xf0,

    /* U+CD88 "춈" */
    0x6, 0x0, 0x60, 0x7f, 0xe0, 0x60, 0x1f, 0xc7,
    0x6, 0x19, 0x8f, 0xff, 0x0, 0x7, 0xfe, 0x60,
    0x66, 0x6, 0x7f, 0xe0,

    /* U+CD94 "추" */
    0x6, 0x0, 0x60, 0x7f, 0xe0, 0x60, 0xf, 0x1,
    0x98, 0x70, 0xe0, 0x0, 0xff, 0xf0, 0x60, 0x6,
    0x0, 0x60, 0x6, 0x0,

    /* U+CD95 "축" */
    0x6, 0x0, 0x60, 0x7f, 0xe0, 0x60, 0xf, 0x7,
    0x9e, 0x0, 0xf, 0xff, 0x6, 0x7, 0xfe, 0x0,
    0x60, 0x6, 0x0, 0x60,

    /* U+CD98 "춘" */
    0x6, 0x0, 0x60, 0x7f, 0xe0, 0x60, 0xf, 0x7,
    0x9e, 0x0, 0xf, 0xff, 0x6, 0x0, 0x60, 0x60,
    0x6, 0x0, 0x7f, 0xe0,

    /* U+CD9C "출" */
    0x6, 0x7, 0xfe, 0x6, 0x0, 0xf0, 0x79, 0xe0,
    0x0, 0xff, 0xf0, 0x60, 0x7f, 0xe0, 0x6, 0x7f,
    0xe6, 0x0, 0x7f, 0xe0,

    /* U+CDA4 "춤" */
    0x6, 0x0, 0x60, 0x7f, 0xe0, 0x60, 0xf, 0x7,
    0x9e, 0x0, 0xf, 0xff, 0x6, 0x7, 0xfe, 0x60,
    0x66, 0x6, 0x7f, 0xe0,

    /* U+CDA5 "춥" */
    0x6, 0x0, 0x60, 0x7f, 0xe0, 0x60, 0xf, 0x7,
    0xe, 0x0, 0xf, 0xff, 0x6, 0x6, 0x4, 0x7f,
    0xc6, 0x4, 0x7f, 0xc0,

    /* U+CDA7 "춧" */
    0x6, 0x0, 0x60, 0x7f, 0xe0, 0x60, 0xf, 0x7,
    0x9e, 0x0, 0xf, 0xff, 0x6, 0x0, 0x0, 0x6,
    0x0, 0xf0, 0x79, 0xe0,

    /* U+CDA9 "충" */
    0x6, 0x0, 0x60, 0x7f, 0xe0, 0x60, 0xf, 0x7,
    0x9e, 0x0, 0xf, 0xff, 0x6, 0x3, 0xfc, 0x60,
    0x42, 0x4, 0x1f, 0x80,

    /* U+CDB0 "춰" */
    0xc, 0x21, 0x85, 0xfc, 0x86, 0x11, 0xc2, 0xe6,
    0x50, 0xf, 0xfd, 0xc, 0x21, 0xbc, 0x30, 0x86,
    0x10, 0xc2,

    /* U+CDC4 "췄" */
    0xc, 0x27, 0xf2, 0xc, 0x23, 0x62, 0x61, 0x2f,
    0xfa, 0xfe, 0x20, 0xce, 0x0, 0x1, 0x8c, 0x3c,
    0xe6, 0x73,

    /* U+CDCC "췌" */
    0x18, 0x11, 0x8d, 0x7e, 0xd1, 0x8d, 0x38, 0xd6,
    0x6d, 0x40, 0xd7, 0xfd, 0x18, 0xd1, 0xbd, 0x18,
    0xd1, 0x8d, 0x0, 0xd0,

    /* U+CDD0 "췐" */
    0x18, 0xa3, 0x15, 0xfa, 0x8c, 0x53, 0xca, 0xcd,
    0x7f, 0xab, 0xc5, 0x1b, 0xa0, 0x14, 0xc0, 0x18,
    0x3, 0xfe,

    /* U+CDE8 "취" */
    0x8, 0x21, 0x5, 0xfc, 0x84, 0x11, 0xc2, 0x6e,
    0x58, 0xc8, 0x1, 0xff, 0xa1, 0x4, 0x20, 0x84,
    0x10, 0x82,

    /* U+CDEC "췬" */
    0x8, 0x20, 0x82, 0x7f, 0x20, 0x82, 0x16, 0x27,
    0x32, 0x0, 0x2f, 0xfa, 0x8, 0x20, 0x82, 0x30,
    0x3, 0x0, 0x3f, 0xf0,

    /* U+CDF0 "췰" */
    0x8, 0x27, 0xf2, 0x8, 0x21, 0x62, 0x73, 0x20,
    0x2, 0xff, 0xa0, 0x80, 0x3f, 0xe0, 0x2, 0x3f,
    0xe3, 0x0, 0x3f, 0xf0,

    /* U+CDF8 "췸" */
    0x8, 0x2f, 0xe4, 0x20, 0x8b, 0x17, 0x32, 0x0,
    0x7f, 0xe8, 0x41, 0x8, 0x7, 0xfc, 0xc0, 0x98,
    0x13, 0xfe,

    /* U+CDF9 "췹" */
    0x8, 0x2f, 0xe4, 0x20, 0x8b, 0x17, 0x32, 0x0,
    0x7f, 0xe8, 0x40, 0x0, 0x6, 0x4, 0xff, 0x98,
    0x13, 0xfe,

    /* U+CDFB "췻" */
    0x8, 0x27, 0xf2, 0x8, 0x21, 0xc2, 0x37, 0x26,
    0x32, 0x0, 0x2f, 0xfa, 0x8, 0x20, 0x30, 0x7,
    0x83, 0x87,

    /* U+CDFD "췽" */
    0x8, 0x21, 0x5, 0xfc, 0x86, 0x11, 0x62, 0xe6,
    0x40, 0xf, 0xfd, 0x8, 0x3, 0xf8, 0xc0, 0x98,
    0x11, 0xfc,

    /* U+CE04 "츄" */
    0x6, 0x0, 0x60, 0x7f, 0xe0, 0x60, 0xf, 0x1,
    0x98, 0x70, 0xe0, 0x0, 0xff, 0xf1, 0x8, 0x10,
    0x81, 0x8, 0x10, 0x80,

    /* U+CE08 "츈" */
    0x6, 0x0, 0x60, 0x7f, 0xe0, 0x60, 0xf, 0x7,
    0x9e, 0x0, 0xf, 0xff, 0xc, 0x80, 0xc8, 0x60,
    0x6, 0x0, 0x7f, 0xe0,

    /* U+CE0C "츌" */
    0x6, 0x7, 0xfe, 0x6, 0x0, 0xf0, 0x79, 0xe0,
    0x0, 0xff, 0xf1, 0x98, 0x7f, 0xe0, 0x6, 0x7f,
    0xe6, 0x0, 0x7f, 0xe0,

    /* U+CE14 "츔" */
    0x6, 0x0, 0x60, 0x7f, 0xe0, 0x60, 0xf, 0x7,
    0x9e, 0x0, 0xf, 0xff, 0x19, 0x87, 0xfe, 0x60,
    0x66, 0x6, 0x7f, 0xe0,

    /* U+CE19 "츙" */
    0x6, 0x0, 0x60, 0x7f, 0xe0, 0x60, 0xf, 0x7,
    0x9e, 0x0, 0xf, 0xff, 0x10, 0x81, 0xf8, 0x60,
    0x46, 0x4, 0x1f, 0x80,

    /* U+CE20 "츠" */
    0x6, 0x7, 0xfe, 0x6, 0x0, 0x60, 0xf, 0x3,
    0x9c, 0x60, 0x60, 0x0, 0x0, 0xf, 0xff,

    /* U+CE21 "측" */
    0x6, 0x0, 0x60, 0x7f, 0xe0, 0x60, 0xf, 0x7,
    0x9e, 0x0, 0xf, 0xff, 0x0, 0x7, 0xfe, 0x0,
    0x60, 0x6, 0x0, 0x60,

    /* U+CE24 "츤" */
    0x6, 0x0, 0x60, 0x7f, 0xe0, 0x60, 0xf, 0x7,
    0x1e, 0x0, 0xf, 0xff, 0x0, 0x0, 0x0, 0x60,
    0x6, 0x0, 0x7f, 0xe0,

    /* U+CE28 "츨" */
    0x6, 0x7, 0xfe, 0x6, 0x0, 0xf0, 0x79, 0xe0,
    0x0, 0xff, 0xf0, 0x0, 0x7f, 0xe0, 0x6, 0x7f,
    0xe6, 0x0, 0x7f, 0xe0,

    /* U+CE30 "츰" */
    0x6, 0x0, 0x60, 0x7f, 0xe0, 0x60, 0xf, 0x7,
    0xe, 0x0, 0xf, 0xff, 0x0, 0x7, 0xfe, 0x60,
    0x66, 0x6, 0x7f, 0xe0,

    /* U+CE31 "츱" */
    0x6, 0x0, 0x60, 0x7f, 0xe0, 0x60, 0xf, 0x7,
    0xe, 0x0, 0xf, 0xff, 0x0, 0x6, 0x4, 0x7f,
    0xc6, 0x4, 0x7f, 0xc0,

    /* U+CE33 "츳" */
    0x6, 0x0, 0x60, 0x7f, 0xe0, 0x60, 0xf, 0x7,
    0x8e, 0x0, 0xf, 0xff, 0x0, 0x0, 0x60, 0x6,
    0x1, 0x98, 0x70, 0xe0,

    /* U+CE35 "층" */
    0x6, 0x0, 0x60, 0x7f, 0xe0, 0x60, 0xf, 0x7,
    0x1e, 0x0, 0xf, 0xff, 0x0, 0x1, 0xf8, 0x60,
    0x46, 0x4, 0x1f, 0x80,

    /* U+CE58 "치" */
    0x0, 0x44, 0x11, 0x7, 0xf9, 0x10, 0x44, 0x13,
    0x84, 0xa1, 0x6c, 0x71, 0xd8, 0x4, 0x1, 0x0,
    0x40,

    /* U+CE59 "칙" */
    0x10, 0x44, 0x1f, 0xe4, 0x41, 0x18, 0x4f, 0x1e,
    0x66, 0x9, 0x0, 0xf, 0xf0, 0x4, 0x1, 0x0,
    0x40,

    /* U+CE5C "친" */
    0x10, 0x42, 0xb, 0xf9, 0x8, 0x21, 0x4, 0x70,
    0x9b, 0x16, 0x32, 0x80, 0x44, 0x0, 0x80, 0x10,
    0x3, 0xfe,

    /* U+CE5F "칟" */
    0x10, 0x42, 0xb, 0xf9, 0x8, 0x23, 0x84, 0xdc,
    0xb0, 0x90, 0x0, 0x0, 0x7, 0xf8, 0x80, 0x10,
    0x3, 0xfe,

    /* U+CE60 "칠" */
    0x10, 0x42, 0xb, 0xf9, 0x8, 0x22, 0xc5, 0x84,
    0x80, 0x0, 0x0, 0x3f, 0xc0, 0x8, 0xff, 0x10,
    0x3, 0xfe,

    /* U+CE61 "칡" */
    0x10, 0x44, 0x1f, 0xe4, 0x41, 0x38, 0x5b, 0x98,
    0x24, 0x0, 0x7b, 0xc2, 0x17, 0x85, 0x1, 0x7c,
    0x40,

    /* U+CE68 "침" */
    0x10, 0x44, 0x1f, 0xe4, 0x41, 0x38, 0x5b, 0x9c,
    0x24, 0x0, 0x0, 0xf, 0xf2, 0x4, 0x81, 0x3f,
    0xc0,

    /* U+CE69 "칩" */
    0x10, 0x44, 0x1f, 0xe4, 0x41, 0x38, 0x5b, 0x1c,
    0x24, 0x0, 0x20, 0x4f, 0xf2, 0x4, 0x81, 0x3f,
    0xc0,

    /* U+CE6B "칫" */
    0x10, 0x42, 0xb, 0xf9, 0x8, 0x23, 0x84, 0x58,
    0xb9, 0x94, 0x2, 0x6, 0x40, 0xc0, 0x3c, 0x1c,
    0xc6, 0x4,

    /* U+CE6D "칭" */
    0x10, 0x44, 0x1f, 0xe4, 0x41, 0x38, 0x4b, 0x1e,
    0x66, 0x1, 0x1f, 0x8c, 0x36, 0x4, 0xc3, 0x1f,
    0x0,

    /* U+CE74 "카" */
    0x0, 0x40, 0x4, 0x7e, 0x40, 0x64, 0x6, 0x4f,
    0xe4, 0xfc, 0x70, 0xc4, 0x18, 0x47, 0x4, 0x40,
    0x40, 0x4, 0x0, 0x40,

    /* U+CE75 "칵" */
    0x0, 0x47, 0xe4, 0x6, 0x40, 0x64, 0xfc, 0x71,
    0x84, 0xf0, 0x44, 0x0, 0x0, 0x3, 0xfc, 0x0,
    0x40, 0x4, 0x0, 0x40,

    /* U+CE78 "칸" */
    0x0, 0x47, 0xe4, 0x6, 0x40, 0x64, 0xfc, 0x70,
    0xc4, 0x38, 0x4f, 0x4, 0x40, 0x43, 0x0, 0x30,
    0x3, 0x0, 0x3f, 0xe0,

    /* U+CE7C "칼" */
    0x0, 0x47, 0xe4, 0x6, 0x4f, 0xe7, 0x1c, 0x4f,
    0x84, 0x70, 0x0, 0x0, 0x3f, 0xc0, 0x4, 0x3f,
    0xc3, 0x0, 0x3f, 0xc0,

    /* U+CE84 "캄" */
    0x0, 0x47, 0xe4, 0x6, 0x40, 0x64, 0xfc, 0x71,
    0x84, 0xf0, 0x40, 0x0, 0x3f, 0xc3, 0x4, 0x30,
    0x43, 0x4, 0x3f, 0xc0,

    /* U+CE85 "캅" */
    0x0, 0x47, 0xe4, 0x6, 0x4f, 0xe7, 0xc, 0x43,
    0x84, 0xf0, 0x44, 0x0, 0x30, 0x43, 0xfc, 0x30,
    0x43, 0x4, 0x3f, 0xc0,

    /* U+CE87 "캇" */
    0x0, 0x47, 0xe4, 0x6, 0x40, 0x64, 0xfc, 0x70,
    0x84, 0x30, 0x44, 0x24, 0x2, 0x0, 0x70, 0x1d,
    0x83, 0xe,

    /* U+CE89 "캉" */
    0x0, 0x47, 0xe4, 0x6, 0x40, 0x64, 0xfc, 0x71,
    0x84, 0xf0, 0x46, 0x0, 0x1f, 0x3, 0xc, 0x20,
    0x43, 0xc, 0x1f, 0x80,

    /* U+CE90 "캐" */
    0x0, 0x40, 0x97, 0xa4, 0x29, 0xa, 0x7e, 0xf1,
    0x24, 0xc9, 0x62, 0x70, 0x98, 0x24, 0x9, 0x2,
    0x40,

    /* U+CE91 "캑" */
    0x1, 0x2f, 0xa4, 0x14, 0x86, 0x97, 0x9e, 0x32,
    0x7c, 0x4a, 0x0, 0x0, 0x3, 0xfc, 0x0, 0x80,
    0x10, 0x2,

    /* U+CE94 "캔" */
    0x0, 0x20, 0x25, 0xf4, 0x86, 0x97, 0xde, 0x32,
    0x4e, 0x4b, 0x89, 0x41, 0x22, 0x20, 0x40, 0x8,
    0x1, 0xfe,

    /* U+CE98 "캘" */
    0x1, 0x2f, 0xa4, 0x14, 0x86, 0xf7, 0x92, 0xf2,
    0x5c, 0x2, 0x0, 0x1f, 0xe0, 0x4, 0x7f, 0x88,
    0x1, 0xfe,

    /* U+CEA0 "캠" */
    0x1, 0x2f, 0xa4, 0x34, 0x86, 0x97, 0x9e, 0x32,
    0x5c, 0x4b, 0x0, 0x0, 0x3, 0xfc, 0x40, 0x88,
    0x11, 0xfe,

    /* U+CEA1 "캡" */
    0x1, 0x2f, 0xa4, 0x34, 0x86, 0x97, 0x9e, 0x32,
    0x5c, 0x4a, 0x0, 0x10, 0x23, 0xfc, 0x40, 0x88,
    0x11, 0xfe,

    /* U+CEA3 "캣" */
    0x0, 0x27, 0xd2, 0xd, 0x20, 0xd2, 0x79, 0xe1,
    0x92, 0x31, 0x24, 0x12, 0x2, 0x0, 0x30, 0xc,
    0xc3, 0x86,

    /* U+CEA4 "캤" */
    0x1, 0x27, 0xd2, 0xd, 0x20, 0xd2, 0x79, 0xe1,
    0x12, 0x61, 0x20, 0x0, 0x8, 0xc1, 0x8c, 0x3d,
    0xe6, 0x73,

    /* U+CEA5 "캥" */
    0x0, 0x2f, 0xa4, 0x34, 0x86, 0x97, 0x9e, 0x32,
    0x4c, 0x4e, 0x9, 0xf, 0xc3, 0xc, 0x40, 0x8c,
    0x30, 0xfc,

    /* U+CEAC "캬" */
    0x0, 0x40, 0x4, 0x7e, 0x40, 0x64, 0x6, 0x7f,
    0xc4, 0xc, 0x41, 0x87, 0x38, 0x4e, 0x4, 0x40,
    0x40, 0x4, 0x0, 0x40,

    /* U+CEAD "캭" */
    0x0, 0x47, 0xe4, 0x6, 0x70, 0x44, 0xfc, 0x41,
    0x87, 0xf0, 0x44, 0x0, 0x0, 0x3, 0xfc, 0x0,
    0x40, 0x4, 0x0, 0x40,

    /* U+CEC1 "컁" */
    0x0, 0x47, 0xe4, 0x6, 0x70, 0x64, 0x7c, 0x41,
    0x87, 0x70, 0x46, 0x0, 0x1f, 0x83, 0xc, 0x20,
    0x43, 0xc, 0x1f, 0x80,

    /* U+CEE4 "커" */
    0x0, 0x40, 0x1f, 0xe4, 0x19, 0xe, 0x7f, 0xf1,
    0xc4, 0xe1, 0x70, 0x78, 0x18, 0x4, 0x1, 0x0,
    0x40,

    /* U+CEE5 "컥" */
    0x0, 0x7f, 0x90, 0x64, 0x31, 0xff, 0xce, 0x1e,
    0x4, 0x0, 0x0, 0xf, 0xf0, 0x4, 0x1, 0x0,
    0x40,

    /* U+CEE8 "컨" */
    0x0, 0x3f, 0xc4, 0x18, 0x83, 0x1f, 0xfe, 0x38,
    0x4e, 0xf, 0x1, 0x80, 0x22, 0x0, 0x40, 0x8,
    0x1, 0xfe,

    /* U+CEEB "컫" */
    0x0, 0x7f, 0x90, 0xe7, 0xf1, 0xff, 0xce, 0x1e,
    0x4, 0x0, 0x3f, 0xc8, 0x2, 0x0, 0x80, 0x3f,
    0xc0,

    /* U+CEEC "컬" */
    0x0, 0x2f, 0xc4, 0x18, 0xff, 0x71, 0xc3, 0xf0,
    0x5c, 0x2, 0x0, 0x3f, 0xe0, 0x4, 0xff, 0x98,
    0x3, 0xfe,

    /* U+CEF4 "컴" */
    0x0, 0x7f, 0x90, 0xe4, 0x31, 0xff, 0xce, 0x1e,
    0x4, 0x0, 0x3f, 0xc8, 0x12, 0x4, 0x81, 0x3f,
    0xc0,

    /* U+CEF5 "컵" */
    0x0, 0x7f, 0x90, 0xe4, 0x39, 0xff, 0xce, 0x1f,
    0x7, 0x0, 0x20, 0x4f, 0xf2, 0x4, 0x81, 0x3f,
    0xc0,

    /* U+CEF7 "컷" */
    0x0, 0x27, 0xe2, 0x6, 0x20, 0x62, 0x7c, 0xe1,
    0x82, 0x70, 0x20, 0x32, 0x3, 0x0, 0x78, 0x1c,
    0xe3, 0x6,

    /* U+CEF8 "컸" */
    0x0, 0x5f, 0xc8, 0x39, 0x6, 0x2f, 0xfc, 0x60,
    0xb0, 0x10, 0x84, 0x10, 0x86, 0x31, 0xad, 0x67,
    0x10,

    /* U+CEF9 "컹" */
    0x0, 0x7f, 0x90, 0x64, 0x19, 0xff, 0xce, 0x1f,
    0x7, 0x0, 0x1f, 0x8c, 0x32, 0x4, 0xc3, 0xf,
    0x80,

    /* U+CF00 "케" */
    0x0, 0x20, 0x25, 0xf4, 0x86, 0x90, 0xd2, 0xfe,
    0x46, 0x48, 0x89, 0x31, 0x3c, 0x24, 0x4, 0x80,
    0x90, 0x12,

    /* U+CF01 "켁" */
    0x1, 0x2f, 0xa4, 0x14, 0x86, 0x97, 0xf2, 0x32,
    0x4c, 0x4b, 0x9, 0x0, 0x3, 0xfc, 0x0, 0x80,
    0x10, 0x2,

    /* U+CF04 "켄" */
    0x0, 0x20, 0x25, 0xf4, 0x86, 0x97, 0xf2, 0x32,
    0x4c, 0x4b, 0x9, 0x41, 0x22, 0x20, 0x40, 0x8,
    0x1, 0xfe,

    /* U+CF08 "켈" */
    0x1, 0x2f, 0xa4, 0x34, 0xbf, 0x91, 0x92, 0xe2,
    0x58, 0x2, 0x0, 0x1f, 0xe0, 0x4, 0x7f, 0x88,
    0x1, 0xfe,

    /* U+CF10 "켐" */
    0x1, 0x2f, 0xa4, 0x34, 0x86, 0x97, 0xf2, 0x32,
    0x5c, 0x4a, 0x0, 0x1f, 0xe2, 0x4, 0x40, 0x88,
    0x11, 0xfe,

    /* U+CF11 "켑" */
    0x1, 0x2f, 0xa4, 0x34, 0x86, 0x97, 0xf2, 0x32,
    0x5c, 0x4a, 0x0, 0x10, 0x23, 0xfc, 0x40, 0x88,
    0x11, 0xfe,

    /* U+CF13 "켓" */
    0x0, 0x27, 0xd2, 0xd, 0x20, 0xd2, 0x7f, 0x21,
    0x92, 0x31, 0x24, 0x12, 0x2, 0x0, 0x30, 0xd,
    0xc3, 0x86,

    /* U+CF15 "켕" */
    0x0, 0x2f, 0xa4, 0x34, 0x86, 0x97, 0xf2, 0x32,
    0x4c, 0x4e, 0x9, 0xf, 0xc3, 0xc, 0x40, 0x8c,
    0x30, 0xfc,

    /* U+CF1C "켜" */
    0x0, 0x40, 0x17, 0xc4, 0x11, 0x7, 0xff, 0x10,
    0x84, 0x6f, 0x30, 0x78, 0x10, 0x4, 0x1, 0x0,
    0x40,

    /* U+CF20 "켠" */
    0x0, 0x7f, 0x1f, 0xc4, 0x3f, 0xfc, 0x46, 0x13,
    0x3f, 0x81, 0x80, 0x48, 0x2, 0x0, 0x80, 0x3f,
    0xc0,

    /* U+CF24 "켤" */
    0x0, 0x5f, 0x10, 0x7c, 0x31, 0xf8, 0x4e, 0xfe,
    0x2, 0x0, 0x3f, 0xc0, 0x13, 0xfc, 0x80, 0x3f,
    0xc0,

    /* U+CF2C "켬" */
    0x0, 0x2f, 0xc4, 0xf, 0xff, 0x16, 0x42, 0x33,
    0xf8, 0x8, 0x0, 0x1f, 0xe2, 0x4, 0x40, 0x88,
    0x11, 0xfe,

    /* U+CF2D "켭" */
    0x0, 0x2f, 0xc4, 0xf, 0xff, 0x17, 0x42, 0x33,
    0xfc, 0xa, 0x0, 0x10, 0x23, 0xfc, 0x40, 0x88,
    0x11, 0xfe,

    /* U+CF2F "켯" */
    0x0, 0x27, 0xe2, 0x7e, 0x20, 0x3e, 0xfe, 0x21,
    0xde, 0x70, 0x20, 0x32, 0x3, 0x0, 0x78, 0x1c,
    0xc3, 0x6,

    /* U+CF30 "켰" */
    0x0, 0x47, 0xe4, 0x3, 0xcf, 0xe4, 0x4c, 0x41,
    0x9c, 0xe0, 0x40, 0x88, 0x18, 0x81, 0x88, 0x35,
    0x46, 0x72,

    /* U+CF31 "켱" */
    0x0, 0x2f, 0xc5, 0xf8, 0xff, 0xf7, 0xe2, 0x3b,
    0xfe, 0xb, 0x0, 0xf, 0xc3, 0xc, 0xc0, 0x8c,
    0x30, 0xf8,

    /* U+CF38 "켸" */
    0x0, 0x40, 0x5f, 0x94, 0x25, 0xf, 0x7e, 0x51,
    0x94, 0xdd, 0x61, 0x70, 0x50, 0x14, 0x5, 0x1,
    0x40,

    /* U+CF54 "코" */
    0x3f, 0xe0, 0x6, 0x0, 0x63, 0xfe, 0x0, 0x60,
    0x44, 0x4, 0x0, 0x40, 0xff, 0xf0,

    /* U+CF55 "콕" */
    0x3f, 0xe0, 0x6, 0x3f, 0xe0, 0x4, 0x6, 0x40,
    0x60, 0xff, 0xf0, 0x0, 0x3f, 0xe0, 0x6, 0x0,
    0x60, 0x6,

    /* U+CF58 "콘" */
    0x7f, 0xe0, 0x6, 0x7f, 0xe0, 0x6, 0x4, 0x60,
    0x40, 0xff, 0xf0, 0x0, 0x60, 0x6, 0x0, 0x60,
    0x7, 0xfe,

    /* U+CF5C "콜" */
    0x7f, 0xe0, 0x6, 0x7f, 0xe0, 0x6, 0x4, 0xf,
    0xff, 0x0, 0x7, 0xfe, 0x0, 0x67, 0xfe, 0x60,
    0x7, 0xfe,

    /* U+CF64 "콤" */
    0x7f, 0xe0, 0x6, 0x7f, 0xc0, 0x44, 0x4, 0x4f,
    0xff, 0x0, 0x0, 0x0, 0x7f, 0xe6, 0x6, 0x60,
    0x67, 0xfe,

    /* U+CF65 "콥" */
    0x7f, 0xc0, 0x4, 0x7f, 0xc0, 0x44, 0x4, 0x4f,
    0xff, 0x0, 0x6, 0x4, 0x7f, 0xc6, 0x4, 0x60,
    0x47, 0xfc,

    /* U+CF67 "콧" */
    0x3f, 0xe0, 0x6, 0x3f, 0xe0, 0x6, 0x6, 0x40,
    0x60, 0xff, 0xf0, 0x0, 0x2, 0x0, 0x70, 0xd,
    0x87, 0x8e,

    /* U+CF69 "콩" */
    0x7f, 0xe0, 0x6, 0x7f, 0xe0, 0x4, 0x4, 0x40,
    0x40, 0xff, 0xf0, 0x0, 0x1f, 0x86, 0x4, 0x60,
    0x41, 0xf8,

    /* U+CF70 "콰" */
    0x0, 0x40, 0x4, 0x7e, 0x40, 0x24, 0x2, 0x47,
    0xe4, 0x12, 0x71, 0x24, 0x10, 0x4f, 0xf4, 0x0,
    0x40, 0x4, 0x0, 0x40,

    /* U+CF71 "콱" */
    0x0, 0x47, 0xe4, 0x2, 0x47, 0xe4, 0x7e, 0x71,
    0x24, 0x10, 0x4f, 0xf4, 0x0, 0x3, 0xfc, 0x0,
    0x40, 0x4, 0x0, 0x40,

    /* U+CF74 "콴" */
    0x0, 0x47, 0xe4, 0x2, 0x40, 0x24, 0x7e, 0x43,
    0x27, 0x30, 0x4f, 0xf4, 0x0, 0x40, 0x0, 0x20,
    0x2, 0x0, 0x3f, 0xc0,

    /* U+CF78 "콸" */
    0x0, 0x47, 0xe4, 0x2, 0x47, 0xe7, 0x2, 0x41,
    0x4, 0xfc, 0x40, 0x0, 0x3f, 0xc0, 0x4, 0x3f,
    0xc2, 0x0, 0x3f, 0xe0,

    /* U+CF80 "쾀" */
    0x0, 0x47, 0xe4, 0x2, 0x47, 0xe4, 0x7e, 0x70,
    0x24, 0x10, 0x4f, 0xf4, 0x0, 0x3, 0xfc, 0x20,
    0x42, 0x4, 0x3f, 0xc0,

    /* U+CF85 "쾅" */
    0x0, 0x63, 0xf3, 0x0, 0x98, 0xfc, 0xc7, 0xe7,
    0x89, 0x30, 0x41, 0x9f, 0xec, 0x0, 0x0, 0xfe,
    0x8, 0x18, 0x40, 0xc1, 0xfc, 0x0,

    /* U+CF8C "쾌" */
    0x0, 0x20, 0x25, 0xf4, 0x82, 0x97, 0xd2, 0xfa,
    0x49, 0x79, 0x69, 0x21, 0x3f, 0xa4, 0x4, 0x80,
    0x90, 0x12,

    /* U+CFA1 "쾡" */
    0x0, 0x6f, 0xac, 0x15, 0x82, 0xb7, 0xde, 0xa,
    0xcc, 0x5f, 0xfb, 0x0, 0x3, 0xf8, 0xc1, 0x98,
    0x31, 0xfc,

    /* U+CFA8 "쾨" */
    0x0, 0x40, 0x17, 0xe4, 0x9, 0x7e, 0x40, 0x91,
    0x24, 0x49, 0x10, 0x7f, 0xd0, 0x4, 0x1, 0x0,
    0x40,

    /* U+CFB0 "쾰" */
    0x0, 0x4f, 0xc8, 0x9, 0x3f, 0x20, 0x24, 0x60,
    0xbe, 0x10, 0x0, 0x3f, 0xc0, 0x8, 0xff, 0x10,
    0x3, 0xfe,

    /* U+CFC4 "쿄" */
    0x3f, 0xe0, 0x6, 0x0, 0x63, 0xfe, 0x0, 0x61,
    0xb6, 0x1b, 0x1, 0xb0, 0xff, 0xf0,

    /* U+CFE0 "쿠" */
    0x3f, 0xe0, 0x6, 0x0, 0x63, 0xfe, 0x0, 0x40,
    0x4, 0xff, 0xf0, 0x20, 0x2, 0x0, 0x20, 0x2,
    0x0, 0x20,

    /* U+CFE1 "쿡" */
    0x3f, 0xe0, 0x6, 0x3f, 0xe0, 0x6, 0x0, 0x4f,
    0xff, 0x2, 0x0, 0x20, 0x3f, 0xe0, 0x6, 0x0,
    0x60, 0x6,

    /* U+CFE4 "쿤" */
    0x3f, 0xe0, 0x6, 0x0, 0x47, 0xfc, 0x0, 0x4f,
    0xff, 0x6, 0x0, 0x60, 0x26, 0x2, 0x0, 0x20,
    0x3, 0xfe,

    /* U+CFE8 "쿨" */
    0x7f, 0xe0, 0x6, 0x7f, 0xe0, 0x6, 0xff, 0xf0,
    0x60, 0x6, 0x7, 0xfe, 0x0, 0x67, 0xfe, 0x60,
    0x7, 0xfe,

    /* U+CFF0 "쿰" */
    0x7f, 0xe0, 0x6, 0x7f, 0xc0, 0x4, 0x0, 0x4f,
    0xff, 0x6, 0x0, 0x60, 0x7f, 0xe6, 0x6, 0x60,
    0x67, 0xfe,

    /* U+CFF1 "쿱" */
    0x3f, 0xe0, 0x6, 0x7f, 0xc0, 0x4, 0x0, 0x4f,
    0xff, 0x6, 0x2, 0x66, 0x3f, 0xe2, 0x6, 0x20,
    0x63, 0xfe,

    /* U+CFF3 "쿳" */
    0x3f, 0xe0, 0x6, 0x3f, 0xe0, 0x4, 0x0, 0x4f,
    0xff, 0x2, 0x0, 0x0, 0x2, 0x0, 0x70, 0x1d,
    0x83, 0x6,

    /* U+CFF5 "쿵" */
    0x7f, 0xe0, 0x6, 0x7f, 0xc0, 0x4, 0x0, 0x4f,
    0xff, 0x6, 0x0, 0x60, 0x3f, 0x86, 0x4, 0x20,
    0x41, 0xf8,

    /* U+CFFC "쿼" */
    0x0, 0x5f, 0x90, 0x24, 0x9, 0x7e, 0x50, 0x90,
    0x67, 0xfd, 0x10, 0x44, 0xf1, 0x4, 0x41, 0x10,
    0x40,

    /* U+D000 "퀀" */
    0x0, 0x4f, 0xc8, 0x9, 0x3f, 0x27, 0xa4, 0x4,
    0xbf, 0xd0, 0xc2, 0x1b, 0xc3, 0x8, 0x80, 0x10,
    0x3, 0xfe,

    /* U+D004 "퀄" */
    0x0, 0x4f, 0xc8, 0x9, 0x3f, 0x20, 0x25, 0xfc,
    0x86, 0x70, 0x0, 0x3f, 0xc0, 0x8, 0xff, 0x10,
    0x3, 0xfe,

    /* U+D011 "퀑" */
    0x0, 0x2f, 0xc4, 0x8, 0x81, 0x17, 0xe2, 0x4,
    0x7f, 0xe8, 0x4f, 0x8, 0x3, 0xf8, 0xc0, 0x98,
    0x11, 0xfc,

    /* U+D018 "퀘" */
    0x0, 0x20, 0x15, 0xf2, 0x82, 0x57, 0xca, 0xe9,
    0x41, 0x2f, 0xf5, 0x10, 0xa2, 0x74, 0x42, 0x88,
    0x50, 0xa,

    /* U+D02D "퀭" */
    0x0, 0x2f, 0x94, 0x12, 0xbe, 0x54, 0x4b, 0xfd,
    0x7e, 0x28, 0x9d, 0x10, 0x83, 0xf8, 0xc0, 0x98,
    0x11, 0xfc,

    /* U+D034 "퀴" */
    0x0, 0x5f, 0x90, 0x24, 0x9, 0x7e, 0x40, 0x90,
    0x67, 0xfd, 0x10, 0x44, 0x11, 0x4, 0x41, 0x0,
    0x40,

    /* U+D035 "퀵" */
    0x0, 0x2f, 0xc4, 0x8, 0xbf, 0x17, 0xa2, 0x4,
    0x7f, 0xe8, 0x41, 0x8, 0x3, 0xfc, 0x0, 0x80,
    0x10, 0x2,

    /* U+D038 "퀸" */
    0x0, 0x4f, 0xc8, 0x9, 0x3f, 0x27, 0x24, 0x4,
    0xbf, 0xd0, 0x42, 0x8, 0x44, 0x0, 0x80, 0x10,
    0x3, 0xfe,

    /* U+D03C "퀼" */
    0x0, 0x4f, 0xc8, 0x9, 0x3f, 0x20, 0x25, 0xfe,
    0x86, 0x0, 0xc0, 0x3f, 0xc0, 0x8, 0xff, 0x10,
    0x3, 0xfe,

    /* U+D044 "큄" */
    0x0, 0x5f, 0x90, 0x25, 0xf9, 0x7a, 0x40, 0x9f,
    0xf4, 0x60, 0x18, 0xf, 0xf2, 0x4, 0x81, 0x3f,
    0xc0,

    /* U+D045 "큅" */
    0x0, 0x5f, 0x90, 0x24, 0x9, 0x7e, 0x40, 0x9f,
    0xf4, 0x60, 0x38, 0x48, 0x13, 0xfc, 0x81, 0x3f,
    0xc0,

    /* U+D047 "큇" */
    0x0, 0x4f, 0xc8, 0x9, 0x3f, 0x27, 0xa4, 0xc,
    0xbf, 0xd0, 0x82, 0x12, 0x40, 0x40, 0x14, 0x1c,
    0x72, 0x0,

    /* U+D049 "큉" */
    0x0, 0x5f, 0x90, 0x25, 0xf9, 0x7a, 0x40, 0x9f,
    0xf4, 0x61, 0x18, 0x7, 0xe2, 0x4, 0x81, 0x1f,
    0x80,

    /* U+D050 "큐" */
    0x3f, 0xe0, 0x6, 0x0, 0x63, 0xfe, 0x0, 0x40,
    0x4, 0xff, 0xf1, 0x88, 0x18, 0x81, 0x88, 0x18,
    0x81, 0x88,

    /* U+D054 "큔" */
    0x3f, 0xe0, 0x6, 0x0, 0x67, 0xfe, 0x0, 0x4f,
    0xff, 0xc, 0x80, 0xc8, 0x2c, 0x82, 0x0, 0x20,
    0x3, 0xfe,

    /* U+D058 "큘" */
    0x7f, 0xe0, 0x6, 0x7f, 0xe0, 0x6, 0xff, 0xf1,
    0x88, 0x18, 0x87, 0xfe, 0x0, 0x67, 0xfe, 0x60,
    0x7, 0xfe,

    /* U+D060 "큠" */
    0x7f, 0xe0, 0x6, 0x7f, 0xc0, 0x4, 0x0, 0x4f,
    0xff, 0x19, 0x81, 0x98, 0x7f, 0xe6, 0x6, 0x60,
    0x67, 0xfe,

    /* U+D06C "크" */
    0x3f, 0xe0, 0x6, 0x0, 0x63, 0xfe, 0x0, 0x60,
    0x4, 0x0, 0x40, 0x0, 0xff, 0xf0,

    /* U+D06D "큭" */
    0x3f, 0xe0, 0x6, 0x0, 0x63, 0xfe, 0x0, 0x4f,
    0xff, 0x0, 0x0, 0x0, 0x3f, 0xe0, 0x6, 0x0,
    0x60, 0x6,

    /* U+D070 "큰" */
    0x3f, 0xe0, 0x6, 0x0, 0x47, 0xfc, 0x0, 0x40,
    0x4, 0xff, 0xf0, 0x0, 0x20, 0x2, 0x0, 0x20,
    0x3, 0xfe,

    /* U+D074 "클" */
    0x3f, 0xe0, 0x6, 0x7f, 0xe0, 0x6, 0x0, 0x6f,
    0xff, 0x0, 0x3, 0xfe, 0x0, 0x63, 0xfe, 0x20,
    0x3, 0xfe,

    /* U+D07C "큼" */
    0x7f, 0xe0, 0x6, 0x0, 0x47, 0xfc, 0x0, 0x4f,
    0xff, 0x0, 0x0, 0x0, 0x7f, 0xe6, 0x6, 0x60,
    0x67, 0xfe,

    /* U+D07D "큽" */
    0x3f, 0xe0, 0x6, 0x7f, 0xc0, 0x4, 0x0, 0x4f,
    0xff, 0x0, 0x2, 0x6, 0x3f, 0xe2, 0x6, 0x20,
    0x63, 0xfe,

    /* U+D081 "킁" */
    0x7f, 0xe0, 0x6, 0x0, 0x47, 0xfc, 0x0, 0x4f,
    0xff, 0x0, 0x0, 0x0, 0x1f, 0x86, 0x4, 0x60,
    0x41, 0xf8,

    /* U+D0A4 "키" */
    0x0, 0x40, 0x17, 0xe4, 0x19, 0x6, 0x7f, 0x10,
    0xc4, 0x61, 0x38, 0x58, 0x1c, 0x4, 0x1, 0x0,
    0x40,

    /* U+D0A5 "킥" */
    0x0, 0x5f, 0x90, 0x64, 0x19, 0xfc, 0x46, 0x1f,
    0x4, 0x0, 0x0, 0xf, 0xf0, 0x4, 0x1, 0x0,
    0x40,

    /* U+D0A8 "킨" */
    0x0, 0x47, 0xe4, 0x6, 0x40, 0x64, 0xfc, 0x40,
    0xc4, 0x18, 0x47, 0x4, 0x40, 0x43, 0x0, 0x30,
    0x3, 0x0, 0x3f, 0xf0,

    /* U+D0AC "킬" */
    0x0, 0x47, 0xe4, 0x6, 0x40, 0x44, 0x7c, 0x4f,
    0x84, 0x60, 0x0, 0x0, 0x3f, 0xc0, 0x4, 0x3f,
    0xc3, 0x0, 0x3f, 0xf0,

    /* U+D0B4 "킴" */
    0x0, 0x5f, 0x90, 0x67, 0xf9, 0xc, 0x4e, 0x16,
    0x4, 0x0, 0x3f, 0xcc, 0x13, 0x4, 0xc1, 0x3f,
    0xc0,

    /* U+D0B5 "킵" */
    0x0, 0x5f, 0x90, 0x67, 0xf9, 0xc, 0x4e, 0x17,
    0x4, 0x0, 0x30, 0x4f, 0xf3, 0x4, 0xc1, 0x3f,
    0xc0,

    /* U+D0B7 "킷" */
    0x0, 0x4f, 0xc8, 0x19, 0x7f, 0x20, 0xc4, 0x30,
    0xbc, 0x10, 0x12, 0x2, 0x0, 0xa0, 0x76, 0x18,
    0x60,

    /* U+D0B9 "킹" */
    0x0, 0x5f, 0x90, 0x67, 0xf9, 0xc, 0x46, 0x1f,
    0x5, 0x0, 0x1f, 0x8c, 0x33, 0x4, 0xc3, 0xf,
    0x80,

    /* U+D0C0 "타" */
    0x0, 0x80, 0x13, 0xe2, 0x40, 0x48, 0x9, 0xf1,
    0xe0, 0x24, 0x4, 0x80, 0x9f, 0xd0, 0x2, 0x0,
    0x40, 0x8,

    /* U+D0C1 "탁" */
    0x0, 0x9f, 0x12, 0x2, 0x40, 0x4f, 0x8f, 0x1,
    0x3f, 0xa0, 0x0, 0x0, 0xf, 0xf0, 0x2, 0x0,
    0x40, 0x8,

    /* U+D0C4 "탄" */
    0x0, 0x9f, 0x12, 0x2, 0x40, 0x4f, 0x8f, 0x1,
    0x20, 0x27, 0xf4, 0x0, 0x88, 0x1, 0x0, 0x20,
    0x7, 0xfc,

    /* U+D0C8 "탈" */
    0x0, 0x9f, 0x12, 0x2, 0x7c, 0x78, 0x9, 0x5,
    0x3f, 0x80, 0x0, 0x7f, 0x80, 0x11, 0xfe, 0x20,
    0x7, 0xfc,

    /* U+D0C9 "탉" */
    0x0, 0x9f, 0x12, 0x2, 0x7c, 0x78, 0x9, 0x1,
    0x3f, 0xa0, 0x0, 0xf7, 0x82, 0x13, 0xc2, 0x60,
    0x4f, 0x88,

    /* U+D0D0 "탐" */
    0x0, 0x9f, 0x12, 0x2, 0x40, 0x4f, 0x8f, 0x1,
    0x3f, 0xa0, 0x0, 0x0, 0xf, 0xf1, 0x2, 0x20,
    0x47, 0xf8,

    /* U+D0D1 "탑" */
    0x0, 0x9f, 0x12, 0x2, 0x40, 0x4f, 0x8f, 0x1,
    0x3f, 0xa0, 0x0, 0x40, 0x8f, 0xf1, 0x2, 0x20,
    0x47, 0xf8,

    /* U+D0D3 "탓" */
    0x0, 0x9f, 0x12, 0x2, 0x7c, 0x7f, 0x8f, 0x1,
    0x3f, 0xa0, 0x4, 0x4, 0x1, 0xc0, 0xcc, 0x30,
    0xe0,

    /* U+D0D4 "탔" */
    0x0, 0x9f, 0x12, 0x2, 0x40, 0x4f, 0x8f, 0x1,
    0x3f, 0xa0, 0x0, 0x21, 0x4, 0x21, 0x5b, 0x46,
    0x30,

    /* U+D0D5 "탕" */
    0x0, 0x9f, 0x12, 0x2, 0x40, 0x4f, 0x8f, 0x1,
    0x3f, 0x20, 0x4, 0x0, 0x7, 0xe1, 0x2, 0x20,
    0x43, 0xf0,

    /* U+D0DC "태" */
    0x0, 0x40, 0x9f, 0x26, 0x9, 0x82, 0x60, 0x9f,
    0x3e, 0x9, 0x82, 0x7e, 0x90, 0x24, 0x9, 0x2,
    0x40,

    /* U+D0DD "택" */
    0x2, 0x7c, 0x98, 0x26, 0x9, 0xf3, 0xe0, 0x9f,
    0xa4, 0x0, 0x0, 0xf, 0xf0, 0x4, 0x1, 0x0,
    0x40,

    /* U+D0E0 "탠" */
    0x0, 0x40, 0x9f, 0x26, 0x9, 0xf3, 0xe0, 0x98,
    0x27, 0xe9, 0x2, 0x48, 0x82, 0x0, 0x80, 0x3f,
    0xc0,

    /* U+D0E4 "탤" */
    0x2, 0x5e, 0x4a, 0x9, 0x79, 0xe8, 0x25, 0x4,
    0xbe, 0x0, 0x0, 0x7f, 0xc0, 0x9, 0xff, 0x30,
    0x7, 0xfe,

    /* U+D0EC "탬" */
    0x2, 0x7c, 0x98, 0x26, 0x9, 0xf3, 0xe0, 0x9f,
    0xa4, 0x0, 0x0, 0x1f, 0xf6, 0x5, 0x81, 0x7f,
    0xc0,

    /* U+D0ED "탭" */
    0x2, 0x7c, 0x98, 0x26, 0x9, 0xf3, 0xe0, 0x9f,
    0xa4, 0x0, 0x60, 0x5f, 0xf6, 0x5, 0x81, 0x7f,
    0xc0,

    /* U+D0EF "탯" */
    0x0, 0x5e, 0x4a, 0x9, 0x41, 0x2f, 0x3d, 0x4,
    0xbe, 0x90, 0x12, 0x0, 0x40, 0x80, 0x38, 0x1d,
    0xc6, 0xc,

    /* U+D0F0 "탰" */
    0x2, 0x5e, 0x4a, 0x9, 0x41, 0x2f, 0x3d, 0x4,
    0xbe, 0x90, 0x0, 0x11, 0x86, 0x31, 0xab, 0x67,
    0x30,

    /* U+D0F1 "탱" */
    0x0, 0x7c, 0x98, 0x26, 0x9, 0xf3, 0xe0, 0x9f,
    0xa4, 0x9, 0x0, 0x7, 0xe6, 0x5, 0x81, 0x1f,
    0x80,

    /* U+D0F8 "탸" */
    0x0, 0x80, 0x13, 0xe2, 0x40, 0x48, 0xf, 0xf1,
    0x20, 0x24, 0x7, 0x80, 0xff, 0xd0, 0x2, 0x0,
    0x40, 0x8,

    /* U+D10D "턍" */
    0x0, 0x9f, 0x12, 0x3, 0xc0, 0x4f, 0x89, 0x1,
    0xff, 0x20, 0x4, 0x0, 0x7, 0xe1, 0x2, 0x20,
    0x43, 0xf0,

    /* U+D130 "터" */
    0x0, 0x40, 0x1f, 0x86, 0x1, 0x80, 0x7e, 0x78,
    0x6, 0x1, 0x80, 0x7f, 0x90, 0x4, 0x1, 0x0,
    0x40,

    /* U+D131 "턱" */
    0x0, 0x7e, 0x18, 0x6, 0x1, 0xf9, 0xe0, 0x18,
    0x7, 0xf9, 0x0, 0xf, 0xf0, 0x4, 0x1, 0x0,
    0x40,

    /* U+D134 "턴" */
    0x0, 0x5f, 0xa, 0x1, 0x40, 0x2f, 0x9d, 0x0,
    0xa0, 0x17, 0xf2, 0x0, 0x4c, 0x1, 0x80, 0x30,
    0x7, 0xfe,

    /* U+D138 "털" */
    0x0, 0x5f, 0xa, 0x1, 0x7c, 0xe8, 0x5, 0x0,
    0xbf, 0x90, 0x0, 0x7f, 0xc0, 0x9, 0xff, 0x30,
    0x7, 0xfe,

    /* U+D13A "턺" */
    0x0, 0x7e, 0x18, 0x7, 0xe7, 0x80, 0x60, 0x1f,
    0xe4, 0x0, 0x7b, 0xc2, 0x97, 0xa5, 0x9, 0x7b,
    0xc0,

    /* U+D140 "텀" */
    0x0, 0x7e, 0x18, 0x6, 0x1, 0xf9, 0xe0, 0x1f,
    0xe4, 0x0, 0x0, 0x1f, 0xf6, 0x5, 0x81, 0x7f,
    0xc0,

    /* U+D141 "텁" */
    0x0, 0x7e, 0x18, 0x7, 0xe7, 0x80, 0x60, 0x1f,
    0xe4, 0x0, 0x60, 0x5f, 0xf6, 0x5, 0x81, 0x7f,
    0xc0,

    /* U+D143 "텃" */
    0x0, 0x5f, 0xa, 0x1, 0x40, 0x2f, 0x9d, 0x0,
    0xbf, 0x90, 0x2, 0x6, 0x40, 0xc0, 0x2c, 0x18,
    0xe4, 0x4,

    /* U+D144 "텄" */
    0x0, 0x9f, 0x12, 0x2, 0x40, 0x4f, 0xb9, 0x1,
    0x3f, 0xa0, 0x88, 0x11, 0x6, 0x71, 0xbb, 0x66,
    0x20,

    /* U+D145 "텅" */
    0x0, 0x7e, 0x18, 0x6, 0x1, 0xf9, 0xe0, 0x1f,
    0xe4, 0x1, 0x1f, 0x18, 0x34, 0x5, 0x83, 0x1f,
    0x80,

    /* U+D14C "테" */
    0x0, 0x40, 0x9f, 0x26, 0x9, 0x82, 0x7f, 0x98,
    0x26, 0x9, 0x82, 0x7e, 0x90, 0x24, 0x9, 0x2,
    0x40,

    /* U+D14D "텍" */
    0x0, 0x7c, 0x98, 0x26, 0x9, 0xf6, 0x60, 0x98,
    0x27, 0xe9, 0x0, 0xf, 0xf0, 0x4, 0x1, 0x0,
    0x40,

    /* U+D150 "텐" */
    0x0, 0x7c, 0x98, 0x26, 0x9, 0xf6, 0x60, 0x98,
    0x27, 0xe9, 0x2, 0x48, 0x82, 0x0, 0x80, 0x3f,
    0xc0,

    /* U+D154 "텔" */
    0x2, 0x5e, 0x4a, 0x9, 0x7b, 0x28, 0x25, 0x4,
    0xbe, 0x90, 0x0, 0x7f, 0xc0, 0x9, 0xff, 0x30,
    0x7, 0xfe,

    /* U+D15C "템" */
    0x2, 0x7c, 0x98, 0x26, 0x9, 0xf6, 0x60, 0x9f,
    0xa4, 0x0, 0x0, 0x1f, 0xf6, 0x5, 0x81, 0x7f,
    0xc0,

    /* U+D15D "텝" */
    0x2, 0x7c, 0x98, 0x27, 0xf9, 0x82, 0x60, 0x9f,
    0xa4, 0x0, 0x60, 0x5f, 0xf6, 0x5, 0x81, 0x7f,
    0xc0,

    /* U+D15F "텟" */
    0x0, 0x5e, 0x4a, 0x9, 0x41, 0x2f, 0x65, 0x4,
    0xa0, 0x97, 0xd2, 0x4, 0x1, 0x40, 0xee, 0x30,
    0x60,

    /* U+D161 "텡" */
    0x0, 0x7c, 0x98, 0x26, 0x9, 0xf6, 0x60, 0x9f,
    0xa4, 0x9, 0x0, 0xf, 0xe6, 0x5, 0x81, 0x1f,
    0x80,

    /* U+D168 "텨" */
    0x0, 0x7e, 0x18, 0x6, 0x7, 0x80, 0x7e, 0x18,
    0x6, 0x7, 0x80, 0x7f, 0x90, 0x4, 0x1, 0x0,
    0x40,

    /* U+D16C "텬" */
    0x0, 0x5f, 0xa, 0x7, 0x40, 0xef, 0x85, 0x3,
    0xa0, 0x17, 0xf2, 0x0, 0x4c, 0x1, 0x80, 0x30,
    0x7, 0xfe,

    /* U+D17C "텼" */
    0x0, 0x9f, 0x12, 0xe, 0x41, 0xcf, 0x89, 0x7,
    0x3f, 0x20, 0x88, 0x11, 0x6, 0x71, 0xbb, 0x66,
    0x20,

    /* U+D184 "톄" */
    0x0, 0x40, 0x5f, 0x16, 0x5, 0x87, 0x7c, 0x5f,
    0x16, 0x1d, 0x81, 0x7f, 0x50, 0x14, 0x5, 0x1,
    0x40,

    /* U+D188 "톈" */
    0x0, 0x7c, 0x98, 0xe6, 0x39, 0xf2, 0x63, 0x98,
    0x27, 0xe9, 0x2, 0x48, 0x82, 0x0, 0x80, 0x3f,
    0xc0,

    /* U+D1A0 "토" */
    0x3f, 0xe2, 0x0, 0x20, 0x3, 0xfe, 0x20, 0x2,
    0x0, 0x3f, 0xe0, 0x60, 0x6, 0x0, 0x60, 0xff,
    0xf0,

    /* U+D1A1 "톡" */
    0x7f, 0xc6, 0x0, 0x7f, 0xc6, 0x0, 0x7f, 0xc0,
    0x60, 0xff, 0xf0, 0x0, 0x7f, 0xc0, 0x4, 0x0,
    0x40, 0x4,

    /* U+D1A4 "톤" */
    0x3f, 0xe2, 0x0, 0x3f, 0xe2, 0x0, 0x3f, 0xe0,
    0x60, 0x6, 0xf, 0xff, 0x0, 0x2, 0x0, 0x20,
    0x3, 0xfe,

    /* U+D1A8 "톨" */
    0x3f, 0xe3, 0xfe, 0x20, 0x3, 0xfe, 0x6, 0xf,
    0xff, 0x0, 0x3, 0xfe, 0x0, 0x63, 0xfe, 0x20,
    0x3, 0xfe,

    /* U+D1B0 "톰" */
    0x7f, 0xe6, 0x0, 0x7f, 0xe6, 0x0, 0x7f, 0xe0,
    0x60, 0xff, 0xf0, 0x0, 0x7f, 0xe6, 0x6, 0x60,
    0x67, 0xfe,

    /* U+D1B1 "톱" */
    0x7f, 0xc6, 0x0, 0x7f, 0xc6, 0x0, 0x7f, 0xc0,
    0x60, 0xff, 0xf0, 0x0, 0x60, 0x47, 0xfc, 0x60,
    0x47, 0xfc,

    /* U+D1B3 "톳" */
    0x3f, 0xe2, 0x0, 0x3f, 0xe2, 0x0, 0x3f, 0xe0,
    0x60, 0xff, 0xf0, 0x0, 0x6, 0x0, 0xf0, 0x39,
    0xc6, 0x6,

    /* U+D1B5 "통" */
    0x7f, 0xe6, 0x0, 0x7f, 0xe6, 0x0, 0x7f, 0xe0,
    0x60, 0xff, 0xf0, 0x0, 0x1f, 0xc2, 0x6, 0x20,
    0x61, 0xfc,

    /* U+D1BA "톺" */
    0x3f, 0xe2, 0x0, 0x3f, 0xe2, 0x0, 0x3f, 0xe0,
    0x60, 0xff, 0xf0, 0x0, 0x7f, 0xe1, 0x98, 0x19,
    0x87, 0xfe,

    /* U+D1BC "톼" */
    0x0, 0x40, 0x4, 0x7e, 0x44, 0x4, 0x7e, 0x44,
    0x7, 0x7e, 0x41, 0x84, 0x18, 0x41, 0x84, 0xff,
    0x40, 0x4, 0x0, 0x40,

    /* U+D1C0 "퇀" */
    0x0, 0x47, 0xe4, 0x40, 0x47, 0xc4, 0x40, 0x77,
    0xe7, 0x10, 0x41, 0x4, 0xff, 0x40, 0x4, 0x20,
    0x2, 0x0, 0x3f, 0xc0,

    /* U+D1D8 "퇘" */
    0x0, 0x20, 0x25, 0xf4, 0xa0, 0x97, 0xd2, 0x83,
    0xdf, 0x48, 0x89, 0x11, 0x3f, 0xa4, 0x4, 0x80,
    0x90, 0x12,

    /* U+D1F4 "퇴" */
    0x0, 0x40, 0x17, 0xe5, 0x1, 0x7e, 0x50, 0x17,
    0xe4, 0x21, 0x8, 0x42, 0x1f, 0xf4, 0x1, 0x0,
    0x40,

    /* U+D1F8 "퇸" */
    0x0, 0x4f, 0xc9, 0x1, 0x3e, 0x24, 0x4, 0xfc,
    0x84, 0x10, 0x82, 0xff, 0x40, 0x8, 0x80, 0x10,
    0x3, 0xfe,

    /* U+D207 "툇" */
    0x0, 0x4f, 0xc9, 0x1, 0x3f, 0x24, 0x4, 0xfc,
    0x84, 0x17, 0xfa, 0x6, 0x40, 0xc0, 0x3c, 0x38,
    0xe0,

    /* U+D209 "툉" */
    0x0, 0x5f, 0x94, 0x5, 0xf1, 0x40, 0x5f, 0x91,
    0x7, 0x89, 0x0, 0x7, 0xe2, 0x4, 0x81, 0x1f,
    0x80,

    /* U+D210 "툐" */
    0x3f, 0xe2, 0x0, 0x20, 0x3, 0xfe, 0x20, 0x2,
    0x0, 0x3f, 0xe1, 0x88, 0x18, 0x81, 0x88, 0xff,
    0xf0,

    /* U+D22C "투" */
    0x3f, 0xe2, 0x0, 0x3f, 0xe2, 0x0, 0x20, 0x3,
    0xfe, 0x0, 0xf, 0xff, 0x6, 0x0, 0x60, 0x6,
    0x0, 0x60,

    /* U+D22D "툭" */
    0x3f, 0xe2, 0x0, 0x3f, 0xe2, 0x0, 0x3f, 0xe0,
    0x0, 0xff, 0xf0, 0x60, 0x3f, 0xe0, 0x6, 0x0,
    0x60, 0x6,

    /* U+D230 "툰" */
    0x7f, 0xe6, 0x0, 0x7f, 0xe6, 0x0, 0x7f, 0xe0,
    0x0, 0xff, 0xf0, 0x60, 0x6, 0x6, 0x0, 0x60,
    0x7, 0xfe,

    /* U+D234 "툴" */
    0x3f, 0xe3, 0xfe, 0x20, 0x3, 0xfe, 0x0, 0xf,
    0xff, 0x6, 0x3, 0xfe, 0x0, 0x63, 0xfe, 0x20,
    0x3, 0xfe,

    /* U+D23C "툼" */
    0x7f, 0xe6, 0x0, 0x7f, 0xe6, 0x0, 0x7f, 0xe0,
    0x0, 0xff, 0xf0, 0x60, 0x7f, 0xe6, 0x6, 0x60,
    0x67, 0xfe,

    /* U+D23D "툽" */
    0x7f, 0xc6, 0x0, 0x7f, 0xc6, 0x0, 0x7f, 0xc0,
    0x0, 0xff, 0xf0, 0x60, 0x60, 0x47, 0xfc, 0x60,
    0x47, 0xfc,

    /* U+D23F "툿" */
    0x3f, 0xe2, 0x0, 0x3f, 0xe2, 0x0, 0x3f, 0xe0,
    0x0, 0xff, 0xf0, 0x60, 0x6, 0x0, 0x60, 0xf,
    0x87, 0xe,

    /* U+D241 "퉁" */
    0x7f, 0xe6, 0x0, 0x7f, 0xe6, 0x0, 0x7f, 0xe0,
    0x0, 0xff, 0xf0, 0x60, 0x3f, 0xc6, 0x6, 0x20,
    0x61, 0xfc,

    /* U+D248 "퉈" */
    0x0, 0x5f, 0x94, 0x5, 0xf9, 0x40, 0x5f, 0x90,
    0x7, 0xfd, 0x18, 0x46, 0xf1, 0x84, 0x61, 0x18,
    0x40,

    /* U+D25C "퉜" */
    0x0, 0x47, 0xe4, 0x40, 0x47, 0xc4, 0x7e, 0x40,
    0x14, 0xff, 0x41, 0x3c, 0x0, 0x3, 0x8, 0x39,
    0x44, 0xf6,

    /* U+D264 "퉤" */
    0x0, 0x2f, 0xa5, 0x4, 0xbe, 0x94, 0x12, 0xfa,
    0x40, 0x4f, 0xe9, 0x11, 0x22, 0xe4, 0x44, 0x88,
    0x90, 0x12,

    /* U+D280 "튀" */
    0x0, 0x5f, 0x94, 0x5, 0xf9, 0x40, 0x5f, 0x90,
    0x4, 0x5, 0xff, 0x44, 0x11, 0x4, 0x41, 0x10,
    0x40,

    /* U+D281 "튁" */
    0x0, 0x5f, 0x94, 0x5, 0xf1, 0x40, 0x5f, 0x90,
    0x7, 0xfd, 0x10, 0xf, 0xf0, 0x4, 0x1, 0x0,
    0x40,

    /* U+D284 "튄" */
    0x0, 0x4f, 0xc9, 0x1, 0x3e, 0x24, 0x4, 0xfc,
    0x80, 0x17, 0xfa, 0x10, 0x42, 0x9, 0x80, 0x30,
    0x7, 0xfe,

    /* U+D288 "튈" */
    0x0, 0x4f, 0xc9, 0xf1, 0x20, 0x27, 0xe4, 0x0,
    0xbf, 0xd0, 0x80, 0x7f, 0xc0, 0x9, 0xff, 0x30,
    0x7, 0xfe,

    /* U+D290 "튐" */
    0x0, 0x5f, 0x94, 0x5, 0xf1, 0x40, 0x5f, 0x90,
    0x7, 0xfd, 0x10, 0xf, 0xf2, 0x4, 0x81, 0x3f,
    0xc0,

    /* U+D291 "튑" */
    0x0, 0x5f, 0x94, 0x5, 0xf1, 0x40, 0x4f, 0x1f,
    0xf4, 0x20, 0x0, 0x8, 0x13, 0xfc, 0x81, 0x3f,
    0xc0,

    /* U+D295 "튕" */
    0x0, 0x5f, 0x94, 0x5, 0xf1, 0x40, 0x5f, 0x90,
    0x7, 0xfd, 0x10, 0x7, 0xe2, 0x4, 0x81, 0x1f,
    0x80,

    /* U+D29C "튜" */
    0x3f, 0xe2, 0x0, 0x3f, 0xe2, 0x0, 0x20, 0x3,
    0xfe, 0x0, 0xf, 0xff, 0x18, 0x81, 0x88, 0x18,
    0x81, 0x88,

    /* U+D2A0 "튠" */
    0x3f, 0xe2, 0x0, 0x3f, 0xe2, 0x0, 0x3f, 0xe0,
    0x0, 0xff, 0xf0, 0xc8, 0xc, 0x82, 0x0, 0x20,
    0x3, 0xfe,

    /* U+D2A4 "튤" */
    0x7f, 0xe7, 0xfe, 0x60, 0x7, 0xfe, 0x0, 0xf,
    0xff, 0x18, 0x87, 0xfe, 0x0, 0x67, 0xfe, 0x60,
    0x7, 0xfe,

    /* U+D2AC "튬" */
    0x7f, 0xe6, 0x0, 0x7f, 0xe6, 0x0, 0x7f, 0xe0,
    0x0, 0xff, 0xf1, 0x88, 0x7f, 0xe6, 0x6, 0x60,
    0x67, 0xfe,

    /* U+D2B1 "튱" */
    0x7f, 0xe6, 0x0, 0x7f, 0xe6, 0x0, 0x7f, 0xe0,
    0x0, 0xff, 0xf1, 0x8, 0x1f, 0xc2, 0x6, 0x20,
    0x61, 0xfc,

    /* U+D2B8 "트" */
    0x3f, 0xe2, 0x0, 0x20, 0x3, 0xfe, 0x20, 0x2,
    0x0, 0x3f, 0xe0, 0x0, 0x0, 0xf, 0xff,

    /* U+D2B9 "특" */
    0x7f, 0xc6, 0x0, 0x7f, 0xc6, 0x0, 0x7f, 0xc0,
    0x0, 0xff, 0xf0, 0x0, 0x7f, 0xc0, 0x4, 0x0,
    0x40, 0x4,

    /* U+D2BC "튼" */
    0x3f, 0xe2, 0x0, 0x3f, 0xe2, 0x0, 0x3f, 0xe0,
    0x0, 0xff, 0xf0, 0x0, 0x0, 0x2, 0x0, 0x20,
    0x3, 0xfe,

    /* U+D2BF "튿" */
    0x7f, 0xe6, 0x0, 0x7f, 0xe6, 0x0, 0x7f, 0xe0,
    0x0, 0xff, 0xf0, 0x0, 0x7f, 0xe6, 0x0, 0x60,
    0x7, 0xfe,

    /* U+D2C0 "틀" */
    0x3f, 0xe2, 0x0, 0x3f, 0xe2, 0x0, 0x1f, 0xcf,
    0xff, 0x0, 0x3, 0xfe, 0x0, 0x63, 0xfe, 0x20,
    0x3, 0xfe,

    /* U+D2C2 "틂" */
    0x3f, 0xe2, 0x0, 0x3f, 0xe2, 0x0, 0x1f, 0xcf,
    0xff, 0x0, 0x7, 0xfe, 0xf, 0x27, 0xf2, 0x63,
    0x27, 0xfe,

    /* U+D2C8 "틈" */
    0x7f, 0xe6, 0x0, 0x7f, 0xe6, 0x0, 0x7f, 0xe0,
    0x0, 0xff, 0xf0, 0x0, 0x7f, 0xe6, 0x6, 0x60,
    0x67, 0xfe,

    /* U+D2C9 "틉" */
    0x7f, 0xc6, 0x0, 0x7f, 0xc6, 0x0, 0x7f, 0xc0,
    0x0, 0xff, 0xf0, 0x0, 0x60, 0x47, 0xfc, 0x60,
    0x47, 0xfc,

    /* U+D2CB "틋" */
    0x3f, 0xe2, 0x0, 0x3f, 0xe2, 0x0, 0x3f, 0xe0,
    0x0, 0xff, 0xf0, 0x0, 0x6, 0x0, 0x70, 0x39,
    0xc7, 0x6,

    /* U+D2D4 "틔" */
    0x0, 0x40, 0x17, 0xe5, 0x1, 0x7e, 0x50, 0x14,
    0x5, 0xf9, 0x0, 0x40, 0x1f, 0xf4, 0x1, 0x0,
    0x40,

    /* U+D2D8 "틘" */
    0x0, 0x4f, 0xc9, 0x1, 0x3e, 0x24, 0x4, 0xfc,
    0x80, 0x17, 0xfa, 0x0, 0x40, 0x8, 0x80, 0x10,
    0x3, 0xfe,

    /* U+D2DC "틜" */
    0x0, 0x4f, 0xc9, 0x1, 0x3e, 0x24, 0x4, 0x78,
    0xbf, 0xd0, 0x0, 0x7f, 0xc0, 0x9, 0xff, 0x30,
    0x7, 0xfe,

    /* U+D2E4 "틤" */
    0x0, 0x5f, 0x94, 0x5, 0xf1, 0x40, 0x5f, 0x90,
    0x7, 0xfd, 0x0, 0xf, 0xf2, 0x4, 0x81, 0x3f,
    0xc0,

    /* U+D2E5 "틥" */
    0x0, 0x5f, 0x94, 0x5, 0xf1, 0x40, 0x5f, 0x90,
    0x7, 0xfc, 0x0, 0x8, 0x13, 0xfc, 0x81, 0x3f,
    0xc0,

    /* U+D2F0 "티" */
    0x0, 0x80, 0x7f, 0x30, 0x18, 0xf, 0xc6, 0x3,
    0x1, 0x80, 0xff, 0x40, 0x20, 0x10, 0x8,

    /* U+D2F1 "틱" */
    0x0, 0xfe, 0x60, 0x30, 0x1f, 0x8c, 0x7, 0xfa,
    0x1, 0x0, 0x3f, 0xc0, 0x20, 0x10, 0x8,

    /* U+D2F4 "틴" */
    0x0, 0xbf, 0x28, 0xa, 0x2, 0xf8, 0xa0, 0x28,
    0xb, 0xfa, 0x0, 0x90, 0x4, 0x1, 0x0, 0x7f,
    0xc0,

    /* U+D2F8 "틸" */
    0x0, 0xbf, 0x28, 0xb, 0xe2, 0x80, 0xa0, 0x2f,
    0xe0, 0x0, 0x7f, 0x80, 0x27, 0xf9, 0x0, 0x7f,
    0xc0,

    /* U+D300 "팀" */
    0x0, 0xfe, 0x60, 0x30, 0x1f, 0x8c, 0x7, 0xfa,
    0x0, 0x0, 0x3f, 0xd0, 0x28, 0x17, 0xf8,

    /* U+D301 "팁" */
    0x0, 0xfe, 0x60, 0x30, 0x1f, 0x8c, 0x7, 0xfa,
    0x0, 0x40, 0xbf, 0xd0, 0x28, 0x17, 0xf8,

    /* U+D303 "팃" */
    0x0, 0xbf, 0x28, 0xa, 0x2, 0xf8, 0xa0, 0x2f,
    0xe8, 0x2, 0xc, 0x83, 0x1, 0xe1, 0xce, 0x40,
    0x80,

    /* U+D305 "팅" */
    0x0, 0xfe, 0x60, 0x30, 0x1f, 0x8c, 0x7, 0xfa,
    0x1, 0x3f, 0x30, 0xd0, 0x2c, 0x33, 0xf0,

    /* U+D30C "파" */
    0x0, 0x80, 0x13, 0xfa, 0x36, 0x46, 0xc8, 0xd9,
    0xdb, 0x23, 0x64, 0x6c, 0x9f, 0xd0, 0x2, 0x0,
    0x40, 0x8,

    /* U+D30D "팍" */
    0x0, 0x4f, 0xe4, 0x6c, 0x46, 0xc4, 0x6c, 0x76,
    0xc4, 0xff, 0x40, 0x4, 0x0, 0x7, 0xfc, 0x0,
    0x40, 0x4, 0x0, 0x40,

    /* U+D30E "팎" */
    0x0, 0x4f, 0xe4, 0x6c, 0x46, 0xc4, 0x6c, 0x76,
    0xc4, 0xff, 0x40, 0x0, 0x0, 0x7, 0xbc, 0x8,
    0x40, 0x84, 0x8, 0x40,

    /* U+D310 "판" */
    0x0, 0x40, 0x4, 0xfe, 0x46, 0xc4, 0x6c, 0x76,
    0xc4, 0x6c, 0x4f, 0xf4, 0x0, 0x42, 0x0, 0x20,
    0x2, 0x0, 0x3f, 0xc0,

    /* U+D314 "팔" */
    0x0, 0x4f, 0xe4, 0x6c, 0x46, 0xc7, 0x6c, 0x46,
    0xc4, 0xff, 0x0, 0x0, 0x7f, 0xc0, 0x4, 0x7f,
    0xc6, 0x0, 0x7f, 0xc0,

    /* U+D316 "팖" */
    0x0, 0x4f, 0xe4, 0x6c, 0x46, 0xc7, 0x6c, 0x46,
    0xc4, 0xff, 0x40, 0x0, 0x7b, 0xc1, 0xa4, 0x7a,
    0x44, 0x24, 0x7b, 0xc0,

    /* U+D31C "팜" */
    0x0, 0x4f, 0xe4, 0x6c, 0x46, 0xc7, 0x6c, 0x4f,
    0xf4, 0xe0, 0x40, 0x0, 0x3f, 0xc2, 0x4, 0x20,
    0x42, 0x4, 0x3f, 0xc0,

    /* U+D31D "팝" */
    0x0, 0x4f, 0xe4, 0x6c, 0x46, 0xc7, 0x6c, 0x46,
    0xc4, 0xff, 0x40, 0x0, 0x60, 0x47, 0xfc, 0x60,
    0x46, 0x4, 0x7f, 0xc0,

    /* U+D31F "팟" */
    0x0, 0x40, 0x4, 0xfe, 0x46, 0xc4, 0x6c, 0x76,
    0xc4, 0xff, 0x40, 0x4, 0x6, 0x0, 0xe0, 0x19,
    0x87, 0xe,

    /* U+D320 "팠" */
    0x0, 0x4f, 0xe4, 0x6c, 0x46, 0xc4, 0x6c, 0x76,
    0xc4, 0xff, 0x40, 0x0, 0x10, 0x83, 0x1c, 0x6b,
    0x4c, 0xe2,

    /* U+D321 "팡" */
    0x0, 0x4f, 0xe4, 0x6c, 0x46, 0xc4, 0x6c, 0x76,
    0xc4, 0xff, 0x40, 0x4, 0x1f, 0x2, 0xc, 0x60,
    0x42, 0xc, 0x1f, 0x0,

    /* U+D325 "팥" */
    0x0, 0x9f, 0xd1, 0xb2, 0x36, 0x76, 0xc8, 0xd9,
    0x3f, 0xa0, 0x0, 0x3f, 0x84, 0x0, 0xfe, 0x10,
    0x3, 0xfc,

    /* U+D328 "패" */
    0x0, 0x20, 0x27, 0xf4, 0xa4, 0x94, 0x92, 0x93,
    0xd2, 0x4a, 0x49, 0x49, 0x3f, 0xa4, 0x4, 0x80,
    0x90, 0x12,

    /* U+D329 "팩" */
    0x3, 0x40, 0xdf, 0xf5, 0x6d, 0x5b, 0xd6, 0xdf,
    0xf4, 0x0, 0x0, 0xf, 0xf0, 0x4, 0x1, 0x0,
    0x40,

    /* U+D32C "팬" */
    0x0, 0x40, 0x6b, 0xfd, 0x25, 0xa4, 0xbc, 0x96,
    0x92, 0xd7, 0xfa, 0x3, 0x46, 0x60, 0xc0, 0x18,
    0x3, 0xfe,

    /* U+D330 "팰" */
    0x3, 0x5f, 0xe9, 0x2d, 0x25, 0xe4, 0xb4, 0x96,
    0xbf, 0x0, 0x0, 0x3f, 0xc0, 0x8, 0xff, 0x18,
    0x3, 0xfe,

    /* U+D338 "팸" */
    0x3, 0x7f, 0xd4, 0xb5, 0x2d, 0x4b, 0xd2, 0xdf,
    0xf4, 0x0, 0x0, 0xf, 0xf3, 0x4, 0xc1, 0x3f,
    0xc0,

    /* U+D339 "팹" */
    0x3, 0x7f, 0xd4, 0xb5, 0x2f, 0x4b, 0x52, 0xdf,
    0xf4, 0x0, 0x30, 0x4f, 0xf3, 0x4, 0xc1, 0x3f,
    0xc0,

    /* U+D33B "팻" */
    0x0, 0x40, 0x6b, 0xfd, 0x25, 0xa4, 0xbc, 0x96,
    0xbf, 0xd0, 0x1a, 0x6, 0x0, 0xc0, 0x76, 0x18,
    0x60,

    /* U+D33C "팼" */
    0x1, 0x5f, 0xa9, 0x25, 0x24, 0xa4, 0x9c, 0x92,
    0xbf, 0x50, 0x0, 0x18, 0x83, 0x10, 0xa5, 0x33,
    0x10,

    /* U+D33D "팽" */
    0x0, 0x40, 0xdf, 0xf5, 0x2d, 0x4b, 0xd2, 0xdf,
    0xf4, 0xd, 0x0, 0x7, 0xe3, 0x4, 0xc1, 0x1f,
    0x80,

    /* U+D344 "퍄" */
    0x0, 0x9f, 0xd1, 0xb2, 0x36, 0x76, 0xc8, 0xd9,
    0x1b, 0x23, 0x67, 0x6c, 0xff, 0xd0, 0x2, 0x0,
    0x40, 0x8,

    /* U+D345 "퍅" */
    0x0, 0x4f, 0xe4, 0x6c, 0x76, 0xc4, 0x6c, 0x46,
    0xc7, 0xff, 0x40, 0x4, 0x0, 0x7, 0xfc, 0x0,
    0x40, 0x4, 0x0, 0x40,

    /* U+D37C "퍼" */
    0x0, 0x40, 0x1f, 0xe5, 0xb1, 0x6c, 0x5b, 0x76,
    0xc5, 0xb1, 0x6c, 0x7f, 0x90, 0x4, 0x1, 0x0,
    0x40,

    /* U+D37D "퍽" */
    0x0, 0x7f, 0x96, 0xc5, 0xb1, 0x6d, 0xdb, 0x1f,
    0xf4, 0x1, 0x0, 0xf, 0xf0, 0x4, 0x1, 0x0,
    0x40,

    /* U+D380 "펀" */
    0x0, 0x40, 0xb, 0xf9, 0x36, 0x26, 0xdc, 0xd8,
    0x9b, 0x17, 0xfa, 0x0, 0x46, 0x0, 0xc0, 0x18,
    0x3, 0xfe,

    /* U+D384 "펄" */
    0x0, 0x5f, 0xc9, 0xb1, 0x36, 0xe6, 0xc4, 0xd8,
    0xbf, 0x80, 0x0, 0x3f, 0xc0, 0x8, 0xff, 0x18,
    0x3, 0xfe,

    /* U+D38C "펌" */
    0x0, 0x7f, 0x96, 0xc5, 0xb1, 0x6d, 0xdb, 0x1f,
    0xf4, 0x0, 0x0, 0xf, 0xf2, 0x4, 0x81, 0x3f,
    0xc0,

    /* U+D38D "펍" */
    0x0, 0x7f, 0x96, 0xc5, 0xb7, 0x6c, 0x5b, 0x1f,
    0xf4, 0x0, 0x30, 0x4f, 0xf3, 0x4, 0xc1, 0x3f,
    0xc0,

    /* U+D38F "펏" */
    0x0, 0x5f, 0xc9, 0xb1, 0x36, 0x26, 0xdc, 0xd8,
    0xbf, 0xd0, 0x2, 0x6, 0x40, 0xc0, 0x3c, 0x1c,
    0xe7, 0x4,

    /* U+D390 "펐" */
    0x0, 0x5f, 0xc9, 0xb1, 0x36, 0x26, 0xdc, 0xd8,
    0xbf, 0xd0, 0x84, 0x10, 0x87, 0x31, 0xbd, 0x23,
    0x10,

    /* U+D391 "펑" */
    0x0, 0x7f, 0x96, 0xc5, 0xb1, 0x6d, 0xdb, 0x1e,
    0x24, 0x0, 0x1f, 0xc, 0x32, 0x4, 0xc3, 0x1f,
    0x80,

    /* U+D398 "페" */
    0x0, 0x20, 0x37, 0xf6, 0xac, 0xd5, 0x9a, 0xbf,
    0x56, 0x6a, 0xcd, 0x59, 0xbf, 0xb4, 0x6, 0x80,
    0xd0, 0x1a,

    /* U+D399 "펙" */
    0x1, 0xbf, 0xb5, 0xa6, 0xb4, 0xd6, 0xfa, 0xd3,
    0x7f, 0x68, 0xd, 0x0, 0x3, 0xfc, 0x0, 0x80,
    0x10, 0x2,

    /* U+D39C "펜" */
    0x0, 0x20, 0x37, 0xf6, 0xac, 0xd5, 0xfa, 0xb3,
    0x56, 0x6f, 0xed, 0x1, 0xa6, 0x30, 0xc0, 0x18,
    0x3, 0xfe,

    /* U+D3A0 "펠" */
    0x1, 0xbf, 0xb5, 0x66, 0xaf, 0xd5, 0x9a, 0xb3,
    0x7f, 0x68, 0x0, 0x3f, 0xe0, 0x4, 0xff, 0x98,
    0x3, 0xfe,

    /* U+D3A8 "펨" */
    0x1, 0xbf, 0xb5, 0x66, 0xac, 0xd5, 0xfa, 0xb3,
    0x7f, 0x68, 0x0, 0x0, 0x7, 0xfc, 0xc0, 0x98,
    0x13, 0xfe,

    /* U+D3A9 "펩" */
    0x0, 0x3f, 0xb5, 0x66, 0xac, 0xd5, 0xfa, 0xb3,
    0x7f, 0x68, 0xc, 0x30, 0x27, 0xfc, 0xc0, 0x98,
    0x13, 0xfe,

    /* U+D3AB "펫" */
    0x0, 0x2f, 0xda, 0x49, 0xa4, 0x9a, 0x4b, 0xa4,
    0x9a, 0xfd, 0xa0, 0x1a, 0x2, 0x20, 0x60, 0x7,
    0x1, 0x9c, 0x30, 0x60,

    /* U+D3AD "펭" */
    0x0, 0x20, 0x37, 0xf6, 0xac, 0xd5, 0xfa, 0xb3,
    0x7f, 0x68, 0xd, 0x0, 0x3, 0xf8, 0xc0, 0x98,
    0x11, 0xfc,

    /* U+D3B4 "펴" */
    0x0, 0x40, 0x1f, 0xe5, 0xb1, 0x6d, 0xdb, 0x16,
    0xc5, 0xb7, 0x6c, 0x7f, 0x90, 0x4, 0x1, 0x0,
    0x40,

    /* U+D3B8 "편" */
    0x0, 0x5f, 0xcb, 0xf9, 0x36, 0xe6, 0xc4, 0xdb,
    0x9b, 0x77, 0xf2, 0x0, 0x46, 0x0, 0xc0, 0x18,
    0x3, 0xfe,

    /* U+D3BC "펼" */
    0x0, 0x5f, 0xc9, 0xb7, 0x36, 0x26, 0xdc, 0xdb,
    0xbf, 0x90, 0x0, 0x3f, 0xc0, 0x8, 0xff, 0x18,
    0x3, 0xfe,

    /* U+D3C4 "폄" */
    0x0, 0x7f, 0x96, 0xdd, 0xb1, 0x6d, 0xdb, 0x7f,
    0xe4, 0x0, 0x0, 0xf, 0xf2, 0x4, 0x81, 0x3f,
    0xc0,

    /* U+D3C5 "폅" */
    0x0, 0x7f, 0x96, 0xdd, 0xb1, 0x6d, 0xdb, 0x7f,
    0xe4, 0x0, 0x30, 0x4f, 0xf3, 0x4, 0xc1, 0x3f,
    0xc0,

    /* U+D3C8 "폈" */
    0x0, 0x5f, 0xc9, 0xb7, 0x36, 0x26, 0xdc, 0xdb,
    0xbf, 0x90, 0x84, 0x18, 0x87, 0x39, 0xbd, 0xa3,
    0x10,

    /* U+D3C9 "평" */
    0x0, 0x7f, 0x9f, 0xe5, 0xb7, 0x6c, 0x5b, 0x7f,
    0xe4, 0x1, 0x0, 0x7, 0xe3, 0x4, 0xc1, 0x1f,
    0x80,

    /* U+D3D0 "폐" */
    0x0, 0x20, 0x37, 0xf6, 0xac, 0xd5, 0xfa, 0xb3,
    0x56, 0x6a, 0xfd, 0x59, 0xbf, 0xb4, 0x6, 0x80,
    0xd0, 0x1a,

    /* U+D3D8 "폘" */
    0x1, 0xbf, 0xb5, 0x7e, 0xac, 0xd5, 0xfa, 0xbf,
    0x7f, 0x68, 0x0, 0x3f, 0xe0, 0x4, 0xff, 0x98,
    0x3, 0xfe,

    /* U+D3E1 "폡" */
    0x0, 0x3f, 0xb5, 0x7e, 0xac, 0xd5, 0xfa, 0xbf,
    0x7f, 0x68, 0xc, 0x30, 0x27, 0xfc, 0xc0, 0x98,
    0x13, 0xfe,

    /* U+D3E3 "폣" */
    0x0, 0x20, 0x1a, 0xfd, 0xa4, 0xba, 0x49, 0xa4,
    0xba, 0x49, 0xaf, 0xda, 0x2, 0x20, 0x30, 0x7,
    0x3, 0xce, 0x30, 0x20,

    /* U+D3EC "포" */
    0x7f, 0xe1, 0x18, 0x11, 0x81, 0x18, 0x11, 0x87,
    0xfe, 0x6, 0x0, 0x60, 0x6, 0xf, 0xff,

    /* U+D3ED "폭" */
    0x7f, 0xe1, 0x8, 0x10, 0x81, 0x8, 0x7f, 0xe0,
    0x60, 0xff, 0xf0, 0x0, 0x7f, 0xe0, 0x6, 0x0,
    0x60, 0x6,

    /* U+D3F0 "폰" */
    0x7f, 0xe1, 0x8, 0x10, 0x81, 0x8, 0x7f, 0xe0,
    0x60, 0xff, 0xf0, 0x0, 0x0, 0x6, 0x0, 0x60,
    0x7, 0xfe,

    /* U+D3F4 "폴" */
    0x7f, 0xe1, 0x8, 0x10, 0x87, 0xfe, 0x6, 0xf,
    0xff, 0x0, 0x7, 0xfc, 0x0, 0x47, 0xfc, 0x60,
    0x7, 0xfe,

    /* U+D3FC "폼" */
    0x7f, 0xe1, 0x8, 0x10, 0x87, 0xfe, 0x6, 0x0,
    0x60, 0xff, 0xf0, 0x0, 0x7f, 0xe6, 0x6, 0x60,
    0x67, 0xfe,

    /* U+D3FD "폽" */
    0x7f, 0xe1, 0x8, 0x10, 0x87, 0xfe, 0x6, 0x0,
    0x60, 0xff, 0xf0, 0x0, 0x60, 0x67, 0xfe, 0x60,
    0x67, 0xfe,

    /* U+D3FF "폿" */
    0x7f, 0xe1, 0x8, 0x10, 0x87, 0xfe, 0x6, 0x0,
    0x60, 0xff, 0xf0, 0x0, 0x6, 0x0, 0xe0, 0x19,
    0x87, 0xe,

    /* U+D401 "퐁" */
    0x7f, 0xe1, 0x8, 0x10, 0x87, 0xfe, 0x6, 0x0,
    0x60, 0xff, 0xf0, 0x0, 0x1f, 0x86, 0x4, 0x60,
    0x41, 0xf8,

    /* U+D408 "퐈" */
    0x0, 0x80, 0x13, 0xfa, 0x36, 0x46, 0xc8, 0xd9,
    0x3f, 0xb8, 0x84, 0x10, 0x9f, 0xd0, 0x2, 0x0,
    0x40, 0x8,

    /* U+D41D "퐝" */
    0x0, 0x23, 0xf9, 0xd, 0x88, 0x6c, 0x43, 0x63,
    0xbf, 0x9c, 0x20, 0x8e, 0x34, 0x0, 0x0, 0xfe,
    0xc, 0x8, 0x60, 0x41, 0xfc, 0x0,

    /* U+D440 "푀" */
    0x0, 0x40, 0x1f, 0xe5, 0xb1, 0x6c, 0x5b, 0x1f,
    0xe4, 0x41, 0x10, 0x7f, 0xd0, 0x4, 0x1, 0x0,
    0x40,

    /* U+D444 "푄" */
    0x0, 0x27, 0xf2, 0x36, 0x23, 0x62, 0x36, 0x27,
    0xf2, 0x8, 0x2f, 0xfa, 0x0, 0x20, 0x0, 0x30,
    0x3, 0x0, 0x3f, 0xf0,

    /* U+D45C "표" */
    0x7f, 0xe1, 0x98, 0x19, 0x81, 0x98, 0x19, 0x87,
    0xfe, 0x19, 0x81, 0x98, 0x19, 0x8f, 0xff,

    /* U+D460 "푠" */
    0x7f, 0xe1, 0x98, 0x19, 0x81, 0x98, 0x7f, 0xe1,
    0x98, 0xff, 0xf0, 0x0, 0x0, 0x6, 0x0, 0x60,
    0x7, 0xfe,

    /* U+D464 "푤" */
    0x7f, 0xe1, 0x98, 0x19, 0x87, 0xfe, 0x19, 0x8f,
    0xff, 0x0, 0x7, 0xfc, 0x0, 0x47, 0xfc, 0x60,
    0x7, 0xfe,

    /* U+D46D "푭" */
    0x7f, 0xe1, 0x98, 0x19, 0x87, 0xfe, 0x19, 0x81,
    0x98, 0xff, 0xf0, 0x0, 0x60, 0x67, 0xfe, 0x60,
    0x67, 0xfe,

    /* U+D46F "푯" */
    0x7f, 0xe1, 0x98, 0x19, 0x87, 0xfe, 0x19, 0x81,
    0x98, 0xff, 0xf0, 0x0, 0x6, 0x0, 0xe0, 0x19,
    0x87, 0xe,

    /* U+D478 "푸" */
    0x7f, 0xe1, 0x88, 0x18, 0x81, 0x88, 0x7f, 0xe0,
    0x0, 0x0, 0xf, 0xff, 0x6, 0x0, 0x60, 0x6,
    0x0, 0x60,

    /* U+D479 "푹" */
    0x7f, 0xe1, 0x8, 0x10, 0x81, 0x8, 0x7f, 0xe0,
    0x0, 0xff, 0xf0, 0x60, 0x7f, 0xe0, 0x6, 0x0,
    0x60, 0x6,

    /* U+D47C "푼" */
    0x7f, 0xe1, 0x18, 0x11, 0x81, 0x18, 0x7f, 0xe0,
    0x0, 0xff, 0xf0, 0x60, 0x6, 0x6, 0x0, 0x60,
    0x7, 0xfe,

    /* U+D47F "푿" */
    0x7f, 0xe1, 0x8, 0x10, 0x87, 0xfe, 0x0, 0x0,
    0x0, 0xff, 0xf0, 0x60, 0x7f, 0xe6, 0x0, 0x60,
    0x7, 0xfe,

    /* U+D480 "풀" */
    0x7f, 0xe1, 0x8, 0x10, 0x87, 0xfe, 0x0, 0xf,
    0xff, 0x6, 0x7, 0xfc, 0x0, 0x47, 0xfc, 0x60,
    0x7, 0xfe,

    /* U+D482 "풂" */
    0x7f, 0xe1, 0x8, 0x10, 0x87, 0xfe, 0x0, 0xf,
    0xff, 0x6, 0x7, 0xfe, 0xf, 0x67, 0xf6, 0x63,
    0x67, 0xfe,

    /* U+D488 "품" */
    0x7f, 0xe1, 0x8, 0x10, 0x87, 0xfe, 0x0, 0x0,
    0x0, 0xff, 0xf0, 0x60, 0x7f, 0xe6, 0x6, 0x60,
    0x67, 0xfe,

    /* U+D489 "풉" */
    0x7f, 0xe1, 0x8, 0x10, 0x87, 0xfe, 0x0, 0xf,
    0xff, 0x6, 0x0, 0x0, 0x60, 0x67, 0xfe, 0x60,
    0x67, 0xfe,

    /* U+D48B "풋" */
    0x7f, 0xe1, 0x18, 0x11, 0x87, 0xfe, 0x0, 0xf,
    0xff, 0x6, 0x0, 0x0, 0x6, 0x0, 0xf0, 0x79,
    0xe4, 0x2,

    /* U+D48D "풍" */
    0x7f, 0xe1, 0x8, 0x10, 0x87, 0xfe, 0x0, 0x0,
    0x0, 0xff, 0xf0, 0x60, 0x3f, 0xc6, 0x4, 0x20,
    0x41, 0xf8,

    /* U+D494 "풔" */
    0x0, 0x2f, 0xe4, 0xc8, 0x99, 0x13, 0x22, 0xfe,
    0x40, 0xf, 0xfd, 0x8, 0x21, 0x3c, 0x20, 0x84,
    0x10, 0x82,

    /* U+D4A9 "풩" */
    0x0, 0x2f, 0xe4, 0xc8, 0x99, 0x17, 0xf2, 0x0,
    0x7f, 0xe8, 0x4f, 0x0, 0x3, 0xf8, 0xc0, 0x98,
    0x11, 0xfc,

    /* U+D4CC "퓌" */
    0x0, 0x2f, 0xe4, 0xd8, 0x9b, 0x13, 0x62, 0xfe,
    0x40, 0x8, 0x1, 0xff, 0xa1, 0x4, 0x20, 0x84,
    0x10, 0x82,

    /* U+D4D0 "퓐" */
    0x0, 0x27, 0xf2, 0x36, 0x23, 0x62, 0x36, 0x27,
    0xf2, 0x0, 0x2f, 0xfa, 0x8, 0x20, 0x0, 0x30,
    0x3, 0x0, 0x3f, 0xf0,

    /* U+D4D4 "퓔" */
    0x0, 0x27, 0xf2, 0x36, 0x23, 0x62, 0x7f, 0x20,
    0x2, 0xff, 0xa0, 0x80, 0x3f, 0xe0, 0x2, 0x3f,
    0xe3, 0x0, 0x3f, 0xf0,

    /* U+D4DC "퓜" */
    0x0, 0x2f, 0xe4, 0xd8, 0x9b, 0x17, 0xf2, 0x0,
    0x7f, 0xe8, 0x41, 0x8, 0x7, 0xfc, 0xc0, 0x98,
    0x13, 0xfe,

    /* U+D4DF "퓟" */
    0x0, 0x27, 0xf2, 0x36, 0x23, 0x62, 0x7f, 0x20,
    0x2, 0x1, 0xaf, 0xfa, 0xb, 0x20, 0x30, 0x5,
    0x83, 0x87,

    /* U+D4E8 "퓨" */
    0x7f, 0xe1, 0x88, 0x18, 0x81, 0x88, 0x7f, 0xe0,
    0x0, 0x0, 0xf, 0xff, 0x18, 0x81, 0x88, 0x18,
    0x81, 0x88,

    /* U+D4EC "퓬" */
    0x7f, 0xe1, 0x8, 0x10, 0x81, 0x8, 0x7f, 0xe0,
    0x0, 0xff, 0xf0, 0xc8, 0xc, 0x86, 0x0, 0x60,
    0x7, 0xfe,

    /* U+D4F0 "퓰" */
    0x7f, 0xe1, 0x98, 0x19, 0x87, 0xfe, 0x0, 0xf,
    0xff, 0x19, 0x87, 0xfc, 0x0, 0x47, 0xfc, 0x60,
    0x7, 0xfe,

    /* U+D4F8 "퓸" */
    0x7f, 0xe1, 0x98, 0x19, 0x87, 0xfe, 0x0, 0xf,
    0xff, 0x19, 0x81, 0x98, 0x7f, 0xe6, 0x6, 0x60,
    0x67, 0xfe,

    /* U+D4FB "퓻" */
    0x7f, 0xe1, 0x8, 0x10, 0x87, 0xfe, 0x0, 0x0,
    0x0, 0xff, 0xf3, 0xc, 0x36, 0xc0, 0x60, 0xf,
    0x7, 0xe,

    /* U+D4FD "퓽" */
    0x7f, 0xe1, 0x8, 0x10, 0x87, 0xfe, 0x0, 0x0,
    0x0, 0xff, 0xf1, 0x8, 0x1f, 0x86, 0x4, 0x60,
    0x41, 0xf8,

    /* U+D504 "프" */
    0x7f, 0xe1, 0x18, 0x11, 0x81, 0x18, 0x11, 0x87,
    0xfe, 0x0, 0x0, 0x0, 0xff, 0xf0,

    /* U+D508 "픈" */
    0x7f, 0xe1, 0x8, 0x10, 0x81, 0x8, 0x7f, 0xe0,
    0x0, 0xff, 0xf0, 0x0, 0x0, 0x6, 0x0, 0x60,
    0x7, 0xfe,

    /* U+D50C "플" */
    0x7f, 0xe1, 0x8, 0x10, 0x87, 0xfe, 0x0, 0xf,
    0xff, 0x0, 0x7, 0xfc, 0x0, 0x47, 0xfc, 0x60,
    0x7, 0xfe,

    /* U+D514 "픔" */
    0x7f, 0xe1, 0x8, 0x10, 0x87, 0xfe, 0x0, 0x0,
    0x0, 0xff, 0xf0, 0x0, 0x7f, 0xe6, 0x6, 0x60,
    0x67, 0xfe,

    /* U+D515 "픕" */
    0x7f, 0xe1, 0x8, 0x10, 0x87, 0xfe, 0x0, 0x0,
    0x0, 0xff, 0xf0, 0x0, 0x60, 0x67, 0xfe, 0x60,
    0x67, 0xfe,

    /* U+D517 "픗" */
    0x7f, 0xe1, 0x8, 0x10, 0x81, 0x8, 0x7f, 0xe0,
    0x0, 0xff, 0xf0, 0x0, 0x6, 0x0, 0x60, 0x19,
    0x87, 0xe,

    /* U+D53C "피" */
    0x0, 0x40, 0x1f, 0xe5, 0xb1, 0x6c, 0x5b, 0x16,
    0xc5, 0xb1, 0x6c, 0x7f, 0xd0, 0x4, 0x1, 0x0,
    0x40,

    /* U+D53D "픽" */
    0x0, 0x7f, 0x96, 0xc5, 0xb1, 0x6c, 0x5b, 0x1f,
    0xf4, 0x1, 0x0, 0x1f, 0xf0, 0x4, 0x1, 0x0,
    0x40,

    /* U+D540 "핀" */
    0x0, 0x40, 0xb, 0xf9, 0x36, 0x26, 0xc4, 0xd8,
    0x9b, 0x17, 0xfa, 0x0, 0x44, 0x0, 0x80, 0x10,
    0x3, 0xfe,

    /* U+D544 "필" */
    0x0, 0x5f, 0xc9, 0xb1, 0x36, 0x26, 0xc5, 0xfe,
    0x80, 0x0, 0x0, 0x3f, 0xc0, 0x8, 0xff, 0x10,
    0x3, 0xfe,

    /* U+D54C "핌" */
    0x0, 0x7f, 0x96, 0xc5, 0xb1, 0x6c, 0x7f, 0xd0,
    0x4, 0x0, 0x3f, 0xc8, 0x12, 0x4, 0x81, 0x3f,
    0xc0,

    /* U+D54D "핍" */
    0x0, 0x7f, 0x96, 0xc5, 0xb1, 0x6c, 0x5b, 0x1f,
    0xf4, 0x0, 0x20, 0x4f, 0xf2, 0x4, 0x81, 0x3f,
    0xc0,

    /* U+D54F "핏" */
    0x0, 0x40, 0xb, 0xf9, 0x36, 0x26, 0xc4, 0xd8,
    0xbf, 0xd0, 0x2, 0x6, 0x1, 0xc0, 0x66, 0x38,
    0x60,

    /* U+D551 "핑" */
    0x0, 0x7f, 0x96, 0xc5, 0xb1, 0x6c, 0x5b, 0x1f,
    0xf4, 0x1, 0x1f, 0x8c, 0x36, 0x4, 0xc3, 0x1f,
    0x80,

    /* U+D558 "하" */
    0x18, 0x41, 0x84, 0xff, 0x40, 0x4, 0x18, 0x47,
    0xe4, 0x66, 0x74, 0x24, 0x66, 0x43, 0xc4, 0x0,
    0x40, 0x4, 0x0, 0x40,

    /* U+D559 "학" */
    0x8, 0x40, 0x84, 0xff, 0x40, 0x4, 0x7e, 0x76,
    0x24, 0x62, 0x43, 0xc4, 0x0, 0x3, 0xfc, 0x0,
    0x40, 0x4, 0x0, 0x40,

    /* U+D55C "한" */
    0x18, 0x41, 0x84, 0xff, 0x40, 0x4, 0x7c, 0x46,
    0x67, 0x46, 0x43, 0xc4, 0x0, 0x43, 0x0, 0x30,
    0x3, 0x0, 0x3f, 0xe0,

    /* U+D560 "할" */
    0x18, 0x4f, 0xf4, 0x0, 0x47, 0xe7, 0x42, 0x46,
    0x64, 0x3c, 0x40, 0x0, 0x3f, 0xc0, 0x4, 0x3f,
    0xc2, 0x0, 0x3f, 0xe0,

    /* U+D565 "핥" */
    0x18, 0x4f, 0xf4, 0x0, 0x43, 0xc4, 0x7e, 0x74,
    0x24, 0x3c, 0x40, 0x0, 0x7f, 0xc0, 0xf0, 0x7f,
    0xc6, 0x30, 0x7f, 0xe0,

    /* U+D568 "함" */
    0x18, 0x41, 0x84, 0xff, 0x40, 0x4, 0x7e, 0x74,
    0x24, 0x66, 0x43, 0xc0, 0x0, 0x3, 0xfc, 0x20,
    0x42, 0x4, 0x3f, 0xc0,

    /* U+D569 "합" */
    0x18, 0x41, 0x84, 0xff, 0x40, 0x4, 0x7e, 0x74,
    0x24, 0x66, 0x43, 0xc0, 0x0, 0x2, 0x4, 0x3f,
    0xc2, 0x4, 0x3f, 0xc0,

    /* U+D56B "핫" */
    0x18, 0x41, 0x84, 0xff, 0x40, 0x4, 0x7e, 0x74,
    0x24, 0x66, 0x43, 0xc4, 0x2, 0x40, 0x20, 0x7,
    0x3, 0x9c, 0x20, 0x60,

    /* U+D56D "항" */
    0x18, 0x41, 0x84, 0xff, 0x40, 0x4, 0x7e, 0x74,
    0x24, 0x66, 0x43, 0xc4, 0x0, 0x1, 0xf8, 0x30,
    0x43, 0x4, 0x1f, 0x80,

    /* U+D574 "해" */
    0x0, 0x26, 0x24, 0xc4, 0xfe, 0x90, 0x12, 0xf2,
    0x73, 0x7e, 0x69, 0x49, 0x2f, 0x24, 0x4, 0x80,
    0x90, 0x12,

    /* U+D575 "핵" */
    0x11, 0x22, 0x27, 0xf4, 0x80, 0x97, 0x9e, 0x8a,
    0x53, 0x4b, 0xc9, 0x0, 0x3, 0xfc, 0x0, 0x80,
    0x10, 0x2,

    /* U+D578 "핸" */
    0x31, 0x26, 0x27, 0xf4, 0x80, 0x97, 0x93, 0x9b,
    0xd2, 0x4b, 0xc9, 0x1, 0x26, 0x0, 0xc0, 0x18,
    0x3, 0xfe,

    /* U+D57C "핼" */
    0x31, 0x3f, 0xa4, 0x4, 0xbc, 0xfc, 0xd2, 0x92,
    0x5e, 0x48, 0x0, 0x3f, 0xe0, 0x4, 0xff, 0x98,
    0x3, 0xfe,

    /* U+D584 "햄" */
    0x31, 0x26, 0x27, 0xf4, 0x80, 0x97, 0x9f, 0x9a,
    0x52, 0x4b, 0xc0, 0x0, 0x7, 0xfc, 0xc0, 0x98,
    0x13, 0xfe,

    /* U+D585 "햅" */
    0x31, 0x26, 0x27, 0xf4, 0x80, 0x97, 0x9f, 0x9a,
    0x52, 0x4b, 0xc0, 0x0, 0x6, 0x4, 0xff, 0x98,
    0x13, 0xfe,

    /* U+D587 "햇" */
    0x0, 0x23, 0x12, 0xfd, 0x20, 0x12, 0x79, 0xec,
    0xd2, 0x49, 0x27, 0x92, 0x2, 0x20, 0x60, 0x7,
    0x3, 0x9e, 0x20, 0x60,

    /* U+D588 "했" */
    0x31, 0x46, 0x2b, 0xf5, 0x0, 0xa7, 0x9d, 0x9a,
    0x92, 0x53, 0xc0, 0x18, 0x83, 0x39, 0xbd, 0xa3,
    0x10,

    /* U+D589 "행" */
    0x30, 0x26, 0x27, 0xf4, 0x80, 0x97, 0x9f, 0x9a,
    0x52, 0x4b, 0xc9, 0x0, 0x3, 0xf8, 0xc0, 0x98,
    0x11, 0xfc,

    /* U+D590 "햐" */
    0x18, 0x41, 0x84, 0xff, 0x40, 0x7, 0x0, 0x73,
    0xc4, 0x66, 0x44, 0x27, 0x66, 0x73, 0xc4, 0x0,
    0x40, 0x4, 0x0, 0x40,

    /* U+D5A5 "향" */
    0x18, 0x4f, 0xf4, 0x0, 0x73, 0xc4, 0x66, 0x44,
    0x27, 0x66, 0x43, 0xc4, 0x0, 0x1, 0xf8, 0x30,
    0x43, 0x4, 0x1f, 0x80,

    /* U+D5C8 "허" */
    0x18, 0x3f, 0xe4, 0x0, 0x8c, 0x17, 0xe2, 0xc5,
    0xd0, 0xcb, 0x11, 0x3c, 0x20, 0x4, 0x0, 0x80,
    0x10,

    /* U+D5C9 "헉" */
    0x10, 0x44, 0x1f, 0xe4, 0x61, 0x65, 0xd1, 0x97,
    0xc4, 0xe1, 0x0, 0xf, 0xf0, 0x4, 0x1, 0x0,
    0x40,

    /* U+D5CC "헌" */
    0x10, 0x42, 0xb, 0xf9, 0x0, 0x27, 0xc4, 0x8f,
    0x91, 0x11, 0xe2, 0x0, 0x46, 0x0, 0xc0, 0x18,
    0x3, 0xfe,

    /* U+D5D0 "헐" */
    0x10, 0x5f, 0xc8, 0x1, 0x3e, 0x26, 0x7c, 0x8c,
    0x8f, 0x10, 0x0, 0x3f, 0xc0, 0x8, 0xff, 0x18,
    0x3, 0xfe,

    /* U+D5D2 "헒" */
    0x10, 0x7f, 0x90, 0x5, 0xf1, 0x65, 0xd1, 0x13,
    0xc4, 0x0, 0x7b, 0xc2, 0x97, 0xa5, 0x89, 0x7f,
    0xc0,

    /* U+D5D8 "험" */
    0x10, 0x44, 0x1f, 0xe4, 0x61, 0x65, 0xd1, 0x94,
    0x44, 0xe0, 0x0, 0xf, 0xf3, 0x4, 0xc1, 0x3f,
    0xc0,

    /* U+D5D9 "헙" */
    0x10, 0x44, 0x1f, 0xe4, 0x61, 0x65, 0xd1, 0x94,
    0x44, 0xf0, 0x0, 0xc, 0x13, 0xfc, 0xc1, 0x3f,
    0xc0,

    /* U+D5DB "헛" */
    0x10, 0x42, 0xb, 0xf9, 0x0, 0x27, 0xc4, 0x8f,
    0x91, 0x11, 0xe2, 0x2, 0x40, 0xc0, 0x3c, 0x1c,
    0xe2, 0x4,

    /* U+D5DD "헝" */
    0x10, 0x62, 0xf, 0xf9, 0x9c, 0x34, 0x5e, 0x88,
    0xdf, 0x18, 0x83, 0x0, 0x3, 0xf8, 0xc1, 0x98,
    0x31, 0xfc,

    /* U+D5E4 "헤" */
    0x0, 0x26, 0x34, 0xc6, 0xfe, 0xd2, 0x1a, 0xbf,
    0x72, 0x6e, 0x4d, 0x49, 0xae, 0x34, 0x6, 0x80,
    0xd0, 0x1a,

    /* U+D5E5 "헥" */
    0x31, 0xa6, 0x37, 0xf6, 0x80, 0xd7, 0xfb, 0x93,
    0x56, 0x69, 0x8d, 0x0, 0x7, 0xfc, 0x0, 0x80,
    0x10, 0x2,

    /* U+D5E8 "헨" */
    0x0, 0x26, 0x37, 0xf6, 0x98, 0xd5, 0xfb, 0x93,
    0x52, 0x6b, 0xcd, 0x1, 0xa6, 0x34, 0xc0, 0x18,
    0x3, 0xfe,

    /* U+D5EC "헬" */
    0x31, 0xa6, 0x37, 0xf6, 0x80, 0xd5, 0xfb, 0x93,
    0x5e, 0x68, 0x0, 0x3f, 0xe0, 0x4, 0xff, 0x98,
    0x3, 0xfe,

    /* U+D5F4 "헴" */
    0x31, 0xa6, 0x37, 0xf6, 0x90, 0xd7, 0xfb, 0x93,
    0x52, 0x6b, 0xcd, 0x0, 0x7, 0xfc, 0xc0, 0x98,
    0x13, 0xfe,

    /* U+D5F5 "헵" */
    0x31, 0xa6, 0x37, 0xf6, 0x98, 0xd7, 0xbb, 0x93,
    0x52, 0x6b, 0xc0, 0x0, 0x6, 0x4, 0xff, 0x98,
    0x13, 0xfe,

    /* U+D5F7 "헷" */
    0x0, 0x23, 0x1a, 0xfd, 0xa0, 0x1a, 0x7b, 0xac,
    0xda, 0x49, 0xa7, 0x9a, 0x1, 0xa0, 0x20, 0x7,
    0x3, 0x8e, 0x20, 0x20,

    /* U+D5F9 "헹" */
    0x0, 0x26, 0x37, 0xf6, 0x90, 0xd7, 0xfb, 0x93,
    0x52, 0x6b, 0xcd, 0x0, 0x3, 0xf8, 0xc0, 0x98,
    0x11, 0xfc,

    /* U+D600 "혀" */
    0x10, 0x7f, 0x90, 0x4, 0x1, 0x39, 0xd1, 0x14,
    0x65, 0x17, 0x3c, 0x40, 0x10, 0x4, 0x1,

    /* U+D601 "혁" */
    0x10, 0x7f, 0x90, 0x4, 0xe7, 0x44, 0x51, 0x14,
    0x5c, 0xe1, 0x0, 0xf, 0xf0, 0x4, 0x1, 0x0,
    0x40,

    /* U+D604 "현" */
    0x10, 0x42, 0xb, 0xf9, 0x0, 0x23, 0xdc, 0x88,
    0x91, 0x71, 0xe2, 0x0, 0x40, 0x8, 0xc0, 0x18,
    0x3, 0xfe,

    /* U+D608 "혈" */
    0x10, 0x5f, 0xc8, 0x1, 0x1e, 0xe4, 0x44, 0x8b,
    0x8f, 0x10, 0x0, 0x3f, 0xc0, 0x8, 0xff, 0x18,
    0x3, 0xfe,

    /* U+D610 "혐" */
    0x10, 0x7f, 0x90, 0x4, 0xe7, 0x44, 0x51, 0x14,
    0x5c, 0xe1, 0x0, 0xf, 0xf3, 0x4, 0xc1, 0x3f,
    0xc0,

    /* U+D611 "협" */
    0x10, 0x7f, 0x90, 0x4, 0xe7, 0x44, 0x51, 0x14,
    0x5c, 0xe0, 0x0, 0xc, 0x13, 0xfc, 0xc1, 0x3f,
    0xc0,

    /* U+D613 "혓" */
    0x10, 0x5f, 0xc8, 0x1, 0x1c, 0xe4, 0x44, 0x88,
    0x91, 0x71, 0xc2, 0x2, 0x40, 0xc0, 0x3c, 0x3c,
    0xf0, 0x0,

    /* U+D614 "혔" */
    0x10, 0x5f, 0xc8, 0x1, 0x1c, 0xe4, 0x44, 0x88,
    0x91, 0x71, 0xc2, 0x18, 0x83, 0x10, 0xe7, 0x37,
    0xb4, 0x22,

    /* U+D615 "형" */
    0x10, 0x7f, 0xcc, 0x1, 0x9c, 0xf4, 0x46, 0x88,
    0xd1, 0x79, 0xc3, 0x0, 0x3, 0xf8, 0xc1, 0x98,
    0x31, 0xfc,

    /* U+D61C "혜" */
    0x0, 0x26, 0x34, 0xc6, 0xfe, 0xd0, 0x1a, 0xff,
    0x72, 0x6e, 0x6d, 0x4f, 0xaf, 0x34, 0x6, 0x80,
    0xd0, 0x1a,

    /* U+D620 "혠" */
    0x0, 0x26, 0x37, 0xf6, 0x80, 0xd7, 0xfb, 0x93,
    0x53, 0xeb, 0xcd, 0x1, 0xa0, 0x34, 0xc0, 0x18,
    0x3, 0xfe,

    /* U+D624 "혤" */
    0x31, 0xbf, 0xb4, 0x6, 0xbf, 0xdc, 0x9b, 0x9f,
    0x5e, 0x68, 0x0, 0x3f, 0xe0, 0x4, 0xff, 0x98,
    0x3, 0xfe,

    /* U+D62D "혭" */
    0x31, 0xa6, 0x37, 0xf6, 0x80, 0xd7, 0xfb, 0x93,
    0x73, 0xeb, 0xc0, 0x0, 0x6, 0x4, 0xff, 0x98,
    0x13, 0xfe,

    /* U+D638 "호" */
    0x6, 0x7, 0xfe, 0x0, 0x1, 0xf8, 0x30, 0xc2,
    0x4, 0x30, 0xc1, 0xf8, 0x6, 0x0, 0x60, 0xff,
    0xf0,

    /* U+D639 "혹" */
    0x2, 0x7, 0xfe, 0x7f, 0xe1, 0xf8, 0x30, 0x43,
    0x4, 0x1f, 0xc0, 0x20, 0xff, 0xf0, 0x0, 0x3f,
    0xe0, 0x6, 0x0, 0x60,

    /* U+D63C "혼" */
    0x6, 0x7, 0xfe, 0x7f, 0xe1, 0xf8, 0x30, 0x43,
    0x6, 0x1f, 0xc0, 0x60, 0xff, 0xf0, 0x0, 0x20,
    0x2, 0x0, 0x3f, 0xe0,

    /* U+D640 "홀" */
    0x6, 0x7, 0xfe, 0x0, 0x1, 0xfc, 0x20, 0x63,
    0xfc, 0x6, 0xf, 0xff, 0x0, 0x3, 0xfe, 0x7f,
    0xe6, 0x0, 0x7f, 0xe0,

    /* U+D645 "홅" */
    0x6, 0x7, 0xfe, 0x0, 0x1, 0xfc, 0x20, 0x63,
    0xfc, 0x6, 0xf, 0xff, 0x0, 0x3, 0xdc, 0x7d,
    0xe6, 0x10, 0x7d, 0xe0,

    /* U+D648 "홈" */
    0x6, 0x7, 0xfe, 0x7f, 0xe1, 0xf8, 0x20, 0x43,
    0xfc, 0x6, 0xf, 0xff, 0x0, 0x7, 0xfe, 0x60,
    0x66, 0x6, 0x7f, 0xe0,

    /* U+D649 "홉" */
    0x6, 0x7, 0xfe, 0x7f, 0xe1, 0xf8, 0x20, 0x43,
    0xfc, 0x6, 0xf, 0xff, 0x0, 0x6, 0x6, 0x7f,
    0xe6, 0x6, 0x7f, 0xe0,

    /* U+D64B "홋" */
    0x6, 0x7, 0xfe, 0x7f, 0xe1, 0xf8, 0x30, 0xc3,
    0xc, 0x1f, 0x80, 0x60, 0xff, 0xf0, 0x0, 0x6,
    0x0, 0xf0, 0x79, 0xe4, 0x0,

    /* U+D64D "홍" */
    0x6, 0x7, 0xfe, 0x7f, 0xe1, 0xf8, 0x30, 0xc3,
    0xc, 0x1f, 0x80, 0x60, 0xff, 0xf1, 0xf8, 0x60,
    0x46, 0x4, 0x1f, 0x80,

    /* U+D651 "홑" */
    0x6, 0x7, 0xfe, 0x7f, 0xe1, 0xfc, 0x20, 0x63,
    0xfc, 0x6, 0xf, 0xff, 0x0, 0x7, 0xfe, 0x7f,
    0xe6, 0x0, 0x7f, 0xe0,

    /* U+D654 "화" */
    0x18, 0x43, 0xb, 0xfd, 0x0, 0x23, 0xc4, 0xcc,
    0x90, 0x9b, 0x32, 0x3c, 0x43, 0xb, 0xfd, 0x0,
    0x20, 0x4,

    /* U+D655 "확" */
    0x10, 0x9f, 0xd0, 0x2, 0x3e, 0x4c, 0x4e, 0x89,
    0x1f, 0x20, 0x84, 0xfe, 0x0, 0x1, 0xfe, 0x0,
    0x40, 0x8,

    /* U+D658 "환" */
    0x10, 0x82, 0x13, 0xfa, 0x8, 0x46, 0xc8, 0x89,
    0xdf, 0x20, 0x84, 0xfe, 0x80, 0x11, 0x80, 0x30,
    0x7, 0xfc,

    /* U+D65C "활" */
    0x10, 0x9f, 0xd0, 0x2, 0x3e, 0x44, 0x4e, 0xf9,
    0x4, 0x27, 0xf0, 0x7f, 0x80, 0x11, 0xfe, 0x30,
    0x7, 0xfc,

    /* U+D667 "홧" */
    0x10, 0x9f, 0xd0, 0x42, 0x3e, 0x44, 0x4e, 0x89,
    0x1f, 0x20, 0x84, 0xfe, 0x80, 0x80, 0x28, 0x38,
    0xe0,

    /* U+D669 "황" */
    0x10, 0x4f, 0xe4, 0x0, 0x47, 0xc4, 0x44, 0x76,
    0xc4, 0x10, 0x4f, 0x24, 0x0, 0x3, 0xf8, 0x60,
    0x46, 0x4, 0x3f, 0x80,

    /* U+D670 "홰" */
    0x0, 0x26, 0x27, 0xf4, 0xfe, 0x97, 0x92, 0x9a,
    0x73, 0x7b, 0xc9, 0x31, 0x26, 0x27, 0xf4, 0x80,
    0x90, 0x12,

    /* U+D671 "홱" */
    0x31, 0x4c, 0x5f, 0xd4, 0xc5, 0xc9, 0xf3, 0x57,
    0x94, 0xc5, 0xfc, 0x0, 0x7, 0xfc, 0x1, 0x0,
    0x40,

    /* U+D674 "홴" */
    0x30, 0x46, 0x2b, 0xf5, 0x18, 0xa7, 0x95, 0x9b,
    0x9e, 0x51, 0x8a, 0xfd, 0x40, 0x28, 0x80, 0x10,
    0x3, 0xfe,

    /* U+D683 "횃" */
    0x0, 0x4c, 0x5f, 0xd4, 0xc5, 0x49, 0xf3, 0x57,
    0x94, 0xc5, 0xfd, 0x41, 0x80, 0xf1, 0xe7,

    /* U+D685 "횅" */
    0x30, 0x66, 0x2f, 0xf5, 0x98, 0xbc, 0xdf, 0xf2,
    0xcc, 0x59, 0xeb, 0xf9, 0x3, 0xf8, 0xc1, 0x98,
    0x31, 0xfc,

    /* U+D68C "회" */
    0x18, 0x46, 0x1f, 0xf4, 0x1, 0x3c, 0x59, 0x94,
    0x25, 0x99, 0x3c, 0x46, 0x1f, 0xf4, 0x1, 0x0,
    0x40,

    /* U+D68D "획" */
    0x10, 0x7f, 0x9f, 0xe5, 0xf1, 0x44, 0x5f, 0x11,
    0x7, 0xfd, 0x0, 0x0, 0x3, 0xfc, 0x1, 0x0,
    0x40,

    /* U+D690 "횐" */
    0x10, 0x5f, 0xcb, 0xf9, 0x1c, 0x24, 0x44, 0x88,
    0x9f, 0x10, 0x82, 0xff, 0x40, 0x9, 0x80, 0x30,
    0x7, 0xfe,

    /* U+D694 "횔" */
    0x10, 0x5f, 0xcb, 0xf9, 0x3e, 0x24, 0x44, 0xf8,
    0x84, 0x17, 0xf8, 0x7f, 0xc0, 0x9, 0xff, 0x30,
    0x7, 0xfe,

    /* U+D69D "횝" */
    0x10, 0x7f, 0x9f, 0xe5, 0xf1, 0x44, 0x5f, 0x11,
    0x7, 0xfd, 0x0, 0x18, 0x17, 0xfd, 0x81, 0x7f,
    0xc0,

    /* U+D69F "횟" */
    0x10, 0x5f, 0xc8, 0x1, 0x1c, 0x24, 0x44, 0x88,
    0x9f, 0x10, 0x82, 0xff, 0x40, 0x80, 0x28, 0x38,
    0xe0,

    /* U+D6A1 "횡" */
    0x10, 0x7f, 0x9f, 0xe5, 0xf1, 0x44, 0x5b, 0x11,
    0x7, 0x89, 0x0, 0x7, 0xe2, 0x4, 0x81, 0x1f,
    0x80,

    /* U+D6A8 "효" */
    0x6, 0x7, 0xfe, 0x0, 0x1, 0xf8, 0x30, 0xc2,
    0x4, 0x30, 0xc1, 0xf8, 0x19, 0x81, 0x98, 0xff,
    0xf0,

    /* U+D6AC "횬" */
    0x6, 0x7, 0xfe, 0x7f, 0xe1, 0xf8, 0x30, 0x43,
    0x6, 0x1f, 0xc1, 0x88, 0xff, 0xf0, 0x0, 0x20,
    0x2, 0x0, 0x3f, 0xe0,

    /* U+D6B0 "횰" */
    0x6, 0x7, 0xfe, 0x7f, 0xe1, 0xfc, 0x20, 0x61,
    0xfc, 0x18, 0x8f, 0xff, 0x0, 0x3, 0xfe, 0x7f,
    0xe6, 0x0, 0x7f, 0xe0,

    /* U+D6B9 "횹" */
    0x6, 0x7, 0xfe, 0x7f, 0xe1, 0xf8, 0x20, 0x43,
    0xfc, 0x19, 0x8f, 0xff, 0x0, 0x6, 0x6, 0x7f,
    0xe6, 0x6, 0x7f, 0xe0,

    /* U+D6BB "횻" */
    0x6, 0x7, 0xfe, 0x7f, 0xe1, 0xf8, 0x30, 0xc3,
    0xc, 0x1f, 0x81, 0x98, 0xff, 0xf0, 0x0, 0x6,
    0x0, 0xf0, 0x79, 0xe0,

    /* U+D6C4 "후" */
    0x6, 0x0, 0x60, 0x7f, 0xe0, 0x0, 0x1f, 0x82,
    0xc, 0x20, 0xc1, 0xf8, 0x0, 0xf, 0xff, 0x6,
    0x0, 0x60, 0x6, 0x0,

    /* U+D6C5 "훅" */
    0x2, 0x7, 0xfe, 0x7f, 0xe1, 0xf8, 0x30, 0x41,
    0xfc, 0x0, 0xf, 0xff, 0x2, 0x0, 0x20, 0x3f,
    0xc0, 0x4, 0x0, 0x40,

    /* U+D6C8 "훈" */
    0x6, 0x7, 0xfe, 0x7f, 0xe1, 0xf8, 0x30, 0x43,
    0x4, 0x1f, 0x80, 0x0, 0xff, 0xf0, 0x60, 0x26,
    0x2, 0x0, 0x3f, 0xe0,

    /* U+D6CC "훌" */
    0x6, 0x7, 0xfe, 0x7f, 0xe1, 0xfc, 0x20, 0x61,
    0xfc, 0x0, 0xf, 0xff, 0x6, 0x3, 0x9e, 0x7f,
    0xe6, 0x0, 0x7f, 0xe0,

    /* U+D6D1 "훑" */
    0x6, 0x7, 0xfe, 0x0, 0x1, 0xfc, 0x20, 0x63,
    0xfc, 0x0, 0xf, 0xff, 0x6, 0x7, 0xde, 0x7d,
    0xe6, 0x10, 0x7d, 0xe0,

    /* U+D6D4 "훔" */
    0x6, 0x7, 0xfe, 0x7f, 0xe1, 0xf8, 0x30, 0xc3,
    0xc, 0x1f, 0x8f, 0xff, 0x6, 0x7, 0xfe, 0x60,
    0x66, 0x6, 0x7f, 0xe0,

    /* U+D6D7 "훗" */
    0x6, 0x7, 0xfe, 0x7f, 0xe1, 0xf8, 0x20, 0x43,
    0xfc, 0x0, 0xf, 0xff, 0x6, 0x0, 0x60, 0x6,
    0x1, 0xf8, 0x70, 0x60,

    /* U+D6D9 "훙" */
    0x6, 0x7, 0xfe, 0x7f, 0xe1, 0xf8, 0x30, 0xc3,
    0xc, 0x1f, 0x8f, 0xff, 0x6, 0x3, 0xfc, 0x60,
    0x42, 0x4, 0x1f, 0x80,

    /* U+D6E0 "훠" */
    0x10, 0x7f, 0xec, 0x1, 0x9e, 0x34, 0x66, 0x8c,
    0xcf, 0x18, 0xb, 0xff, 0x62, 0xc, 0x4f, 0x88,
    0x31, 0x6,

    /* U+D6E4 "훤" */
    0x18, 0x5f, 0xeb, 0xfd, 0x1e, 0x24, 0x64, 0x8c,
    0x8f, 0x13, 0xfa, 0xf8, 0x43, 0x79, 0x80, 0x30,
    0x7, 0xfe,

    /* U+D6E8 "훨" */
    0x18, 0x5f, 0xe8, 0xf1, 0x23, 0x27, 0xc4, 0x7e,
    0xbf, 0x90, 0xde, 0x7f, 0xc0, 0x9, 0xff, 0x30,
    0x7, 0xfe,

    /* U+D6F0 "훰" */
    0x18, 0x7f, 0xef, 0xfd, 0xbe, 0x34, 0x66, 0xf8,
    0xcf, 0xdf, 0xf3, 0x1b, 0xe0, 0x0, 0xff, 0x90,
    0x33, 0xfe,

    /* U+D6F5 "훵" */
    0x18, 0x7f, 0xef, 0xfd, 0xbf, 0x34, 0x66, 0x30,
    0xff, 0xd8, 0xdf, 0x18, 0x63, 0xf8, 0x81, 0x90,
    0x31, 0xfc,

    /* U+D6FC "훼" */
    0x30, 0x26, 0x37, 0xf6, 0xbc, 0xdc, 0xdb, 0x9b,
    0x5e, 0x68, 0xd, 0xfd, 0xa6, 0x34, 0xfe, 0x98,
    0xd3, 0x1a,

    /* U+D6FD "훽" */
    0x31, 0x7f, 0x5f, 0xd5, 0xe5, 0x8d, 0x5e, 0x53,
    0xd7, 0xc5, 0x37, 0x40, 0x7, 0xfc, 0x1, 0x0,
    0x40,

    /* U+D700 "휀" */
    0x31, 0x5f, 0xab, 0xf5, 0x3c, 0xac, 0xd4, 0xf2,
    0x9f, 0x57, 0x8a, 0x37, 0x40, 0x28, 0x80, 0x10,
    0x3, 0xfe,

    /* U+D704 "휄" */
    0x31, 0x5f, 0xa8, 0xc5, 0x66, 0xa7, 0x94, 0xfa,
    0xbc, 0x51, 0xba, 0x3f, 0xc0, 0x8, 0xff, 0x10,
    0x3, 0xfe,

    /* U+D711 "휑" */
    0x30, 0x4c, 0x5f, 0xd5, 0xe5, 0xcd, 0x4c, 0x5f,
    0xd4, 0xdd, 0x31, 0x47, 0xe2, 0x4, 0x81, 0x1f,
    0x80,

    /* U+D718 "휘" */
    0x18, 0x7f, 0xef, 0xfd, 0x9e, 0x34, 0x66, 0x8c,
    0xdf, 0x98, 0x3, 0xff, 0x63, 0xc, 0x61, 0x8c,
    0x31, 0x86,

    /* U+D719 "휙" */
    0x8, 0x2f, 0xe5, 0xfc, 0x8f, 0x12, 0x22, 0x7c,
    0x40, 0xb, 0xfd, 0x8, 0x1, 0x0, 0x7f, 0x80,
    0x10, 0x2,

    /* U+D71C "휜" */
    0x8, 0x27, 0xf2, 0x0, 0x23, 0xe2, 0x22, 0x23,
    0x62, 0x8, 0x27, 0xfa, 0x8, 0x20, 0x82, 0x30,
    0x3, 0x0, 0x3f, 0xf0,

    /* U+D720 "휠" */
    0x10, 0x5f, 0xcb, 0xf9, 0x3e, 0x24, 0x44, 0x20,
    0xbf, 0xd0, 0x80, 0x7f, 0xc0, 0x9, 0xff, 0x30,
    0x7, 0xfe,

    /* U+D728 "휨" */
    0x8, 0x2f, 0xe5, 0xfc, 0x9f, 0x12, 0x22, 0x7c,
    0x5f, 0xeb, 0xc1, 0x8, 0x7, 0xfc, 0xc0, 0x98,
    0x13, 0xfe,

    /* U+D729 "휩" */
    0x8, 0x2f, 0xe5, 0xfc, 0x9f, 0x12, 0x22, 0x7c,
    0x40, 0xb, 0xfd, 0x8, 0x6, 0x4, 0xff, 0x98,
    0x13, 0xfe,

    /* U+D72B "휫" */
    0x8, 0x27, 0xf2, 0x7f, 0x23, 0xe2, 0x22, 0x23,
    0xe2, 0x0, 0x27, 0xfa, 0x8, 0x20, 0x30, 0xd,
    0x83, 0x87,

    /* U+D72D "휭" */
    0x8, 0x2f, 0xe5, 0xfc, 0x9f, 0x12, 0x22, 0x7c,
    0x5f, 0xe8, 0x41, 0x8, 0x3, 0xf8, 0xc0, 0x98,
    0x10, 0xfc,

    /* U+D734 "휴" */
    0x6, 0x0, 0x60, 0x7f, 0xe0, 0x0, 0x1f, 0x82,
    0x4, 0x20, 0xc1, 0xf8, 0x0, 0xf, 0xff, 0x10,
    0x81, 0x8, 0x10, 0x80,

    /* U+D735 "휵" */
    0x2, 0x7, 0xfe, 0x7f, 0xe1, 0xf8, 0x30, 0x41,
    0xdc, 0x2, 0xf, 0xff, 0x8, 0x80, 0x88, 0x3f,
    0xc0, 0x4, 0x0, 0x40,

    /* U+D738 "휸" */
    0x6, 0x7, 0xfe, 0x7f, 0xe1, 0xf8, 0x30, 0x43,
    0x4, 0x1f, 0x80, 0x0, 0xff, 0xf0, 0xc8, 0x2c,
    0x82, 0x0, 0x3f, 0xe0,

    /* U+D73C "휼" */
    0x6, 0x7, 0xfe, 0x7f, 0xe1, 0xfc, 0x20, 0x61,
    0xfc, 0x0, 0xf, 0xff, 0x18, 0x82, 0x76, 0x7f,
    0xe6, 0x0, 0x7f, 0xe0,

    /* U+D744 "흄" */
    0x6, 0x7, 0xfe, 0x7f, 0xe1, 0xf8, 0x30, 0xc3,
    0xc, 0x1f, 0x8f, 0xff, 0x19, 0x87, 0xfe, 0x60,
    0x66, 0x6, 0x7f, 0xe0,

    /* U+D747 "흇" */
    0x6, 0x7, 0xfe, 0x7f, 0xe1, 0xf8, 0x20, 0x43,
    0xfc, 0x0, 0xf, 0xff, 0x10, 0x81, 0x68, 0xf,
    0x7, 0x9e, 0x60, 0x20,

    /* U+D749 "흉" */
    0x6, 0x7, 0xfe, 0x7f, 0xe1, 0xf8, 0x30, 0xc3,
    0xc, 0x1f, 0x8f, 0xff, 0x10, 0x81, 0xf8, 0x60,
    0x46, 0x4, 0x1f, 0x80,

    /* U+D750 "흐" */
    0x6, 0x7, 0xfe, 0x0, 0x1, 0xf8, 0x30, 0xc2,
    0x4, 0x30, 0xc1, 0xf8, 0x0, 0x0, 0x0, 0xff,
    0xf0,

    /* U+D751 "흑" */
    0x2, 0x7, 0xfe, 0x7f, 0xe1, 0xf8, 0x30, 0x43,
    0x4, 0x1f, 0x80, 0x0, 0xff, 0xf0, 0x0, 0x3f,
    0xc0, 0x4, 0x0, 0x40,

    /* U+D754 "흔" */
    0x6, 0x7, 0xfe, 0x7f, 0xe1, 0xf8, 0x30, 0x42,
    0x6, 0x1f, 0xc0, 0x0, 0xff, 0xf0, 0x0, 0x20,
    0x2, 0x0, 0x3f, 0xe0,

    /* U+D756 "흖" */
    0x6, 0x7, 0xfe, 0x0, 0x1, 0xfc, 0x20, 0x43,
    0xfc, 0x0, 0xf, 0xff, 0x1, 0x86, 0x7e, 0x63,
    0xc6, 0x24, 0x7b, 0xc0,

    /* U+D757 "흗" */
    0x6, 0x7, 0xfe, 0x7f, 0xe1, 0xf8, 0x30, 0x43,
    0x4, 0x1f, 0x80, 0x0, 0xff, 0xf7, 0xfe, 0x60,
    0x6, 0x0, 0x7f, 0xe0,

    /* U+D758 "흘" */
    0x6, 0x7, 0xfe, 0x7f, 0xe1, 0xfc, 0x20, 0x61,
    0xfc, 0x0, 0xf, 0xff, 0x0, 0x3, 0xfe, 0x7f,
    0xe6, 0x0, 0x7f, 0xe0,

    /* U+D759 "흙" */
    0x2, 0x7, 0xfe, 0x7f, 0xe1, 0xfc, 0x20, 0x43,
    0xfc, 0x0, 0xf, 0xff, 0x0, 0x3, 0xde, 0x7c,
    0x66, 0x6, 0x7e, 0x60,

    /* U+D760 "흠" */
    0x6, 0x7, 0xfe, 0x7f, 0xe1, 0xf8, 0x30, 0xc3,
    0xc, 0x1f, 0x80, 0x0, 0xff, 0xf7, 0xfe, 0x60,
    0x66, 0x6, 0x7f, 0xe0,

    /* U+D761 "흡" */
    0x6, 0x7, 0xfe, 0x7f, 0xe1, 0xf8, 0x20, 0x43,
    0xfc, 0x0, 0xf, 0xff, 0x0, 0x6, 0x6, 0x7f,
    0xe6, 0x6, 0x7f, 0xe0,

    /* U+D763 "흣" */
    0x6, 0x7, 0xfe, 0x7f, 0xe1, 0xf8, 0x20, 0x43,
    0xfc, 0x0, 0xf, 0xff, 0x0, 0x0, 0x60, 0xf,
    0x7, 0x9e, 0x40, 0x20,

    /* U+D765 "흥" */
    0x6, 0x7, 0xfe, 0x7f, 0xe1, 0xf8, 0x30, 0xc2,
    0xc, 0x1f, 0x80, 0x0, 0xff, 0xf1, 0xf8, 0x60,
    0x46, 0x4, 0x1f, 0x80,

    /* U+D769 "흩" */
    0x6, 0x7, 0xfe, 0x7f, 0xe1, 0xfc, 0x20, 0x63,
    0xfc, 0x0, 0xf, 0xff, 0x0, 0x7, 0xfe, 0x7f,
    0xe6, 0x0, 0x7f, 0xe0,

    /* U+D76C "희" */
    0x18, 0x46, 0x1f, 0xf4, 0x1, 0x3c, 0x59, 0x94,
    0x25, 0x99, 0x3c, 0x40, 0x1f, 0xf4, 0x1, 0x0,
    0x40,

    /* U+D770 "흰" */
    0x10, 0x5f, 0xc8, 0x1, 0x3c, 0x24, 0x44, 0x88,
    0x9f, 0x10, 0x2, 0xff, 0x40, 0x9, 0x80, 0x30,
    0x7, 0xfe,

    /* U+D774 "흴" */
    0x10, 0x5f, 0xcb, 0xf9, 0x3e, 0x24, 0x44, 0xd8,
    0x84, 0x17, 0xf8, 0x7f, 0xc0, 0x9, 0xff, 0x30,
    0x7, 0xfe,

    /* U+D77C "흼" */
    0x10, 0x7f, 0x9f, 0xe5, 0xf1, 0x44, 0x51, 0x17,
    0xc7, 0xfd, 0x0, 0x1f, 0xf6, 0x5, 0x81, 0x7f,
    0xc0,

    /* U+D77D "흽" */
    0x10, 0x7f, 0x9f, 0xe5, 0xf1, 0x44, 0x5b, 0x11,
    0x7, 0xfd, 0x0, 0x18, 0x17, 0xfd, 0x81, 0x7f,
    0xc0,

    /* U+D781 "힁" */
    0x10, 0x7f, 0x9f, 0xe5, 0xf1, 0x44, 0x51, 0x17,
    0xc7, 0xfd, 0x0, 0x7, 0xe2, 0x4, 0x81, 0x1f,
    0x80,

    /* U+D788 "히" */
    0x18, 0x63, 0xf, 0xfd, 0x80, 0x30, 0x6, 0x78,
    0xd9, 0x9a, 0x13, 0x66, 0x67, 0x8c, 0x1, 0x80,
    0x30, 0x6,

    /* U+D789 "힉" */
    0x18, 0x7f, 0xec, 0x1, 0x9e, 0x34, 0x66, 0x84,
    0xd1, 0x99, 0xe3, 0x0, 0x7, 0xfc, 0x1, 0x80,
    0x30, 0x6,

    /* U+D78C "힌" */
    0x18, 0x43, 0xb, 0xfd, 0x0, 0x23, 0xc4, 0x84,
    0x90, 0x91, 0xe2, 0x0, 0x46, 0x0, 0xc0, 0x18,
    0x3, 0xfe,

    /* U+D790 "힐" */
    0x18, 0x5f, 0xe8, 0x1, 0x1e, 0x24, 0x24, 0xcc,
    0x8f, 0x10, 0x0, 0x3f, 0xc0, 0x8, 0xff, 0x18,
    0x3, 0xfe,

    /* U+D798 "힘" */
    0x18, 0x7f, 0xec, 0x1, 0x9e, 0x36, 0x66, 0x84,
    0xd9, 0x99, 0xe0, 0x0, 0x7, 0xfc, 0xc1, 0x98,
    0x33, 0xfe,

    /* U+D799 "힙" */
    0x18, 0x7f, 0xec, 0x1, 0x9e, 0x36, 0x66, 0x84,
    0xd9, 0x99, 0xe0, 0x0, 0x6, 0xc, 0xff, 0x98,
    0x33, 0xfe,

    /* U+D79B "힛" */
    0x18, 0x7f, 0xec, 0x1, 0x9e, 0x36, 0x66, 0x84,
    0xd9, 0x99, 0xe3, 0x2, 0x60, 0x60, 0x1c, 0x1c,
    0xf2, 0x2,

    /* U+D79D "힝" */
    0x18, 0x7f, 0xec, 0x1, 0x9e, 0x36, 0x66, 0x84,
    0xd9, 0x99, 0xe3, 0x0, 0x3, 0xf0, 0xc1, 0x98,
    0x31, 0xf8
};


/*---------------------
 *  GLYPH DESCRIPTION
 *--------------------*/

static const lv_font_fmt_txt_glyph_dsc_t glyph_dsc[] = {
    {.bitmap_index = 0, .adv_w = 0, .box_w = 0, .box_h = 0, .ofs_x = 0, .ofs_y = 0} /* id = 0 reserved */,
    {.bitmap_index = 0, .adv_w = 224, .box_w = 4, .box_h = 4, .ofs_x = 1, .ofs_y = -1},
    {.bitmap_index = 2, .adv_w = 224, .box_w = 5, .box_h = 5, .ofs_x = 0, .ofs_y = -1},
    {.bitmap_index = 6, .adv_w = 224, .box_w = 5, .box_h = 13, .ofs_x = 8, .ofs_y = -1},
    {.bitmap_index = 15, .adv_w = 224, .box_w = 5, .box_h = 13, .ofs_x = 1, .ofs_y = -1},
    {.bitmap_index = 24, .adv_w = 224, .box_w = 7, .box_h = 13, .ofs_x = 7, .ofs_y = -1},
    {.bitmap_index = 36, .adv_w = 224, .box_w = 7, .box_h = 13, .ofs_x = 0, .ofs_y = -1},
    {.bitmap_index = 48, .adv_w = 224, .box_w = 4, .box_h = 9, .ofs_x = 9, .ofs_y = 3},
    {.bitmap_index = 53, .adv_w = 224, .box_w = 4, .box_h = 9, .ofs_x = 1, .ofs_y = -1},
    {.bitmap_index = 58, .adv_w = 224, .box_w = 6, .box_h = 10, .ofs_x = 8, .ofs_y = 2},
    {.bitmap_index = 66, .adv_w = 224, .box_w = 6, .box_h = 9, .ofs_x = 0, .ofs_y = -1},
    {.bitmap_index = 73, .adv_w = 206, .box_w = 8, .box_h = 7, .ofs_x = 2, .ofs_y = 2},
    {.bitmap_index = 80, .adv_w = 206, .box_w = 9, .box_h = 7, .ofs_x = 2, .ofs_y = 2},
    {.bitmap_index = 88, .adv_w = 206, .box_w = 10, .box_h = 7, .ofs_x = 2, .ofs_y = 2},
    {.bitmap_index = 97, .adv_w = 206, .box_w = 8, .box_h = 6, .ofs_x = 3, .ofs_y = 2},
    {.bitmap_index = 103, .adv_w = 206, .box_w = 9, .box_h = 7, .ofs_x = 2, .ofs_y = 2},
    {.bitmap_index = 111, .adv_w = 206, .box_w = 9, .box_h = 7, .ofs_x = 2, .ofs_y = 2},
    {.bitmap_index = 119, .adv_w = 206, .box_w = 8, .box_h = 7, .ofs_x = 3, .ofs_y = 2},
    {.bitmap_index = 126, .adv_w = 206, .box_w = 9, .box_h = 7, .ofs_x = 2, .ofs_y = 2},
    {.bitmap_index = 134, .adv_w = 206, .box_w = 8, .box_h = 7, .ofs_x = 3, .ofs_y = 2},
    {.bitmap_index = 141, .adv_w = 206, .box_w = 9, .box_h = 7, .ofs_x = 2, .ofs_y = 2},
    {.bitmap_index = 149, .adv_w = 206, .box_w = 9, .box_h = 7, .ofs_x = 2, .ofs_y = 2},
    {.bitmap_index = 157, .adv_w = 206, .box_w = 9, .box_h = 7, .ofs_x = 2, .ofs_y = 2},
    {.bitmap_index = 165, .adv_w = 206, .box_w = 9, .box_h = 7, .ofs_x = 2, .ofs_y = 2},
    {.bitmap_index = 173, .adv_w = 206, .box_w = 9, .box_h = 7, .ofs_x = 2, .ofs_y = 2},
    {.bitmap_index = 181, .adv_w = 206, .box_w = 9, .box_h = 7, .ofs_x = 2, .ofs_y = 2},
    {.bitmap_index = 189, .adv_w = 206, .box_w = 9, .box_h = 7, .ofs_x = 2, .ofs_y = 2},
    {.bitmap_index = 197, .adv_w = 206, .box_w = 8, .box_h = 7, .ofs_x = 3, .ofs_y = 2},
    {.bitmap_index = 204, .adv_w = 206, .box_w = 8, .box_h = 7, .ofs_x = 3, .ofs_y = 2},
    {.bitmap_index = 211, .adv_w = 206, .box_w = 9, .box_h = 7, .ofs_x = 2, .ofs_y = 2},
    {.bitmap_index = 219, .adv_w = 206, .box_w = 9, .box_h = 7, .ofs_x = 2, .ofs_y = 2},
    {.bitmap_index = 227, .adv_w = 206, .box_w = 9, .box_h = 7, .ofs_x = 2, .ofs_y = 2},
    {.bitmap_index = 235, .adv_w = 206, .box_w = 10, .box_h = 7, .ofs_x = 2, .ofs_y = 2},
    {.bitmap_index = 244, .adv_w = 206, .box_w = 8, .box_h = 7, .ofs_x = 3, .ofs_y = 2},
    {.bitmap_index = 251, .adv_w = 206, .box_w = 8, .box_h = 7, .ofs_x = 3, .ofs_y = 2},
    {.bitmap_index = 258, .adv_w = 206, .box_w = 12, .box_h = 7, .ofs_x = 0, .ofs_y = 2},
    {.bitmap_index = 269, .adv_w = 206, .box_w = 8, .box_h = 8, .ofs_x = 2, .ofs_y = 2},
    {.bitmap_index = 277, .adv_w = 206, .box_w = 8, .box_h = 7, .ofs_x = 2, .ofs_y = 2},
    {.bitmap_index = 284, .adv_w = 206, .box_w = 8, .box_h = 7, .ofs_x = 3, .ofs_y = 2},
    {.bitmap_index = 291, .adv_w = 206, .box_w = 9, .box_h = 7, .ofs_x = 2, .ofs_y = 2},
    {.bitmap_index = 299, .adv_w = 206, .box_w = 8, .box_h = 9, .ofs_x = 2, .ofs_y = 1},
    {.bitmap_index = 308, .adv_w = 206, .box_w = 4, .box_h = 12, .ofs_x = 6, .ofs_y = -1},
    {.bitmap_index = 314, .adv_w = 206, .box_w = 4, .box_h = 12, .ofs_x = 4, .ofs_y = -1},
    {.bitmap_index = 320, .adv_w = 206, .box_w = 4, .box_h = 12, .ofs_x = 5, .ofs_y = -1},
    {.bitmap_index = 326, .adv_w = 206, .box_w = 4, .box_h = 12, .ofs_x = 4, .ofs_y = -1},
    {.bitmap_index = 332, .adv_w = 206, .box_w = 4, .box_h = 12, .ofs_x = 4, .ofs_y = -1},
    {.bitmap_index = 338, .adv_w = 206, .box_w = 6, .box_h = 12, .ofs_x = 4, .ofs_y = -1},
    {.bitmap_index = 347, .adv_w = 206, .box_w = 4, .box_h = 12, .ofs_x = 4, .ofs_y = -1},
    {.bitmap_index = 353, .adv_w = 206, .box_w = 6, .box_h = 12, .ofs_x = 4, .ofs_y = -1},
    {.bitmap_index = 362, .adv_w = 206, .box_w = 12, .box_h = 6, .ofs_x = 0, .ofs_y = 3},
    {.bitmap_index = 371, .adv_w = 206, .box_w = 11, .box_h = 12, .ofs_x = 1, .ofs_y = -1},
    {.bitmap_index = 388, .adv_w = 206, .box_w = 11, .box_h = 12, .ofs_x = 1, .ofs_y = -1},
    {.bitmap_index = 405, .adv_w = 206, .box_w = 9, .box_h = 12, .ofs_x = 2, .ofs_y = -1},
    {.bitmap_index = 419, .adv_w = 206, .box_w = 12, .box_h = 6, .ofs_x = 0, .ofs_y = 2},
    {.bitmap_index = 428, .adv_w = 206, .box_w = 12, .box_h = 6, .ofs_x = 0, .ofs_y = 1},
    {.bitmap_index = 437, .adv_w = 206, .box_w = 10, .box_h = 12, .ofs_x = 1, .ofs_y = -1},
    {.bitmap_index = 452, .adv_w = 206, .box_w = 11, .box_h = 12, .ofs_x = 1, .ofs_y = -1},
    {.bitmap_index = 469, .adv_w = 206, .box_w = 10, .box_h = 12, .ofs_x = 1, .ofs_y = -1},
    {.bitmap_index = 484, .adv_w = 206, .box_w = 12, .box_h = 6, .ofs_x = 0, .ofs_y = 1},
    {.bitmap_index = 493, .adv_w = 206, .box_w = 12, .box_h = 1, .ofs_x = 0, .ofs_y = 5},
    {.bitmap_index = 495, .adv_w = 206, .box_w = 10, .box_h = 12, .ofs_x = 1, .ofs_y = -1},
    {.bitmap_index = 510, .adv_w = 206, .box_w = 1, .box_h = 12, .ofs_x = 6, .ofs_y = -1},
    {.bitmap_index = 512, .adv_w = 206, .box_w = 1, .box_h = 1, .ofs_x = 0, .ofs_y = 0},
    {.bitmap_index = 513, .adv_w = 206, .box_w = 9, .box_h = 7, .ofs_x = 2, .ofs_y = 2},
    {.bitmap_index = 521, .adv_w = 206, .box_w = 9, .box_h = 7, .ofs_x = 2, .ofs_y = 2},
    {.bitmap_index = 529, .adv_w = 206, .box_w = 9, .box_h = 7, .ofs_x = 2, .ofs_y = 2},
    {.bitmap_index = 537, .adv_w = 206, .box_w = 9, .box_h = 7, .ofs_x = 2, .ofs_y = 2},
    {.bitmap_index = 545, .adv_w = 206, .box_w = 11, .box_h = 7, .ofs_x = 2, .ofs_y = 2},
    {.bitmap_index = 555, .adv_w = 206, .box_w = 9, .box_h = 7, .ofs_x = 2, .ofs_y = 2},
    {.bitmap_index = 563, .adv_w = 206, .box_w = 12, .box_h = 7, .ofs_x = 1, .ofs_y = 2},
    {.bitmap_index = 574, .adv_w = 206, .box_w = 9, .box_h = 8, .ofs_x = 2, .ofs_y = 2},
    {.bitmap_index = 583, .adv_w = 206, .box_w = 9, .box_h = 7, .ofs_x = 2, .ofs_y = 2},
    {.bitmap_index = 591, .adv_w = 206, .box_w = 9, .box_h = 7, .ofs_x = 2, .ofs_y = 2},
    {.bitmap_index = 599, .adv_w = 206, .box_w = 9, .box_h = 7, .ofs_x = 2, .ofs_y = 2},
    {.bitmap_index = 607, .adv_w = 206, .box_w = 9, .box_h = 8, .ofs_x = 2, .ofs_y = 2},
    {.bitmap_index = 616, .adv_w = 206, .box_w = 6, .box_h = 9, .ofs_x = 3, .ofs_y = 1},
    {.bitmap_index = 623, .adv_w = 206, .box_w = 9, .box_h = 7, .ofs_x = 2, .ofs_y = 2},
    {.bitmap_index = 631, .adv_w = 206, .box_w = 9, .box_h = 7, .ofs_x = 2, .ofs_y = 2},
    {.bitmap_index = 639, .adv_w = 206, .box_w = 10, .box_h = 7, .ofs_x = 1, .ofs_y = 2},
    {.bitmap_index = 648, .adv_w = 206, .box_w = 11, .box_h = 7, .ofs_x = 1, .ofs_y = 2},
    {.bitmap_index = 658, .adv_w = 206, .box_w = 10, .box_h = 7, .ofs_x = 2, .ofs_y = 2},
    {.bitmap_index = 667, .adv_w = 206, .box_w = 9, .box_h = 7, .ofs_x = 2, .ofs_y = 2},
    {.bitmap_index = 675, .adv_w = 206, .box_w = 6, .box_h = 9, .ofs_x = 3, .ofs_y = 1},
    {.bitmap_index = 682, .adv_w = 206, .box_w = 8, .box_h = 9, .ofs_x = 3, .ofs_y = 1},
    {.bitmap_index = 691, .adv_w = 206, .box_w = 9, .box_h = 7, .ofs_x = 2, .ofs_y = 2},
    {.bitmap_index = 699, .adv_w = 206, .box_w = 9, .box_h = 7, .ofs_x = 2, .ofs_y = 2},
    {.bitmap_index = 707, .adv_w = 206, .box_w = 9, .box_h = 7, .ofs_x = 2, .ofs_y = 2},
    {.bitmap_index = 715, .adv_w = 206, .box_w = 9, .box_h = 7, .ofs_x = 2, .ofs_y = 2},
    {.bitmap_index = 723, .adv_w = 206, .box_w = 10, .box_h = 7, .ofs_x = 2, .ofs_y = 2},
    {.bitmap_index = 732, .adv_w = 206, .box_w = 7, .box_h = 8, .ofs_x = 3, .ofs_y = 2},
    {.bitmap_index = 739, .adv_w = 206, .box_w = 10, .box_h = 7, .ofs_x = 2, .ofs_y = 2},
    {.bitmap_index = 748, .adv_w = 206, .box_w = 7, .box_h = 9, .ofs_x = 3, .ofs_y = 1},
    {.bitmap_index = 756, .adv_w = 206, .box_w = 9, .box_h = 7, .ofs_x = 2, .ofs_y = 2},
    {.bitmap_index = 764, .adv_w = 206, .box_w = 9, .box_h = 7, .ofs_x = 2, .ofs_y = 2},
    {.bitmap_index = 772, .adv_w = 206, .box_w = 8, .box_h = 9, .ofs_x = 2, .ofs_y = 1},
    {.bitmap_index = 781, .adv_w = 206, .box_w = 9, .box_h = 7, .ofs_x = 2, .ofs_y = 2},
    {.bitmap_index = 789, .adv_w = 206, .box_w = 7, .box_h = 8, .ofs_x = 3, .ofs_y = 1},
    {.bitmap_index = 796, .adv_w = 206, .box_w = 12, .box_h = 13, .ofs_x = 1, .ofs_y = -1},
    {.bitmap_index = 816, .adv_w = 206, .box_w = 10, .box_h = 13, .ofs_x = 1, .ofs_y = -1},
    {.bitmap_index = 833, .adv_w = 206, .box_w = 10, .box_h = 12, .ofs_x = 1, .ofs_y = -1},
    {.bitmap_index = 848, .adv_w = 206, .box_w = 11, .box_h = 12, .ofs_x = 1, .ofs_y = -1},
    {.bitmap_index = 865, .adv_w = 206, .box_w = 10, .box_h = 12, .ofs_x = 1, .ofs_y = -1},
    {.bitmap_index = 880, .adv_w = 206, .box_w = 10, .box_h = 12, .ofs_x = 1, .ofs_y = -1},
    {.bitmap_index = 895, .adv_w = 206, .box_w = 2, .box_h = 2, .ofs_x = 6, .ofs_y = 4},
    {.bitmap_index = 896, .adv_w = 206, .box_w = 5, .box_h = 13, .ofs_x = 4, .ofs_y = -1},
    {.bitmap_index = 905, .adv_w = 206, .box_w = 12, .box_h = 13, .ofs_x = 0, .ofs_y = -1},
    {.bitmap_index = 925, .adv_w = 206, .box_w = 12, .box_h = 13, .ofs_x = 0, .ofs_y = -1},
    {.bitmap_index = 945, .adv_w = 206, .box_w = 12, .box_h = 13, .ofs_x = 0, .ofs_y = -1},
    {.bitmap_index = 965, .adv_w = 206, .box_w = 12, .box_h = 13, .ofs_x = 0, .ofs_y = -1},
    {.bitmap_index = 985, .adv_w = 206, .box_w = 12, .box_h = 13, .ofs_x = 0, .ofs_y = -1},
    {.bitmap_index = 1005, .adv_w = 206, .box_w = 12, .box_h = 13, .ofs_x = 0, .ofs_y = -1},
    {.bitmap_index = 1025, .adv_w = 206, .box_w = 12, .box_h = 13, .ofs_x = 0, .ofs_y = -1},
    {.bitmap_index = 1045, .adv_w = 206, .box_w = 12, .box_h = 13, .ofs_x = 0, .ofs_y = -1},
    {.bitmap_index = 1065, .adv_w = 206, .box_w = 12, .box_h = 13, .ofs_x = 0, .ofs_y = -1},
    {.bitmap_index = 1085, .adv_w = 206, .box_w = 12, .box_h = 13, .ofs_x = 0, .ofs_y = -1},
    {.bitmap_index = 1105, .adv_w = 206, .box_w = 12, .box_h = 12, .ofs_x = 0, .ofs_y = 0},
    {.bitmap_index = 1123, .adv_w = 206, .box_w = 12, .box_h = 13, .ofs_x = 0, .ofs_y = -1},
    {.bitmap_index = 1143, .adv_w = 206, .box_w = 12, .box_h = 13, .ofs_x = 0, .ofs_y = -1},
    {.bitmap_index = 1163, .adv_w = 206, .box_w = 12, .box_h = 13, .ofs_x = 0, .ofs_y = -1},
    {.bitmap_index = 1183, .adv_w = 206, .box_w = 12, .box_h = 13, .ofs_x = 0, .ofs_y = -1},
    {.bitmap_index = 1203, .adv_w = 206, .box_w = 12, .box_h = 13, .ofs_x = 0, .ofs_y = -1},
    {.bitmap_index = 1223, .adv_w = 206, .box_w = 12, .box_h = 13, .ofs_x = 0, .ofs_y = -1},
    {.bitmap_index = 1243, .adv_w = 206, .box_w = 12, .box_h = 13, .ofs_x = 0, .ofs_y = -1},
    {.bitmap_index = 1263, .adv_w = 206, .box_w = 11, .box_h = 13, .ofs_x = 0, .ofs_y = -1},
    {.bitmap_index = 1281, .adv_w = 206, .box_w = 11, .box_h = 13, .ofs_x = 0, .ofs_y = -1},
    {.bitmap_index = 1299, .adv_w = 206, .box_w = 11, .box_h = 13, .ofs_x = 0, .ofs_y = -1},
    {.bitmap_index = 1317, .adv_w = 206, .box_w = 11, .box_h = 13, .ofs_x = 0, .ofs_y = -1},
    {.bitmap_index = 1335, .adv_w = 206, .box_w = 11, .box_h = 13, .ofs_x = 0, .ofs_y = -1},
    {.bitmap_index = 1353, .adv_w = 206, .box_w = 11, .box_h = 13, .ofs_x = 0, .ofs_y = -1},
    {.bitmap_index = 1371, .adv_w = 206, .box_w = 12, .box_h = 12, .ofs_x = 0, .ofs_y = 0},
    {.bitmap_index = 1389, .adv_w = 206, .box_w = 12, .box_h = 13, .ofs_x = 0, .ofs_y = -1},
    {.bitmap_index = 1409, .adv_w = 206, .box_w = 11, .box_h = 13, .ofs_x = 0, .ofs_y = -1},
    {.bitmap_index = 1427, .adv_w = 206, .box_w = 12, .box_h = 13, .ofs_x = 0, .ofs_y = -1},
    {.bitmap_index = 1447, .adv_w = 206, .box_w = 12, .box_h = 13, .ofs_x = 0, .ofs_y = -1},
    {.bitmap_index = 1467, .adv_w = 206, .box_w = 12, .box_h = 13, .ofs_x = 0, .ofs_y = -1},
    {.bitmap_index = 1487, .adv_w = 206, .box_w = 12, .box_h = 13, .ofs_x = 0, .ofs_y = -1},
    {.bitmap_index = 1507, .adv_w = 206, .box_w = 12, .box_h = 12, .ofs_x = 0, .ofs_y = 0},
    {.bitmap_index = 1525, .adv_w = 206, .box_w = 12, .box_h = 13, .ofs_x = 0, .ofs_y = -1},
    {.bitmap_index = 1545, .adv_w = 206, .box_w = 11, .box_h = 13, .ofs_x = 0, .ofs_y = -1},
    {.bitmap_index = 1563, .adv_w = 206, .box_w = 11, .box_h = 13, .ofs_x = 0, .ofs_y = -1},
    {.bitmap_index = 1581, .adv_w = 206, .box_w = 11, .box_h = 13, .ofs_x = 0, .ofs_y = -1},
    {.bitmap_index = 1599, .adv_w = 206, .box_w = 10, .box_h = 13, .ofs_x = 1, .ofs_y = -1},
    {.bitmap_index = 1616, .adv_w = 206, .box_w = 11, .box_h = 13, .ofs_x = 0, .ofs_y = -1},
    {.bitmap_index = 1634, .adv_w = 206, .box_w = 10, .box_h = 13, .ofs_x = 1, .ofs_y = -1},
    {.bitmap_index = 1651, .adv_w = 206, .box_w = 11, .box_h = 13, .ofs_x = 0, .ofs_y = -1},
    {.bitmap_index = 1669, .adv_w = 206, .box_w = 11, .box_h = 13, .ofs_x = 0, .ofs_y = -1},
    {.bitmap_index = 1687, .adv_w = 206, .box_w = 11, .box_h = 13, .ofs_x = 0, .ofs_y = -1},
    {.bitmap_index = 1705, .adv_w = 206, .box_w = 11, .box_h = 13, .ofs_x = 0, .ofs_y = -1},
    {.bitmap_index = 1723, .adv_w = 206, .box_w = 11, .box_h = 13, .ofs_x = 0, .ofs_y = -1},
    {.bitmap_index = 1741, .adv_w = 206, .box_w = 12, .box_h = 12, .ofs_x = 0, .ofs_y = 0},
    {.bitmap_index = 1759, .adv_w = 206, .box_w = 11, .box_h = 13, .ofs_x = 0, .ofs_y = -1},
    {.bitmap_index = 1777, .adv_w = 206, .box_w = 11, .box_h = 13, .ofs_x = 0, .ofs_y = -1},
    {.bitmap_index = 1795, .adv_w = 206, .box_w = 10, .box_h = 13, .ofs_x = 1, .ofs_y = -1},
    {.bitmap_index = 1812, .adv_w = 206, .box_w = 11, .box_h = 13, .ofs_x = 0, .ofs_y = -1},
    {.bitmap_index = 1830, .adv_w = 206, .box_w = 11, .box_h = 13, .ofs_x = 0, .ofs_y = -1},
    {.bitmap_index = 1848, .adv_w = 206, .box_w = 12, .box_h = 13, .ofs_x = 0, .ofs_y = -1},
    {.bitmap_index = 1868, .adv_w = 206, .box_w = 11, .box_h = 13, .ofs_x = 0, .ofs_y = -1},
    {.bitmap_index = 1886, .adv_w = 206, .box_w = 11, .box_h = 13, .ofs_x = 0, .ofs_y = -1},
    {.bitmap_index = 1904, .adv_w = 206, .box_w = 11, .box_h = 13, .ofs_x = 0, .ofs_y = -1},
    {.bitmap_index = 1922, .adv_w = 206, .box_w = 11, .box_h = 13, .ofs_x = 0, .ofs_y = -1},
    {.bitmap_index = 1940, .adv_w = 206, .box_w = 11, .box_h = 13, .ofs_x = 0, .ofs_y = -1},
    {.bitmap_index = 1958, .adv_w = 206, .box_w = 12, .box_h = 12, .ofs_x = 0, .ofs_y = 0},
    {.bitmap_index = 1976, .adv_w = 206, .box_w = 12, .box_h = 13, .ofs_x = 0, .ofs_y = -1},
    {.bitmap_index = 1996, .adv_w = 206, .box_w = 11, .box_h = 13, .ofs_x = 0, .ofs_y = -1},
    {.bitmap_index = 2014, .adv_w = 206, .box_w = 11, .box_h = 13, .ofs_x = 0, .ofs_y = -1},
    {.bitmap_index = 2032, .adv_w = 206, .box_w = 11, .box_h = 13, .ofs_x = 0, .ofs_y = -1},
    {.bitmap_index = 2050, .adv_w = 206, .box_w = 11, .box_h = 13, .ofs_x = 0, .ofs_y = -1},
    {.bitmap_index = 2068, .adv_w = 206, .box_w = 10, .box_h = 13, .ofs_x = 1, .ofs_y = -1},
    {.bitmap_index = 2085, .adv_w = 206, .box_w = 11, .box_h = 13, .ofs_x = 0, .ofs_y = -1},
    {.bitmap_index = 2103, .adv_w = 206, .box_w = 11, .box_h = 13, .ofs_x = 0, .ofs_y = -1},
    {.bitmap_index = 2121, .adv_w = 206, .box_w = 11, .box_h = 13, .ofs_x = 0, .ofs_y = -1},
    {.bitmap_index = 2139, .adv_w = 206, .box_w = 11, .box_h = 13, .ofs_x = 0, .ofs_y = -1},
    {.bitmap_index = 2157, .adv_w = 206, .box_w = 12, .box_h = 12, .ofs_x = 0, .ofs_y = 0},
    {.bitmap_index = 2175, .adv_w = 206, .box_w = 11, .box_h = 13, .ofs_x = 0, .ofs_y = -1},
    {.bitmap_index = 2193, .adv_w = 206, .box_w = 10, .box_h = 13, .ofs_x = 1, .ofs_y = -1},
    {.bitmap_index = 2210, .adv_w = 206, .box_w = 11, .box_h = 13, .ofs_x = 0, .ofs_y = -1},
    {.bitmap_index = 2228, .adv_w = 206, .box_w = 11, .box_h = 13, .ofs_x = 0, .ofs_y = -1},
    {.bitmap_index = 2246, .adv_w = 206, .box_w = 10, .box_h = 13, .ofs_x = 1, .ofs_y = -1},
    {.bitmap_index = 2263, .adv_w = 206, .box_w = 11, .box_h = 13, .ofs_x = 1, .ofs_y = -1},
    {.bitmap_index = 2281, .adv_w = 206, .box_w = 11, .box_h = 13, .ofs_x = 0, .ofs_y = -1},
    {.bitmap_index = 2299, .adv_w = 206, .box_w = 12, .box_h = 12, .ofs_x = 0, .ofs_y = 0},
    {.bitmap_index = 2317, .adv_w = 206, .box_w = 12, .box_h = 9, .ofs_x = 0, .ofs_y = 1},
    {.bitmap_index = 2331, .adv_w = 206, .box_w = 12, .box_h = 12, .ofs_x = 0, .ofs_y = -1},
    {.bitmap_index = 2349, .adv_w = 206, .box_w = 12, .box_h = 12, .ofs_x = 0, .ofs_y = -1},
    {.bitmap_index = 2367, .adv_w = 206, .box_w = 12, .box_h = 12, .ofs_x = 0, .ofs_y = -1},
    {.bitmap_index = 2385, .adv_w = 206, .box_w = 12, .box_h = 12, .ofs_x = 0, .ofs_y = -1},
    {.bitmap_index = 2403, .adv_w = 206, .box_w = 12, .box_h = 12, .ofs_x = 0, .ofs_y = -1},
    {.bitmap_index = 2421, .adv_w = 206, .box_w = 12, .box_h = 12, .ofs_x = 0, .ofs_y = -1},
    {.bitmap_index = 2439, .adv_w = 206, .box_w = 12, .box_h = 12, .ofs_x = 0, .ofs_y = -1},
    {.bitmap_index = 2457, .adv_w = 206, .box_w = 12, .box_h = 12, .ofs_x = 0, .ofs_y = -1},
    {.bitmap_index = 2475, .adv_w = 206, .box_w = 12, .box_h = 12, .ofs_x = 0, .ofs_y = -1},
    {.bitmap_index = 2493, .adv_w = 206, .box_w = 12, .box_h = 12, .ofs_x = 0, .ofs_y = -1},
    {.bitmap_index = 2511, .adv_w = 206, .box_w = 12, .box_h = 12, .ofs_x = 0, .ofs_y = -1},
    {.bitmap_index = 2529, .adv_w = 206, .box_w = 12, .box_h = 12, .ofs_x = 0, .ofs_y = -1},
    {.bitmap_index = 2547, .adv_w = 206, .box_w = 12, .box_h = 13, .ofs_x = 0, .ofs_y = -1},
    {.bitmap_index = 2567, .adv_w = 206, .box_w = 12, .box_h = 13, .ofs_x = 0, .ofs_y = -1},
    {.bitmap_index = 2587, .adv_w = 206, .box_w = 12, .box_h = 13, .ofs_x = 1, .ofs_y = -1},
    {.bitmap_index = 2607, .adv_w = 206, .box_w = 12, .box_h = 13, .ofs_x = 0, .ofs_y = -1},
    {.bitmap_index = 2627, .adv_w = 206, .box_w = 12, .box_h = 13, .ofs_x = 1, .ofs_y = -1},
    {.bitmap_index = 2647, .adv_w = 206, .box_w = 12, .box_h = 13, .ofs_x = 1, .ofs_y = -1},
    {.bitmap_index = 2667, .adv_w = 206, .box_w = 12, .box_h = 13, .ofs_x = 1, .ofs_y = -1},
    {.bitmap_index = 2687, .adv_w = 206, .box_w = 12, .box_h = 12, .ofs_x = 0, .ofs_y = 0},
    {.bitmap_index = 2705, .adv_w = 206, .box_w = 13, .box_h = 13, .ofs_x = 0, .ofs_y = -1},
    {.bitmap_index = 2727, .adv_w = 206, .box_w = 11, .box_h = 13, .ofs_x = 1, .ofs_y = -1},
    {.bitmap_index = 2745, .adv_w = 206, .box_w = 11, .box_h = 13, .ofs_x = 1, .ofs_y = -1},
    {.bitmap_index = 2763, .adv_w = 206, .box_w = 11, .box_h = 13, .ofs_x = 1, .ofs_y = -1},
    {.bitmap_index = 2781, .adv_w = 206, .box_w = 11, .box_h = 13, .ofs_x = 1, .ofs_y = -1},
    {.bitmap_index = 2799, .adv_w = 206, .box_w = 12, .box_h = 12, .ofs_x = 1, .ofs_y = 0},
    {.bitmap_index = 2817, .adv_w = 206, .box_w = 11, .box_h = 13, .ofs_x = 0, .ofs_y = -1},
    {.bitmap_index = 2835, .adv_w = 206, .box_w = 10, .box_h = 13, .ofs_x = 1, .ofs_y = -1},
    {.bitmap_index = 2852, .adv_w = 206, .box_w = 10, .box_h = 13, .ofs_x = 1, .ofs_y = -1},
    {.bitmap_index = 2869, .adv_w = 206, .box_w = 10, .box_h = 13, .ofs_x = 1, .ofs_y = -1},
    {.bitmap_index = 2886, .adv_w = 206, .box_w = 11, .box_h = 13, .ofs_x = 1, .ofs_y = -1},
    {.bitmap_index = 2904, .adv_w = 206, .box_w = 10, .box_h = 13, .ofs_x = 1, .ofs_y = -1},
    {.bitmap_index = 2921, .adv_w = 206, .box_w = 10, .box_h = 13, .ofs_x = 1, .ofs_y = -1},
    {.bitmap_index = 2938, .adv_w = 206, .box_w = 11, .box_h = 13, .ofs_x = 1, .ofs_y = -1},
    {.bitmap_index = 2956, .adv_w = 206, .box_w = 11, .box_h = 13, .ofs_x = 0, .ofs_y = -1},
    {.bitmap_index = 2974, .adv_w = 206, .box_w = 12, .box_h = 9, .ofs_x = 0, .ofs_y = 1},
    {.bitmap_index = 2988, .adv_w = 206, .box_w = 12, .box_h = 12, .ofs_x = 0, .ofs_y = -1},
    {.bitmap_index = 3006, .adv_w = 206, .box_w = 12, .box_h = 12, .ofs_x = 0, .ofs_y = -1},
    {.bitmap_index = 3024, .adv_w = 206, .box_w = 12, .box_h = 12, .ofs_x = 0, .ofs_y = -1},
    {.bitmap_index = 3042, .adv_w = 206, .box_w = 12, .box_h = 12, .ofs_x = 0, .ofs_y = -1},
    {.bitmap_index = 3060, .adv_w = 206, .box_w = 12, .box_h = 12, .ofs_x = 0, .ofs_y = -1},
    {.bitmap_index = 3078, .adv_w = 206, .box_w = 12, .box_h = 12, .ofs_x = 0, .ofs_y = -1},
    {.bitmap_index = 3096, .adv_w = 206, .box_w = 12, .box_h = 12, .ofs_x = 0, .ofs_y = -1},
    {.bitmap_index = 3114, .adv_w = 206, .box_w = 12, .box_h = 12, .ofs_x = 0, .ofs_y = -1},
    {.bitmap_index = 3132, .adv_w = 206, .box_w = 12, .box_h = 12, .ofs_x = 0, .ofs_y = -1},
    {.bitmap_index = 3150, .adv_w = 206, .box_w = 12, .box_h = 12, .ofs_x = 0, .ofs_y = -1},
    {.bitmap_index = 3168, .adv_w = 206, .box_w = 12, .box_h = 12, .ofs_x = 0, .ofs_y = -1},
    {.bitmap_index = 3186, .adv_w = 206, .box_w = 12, .box_h = 12, .ofs_x = 0, .ofs_y = -1},
    {.bitmap_index = 3204, .adv_w = 206, .box_w = 12, .box_h = 12, .ofs_x = 0, .ofs_y = -1},
    {.bitmap_index = 3222, .adv_w = 206, .box_w = 12, .box_h = 12, .ofs_x = 0, .ofs_y = -1},
    {.bitmap_index = 3240, .adv_w = 206, .box_w = 12, .box_h = 12, .ofs_x = 0, .ofs_y = -1},
    {.bitmap_index = 3258, .adv_w = 206, .box_w = 12, .box_h = 12, .ofs_x = 0, .ofs_y = -1},
    {.bitmap_index = 3276, .adv_w = 206, .box_w = 12, .box_h = 12, .ofs_x = 0, .ofs_y = -1},
    {.bitmap_index = 3294, .adv_w = 206, .box_w = 11, .box_h = 13, .ofs_x = 0, .ofs_y = -1},
    {.bitmap_index = 3312, .adv_w = 206, .box_w = 11, .box_h = 13, .ofs_x = 0, .ofs_y = -1},
    {.bitmap_index = 3330, .adv_w = 206, .box_w = 11, .box_h = 13, .ofs_x = 1, .ofs_y = -1},
    {.bitmap_index = 3348, .adv_w = 206, .box_w = 11, .box_h = 13, .ofs_x = 1, .ofs_y = -1},
    {.bitmap_index = 3366, .adv_w = 206, .box_w = 12, .box_h = 12, .ofs_x = 0, .ofs_y = 0},
    {.bitmap_index = 3384, .adv_w = 206, .box_w = 11, .box_h = 13, .ofs_x = 1, .ofs_y = -1},
    {.bitmap_index = 3402, .adv_w = 206, .box_w = 11, .box_h = 13, .ofs_x = 0, .ofs_y = -1},
    {.bitmap_index = 3420, .adv_w = 206, .box_w = 11, .box_h = 13, .ofs_x = 0, .ofs_y = -1},
    {.bitmap_index = 3438, .adv_w = 206, .box_w = 11, .box_h = 13, .ofs_x = 0, .ofs_y = -1},
    {.bitmap_index = 3456, .adv_w = 206, .box_w = 11, .box_h = 13, .ofs_x = 0, .ofs_y = -1},
    {.bitmap_index = 3474, .adv_w = 206, .box_w = 11, .box_h = 13, .ofs_x = 1, .ofs_y = -1},
    {.bitmap_index = 3492, .adv_w = 206, .box_w = 11, .box_h = 13, .ofs_x = 1, .ofs_y = -1},
    {.bitmap_index = 3510, .adv_w = 206, .box_w = 11, .box_h = 13, .ofs_x = 0, .ofs_y = -1},
    {.bitmap_index = 3528, .adv_w = 206, .box_w = 10, .box_h = 13, .ofs_x = 1, .ofs_y = -1},
    {.bitmap_index = 3545, .adv_w = 206, .box_w = 12, .box_h = 13, .ofs_x = 0, .ofs_y = -1},
    {.bitmap_index = 3565, .adv_w = 206, .box_w = 12, .box_h = 12, .ofs_x = 0, .ofs_y = -1},
    {.bitmap_index = 3583, .adv_w = 206, .box_w = 12, .box_h = 12, .ofs_x = 0, .ofs_y = -1},
    {.bitmap_index = 3601, .adv_w = 206, .box_w = 12, .box_h = 12, .ofs_x = 0, .ofs_y = -1},
    {.bitmap_index = 3619, .adv_w = 206, .box_w = 12, .box_h = 9, .ofs_x = 0, .ofs_y = 1},
    {.bitmap_index = 3633, .adv_w = 206, .box_w = 12, .box_h = 12, .ofs_x = 0, .ofs_y = -1},
    {.bitmap_index = 3651, .adv_w = 206, .box_w = 12, .box_h = 12, .ofs_x = 0, .ofs_y = -1},
    {.bitmap_index = 3669, .adv_w = 206, .box_w = 12, .box_h = 12, .ofs_x = 0, .ofs_y = -1},
    {.bitmap_index = 3687, .adv_w = 206, .box_w = 12, .box_h = 12, .ofs_x = 0, .ofs_y = -1},
    {.bitmap_index = 3705, .adv_w = 206, .box_w = 12, .box_h = 12, .ofs_x = 0, .ofs_y = -1},
    {.bitmap_index = 3723, .adv_w = 206, .box_w = 12, .box_h = 12, .ofs_x = 0, .ofs_y = -1},
    {.bitmap_index = 3741, .adv_w = 206, .box_w = 12, .box_h = 12, .ofs_x = 0, .ofs_y = -1},
    {.bitmap_index = 3759, .adv_w = 206, .box_w = 12, .box_h = 12, .ofs_x = 0, .ofs_y = -1},
    {.bitmap_index = 3777, .adv_w = 206, .box_w = 12, .box_h = 12, .ofs_x = 0, .ofs_y = -1},
    {.bitmap_index = 3795, .adv_w = 206, .box_w = 10, .box_h = 13, .ofs_x = 1, .ofs_y = -1},
    {.bitmap_index = 3812, .adv_w = 206, .box_w = 11, .box_h = 13, .ofs_x = 0, .ofs_y = -1},
    {.bitmap_index = 3830, .adv_w = 206, .box_w = 11, .box_h = 13, .ofs_x = 0, .ofs_y = -1},
    {.bitmap_index = 3848, .adv_w = 206, .box_w = 11, .box_h = 13, .ofs_x = 0, .ofs_y = -1},
    {.bitmap_index = 3866, .adv_w = 206, .box_w = 11, .box_h = 13, .ofs_x = 0, .ofs_y = -1},
    {.bitmap_index = 3884, .adv_w = 206, .box_w = 11, .box_h = 13, .ofs_x = 0, .ofs_y = -1},
    {.bitmap_index = 3902, .adv_w = 206, .box_w = 11, .box_h = 13, .ofs_x = 0, .ofs_y = -1},
    {.bitmap_index = 3920, .adv_w = 206, .box_w = 11, .box_h = 13, .ofs_x = 0, .ofs_y = -1},
    {.bitmap_index = 3938, .adv_w = 206, .box_w = 11, .box_h = 13, .ofs_x = 0, .ofs_y = -1},
    {.bitmap_index = 3956, .adv_w = 206, .box_w = 12, .box_h = 12, .ofs_x = 0, .ofs_y = 0},
    {.bitmap_index = 3974, .adv_w = 206, .box_w = 11, .box_h = 13, .ofs_x = 0, .ofs_y = -1},
    {.bitmap_index = 3992, .adv_w = 206, .box_w = 12, .box_h = 13, .ofs_x = 0, .ofs_y = -1},
    {.bitmap_index = 4012, .adv_w = 206, .box_w = 11, .box_h = 13, .ofs_x = 0, .ofs_y = -1},
    {.bitmap_index = 4030, .adv_w = 206, .box_w = 12, .box_h = 13, .ofs_x = 0, .ofs_y = -1},
    {.bitmap_index = 4050, .adv_w = 206, .box_w = 11, .box_h = 13, .ofs_x = 1, .ofs_y = -1},
    {.bitmap_index = 4068, .adv_w = 206, .box_w = 11, .box_h = 13, .ofs_x = 1, .ofs_y = -1},
    {.bitmap_index = 4086, .adv_w = 206, .box_w = 11, .box_h = 13, .ofs_x = 1, .ofs_y = -1},
    {.bitmap_index = 4104, .adv_w = 206, .box_w = 11, .box_h = 13, .ofs_x = 1, .ofs_y = -1},
    {.bitmap_index = 4122, .adv_w = 206, .box_w = 11, .box_h = 13, .ofs_x = 1, .ofs_y = -1},
    {.bitmap_index = 4140, .adv_w = 206, .box_w = 11, .box_h = 13, .ofs_x = 1, .ofs_y = -1},
    {.bitmap_index = 4158, .adv_w = 206, .box_w = 11, .box_h = 13, .ofs_x = 1, .ofs_y = -1},
    {.bitmap_index = 4176, .adv_w = 206, .box_w = 11, .box_h = 12, .ofs_x = 1, .ofs_y = 0},
    {.bitmap_index = 4193, .adv_w = 206, .box_w = 11, .box_h = 13, .ofs_x = 1, .ofs_y = -1},
    {.bitmap_index = 4211, .adv_w = 206, .box_w = 11, .box_h = 13, .ofs_x = 1, .ofs_y = -1},
    {.bitmap_index = 4229, .adv_w = 206, .box_w = 11, .box_h = 13, .ofs_x = 1, .ofs_y = -1},
    {.bitmap_index = 4247, .adv_w = 206, .box_w = 11, .box_h = 13, .ofs_x = 1, .ofs_y = -1},
    {.bitmap_index = 4265, .adv_w = 206, .box_w = 11, .box_h = 13, .ofs_x = 1, .ofs_y = -1},
    {.bitmap_index = 4283, .adv_w = 206, .box_w = 11, .box_h = 13, .ofs_x = 1, .ofs_y = -1},
    {.bitmap_index = 4301, .adv_w = 206, .box_w = 11, .box_h = 13, .ofs_x = 1, .ofs_y = -1},
    {.bitmap_index = 4319, .adv_w = 206, .box_w = 11, .box_h = 13, .ofs_x = 1, .ofs_y = -1},
    {.bitmap_index = 4337, .adv_w = 206, .box_w = 10, .box_h = 13, .ofs_x = 1, .ofs_y = -1},
    {.bitmap_index = 4354, .adv_w = 206, .box_w = 12, .box_h = 12, .ofs_x = 1, .ofs_y = 0},
    {.bitmap_index = 4372, .adv_w = 206, .box_w = 12, .box_h = 13, .ofs_x = 1, .ofs_y = -1},
    {.bitmap_index = 4392, .adv_w = 206, .box_w = 11, .box_h = 13, .ofs_x = 1, .ofs_y = -1},
    {.bitmap_index = 4410, .adv_w = 206, .box_w = 12, .box_h = 13, .ofs_x = 0, .ofs_y = -1},
    {.bitmap_index = 4430, .adv_w = 206, .box_w = 11, .box_h = 13, .ofs_x = 1, .ofs_y = -1},
    {.bitmap_index = 4448, .adv_w = 206, .box_w = 11, .box_h = 13, .ofs_x = 1, .ofs_y = -1},
    {.bitmap_index = 4466, .adv_w = 206, .box_w = 11, .box_h = 13, .ofs_x = 0, .ofs_y = -1},
    {.bitmap_index = 4484, .adv_w = 206, .box_w = 10, .box_h = 13, .ofs_x = 1, .ofs_y = -1},
    {.bitmap_index = 4501, .adv_w = 206, .box_w = 10, .box_h = 13, .ofs_x = 1, .ofs_y = -1},
    {.bitmap_index = 4518, .adv_w = 206, .box_w = 10, .box_h = 13, .ofs_x = 1, .ofs_y = -1},
    {.bitmap_index = 4535, .adv_w = 206, .box_w = 10, .box_h = 13, .ofs_x = 1, .ofs_y = -1},
    {.bitmap_index = 4552, .adv_w = 206, .box_w = 10, .box_h = 13, .ofs_x = 1, .ofs_y = -1},
    {.bitmap_index = 4569, .adv_w = 206, .box_w = 10, .box_h = 13, .ofs_x = 1, .ofs_y = -1},
    {.bitmap_index = 4586, .adv_w = 206, .box_w = 11, .box_h = 12, .ofs_x = 1, .ofs_y = 0},
    {.bitmap_index = 4603, .adv_w = 206, .box_w = 10, .box_h = 12, .ofs_x = 1, .ofs_y = 0},
    {.bitmap_index = 4618, .adv_w = 206, .box_w = 10, .box_h = 13, .ofs_x = 1, .ofs_y = -1},
    {.bitmap_index = 4635, .adv_w = 206, .box_w = 11, .box_h = 13, .ofs_x = 1, .ofs_y = -1},
    {.bitmap_index = 4653, .adv_w = 206, .box_w = 11, .box_h = 13, .ofs_x = 1, .ofs_y = -1},
    {.bitmap_index = 4671, .adv_w = 206, .box_w = 11, .box_h = 13, .ofs_x = 1, .ofs_y = -1},
    {.bitmap_index = 4689, .adv_w = 206, .box_w = 11, .box_h = 13, .ofs_x = 1, .ofs_y = -1},
    {.bitmap_index = 4707, .adv_w = 206, .box_w = 12, .box_h = 12, .ofs_x = 1, .ofs_y = 0},
    {.bitmap_index = 4725, .adv_w = 206, .box_w = 10, .box_h = 13, .ofs_x = 1, .ofs_y = -1},
    {.bitmap_index = 4742, .adv_w = 206, .box_w = 11, .box_h = 13, .ofs_x = 0, .ofs_y = -1},
    {.bitmap_index = 4760, .adv_w = 206, .box_w = 10, .box_h = 13, .ofs_x = 1, .ofs_y = -1},
    {.bitmap_index = 4777, .adv_w = 206, .box_w = 10, .box_h = 13, .ofs_x = 1, .ofs_y = -1},
    {.bitmap_index = 4794, .adv_w = 206, .box_w = 11, .box_h = 12, .ofs_x = 1, .ofs_y = 0},
    {.bitmap_index = 4811, .adv_w = 206, .box_w = 10, .box_h = 12, .ofs_x = 1, .ofs_y = 0},
    {.bitmap_index = 4826, .adv_w = 206, .box_w = 10, .box_h = 13, .ofs_x = 1, .ofs_y = -1},
    {.bitmap_index = 4843, .adv_w = 206, .box_w = 11, .box_h = 13, .ofs_x = 1, .ofs_y = -1},
    {.bitmap_index = 4861, .adv_w = 206, .box_w = 12, .box_h = 9, .ofs_x = 0, .ofs_y = 1},
    {.bitmap_index = 4875, .adv_w = 206, .box_w = 12, .box_h = 12, .ofs_x = 0, .ofs_y = -1},
    {.bitmap_index = 4893, .adv_w = 206, .box_w = 12, .box_h = 12, .ofs_x = 0, .ofs_y = -1},
    {.bitmap_index = 4911, .adv_w = 206, .box_w = 12, .box_h = 12, .ofs_x = 0, .ofs_y = -1},
    {.bitmap_index = 4929, .adv_w = 206, .box_w = 12, .box_h = 12, .ofs_x = 0, .ofs_y = -1},
    {.bitmap_index = 4947, .adv_w = 206, .box_w = 12, .box_h = 12, .ofs_x = 0, .ofs_y = -1},
    {.bitmap_index = 4965, .adv_w = 206, .box_w = 12, .box_h = 12, .ofs_x = 0, .ofs_y = -1},
    {.bitmap_index = 4983, .adv_w = 206, .box_w = 12, .box_h = 12, .ofs_x = 0, .ofs_y = -1},
    {.bitmap_index = 5001, .adv_w = 206, .box_w = 12, .box_h = 12, .ofs_x = 0, .ofs_y = -1},
    {.bitmap_index = 5019, .adv_w = 206, .box_w = 12, .box_h = 12, .ofs_x = 0, .ofs_y = -1},
    {.bitmap_index = 5037, .adv_w = 206, .box_w = 12, .box_h = 12, .ofs_x = 0, .ofs_y = -1},
    {.bitmap_index = 5055, .adv_w = 206, .box_w = 12, .box_h = 13, .ofs_x = 1, .ofs_y = -1},
    {.bitmap_index = 5075, .adv_w = 206, .box_w = 12, .box_h = 13, .ofs_x = 1, .ofs_y = -1},
    {.bitmap_index = 5095, .adv_w = 206, .box_w = 11, .box_h = 13, .ofs_x = 1, .ofs_y = -1},
    {.bitmap_index = 5113, .adv_w = 206, .box_w = 12, .box_h = 12, .ofs_x = 1, .ofs_y = 0},
    {.bitmap_index = 5131, .adv_w = 206, .box_w = 11, .box_h = 13, .ofs_x = 1, .ofs_y = -1},
    {.bitmap_index = 5149, .adv_w = 206, .box_w = 11, .box_h = 13, .ofs_x = 0, .ofs_y = -1},
    {.bitmap_index = 5167, .adv_w = 206, .box_w = 11, .box_h = 13, .ofs_x = 0, .ofs_y = -1},
    {.bitmap_index = 5185, .adv_w = 206, .box_w = 12, .box_h = 13, .ofs_x = 0, .ofs_y = -1},
    {.bitmap_index = 5205, .adv_w = 206, .box_w = 10, .box_h = 13, .ofs_x = 1, .ofs_y = -1},
    {.bitmap_index = 5222, .adv_w = 206, .box_w = 10, .box_h = 13, .ofs_x = 1, .ofs_y = -1},
    {.bitmap_index = 5239, .adv_w = 206, .box_w = 11, .box_h = 13, .ofs_x = 1, .ofs_y = -1},
    {.bitmap_index = 5257, .adv_w = 206, .box_w = 10, .box_h = 13, .ofs_x = 1, .ofs_y = -1},
    {.bitmap_index = 5274, .adv_w = 206, .box_w = 10, .box_h = 13, .ofs_x = 1, .ofs_y = -1},
    {.bitmap_index = 5291, .adv_w = 206, .box_w = 10, .box_h = 13, .ofs_x = 1, .ofs_y = -1},
    {.bitmap_index = 5308, .adv_w = 206, .box_w = 12, .box_h = 9, .ofs_x = 0, .ofs_y = 1},
    {.bitmap_index = 5322, .adv_w = 206, .box_w = 12, .box_h = 12, .ofs_x = 0, .ofs_y = -1},
    {.bitmap_index = 5340, .adv_w = 206, .box_w = 12, .box_h = 12, .ofs_x = 0, .ofs_y = -1},
    {.bitmap_index = 5358, .adv_w = 206, .box_w = 12, .box_h = 12, .ofs_x = 0, .ofs_y = -1},
    {.bitmap_index = 5376, .adv_w = 206, .box_w = 12, .box_h = 12, .ofs_x = 0, .ofs_y = -1},
    {.bitmap_index = 5394, .adv_w = 206, .box_w = 12, .box_h = 12, .ofs_x = 0, .ofs_y = -1},
    {.bitmap_index = 5412, .adv_w = 206, .box_w = 12, .box_h = 12, .ofs_x = 0, .ofs_y = -1},
    {.bitmap_index = 5430, .adv_w = 206, .box_w = 12, .box_h = 12, .ofs_x = 0, .ofs_y = -1},
    {.bitmap_index = 5448, .adv_w = 206, .box_w = 12, .box_h = 12, .ofs_x = 0, .ofs_y = -1},
    {.bitmap_index = 5466, .adv_w = 206, .box_w = 12, .box_h = 12, .ofs_x = 0, .ofs_y = -1},
    {.bitmap_index = 5484, .adv_w = 206, .box_w = 12, .box_h = 12, .ofs_x = 0, .ofs_y = -1},
    {.bitmap_index = 5502, .adv_w = 206, .box_w = 11, .box_h = 13, .ofs_x = 0, .ofs_y = -1},
    {.bitmap_index = 5520, .adv_w = 206, .box_w = 11, .box_h = 13, .ofs_x = 1, .ofs_y = -1},
    {.bitmap_index = 5538, .adv_w = 206, .box_w = 11, .box_h = 13, .ofs_x = 1, .ofs_y = -1},
    {.bitmap_index = 5556, .adv_w = 206, .box_w = 10, .box_h = 13, .ofs_x = 1, .ofs_y = -1},
    {.bitmap_index = 5573, .adv_w = 206, .box_w = 11, .box_h = 13, .ofs_x = 0, .ofs_y = -1},
    {.bitmap_index = 5591, .adv_w = 206, .box_w = 11, .box_h = 13, .ofs_x = 0, .ofs_y = -1},
    {.bitmap_index = 5609, .adv_w = 206, .box_w = 12, .box_h = 13, .ofs_x = 0, .ofs_y = -1},
    {.bitmap_index = 5629, .adv_w = 206, .box_w = 12, .box_h = 13, .ofs_x = 0, .ofs_y = -1},
    {.bitmap_index = 5649, .adv_w = 206, .box_w = 11, .box_h = 13, .ofs_x = 0, .ofs_y = -1},
    {.bitmap_index = 5667, .adv_w = 206, .box_w = 11, .box_h = 13, .ofs_x = 0, .ofs_y = -1},
    {.bitmap_index = 5685, .adv_w = 206, .box_w = 12, .box_h = 13, .ofs_x = 0, .ofs_y = -1},
    {.bitmap_index = 5705, .adv_w = 206, .box_w = 11, .box_h = 13, .ofs_x = 0, .ofs_y = -1},
    {.bitmap_index = 5723, .adv_w = 206, .box_w = 10, .box_h = 13, .ofs_x = 1, .ofs_y = -1},
    {.bitmap_index = 5740, .adv_w = 206, .box_w = 11, .box_h = 13, .ofs_x = 1, .ofs_y = -1},
    {.bitmap_index = 5758, .adv_w = 206, .box_w = 10, .box_h = 13, .ofs_x = 1, .ofs_y = -1},
    {.bitmap_index = 5775, .adv_w = 206, .box_w = 10, .box_h = 13, .ofs_x = 1, .ofs_y = -1},
    {.bitmap_index = 5792, .adv_w = 206, .box_w = 12, .box_h = 12, .ofs_x = 0, .ofs_y = -1},
    {.bitmap_index = 5810, .adv_w = 206, .box_w = 12, .box_h = 9, .ofs_x = 0, .ofs_y = 1},
    {.bitmap_index = 5824, .adv_w = 206, .box_w = 12, .box_h = 12, .ofs_x = 0, .ofs_y = -1},
    {.bitmap_index = 5842, .adv_w = 206, .box_w = 12, .box_h = 12, .ofs_x = 0, .ofs_y = -1},
    {.bitmap_index = 5860, .adv_w = 206, .box_w = 12, .box_h = 12, .ofs_x = 0, .ofs_y = -1},
    {.bitmap_index = 5878, .adv_w = 206, .box_w = 12, .box_h = 12, .ofs_x = 0, .ofs_y = -1},
    {.bitmap_index = 5896, .adv_w = 206, .box_w = 12, .box_h = 12, .ofs_x = 0, .ofs_y = -1},
    {.bitmap_index = 5914, .adv_w = 206, .box_w = 12, .box_h = 12, .ofs_x = 0, .ofs_y = -1},
    {.bitmap_index = 5932, .adv_w = 206, .box_w = 12, .box_h = 12, .ofs_x = 0, .ofs_y = -1},
    {.bitmap_index = 5950, .adv_w = 206, .box_w = 12, .box_h = 12, .ofs_x = 0, .ofs_y = -1},
    {.bitmap_index = 5968, .adv_w = 206, .box_w = 12, .box_h = 12, .ofs_x = 0, .ofs_y = -1},
    {.bitmap_index = 5986, .adv_w = 206, .box_w = 12, .box_h = 12, .ofs_x = 0, .ofs_y = -1},
    {.bitmap_index = 6004, .adv_w = 206, .box_w = 12, .box_h = 12, .ofs_x = 0, .ofs_y = -1},
    {.bitmap_index = 6022, .adv_w = 206, .box_w = 11, .box_h = 13, .ofs_x = 0, .ofs_y = -1},
    {.bitmap_index = 6040, .adv_w = 206, .box_w = 10, .box_h = 13, .ofs_x = 1, .ofs_y = -1},
    {.bitmap_index = 6057, .adv_w = 206, .box_w = 10, .box_h = 13, .ofs_x = 1, .ofs_y = -1},
    {.bitmap_index = 6074, .adv_w = 206, .box_w = 10, .box_h = 13, .ofs_x = 1, .ofs_y = -1},
    {.bitmap_index = 6091, .adv_w = 206, .box_w = 10, .box_h = 13, .ofs_x = 1, .ofs_y = -1},
    {.bitmap_index = 6108, .adv_w = 206, .box_w = 10, .box_h = 13, .ofs_x = 1, .ofs_y = -1},
    {.bitmap_index = 6125, .adv_w = 206, .box_w = 11, .box_h = 12, .ofs_x = 1, .ofs_y = 0},
    {.bitmap_index = 6142, .adv_w = 206, .box_w = 10, .box_h = 13, .ofs_x = 1, .ofs_y = -1},
    {.bitmap_index = 6159, .adv_w = 206, .box_w = 11, .box_h = 13, .ofs_x = 1, .ofs_y = -1},
    {.bitmap_index = 6177, .adv_w = 206, .box_w = 11, .box_h = 13, .ofs_x = 1, .ofs_y = -1},
    {.bitmap_index = 6195, .adv_w = 206, .box_w = 11, .box_h = 13, .ofs_x = 1, .ofs_y = -1},
    {.bitmap_index = 6213, .adv_w = 206, .box_w = 11, .box_h = 13, .ofs_x = 1, .ofs_y = -1},
    {.bitmap_index = 6231, .adv_w = 206, .box_w = 11, .box_h = 13, .ofs_x = 1, .ofs_y = -1},
    {.bitmap_index = 6249, .adv_w = 206, .box_w = 11, .box_h = 13, .ofs_x = 1, .ofs_y = -1},
    {.bitmap_index = 6267, .adv_w = 206, .box_w = 11, .box_h = 13, .ofs_x = 1, .ofs_y = -1},
    {.bitmap_index = 6285, .adv_w = 206, .box_w = 11, .box_h = 13, .ofs_x = 1, .ofs_y = -1},
    {.bitmap_index = 6303, .adv_w = 206, .box_w = 11, .box_h = 13, .ofs_x = 1, .ofs_y = -1},
    {.bitmap_index = 6321, .adv_w = 206, .box_w = 11, .box_h = 13, .ofs_x = 1, .ofs_y = -1},
    {.bitmap_index = 6339, .adv_w = 206, .box_w = 11, .box_h = 12, .ofs_x = 1, .ofs_y = 0},
    {.bitmap_index = 6356, .adv_w = 206, .box_w = 11, .box_h = 13, .ofs_x = 1, .ofs_y = -1},
    {.bitmap_index = 6374, .adv_w = 206, .box_w = 11, .box_h = 13, .ofs_x = 1, .ofs_y = -1},
    {.bitmap_index = 6392, .adv_w = 206, .box_w = 11, .box_h = 13, .ofs_x = 1, .ofs_y = -1},
    {.bitmap_index = 6410, .adv_w = 206, .box_w = 11, .box_h = 13, .ofs_x = 1, .ofs_y = -1},
    {.bitmap_index = 6428, .adv_w = 206, .box_w = 11, .box_h = 13, .ofs_x = 1, .ofs_y = -1},
    {.bitmap_index = 6446, .adv_w = 206, .box_w = 11, .box_h = 13, .ofs_x = 1, .ofs_y = -1},
    {.bitmap_index = 6464, .adv_w = 206, .box_w = 10, .box_h = 13, .ofs_x = 1, .ofs_y = -1},
    {.bitmap_index = 6481, .adv_w = 206, .box_w = 10, .box_h = 13, .ofs_x = 1, .ofs_y = -1},
    {.bitmap_index = 6498, .adv_w = 206, .box_w = 11, .box_h = 13, .ofs_x = 1, .ofs_y = -1},
    {.bitmap_index = 6516, .adv_w = 206, .box_w = 11, .box_h = 13, .ofs_x = 1, .ofs_y = -1},
    {.bitmap_index = 6534, .adv_w = 206, .box_w = 10, .box_h = 13, .ofs_x = 1, .ofs_y = -1},
    {.bitmap_index = 6551, .adv_w = 206, .box_w = 10, .box_h = 13, .ofs_x = 1, .ofs_y = -1},
    {.bitmap_index = 6568, .adv_w = 206, .box_w = 11, .box_h = 12, .ofs_x = 1, .ofs_y = 0},
    {.bitmap_index = 6585, .adv_w = 206, .box_w = 11, .box_h = 13, .ofs_x = 1, .ofs_y = -1},
    {.bitmap_index = 6603, .adv_w = 206, .box_w = 10, .box_h = 13, .ofs_x = 1, .ofs_y = -1},
    {.bitmap_index = 6620, .adv_w = 206, .box_w = 11, .box_h = 13, .ofs_x = 1, .ofs_y = -1},
    {.bitmap_index = 6638, .adv_w = 206, .box_w = 11, .box_h = 13, .ofs_x = 1, .ofs_y = -1},
    {.bitmap_index = 6656, .adv_w = 206, .box_w = 11, .box_h = 13, .ofs_x = 1, .ofs_y = -1},
    {.bitmap_index = 6674, .adv_w = 206, .box_w = 11, .box_h = 13, .ofs_x = 1, .ofs_y = -1},
    {.bitmap_index = 6692, .adv_w = 206, .box_w = 11, .box_h = 13, .ofs_x = 1, .ofs_y = -1},
    {.bitmap_index = 6710, .adv_w = 206, .box_w = 11, .box_h = 13, .ofs_x = 1, .ofs_y = -1},
    {.bitmap_index = 6728, .adv_w = 206, .box_w = 10, .box_h = 13, .ofs_x = 2, .ofs_y = -1},
    {.bitmap_index = 6745, .adv_w = 206, .box_w = 9, .box_h = 13, .ofs_x = 2, .ofs_y = -1},
    {.bitmap_index = 6760, .adv_w = 206, .box_w = 10, .box_h = 13, .ofs_x = 2, .ofs_y = -1},
    {.bitmap_index = 6777, .adv_w = 206, .box_w = 10, .box_h = 13, .ofs_x = 2, .ofs_y = -1},
    {.bitmap_index = 6794, .adv_w = 206, .box_w = 10, .box_h = 13, .ofs_x = 2, .ofs_y = -1},
    {.bitmap_index = 6811, .adv_w = 206, .box_w = 10, .box_h = 13, .ofs_x = 2, .ofs_y = -1},
    {.bitmap_index = 6828, .adv_w = 206, .box_w = 9, .box_h = 13, .ofs_x = 2, .ofs_y = -1},
    {.bitmap_index = 6843, .adv_w = 206, .box_w = 9, .box_h = 13, .ofs_x = 2, .ofs_y = -1},
    {.bitmap_index = 6858, .adv_w = 206, .box_w = 9, .box_h = 13, .ofs_x = 2, .ofs_y = -1},
    {.bitmap_index = 6873, .adv_w = 206, .box_w = 10, .box_h = 12, .ofs_x = 2, .ofs_y = 0},
    {.bitmap_index = 6888, .adv_w = 206, .box_w = 11, .box_h = 12, .ofs_x = 2, .ofs_y = 0},
    {.bitmap_index = 6905, .adv_w = 206, .box_w = 9, .box_h = 13, .ofs_x = 2, .ofs_y = -1},
    {.bitmap_index = 6920, .adv_w = 206, .box_w = 10, .box_h = 13, .ofs_x = 2, .ofs_y = -1},
    {.bitmap_index = 6937, .adv_w = 206, .box_w = 10, .box_h = 13, .ofs_x = 1, .ofs_y = -1},
    {.bitmap_index = 6954, .adv_w = 206, .box_w = 10, .box_h = 13, .ofs_x = 2, .ofs_y = -1},
    {.bitmap_index = 6971, .adv_w = 206, .box_w = 10, .box_h = 13, .ofs_x = 2, .ofs_y = -1},
    {.bitmap_index = 6988, .adv_w = 206, .box_w = 10, .box_h = 13, .ofs_x = 2, .ofs_y = -1},
    {.bitmap_index = 7005, .adv_w = 206, .box_w = 10, .box_h = 13, .ofs_x = 2, .ofs_y = -1},
    {.bitmap_index = 7022, .adv_w = 206, .box_w = 10, .box_h = 13, .ofs_x = 2, .ofs_y = -1},
    {.bitmap_index = 7039, .adv_w = 206, .box_w = 11, .box_h = 12, .ofs_x = 2, .ofs_y = 0},
    {.bitmap_index = 7056, .adv_w = 206, .box_w = 11, .box_h = 12, .ofs_x = 2, .ofs_y = 0},
    {.bitmap_index = 7073, .adv_w = 206, .box_w = 10, .box_h = 13, .ofs_x = 2, .ofs_y = -1},
    {.bitmap_index = 7090, .adv_w = 206, .box_w = 10, .box_h = 13, .ofs_x = 2, .ofs_y = -1},
    {.bitmap_index = 7107, .adv_w = 206, .box_w = 9, .box_h = 13, .ofs_x = 2, .ofs_y = -1},
    {.bitmap_index = 7122, .adv_w = 206, .box_w = 10, .box_h = 13, .ofs_x = 2, .ofs_y = -1},
    {.bitmap_index = 7139, .adv_w = 206, .box_w = 10, .box_h = 13, .ofs_x = 2, .ofs_y = -1},
    {.bitmap_index = 7156, .adv_w = 206, .box_w = 9, .box_h = 13, .ofs_x = 2, .ofs_y = -1},
    {.bitmap_index = 7171, .adv_w = 206, .box_w = 9, .box_h = 13, .ofs_x = 2, .ofs_y = -1},
    {.bitmap_index = 7186, .adv_w = 206, .box_w = 11, .box_h = 12, .ofs_x = 2, .ofs_y = 0},
    {.bitmap_index = 7203, .adv_w = 206, .box_w = 9, .box_h = 13, .ofs_x = 2, .ofs_y = -1},
    {.bitmap_index = 7218, .adv_w = 206, .box_w = 9, .box_h = 13, .ofs_x = 2, .ofs_y = -1},
    {.bitmap_index = 7233, .adv_w = 206, .box_w = 10, .box_h = 13, .ofs_x = 1, .ofs_y = -1},
    {.bitmap_index = 7250, .adv_w = 206, .box_w = 10, .box_h = 13, .ofs_x = 2, .ofs_y = -1},
    {.bitmap_index = 7267, .adv_w = 206, .box_w = 12, .box_h = 11, .ofs_x = 0, .ofs_y = 0},
    {.bitmap_index = 7284, .adv_w = 206, .box_w = 12, .box_h = 12, .ofs_x = 0, .ofs_y = -1},
    {.bitmap_index = 7302, .adv_w = 206, .box_w = 12, .box_h = 12, .ofs_x = 0, .ofs_y = -1},
    {.bitmap_index = 7320, .adv_w = 206, .box_w = 12, .box_h = 12, .ofs_x = 0, .ofs_y = -1},
    {.bitmap_index = 7338, .adv_w = 206, .box_w = 12, .box_h = 12, .ofs_x = 0, .ofs_y = -1},
    {.bitmap_index = 7356, .adv_w = 206, .box_w = 12, .box_h = 12, .ofs_x = 0, .ofs_y = -1},
    {.bitmap_index = 7374, .adv_w = 206, .box_w = 12, .box_h = 12, .ofs_x = 0, .ofs_y = -1},
    {.bitmap_index = 7392, .adv_w = 206, .box_w = 12, .box_h = 12, .ofs_x = 0, .ofs_y = -1},
    {.bitmap_index = 7410, .adv_w = 206, .box_w = 12, .box_h = 12, .ofs_x = 0, .ofs_y = -1},
    {.bitmap_index = 7428, .adv_w = 206, .box_w = 12, .box_h = 12, .ofs_x = 0, .ofs_y = -1},
    {.bitmap_index = 7446, .adv_w = 206, .box_w = 12, .box_h = 12, .ofs_x = 0, .ofs_y = -1},
    {.bitmap_index = 7464, .adv_w = 206, .box_w = 12, .box_h = 13, .ofs_x = 1, .ofs_y = -1},
    {.bitmap_index = 7484, .adv_w = 206, .box_w = 12, .box_h = 13, .ofs_x = 1, .ofs_y = -1},
    {.bitmap_index = 7504, .adv_w = 206, .box_w = 12, .box_h = 13, .ofs_x = 1, .ofs_y = -1},
    {.bitmap_index = 7524, .adv_w = 206, .box_w = 11, .box_h = 12, .ofs_x = 1, .ofs_y = 0},
    {.bitmap_index = 7541, .adv_w = 206, .box_w = 10, .box_h = 13, .ofs_x = 1, .ofs_y = -1},
    {.bitmap_index = 7558, .adv_w = 206, .box_w = 10, .box_h = 13, .ofs_x = 1, .ofs_y = -1},
    {.bitmap_index = 7575, .adv_w = 206, .box_w = 11, .box_h = 13, .ofs_x = 1, .ofs_y = -1},
    {.bitmap_index = 7593, .adv_w = 206, .box_w = 10, .box_h = 13, .ofs_x = 1, .ofs_y = -1},
    {.bitmap_index = 7610, .adv_w = 206, .box_w = 10, .box_h = 13, .ofs_x = 1, .ofs_y = -1},
    {.bitmap_index = 7627, .adv_w = 206, .box_w = 11, .box_h = 13, .ofs_x = 0, .ofs_y = -1},
    {.bitmap_index = 7645, .adv_w = 206, .box_w = 12, .box_h = 10, .ofs_x = 0, .ofs_y = 1},
    {.bitmap_index = 7660, .adv_w = 206, .box_w = 12, .box_h = 12, .ofs_x = 0, .ofs_y = -1},
    {.bitmap_index = 7678, .adv_w = 206, .box_w = 12, .box_h = 12, .ofs_x = 0, .ofs_y = -1},
    {.bitmap_index = 7696, .adv_w = 206, .box_w = 12, .box_h = 12, .ofs_x = 0, .ofs_y = -1},
    {.bitmap_index = 7714, .adv_w = 206, .box_w = 12, .box_h = 12, .ofs_x = 0, .ofs_y = -1},
    {.bitmap_index = 7732, .adv_w = 206, .box_w = 12, .box_h = 12, .ofs_x = 0, .ofs_y = -1},
    {.bitmap_index = 7750, .adv_w = 206, .box_w = 12, .box_h = 12, .ofs_x = 0, .ofs_y = -1},
    {.bitmap_index = 7768, .adv_w = 206, .box_w = 12, .box_h = 12, .ofs_x = 0, .ofs_y = -1},
    {.bitmap_index = 7786, .adv_w = 206, .box_w = 12, .box_h = 12, .ofs_x = 0, .ofs_y = -1},
    {.bitmap_index = 7804, .adv_w = 206, .box_w = 12, .box_h = 12, .ofs_x = 0, .ofs_y = -1},
    {.bitmap_index = 7822, .adv_w = 206, .box_w = 12, .box_h = 12, .ofs_x = 0, .ofs_y = -1},
    {.bitmap_index = 7840, .adv_w = 206, .box_w = 12, .box_h = 12, .ofs_x = 0, .ofs_y = -1},
    {.bitmap_index = 7858, .adv_w = 206, .box_w = 12, .box_h = 12, .ofs_x = 0, .ofs_y = -1},
    {.bitmap_index = 7876, .adv_w = 206, .box_w = 12, .box_h = 12, .ofs_x = 0, .ofs_y = -1},
    {.bitmap_index = 7894, .adv_w = 206, .box_w = 12, .box_h = 12, .ofs_x = 0, .ofs_y = -1},
    {.bitmap_index = 7912, .adv_w = 206, .box_w = 12, .box_h = 12, .ofs_x = 0, .ofs_y = -1},
    {.bitmap_index = 7930, .adv_w = 206, .box_w = 10, .box_h = 13, .ofs_x = 1, .ofs_y = -1},
    {.bitmap_index = 7947, .adv_w = 206, .box_w = 12, .box_h = 13, .ofs_x = 1, .ofs_y = -1},
    {.bitmap_index = 7967, .adv_w = 206, .box_w = 11, .box_h = 13, .ofs_x = 1, .ofs_y = -1},
    {.bitmap_index = 7985, .adv_w = 206, .box_w = 10, .box_h = 13, .ofs_x = 1, .ofs_y = -1},
    {.bitmap_index = 8002, .adv_w = 206, .box_w = 11, .box_h = 13, .ofs_x = 1, .ofs_y = -1},
    {.bitmap_index = 8020, .adv_w = 206, .box_w = 11, .box_h = 13, .ofs_x = 1, .ofs_y = -1},
    {.bitmap_index = 8038, .adv_w = 206, .box_w = 10, .box_h = 13, .ofs_x = 1, .ofs_y = -1},
    {.bitmap_index = 8055, .adv_w = 206, .box_w = 10, .box_h = 13, .ofs_x = 1, .ofs_y = -1},
    {.bitmap_index = 8072, .adv_w = 206, .box_w = 12, .box_h = 12, .ofs_x = 0, .ofs_y = -1},
    {.bitmap_index = 8090, .adv_w = 206, .box_w = 12, .box_h = 12, .ofs_x = 0, .ofs_y = -1},
    {.bitmap_index = 8108, .adv_w = 206, .box_w = 12, .box_h = 12, .ofs_x = 0, .ofs_y = -1},
    {.bitmap_index = 8126, .adv_w = 206, .box_w = 12, .box_h = 12, .ofs_x = 0, .ofs_y = -1},
    {.bitmap_index = 8144, .adv_w = 206, .box_w = 12, .box_h = 12, .ofs_x = 0, .ofs_y = -1},
    {.bitmap_index = 8162, .adv_w = 206, .box_w = 12, .box_h = 12, .ofs_x = 0, .ofs_y = -1},
    {.bitmap_index = 8180, .adv_w = 206, .box_w = 12, .box_h = 10, .ofs_x = 0, .ofs_y = 1},
    {.bitmap_index = 8195, .adv_w = 206, .box_w = 12, .box_h = 12, .ofs_x = 0, .ofs_y = -1},
    {.bitmap_index = 8213, .adv_w = 206, .box_w = 12, .box_h = 12, .ofs_x = 0, .ofs_y = -1},
    {.bitmap_index = 8231, .adv_w = 206, .box_w = 12, .box_h = 12, .ofs_x = 0, .ofs_y = -1},
    {.bitmap_index = 8249, .adv_w = 206, .box_w = 12, .box_h = 12, .ofs_x = 0, .ofs_y = -1},
    {.bitmap_index = 8267, .adv_w = 206, .box_w = 12, .box_h = 12, .ofs_x = 0, .ofs_y = -1},
    {.bitmap_index = 8285, .adv_w = 206, .box_w = 12, .box_h = 12, .ofs_x = 0, .ofs_y = -1},
    {.bitmap_index = 8303, .adv_w = 206, .box_w = 12, .box_h = 12, .ofs_x = 0, .ofs_y = -1},
    {.bitmap_index = 8321, .adv_w = 206, .box_w = 12, .box_h = 12, .ofs_x = 0, .ofs_y = -1},
    {.bitmap_index = 8339, .adv_w = 206, .box_w = 12, .box_h = 12, .ofs_x = 0, .ofs_y = -1},
    {.bitmap_index = 8357, .adv_w = 206, .box_w = 12, .box_h = 12, .ofs_x = 0, .ofs_y = -1},
    {.bitmap_index = 8375, .adv_w = 206, .box_w = 12, .box_h = 12, .ofs_x = 0, .ofs_y = -1},
    {.bitmap_index = 8393, .adv_w = 206, .box_w = 10, .box_h = 13, .ofs_x = 1, .ofs_y = -1},
    {.bitmap_index = 8410, .adv_w = 206, .box_w = 11, .box_h = 13, .ofs_x = 1, .ofs_y = -1},
    {.bitmap_index = 8428, .adv_w = 206, .box_w = 11, .box_h = 13, .ofs_x = 1, .ofs_y = -1},
    {.bitmap_index = 8446, .adv_w = 206, .box_w = 9, .box_h = 13, .ofs_x = 2, .ofs_y = -1},
    {.bitmap_index = 8461, .adv_w = 206, .box_w = 9, .box_h = 13, .ofs_x = 2, .ofs_y = -1},
    {.bitmap_index = 8476, .adv_w = 206, .box_w = 10, .box_h = 13, .ofs_x = 2, .ofs_y = -1},
    {.bitmap_index = 8493, .adv_w = 206, .box_w = 10, .box_h = 13, .ofs_x = 2, .ofs_y = -1},
    {.bitmap_index = 8510, .adv_w = 206, .box_w = 9, .box_h = 13, .ofs_x = 2, .ofs_y = -1},
    {.bitmap_index = 8525, .adv_w = 206, .box_w = 9, .box_h = 13, .ofs_x = 2, .ofs_y = -1},
    {.bitmap_index = 8540, .adv_w = 206, .box_w = 9, .box_h = 13, .ofs_x = 2, .ofs_y = -1},
    {.bitmap_index = 8555, .adv_w = 206, .box_w = 10, .box_h = 12, .ofs_x = 2, .ofs_y = 0},
    {.bitmap_index = 8570, .adv_w = 206, .box_w = 9, .box_h = 13, .ofs_x = 2, .ofs_y = -1},
    {.bitmap_index = 8585, .adv_w = 206, .box_w = 10, .box_h = 13, .ofs_x = 2, .ofs_y = -1},
    {.bitmap_index = 8602, .adv_w = 206, .box_w = 11, .box_h = 13, .ofs_x = 1, .ofs_y = -1},
    {.bitmap_index = 8620, .adv_w = 206, .box_w = 11, .box_h = 13, .ofs_x = 1, .ofs_y = -1},
    {.bitmap_index = 8638, .adv_w = 206, .box_w = 11, .box_h = 13, .ofs_x = 1, .ofs_y = -1},
    {.bitmap_index = 8656, .adv_w = 206, .box_w = 11, .box_h = 13, .ofs_x = 1, .ofs_y = -1},
    {.bitmap_index = 8674, .adv_w = 206, .box_w = 11, .box_h = 13, .ofs_x = 1, .ofs_y = -1},
    {.bitmap_index = 8692, .adv_w = 206, .box_w = 11, .box_h = 13, .ofs_x = 1, .ofs_y = -1},
    {.bitmap_index = 8710, .adv_w = 206, .box_w = 11, .box_h = 13, .ofs_x = 1, .ofs_y = -1},
    {.bitmap_index = 8728, .adv_w = 206, .box_w = 11, .box_h = 13, .ofs_x = 1, .ofs_y = -1},
    {.bitmap_index = 8746, .adv_w = 206, .box_w = 11, .box_h = 13, .ofs_x = 1, .ofs_y = -1},
    {.bitmap_index = 8764, .adv_w = 206, .box_w = 11, .box_h = 13, .ofs_x = 1, .ofs_y = -1},
    {.bitmap_index = 8782, .adv_w = 206, .box_w = 11, .box_h = 13, .ofs_x = 1, .ofs_y = -1},
    {.bitmap_index = 8800, .adv_w = 206, .box_w = 11, .box_h = 13, .ofs_x = 1, .ofs_y = -1},
    {.bitmap_index = 8818, .adv_w = 206, .box_w = 11, .box_h = 12, .ofs_x = 1, .ofs_y = 0},
    {.bitmap_index = 8835, .adv_w = 206, .box_w = 11, .box_h = 13, .ofs_x = 1, .ofs_y = -1},
    {.bitmap_index = 8853, .adv_w = 206, .box_w = 11, .box_h = 13, .ofs_x = 1, .ofs_y = -1},
    {.bitmap_index = 8871, .adv_w = 206, .box_w = 11, .box_h = 13, .ofs_x = 1, .ofs_y = -1},
    {.bitmap_index = 8889, .adv_w = 206, .box_w = 11, .box_h = 14, .ofs_x = 1, .ofs_y = -2},
    {.bitmap_index = 8909, .adv_w = 206, .box_w = 11, .box_h = 13, .ofs_x = 1, .ofs_y = -1},
    {.bitmap_index = 8927, .adv_w = 206, .box_w = 10, .box_h = 13, .ofs_x = 1, .ofs_y = -1},
    {.bitmap_index = 8944, .adv_w = 206, .box_w = 10, .box_h = 13, .ofs_x = 1, .ofs_y = -1},
    {.bitmap_index = 8961, .adv_w = 206, .box_w = 10, .box_h = 13, .ofs_x = 1, .ofs_y = -1},
    {.bitmap_index = 8978, .adv_w = 206, .box_w = 11, .box_h = 13, .ofs_x = 1, .ofs_y = -1},
    {.bitmap_index = 8996, .adv_w = 206, .box_w = 10, .box_h = 13, .ofs_x = 1, .ofs_y = -1},
    {.bitmap_index = 9013, .adv_w = 206, .box_w = 10, .box_h = 13, .ofs_x = 1, .ofs_y = -1},
    {.bitmap_index = 9030, .adv_w = 206, .box_w = 11, .box_h = 12, .ofs_x = 1, .ofs_y = 0},
    {.bitmap_index = 9047, .adv_w = 206, .box_w = 11, .box_h = 13, .ofs_x = 1, .ofs_y = -1},
    {.bitmap_index = 9065, .adv_w = 206, .box_w = 10, .box_h = 13, .ofs_x = 1, .ofs_y = -1},
    {.bitmap_index = 9082, .adv_w = 206, .box_w = 11, .box_h = 13, .ofs_x = 1, .ofs_y = -1},
    {.bitmap_index = 9100, .adv_w = 206, .box_w = 10, .box_h = 13, .ofs_x = 2, .ofs_y = -1},
    {.bitmap_index = 9117, .adv_w = 206, .box_w = 9, .box_h = 13, .ofs_x = 2, .ofs_y = -1},
    {.bitmap_index = 9132, .adv_w = 206, .box_w = 9, .box_h = 13, .ofs_x = 2, .ofs_y = -1},
    {.bitmap_index = 9147, .adv_w = 206, .box_w = 10, .box_h = 13, .ofs_x = 2, .ofs_y = -1},
    {.bitmap_index = 9164, .adv_w = 206, .box_w = 10, .box_h = 13, .ofs_x = 2, .ofs_y = -1},
    {.bitmap_index = 9181, .adv_w = 206, .box_w = 10, .box_h = 13, .ofs_x = 2, .ofs_y = -1},
    {.bitmap_index = 9198, .adv_w = 206, .box_w = 9, .box_h = 13, .ofs_x = 2, .ofs_y = -1},
    {.bitmap_index = 9213, .adv_w = 206, .box_w = 9, .box_h = 13, .ofs_x = 2, .ofs_y = -1},
    {.bitmap_index = 9228, .adv_w = 206, .box_w = 9, .box_h = 13, .ofs_x = 2, .ofs_y = -1},
    {.bitmap_index = 9243, .adv_w = 206, .box_w = 9, .box_h = 13, .ofs_x = 2, .ofs_y = -1},
    {.bitmap_index = 9258, .adv_w = 206, .box_w = 10, .box_h = 12, .ofs_x = 2, .ofs_y = 0},
    {.bitmap_index = 9273, .adv_w = 206, .box_w = 10, .box_h = 13, .ofs_x = 2, .ofs_y = -1},
    {.bitmap_index = 9290, .adv_w = 206, .box_w = 10, .box_h = 13, .ofs_x = 2, .ofs_y = -1},
    {.bitmap_index = 9307, .adv_w = 206, .box_w = 10, .box_h = 13, .ofs_x = 2, .ofs_y = -1},
    {.bitmap_index = 9324, .adv_w = 206, .box_w = 10, .box_h = 13, .ofs_x = 1, .ofs_y = -1},
    {.bitmap_index = 9341, .adv_w = 206, .box_w = 10, .box_h = 13, .ofs_x = 1, .ofs_y = -1},
    {.bitmap_index = 9358, .adv_w = 206, .box_w = 10, .box_h = 13, .ofs_x = 1, .ofs_y = -1},
    {.bitmap_index = 9375, .adv_w = 206, .box_w = 11, .box_h = 13, .ofs_x = 1, .ofs_y = -1},
    {.bitmap_index = 9393, .adv_w = 206, .box_w = 10, .box_h = 13, .ofs_x = 1, .ofs_y = -1},
    {.bitmap_index = 9410, .adv_w = 206, .box_w = 10, .box_h = 13, .ofs_x = 1, .ofs_y = -1},
    {.bitmap_index = 9427, .adv_w = 206, .box_w = 11, .box_h = 12, .ofs_x = 1, .ofs_y = 0},
    {.bitmap_index = 9444, .adv_w = 206, .box_w = 11, .box_h = 12, .ofs_x = 1, .ofs_y = 0},
    {.bitmap_index = 9461, .adv_w = 206, .box_w = 10, .box_h = 13, .ofs_x = 1, .ofs_y = -1},
    {.bitmap_index = 9478, .adv_w = 206, .box_w = 9, .box_h = 13, .ofs_x = 2, .ofs_y = -1},
    {.bitmap_index = 9493, .adv_w = 206, .box_w = 10, .box_h = 13, .ofs_x = 2, .ofs_y = -1},
    {.bitmap_index = 9510, .adv_w = 206, .box_w = 10, .box_h = 13, .ofs_x = 2, .ofs_y = -1},
    {.bitmap_index = 9527, .adv_w = 206, .box_w = 11, .box_h = 12, .ofs_x = 2, .ofs_y = 0},
    {.bitmap_index = 9544, .adv_w = 206, .box_w = 9, .box_h = 13, .ofs_x = 2, .ofs_y = -1},
    {.bitmap_index = 9559, .adv_w = 206, .box_w = 10, .box_h = 13, .ofs_x = 1, .ofs_y = -1},
    {.bitmap_index = 9576, .adv_w = 206, .box_w = 10, .box_h = 13, .ofs_x = 1, .ofs_y = -1},
    {.bitmap_index = 9593, .adv_w = 206, .box_w = 12, .box_h = 11, .ofs_x = 0, .ofs_y = 0},
    {.bitmap_index = 9610, .adv_w = 206, .box_w = 12, .box_h = 12, .ofs_x = 0, .ofs_y = -1},
    {.bitmap_index = 9628, .adv_w = 206, .box_w = 12, .box_h = 12, .ofs_x = 0, .ofs_y = -1},
    {.bitmap_index = 9646, .adv_w = 206, .box_w = 12, .box_h = 12, .ofs_x = 0, .ofs_y = -1},
    {.bitmap_index = 9664, .adv_w = 206, .box_w = 12, .box_h = 12, .ofs_x = 0, .ofs_y = -1},
    {.bitmap_index = 9682, .adv_w = 206, .box_w = 12, .box_h = 12, .ofs_x = 0, .ofs_y = -1},
    {.bitmap_index = 9700, .adv_w = 206, .box_w = 12, .box_h = 12, .ofs_x = 0, .ofs_y = -1},
    {.bitmap_index = 9718, .adv_w = 206, .box_w = 12, .box_h = 12, .ofs_x = 0, .ofs_y = -1},
    {.bitmap_index = 9736, .adv_w = 206, .box_w = 12, .box_h = 12, .ofs_x = 0, .ofs_y = -1},
    {.bitmap_index = 9754, .adv_w = 206, .box_w = 12, .box_h = 12, .ofs_x = 0, .ofs_y = -1},
    {.bitmap_index = 9772, .adv_w = 206, .box_w = 12, .box_h = 12, .ofs_x = 0, .ofs_y = -1},
    {.bitmap_index = 9790, .adv_w = 206, .box_w = 12, .box_h = 12, .ofs_x = 0, .ofs_y = -1},
    {.bitmap_index = 9808, .adv_w = 206, .box_w = 12, .box_h = 12, .ofs_x = 0, .ofs_y = -1},
    {.bitmap_index = 9826, .adv_w = 206, .box_w = 12, .box_h = 13, .ofs_x = 1, .ofs_y = -1},
    {.bitmap_index = 9846, .adv_w = 206, .box_w = 12, .box_h = 13, .ofs_x = 0, .ofs_y = -1},
    {.bitmap_index = 9866, .adv_w = 206, .box_w = 12, .box_h = 13, .ofs_x = 1, .ofs_y = -1},
    {.bitmap_index = 9886, .adv_w = 206, .box_w = 11, .box_h = 13, .ofs_x = 0, .ofs_y = -1},
    {.bitmap_index = 9904, .adv_w = 206, .box_w = 12, .box_h = 13, .ofs_x = 1, .ofs_y = -1},
    {.bitmap_index = 9924, .adv_w = 206, .box_w = 10, .box_h = 13, .ofs_x = 1, .ofs_y = -1},
    {.bitmap_index = 9941, .adv_w = 206, .box_w = 11, .box_h = 13, .ofs_x = 1, .ofs_y = -1},
    {.bitmap_index = 9959, .adv_w = 206, .box_w = 11, .box_h = 13, .ofs_x = 1, .ofs_y = -1},
    {.bitmap_index = 9977, .adv_w = 206, .box_w = 10, .box_h = 13, .ofs_x = 1, .ofs_y = -1},
    {.bitmap_index = 9994, .adv_w = 206, .box_w = 10, .box_h = 13, .ofs_x = 1, .ofs_y = -1},
    {.bitmap_index = 10011, .adv_w = 206, .box_w = 11, .box_h = 13, .ofs_x = 1, .ofs_y = -1},
    {.bitmap_index = 10029, .adv_w = 206, .box_w = 12, .box_h = 10, .ofs_x = 0, .ofs_y = 1},
    {.bitmap_index = 10044, .adv_w = 206, .box_w = 12, .box_h = 12, .ofs_x = 0, .ofs_y = -1},
    {.bitmap_index = 10062, .adv_w = 206, .box_w = 12, .box_h = 12, .ofs_x = 0, .ofs_y = -1},
    {.bitmap_index = 10080, .adv_w = 206, .box_w = 12, .box_h = 12, .ofs_x = 0, .ofs_y = -1},
    {.bitmap_index = 10098, .adv_w = 206, .box_w = 12, .box_h = 12, .ofs_x = 0, .ofs_y = -1},
    {.bitmap_index = 10116, .adv_w = 206, .box_w = 12, .box_h = 12, .ofs_x = 0, .ofs_y = -1},
    {.bitmap_index = 10134, .adv_w = 206, .box_w = 12, .box_h = 12, .ofs_x = 0, .ofs_y = -1},
    {.bitmap_index = 10152, .adv_w = 206, .box_w = 12, .box_h = 12, .ofs_x = 0, .ofs_y = -1},
    {.bitmap_index = 10170, .adv_w = 206, .box_w = 12, .box_h = 12, .ofs_x = 0, .ofs_y = -1},
    {.bitmap_index = 10188, .adv_w = 206, .box_w = 10, .box_h = 13, .ofs_x = 1, .ofs_y = -1},
    {.bitmap_index = 10205, .adv_w = 206, .box_w = 11, .box_h = 13, .ofs_x = 1, .ofs_y = -1},
    {.bitmap_index = 10223, .adv_w = 206, .box_w = 11, .box_h = 13, .ofs_x = 1, .ofs_y = -1},
    {.bitmap_index = 10241, .adv_w = 206, .box_w = 11, .box_h = 13, .ofs_x = 1, .ofs_y = -1},
    {.bitmap_index = 10259, .adv_w = 206, .box_w = 10, .box_h = 13, .ofs_x = 1, .ofs_y = -1},
    {.bitmap_index = 10276, .adv_w = 206, .box_w = 11, .box_h = 13, .ofs_x = 1, .ofs_y = -1},
    {.bitmap_index = 10294, .adv_w = 206, .box_w = 11, .box_h = 13, .ofs_x = 1, .ofs_y = -1},
    {.bitmap_index = 10312, .adv_w = 206, .box_w = 10, .box_h = 13, .ofs_x = 1, .ofs_y = -1},
    {.bitmap_index = 10329, .adv_w = 206, .box_w = 11, .box_h = 13, .ofs_x = 1, .ofs_y = -1},
    {.bitmap_index = 10347, .adv_w = 206, .box_w = 10, .box_h = 13, .ofs_x = 1, .ofs_y = -1},
    {.bitmap_index = 10364, .adv_w = 206, .box_w = 12, .box_h = 12, .ofs_x = 0, .ofs_y = -1},
    {.bitmap_index = 10382, .adv_w = 206, .box_w = 12, .box_h = 12, .ofs_x = 0, .ofs_y = -1},
    {.bitmap_index = 10400, .adv_w = 206, .box_w = 12, .box_h = 12, .ofs_x = 0, .ofs_y = -1},
    {.bitmap_index = 10418, .adv_w = 206, .box_w = 12, .box_h = 12, .ofs_x = 0, .ofs_y = -1},
    {.bitmap_index = 10436, .adv_w = 206, .box_w = 12, .box_h = 12, .ofs_x = 0, .ofs_y = -1},
    {.bitmap_index = 10454, .adv_w = 206, .box_w = 12, .box_h = 9, .ofs_x = 0, .ofs_y = 1},
    {.bitmap_index = 10468, .adv_w = 206, .box_w = 12, .box_h = 12, .ofs_x = 0, .ofs_y = -1},
    {.bitmap_index = 10486, .adv_w = 206, .box_w = 12, .box_h = 12, .ofs_x = 0, .ofs_y = -1},
    {.bitmap_index = 10504, .adv_w = 206, .box_w = 12, .box_h = 12, .ofs_x = 0, .ofs_y = -1},
    {.bitmap_index = 10522, .adv_w = 206, .box_w = 12, .box_h = 12, .ofs_x = 0, .ofs_y = -1},
    {.bitmap_index = 10540, .adv_w = 206, .box_w = 12, .box_h = 12, .ofs_x = 0, .ofs_y = -1},
    {.bitmap_index = 10558, .adv_w = 206, .box_w = 12, .box_h = 12, .ofs_x = 0, .ofs_y = -1},
    {.bitmap_index = 10576, .adv_w = 206, .box_w = 12, .box_h = 12, .ofs_x = 0, .ofs_y = -1},
    {.bitmap_index = 10594, .adv_w = 206, .box_w = 12, .box_h = 12, .ofs_x = 0, .ofs_y = -1},
    {.bitmap_index = 10612, .adv_w = 206, .box_w = 12, .box_h = 12, .ofs_x = 0, .ofs_y = -1},
    {.bitmap_index = 10630, .adv_w = 206, .box_w = 10, .box_h = 13, .ofs_x = 1, .ofs_y = -1},
    {.bitmap_index = 10647, .adv_w = 206, .box_w = 9, .box_h = 13, .ofs_x = 2, .ofs_y = -1},
    {.bitmap_index = 10662, .adv_w = 206, .box_w = 9, .box_h = 13, .ofs_x = 2, .ofs_y = -1},
    {.bitmap_index = 10677, .adv_w = 206, .box_w = 10, .box_h = 13, .ofs_x = 2, .ofs_y = -1},
    {.bitmap_index = 10694, .adv_w = 206, .box_w = 10, .box_h = 13, .ofs_x = 2, .ofs_y = -1},
    {.bitmap_index = 10711, .adv_w = 206, .box_w = 10, .box_h = 13, .ofs_x = 2, .ofs_y = -1},
    {.bitmap_index = 10728, .adv_w = 206, .box_w = 9, .box_h = 13, .ofs_x = 2, .ofs_y = -1},
    {.bitmap_index = 10743, .adv_w = 206, .box_w = 9, .box_h = 13, .ofs_x = 2, .ofs_y = -1},
    {.bitmap_index = 10758, .adv_w = 206, .box_w = 10, .box_h = 12, .ofs_x = 2, .ofs_y = 0},
    {.bitmap_index = 10773, .adv_w = 206, .box_w = 10, .box_h = 12, .ofs_x = 2, .ofs_y = 0},
    {.bitmap_index = 10788, .adv_w = 206, .box_w = 9, .box_h = 13, .ofs_x = 2, .ofs_y = -1},
    {.bitmap_index = 10803, .adv_w = 206, .box_w = 10, .box_h = 13, .ofs_x = 2, .ofs_y = -1},
    {.bitmap_index = 10820, .adv_w = 206, .box_w = 11, .box_h = 13, .ofs_x = 1, .ofs_y = -1},
    {.bitmap_index = 10838, .adv_w = 206, .box_w = 11, .box_h = 13, .ofs_x = 1, .ofs_y = -1},
    {.bitmap_index = 10856, .adv_w = 206, .box_w = 11, .box_h = 13, .ofs_x = 1, .ofs_y = -1},
    {.bitmap_index = 10874, .adv_w = 206, .box_w = 11, .box_h = 13, .ofs_x = 1, .ofs_y = -1},
    {.bitmap_index = 10892, .adv_w = 206, .box_w = 11, .box_h = 13, .ofs_x = 1, .ofs_y = -1},
    {.bitmap_index = 10910, .adv_w = 206, .box_w = 11, .box_h = 13, .ofs_x = 1, .ofs_y = -1},
    {.bitmap_index = 10928, .adv_w = 206, .box_w = 11, .box_h = 12, .ofs_x = 1, .ofs_y = 0},
    {.bitmap_index = 10945, .adv_w = 206, .box_w = 11, .box_h = 12, .ofs_x = 1, .ofs_y = 0},
    {.bitmap_index = 10962, .adv_w = 206, .box_w = 11, .box_h = 13, .ofs_x = 1, .ofs_y = -1},
    {.bitmap_index = 10980, .adv_w = 206, .box_w = 11, .box_h = 13, .ofs_x = 1, .ofs_y = -1},
    {.bitmap_index = 10998, .adv_w = 206, .box_w = 10, .box_h = 13, .ofs_x = 1, .ofs_y = -1},
    {.bitmap_index = 11015, .adv_w = 206, .box_w = 10, .box_h = 12, .ofs_x = 1, .ofs_y = -1},
    {.bitmap_index = 11030, .adv_w = 206, .box_w = 11, .box_h = 13, .ofs_x = 1, .ofs_y = -1},
    {.bitmap_index = 11048, .adv_w = 206, .box_w = 11, .box_h = 12, .ofs_x = 1, .ofs_y = -1},
    {.bitmap_index = 11065, .adv_w = 206, .box_w = 10, .box_h = 12, .ofs_x = 1, .ofs_y = -1},
    {.bitmap_index = 11080, .adv_w = 206, .box_w = 10, .box_h = 12, .ofs_x = 1, .ofs_y = -1},
    {.bitmap_index = 11095, .adv_w = 206, .box_w = 11, .box_h = 12, .ofs_x = 1, .ofs_y = 0},
    {.bitmap_index = 11112, .adv_w = 206, .box_w = 11, .box_h = 13, .ofs_x = 1, .ofs_y = -2},
    {.bitmap_index = 11130, .adv_w = 206, .box_w = 11, .box_h = 13, .ofs_x = 1, .ofs_y = -1},
    {.bitmap_index = 11148, .adv_w = 206, .box_w = 10, .box_h = 13, .ofs_x = 1, .ofs_y = -1},
    {.bitmap_index = 11165, .adv_w = 206, .box_w = 10, .box_h = 13, .ofs_x = 1, .ofs_y = -1},
    {.bitmap_index = 11182, .adv_w = 206, .box_w = 11, .box_h = 13, .ofs_x = 1, .ofs_y = -1},
    {.bitmap_index = 11200, .adv_w = 206, .box_w = 11, .box_h = 13, .ofs_x = 1, .ofs_y = -1},
    {.bitmap_index = 11218, .adv_w = 206, .box_w = 10, .box_h = 13, .ofs_x = 1, .ofs_y = -1},
    {.bitmap_index = 11235, .adv_w = 206, .box_w = 10, .box_h = 13, .ofs_x = 1, .ofs_y = -1},
    {.bitmap_index = 11252, .adv_w = 206, .box_w = 10, .box_h = 13, .ofs_x = 1, .ofs_y = -1},
    {.bitmap_index = 11269, .adv_w = 206, .box_w = 10, .box_h = 13, .ofs_x = 1, .ofs_y = -1},
    {.bitmap_index = 11286, .adv_w = 206, .box_w = 11, .box_h = 12, .ofs_x = 1, .ofs_y = 0},
    {.bitmap_index = 11303, .adv_w = 206, .box_w = 11, .box_h = 12, .ofs_x = 1, .ofs_y = 0},
    {.bitmap_index = 11320, .adv_w = 206, .box_w = 10, .box_h = 13, .ofs_x = 1, .ofs_y = -1},
    {.bitmap_index = 11337, .adv_w = 206, .box_w = 11, .box_h = 13, .ofs_x = 1, .ofs_y = -1},
    {.bitmap_index = 11355, .adv_w = 206, .box_w = 10, .box_h = 13, .ofs_x = 1, .ofs_y = -1},
    {.bitmap_index = 11372, .adv_w = 206, .box_w = 10, .box_h = 13, .ofs_x = 1, .ofs_y = -1},
    {.bitmap_index = 11389, .adv_w = 206, .box_w = 11, .box_h = 13, .ofs_x = 1, .ofs_y = -1},
    {.bitmap_index = 11407, .adv_w = 206, .box_w = 11, .box_h = 13, .ofs_x = 1, .ofs_y = -1},
    {.bitmap_index = 11425, .adv_w = 206, .box_w = 10, .box_h = 13, .ofs_x = 1, .ofs_y = -1},
    {.bitmap_index = 11442, .adv_w = 206, .box_w = 10, .box_h = 13, .ofs_x = 1, .ofs_y = -1},
    {.bitmap_index = 11459, .adv_w = 206, .box_w = 11, .box_h = 12, .ofs_x = 1, .ofs_y = 0},
    {.bitmap_index = 11476, .adv_w = 206, .box_w = 11, .box_h = 12, .ofs_x = 1, .ofs_y = 0},
    {.bitmap_index = 11493, .adv_w = 206, .box_w = 10, .box_h = 13, .ofs_x = 1, .ofs_y = -1},
    {.bitmap_index = 11510, .adv_w = 206, .box_w = 10, .box_h = 13, .ofs_x = 1, .ofs_y = -1},
    {.bitmap_index = 11527, .adv_w = 206, .box_w = 11, .box_h = 12, .ofs_x = 1, .ofs_y = 0},
    {.bitmap_index = 11544, .adv_w = 206, .box_w = 12, .box_h = 9, .ofs_x = 0, .ofs_y = 1},
    {.bitmap_index = 11558, .adv_w = 206, .box_w = 12, .box_h = 12, .ofs_x = 0, .ofs_y = -1},
    {.bitmap_index = 11576, .adv_w = 206, .box_w = 12, .box_h = 12, .ofs_x = 0, .ofs_y = -1},
    {.bitmap_index = 11594, .adv_w = 206, .box_w = 12, .box_h = 12, .ofs_x = 0, .ofs_y = -1},
    {.bitmap_index = 11612, .adv_w = 206, .box_w = 12, .box_h = 12, .ofs_x = 0, .ofs_y = -1},
    {.bitmap_index = 11630, .adv_w = 206, .box_w = 12, .box_h = 13, .ofs_x = 0, .ofs_y = -1},
    {.bitmap_index = 11650, .adv_w = 206, .box_w = 12, .box_h = 13, .ofs_x = 0, .ofs_y = -1},
    {.bitmap_index = 11670, .adv_w = 206, .box_w = 11, .box_h = 13, .ofs_x = 0, .ofs_y = -1},
    {.bitmap_index = 11688, .adv_w = 206, .box_w = 11, .box_h = 13, .ofs_x = 1, .ofs_y = -1},
    {.bitmap_index = 11706, .adv_w = 206, .box_w = 11, .box_h = 13, .ofs_x = 1, .ofs_y = -1},
    {.bitmap_index = 11724, .adv_w = 206, .box_w = 12, .box_h = 12, .ofs_x = 0, .ofs_y = -1},
    {.bitmap_index = 11742, .adv_w = 206, .box_w = 12, .box_h = 12, .ofs_x = 0, .ofs_y = -1},
    {.bitmap_index = 11760, .adv_w = 206, .box_w = 12, .box_h = 12, .ofs_x = 0, .ofs_y = -1},
    {.bitmap_index = 11778, .adv_w = 206, .box_w = 12, .box_h = 12, .ofs_x = 0, .ofs_y = -1},
    {.bitmap_index = 11796, .adv_w = 206, .box_w = 12, .box_h = 12, .ofs_x = 0, .ofs_y = -1},
    {.bitmap_index = 11814, .adv_w = 206, .box_w = 12, .box_h = 12, .ofs_x = 0, .ofs_y = -1},
    {.bitmap_index = 11832, .adv_w = 206, .box_w = 12, .box_h = 12, .ofs_x = 0, .ofs_y = -1},
    {.bitmap_index = 11850, .adv_w = 206, .box_w = 11, .box_h = 13, .ofs_x = 0, .ofs_y = -1},
    {.bitmap_index = 11868, .adv_w = 206, .box_w = 11, .box_h = 13, .ofs_x = 1, .ofs_y = -1},
    {.bitmap_index = 11886, .adv_w = 206, .box_w = 11, .box_h = 13, .ofs_x = 1, .ofs_y = -1},
    {.bitmap_index = 11904, .adv_w = 206, .box_w = 11, .box_h = 13, .ofs_x = 1, .ofs_y = -1},
    {.bitmap_index = 11922, .adv_w = 206, .box_w = 10, .box_h = 13, .ofs_x = 1, .ofs_y = -1},
    {.bitmap_index = 11939, .adv_w = 206, .box_w = 10, .box_h = 13, .ofs_x = 1, .ofs_y = -1},
    {.bitmap_index = 11956, .adv_w = 206, .box_w = 10, .box_h = 13, .ofs_x = 1, .ofs_y = -1},
    {.bitmap_index = 11973, .adv_w = 206, .box_w = 12, .box_h = 9, .ofs_x = 0, .ofs_y = 1},
    {.bitmap_index = 11987, .adv_w = 206, .box_w = 12, .box_h = 12, .ofs_x = 0, .ofs_y = -1},
    {.bitmap_index = 12005, .adv_w = 206, .box_w = 12, .box_h = 12, .ofs_x = 0, .ofs_y = -1},
    {.bitmap_index = 12023, .adv_w = 206, .box_w = 12, .box_h = 12, .ofs_x = 0, .ofs_y = -1},
    {.bitmap_index = 12041, .adv_w = 206, .box_w = 12, .box_h = 12, .ofs_x = 0, .ofs_y = -1},
    {.bitmap_index = 12059, .adv_w = 206, .box_w = 12, .box_h = 12, .ofs_x = 0, .ofs_y = -1},
    {.bitmap_index = 12077, .adv_w = 206, .box_w = 12, .box_h = 12, .ofs_x = 0, .ofs_y = -1},
    {.bitmap_index = 12095, .adv_w = 206, .box_w = 12, .box_h = 12, .ofs_x = 0, .ofs_y = -1},
    {.bitmap_index = 12113, .adv_w = 206, .box_w = 11, .box_h = 13, .ofs_x = 1, .ofs_y = -1},
    {.bitmap_index = 12131, .adv_w = 206, .box_w = 11, .box_h = 13, .ofs_x = 1, .ofs_y = -1},
    {.bitmap_index = 12149, .adv_w = 206, .box_w = 11, .box_h = 13, .ofs_x = 1, .ofs_y = -1},
    {.bitmap_index = 12167, .adv_w = 206, .box_w = 10, .box_h = 13, .ofs_x = 1, .ofs_y = -1},
    {.bitmap_index = 12184, .adv_w = 206, .box_w = 10, .box_h = 13, .ofs_x = 1, .ofs_y = -1},
    {.bitmap_index = 12201, .adv_w = 206, .box_w = 10, .box_h = 13, .ofs_x = 1, .ofs_y = -1},
    {.bitmap_index = 12218, .adv_w = 206, .box_w = 11, .box_h = 13, .ofs_x = 1, .ofs_y = -1},
    {.bitmap_index = 12236, .adv_w = 206, .box_w = 11, .box_h = 13, .ofs_x = 1, .ofs_y = -1},
    {.bitmap_index = 12254, .adv_w = 206, .box_w = 10, .box_h = 13, .ofs_x = 1, .ofs_y = -1},
    {.bitmap_index = 12271, .adv_w = 206, .box_w = 10, .box_h = 13, .ofs_x = 1, .ofs_y = -1},
    {.bitmap_index = 12288, .adv_w = 206, .box_w = 11, .box_h = 12, .ofs_x = 1, .ofs_y = 0},
    {.bitmap_index = 12305, .adv_w = 206, .box_w = 10, .box_h = 13, .ofs_x = 1, .ofs_y = -1},
    {.bitmap_index = 12322, .adv_w = 206, .box_w = 11, .box_h = 13, .ofs_x = 1, .ofs_y = -1},
    {.bitmap_index = 12340, .adv_w = 206, .box_w = 11, .box_h = 13, .ofs_x = 1, .ofs_y = -1},
    {.bitmap_index = 12358, .adv_w = 206, .box_w = 11, .box_h = 13, .ofs_x = 1, .ofs_y = -1},
    {.bitmap_index = 12376, .adv_w = 206, .box_w = 11, .box_h = 13, .ofs_x = 1, .ofs_y = -1},
    {.bitmap_index = 12394, .adv_w = 206, .box_w = 11, .box_h = 13, .ofs_x = 1, .ofs_y = -1},
    {.bitmap_index = 12412, .adv_w = 206, .box_w = 11, .box_h = 13, .ofs_x = 1, .ofs_y = -1},
    {.bitmap_index = 12430, .adv_w = 206, .box_w = 11, .box_h = 12, .ofs_x = 1, .ofs_y = 0},
    {.bitmap_index = 12447, .adv_w = 206, .box_w = 11, .box_h = 12, .ofs_x = 1, .ofs_y = 0},
    {.bitmap_index = 12464, .adv_w = 206, .box_w = 11, .box_h = 13, .ofs_x = 1, .ofs_y = -1},
    {.bitmap_index = 12482, .adv_w = 206, .box_w = 11, .box_h = 13, .ofs_x = 1, .ofs_y = -1},
    {.bitmap_index = 12500, .adv_w = 206, .box_w = 11, .box_h = 13, .ofs_x = 1, .ofs_y = -1},
    {.bitmap_index = 12518, .adv_w = 206, .box_w = 11, .box_h = 13, .ofs_x = 1, .ofs_y = -1},
    {.bitmap_index = 12536, .adv_w = 206, .box_w = 10, .box_h = 13, .ofs_x = 1, .ofs_y = -1},
    {.bitmap_index = 12553, .adv_w = 206, .box_w = 10, .box_h = 13, .ofs_x = 1, .ofs_y = -1},
    {.bitmap_index = 12570, .adv_w = 206, .box_w = 10, .box_h = 13, .ofs_x = 1, .ofs_y = -1},
    {.bitmap_index = 12587, .adv_w = 206, .box_w = 11, .box_h = 13, .ofs_x = 1, .ofs_y = -1},
    {.bitmap_index = 12605, .adv_w = 206, .box_w = 10, .box_h = 13, .ofs_x = 1, .ofs_y = -1},
    {.bitmap_index = 12622, .adv_w = 206, .box_w = 10, .box_h = 13, .ofs_x = 1, .ofs_y = -1},
    {.bitmap_index = 12639, .adv_w = 206, .box_w = 11, .box_h = 12, .ofs_x = 1, .ofs_y = 0},
    {.bitmap_index = 12656, .adv_w = 206, .box_w = 11, .box_h = 12, .ofs_x = 1, .ofs_y = 0},
    {.bitmap_index = 12673, .adv_w = 206, .box_w = 10, .box_h = 13, .ofs_x = 1, .ofs_y = -1},
    {.bitmap_index = 12690, .adv_w = 206, .box_w = 11, .box_h = 13, .ofs_x = 1, .ofs_y = -1},
    {.bitmap_index = 12708, .adv_w = 206, .box_w = 11, .box_h = 13, .ofs_x = 1, .ofs_y = -1},
    {.bitmap_index = 12726, .adv_w = 206, .box_w = 11, .box_h = 13, .ofs_x = 1, .ofs_y = -1},
    {.bitmap_index = 12744, .adv_w = 206, .box_w = 11, .box_h = 12, .ofs_x = 1, .ofs_y = 0},
    {.bitmap_index = 12761, .adv_w = 206, .box_w = 11, .box_h = 13, .ofs_x = 1, .ofs_y = -1},
    {.bitmap_index = 12779, .adv_w = 206, .box_w = 10, .box_h = 13, .ofs_x = 1, .ofs_y = -1},
    {.bitmap_index = 12796, .adv_w = 206, .box_w = 10, .box_h = 13, .ofs_x = 1, .ofs_y = -1},
    {.bitmap_index = 12813, .adv_w = 206, .box_w = 11, .box_h = 13, .ofs_x = 1, .ofs_y = -1},
    {.bitmap_index = 12831, .adv_w = 206, .box_w = 11, .box_h = 13, .ofs_x = 1, .ofs_y = -1},
    {.bitmap_index = 12849, .adv_w = 206, .box_w = 10, .box_h = 13, .ofs_x = 1, .ofs_y = -1},
    {.bitmap_index = 12866, .adv_w = 206, .box_w = 10, .box_h = 13, .ofs_x = 1, .ofs_y = -1},
    {.bitmap_index = 12883, .adv_w = 206, .box_w = 11, .box_h = 13, .ofs_x = 1, .ofs_y = -1},
    {.bitmap_index = 12901, .adv_w = 206, .box_w = 10, .box_h = 12, .ofs_x = 1, .ofs_y = 0},
    {.bitmap_index = 12916, .adv_w = 206, .box_w = 10, .box_h = 13, .ofs_x = 1, .ofs_y = -1},
    {.bitmap_index = 12933, .adv_w = 206, .box_w = 10, .box_h = 13, .ofs_x = 1, .ofs_y = -1},
    {.bitmap_index = 12950, .adv_w = 206, .box_w = 10, .box_h = 13, .ofs_x = 1, .ofs_y = -1},
    {.bitmap_index = 12967, .adv_w = 206, .box_w = 10, .box_h = 13, .ofs_x = 1, .ofs_y = -1},
    {.bitmap_index = 12984, .adv_w = 206, .box_w = 10, .box_h = 13, .ofs_x = 1, .ofs_y = -1},
    {.bitmap_index = 13001, .adv_w = 206, .box_w = 11, .box_h = 13, .ofs_x = 1, .ofs_y = -1},
    {.bitmap_index = 13019, .adv_w = 206, .box_w = 10, .box_h = 13, .ofs_x = 1, .ofs_y = -1},
    {.bitmap_index = 13036, .adv_w = 206, .box_w = 10, .box_h = 13, .ofs_x = 1, .ofs_y = -1},
    {.bitmap_index = 13053, .adv_w = 206, .box_w = 11, .box_h = 12, .ofs_x = 1, .ofs_y = 0},
    {.bitmap_index = 13070, .adv_w = 206, .box_w = 10, .box_h = 13, .ofs_x = 1, .ofs_y = -1},
    {.bitmap_index = 13087, .adv_w = 206, .box_w = 10, .box_h = 13, .ofs_x = 1, .ofs_y = -1},
    {.bitmap_index = 13104, .adv_w = 206, .box_w = 10, .box_h = 13, .ofs_x = 1, .ofs_y = -1},
    {.bitmap_index = 13121, .adv_w = 206, .box_w = 11, .box_h = 13, .ofs_x = 1, .ofs_y = -1},
    {.bitmap_index = 13139, .adv_w = 206, .box_w = 11, .box_h = 13, .ofs_x = 1, .ofs_y = -1},
    {.bitmap_index = 13157, .adv_w = 206, .box_w = 10, .box_h = 13, .ofs_x = 1, .ofs_y = -1},
    {.bitmap_index = 13174, .adv_w = 206, .box_w = 10, .box_h = 13, .ofs_x = 1, .ofs_y = -1},
    {.bitmap_index = 13191, .adv_w = 206, .box_w = 11, .box_h = 13, .ofs_x = 1, .ofs_y = -1},
    {.bitmap_index = 13209, .adv_w = 206, .box_w = 10, .box_h = 12, .ofs_x = 1, .ofs_y = 0},
    {.bitmap_index = 13224, .adv_w = 206, .box_w = 10, .box_h = 13, .ofs_x = 1, .ofs_y = -1},
    {.bitmap_index = 13241, .adv_w = 206, .box_w = 10, .box_h = 13, .ofs_x = 1, .ofs_y = -1},
    {.bitmap_index = 13258, .adv_w = 206, .box_w = 10, .box_h = 13, .ofs_x = 1, .ofs_y = -1},
    {.bitmap_index = 13275, .adv_w = 206, .box_w = 10, .box_h = 13, .ofs_x = 1, .ofs_y = -1},
    {.bitmap_index = 13292, .adv_w = 206, .box_w = 11, .box_h = 13, .ofs_x = 1, .ofs_y = -1},
    {.bitmap_index = 13310, .adv_w = 206, .box_w = 12, .box_h = 11, .ofs_x = 0, .ofs_y = 0},
    {.bitmap_index = 13327, .adv_w = 206, .box_w = 12, .box_h = 12, .ofs_x = 0, .ofs_y = -1},
    {.bitmap_index = 13345, .adv_w = 206, .box_w = 12, .box_h = 12, .ofs_x = 0, .ofs_y = -1},
    {.bitmap_index = 13363, .adv_w = 206, .box_w = 12, .box_h = 12, .ofs_x = 0, .ofs_y = -1},
    {.bitmap_index = 13381, .adv_w = 206, .box_w = 12, .box_h = 12, .ofs_x = 0, .ofs_y = -1},
    {.bitmap_index = 13399, .adv_w = 206, .box_w = 12, .box_h = 12, .ofs_x = 0, .ofs_y = -1},
    {.bitmap_index = 13417, .adv_w = 206, .box_w = 12, .box_h = 12, .ofs_x = 0, .ofs_y = -1},
    {.bitmap_index = 13435, .adv_w = 206, .box_w = 12, .box_h = 12, .ofs_x = 0, .ofs_y = -1},
    {.bitmap_index = 13453, .adv_w = 206, .box_w = 12, .box_h = 13, .ofs_x = 1, .ofs_y = -1},
    {.bitmap_index = 13473, .adv_w = 206, .box_w = 12, .box_h = 13, .ofs_x = 1, .ofs_y = -1},
    {.bitmap_index = 13493, .adv_w = 206, .box_w = 12, .box_h = 13, .ofs_x = 1, .ofs_y = -1},
    {.bitmap_index = 13513, .adv_w = 206, .box_w = 12, .box_h = 13, .ofs_x = 0, .ofs_y = -1},
    {.bitmap_index = 13533, .adv_w = 206, .box_w = 10, .box_h = 13, .ofs_x = 1, .ofs_y = -1},
    {.bitmap_index = 13550, .adv_w = 206, .box_w = 11, .box_h = 13, .ofs_x = 1, .ofs_y = -1},
    {.bitmap_index = 13568, .adv_w = 206, .box_w = 11, .box_h = 13, .ofs_x = 1, .ofs_y = -1},
    {.bitmap_index = 13586, .adv_w = 206, .box_w = 10, .box_h = 13, .ofs_x = 1, .ofs_y = -1},
    {.bitmap_index = 13603, .adv_w = 206, .box_w = 10, .box_h = 13, .ofs_x = 1, .ofs_y = -1},
    {.bitmap_index = 13620, .adv_w = 206, .box_w = 11, .box_h = 13, .ofs_x = 1, .ofs_y = -1},
    {.bitmap_index = 13638, .adv_w = 206, .box_w = 10, .box_h = 13, .ofs_x = 1, .ofs_y = -1},
    {.bitmap_index = 13655, .adv_w = 206, .box_w = 12, .box_h = 11, .ofs_x = 0, .ofs_y = 0},
    {.bitmap_index = 13672, .adv_w = 206, .box_w = 12, .box_h = 12, .ofs_x = 0, .ofs_y = -1},
    {.bitmap_index = 13690, .adv_w = 206, .box_w = 12, .box_h = 12, .ofs_x = 0, .ofs_y = -1},
    {.bitmap_index = 13708, .adv_w = 206, .box_w = 12, .box_h = 12, .ofs_x = 0, .ofs_y = -1},
    {.bitmap_index = 13726, .adv_w = 206, .box_w = 12, .box_h = 12, .ofs_x = 0, .ofs_y = -1},
    {.bitmap_index = 13744, .adv_w = 206, .box_w = 12, .box_h = 12, .ofs_x = 0, .ofs_y = -1},
    {.bitmap_index = 13762, .adv_w = 206, .box_w = 12, .box_h = 12, .ofs_x = 0, .ofs_y = -1},
    {.bitmap_index = 13780, .adv_w = 206, .box_w = 12, .box_h = 12, .ofs_x = 0, .ofs_y = -1},
    {.bitmap_index = 13798, .adv_w = 206, .box_w = 12, .box_h = 12, .ofs_x = 0, .ofs_y = -1},
    {.bitmap_index = 13816, .adv_w = 206, .box_w = 12, .box_h = 12, .ofs_x = 0, .ofs_y = -1},
    {.bitmap_index = 13834, .adv_w = 206, .box_w = 12, .box_h = 12, .ofs_x = 0, .ofs_y = -1},
    {.bitmap_index = 13852, .adv_w = 206, .box_w = 12, .box_h = 12, .ofs_x = 0, .ofs_y = -1},
    {.bitmap_index = 13870, .adv_w = 206, .box_w = 12, .box_h = 12, .ofs_x = 0, .ofs_y = -1},
    {.bitmap_index = 13888, .adv_w = 206, .box_w = 12, .box_h = 12, .ofs_x = 0, .ofs_y = -1},
    {.bitmap_index = 13906, .adv_w = 206, .box_w = 11, .box_h = 13, .ofs_x = 0, .ofs_y = -1},
    {.bitmap_index = 13924, .adv_w = 206, .box_w = 12, .box_h = 12, .ofs_x = 1, .ofs_y = 0},
    {.bitmap_index = 13942, .adv_w = 206, .box_w = 11, .box_h = 13, .ofs_x = 0, .ofs_y = -1},
    {.bitmap_index = 13960, .adv_w = 206, .box_w = 10, .box_h = 13, .ofs_x = 1, .ofs_y = -1},
    {.bitmap_index = 13977, .adv_w = 206, .box_w = 10, .box_h = 13, .ofs_x = 1, .ofs_y = -1},
    {.bitmap_index = 13994, .adv_w = 206, .box_w = 11, .box_h = 13, .ofs_x = 1, .ofs_y = -1},
    {.bitmap_index = 14012, .adv_w = 206, .box_w = 11, .box_h = 13, .ofs_x = 1, .ofs_y = -1},
    {.bitmap_index = 14030, .adv_w = 206, .box_w = 10, .box_h = 13, .ofs_x = 1, .ofs_y = -1},
    {.bitmap_index = 14047, .adv_w = 206, .box_w = 11, .box_h = 12, .ofs_x = 1, .ofs_y = 0},
    {.bitmap_index = 14064, .adv_w = 206, .box_w = 10, .box_h = 13, .ofs_x = 1, .ofs_y = -1},
    {.bitmap_index = 14081, .adv_w = 206, .box_w = 12, .box_h = 12, .ofs_x = 0, .ofs_y = -1},
    {.bitmap_index = 14099, .adv_w = 206, .box_w = 12, .box_h = 12, .ofs_x = 0, .ofs_y = -1},
    {.bitmap_index = 14117, .adv_w = 206, .box_w = 12, .box_h = 12, .ofs_x = 0, .ofs_y = -1},
    {.bitmap_index = 14135, .adv_w = 206, .box_w = 12, .box_h = 12, .ofs_x = 0, .ofs_y = -1},
    {.bitmap_index = 14153, .adv_w = 206, .box_w = 12, .box_h = 12, .ofs_x = 0, .ofs_y = -1},
    {.bitmap_index = 14171, .adv_w = 206, .box_w = 12, .box_h = 12, .ofs_x = 0, .ofs_y = -1},
    {.bitmap_index = 14189, .adv_w = 206, .box_w = 12, .box_h = 12, .ofs_x = 0, .ofs_y = -1},
    {.bitmap_index = 14207, .adv_w = 206, .box_w = 12, .box_h = 12, .ofs_x = 0, .ofs_y = -1},
    {.bitmap_index = 14225, .adv_w = 206, .box_w = 12, .box_h = 11, .ofs_x = 0, .ofs_y = 0},
    {.bitmap_index = 14242, .adv_w = 206, .box_w = 12, .box_h = 12, .ofs_x = 0, .ofs_y = -1},
    {.bitmap_index = 14260, .adv_w = 206, .box_w = 12, .box_h = 12, .ofs_x = 0, .ofs_y = -1},
    {.bitmap_index = 14278, .adv_w = 206, .box_w = 12, .box_h = 12, .ofs_x = 0, .ofs_y = -1},
    {.bitmap_index = 14296, .adv_w = 206, .box_w = 12, .box_h = 12, .ofs_x = 0, .ofs_y = -1},
    {.bitmap_index = 14314, .adv_w = 206, .box_w = 12, .box_h = 12, .ofs_x = 0, .ofs_y = -1},
    {.bitmap_index = 14332, .adv_w = 206, .box_w = 12, .box_h = 12, .ofs_x = 0, .ofs_y = -1},
    {.bitmap_index = 14350, .adv_w = 206, .box_w = 12, .box_h = 12, .ofs_x = 0, .ofs_y = -1},
    {.bitmap_index = 14368, .adv_w = 206, .box_w = 12, .box_h = 12, .ofs_x = 0, .ofs_y = -1},
    {.bitmap_index = 14386, .adv_w = 206, .box_w = 12, .box_h = 12, .ofs_x = 0, .ofs_y = -1},
    {.bitmap_index = 14404, .adv_w = 206, .box_w = 12, .box_h = 12, .ofs_x = 0, .ofs_y = -1},
    {.bitmap_index = 14422, .adv_w = 206, .box_w = 10, .box_h = 13, .ofs_x = 1, .ofs_y = -1},
    {.bitmap_index = 14439, .adv_w = 206, .box_w = 9, .box_h = 13, .ofs_x = 2, .ofs_y = -1},
    {.bitmap_index = 14454, .adv_w = 206, .box_w = 10, .box_h = 13, .ofs_x = 2, .ofs_y = -1},
    {.bitmap_index = 14471, .adv_w = 206, .box_w = 11, .box_h = 13, .ofs_x = 1, .ofs_y = -1},
    {.bitmap_index = 14489, .adv_w = 206, .box_w = 9, .box_h = 13, .ofs_x = 2, .ofs_y = -1},
    {.bitmap_index = 14504, .adv_w = 206, .box_w = 9, .box_h = 13, .ofs_x = 2, .ofs_y = -1},
    {.bitmap_index = 14519, .adv_w = 206, .box_w = 10, .box_h = 12, .ofs_x = 2, .ofs_y = 0},
    {.bitmap_index = 14534, .adv_w = 206, .box_w = 9, .box_h = 13, .ofs_x = 2, .ofs_y = -1},
    {.bitmap_index = 14549, .adv_w = 206, .box_w = 11, .box_h = 13, .ofs_x = 1, .ofs_y = -1},
    {.bitmap_index = 14567, .adv_w = 206, .box_w = 11, .box_h = 13, .ofs_x = 1, .ofs_y = -1},
    {.bitmap_index = 14585, .adv_w = 206, .box_w = 11, .box_h = 13, .ofs_x = 1, .ofs_y = -1},
    {.bitmap_index = 14603, .adv_w = 206, .box_w = 11, .box_h = 13, .ofs_x = 1, .ofs_y = -1},
    {.bitmap_index = 14621, .adv_w = 206, .box_w = 11, .box_h = 13, .ofs_x = 1, .ofs_y = -1},
    {.bitmap_index = 14639, .adv_w = 206, .box_w = 11, .box_h = 13, .ofs_x = 1, .ofs_y = -1},
    {.bitmap_index = 14657, .adv_w = 206, .box_w = 11, .box_h = 13, .ofs_x = 1, .ofs_y = -1},
    {.bitmap_index = 14675, .adv_w = 206, .box_w = 11, .box_h = 13, .ofs_x = 1, .ofs_y = -1},
    {.bitmap_index = 14693, .adv_w = 206, .box_w = 11, .box_h = 13, .ofs_x = 1, .ofs_y = -1},
    {.bitmap_index = 14711, .adv_w = 206, .box_w = 11, .box_h = 13, .ofs_x = 1, .ofs_y = -1},
    {.bitmap_index = 14729, .adv_w = 206, .box_w = 11, .box_h = 12, .ofs_x = 1, .ofs_y = 0},
    {.bitmap_index = 14746, .adv_w = 206, .box_w = 11, .box_h = 13, .ofs_x = 1, .ofs_y = -1},
    {.bitmap_index = 14764, .adv_w = 206, .box_w = 11, .box_h = 13, .ofs_x = 1, .ofs_y = -1},
    {.bitmap_index = 14782, .adv_w = 206, .box_w = 11, .box_h = 13, .ofs_x = 1, .ofs_y = -1},
    {.bitmap_index = 14800, .adv_w = 206, .box_w = 11, .box_h = 13, .ofs_x = 1, .ofs_y = -1},
    {.bitmap_index = 14818, .adv_w = 206, .box_w = 10, .box_h = 13, .ofs_x = 1, .ofs_y = -1},
    {.bitmap_index = 14835, .adv_w = 206, .box_w = 10, .box_h = 13, .ofs_x = 1, .ofs_y = -1},
    {.bitmap_index = 14852, .adv_w = 206, .box_w = 10, .box_h = 13, .ofs_x = 1, .ofs_y = -1},
    {.bitmap_index = 14869, .adv_w = 206, .box_w = 11, .box_h = 13, .ofs_x = 1, .ofs_y = -1},
    {.bitmap_index = 14887, .adv_w = 206, .box_w = 10, .box_h = 13, .ofs_x = 1, .ofs_y = -1},
    {.bitmap_index = 14904, .adv_w = 206, .box_w = 10, .box_h = 13, .ofs_x = 1, .ofs_y = -1},
    {.bitmap_index = 14921, .adv_w = 206, .box_w = 11, .box_h = 12, .ofs_x = 1, .ofs_y = 0},
    {.bitmap_index = 14938, .adv_w = 206, .box_w = 11, .box_h = 13, .ofs_x = 1, .ofs_y = -1},
    {.bitmap_index = 14956, .adv_w = 206, .box_w = 10, .box_h = 13, .ofs_x = 1, .ofs_y = -1},
    {.bitmap_index = 14973, .adv_w = 206, .box_w = 11, .box_h = 13, .ofs_x = 1, .ofs_y = -1},
    {.bitmap_index = 14991, .adv_w = 206, .box_w = 11, .box_h = 13, .ofs_x = 1, .ofs_y = -1},
    {.bitmap_index = 15009, .adv_w = 206, .box_w = 11, .box_h = 13, .ofs_x = 1, .ofs_y = -1},
    {.bitmap_index = 15027, .adv_w = 206, .box_w = 11, .box_h = 13, .ofs_x = 1, .ofs_y = -1},
    {.bitmap_index = 15045, .adv_w = 206, .box_w = 11, .box_h = 13, .ofs_x = 1, .ofs_y = -1},
    {.bitmap_index = 15063, .adv_w = 206, .box_w = 10, .box_h = 13, .ofs_x = 1, .ofs_y = -1},
    {.bitmap_index = 15080, .adv_w = 206, .box_w = 10, .box_h = 13, .ofs_x = 1, .ofs_y = -1},
    {.bitmap_index = 15097, .adv_w = 206, .box_w = 11, .box_h = 13, .ofs_x = 1, .ofs_y = -1},
    {.bitmap_index = 15115, .adv_w = 206, .box_w = 11, .box_h = 13, .ofs_x = 1, .ofs_y = -1},
    {.bitmap_index = 15133, .adv_w = 206, .box_w = 10, .box_h = 13, .ofs_x = 1, .ofs_y = -1},
    {.bitmap_index = 15150, .adv_w = 206, .box_w = 10, .box_h = 13, .ofs_x = 1, .ofs_y = -1},
    {.bitmap_index = 15167, .adv_w = 206, .box_w = 10, .box_h = 13, .ofs_x = 1, .ofs_y = -1},
    {.bitmap_index = 15184, .adv_w = 206, .box_w = 11, .box_h = 12, .ofs_x = 1, .ofs_y = 0},
    {.bitmap_index = 15201, .adv_w = 206, .box_w = 10, .box_h = 13, .ofs_x = 1, .ofs_y = -1},
    {.bitmap_index = 15218, .adv_w = 206, .box_w = 11, .box_h = 13, .ofs_x = 1, .ofs_y = -1},
    {.bitmap_index = 15236, .adv_w = 206, .box_w = 10, .box_h = 13, .ofs_x = 1, .ofs_y = -1},
    {.bitmap_index = 15253, .adv_w = 206, .box_w = 10, .box_h = 13, .ofs_x = 1, .ofs_y = -1},
    {.bitmap_index = 15270, .adv_w = 206, .box_w = 10, .box_h = 13, .ofs_x = 1, .ofs_y = -1},
    {.bitmap_index = 15287, .adv_w = 206, .box_w = 10, .box_h = 13, .ofs_x = 1, .ofs_y = -1},
    {.bitmap_index = 15304, .adv_w = 206, .box_w = 11, .box_h = 13, .ofs_x = 1, .ofs_y = -1},
    {.bitmap_index = 15322, .adv_w = 206, .box_w = 10, .box_h = 13, .ofs_x = 1, .ofs_y = -1},
    {.bitmap_index = 15339, .adv_w = 206, .box_w = 10, .box_h = 13, .ofs_x = 1, .ofs_y = -1},
    {.bitmap_index = 15356, .adv_w = 206, .box_w = 11, .box_h = 12, .ofs_x = 1, .ofs_y = 0},
    {.bitmap_index = 15373, .adv_w = 206, .box_w = 11, .box_h = 12, .ofs_x = 1, .ofs_y = 0},
    {.bitmap_index = 15390, .adv_w = 206, .box_w = 10, .box_h = 13, .ofs_x = 1, .ofs_y = -1},
    {.bitmap_index = 15407, .adv_w = 206, .box_w = 10, .box_h = 13, .ofs_x = 1, .ofs_y = -1},
    {.bitmap_index = 15424, .adv_w = 206, .box_w = 10, .box_h = 13, .ofs_x = 1, .ofs_y = -1},
    {.bitmap_index = 15441, .adv_w = 206, .box_w = 11, .box_h = 13, .ofs_x = 1, .ofs_y = -1},
    {.bitmap_index = 15459, .adv_w = 206, .box_w = 11, .box_h = 13, .ofs_x = 1, .ofs_y = -1},
    {.bitmap_index = 15477, .adv_w = 206, .box_w = 11, .box_h = 12, .ofs_x = 1, .ofs_y = 0},
    {.bitmap_index = 15494, .adv_w = 206, .box_w = 11, .box_h = 12, .ofs_x = 1, .ofs_y = 0},
    {.bitmap_index = 15511, .adv_w = 206, .box_w = 10, .box_h = 13, .ofs_x = 1, .ofs_y = -1},
    {.bitmap_index = 15528, .adv_w = 206, .box_w = 11, .box_h = 13, .ofs_x = 1, .ofs_y = -1},
    {.bitmap_index = 15546, .adv_w = 206, .box_w = 10, .box_h = 13, .ofs_x = 1, .ofs_y = -1},
    {.bitmap_index = 15563, .adv_w = 206, .box_w = 12, .box_h = 10, .ofs_x = 0, .ofs_y = 1},
    {.bitmap_index = 15578, .adv_w = 206, .box_w = 12, .box_h = 12, .ofs_x = 0, .ofs_y = -1},
    {.bitmap_index = 15596, .adv_w = 206, .box_w = 12, .box_h = 12, .ofs_x = 0, .ofs_y = -1},
    {.bitmap_index = 15614, .adv_w = 206, .box_w = 12, .box_h = 12, .ofs_x = 0, .ofs_y = -1},
    {.bitmap_index = 15632, .adv_w = 206, .box_w = 12, .box_h = 12, .ofs_x = 0, .ofs_y = -1},
    {.bitmap_index = 15650, .adv_w = 206, .box_w = 12, .box_h = 12, .ofs_x = 0, .ofs_y = -1},
    {.bitmap_index = 15668, .adv_w = 206, .box_w = 12, .box_h = 12, .ofs_x = 0, .ofs_y = -1},
    {.bitmap_index = 15686, .adv_w = 206, .box_w = 12, .box_h = 12, .ofs_x = 0, .ofs_y = -1},
    {.bitmap_index = 15704, .adv_w = 206, .box_w = 12, .box_h = 12, .ofs_x = 0, .ofs_y = -1},
    {.bitmap_index = 15722, .adv_w = 206, .box_w = 12, .box_h = 12, .ofs_x = 0, .ofs_y = -1},
    {.bitmap_index = 15740, .adv_w = 206, .box_w = 12, .box_h = 13, .ofs_x = 1, .ofs_y = -1},
    {.bitmap_index = 15760, .adv_w = 206, .box_w = 12, .box_h = 13, .ofs_x = 1, .ofs_y = -1},
    {.bitmap_index = 15780, .adv_w = 206, .box_w = 12, .box_h = 12, .ofs_x = 1, .ofs_y = 0},
    {.bitmap_index = 15798, .adv_w = 206, .box_w = 12, .box_h = 13, .ofs_x = 1, .ofs_y = -1},
    {.bitmap_index = 15818, .adv_w = 206, .box_w = 10, .box_h = 13, .ofs_x = 1, .ofs_y = -1},
    {.bitmap_index = 15835, .adv_w = 206, .box_w = 11, .box_h = 13, .ofs_x = 1, .ofs_y = -1},
    {.bitmap_index = 15853, .adv_w = 206, .box_w = 11, .box_h = 13, .ofs_x = 1, .ofs_y = -1},
    {.bitmap_index = 15871, .adv_w = 206, .box_w = 10, .box_h = 13, .ofs_x = 1, .ofs_y = -1},
    {.bitmap_index = 15888, .adv_w = 206, .box_w = 11, .box_h = 13, .ofs_x = 1, .ofs_y = -1},
    {.bitmap_index = 15906, .adv_w = 206, .box_w = 10, .box_h = 13, .ofs_x = 1, .ofs_y = -1},
    {.bitmap_index = 15923, .adv_w = 206, .box_w = 12, .box_h = 11, .ofs_x = 0, .ofs_y = 0},
    {.bitmap_index = 15940, .adv_w = 206, .box_w = 12, .box_h = 12, .ofs_x = 0, .ofs_y = -1},
    {.bitmap_index = 15958, .adv_w = 206, .box_w = 12, .box_h = 12, .ofs_x = 0, .ofs_y = -1},
    {.bitmap_index = 15976, .adv_w = 206, .box_w = 12, .box_h = 12, .ofs_x = 0, .ofs_y = -1},
    {.bitmap_index = 15994, .adv_w = 206, .box_w = 12, .box_h = 12, .ofs_x = 0, .ofs_y = -1},
    {.bitmap_index = 16012, .adv_w = 206, .box_w = 12, .box_h = 12, .ofs_x = 0, .ofs_y = -1},
    {.bitmap_index = 16030, .adv_w = 206, .box_w = 12, .box_h = 12, .ofs_x = 0, .ofs_y = -1},
    {.bitmap_index = 16048, .adv_w = 206, .box_w = 12, .box_h = 12, .ofs_x = 0, .ofs_y = -1},
    {.bitmap_index = 16066, .adv_w = 206, .box_w = 12, .box_h = 12, .ofs_x = 0, .ofs_y = -1},
    {.bitmap_index = 16084, .adv_w = 206, .box_w = 12, .box_h = 12, .ofs_x = 0, .ofs_y = -1},
    {.bitmap_index = 16102, .adv_w = 206, .box_w = 12, .box_h = 12, .ofs_x = 0, .ofs_y = -1},
    {.bitmap_index = 16120, .adv_w = 206, .box_w = 12, .box_h = 12, .ofs_x = 0, .ofs_y = -1},
    {.bitmap_index = 16138, .adv_w = 206, .box_w = 12, .box_h = 12, .ofs_x = 0, .ofs_y = -1},
    {.bitmap_index = 16156, .adv_w = 206, .box_w = 12, .box_h = 12, .ofs_x = 0, .ofs_y = -1},
    {.bitmap_index = 16174, .adv_w = 206, .box_w = 12, .box_h = 12, .ofs_x = 0, .ofs_y = -1},
    {.bitmap_index = 16192, .adv_w = 206, .box_w = 12, .box_h = 12, .ofs_x = 0, .ofs_y = -1},
    {.bitmap_index = 16210, .adv_w = 206, .box_w = 12, .box_h = 12, .ofs_x = 0, .ofs_y = -1},
    {.bitmap_index = 16228, .adv_w = 206, .box_w = 12, .box_h = 12, .ofs_x = 0, .ofs_y = -1},
    {.bitmap_index = 16246, .adv_w = 206, .box_w = 12, .box_h = 12, .ofs_x = 0, .ofs_y = -1},
    {.bitmap_index = 16264, .adv_w = 206, .box_w = 10, .box_h = 13, .ofs_x = 1, .ofs_y = -1},
    {.bitmap_index = 16281, .adv_w = 206, .box_w = 11, .box_h = 13, .ofs_x = 1, .ofs_y = -1},
    {.bitmap_index = 16299, .adv_w = 206, .box_w = 11, .box_h = 13, .ofs_x = 1, .ofs_y = -1},
    {.bitmap_index = 16317, .adv_w = 206, .box_w = 10, .box_h = 13, .ofs_x = 1, .ofs_y = -1},
    {.bitmap_index = 16334, .adv_w = 206, .box_w = 11, .box_h = 12, .ofs_x = 1, .ofs_y = 0},
    {.bitmap_index = 16351, .adv_w = 206, .box_w = 11, .box_h = 13, .ofs_x = 0, .ofs_y = -1},
    {.bitmap_index = 16369, .adv_w = 206, .box_w = 10, .box_h = 13, .ofs_x = 1, .ofs_y = -1},
    {.bitmap_index = 16386, .adv_w = 206, .box_w = 11, .box_h = 13, .ofs_x = 1, .ofs_y = -1},
    {.bitmap_index = 16404, .adv_w = 206, .box_w = 11, .box_h = 13, .ofs_x = 1, .ofs_y = -1},
    {.bitmap_index = 16422, .adv_w = 206, .box_w = 12, .box_h = 12, .ofs_x = 0, .ofs_y = -1},
    {.bitmap_index = 16440, .adv_w = 206, .box_w = 12, .box_h = 12, .ofs_x = 0, .ofs_y = -1},
    {.bitmap_index = 16458, .adv_w = 206, .box_w = 12, .box_h = 12, .ofs_x = 0, .ofs_y = -1},
    {.bitmap_index = 16476, .adv_w = 206, .box_w = 12, .box_h = 12, .ofs_x = 0, .ofs_y = -1},
    {.bitmap_index = 16494, .adv_w = 206, .box_w = 12, .box_h = 12, .ofs_x = 0, .ofs_y = -1},
    {.bitmap_index = 16512, .adv_w = 206, .box_w = 12, .box_h = 9, .ofs_x = 0, .ofs_y = 1},
    {.bitmap_index = 16526, .adv_w = 206, .box_w = 12, .box_h = 12, .ofs_x = 0, .ofs_y = -1},
    {.bitmap_index = 16544, .adv_w = 206, .box_w = 12, .box_h = 12, .ofs_x = 0, .ofs_y = -1},
    {.bitmap_index = 16562, .adv_w = 206, .box_w = 12, .box_h = 12, .ofs_x = 0, .ofs_y = -1},
    {.bitmap_index = 16580, .adv_w = 206, .box_w = 12, .box_h = 12, .ofs_x = 0, .ofs_y = -1},
    {.bitmap_index = 16598, .adv_w = 206, .box_w = 9, .box_h = 13, .ofs_x = 2, .ofs_y = -1},
    {.bitmap_index = 16613, .adv_w = 206, .box_w = 9, .box_h = 13, .ofs_x = 2, .ofs_y = -1},
    {.bitmap_index = 16628, .adv_w = 206, .box_w = 10, .box_h = 13, .ofs_x = 2, .ofs_y = -1},
    {.bitmap_index = 16645, .adv_w = 206, .box_w = 10, .box_h = 13, .ofs_x = 2, .ofs_y = -1},
    {.bitmap_index = 16662, .adv_w = 206, .box_w = 10, .box_h = 13, .ofs_x = 2, .ofs_y = -1},
    {.bitmap_index = 16679, .adv_w = 206, .box_w = 9, .box_h = 13, .ofs_x = 2, .ofs_y = -1},
    {.bitmap_index = 16694, .adv_w = 206, .box_w = 9, .box_h = 13, .ofs_x = 2, .ofs_y = -1},
    {.bitmap_index = 16709, .adv_w = 206, .box_w = 9, .box_h = 13, .ofs_x = 2, .ofs_y = -1},
    {.bitmap_index = 16724, .adv_w = 206, .box_w = 10, .box_h = 12, .ofs_x = 2, .ofs_y = 0},
    {.bitmap_index = 16739, .adv_w = 206, .box_w = 10, .box_h = 12, .ofs_x = 2, .ofs_y = 0},
    {.bitmap_index = 16754, .adv_w = 206, .box_w = 9, .box_h = 13, .ofs_x = 2, .ofs_y = -1},
    {.bitmap_index = 16769, .adv_w = 206, .box_w = 10, .box_h = 13, .ofs_x = 2, .ofs_y = -1},
    {.bitmap_index = 16786, .adv_w = 206, .box_w = 10, .box_h = 13, .ofs_x = 2, .ofs_y = -1},
    {.bitmap_index = 16803, .adv_w = 206, .box_w = 11, .box_h = 13, .ofs_x = 1, .ofs_y = -1},
    {.bitmap_index = 16821, .adv_w = 206, .box_w = 11, .box_h = 13, .ofs_x = 1, .ofs_y = -1},
    {.bitmap_index = 16839, .adv_w = 206, .box_w = 11, .box_h = 13, .ofs_x = 1, .ofs_y = -1},
    {.bitmap_index = 16857, .adv_w = 206, .box_w = 11, .box_h = 13, .ofs_x = 1, .ofs_y = -1},
    {.bitmap_index = 16875, .adv_w = 206, .box_w = 11, .box_h = 13, .ofs_x = 1, .ofs_y = -1},
    {.bitmap_index = 16893, .adv_w = 206, .box_w = 11, .box_h = 13, .ofs_x = 1, .ofs_y = -1},
    {.bitmap_index = 16911, .adv_w = 206, .box_w = 11, .box_h = 13, .ofs_x = 1, .ofs_y = -1},
    {.bitmap_index = 16929, .adv_w = 206, .box_w = 11, .box_h = 13, .ofs_x = 1, .ofs_y = -1},
    {.bitmap_index = 16947, .adv_w = 206, .box_w = 11, .box_h = 13, .ofs_x = 1, .ofs_y = -1},
    {.bitmap_index = 16965, .adv_w = 206, .box_w = 11, .box_h = 13, .ofs_x = 1, .ofs_y = -1},
    {.bitmap_index = 16983, .adv_w = 206, .box_w = 11, .box_h = 13, .ofs_x = 1, .ofs_y = -1},
    {.bitmap_index = 17001, .adv_w = 206, .box_w = 11, .box_h = 13, .ofs_x = 1, .ofs_y = -1},
    {.bitmap_index = 17019, .adv_w = 206, .box_w = 11, .box_h = 12, .ofs_x = 1, .ofs_y = 0},
    {.bitmap_index = 17036, .adv_w = 206, .box_w = 11, .box_h = 13, .ofs_x = 1, .ofs_y = -1},
    {.bitmap_index = 17054, .adv_w = 206, .box_w = 11, .box_h = 13, .ofs_x = 1, .ofs_y = -1},
    {.bitmap_index = 17072, .adv_w = 206, .box_w = 10, .box_h = 13, .ofs_x = 1, .ofs_y = -1},
    {.bitmap_index = 17089, .adv_w = 206, .box_w = 10, .box_h = 13, .ofs_x = 1, .ofs_y = -1},
    {.bitmap_index = 17106, .adv_w = 206, .box_w = 10, .box_h = 13, .ofs_x = 1, .ofs_y = -1},
    {.bitmap_index = 17123, .adv_w = 206, .box_w = 11, .box_h = 13, .ofs_x = 1, .ofs_y = -1},
    {.bitmap_index = 17141, .adv_w = 206, .box_w = 10, .box_h = 13, .ofs_x = 1, .ofs_y = -1},
    {.bitmap_index = 17158, .adv_w = 206, .box_w = 10, .box_h = 13, .ofs_x = 1, .ofs_y = -1},
    {.bitmap_index = 17175, .adv_w = 206, .box_w = 11, .box_h = 12, .ofs_x = 1, .ofs_y = 0},
    {.bitmap_index = 17192, .adv_w = 206, .box_w = 11, .box_h = 12, .ofs_x = 1, .ofs_y = 0},
    {.bitmap_index = 17209, .adv_w = 206, .box_w = 10, .box_h = 13, .ofs_x = 1, .ofs_y = -1},
    {.bitmap_index = 17226, .adv_w = 206, .box_w = 10, .box_h = 13, .ofs_x = 1, .ofs_y = -1},
    {.bitmap_index = 17243, .adv_w = 206, .box_w = 11, .box_h = 13, .ofs_x = 1, .ofs_y = -1},
    {.bitmap_index = 17261, .adv_w = 206, .box_w = 11, .box_h = 13, .ofs_x = 1, .ofs_y = -1},
    {.bitmap_index = 17279, .adv_w = 206, .box_w = 11, .box_h = 13, .ofs_x = 1, .ofs_y = -1},
    {.bitmap_index = 17297, .adv_w = 206, .box_w = 11, .box_h = 13, .ofs_x = 1, .ofs_y = -1},
    {.bitmap_index = 17315, .adv_w = 206, .box_w = 10, .box_h = 13, .ofs_x = 1, .ofs_y = -1},
    {.bitmap_index = 17332, .adv_w = 206, .box_w = 10, .box_h = 13, .ofs_x = 1, .ofs_y = -1},
    {.bitmap_index = 17349, .adv_w = 206, .box_w = 11, .box_h = 13, .ofs_x = 1, .ofs_y = -1},
    {.bitmap_index = 17367, .adv_w = 206, .box_w = 11, .box_h = 13, .ofs_x = 1, .ofs_y = -1},
    {.bitmap_index = 17385, .adv_w = 206, .box_w = 11, .box_h = 13, .ofs_x = 1, .ofs_y = -1},
    {.bitmap_index = 17403, .adv_w = 206, .box_w = 10, .box_h = 13, .ofs_x = 1, .ofs_y = -1},
    {.bitmap_index = 17420, .adv_w = 206, .box_w = 10, .box_h = 13, .ofs_x = 1, .ofs_y = -1},
    {.bitmap_index = 17437, .adv_w = 206, .box_w = 10, .box_h = 13, .ofs_x = 1, .ofs_y = -1},
    {.bitmap_index = 17454, .adv_w = 206, .box_w = 11, .box_h = 13, .ofs_x = 1, .ofs_y = -1},
    {.bitmap_index = 17472, .adv_w = 206, .box_w = 10, .box_h = 13, .ofs_x = 1, .ofs_y = -1},
    {.bitmap_index = 17489, .adv_w = 206, .box_w = 11, .box_h = 13, .ofs_x = 1, .ofs_y = -1},
    {.bitmap_index = 17507, .adv_w = 206, .box_w = 10, .box_h = 13, .ofs_x = 1, .ofs_y = -1},
    {.bitmap_index = 17524, .adv_w = 206, .box_w = 10, .box_h = 13, .ofs_x = 1, .ofs_y = -1},
    {.bitmap_index = 17541, .adv_w = 206, .box_w = 10, .box_h = 13, .ofs_x = 1, .ofs_y = -1},
    {.bitmap_index = 17558, .adv_w = 206, .box_w = 10, .box_h = 13, .ofs_x = 1, .ofs_y = -1},
    {.bitmap_index = 17575, .adv_w = 206, .box_w = 11, .box_h = 13, .ofs_x = 1, .ofs_y = -1},
    {.bitmap_index = 17593, .adv_w = 206, .box_w = 10, .box_h = 13, .ofs_x = 1, .ofs_y = -1},
    {.bitmap_index = 17610, .adv_w = 206, .box_w = 10, .box_h = 13, .ofs_x = 1, .ofs_y = -1},
    {.bitmap_index = 17627, .adv_w = 206, .box_w = 11, .box_h = 12, .ofs_x = 1, .ofs_y = 0},
    {.bitmap_index = 17644, .adv_w = 206, .box_w = 11, .box_h = 12, .ofs_x = 1, .ofs_y = 0},
    {.bitmap_index = 17661, .adv_w = 206, .box_w = 10, .box_h = 13, .ofs_x = 1, .ofs_y = -1},
    {.bitmap_index = 17678, .adv_w = 206, .box_w = 10, .box_h = 13, .ofs_x = 1, .ofs_y = -1},
    {.bitmap_index = 17695, .adv_w = 206, .box_w = 10, .box_h = 13, .ofs_x = 1, .ofs_y = -1},
    {.bitmap_index = 17712, .adv_w = 206, .box_w = 11, .box_h = 13, .ofs_x = 1, .ofs_y = -1},
    {.bitmap_index = 17730, .adv_w = 206, .box_w = 11, .box_h = 13, .ofs_x = 1, .ofs_y = -1},
    {.bitmap_index = 17748, .adv_w = 206, .box_w = 10, .box_h = 13, .ofs_x = 1, .ofs_y = -1},
    {.bitmap_index = 17765, .adv_w = 206, .box_w = 11, .box_h = 13, .ofs_x = 1, .ofs_y = -1},
    {.bitmap_index = 17783, .adv_w = 206, .box_w = 11, .box_h = 12, .ofs_x = 1, .ofs_y = 0},
    {.bitmap_index = 17800, .adv_w = 206, .box_w = 10, .box_h = 13, .ofs_x = 1, .ofs_y = -1},
    {.bitmap_index = 17817, .adv_w = 206, .box_w = 11, .box_h = 13, .ofs_x = 1, .ofs_y = -1},
    {.bitmap_index = 17835, .adv_w = 206, .box_w = 10, .box_h = 13, .ofs_x = 1, .ofs_y = -1},
    {.bitmap_index = 17852, .adv_w = 206, .box_w = 10, .box_h = 13, .ofs_x = 1, .ofs_y = -1},
    {.bitmap_index = 17869, .adv_w = 206, .box_w = 12, .box_h = 9, .ofs_x = 0, .ofs_y = 1},
    {.bitmap_index = 17883, .adv_w = 206, .box_w = 12, .box_h = 12, .ofs_x = 0, .ofs_y = -1},
    {.bitmap_index = 17901, .adv_w = 206, .box_w = 12, .box_h = 12, .ofs_x = 0, .ofs_y = -1},
    {.bitmap_index = 17919, .adv_w = 206, .box_w = 12, .box_h = 12, .ofs_x = 0, .ofs_y = -1},
    {.bitmap_index = 17937, .adv_w = 206, .box_w = 12, .box_h = 12, .ofs_x = 0, .ofs_y = -1},
    {.bitmap_index = 17955, .adv_w = 206, .box_w = 12, .box_h = 12, .ofs_x = 0, .ofs_y = -1},
    {.bitmap_index = 17973, .adv_w = 206, .box_w = 12, .box_h = 12, .ofs_x = 0, .ofs_y = -1},
    {.bitmap_index = 17991, .adv_w = 206, .box_w = 12, .box_h = 12, .ofs_x = 0, .ofs_y = -1},
    {.bitmap_index = 18009, .adv_w = 206, .box_w = 12, .box_h = 12, .ofs_x = 0, .ofs_y = -1},
    {.bitmap_index = 18027, .adv_w = 206, .box_w = 12, .box_h = 13, .ofs_x = 1, .ofs_y = -1},
    {.bitmap_index = 18047, .adv_w = 206, .box_w = 12, .box_h = 13, .ofs_x = 1, .ofs_y = -1},
    {.bitmap_index = 18067, .adv_w = 206, .box_w = 12, .box_h = 13, .ofs_x = 1, .ofs_y = -1},
    {.bitmap_index = 18087, .adv_w = 206, .box_w = 11, .box_h = 13, .ofs_x = 0, .ofs_y = -1},
    {.bitmap_index = 18105, .adv_w = 206, .box_w = 12, .box_h = 13, .ofs_x = 0, .ofs_y = -1},
    {.bitmap_index = 18125, .adv_w = 206, .box_w = 10, .box_h = 13, .ofs_x = 1, .ofs_y = -1},
    {.bitmap_index = 18142, .adv_w = 206, .box_w = 10, .box_h = 13, .ofs_x = 1, .ofs_y = -1},
    {.bitmap_index = 18159, .adv_w = 206, .box_w = 11, .box_h = 13, .ofs_x = 1, .ofs_y = -1},
    {.bitmap_index = 18177, .adv_w = 206, .box_w = 11, .box_h = 13, .ofs_x = 1, .ofs_y = -1},
    {.bitmap_index = 18195, .adv_w = 206, .box_w = 10, .box_h = 13, .ofs_x = 1, .ofs_y = -1},
    {.bitmap_index = 18212, .adv_w = 206, .box_w = 10, .box_h = 13, .ofs_x = 1, .ofs_y = -1},
    {.bitmap_index = 18229, .adv_w = 206, .box_w = 12, .box_h = 11, .ofs_x = 0, .ofs_y = 0},
    {.bitmap_index = 18246, .adv_w = 206, .box_w = 12, .box_h = 12, .ofs_x = 0, .ofs_y = -1},
    {.bitmap_index = 18264, .adv_w = 206, .box_w = 12, .box_h = 12, .ofs_x = 0, .ofs_y = -1},
    {.bitmap_index = 18282, .adv_w = 206, .box_w = 12, .box_h = 12, .ofs_x = 0, .ofs_y = -1},
    {.bitmap_index = 18300, .adv_w = 206, .box_w = 12, .box_h = 12, .ofs_x = 0, .ofs_y = -1},
    {.bitmap_index = 18318, .adv_w = 206, .box_w = 12, .box_h = 12, .ofs_x = 0, .ofs_y = -1},
    {.bitmap_index = 18336, .adv_w = 206, .box_w = 12, .box_h = 12, .ofs_x = 0, .ofs_y = -1},
    {.bitmap_index = 18354, .adv_w = 206, .box_w = 12, .box_h = 12, .ofs_x = 0, .ofs_y = -1},
    {.bitmap_index = 18372, .adv_w = 206, .box_w = 12, .box_h = 12, .ofs_x = 0, .ofs_y = -1},
    {.bitmap_index = 18390, .adv_w = 206, .box_w = 12, .box_h = 12, .ofs_x = 0, .ofs_y = -1},
    {.bitmap_index = 18408, .adv_w = 206, .box_w = 12, .box_h = 12, .ofs_x = 0, .ofs_y = -1},
    {.bitmap_index = 18426, .adv_w = 206, .box_w = 12, .box_h = 12, .ofs_x = 0, .ofs_y = -1},
    {.bitmap_index = 18444, .adv_w = 206, .box_w = 12, .box_h = 12, .ofs_x = 0, .ofs_y = -1},
    {.bitmap_index = 18462, .adv_w = 206, .box_w = 12, .box_h = 12, .ofs_x = 0, .ofs_y = -1},
    {.bitmap_index = 18480, .adv_w = 206, .box_w = 12, .box_h = 12, .ofs_x = 0, .ofs_y = -1},
    {.bitmap_index = 18498, .adv_w = 206, .box_w = 10, .box_h = 13, .ofs_x = 1, .ofs_y = -1},
    {.bitmap_index = 18515, .adv_w = 206, .box_w = 11, .box_h = 13, .ofs_x = 1, .ofs_y = -1},
    {.bitmap_index = 18533, .adv_w = 206, .box_w = 11, .box_h = 13, .ofs_x = 1, .ofs_y = -1},
    {.bitmap_index = 18551, .adv_w = 206, .box_w = 11, .box_h = 13, .ofs_x = 0, .ofs_y = -1},
    {.bitmap_index = 18569, .adv_w = 206, .box_w = 10, .box_h = 13, .ofs_x = 1, .ofs_y = -1},
    {.bitmap_index = 18586, .adv_w = 206, .box_w = 10, .box_h = 13, .ofs_x = 1, .ofs_y = -1},
    {.bitmap_index = 18603, .adv_w = 206, .box_w = 11, .box_h = 13, .ofs_x = 1, .ofs_y = -1},
    {.bitmap_index = 18621, .adv_w = 206, .box_w = 11, .box_h = 13, .ofs_x = 1, .ofs_y = -1},
    {.bitmap_index = 18639, .adv_w = 206, .box_w = 10, .box_h = 13, .ofs_x = 1, .ofs_y = -1},
    {.bitmap_index = 18656, .adv_w = 206, .box_w = 12, .box_h = 12, .ofs_x = 0, .ofs_y = -1},
    {.bitmap_index = 18674, .adv_w = 206, .box_w = 12, .box_h = 12, .ofs_x = 0, .ofs_y = -1},
    {.bitmap_index = 18692, .adv_w = 206, .box_w = 12, .box_h = 12, .ofs_x = 0, .ofs_y = -1},
    {.bitmap_index = 18710, .adv_w = 206, .box_w = 12, .box_h = 12, .ofs_x = 0, .ofs_y = -1},
    {.bitmap_index = 18728, .adv_w = 206, .box_w = 12, .box_h = 12, .ofs_x = 0, .ofs_y = -1},
    {.bitmap_index = 18746, .adv_w = 206, .box_w = 12, .box_h = 12, .ofs_x = 0, .ofs_y = -1},
    {.bitmap_index = 18764, .adv_w = 206, .box_w = 12, .box_h = 10, .ofs_x = 0, .ofs_y = 1},
    {.bitmap_index = 18779, .adv_w = 206, .box_w = 12, .box_h = 12, .ofs_x = 0, .ofs_y = -1},
    {.bitmap_index = 18797, .adv_w = 206, .box_w = 12, .box_h = 12, .ofs_x = 0, .ofs_y = -1},
    {.bitmap_index = 18815, .adv_w = 206, .box_w = 12, .box_h = 12, .ofs_x = 0, .ofs_y = -1},
    {.bitmap_index = 18833, .adv_w = 206, .box_w = 12, .box_h = 12, .ofs_x = 0, .ofs_y = -1},
    {.bitmap_index = 18851, .adv_w = 206, .box_w = 12, .box_h = 12, .ofs_x = 0, .ofs_y = -1},
    {.bitmap_index = 18869, .adv_w = 206, .box_w = 12, .box_h = 12, .ofs_x = 0, .ofs_y = -1},
    {.bitmap_index = 18887, .adv_w = 206, .box_w = 9, .box_h = 13, .ofs_x = 2, .ofs_y = -1},
    {.bitmap_index = 18902, .adv_w = 206, .box_w = 9, .box_h = 13, .ofs_x = 2, .ofs_y = -1},
    {.bitmap_index = 18917, .adv_w = 206, .box_w = 10, .box_h = 13, .ofs_x = 2, .ofs_y = -1},
    {.bitmap_index = 18934, .adv_w = 206, .box_w = 10, .box_h = 13, .ofs_x = 2, .ofs_y = -1},
    {.bitmap_index = 18951, .adv_w = 206, .box_w = 9, .box_h = 13, .ofs_x = 2, .ofs_y = -1},
    {.bitmap_index = 18966, .adv_w = 206, .box_w = 9, .box_h = 13, .ofs_x = 2, .ofs_y = -1},
    {.bitmap_index = 18981, .adv_w = 206, .box_w = 9, .box_h = 13, .ofs_x = 2, .ofs_y = -1},
    {.bitmap_index = 18996, .adv_w = 206, .box_w = 10, .box_h = 12, .ofs_x = 2, .ofs_y = 0},
    {.bitmap_index = 19011, .adv_w = 206, .box_w = 9, .box_h = 13, .ofs_x = 2, .ofs_y = -1},
    {.bitmap_index = 19026, .adv_w = 206, .box_w = 10, .box_h = 13, .ofs_x = 2, .ofs_y = -1},
    {.bitmap_index = 19043, .adv_w = 206, .box_w = 10, .box_h = 13, .ofs_x = 2, .ofs_y = -1},
    {.bitmap_index = 19060, .adv_w = 206, .box_w = 11, .box_h = 13, .ofs_x = 1, .ofs_y = -1},
    {.bitmap_index = 19078, .adv_w = 206, .box_w = 11, .box_h = 13, .ofs_x = 1, .ofs_y = -1},
    {.bitmap_index = 19096, .adv_w = 206, .box_w = 11, .box_h = 13, .ofs_x = 1, .ofs_y = -1},
    {.bitmap_index = 19114, .adv_w = 206, .box_w = 11, .box_h = 13, .ofs_x = 1, .ofs_y = -1},
    {.bitmap_index = 19132, .adv_w = 206, .box_w = 11, .box_h = 13, .ofs_x = 1, .ofs_y = -1},
    {.bitmap_index = 19150, .adv_w = 206, .box_w = 12, .box_h = 13, .ofs_x = 1, .ofs_y = -1},
    {.bitmap_index = 19170, .adv_w = 206, .box_w = 12, .box_h = 13, .ofs_x = 1, .ofs_y = -1},
    {.bitmap_index = 19190, .adv_w = 206, .box_w = 11, .box_h = 13, .ofs_x = 1, .ofs_y = -1},
    {.bitmap_index = 19208, .adv_w = 206, .box_w = 11, .box_h = 12, .ofs_x = 1, .ofs_y = 0},
    {.bitmap_index = 19225, .adv_w = 206, .box_w = 11, .box_h = 13, .ofs_x = 1, .ofs_y = -1},
    {.bitmap_index = 19243, .adv_w = 206, .box_w = 11, .box_h = 13, .ofs_x = 1, .ofs_y = -1},
    {.bitmap_index = 19261, .adv_w = 206, .box_w = 11, .box_h = 13, .ofs_x = 1, .ofs_y = -1},
    {.bitmap_index = 19279, .adv_w = 206, .box_w = 11, .box_h = 13, .ofs_x = 1, .ofs_y = -1},
    {.bitmap_index = 19297, .adv_w = 206, .box_w = 11, .box_h = 13, .ofs_x = 1, .ofs_y = -1},
    {.bitmap_index = 19315, .adv_w = 206, .box_w = 11, .box_h = 13, .ofs_x = 1, .ofs_y = -1},
    {.bitmap_index = 19333, .adv_w = 206, .box_w = 11, .box_h = 13, .ofs_x = 1, .ofs_y = -1},
    {.bitmap_index = 19351, .adv_w = 206, .box_w = 11, .box_h = 13, .ofs_x = 1, .ofs_y = -1},
    {.bitmap_index = 19369, .adv_w = 206, .box_w = 12, .box_h = 12, .ofs_x = 1, .ofs_y = 0},
    {.bitmap_index = 19387, .adv_w = 206, .box_w = 12, .box_h = 12, .ofs_x = 1, .ofs_y = 0},
    {.bitmap_index = 19405, .adv_w = 206, .box_w = 11, .box_h = 13, .ofs_x = 1, .ofs_y = -1},
    {.bitmap_index = 19423, .adv_w = 206, .box_w = 11, .box_h = 13, .ofs_x = 1, .ofs_y = -1},
    {.bitmap_index = 19441, .adv_w = 206, .box_w = 11, .box_h = 13, .ofs_x = 1, .ofs_y = -1},
    {.bitmap_index = 19459, .adv_w = 206, .box_w = 12, .box_h = 13, .ofs_x = 1, .ofs_y = -1},
    {.bitmap_index = 19479, .adv_w = 206, .box_w = 10, .box_h = 13, .ofs_x = 1, .ofs_y = -1},
    {.bitmap_index = 19496, .adv_w = 206, .box_w = 10, .box_h = 13, .ofs_x = 1, .ofs_y = -1},
    {.bitmap_index = 19513, .adv_w = 206, .box_w = 11, .box_h = 13, .ofs_x = 1, .ofs_y = -1},
    {.bitmap_index = 19531, .adv_w = 206, .box_w = 11, .box_h = 13, .ofs_x = 1, .ofs_y = -1},
    {.bitmap_index = 19549, .adv_w = 206, .box_w = 11, .box_h = 13, .ofs_x = 1, .ofs_y = -1},
    {.bitmap_index = 19567, .adv_w = 206, .box_w = 10, .box_h = 13, .ofs_x = 1, .ofs_y = -1},
    {.bitmap_index = 19584, .adv_w = 206, .box_w = 11, .box_h = 13, .ofs_x = 1, .ofs_y = -1},
    {.bitmap_index = 19602, .adv_w = 206, .box_w = 11, .box_h = 12, .ofs_x = 1, .ofs_y = 0},
    {.bitmap_index = 19619, .adv_w = 206, .box_w = 11, .box_h = 13, .ofs_x = 1, .ofs_y = -1},
    {.bitmap_index = 19637, .adv_w = 206, .box_w = 11, .box_h = 13, .ofs_x = 1, .ofs_y = -1},
    {.bitmap_index = 19655, .adv_w = 206, .box_w = 11, .box_h = 13, .ofs_x = 1, .ofs_y = -1},
    {.bitmap_index = 19673, .adv_w = 206, .box_w = 10, .box_h = 13, .ofs_x = 1, .ofs_y = -1},
    {.bitmap_index = 19690, .adv_w = 206, .box_w = 10, .box_h = 13, .ofs_x = 1, .ofs_y = -1},
    {.bitmap_index = 19707, .adv_w = 206, .box_w = 10, .box_h = 13, .ofs_x = 1, .ofs_y = -1},
    {.bitmap_index = 19724, .adv_w = 206, .box_w = 10, .box_h = 13, .ofs_x = 1, .ofs_y = -1},
    {.bitmap_index = 19741, .adv_w = 206, .box_w = 11, .box_h = 13, .ofs_x = 1, .ofs_y = -1},
    {.bitmap_index = 19759, .adv_w = 206, .box_w = 11, .box_h = 12, .ofs_x = 1, .ofs_y = 0},
    {.bitmap_index = 19776, .adv_w = 206, .box_w = 11, .box_h = 13, .ofs_x = 1, .ofs_y = -1},
    {.bitmap_index = 19794, .adv_w = 206, .box_w = 12, .box_h = 9, .ofs_x = 0, .ofs_y = 1},
    {.bitmap_index = 19808, .adv_w = 206, .box_w = 12, .box_h = 12, .ofs_x = 0, .ofs_y = -1},
    {.bitmap_index = 19826, .adv_w = 206, .box_w = 12, .box_h = 12, .ofs_x = 0, .ofs_y = -1},
    {.bitmap_index = 19844, .adv_w = 206, .box_w = 12, .box_h = 12, .ofs_x = 0, .ofs_y = -1},
    {.bitmap_index = 19862, .adv_w = 206, .box_w = 12, .box_h = 12, .ofs_x = 0, .ofs_y = -1},
    {.bitmap_index = 19880, .adv_w = 206, .box_w = 12, .box_h = 12, .ofs_x = 0, .ofs_y = -1},
    {.bitmap_index = 19898, .adv_w = 206, .box_w = 12, .box_h = 12, .ofs_x = 0, .ofs_y = -1},
    {.bitmap_index = 19916, .adv_w = 206, .box_w = 11, .box_h = 13, .ofs_x = 1, .ofs_y = -1},
    {.bitmap_index = 19934, .adv_w = 206, .box_w = 12, .box_h = 9, .ofs_x = 0, .ofs_y = 1},
    {.bitmap_index = 19948, .adv_w = 206, .box_w = 12, .box_h = 12, .ofs_x = 0, .ofs_y = -1},
    {.bitmap_index = 19966, .adv_w = 206, .box_w = 12, .box_h = 12, .ofs_x = 0, .ofs_y = -1},
    {.bitmap_index = 19984, .adv_w = 206, .box_w = 12, .box_h = 12, .ofs_x = 0, .ofs_y = -1},
    {.bitmap_index = 20002, .adv_w = 206, .box_w = 12, .box_h = 12, .ofs_x = 0, .ofs_y = -1},
    {.bitmap_index = 20020, .adv_w = 206, .box_w = 12, .box_h = 12, .ofs_x = 0, .ofs_y = -1},
    {.bitmap_index = 20038, .adv_w = 206, .box_w = 12, .box_h = 12, .ofs_x = 0, .ofs_y = -1},
    {.bitmap_index = 20056, .adv_w = 206, .box_w = 12, .box_h = 12, .ofs_x = 0, .ofs_y = -1},
    {.bitmap_index = 20074, .adv_w = 206, .box_w = 12, .box_h = 12, .ofs_x = 0, .ofs_y = -1},
    {.bitmap_index = 20092, .adv_w = 206, .box_w = 12, .box_h = 12, .ofs_x = 0, .ofs_y = -1},
    {.bitmap_index = 20110, .adv_w = 206, .box_w = 12, .box_h = 12, .ofs_x = 0, .ofs_y = -1},
    {.bitmap_index = 20128, .adv_w = 206, .box_w = 12, .box_h = 9, .ofs_x = 0, .ofs_y = 1},
    {.bitmap_index = 20142, .adv_w = 206, .box_w = 12, .box_h = 12, .ofs_x = 0, .ofs_y = -1},
    {.bitmap_index = 20160, .adv_w = 206, .box_w = 12, .box_h = 12, .ofs_x = 0, .ofs_y = -1},
    {.bitmap_index = 20178, .adv_w = 206, .box_w = 12, .box_h = 12, .ofs_x = 0, .ofs_y = -1},
    {.bitmap_index = 20196, .adv_w = 206, .box_w = 12, .box_h = 12, .ofs_x = 0, .ofs_y = -1},
    {.bitmap_index = 20214, .adv_w = 206, .box_w = 10, .box_h = 13, .ofs_x = 1, .ofs_y = -1},
    {.bitmap_index = 20231, .adv_w = 206, .box_w = 10, .box_h = 13, .ofs_x = 1, .ofs_y = -1},
    {.bitmap_index = 20248, .adv_w = 206, .box_w = 11, .box_h = 13, .ofs_x = 1, .ofs_y = -1},
    {.bitmap_index = 20266, .adv_w = 206, .box_w = 11, .box_h = 13, .ofs_x = 1, .ofs_y = -1},
    {.bitmap_index = 20284, .adv_w = 206, .box_w = 10, .box_h = 13, .ofs_x = 1, .ofs_y = -1},
    {.bitmap_index = 20301, .adv_w = 206, .box_w = 10, .box_h = 13, .ofs_x = 1, .ofs_y = -1},
    {.bitmap_index = 20318, .adv_w = 206, .box_w = 11, .box_h = 13, .ofs_x = 1, .ofs_y = -1},
    {.bitmap_index = 20336, .adv_w = 206, .box_w = 10, .box_h = 13, .ofs_x = 1, .ofs_y = -1},
    {.bitmap_index = 20353, .adv_w = 206, .box_w = 11, .box_h = 13, .ofs_x = 1, .ofs_y = -1},
    {.bitmap_index = 20371, .adv_w = 206, .box_w = 12, .box_h = 13, .ofs_x = 0, .ofs_y = -1},
    {.bitmap_index = 20391, .adv_w = 206, .box_w = 11, .box_h = 13, .ofs_x = 1, .ofs_y = -1},
    {.bitmap_index = 20409, .adv_w = 206, .box_w = 12, .box_h = 13, .ofs_x = 1, .ofs_y = -1},
    {.bitmap_index = 20429, .adv_w = 206, .box_w = 12, .box_h = 13, .ofs_x = 1, .ofs_y = -1},
    {.bitmap_index = 20449, .adv_w = 206, .box_w = 12, .box_h = 13, .ofs_x = 1, .ofs_y = -1},
    {.bitmap_index = 20469, .adv_w = 206, .box_w = 11, .box_h = 13, .ofs_x = 1, .ofs_y = -1},
    {.bitmap_index = 20487, .adv_w = 206, .box_w = 12, .box_h = 13, .ofs_x = 1, .ofs_y = -1},
    {.bitmap_index = 20507, .adv_w = 206, .box_w = 12, .box_h = 13, .ofs_x = 1, .ofs_y = -1},
    {.bitmap_index = 20527, .adv_w = 206, .box_w = 12, .box_h = 13, .ofs_x = 1, .ofs_y = -1},
    {.bitmap_index = 20547, .adv_w = 206, .box_w = 11, .box_h = 12, .ofs_x = 1, .ofs_y = 0},
    {.bitmap_index = 20564, .adv_w = 206, .box_w = 11, .box_h = 12, .ofs_x = 1, .ofs_y = 0},
    {.bitmap_index = 20581, .adv_w = 206, .box_w = 12, .box_h = 13, .ofs_x = 0, .ofs_y = -1},
    {.bitmap_index = 20601, .adv_w = 206, .box_w = 12, .box_h = 13, .ofs_x = 1, .ofs_y = -1},
    {.bitmap_index = 20621, .adv_w = 206, .box_w = 11, .box_h = 13, .ofs_x = 0, .ofs_y = -1},
    {.bitmap_index = 20639, .adv_w = 206, .box_w = 10, .box_h = 13, .ofs_x = 1, .ofs_y = -1},
    {.bitmap_index = 20656, .adv_w = 206, .box_w = 11, .box_h = 13, .ofs_x = 0, .ofs_y = -1},
    {.bitmap_index = 20674, .adv_w = 206, .box_w = 11, .box_h = 13, .ofs_x = 0, .ofs_y = -1},
    {.bitmap_index = 20692, .adv_w = 206, .box_w = 10, .box_h = 13, .ofs_x = 1, .ofs_y = -1},
    {.bitmap_index = 20709, .adv_w = 206, .box_w = 10, .box_h = 13, .ofs_x = 1, .ofs_y = -1},
    {.bitmap_index = 20726, .adv_w = 206, .box_w = 12, .box_h = 12, .ofs_x = 0, .ofs_y = 0},
    {.bitmap_index = 20744, .adv_w = 206, .box_w = 12, .box_h = 12, .ofs_x = 0, .ofs_y = 0},
    {.bitmap_index = 20762, .adv_w = 206, .box_w = 10, .box_h = 13, .ofs_x = 1, .ofs_y = -1},
    {.bitmap_index = 20779, .adv_w = 206, .box_w = 11, .box_h = 13, .ofs_x = 1, .ofs_y = -1},
    {.bitmap_index = 20797, .adv_w = 206, .box_w = 12, .box_h = 13, .ofs_x = 0, .ofs_y = -1},
    {.bitmap_index = 20817, .adv_w = 206, .box_w = 12, .box_h = 13, .ofs_x = 1, .ofs_y = -1},
    {.bitmap_index = 20837, .adv_w = 206, .box_w = 12, .box_h = 13, .ofs_x = 1, .ofs_y = -1},
    {.bitmap_index = 20857, .adv_w = 206, .box_w = 12, .box_h = 13, .ofs_x = 1, .ofs_y = -1},
    {.bitmap_index = 20877, .adv_w = 206, .box_w = 12, .box_h = 13, .ofs_x = 1, .ofs_y = -1},
    {.bitmap_index = 20897, .adv_w = 206, .box_w = 11, .box_h = 12, .ofs_x = 1, .ofs_y = 0},
    {.bitmap_index = 20914, .adv_w = 206, .box_w = 12, .box_h = 13, .ofs_x = 0, .ofs_y = -1},
    {.bitmap_index = 20934, .adv_w = 206, .box_w = 11, .box_h = 13, .ofs_x = 0, .ofs_y = -1},
    {.bitmap_index = 20952, .adv_w = 206, .box_w = 11, .box_h = 13, .ofs_x = 0, .ofs_y = -1},
    {.bitmap_index = 20970, .adv_w = 206, .box_w = 11, .box_h = 13, .ofs_x = 0, .ofs_y = -1},
    {.bitmap_index = 20988, .adv_w = 206, .box_w = 10, .box_h = 13, .ofs_x = 1, .ofs_y = -1},
    {.bitmap_index = 21005, .adv_w = 206, .box_w = 10, .box_h = 13, .ofs_x = 1, .ofs_y = -1},
    {.bitmap_index = 21022, .adv_w = 206, .box_w = 10, .box_h = 13, .ofs_x = 1, .ofs_y = -1},
    {.bitmap_index = 21039, .adv_w = 206, .box_w = 10, .box_h = 13, .ofs_x = 1, .ofs_y = -1},
    {.bitmap_index = 21056, .adv_w = 206, .box_w = 10, .box_h = 13, .ofs_x = 1, .ofs_y = -1},
    {.bitmap_index = 21073, .adv_w = 206, .box_w = 11, .box_h = 13, .ofs_x = 1, .ofs_y = -1},
    {.bitmap_index = 21091, .adv_w = 206, .box_w = 10, .box_h = 13, .ofs_x = 1, .ofs_y = -1},
    {.bitmap_index = 21108, .adv_w = 206, .box_w = 10, .box_h = 13, .ofs_x = 1, .ofs_y = -1},
    {.bitmap_index = 21125, .adv_w = 206, .box_w = 10, .box_h = 13, .ofs_x = 1, .ofs_y = -1},
    {.bitmap_index = 21142, .adv_w = 206, .box_w = 11, .box_h = 13, .ofs_x = 0, .ofs_y = -1},
    {.bitmap_index = 21160, .adv_w = 206, .box_w = 11, .box_h = 13, .ofs_x = 0, .ofs_y = -1},
    {.bitmap_index = 21178, .adv_w = 206, .box_w = 10, .box_h = 13, .ofs_x = 1, .ofs_y = -1},
    {.bitmap_index = 21195, .adv_w = 206, .box_w = 10, .box_h = 13, .ofs_x = 1, .ofs_y = -1},
    {.bitmap_index = 21212, .adv_w = 206, .box_w = 11, .box_h = 13, .ofs_x = 1, .ofs_y = -1},
    {.bitmap_index = 21230, .adv_w = 206, .box_w = 12, .box_h = 12, .ofs_x = 1, .ofs_y = 0},
    {.bitmap_index = 21248, .adv_w = 206, .box_w = 10, .box_h = 13, .ofs_x = 1, .ofs_y = -1},
    {.bitmap_index = 21265, .adv_w = 206, .box_w = 11, .box_h = 13, .ofs_x = 1, .ofs_y = -1},
    {.bitmap_index = 21283, .adv_w = 206, .box_w = 11, .box_h = 13, .ofs_x = 0, .ofs_y = -1},
    {.bitmap_index = 21301, .adv_w = 206, .box_w = 11, .box_h = 13, .ofs_x = 0, .ofs_y = -1},
    {.bitmap_index = 21319, .adv_w = 206, .box_w = 10, .box_h = 13, .ofs_x = 1, .ofs_y = -1},
    {.bitmap_index = 21336, .adv_w = 206, .box_w = 11, .box_h = 13, .ofs_x = 0, .ofs_y = -1},
    {.bitmap_index = 21354, .adv_w = 206, .box_w = 10, .box_h = 13, .ofs_x = 1, .ofs_y = -1},
    {.bitmap_index = 21371, .adv_w = 206, .box_w = 10, .box_h = 13, .ofs_x = 1, .ofs_y = -1},
    {.bitmap_index = 21388, .adv_w = 206, .box_w = 12, .box_h = 12, .ofs_x = 0, .ofs_y = 0},
    {.bitmap_index = 21406, .adv_w = 206, .box_w = 12, .box_h = 12, .ofs_x = 0, .ofs_y = 0},
    {.bitmap_index = 21424, .adv_w = 206, .box_w = 10, .box_h = 13, .ofs_x = 1, .ofs_y = -1},
    {.bitmap_index = 21441, .adv_w = 206, .box_w = 10, .box_h = 13, .ofs_x = 1, .ofs_y = -1},
    {.bitmap_index = 21458, .adv_w = 206, .box_w = 10, .box_h = 13, .ofs_x = 1, .ofs_y = -1},
    {.bitmap_index = 21475, .adv_w = 206, .box_w = 10, .box_h = 13, .ofs_x = 1, .ofs_y = -1},
    {.bitmap_index = 21492, .adv_w = 206, .box_w = 10, .box_h = 13, .ofs_x = 1, .ofs_y = -1},
    {.bitmap_index = 21509, .adv_w = 206, .box_w = 10, .box_h = 13, .ofs_x = 1, .ofs_y = -1},
    {.bitmap_index = 21526, .adv_w = 206, .box_w = 10, .box_h = 13, .ofs_x = 1, .ofs_y = -1},
    {.bitmap_index = 21543, .adv_w = 206, .box_w = 11, .box_h = 13, .ofs_x = 1, .ofs_y = -1},
    {.bitmap_index = 21561, .adv_w = 206, .box_w = 12, .box_h = 12, .ofs_x = 1, .ofs_y = 0},
    {.bitmap_index = 21579, .adv_w = 206, .box_w = 10, .box_h = 13, .ofs_x = 1, .ofs_y = -1},
    {.bitmap_index = 21596, .adv_w = 206, .box_w = 11, .box_h = 13, .ofs_x = 0, .ofs_y = -1},
    {.bitmap_index = 21614, .adv_w = 206, .box_w = 10, .box_h = 13, .ofs_x = 1, .ofs_y = -1},
    {.bitmap_index = 21631, .adv_w = 206, .box_w = 11, .box_h = 13, .ofs_x = 1, .ofs_y = -1},
    {.bitmap_index = 21649, .adv_w = 206, .box_w = 10, .box_h = 13, .ofs_x = 1, .ofs_y = -1},
    {.bitmap_index = 21666, .adv_w = 206, .box_w = 12, .box_h = 10, .ofs_x = 0, .ofs_y = 1},
    {.bitmap_index = 21681, .adv_w = 206, .box_w = 12, .box_h = 12, .ofs_x = 0, .ofs_y = -1},
    {.bitmap_index = 21699, .adv_w = 206, .box_w = 12, .box_h = 12, .ofs_x = 0, .ofs_y = -1},
    {.bitmap_index = 21717, .adv_w = 206, .box_w = 12, .box_h = 12, .ofs_x = 0, .ofs_y = -1},
    {.bitmap_index = 21735, .adv_w = 206, .box_w = 12, .box_h = 13, .ofs_x = 0, .ofs_y = -1},
    {.bitmap_index = 21755, .adv_w = 206, .box_w = 12, .box_h = 13, .ofs_x = 0, .ofs_y = -1},
    {.bitmap_index = 21775, .adv_w = 206, .box_w = 12, .box_h = 12, .ofs_x = 0, .ofs_y = -1},
    {.bitmap_index = 21793, .adv_w = 206, .box_w = 12, .box_h = 12, .ofs_x = 0, .ofs_y = -1},
    {.bitmap_index = 21811, .adv_w = 206, .box_w = 12, .box_h = 12, .ofs_x = 0, .ofs_y = -1},
    {.bitmap_index = 21829, .adv_w = 206, .box_w = 12, .box_h = 12, .ofs_x = 0, .ofs_y = -1},
    {.bitmap_index = 21847, .adv_w = 206, .box_w = 12, .box_h = 12, .ofs_x = 0, .ofs_y = -1},
    {.bitmap_index = 21865, .adv_w = 206, .box_w = 12, .box_h = 13, .ofs_x = 1, .ofs_y = -1},
    {.bitmap_index = 21885, .adv_w = 206, .box_w = 12, .box_h = 13, .ofs_x = 0, .ofs_y = -1},
    {.bitmap_index = 21905, .adv_w = 206, .box_w = 12, .box_h = 13, .ofs_x = 1, .ofs_y = -1},
    {.bitmap_index = 21925, .adv_w = 206, .box_w = 12, .box_h = 13, .ofs_x = 0, .ofs_y = -1},
    {.bitmap_index = 21945, .adv_w = 206, .box_w = 12, .box_h = 13, .ofs_x = 0, .ofs_y = -1},
    {.bitmap_index = 21965, .adv_w = 206, .box_w = 11, .box_h = 13, .ofs_x = 0, .ofs_y = -1},
    {.bitmap_index = 21983, .adv_w = 206, .box_w = 11, .box_h = 13, .ofs_x = 1, .ofs_y = -1},
    {.bitmap_index = 22001, .adv_w = 206, .box_w = 11, .box_h = 13, .ofs_x = 1, .ofs_y = -1},
    {.bitmap_index = 22019, .adv_w = 206, .box_w = 10, .box_h = 13, .ofs_x = 1, .ofs_y = -1},
    {.bitmap_index = 22036, .adv_w = 206, .box_w = 11, .box_h = 13, .ofs_x = 0, .ofs_y = -1},
    {.bitmap_index = 22054, .adv_w = 206, .box_w = 12, .box_h = 13, .ofs_x = 0, .ofs_y = -1},
    {.bitmap_index = 22074, .adv_w = 206, .box_w = 10, .box_h = 13, .ofs_x = 1, .ofs_y = -1},
    {.bitmap_index = 22091, .adv_w = 206, .box_w = 10, .box_h = 13, .ofs_x = 1, .ofs_y = -1},
    {.bitmap_index = 22108, .adv_w = 206, .box_w = 11, .box_h = 13, .ofs_x = 1, .ofs_y = -1},
    {.bitmap_index = 22126, .adv_w = 206, .box_w = 10, .box_h = 13, .ofs_x = 1, .ofs_y = -1},
    {.bitmap_index = 22143, .adv_w = 206, .box_w = 10, .box_h = 13, .ofs_x = 1, .ofs_y = -1},
    {.bitmap_index = 22160, .adv_w = 206, .box_w = 11, .box_h = 13, .ofs_x = 1, .ofs_y = -1},
    {.bitmap_index = 22178, .adv_w = 206, .box_w = 12, .box_h = 10, .ofs_x = 0, .ofs_y = 1},
    {.bitmap_index = 22193, .adv_w = 206, .box_w = 12, .box_h = 12, .ofs_x = 0, .ofs_y = -1},
    {.bitmap_index = 22211, .adv_w = 206, .box_w = 12, .box_h = 12, .ofs_x = 0, .ofs_y = -1},
    {.bitmap_index = 22229, .adv_w = 206, .box_w = 12, .box_h = 13, .ofs_x = 0, .ofs_y = -1},
    {.bitmap_index = 22249, .adv_w = 206, .box_w = 12, .box_h = 12, .ofs_x = 0, .ofs_y = -1},
    {.bitmap_index = 22267, .adv_w = 206, .box_w = 12, .box_h = 12, .ofs_x = 0, .ofs_y = -1},
    {.bitmap_index = 22285, .adv_w = 206, .box_w = 12, .box_h = 12, .ofs_x = 0, .ofs_y = -1},
    {.bitmap_index = 22303, .adv_w = 206, .box_w = 12, .box_h = 12, .ofs_x = 0, .ofs_y = -1},
    {.bitmap_index = 22321, .adv_w = 206, .box_w = 12, .box_h = 12, .ofs_x = 0, .ofs_y = -1},
    {.bitmap_index = 22339, .adv_w = 206, .box_w = 12, .box_h = 12, .ofs_x = 0, .ofs_y = -1},
    {.bitmap_index = 22357, .adv_w = 206, .box_w = 12, .box_h = 12, .ofs_x = 0, .ofs_y = -1},
    {.bitmap_index = 22375, .adv_w = 206, .box_w = 12, .box_h = 12, .ofs_x = 0, .ofs_y = -1},
    {.bitmap_index = 22393, .adv_w = 206, .box_w = 12, .box_h = 13, .ofs_x = 0, .ofs_y = -1},
    {.bitmap_index = 22413, .adv_w = 206, .box_w = 12, .box_h = 12, .ofs_x = 0, .ofs_y = -1},
    {.bitmap_index = 22431, .adv_w = 206, .box_w = 12, .box_h = 13, .ofs_x = 0, .ofs_y = -1},
    {.bitmap_index = 22451, .adv_w = 206, .box_w = 12, .box_h = 12, .ofs_x = 0, .ofs_y = -1},
    {.bitmap_index = 22469, .adv_w = 206, .box_w = 12, .box_h = 12, .ofs_x = 0, .ofs_y = -1},
    {.bitmap_index = 22487, .adv_w = 206, .box_w = 12, .box_h = 12, .ofs_x = 0, .ofs_y = -1},
    {.bitmap_index = 22505, .adv_w = 206, .box_w = 12, .box_h = 12, .ofs_x = 0, .ofs_y = -1},
    {.bitmap_index = 22523, .adv_w = 206, .box_w = 12, .box_h = 12, .ofs_x = 0, .ofs_y = -1},
    {.bitmap_index = 22541, .adv_w = 206, .box_w = 10, .box_h = 13, .ofs_x = 1, .ofs_y = -1},
    {.bitmap_index = 22558, .adv_w = 206, .box_w = 11, .box_h = 13, .ofs_x = 1, .ofs_y = -2},
    {.bitmap_index = 22576, .adv_w = 206, .box_w = 11, .box_h = 13, .ofs_x = 0, .ofs_y = -1},
    {.bitmap_index = 22594, .adv_w = 206, .box_w = 11, .box_h = 13, .ofs_x = 0, .ofs_y = -1},
    {.bitmap_index = 22612, .adv_w = 206, .box_w = 11, .box_h = 13, .ofs_x = 1, .ofs_y = -1},
    {.bitmap_index = 22630, .adv_w = 206, .box_w = 11, .box_h = 13, .ofs_x = 1, .ofs_y = -1},
    {.bitmap_index = 22648, .adv_w = 206, .box_w = 10, .box_h = 13, .ofs_x = 1, .ofs_y = -1},
    {.bitmap_index = 22665, .adv_w = 206, .box_w = 12, .box_h = 13, .ofs_x = 0, .ofs_y = -1},
    {.bitmap_index = 22685, .adv_w = 206, .box_w = 10, .box_h = 13, .ofs_x = 1, .ofs_y = -1},
    {.bitmap_index = 22702, .adv_w = 206, .box_w = 10, .box_h = 13, .ofs_x = 0, .ofs_y = -1},
    {.bitmap_index = 22719, .adv_w = 206, .box_w = 11, .box_h = 13, .ofs_x = 1, .ofs_y = -1},
    {.bitmap_index = 22737, .adv_w = 206, .box_w = 11, .box_h = 13, .ofs_x = 1, .ofs_y = -1},
    {.bitmap_index = 22755, .adv_w = 206, .box_w = 10, .box_h = 13, .ofs_x = 1, .ofs_y = -1},
    {.bitmap_index = 22772, .adv_w = 206, .box_w = 10, .box_h = 13, .ofs_x = 1, .ofs_y = -1},
    {.bitmap_index = 22789, .adv_w = 206, .box_w = 11, .box_h = 13, .ofs_x = 1, .ofs_y = -1},
    {.bitmap_index = 22807, .adv_w = 206, .box_w = 10, .box_h = 13, .ofs_x = 1, .ofs_y = -1},
    {.bitmap_index = 22824, .adv_w = 206, .box_w = 12, .box_h = 12, .ofs_x = 0, .ofs_y = -1},
    {.bitmap_index = 22842, .adv_w = 206, .box_w = 12, .box_h = 12, .ofs_x = 0, .ofs_y = -1},
    {.bitmap_index = 22860, .adv_w = 206, .box_w = 12, .box_h = 13, .ofs_x = 0, .ofs_y = -1},
    {.bitmap_index = 22880, .adv_w = 206, .box_w = 12, .box_h = 12, .ofs_x = 0, .ofs_y = -1},
    {.bitmap_index = 22898, .adv_w = 206, .box_w = 12, .box_h = 12, .ofs_x = 0, .ofs_y = -1},
    {.bitmap_index = 22916, .adv_w = 206, .box_w = 12, .box_h = 12, .ofs_x = 0, .ofs_y = -1},
    {.bitmap_index = 22934, .adv_w = 206, .box_w = 12, .box_h = 10, .ofs_x = 0, .ofs_y = 1},
    {.bitmap_index = 22949, .adv_w = 206, .box_w = 12, .box_h = 12, .ofs_x = 0, .ofs_y = -1},
    {.bitmap_index = 22967, .adv_w = 206, .box_w = 12, .box_h = 12, .ofs_x = 0, .ofs_y = -1},
    {.bitmap_index = 22985, .adv_w = 206, .box_w = 12, .box_h = 13, .ofs_x = 0, .ofs_y = -1},
    {.bitmap_index = 23005, .adv_w = 206, .box_w = 12, .box_h = 12, .ofs_x = 0, .ofs_y = -1},
    {.bitmap_index = 23023, .adv_w = 206, .box_w = 12, .box_h = 12, .ofs_x = 0, .ofs_y = -1},
    {.bitmap_index = 23041, .adv_w = 206, .box_w = 12, .box_h = 12, .ofs_x = 0, .ofs_y = -1},
    {.bitmap_index = 23059, .adv_w = 206, .box_w = 12, .box_h = 12, .ofs_x = 0, .ofs_y = -1},
    {.bitmap_index = 23077, .adv_w = 206, .box_w = 12, .box_h = 12, .ofs_x = 0, .ofs_y = -1},
    {.bitmap_index = 23095, .adv_w = 206, .box_w = 10, .box_h = 13, .ofs_x = 1, .ofs_y = -1},
    {.bitmap_index = 23112, .adv_w = 206, .box_w = 10, .box_h = 13, .ofs_x = 1, .ofs_y = -1},
    {.bitmap_index = 23129, .adv_w = 206, .box_w = 10, .box_h = 13, .ofs_x = 1, .ofs_y = -1},
    {.bitmap_index = 23146, .adv_w = 206, .box_w = 10, .box_h = 13, .ofs_x = 1, .ofs_y = -1},
    {.bitmap_index = 23163, .adv_w = 206, .box_w = 10, .box_h = 13, .ofs_x = 1, .ofs_y = -1},
    {.bitmap_index = 23180, .adv_w = 206, .box_w = 12, .box_h = 13, .ofs_x = 0, .ofs_y = -1},
    {.bitmap_index = 23200, .adv_w = 206, .box_w = 10, .box_h = 13, .ofs_x = 1, .ofs_y = -1},
    {.bitmap_index = 23217, .adv_w = 206, .box_w = 10, .box_h = 13, .ofs_x = 1, .ofs_y = -1},
    {.bitmap_index = 23234, .adv_w = 206, .box_w = 11, .box_h = 12, .ofs_x = 1, .ofs_y = 0},
    {.bitmap_index = 23251, .adv_w = 206, .box_w = 10, .box_h = 13, .ofs_x = 1, .ofs_y = -1},
    {.bitmap_index = 23268, .adv_w = 206, .box_w = 11, .box_h = 13, .ofs_x = 0, .ofs_y = -1},
    {.bitmap_index = 23286, .adv_w = 206, .box_w = 12, .box_h = 13, .ofs_x = 1, .ofs_y = -1},
    {.bitmap_index = 23306, .adv_w = 206, .box_w = 12, .box_h = 13, .ofs_x = 0, .ofs_y = -1},
    {.bitmap_index = 23326, .adv_w = 206, .box_w = 12, .box_h = 13, .ofs_x = 0, .ofs_y = -1},
    {.bitmap_index = 23346, .adv_w = 206, .box_w = 11, .box_h = 13, .ofs_x = 1, .ofs_y = -1},
    {.bitmap_index = 23364, .adv_w = 206, .box_w = 12, .box_h = 13, .ofs_x = 1, .ofs_y = -1},
    {.bitmap_index = 23384, .adv_w = 206, .box_w = 11, .box_h = 13, .ofs_x = 1, .ofs_y = -1},
    {.bitmap_index = 23402, .adv_w = 206, .box_w = 11, .box_h = 13, .ofs_x = 1, .ofs_y = -1},
    {.bitmap_index = 23420, .adv_w = 206, .box_w = 11, .box_h = 12, .ofs_x = 1, .ofs_y = 0},
    {.bitmap_index = 23437, .adv_w = 206, .box_w = 11, .box_h = 13, .ofs_x = 1, .ofs_y = -1},
    {.bitmap_index = 23455, .adv_w = 206, .box_w = 12, .box_h = 13, .ofs_x = 0, .ofs_y = -1},
    {.bitmap_index = 23475, .adv_w = 206, .box_w = 11, .box_h = 13, .ofs_x = 0, .ofs_y = -1},
    {.bitmap_index = 23493, .adv_w = 206, .box_w = 11, .box_h = 12, .ofs_x = 0, .ofs_y = -1},
    {.bitmap_index = 23510, .adv_w = 206, .box_w = 12, .box_h = 13, .ofs_x = 0, .ofs_y = -1},
    {.bitmap_index = 23530, .adv_w = 206, .box_w = 12, .box_h = 13, .ofs_x = 0, .ofs_y = -1},
    {.bitmap_index = 23550, .adv_w = 206, .box_w = 11, .box_h = 12, .ofs_x = 0, .ofs_y = -1},
    {.bitmap_index = 23567, .adv_w = 206, .box_w = 11, .box_h = 12, .ofs_x = 0, .ofs_y = -1},
    {.bitmap_index = 23584, .adv_w = 206, .box_w = 12, .box_h = 12, .ofs_x = 0, .ofs_y = -1},
    {.bitmap_index = 23602, .adv_w = 206, .box_w = 11, .box_h = 13, .ofs_x = 0, .ofs_y = -1},
    {.bitmap_index = 23620, .adv_w = 206, .box_w = 11, .box_h = 13, .ofs_x = 1, .ofs_y = -1},
    {.bitmap_index = 23638, .adv_w = 206, .box_w = 11, .box_h = 13, .ofs_x = 1, .ofs_y = -1},
    {.bitmap_index = 23656, .adv_w = 206, .box_w = 11, .box_h = 13, .ofs_x = 1, .ofs_y = -1},
    {.bitmap_index = 23674, .adv_w = 206, .box_w = 11, .box_h = 13, .ofs_x = 1, .ofs_y = -1},
    {.bitmap_index = 23692, .adv_w = 206, .box_w = 11, .box_h = 13, .ofs_x = 1, .ofs_y = -1},
    {.bitmap_index = 23710, .adv_w = 206, .box_w = 11, .box_h = 13, .ofs_x = 0, .ofs_y = -1},
    {.bitmap_index = 23728, .adv_w = 206, .box_w = 11, .box_h = 13, .ofs_x = 1, .ofs_y = -1},
    {.bitmap_index = 23746, .adv_w = 206, .box_w = 11, .box_h = 13, .ofs_x = 1, .ofs_y = -1},
    {.bitmap_index = 23764, .adv_w = 206, .box_w = 11, .box_h = 12, .ofs_x = 1, .ofs_y = 0},
    {.bitmap_index = 23781, .adv_w = 206, .box_w = 11, .box_h = 13, .ofs_x = 1, .ofs_y = -1},
    {.bitmap_index = 23799, .adv_w = 206, .box_w = 12, .box_h = 13, .ofs_x = 0, .ofs_y = -1},
    {.bitmap_index = 23819, .adv_w = 206, .box_w = 12, .box_h = 13, .ofs_x = 0, .ofs_y = -1},
    {.bitmap_index = 23839, .adv_w = 206, .box_w = 12, .box_h = 13, .ofs_x = 0, .ofs_y = -1},
    {.bitmap_index = 23859, .adv_w = 206, .box_w = 11, .box_h = 13, .ofs_x = 0, .ofs_y = -1},
    {.bitmap_index = 23877, .adv_w = 206, .box_w = 12, .box_h = 10, .ofs_x = 0, .ofs_y = 1},
    {.bitmap_index = 23892, .adv_w = 206, .box_w = 12, .box_h = 12, .ofs_x = 0, .ofs_y = -1},
    {.bitmap_index = 23910, .adv_w = 206, .box_w = 12, .box_h = 12, .ofs_x = 0, .ofs_y = -1},
    {.bitmap_index = 23928, .adv_w = 206, .box_w = 12, .box_h = 12, .ofs_x = 0, .ofs_y = -1},
    {.bitmap_index = 23946, .adv_w = 206, .box_w = 12, .box_h = 12, .ofs_x = 0, .ofs_y = -1},
    {.bitmap_index = 23964, .adv_w = 206, .box_w = 12, .box_h = 12, .ofs_x = 0, .ofs_y = -1},
    {.bitmap_index = 23982, .adv_w = 206, .box_w = 12, .box_h = 12, .ofs_x = 0, .ofs_y = -1},
    {.bitmap_index = 24000, .adv_w = 206, .box_w = 12, .box_h = 12, .ofs_x = 0, .ofs_y = -1},
    {.bitmap_index = 24018, .adv_w = 206, .box_w = 12, .box_h = 12, .ofs_x = 0, .ofs_y = -1},
    {.bitmap_index = 24036, .adv_w = 206, .box_w = 12, .box_h = 13, .ofs_x = 1, .ofs_y = -1},
    {.bitmap_index = 24056, .adv_w = 206, .box_w = 12, .box_h = 13, .ofs_x = 1, .ofs_y = -1},
    {.bitmap_index = 24076, .adv_w = 206, .box_w = 12, .box_h = 13, .ofs_x = 1, .ofs_y = -1},
    {.bitmap_index = 24096, .adv_w = 206, .box_w = 11, .box_h = 12, .ofs_x = 1, .ofs_y = 0},
    {.bitmap_index = 24113, .adv_w = 206, .box_w = 11, .box_h = 13, .ofs_x = 0, .ofs_y = -1},
    {.bitmap_index = 24131, .adv_w = 206, .box_w = 11, .box_h = 13, .ofs_x = 1, .ofs_y = -1},
    {.bitmap_index = 24149, .adv_w = 206, .box_w = 10, .box_h = 13, .ofs_x = 1, .ofs_y = -1},
    {.bitmap_index = 24166, .adv_w = 206, .box_w = 11, .box_h = 13, .ofs_x = 1, .ofs_y = -1},
    {.bitmap_index = 24184, .adv_w = 206, .box_w = 11, .box_h = 13, .ofs_x = 1, .ofs_y = -1},
    {.bitmap_index = 24202, .adv_w = 206, .box_w = 10, .box_h = 13, .ofs_x = 1, .ofs_y = -1},
    {.bitmap_index = 24219, .adv_w = 206, .box_w = 10, .box_h = 13, .ofs_x = 1, .ofs_y = -1},
    {.bitmap_index = 24236, .adv_w = 206, .box_w = 12, .box_h = 10, .ofs_x = 0, .ofs_y = 1},
    {.bitmap_index = 24251, .adv_w = 206, .box_w = 12, .box_h = 12, .ofs_x = 0, .ofs_y = -1},
    {.bitmap_index = 24269, .adv_w = 206, .box_w = 12, .box_h = 12, .ofs_x = 0, .ofs_y = -1},
    {.bitmap_index = 24287, .adv_w = 206, .box_w = 12, .box_h = 12, .ofs_x = 0, .ofs_y = -1},
    {.bitmap_index = 24305, .adv_w = 206, .box_w = 12, .box_h = 12, .ofs_x = 0, .ofs_y = -1},
    {.bitmap_index = 24323, .adv_w = 206, .box_w = 12, .box_h = 12, .ofs_x = 0, .ofs_y = -1},
    {.bitmap_index = 24341, .adv_w = 206, .box_w = 12, .box_h = 12, .ofs_x = 0, .ofs_y = -1},
    {.bitmap_index = 24359, .adv_w = 206, .box_w = 12, .box_h = 12, .ofs_x = 0, .ofs_y = -1},
    {.bitmap_index = 24377, .adv_w = 206, .box_w = 10, .box_h = 13, .ofs_x = 1, .ofs_y = -1},
    {.bitmap_index = 24394, .adv_w = 206, .box_w = 12, .box_h = 13, .ofs_x = 1, .ofs_y = -1},
    {.bitmap_index = 24414, .adv_w = 206, .box_w = 11, .box_h = 13, .ofs_x = 0, .ofs_y = -1},
    {.bitmap_index = 24432, .adv_w = 206, .box_w = 10, .box_h = 13, .ofs_x = 1, .ofs_y = -1},
    {.bitmap_index = 24449, .adv_w = 206, .box_w = 11, .box_h = 13, .ofs_x = 1, .ofs_y = -1},
    {.bitmap_index = 24467, .adv_w = 206, .box_w = 12, .box_h = 12, .ofs_x = 0, .ofs_y = -1},
    {.bitmap_index = 24485, .adv_w = 206, .box_w = 12, .box_h = 10, .ofs_x = 0, .ofs_y = 1},
    {.bitmap_index = 24500, .adv_w = 206, .box_w = 12, .box_h = 12, .ofs_x = 0, .ofs_y = -1},
    {.bitmap_index = 24518, .adv_w = 206, .box_w = 12, .box_h = 12, .ofs_x = 0, .ofs_y = -1},
    {.bitmap_index = 24536, .adv_w = 206, .box_w = 12, .box_h = 12, .ofs_x = 0, .ofs_y = -1},
    {.bitmap_index = 24554, .adv_w = 206, .box_w = 12, .box_h = 12, .ofs_x = 0, .ofs_y = -1},
    {.bitmap_index = 24572, .adv_w = 206, .box_w = 12, .box_h = 12, .ofs_x = 0, .ofs_y = -1},
    {.bitmap_index = 24590, .adv_w = 206, .box_w = 12, .box_h = 12, .ofs_x = 0, .ofs_y = -1},
    {.bitmap_index = 24608, .adv_w = 206, .box_w = 12, .box_h = 12, .ofs_x = 0, .ofs_y = -1},
    {.bitmap_index = 24626, .adv_w = 206, .box_w = 10, .box_h = 13, .ofs_x = 1, .ofs_y = -1},
    {.bitmap_index = 24643, .adv_w = 206, .box_w = 11, .box_h = 13, .ofs_x = 1, .ofs_y = -1},
    {.bitmap_index = 24661, .adv_w = 206, .box_w = 11, .box_h = 13, .ofs_x = 1, .ofs_y = -1},
    {.bitmap_index = 24679, .adv_w = 206, .box_w = 10, .box_h = 13, .ofs_x = 1, .ofs_y = -1},
    {.bitmap_index = 24696, .adv_w = 206, .box_w = 11, .box_h = 13, .ofs_x = 1, .ofs_y = -1},
    {.bitmap_index = 24714, .adv_w = 206, .box_w = 11, .box_h = 13, .ofs_x = 1, .ofs_y = -1},
    {.bitmap_index = 24732, .adv_w = 206, .box_w = 11, .box_h = 13, .ofs_x = 1, .ofs_y = -1},
    {.bitmap_index = 24750, .adv_w = 206, .box_w = 11, .box_h = 13, .ofs_x = 1, .ofs_y = -1},
    {.bitmap_index = 24768, .adv_w = 206, .box_w = 11, .box_h = 13, .ofs_x = 1, .ofs_y = -1},
    {.bitmap_index = 24786, .adv_w = 206, .box_w = 11, .box_h = 13, .ofs_x = 1, .ofs_y = -1},
    {.bitmap_index = 24804, .adv_w = 206, .box_w = 12, .box_h = 13, .ofs_x = 1, .ofs_y = -1},
    {.bitmap_index = 24824, .adv_w = 206, .box_w = 11, .box_h = 13, .ofs_x = 0, .ofs_y = -1},
    {.bitmap_index = 24842, .adv_w = 206, .box_w = 11, .box_h = 13, .ofs_x = 1, .ofs_y = -1},
    {.bitmap_index = 24860, .adv_w = 206, .box_w = 11, .box_h = 13, .ofs_x = 1, .ofs_y = -1},
    {.bitmap_index = 24878, .adv_w = 206, .box_w = 11, .box_h = 13, .ofs_x = 1, .ofs_y = -1},
    {.bitmap_index = 24896, .adv_w = 206, .box_w = 11, .box_h = 12, .ofs_x = 1, .ofs_y = 0},
    {.bitmap_index = 24913, .adv_w = 206, .box_w = 11, .box_h = 13, .ofs_x = 1, .ofs_y = -1},
    {.bitmap_index = 24931, .adv_w = 206, .box_w = 11, .box_h = 13, .ofs_x = 1, .ofs_y = -1},
    {.bitmap_index = 24949, .adv_w = 206, .box_w = 11, .box_h = 13, .ofs_x = 1, .ofs_y = -1},
    {.bitmap_index = 24967, .adv_w = 206, .box_w = 11, .box_h = 13, .ofs_x = 1, .ofs_y = -1},
    {.bitmap_index = 24985, .adv_w = 206, .box_w = 11, .box_h = 13, .ofs_x = 1, .ofs_y = -1},
    {.bitmap_index = 25003, .adv_w = 206, .box_w = 11, .box_h = 13, .ofs_x = 1, .ofs_y = -1},
    {.bitmap_index = 25021, .adv_w = 206, .box_w = 11, .box_h = 13, .ofs_x = 1, .ofs_y = -1},
    {.bitmap_index = 25039, .adv_w = 206, .box_w = 11, .box_h = 12, .ofs_x = 1, .ofs_y = 0},
    {.bitmap_index = 25056, .adv_w = 206, .box_w = 11, .box_h = 13, .ofs_x = 1, .ofs_y = -1},
    {.bitmap_index = 25074, .adv_w = 206, .box_w = 12, .box_h = 13, .ofs_x = 1, .ofs_y = -1},
    {.bitmap_index = 25094, .adv_w = 206, .box_w = 11, .box_h = 13, .ofs_x = 1, .ofs_y = -1},
    {.bitmap_index = 25112, .adv_w = 206, .box_w = 11, .box_h = 13, .ofs_x = 1, .ofs_y = -1},
    {.bitmap_index = 25130, .adv_w = 206, .box_w = 10, .box_h = 13, .ofs_x = 1, .ofs_y = -1},
    {.bitmap_index = 25147, .adv_w = 206, .box_w = 10, .box_h = 13, .ofs_x = 1, .ofs_y = -1},
    {.bitmap_index = 25164, .adv_w = 206, .box_w = 10, .box_h = 13, .ofs_x = 1, .ofs_y = -1},
    {.bitmap_index = 25181, .adv_w = 206, .box_w = 11, .box_h = 13, .ofs_x = 1, .ofs_y = -1},
    {.bitmap_index = 25199, .adv_w = 206, .box_w = 10, .box_h = 13, .ofs_x = 1, .ofs_y = -1},
    {.bitmap_index = 25216, .adv_w = 206, .box_w = 10, .box_h = 13, .ofs_x = 1, .ofs_y = -1},
    {.bitmap_index = 25233, .adv_w = 206, .box_w = 11, .box_h = 12, .ofs_x = 1, .ofs_y = 0},
    {.bitmap_index = 25250, .adv_w = 206, .box_w = 11, .box_h = 13, .ofs_x = 1, .ofs_y = -1},
    {.bitmap_index = 25268, .adv_w = 206, .box_w = 10, .box_h = 13, .ofs_x = 1, .ofs_y = -1},
    {.bitmap_index = 25285, .adv_w = 206, .box_w = 11, .box_h = 13, .ofs_x = 1, .ofs_y = -1},
    {.bitmap_index = 25303, .adv_w = 206, .box_w = 11, .box_h = 13, .ofs_x = 1, .ofs_y = -1},
    {.bitmap_index = 25321, .adv_w = 206, .box_w = 11, .box_h = 13, .ofs_x = 1, .ofs_y = -1},
    {.bitmap_index = 25339, .adv_w = 206, .box_w = 11, .box_h = 13, .ofs_x = 1, .ofs_y = -1},
    {.bitmap_index = 25357, .adv_w = 206, .box_w = 11, .box_h = 13, .ofs_x = 1, .ofs_y = -1},
    {.bitmap_index = 25375, .adv_w = 206, .box_w = 11, .box_h = 13, .ofs_x = 1, .ofs_y = -1},
    {.bitmap_index = 25393, .adv_w = 206, .box_w = 11, .box_h = 13, .ofs_x = 1, .ofs_y = -1},
    {.bitmap_index = 25411, .adv_w = 206, .box_w = 11, .box_h = 12, .ofs_x = 1, .ofs_y = 0},
    {.bitmap_index = 25428, .adv_w = 206, .box_w = 12, .box_h = 13, .ofs_x = 1, .ofs_y = -1},
    {.bitmap_index = 25448, .adv_w = 206, .box_w = 11, .box_h = 13, .ofs_x = 1, .ofs_y = -1},
    {.bitmap_index = 25466, .adv_w = 206, .box_w = 11, .box_h = 13, .ofs_x = 1, .ofs_y = -1},
    {.bitmap_index = 25484, .adv_w = 206, .box_w = 10, .box_h = 13, .ofs_x = 1, .ofs_y = -1},
    {.bitmap_index = 25501, .adv_w = 206, .box_w = 10, .box_h = 13, .ofs_x = 1, .ofs_y = -1},
    {.bitmap_index = 25518, .adv_w = 206, .box_w = 11, .box_h = 13, .ofs_x = 1, .ofs_y = -1},
    {.bitmap_index = 25536, .adv_w = 206, .box_w = 10, .box_h = 13, .ofs_x = 1, .ofs_y = -1},
    {.bitmap_index = 25553, .adv_w = 206, .box_w = 10, .box_h = 13, .ofs_x = 1, .ofs_y = -1},
    {.bitmap_index = 25570, .adv_w = 206, .box_w = 10, .box_h = 13, .ofs_x = 1, .ofs_y = -1},
    {.bitmap_index = 25587, .adv_w = 206, .box_w = 11, .box_h = 13, .ofs_x = 1, .ofs_y = -1},
    {.bitmap_index = 25605, .adv_w = 206, .box_w = 11, .box_h = 13, .ofs_x = 1, .ofs_y = -1},
    {.bitmap_index = 25623, .adv_w = 206, .box_w = 11, .box_h = 13, .ofs_x = 1, .ofs_y = -1},
    {.bitmap_index = 25641, .adv_w = 206, .box_w = 11, .box_h = 13, .ofs_x = 1, .ofs_y = -1},
    {.bitmap_index = 25659, .adv_w = 206, .box_w = 10, .box_h = 13, .ofs_x = 1, .ofs_y = -1},
    {.bitmap_index = 25676, .adv_w = 206, .box_w = 10, .box_h = 13, .ofs_x = 1, .ofs_y = -1},
    {.bitmap_index = 25693, .adv_w = 206, .box_w = 10, .box_h = 13, .ofs_x = 1, .ofs_y = -1},
    {.bitmap_index = 25710, .adv_w = 206, .box_w = 10, .box_h = 13, .ofs_x = 1, .ofs_y = -1},
    {.bitmap_index = 25727, .adv_w = 206, .box_w = 11, .box_h = 13, .ofs_x = 1, .ofs_y = -1},
    {.bitmap_index = 25745, .adv_w = 206, .box_w = 11, .box_h = 12, .ofs_x = 1, .ofs_y = 0},
    {.bitmap_index = 25762, .adv_w = 206, .box_w = 12, .box_h = 13, .ofs_x = 1, .ofs_y = -1},
    {.bitmap_index = 25782, .adv_w = 206, .box_w = 10, .box_h = 13, .ofs_x = 1, .ofs_y = -1},
    {.bitmap_index = 25799, .adv_w = 206, .box_w = 11, .box_h = 13, .ofs_x = 1, .ofs_y = -1},
    {.bitmap_index = 25817, .adv_w = 206, .box_w = 10, .box_h = 13, .ofs_x = 1, .ofs_y = -1},
    {.bitmap_index = 25834, .adv_w = 206, .box_w = 10, .box_h = 13, .ofs_x = 1, .ofs_y = -1},
    {.bitmap_index = 25851, .adv_w = 206, .box_w = 10, .box_h = 13, .ofs_x = 1, .ofs_y = -1},
    {.bitmap_index = 25868, .adv_w = 206, .box_w = 10, .box_h = 13, .ofs_x = 1, .ofs_y = -1},
    {.bitmap_index = 25885, .adv_w = 206, .box_w = 10, .box_h = 13, .ofs_x = 1, .ofs_y = -1},
    {.bitmap_index = 25902, .adv_w = 206, .box_w = 11, .box_h = 13, .ofs_x = 1, .ofs_y = -1},
    {.bitmap_index = 25920, .adv_w = 206, .box_w = 10, .box_h = 13, .ofs_x = 1, .ofs_y = -1},
    {.bitmap_index = 25937, .adv_w = 206, .box_w = 10, .box_h = 13, .ofs_x = 1, .ofs_y = -1},
    {.bitmap_index = 25954, .adv_w = 206, .box_w = 11, .box_h = 12, .ofs_x = 1, .ofs_y = 0},
    {.bitmap_index = 25971, .adv_w = 206, .box_w = 10, .box_h = 13, .ofs_x = 1, .ofs_y = -1},
    {.bitmap_index = 25988, .adv_w = 206, .box_w = 10, .box_h = 13, .ofs_x = 1, .ofs_y = -1},
    {.bitmap_index = 26005, .adv_w = 206, .box_w = 10, .box_h = 13, .ofs_x = 1, .ofs_y = -1},
    {.bitmap_index = 26022, .adv_w = 206, .box_w = 10, .box_h = 13, .ofs_x = 1, .ofs_y = -1},
    {.bitmap_index = 26039, .adv_w = 206, .box_w = 11, .box_h = 13, .ofs_x = 1, .ofs_y = -1},
    {.bitmap_index = 26057, .adv_w = 206, .box_w = 11, .box_h = 13, .ofs_x = 1, .ofs_y = -1},
    {.bitmap_index = 26075, .adv_w = 206, .box_w = 10, .box_h = 13, .ofs_x = 1, .ofs_y = -1},
    {.bitmap_index = 26092, .adv_w = 206, .box_w = 10, .box_h = 13, .ofs_x = 1, .ofs_y = -1},
    {.bitmap_index = 26109, .adv_w = 206, .box_w = 10, .box_h = 13, .ofs_x = 1, .ofs_y = -1},
    {.bitmap_index = 26126, .adv_w = 206, .box_w = 10, .box_h = 13, .ofs_x = 1, .ofs_y = -1},
    {.bitmap_index = 26143, .adv_w = 206, .box_w = 11, .box_h = 13, .ofs_x = 1, .ofs_y = -1},
    {.bitmap_index = 26161, .adv_w = 206, .box_w = 11, .box_h = 12, .ofs_x = 1, .ofs_y = 0},
    {.bitmap_index = 26178, .adv_w = 206, .box_w = 12, .box_h = 13, .ofs_x = 1, .ofs_y = -1},
    {.bitmap_index = 26198, .adv_w = 206, .box_w = 10, .box_h = 13, .ofs_x = 1, .ofs_y = -1},
    {.bitmap_index = 26215, .adv_w = 206, .box_w = 11, .box_h = 13, .ofs_x = 1, .ofs_y = -1},
    {.bitmap_index = 26233, .adv_w = 206, .box_w = 10, .box_h = 13, .ofs_x = 1, .ofs_y = -1},
    {.bitmap_index = 26250, .adv_w = 206, .box_w = 10, .box_h = 13, .ofs_x = 1, .ofs_y = -1},
    {.bitmap_index = 26267, .adv_w = 206, .box_w = 10, .box_h = 13, .ofs_x = 1, .ofs_y = -1},
    {.bitmap_index = 26284, .adv_w = 206, .box_w = 10, .box_h = 13, .ofs_x = 1, .ofs_y = -1},
    {.bitmap_index = 26301, .adv_w = 206, .box_w = 11, .box_h = 13, .ofs_x = 1, .ofs_y = -1},
    {.bitmap_index = 26319, .adv_w = 206, .box_w = 10, .box_h = 13, .ofs_x = 1, .ofs_y = -1},
    {.bitmap_index = 26336, .adv_w = 206, .box_w = 10, .box_h = 13, .ofs_x = 1, .ofs_y = -1},
    {.bitmap_index = 26353, .adv_w = 206, .box_w = 11, .box_h = 12, .ofs_x = 1, .ofs_y = 0},
    {.bitmap_index = 26370, .adv_w = 206, .box_w = 11, .box_h = 12, .ofs_x = 1, .ofs_y = 0},
    {.bitmap_index = 26387, .adv_w = 206, .box_w = 12, .box_h = 10, .ofs_x = 0, .ofs_y = 1},
    {.bitmap_index = 26402, .adv_w = 206, .box_w = 12, .box_h = 12, .ofs_x = 0, .ofs_y = -1},
    {.bitmap_index = 26420, .adv_w = 206, .box_w = 12, .box_h = 12, .ofs_x = 0, .ofs_y = -1},
    {.bitmap_index = 26438, .adv_w = 206, .box_w = 12, .box_h = 12, .ofs_x = 0, .ofs_y = -1},
    {.bitmap_index = 26456, .adv_w = 206, .box_w = 12, .box_h = 12, .ofs_x = 0, .ofs_y = -1},
    {.bitmap_index = 26474, .adv_w = 206, .box_w = 12, .box_h = 12, .ofs_x = 0, .ofs_y = -1},
    {.bitmap_index = 26492, .adv_w = 206, .box_w = 12, .box_h = 12, .ofs_x = 0, .ofs_y = -1},
    {.bitmap_index = 26510, .adv_w = 206, .box_w = 12, .box_h = 12, .ofs_x = 0, .ofs_y = -1},
    {.bitmap_index = 26528, .adv_w = 206, .box_w = 12, .box_h = 12, .ofs_x = 0, .ofs_y = -1},
    {.bitmap_index = 26546, .adv_w = 206, .box_w = 12, .box_h = 12, .ofs_x = 0, .ofs_y = -1},
    {.bitmap_index = 26564, .adv_w = 206, .box_w = 12, .box_h = 12, .ofs_x = 0, .ofs_y = -1},
    {.bitmap_index = 26582, .adv_w = 206, .box_w = 12, .box_h = 12, .ofs_x = 0, .ofs_y = -1},
    {.bitmap_index = 26600, .adv_w = 206, .box_w = 12, .box_h = 12, .ofs_x = 0, .ofs_y = -1},
    {.bitmap_index = 26618, .adv_w = 206, .box_w = 12, .box_h = 13, .ofs_x = 0, .ofs_y = -1},
    {.bitmap_index = 26638, .adv_w = 206, .box_w = 12, .box_h = 13, .ofs_x = 1, .ofs_y = -1},
    {.bitmap_index = 26658, .adv_w = 206, .box_w = 12, .box_h = 13, .ofs_x = 1, .ofs_y = -1},
    {.bitmap_index = 26678, .adv_w = 206, .box_w = 12, .box_h = 13, .ofs_x = 1, .ofs_y = -1},
    {.bitmap_index = 26698, .adv_w = 206, .box_w = 12, .box_h = 13, .ofs_x = 1, .ofs_y = -1},
    {.bitmap_index = 26718, .adv_w = 206, .box_w = 12, .box_h = 13, .ofs_x = 1, .ofs_y = -1},
    {.bitmap_index = 26738, .adv_w = 206, .box_w = 12, .box_h = 13, .ofs_x = 1, .ofs_y = -1},
    {.bitmap_index = 26758, .adv_w = 206, .box_w = 12, .box_h = 12, .ofs_x = 1, .ofs_y = 0},
    {.bitmap_index = 26776, .adv_w = 206, .box_w = 12, .box_h = 13, .ofs_x = 1, .ofs_y = -1},
    {.bitmap_index = 26796, .adv_w = 206, .box_w = 10, .box_h = 13, .ofs_x = 1, .ofs_y = -1},
    {.bitmap_index = 26813, .adv_w = 206, .box_w = 10, .box_h = 13, .ofs_x = 1, .ofs_y = -1},
    {.bitmap_index = 26830, .adv_w = 206, .box_w = 11, .box_h = 13, .ofs_x = 1, .ofs_y = -1},
    {.bitmap_index = 26848, .adv_w = 206, .box_w = 10, .box_h = 13, .ofs_x = 1, .ofs_y = -1},
    {.bitmap_index = 26865, .adv_w = 206, .box_w = 10, .box_h = 13, .ofs_x = 1, .ofs_y = -1},
    {.bitmap_index = 26882, .adv_w = 206, .box_w = 11, .box_h = 13, .ofs_x = 1, .ofs_y = -1},
    {.bitmap_index = 26900, .adv_w = 206, .box_w = 10, .box_h = 13, .ofs_x = 1, .ofs_y = -1},
    {.bitmap_index = 26917, .adv_w = 206, .box_w = 10, .box_h = 13, .ofs_x = 1, .ofs_y = -1},
    {.bitmap_index = 26934, .adv_w = 206, .box_w = 11, .box_h = 13, .ofs_x = 1, .ofs_y = -1},
    {.bitmap_index = 26952, .adv_w = 206, .box_w = 11, .box_h = 13, .ofs_x = 1, .ofs_y = -1},
    {.bitmap_index = 26970, .adv_w = 206, .box_w = 10, .box_h = 13, .ofs_x = 1, .ofs_y = -1},
    {.bitmap_index = 26987, .adv_w = 206, .box_w = 10, .box_h = 13, .ofs_x = 1, .ofs_y = -1},
    {.bitmap_index = 27004, .adv_w = 206, .box_w = 11, .box_h = 13, .ofs_x = 1, .ofs_y = -1},
    {.bitmap_index = 27022, .adv_w = 206, .box_w = 10, .box_h = 13, .ofs_x = 1, .ofs_y = -1},
    {.bitmap_index = 27039, .adv_w = 206, .box_w = 12, .box_h = 10, .ofs_x = 0, .ofs_y = 1},
    {.bitmap_index = 27054, .adv_w = 206, .box_w = 12, .box_h = 12, .ofs_x = 0, .ofs_y = -1},
    {.bitmap_index = 27072, .adv_w = 206, .box_w = 12, .box_h = 12, .ofs_x = 0, .ofs_y = -1},
    {.bitmap_index = 27090, .adv_w = 206, .box_w = 12, .box_h = 12, .ofs_x = 0, .ofs_y = -1},
    {.bitmap_index = 27108, .adv_w = 206, .box_w = 12, .box_h = 12, .ofs_x = 0, .ofs_y = -1},
    {.bitmap_index = 27126, .adv_w = 206, .box_w = 12, .box_h = 12, .ofs_x = 0, .ofs_y = -1},
    {.bitmap_index = 27144, .adv_w = 206, .box_w = 12, .box_h = 12, .ofs_x = 0, .ofs_y = -1},
    {.bitmap_index = 27162, .adv_w = 206, .box_w = 12, .box_h = 12, .ofs_x = 0, .ofs_y = -1},
    {.bitmap_index = 27180, .adv_w = 206, .box_w = 12, .box_h = 12, .ofs_x = 0, .ofs_y = -1},
    {.bitmap_index = 27198, .adv_w = 206, .box_w = 12, .box_h = 12, .ofs_x = 0, .ofs_y = -1},
    {.bitmap_index = 27216, .adv_w = 206, .box_w = 12, .box_h = 12, .ofs_x = 0, .ofs_y = -1},
    {.bitmap_index = 27234, .adv_w = 206, .box_w = 12, .box_h = 12, .ofs_x = 0, .ofs_y = -1},
    {.bitmap_index = 27252, .adv_w = 206, .box_w = 12, .box_h = 12, .ofs_x = 0, .ofs_y = -1},
    {.bitmap_index = 27270, .adv_w = 206, .box_w = 12, .box_h = 12, .ofs_x = 0, .ofs_y = -1},
    {.bitmap_index = 27288, .adv_w = 206, .box_w = 12, .box_h = 12, .ofs_x = 0, .ofs_y = -1},
    {.bitmap_index = 27306, .adv_w = 206, .box_w = 12, .box_h = 12, .ofs_x = 0, .ofs_y = -1},
    {.bitmap_index = 27324, .adv_w = 206, .box_w = 12, .box_h = 12, .ofs_x = 0, .ofs_y = -1},
    {.bitmap_index = 27342, .adv_w = 206, .box_w = 12, .box_h = 12, .ofs_x = 0, .ofs_y = -1},
    {.bitmap_index = 27360, .adv_w = 206, .box_w = 10, .box_h = 13, .ofs_x = 1, .ofs_y = -1},
    {.bitmap_index = 27377, .adv_w = 206, .box_w = 10, .box_h = 13, .ofs_x = 1, .ofs_y = -1},
    {.bitmap_index = 27394, .adv_w = 206, .box_w = 11, .box_h = 13, .ofs_x = 1, .ofs_y = -1},
    {.bitmap_index = 27412, .adv_w = 206, .box_w = 11, .box_h = 13, .ofs_x = 1, .ofs_y = -1},
    {.bitmap_index = 27430, .adv_w = 206, .box_w = 10, .box_h = 13, .ofs_x = 1, .ofs_y = -1},
    {.bitmap_index = 27447, .adv_w = 206, .box_w = 10, .box_h = 13, .ofs_x = 1, .ofs_y = -1},
    {.bitmap_index = 27464, .adv_w = 206, .box_w = 11, .box_h = 13, .ofs_x = 1, .ofs_y = -1},
    {.bitmap_index = 27482, .adv_w = 206, .box_w = 11, .box_h = 13, .ofs_x = 1, .ofs_y = -1},
    {.bitmap_index = 27500, .adv_w = 206, .box_w = 11, .box_h = 13, .ofs_x = 0, .ofs_y = -1},
    {.bitmap_index = 27518, .adv_w = 206, .box_w = 11, .box_h = 13, .ofs_x = 0, .ofs_y = -1},
    {.bitmap_index = 27536, .adv_w = 206, .box_w = 12, .box_h = 13, .ofs_x = 0, .ofs_y = -1},
    {.bitmap_index = 27556, .adv_w = 206, .box_w = 12, .box_h = 13, .ofs_x = 0, .ofs_y = -1},
    {.bitmap_index = 27576, .adv_w = 206, .box_w = 11, .box_h = 13, .ofs_x = 0, .ofs_y = -1},
    {.bitmap_index = 27594, .adv_w = 206, .box_w = 11, .box_h = 13, .ofs_x = 0, .ofs_y = -1},
    {.bitmap_index = 27612, .adv_w = 206, .box_w = 12, .box_h = 13, .ofs_x = 0, .ofs_y = -1},
    {.bitmap_index = 27632, .adv_w = 206, .box_w = 10, .box_h = 13, .ofs_x = 1, .ofs_y = -1},
    {.bitmap_index = 27649, .adv_w = 206, .box_w = 10, .box_h = 13, .ofs_x = 1, .ofs_y = -1},
    {.bitmap_index = 27666, .adv_w = 206, .box_w = 11, .box_h = 13, .ofs_x = 1, .ofs_y = -1},
    {.bitmap_index = 27684, .adv_w = 206, .box_w = 11, .box_h = 13, .ofs_x = 1, .ofs_y = -1},
    {.bitmap_index = 27702, .adv_w = 206, .box_w = 10, .box_h = 13, .ofs_x = 1, .ofs_y = -1},
    {.bitmap_index = 27719, .adv_w = 206, .box_w = 10, .box_h = 13, .ofs_x = 1, .ofs_y = -1},
    {.bitmap_index = 27736, .adv_w = 206, .box_w = 11, .box_h = 13, .ofs_x = 1, .ofs_y = -1},
    {.bitmap_index = 27754, .adv_w = 206, .box_w = 10, .box_h = 13, .ofs_x = 1, .ofs_y = -1},
    {.bitmap_index = 27771, .adv_w = 206, .box_w = 12, .box_h = 12, .ofs_x = 0, .ofs_y = -1},
    {.bitmap_index = 27789, .adv_w = 206, .box_w = 12, .box_h = 12, .ofs_x = 0, .ofs_y = -1},
    {.bitmap_index = 27807, .adv_w = 206, .box_w = 12, .box_h = 12, .ofs_x = 0, .ofs_y = -1},
    {.bitmap_index = 27825, .adv_w = 206, .box_w = 12, .box_h = 12, .ofs_x = 0, .ofs_y = -1},
    {.bitmap_index = 27843, .adv_w = 206, .box_w = 12, .box_h = 12, .ofs_x = 0, .ofs_y = -1},
    {.bitmap_index = 27861, .adv_w = 206, .box_w = 12, .box_h = 12, .ofs_x = 0, .ofs_y = -1},
    {.bitmap_index = 27879, .adv_w = 206, .box_w = 12, .box_h = 12, .ofs_x = 0, .ofs_y = -1},
    {.bitmap_index = 27897, .adv_w = 206, .box_w = 12, .box_h = 12, .ofs_x = 0, .ofs_y = -1},
    {.bitmap_index = 27915, .adv_w = 206, .box_w = 12, .box_h = 12, .ofs_x = 0, .ofs_y = -1},
    {.bitmap_index = 27933, .adv_w = 206, .box_w = 12, .box_h = 10, .ofs_x = 0, .ofs_y = 1},
    {.bitmap_index = 27948, .adv_w = 206, .box_w = 12, .box_h = 12, .ofs_x = 0, .ofs_y = -1},
    {.bitmap_index = 27966, .adv_w = 206, .box_w = 12, .box_h = 12, .ofs_x = 0, .ofs_y = -1},
    {.bitmap_index = 27984, .adv_w = 206, .box_w = 12, .box_h = 12, .ofs_x = 0, .ofs_y = -1},
    {.bitmap_index = 28002, .adv_w = 206, .box_w = 12, .box_h = 12, .ofs_x = 0, .ofs_y = -1},
    {.bitmap_index = 28020, .adv_w = 206, .box_w = 12, .box_h = 12, .ofs_x = 0, .ofs_y = -1},
    {.bitmap_index = 28038, .adv_w = 206, .box_w = 12, .box_h = 12, .ofs_x = 0, .ofs_y = -1},
    {.bitmap_index = 28056, .adv_w = 206, .box_w = 12, .box_h = 12, .ofs_x = 0, .ofs_y = -1},
    {.bitmap_index = 28074, .adv_w = 206, .box_w = 12, .box_h = 12, .ofs_x = 0, .ofs_y = -1},
    {.bitmap_index = 28092, .adv_w = 206, .box_w = 12, .box_h = 11, .ofs_x = 0, .ofs_y = 0},
    {.bitmap_index = 28109, .adv_w = 206, .box_w = 12, .box_h = 12, .ofs_x = 0, .ofs_y = -1},
    {.bitmap_index = 28127, .adv_w = 206, .box_w = 12, .box_h = 12, .ofs_x = 0, .ofs_y = -1},
    {.bitmap_index = 28145, .adv_w = 206, .box_w = 12, .box_h = 12, .ofs_x = 0, .ofs_y = -1},
    {.bitmap_index = 28163, .adv_w = 206, .box_w = 12, .box_h = 12, .ofs_x = 0, .ofs_y = -1},
    {.bitmap_index = 28181, .adv_w = 206, .box_w = 12, .box_h = 12, .ofs_x = 0, .ofs_y = -1},
    {.bitmap_index = 28199, .adv_w = 206, .box_w = 11, .box_h = 13, .ofs_x = 1, .ofs_y = -1},
    {.bitmap_index = 28217, .adv_w = 206, .box_w = 11, .box_h = 13, .ofs_x = 1, .ofs_y = -1},
    {.bitmap_index = 28235, .adv_w = 206, .box_w = 11, .box_h = 13, .ofs_x = 1, .ofs_y = -1},
    {.bitmap_index = 28253, .adv_w = 206, .box_w = 10, .box_h = 13, .ofs_x = 1, .ofs_y = -1},
    {.bitmap_index = 28270, .adv_w = 206, .box_w = 11, .box_h = 13, .ofs_x = 1, .ofs_y = -1},
    {.bitmap_index = 28288, .adv_w = 206, .box_w = 10, .box_h = 13, .ofs_x = 1, .ofs_y = -1},
    {.bitmap_index = 28305, .adv_w = 206, .box_w = 10, .box_h = 13, .ofs_x = 1, .ofs_y = -1},
    {.bitmap_index = 28322, .adv_w = 206, .box_w = 11, .box_h = 13, .ofs_x = 1, .ofs_y = -1},
    {.bitmap_index = 28340, .adv_w = 206, .box_w = 11, .box_h = 13, .ofs_x = 1, .ofs_y = -1},
    {.bitmap_index = 28358, .adv_w = 206, .box_w = 10, .box_h = 13, .ofs_x = 1, .ofs_y = -1},
    {.bitmap_index = 28375, .adv_w = 206, .box_w = 10, .box_h = 13, .ofs_x = 1, .ofs_y = -1},
    {.bitmap_index = 28392, .adv_w = 206, .box_w = 11, .box_h = 13, .ofs_x = 1, .ofs_y = -1},
    {.bitmap_index = 28410, .adv_w = 206, .box_w = 10, .box_h = 13, .ofs_x = 1, .ofs_y = -1},
    {.bitmap_index = 28427, .adv_w = 206, .box_w = 10, .box_h = 13, .ofs_x = 1, .ofs_y = -1},
    {.bitmap_index = 28444, .adv_w = 206, .box_w = 11, .box_h = 12, .ofs_x = 1, .ofs_y = 0},
    {.bitmap_index = 28461, .adv_w = 206, .box_w = 11, .box_h = 12, .ofs_x = 1, .ofs_y = 0},
    {.bitmap_index = 28478, .adv_w = 206, .box_w = 10, .box_h = 13, .ofs_x = 1, .ofs_y = -1},
    {.bitmap_index = 28495, .adv_w = 206, .box_w = 11, .box_h = 13, .ofs_x = 1, .ofs_y = -1},
    {.bitmap_index = 28513, .adv_w = 206, .box_w = 10, .box_h = 13, .ofs_x = 1, .ofs_y = -1},
    {.bitmap_index = 28530, .adv_w = 206, .box_w = 11, .box_h = 13, .ofs_x = 1, .ofs_y = -1},
    {.bitmap_index = 28548, .adv_w = 206, .box_w = 12, .box_h = 13, .ofs_x = 1, .ofs_y = -1},
    {.bitmap_index = 28568, .adv_w = 206, .box_w = 12, .box_h = 13, .ofs_x = 1, .ofs_y = -1},
    {.bitmap_index = 28588, .adv_w = 206, .box_w = 12, .box_h = 13, .ofs_x = 1, .ofs_y = -1},
    {.bitmap_index = 28608, .adv_w = 206, .box_w = 12, .box_h = 13, .ofs_x = 1, .ofs_y = -1},
    {.bitmap_index = 28628, .adv_w = 206, .box_w = 12, .box_h = 13, .ofs_x = 1, .ofs_y = -1},
    {.bitmap_index = 28648, .adv_w = 206, .box_w = 12, .box_h = 13, .ofs_x = 1, .ofs_y = -1},
    {.bitmap_index = 28668, .adv_w = 206, .box_w = 12, .box_h = 13, .ofs_x = 1, .ofs_y = -1},
    {.bitmap_index = 28688, .adv_w = 206, .box_w = 12, .box_h = 13, .ofs_x = 1, .ofs_y = -1},
    {.bitmap_index = 28708, .adv_w = 206, .box_w = 12, .box_h = 12, .ofs_x = 1, .ofs_y = 0},
    {.bitmap_index = 28726, .adv_w = 206, .box_w = 12, .box_h = 13, .ofs_x = 1, .ofs_y = -1},
    {.bitmap_index = 28746, .adv_w = 206, .box_w = 12, .box_h = 13, .ofs_x = 1, .ofs_y = -1},
    {.bitmap_index = 28766, .adv_w = 206, .box_w = 12, .box_h = 13, .ofs_x = 1, .ofs_y = -1},
    {.bitmap_index = 28786, .adv_w = 206, .box_w = 11, .box_h = 13, .ofs_x = 1, .ofs_y = -1},
    {.bitmap_index = 28804, .adv_w = 206, .box_w = 10, .box_h = 13, .ofs_x = 1, .ofs_y = -1},
    {.bitmap_index = 28821, .adv_w = 206, .box_w = 11, .box_h = 13, .ofs_x = 1, .ofs_y = -1},
    {.bitmap_index = 28839, .adv_w = 206, .box_w = 11, .box_h = 13, .ofs_x = 1, .ofs_y = -1},
    {.bitmap_index = 28857, .adv_w = 206, .box_w = 11, .box_h = 13, .ofs_x = 1, .ofs_y = -1},
    {.bitmap_index = 28875, .adv_w = 206, .box_w = 10, .box_h = 13, .ofs_x = 1, .ofs_y = -1},
    {.bitmap_index = 28892, .adv_w = 206, .box_w = 12, .box_h = 12, .ofs_x = 1, .ofs_y = 0},
    {.bitmap_index = 28910, .adv_w = 206, .box_w = 11, .box_h = 12, .ofs_x = 1, .ofs_y = 0},
    {.bitmap_index = 28927, .adv_w = 206, .box_w = 11, .box_h = 13, .ofs_x = 1, .ofs_y = -1},
    {.bitmap_index = 28945, .adv_w = 206, .box_w = 11, .box_h = 13, .ofs_x = 1, .ofs_y = -1},
    {.bitmap_index = 28963, .adv_w = 206, .box_w = 12, .box_h = 13, .ofs_x = 1, .ofs_y = -1},
    {.bitmap_index = 28983, .adv_w = 206, .box_w = 12, .box_h = 13, .ofs_x = 1, .ofs_y = -1},
    {.bitmap_index = 29003, .adv_w = 206, .box_w = 12, .box_h = 13, .ofs_x = 1, .ofs_y = -1},
    {.bitmap_index = 29023, .adv_w = 206, .box_w = 12, .box_h = 13, .ofs_x = 1, .ofs_y = -1},
    {.bitmap_index = 29043, .adv_w = 206, .box_w = 12, .box_h = 13, .ofs_x = 1, .ofs_y = -1},
    {.bitmap_index = 29063, .adv_w = 206, .box_w = 12, .box_h = 13, .ofs_x = 1, .ofs_y = -1},
    {.bitmap_index = 29083, .adv_w = 206, .box_w = 11, .box_h = 13, .ofs_x = 1, .ofs_y = -1},
    {.bitmap_index = 29101, .adv_w = 206, .box_w = 11, .box_h = 13, .ofs_x = 1, .ofs_y = -1},
    {.bitmap_index = 29119, .adv_w = 206, .box_w = 11, .box_h = 13, .ofs_x = 1, .ofs_y = -1},
    {.bitmap_index = 29137, .adv_w = 206, .box_w = 11, .box_h = 13, .ofs_x = 0, .ofs_y = -1},
    {.bitmap_index = 29155, .adv_w = 206, .box_w = 10, .box_h = 13, .ofs_x = 1, .ofs_y = -1},
    {.bitmap_index = 29172, .adv_w = 206, .box_w = 11, .box_h = 13, .ofs_x = 1, .ofs_y = -1},
    {.bitmap_index = 29190, .adv_w = 206, .box_w = 11, .box_h = 13, .ofs_x = 1, .ofs_y = -1},
    {.bitmap_index = 29208, .adv_w = 206, .box_w = 10, .box_h = 13, .ofs_x = 1, .ofs_y = -1},
    {.bitmap_index = 29225, .adv_w = 206, .box_w = 10, .box_h = 13, .ofs_x = 1, .ofs_y = -1},
    {.bitmap_index = 29242, .adv_w = 206, .box_w = 10, .box_h = 13, .ofs_x = 1, .ofs_y = -1},
    {.bitmap_index = 29259, .adv_w = 206, .box_w = 11, .box_h = 12, .ofs_x = 1, .ofs_y = 0},
    {.bitmap_index = 29276, .adv_w = 206, .box_w = 10, .box_h = 13, .ofs_x = 1, .ofs_y = -1},
    {.bitmap_index = 29293, .adv_w = 206, .box_w = 11, .box_h = 13, .ofs_x = 1, .ofs_y = -1},
    {.bitmap_index = 29311, .adv_w = 206, .box_w = 11, .box_h = 13, .ofs_x = 1, .ofs_y = -1},
    {.bitmap_index = 29329, .adv_w = 206, .box_w = 11, .box_h = 13, .ofs_x = 1, .ofs_y = -1},
    {.bitmap_index = 29347, .adv_w = 206, .box_w = 11, .box_h = 13, .ofs_x = 1, .ofs_y = -1},
    {.bitmap_index = 29365, .adv_w = 206, .box_w = 11, .box_h = 13, .ofs_x = 1, .ofs_y = -1},
    {.bitmap_index = 29383, .adv_w = 206, .box_w = 11, .box_h = 13, .ofs_x = 1, .ofs_y = -1},
    {.bitmap_index = 29401, .adv_w = 206, .box_w = 11, .box_h = 13, .ofs_x = 1, .ofs_y = -1},
    {.bitmap_index = 29419, .adv_w = 206, .box_w = 12, .box_h = 12, .ofs_x = 1, .ofs_y = 0},
    {.bitmap_index = 29437, .adv_w = 206, .box_w = 11, .box_h = 13, .ofs_x = 1, .ofs_y = -1},
    {.bitmap_index = 29455, .adv_w = 206, .box_w = 11, .box_h = 13, .ofs_x = 0, .ofs_y = -1},
    {.bitmap_index = 29473, .adv_w = 206, .box_w = 11, .box_h = 13, .ofs_x = 1, .ofs_y = -1},
    {.bitmap_index = 29491, .adv_w = 206, .box_w = 11, .box_h = 13, .ofs_x = 1, .ofs_y = -1},
    {.bitmap_index = 29509, .adv_w = 206, .box_w = 10, .box_h = 13, .ofs_x = 1, .ofs_y = -1},
    {.bitmap_index = 29526, .adv_w = 206, .box_w = 10, .box_h = 13, .ofs_x = 1, .ofs_y = -1},
    {.bitmap_index = 29543, .adv_w = 206, .box_w = 11, .box_h = 12, .ofs_x = 1, .ofs_y = 0},
    {.bitmap_index = 29560, .adv_w = 206, .box_w = 10, .box_h = 13, .ofs_x = 1, .ofs_y = -1},
    {.bitmap_index = 29577, .adv_w = 206, .box_w = 11, .box_h = 13, .ofs_x = 1, .ofs_y = -1},
    {.bitmap_index = 29595, .adv_w = 206, .box_w = 12, .box_h = 9, .ofs_x = 0, .ofs_y = 1},
    {.bitmap_index = 29609, .adv_w = 206, .box_w = 12, .box_h = 12, .ofs_x = 0, .ofs_y = -1},
    {.bitmap_index = 29627, .adv_w = 206, .box_w = 12, .box_h = 12, .ofs_x = 0, .ofs_y = -1},
    {.bitmap_index = 29645, .adv_w = 206, .box_w = 12, .box_h = 12, .ofs_x = 0, .ofs_y = -1},
    {.bitmap_index = 29663, .adv_w = 206, .box_w = 12, .box_h = 12, .ofs_x = 0, .ofs_y = -1},
    {.bitmap_index = 29681, .adv_w = 206, .box_w = 12, .box_h = 12, .ofs_x = 0, .ofs_y = -1},
    {.bitmap_index = 29699, .adv_w = 206, .box_w = 12, .box_h = 12, .ofs_x = 0, .ofs_y = -1},
    {.bitmap_index = 29717, .adv_w = 206, .box_w = 12, .box_h = 12, .ofs_x = 0, .ofs_y = -1},
    {.bitmap_index = 29735, .adv_w = 206, .box_w = 12, .box_h = 12, .ofs_x = 0, .ofs_y = -1},
    {.bitmap_index = 29753, .adv_w = 206, .box_w = 12, .box_h = 12, .ofs_x = 0, .ofs_y = -1},
    {.bitmap_index = 29771, .adv_w = 206, .box_w = 12, .box_h = 12, .ofs_x = 0, .ofs_y = -1},
    {.bitmap_index = 29789, .adv_w = 206, .box_w = 12, .box_h = 12, .ofs_x = 0, .ofs_y = -1},
    {.bitmap_index = 29807, .adv_w = 206, .box_w = 12, .box_h = 13, .ofs_x = 0, .ofs_y = -1},
    {.bitmap_index = 29827, .adv_w = 206, .box_w = 12, .box_h = 13, .ofs_x = 0, .ofs_y = -1},
    {.bitmap_index = 29847, .adv_w = 206, .box_w = 12, .box_h = 13, .ofs_x = 0, .ofs_y = -1},
    {.bitmap_index = 29867, .adv_w = 206, .box_w = 12, .box_h = 13, .ofs_x = 0, .ofs_y = -1},
    {.bitmap_index = 29887, .adv_w = 206, .box_w = 12, .box_h = 13, .ofs_x = 0, .ofs_y = -1},
    {.bitmap_index = 29907, .adv_w = 206, .box_w = 12, .box_h = 13, .ofs_x = 0, .ofs_y = -1},
    {.bitmap_index = 29927, .adv_w = 206, .box_w = 11, .box_h = 13, .ofs_x = 0, .ofs_y = -1},
    {.bitmap_index = 29945, .adv_w = 206, .box_w = 12, .box_h = 13, .ofs_x = 1, .ofs_y = -1},
    {.bitmap_index = 29965, .adv_w = 206, .box_w = 11, .box_h = 13, .ofs_x = 1, .ofs_y = -1},
    {.bitmap_index = 29983, .adv_w = 206, .box_w = 11, .box_h = 13, .ofs_x = 0, .ofs_y = -1},
    {.bitmap_index = 30001, .adv_w = 206, .box_w = 12, .box_h = 13, .ofs_x = 0, .ofs_y = -1},
    {.bitmap_index = 30021, .adv_w = 206, .box_w = 12, .box_h = 13, .ofs_x = 0, .ofs_y = -1},
    {.bitmap_index = 30041, .adv_w = 206, .box_w = 11, .box_h = 13, .ofs_x = 0, .ofs_y = -1},
    {.bitmap_index = 30059, .adv_w = 206, .box_w = 11, .box_h = 13, .ofs_x = 0, .ofs_y = -1},
    {.bitmap_index = 30077, .adv_w = 206, .box_w = 12, .box_h = 13, .ofs_x = 0, .ofs_y = -1},
    {.bitmap_index = 30097, .adv_w = 206, .box_w = 11, .box_h = 13, .ofs_x = 0, .ofs_y = -1},
    {.bitmap_index = 30115, .adv_w = 206, .box_w = 12, .box_h = 11, .ofs_x = 0, .ofs_y = 0},
    {.bitmap_index = 30132, .adv_w = 206, .box_w = 12, .box_h = 12, .ofs_x = 0, .ofs_y = -1},
    {.bitmap_index = 30150, .adv_w = 206, .box_w = 12, .box_h = 12, .ofs_x = 0, .ofs_y = -1},
    {.bitmap_index = 30168, .adv_w = 206, .box_w = 12, .box_h = 12, .ofs_x = 0, .ofs_y = -1},
    {.bitmap_index = 30186, .adv_w = 206, .box_w = 12, .box_h = 12, .ofs_x = 0, .ofs_y = -1},
    {.bitmap_index = 30204, .adv_w = 206, .box_w = 12, .box_h = 12, .ofs_x = 0, .ofs_y = -1},
    {.bitmap_index = 30222, .adv_w = 206, .box_w = 12, .box_h = 12, .ofs_x = 0, .ofs_y = -1},
    {.bitmap_index = 30240, .adv_w = 206, .box_w = 12, .box_h = 12, .ofs_x = 0, .ofs_y = -1},
    {.bitmap_index = 30258, .adv_w = 206, .box_w = 12, .box_h = 12, .ofs_x = 0, .ofs_y = -1},
    {.bitmap_index = 30276, .adv_w = 206, .box_w = 12, .box_h = 12, .ofs_x = 0, .ofs_y = -1},
    {.bitmap_index = 30294, .adv_w = 206, .box_w = 12, .box_h = 12, .ofs_x = 0, .ofs_y = -1},
    {.bitmap_index = 30312, .adv_w = 206, .box_w = 12, .box_h = 12, .ofs_x = 0, .ofs_y = -1},
    {.bitmap_index = 30330, .adv_w = 206, .box_w = 12, .box_h = 12, .ofs_x = 0, .ofs_y = -1},
    {.bitmap_index = 30348, .adv_w = 206, .box_w = 12, .box_h = 12, .ofs_x = 0, .ofs_y = -1},
    {.bitmap_index = 30366, .adv_w = 206, .box_w = 11, .box_h = 13, .ofs_x = 0, .ofs_y = -1},
    {.bitmap_index = 30384, .adv_w = 206, .box_w = 12, .box_h = 13, .ofs_x = 0, .ofs_y = -1},
    {.bitmap_index = 30404, .adv_w = 206, .box_w = 12, .box_h = 13, .ofs_x = 0, .ofs_y = -1},
    {.bitmap_index = 30424, .adv_w = 206, .box_w = 11, .box_h = 13, .ofs_x = 0, .ofs_y = -1},
    {.bitmap_index = 30442, .adv_w = 206, .box_w = 11, .box_h = 13, .ofs_x = 0, .ofs_y = -1},
    {.bitmap_index = 30460, .adv_w = 206, .box_w = 12, .box_h = 13, .ofs_x = 0, .ofs_y = -1},
    {.bitmap_index = 30480, .adv_w = 206, .box_w = 12, .box_h = 13, .ofs_x = 0, .ofs_y = -1},
    {.bitmap_index = 30500, .adv_w = 206, .box_w = 11, .box_h = 13, .ofs_x = 0, .ofs_y = -1},
    {.bitmap_index = 30518, .adv_w = 206, .box_w = 11, .box_h = 13, .ofs_x = 0, .ofs_y = -1},
    {.bitmap_index = 30536, .adv_w = 206, .box_w = 12, .box_h = 12, .ofs_x = 0, .ofs_y = 0},
    {.bitmap_index = 30554, .adv_w = 206, .box_w = 12, .box_h = 12, .ofs_x = 0, .ofs_y = -1},
    {.bitmap_index = 30572, .adv_w = 206, .box_w = 12, .box_h = 12, .ofs_x = 0, .ofs_y = -1},
    {.bitmap_index = 30590, .adv_w = 206, .box_w = 12, .box_h = 12, .ofs_x = 0, .ofs_y = -1},
    {.bitmap_index = 30608, .adv_w = 206, .box_w = 12, .box_h = 12, .ofs_x = 0, .ofs_y = -1},
    {.bitmap_index = 30626, .adv_w = 206, .box_w = 12, .box_h = 9, .ofs_x = 0, .ofs_y = 1},
    {.bitmap_index = 30640, .adv_w = 206, .box_w = 12, .box_h = 12, .ofs_x = 0, .ofs_y = -1},
    {.bitmap_index = 30658, .adv_w = 206, .box_w = 12, .box_h = 12, .ofs_x = 0, .ofs_y = -1},
    {.bitmap_index = 30676, .adv_w = 206, .box_w = 12, .box_h = 12, .ofs_x = 0, .ofs_y = -1},
    {.bitmap_index = 30694, .adv_w = 206, .box_w = 12, .box_h = 12, .ofs_x = 0, .ofs_y = -1},
    {.bitmap_index = 30712, .adv_w = 206, .box_w = 12, .box_h = 12, .ofs_x = 0, .ofs_y = -1},
    {.bitmap_index = 30730, .adv_w = 206, .box_w = 12, .box_h = 12, .ofs_x = 0, .ofs_y = -1},
    {.bitmap_index = 30748, .adv_w = 206, .box_w = 12, .box_h = 12, .ofs_x = 0, .ofs_y = -1},
    {.bitmap_index = 30766, .adv_w = 206, .box_w = 10, .box_h = 13, .ofs_x = 1, .ofs_y = -1},
    {.bitmap_index = 30783, .adv_w = 206, .box_w = 10, .box_h = 13, .ofs_x = 1, .ofs_y = -1},
    {.bitmap_index = 30800, .adv_w = 206, .box_w = 11, .box_h = 13, .ofs_x = 1, .ofs_y = -1},
    {.bitmap_index = 30818, .adv_w = 206, .box_w = 11, .box_h = 13, .ofs_x = 1, .ofs_y = -1},
    {.bitmap_index = 30836, .adv_w = 206, .box_w = 11, .box_h = 13, .ofs_x = 1, .ofs_y = -1},
    {.bitmap_index = 30854, .adv_w = 206, .box_w = 10, .box_h = 13, .ofs_x = 1, .ofs_y = -1},
    {.bitmap_index = 30871, .adv_w = 206, .box_w = 10, .box_h = 13, .ofs_x = 1, .ofs_y = -1},
    {.bitmap_index = 30888, .adv_w = 206, .box_w = 10, .box_h = 13, .ofs_x = 1, .ofs_y = -1},
    {.bitmap_index = 30905, .adv_w = 206, .box_w = 11, .box_h = 12, .ofs_x = 1, .ofs_y = 0},
    {.bitmap_index = 30922, .adv_w = 206, .box_w = 10, .box_h = 13, .ofs_x = 1, .ofs_y = -1},
    {.bitmap_index = 30939, .adv_w = 206, .box_w = 11, .box_h = 13, .ofs_x = 1, .ofs_y = -1},
    {.bitmap_index = 30957, .adv_w = 206, .box_w = 11, .box_h = 13, .ofs_x = 1, .ofs_y = -1},
    {.bitmap_index = 30975, .adv_w = 206, .box_w = 10, .box_h = 13, .ofs_x = 1, .ofs_y = -1},
    {.bitmap_index = 30992, .adv_w = 206, .box_w = 12, .box_h = 13, .ofs_x = 1, .ofs_y = -1},
    {.bitmap_index = 31012, .adv_w = 206, .box_w = 11, .box_h = 13, .ofs_x = 1, .ofs_y = -1},
    {.bitmap_index = 31030, .adv_w = 206, .box_w = 11, .box_h = 13, .ofs_x = 1, .ofs_y = -1},
    {.bitmap_index = 31048, .adv_w = 206, .box_w = 12, .box_h = 13, .ofs_x = 0, .ofs_y = -1},
    {.bitmap_index = 31068, .adv_w = 206, .box_w = 11, .box_h = 13, .ofs_x = 1, .ofs_y = -1},
    {.bitmap_index = 31086, .adv_w = 206, .box_w = 11, .box_h = 13, .ofs_x = 1, .ofs_y = -1},
    {.bitmap_index = 31104, .adv_w = 206, .box_w = 11, .box_h = 13, .ofs_x = 1, .ofs_y = -1},
    {.bitmap_index = 31122, .adv_w = 206, .box_w = 11, .box_h = 13, .ofs_x = 1, .ofs_y = -1},
    {.bitmap_index = 31140, .adv_w = 206, .box_w = 11, .box_h = 12, .ofs_x = 1, .ofs_y = 0},
    {.bitmap_index = 31157, .adv_w = 206, .box_w = 11, .box_h = 12, .ofs_x = 1, .ofs_y = 0},
    {.bitmap_index = 31174, .adv_w = 206, .box_w = 11, .box_h = 13, .ofs_x = 1, .ofs_y = -1},
    {.bitmap_index = 31192, .adv_w = 206, .box_w = 11, .box_h = 13, .ofs_x = 1, .ofs_y = -1},
    {.bitmap_index = 31210, .adv_w = 206, .box_w = 11, .box_h = 12, .ofs_x = 1, .ofs_y = -1},
    {.bitmap_index = 31227, .adv_w = 206, .box_w = 11, .box_h = 13, .ofs_x = 1, .ofs_y = -1},
    {.bitmap_index = 31245, .adv_w = 206, .box_w = 11, .box_h = 12, .ofs_x = 1, .ofs_y = -1},
    {.bitmap_index = 31262, .adv_w = 206, .box_w = 11, .box_h = 12, .ofs_x = 1, .ofs_y = -1},
    {.bitmap_index = 31279, .adv_w = 206, .box_w = 11, .box_h = 12, .ofs_x = 1, .ofs_y = -1},
    {.bitmap_index = 31296, .adv_w = 206, .box_w = 12, .box_h = 12, .ofs_x = 1, .ofs_y = 0},
    {.bitmap_index = 31314, .adv_w = 206, .box_w = 12, .box_h = 12, .ofs_x = 1, .ofs_y = -1},
    {.bitmap_index = 31332, .adv_w = 206, .box_w = 11, .box_h = 13, .ofs_x = 1, .ofs_y = -1},
    {.bitmap_index = 31350, .adv_w = 206, .box_w = 12, .box_h = 13, .ofs_x = 1, .ofs_y = -1},
    {.bitmap_index = 31370, .adv_w = 206, .box_w = 11, .box_h = 13, .ofs_x = 1, .ofs_y = -1},
    {.bitmap_index = 31388, .adv_w = 206, .box_w = 11, .box_h = 13, .ofs_x = 1, .ofs_y = -1},
    {.bitmap_index = 31406, .adv_w = 206, .box_w = 10, .box_h = 13, .ofs_x = 1, .ofs_y = -1},
    {.bitmap_index = 31423, .adv_w = 206, .box_w = 10, .box_h = 13, .ofs_x = 1, .ofs_y = -1},
    {.bitmap_index = 31440, .adv_w = 206, .box_w = 10, .box_h = 13, .ofs_x = 1, .ofs_y = -1},
    {.bitmap_index = 31457, .adv_w = 206, .box_w = 10, .box_h = 13, .ofs_x = 1, .ofs_y = -1},
    {.bitmap_index = 31474, .adv_w = 206, .box_w = 11, .box_h = 13, .ofs_x = 1, .ofs_y = -1},
    {.bitmap_index = 31492, .adv_w = 206, .box_w = 11, .box_h = 13, .ofs_x = 1, .ofs_y = -1},
    {.bitmap_index = 31510, .adv_w = 206, .box_w = 11, .box_h = 13, .ofs_x = 1, .ofs_y = -1},
    {.bitmap_index = 31528, .adv_w = 206, .box_w = 11, .box_h = 12, .ofs_x = 1, .ofs_y = 0},
    {.bitmap_index = 31545, .adv_w = 206, .box_w = 11, .box_h = 13, .ofs_x = 1, .ofs_y = -1},
    {.bitmap_index = 31563, .adv_w = 206, .box_w = 11, .box_h = 13, .ofs_x = 1, .ofs_y = -1},
    {.bitmap_index = 31581, .adv_w = 206, .box_w = 11, .box_h = 13, .ofs_x = 1, .ofs_y = -1},
    {.bitmap_index = 31599, .adv_w = 206, .box_w = 10, .box_h = 13, .ofs_x = 1, .ofs_y = -1},
    {.bitmap_index = 31616, .adv_w = 206, .box_w = 11, .box_h = 12, .ofs_x = 1, .ofs_y = 0},
    {.bitmap_index = 31633, .adv_w = 206, .box_w = 12, .box_h = 10, .ofs_x = 0, .ofs_y = 1},
    {.bitmap_index = 31648, .adv_w = 206, .box_w = 12, .box_h = 12, .ofs_x = 0, .ofs_y = -1},
    {.bitmap_index = 31666, .adv_w = 206, .box_w = 12, .box_h = 12, .ofs_x = 0, .ofs_y = -1},
    {.bitmap_index = 31684, .adv_w = 206, .box_w = 12, .box_h = 12, .ofs_x = 0, .ofs_y = -1},
    {.bitmap_index = 31702, .adv_w = 206, .box_w = 12, .box_h = 12, .ofs_x = 0, .ofs_y = -1},
    {.bitmap_index = 31720, .adv_w = 206, .box_w = 12, .box_h = 12, .ofs_x = 0, .ofs_y = -1},
    {.bitmap_index = 31738, .adv_w = 206, .box_w = 12, .box_h = 12, .ofs_x = 0, .ofs_y = -1},
    {.bitmap_index = 31756, .adv_w = 206, .box_w = 12, .box_h = 12, .ofs_x = 0, .ofs_y = -1},
    {.bitmap_index = 31774, .adv_w = 206, .box_w = 12, .box_h = 12, .ofs_x = 0, .ofs_y = -1},
    {.bitmap_index = 31792, .adv_w = 206, .box_w = 13, .box_h = 13, .ofs_x = 0, .ofs_y = -1},
    {.bitmap_index = 31814, .adv_w = 206, .box_w = 12, .box_h = 13, .ofs_x = 1, .ofs_y = -1},
    {.bitmap_index = 31834, .adv_w = 206, .box_w = 12, .box_h = 13, .ofs_x = 1, .ofs_y = -1},
    {.bitmap_index = 31854, .adv_w = 206, .box_w = 11, .box_h = 13, .ofs_x = 1, .ofs_y = -1},
    {.bitmap_index = 31872, .adv_w = 206, .box_w = 11, .box_h = 13, .ofs_x = 1, .ofs_y = -1},
    {.bitmap_index = 31890, .adv_w = 206, .box_w = 12, .box_h = 13, .ofs_x = 1, .ofs_y = -1},
    {.bitmap_index = 31910, .adv_w = 206, .box_w = 11, .box_h = 13, .ofs_x = 0, .ofs_y = -1},
    {.bitmap_index = 31928, .adv_w = 206, .box_w = 11, .box_h = 13, .ofs_x = 0, .ofs_y = -1},
    {.bitmap_index = 31946, .adv_w = 206, .box_w = 11, .box_h = 13, .ofs_x = 0, .ofs_y = -1},
    {.bitmap_index = 31964, .adv_w = 206, .box_w = 11, .box_h = 13, .ofs_x = 0, .ofs_y = -1},
    {.bitmap_index = 31982, .adv_w = 206, .box_w = 11, .box_h = 13, .ofs_x = 0, .ofs_y = -1},
    {.bitmap_index = 32000, .adv_w = 206, .box_w = 12, .box_h = 12, .ofs_x = 0, .ofs_y = -1},
    {.bitmap_index = 32018, .adv_w = 206, .box_w = 12, .box_h = 12, .ofs_x = 0, .ofs_y = -1},
    {.bitmap_index = 32036, .adv_w = 206, .box_w = 12, .box_h = 12, .ofs_x = 0, .ofs_y = -1},
    {.bitmap_index = 32054, .adv_w = 206, .box_w = 12, .box_h = 12, .ofs_x = 0, .ofs_y = -1},
    {.bitmap_index = 32072, .adv_w = 206, .box_w = 12, .box_h = 12, .ofs_x = 0, .ofs_y = -1},
    {.bitmap_index = 32090, .adv_w = 206, .box_w = 12, .box_h = 12, .ofs_x = 0, .ofs_y = -1},
    {.bitmap_index = 32108, .adv_w = 206, .box_w = 12, .box_h = 12, .ofs_x = 0, .ofs_y = -1},
    {.bitmap_index = 32126, .adv_w = 206, .box_w = 12, .box_h = 12, .ofs_x = 0, .ofs_y = -1},
    {.bitmap_index = 32144, .adv_w = 206, .box_w = 10, .box_h = 13, .ofs_x = 1, .ofs_y = -1},
    {.bitmap_index = 32161, .adv_w = 206, .box_w = 12, .box_h = 13, .ofs_x = 0, .ofs_y = -1},
    {.bitmap_index = 32181, .adv_w = 206, .box_w = 12, .box_h = 13, .ofs_x = 0, .ofs_y = -1},
    {.bitmap_index = 32201, .adv_w = 206, .box_w = 10, .box_h = 13, .ofs_x = 1, .ofs_y = -1},
    {.bitmap_index = 32218, .adv_w = 206, .box_w = 12, .box_h = 12, .ofs_x = 0, .ofs_y = -1},
    {.bitmap_index = 32236, .adv_w = 206, .box_w = 12, .box_h = 9, .ofs_x = 0, .ofs_y = 1},
    {.bitmap_index = 32250, .adv_w = 206, .box_w = 12, .box_h = 12, .ofs_x = 0, .ofs_y = -1},
    {.bitmap_index = 32268, .adv_w = 206, .box_w = 12, .box_h = 12, .ofs_x = 0, .ofs_y = -1},
    {.bitmap_index = 32286, .adv_w = 206, .box_w = 12, .box_h = 12, .ofs_x = 0, .ofs_y = -1},
    {.bitmap_index = 32304, .adv_w = 206, .box_w = 10, .box_h = 13, .ofs_x = 1, .ofs_y = -1},
    {.bitmap_index = 32321, .adv_w = 206, .box_w = 10, .box_h = 13, .ofs_x = 1, .ofs_y = -1},
    {.bitmap_index = 32338, .adv_w = 206, .box_w = 10, .box_h = 13, .ofs_x = 1, .ofs_y = -1},
    {.bitmap_index = 32355, .adv_w = 206, .box_w = 10, .box_h = 13, .ofs_x = 1, .ofs_y = -1},
    {.bitmap_index = 32372, .adv_w = 206, .box_w = 10, .box_h = 13, .ofs_x = 1, .ofs_y = -1},
    {.bitmap_index = 32389, .adv_w = 206, .box_w = 10, .box_h = 13, .ofs_x = 1, .ofs_y = -1},
    {.bitmap_index = 32406, .adv_w = 206, .box_w = 10, .box_h = 13, .ofs_x = 1, .ofs_y = -1},
    {.bitmap_index = 32423, .adv_w = 206, .box_w = 11, .box_h = 13, .ofs_x = 1, .ofs_y = -1},
    {.bitmap_index = 32441, .adv_w = 206, .box_w = 11, .box_h = 13, .ofs_x = 1, .ofs_y = -1},
    {.bitmap_index = 32459, .adv_w = 206, .box_w = 12, .box_h = 13, .ofs_x = 1, .ofs_y = -1},
    {.bitmap_index = 32479, .adv_w = 206, .box_w = 11, .box_h = 13, .ofs_x = 1, .ofs_y = -1},
    {.bitmap_index = 32497, .adv_w = 206, .box_w = 11, .box_h = 13, .ofs_x = 1, .ofs_y = -1},
    {.bitmap_index = 32515, .adv_w = 206, .box_w = 11, .box_h = 13, .ofs_x = 1, .ofs_y = -1},
    {.bitmap_index = 32533, .adv_w = 206, .box_w = 11, .box_h = 13, .ofs_x = 1, .ofs_y = -1},
    {.bitmap_index = 32551, .adv_w = 206, .box_w = 11, .box_h = 13, .ofs_x = 1, .ofs_y = -1},
    {.bitmap_index = 32569, .adv_w = 206, .box_w = 11, .box_h = 13, .ofs_x = 1, .ofs_y = -1},
    {.bitmap_index = 32587, .adv_w = 206, .box_w = 11, .box_h = 12, .ofs_x = 1, .ofs_y = 0},
    {.bitmap_index = 32604, .adv_w = 206, .box_w = 11, .box_h = 12, .ofs_x = 1, .ofs_y = 0},
    {.bitmap_index = 32621, .adv_w = 206, .box_w = 12, .box_h = 13, .ofs_x = 1, .ofs_y = -1},
    {.bitmap_index = 32641, .adv_w = 206, .box_w = 11, .box_h = 13, .ofs_x = 1, .ofs_y = -1},
    {.bitmap_index = 32659, .adv_w = 206, .box_w = 11, .box_h = 13, .ofs_x = 1, .ofs_y = -1},
    {.bitmap_index = 32677, .adv_w = 206, .box_w = 10, .box_h = 12, .ofs_x = 1, .ofs_y = -1},
    {.bitmap_index = 32692, .adv_w = 206, .box_w = 10, .box_h = 13, .ofs_x = 1, .ofs_y = -1},
    {.bitmap_index = 32709, .adv_w = 206, .box_w = 10, .box_h = 13, .ofs_x = 1, .ofs_y = -1},
    {.bitmap_index = 32726, .adv_w = 206, .box_w = 10, .box_h = 13, .ofs_x = 1, .ofs_y = -1},
    {.bitmap_index = 32743, .adv_w = 206, .box_w = 10, .box_h = 13, .ofs_x = 1, .ofs_y = -1},
    {.bitmap_index = 32760, .adv_w = 206, .box_w = 11, .box_h = 12, .ofs_x = 1, .ofs_y = -1},
    {.bitmap_index = 32777, .adv_w = 206, .box_w = 11, .box_h = 12, .ofs_x = 1, .ofs_y = 0},
    {.bitmap_index = 32794, .adv_w = 206, .box_w = 10, .box_h = 12, .ofs_x = 1, .ofs_y = -1},
    {.bitmap_index = 32809, .adv_w = 206, .box_w = 12, .box_h = 13, .ofs_x = 1, .ofs_y = -1},
    {.bitmap_index = 32829, .adv_w = 206, .box_w = 11, .box_h = 13, .ofs_x = 1, .ofs_y = -1},
    {.bitmap_index = 32847, .adv_w = 206, .box_w = 11, .box_h = 13, .ofs_x = 1, .ofs_y = -1},
    {.bitmap_index = 32865, .adv_w = 206, .box_w = 11, .box_h = 13, .ofs_x = 1, .ofs_y = -1},
    {.bitmap_index = 32883, .adv_w = 206, .box_w = 11, .box_h = 13, .ofs_x = 1, .ofs_y = -1},
    {.bitmap_index = 32901, .adv_w = 206, .box_w = 12, .box_h = 13, .ofs_x = 1, .ofs_y = -1},
    {.bitmap_index = 32921, .adv_w = 206, .box_w = 10, .box_h = 13, .ofs_x = 1, .ofs_y = -1},
    {.bitmap_index = 32938, .adv_w = 206, .box_w = 10, .box_h = 13, .ofs_x = 1, .ofs_y = -1},
    {.bitmap_index = 32955, .adv_w = 206, .box_w = 11, .box_h = 13, .ofs_x = 1, .ofs_y = -1},
    {.bitmap_index = 32973, .adv_w = 206, .box_w = 11, .box_h = 13, .ofs_x = 1, .ofs_y = -1},
    {.bitmap_index = 32991, .adv_w = 206, .box_w = 10, .box_h = 13, .ofs_x = 1, .ofs_y = -1},
    {.bitmap_index = 33008, .adv_w = 206, .box_w = 10, .box_h = 13, .ofs_x = 1, .ofs_y = -1},
    {.bitmap_index = 33025, .adv_w = 206, .box_w = 11, .box_h = 13, .ofs_x = 1, .ofs_y = -1},
    {.bitmap_index = 33043, .adv_w = 206, .box_w = 11, .box_h = 12, .ofs_x = 1, .ofs_y = 0},
    {.bitmap_index = 33060, .adv_w = 206, .box_w = 10, .box_h = 13, .ofs_x = 1, .ofs_y = -1},
    {.bitmap_index = 33077, .adv_w = 206, .box_w = 11, .box_h = 13, .ofs_x = 1, .ofs_y = -1},
    {.bitmap_index = 33095, .adv_w = 206, .box_w = 10, .box_h = 13, .ofs_x = 1, .ofs_y = -1},
    {.bitmap_index = 33112, .adv_w = 206, .box_w = 10, .box_h = 13, .ofs_x = 1, .ofs_y = -1},
    {.bitmap_index = 33129, .adv_w = 206, .box_w = 10, .box_h = 13, .ofs_x = 1, .ofs_y = -1},
    {.bitmap_index = 33146, .adv_w = 206, .box_w = 10, .box_h = 13, .ofs_x = 1, .ofs_y = -1},
    {.bitmap_index = 33163, .adv_w = 206, .box_w = 10, .box_h = 13, .ofs_x = 1, .ofs_y = -1},
    {.bitmap_index = 33180, .adv_w = 206, .box_w = 11, .box_h = 12, .ofs_x = 1, .ofs_y = 0},
    {.bitmap_index = 33197, .adv_w = 206, .box_w = 10, .box_h = 13, .ofs_x = 1, .ofs_y = -1},
    {.bitmap_index = 33214, .adv_w = 206, .box_w = 10, .box_h = 13, .ofs_x = 1, .ofs_y = -1},
    {.bitmap_index = 33231, .adv_w = 206, .box_w = 11, .box_h = 13, .ofs_x = 1, .ofs_y = -1},
    {.bitmap_index = 33249, .adv_w = 206, .box_w = 11, .box_h = 12, .ofs_x = 1, .ofs_y = 0},
    {.bitmap_index = 33266, .adv_w = 206, .box_w = 11, .box_h = 13, .ofs_x = 1, .ofs_y = -1},
    {.bitmap_index = 33284, .adv_w = 206, .box_w = 11, .box_h = 13, .ofs_x = 1, .ofs_y = -1},
    {.bitmap_index = 33302, .adv_w = 206, .box_w = 10, .box_h = 13, .ofs_x = 1, .ofs_y = -1},
    {.bitmap_index = 33319, .adv_w = 206, .box_w = 12, .box_h = 11, .ofs_x = 0, .ofs_y = 0},
    {.bitmap_index = 33336, .adv_w = 206, .box_w = 12, .box_h = 13, .ofs_x = 0, .ofs_y = -1},
    {.bitmap_index = 33356, .adv_w = 206, .box_w = 12, .box_h = 13, .ofs_x = 0, .ofs_y = -1},
    {.bitmap_index = 33376, .adv_w = 206, .box_w = 12, .box_h = 13, .ofs_x = 0, .ofs_y = -1},
    {.bitmap_index = 33396, .adv_w = 206, .box_w = 12, .box_h = 13, .ofs_x = 0, .ofs_y = -1},
    {.bitmap_index = 33416, .adv_w = 206, .box_w = 12, .box_h = 13, .ofs_x = 0, .ofs_y = -1},
    {.bitmap_index = 33436, .adv_w = 206, .box_w = 12, .box_h = 13, .ofs_x = 0, .ofs_y = -1},
    {.bitmap_index = 33456, .adv_w = 206, .box_w = 12, .box_h = 13, .ofs_x = 0, .ofs_y = -1},
    {.bitmap_index = 33476, .adv_w = 206, .box_w = 12, .box_h = 13, .ofs_x = 0, .ofs_y = -1},
    {.bitmap_index = 33496, .adv_w = 206, .box_w = 12, .box_h = 13, .ofs_x = 0, .ofs_y = -1},
    {.bitmap_index = 33516, .adv_w = 206, .box_w = 12, .box_h = 13, .ofs_x = 0, .ofs_y = -1},
    {.bitmap_index = 33536, .adv_w = 206, .box_w = 12, .box_h = 13, .ofs_x = 0, .ofs_y = -1},
    {.bitmap_index = 33556, .adv_w = 206, .box_w = 11, .box_h = 13, .ofs_x = 0, .ofs_y = -1},
    {.bitmap_index = 33574, .adv_w = 206, .box_w = 12, .box_h = 13, .ofs_x = 0, .ofs_y = -1},
    {.bitmap_index = 33594, .adv_w = 206, .box_w = 12, .box_h = 13, .ofs_x = 0, .ofs_y = -1},
    {.bitmap_index = 33614, .adv_w = 206, .box_w = 11, .box_h = 13, .ofs_x = 0, .ofs_y = -1},
    {.bitmap_index = 33632, .adv_w = 206, .box_w = 11, .box_h = 13, .ofs_x = 0, .ofs_y = -1},
    {.bitmap_index = 33650, .adv_w = 206, .box_w = 12, .box_h = 12, .ofs_x = 0, .ofs_y = 0},
    {.bitmap_index = 33668, .adv_w = 206, .box_w = 11, .box_h = 13, .ofs_x = 0, .ofs_y = -1},
    {.bitmap_index = 33686, .adv_w = 206, .box_w = 12, .box_h = 11, .ofs_x = 0, .ofs_y = 0},
    {.bitmap_index = 33703, .adv_w = 206, .box_w = 12, .box_h = 13, .ofs_x = 0, .ofs_y = -1},
    {.bitmap_index = 33723, .adv_w = 206, .box_w = 12, .box_h = 13, .ofs_x = 0, .ofs_y = -1},
    {.bitmap_index = 33743, .adv_w = 206, .box_w = 12, .box_h = 13, .ofs_x = 0, .ofs_y = -1},
    {.bitmap_index = 33763, .adv_w = 206, .box_w = 12, .box_h = 13, .ofs_x = 0, .ofs_y = -1},
    {.bitmap_index = 33783, .adv_w = 206, .box_w = 12, .box_h = 13, .ofs_x = 0, .ofs_y = -1},
    {.bitmap_index = 33803, .adv_w = 206, .box_w = 12, .box_h = 13, .ofs_x = 0, .ofs_y = -1},
    {.bitmap_index = 33823, .adv_w = 206, .box_w = 12, .box_h = 13, .ofs_x = 0, .ofs_y = -1},
    {.bitmap_index = 33843, .adv_w = 206, .box_w = 12, .box_h = 13, .ofs_x = 0, .ofs_y = -1},
    {.bitmap_index = 33863, .adv_w = 206, .box_w = 12, .box_h = 13, .ofs_x = 0, .ofs_y = -1},
    {.bitmap_index = 33883, .adv_w = 206, .box_w = 11, .box_h = 13, .ofs_x = 0, .ofs_y = -1},
    {.bitmap_index = 33901, .adv_w = 206, .box_w = 12, .box_h = 12, .ofs_x = 0, .ofs_y = 0},
    {.bitmap_index = 33919, .adv_w = 206, .box_w = 12, .box_h = 13, .ofs_x = 0, .ofs_y = -1},
    {.bitmap_index = 33939, .adv_w = 206, .box_w = 11, .box_h = 13, .ofs_x = 0, .ofs_y = -1},
    {.bitmap_index = 33957, .adv_w = 206, .box_w = 11, .box_h = 13, .ofs_x = 0, .ofs_y = -1},
    {.bitmap_index = 33975, .adv_w = 206, .box_w = 12, .box_h = 13, .ofs_x = 0, .ofs_y = -1},
    {.bitmap_index = 33995, .adv_w = 206, .box_w = 12, .box_h = 13, .ofs_x = 0, .ofs_y = -1},
    {.bitmap_index = 34015, .adv_w = 206, .box_w = 11, .box_h = 13, .ofs_x = 0, .ofs_y = -1},
    {.bitmap_index = 34033, .adv_w = 206, .box_w = 11, .box_h = 13, .ofs_x = 0, .ofs_y = -1},
    {.bitmap_index = 34051, .adv_w = 206, .box_w = 12, .box_h = 12, .ofs_x = 0, .ofs_y = 0},
    {.bitmap_index = 34069, .adv_w = 206, .box_w = 11, .box_h = 13, .ofs_x = 0, .ofs_y = -1},
    {.bitmap_index = 34087, .adv_w = 206, .box_w = 12, .box_h = 13, .ofs_x = 0, .ofs_y = -1},
    {.bitmap_index = 34107, .adv_w = 206, .box_w = 12, .box_h = 13, .ofs_x = 0, .ofs_y = -1},
    {.bitmap_index = 34127, .adv_w = 206, .box_w = 12, .box_h = 13, .ofs_x = 0, .ofs_y = -1},
    {.bitmap_index = 34147, .adv_w = 206, .box_w = 12, .box_h = 13, .ofs_x = 0, .ofs_y = -1},
    {.bitmap_index = 34167, .adv_w = 206, .box_w = 12, .box_h = 13, .ofs_x = 0, .ofs_y = -1},
    {.bitmap_index = 34187, .adv_w = 206, .box_w = 12, .box_h = 10, .ofs_x = 0, .ofs_y = 1},
    {.bitmap_index = 34202, .adv_w = 206, .box_w = 12, .box_h = 13, .ofs_x = 0, .ofs_y = -1},
    {.bitmap_index = 34222, .adv_w = 206, .box_w = 12, .box_h = 13, .ofs_x = 0, .ofs_y = -1},
    {.bitmap_index = 34242, .adv_w = 206, .box_w = 12, .box_h = 13, .ofs_x = 0, .ofs_y = -1},
    {.bitmap_index = 34262, .adv_w = 206, .box_w = 12, .box_h = 13, .ofs_x = 0, .ofs_y = -1},
    {.bitmap_index = 34282, .adv_w = 206, .box_w = 12, .box_h = 13, .ofs_x = 0, .ofs_y = -1},
    {.bitmap_index = 34302, .adv_w = 206, .box_w = 12, .box_h = 13, .ofs_x = 0, .ofs_y = -1},
    {.bitmap_index = 34322, .adv_w = 206, .box_w = 12, .box_h = 13, .ofs_x = 0, .ofs_y = -1},
    {.bitmap_index = 34342, .adv_w = 206, .box_w = 10, .box_h = 13, .ofs_x = 1, .ofs_y = -1},
    {.bitmap_index = 34359, .adv_w = 206, .box_w = 10, .box_h = 13, .ofs_x = 1, .ofs_y = -1},
    {.bitmap_index = 34376, .adv_w = 206, .box_w = 11, .box_h = 13, .ofs_x = 1, .ofs_y = -1},
    {.bitmap_index = 34394, .adv_w = 206, .box_w = 11, .box_h = 13, .ofs_x = 1, .ofs_y = -1},
    {.bitmap_index = 34412, .adv_w = 206, .box_w = 11, .box_h = 13, .ofs_x = 1, .ofs_y = -1},
    {.bitmap_index = 34430, .adv_w = 206, .box_w = 10, .box_h = 13, .ofs_x = 1, .ofs_y = -1},
    {.bitmap_index = 34447, .adv_w = 206, .box_w = 10, .box_h = 13, .ofs_x = 1, .ofs_y = -1},
    {.bitmap_index = 34464, .adv_w = 206, .box_w = 10, .box_h = 13, .ofs_x = 1, .ofs_y = -1},
    {.bitmap_index = 34481, .adv_w = 206, .box_w = 11, .box_h = 13, .ofs_x = 1, .ofs_y = -1},
    {.bitmap_index = 34499, .adv_w = 206, .box_w = 10, .box_h = 13, .ofs_x = 1, .ofs_y = -1},
    {.bitmap_index = 34516, .adv_w = 206, .box_w = 12, .box_h = 13, .ofs_x = 0, .ofs_y = -1},
    {.bitmap_index = 34536, .adv_w = 206, .box_w = 12, .box_h = 13, .ofs_x = 0, .ofs_y = -1},
    {.bitmap_index = 34556, .adv_w = 206, .box_w = 12, .box_h = 13, .ofs_x = 0, .ofs_y = -1},
    {.bitmap_index = 34576, .adv_w = 206, .box_w = 12, .box_h = 13, .ofs_x = 0, .ofs_y = -1},
    {.bitmap_index = 34596, .adv_w = 206, .box_w = 12, .box_h = 13, .ofs_x = 0, .ofs_y = -1},
    {.bitmap_index = 34616, .adv_w = 206, .box_w = 12, .box_h = 13, .ofs_x = 0, .ofs_y = -1},
    {.bitmap_index = 34636, .adv_w = 206, .box_w = 12, .box_h = 12, .ofs_x = 0, .ofs_y = 0},
    {.bitmap_index = 34654, .adv_w = 206, .box_w = 12, .box_h = 13, .ofs_x = 0, .ofs_y = -1},
    {.bitmap_index = 34674, .adv_w = 206, .box_w = 10, .box_h = 13, .ofs_x = 1, .ofs_y = -1},
    {.bitmap_index = 34691, .adv_w = 206, .box_w = 11, .box_h = 13, .ofs_x = 0, .ofs_y = -1},
    {.bitmap_index = 34709, .adv_w = 206, .box_w = 11, .box_h = 13, .ofs_x = 0, .ofs_y = -1},
    {.bitmap_index = 34727, .adv_w = 206, .box_w = 11, .box_h = 13, .ofs_x = 0, .ofs_y = -1},
    {.bitmap_index = 34745, .adv_w = 206, .box_w = 11, .box_h = 13, .ofs_x = 0, .ofs_y = -1},
    {.bitmap_index = 34763, .adv_w = 206, .box_w = 11, .box_h = 13, .ofs_x = 0, .ofs_y = -1},
    {.bitmap_index = 34781, .adv_w = 206, .box_w = 12, .box_h = 12, .ofs_x = 0, .ofs_y = 0},
    {.bitmap_index = 34799, .adv_w = 206, .box_w = 12, .box_h = 12, .ofs_x = 0, .ofs_y = 0},
    {.bitmap_index = 34817, .adv_w = 206, .box_w = 11, .box_h = 13, .ofs_x = 0, .ofs_y = -1},
    {.bitmap_index = 34835, .adv_w = 206, .box_w = 12, .box_h = 13, .ofs_x = 0, .ofs_y = -1},
    {.bitmap_index = 34855, .adv_w = 206, .box_w = 12, .box_h = 13, .ofs_x = 0, .ofs_y = -1},
    {.bitmap_index = 34875, .adv_w = 206, .box_w = 12, .box_h = 13, .ofs_x = 0, .ofs_y = -1},
    {.bitmap_index = 34895, .adv_w = 206, .box_w = 10, .box_h = 13, .ofs_x = 1, .ofs_y = -1},
    {.bitmap_index = 34912, .adv_w = 206, .box_w = 10, .box_h = 13, .ofs_x = 1, .ofs_y = -1},
    {.bitmap_index = 34929, .adv_w = 206, .box_w = 11, .box_h = 13, .ofs_x = 0, .ofs_y = -1},
    {.bitmap_index = 34947, .adv_w = 206, .box_w = 10, .box_h = 13, .ofs_x = 1, .ofs_y = -1},
    {.bitmap_index = 34964, .adv_w = 206, .box_w = 11, .box_h = 13, .ofs_x = 0, .ofs_y = -1},
    {.bitmap_index = 34982, .adv_w = 206, .box_w = 10, .box_h = 13, .ofs_x = 1, .ofs_y = -1},
    {.bitmap_index = 34999, .adv_w = 206, .box_w = 10, .box_h = 13, .ofs_x = 1, .ofs_y = -1},
    {.bitmap_index = 35016, .adv_w = 206, .box_w = 12, .box_h = 12, .ofs_x = 0, .ofs_y = 0},
    {.bitmap_index = 35034, .adv_w = 206, .box_w = 11, .box_h = 12, .ofs_x = 1, .ofs_y = 0},
    {.bitmap_index = 35051, .adv_w = 206, .box_w = 10, .box_h = 13, .ofs_x = 1, .ofs_y = -1},
    {.bitmap_index = 35068, .adv_w = 206, .box_w = 11, .box_h = 13, .ofs_x = 0, .ofs_y = -1},
    {.bitmap_index = 35086, .adv_w = 206, .box_w = 11, .box_h = 13, .ofs_x = 0, .ofs_y = -1},
    {.bitmap_index = 35104, .adv_w = 206, .box_w = 11, .box_h = 13, .ofs_x = 0, .ofs_y = -1},
    {.bitmap_index = 35122, .adv_w = 206, .box_w = 11, .box_h = 13, .ofs_x = 0, .ofs_y = -1},
    {.bitmap_index = 35140, .adv_w = 206, .box_w = 11, .box_h = 13, .ofs_x = 0, .ofs_y = -1},
    {.bitmap_index = 35158, .adv_w = 206, .box_w = 11, .box_h = 13, .ofs_x = 0, .ofs_y = -1},
    {.bitmap_index = 35176, .adv_w = 206, .box_w = 12, .box_h = 12, .ofs_x = 0, .ofs_y = 0},
    {.bitmap_index = 35194, .adv_w = 206, .box_w = 11, .box_h = 13, .ofs_x = 0, .ofs_y = -1},
    {.bitmap_index = 35212, .adv_w = 206, .box_w = 10, .box_h = 13, .ofs_x = 1, .ofs_y = -1},
    {.bitmap_index = 35229, .adv_w = 206, .box_w = 10, .box_h = 13, .ofs_x = 1, .ofs_y = -1},
    {.bitmap_index = 35246, .adv_w = 206, .box_w = 10, .box_h = 13, .ofs_x = 1, .ofs_y = -1},
    {.bitmap_index = 35263, .adv_w = 206, .box_w = 11, .box_h = 13, .ofs_x = 0, .ofs_y = -1},
    {.bitmap_index = 35281, .adv_w = 206, .box_w = 11, .box_h = 13, .ofs_x = 0, .ofs_y = -1},
    {.bitmap_index = 35299, .adv_w = 206, .box_w = 12, .box_h = 12, .ofs_x = 0, .ofs_y = 0},
    {.bitmap_index = 35317, .adv_w = 206, .box_w = 12, .box_h = 12, .ofs_x = 0, .ofs_y = 0},
    {.bitmap_index = 35335, .adv_w = 206, .box_w = 11, .box_h = 13, .ofs_x = 0, .ofs_y = -1},
    {.bitmap_index = 35353, .adv_w = 206, .box_w = 10, .box_h = 13, .ofs_x = 1, .ofs_y = -1},
    {.bitmap_index = 35370, .adv_w = 206, .box_w = 12, .box_h = 9, .ofs_x = 0, .ofs_y = 1},
    {.bitmap_index = 35384, .adv_w = 206, .box_w = 12, .box_h = 12, .ofs_x = 0, .ofs_y = -1},
    {.bitmap_index = 35402, .adv_w = 206, .box_w = 12, .box_h = 12, .ofs_x = 0, .ofs_y = -1},
    {.bitmap_index = 35420, .adv_w = 206, .box_w = 12, .box_h = 12, .ofs_x = 0, .ofs_y = -1},
    {.bitmap_index = 35438, .adv_w = 206, .box_w = 12, .box_h = 12, .ofs_x = 0, .ofs_y = -1},
    {.bitmap_index = 35456, .adv_w = 206, .box_w = 12, .box_h = 12, .ofs_x = 0, .ofs_y = -1},
    {.bitmap_index = 35474, .adv_w = 206, .box_w = 12, .box_h = 12, .ofs_x = 0, .ofs_y = -1},
    {.bitmap_index = 35492, .adv_w = 206, .box_w = 12, .box_h = 12, .ofs_x = 0, .ofs_y = -1},
    {.bitmap_index = 35510, .adv_w = 206, .box_w = 12, .box_h = 13, .ofs_x = 0, .ofs_y = -1},
    {.bitmap_index = 35530, .adv_w = 206, .box_w = 12, .box_h = 13, .ofs_x = 0, .ofs_y = -1},
    {.bitmap_index = 35550, .adv_w = 206, .box_w = 12, .box_h = 13, .ofs_x = 1, .ofs_y = -1},
    {.bitmap_index = 35570, .adv_w = 206, .box_w = 12, .box_h = 13, .ofs_x = 0, .ofs_y = -1},
    {.bitmap_index = 35590, .adv_w = 206, .box_w = 12, .box_h = 13, .ofs_x = 1, .ofs_y = -1},
    {.bitmap_index = 35610, .adv_w = 206, .box_w = 13, .box_h = 13, .ofs_x = 0, .ofs_y = -1},
    {.bitmap_index = 35632, .adv_w = 206, .box_w = 11, .box_h = 13, .ofs_x = 1, .ofs_y = -1},
    {.bitmap_index = 35650, .adv_w = 206, .box_w = 11, .box_h = 13, .ofs_x = 0, .ofs_y = -1},
    {.bitmap_index = 35668, .adv_w = 206, .box_w = 10, .box_h = 13, .ofs_x = 1, .ofs_y = -1},
    {.bitmap_index = 35685, .adv_w = 206, .box_w = 11, .box_h = 13, .ofs_x = 1, .ofs_y = -1},
    {.bitmap_index = 35703, .adv_w = 206, .box_w = 12, .box_h = 9, .ofs_x = 0, .ofs_y = 1},
    {.bitmap_index = 35717, .adv_w = 206, .box_w = 12, .box_h = 12, .ofs_x = 0, .ofs_y = -1},
    {.bitmap_index = 35735, .adv_w = 206, .box_w = 12, .box_h = 12, .ofs_x = 0, .ofs_y = -1},
    {.bitmap_index = 35753, .adv_w = 206, .box_w = 12, .box_h = 12, .ofs_x = 0, .ofs_y = -1},
    {.bitmap_index = 35771, .adv_w = 206, .box_w = 12, .box_h = 12, .ofs_x = 0, .ofs_y = -1},
    {.bitmap_index = 35789, .adv_w = 206, .box_w = 12, .box_h = 12, .ofs_x = 0, .ofs_y = -1},
    {.bitmap_index = 35807, .adv_w = 206, .box_w = 12, .box_h = 12, .ofs_x = 0, .ofs_y = -1},
    {.bitmap_index = 35825, .adv_w = 206, .box_w = 12, .box_h = 12, .ofs_x = 0, .ofs_y = -1},
    {.bitmap_index = 35843, .adv_w = 206, .box_w = 12, .box_h = 12, .ofs_x = 0, .ofs_y = -1},
    {.bitmap_index = 35861, .adv_w = 206, .box_w = 10, .box_h = 13, .ofs_x = 1, .ofs_y = -1},
    {.bitmap_index = 35878, .adv_w = 206, .box_w = 11, .box_h = 13, .ofs_x = 1, .ofs_y = -1},
    {.bitmap_index = 35896, .adv_w = 206, .box_w = 11, .box_h = 13, .ofs_x = 1, .ofs_y = -1},
    {.bitmap_index = 35914, .adv_w = 206, .box_w = 11, .box_h = 13, .ofs_x = 0, .ofs_y = -1},
    {.bitmap_index = 35932, .adv_w = 206, .box_w = 11, .box_h = 13, .ofs_x = 0, .ofs_y = -1},
    {.bitmap_index = 35950, .adv_w = 206, .box_w = 11, .box_h = 13, .ofs_x = 0, .ofs_y = -1},
    {.bitmap_index = 35968, .adv_w = 206, .box_w = 10, .box_h = 13, .ofs_x = 1, .ofs_y = -1},
    {.bitmap_index = 35985, .adv_w = 206, .box_w = 11, .box_h = 13, .ofs_x = 0, .ofs_y = -1},
    {.bitmap_index = 36003, .adv_w = 206, .box_w = 11, .box_h = 13, .ofs_x = 1, .ofs_y = -1},
    {.bitmap_index = 36021, .adv_w = 206, .box_w = 11, .box_h = 13, .ofs_x = 1, .ofs_y = -1},
    {.bitmap_index = 36039, .adv_w = 206, .box_w = 10, .box_h = 13, .ofs_x = 1, .ofs_y = -1},
    {.bitmap_index = 36056, .adv_w = 206, .box_w = 10, .box_h = 13, .ofs_x = 1, .ofs_y = -1},
    {.bitmap_index = 36073, .adv_w = 206, .box_w = 11, .box_h = 13, .ofs_x = 1, .ofs_y = -1},
    {.bitmap_index = 36091, .adv_w = 206, .box_w = 10, .box_h = 13, .ofs_x = 1, .ofs_y = -1},
    {.bitmap_index = 36108, .adv_w = 206, .box_w = 12, .box_h = 12, .ofs_x = 0, .ofs_y = -1},
    {.bitmap_index = 36126, .adv_w = 206, .box_w = 12, .box_h = 12, .ofs_x = 0, .ofs_y = -1},
    {.bitmap_index = 36144, .adv_w = 206, .box_w = 12, .box_h = 12, .ofs_x = 0, .ofs_y = -1},
    {.bitmap_index = 36162, .adv_w = 206, .box_w = 12, .box_h = 12, .ofs_x = 0, .ofs_y = -1},
    {.bitmap_index = 36180, .adv_w = 206, .box_w = 12, .box_h = 9, .ofs_x = 0, .ofs_y = 1},
    {.bitmap_index = 36194, .adv_w = 206, .box_w = 12, .box_h = 12, .ofs_x = 0, .ofs_y = -1},
    {.bitmap_index = 36212, .adv_w = 206, .box_w = 12, .box_h = 12, .ofs_x = 0, .ofs_y = -1},
    {.bitmap_index = 36230, .adv_w = 206, .box_w = 12, .box_h = 12, .ofs_x = 0, .ofs_y = -1},
    {.bitmap_index = 36248, .adv_w = 206, .box_w = 12, .box_h = 12, .ofs_x = 0, .ofs_y = -1},
    {.bitmap_index = 36266, .adv_w = 206, .box_w = 12, .box_h = 12, .ofs_x = 0, .ofs_y = -1},
    {.bitmap_index = 36284, .adv_w = 206, .box_w = 12, .box_h = 12, .ofs_x = 0, .ofs_y = -1},
    {.bitmap_index = 36302, .adv_w = 206, .box_w = 10, .box_h = 13, .ofs_x = 1, .ofs_y = -1},
    {.bitmap_index = 36319, .adv_w = 206, .box_w = 10, .box_h = 13, .ofs_x = 0, .ofs_y = -1},
    {.bitmap_index = 36336, .adv_w = 206, .box_w = 12, .box_h = 13, .ofs_x = 0, .ofs_y = -1},
    {.bitmap_index = 36356, .adv_w = 206, .box_w = 12, .box_h = 13, .ofs_x = 0, .ofs_y = -1},
    {.bitmap_index = 36376, .adv_w = 206, .box_w = 10, .box_h = 13, .ofs_x = 0, .ofs_y = -1},
    {.bitmap_index = 36393, .adv_w = 206, .box_w = 10, .box_h = 13, .ofs_x = 0, .ofs_y = -1},
    {.bitmap_index = 36410, .adv_w = 206, .box_w = 11, .box_h = 12, .ofs_x = 0, .ofs_y = 0},
    {.bitmap_index = 36427, .adv_w = 206, .box_w = 10, .box_h = 13, .ofs_x = 0, .ofs_y = -1},
    {.bitmap_index = 36444, .adv_w = 206, .box_w = 11, .box_h = 13, .ofs_x = 1, .ofs_y = -1},
    {.bitmap_index = 36462, .adv_w = 206, .box_w = 11, .box_h = 13, .ofs_x = 1, .ofs_y = -1},
    {.bitmap_index = 36480, .adv_w = 206, .box_w = 11, .box_h = 13, .ofs_x = 1, .ofs_y = -1},
    {.bitmap_index = 36498, .adv_w = 206, .box_w = 11, .box_h = 13, .ofs_x = 1, .ofs_y = -1},
    {.bitmap_index = 36516, .adv_w = 206, .box_w = 11, .box_h = 13, .ofs_x = 1, .ofs_y = -1},
    {.bitmap_index = 36534, .adv_w = 206, .box_w = 11, .box_h = 13, .ofs_x = 1, .ofs_y = -1},
    {.bitmap_index = 36552, .adv_w = 206, .box_w = 11, .box_h = 13, .ofs_x = 1, .ofs_y = -1},
    {.bitmap_index = 36570, .adv_w = 206, .box_w = 11, .box_h = 12, .ofs_x = 1, .ofs_y = 0},
    {.bitmap_index = 36587, .adv_w = 206, .box_w = 11, .box_h = 12, .ofs_x = 1, .ofs_y = 0},
    {.bitmap_index = 36604, .adv_w = 206, .box_w = 11, .box_h = 13, .ofs_x = 1, .ofs_y = -1},
    {.bitmap_index = 36622, .adv_w = 206, .box_w = 10, .box_h = 13, .ofs_x = 1, .ofs_y = -1},
    {.bitmap_index = 36639, .adv_w = 206, .box_w = 10, .box_h = 13, .ofs_x = 1, .ofs_y = -1},
    {.bitmap_index = 36656, .adv_w = 206, .box_w = 10, .box_h = 13, .ofs_x = 1, .ofs_y = -1},
    {.bitmap_index = 36673, .adv_w = 206, .box_w = 11, .box_h = 13, .ofs_x = 1, .ofs_y = -1},
    {.bitmap_index = 36691, .adv_w = 206, .box_w = 10, .box_h = 13, .ofs_x = 1, .ofs_y = -1},
    {.bitmap_index = 36708, .adv_w = 206, .box_w = 10, .box_h = 13, .ofs_x = 1, .ofs_y = -1},
    {.bitmap_index = 36725, .adv_w = 206, .box_w = 11, .box_h = 13, .ofs_x = 1, .ofs_y = -1},
    {.bitmap_index = 36743, .adv_w = 206, .box_w = 11, .box_h = 12, .ofs_x = 1, .ofs_y = 0},
    {.bitmap_index = 36760, .adv_w = 206, .box_w = 10, .box_h = 13, .ofs_x = 1, .ofs_y = -1},
    {.bitmap_index = 36777, .adv_w = 206, .box_w = 11, .box_h = 13, .ofs_x = 1, .ofs_y = -1},
    {.bitmap_index = 36795, .adv_w = 206, .box_w = 11, .box_h = 13, .ofs_x = 1, .ofs_y = -1},
    {.bitmap_index = 36813, .adv_w = 206, .box_w = 10, .box_h = 13, .ofs_x = 1, .ofs_y = -1},
    {.bitmap_index = 36830, .adv_w = 206, .box_w = 10, .box_h = 13, .ofs_x = 1, .ofs_y = -1},
    {.bitmap_index = 36847, .adv_w = 206, .box_w = 11, .box_h = 13, .ofs_x = 1, .ofs_y = -1},
    {.bitmap_index = 36865, .adv_w = 206, .box_w = 11, .box_h = 13, .ofs_x = 1, .ofs_y = -1},
    {.bitmap_index = 36883, .adv_w = 206, .box_w = 10, .box_h = 13, .ofs_x = 1, .ofs_y = -1},
    {.bitmap_index = 36900, .adv_w = 206, .box_w = 10, .box_h = 13, .ofs_x = 1, .ofs_y = -1},
    {.bitmap_index = 36917, .adv_w = 206, .box_w = 10, .box_h = 13, .ofs_x = 1, .ofs_y = -1},
    {.bitmap_index = 36934, .adv_w = 206, .box_w = 11, .box_h = 13, .ofs_x = 1, .ofs_y = -1},
    {.bitmap_index = 36952, .adv_w = 206, .box_w = 11, .box_h = 12, .ofs_x = 1, .ofs_y = 0},
    {.bitmap_index = 36969, .adv_w = 206, .box_w = 10, .box_h = 13, .ofs_x = 1, .ofs_y = -1},
    {.bitmap_index = 36986, .adv_w = 206, .box_w = 10, .box_h = 13, .ofs_x = 1, .ofs_y = -1},
    {.bitmap_index = 37003, .adv_w = 206, .box_w = 10, .box_h = 13, .ofs_x = 1, .ofs_y = -1},
    {.bitmap_index = 37020, .adv_w = 206, .box_w = 10, .box_h = 13, .ofs_x = 1, .ofs_y = -1},
    {.bitmap_index = 37037, .adv_w = 206, .box_w = 11, .box_h = 13, .ofs_x = 1, .ofs_y = -1},
    {.bitmap_index = 37055, .adv_w = 206, .box_w = 10, .box_h = 13, .ofs_x = 1, .ofs_y = -1},
    {.bitmap_index = 37072, .adv_w = 206, .box_w = 10, .box_h = 13, .ofs_x = 1, .ofs_y = -1},
    {.bitmap_index = 37089, .adv_w = 206, .box_w = 11, .box_h = 12, .ofs_x = 1, .ofs_y = 0},
    {.bitmap_index = 37106, .adv_w = 206, .box_w = 10, .box_h = 13, .ofs_x = 1, .ofs_y = -1},
    {.bitmap_index = 37123, .adv_w = 206, .box_w = 10, .box_h = 13, .ofs_x = 1, .ofs_y = -1},
    {.bitmap_index = 37140, .adv_w = 206, .box_w = 11, .box_h = 13, .ofs_x = 1, .ofs_y = -1},
    {.bitmap_index = 37158, .adv_w = 206, .box_w = 11, .box_h = 12, .ofs_x = 1, .ofs_y = 0},
    {.bitmap_index = 37175, .adv_w = 206, .box_w = 10, .box_h = 13, .ofs_x = 1, .ofs_y = -1},
    {.bitmap_index = 37192, .adv_w = 206, .box_w = 10, .box_h = 13, .ofs_x = 1, .ofs_y = -1},
    {.bitmap_index = 37209, .adv_w = 206, .box_w = 12, .box_h = 11, .ofs_x = 0, .ofs_y = 0},
    {.bitmap_index = 37226, .adv_w = 206, .box_w = 12, .box_h = 12, .ofs_x = 0, .ofs_y = -1},
    {.bitmap_index = 37244, .adv_w = 206, .box_w = 12, .box_h = 12, .ofs_x = 0, .ofs_y = -1},
    {.bitmap_index = 37262, .adv_w = 206, .box_w = 12, .box_h = 12, .ofs_x = 0, .ofs_y = -1},
    {.bitmap_index = 37280, .adv_w = 206, .box_w = 12, .box_h = 12, .ofs_x = 0, .ofs_y = -1},
    {.bitmap_index = 37298, .adv_w = 206, .box_w = 12, .box_h = 12, .ofs_x = 0, .ofs_y = -1},
    {.bitmap_index = 37316, .adv_w = 206, .box_w = 12, .box_h = 12, .ofs_x = 0, .ofs_y = -1},
    {.bitmap_index = 37334, .adv_w = 206, .box_w = 12, .box_h = 12, .ofs_x = 0, .ofs_y = -1},
    {.bitmap_index = 37352, .adv_w = 206, .box_w = 12, .box_h = 12, .ofs_x = 0, .ofs_y = -1},
    {.bitmap_index = 37370, .adv_w = 206, .box_w = 12, .box_h = 13, .ofs_x = 1, .ofs_y = -1},
    {.bitmap_index = 37390, .adv_w = 206, .box_w = 12, .box_h = 13, .ofs_x = 1, .ofs_y = -1},
    {.bitmap_index = 37410, .adv_w = 206, .box_w = 11, .box_h = 13, .ofs_x = 0, .ofs_y = -1},
    {.bitmap_index = 37428, .adv_w = 206, .box_w = 10, .box_h = 13, .ofs_x = 1, .ofs_y = -1},
    {.bitmap_index = 37445, .adv_w = 206, .box_w = 11, .box_h = 13, .ofs_x = 1, .ofs_y = -1},
    {.bitmap_index = 37463, .adv_w = 206, .box_w = 11, .box_h = 12, .ofs_x = 1, .ofs_y = 0},
    {.bitmap_index = 37480, .adv_w = 206, .box_w = 10, .box_h = 13, .ofs_x = 1, .ofs_y = -1},
    {.bitmap_index = 37497, .adv_w = 206, .box_w = 12, .box_h = 11, .ofs_x = 0, .ofs_y = 0},
    {.bitmap_index = 37514, .adv_w = 206, .box_w = 12, .box_h = 12, .ofs_x = 0, .ofs_y = -1},
    {.bitmap_index = 37532, .adv_w = 206, .box_w = 12, .box_h = 12, .ofs_x = 0, .ofs_y = -1},
    {.bitmap_index = 37550, .adv_w = 206, .box_w = 12, .box_h = 12, .ofs_x = 0, .ofs_y = -1},
    {.bitmap_index = 37568, .adv_w = 206, .box_w = 12, .box_h = 12, .ofs_x = 0, .ofs_y = -1},
    {.bitmap_index = 37586, .adv_w = 206, .box_w = 12, .box_h = 12, .ofs_x = 0, .ofs_y = -1},
    {.bitmap_index = 37604, .adv_w = 206, .box_w = 12, .box_h = 12, .ofs_x = 0, .ofs_y = -1},
    {.bitmap_index = 37622, .adv_w = 206, .box_w = 12, .box_h = 12, .ofs_x = 0, .ofs_y = -1},
    {.bitmap_index = 37640, .adv_w = 206, .box_w = 12, .box_h = 12, .ofs_x = 0, .ofs_y = -1},
    {.bitmap_index = 37658, .adv_w = 206, .box_w = 10, .box_h = 13, .ofs_x = 1, .ofs_y = -1},
    {.bitmap_index = 37675, .adv_w = 206, .box_w = 12, .box_h = 12, .ofs_x = 1, .ofs_y = 0},
    {.bitmap_index = 37693, .adv_w = 206, .box_w = 11, .box_h = 13, .ofs_x = 0, .ofs_y = -1},
    {.bitmap_index = 37711, .adv_w = 206, .box_w = 10, .box_h = 13, .ofs_x = 1, .ofs_y = -1},
    {.bitmap_index = 37728, .adv_w = 206, .box_w = 10, .box_h = 13, .ofs_x = 1, .ofs_y = -1},
    {.bitmap_index = 37745, .adv_w = 206, .box_w = 11, .box_h = 13, .ofs_x = 1, .ofs_y = -1},
    {.bitmap_index = 37763, .adv_w = 206, .box_w = 11, .box_h = 13, .ofs_x = 1, .ofs_y = -1},
    {.bitmap_index = 37781, .adv_w = 206, .box_w = 10, .box_h = 13, .ofs_x = 1, .ofs_y = -1},
    {.bitmap_index = 37798, .adv_w = 206, .box_w = 10, .box_h = 13, .ofs_x = 1, .ofs_y = -1},
    {.bitmap_index = 37815, .adv_w = 206, .box_w = 10, .box_h = 13, .ofs_x = 1, .ofs_y = -1},
    {.bitmap_index = 37832, .adv_w = 206, .box_w = 12, .box_h = 12, .ofs_x = 0, .ofs_y = -1},
    {.bitmap_index = 37850, .adv_w = 206, .box_w = 12, .box_h = 12, .ofs_x = 0, .ofs_y = -1},
    {.bitmap_index = 37868, .adv_w = 206, .box_w = 12, .box_h = 12, .ofs_x = 0, .ofs_y = -1},
    {.bitmap_index = 37886, .adv_w = 206, .box_w = 12, .box_h = 12, .ofs_x = 0, .ofs_y = -1},
    {.bitmap_index = 37904, .adv_w = 206, .box_w = 12, .box_h = 12, .ofs_x = 0, .ofs_y = -1},
    {.bitmap_index = 37922, .adv_w = 206, .box_w = 12, .box_h = 10, .ofs_x = 0, .ofs_y = 1},
    {.bitmap_index = 37937, .adv_w = 206, .box_w = 12, .box_h = 12, .ofs_x = 0, .ofs_y = -1},
    {.bitmap_index = 37955, .adv_w = 206, .box_w = 12, .box_h = 12, .ofs_x = 0, .ofs_y = -1},
    {.bitmap_index = 37973, .adv_w = 206, .box_w = 12, .box_h = 12, .ofs_x = 0, .ofs_y = -1},
    {.bitmap_index = 37991, .adv_w = 206, .box_w = 12, .box_h = 12, .ofs_x = 0, .ofs_y = -1},
    {.bitmap_index = 38009, .adv_w = 206, .box_w = 12, .box_h = 12, .ofs_x = 0, .ofs_y = -1},
    {.bitmap_index = 38027, .adv_w = 206, .box_w = 12, .box_h = 12, .ofs_x = 0, .ofs_y = -1},
    {.bitmap_index = 38045, .adv_w = 206, .box_w = 12, .box_h = 12, .ofs_x = 0, .ofs_y = -1},
    {.bitmap_index = 38063, .adv_w = 206, .box_w = 12, .box_h = 12, .ofs_x = 0, .ofs_y = -1},
    {.bitmap_index = 38081, .adv_w = 206, .box_w = 10, .box_h = 13, .ofs_x = 1, .ofs_y = -1},
    {.bitmap_index = 38098, .adv_w = 206, .box_w = 11, .box_h = 13, .ofs_x = 1, .ofs_y = -1},
    {.bitmap_index = 38116, .adv_w = 206, .box_w = 11, .box_h = 13, .ofs_x = 1, .ofs_y = -1},
    {.bitmap_index = 38134, .adv_w = 206, .box_w = 10, .box_h = 13, .ofs_x = 1, .ofs_y = -1},
    {.bitmap_index = 38151, .adv_w = 206, .box_w = 10, .box_h = 13, .ofs_x = 1, .ofs_y = -1},
    {.bitmap_index = 38168, .adv_w = 206, .box_w = 9, .box_h = 13, .ofs_x = 2, .ofs_y = -1},
    {.bitmap_index = 38183, .adv_w = 206, .box_w = 9, .box_h = 13, .ofs_x = 2, .ofs_y = -1},
    {.bitmap_index = 38198, .adv_w = 206, .box_w = 10, .box_h = 13, .ofs_x = 2, .ofs_y = -1},
    {.bitmap_index = 38215, .adv_w = 206, .box_w = 10, .box_h = 13, .ofs_x = 2, .ofs_y = -1},
    {.bitmap_index = 38232, .adv_w = 206, .box_w = 9, .box_h = 13, .ofs_x = 2, .ofs_y = -1},
    {.bitmap_index = 38247, .adv_w = 206, .box_w = 9, .box_h = 13, .ofs_x = 2, .ofs_y = -1},
    {.bitmap_index = 38262, .adv_w = 206, .box_w = 10, .box_h = 13, .ofs_x = 2, .ofs_y = -1},
    {.bitmap_index = 38279, .adv_w = 206, .box_w = 9, .box_h = 13, .ofs_x = 2, .ofs_y = -1},
    {.bitmap_index = 38294, .adv_w = 206, .box_w = 11, .box_h = 13, .ofs_x = 1, .ofs_y = -1},
    {.bitmap_index = 38312, .adv_w = 206, .box_w = 12, .box_h = 13, .ofs_x = 1, .ofs_y = -1},
    {.bitmap_index = 38332, .adv_w = 206, .box_w = 12, .box_h = 13, .ofs_x = 1, .ofs_y = -1},
    {.bitmap_index = 38352, .adv_w = 206, .box_w = 12, .box_h = 13, .ofs_x = 1, .ofs_y = -1},
    {.bitmap_index = 38372, .adv_w = 206, .box_w = 12, .box_h = 13, .ofs_x = 1, .ofs_y = -1},
    {.bitmap_index = 38392, .adv_w = 206, .box_w = 12, .box_h = 13, .ofs_x = 1, .ofs_y = -1},
    {.bitmap_index = 38412, .adv_w = 206, .box_w = 12, .box_h = 13, .ofs_x = 1, .ofs_y = -1},
    {.bitmap_index = 38432, .adv_w = 206, .box_w = 12, .box_h = 13, .ofs_x = 1, .ofs_y = -1},
    {.bitmap_index = 38452, .adv_w = 206, .box_w = 12, .box_h = 12, .ofs_x = 1, .ofs_y = 0},
    {.bitmap_index = 38470, .adv_w = 206, .box_w = 12, .box_h = 12, .ofs_x = 1, .ofs_y = 0},
    {.bitmap_index = 38488, .adv_w = 206, .box_w = 12, .box_h = 13, .ofs_x = 1, .ofs_y = -1},
    {.bitmap_index = 38508, .adv_w = 206, .box_w = 11, .box_h = 13, .ofs_x = 1, .ofs_y = -1},
    {.bitmap_index = 38526, .adv_w = 206, .box_w = 11, .box_h = 13, .ofs_x = 1, .ofs_y = -1},
    {.bitmap_index = 38544, .adv_w = 206, .box_w = 10, .box_h = 13, .ofs_x = 1, .ofs_y = -1},
    {.bitmap_index = 38561, .adv_w = 206, .box_w = 11, .box_h = 13, .ofs_x = 1, .ofs_y = -1},
    {.bitmap_index = 38579, .adv_w = 206, .box_w = 11, .box_h = 13, .ofs_x = 1, .ofs_y = -1},
    {.bitmap_index = 38597, .adv_w = 206, .box_w = 10, .box_h = 13, .ofs_x = 1, .ofs_y = -1},
    {.bitmap_index = 38614, .adv_w = 206, .box_w = 10, .box_h = 13, .ofs_x = 1, .ofs_y = -1},
    {.bitmap_index = 38631, .adv_w = 206, .box_w = 11, .box_h = 12, .ofs_x = 1, .ofs_y = 0},
    {.bitmap_index = 38648, .adv_w = 206, .box_w = 11, .box_h = 12, .ofs_x = 1, .ofs_y = 0},
    {.bitmap_index = 38665, .adv_w = 206, .box_w = 10, .box_h = 13, .ofs_x = 1, .ofs_y = -1},
    {.bitmap_index = 38682, .adv_w = 206, .box_w = 11, .box_h = 13, .ofs_x = 1, .ofs_y = -1},
    {.bitmap_index = 38700, .adv_w = 206, .box_w = 12, .box_h = 13, .ofs_x = 1, .ofs_y = -1},
    {.bitmap_index = 38720, .adv_w = 206, .box_w = 10, .box_h = 13, .ofs_x = 1, .ofs_y = -1},
    {.bitmap_index = 38737, .adv_w = 206, .box_w = 10, .box_h = 13, .ofs_x = 1, .ofs_y = -1},
    {.bitmap_index = 38754, .adv_w = 206, .box_w = 11, .box_h = 13, .ofs_x = 1, .ofs_y = -1},
    {.bitmap_index = 38772, .adv_w = 206, .box_w = 11, .box_h = 13, .ofs_x = 1, .ofs_y = -1},
    {.bitmap_index = 38790, .adv_w = 206, .box_w = 10, .box_h = 13, .ofs_x = 1, .ofs_y = -1},
    {.bitmap_index = 38807, .adv_w = 206, .box_w = 10, .box_h = 13, .ofs_x = 1, .ofs_y = -1},
    {.bitmap_index = 38824, .adv_w = 206, .box_w = 11, .box_h = 13, .ofs_x = 1, .ofs_y = -1},
    {.bitmap_index = 38842, .adv_w = 206, .box_w = 11, .box_h = 12, .ofs_x = 1, .ofs_y = 0},
    {.bitmap_index = 38859, .adv_w = 206, .box_w = 10, .box_h = 13, .ofs_x = 1, .ofs_y = -1},
    {.bitmap_index = 38876, .adv_w = 206, .box_w = 11, .box_h = 13, .ofs_x = 1, .ofs_y = -1},
    {.bitmap_index = 38894, .adv_w = 206, .box_w = 11, .box_h = 13, .ofs_x = 1, .ofs_y = -1},
    {.bitmap_index = 38912, .adv_w = 206, .box_w = 11, .box_h = 13, .ofs_x = 1, .ofs_y = -1},
    {.bitmap_index = 38930, .adv_w = 206, .box_w = 11, .box_h = 13, .ofs_x = 1, .ofs_y = -1},
    {.bitmap_index = 38948, .adv_w = 206, .box_w = 11, .box_h = 13, .ofs_x = 1, .ofs_y = -1},
    {.bitmap_index = 38966, .adv_w = 206, .box_w = 11, .box_h = 13, .ofs_x = 1, .ofs_y = -1},
    {.bitmap_index = 38984, .adv_w = 206, .box_w = 12, .box_h = 13, .ofs_x = 1, .ofs_y = -1},
    {.bitmap_index = 39004, .adv_w = 206, .box_w = 11, .box_h = 13, .ofs_x = 1, .ofs_y = -1},
    {.bitmap_index = 39022, .adv_w = 206, .box_w = 10, .box_h = 13, .ofs_x = 1, .ofs_y = -1},
    {.bitmap_index = 39039, .adv_w = 206, .box_w = 11, .box_h = 13, .ofs_x = 1, .ofs_y = -1},
    {.bitmap_index = 39057, .adv_w = 206, .box_w = 11, .box_h = 13, .ofs_x = 1, .ofs_y = -1},
    {.bitmap_index = 39075, .adv_w = 206, .box_w = 10, .box_h = 13, .ofs_x = 1, .ofs_y = -1},
    {.bitmap_index = 39092, .adv_w = 206, .box_w = 10, .box_h = 13, .ofs_x = 1, .ofs_y = -1},
    {.bitmap_index = 39109, .adv_w = 206, .box_w = 11, .box_h = 12, .ofs_x = 1, .ofs_y = 0},
    {.bitmap_index = 39126, .adv_w = 206, .box_w = 10, .box_h = 13, .ofs_x = 1, .ofs_y = -1},
    {.bitmap_index = 39143, .adv_w = 206, .box_w = 11, .box_h = 13, .ofs_x = 1, .ofs_y = -1},
    {.bitmap_index = 39161, .adv_w = 206, .box_w = 11, .box_h = 13, .ofs_x = 1, .ofs_y = -1},
    {.bitmap_index = 39179, .adv_w = 206, .box_w = 11, .box_h = 13, .ofs_x = 1, .ofs_y = -1},
    {.bitmap_index = 39197, .adv_w = 206, .box_w = 12, .box_h = 13, .ofs_x = 1, .ofs_y = -1},
    {.bitmap_index = 39217, .adv_w = 206, .box_w = 12, .box_h = 10, .ofs_x = 0, .ofs_y = 0},
    {.bitmap_index = 39232, .adv_w = 206, .box_w = 12, .box_h = 12, .ofs_x = 0, .ofs_y = -1},
    {.bitmap_index = 39250, .adv_w = 206, .box_w = 12, .box_h = 12, .ofs_x = 0, .ofs_y = -1},
    {.bitmap_index = 39268, .adv_w = 206, .box_w = 12, .box_h = 12, .ofs_x = 0, .ofs_y = -1},
    {.bitmap_index = 39286, .adv_w = 206, .box_w = 12, .box_h = 12, .ofs_x = 0, .ofs_y = -1},
    {.bitmap_index = 39304, .adv_w = 206, .box_w = 12, .box_h = 12, .ofs_x = 0, .ofs_y = -1},
    {.bitmap_index = 39322, .adv_w = 206, .box_w = 12, .box_h = 12, .ofs_x = 0, .ofs_y = -1},
    {.bitmap_index = 39340, .adv_w = 206, .box_w = 12, .box_h = 12, .ofs_x = 0, .ofs_y = -1},
    {.bitmap_index = 39358, .adv_w = 206, .box_w = 11, .box_h = 13, .ofs_x = 1, .ofs_y = -1},
    {.bitmap_index = 39376, .adv_w = 206, .box_w = 13, .box_h = 13, .ofs_x = 0, .ofs_y = -1},
    {.bitmap_index = 39398, .adv_w = 206, .box_w = 10, .box_h = 13, .ofs_x = 1, .ofs_y = -1},
    {.bitmap_index = 39415, .adv_w = 206, .box_w = 12, .box_h = 13, .ofs_x = 0, .ofs_y = -1},
    {.bitmap_index = 39435, .adv_w = 206, .box_w = 12, .box_h = 10, .ofs_x = 0, .ofs_y = 0},
    {.bitmap_index = 39450, .adv_w = 206, .box_w = 12, .box_h = 12, .ofs_x = 0, .ofs_y = -1},
    {.bitmap_index = 39468, .adv_w = 206, .box_w = 12, .box_h = 12, .ofs_x = 0, .ofs_y = -1},
    {.bitmap_index = 39486, .adv_w = 206, .box_w = 12, .box_h = 12, .ofs_x = 0, .ofs_y = -1},
    {.bitmap_index = 39504, .adv_w = 206, .box_w = 12, .box_h = 12, .ofs_x = 0, .ofs_y = -1},
    {.bitmap_index = 39522, .adv_w = 206, .box_w = 12, .box_h = 12, .ofs_x = 0, .ofs_y = -1},
    {.bitmap_index = 39540, .adv_w = 206, .box_w = 12, .box_h = 12, .ofs_x = 0, .ofs_y = -1},
    {.bitmap_index = 39558, .adv_w = 206, .box_w = 12, .box_h = 12, .ofs_x = 0, .ofs_y = -1},
    {.bitmap_index = 39576, .adv_w = 206, .box_w = 12, .box_h = 12, .ofs_x = 0, .ofs_y = -1},
    {.bitmap_index = 39594, .adv_w = 206, .box_w = 12, .box_h = 12, .ofs_x = 0, .ofs_y = -1},
    {.bitmap_index = 39612, .adv_w = 206, .box_w = 12, .box_h = 12, .ofs_x = 0, .ofs_y = -1},
    {.bitmap_index = 39630, .adv_w = 206, .box_w = 12, .box_h = 12, .ofs_x = 0, .ofs_y = -1},
    {.bitmap_index = 39648, .adv_w = 206, .box_w = 12, .box_h = 12, .ofs_x = 0, .ofs_y = -1},
    {.bitmap_index = 39666, .adv_w = 206, .box_w = 12, .box_h = 12, .ofs_x = 0, .ofs_y = -1},
    {.bitmap_index = 39684, .adv_w = 206, .box_w = 12, .box_h = 12, .ofs_x = 0, .ofs_y = -1},
    {.bitmap_index = 39702, .adv_w = 206, .box_w = 11, .box_h = 13, .ofs_x = 0, .ofs_y = -1},
    {.bitmap_index = 39720, .adv_w = 206, .box_w = 11, .box_h = 13, .ofs_x = 0, .ofs_y = -1},
    {.bitmap_index = 39738, .adv_w = 206, .box_w = 11, .box_h = 13, .ofs_x = 0, .ofs_y = -1},
    {.bitmap_index = 39756, .adv_w = 206, .box_w = 12, .box_h = 13, .ofs_x = 0, .ofs_y = -1},
    {.bitmap_index = 39776, .adv_w = 206, .box_w = 12, .box_h = 13, .ofs_x = 0, .ofs_y = -1},
    {.bitmap_index = 39796, .adv_w = 206, .box_w = 11, .box_h = 13, .ofs_x = 0, .ofs_y = -1},
    {.bitmap_index = 39814, .adv_w = 206, .box_w = 12, .box_h = 12, .ofs_x = 0, .ofs_y = 0},
    {.bitmap_index = 39832, .adv_w = 206, .box_w = 12, .box_h = 12, .ofs_x = 0, .ofs_y = -1},
    {.bitmap_index = 39850, .adv_w = 206, .box_w = 12, .box_h = 12, .ofs_x = 0, .ofs_y = -1},
    {.bitmap_index = 39868, .adv_w = 206, .box_w = 12, .box_h = 12, .ofs_x = 0, .ofs_y = -1},
    {.bitmap_index = 39886, .adv_w = 206, .box_w = 12, .box_h = 12, .ofs_x = 0, .ofs_y = -1},
    {.bitmap_index = 39904, .adv_w = 206, .box_w = 12, .box_h = 12, .ofs_x = 0, .ofs_y = -1},
    {.bitmap_index = 39922, .adv_w = 206, .box_w = 12, .box_h = 12, .ofs_x = 0, .ofs_y = -1},
    {.bitmap_index = 39940, .adv_w = 206, .box_w = 12, .box_h = 9, .ofs_x = 0, .ofs_y = 1},
    {.bitmap_index = 39954, .adv_w = 206, .box_w = 12, .box_h = 12, .ofs_x = 0, .ofs_y = -1},
    {.bitmap_index = 39972, .adv_w = 206, .box_w = 12, .box_h = 12, .ofs_x = 0, .ofs_y = -1},
    {.bitmap_index = 39990, .adv_w = 206, .box_w = 12, .box_h = 12, .ofs_x = 0, .ofs_y = -1},
    {.bitmap_index = 40008, .adv_w = 206, .box_w = 12, .box_h = 12, .ofs_x = 0, .ofs_y = -1},
    {.bitmap_index = 40026, .adv_w = 206, .box_w = 12, .box_h = 12, .ofs_x = 0, .ofs_y = -1},
    {.bitmap_index = 40044, .adv_w = 206, .box_w = 10, .box_h = 13, .ofs_x = 1, .ofs_y = -1},
    {.bitmap_index = 40061, .adv_w = 206, .box_w = 10, .box_h = 13, .ofs_x = 1, .ofs_y = -1},
    {.bitmap_index = 40078, .adv_w = 206, .box_w = 11, .box_h = 13, .ofs_x = 1, .ofs_y = -1},
    {.bitmap_index = 40096, .adv_w = 206, .box_w = 11, .box_h = 13, .ofs_x = 1, .ofs_y = -1},
    {.bitmap_index = 40114, .adv_w = 206, .box_w = 10, .box_h = 13, .ofs_x = 1, .ofs_y = -1},
    {.bitmap_index = 40131, .adv_w = 206, .box_w = 10, .box_h = 13, .ofs_x = 1, .ofs_y = -1},
    {.bitmap_index = 40148, .adv_w = 206, .box_w = 11, .box_h = 12, .ofs_x = 1, .ofs_y = 0},
    {.bitmap_index = 40165, .adv_w = 206, .box_w = 10, .box_h = 13, .ofs_x = 1, .ofs_y = -1},
    {.bitmap_index = 40182, .adv_w = 206, .box_w = 12, .box_h = 13, .ofs_x = 0, .ofs_y = -1},
    {.bitmap_index = 40202, .adv_w = 206, .box_w = 12, .box_h = 13, .ofs_x = 0, .ofs_y = -1},
    {.bitmap_index = 40222, .adv_w = 206, .box_w = 12, .box_h = 13, .ofs_x = 0, .ofs_y = -1},
    {.bitmap_index = 40242, .adv_w = 206, .box_w = 12, .box_h = 13, .ofs_x = 0, .ofs_y = -1},
    {.bitmap_index = 40262, .adv_w = 206, .box_w = 12, .box_h = 13, .ofs_x = 0, .ofs_y = -1},
    {.bitmap_index = 40282, .adv_w = 206, .box_w = 12, .box_h = 13, .ofs_x = 0, .ofs_y = -1},
    {.bitmap_index = 40302, .adv_w = 206, .box_w = 12, .box_h = 13, .ofs_x = 0, .ofs_y = -1},
    {.bitmap_index = 40322, .adv_w = 206, .box_w = 12, .box_h = 13, .ofs_x = 0, .ofs_y = -1},
    {.bitmap_index = 40342, .adv_w = 206, .box_w = 12, .box_h = 13, .ofs_x = 0, .ofs_y = -1},
    {.bitmap_index = 40362, .adv_w = 206, .box_w = 11, .box_h = 13, .ofs_x = 1, .ofs_y = -1},
    {.bitmap_index = 40380, .adv_w = 206, .box_w = 11, .box_h = 13, .ofs_x = 1, .ofs_y = -1},
    {.bitmap_index = 40398, .adv_w = 206, .box_w = 11, .box_h = 13, .ofs_x = 1, .ofs_y = -1},
    {.bitmap_index = 40416, .adv_w = 206, .box_w = 11, .box_h = 13, .ofs_x = 1, .ofs_y = -1},
    {.bitmap_index = 40434, .adv_w = 206, .box_w = 11, .box_h = 13, .ofs_x = 1, .ofs_y = -1},
    {.bitmap_index = 40452, .adv_w = 206, .box_w = 11, .box_h = 13, .ofs_x = 1, .ofs_y = -1},
    {.bitmap_index = 40470, .adv_w = 206, .box_w = 12, .box_h = 13, .ofs_x = 1, .ofs_y = -1},
    {.bitmap_index = 40490, .adv_w = 206, .box_w = 11, .box_h = 12, .ofs_x = 1, .ofs_y = 0},
    {.bitmap_index = 40507, .adv_w = 206, .box_w = 11, .box_h = 13, .ofs_x = 1, .ofs_y = -1},
    {.bitmap_index = 40525, .adv_w = 206, .box_w = 12, .box_h = 13, .ofs_x = 0, .ofs_y = -1},
    {.bitmap_index = 40545, .adv_w = 206, .box_w = 12, .box_h = 13, .ofs_x = 0, .ofs_y = -1},
    {.bitmap_index = 40565, .adv_w = 206, .box_w = 11, .box_h = 12, .ofs_x = 0, .ofs_y = -1},
    {.bitmap_index = 40582, .adv_w = 206, .box_w = 10, .box_h = 13, .ofs_x = 1, .ofs_y = -1},
    {.bitmap_index = 40599, .adv_w = 206, .box_w = 11, .box_h = 13, .ofs_x = 1, .ofs_y = -1},
    {.bitmap_index = 40617, .adv_w = 206, .box_w = 11, .box_h = 13, .ofs_x = 1, .ofs_y = -1},
    {.bitmap_index = 40635, .adv_w = 206, .box_w = 10, .box_h = 13, .ofs_x = 1, .ofs_y = -1},
    {.bitmap_index = 40652, .adv_w = 206, .box_w = 10, .box_h = 13, .ofs_x = 1, .ofs_y = -1},
    {.bitmap_index = 40669, .adv_w = 206, .box_w = 10, .box_h = 13, .ofs_x = 1, .ofs_y = -1},
    {.bitmap_index = 40686, .adv_w = 206, .box_w = 11, .box_h = 13, .ofs_x = 1, .ofs_y = -1},
    {.bitmap_index = 40704, .adv_w = 206, .box_w = 11, .box_h = 13, .ofs_x = 1, .ofs_y = -1},
    {.bitmap_index = 40722, .adv_w = 206, .box_w = 11, .box_h = 13, .ofs_x = 1, .ofs_y = -1},
    {.bitmap_index = 40740, .adv_w = 206, .box_w = 11, .box_h = 13, .ofs_x = 1, .ofs_y = -1},
    {.bitmap_index = 40758, .adv_w = 206, .box_w = 11, .box_h = 13, .ofs_x = 1, .ofs_y = -1},
    {.bitmap_index = 40776, .adv_w = 206, .box_w = 11, .box_h = 13, .ofs_x = 1, .ofs_y = -1},
    {.bitmap_index = 40794, .adv_w = 206, .box_w = 11, .box_h = 13, .ofs_x = 1, .ofs_y = -1},
    {.bitmap_index = 40812, .adv_w = 206, .box_w = 11, .box_h = 13, .ofs_x = 1, .ofs_y = -1},
    {.bitmap_index = 40830, .adv_w = 206, .box_w = 12, .box_h = 13, .ofs_x = 1, .ofs_y = -1},
    {.bitmap_index = 40850, .adv_w = 206, .box_w = 11, .box_h = 13, .ofs_x = 1, .ofs_y = -1},
    {.bitmap_index = 40868, .adv_w = 206, .box_w = 10, .box_h = 12, .ofs_x = 1, .ofs_y = -1},
    {.bitmap_index = 40883, .adv_w = 206, .box_w = 10, .box_h = 13, .ofs_x = 1, .ofs_y = -1},
    {.bitmap_index = 40900, .adv_w = 206, .box_w = 11, .box_h = 13, .ofs_x = 1, .ofs_y = -1},
    {.bitmap_index = 40918, .adv_w = 206, .box_w = 11, .box_h = 13, .ofs_x = 1, .ofs_y = -1},
    {.bitmap_index = 40936, .adv_w = 206, .box_w = 10, .box_h = 13, .ofs_x = 1, .ofs_y = -1},
    {.bitmap_index = 40953, .adv_w = 206, .box_w = 10, .box_h = 13, .ofs_x = 1, .ofs_y = -1},
    {.bitmap_index = 40970, .adv_w = 206, .box_w = 11, .box_h = 13, .ofs_x = 1, .ofs_y = -1},
    {.bitmap_index = 40988, .adv_w = 206, .box_w = 11, .box_h = 13, .ofs_x = 1, .ofs_y = -1},
    {.bitmap_index = 41006, .adv_w = 206, .box_w = 11, .box_h = 13, .ofs_x = 1, .ofs_y = -1},
    {.bitmap_index = 41024, .adv_w = 206, .box_w = 11, .box_h = 13, .ofs_x = 1, .ofs_y = -1},
    {.bitmap_index = 41042, .adv_w = 206, .box_w = 11, .box_h = 13, .ofs_x = 1, .ofs_y = -1},
    {.bitmap_index = 41060, .adv_w = 206, .box_w = 11, .box_h = 13, .ofs_x = 1, .ofs_y = -1},
    {.bitmap_index = 41078, .adv_w = 206, .box_w = 11, .box_h = 13, .ofs_x = 1, .ofs_y = -1},
    {.bitmap_index = 41096, .adv_w = 206, .box_w = 12, .box_h = 11, .ofs_x = 0, .ofs_y = 0},
    {.bitmap_index = 41113, .adv_w = 206, .box_w = 12, .box_h = 13, .ofs_x = 0, .ofs_y = -1},
    {.bitmap_index = 41133, .adv_w = 206, .box_w = 12, .box_h = 13, .ofs_x = 0, .ofs_y = -1},
    {.bitmap_index = 41153, .adv_w = 206, .box_w = 12, .box_h = 13, .ofs_x = 0, .ofs_y = -1},
    {.bitmap_index = 41173, .adv_w = 206, .box_w = 12, .box_h = 13, .ofs_x = 0, .ofs_y = -1},
    {.bitmap_index = 41193, .adv_w = 206, .box_w = 12, .box_h = 13, .ofs_x = 0, .ofs_y = -1},
    {.bitmap_index = 41213, .adv_w = 206, .box_w = 12, .box_h = 13, .ofs_x = 0, .ofs_y = -1},
    {.bitmap_index = 41233, .adv_w = 206, .box_w = 12, .box_h = 14, .ofs_x = 0, .ofs_y = -2},
    {.bitmap_index = 41254, .adv_w = 206, .box_w = 12, .box_h = 13, .ofs_x = 0, .ofs_y = -1},
    {.bitmap_index = 41274, .adv_w = 206, .box_w = 12, .box_h = 13, .ofs_x = 0, .ofs_y = -1},
    {.bitmap_index = 41294, .adv_w = 206, .box_w = 11, .box_h = 13, .ofs_x = 1, .ofs_y = -1},
    {.bitmap_index = 41312, .adv_w = 206, .box_w = 11, .box_h = 13, .ofs_x = 1, .ofs_y = -1},
    {.bitmap_index = 41330, .adv_w = 206, .box_w = 11, .box_h = 13, .ofs_x = 1, .ofs_y = -1},
    {.bitmap_index = 41348, .adv_w = 206, .box_w = 11, .box_h = 13, .ofs_x = 1, .ofs_y = -1},
    {.bitmap_index = 41366, .adv_w = 206, .box_w = 11, .box_h = 12, .ofs_x = 1, .ofs_y = 0},
    {.bitmap_index = 41383, .adv_w = 206, .box_w = 12, .box_h = 13, .ofs_x = 1, .ofs_y = -1},
    {.bitmap_index = 41403, .adv_w = 206, .box_w = 11, .box_h = 13, .ofs_x = 1, .ofs_y = -1},
    {.bitmap_index = 41421, .adv_w = 206, .box_w = 10, .box_h = 13, .ofs_x = 1, .ofs_y = -1},
    {.bitmap_index = 41438, .adv_w = 206, .box_w = 11, .box_h = 13, .ofs_x = 1, .ofs_y = -1},
    {.bitmap_index = 41456, .adv_w = 206, .box_w = 10, .box_h = 12, .ofs_x = 1, .ofs_y = 0},
    {.bitmap_index = 41471, .adv_w = 206, .box_w = 11, .box_h = 13, .ofs_x = 1, .ofs_y = -1},
    {.bitmap_index = 41489, .adv_w = 206, .box_w = 10, .box_h = 13, .ofs_x = 1, .ofs_y = -1},
    {.bitmap_index = 41506, .adv_w = 206, .box_w = 10, .box_h = 13, .ofs_x = 1, .ofs_y = -1},
    {.bitmap_index = 41523, .adv_w = 206, .box_w = 11, .box_h = 13, .ofs_x = 1, .ofs_y = -1},
    {.bitmap_index = 41541, .adv_w = 206, .box_w = 11, .box_h = 13, .ofs_x = 1, .ofs_y = -1},
    {.bitmap_index = 41559, .adv_w = 206, .box_w = 10, .box_h = 13, .ofs_x = 1, .ofs_y = -1},
    {.bitmap_index = 41576, .adv_w = 206, .box_w = 11, .box_h = 12, .ofs_x = 1, .ofs_y = 0},
    {.bitmap_index = 41593, .adv_w = 206, .box_w = 10, .box_h = 13, .ofs_x = 1, .ofs_y = -1},
    {.bitmap_index = 41610, .adv_w = 206, .box_w = 12, .box_h = 11, .ofs_x = 0, .ofs_y = 0},
    {.bitmap_index = 41627, .adv_w = 206, .box_w = 12, .box_h = 13, .ofs_x = 0, .ofs_y = -1},
    {.bitmap_index = 41647, .adv_w = 206, .box_w = 12, .box_h = 13, .ofs_x = 0, .ofs_y = -1},
    {.bitmap_index = 41667, .adv_w = 206, .box_w = 12, .box_h = 13, .ofs_x = 0, .ofs_y = -1},
    {.bitmap_index = 41687, .adv_w = 206, .box_w = 12, .box_h = 13, .ofs_x = 0, .ofs_y = -1},
    {.bitmap_index = 41707, .adv_w = 206, .box_w = 12, .box_h = 13, .ofs_x = 0, .ofs_y = -1},
    {.bitmap_index = 41727, .adv_w = 206, .box_w = 12, .box_h = 13, .ofs_x = 0, .ofs_y = -1},
    {.bitmap_index = 41747, .adv_w = 206, .box_w = 12, .box_h = 13, .ofs_x = 0, .ofs_y = -1},
    {.bitmap_index = 41767, .adv_w = 206, .box_w = 12, .box_h = 13, .ofs_x = 0, .ofs_y = -1},
    {.bitmap_index = 41787, .adv_w = 206, .box_w = 12, .box_h = 13, .ofs_x = 0, .ofs_y = -1},
    {.bitmap_index = 41807, .adv_w = 206, .box_w = 12, .box_h = 13, .ofs_x = 0, .ofs_y = -1},
    {.bitmap_index = 41827, .adv_w = 206, .box_w = 12, .box_h = 13, .ofs_x = 0, .ofs_y = -1},
    {.bitmap_index = 41847, .adv_w = 206, .box_w = 12, .box_h = 13, .ofs_x = 0, .ofs_y = -1},
    {.bitmap_index = 41867, .adv_w = 206, .box_w = 11, .box_h = 13, .ofs_x = 1, .ofs_y = -1},
    {.bitmap_index = 41885, .adv_w = 206, .box_w = 11, .box_h = 13, .ofs_x = 1, .ofs_y = -1},
    {.bitmap_index = 41903, .adv_w = 206, .box_w = 11, .box_h = 13, .ofs_x = 1, .ofs_y = -1},
    {.bitmap_index = 41921, .adv_w = 206, .box_w = 11, .box_h = 13, .ofs_x = 1, .ofs_y = -1},
    {.bitmap_index = 41939, .adv_w = 206, .box_w = 11, .box_h = 13, .ofs_x = 1, .ofs_y = -1},
    {.bitmap_index = 41957, .adv_w = 206, .box_w = 11, .box_h = 13, .ofs_x = 1, .ofs_y = -1},
    {.bitmap_index = 41975, .adv_w = 206, .box_w = 10, .box_h = 13, .ofs_x = 1, .ofs_y = -1},
    {.bitmap_index = 41992, .adv_w = 206, .box_w = 11, .box_h = 13, .ofs_x = 1, .ofs_y = -1},
    {.bitmap_index = 42010, .adv_w = 206, .box_w = 11, .box_h = 13, .ofs_x = 1, .ofs_y = -1},
    {.bitmap_index = 42028, .adv_w = 206, .box_w = 10, .box_h = 13, .ofs_x = 1, .ofs_y = -1},
    {.bitmap_index = 42045, .adv_w = 206, .box_w = 11, .box_h = 13, .ofs_x = 1, .ofs_y = -1},
    {.bitmap_index = 42063, .adv_w = 206, .box_w = 11, .box_h = 13, .ofs_x = 0, .ofs_y = -1},
    {.bitmap_index = 42081, .adv_w = 206, .box_w = 12, .box_h = 13, .ofs_x = 0, .ofs_y = -1},
    {.bitmap_index = 42101, .adv_w = 206, .box_w = 11, .box_h = 13, .ofs_x = 1, .ofs_y = -1},
    {.bitmap_index = 42119, .adv_w = 206, .box_w = 11, .box_h = 13, .ofs_x = 0, .ofs_y = -1},
    {.bitmap_index = 42137, .adv_w = 206, .box_w = 11, .box_h = 13, .ofs_x = 0, .ofs_y = -1},
    {.bitmap_index = 42155, .adv_w = 206, .box_w = 12, .box_h = 12, .ofs_x = 0, .ofs_y = 0},
    {.bitmap_index = 42173, .adv_w = 206, .box_w = 11, .box_h = 13, .ofs_x = 0, .ofs_y = -1},
    {.bitmap_index = 42191, .adv_w = 206, .box_w = 12, .box_h = 13, .ofs_x = 0, .ofs_y = -1},
    {.bitmap_index = 42211, .adv_w = 206, .box_w = 12, .box_h = 13, .ofs_x = 0, .ofs_y = -1},
    {.bitmap_index = 42231, .adv_w = 206, .box_w = 12, .box_h = 13, .ofs_x = 0, .ofs_y = -1},
    {.bitmap_index = 42251, .adv_w = 206, .box_w = 12, .box_h = 13, .ofs_x = 0, .ofs_y = -1},
    {.bitmap_index = 42271, .adv_w = 206, .box_w = 12, .box_h = 13, .ofs_x = 0, .ofs_y = -1},
    {.bitmap_index = 42291, .adv_w = 206, .box_w = 12, .box_h = 13, .ofs_x = 0, .ofs_y = -1},
    {.bitmap_index = 42311, .adv_w = 206, .box_w = 12, .box_h = 13, .ofs_x = 0, .ofs_y = -1},
    {.bitmap_index = 42331, .adv_w = 206, .box_w = 12, .box_h = 11, .ofs_x = 0, .ofs_y = 0},
    {.bitmap_index = 42348, .adv_w = 206, .box_w = 12, .box_h = 13, .ofs_x = 0, .ofs_y = -1},
    {.bitmap_index = 42368, .adv_w = 206, .box_w = 12, .box_h = 13, .ofs_x = 0, .ofs_y = -1},
    {.bitmap_index = 42388, .adv_w = 206, .box_w = 12, .box_h = 13, .ofs_x = 0, .ofs_y = -1},
    {.bitmap_index = 42408, .adv_w = 206, .box_w = 12, .box_h = 13, .ofs_x = 0, .ofs_y = -1},
    {.bitmap_index = 42428, .adv_w = 206, .box_w = 12, .box_h = 13, .ofs_x = 0, .ofs_y = -1},
    {.bitmap_index = 42448, .adv_w = 206, .box_w = 12, .box_h = 13, .ofs_x = 0, .ofs_y = -1},
    {.bitmap_index = 42468, .adv_w = 206, .box_w = 12, .box_h = 13, .ofs_x = 0, .ofs_y = -1},
    {.bitmap_index = 42488, .adv_w = 206, .box_w = 12, .box_h = 13, .ofs_x = 0, .ofs_y = -1},
    {.bitmap_index = 42508, .adv_w = 206, .box_w = 12, .box_h = 13, .ofs_x = 0, .ofs_y = -1},
    {.bitmap_index = 42528, .adv_w = 206, .box_w = 12, .box_h = 13, .ofs_x = 0, .ofs_y = -1},
    {.bitmap_index = 42548, .adv_w = 206, .box_w = 12, .box_h = 13, .ofs_x = 0, .ofs_y = -1},
    {.bitmap_index = 42568, .adv_w = 206, .box_w = 10, .box_h = 13, .ofs_x = 1, .ofs_y = -1},
    {.bitmap_index = 42585, .adv_w = 206, .box_w = 11, .box_h = 13, .ofs_x = 1, .ofs_y = -1},
    {.bitmap_index = 42603, .adv_w = 206, .box_w = 11, .box_h = 13, .ofs_x = 1, .ofs_y = -1},
    {.bitmap_index = 42621, .adv_w = 206, .box_w = 10, .box_h = 13, .ofs_x = 1, .ofs_y = -1},
    {.bitmap_index = 42638, .adv_w = 206, .box_w = 10, .box_h = 13, .ofs_x = 1, .ofs_y = -1},
    {.bitmap_index = 42655, .adv_w = 206, .box_w = 10, .box_h = 13, .ofs_x = 1, .ofs_y = -1},
    {.bitmap_index = 42672, .adv_w = 206, .box_w = 11, .box_h = 13, .ofs_x = 1, .ofs_y = -1},
    {.bitmap_index = 42690, .adv_w = 206, .box_w = 11, .box_h = 13, .ofs_x = 1, .ofs_y = -1},
    {.bitmap_index = 42708, .adv_w = 206, .box_w = 11, .box_h = 13, .ofs_x = 1, .ofs_y = -1},
    {.bitmap_index = 42726, .adv_w = 206, .box_w = 11, .box_h = 13, .ofs_x = 1, .ofs_y = -1},
    {.bitmap_index = 42744, .adv_w = 206, .box_w = 11, .box_h = 13, .ofs_x = 1, .ofs_y = -1},
    {.bitmap_index = 42762, .adv_w = 206, .box_w = 11, .box_h = 13, .ofs_x = 1, .ofs_y = -1},
    {.bitmap_index = 42780, .adv_w = 206, .box_w = 11, .box_h = 13, .ofs_x = 1, .ofs_y = -1},
    {.bitmap_index = 42798, .adv_w = 206, .box_w = 11, .box_h = 13, .ofs_x = 1, .ofs_y = -1}
};

/*---------------------
 *  CHARACTER MAPPING
 *--------------------*/

static const uint8_t glyph_id_ofs_list_0[] = {
    0, 1, 0, 0, 0, 0, 0, 2,
    3, 4, 5, 6, 7, 8, 9
};

static const uint16_t unicode_list_2[] = {
    0x0, 0x1, 0x4, 0x7, 0x8, 0x9, 0xa, 0x10,
    0x11, 0x12, 0x13, 0x14, 0x15, 0x16, 0x17, 0x19,
    0x1a, 0x1b, 0x1c, 0x1d, 0x20, 0x24, 0x2c, 0x2d,
    0x2f, 0x30, 0x31, 0x38, 0x39, 0x3c, 0x40, 0x4b,
    0x4d, 0x54, 0x58, 0x5c, 0x70, 0x71, 0x74, 0x77,
    0x78, 0x7a, 0x80, 0x81, 0x83, 0x84, 0x85, 0x86,
    0x89, 0x8a, 0x8b, 0x8c, 0x90, 0x94, 0x9c, 0x9d,
    0x9f, 0xa0, 0xa1, 0xa8, 0xa9, 0xaa, 0xac, 0xaf,
    0xb0, 0xb8, 0xb9, 0xbb, 0xbc, 0xbd, 0xc1, 0xc4,
    0xc8, 0xcc, 0xd5, 0xd7, 0xe0, 0xe1, 0xe4, 0xe7,
    0xe8, 0xea, 0xec, 0xef, 0xf0, 0xf1, 0xf3, 0xf5,
    0xf6, 0xfc, 0xfd, 0x100, 0x104, 0x106, 0x10c, 0x10d,
    0x10f, 0x111, 0x118, 0x11c, 0x120, 0x129, 0x12c, 0x12d,
    0x134, 0x135, 0x138, 0x13c, 0x144, 0x145, 0x147, 0x149,
    0x150, 0x154, 0x158, 0x161, 0x163, 0x16c, 0x16d, 0x170,
    0x173, 0x174, 0x175, 0x176, 0x17b, 0x17c, 0x17d, 0x17f,
    0x181, 0x182, 0x188, 0x189, 0x18c, 0x190, 0x19c, 0x19d,
    0x1a4, 0x1b7, 0x1c0, 0x1c1, 0x1c4, 0x1c8, 0x1d0, 0x1d1,
    0x1d3, 0x1dc, 0x1e0, 0x1e4, 0x1f8, 0x1f9, 0x1fc, 0x1ff,
    0x200, 0x201, 0x208, 0x209, 0x20b, 0x20d, 0x214, 0x230,
    0x231, 0x234, 0x237, 0x238, 0x23a, 0x240, 0x241, 0x243,
    0x245, 0x246, 0x24a, 0x24c, 0x24d, 0x24e, 0x250, 0x254,
    0x256, 0x25c, 0x25d, 0x25f, 0x260, 0x261, 0x265, 0x268,
    0x269, 0x26c, 0x270, 0x278, 0x279, 0x27b, 0x27c, 0x27d,
    0x284, 0x285, 0x28c, 0x2bc, 0x2bd, 0x2be, 0x2c0, 0x2c4,
    0x2cc, 0x2cd, 0x2cf, 0x2d0, 0x2d1, 0x2d8, 0x2d9, 0x2dc,
    0x2e8, 0x2eb, 0x2ed, 0x2f4, 0x2f8, 0x2fc, 0x307, 0x308,
    0x30d, 0x310, 0x32c, 0x32d, 0x330, 0x332, 0x334, 0x33c,
    0x33d, 0x33f, 0x341, 0x342, 0x343, 0x348, 0x349, 0x350,
    0x35c, 0x35d, 0x364, 0x365, 0x379, 0x380, 0x384, 0x388,
    0x390, 0x391, 0x395, 0x39c, 0x3b8, 0x3b9, 0x3bc, 0x3c0,
    0x3c7, 0x3c8, 0x3c9, 0x3cb, 0x3cd, 0x3ce, 0x3d4, 0x3dc,
    0x3e8, 0x3e9, 0x3f0, 0x3f1, 0x3f4, 0x3f8, 0x400, 0x401,
    0x404, 0x40c, 0x410, 0x414, 0x41c, 0x41d, 0x428, 0x444,
    0x445, 0x448, 0x44a, 0x44c, 0x44e, 0x453, 0x454, 0x455,
    0x457, 0x459, 0x45d, 0x47c, 0x47d, 0x480, 0x484, 0x48c,
    0x48d, 0x48f, 0x491, 0x498, 0x499, 0x49a, 0x49c, 0x49f,
    0x4a0, 0x4a1, 0x4a2, 0x4a8, 0x4a9, 0x4ab, 0x4ac, 0x4ad,
    0x4ae, 0x4af, 0x4b1, 0x4b3, 0x4b4, 0x4b5, 0x4b8, 0x4bc,
    0x4c4, 0x4c5, 0x4c7, 0x4c8, 0x4c9, 0x4d0, 0x4d1, 0x4d4,
    0x4d8, 0x4e0, 0x4e5, 0x508, 0x509, 0x50b, 0x50c, 0x510,
    0x512, 0x513, 0x518, 0x519, 0x51b, 0x51c, 0x51d, 0x523,
    0x524, 0x525, 0x528, 0x52c, 0x534, 0x535, 0x537, 0x538,
    0x539, 0x540, 0x541, 0x544, 0x548, 0x550, 0x551, 0x554,
    0x555, 0x558, 0x55c, 0x560, 0x578, 0x579, 0x57c, 0x580,
    0x582, 0x588, 0x589, 0x58b, 0x58d, 0x592, 0x593, 0x594,
    0x598, 0x59c, 0x5a8, 0x5cc, 0x5d0, 0x5d4, 0x5dc, 0x5dd,
    0x5df, 0x5e8, 0x5e9, 0x5ec, 0x5f0, 0x5f9, 0x5fb, 0x5fd,
    0x604, 0x605, 0x608, 0x60b, 0x60c, 0x614, 0x615, 0x617,
    0x619, 0x620, 0x634, 0x63c, 0x658, 0x65c, 0x660, 0x668,
    0x669, 0x674, 0x675, 0x67c, 0x684, 0x685, 0x689, 0x690,
    0x691, 0x694, 0x698, 0x699, 0x69a, 0x6a0, 0x6a1, 0x6a3,
    0x6a5, 0x6a6, 0x6aa, 0x6ac, 0x6b0, 0x6b4, 0x6c8, 0x6c9,
    0x6cc, 0x6d0, 0x6d2, 0x6d8, 0x6d9, 0x6db, 0x6dd, 0x6e2,
    0x6e4, 0x6e5, 0x6e6, 0x6e8, 0x6eb, 0x6ec, 0x6ed, 0x6ee,
    0x6ef, 0x6f3, 0x6f4, 0x6f5, 0x6f7, 0x6f8, 0x6f9, 0x6fa,
    0x6fb, 0x6ff, 0x700, 0x701, 0x704, 0x708, 0x710, 0x711,
    0x713, 0x714, 0x715, 0x71c, 0x754, 0x755, 0x756, 0x758,
    0x75b, 0x75c, 0x75e, 0x75f, 0x764, 0x765, 0x767, 0x769,
    0x76b, 0x76e, 0x770, 0x771, 0x774, 0x778, 0x780, 0x781,
    0x783, 0x784, 0x785, 0x78c, 0x790, 0x794, 0x7a0, 0x7a1,
    0x7a8, 0x7ac, 0x7c4, 0x7c5, 0x7c8, 0x7cb, 0x7cc, 0x7ce,
    0x7d0, 0x7d4, 0x7d5, 0x7d7, 0x7d9, 0x7db, 0x7dd, 0x7e0,
    0x7e4, 0x7e8, 0x7fc, 0x810, 0x818, 0x81c, 0x820, 0x828,
    0x829, 0x82b, 0x834, 0x850, 0x851, 0x854, 0x858, 0x860,
    0x861, 0x863, 0x865, 0x86c, 0x880, 0x888, 0x89d, 0x8a4,
    0x8a8, 0x8ac, 0x8b5, 0x8b7, 0x8b9, 0x8c0, 0x8c4, 0x8c8,
    0x8d0, 0x8d5, 0x8dc, 0x8dd, 0x8e0, 0x8e3, 0x8e4, 0x8e6,
    0x8ec, 0x8ed, 0x8ef, 0x8f1, 0x8f8, 0x914, 0x915, 0x918,
    0x91b, 0x91c, 0x924, 0x925, 0x927, 0x928, 0x929, 0x92a,
    0x930, 0x931, 0x934, 0x938, 0x940, 0x941, 0x943, 0x944,
    0x945, 0x94b, 0x94c, 0x94d, 0x950, 0x954, 0x95c, 0x95d,
    0x95f, 0x960, 0x961, 0x9a0, 0x9a1, 0x9a4, 0x9a8, 0x9aa,
    0x9ab, 0x9b0, 0x9b1, 0x9b3, 0x9b4, 0x9b5, 0x9bb, 0x9bc,
    0x9bd, 0x9c0, 0x9c4, 0x9cc, 0x9cd, 0x9cf, 0x9d0, 0x9d1,
    0x9d8, 0x9ec, 0xa10, 0xa11, 0xa14, 0xa18, 0xa25, 0xa2c,
    0xa34, 0xa48, 0xa64, 0xa68, 0xa9c, 0xa9d, 0xaa0, 0xaa4,
    0xaab, 0xaac, 0xab1, 0xad4, 0xaf0, 0xaf4, 0xaf8, 0xb00,
    0xb01, 0xb05, 0xb28, 0xb29, 0xb2c, 0xb2f, 0xb30, 0xb38,
    0xb39, 0xb3b, 0xb44, 0xb48, 0xb4c, 0xb54, 0xb55, 0xb60,
    0xb64, 0xb68, 0xb70, 0xb71, 0xb73, 0xb75, 0xb7c, 0xb7d,
    0xb80, 0xb84, 0xb8c, 0xb8d, 0xb8f, 0xb90, 0xb91, 0xb92,
    0xb96, 0xb97, 0xb98, 0xb99, 0xb9c, 0xba0, 0xba8, 0xba9,
    0xbab, 0xbac, 0xbad, 0xbb4, 0xbb5, 0xbb8, 0xbc7, 0xbc9,
    0xbec, 0xbed, 0xbf0, 0xbf4, 0xbfc, 0xbfd, 0xbff, 0xc00,
    0xc01, 0xc07, 0xc08, 0xc09, 0xc0c, 0xc10, 0xc18, 0xc19,
    0xc1b, 0xc1d, 0xc24, 0xc25, 0xc28, 0xc2c, 0xc34, 0xc35,
    0xc37, 0xc38, 0xc39, 0xc40, 0xc44, 0xc51, 0xc53, 0xc5c,
    0xc5d, 0xc60, 0xc64, 0xc6c, 0xc6d, 0xc6f, 0xc71, 0xc78,
    0xc7c, 0xc8d, 0xca8, 0xcb0, 0xcb4, 0xcb8, 0xcc0, 0xcc1,
    0xcc3, 0xcc5, 0xccc, 0xcd0, 0xcd4, 0xcdd, 0xcdf, 0xce1,
    0xce8, 0xce9, 0xcec, 0xcf0, 0xcf8, 0xcf9, 0xcfb, 0xcfd,
    0xd04, 0xd18, 0xd20, 0xd3c, 0xd3d, 0xd40, 0xd44, 0xd4c,
    0xd4f, 0xd51, 0xd58, 0xd59, 0xd5c, 0xd60, 0xd68, 0xd69,
    0xd6b, 0xd6d, 0xd74, 0xd75, 0xd78, 0xd7c, 0xd84, 0xd85,
    0xd87, 0xd89, 0xd8a, 0xd8d, 0xd8e, 0xdac, 0xdad, 0xdb0,
    0xdb4, 0xdbc, 0xdbd, 0xdbf, 0xdc1, 0xdc8, 0xdc9, 0xdcc,
    0xdce, 0xdcf, 0xdd0, 0xdd1, 0xdd2, 0xdd8, 0xdd9, 0xddb,
    0xddd, 0xdde, 0xde1, 0xde3, 0xde4, 0xde5, 0xde8, 0xdec,
    0xdf4, 0xdf5, 0xdf7, 0xdf8, 0xdf9, 0xdfa, 0xe00, 0xe01,
    0xe08, 0xe15, 0xe38, 0xe39, 0xe3c, 0xe40, 0xe42, 0xe48,
    0xe49, 0xe4b, 0xe4d, 0xe4e, 0xe53, 0xe54, 0xe55, 0xe58,
    0xe5c, 0xe64, 0xe65, 0xe67, 0xe68, 0xe69, 0xe70, 0xe71,
    0xe74, 0xe78, 0xe83, 0xe84, 0xe85, 0xe87, 0xe8c, 0xea8,
    0xea9, 0xeab, 0xeac, 0xeb0, 0xeb2, 0xeb8, 0xeb9, 0xebb,
    0xebd, 0xec4, 0xec8, 0xed8, 0xed9, 0xefc, 0xf00, 0xf04,
    0xf0d, 0xf0f, 0xf11, 0xf18, 0xf1c, 0xf20, 0xf29, 0xf2b,
    0xf34, 0xf35, 0xf36, 0xf38, 0xf3b, 0xf3c, 0xf3d, 0xf3e,
    0xf44, 0xf45, 0xf47, 0xf49, 0xf4d, 0xf4f, 0xf50, 0xf54,
    0xf58, 0xf61, 0xf63, 0xf6c, 0xf88, 0xf8c, 0xf90, 0xfa4,
    0xfa8, 0xfac, 0xfb4, 0xfb7, 0xfc0, 0xfc4, 0xfc8, 0xfd0,
    0xfd3, 0xff8, 0xff9, 0xffc, 0xfff, 0x1000, 0x1002, 0x1008,
    0x1009, 0x100b, 0x100c, 0x100d, 0x100f, 0x1011, 0x1014, 0x1015,
    0x1016, 0x1017, 0x1018, 0x101b, 0x101c, 0x101d, 0x101e, 0x101f,
    0x1024, 0x1025, 0x1027, 0x1029, 0x102d, 0x1030, 0x1031, 0x1034,
    0x1038, 0x1040, 0x1041, 0x1043, 0x1044, 0x1045, 0x1049, 0x104c,
    0x104d, 0x1050, 0x105d, 0x1084, 0x1085, 0x1088, 0x108b, 0x108c,
    0x108e, 0x1094, 0x1095, 0x1097, 0x1099, 0x109a, 0x10a0, 0x10a1,
    0x10a4, 0x10a7, 0x10a8, 0x10b0, 0x10b1, 0x10b3, 0x10b4, 0x10b5,
    0x10bc, 0x10bd, 0x10c0, 0x10c4, 0x10cd, 0x10cf, 0x10d0, 0x10d1,
    0x10d5, 0x10d8, 0x10dc, 0x10f4, 0x10f5, 0x10f6, 0x10f8, 0x10fc,
    0x1104, 0x1105, 0x1107, 0x1109, 0x1110, 0x1114, 0x1124, 0x112c,
    0x1140, 0x1148, 0x1149, 0x114c, 0x1150, 0x1158, 0x1159, 0x1164,
    0x1168, 0x1180, 0x1181, 0x1184, 0x1187, 0x1188, 0x1189, 0x118a,
    0x1190, 0x1191, 0x1193, 0x1195, 0x1199, 0x119a, 0x119c, 0x11a4,
    0x11b0, 0x11b8, 0x11d4, 0x11d5, 0x11d8, 0x11dc, 0x11e9, 0x11f0,
    0x11f4, 0x11f8, 0x1200, 0x1203, 0x1205, 0x120c, 0x120d, 0x1210,
    0x1214, 0x121c, 0x121d, 0x121f, 0x1244, 0x1245, 0x1248, 0x124c,
    0x124e, 0x1254, 0x1255, 0x1257, 0x1259, 0x125a, 0x125b, 0x1260,
    0x1261, 0x1264, 0x1268, 0x126a, 0x1270, 0x1271, 0x1273, 0x1274,
    0x1275, 0x127b, 0x127c, 0x127d, 0x1280, 0x1284, 0x128c, 0x128d,
    0x128f, 0x1290, 0x1291, 0x1298, 0x1299, 0x12a8, 0x12d0, 0x12d1,
    0x12d4, 0x12d7, 0x12d8, 0x12e0, 0x12e3, 0x12e4, 0x12e5, 0x12ec,
    0x1301, 0x1308, 0x1309, 0x1318, 0x1319, 0x131b, 0x131c, 0x131d,
    0x1340, 0x1341, 0x1344, 0x1348, 0x1350, 0x1351, 0x1355, 0x1394,
    0x13b0, 0x13c5, 0x13cc, 0x13cd, 0x13d0, 0x13d4, 0x13dc, 0x13df,
    0x13e1, 0x143c, 0x1451, 0x1458, 0x145c, 0x1460, 0x1468, 0x1469,
    0x1490, 0x1491, 0x1494, 0x1498, 0x14a0, 0x14a1, 0x14a3, 0x14a5,
    0x14ac, 0x14ad, 0x14af, 0x14b0, 0x14b3, 0x14b4, 0x14b5, 0x14b6,
    0x14bc, 0x14bd, 0x14bf, 0x14c0, 0x14c1, 0x14c5, 0x14c8, 0x14c9,
    0x14cc, 0x14d0, 0x14d8, 0x14d9, 0x14db, 0x14dc, 0x14dd, 0x14e4,
    0x14e5, 0x14e8, 0x14ec, 0x14f4, 0x14f5, 0x14f7, 0x14f9, 0x1500,
    0x1504, 0x1508, 0x1510, 0x1515, 0x151c, 0x151d, 0x151e, 0x151f,
    0x1520, 0x1523, 0x1524, 0x1526, 0x1527, 0x152c, 0x152d, 0x152f,
    0x1530, 0x1531, 0x1536, 0x1538, 0x1539, 0x153c, 0x1540, 0x1548,
    0x1549, 0x154b, 0x154c, 0x154d, 0x1554, 0x1555, 0x1558, 0x155c,
    0x1564, 0x1565, 0x1567, 0x1568, 0x1569, 0x1570, 0x1574, 0x1578,
    0x1585, 0x158c, 0x158d, 0x158e, 0x1590, 0x1594, 0x1596, 0x159c,
    0x159d, 0x159f, 0x15a1, 0x15a5, 0x15a8, 0x15a9, 0x15ac, 0x15b0,
    0x15bd, 0x15c4, 0x15c8, 0x15cc, 0x15d4, 0x15d7, 0x15d8, 0x15e0,
    0x15e4, 0x15e8, 0x15f0, 0x15f1, 0x15f3, 0x15fc, 0x15fd, 0x1600,
    0x1604, 0x160c, 0x160d, 0x160f, 0x1611, 0x1618, 0x1619, 0x161c,
    0x161f, 0x1620, 0x1628, 0x1629, 0x162b, 0x162d, 0x162f, 0x1631,
    0x1632, 0x1634, 0x1648, 0x1650, 0x1651, 0x1654, 0x1658, 0x1660,
    0x1665, 0x166c, 0x166d, 0x1670, 0x1674, 0x167c, 0x167d, 0x167f,
    0x1681, 0x1688, 0x1689, 0x1690, 0x1698, 0x169b, 0x169d, 0x16a4,
    0x16a5, 0x16a8, 0x16ac, 0x16ad, 0x16b4, 0x16b5, 0x16b7, 0x16b9,
    0x16dc, 0x16dd, 0x16e0, 0x16e3, 0x16e4, 0x16eb, 0x16ec, 0x16ed,
    0x16ef, 0x16f1, 0x16f6, 0x16f8, 0x16f9, 0x16fb, 0x16fc, 0x1700,
    0x1708, 0x1709, 0x170c, 0x170d, 0x1713, 0x1714, 0x1715, 0x1718,
    0x171c, 0x1724, 0x1725, 0x1728, 0x1729, 0x1745, 0x1768, 0x1769,
    0x176c, 0x1770, 0x1772, 0x1778, 0x1779, 0x177c, 0x177d, 0x1784,
    0x1788, 0x178c, 0x17c0, 0x17d8, 0x17d9, 0x17dc, 0x17df, 0x17e0,
    0x17e2, 0x17e8, 0x17e9, 0x17ed, 0x17f4, 0x17f5, 0x17f8, 0x1808,
    0x1810, 0x1824, 0x182c, 0x1830, 0x1834, 0x183c, 0x183d, 0x1848,
    0x1864, 0x1865, 0x1868, 0x186c, 0x1874, 0x1875, 0x1879, 0x1880,
    0x1894, 0x189c, 0x18b8, 0x18bc, 0x18e9, 0x18f0, 0x18f1, 0x18f4,
    0x18f8, 0x18fa, 0x18ff, 0x1900, 0x1901, 0x190c, 0x1910, 0x1914,
    0x191c, 0x1928, 0x1929, 0x192c, 0x1930, 0x1938, 0x1939, 0x193b,
    0x193d, 0x1944, 0x1945, 0x1948, 0x1949, 0x194a, 0x194c, 0x194d,
    0x194e, 0x1953, 0x1954, 0x1955, 0x1957, 0x1958, 0x1959, 0x195d,
    0x195e, 0x1960, 0x1961, 0x1964, 0x1968, 0x1970, 0x1971, 0x1973,
    0x1974, 0x1975, 0x197c, 0x197d, 0x1980, 0x1984, 0x1987, 0x198c,
    0x198d, 0x198f, 0x1991, 0x1995, 0x1997, 0x1998, 0x199c, 0x19a0,
    0x19a9, 0x19b4, 0x19b5, 0x19b8, 0x19b9, 0x19bb, 0x19bc, 0x19bd,
    0x19be, 0x19c4, 0x19c5, 0x19c6, 0x19c7, 0x19c8, 0x19c9, 0x19ca,
    0x19cc, 0x19ce, 0x19d0, 0x19d1, 0x19d4, 0x19d8, 0x19e0, 0x19e1,
    0x19e3, 0x19e5, 0x19ec, 0x19ed, 0x19ee, 0x19f0, 0x19f4, 0x19f6,
    0x19f7, 0x19fc, 0x19fd, 0x19fe, 0x19ff, 0x1a00, 0x1a01, 0x1a05,
    0x1a06, 0x1a07, 0x1a08, 0x1a0c, 0x1a10, 0x1a18, 0x1a19, 0x1a1b,
    0x1a1c, 0x1a24, 0x1a25, 0x1a28, 0x1a2c, 0x1a2d, 0x1a2e, 0x1a30,
    0x1a33, 0x1a34, 0x1a35, 0x1a37, 0x1a39, 0x1a3b, 0x1a40, 0x1a41,
    0x1a44, 0x1a48, 0x1a50, 0x1a51, 0x1a53, 0x1a54, 0x1a55, 0x1a5c,
    0x1a5d, 0x1a60, 0x1a6c, 0x1a6f, 0x1a71, 0x1a78, 0x1a79, 0x1a7c,
    0x1a80, 0x1a88, 0x1a89, 0x1a8b, 0x1a8d, 0x1a94, 0x1a95, 0x1a98,
    0x1a9c, 0x1aa4, 0x1aa5, 0x1aa7, 0x1aa9, 0x1ab0, 0x1ab1, 0x1ab4,
    0x1ab8, 0x1ab9, 0x1aba, 0x1ac0, 0x1ac1, 0x1ac3, 0x1ac5, 0x1acc,
    0x1acd, 0x1ad0, 0x1ad4, 0x1adc, 0x1add, 0x1ae0, 0x1ae1, 0x1ae8,
    0x1ae9, 0x1aec, 0x1af0, 0x1af8, 0x1af9, 0x1afd, 0x1b04, 0x1b05,
    0x1b08, 0x1b0c, 0x1b14, 0x1b15, 0x1b17, 0x1b19, 0x1b20, 0x1b21,
    0x1b24, 0x1b28, 0x1b30, 0x1b31, 0x1b33, 0x1b35, 0x1b37, 0x1b3c,
    0x1b3d, 0x1b40, 0x1b44, 0x1b4a, 0x1b4c, 0x1b4d, 0x1b4f, 0x1b51,
    0x1b52, 0x1b53, 0x1b54, 0x1b55, 0x1b56, 0x1b57, 0x1b58, 0x1b5c,
    0x1b60, 0x1b68, 0x1b6b, 0x1b74, 0x1b75, 0x1b78, 0x1b7c, 0x1b7d,
    0x1b7e, 0x1b83, 0x1b84, 0x1b85, 0x1b87, 0x1b88, 0x1b89, 0x1b8a,
    0x1b8e, 0x1b90, 0x1b91, 0x1b94, 0x1b96, 0x1b97, 0x1b98, 0x1b9a,
    0x1ba0, 0x1ba1, 0x1ba3, 0x1ba4, 0x1ba5, 0x1ba6, 0x1bac, 0x1bad,
    0x1bb0, 0x1bb4, 0x1bbc, 0x1bbd, 0x1bbf, 0x1bc0, 0x1bc1, 0x1bc8,
    0x1bc9, 0x1bcc, 0x1bce, 0x1bd0, 0x1bd8, 0x1bdd, 0x1be4, 0x1be8,
    0x1bec, 0x1c00, 0x1c01, 0x1c04, 0x1c08, 0x1c0a, 0x1c10, 0x1c11,
    0x1c13, 0x1c15, 0x1c16, 0x1c1c, 0x1c1d, 0x1c20, 0x1c24, 0x1c2c,
    0x1c2d, 0x1c2f, 0x1c31, 0x1c38, 0x1c3c, 0x1c40, 0x1c48, 0x1c49,
    0x1c4c, 0x1c4d, 0x1c54, 0x1c70, 0x1c71, 0x1c74, 0x1c78, 0x1c7a,
    0x1c80, 0x1c81, 0x1c83, 0x1c85, 0x1c86, 0x1c87, 0x1c8b, 0x1c8c,
    0x1c8d, 0x1c94, 0x1c9d, 0x1c9f, 0x1ca1, 0x1ca8, 0x1cbc, 0x1cbd,
    0x1cc4, 0x1cc8, 0x1ccc, 0x1cd4, 0x1cd5, 0x1cd7, 0x1cd9, 0x1ce0,
    0x1ce1, 0x1ce4, 0x1cf5, 0x1cfc, 0x1cfd, 0x1d00, 0x1d04, 0x1d05,
    0x1d06, 0x1d0c, 0x1d0d, 0x1d0f, 0x1d11, 0x1d18, 0x1d2c, 0x1d34,
    0x1d50, 0x1d51, 0x1d54, 0x1d58, 0x1d60, 0x1d61, 0x1d63, 0x1d6c,
    0x1d70, 0x1d74, 0x1d7c, 0x1d88, 0x1d89, 0x1d8c, 0x1d90, 0x1d98,
    0x1d99, 0x1d9b, 0x1d9d, 0x1dc0, 0x1dc1, 0x1dc4, 0x1dc7, 0x1dc8,
    0x1dca, 0x1dd0, 0x1dd1, 0x1dd3, 0x1dd5, 0x1dd6, 0x1dd9, 0x1dda,
    0x1ddc, 0x1ddd, 0x1de0, 0x1de2, 0x1de4, 0x1de7, 0x1dec, 0x1ded,
    0x1def, 0x1df0, 0x1df1, 0x1df8, 0x1df9, 0x1dfc, 0x1e00, 0x1e08,
    0x1e09, 0x1e0b, 0x1e0c, 0x1e0d, 0x1e14, 0x1e18, 0x1e29, 0x1e4c,
    0x1e4d, 0x1e50, 0x1e54, 0x1e5c, 0x1e5d, 0x1e5f, 0x1e60, 0x1e61,
    0x1e68, 0x1e7d, 0x1e84, 0x1e98, 0x1ebc, 0x1ebd, 0x1ec0, 0x1ec4,
    0x1ecc, 0x1ecd, 0x1ecf, 0x1ed1, 0x1ed3, 0x1ed8, 0x1ed9, 0x1ee0,
    0x1eec, 0x1ef4, 0x1f08, 0x1f10, 0x1f14, 0x1f18, 0x1f20, 0x1f21,
    0x1f41, 0x1f48, 0x1f49, 0x1f4c, 0x1f50, 0x1f58, 0x1f59, 0x1f5d,
    0x1f64, 0x1f78, 0x1f79, 0x1f9c, 0x1fb8, 0x1fd4, 0x1fe4, 0x1fe7,
    0x1fe9, 0x200c, 0x200d, 0x2010, 0x2014, 0x201c, 0x201d, 0x2021,
    0x2022, 0x2027, 0x2028, 0x2029, 0x202c, 0x202e, 0x2030, 0x2038,
    0x2039, 0x203b, 0x203c, 0x203d, 0x203e, 0x2044, 0x2045, 0x2048,
    0x204c, 0x2054, 0x2055, 0x2057, 0x2058, 0x2059, 0x2060, 0x2064,
    0x2066, 0x2068, 0x2070, 0x2075, 0x2098, 0x2099, 0x209c, 0x20a0,
    0x20a8, 0x20a9, 0x20ab, 0x20ac, 0x20ad, 0x20b4, 0x20b5, 0x20b8,
    0x20bc, 0x20c4, 0x20c5, 0x20c7, 0x20c9, 0x20d0, 0x20d4, 0x20e4,
    0x20ec, 0x20f0, 0x2101, 0x2108, 0x2109, 0x210c, 0x2110, 0x2118,
    0x2119, 0x211b, 0x211d, 0x2124, 0x2128, 0x212c, 0x2139, 0x215c,
    0x2160, 0x2164, 0x216c, 0x216d, 0x216f, 0x2171, 0x2178, 0x2188,
    0x2194, 0x2195, 0x2198, 0x219c, 0x21a4, 0x21a5, 0x21a7, 0x21a9,
    0x21b0, 0x21c4, 0x21cc, 0x21d0, 0x21e8, 0x21ec, 0x21f0, 0x21f8,
    0x21f9, 0x21fb, 0x21fd, 0x2204, 0x2208, 0x220c, 0x2214, 0x2219,
    0x2220, 0x2221, 0x2224, 0x2228, 0x2230, 0x2231, 0x2233, 0x2235,
    0x2258, 0x2259, 0x225c, 0x225f, 0x2260, 0x2261, 0x2268, 0x2269,
    0x226b, 0x226d, 0x2274, 0x2275, 0x2278, 0x227c, 0x2284, 0x2285,
    0x2287, 0x2289, 0x2290, 0x2291, 0x2294, 0x2298, 0x22a0, 0x22a1,
    0x22a3, 0x22a4, 0x22a5, 0x22ac, 0x22ad, 0x22c1, 0x22e4, 0x22e5,
    0x22e8, 0x22eb, 0x22ec, 0x22f4, 0x22f5, 0x22f7, 0x22f8, 0x22f9,
    0x2300, 0x2301, 0x2304, 0x2308, 0x2310, 0x2311, 0x2313, 0x2315,
    0x231c, 0x2320, 0x2324, 0x232c, 0x232d, 0x232f, 0x2330, 0x2331,
    0x2338, 0x2354, 0x2355, 0x2358, 0x235c, 0x2364, 0x2365, 0x2367,
    0x2369, 0x2370, 0x2371, 0x2374, 0x2378, 0x2380, 0x2385, 0x238c,
    0x23a1, 0x23a8, 0x23b0, 0x23c4, 0x23e0, 0x23e1, 0x23e4, 0x23e8,
    0x23f0, 0x23f1, 0x23f3, 0x23f5, 0x23fc, 0x2400, 0x2404, 0x2411,
    0x2418, 0x242d, 0x2434, 0x2435, 0x2438, 0x243c, 0x2444, 0x2445,
    0x2447, 0x2449, 0x2450, 0x2454, 0x2458, 0x2460, 0x246c, 0x246d,
    0x2470, 0x2474, 0x247c, 0x247d, 0x2481, 0x24a4, 0x24a5, 0x24a8,
    0x24ac, 0x24b4, 0x24b5, 0x24b7, 0x24b9, 0x24c0, 0x24c1, 0x24c4,
    0x24c8, 0x24c9, 0x24d0, 0x24d1, 0x24d3, 0x24d4, 0x24d5, 0x24dc,
    0x24dd, 0x24e0, 0x24e4, 0x24ec, 0x24ed, 0x24ef, 0x24f0, 0x24f1,
    0x24f8, 0x250d, 0x2530, 0x2531, 0x2534, 0x2538, 0x253a, 0x2540,
    0x2541, 0x2543, 0x2544, 0x2545, 0x254c, 0x254d, 0x2550, 0x2554,
    0x255c, 0x255d, 0x255f, 0x2561, 0x2568, 0x256c, 0x257c, 0x2584,
    0x2588, 0x25a0, 0x25a1, 0x25a4, 0x25a8, 0x25b0, 0x25b1, 0x25b3,
    0x25b5, 0x25ba, 0x25bc, 0x25c0, 0x25d8, 0x25f4, 0x25f8, 0x2607,
    0x2609, 0x2610, 0x262c, 0x262d, 0x2630, 0x2634, 0x263c, 0x263d,
    0x263f, 0x2641, 0x2648, 0x265c, 0x2664, 0x2680, 0x2681, 0x2684,
    0x2688, 0x2690, 0x2691, 0x2695, 0x269c, 0x26a0, 0x26a4, 0x26ac,
    0x26b1, 0x26b8, 0x26b9, 0x26bc, 0x26bf, 0x26c0, 0x26c2, 0x26c8,
    0x26c9, 0x26cb, 0x26d4, 0x26d8, 0x26dc, 0x26e4, 0x26e5, 0x26f0,
    0x26f1, 0x26f4, 0x26f8, 0x2700, 0x2701, 0x2703, 0x2705, 0x270c,
    0x270d, 0x270e, 0x2710, 0x2714, 0x2716, 0x271c, 0x271d, 0x271f,
    0x2720, 0x2721, 0x2725, 0x2728, 0x2729, 0x272c, 0x2730, 0x2738,
    0x2739, 0x273b, 0x273c, 0x273d, 0x2744, 0x2745, 0x277c, 0x277d,
    0x2780, 0x2784, 0x278c, 0x278d, 0x278f, 0x2790, 0x2791, 0x2798,
    0x2799, 0x279c, 0x27a0, 0x27a8, 0x27a9, 0x27ab, 0x27ad, 0x27b4,
    0x27b8, 0x27bc, 0x27c4, 0x27c5, 0x27c8, 0x27c9, 0x27d0, 0x27d8,
    0x27e1, 0x27e3, 0x27ec, 0x27ed, 0x27f0, 0x27f4, 0x27fc, 0x27fd,
    0x27ff, 0x2801, 0x2808, 0x281d, 0x2840, 0x2844, 0x285c, 0x2860,
    0x2864, 0x286d, 0x286f, 0x2878, 0x2879, 0x287c, 0x287f, 0x2880,
    0x2882, 0x2888, 0x2889, 0x288b, 0x288d, 0x2894, 0x28a9, 0x28cc,
    0x28d0, 0x28d4, 0x28dc, 0x28df, 0x28e8, 0x28ec, 0x28f0, 0x28f8,
    0x28fb, 0x28fd, 0x2904, 0x2908, 0x290c, 0x2914, 0x2915, 0x2917,
    0x293c, 0x293d, 0x2940, 0x2944, 0x294c, 0x294d, 0x294f, 0x2951,
    0x2958, 0x2959, 0x295c, 0x2960, 0x2965, 0x2968, 0x2969, 0x296b,
    0x296d, 0x2974, 0x2975, 0x2978, 0x297c, 0x2984, 0x2985, 0x2987,
    0x2988, 0x2989, 0x2990, 0x29a5, 0x29c8, 0x29c9, 0x29cc, 0x29d0,
    0x29d2, 0x29d8, 0x29d9, 0x29db, 0x29dd, 0x29e4, 0x29e5, 0x29e8,
    0x29ec, 0x29f4, 0x29f5, 0x29f7, 0x29f9, 0x2a00, 0x2a01, 0x2a04,
    0x2a08, 0x2a10, 0x2a11, 0x2a13, 0x2a14, 0x2a15, 0x2a1c, 0x2a20,
    0x2a24, 0x2a2d, 0x2a38, 0x2a39, 0x2a3c, 0x2a40, 0x2a45, 0x2a48,
    0x2a49, 0x2a4b, 0x2a4d, 0x2a51, 0x2a54, 0x2a55, 0x2a58, 0x2a5c,
    0x2a67, 0x2a69, 0x2a70, 0x2a71, 0x2a74, 0x2a83, 0x2a85, 0x2a8c,
    0x2a8d, 0x2a90, 0x2a94, 0x2a9d, 0x2a9f, 0x2aa1, 0x2aa8, 0x2aac,
    0x2ab0, 0x2ab9, 0x2abb, 0x2ac4, 0x2ac5, 0x2ac8, 0x2acc, 0x2ad1,
    0x2ad4, 0x2ad7, 0x2ad9, 0x2ae0, 0x2ae4, 0x2ae8, 0x2af0, 0x2af5,
    0x2afc, 0x2afd, 0x2b00, 0x2b04, 0x2b11, 0x2b18, 0x2b19, 0x2b1c,
    0x2b20, 0x2b28, 0x2b29, 0x2b2b, 0x2b2d, 0x2b34, 0x2b35, 0x2b38,
    0x2b3c, 0x2b44, 0x2b47, 0x2b49, 0x2b50, 0x2b51, 0x2b54, 0x2b56,
    0x2b57, 0x2b58, 0x2b59, 0x2b60, 0x2b61, 0x2b63, 0x2b65, 0x2b69,
    0x2b6c, 0x2b70, 0x2b74, 0x2b7c, 0x2b7d, 0x2b81, 0x2b88, 0x2b89,
    0x2b8c, 0x2b90, 0x2b98, 0x2b99, 0x2b9b, 0x2b9d
};

/*Collect the unicode lists and glyph_id offsets*/
static const lv_font_fmt_txt_cmap_t cmaps[] =
{
    {
        .range_start = 12289, .range_length = 15, .glyph_id_start = 1,
        .unicode_list = NULL, .glyph_id_ofs_list = glyph_id_ofs_list_0, .list_length = 15, .type = LV_FONT_FMT_TXT_CMAP_FORMAT0_FULL
    },
    {
        .range_start = 12593, .range_length = 94, .glyph_id_start = 11,
        .unicode_list = NULL, .glyph_id_ofs_list = NULL, .list_length = 0, .type = LV_FONT_FMT_TXT_CMAP_FORMAT0_TINY
    },
    {
        .range_start = 44032, .range_length = 11166, .glyph_id_start = 105,
        .unicode_list = unicode_list_2, .glyph_id_ofs_list = NULL, .list_length = 2350, .type = LV_FONT_FMT_TXT_CMAP_SPARSE_TINY
    }
};



/*--------------------
 *  ALL CUSTOM DATA
 *--------------------*/

#if LVGL_VERSION_MAJOR == 8
/*Store all the custom data of the font*/
static  lv_font_fmt_txt_glyph_cache_t cache;
#endif

#if LVGL_VERSION_MAJOR >= 8
static const lv_font_fmt_txt_dsc_t font_dsc = {
#else
static lv_font_fmt_txt_dsc_t font_dsc = {
#endif
    .glyph_bitmap = glyph_bitmap,
    .glyph_dsc = glyph_dsc,
    .cmaps = cmaps,
    .kern_dsc = NULL,
    .kern_scale = 0,
    .cmap_num = 3,
    .bpp = 1,
    .kern_classes = 0,
    .bitmap_format = 0,
#if LVGL_VERSION_MAJOR == 8
    .cache = &cache
#endif
};



/*-----------------
 *  PUBLIC FONT
 *----------------*/

/*Initialize a public general font descriptor*/
#if LVGL_VERSION_MAJOR >= 8
const lv_font_t ui_font_ko_label_14 = {
#else
lv_font_t ui_font_ko_label_14 = {
#endif
    .get_glyph_dsc = lv_font_get_glyph_dsc_fmt_txt,    /*Function pointer to get glyph's data*/
    .get_glyph_bitmap = lv_font_get_bitmap_fmt_txt,    /*Function pointer to get glyph's bitmap*/
    .line_height = 14,          /*The maximum line height required by the font*/
    .base_line = 2,             /*Baseline measured from the bottom of the line*/
#if !(LVGL_VERSION_MAJOR == 6 && LVGL_VERSION_MINOR == 0)
    .subpx = LV_FONT_SUBPX_NONE,
#endif
#if LV_VERSION_CHECK(7, 4, 0) || LVGL_VERSION_MAJOR >= 8
    .underline_position = -2,
    .underline_thickness = 1,
#endif
    .dsc = &font_dsc,          /*The custom font data. Will be accessed by `get_glyph_bitmap/dsc` */
#if LV_VERSION_CHECK(8, 2, 0) || LVGL_VERSION_MAJOR >= 9
    .fallback = NULL,
#endif
    .user_data = NULL,
};



#endif /*#if UI_FONT_KO_LABEL_14*/

