/*******************************************************************************
 * Size: 16 px
 * Bpp: 1
 * Opts: --font NotoSerifKR-Regular.otf --size 16 --bpp 1 --format lvgl --symbols 、。〈〉《》「」『』ㄱㄲㄳㄴㄵㄶㄷㄸㄹㄺㄻㄼㄽㄾㄿㅀㅁㅂㅃㅄㅅㅆㅇㅈㅉㅊㅋㅌㅍㅎㅏㅐㅑㅒㅓㅔㅕㅖㅗㅘㅙㅚㅛㅜㅝㅞㅟㅠㅡㅢㅣㅤㅥㅦㅧㅨㅩㅪㅫㅬㅭㅮㅯㅰㅱㅲㅳㅴㅵㅶㅷㅸㅹㅺㅻㅼㅽㅾㅿㆀㆁㆂㆃㆄㆅㆆㆇㆈㆉㆊㆋㆌㆍㆎ가각간갇갈갉갊감갑값갓갔강갖갗같갚갛개객갠갤갬갭갯갰갱갸갹갼걀걋걍걔걘걜거걱건걷걸걺검겁것겄겅겆겉겊겋게겐겔겜겝겟겠겡겨격겪견겯결겸겹겻겼경곁계곈곌곕곗고곡곤곧골곪곬곯곰곱곳공곶과곽관괄괆괌괍괏광괘괜괠괩괬괭괴괵괸괼굄굅굇굉교굔굘굡굣구국군굳굴굵굶굻굼굽굿궁궂궈궉권궐궜궝궤궷귀귁귄귈귐귑귓규균귤그극근귿글긁금급긋긍긔기긱긴긷길긺김깁깃깅깆깊까깍깎깐깔깖깜깝깟깠깡깥깨깩깬깰깸깹깻깼깽꺄꺅꺌꺼꺽꺾껀껄껌껍껏껐껑께껙껜껨껫껭껴껸껼꼇꼈꼍꼐꼬꼭꼰꼲꼴꼼꼽꼿꽁꽂꽃꽈꽉꽐꽜꽝꽤꽥꽹꾀꾄꾈꾐꾑꾕꾜꾸꾹꾼꿀꿇꿈꿉꿋꿍꿎꿔꿜꿨꿩꿰꿱꿴꿸뀀뀁뀄뀌뀐뀔뀜뀝뀨끄끅끈끊끌끎끓끔끕끗끙끝끼끽낀낄낌낍낏낑나낙낚난낟날낡낢남납낫났낭낮낯낱낳내낵낸낼냄냅냇냈냉냐냑냔냘냠냥너넉넋넌널넒넓넘넙넛넜넝넣네넥넨넬넴넵넷넸넹녀녁년녈념녑녔녕녘녜녠노녹논놀놂놈놉놋농높놓놔놘놜놨뇌뇐뇔뇜뇝뇟뇨뇩뇬뇰뇹뇻뇽누눅눈눋눌눔눕눗눙눠눴눼뉘뉜뉠뉨뉩뉴뉵뉼늄늅늉느늑는늘늙늚늠늡늣능늦늪늬늰늴니닉닌닐닒님닙닛닝닢다닥닦단닫달닭닮닯닳담답닷닸당닺닻닿대댁댄댈댐댑댓댔댕댜더덕덖던덛덜덞덟덤덥덧덩덫덮데덱덴델뎀뎁뎃뎄뎅뎌뎐뎔뎠뎡뎨뎬도독돈돋돌돎돐돔돕돗동돛돝돠돤돨돼됐되된될됨됩됫됴두둑둔둘둠둡둣둥둬뒀뒈뒝뒤뒨뒬뒵뒷뒹듀듄듈듐듕드득든듣들듦듬듭듯등듸디딕딘딛딜딤딥딧딨딩딪따딱딴딸땀땁땃땄땅땋때땍땐땔땜땝땟땠땡떠떡떤떨떪떫떰떱떳떴떵떻떼떽뗀뗄뗌뗍뗏뗐뗑뗘뗬또똑똔똘똥똬똴뙈뙤뙨뚜뚝뚠뚤뚫뚬뚱뛔뛰뛴뛸뜀뜁뜅뜨뜩뜬뜯뜰뜸뜹뜻띄띈띌띔띕띠띤띨띰띱띳띵라락란랄람랍랏랐랑랒랖랗래랙랜랠램랩랫랬랭랴략랸럇량러럭런럴럼럽럿렀렁렇레렉렌렐렘렙렛렝려력련렬렴렵렷렸령례롄롑롓로록론롤롬롭롯롱롸롼뢍뢨뢰뢴뢸룀룁룃룅료룐룔룝룟룡루룩룬룰룸룹룻룽뤄뤘뤠뤼뤽륀륄륌륏륑류륙륜률륨륩륫륭르륵른를름릅릇릉릊릍릎리릭린릴림립릿링마막만많맏말맑맒맘맙맛망맞맡맣매맥맨맬맴맵맷맸맹맺먀먁먈먕머먹먼멀멂멈멉멋멍멎멓메멕멘멜멤멥멧멨멩며멱면멸몃몄명몇몌모목몫몬몰몲몸몹못몽뫄뫈뫘뫙뫼묀묄묍묏묑묘묜묠묩묫무묵묶문묻물묽묾뭄뭅뭇뭉뭍뭏뭐뭔뭘뭡뭣뭬뮈뮌뮐뮤뮨뮬뮴뮷므믄믈믐믓미믹민믿밀밂밈밉밋밌밍및밑바박밖밗반받발밝밞밟밤밥밧방밭배백밴밸뱀뱁뱃뱄뱅뱉뱌뱍뱐뱝버벅번벋벌벎범법벗벙벚베벡벤벧벨벰벱벳벴벵벼벽변별볍볏볐병볕볘볜보복볶본볼봄봅봇봉봐봔봤봬뵀뵈뵉뵌뵐뵘뵙뵤뵨부북분붇불붉붊붐붑붓붕붙붚붜붤붰붸뷔뷕뷘뷜뷩뷰뷴뷸븀븃븅브븍븐블븜븝븟비빅빈빌빎빔빕빗빙빚빛빠빡빤빨빪빰빱빳빴빵빻빼빽뺀뺄뺌뺍뺏뺐뺑뺘뺙뺨뻐뻑뻔뻗뻘뻠뻣뻤뻥뻬뼁뼈뼉뼘뼙뼛뼜뼝뽀뽁뽄뽈뽐뽑뽕뾔뾰뿅뿌뿍뿐뿔뿜뿟뿡쀼쁑쁘쁜쁠쁨쁩삐삑삔삘삠삡삣삥사삭삯산삳살삵삶삼삽삿샀상샅새색샌샐샘샙샛샜생샤샥샨샬샴샵샷샹섀섄섈섐섕서석섞섟선섣설섦섧섬섭섯섰성섶세섹센셀셈셉셋셌셍셔셕션셜셤셥셧셨셩셰셴셸솅소속솎손솔솖솜솝솟송솥솨솩솬솰솽쇄쇈쇌쇔쇗쇘쇠쇤쇨쇰쇱쇳쇼쇽숀숄숌숍숏숑수숙순숟술숨숩숫숭숯숱숲숴쉈쉐쉑쉔쉘쉠쉥쉬쉭쉰쉴쉼쉽쉿슁슈슉슐슘슛슝스슥슨슬슭슴습슷승시식신싣실싫심십싯싱싶싸싹싻싼쌀쌈쌉쌌쌍쌓쌔쌕쌘쌜쌤쌥쌨쌩썅써썩썬썰썲썸썹썼썽쎄쎈쎌쏀쏘쏙쏜쏟쏠쏢쏨쏩쏭쏴쏵쏸쐈쐐쐤쐬쐰쐴쐼쐽쑈쑤쑥쑨쑬쑴쑵쑹쒀쒔쒜쒸쒼쓩쓰쓱쓴쓸쓺쓿씀씁씌씐씔씜씨씩씬씰씸씹씻씽아악안앉않알앍앎앓암압앗았앙앝앞애액앤앨앰앱앳앴앵야약얀얄얇얌얍얏양얕얗얘얜얠얩어억언얹얻얼얽얾엄업없엇었엉엊엌엎에엑엔엘엠엡엣엥여역엮연열엶엷염엽엾엿였영옅옆옇예옌옐옘옙옛옜오옥온올옭옮옰옳옴옵옷옹옻와왁완왈왐왑왓왔왕왜왝왠왬왯왱외왹왼욀욈욉욋욍요욕욘욜욤욥욧용우욱운울욹욺움웁웃웅워웍원월웜웝웠웡웨웩웬웰웸웹웽위윅윈윌윔윕윗윙유육윤율윰윱윳융윷으윽은을읊음읍읏응읒읓읔읕읖읗의읜읠읨읫이익인일읽읾잃임입잇있잉잊잎자작잔잖잗잘잚잠잡잣잤장잦재잭잰잴잼잽잿쟀쟁쟈쟉쟌쟎쟐쟘쟝쟤쟨쟬저적전절젊점접젓정젖제젝젠젤젬젭젯젱져젼졀졈졉졌졍졔조족존졸졺좀좁좃종좆좇좋좌좍좔좝좟좡좨좼좽죄죈죌죔죕죗죙죠죡죤죵주죽준줄줅줆줌줍줏중줘줬줴쥐쥑쥔쥘쥠쥡쥣쥬쥰쥴쥼즈즉즌즐즘즙즛증지직진짇질짊짐집짓징짖짙짚짜짝짠짢짤짧짬짭짯짰짱째짹짼쨀쨈쨉쨋쨌쨍쨔쨘쨩쩌쩍쩐쩔쩜쩝쩟쩠쩡쩨쩽쪄쪘쪼쪽쫀쫄쫌쫍쫏쫑쫓쫘쫙쫠쫬쫴쬈쬐쬔쬘쬠쬡쭁쭈쭉쭌쭐쭘쭙쭝쭤쭸쭹쮜쮸쯔쯤쯧쯩찌찍찐찔찜찝찡찢찧차착찬찮찰참찹찻찼창찾채책챈챌챔챕챗챘챙챠챤챦챨챰챵처척천철첨첩첫첬청체첵첸첼쳄쳅쳇쳉쳐쳔쳤쳬쳰촁초촉촌촐촘촙촛총촤촨촬촹최쵠쵤쵬쵭쵯쵱쵸춈추축춘출춤춥춧충춰췄췌췐취췬췰췸췹췻췽츄츈츌츔츙츠측츤츨츰츱츳층치칙친칟칠칡침칩칫칭카칵칸칼캄캅캇캉캐캑캔캘캠캡캣캤캥캬캭컁커컥컨컫컬컴컵컷컸컹케켁켄켈켐켑켓켕켜켠켤켬켭켯켰켱켸코콕콘콜콤콥콧콩콰콱콴콸쾀쾅쾌쾡쾨쾰쿄쿠쿡쿤쿨쿰쿱쿳쿵쿼퀀퀄퀑퀘퀭퀴퀵퀸퀼큄큅큇큉큐큔큘큠크큭큰클큼큽킁키킥킨킬킴킵킷킹타탁탄탈탉탐탑탓탔탕태택탠탤탬탭탯탰탱탸턍터턱턴털턺텀텁텃텄텅테텍텐텔템텝텟텡텨텬텼톄톈토톡톤톨톰톱톳통톺톼퇀퇘퇴퇸툇툉툐투툭툰툴툼툽툿퉁퉈퉜퉤튀튁튄튈튐튑튕튜튠튤튬튱트특튼튿틀틂틈틉틋틔틘틜틤틥티틱틴틸팀팁팃팅파팍팎판팔팖팜팝팟팠팡팥패팩팬팰팸팹팻팼팽퍄퍅퍼퍽펀펄펌펍펏펐펑페펙펜펠펨펩펫펭펴편펼폄폅폈평폐폘폡폣포폭폰폴폼폽폿퐁퐈퐝푀푄표푠푤푭푯푸푹푼푿풀풂품풉풋풍풔풩퓌퓐퓔퓜퓟퓨퓬퓰퓸퓻퓽프픈플픔픕픗피픽핀필핌핍핏핑하학한할핥함합핫항해핵핸핼햄햅햇했행햐향허헉헌헐헒험헙헛헝헤헥헨헬헴헵헷헹혀혁현혈혐협혓혔형혜혠혤혭호혹혼홀홅홈홉홋홍홑화확환활홧황홰홱홴횃횅회획횐횔횝횟횡효횬횰횹횻후훅훈훌훑훔훗훙훠훤훨훰훵훼훽휀휄휑휘휙휜휠휨휩휫휭휴휵휸휼흄흇흉흐흑흔흖흗흘흙흠흡흣흥흩희흰흴흼흽힁히힉힌힐힘힙힛힝 --no-compress --lv-font-name ui_font_ko_body_16 -o components/news_core/fonts/ui_font_ko_body_16.c
 ******************************************************************************/

#ifdef LV_LVGL_H_INCLUDE_SIMPLE
#include "lvgl.h"
#else
#include "lvgl/lvgl.h"
#endif

#ifndef UI_FONT_KO_BODY_16
#define UI_FONT_KO_BODY_16 1
#endif

#if UI_FONT_KO_BODY_16

/*-----------------
 *    BITMAPS
 *----------------*/

/*Store the image of the glyphs*/
static LV_ATTRIBUTE_LARGE_CONST const uint8_t glyph_bitmap[] = {
    /* U+3001 "、" */
    0x86, 0x23,

    /* U+3002 "。" */
    0x74, 0x62, 0xe0,

    /* U+3008 "〈" */
    0x0, 0x10, 0x84, 0x21, 0x4, 0x20, 0x81, 0x2,
    0x8, 0x10, 0x20, 0x40,

    /* U+3009 "〉" */
    0x2, 0x4, 0x8, 0x10, 0x40, 0x81, 0x4, 0x21,
    0x8, 0x21, 0x8, 0x0,

    /* U+300A "《" */
    0x0, 0x14, 0x50, 0xa2, 0x89, 0x14, 0x48, 0x90,
    0xa1, 0x21, 0x41, 0x42, 0x82, 0x80,

    /* U+300B "》" */
    0x1, 0x42, 0x42, 0x84, 0x85, 0x5, 0xa, 0x14,
    0x48, 0xa2, 0x45, 0x14, 0x28, 0x0,

    /* U+300C "「" */
    0xfc, 0x21, 0x8, 0x42, 0x10, 0x84, 0x20,

    /* U+300D "」" */
    0x8, 0x42, 0x10, 0x84, 0x21, 0x8, 0x7e,

    /* U+300E "『" */
    0xfe, 0xfa, 0x28, 0xa2, 0x8a, 0x28, 0xa3, 0x80,

    /* U+300F "』" */
    0x1c, 0x51, 0x45, 0x14, 0x51, 0x45, 0xf7, 0xf0,

    /* U+3131 "ㄱ" */
    0xff, 0x80, 0x40, 0x20, 0x10, 0x8, 0x4, 0x2,
    0x1,

    /* U+3132 "ㄲ" */
    0xfb, 0xc2, 0x10, 0x84, 0x21, 0x8, 0x42, 0x10,
    0x84, 0x21,

    /* U+3133 "ㄳ" */
    0x1, 0xf, 0x88, 0x8, 0x80, 0x88, 0x9, 0x80,
    0x94, 0xa, 0x40, 0xa2, 0xc, 0x10,

    /* U+3134 "ㄴ" */
    0x80, 0x10, 0x4, 0x1, 0x0, 0x40, 0x10, 0x4,
    0x1, 0xff,

    /* U+3135 "ㄵ" */
    0xc7, 0xf4, 0x8, 0x41, 0x84, 0x18, 0x42, 0x67,
    0xc3,

    /* U+3136 "ㄶ" */
    0x1, 0xcc, 0x0, 0x47, 0xf4, 0x1c, 0x42, 0x24,
    0x22, 0x5e, 0x26, 0x1c,

    /* U+3137 "ㄷ" */
    0x7f, 0x90, 0x4, 0x1, 0x0, 0x40, 0x10, 0x4,
    0x1, 0xff,

    /* U+3138 "ㄸ" */
    0xfb, 0xe8, 0x41, 0x8, 0x21, 0x4, 0x20, 0x84,
    0x11, 0x8b, 0xcf,

    /* U+3139 "ㄹ" */
    0xff, 0x80, 0x40, 0x3f, 0xf4, 0x2, 0x1, 0x0,
    0xff,

    /* U+313A "ㄺ" */
    0x7b, 0xe1, 0x4, 0x20, 0xfc, 0x14, 0x2, 0x84,
    0x5f, 0x8,

    /* U+313B "ㄻ" */
    0x7b, 0xe1, 0x24, 0x24, 0xfc, 0x94, 0x12, 0x82,
    0x5f, 0x78,

    /* U+313C "ㄼ" */
    0x0, 0x47, 0xb2, 0x9, 0x20, 0x92, 0xf9, 0xe4,
    0x12, 0x41, 0x27, 0xde,

    /* U+313D "ㄽ" */
    0x1, 0xf, 0x10, 0x22, 0x4, 0xcf, 0x98, 0x87,
    0x10, 0x93, 0xe1, 0x0, 0x0,

    /* U+313E "ㄾ" */
    0x7b, 0xf0, 0x90, 0x9, 0xf, 0x9e, 0x41, 0x4,
    0x10, 0x7d, 0xf0,

    /* U+313F "ㄿ" */
    0x7b, 0xf0, 0x84, 0x9, 0x2f, 0x92, 0x41, 0x24,
    0x52, 0x7b, 0xf0,

    /* U+3140 "ㅀ" */
    0xb9, 0xc2, 0x40, 0x3, 0xfe, 0x10, 0xf, 0x9e,
    0x21, 0x19, 0x8, 0x8e, 0x3c,

    /* U+3141 "ㅁ" */
    0xff, 0xd0, 0x14, 0x5, 0x1, 0x40, 0x50, 0x17,
    0xfc,

    /* U+3142 "ㅂ" */
    0x1, 0x60, 0x50, 0x28, 0x17, 0xfa, 0x5, 0x2,
    0x81, 0x7f, 0xa0, 0x0,

    /* U+3143 "ㅃ" */
    0x0, 0x53, 0x65, 0x24, 0xa4, 0x97, 0x9e, 0x92,
    0x52, 0x4a, 0x49, 0x79, 0xe0,

    /* U+3144 "ㅄ" */
    0xc8, 0x84, 0x88, 0x48, 0x87, 0x98, 0x49, 0x84,
    0xa4, 0x4a, 0x27, 0xc0, 0x40, 0x0,

    /* U+3145 "ㅅ" */
    0xc, 0x1, 0x0, 0xc0, 0x30, 0x12, 0x8, 0x44,
    0xa, 0x1,

    /* U+3146 "ㅆ" */
    0x0, 0x81, 0x8c, 0x10, 0x81, 0x8, 0x29, 0x44,
    0x74, 0x42, 0x38, 0x41,

    /* U+3147 "ㅇ" */
    0x3c, 0x42, 0x81, 0x81, 0x81, 0x81, 0x42, 0x3c,

    /* U+3148 "ㅈ" */
    0x7f, 0x0, 0xc0, 0x60, 0x30, 0x1a, 0x8, 0x6c,
    0x4,

    /* U+3149 "ㅉ" */
    0x3f, 0xf0, 0x31, 0x1, 0x18, 0x10, 0x81, 0x6c,
    0x10, 0x9b, 0x8, 0x61, 0x80,

    /* U+314A "ㅊ" */
    0x1e, 0x0, 0x7, 0xf8, 0x4, 0x2, 0x3, 0x1,
    0x39, 0x83,

    /* U+314B "ㅋ" */
    0xff, 0x80, 0x40, 0x20, 0x3f, 0xe8, 0x4, 0x2,
    0x1,

    /* U+314C "ㅌ" */
    0x7f, 0x90, 0x4, 0x1, 0xfe, 0x40, 0x10, 0x4,
    0x1, 0xff,

    /* U+314D "ㅍ" */
    0x7f, 0xc0, 0x0, 0xc4, 0x8, 0x81, 0x10, 0x22,
    0x4, 0x47, 0xfe,

    /* U+314E "ㅎ" */
    0x1e, 0x0, 0x2f, 0xf4, 0x78, 0x33, 0x8, 0x42,
    0x10, 0xcc, 0x1e, 0x0,

    /* U+314F "ㅏ" */
    0xc2, 0x10, 0x84, 0x21, 0xe8, 0x42, 0x10, 0x84,
    0x20,

    /* U+3150 "ㅐ" */
    0x1e, 0x52, 0x94, 0xa5, 0xe9, 0x4a, 0x52, 0x94,
    0x84,

    /* U+3151 "ㅑ" */
    0xc2, 0x10, 0x87, 0xa1, 0x8, 0x7a, 0x10, 0x84,
    0x20,

    /* U+3152 "ㅒ" */
    0x1e, 0x52, 0x97, 0xa5, 0x29, 0x7a, 0x52, 0x94,
    0x84,

    /* U+3153 "ㅓ" */
    0x18, 0x42, 0x10, 0x87, 0xe1, 0x8, 0x42, 0x10,
    0x84,

    /* U+3154 "ㅔ" */
    0x3, 0x19, 0x9, 0x9, 0x9, 0x9, 0xf9, 0x9,
    0x9, 0x9, 0x9, 0x9, 0x9, 0x1,

    /* U+3155 "ㅕ" */
    0x18, 0x42, 0x1f, 0x84, 0x21, 0xf8, 0x42, 0x10,
    0x84,

    /* U+3156 "ㅖ" */
    0x22, 0x24, 0x48, 0x9f, 0x22, 0x44, 0x89, 0xf2,
    0x24, 0x48, 0x91, 0x20, 0x40,

    /* U+3157 "ㅗ" */
    0x3, 0x0, 0x2, 0x0, 0x4, 0x0, 0x8, 0x0,
    0x10, 0x1f, 0xff, 0xc0,

    /* U+3158 "ㅘ" */
    0x0, 0x30, 0x0, 0x20, 0x0, 0x40, 0x0, 0x80,
    0x1, 0x1, 0x82, 0x1, 0x7, 0x82, 0x8, 0x4,
    0x10, 0x9, 0xe3, 0xfc, 0x40, 0x0, 0x80, 0x1,
    0x0, 0x2, 0x0,

    /* U+3159 "ㅙ" */
    0x0, 0x18, 0x6, 0x40, 0x12, 0x0, 0x90, 0x4,
    0x88, 0x24, 0x21, 0xe1, 0x9, 0x8, 0x48, 0x7e,
    0x7c, 0x12, 0x0, 0x90, 0x4, 0x80, 0x4,

    /* U+315A "ㅚ" */
    0x0, 0x30, 0x1, 0x0, 0x10, 0x1, 0x0, 0x10,
    0x1, 0x4, 0x10, 0x41, 0x4, 0x10, 0x4f, 0xff,
    0x10, 0x1, 0x0, 0x10, 0x1,

    /* U+315B "ㅛ" */
    0x0, 0xc0, 0x61, 0x0, 0x84, 0x2, 0x10, 0x8,
    0x40, 0x21, 0xf, 0xff, 0xc0,

    /* U+315C "ㅜ" */
    0xff, 0xfe, 0x2, 0x0, 0x4, 0x0, 0x8, 0x0,
    0x10, 0x0, 0x20, 0x0, 0x40, 0x0, 0x80,

    /* U+315D "ㅝ" */
    0x0, 0x18, 0x0, 0x40, 0x2, 0x0, 0x10, 0x0,
    0x80, 0x4, 0x1, 0xaf, 0xf1, 0x4, 0x8, 0x27,
    0xc1, 0x2, 0x8, 0x10, 0x40, 0x82, 0x4,

    /* U+315E "ㅞ" */
    0x0, 0xd8, 0x2, 0x40, 0x12, 0x0, 0x90, 0x4,
    0x80, 0x27, 0xfd, 0x21, 0x9, 0xb, 0xc8, 0x42,
    0x42, 0x12, 0x10, 0x90, 0x84, 0x80, 0x4,

    /* U+315F "ㅟ" */
    0x0, 0x30, 0x1, 0x0, 0x10, 0x1, 0x0, 0x10,
    0x1, 0x0, 0x7f, 0xf9, 0x4, 0x10, 0x41, 0x4,
    0x10, 0x41, 0x4, 0x10, 0x41,

    /* U+3160 "ㅠ" */
    0xff, 0xfc, 0x21, 0x0, 0x84, 0x2, 0x10, 0x8,
    0x40, 0x21, 0x0, 0x84, 0x2, 0x10,

    /* U+3161 "ㅡ" */
    0x7f, 0xfe,

    /* U+3162 "ㅢ" */
    0x0, 0x30, 0x1, 0x0, 0x10, 0x1, 0x0, 0x10,
    0x1, 0x0, 0x10, 0x1, 0x0, 0x10, 0x7, 0xff,
    0x90, 0x1, 0x0, 0x10, 0x1,

    /* U+3163 "ㅣ" */
    0xd5, 0x55, 0x55, 0x50,

    /* U+3164 "ㅤ" */
    0x0,

    /* U+3165 "ㅥ" */
    0xc6, 0x4, 0x20, 0x42, 0x4, 0x20, 0x42, 0x4,
    0x20, 0x42, 0x27, 0xdf,

    /* U+3166 "ㅦ" */
    0xc7, 0xe8, 0x41, 0x8, 0x21, 0x4, 0x20, 0x84,
    0x10, 0x83, 0xff,

    /* U+3167 "ㅧ" */
    0x0, 0x8c, 0xc, 0x40, 0xc4, 0x8, 0x41, 0xc4,
    0x14, 0x42, 0x37, 0x41,

    /* U+3168 "ㅨ" */
    0x0, 0x18, 0x11, 0x3, 0x20, 0xa4, 0x14, 0x82,
    0x50, 0x8b, 0x9f,

    /* U+3169 "ㅩ" */
    0x7f, 0x98, 0x22, 0x40, 0x89, 0x2, 0x24, 0xf8,
    0x91, 0x2, 0xa4, 0xa, 0x9e, 0x31, 0x0, 0x40,

    /* U+316A "ㅪ" */
    0x7b, 0xf0, 0x90, 0x9, 0xf, 0x90, 0x41, 0x4,
    0x10, 0x41, 0x7, 0xcf,

    /* U+316B "ㅫ" */
    0x0, 0x3, 0xf5, 0x82, 0xa4, 0x15, 0x20, 0xab,
    0x7d, 0xd9, 0xa, 0xc8, 0x59, 0x7d, 0x8,

    /* U+316C "ㅬ" */
    0x78, 0x81, 0x10, 0x26, 0x7c, 0xa4, 0x14, 0x84,
    0x50, 0x8b, 0xff,

    /* U+316D "ㅭ" */
    0x8, 0x7, 0xbf, 0x8, 0x4f, 0x9b, 0x41, 0x14,
    0x11, 0x45, 0x17, 0x8e,

    /* U+316E "ㅮ" */
    0x0, 0x7f, 0x65, 0x24, 0xa4, 0xf4, 0x92, 0x92,
    0x52, 0x4b, 0xcf, 0x40, 0x0,

    /* U+316F "ㅯ" */
    0x1, 0x9f, 0x11, 0x22, 0x24, 0xc4, 0x98, 0x96,
    0x92, 0x9b, 0xe1, 0x40, 0x0,

    /* U+3170 "ㅰ" */
    0x0, 0x1f, 0x11, 0x26, 0x24, 0xc4, 0x94, 0x94,
    0x92, 0x8b, 0xdf, 0x40, 0x0,

    /* U+3171 "ㅱ" */
    0xff, 0xa0, 0x90, 0x48, 0x27, 0xe0, 0xe0, 0xc8,
    0x64, 0x1c, 0x0,

    /* U+3172 "ㅲ" */
    0xcb, 0xe9, 0x5, 0x20, 0xbc, 0x14, 0x82, 0x90,
    0x52, 0xb, 0xc1,

    /* U+3173 "ㅳ" */
    0x10, 0xc, 0xbf, 0x49, 0x7, 0x90, 0x49, 0x4,
    0x90, 0x49, 0x7, 0x9f,

    /* U+3174 "ㅴ" */
    0x0, 0xc, 0xb7, 0x49, 0x14, 0x91, 0x7b, 0x14,
    0xb1, 0x4b, 0x14, 0xc9, 0x7c, 0x14, 0x1,

    /* U+3175 "ㅵ" */
    0xc9, 0x72, 0x4a, 0x12, 0x50, 0xf6, 0x84, 0xb4,
    0x25, 0x61, 0x33, 0xf, 0x8f,

    /* U+3176 "ㅶ" */
    0x18, 0xc, 0xff, 0x48, 0xc7, 0x88, 0x49, 0xc4,
    0x92, 0x4a, 0x17, 0xc0,

    /* U+3177 "ㅷ" */
    0x10, 0xc, 0xbf, 0x49, 0x4, 0x90, 0x79, 0xe4,
    0x90, 0x49, 0x7, 0x9f,

    /* U+3178 "ㅸ" */
    0x3, 0x60, 0xd0, 0x6f, 0xf4, 0x1a, 0x9, 0xfe,
    0x38, 0x12, 0x9, 0x7, 0x0,

    /* U+3179 "ㅹ" */
    0x6, 0xf6, 0x94, 0xa5, 0xef, 0x4a, 0x52, 0x97,
    0xb8, 0x38, 0x13, 0x4, 0x40, 0xe0,

    /* U+317A "ㅺ" */
    0x10, 0x3, 0x7c, 0x60, 0x88, 0x11, 0x2, 0x50,
    0x49, 0xa, 0x11, 0x82, 0x20,

    /* U+317B "ㅻ" */
    0x13, 0x0, 0x88, 0x4, 0x40, 0x62, 0x2, 0x90,
    0x34, 0x81, 0x14, 0x10, 0x7f,

    /* U+317C "ㅼ" */
    0x10, 0x1, 0xbf, 0x11, 0x1, 0x10, 0x31, 0x2,
    0x90, 0x45, 0x8, 0x3f,

    /* U+317D "ㅽ" */
    0x1b, 0x22, 0x24, 0x44, 0x88, 0xf2, 0x92, 0x52,
    0x51, 0x4c, 0x1f, 0x1, 0x0,

    /* U+317E "ㅾ" */
    0x10, 0x0, 0xdf, 0xc4, 0x10, 0x20, 0x83, 0xc,
    0x14, 0x51, 0x94, 0x48, 0x41, 0x80, 0x0,

    /* U+317F "ㅿ" */
    0x10, 0x10, 0x28, 0x24, 0x44, 0xc2, 0x83, 0xff,

    /* U+3180 "ㆀ" */
    0x78, 0xe4, 0x92, 0x85, 0x18, 0x51, 0x85, 0x18,
    0x51, 0x49, 0x27, 0x8e,

    /* U+3181 "ㆁ" */
    0x18, 0x8, 0x1c, 0x62, 0x81, 0x81, 0x81, 0x42,
    0x3c,

    /* U+3182 "ㆂ" */
    0x60, 0x82, 0x8, 0x70, 0x8c, 0x88, 0x85, 0x88,
    0x54, 0x86, 0x2c, 0xe3, 0x7c, 0x0,

    /* U+3183 "ㆃ" */
    0x20, 0x4, 0x11, 0xc2, 0x64, 0xc8, 0x55, 0xa,
    0xa1, 0x56, 0x71, 0x7b, 0xe0,

    /* U+3184 "ㆄ" */
    0x7f, 0xc0, 0xc1, 0x10, 0x44, 0x11, 0x1f, 0xb0,
    0xe0, 0x44, 0x11, 0x3, 0x80,

    /* U+3185 "ㆅ" */
    0x30, 0xc0, 0x0, 0x7f, 0xe3, 0xc, 0x49, 0x24,
    0x92, 0x49, 0x23, 0xc,

    /* U+3186 "ㆆ" */
    0xff, 0x80, 0xf, 0x8c, 0x64, 0x12, 0x9, 0x8c,
    0x7c,

    /* U+3187 "ㆇ" */
    0x0, 0x30, 0x0, 0x20, 0x0, 0x40, 0x0, 0x80,
    0x1, 0xe0, 0x2, 0x0, 0x44, 0xc, 0x88, 0x9,
    0x1e, 0x13, 0xe1, 0xf8, 0x40, 0x0, 0x80, 0x1,
    0x0, 0x2, 0x0,

    /* U+3188 "ㆈ" */
    0x0, 0x18, 0x6, 0x40, 0x12, 0x0, 0x90, 0x7,
    0x80, 0x24, 0x9, 0x22, 0x49, 0x12, 0x78, 0x9e,
    0x5f, 0x12, 0x0, 0x90, 0x4, 0x80, 0x4,

    /* U+3189 "ㆉ" */
    0x0, 0x30, 0x1, 0x0, 0x10, 0x1, 0x0, 0x10,
    0x1, 0x3, 0x11, 0x91, 0x9, 0x10, 0x97, 0xff,
    0x90, 0x1, 0x0, 0x10, 0x1,

    /* U+318A "ㆊ" */
    0x0, 0x30, 0x1, 0x0, 0x10, 0x1, 0x0, 0x10,
    0x1, 0x0, 0xdf, 0xf1, 0x12, 0x11, 0x2f, 0x12,
    0x11, 0x2f, 0x12, 0x11, 0x21,

    /* U+318B "ㆋ" */
    0x0, 0x18, 0x3, 0x40, 0xa, 0x0, 0x50, 0x2,
    0x80, 0x14, 0x6, 0xaf, 0xc5, 0x12, 0xe8, 0x91,
    0x44, 0xba, 0x24, 0x51, 0x22, 0x80, 0x4,

    /* U+318C "ㆌ" */
    0x0, 0x18, 0x0, 0x40, 0x2, 0x0, 0x10, 0x0,
    0x80, 0x4, 0x0, 0xef, 0xf9, 0x8, 0x88, 0x44,
    0x42, 0x22, 0x11, 0x10, 0x88, 0x84, 0x44,

    /* U+318D "ㆍ" */
    0xcd, 0x80,

    /* U+318E "ㆎ" */
    0xc, 0x10, 0x41, 0x5, 0x16, 0x49, 0x4, 0x10,
    0x41, 0x4, 0x10,

    /* U+AC00 "가" */
    0x0, 0x60, 0x0, 0x8f, 0xf2, 0x0, 0x88, 0x6,
    0x20, 0x10, 0x80, 0xc3, 0xc6, 0x8, 0x30, 0x21,
    0x80, 0x88, 0x2, 0x0, 0x8, 0x0, 0x20, 0x0,
    0x80, 0x2, 0x0,

    /* U+AC01 "각" */
    0x0, 0x23, 0xfc, 0x80, 0x22, 0x1, 0x88, 0xc,
    0x20, 0x20, 0xf1, 0x2, 0x8, 0x8, 0xc0, 0x0,
    0xff, 0x80, 0x2, 0x0, 0x8, 0x0, 0x20, 0x0,
    0x80, 0x2, 0x0,

    /* U+AC04 "간" */
    0x0, 0x21, 0xfc, 0x80, 0x22, 0x1, 0x88, 0x4,
    0x20, 0x20, 0xf1, 0x2, 0x8, 0x8, 0x40, 0x22,
    0x60, 0x80, 0x80, 0x2, 0x0, 0x8, 0x0, 0x3f,
    0xc0,

    /* U+AC07 "갇" */
    0x0, 0x21, 0xfc, 0x80, 0x22, 0x1, 0x88, 0x4,
    0x20, 0x20, 0xf1, 0x2, 0x8, 0x8, 0x40, 0x2,
    0x7f, 0x80, 0x80, 0x2, 0x0, 0x8, 0x0, 0x3f,
    0xc0,

    /* U+AC08 "갈" */
    0x0, 0x20, 0xfe, 0x40, 0x8, 0x80, 0x31, 0x0,
    0x43, 0xe1, 0x4, 0xc, 0x8, 0x20, 0x0, 0x9f,
    0xe0, 0x0, 0x40, 0x0, 0x80, 0xff, 0x0, 0x80,
    0x1, 0xfe, 0x0,

    /* U+AC09 "갉" */
    0x0, 0x61, 0xf8, 0x80, 0x22, 0x1, 0x8, 0xc,
    0x3c, 0x60, 0x83, 0x2, 0x10, 0x0, 0xbd, 0xe0,
    0x10, 0x80, 0x42, 0x1f, 0x8, 0x21, 0x20, 0xf8,
    0x80,

    /* U+AC0A "갊" */
    0x0, 0x63, 0xf8, 0x80, 0x22, 0x1, 0x8, 0xc,
    0x3c, 0x60, 0x83, 0x2, 0x10, 0x0, 0xff, 0xe0,
    0x14, 0x80, 0x52, 0x1f, 0x48, 0x21, 0x20, 0xf7,
    0x80,

    /* U+AC10 "감" */
    0x0, 0x21, 0xfc, 0x80, 0x22, 0x1, 0x88, 0x4,
    0x3c, 0x20, 0x81, 0x2, 0x8, 0x8, 0x40, 0x2,
    0x3f, 0x80, 0x82, 0x2, 0x8, 0x8, 0x20, 0x3f,
    0x80, 0x80, 0x0,

    /* U+AC11 "갑" */
    0x0, 0x61, 0xfc, 0x80, 0x22, 0x1, 0x88, 0xc,
    0x3c, 0x20, 0x81, 0x2, 0x18, 0x10, 0x98, 0x20,
    0x20, 0x80, 0xfe, 0x2, 0x8, 0x8, 0x20, 0x3f,
    0x80,

    /* U+AC12 "값" */
    0x0, 0x30, 0xfe, 0x20, 0xc, 0x40, 0x30, 0x80,
    0xc1, 0xe3, 0x2, 0xc, 0x4, 0x20, 0x8, 0xb2,
    0x30, 0x24, 0x60, 0x78, 0x80, 0x91, 0x81, 0x24,
    0x83, 0xd1, 0x80, 0x0, 0x0,

    /* U+AC13 "갓" */
    0x0, 0x23, 0xfc, 0x80, 0x22, 0x1, 0x88, 0xc,
    0x20, 0x20, 0xf1, 0x2, 0x8, 0x8, 0xc0, 0x20,
    0xc, 0x80, 0x30, 0x0, 0xe0, 0x4, 0x40, 0x20,
    0x83, 0x1, 0x0,

    /* U+AC14 "갔" */
    0x0, 0x23, 0xf8, 0x80, 0x22, 0x1, 0x8, 0xc,
    0x3c, 0x20, 0x83, 0x2, 0x10, 0x8, 0x88, 0x40,
    0x31, 0x0, 0x84, 0x5, 0x28, 0x23, 0x91, 0x4,
    0x60, 0x20, 0x0,

    /* U+AC15 "강" */
    0x0, 0x10, 0xfe, 0x20, 0xc, 0x40, 0x10, 0x80,
    0x41, 0x1, 0x83, 0xc6, 0x4, 0x10, 0x8, 0x40,
    0x11, 0x7, 0xc0, 0x18, 0xc0, 0x20, 0x80, 0x63,
    0x0, 0x7c, 0x0,

    /* U+AC16 "갖" */
    0x0, 0x63, 0xfc, 0x80, 0x22, 0x1, 0x8, 0xc,
    0x20, 0x20, 0xf3, 0x2, 0x10, 0x8, 0x80, 0x0,
    0xff, 0xc0, 0x10, 0x0, 0xc0, 0x4, 0xe0, 0x60,
    0x42, 0x0, 0x0,

    /* U+AC17 "갗" */
    0x0, 0x63, 0xfc, 0x80, 0x22, 0x1, 0x8, 0xc,
    0x3c, 0x60, 0x83, 0x2, 0x10, 0x8, 0x87, 0x80,
    0xff, 0xc0, 0x10, 0x0, 0xc0, 0x4, 0xc0, 0xe0,
    0xc0,

    /* U+AC19 "같" */
    0x0, 0x61, 0xfc, 0x80, 0x22, 0x1, 0x88, 0x4,
    0x3c, 0x20, 0x81, 0x2, 0x18, 0x8, 0x98, 0x0,
    0x7f, 0x80, 0x80, 0x3, 0xf8, 0x8, 0x0, 0x3f,
    0xc0,

    /* U+AC1A "갚" */
    0x0, 0x21, 0xfc, 0x80, 0x22, 0x1, 0x88, 0x4,
    0x3c, 0x20, 0x81, 0x2, 0x8, 0x8, 0xc0, 0x0,
    0x7f, 0xc0, 0xc4, 0x1, 0x10, 0x4, 0x40, 0xff,
    0xc0,

    /* U+AC1B "갛" */
    0x0, 0x30, 0xfe, 0x20, 0x8, 0x40, 0x30, 0x80,
    0x41, 0xe1, 0x2, 0xc, 0x4, 0x21, 0xe0, 0x80,
    0x0, 0x3f, 0xf0, 0xf, 0x0, 0x23, 0x0, 0x42,
    0x0, 0x8c, 0x0, 0xf0, 0x0,

    /* U+AC1C "개" */
    0x0, 0x18, 0x2, 0x5f, 0x92, 0x4, 0x90, 0x64,
    0x82, 0x24, 0x31, 0xe3, 0x9, 0x10, 0x49, 0x2,
    0x50, 0x13, 0x0, 0x90, 0x4, 0x80, 0x24, 0x0,
    0x20,

    /* U+AC1D "객" */
    0x1, 0x90, 0x9, 0xfc, 0x90, 0x49, 0x8, 0xf1,
    0x89, 0x10, 0x92, 0x9, 0x40, 0x9, 0xff, 0x0,
    0x10, 0x1, 0x0, 0x10, 0x1, 0x0, 0x10,

    /* U+AC20 "갠" */
    0x0, 0xc8, 0x1, 0x27, 0xe4, 0x81, 0x92, 0x4,
    0x48, 0x21, 0xe1, 0x84, 0x8c, 0x12, 0x40, 0x4a,
    0x31, 0x20, 0x40, 0x1, 0x0, 0x4, 0x0, 0x1f,
    0xf0,

    /* U+AC24 "갤" */
    0x0, 0xc8, 0x1, 0x27, 0xe4, 0x81, 0x12, 0x4,
    0x78, 0x21, 0x21, 0x4, 0x88, 0x0, 0x4f, 0xfa,
    0x0, 0x20, 0x0, 0x83, 0xfe, 0x4, 0x0, 0x1f,
    0xf0,

    /* U+AC2C "갬" */
    0x1, 0x90, 0x9, 0xfc, 0x90, 0x49, 0x8, 0xf0,
    0x89, 0x10, 0x92, 0x9, 0x40, 0x8, 0xff, 0x4,
    0x10, 0x41, 0x4, 0x10, 0x7f,

    /* U+AC2D "갭" */
    0x1, 0x90, 0x9, 0xfe, 0x90, 0x49, 0xc, 0xf0,
    0x89, 0x10, 0x92, 0x9, 0x40, 0x8, 0xc3, 0x4,
    0x10, 0x7f, 0x4, 0x10, 0x7f, 0x4, 0x0,

    /* U+AC2F "갯" */
    0x0, 0x30, 0xc, 0xbf, 0x24, 0x9, 0x20, 0x8f,
    0x8, 0x48, 0xc2, 0x48, 0x12, 0x81, 0x10, 0xc,
    0x0, 0x60, 0x4, 0x80, 0xc3, 0x8, 0x4,

    /* U+AC30 "갰" */
    0x1, 0x90, 0x4, 0xbf, 0x24, 0x9, 0x20, 0x8f,
    0xc, 0x48, 0xc2, 0x44, 0x12, 0xc0, 0x50, 0x61,
    0x3, 0x18, 0x18, 0xc1, 0x29, 0x10, 0x85, 0x8,
    0x0,

    /* U+AC31 "갱" */
    0x1, 0x90, 0x9, 0xfc, 0x90, 0x49, 0x8, 0xf0,
    0x89, 0x10, 0x92, 0x9, 0x40, 0x18, 0x3f, 0x6,
    0x30, 0x41, 0x4, 0x10, 0x63, 0x3, 0xe0,

    /* U+AC38 "갸" */
    0x0, 0x60, 0x0, 0x8f, 0xf2, 0x0, 0x88, 0x6,
    0x3c, 0x10, 0x80, 0xc2, 0x6, 0x8, 0x30, 0x3d,
    0x80, 0x88, 0x2, 0x0, 0x8, 0x0, 0x20, 0x0,
    0x80, 0x2, 0x0,

    /* U+AC39 "갹" */
    0x0, 0x23, 0xfc, 0x80, 0x22, 0x1, 0xf, 0xc,
    0x20, 0x20, 0x81, 0x3, 0xd8, 0x8, 0x80, 0x0,
    0xff, 0x80, 0x2, 0x0, 0x8, 0x0, 0x20, 0x0,
    0x80, 0x2, 0x0,

    /* U+AC3C "갼" */
    0x0, 0x60, 0x8, 0x87, 0xe2, 0x1, 0x8f, 0x4,
    0x20, 0x20, 0x81, 0x2, 0x8, 0xf, 0x40, 0x22,
    0x60, 0x80, 0x80, 0x2, 0x0, 0x8, 0x0, 0x3f,
    0xc0,

    /* U+AC40 "걀" */
    0x0, 0x30, 0xfe, 0x20, 0xc, 0x78, 0x30, 0x80,
    0x41, 0x1, 0x3, 0xcc, 0x4, 0x20, 0x0, 0x9f,
    0xf0, 0x0, 0x20, 0x0, 0x40, 0xff, 0x80, 0x80,
    0x1, 0xfe, 0x0,

    /* U+AC4B "걋" */
    0x0, 0x60, 0x0, 0x87, 0xe2, 0x1, 0x8f, 0x4,
    0x20, 0x20, 0x81, 0x83, 0xc8, 0x8, 0x42, 0x22,
    0x4, 0x80, 0x30, 0x1, 0xa0, 0xc, 0x40, 0x60,
    0xc2, 0x1, 0x0,

    /* U+AC4D "걍" */
    0x0, 0x30, 0x2, 0x21, 0xfc, 0x40, 0x10, 0xf0,
    0x61, 0x1, 0x82, 0x6, 0x7, 0x98, 0x8, 0x40,
    0x11, 0x7, 0xc0, 0x18, 0xc0, 0x20, 0x80, 0x63,
    0x0, 0x7c, 0x0,

    /* U+AC54 "걔" */
    0x0, 0x30, 0x19, 0x4, 0x9f, 0xc9, 0xc, 0xf0,
    0x89, 0x18, 0x91, 0x9, 0x20, 0xf6, 0x9, 0x80,
    0x90, 0x9, 0x0, 0x90, 0x9, 0x0, 0x10,

    /* U+AC58 "걘" */
    0x0, 0xc8, 0x1, 0x27, 0xe4, 0x81, 0x9e, 0x4,
    0x48, 0x21, 0x21, 0x84, 0x8c, 0x1e, 0x40, 0x4a,
    0x31, 0x20, 0x40, 0x1, 0x0, 0x4, 0x0, 0x1f,
    0xf0,

    /* U+AC5C "걜" */
    0x0, 0xc8, 0x1, 0x27, 0xe4, 0x81, 0x1e, 0xc,
    0x48, 0x21, 0xe1, 0x4, 0x88, 0x0, 0xcf, 0xf8,
    0x0, 0x20, 0x0, 0x83, 0xfe, 0x4, 0x0, 0x1f,
    0xf0,

    /* U+AC70 "거" */
    0x0, 0x30, 0x1, 0x7f, 0x10, 0x31, 0x2, 0x10,
    0x61, 0x5, 0xf0, 0x81, 0x10, 0x12, 0x1, 0x40,
    0x18, 0x1, 0x0, 0x10, 0x1, 0x0, 0x10,

    /* U+AC71 "걱" */
    0x0, 0x17, 0xf1, 0x2, 0x10, 0x21, 0x5, 0xf0,
    0x81, 0x10, 0x12, 0x1, 0xc0, 0x1, 0xff, 0x0,
    0x10, 0x1, 0x0, 0x10, 0x1, 0x0, 0x10,

    /* U+AC74 "건" */
    0x0, 0x13, 0xf8, 0x80, 0xc4, 0x4, 0x20, 0x61,
    0x6, 0xf8, 0x20, 0x46, 0x2, 0x40, 0x14, 0x60,
    0x81, 0x0, 0x8, 0x0, 0x40, 0x3, 0xfc,

    /* U+AC77 "걷" */
    0x0, 0x3f, 0xf1, 0x2, 0x10, 0x41, 0xd, 0xf0,
    0x81, 0x30, 0x14, 0x1, 0x80, 0x1, 0xff, 0x8,
    0x0, 0x80, 0x8, 0x0, 0xff,

    /* U+AC78 "걸" */
    0x0, 0x23, 0xf9, 0x0, 0x88, 0x8, 0x40, 0xde,
    0x8, 0x10, 0x80, 0x88, 0x0, 0x9f, 0xe0, 0x1,
    0x0, 0x8, 0x3f, 0xc0, 0x80, 0x7, 0xfc,

    /* U+AC7A "걺" */
    0x0, 0x37, 0xf1, 0x3, 0x10, 0x21, 0x5, 0xf0,
    0x81, 0x30, 0x14, 0x0, 0xbf, 0xf0, 0x29, 0x2,
    0x93, 0xe9, 0x10, 0x91, 0xef,

    /* U+AC80 "검" */
    0x0, 0x17, 0xf1, 0x3, 0x10, 0x21, 0x7, 0xf0,
    0xc1, 0x8, 0x13, 0x1, 0x40, 0x8, 0xff, 0x4,
    0x10, 0x41, 0x4, 0x10, 0x7f,

    /* U+AC81 "겁" */
    0x0, 0x37, 0xf1, 0x3, 0x10, 0x21, 0x5, 0xf0,
    0x81, 0x10, 0x16, 0x2, 0x8c, 0x10, 0x41, 0x7,
    0xf0, 0x41, 0x4, 0x10, 0x7f,

    /* U+AC83 "것" */
    0x0, 0x13, 0xf8, 0x80, 0xc4, 0x4, 0x20, 0x5f,
    0x6, 0x8, 0x60, 0x44, 0x2, 0x41, 0x14, 0x4,
    0x80, 0x60, 0x6, 0x80, 0x43, 0x4, 0xc, 0x40,
    0x0,

    /* U+AC84 "겄" */
    0x0, 0x13, 0xf8, 0x80, 0xc4, 0x4, 0x20, 0x5f,
    0x4, 0x8, 0x40, 0x44, 0x2, 0x40, 0x44, 0x21,
    0x1, 0x8, 0x14, 0xc1, 0x3d, 0x10, 0x45, 0xc,
    0x0,

    /* U+AC85 "겅" */
    0x0, 0x17, 0xf1, 0x2, 0x10, 0x61, 0x5, 0xf0,
    0x81, 0x10, 0x12, 0x1, 0xc0, 0x10, 0x3e, 0x6,
    0x30, 0x41, 0x6, 0x30, 0x3e,

    /* U+AC86 "겆" */
    0x0, 0x33, 0xf8, 0x80, 0x84, 0x4, 0x20, 0x5f,
    0x4, 0x8, 0x40, 0x44, 0x2, 0xc0, 0x0, 0xff,
    0xc0, 0x60, 0x3, 0x0, 0x66, 0x4, 0xc, 0x40,
    0x0,

    /* U+AC89 "겉" */
    0x0, 0x3f, 0xf1, 0x2, 0x10, 0x41, 0xd, 0xf1,
    0x81, 0x20, 0x14, 0x1, 0x98, 0x1, 0xff, 0x8,
    0x0, 0xff, 0x8, 0x0, 0xff,

    /* U+AC8A "겊" */
    0x0, 0x1b, 0xfc, 0xc0, 0x46, 0x6, 0x30, 0x6f,
    0x82, 0xc, 0x20, 0x66, 0x2, 0x40, 0x0, 0x7f,
    0xc1, 0x88, 0x4, 0x40, 0x22, 0xf, 0xfc,

    /* U+AC8B "겋" */
    0x0, 0x13, 0xf8, 0x80, 0x84, 0xc, 0x20, 0xdf,
    0xc, 0x8, 0x80, 0x48, 0x78, 0x80, 0x0, 0xff,
    0xc0, 0xf0, 0xc, 0xc0, 0x42, 0x2, 0x30, 0xf,
    0x0,

    /* U+AC8C "게" */
    0x0, 0x18, 0x2, 0x5f, 0x92, 0x4, 0x90, 0x64,
    0x82, 0x24, 0x3f, 0x21, 0x9, 0x10, 0x49, 0x2,
    0x50, 0x13, 0x0, 0x90, 0x4, 0x80, 0x24, 0x0,
    0x20,

    /* U+AC90 "겐" */
    0x0, 0x18, 0x1, 0x27, 0xe4, 0x81, 0x12, 0x4,
    0x48, 0x3f, 0x20, 0x84, 0x84, 0x12, 0x20, 0x49,
    0x1, 0x20, 0xc0, 0x81, 0x0, 0x4, 0x0, 0x1f,
    0xf0,

    /* U+AC94 "겔" */
    0x0, 0xc8, 0x1, 0x27, 0xe4, 0x81, 0x12, 0x7,
    0xc8, 0x21, 0x21, 0x4, 0x88, 0x0, 0x4f, 0xf8,
    0x0, 0x20, 0x0, 0x83, 0xfe, 0x4, 0x0, 0x1f,
    0xf0,

    /* U+AC9C "겜" */
    0x0, 0xc8, 0x2, 0x5f, 0x92, 0x8, 0x90, 0x7c,
    0x84, 0x24, 0x41, 0x24, 0x9, 0x40, 0x0, 0x3f,
    0xc1, 0x2, 0x8, 0x10, 0x40, 0x81, 0xfc,

    /* U+AC9D "겝" */
    0x0, 0xd0, 0x5, 0xfc, 0x50, 0x45, 0xf, 0xd1,
    0x85, 0x10, 0x52, 0x5, 0xc0, 0x20, 0xc1, 0x4,
    0x10, 0x7f, 0x4, 0x10, 0x7f, 0x4, 0x0,

    /* U+AC9F "겟" */
    0x0, 0xc8, 0x1, 0x27, 0xe4, 0x81, 0x12, 0x7,
    0xc8, 0x21, 0x21, 0x4, 0x88, 0x12, 0x41, 0x88,
    0x2, 0x0, 0x1c, 0x0, 0xc8, 0x6, 0x18, 0x20,
    0x10,

    /* U+ACA0 "겠" */
    0x0, 0xc8, 0x1, 0x27, 0xe4, 0x81, 0x12, 0x7,
    0xc8, 0x21, 0x21, 0x4, 0x88, 0x12, 0x40, 0x20,
    0x18, 0x40, 0x43, 0x1, 0x8c, 0x9, 0x48, 0x42,
    0x12, 0x10, 0x0,

    /* U+ACA1 "겡" */
    0x1, 0x90, 0x9, 0xfc, 0x90, 0x49, 0x8, 0x90,
    0xf9, 0x10, 0x92, 0x9, 0x40, 0x18, 0x3f, 0x6,
    0x30, 0x41, 0x4, 0x10, 0x63, 0x3, 0xe0,

    /* U+ACA8 "겨" */
    0x0, 0x30, 0x1, 0x7f, 0x10, 0x31, 0x2, 0xf0,
    0x61, 0xc, 0x10, 0x81, 0x11, 0xf2, 0x1, 0x40,
    0x18, 0x1, 0x0, 0x10, 0x1, 0x0, 0x10,

    /* U+ACA9 "격" */
    0x0, 0x17, 0xf1, 0x3, 0x10, 0x3f, 0x6, 0x10,
    0xc1, 0x19, 0xf2, 0x1, 0x40, 0x9, 0xff, 0x0,
    0x10, 0x1, 0x0, 0x10, 0x1, 0x0, 0x10,

    /* U+ACAA "겪" */
    0x0, 0x17, 0xf1, 0x3, 0x10, 0x3f, 0x6, 0x10,
    0xc1, 0x19, 0xf3, 0x1, 0x40, 0x1, 0xef, 0x2,
    0x10, 0x21, 0x2, 0x10, 0x21, 0x2, 0x10,

    /* U+ACAC "견" */
    0x0, 0x30, 0x8, 0x8f, 0xc4, 0x7, 0xe0, 0x61,
    0x6, 0x8, 0x67, 0xc6, 0x2, 0x40, 0x14, 0x60,
    0x81, 0x0, 0x8, 0x0, 0x40, 0x3, 0xfc,

    /* U+ACAF "겯" */
    0x0, 0x38, 0x21, 0x7e, 0x10, 0x7f, 0xc, 0x10,
    0xc1, 0x33, 0xf6, 0x1, 0x80, 0x1, 0xff, 0x8,
    0x0, 0x80, 0x8, 0x0, 0xff,

    /* U+ACB0 "결" */
    0x0, 0x67, 0xf1, 0x1, 0xf8, 0x8, 0x40, 0x82,
    0x9, 0xf0, 0x80, 0x98, 0x0, 0x1f, 0xe0, 0x1,
    0x0, 0x8, 0x3f, 0xc0, 0x80, 0x7, 0xfc,

    /* U+ACB8 "겸" */
    0x0, 0x17, 0xf1, 0x1, 0x10, 0x3f, 0x6, 0x10,
    0xc1, 0x9, 0xf3, 0x1, 0x40, 0x0, 0xff, 0x4,
    0x10, 0x41, 0x4, 0x10, 0x7f,

    /* U+ACB9 "겹" */
    0x0, 0x37, 0xf1, 0x3, 0x10, 0x3f, 0x6, 0x10,
    0xdf, 0x10, 0x16, 0x2, 0x8c, 0x10, 0x41, 0x7,
    0xf0, 0x41, 0x4, 0x10, 0x7f,

    /* U+ACBB "겻" */
    0x0, 0x30, 0x8, 0x9f, 0xc4, 0x7, 0xe0, 0x61,
    0x6, 0x8, 0x27, 0xc2, 0x2, 0x60, 0x14, 0xc,
    0x80, 0x60, 0x3, 0x0, 0x26, 0x2, 0x18, 0x60,
    0x20,

    /* U+ACBC "겼" */
    0x0, 0x30, 0x8, 0x9f, 0xc4, 0x7, 0xe0, 0x61,
    0x6, 0xf8, 0x60, 0x44, 0x2, 0xc8, 0x60, 0x21,
    0x3, 0x8, 0x14, 0xa1, 0x19, 0x90, 0x84, 0x0,
    0x0,

    /* U+ACBD "경" */
    0x0, 0x37, 0xf1, 0x2, 0x10, 0x7f, 0x6, 0x10,
    0xc1, 0x1b, 0xf3, 0x1, 0x60, 0x18, 0x3e, 0x6,
    0x30, 0x41, 0x6, 0x30, 0x3e,

    /* U+ACC1 "곁" */
    0x0, 0x3f, 0xf1, 0x2, 0x10, 0x7f, 0xc, 0x10,
    0xc1, 0x1b, 0xf2, 0x1, 0xd8, 0x1, 0xff, 0x8,
    0x0, 0xff, 0x8, 0x0, 0xff,

    /* U+ACC4 "계" */
    0x0, 0xc8, 0x2, 0x5f, 0x92, 0x8, 0x90, 0x7c,
    0x86, 0x24, 0x21, 0x22, 0x9, 0x23, 0xca, 0x2,
    0x60, 0x12, 0x0, 0x90, 0x4, 0x80, 0x24, 0x0,
    0x20,

    /* U+ACC8 "곈" */
    0x0, 0xc8, 0x1, 0x27, 0xe4, 0x81, 0xf2, 0x4,
    0x48, 0x21, 0x21, 0xbc, 0x8c, 0x12, 0x40, 0x4a,
    0x31, 0x20, 0x40, 0x81, 0x0, 0x4, 0x0, 0x1f,
    0xf0,

    /* U+ACCC "곌" */
    0x0, 0xc8, 0x9, 0x27, 0xe4, 0x81, 0xf2, 0xc,
    0x48, 0x2f, 0x21, 0x4, 0x88, 0x0, 0xcf, 0xf8,
    0x0, 0x20, 0x0, 0x83, 0xfe, 0x4, 0x0, 0x1f,
    0xf0,

    /* U+ACD5 "곕" */
    0x0, 0xd0, 0x45, 0x7c, 0x50, 0x7d, 0xc, 0x51,
    0x85, 0x17, 0xd2, 0x5, 0x40, 0x8, 0xc1, 0x4,
    0x10, 0x7f, 0x4, 0x10, 0x7f, 0x4, 0x0,

    /* U+ACD7 "곗" */
    0x0, 0xc9, 0xf9, 0x20, 0x64, 0x81, 0xf2, 0xc,
    0x48, 0x21, 0x21, 0xbc, 0x8c, 0x12, 0x40, 0x8,
    0x3, 0x20, 0x8, 0x0, 0x58, 0x6, 0x18, 0x20,
    0x10,

    /* U+ACE0 "고" */
    0x3f, 0xf0, 0x0, 0x20, 0x0, 0x40, 0x0, 0x80,
    0x1, 0x0, 0xc2, 0x0, 0x88, 0x1, 0x10, 0x2,
    0x0, 0x4, 0x3, 0xff, 0xf8,

    /* U+ACE1 "곡" */
    0x1f, 0xf8, 0x0, 0x20, 0x0, 0x40, 0x18, 0x80,
    0x11, 0x0, 0x20, 0x1f, 0xff, 0x80, 0x0, 0x1f,
    0xf0, 0x0, 0x20, 0x0, 0x40, 0x0, 0x80, 0x1,
    0x0, 0x2, 0x0,

    /* U+ACE4 "곤" */
    0x1f, 0xf0, 0x0, 0x20, 0x8, 0x40, 0x8, 0x80,
    0x10, 0x0, 0x20, 0x1f, 0xff, 0x80, 0x0, 0x18,
    0x0, 0x10, 0x0, 0x20, 0x0, 0x40, 0x0, 0xff,
    0x80,

    /* U+ACE7 "곧" */
    0x1f, 0xf0, 0x0, 0x20, 0x0, 0x40, 0x18, 0x80,
    0x12, 0x0, 0x20, 0x1f, 0xff, 0x80, 0x0, 0x1f,
    0xf0, 0x10, 0x0, 0x20, 0x0, 0x40, 0x0, 0xff,
    0x0,

    /* U+ACE8 "골" */
    0x1f, 0xf8, 0x0, 0x30, 0x0, 0x40, 0x18, 0x80,
    0x11, 0x0, 0x20, 0x1f, 0xff, 0x80, 0x0, 0x1f,
    0xf0, 0x0, 0x20, 0x0, 0x40, 0xff, 0x80, 0x80,
    0x1, 0xff, 0x0,

    /* U+ACEA "곪" */
    0x1f, 0xf0, 0x0, 0x40, 0x3, 0x0, 0xc8, 0x1,
    0x20, 0x4, 0xf, 0xff, 0xc0, 0x0, 0x3f, 0xf0,
    0xa, 0x40, 0x29, 0xf, 0xa4, 0x10, 0x90, 0x7b,
    0xc0,

    /* U+ACEC "곬" */
    0x1f, 0xf0, 0x0, 0x60, 0x0, 0xc0, 0x19, 0x0,
    0x12, 0x0, 0x20, 0x3f, 0xff, 0x80, 0x0, 0x3e,
    0x60, 0x4, 0x40, 0x9, 0x81, 0xf3, 0x1, 0xd,
    0x3, 0xd3, 0x0, 0x42, 0x0,

    /* U+ACEF "곯" */
    0x1f, 0xf8, 0x0, 0x20, 0x0, 0x40, 0x18, 0x80,
    0x11, 0x0, 0x20, 0x1f, 0xff, 0x80, 0x70, 0x3e,
    0x10, 0x4, 0x8, 0xf, 0xe1, 0xf7, 0x81, 0x8,
    0x83, 0xd1, 0x0, 0x1c, 0x0,

    /* U+ACF0 "곰" */
    0x1f, 0xf8, 0x0, 0x30, 0x0, 0x40, 0x18, 0x80,
    0x11, 0x0, 0x20, 0x1f, 0xff, 0x80, 0x0, 0xf,
    0xf0, 0x10, 0x20, 0x20, 0x40, 0x40, 0x80, 0xff,
    0x0,

    /* U+ACF1 "곱" */
    0x1f, 0xf0, 0x0, 0x40, 0x0, 0x80, 0x19, 0x0,
    0x12, 0x0, 0x20, 0x3f, 0xff, 0x80, 0x0, 0x18,
    0x20, 0x10, 0x40, 0x3f, 0x80, 0x41, 0x0, 0x82,
    0x1, 0xfe, 0x0,

    /* U+ACF3 "곳" */
    0x1f, 0xf0, 0x0, 0x20, 0x0, 0x40, 0x18, 0x80,
    0x10, 0x0, 0x20, 0x1f, 0xff, 0x80, 0x0, 0x1,
    0x80, 0x2, 0x0, 0xb, 0x0, 0x61, 0x81, 0x0,
    0x80,

    /* U+ACF5 "공" */
    0x1f, 0xf0, 0x0, 0x20, 0x0, 0x40, 0x19, 0x0,
    0x12, 0x0, 0x20, 0x3f, 0xff, 0x80, 0x0, 0x7,
    0xc0, 0x18, 0xc0, 0x20, 0x80, 0x41, 0x0, 0xc6,
    0x0, 0xf8, 0x0,

    /* U+ACF6 "곶" */
    0x1f, 0xf0, 0x0, 0x20, 0x0, 0x40, 0x18, 0x80,
    0x12, 0x0, 0x20, 0x1f, 0xff, 0x80, 0x0, 0x0,
    0x0, 0x3f, 0xf0, 0x6, 0x0, 0x1c, 0x0, 0x66,
    0x7, 0x3, 0x0,

    /* U+ACFC "과" */
    0x0, 0x30, 0x0, 0x21, 0xfc, 0x40, 0x8, 0x80,
    0x11, 0x3, 0x22, 0x2, 0x47, 0x84, 0x8, 0x8,
    0x10, 0x11, 0xe1, 0xfc, 0x40, 0x0, 0x80, 0x1,
    0x0, 0x2, 0x0, 0x4, 0x0,

    /* U+ACFD "곽" */
    0x0, 0x30, 0xfe, 0x20, 0x4, 0x40, 0x88, 0x80,
    0x91, 0xe1, 0x2, 0x2, 0x4, 0x7f, 0xf8, 0x60,
    0x10, 0x0, 0x0, 0x7f, 0xc0, 0x0, 0x80, 0x1,
    0x0, 0x2, 0x0, 0x4, 0x0,

    /* U+AD00 "관" */
    0x0, 0x30, 0xfe, 0x20, 0x4, 0x40, 0x8, 0x80,
    0x91, 0x1, 0x43, 0xc2, 0x4, 0x47, 0xf8, 0x70,
    0x10, 0x0, 0x20, 0x30, 0x0, 0x20, 0x0, 0x40,
    0x0, 0xff, 0x0,

    /* U+AD04 "괄" */
    0x0, 0x30, 0xff, 0x20, 0x6, 0x40, 0x88, 0x80,
    0x91, 0xe1, 0x2, 0x2, 0x7c, 0x3f, 0x8, 0x0,
    0x0, 0x1f, 0xe0, 0x0, 0x40, 0xff, 0x80, 0x80,
    0x1, 0xff, 0x0,

    /* U+AD06 "괆" */
    0x0, 0x61, 0xfc, 0x80, 0x12, 0xc, 0x88, 0x12,
    0x3c, 0x40, 0x81, 0x7e, 0x3e, 0x8, 0x0, 0x0,
    0xff, 0x80, 0x52, 0x1f, 0x48, 0x21, 0x20, 0xf7,
    0x80,

    /* U+AD0C "괌" */
    0x0, 0x30, 0xfe, 0x20, 0x4, 0x40, 0x88, 0x80,
    0x91, 0xe1, 0x2, 0x2, 0x4, 0x67, 0xf8, 0x70,
    0x10, 0x0, 0x0, 0x3f, 0xc0, 0x20, 0x80, 0x41,
    0x0, 0xfe, 0x0,

    /* U+AD0D "괍" */
    0x0, 0x30, 0xfe, 0x20, 0x4, 0x40, 0x8, 0x80,
    0x91, 0xe1, 0x2, 0x2, 0x3c, 0x3f, 0x88, 0x0,
    0x0, 0x10, 0x60, 0x10, 0x40, 0x3f, 0x80, 0x41,
    0x0, 0xfe, 0x0, 0x0, 0x0,

    /* U+AD0F "괏" */
    0x0, 0x30, 0xfe, 0x20, 0x4, 0x40, 0x8, 0x81,
    0x91, 0x1, 0x43, 0xc2, 0x4, 0x4, 0x78, 0x7f,
    0x10, 0x4, 0x20, 0x4, 0x40, 0x18, 0x0, 0x2c,
    0x1, 0x86, 0x4, 0x6, 0x0,

    /* U+AD11 "광" */
    0x0, 0x30, 0xfe, 0x20, 0x4, 0x40, 0x8, 0x81,
    0x91, 0x1, 0x43, 0xc2, 0x4, 0x5, 0xf8, 0x74,
    0x10, 0x7, 0xc0, 0x18, 0xc0, 0x20, 0x80, 0x41,
    0x0, 0xc6, 0x0, 0xf8, 0x0,

    /* U+AD18 "괘" */
    0x0, 0x18, 0x6, 0x5f, 0x92, 0x4, 0x90, 0x24,
    0x99, 0x24, 0x49, 0xe2, 0x9, 0x10, 0xcf, 0xfa,
    0x40, 0x12, 0x0, 0x90, 0x4, 0x80, 0x4,

    /* U+AD1C "괜" */
    0x0, 0xc8, 0x1, 0x27, 0xe4, 0x80, 0x92, 0x2,
    0x48, 0x49, 0xe1, 0x4, 0x84, 0x32, 0xff, 0x48,
    0x1, 0x20, 0xc0, 0x81, 0x0, 0x4, 0x0, 0x1f,
    0xe0,

    /* U+AD20 "괠" */
    0x0, 0xd1, 0xf9, 0x40, 0x25, 0x0, 0x94, 0x12,
    0x70, 0x41, 0x41, 0x5, 0x3f, 0xf4, 0x0, 0x0,
    0x3f, 0xc0, 0x1, 0x3, 0xfc, 0x4, 0x0, 0x1f,
    0xe0,

    /* U+AD29 "괩" */
    0x0, 0xcb, 0xf2, 0x41, 0x92, 0xc, 0x93, 0x47,
    0x8a, 0x24, 0x41, 0x3f, 0xf9, 0x40, 0x0, 0x60,
    0xc1, 0x2, 0xf, 0xf0, 0x40, 0x83, 0xfc,

    /* U+AD2C "괬" */
    0x0, 0xc8, 0x1, 0x27, 0xe4, 0x80, 0x92, 0x32,
    0x78, 0x41, 0x21, 0xc, 0xbf, 0xd2, 0x0, 0x20,
    0x18, 0x40, 0x42, 0x3, 0x9c, 0x19, 0x48, 0x82,
    0x10, 0x10, 0x0,

    /* U+AD2D "괭" */
    0x0, 0xd0, 0x5, 0x7e, 0x50, 0x25, 0x22, 0x71,
    0x25, 0x10, 0x51, 0x7d, 0xf8, 0x50, 0x1f, 0x3,
    0x30, 0x21, 0x2, 0x10, 0x33, 0x1, 0xe0,

    /* U+AD34 "괴" */
    0x0, 0x30, 0x1, 0x7f, 0x90, 0x9, 0x0, 0x90,
    0x9, 0x8, 0x90, 0x91, 0x8, 0x10, 0x87, 0xff,
    0x90, 0x1, 0x0, 0x10, 0x1, 0x0, 0x10,

    /* U+AD35 "괵" */
    0x0, 0x17, 0xf9, 0x0, 0x90, 0x9, 0x0, 0x90,
    0x91, 0x8, 0x10, 0x87, 0xff, 0x90, 0x0, 0x1f,
    0xf0, 0x1, 0x0, 0x10, 0x1, 0x0, 0x10,

    /* U+AD38 "괸" */
    0x0, 0x13, 0xfc, 0x80, 0x24, 0x1, 0x21, 0x89,
    0x4, 0x88, 0x20, 0x41, 0xe, 0xff, 0x90, 0x0,
    0x87, 0x4, 0x18, 0x0, 0xc0, 0x3, 0xfc,

    /* U+AD3C "괼" */
    0x0, 0x33, 0xfc, 0x80, 0x64, 0x2, 0x20, 0x91,
    0x4, 0x88, 0x23, 0xdf, 0xc2, 0x0, 0x0, 0x7f,
    0x80, 0x4, 0x3f, 0xe0, 0x80, 0x7, 0xfc,

    /* U+AD44 "굄" */
    0x0, 0x17, 0xf9, 0x0, 0x90, 0x9, 0x18, 0x90,
    0x81, 0x8, 0xff, 0xb1, 0x0, 0x0, 0xff, 0x4,
    0x10, 0x41, 0x4, 0x10, 0x7f, 0x4, 0x0,

    /* U+AD45 "굅" */
    0x0, 0x37, 0xf9, 0x1, 0x90, 0x11, 0x9, 0x10,
    0x91, 0x8, 0xff, 0xe1, 0x0, 0x0, 0xc3, 0x4,
    0x10, 0x7f, 0x4, 0x10, 0x7f, 0x4, 0x0,

    /* U+AD47 "굇" */
    0x0, 0x13, 0xfc, 0x80, 0x24, 0x1, 0x20, 0x89,
    0x4, 0x8, 0x21, 0xdf, 0xf2, 0x0, 0x10, 0x4,
    0x80, 0x20, 0x2, 0x80, 0x22, 0x2, 0x8, 0x60,
    0x0,

    /* U+AD49 "굉" */
    0x0, 0x17, 0xf9, 0x0, 0x90, 0x9, 0x18, 0x90,
    0x81, 0x8, 0x1f, 0xfb, 0x0, 0x10, 0x1e, 0x6,
    0x30, 0x61, 0x6, 0x10, 0x23, 0x1, 0xe0,

    /* U+AD50 "교" */
    0x3f, 0xf0, 0x0, 0x40, 0x1, 0x0, 0x4, 0x1,
    0x90, 0x62, 0x40, 0x8a, 0x2, 0x20, 0x8, 0x80,
    0x22, 0xf, 0xff, 0xc0,

    /* U+AD54 "굔" */
    0x1f, 0xf0, 0x0, 0x20, 0x6, 0x40, 0x25, 0x0,
    0x48, 0x0, 0x90, 0x1f, 0xff, 0x80, 0x0, 0x18,
    0x0, 0x10, 0x0, 0x20, 0x0, 0x40, 0x0, 0xff,
    0x80,

    /* U+AD58 "굘" */
    0x1f, 0xf8, 0x0, 0x30, 0x0, 0x40, 0x66, 0x80,
    0x45, 0x0, 0x88, 0x1f, 0xff, 0x80, 0x0, 0x1f,
    0xf0, 0x0, 0x20, 0x0, 0x40, 0xff, 0x80, 0x80,
    0x1, 0xff, 0x0,

    /* U+AD61 "굡" */
    0x1f, 0xf0, 0x0, 0x60, 0x0, 0x80, 0x65, 0x0,
    0x4a, 0x0, 0x90, 0x3f, 0xff, 0x80, 0x0, 0x18,
    0x20, 0x10, 0x40, 0x3f, 0x80, 0x41, 0x0, 0x82,
    0x1, 0xfe, 0x0,

    /* U+AD63 "굣" */
    0x1f, 0xf0, 0x0, 0x20, 0x0, 0x40, 0xd, 0x80,
    0xca, 0x0, 0x90, 0x1, 0x20, 0x7f, 0xff, 0x0,
    0x0, 0x2, 0x0, 0xc, 0x0, 0x14, 0x0, 0xc7,
    0x6, 0x3, 0x0,

    /* U+AD6C "구" */
    0x3f, 0xf0, 0x0, 0x20, 0x0, 0xc0, 0x1, 0x0,
    0x2, 0x0, 0x4, 0x3f, 0xff, 0x80, 0x80, 0x1,
    0x0, 0x2, 0x0, 0x4, 0x0, 0x8, 0x0, 0x10,
    0x0, 0x20, 0x0,

    /* U+AD6D "국" */
    0x1f, 0xf0, 0x0, 0x20, 0x0, 0x40, 0x0, 0x80,
    0x2, 0x1f, 0xff, 0xc0, 0x40, 0x0, 0x80, 0x3f,
    0xf0, 0x0, 0x20, 0x0, 0x40, 0x0, 0x80, 0x1,
    0x0, 0x2, 0x0,

    /* U+AD70 "군" */
    0x3f, 0xe0, 0x0, 0x80, 0x2, 0x0, 0x10, 0x0,
    0x43, 0xff, 0xf0, 0x20, 0x0, 0x80, 0x32, 0x0,
    0x48, 0x1, 0x0, 0x4, 0x0, 0x1f, 0xf0,

    /* U+AD73 "굳" */
    0x1f, 0xf0, 0x0, 0x20, 0x0, 0xc0, 0x1, 0x0,
    0x2, 0xf, 0xff, 0xc0, 0x40, 0x0, 0x80, 0x1f,
    0xf0, 0x10, 0x0, 0x20, 0x0, 0x40, 0x0, 0xff,
    0x0,

    /* U+AD74 "굴" */
    0x3f, 0xf0, 0x0, 0x80, 0x2, 0x0, 0x8, 0x0,
    0x23, 0xff, 0xf0, 0x20, 0x0, 0x80, 0x3f, 0xe0,
    0x0, 0x80, 0x2, 0xf, 0xf8, 0x10, 0x0, 0x7f,
    0xc0,

    /* U+AD75 "굵" */
    0x1f, 0xf0, 0x0, 0x20, 0x0, 0xc0, 0x1, 0x0,
    0x2, 0x1f, 0xff, 0xc0, 0x40, 0x0, 0x80, 0x3f,
    0xf0, 0x4, 0x20, 0x8, 0x41, 0xf0, 0x81, 0x1,
    0x3, 0xe2, 0x0,

    /* U+AD76 "굶" */
    0x1f, 0xf8, 0x0, 0x20, 0x0, 0x40, 0x0, 0x80,
    0x2, 0xf, 0xff, 0xc0, 0x40, 0x0, 0x80, 0x3f,
    0xf8, 0x5, 0x10, 0xa, 0x21, 0xf4, 0x41, 0x8,
    0x83, 0xdf, 0x0,

    /* U+AD7B "굻" */
    0x3f, 0xf0, 0x0, 0x80, 0x2, 0x0, 0x8, 0x0,
    0x23, 0xff, 0xf0, 0x30, 0x0, 0xb8, 0x7c, 0x0,
    0x10, 0x20, 0x7f, 0x1f, 0x38, 0x23, 0x10, 0xf4,
    0x40, 0xe, 0x0,

    /* U+AD7C "굼" */
    0x3f, 0xf0, 0x0, 0x80, 0x2, 0x0, 0x8, 0x0,
    0x23, 0xff, 0xf0, 0x10, 0x0, 0x40, 0x1f, 0xe0,
    0x20, 0x80, 0x82, 0x2, 0x8, 0xf, 0xe0,

    /* U+AD7D "굽" */
    0x1f, 0xf0, 0x0, 0x40, 0x0, 0x80, 0x1, 0x0,
    0x2, 0xf, 0xff, 0xc0, 0x40, 0x0, 0xa0, 0x19,
    0x20, 0x10, 0x40, 0x3f, 0x80, 0x41, 0x0, 0x82,
    0x1, 0xfe, 0x0,

    /* U+AD7F "굿" */
    0x1f, 0xf0, 0x0, 0x60, 0x0, 0x80, 0x1, 0x0,
    0x2, 0x1f, 0xff, 0xc0, 0x40, 0x0, 0x80, 0x3,
    0x0, 0x2, 0x0, 0xc, 0x0, 0x36, 0x0, 0x83,
    0x6, 0x3, 0x0,

    /* U+AD81 "궁" */
    0x1f, 0xf0, 0x0, 0x20, 0x0, 0x40, 0x1, 0x0,
    0x2, 0xf, 0xff, 0xc0, 0x40, 0x0, 0x80, 0x7,
    0xc0, 0x18, 0xc0, 0x20, 0x80, 0x63, 0x0, 0x7c,
    0x0,

    /* U+AD82 "궂" */
    0x1f, 0xf0, 0x0, 0x20, 0x0, 0xc0, 0x1, 0x0,
    0x2, 0x1f, 0xff, 0xc0, 0x40, 0x0, 0x80, 0x1,
    0x0, 0x3f, 0xe0, 0x4, 0x0, 0x1c, 0x0, 0x46,
    0x3, 0x2, 0x0,

    /* U+AD88 "궈" */
    0x0, 0x9, 0xfc, 0x40, 0x22, 0x1, 0x10, 0x8,
    0x80, 0x44, 0x4, 0xaf, 0xf9, 0x4, 0x8, 0x27,
    0xc1, 0x2, 0x8, 0x10, 0x40, 0x82, 0x4, 0x0,
    0x20,

    /* U+AD89 "궉" */
    0x0, 0x19, 0xfc, 0x40, 0x22, 0x1, 0x10, 0x8,
    0x80, 0x95, 0xff, 0x20, 0x97, 0x4, 0x48, 0x20,
    0x7, 0xfe, 0x0, 0x10, 0x0, 0x80, 0x4, 0x0,
    0x20,

    /* U+AD8C "권" */
    0x0, 0x8, 0xfe, 0x20, 0x8, 0x80, 0x22, 0x0,
    0x88, 0x4, 0xa7, 0xfc, 0x81, 0x3e, 0x4, 0xf8,
    0x10, 0x20, 0xc0, 0x1, 0x0, 0x4, 0x0, 0x1f,
    0xf0,

    /* U+AD90 "궐" */
    0x0, 0x33, 0xf8, 0x80, 0x44, 0x2, 0x20, 0x25,
    0x7f, 0xc9, 0x21, 0xc1, 0x12, 0x0, 0x0, 0xff,
    0x80, 0x4, 0x3f, 0xe0, 0x80, 0x7, 0xfc,

    /* U+AD9C "궜" */
    0x0, 0x18, 0xfe, 0x20, 0x8, 0x80, 0x22, 0x0,
    0x88, 0x4, 0xa7, 0xec, 0x81, 0x3e, 0x4, 0x8,
    0x0, 0x80, 0x61, 0x1, 0xc, 0xa, 0x38, 0x45,
    0x32, 0x8, 0x40,

    /* U+AD9D "궝" */
    0x0, 0x9, 0xfc, 0x40, 0x22, 0x1, 0x10, 0x8,
    0x80, 0x95, 0xfb, 0x20, 0x8f, 0x4, 0x8, 0x2f,
    0x40, 0xc6, 0x4, 0x10, 0x20, 0x81, 0x8c, 0x7,
    0x80,

    /* U+ADA4 "궤" */
    0x0, 0x18, 0x6, 0x5f, 0x92, 0x4, 0x90, 0x24,
    0x81, 0x24, 0x11, 0x3f, 0xe9, 0x8, 0x48, 0x5e,
    0x42, 0x12, 0x10, 0x90, 0x84, 0x84, 0x24, 0x0,
    0x20,

    /* U+ADB7 "궷" */
    0x0, 0xd8, 0x1, 0x27, 0xe4, 0x80, 0x92, 0x2,
    0x48, 0xd, 0x2f, 0x84, 0x82, 0x72, 0x8, 0x48,
    0x26, 0x20, 0x8c, 0x0, 0x20, 0x1, 0x60, 0x8,
    0x70, 0xc0, 0x0,

    /* U+ADC0 "귀" */
    0x0, 0x13, 0xf9, 0x0, 0x90, 0x9, 0x0, 0x90,
    0x9, 0x1, 0x7f, 0xe9, 0x4, 0x10, 0x41, 0x4,
    0x10, 0x41, 0x4, 0x10, 0x41, 0x0, 0x10,

    /* U+ADC1 "귁" */
    0x0, 0x13, 0xf9, 0x0, 0x90, 0x9, 0x0, 0x90,
    0x13, 0xff, 0xd0, 0x41, 0x4, 0x10, 0x40, 0x1f,
    0xf0, 0x1, 0x0, 0x10, 0x1, 0x0, 0x10,

    /* U+ADC4 "귄" */
    0x0, 0x33, 0xf8, 0x80, 0x44, 0x2, 0x20, 0x11,
    0x1, 0x3b, 0xfe, 0x41, 0x2, 0x8, 0x10, 0x40,
    0x86, 0x0, 0x10, 0x0, 0x80, 0x7, 0xfc,

    /* U+ADC8 "귈" */
    0x0, 0x33, 0xf8, 0x80, 0x44, 0x2, 0x20, 0x11,
    0x1, 0x3b, 0xfe, 0x41, 0x2, 0x1f, 0xf0, 0x7f,
    0x80, 0x4, 0x3f, 0xe0, 0x80, 0x7, 0xfc,

    /* U+ADD0 "귐" */
    0x0, 0x13, 0xf9, 0x0, 0x90, 0x9, 0x0, 0x90,
    0x13, 0xfe, 0xd0, 0x41, 0x4, 0x10, 0x40, 0xf,
    0xf0, 0x41, 0x4, 0x10, 0x7f, 0x4, 0x0,

    /* U+ADD1 "귑" */
    0x0, 0x11, 0xfc, 0x80, 0x24, 0x1, 0x20, 0x9,
    0x0, 0xbb, 0xfa, 0x40, 0x82, 0x4, 0x20, 0x60,
    0x81, 0x4, 0xf, 0xe0, 0x41, 0x3, 0xfc, 0x10,
    0x0,

    /* U+ADD3 "귓" */
    0x0, 0x18, 0xfe, 0x20, 0x8, 0x80, 0x22, 0x0,
    0x88, 0x4, 0xe7, 0xfc, 0x81, 0x2, 0x4, 0x8,
    0x13, 0x20, 0x48, 0x0, 0x70, 0x3, 0x30, 0x10,
    0x20, 0x80, 0x40,

    /* U+ADDC "규" */
    0x3f, 0xf0, 0x0, 0x80, 0x2, 0x0, 0x8, 0x0,
    0x20, 0x1, 0xf, 0xff, 0xc2, 0x10, 0x8, 0x40,
    0x21, 0x0, 0x84, 0x2, 0x10, 0x8, 0x40, 0x1,
    0x0,

    /* U+ADE0 "균" */
    0x3f, 0xf0, 0x0, 0xc0, 0x2, 0x0, 0x8, 0x0,
    0x23, 0xff, 0xf0, 0x44, 0x1, 0x10, 0x34, 0x40,
    0x51, 0x1, 0x0, 0x4, 0x0, 0x1f, 0xf0,

    /* U+ADE4 "귤" */
    0x3f, 0xe0, 0x0, 0x80, 0x2, 0x0, 0x10, 0x0,
    0x43, 0xff, 0xf0, 0x88, 0x2, 0x20, 0x3f, 0xe0,
    0x1, 0x80, 0x4, 0xf, 0xf8, 0x10, 0x0, 0x7f,
    0xc0,

    /* U+ADF8 "그" */
    0x3f, 0xe0, 0x0, 0x80, 0x2, 0x0, 0x8, 0x0,
    0x20, 0x0, 0x80, 0x4, 0x0, 0x10, 0x0, 0x43,
    0xff, 0xf0,

    /* U+ADF9 "극" */
    0x3f, 0xe0, 0x0, 0x80, 0x2, 0x0, 0x8, 0x0,
    0x43, 0xff, 0xf0, 0x0, 0x0, 0x0, 0x3f, 0xe0,
    0x0, 0x80, 0x2, 0x0, 0x8, 0x0, 0x20, 0x0,
    0x80,

    /* U+ADFC "근" */
    0x1f, 0xf0, 0x0, 0x20, 0x0, 0x40, 0x0, 0x80,
    0x2, 0xf, 0xff, 0xc0, 0x0, 0x0, 0x0, 0x18,
    0x0, 0x10, 0x0, 0x20, 0x0, 0x40, 0x0, 0xff,
    0x80,

    /* U+ADFF "귿" */
    0x1f, 0xf0, 0x0, 0x20, 0x0, 0x40, 0x0, 0x80,
    0x2, 0xf, 0xff, 0xc0, 0x0, 0x0, 0x0, 0x1f,
    0xf0, 0x10, 0x0, 0x20, 0x0, 0x40, 0x0, 0xff,
    0x0,

    /* U+AE00 "글" */
    0x1f, 0xf8, 0x0, 0x20, 0x0, 0x40, 0x0, 0x80,
    0x1, 0xf, 0xff, 0xc0, 0x0, 0x0, 0x0, 0x1f,
    0xf0, 0x0, 0x20, 0x0, 0x40, 0xff, 0x80, 0x80,
    0x1, 0xff, 0x0,

    /* U+AE01 "긁" */
    0x1f, 0xf0, 0x0, 0x20, 0x0, 0xc0, 0x1, 0x0,
    0x2, 0xf, 0xff, 0xc0, 0x0, 0x0, 0x0, 0x3f,
    0xf0, 0x4, 0x20, 0x8, 0x41, 0xf0, 0x81, 0x9,
    0x3, 0xe2, 0x0,

    /* U+AE08 "금" */
    0x3f, 0xf0, 0x0, 0xc0, 0x2, 0x0, 0x8, 0x0,
    0x23, 0xff, 0xf0, 0x0, 0x0, 0x0, 0x1f, 0xe0,
    0x20, 0x80, 0x82, 0x2, 0x8, 0xf, 0xe0,

    /* U+AE09 "급" */
    0x1f, 0xf0, 0x0, 0x40, 0x0, 0x80, 0x1, 0x0,
    0x2, 0xf, 0xff, 0xc0, 0x10, 0xc, 0x10, 0x8,
    0x20, 0x1f, 0xc0, 0x20, 0x80, 0x41, 0x0, 0xff,
    0x0,

    /* U+AE0B "긋" */
    0x1f, 0xf0, 0x0, 0x20, 0x0, 0x40, 0x0, 0x80,
    0x2, 0xf, 0xff, 0xc0, 0x0, 0x0, 0x0, 0x1,
    0x80, 0x2, 0x0, 0xb, 0x0, 0x61, 0x81, 0x0,
    0x80,

    /* U+AE0D "긍" */
    0x1f, 0xf0, 0x0, 0x20, 0x0, 0x40, 0x1, 0x0,
    0x2, 0xf, 0xff, 0xc0, 0x0, 0x0, 0x0, 0x7,
    0xc0, 0x18, 0xc0, 0x20, 0x80, 0x63, 0x0, 0x7c,
    0x0,

    /* U+AE14 "긔" */
    0x0, 0x18, 0x0, 0x4f, 0xe2, 0x1, 0x10, 0x8,
    0x80, 0x44, 0x2, 0x20, 0x21, 0x1, 0x3b, 0xfe,
    0x40, 0x2, 0x0, 0x10, 0x0, 0x80, 0x4,

    /* U+AE30 "기" */
    0x0, 0x30, 0x1, 0x7f, 0x10, 0x11, 0x3, 0x10,
    0x61, 0x4, 0x10, 0x81, 0x10, 0x12, 0x1, 0x40,
    0x18, 0x1, 0x0, 0x10, 0x1, 0x0, 0x10,

    /* U+AE31 "긱" */
    0x0, 0x17, 0xf1, 0x3, 0x10, 0x21, 0x6, 0x10,
    0xc1, 0x18, 0x13, 0x1, 0x40, 0x9, 0xff, 0x0,
    0x10, 0x1, 0x0, 0x10, 0x1, 0x0, 0x10,

    /* U+AE34 "긴" */
    0x0, 0x2f, 0xe2, 0x6, 0x20, 0x42, 0xc, 0x21,
    0x82, 0x10, 0x26, 0x2, 0x80, 0x21, 0x82, 0x8,
    0x0, 0x80, 0x8, 0x0, 0xff,

    /* U+AE37 "긷" */
    0x0, 0x3f, 0xf1, 0x2, 0x10, 0x61, 0x4, 0x10,
    0x81, 0x10, 0x12, 0x1, 0xc0, 0x1, 0xff, 0x8,
    0x0, 0x80, 0x8, 0x0, 0xff,

    /* U+AE38 "길" */
    0x0, 0x23, 0xf9, 0x0, 0x88, 0xc, 0x40, 0xc2,
    0xc, 0x10, 0xc0, 0x88, 0x0, 0x9f, 0xe0, 0x1,
    0x0, 0x8, 0x3f, 0xc0, 0x80, 0x7, 0xfc,

    /* U+AE3A "긺" */
    0x0, 0x37, 0xf1, 0x3, 0x10, 0x21, 0x4, 0x10,
    0x81, 0x10, 0x12, 0x0, 0xdf, 0xf0, 0x29, 0x2,
    0x93, 0xe9, 0x10, 0x91, 0xef,

    /* U+AE40 "김" */
    0x0, 0x17, 0xf1, 0x1, 0x10, 0x31, 0x6, 0x10,
    0x41, 0x8, 0x11, 0x1, 0x60, 0x0, 0xff, 0x4,
    0x10, 0x41, 0x4, 0x10, 0x7f,

    /* U+AE41 "깁" */
    0x0, 0x33, 0xf8, 0x80, 0xc4, 0x4, 0x20, 0x41,
    0x6, 0x8, 0x60, 0x46, 0x2, 0x40, 0x34, 0x60,
    0x81, 0x4, 0xf, 0xe0, 0x41, 0x3, 0xfc, 0x10,
    0x0,

    /* U+AE43 "깃" */
    0x0, 0x13, 0xf8, 0x80, 0xc4, 0x4, 0x20, 0x41,
    0x6, 0x8, 0x60, 0x44, 0x2, 0x41, 0x14, 0xc,
    0x80, 0x60, 0x4, 0x80, 0x43, 0xc, 0xc,

    /* U+AE45 "깅" */
    0x0, 0x17, 0xf1, 0x3, 0x10, 0x21, 0x6, 0x10,
    0xc1, 0x8, 0x11, 0x1, 0x20, 0x1c, 0x3e, 0x6,
    0x30, 0x41, 0x6, 0x30, 0x3e,

    /* U+AE46 "깆" */
    0x0, 0x33, 0xf8, 0x80, 0xc4, 0x4, 0x20, 0x41,
    0x4, 0x8, 0x40, 0x44, 0x2, 0x80, 0x0, 0xff,
    0xc0, 0x60, 0x3, 0x0, 0x67, 0x4, 0x4, 0x40,
    0x0,

    /* U+AE4A "깊" */
    0x0, 0x2f, 0xe3, 0x2, 0x30, 0x43, 0xc, 0x30,
    0x83, 0x10, 0x22, 0x2, 0xc0, 0x1, 0xff, 0xc,
    0x40, 0x44, 0x4, 0x43, 0xff,

    /* U+AE4C "까" */
    0x0, 0x30, 0x0, 0x21, 0xfe, 0x40, 0x44, 0x80,
    0x89, 0x3, 0x22, 0x4, 0x47, 0x91, 0x8, 0x22,
    0x10, 0x88, 0x22, 0x20, 0x40, 0x0, 0x80, 0x1,
    0x0, 0x2, 0x0, 0x4, 0x0,

    /* U+AE4D "깍" */
    0x0, 0x10, 0xff, 0x20, 0x22, 0x40, 0xc8, 0x81,
    0x11, 0xe4, 0x42, 0x11, 0x4, 0x44, 0x8, 0x0,
    0x0, 0x3f, 0xe0, 0x0, 0x40, 0x0, 0x80, 0x1,
    0x0, 0x2, 0x0, 0x4, 0x0,

    /* U+AE4E "깎" */
    0x0, 0x10, 0xff, 0x20, 0x22, 0x40, 0x4c, 0x81,
    0x11, 0xe4, 0x42, 0x11, 0x4, 0x44, 0x8, 0x0,
    0x0, 0x7d, 0xe0, 0x8, 0x40, 0x10, 0x80, 0x21,
    0x0, 0x42, 0x0, 0x84, 0x0,

    /* U+AE50 "깐" */
    0x0, 0x23, 0xfc, 0x81, 0x12, 0x4, 0x48, 0x32,
    0x20, 0x88, 0xf4, 0x42, 0x22, 0x8, 0x10, 0x20,
    0x40, 0x80, 0x80, 0x2, 0x0, 0x8, 0x0, 0x3f,
    0xc0,

    /* U+AE54 "깔" */
    0x0, 0x21, 0xfe, 0x81, 0x92, 0x4, 0x48, 0x22,
    0x3c, 0x88, 0x8c, 0x42, 0x2, 0x8, 0x0, 0x0,
    0x7f, 0x80, 0x2, 0x7, 0xf8, 0x8, 0x0, 0x3f,
    0xc0,

    /* U+AE56 "깖" */
    0x0, 0x30, 0xff, 0x20, 0x22, 0x40, 0x4c, 0x81,
    0x11, 0xe4, 0x42, 0x11, 0x4, 0x4, 0x8, 0x0,
    0x0, 0x7f, 0xe0, 0xa, 0x41, 0xf4, 0x81, 0x9,
    0x3, 0xde, 0x0,

    /* U+AE5C "깜" */
    0x0, 0x23, 0xfc, 0x81, 0x12, 0x4, 0x48, 0x22,
    0x3d, 0x10, 0x88, 0x42, 0x6, 0x8, 0x0, 0x0,
    0x7f, 0x80, 0x82, 0x2, 0x8, 0x8, 0x20, 0x3f,
    0x80,

    /* U+AE5D "깝" */
    0x0, 0x30, 0xff, 0x20, 0x22, 0x40, 0x4c, 0x81,
    0x11, 0xe4, 0x42, 0x10, 0x84, 0x2, 0x8, 0x8,
    0x20, 0x18, 0x20, 0x10, 0x40, 0x3f, 0x80, 0x41,
    0x0, 0xfe, 0x0,

    /* U+AE5F "깟" */
    0x0, 0x10, 0xff, 0x20, 0x22, 0x40, 0x4c, 0x81,
    0x11, 0x4, 0x43, 0xc8, 0x84, 0x62, 0x8, 0x8,
    0x10, 0x3, 0x20, 0x6, 0x0, 0x1a, 0x0, 0x43,
    0x3, 0x1, 0x0,

    /* U+AE60 "깠" */
    0x0, 0x10, 0xff, 0x20, 0x22, 0x40, 0xc8, 0x81,
    0x11, 0xe4, 0x42, 0x11, 0x4, 0x44, 0x8, 0x0,
    0x20, 0x8, 0x60, 0x10, 0x80, 0x53, 0x81, 0x14,
    0x84, 0x11, 0x80, 0x40, 0x0,

    /* U+AE61 "깡" */
    0x0, 0x10, 0xff, 0x20, 0x22, 0x40, 0x4c, 0x81,
    0x11, 0x6, 0x63, 0xc8, 0x84, 0x22, 0x8, 0x88,
    0x10, 0x7, 0xc0, 0x18, 0xc0, 0x20, 0x80, 0x63,
    0x0, 0x7c, 0x0,

    /* U+AE65 "깥" */
    0x0, 0x21, 0xfe, 0x81, 0x92, 0x4, 0x48, 0x22,
    0x3c, 0x98, 0x8c, 0x42, 0x2, 0x8, 0x10, 0x0,
    0x7f, 0x80, 0x80, 0x3, 0xf8, 0x8, 0x0, 0x3f,
    0xc0,

    /* U+AE68 "깨" */
    0x0, 0x18, 0x2, 0x7f, 0xd2, 0x26, 0x91, 0x24,
    0x89, 0x24, 0x89, 0xe4, 0x89, 0x44, 0x4c, 0x42,
    0x44, 0x12, 0x0, 0x90, 0x4, 0x80, 0x24, 0x0,
    0x20,

    /* U+AE69 "깩" */
    0x0, 0xc8, 0x2, 0x7f, 0xd2, 0x24, 0x91, 0x27,
    0x93, 0x25, 0x11, 0x31, 0x9, 0x10, 0x48, 0x0,
    0x7, 0xfe, 0x0, 0x10, 0x0, 0x80, 0x4, 0x0,
    0x20,

    /* U+AE6C "깬" */
    0x0, 0xc8, 0x1, 0x27, 0xf4, 0x84, 0x92, 0x12,
    0x48, 0x89, 0xe2, 0x44, 0x92, 0x12, 0x90, 0x48,
    0x1, 0x20, 0xc0, 0x81, 0x0, 0x4, 0x0, 0x1f,
    0xf0,

    /* U+AE70 "깰" */
    0x0, 0xcb, 0xfd, 0x21, 0x24, 0x84, 0x92, 0x26,
    0x78, 0x91, 0x24, 0x84, 0xa2, 0x12, 0x10, 0x0,
    0x3f, 0xe0, 0x0, 0x83, 0xfe, 0x4, 0x0, 0x1f,
    0xf0,

    /* U+AE78 "깸" */
    0x0, 0xc8, 0x2, 0x7f, 0xd2, 0x24, 0x93, 0x27,
    0x92, 0x25, 0x11, 0x31, 0x9, 0x10, 0x0, 0x3f,
    0xc1, 0x2, 0x8, 0x10, 0x40, 0x83, 0xfc,

    /* U+AE79 "깹" */
    0x0, 0x69, 0xfc, 0xa0, 0x92, 0x84, 0x4a, 0x12,
    0x38, 0x88, 0xa2, 0x42, 0x92, 0xa, 0x88, 0x0,
    0x18, 0x20, 0x20, 0x80, 0xfe, 0x2, 0x8, 0xf,
    0xf0,

    /* U+AE7B "깻" */
    0x0, 0xc8, 0x1, 0x2f, 0xf4, 0x84, 0x92, 0x12,
    0x78, 0x91, 0x24, 0x44, 0xa2, 0x12, 0x11, 0x88,
    0x2, 0x0, 0x1c, 0x0, 0xc8, 0x4, 0x18, 0x20,
    0x10,

    /* U+AE7C "깼" */
    0x0, 0xc8, 0x1, 0x2f, 0xf4, 0x84, 0x92, 0x32,
    0x78, 0x91, 0x24, 0x44, 0xa2, 0x12, 0x10, 0x8,
    0x18, 0xc0, 0x42, 0x3, 0x9c, 0x1b, 0x58, 0x82,
    0x30, 0x10, 0x0,

    /* U+AE7D "깽" */
    0x0, 0xc8, 0x2, 0x5f, 0xd2, 0x26, 0x91, 0x27,
    0x91, 0x24, 0x91, 0x28, 0x89, 0x88, 0x8, 0x8f,
    0xc0, 0xc6, 0x4, 0x10, 0x20, 0x81, 0x8c, 0x7,
    0xc0,

    /* U+AE84 "꺄" */
    0x0, 0x30, 0x0, 0x21, 0xfe, 0x40, 0x44, 0x80,
    0x89, 0xe3, 0x22, 0x4, 0x44, 0x11, 0x8, 0x22,
    0x1e, 0x88, 0x22, 0x20, 0x40, 0x0, 0x80, 0x1,
    0x0, 0x2, 0x0, 0x4, 0x0,

    /* U+AE85 "꺅" */
    0x0, 0x10, 0xff, 0x20, 0x22, 0x40, 0x48, 0xf1,
    0x11, 0x4, 0x42, 0x11, 0x7, 0xc4, 0x8, 0x0,
    0x0, 0x3f, 0xe0, 0x0, 0x40, 0x0, 0x80, 0x1,
    0x0, 0x2, 0x0, 0x4, 0x0,

    /* U+AE8C "꺌" */
    0x0, 0x21, 0xfe, 0x81, 0x13, 0xc4, 0xc8, 0x22,
    0x21, 0x18, 0xf8, 0x42, 0x2, 0x8, 0x0, 0x0,
    0x7f, 0x80, 0x2, 0x7, 0xf8, 0x8, 0x0, 0x3f,
    0xc0,

    /* U+AEBC "꺼" */
    0x0, 0x30, 0x1, 0xff, 0x91, 0x91, 0x11, 0x11,
    0x11, 0x33, 0xf2, 0x21, 0x46, 0x18, 0x41, 0x8,
    0x11, 0x1, 0x0, 0x10, 0x1, 0x0, 0x10,

    /* U+AEBD "꺽" */
    0x0, 0x17, 0xf9, 0x9, 0x11, 0x11, 0x33, 0xf2,
    0x21, 0x44, 0x18, 0x81, 0x0, 0x1, 0xff, 0x0,
    0x10, 0x1, 0x0, 0x10, 0x1, 0x0, 0x10,

    /* U+AEBE "꺾" */
    0x0, 0x17, 0xf9, 0x9, 0x91, 0x91, 0x13, 0xf2,
    0x21, 0x44, 0x18, 0x81, 0x0, 0x3, 0xef, 0x2,
    0x10, 0x21, 0x2, 0x10, 0x21, 0x2, 0x10,

    /* U+AEC0 "껀" */
    0x0, 0x9, 0xfe, 0x20, 0x88, 0x82, 0x62, 0x11,
    0xf8, 0x8c, 0x22, 0x20, 0x91, 0x2, 0x8, 0x8,
    0x0, 0x20, 0xc0, 0x81, 0x0, 0x4, 0x0, 0x1f,
    0xe0,

    /* U+AEC4 "껄" */
    0x0, 0x11, 0xfe, 0x40, 0x89, 0x6, 0x44, 0x11,
    0xf0, 0x88, 0x44, 0x41, 0x22, 0x4, 0xf, 0xf0,
    0x1f, 0xc0, 0x1, 0x3, 0xfc, 0x4, 0x0, 0x1f,
    0xe0,

    /* U+AECC "껌" */
    0x0, 0x17, 0xf9, 0x8, 0x91, 0x91, 0x11, 0xf2,
    0x21, 0x44, 0x18, 0x81, 0x0, 0x0, 0xff, 0x4,
    0x10, 0x41, 0x4, 0x10, 0x7f,

    /* U+AECD "껍" */
    0x0, 0x37, 0xf9, 0x9, 0x11, 0x11, 0x13, 0xf2,
    0x21, 0x44, 0x18, 0x81, 0x10, 0x20, 0xc1, 0x4,
    0x10, 0x7f, 0x4, 0x10, 0x7f,

    /* U+AECF "껏" */
    0x0, 0x13, 0xfc, 0x86, 0x44, 0x22, 0x23, 0x3f,
    0x11, 0x9, 0x10, 0x51, 0x2, 0x11, 0x10, 0xc,
    0x0, 0x60, 0x4, 0x80, 0xc3, 0x8, 0x4,

    /* U+AED0 "껐" */
    0x0, 0x13, 0xfc, 0x82, 0x44, 0x22, 0x23, 0x3f,
    0x11, 0x9, 0x10, 0x51, 0x2, 0x0, 0x40, 0x61,
    0x3, 0x18, 0x1c, 0xc1, 0x29, 0xb0, 0x84, 0x0,
    0x0,

    /* U+AED1 "껑" */
    0x0, 0x17, 0xf9, 0x19, 0x11, 0x11, 0x13, 0xf2,
    0x21, 0x46, 0x18, 0x41, 0x8, 0x11, 0x3f, 0x6,
    0x30, 0x41, 0x6, 0x30, 0x3e,

    /* U+AED8 "께" */
    0x0, 0x18, 0x6, 0x7f, 0x92, 0x24, 0x91, 0x24,
    0x91, 0x24, 0x9f, 0x28, 0x89, 0x48, 0x4c, 0x42,
    0x44, 0x12, 0x0, 0x90, 0x4, 0x80, 0x24, 0x0,
    0x20,

    /* U+AED9 "껙" */
    0x0, 0xd8, 0x2, 0x7f, 0x92, 0x24, 0x92, 0x3c,
    0x92, 0x25, 0x11, 0x31, 0x9, 0x10, 0x48, 0x0,
    0x7, 0xfe, 0x0, 0x10, 0x0, 0x80, 0x4, 0x0,
    0x20,

    /* U+AEDC "껜" */
    0x0, 0x98, 0x1, 0x27, 0xf4, 0x84, 0x92, 0x12,
    0x48, 0x8f, 0x22, 0x44, 0x92, 0x12, 0x90, 0x48,
    0x1, 0x20, 0xc0, 0x81, 0x0, 0x4, 0x0, 0x1f,
    0xf0,

    /* U+AEE8 "껨" */
    0x0, 0xd0, 0x5, 0xfe, 0x51, 0x25, 0x23, 0xd2,
    0x45, 0x48, 0x59, 0x5, 0x0, 0x0, 0xff, 0x4,
    0x10, 0x41, 0x4, 0x10, 0x7f,

    /* U+AEEB "껫" */
    0x0, 0xd8, 0x1, 0x2f, 0xe4, 0x84, 0x92, 0x23,
    0xc8, 0x91, 0x24, 0x84, 0xa2, 0x12, 0x11, 0x88,
    0x2, 0x20, 0x18, 0x0, 0xd8, 0x6, 0x18, 0x60,
    0x30,

    /* U+AEED "껭" */
    0x0, 0xd8, 0x2, 0x5f, 0xd2, 0x24, 0x91, 0x3c,
    0x91, 0x24, 0x91, 0x28, 0x89, 0x88, 0x8, 0x8f,
    0xc0, 0xc6, 0x4, 0x10, 0x20, 0x81, 0x8c, 0x7,
    0xc0,

    /* U+AEF4 "껴" */
    0x0, 0x30, 0x1, 0xff, 0x91, 0x91, 0x11, 0xf1,
    0x11, 0x32, 0x12, 0x21, 0x44, 0xf8, 0x81, 0x88,
    0x11, 0x1, 0x0, 0x10, 0x1, 0x0, 0x10,

    /* U+AEF8 "껸" */
    0x0, 0x18, 0x2, 0x23, 0xf8, 0x82, 0x7e, 0x11,
    0x8, 0x4c, 0x22, 0x2f, 0x91, 0x2, 0x8, 0x8,
    0x0, 0x20, 0xc0, 0x81, 0x0, 0x4, 0x0, 0x1f,
    0xe0,

    /* U+AEFC "껼" */
    0x0, 0x31, 0xfe, 0x40, 0x9f, 0x4, 0x44, 0x13,
    0x10, 0x8b, 0xc4, 0x41, 0x22, 0x4, 0xf, 0xf0,
    0x1f, 0xc0, 0x1, 0x3, 0xfc, 0x4, 0x0, 0x1f,
    0xe0,

    /* U+AF07 "꼇" */
    0x0, 0x30, 0x40, 0x9f, 0xc4, 0x23, 0xe1, 0x31,
    0x11, 0x9, 0x13, 0xd1, 0x82, 0x10, 0x10, 0xc,
    0x80, 0x40, 0x5, 0x80, 0x43, 0xc, 0x4,

    /* U+AF08 "꼈" */
    0x0, 0x13, 0xfc, 0x82, 0x44, 0x23, 0xe1, 0x31,
    0x11, 0x9, 0x13, 0xd1, 0x2, 0x10, 0x10, 0x61,
    0x3, 0x8, 0x18, 0xc1, 0x29, 0x30, 0x84, 0x8,
    0x0,

    /* U+AF0D "꼍" */
    0x0, 0x19, 0xfc, 0x42, 0x3e, 0x33, 0x11, 0x10,
    0x91, 0x7d, 0x10, 0x31, 0x1, 0x8, 0x0, 0x7f,
    0xc1, 0x0, 0xf, 0xf0, 0x40, 0x3, 0xfc,

    /* U+AF10 "꼐" */
    0x0, 0xd8, 0x2, 0x7f, 0x92, 0x24, 0x91, 0x3c,
    0x91, 0x24, 0x91, 0x28, 0x89, 0x4b, 0xcc, 0x42,
    0x44, 0x12, 0x0, 0x90, 0x4, 0x80, 0x24, 0x0,
    0x20,

    /* U+AF2C "꼬" */
    0x7e, 0xf8, 0x8, 0x10, 0x10, 0x20, 0x20, 0x40,
    0x40, 0x81, 0x62, 0x2, 0x44, 0x0, 0x88, 0x1,
    0x0, 0x2, 0x3, 0xff, 0xf8,

    /* U+AF2D "꼭" */
    0x3e, 0xf0, 0x10, 0x40, 0x43, 0x1, 0x48, 0x9,
    0x20, 0x4, 0xf, 0xff, 0xc0, 0x0, 0x1f, 0xe0,
    0x0, 0x80, 0x2, 0x0, 0x8, 0x0, 0x20, 0x0,
    0x80,

    /* U+AF30 "꼰" */
    0x3e, 0xf8, 0x4, 0x10, 0x8, 0x20, 0x28, 0x40,
    0x91, 0x0, 0x20, 0x1f, 0xff, 0x80, 0x0, 0x18,
    0x0, 0x10, 0x0, 0x20, 0x0, 0x40, 0x0, 0xff,
    0x80,

    /* U+AF32 "꼲" */
    0x3e, 0xf0, 0x10, 0x40, 0x41, 0x1, 0x4, 0x9,
    0x20, 0x24, 0x0, 0x10, 0xdf, 0xbc, 0x0, 0xf0,
    0x0, 0x3, 0x3f, 0x84, 0x38, 0x11, 0x90, 0x5e,
    0x40, 0x8e, 0x0,

    /* U+AF34 "꼴" */
    0x3e, 0xf8, 0xc, 0x10, 0x10, 0x40, 0x38, 0x80,
    0x91, 0x0, 0x20, 0x3f, 0xff, 0x80, 0x0, 0x1f,
    0xf0, 0x0, 0x20, 0x0, 0x40, 0xff, 0x80, 0x80,
    0x1, 0xff, 0x0,

    /* U+AF3C "꼼" */
    0x3e, 0xf0, 0x8, 0x20, 0x10, 0x40, 0x28, 0x80,
    0x90, 0x0, 0x20, 0x3f, 0xff, 0x0, 0x0, 0x1f,
    0xe0, 0x10, 0x40, 0x20, 0x80, 0x41, 0x0, 0xfe,
    0x0,

    /* U+AF3D "꼽" */
    0x3e, 0xf0, 0x8, 0x20, 0x10, 0x40, 0x20, 0x80,
    0xb2, 0x1, 0x24, 0x0, 0x40, 0x7f, 0xff, 0x0,
    0x0, 0x30, 0x40, 0x20, 0x80, 0x7f, 0x0, 0x82,
    0x1, 0xfe, 0x0,

    /* U+AF3F "꼿" */
    0x3e, 0xf0, 0x10, 0x40, 0x41, 0x1, 0x44, 0x9,
    0x0, 0x4, 0xf, 0xff, 0xc0, 0x0, 0x3, 0x0,
    0x4, 0x0, 0x28, 0x3, 0x18, 0x10, 0x10, 0x0,
    0x0,

    /* U+AF41 "꽁" */
    0x3e, 0xf0, 0x8, 0x20, 0x10, 0x40, 0x28, 0x80,
    0x90, 0x0, 0x20, 0x3f, 0xff, 0x80, 0x0, 0x7,
    0xc0, 0x18, 0xc0, 0x20, 0x80, 0x41, 0x0, 0xc6,
    0x0, 0xf8, 0x0,

    /* U+AF42 "꽂" */
    0x3e, 0xf0, 0x8, 0x20, 0x10, 0x40, 0x38, 0x80,
    0x90, 0x0, 0x20, 0x3f, 0xff, 0x0, 0x0, 0x0,
    0x0, 0x7f, 0xe0, 0x4, 0x0, 0x1c, 0x0, 0x46,
    0x7, 0x2, 0x0,

    /* U+AF43 "꽃" */
    0x3e, 0xf0, 0x8, 0x20, 0x10, 0x40, 0x38, 0x80,
    0x92, 0x0, 0x20, 0x3f, 0xff, 0x80, 0x0, 0x7,
    0x80, 0x0, 0x0, 0xff, 0xc0, 0x8, 0x0, 0x38,
    0x0, 0x8c, 0x6, 0x4, 0x0,

    /* U+AF48 "꽈" */
    0x0, 0x30, 0x0, 0x21, 0xee, 0x40, 0xc4, 0x81,
    0x9, 0x3, 0x12, 0x5, 0x47, 0x92, 0x8, 0x4,
    0x10, 0x9, 0xe3, 0xfc, 0x40, 0x0, 0x80, 0x1,
    0x0, 0x2, 0x0, 0x4, 0x0,

    /* U+AF49 "꽉" */
    0x0, 0x30, 0xf7, 0x20, 0x62, 0x40, 0x84, 0x81,
    0xc9, 0x2, 0xa3, 0xc1, 0x4, 0x2, 0x38, 0x7f,
    0x90, 0x0, 0x0, 0x7f, 0xc0, 0x0, 0x80, 0x1,
    0x0, 0x2, 0x0, 0x4, 0x0,

    /* U+AF50 "꽐" */
    0x0, 0x30, 0xff, 0x20, 0x42, 0x40, 0x84, 0x81,
    0xd1, 0xe0, 0x82, 0x1, 0x3c, 0x3f, 0x88, 0x0,
    0x0, 0x3f, 0xe0, 0x0, 0x40, 0xff, 0x80, 0x80,
    0x1, 0xff, 0x0,

    /* U+AF5C "꽜" */
    0x0, 0x30, 0xf7, 0x20, 0x62, 0x40, 0xc4, 0x81,
    0x51, 0xe0, 0x82, 0x1, 0x1c, 0x3f, 0xc8, 0x0,
    0x40, 0x8, 0x40, 0x10, 0x80, 0x52, 0x81, 0x19,
    0x84, 0x21, 0x0, 0x0, 0x0,

    /* U+AF5D "꽝" */
    0x0, 0x30, 0xf7, 0x20, 0x62, 0x40, 0x84, 0x81,
    0xc9, 0x2, 0xa3, 0xc1, 0x4, 0x2, 0x78, 0x6b,
    0x10, 0x7, 0xc0, 0x18, 0xc0, 0x20, 0x80, 0x41,
    0x0, 0xc6, 0x0, 0x78, 0x0,

    /* U+AF64 "꽤" */
    0x0, 0x18, 0x2, 0x5f, 0xd2, 0x22, 0x91, 0x14,
    0x88, 0xa4, 0xa9, 0xe5, 0x9, 0x8, 0x48, 0x5e,
    0x5f, 0x12, 0x0, 0x90, 0x4, 0x80, 0x24, 0x0,
    0x20,

    /* U+AF65 "꽥" */
    0x0, 0x4f, 0xba, 0x44, 0x52, 0x22, 0x93, 0x97,
    0xa4, 0x24, 0x21, 0x21, 0xf9, 0xf0, 0x48, 0x0,
    0x3, 0xfe, 0x0, 0x10, 0x0, 0x80, 0x4, 0x0,
    0x20,

    /* U+AF79 "꽹" */
    0x0, 0xc8, 0x3, 0x5d, 0xda, 0x22, 0xd3, 0x97,
    0x95, 0x34, 0x21, 0xa1, 0x9, 0xff, 0xc9, 0xf,
    0x80, 0xc6, 0x4, 0x10, 0x20, 0x81, 0x8c, 0x7,
    0xc0,

    /* U+AF80 "꾀" */
    0x0, 0x18, 0x0, 0x5e, 0xf2, 0x10, 0x90, 0x84,
    0x84, 0x24, 0x52, 0x22, 0x91, 0x4, 0x8, 0x21,
    0xdf, 0xd2, 0x0, 0x10, 0x0, 0x80, 0x4, 0x0,
    0x20,

    /* U+AF84 "꾄" */
    0x0, 0x37, 0xfc, 0x84, 0x24, 0x21, 0x21, 0x89,
    0x16, 0x88, 0xb0, 0x41, 0x8e, 0xff, 0x90, 0x0,
    0x82, 0x0, 0x10, 0x0, 0x80, 0x7, 0xfc,

    /* U+AF88 "꾈" */
    0x0, 0x17, 0xbc, 0x84, 0x24, 0x21, 0x22, 0xd1,
    0x16, 0x88, 0x31, 0xdf, 0xf2, 0x0, 0x0, 0xff,
    0x80, 0x4, 0x3f, 0xe0, 0x80, 0x7, 0xfc,

    /* U+AF90 "꾐" */
    0x0, 0x17, 0xb9, 0x18, 0x91, 0xc9, 0x15, 0x10,
    0x41, 0x4, 0x7f, 0xf9, 0x0, 0x10, 0x0, 0xf,
    0xf0, 0x41, 0x4, 0x10, 0x7f, 0x4, 0x0,

    /* U+AF91 "꾑" */
    0x0, 0x37, 0xb9, 0x8, 0x91, 0x9, 0x1d, 0x10,
    0x41, 0x4, 0x7f, 0xf9, 0x40, 0x0, 0xc3, 0x4,
    0x10, 0x7f, 0x4, 0x10, 0x7f,

    /* U+AF95 "꾕" */
    0x0, 0x17, 0xb9, 0x18, 0x91, 0x9, 0x1c, 0x92,
    0x41, 0x4, 0x10, 0x7f, 0x78, 0x10, 0x1e, 0x2,
    0x30, 0x61, 0x6, 0x10, 0x23, 0x1, 0xe0,

    /* U+AF9C "꾜" */
    0x7d, 0xf0, 0x10, 0x40, 0x41, 0x2, 0x4, 0x8,
    0x10, 0x22, 0x81, 0x4a, 0x1, 0x28, 0x4, 0x80,
    0x12, 0xf, 0xff, 0xc0,

    /* U+AFB8 "꾸" */
    0x7e, 0xf0, 0x10, 0x40, 0x41, 0x1, 0x4, 0x8,
    0x20, 0x20, 0x8f, 0xff, 0xc0, 0x40, 0x1, 0x0,
    0x4, 0x0, 0x10, 0x0, 0x40, 0x1, 0x0, 0x4,
    0x0,

    /* U+AFB9 "꾹" */
    0x3e, 0xf8, 0x4, 0x30, 0x18, 0x40, 0x20, 0x80,
    0x41, 0xf, 0xff, 0xc0, 0x40, 0x0, 0x80, 0x1f,
    0xf0, 0x0, 0x20, 0x0, 0x40, 0x0, 0x80, 0x1,
    0x0, 0x2, 0x0,

    /* U+AFBC "꾼" */
    0x7d, 0xf0, 0x30, 0x40, 0x81, 0x2, 0x4, 0x8,
    0x23, 0xff, 0xf0, 0x20, 0x0, 0x80, 0x32, 0x0,
    0x48, 0x1, 0x0, 0x4, 0x0, 0x1f, 0xf0,

    /* U+AFC0 "꿀" */
    0x3e, 0xf8, 0xc, 0x10, 0x10, 0x60, 0x20, 0x80,
    0x41, 0xf, 0xff, 0xc0, 0x40, 0x0, 0x80, 0x1f,
    0xf0, 0x0, 0x20, 0x0, 0x40, 0xff, 0x80, 0x80,
    0x1, 0xff, 0x0,

    /* U+AFC7 "꿇" */
    0x3e, 0xf0, 0xc, 0x20, 0x10, 0x40, 0x20, 0x80,
    0x82, 0xf, 0xff, 0xc0, 0x40, 0x0, 0xb8, 0x3e,
    0x0, 0x4, 0x18, 0xf, 0xc1, 0xf7, 0x81, 0x9,
    0x3, 0xd2, 0x0, 0x1c, 0x0,

    /* U+AFC8 "꿈" */
    0x3e, 0xf0, 0x8, 0x40, 0x23, 0x1, 0x8, 0x4,
    0x20, 0x10, 0x87, 0xff, 0xc0, 0x40, 0x1, 0x0,
    0x3f, 0x80, 0x82, 0x2, 0x8, 0x8, 0x20, 0x3f,
    0x80,

    /* U+AFC9 "꿉" */
    0x3e, 0xf0, 0x4, 0x20, 0x18, 0x40, 0x21, 0x80,
    0x42, 0x1f, 0xff, 0xc0, 0x40, 0x0, 0xa0, 0x19,
    0x20, 0x10, 0x40, 0x3f, 0x80, 0x41, 0x0, 0x82,
    0x1, 0xfe, 0x0,

    /* U+AFCB "꿋" */
    0x3e, 0xf0, 0x18, 0x40, 0x41, 0x1, 0x4, 0x4,
    0x10, 0x20, 0x8f, 0xff, 0xc0, 0x40, 0x1, 0x0,
    0xc, 0x0, 0x10, 0x0, 0xc0, 0x6, 0xc0, 0x20,
    0xc3, 0x1, 0x0,

    /* U+AFCD "꿍" */
    0x3e, 0xf0, 0x4, 0x20, 0x18, 0x40, 0x20, 0x80,
    0x42, 0x1f, 0xff, 0xc0, 0x40, 0x0, 0x80, 0x3,
    0x80, 0x18, 0xc0, 0x20, 0x80, 0x63, 0x0, 0x7c,
    0x0,

    /* U+AFCE "꿎" */
    0x3e, 0xf0, 0x8, 0x20, 0x10, 0x40, 0x20, 0x80,
    0x82, 0x1f, 0xff, 0x80, 0x40, 0x0, 0x80, 0x1,
    0x0, 0x3f, 0xe0, 0x4, 0x0, 0x1c, 0x0, 0x46,
    0x3, 0x2, 0x0,

    /* U+AFD4 "꿔" */
    0x0, 0x1b, 0xdc, 0x42, 0x22, 0x11, 0x10, 0x88,
    0x88, 0x84, 0x45, 0x3f, 0xd1, 0x4, 0x8, 0x2f,
    0xc1, 0x2, 0x8, 0x10, 0x40, 0x82, 0x4, 0x0,
    0x20,

    /* U+AFDC "꿜" */
    0x0, 0x33, 0xfc, 0x84, 0x64, 0x22, 0x21, 0x11,
    0x10, 0xa9, 0xff, 0x41, 0x1e, 0x1f, 0xf0, 0x7f,
    0x80, 0x4, 0x3f, 0xe0, 0x80, 0x7, 0xfc,

    /* U+AFE8 "꿨" */
    0x0, 0x33, 0xfc, 0x84, 0x64, 0x22, 0x21, 0x11,
    0x10, 0xab, 0xfa, 0x41, 0x3e, 0x8, 0x10, 0x2,
    0x83, 0x8, 0x10, 0xc1, 0xc6, 0x9, 0x4d, 0x84,
    0x20, 0x40,

    /* U+AFE9 "꿩" */
    0x0, 0x2e, 0xf4, 0x46, 0x88, 0x91, 0x12, 0x42,
    0xff, 0x28, 0x4f, 0x8, 0x21, 0x7c, 0x19, 0x82,
    0x10, 0x42, 0xc, 0xc0, 0xf0,

    /* U+AFF0 "꿰" */
    0x0, 0x8, 0x3, 0x5f, 0xca, 0x22, 0x51, 0x12,
    0x88, 0x94, 0x88, 0xbf, 0xe5, 0x8, 0x28, 0x5f,
    0x42, 0xa, 0x10, 0x50, 0x82, 0x84, 0x14, 0x0,
    0x20,

    /* U+AFF1 "꿱" */
    0x0, 0x6c, 0x0, 0x97, 0xb2, 0x42, 0x49, 0x11,
    0x24, 0x46, 0x97, 0xe2, 0x41, 0x79, 0x4, 0x24,
    0x0, 0x0, 0xff, 0xc0, 0x1, 0x0, 0x4, 0x0,
    0x10, 0x0, 0x40,

    /* U+AFF4 "꿴" */
    0x0, 0x4c, 0x0, 0x49, 0xec, 0x90, 0xc9, 0x21,
    0x12, 0x42, 0x24, 0x85, 0xe9, 0x36, 0x12, 0x5,
    0xe4, 0x8, 0x48, 0x10, 0x90, 0x10, 0x0, 0x20,
    0x0, 0x7f, 0xc0,

    /* U+AFF8 "꿸" */
    0x0, 0xc8, 0x0, 0xa7, 0xf2, 0x84, 0x4a, 0x11,
    0x28, 0x4a, 0xa7, 0xd2, 0x82, 0x72, 0x8, 0x8,
    0x1f, 0xe0, 0x0, 0x83, 0xfe, 0x6, 0x0, 0x1f,
    0xf0,

    /* U+B000 "뀀" */
    0x0, 0x68, 0x1, 0x5f, 0xca, 0x12, 0x51, 0x12,
    0x88, 0x95, 0xf8, 0xa1, 0x3d, 0x8, 0x28, 0x40,
    0x1, 0xfe, 0x4, 0x10, 0x20, 0x81, 0xfc, 0x8,
    0x0,

    /* U+B001 "뀁" */
    0x0, 0x6c, 0x0, 0x97, 0xb2, 0x42, 0x49, 0x11,
    0x24, 0x44, 0x97, 0xea, 0x41, 0x79, 0x4, 0x20,
    0x8, 0x30, 0x20, 0x40, 0xff, 0x2, 0x4, 0xf,
    0xf0, 0x20, 0x0,

    /* U+B004 "뀄" */
    0x0, 0x69, 0xfc, 0xa0, 0x92, 0x84, 0x4a, 0x11,
    0x28, 0x5e, 0xa7, 0x82, 0x82, 0x7a, 0x8, 0x28,
    0x30, 0x80, 0x61, 0x1, 0x8c, 0x9, 0x28, 0x41,
    0x12, 0x8, 0x0,

    /* U+B00C "뀌" */
    0x0, 0x1b, 0xdc, 0x42, 0x22, 0x11, 0x10, 0x88,
    0x88, 0x84, 0x44, 0xff, 0xf9, 0x4, 0x8, 0x20,
    0x41, 0x2, 0x8, 0x10, 0x40, 0x82, 0x4, 0x0,
    0x20,

    /* U+B010 "뀐" */
    0x0, 0x13, 0xdc, 0x82, 0x24, 0x11, 0x21, 0x11,
    0x8, 0xf9, 0xf8, 0x40, 0x82, 0x4, 0x10, 0x0,
    0x83, 0x0, 0x18, 0x0, 0xc0, 0x3, 0xfc,

    /* U+B014 "뀔" */
    0x0, 0x13, 0xfc, 0x82, 0x24, 0x21, 0x21, 0x11,
    0x4f, 0xfb, 0xf0, 0x41, 0x82, 0x1f, 0xf0, 0x7f,
    0x80, 0x4, 0x3f, 0xe0, 0x80, 0x7, 0xfc,

    /* U+B01C "뀜" */
    0x0, 0x17, 0xb9, 0x8, 0x90, 0x89, 0x11, 0x11,
    0x17, 0xfe, 0x90, 0x41, 0x4, 0x10, 0x40, 0xf,
    0xf0, 0x41, 0x4, 0x10, 0x7f,

    /* U+B01D "뀝" */
    0x0, 0x33, 0xdc, 0x82, 0x24, 0x11, 0x21, 0x9,
    0x8, 0xbb, 0xfa, 0x40, 0x82, 0x4, 0x0, 0x41,
    0x81, 0x4, 0xf, 0xe0, 0x41, 0x3, 0xfc, 0x10,
    0x0,

    /* U+B028 "뀨" */
    0x7d, 0xf0, 0x30, 0x40, 0x81, 0x2, 0xc, 0x8,
    0x20, 0x40, 0x8f, 0xff, 0xc2, 0x10, 0x8, 0x40,
    0x21, 0x0, 0x84, 0x2, 0x10, 0x8, 0x40, 0x1,
    0x0,

    /* U+B044 "끄" */
    0x7d, 0xf0, 0x10, 0x40, 0x41, 0x1, 0x4, 0x4,
    0x10, 0x20, 0x40, 0x82, 0x2, 0x8, 0x8, 0x23,
    0xff, 0xf0,

    /* U+B045 "끅" */
    0x3e, 0xf8, 0x4, 0x30, 0x18, 0x40, 0x20, 0x80,
    0x41, 0xf, 0xff, 0xc0, 0x0, 0x0, 0x0, 0x1f,
    0xf0, 0x0, 0x20, 0x0, 0x40, 0x0, 0x80, 0x1,
    0x0, 0x2, 0x0,

    /* U+B048 "끈" */
    0x3e, 0xf0, 0x4, 0x20, 0x18, 0x40, 0x20, 0x80,
    0x42, 0x0, 0x84, 0x1f, 0xff, 0x80, 0x0, 0x18,
    0x0, 0x10, 0x0, 0x20, 0x0, 0x40, 0x0, 0xff,
    0x80,

    /* U+B04A "끊" */
    0x3e, 0xf8, 0xc, 0x10, 0x10, 0x60, 0x20, 0x80,
    0x41, 0x1f, 0xff, 0xc0, 0x0, 0x0, 0x38, 0x30,
    0x4, 0x23, 0xf0, 0x42, 0x20, 0x84, 0x41, 0xf8,
    0x80, 0xe, 0x0,

    /* U+B04C "끌" */
    0x3e, 0xf8, 0x4, 0x20, 0x10, 0x40, 0x20, 0x87,
    0xff, 0xe0, 0x0, 0x0, 0x0, 0xf, 0xf8, 0x0,
    0x10, 0x0, 0x20, 0x7f, 0xc0, 0x40, 0x0, 0xff,
    0x80,

    /* U+B04E "끎" */
    0x3e, 0xf0, 0x8, 0x20, 0x10, 0x40, 0x61, 0x7,
    0xff, 0xc0, 0x0, 0x0, 0x0, 0x1f, 0xf8, 0x2,
    0x90, 0x5, 0x20, 0xfa, 0x40, 0x84, 0x81, 0xef,
    0x0,

    /* U+B053 "끓" */
    0x3e, 0xf0, 0xc, 0x20, 0x10, 0x40, 0x21, 0x7,
    0xff, 0xe0, 0x0, 0x0, 0x1c, 0xf, 0x0, 0x3,
    0xfc, 0x4, 0x0, 0xfb, 0xc0, 0x84, 0x81, 0xe7,
    0x0,

    /* U+B054 "끔" */
    0x3e, 0xf8, 0x4, 0x10, 0x18, 0x20, 0x20, 0x80,
    0x41, 0xf, 0xff, 0xc0, 0x0, 0x0, 0x0, 0xf,
    0xf0, 0x10, 0x20, 0x20, 0x40, 0x40, 0x80, 0xff,
    0x0,

    /* U+B055 "끕" */
    0x3e, 0xf0, 0x4, 0x20, 0x18, 0x40, 0x21, 0x80,
    0x42, 0xf, 0xff, 0xc0, 0x10, 0xc, 0x10, 0x8,
    0x20, 0x1f, 0xc0, 0x20, 0x80, 0x41, 0x0, 0xff,
    0x0,

    /* U+B057 "끗" */
    0x3e, 0xf0, 0x8, 0x20, 0x10, 0x40, 0x20, 0x80,
    0x82, 0x1f, 0xff, 0x80, 0x0, 0x1, 0x0, 0x1,
    0x0, 0x6, 0x0, 0x1a, 0x0, 0x63, 0x83, 0x1,
    0x0,

    /* U+B059 "끙" */
    0x3e, 0xf0, 0x4, 0x20, 0x18, 0x40, 0x20, 0x80,
    0x42, 0x1f, 0xff, 0xc0, 0x0, 0x0, 0x0, 0x7,
    0xc0, 0x18, 0xc0, 0x20, 0x80, 0x63, 0x0, 0x7c,
    0x0,

    /* U+B05D "끝" */
    0x3e, 0xf8, 0xc, 0x20, 0x10, 0x40, 0x20, 0x80,
    0x42, 0xf, 0xff, 0xc0, 0x0, 0xf, 0xf8, 0x8,
    0x0, 0x10, 0x0, 0x3f, 0xc0, 0x40, 0x0, 0xff,
    0x0,

    /* U+B07C "끼" */
    0x0, 0x30, 0x1, 0x7f, 0x90, 0x99, 0x19, 0x11,
    0x11, 0x31, 0x12, 0x21, 0x44, 0x18, 0x41, 0x8,
    0x11, 0x1, 0x0, 0x10, 0x1, 0x0, 0x10,

    /* U+B07D "끽" */
    0x0, 0x17, 0xf9, 0x9, 0x91, 0x11, 0x13, 0x12,
    0x21, 0x44, 0x18, 0x81, 0x0, 0x1, 0xff, 0x0,
    0x10, 0x1, 0x0, 0x10, 0x1, 0x0, 0x10,

    /* U+B080 "낀" */
    0x0, 0x13, 0xfc, 0x82, 0x24, 0x12, 0x21, 0x11,
    0x9, 0x8, 0x88, 0x48, 0x82, 0x8, 0x10, 0x60,
    0x81, 0x0, 0x8, 0x0, 0x40, 0x3, 0xfc,

    /* U+B084 "낄" */
    0x0, 0x33, 0xfc, 0x82, 0x24, 0x32, 0x21, 0x11,
    0x11, 0x9, 0x10, 0x51, 0x0, 0xf, 0xf0, 0x0,
    0x80, 0x4, 0x1f, 0xe0, 0x40, 0x3, 0xfc,

    /* U+B08C "낌" */
    0x0, 0x17, 0xf9, 0x8, 0x90, 0x99, 0x11, 0x12,
    0x21, 0x44, 0x18, 0x81, 0x0, 0x0, 0xff, 0x4,
    0x10, 0x41, 0x4, 0x10, 0x7f,

    /* U+B08D "낍" */
    0x0, 0x37, 0xf9, 0x8, 0x91, 0x91, 0x11, 0x12,
    0x21, 0x44, 0x18, 0x81, 0x0, 0x20, 0xc1, 0x4,
    0x10, 0x7f, 0x4, 0x10, 0x7f,

    /* U+B08F "낏" */
    0x0, 0x13, 0xfc, 0x82, 0x24, 0x22, 0x21, 0x11,
    0x11, 0x9, 0x10, 0x51, 0x2, 0x11, 0x90, 0xc,
    0x0, 0x60, 0x4, 0x80, 0x43, 0xc, 0x4,

    /* U+B091 "낑" */
    0x0, 0x17, 0xf9, 0x9, 0x91, 0x11, 0x11, 0x12,
    0x21, 0x42, 0x18, 0x41, 0x8, 0x11, 0x3f, 0x6,
    0x30, 0x41, 0x6, 0x30, 0x3e,

    /* U+B098 "나" */
    0x0, 0x60, 0x0, 0x80, 0x2, 0x30, 0x8, 0x40,
    0x21, 0x0, 0x84, 0x3, 0xd0, 0x8, 0x40, 0xe1,
    0xfc, 0x80, 0x2, 0x0, 0x8, 0x0, 0x20, 0x0,
    0x80, 0x2, 0x0,

    /* U+B099 "낙" */
    0x0, 0x60, 0x0, 0x8c, 0x2, 0x10, 0x8, 0x40,
    0x21, 0x0, 0xf4, 0xe, 0x1f, 0xc8, 0x0, 0x20,
    0xff, 0x80, 0x2, 0x0, 0x8, 0x0, 0x20, 0x0,
    0x80, 0x2, 0x0,

    /* U+B09A "낚" */
    0x0, 0x60, 0x0, 0x8c, 0x2, 0x10, 0x8, 0x40,
    0x21, 0x0, 0xf4, 0xe, 0x1f, 0xc8, 0x0, 0x21,
    0xf7, 0x80, 0x42, 0x1, 0x8, 0x4, 0x20, 0x10,
    0x80, 0x42, 0x0,

    /* U+B09C "난" */
    0x0, 0x60, 0x0, 0x8c, 0x2, 0x10, 0x8, 0x40,
    0x21, 0x0, 0xf4, 0x1e, 0x1f, 0x88, 0x0, 0x20,
    0x60, 0x80, 0x80, 0x2, 0x0, 0x8, 0x0, 0x3f,
    0xc0,

    /* U+B09F "낟" */
    0x0, 0x62, 0x0, 0x84, 0x2, 0x10, 0x8, 0x40,
    0x3d, 0x1, 0x84, 0x3a, 0x1f, 0x8, 0x0, 0x0,
    0xff, 0x81, 0x0, 0x4, 0x0, 0x10, 0x0, 0x7f,
    0x80,

    /* U+B0A0 "날" */
    0x0, 0x63, 0x0, 0x84, 0x2, 0x10, 0x8, 0x40,
    0x3d, 0x3, 0x87, 0xf2, 0x0, 0x8, 0x3f, 0xe0,
    0x0, 0x80, 0x2, 0xf, 0xf8, 0x10, 0x0, 0x7f,
    0x80,

    /* U+B0A1 "낡" */
    0x0, 0x63, 0x0, 0x84, 0x2, 0x10, 0x8, 0x40,
    0x3d, 0x3, 0x87, 0xf2, 0x0, 0x8, 0x7d, 0xe0,
    0x10, 0x80, 0x42, 0x1f, 0x8, 0x22, 0x20, 0xf0,
    0x80,

    /* U+B0A2 "낢" */
    0x0, 0x63, 0x0, 0x84, 0x2, 0x10, 0x8, 0x40,
    0x3d, 0x3, 0x87, 0xf2, 0x0, 0x8, 0x7f, 0xe0,
    0x14, 0x80, 0x52, 0x1f, 0x48, 0x21, 0x20, 0xf7,
    0x80,

    /* U+B0A8 "남" */
    0x0, 0x60, 0x0, 0x8c, 0x2, 0x10, 0x8, 0x40,
    0x3d, 0x3, 0x87, 0xf2, 0x0, 0x8, 0x0, 0x0,
    0x7f, 0x80, 0x82, 0x2, 0x8, 0x8, 0x20, 0x3f,
    0x80,

    /* U+B0A9 "납" */
    0x0, 0x62, 0x0, 0x84, 0x2, 0x10, 0x8, 0x40,
    0x3d, 0x3, 0x87, 0xf2, 0x0, 0x10, 0x18, 0x20,
    0x20, 0x80, 0xfe, 0x2, 0x8, 0x8, 0x20, 0x3f,
    0x80,

    /* U+B0AB "낫" */
    0x0, 0x60, 0x0, 0x8c, 0x2, 0x10, 0x8, 0x40,
    0x21, 0x0, 0xf4, 0x1e, 0x1f, 0x88, 0x0, 0x20,
    0xc, 0x80, 0x30, 0x0, 0xc0, 0x4, 0xc0, 0x60,
    0x82, 0x1, 0x0,

    /* U+B0AC "났" */
    0x0, 0x62, 0x0, 0x84, 0x2, 0x10, 0x8, 0x40,
    0x3d, 0x3, 0x87, 0xf2, 0x0, 0x8, 0x10, 0x40,
    0x21, 0x1, 0x84, 0x5, 0x28, 0x23, 0x11, 0x8,
    0x20,

    /* U+B0AD "낭" */
    0x0, 0x60, 0x0, 0x8c, 0x2, 0x10, 0x8, 0x40,
    0x21, 0x0, 0xf4, 0x6, 0x1f, 0xe8, 0x0, 0x20,
    0x1f, 0x0, 0xc6, 0x2, 0x8, 0xc, 0x60, 0x1f,
    0x0,

    /* U+B0AE "낮" */
    0x0, 0x60, 0x0, 0x8c, 0x2, 0x10, 0x8, 0x40,
    0x3d, 0x3, 0x87, 0xf2, 0x0, 0x8, 0x0, 0x0,
    0xff, 0xc0, 0x30, 0x0, 0xc0, 0xc, 0xe0, 0x40,
    0x42, 0x0, 0x0,

    /* U+B0AF "낯" */
    0x0, 0x63, 0x0, 0x84, 0x2, 0x10, 0x8, 0x40,
    0x3d, 0xf, 0x87, 0xc2, 0x2, 0x8, 0x7, 0x0,
    0xff, 0xc0, 0x30, 0x0, 0xc0, 0x4, 0xc0, 0x61,
    0x82, 0x1, 0x0,

    /* U+B0B1 "낱" */
    0x0, 0x63, 0x0, 0x84, 0x2, 0x10, 0x8, 0x40,
    0x3d, 0x3, 0x87, 0xf2, 0x0, 0x0, 0x1f, 0xe0,
    0x20, 0x0, 0x80, 0x3, 0xf8, 0x8, 0x0, 0x3f,
    0xc0,

    /* U+B0B3 "낳" */
    0x0, 0x62, 0x0, 0x84, 0x2, 0x10, 0x8, 0x40,
    0x3d, 0x7f, 0x82, 0x2, 0x1, 0xe0, 0x0, 0x0,
    0xff, 0xc0, 0x78, 0x3, 0x30, 0x8, 0x40, 0x23,
    0x0, 0x78, 0x0,

    /* U+B0B4 "내" */
    0x0, 0x30, 0x19, 0x0, 0x9c, 0x9, 0x40, 0x94,
    0x9, 0x40, 0xf4, 0x9, 0x41, 0x97, 0xe9, 0x0,
    0x90, 0x9, 0x0, 0x90, 0x9, 0x0, 0x10,

    /* U+B0B5 "낵" */
    0x1, 0x98, 0x9, 0x40, 0x94, 0x9, 0x40, 0xf4,
    0x9, 0x4f, 0x93, 0x9, 0x0, 0x1, 0xff, 0x0,
    0x10, 0x1, 0x0, 0x10, 0x1, 0x0, 0x10,

    /* U+B0B8 "낸" */
    0x1, 0x96, 0x4, 0x90, 0x24, 0x81, 0x24, 0xf,
    0x20, 0x49, 0x6, 0x4f, 0xd2, 0x0, 0x90, 0xc4,
    0x82, 0x0, 0x10, 0x0, 0x80, 0x7, 0xfc,

    /* U+B0BC "낼" */
    0x1, 0x94, 0x4, 0x90, 0x24, 0x81, 0x24, 0xf,
    0x20, 0x49, 0xfe, 0x40, 0x0, 0x1f, 0xf0, 0x0,
    0x80, 0x4, 0x3f, 0xe0, 0x80, 0x7, 0xfc,

    /* U+B0C4 "냄" */
    0x1, 0x98, 0x9, 0x40, 0x94, 0x9, 0x40, 0xf4,
    0x9, 0x47, 0x96, 0x89, 0x0, 0x0, 0xff, 0x4,
    0x10, 0x41, 0x4, 0x10, 0x7f,

    /* U+B0C5 "냅" */
    0x1, 0x98, 0x9, 0x40, 0x94, 0x9, 0x40, 0xf4,
    0x9, 0x41, 0x97, 0xe9, 0x0, 0x0, 0xc3, 0x4,
    0x10, 0x7f, 0x4, 0x10, 0x7f, 0x4, 0x0,

    /* U+B0C7 "냇" */
    0x1, 0x96, 0x4, 0x90, 0x24, 0x81, 0x24, 0xf,
    0x20, 0x49, 0xe, 0x4f, 0x12, 0x0, 0x90, 0xc,
    0x80, 0x40, 0x7, 0x80, 0x62, 0x4, 0x8, 0x40,
    0x0,

    /* U+B0C8 "냈" */
    0x1, 0x90, 0x4, 0x90, 0x24, 0x81, 0x24, 0xf,
    0x20, 0x49, 0xe, 0x4f, 0x92, 0x0, 0x10, 0x63,
    0x1, 0x18, 0x18, 0xc1, 0x29, 0x10, 0xcd, 0x8,
    0x20,

    /* U+B0C9 "냉" */
    0x1, 0x98, 0x9, 0x40, 0x94, 0x9, 0x40, 0xf4,
    0x9, 0x41, 0x97, 0xe9, 0x0, 0x10, 0x3f, 0x6,
    0x30, 0x41, 0x4, 0x10, 0x63, 0x3, 0xe0,

    /* U+B0D0 "냐" */
    0x0, 0x60, 0x0, 0x80, 0x2, 0x30, 0x8, 0x40,
    0x3d, 0x0, 0x84, 0x2, 0x10, 0x8, 0x40, 0xfd,
    0xfc, 0x80, 0x2, 0x0, 0x8, 0x0, 0x20, 0x0,
    0x80, 0x2, 0x0,

    /* U+B0D1 "냑" */
    0x0, 0x60, 0x0, 0x8c, 0x2, 0x10, 0xf, 0x40,
    0x21, 0x0, 0x84, 0x1f, 0xdf, 0x88, 0x0, 0x0,
    0xff, 0x80, 0x2, 0x0, 0x8, 0x0, 0x20, 0x0,
    0x80, 0x2, 0x0,

    /* U+B0D4 "냔" */
    0x0, 0x60, 0x0, 0x8c, 0x2, 0x10, 0xf, 0x40,
    0x21, 0x0, 0x84, 0x7f, 0xdc, 0x8, 0x0, 0x20,
    0x60, 0x80, 0x80, 0x2, 0x0, 0x8, 0x0, 0x3f,
    0xc0,

    /* U+B0D8 "냘" */
    0x0, 0x63, 0x0, 0x84, 0x3, 0xd0, 0x8, 0x40,
    0x21, 0x7, 0xf7, 0xe2, 0x0, 0x8, 0x1f, 0xe0,
    0x0, 0x80, 0x2, 0x7, 0xf8, 0x8, 0x0, 0x3f,
    0xc0,

    /* U+B0E0 "냠" */
    0x0, 0x60, 0x0, 0x8c, 0x2, 0x10, 0xf, 0x40,
    0x21, 0x0, 0x87, 0xff, 0xc0, 0x8, 0x0, 0x0,
    0x7f, 0x80, 0x82, 0x2, 0x8, 0x8, 0x20, 0x3f,
    0x80,

    /* U+B0E5 "냥" */
    0x0, 0x60, 0x0, 0x8c, 0x2, 0x10, 0xf, 0x40,
    0x21, 0x0, 0x84, 0x1f, 0xdf, 0x88, 0x0, 0x20,
    0x1f, 0x0, 0xc6, 0x2, 0x8, 0xc, 0x60, 0x1f,
    0x0,

    /* U+B108 "너" */
    0x0, 0x60, 0x7, 0x0, 0xa0, 0x14, 0x7e, 0x80,
    0x50, 0xa, 0x1, 0x41, 0xaf, 0xc4, 0x0, 0x80,
    0x10, 0x2, 0x0, 0x40,

    /* U+B109 "넉" */
    0x0, 0x60, 0x7, 0x0, 0xa3, 0xf4, 0x2, 0x80,
    0x50, 0x6b, 0xf1, 0x0, 0x27, 0xfc, 0x0, 0x80,
    0x10, 0x2, 0x0, 0x40, 0x8,

    /* U+B10B "넋" */
    0x0, 0x60, 0x2, 0xc0, 0x24, 0x7e, 0x40, 0x24,
    0x2, 0x41, 0xa7, 0xe2, 0x0, 0x3, 0xc4, 0x4,
    0x40, 0x4c, 0x4, 0xa0, 0x51, 0x6, 0x0,

    /* U+B10C "넌" */
    0x0, 0x60, 0x2, 0x40, 0x24, 0x3e, 0x40, 0x24,
    0x2, 0x41, 0xa7, 0xe2, 0x0, 0x21, 0x82, 0x8,
    0x0, 0x80, 0x8, 0x0, 0xff,

    /* U+B110 "널" */
    0x0, 0x60, 0x1, 0x30, 0x8, 0x87, 0xc4, 0x2,
    0x20, 0x51, 0xfc, 0x80, 0x0, 0x1f, 0xe0, 0x1,
    0x0, 0x8, 0x3f, 0xc0, 0x80, 0x7, 0xf8,

    /* U+B112 "넒" */
    0x0, 0x60, 0x7, 0x0, 0xa1, 0xf4, 0x2, 0x81,
    0x5f, 0xc8, 0x0, 0x3f, 0xe0, 0xa4, 0x14, 0xbe,
    0x92, 0x12, 0x7b, 0xc0,

    /* U+B113 "넓" */
    0x0, 0x60, 0x7, 0x0, 0xa1, 0xf4, 0x2, 0x81,
    0x5f, 0xc8, 0x2, 0x7f, 0x20, 0xa4, 0x17, 0xbe,
    0x92, 0x12, 0x73, 0xc0,

    /* U+B118 "넘" */
    0x0, 0x60, 0x7, 0x0, 0xa3, 0xf4, 0x2, 0x80,
    0x50, 0x6b, 0xf1, 0x0, 0x3, 0xfc, 0x20, 0x84,
    0x10, 0x82, 0x1f, 0xc0,

    /* U+B119 "넙" */
    0x0, 0x60, 0x7, 0x0, 0xa3, 0xf4, 0x2, 0x80,
    0x50, 0x6b, 0xf1, 0x0, 0x43, 0x4, 0x20, 0x87,
    0xf0, 0x82, 0x1f, 0xc0,

    /* U+B11B "넛" */
    0x0, 0x60, 0x2, 0xc0, 0x24, 0x7e, 0x40, 0x24,
    0x2, 0x41, 0xa7, 0xe2, 0x0, 0x20, 0x32, 0x3,
    0x0, 0x48, 0x8, 0x63, 0x3,

    /* U+B11C "넜" */
    0x0, 0x60, 0x2, 0xc0, 0x24, 0x7e, 0x40, 0x24,
    0x2, 0x41, 0xa7, 0xe2, 0x0, 0x20, 0x84, 0x8,
    0x41, 0x8c, 0x14, 0xa2, 0x11, 0xc2, 0x10,

    /* U+B11D "넝" */
    0x0, 0x60, 0x7, 0x0, 0xa1, 0xf4, 0x2, 0x80,
    0x50, 0x6b, 0xf1, 0x0, 0x20, 0x78, 0x10, 0x82,
    0x10, 0x42, 0x7, 0x80,

    /* U+B123 "넣" */
    0x0, 0x24, 0x2, 0x47, 0xe4, 0x2, 0x40, 0x24,
    0x1a, 0x7e, 0x20, 0x2, 0x7, 0x83, 0xff, 0x7,
    0x80, 0xcc, 0x8, 0x40, 0x8c, 0x7, 0x80,

    /* U+B124 "네" */
    0x0, 0x30, 0x19, 0x80, 0x94, 0x9, 0x40, 0x94,
    0xf9, 0x40, 0x94, 0x9, 0x42, 0x97, 0xc9, 0x0,
    0x90, 0x9, 0x0, 0x90, 0x1, 0x0, 0x10,

    /* U+B125 "넥" */
    0x0, 0x30, 0x19, 0xc0, 0x94, 0x9, 0x4f, 0x94,
    0x9, 0x40, 0x97, 0xc9, 0x0, 0x1, 0xff, 0x0,
    0x10, 0x1, 0x0, 0x10, 0x1, 0x0, 0x10,

    /* U+B128 "넨" */
    0x1, 0x10, 0x4, 0xb0, 0x24, 0x81, 0x24, 0xf9,
    0x20, 0x49, 0x2, 0x48, 0x52, 0x7c, 0x90, 0xc4,
    0x82, 0x4, 0x10, 0x0, 0x80, 0x7, 0xfc,

    /* U+B12C "넬" */
    0x1, 0x96, 0x4, 0x90, 0x24, 0x9f, 0x24, 0x9,
    0x20, 0x49, 0xe2, 0x40, 0x0, 0x1f, 0xf0, 0x0,
    0x80, 0x4, 0x3f, 0xe0, 0x80, 0x7, 0xfc,

    /* U+B134 "넴" */
    0x1, 0x9c, 0x9, 0x40, 0x94, 0xf9, 0x40, 0x94,
    0x9, 0x46, 0x97, 0x89, 0x0, 0x0, 0xff, 0xc,
    0x10, 0xc1, 0x4, 0x10, 0x7f,

    /* U+B135 "넵" */
    0x1, 0x9c, 0x9, 0x40, 0x94, 0x79, 0x40, 0x94,
    0x9, 0x42, 0x97, 0xc9, 0x0, 0x0, 0xc3, 0x4,
    0x10, 0x7f, 0x4, 0x10, 0x7f, 0x4, 0x0,

    /* U+B137 "넷" */
    0x0, 0x30, 0xc, 0xb0, 0x24, 0x81, 0x24, 0xf9,
    0x20, 0x49, 0xa, 0x4f, 0x92, 0x2, 0x10, 0xc,
    0x0, 0x40, 0x5, 0x80, 0x43, 0xc, 0x8,

    /* U+B138 "넸" */
    0x1, 0x96, 0x4, 0x90, 0x24, 0x9f, 0x24, 0x9,
    0x20, 0x49, 0xa, 0x4f, 0x92, 0x0, 0x50, 0x63,
    0x3, 0x18, 0x18, 0xc1, 0x29, 0x10, 0x85, 0x8,
    0x0,

    /* U+B139 "넹" */
    0x1, 0x9c, 0x9, 0x40, 0x94, 0x79, 0x40, 0x94,
    0x9, 0x40, 0x97, 0xc9, 0x0, 0x10, 0x3e, 0x6,
    0x30, 0x41, 0x4, 0x10, 0x63, 0x3, 0xe0,

    /* U+B140 "녀" */
    0x0, 0x60, 0x7, 0x0, 0xa3, 0xf4, 0x2, 0x80,
    0x51, 0xfa, 0x1, 0x40, 0x28, 0x25, 0xf8, 0x80,
    0x10, 0x2, 0x0, 0x40, 0x8,

    /* U+B141 "녁" */
    0x0, 0x78, 0x5, 0xf, 0xa0, 0x14, 0x2, 0x8f,
    0xd0, 0xa, 0x9, 0x7e, 0x20, 0x0, 0xff, 0x80,
    0x10, 0x2, 0x0, 0x40, 0x8,

    /* U+B144 "년" */
    0x0, 0x6c, 0x2, 0x43, 0xe4, 0x2, 0x40, 0x24,
    0x3e, 0x40, 0x24, 0x12, 0x7e, 0x21, 0x2, 0x8,
    0x0, 0x80, 0x8, 0x0, 0xff,

    /* U+B148 "녈" */
    0x0, 0x66, 0x1, 0x10, 0xf8, 0x80, 0x44, 0x3e,
    0x20, 0x11, 0x4, 0x8f, 0xc4, 0x0, 0x0, 0xff,
    0x0, 0x8, 0x3f, 0xc0, 0x80, 0x7, 0xf8,

    /* U+B150 "념" */
    0x0, 0x78, 0x5, 0xf, 0xa0, 0x14, 0x2, 0x87,
    0xd0, 0xb, 0xf9, 0x0, 0x23, 0xfc, 0x20, 0x84,
    0x10, 0x82, 0x1f, 0xc0,

    /* U+B151 "녑" */
    0x0, 0x78, 0x5, 0xf, 0xa0, 0x14, 0x7e, 0x80,
    0x50, 0x4b, 0xf1, 0x0, 0x3, 0xc, 0x20, 0x87,
    0xf0, 0x82, 0x1f, 0xc0,

    /* U+B154 "녔" */
    0x0, 0x6c, 0x2, 0x43, 0xe4, 0x2, 0x47, 0xe4,
    0x2, 0x41, 0x27, 0xe2, 0x0, 0x80, 0x84, 0x8,
    0x41, 0x8c, 0x25, 0x24, 0x21, 0x4, 0x0,

    /* U+B155 "녕" */
    0x0, 0x78, 0x5, 0x1f, 0xa0, 0x14, 0x2, 0x8f,
    0xd0, 0xa, 0x39, 0x38, 0x20, 0xf8, 0x31, 0x84,
    0x10, 0xc6, 0xf, 0x80,

    /* U+B158 "녘" */
    0x0, 0x78, 0x5, 0xf, 0xa0, 0x14, 0x7e, 0x80,
    0x50, 0x4b, 0xf1, 0x0, 0x3, 0xfc, 0x0, 0x80,
    0x31, 0xfa, 0x0, 0x40, 0x8,

    /* U+B15C "녜" */
    0x0, 0x30, 0x19, 0x0, 0x9c, 0x9, 0x4f, 0x94,
    0x9, 0x4f, 0x94, 0x9, 0x42, 0x97, 0xc9, 0x0,
    0x90, 0x9, 0x0, 0x90, 0x1,

    /* U+B160 "녠" */
    0x1, 0x10, 0x4, 0xb0, 0x24, 0x9f, 0x24, 0x9,
    0x27, 0xc9, 0x2, 0x48, 0x52, 0x7c, 0x90, 0xc4,
    0x82, 0x4, 0x10, 0x0, 0x80, 0x7, 0xfc,

    /* U+B178 "노" */
    0x30, 0x0, 0x40, 0x1, 0x0, 0x4, 0x0, 0x10,
    0x0, 0x7f, 0xc0, 0x10, 0x0, 0x40, 0x1, 0x0,
    0x4, 0xf, 0xff, 0xc0,

    /* U+B179 "녹" */
    0x30, 0x0, 0x40, 0x1, 0x0, 0x4, 0x0, 0x1f,
    0xf0, 0x4, 0x0, 0x10, 0x3f, 0xff, 0x0, 0x0,
    0x0, 0x3, 0xfe, 0x0, 0x8, 0x0, 0x20, 0x0,
    0x80, 0x2, 0x0,

    /* U+B17C "논" */
    0x30, 0x0, 0x40, 0x1, 0x0, 0x4, 0x0, 0x1f,
    0xf0, 0x8, 0x0, 0x20, 0x0, 0x80, 0xff, 0xfc,
    0x0, 0x1, 0x0, 0x4, 0x0, 0x10, 0x0, 0x7f,
    0xc0,

    /* U+B180 "놀" */
    0x30, 0x0, 0x40, 0x1, 0x0, 0x4, 0x0, 0x1f,
    0xf0, 0x4, 0xf, 0xff, 0xc0, 0x0, 0x0, 0x0,
    0x7f, 0x80, 0x2, 0xf, 0xf8, 0x10, 0x0, 0x7f,
    0xc0,

    /* U+B182 "놂" */
    0x38, 0x0, 0x20, 0x0, 0x80, 0x2, 0x0, 0xf,
    0xf0, 0x4, 0xf, 0xff, 0xc0, 0x0, 0x0, 0x0,
    0x7f, 0xc0, 0x29, 0xf, 0xa4, 0x10, 0x90, 0x7b,
    0xc0,

    /* U+B188 "놈" */
    0x30, 0x0, 0x40, 0x1, 0x0, 0x4, 0x0, 0x1f,
    0xf0, 0x8, 0x0, 0x20, 0x3f, 0xff, 0x0, 0x0,
    0x0, 0x1, 0xfe, 0x4, 0x18, 0x10, 0x40, 0x3f,
    0x80,

    /* U+B189 "놉" */
    0x30, 0x0, 0x40, 0x1, 0x0, 0x4, 0x0, 0x1f,
    0xf0, 0x8, 0x0, 0x20, 0x3f, 0xff, 0x0, 0x0,
    0x41, 0x81, 0x2, 0x7, 0xf8, 0x10, 0x20, 0x7f,
    0x81, 0x0, 0x0,

    /* U+B18B "놋" */
    0x30, 0x0, 0x40, 0x1, 0x0, 0x4, 0x0, 0x1f,
    0xf0, 0x8, 0x0, 0x20, 0x3f, 0xff, 0x0, 0x0,
    0x8, 0x0, 0x20, 0x1, 0x40, 0x8, 0xe0, 0x40,
    0x42, 0x0, 0x0,

    /* U+B18D "농" */
    0x30, 0x0, 0x40, 0x1, 0x0, 0x4, 0x0, 0x1f,
    0xf0, 0x8, 0x0, 0x20, 0x3f, 0xff, 0x0, 0x0,
    0x1e, 0x0, 0x8c, 0x4, 0x10, 0x10, 0x40, 0x23,
    0x0, 0x78, 0x0,

    /* U+B192 "높" */
    0x30, 0x0, 0x40, 0x1, 0x0, 0x4, 0x0, 0x1f,
    0xf0, 0x4, 0x0, 0x10, 0x3f, 0xff, 0x0, 0x0,
    0x7f, 0xc0, 0xc4, 0x1, 0x10, 0x4, 0x40, 0xff,
    0xc0,

    /* U+B193 "놓" */
    0x30, 0x0, 0x40, 0x1, 0x0, 0x7, 0xfc, 0x1,
    0x0, 0x4, 0xf, 0xff, 0xc0, 0x0, 0x7, 0x80,
    0x0, 0x43, 0xff, 0x1, 0xe0, 0xc, 0x40, 0x31,
    0x0, 0x78, 0x0,

    /* U+B194 "놔" */
    0x0, 0x30, 0x0, 0x21, 0x80, 0x41, 0x0, 0x82,
    0x1, 0x4, 0x2, 0xf, 0xe7, 0x82, 0x8, 0x4,
    0x10, 0x8, 0xe1, 0xfe, 0x40, 0x0, 0x80, 0x1,
    0x0, 0x2, 0x0, 0x4, 0x0,

    /* U+B198 "놘" */
    0x0, 0x30, 0xc0, 0x20, 0x80, 0x41, 0x0, 0x82,
    0x1, 0x3, 0xe3, 0xc3, 0x4, 0x6, 0xf8, 0x72,
    0x10, 0x0, 0x20, 0x60, 0x0, 0x40, 0x0, 0x80,
    0x1, 0xff, 0x0,

    /* U+B19C "놜" */
    0x60, 0x30, 0x40, 0x20, 0x80, 0x41, 0x0, 0x83,
    0xf9, 0xe0, 0x82, 0x1, 0xc, 0x7f, 0xe8, 0x0,
    0x0, 0x3f, 0xe0, 0x0, 0x40, 0xff, 0x80, 0x80,
    0x1, 0xff, 0x0,

    /* U+B1A8 "놨" */
    0x60, 0x30, 0x40, 0x20, 0x80, 0x41, 0x0, 0x83,
    0xf9, 0xe0, 0x82, 0x1, 0x1c, 0x7f, 0xc8, 0x0,
    0x40, 0x18, 0x40, 0x11, 0x80, 0x52, 0x81, 0x19,
    0x84, 0x21, 0x0, 0x80, 0x0,

    /* U+B1CC "뇌" */
    0x0, 0x30, 0x1, 0x60, 0x12, 0x1, 0x20, 0x12,
    0x1, 0x3f, 0x90, 0x41, 0x4, 0x10, 0x47, 0xff,
    0x90, 0x1, 0x0, 0x10, 0x1, 0x0, 0x10,

    /* U+B1D0 "뇐" */
    0x0, 0x30, 0x0, 0x88, 0x4, 0x40, 0x22, 0x1,
    0x1f, 0xc8, 0x30, 0x41, 0x8e, 0xff, 0x90, 0x0,
    0x86, 0x0, 0x10, 0x0, 0x80, 0x7, 0xfc,

    /* U+B1D4 "뇔" */
    0x0, 0x33, 0x0, 0x88, 0x4, 0x40, 0x23, 0xf9,
    0x2, 0x8, 0x11, 0xdf, 0xd2, 0x0, 0x0, 0xff,
    0x80, 0x4, 0x3f, 0xe0, 0x80, 0x7, 0xfc,

    /* U+B1DC "뇜" */
    0x40, 0x12, 0x1, 0x20, 0x12, 0x1, 0x3f, 0x90,
    0x41, 0x4, 0x7f, 0xf9, 0x0, 0x10, 0x0, 0xf,
    0xf0, 0x41, 0x4, 0x10, 0x7f, 0x4, 0x0,

    /* U+B1DD "뇝" */
    0x40, 0x12, 0x1, 0x20, 0x12, 0x1, 0x3f, 0x90,
    0x41, 0x4, 0x7f, 0xe9, 0x40, 0x0, 0xc3, 0x4,
    0x10, 0x7f, 0x4, 0x10, 0x7f, 0x4, 0x0,

    /* U+B1DF "뇟" */
    0x0, 0x33, 0x0, 0x88, 0x4, 0x40, 0x23, 0xf9,
    0x2, 0x8, 0x11, 0xdf, 0xf2, 0x0, 0x10, 0xc,
    0x80, 0x40, 0x5, 0x0, 0x46, 0xc, 0x8,

    /* U+B1E8 "뇨" */
    0x30, 0x0, 0x40, 0x1, 0x0, 0x4, 0x0, 0x10,
    0x0, 0x7f, 0xc0, 0x0, 0x3, 0x10, 0xc, 0x40,
    0x31, 0xf, 0xff, 0xc0,

    /* U+B1E9 "뇩" */
    0x30, 0x0, 0x40, 0x1, 0x0, 0x4, 0x0, 0x1f,
    0xf0, 0x2, 0x0, 0x84, 0x2, 0x10, 0xff, 0xfc,
    0x0, 0x3, 0xfe, 0x0, 0x8, 0x0, 0x20, 0x0,
    0x80, 0x2, 0x0,

    /* U+B1EC "뇬" */
    0x30, 0x0, 0x40, 0x1, 0x0, 0x4, 0x0, 0x1f,
    0xf0, 0x2, 0x0, 0x84, 0x2, 0x10, 0xff, 0xfc,
    0x0, 0x1, 0x0, 0x4, 0x0, 0x10, 0x0, 0x7f,
    0xc0,

    /* U+B1F0 "뇰" */
    0x30, 0x0, 0x40, 0x1, 0x0, 0x4, 0x0, 0x1f,
    0xf0, 0x23, 0x0, 0x84, 0x3f, 0xff, 0x0, 0x0,
    0x7f, 0x80, 0x2, 0xf, 0xf8, 0x10, 0x0, 0x7f,
    0xc0,

    /* U+B1F9 "뇹" */
    0x30, 0x0, 0x40, 0x1, 0x0, 0x4, 0x0, 0x1f,
    0xf0, 0x21, 0x0, 0x84, 0x3f, 0xff, 0x0, 0x0,
    0x41, 0x81, 0x2, 0x7, 0xf8, 0x10, 0x20, 0x7f,
    0x80,

    /* U+B1FB "뇻" */
    0x30, 0x0, 0x40, 0x1, 0x0, 0x4, 0x0, 0x1f,
    0xf0, 0x2, 0x0, 0x84, 0x2, 0x10, 0xff, 0xfc,
    0x0, 0x0, 0x30, 0x0, 0x80, 0x5, 0x80, 0x21,
    0x83, 0x3, 0x0,

    /* U+B1FD "뇽" */
    0x30, 0x0, 0x40, 0x1, 0x0, 0x4, 0x0, 0x1f,
    0xf0, 0x2, 0x0, 0x84, 0x2, 0x13, 0xf7, 0xb0,
    0x1e, 0x0, 0x8c, 0x4, 0x10, 0x10, 0x40, 0x23,
    0x0, 0x78, 0x0,

    /* U+B204 "누" */
    0x30, 0x0, 0x40, 0x1, 0x0, 0x4, 0x0, 0x1f,
    0xf0, 0x0, 0x0, 0x0, 0x3f, 0xff, 0x1, 0x0,
    0x4, 0x0, 0x10, 0x0, 0x40, 0x1, 0x0, 0x4,
    0x0,

    /* U+B205 "눅" */
    0x30, 0x0, 0x40, 0x1, 0x0, 0x4, 0x0, 0x1f,
    0xf0, 0x0, 0x0, 0x0, 0x3f, 0xff, 0x1, 0x0,
    0x4, 0x3, 0xfe, 0x0, 0x8, 0x0, 0x20, 0x0,
    0x80, 0x2, 0x0,

    /* U+B208 "눈" */
    0x30, 0x0, 0x40, 0x1, 0x0, 0x4, 0x0, 0x1f,
    0xf0, 0x0, 0x0, 0x0, 0x3f, 0xff, 0x1, 0x0,
    0xc4, 0x1, 0x10, 0x4, 0x40, 0x10, 0x0, 0x7f,
    0xc0,

    /* U+B20B "눋" */
    0x30, 0x0, 0x40, 0x1, 0x0, 0x4, 0x0, 0x1f,
    0xf0, 0x0, 0x0, 0x0, 0x3f, 0xff, 0x1, 0x0,
    0x44, 0x3, 0xfe, 0x4, 0x0, 0x10, 0x0, 0x7f,
    0x80,

    /* U+B20C "눌" */
    0x30, 0x0, 0x40, 0x1, 0x0, 0x4, 0x0, 0x1f,
    0xf0, 0x0, 0xf, 0xff, 0xc0, 0x40, 0x1, 0x0,
    0x7f, 0x80, 0x2, 0xf, 0xf8, 0x10, 0x0, 0x7f,
    0xc0,

    /* U+B214 "눔" */
    0x30, 0x0, 0x40, 0x1, 0x0, 0x4, 0x0, 0x1f,
    0xf0, 0x0, 0x0, 0x0, 0x3f, 0xff, 0x1, 0x0,
    0x4, 0x1, 0xfe, 0x6, 0x8, 0x18, 0x20, 0x3f,
    0x81, 0x0, 0x0,

    /* U+B215 "눕" */
    0x30, 0x0, 0x40, 0x1, 0x0, 0x4, 0x0, 0x1f,
    0xf0, 0x0, 0xf, 0xff, 0xc0, 0x40, 0x1, 0x0,
    0x44, 0x81, 0x2, 0x7, 0xf8, 0x10, 0x20, 0x7f,
    0x80,

    /* U+B217 "눗" */
    0x30, 0x0, 0x40, 0x1, 0x0, 0x4, 0x0, 0x1f,
    0xf0, 0x0, 0x0, 0x0, 0x3f, 0xff, 0x1, 0x0,
    0x4, 0x0, 0x30, 0x0, 0xc0, 0x6, 0x80, 0x31,
    0x83, 0x3, 0x0,

    /* U+B219 "눙" */
    0x30, 0x0, 0x40, 0x1, 0x0, 0x4, 0x0, 0x1f,
    0xf0, 0x0, 0x0, 0x0, 0x3f, 0xff, 0x1, 0x0,
    0x1e, 0x0, 0x8c, 0x6, 0x10, 0x18, 0x40, 0x23,
    0x0, 0x78, 0x0,

    /* U+B220 "눠" */
    0x0, 0x34, 0x1, 0x20, 0x12, 0x1, 0x20, 0x13,
    0xf9, 0x0, 0x10, 0x7, 0xff, 0x90, 0x41, 0x5,
    0xf0, 0x41, 0x4, 0x10, 0x41,

    /* U+B234 "눴" */
    0x0, 0x31, 0x0, 0x88, 0x4, 0x40, 0x23, 0xf9,
    0x0, 0x2b, 0xfe, 0x40, 0xbe, 0x4, 0x10, 0x22,
    0x83, 0x8, 0x8, 0x80, 0xa6, 0x8, 0xc8, 0x84,
    0x20,

    /* U+B23C "눼" */
    0x0, 0xc, 0x1, 0x92, 0x2, 0x48, 0x9, 0x20,
    0x24, 0xfc, 0x90, 0x2, 0x40, 0x69, 0x7a, 0x24,
    0x20, 0x90, 0x9e, 0x42, 0x9, 0x8, 0x24, 0x20,
    0x90, 0x0, 0x40,

    /* U+B258 "뉘" */
    0x0, 0x16, 0x1, 0x20, 0x12, 0x1, 0x20, 0x13,
    0xf9, 0x0, 0x10, 0x3, 0xff, 0xd0, 0x41, 0x4,
    0x10, 0x41, 0x4, 0x10, 0x41, 0x0, 0x10,

    /* U+B25C "뉜" */
    0x60, 0x11, 0x0, 0x88, 0x4, 0x40, 0x23, 0xf9,
    0x0, 0x8, 0x1, 0xdf, 0xf2, 0x8, 0x10, 0x40,
    0x86, 0x4, 0x10, 0x0, 0x80, 0x7, 0xfc,

    /* U+B260 "뉠" */
    0x0, 0x33, 0x0, 0x88, 0x4, 0x40, 0x23, 0xf9,
    0x0, 0x8, 0x3, 0xdf, 0xe2, 0x1f, 0xf0, 0x7f,
    0x80, 0x4, 0x3f, 0xe0, 0xc0, 0x7, 0xfc,

    /* U+B268 "뉨" */
    0x0, 0x36, 0x1, 0x20, 0x12, 0x1, 0x3f, 0x90,
    0x1, 0x0, 0xff, 0xf1, 0x4, 0x10, 0x40, 0xf,
    0xf0, 0x41, 0x4, 0x10, 0x7f, 0x4, 0x0,

    /* U+B269 "뉩" */
    0x0, 0x36, 0x1, 0x20, 0x12, 0x1, 0x3f, 0x90,
    0x1, 0x0, 0xff, 0xf1, 0x4, 0x10, 0x43, 0xc,
    0x10, 0x7f, 0x4, 0x10, 0x7f, 0x4, 0x0,

    /* U+B274 "뉴" */
    0x30, 0x0, 0x40, 0x1, 0x0, 0x4, 0x0, 0x1f,
    0xf0, 0x0, 0x0, 0x0, 0x3f, 0xff, 0x8, 0x40,
    0x21, 0x0, 0x84, 0x2, 0x10, 0x8, 0x40, 0x1,
    0x0,

    /* U+B275 "뉵" */
    0x30, 0x0, 0x40, 0x1, 0x0, 0x4, 0x0, 0x1f,
    0xf0, 0x0, 0x0, 0x0, 0x3f, 0xff, 0x8, 0x40,
    0x21, 0x3, 0xfe, 0x0, 0x8, 0x0, 0x20, 0x0,
    0x80, 0x2, 0x0, 0x8,

    /* U+B27C "뉼" */
    0x30, 0x0, 0x40, 0x1, 0x0, 0x4, 0x0, 0x1f,
    0xf0, 0x0, 0xf, 0xff, 0xc3, 0x10, 0xc, 0x40,
    0x7f, 0x80, 0x2, 0xf, 0xf8, 0x10, 0x0, 0x7f,
    0xc0,

    /* U+B284 "늄" */
    0x30, 0x0, 0x40, 0x1, 0x0, 0x4, 0x0, 0x1f,
    0xf0, 0x0, 0x0, 0x0, 0x3f, 0xff, 0xc, 0x40,
    0x21, 0x1, 0xfe, 0x4, 0x8, 0x10, 0x20, 0x3f,
    0x81, 0x0, 0x0,

    /* U+B285 "늅" */
    0x30, 0x0, 0x40, 0x1, 0x0, 0x4, 0x0, 0x1f,
    0xf0, 0x0, 0xf, 0xff, 0xc2, 0x10, 0x8, 0x40,
    0xc0, 0x81, 0x2, 0x7, 0xf8, 0x10, 0x20, 0x7f,
    0x80, 0x0, 0x0,

    /* U+B289 "늉" */
    0x30, 0x0, 0x40, 0x1, 0x0, 0x4, 0x0, 0x1f,
    0xf0, 0x0, 0x0, 0x0, 0x3f, 0xff, 0x8, 0x40,
    0x3f, 0x0, 0x84, 0x4, 0x18, 0x10, 0x60, 0x21,
    0x0, 0x78, 0x0,

    /* U+B290 "느" */
    0x30, 0x0, 0x40, 0x1, 0x0, 0x4, 0x0, 0x10,
    0x0, 0x7f, 0xc0, 0x0, 0x0, 0x0, 0x0, 0x3,
    0xff, 0xf0,

    /* U+B291 "늑" */
    0x30, 0x0, 0x40, 0x1, 0x0, 0x4, 0x0, 0x1f,
    0xf0, 0x0, 0x0, 0x0, 0x3f, 0xff, 0x0, 0x0,
    0x0, 0x3, 0xfe, 0x0, 0x8, 0x0, 0x20, 0x0,
    0x80, 0x2, 0x0,

    /* U+B294 "는" */
    0x30, 0x0, 0x40, 0x1, 0x0, 0x4, 0x0, 0x1f,
    0xf0, 0x0, 0x0, 0x0, 0x3f, 0xff, 0x0, 0x0,
    0x0, 0x1, 0x0, 0x4, 0x0, 0x10, 0x0, 0x7f,
    0xc0,

    /* U+B298 "늘" */
    0x20, 0x0, 0x40, 0x1, 0x0, 0x4, 0x0, 0x1f,
    0xf0, 0x0, 0xf, 0xff, 0xc0, 0x0, 0x3f, 0xe0,
    0x0, 0x80, 0x2, 0xf, 0xf8, 0x10, 0x0, 0x7f,
    0xc0,

    /* U+B299 "늙" */
    0x0, 0x0, 0x30, 0x0, 0x20, 0x0, 0x40, 0x0,
    0xff, 0x80, 0x0, 0x1f, 0xff, 0x80, 0x0, 0x0,
    0x0, 0x3d, 0xe0, 0x8, 0x41, 0xf0, 0x81, 0x1,
    0x3, 0xe2, 0x0, 0x4, 0x0,

    /* U+B29A "늚" */
    0x38, 0x0, 0x60, 0x1, 0x80, 0x6, 0x0, 0xf,
    0xf0, 0x0, 0xf, 0xff, 0xc0, 0x0, 0x0, 0x0,
    0xff, 0xc0, 0x29, 0xf, 0xa4, 0x10, 0x90, 0x7b,
    0xc0,

    /* U+B2A0 "늠" */
    0x30, 0x0, 0x40, 0x1, 0x0, 0x4, 0x0, 0x1f,
    0xf0, 0x0, 0x0, 0x0, 0x3f, 0xff, 0x0, 0x0,
    0x7f, 0x81, 0x2, 0x4, 0x8, 0x10, 0x20, 0x3f,
    0x80,

    /* U+B2A1 "늡" */
    0x30, 0x0, 0x40, 0x1, 0x0, 0x4, 0x0, 0x1f,
    0xf0, 0x0, 0x0, 0x0, 0x3f, 0xff, 0x0, 0x0,
    0x41, 0x81, 0x2, 0x7, 0xf8, 0x10, 0x20, 0x7f,
    0x81, 0x0, 0x0,

    /* U+B2A3 "늣" */
    0x30, 0x0, 0x40, 0x1, 0x0, 0x4, 0x0, 0x1f,
    0xf0, 0x0, 0x0, 0x0, 0x3f, 0xff, 0x0, 0x0,
    0x18, 0x0, 0x30, 0x0, 0xc0, 0x4, 0x80, 0x61,
    0x82, 0x1, 0x0,

    /* U+B2A5 "능" */
    0x30, 0x0, 0x40, 0x1, 0x0, 0x4, 0x0, 0x1f,
    0xf0, 0x0, 0x0, 0x0, 0x3f, 0xff, 0x0, 0x0,
    0x1e, 0x0, 0x8c, 0x4, 0x10, 0x10, 0x40, 0x23,
    0x0, 0x78, 0x0,

    /* U+B2A6 "늦" */
    0x30, 0x0, 0x40, 0x1, 0x0, 0x4, 0x0, 0x1f,
    0xf0, 0x0, 0x0, 0x0, 0x3f, 0xff, 0x0, 0x0,
    0xff, 0xc0, 0x30, 0x0, 0xc0, 0x4, 0x80, 0x61,
    0x82, 0x3, 0x0,

    /* U+B2AA "늪" */
    0x30, 0x0, 0x40, 0x1, 0x0, 0x4, 0x0, 0x1f,
    0xf0, 0x0, 0x0, 0x0, 0x3f, 0xff, 0x0, 0x0,
    0x7f, 0xc0, 0x84, 0x1, 0x10, 0x4, 0x40, 0xff,
    0xc0,

    /* U+B2AC "늬" */
    0x0, 0x36, 0x1, 0x20, 0x12, 0x1, 0x20, 0x12,
    0x1, 0x3f, 0x90, 0x1, 0x0, 0x10, 0xf, 0xfe,
    0x10, 0x1, 0x0, 0x10, 0x1, 0x0, 0x10,

    /* U+B2B0 "늰" */
    0x0, 0x33, 0x0, 0x88, 0x4, 0x40, 0x22, 0x1,
    0x1f, 0xc8, 0x0, 0x5f, 0xfe, 0x0, 0x10, 0x0,
    0x82, 0x4, 0x10, 0x0, 0x80, 0x7, 0xf8,

    /* U+B2B4 "늴" */
    0x0, 0x11, 0x0, 0x88, 0x4, 0x40, 0x23, 0xf9,
    0x0, 0x8, 0x1, 0xdf, 0xf2, 0x0, 0x0, 0xff,
    0x80, 0x4, 0x3f, 0xe0, 0x80, 0x7, 0xfc,

    /* U+B2C8 "니" */
    0x0, 0x60, 0x4, 0x0, 0xe0, 0x14, 0x2, 0x80,
    0x50, 0xa, 0x1, 0x41, 0xef, 0xc4, 0x0, 0x80,
    0x10, 0x2, 0x0, 0x40, 0x8,

    /* U+B2C9 "닉" */
    0x0, 0x60, 0x7, 0x0, 0xa0, 0x14, 0x2, 0x80,
    0x50, 0x7b, 0xf1, 0x0, 0x27, 0xfc, 0x0, 0x80,
    0x10, 0x2, 0x0, 0x40, 0x8,

    /* U+B2CC "닌" */
    0x0, 0x60, 0x2, 0xc0, 0x24, 0x2, 0x40, 0x24,
    0x2, 0x41, 0xe7, 0xe2, 0x0, 0x21, 0x82, 0x8,
    0x0, 0x80, 0x8, 0x0, 0xff,

    /* U+B2D0 "닐" */
    0x0, 0x64, 0x1, 0x10, 0x8, 0x80, 0x44, 0x2,
    0x20, 0xf1, 0xf8, 0x80, 0x0, 0x1f, 0xe0, 0x1,
    0x0, 0x8, 0x3f, 0xc0, 0x80, 0x7, 0xfc,

    /* U+B2D2 "닒" */
    0x0, 0x78, 0x5, 0x0, 0xa0, 0x14, 0x2, 0x87,
    0xdf, 0x8, 0x0, 0x7f, 0xe0, 0xa4, 0x14, 0xbe,
    0x92, 0x32, 0x7b, 0xc0,

    /* U+B2D8 "님" */
    0x0, 0x60, 0x7, 0x0, 0xa0, 0x14, 0x2, 0x81,
    0xdf, 0xc8, 0x1, 0x0, 0x3, 0xfc, 0x20, 0x84,
    0x10, 0x82, 0x1f, 0xc0,

    /* U+B2D9 "닙" */
    0x0, 0x60, 0x7, 0x0, 0xa0, 0x14, 0x2, 0x83,
    0xdf, 0x88, 0x1, 0x0, 0x43, 0x4, 0x20, 0x87,
    0xf0, 0x82, 0x1f, 0xc0,

    /* U+B2DB "닛" */
    0x0, 0x60, 0x2, 0xc0, 0x24, 0x2, 0x40, 0x24,
    0x2, 0x4f, 0xe3, 0x2, 0x2, 0x20, 0x32, 0x3,
    0x0, 0x48, 0x8, 0x63, 0x3,

    /* U+B2DD "닝" */
    0x0, 0x60, 0x7, 0x0, 0xa0, 0x14, 0x2, 0x80,
    0x50, 0x7b, 0xf1, 0x0, 0x20, 0xfc, 0x31, 0x84,
    0x10, 0xc6, 0xf, 0x80,

    /* U+B2E2 "닢" */
    0x0, 0x60, 0x3, 0xc0, 0x34, 0x3, 0x40, 0x34,
    0x1f, 0x7e, 0x20, 0x2, 0x0, 0x3, 0xff, 0xc,
    0x40, 0x44, 0x4, 0x43, 0xff,

    /* U+B2E4 "다" */
    0x0, 0x60, 0x0, 0x8f, 0xe2, 0x10, 0x8, 0x40,
    0x21, 0x0, 0x84, 0x3, 0xd0, 0x8, 0x40, 0x61,
    0xfe, 0x80, 0x2, 0x0, 0x8, 0x0, 0x20, 0x0,
    0x80, 0x2, 0x0,

    /* U+B2E5 "닥" */
    0x0, 0x23, 0xfc, 0x84, 0x2, 0x10, 0x8, 0x40,
    0x3d, 0x0, 0x84, 0x1e, 0x1f, 0x8, 0x0, 0x20,
    0xff, 0x80, 0x2, 0x0, 0x8, 0x0, 0x20, 0x0,
    0x80, 0x2, 0x0,

    /* U+B2E6 "닦" */
    0x0, 0x23, 0xfc, 0x84, 0x2, 0x10, 0x8, 0x40,
    0x3d, 0x0, 0x84, 0x1e, 0x1f, 0x88, 0x0, 0x21,
    0xf7, 0x80, 0x42, 0x1, 0x8, 0x4, 0x20, 0x10,
    0x80, 0x42, 0x0,

    /* U+B2E8 "단" */
    0x0, 0x62, 0x0, 0x8f, 0xf2, 0x10, 0x8, 0x40,
    0x21, 0x0, 0xf4, 0x6, 0x1f, 0xe8, 0x0, 0x20,
    0x60, 0x80, 0x80, 0x2, 0x0, 0x8, 0x0, 0x3f,
    0xc0,

    /* U+B2EB "닫" */
    0x0, 0x23, 0xfc, 0x84, 0x2, 0x10, 0x8, 0x40,
    0x3d, 0x0, 0x84, 0x1e, 0x1f, 0x88, 0x0, 0x0,
    0x7f, 0x80, 0x80, 0x2, 0x0, 0x8, 0x0, 0x3f,
    0xc0,

    /* U+B2EC "달" */
    0x0, 0x23, 0xfc, 0x84, 0x2, 0x10, 0x8, 0x40,
    0x3d, 0x1, 0x87, 0xfa, 0x0, 0x8, 0x1f, 0xe0,
    0x0, 0x80, 0x2, 0x7, 0xf8, 0x8, 0x0, 0x3f,
    0xc0,

    /* U+B2ED "닭" */
    0x0, 0x23, 0xf8, 0x84, 0x2, 0x10, 0x8, 0x40,
    0x3d, 0x3, 0x87, 0xf2, 0x0, 0x8, 0x7d, 0xe0,
    0x10, 0x80, 0x42, 0x1f, 0x8, 0x20, 0x20, 0xf8,
    0x80,

    /* U+B2EE "닮" */
    0x0, 0x23, 0xf8, 0x84, 0x2, 0x10, 0x8, 0x40,
    0x3d, 0x3, 0x87, 0xf2, 0x0, 0x8, 0x7f, 0xe0,
    0x14, 0x80, 0x52, 0x1f, 0x48, 0x23, 0x20, 0xf7,
    0x80,

    /* U+B2EF "닯" */
    0x0, 0x23, 0xfc, 0x84, 0x2, 0x10, 0x8, 0x40,
    0x3d, 0x3, 0x87, 0xf2, 0x0, 0x0, 0x7f, 0x20,
    0x14, 0x80, 0x5e, 0x1f, 0x48, 0x21, 0x20, 0xf7,
    0x80,

    /* U+B2F3 "닳" */
    0x0, 0x60, 0xc, 0x87, 0xf2, 0x10, 0x8, 0x40,
    0x3d, 0x7, 0x87, 0xe2, 0x0, 0x70, 0x7c, 0x0,
    0x1f, 0xe0, 0x40, 0x1f, 0x78, 0x21, 0x10, 0xf7,
    0x80,

    /* U+B2F4 "담" */
    0x0, 0x60, 0x8, 0x8f, 0xe2, 0x10, 0x8, 0x40,
    0x3d, 0x0, 0x84, 0x1e, 0x1f, 0x88, 0x0, 0x20,
    0x7f, 0x80, 0x82, 0x2, 0x8, 0x8, 0x20, 0x3f,
    0x80,

    /* U+B2F5 "답" */
    0x0, 0x23, 0xfc, 0x84, 0x2, 0x10, 0x8, 0x40,
    0x3d, 0x1, 0x87, 0xfa, 0x0, 0x10, 0x18, 0x20,
    0x20, 0x80, 0xfe, 0x2, 0x8, 0x8, 0x20, 0x3f,
    0x80,

    /* U+B2F7 "닷" */
    0x0, 0x21, 0xfc, 0x84, 0x2, 0x10, 0x8, 0x40,
    0x3d, 0x0, 0x84, 0x1e, 0x1f, 0x88, 0x0, 0x20,
    0xc, 0x80, 0x30, 0x1, 0xa0, 0x8, 0x60, 0xc0,
    0xc0,

    /* U+B2F8 "닸" */
    0x0, 0x23, 0xfc, 0x84, 0x2, 0x10, 0x8, 0x40,
    0x3d, 0x3, 0x87, 0xf2, 0x0, 0x8, 0x18, 0x40,
    0x21, 0x1, 0x84, 0x5, 0x28, 0x23, 0x11, 0x8,
    0x20,

    /* U+B2F9 "당" */
    0x0, 0x60, 0x0, 0x8f, 0xe2, 0x10, 0x8, 0x40,
    0x3d, 0x0, 0x84, 0x1e, 0x1f, 0x8, 0x0, 0x20,
    0x1f, 0x0, 0xc6, 0x2, 0x8, 0xc, 0x60, 0x1f,
    0x0,

    /* U+B2FA "닺" */
    0x0, 0x23, 0xfc, 0x84, 0x2, 0x10, 0x8, 0x40,
    0x3d, 0x1, 0x87, 0xfa, 0x0, 0x8, 0x0, 0x0,
    0xff, 0xc0, 0x10, 0x0, 0xc0, 0xc, 0xe0, 0x40,
    0x42, 0x0, 0x0,

    /* U+B2FB "닻" */
    0x0, 0x23, 0xfc, 0x84, 0x2, 0x10, 0x8, 0x40,
    0x3d, 0x3, 0x87, 0xf2, 0x0, 0x8, 0x7, 0x80,
    0x0, 0x3, 0xff, 0x0, 0xc0, 0x6, 0x80, 0x31,
    0x83, 0x1, 0x0,

    /* U+B2FF "닿" */
    0x0, 0x63, 0xf8, 0x84, 0x2, 0x10, 0x8, 0x40,
    0x3d, 0x3, 0x87, 0xf2, 0x0, 0x8, 0x7, 0x80,
    0xff, 0xc0, 0x78, 0x2, 0x30, 0x8, 0x40, 0x23,
    0x0, 0x78, 0x0,

    /* U+B300 "대" */
    0x0, 0x30, 0x19, 0x0, 0x9f, 0xc9, 0x40, 0x94,
    0x9, 0x40, 0xf4, 0x9, 0x41, 0x97, 0xe9, 0x0,
    0x90, 0x9, 0x0, 0x90, 0x1, 0x0, 0x10,

    /* U+B301 "댁" */
    0x1, 0x90, 0x9, 0xfc, 0x94, 0x9, 0x40, 0xf4,
    0x9, 0x41, 0x97, 0xa9, 0x0, 0x90, 0x0, 0x1f,
    0xf0, 0x1, 0x0, 0x10, 0x1, 0x0, 0x10,

    /* U+B304 "댄" */
    0x1, 0x90, 0x4, 0xbf, 0x24, 0x81, 0x24, 0x9,
    0x20, 0x79, 0x2, 0x48, 0x32, 0x7a, 0x90, 0xc4,
    0x82, 0x4, 0x10, 0x0, 0x80, 0x7, 0xfc,

    /* U+B308 "댈" */
    0x1, 0x90, 0x4, 0xbf, 0x24, 0x81, 0x24, 0xf,
    0x20, 0x49, 0xe, 0x4f, 0x12, 0x0, 0x0, 0xff,
    0x80, 0x4, 0x3f, 0xe0, 0x80, 0x7, 0xfc,

    /* U+B310 "댐" */
    0x1, 0x90, 0x9, 0xfc, 0x94, 0x9, 0x40, 0xf4,
    0x9, 0x41, 0x97, 0xe9, 0x0, 0x0, 0xff, 0x4,
    0x10, 0x41, 0x4, 0x10, 0x7f,

    /* U+B311 "댑" */
    0x1, 0x90, 0x9, 0xfc, 0x94, 0x9, 0x40, 0xf4,
    0x9, 0x41, 0x97, 0xa9, 0x0, 0x0, 0xc3, 0x4,
    0x10, 0x7f, 0x4, 0x10, 0x7f, 0x4, 0x0,

    /* U+B313 "댓" */
    0x0, 0x30, 0x4, 0xbf, 0x24, 0x81, 0x24, 0xf,
    0x20, 0x49, 0x6, 0x4f, 0x52, 0x1, 0x10, 0xc,
    0x80, 0x60, 0x4, 0x80, 0x43, 0xc, 0xc,

    /* U+B314 "댔" */
    0x1, 0x90, 0x4, 0xbf, 0x24, 0x81, 0x24, 0xf,
    0x20, 0x49, 0x6, 0x4f, 0xd2, 0x0, 0x40, 0x61,
    0x3, 0x18, 0x18, 0xc1, 0x29, 0x10, 0x85, 0x8,
    0x0,

    /* U+B315 "댕" */
    0x1, 0x90, 0x9, 0xfc, 0x94, 0x9, 0x40, 0xf4,
    0x9, 0x40, 0x97, 0xf9, 0x0, 0x10, 0x3f, 0x6,
    0x30, 0x41, 0x4, 0x10, 0x63, 0x3, 0xe0,

    /* U+B31C "댜" */
    0x0, 0x60, 0x0, 0x8f, 0xe2, 0x10, 0x8, 0x40,
    0x3d, 0x0, 0x84, 0x2, 0x10, 0x8, 0x40, 0xfd,
    0xfc, 0x80, 0x2, 0x0, 0x8, 0x0, 0x20, 0x0,
    0x80, 0x2, 0x0,

    /* U+B354 "더" */
    0x0, 0x60, 0x7, 0xf8, 0xa0, 0x14, 0x2, 0x8f,
    0xd0, 0xa, 0x1, 0x40, 0x28, 0x25, 0xf8, 0x80,
    0x10, 0x2, 0x0, 0x40, 0x8,

    /* U+B355 "덕" */
    0x0, 0x1f, 0xf1, 0x40, 0x14, 0x1, 0x43, 0xf4,
    0x1, 0x40, 0x17, 0xf1, 0x0, 0x3, 0xff, 0x0,
    0x10, 0x1, 0x0, 0x10, 0x1, 0x0, 0x10,

    /* U+B356 "덖" */
    0x0, 0x3f, 0xe1, 0x40, 0x14, 0x1, 0x47, 0xf4,
    0x1, 0x40, 0x17, 0xf1, 0x0, 0x3, 0xdf, 0x4,
    0x10, 0x41, 0x4, 0x10, 0x41, 0x4, 0x10,

    /* U+B358 "던" */
    0x0, 0x30, 0x1, 0xff, 0x14, 0x1, 0x43, 0xf4,
    0x1, 0x40, 0x14, 0x11, 0x7e, 0x11, 0x81, 0x8,
    0x0, 0x80, 0x8, 0x0, 0xff,

    /* U+B35B "덛" */
    0x0, 0x3f, 0xf1, 0x40, 0x14, 0x1, 0x43, 0xf4,
    0x1, 0x40, 0x17, 0xf1, 0x0, 0x1, 0xff, 0x8,
    0x0, 0x80, 0x8, 0x0, 0xff,

    /* U+B35C "덜" */
    0x0, 0x27, 0xf1, 0x10, 0x8, 0x87, 0xc4, 0x2,
    0x20, 0x11, 0xfc, 0x80, 0x0, 0x1f, 0xe0, 0x1,
    0x0, 0x8, 0x3f, 0xc0, 0x80, 0x7, 0xf8,

    /* U+B35E "덞" */
    0x0, 0x3f, 0xf1, 0x40, 0x14, 0x3f, 0x40, 0x14,
    0x11, 0x7e, 0x10, 0x1, 0x0, 0x3, 0xdf, 0x4,
    0x93, 0xc9, 0x20, 0x93, 0xef,

    /* U+B35F "덟" */
    0x0, 0x3f, 0xe1, 0x40, 0x14, 0x3f, 0x40, 0x14,
    0x1, 0x7f, 0x10, 0x1, 0x3f, 0x10, 0x51, 0x5,
    0xf7, 0xd1, 0x21, 0x13, 0xdf,

    /* U+B364 "덤" */
    0x0, 0x3f, 0xc5, 0x0, 0xa0, 0x14, 0x3e, 0x80,
    0x50, 0xb, 0xf9, 0x0, 0x3, 0xfc, 0x20, 0x84,
    0x10, 0x82, 0x1f, 0xc0,

    /* U+B365 "덥" */
    0x0, 0x37, 0xe1, 0x40, 0x14, 0x1, 0x43, 0xf4,
    0x1, 0x41, 0x17, 0xe1, 0x0, 0x21, 0x81, 0x8,
    0x10, 0xff, 0x8, 0x10, 0xff,

    /* U+B367 "덧" */
    0x0, 0x17, 0xf8, 0x90, 0x4, 0x80, 0x24, 0x3f,
    0x20, 0x9, 0x4, 0x4f, 0xc2, 0x3, 0x10, 0xc,
    0x80, 0xe0, 0xc, 0x80, 0xc3, 0x8, 0xc,

    /* U+B369 "덩" */
    0x0, 0x60, 0x7, 0xf8, 0xa0, 0x14, 0x3e, 0x80,
    0x50, 0xa, 0xf9, 0x20, 0x20, 0x78, 0x10, 0x82,
    0x10, 0x42, 0x7, 0x80,

    /* U+B36B "덫" */
    0x0, 0x37, 0xf8, 0x90, 0x4, 0x87, 0xe4, 0x1,
    0x20, 0x9, 0xfc, 0x40, 0x2, 0x3, 0xc0, 0x0,
    0xf, 0xfe, 0x3, 0x0, 0x38, 0x3, 0x30, 0x60,
    0x60,

    /* U+B36E "덮" */
    0x0, 0x37, 0xe3, 0x40, 0x34, 0x3, 0x43, 0xf4,
    0x3, 0x41, 0x37, 0xe2, 0x0, 0x1, 0xff, 0xc,
    0x40, 0x44, 0x4, 0x43, 0xff,

    /* U+B370 "데" */
    0x1, 0x90, 0x9, 0x0, 0x9f, 0xc9, 0x40, 0x94,
    0xf9, 0x40, 0x94, 0x9, 0x40, 0x97, 0xc9, 0x0,
    0x90, 0x9, 0x0, 0x90, 0x1,

    /* U+B371 "덱" */
    0x0, 0xd0, 0x5, 0xfe, 0x54, 0x5, 0x47, 0xd4,
    0x5, 0x40, 0x57, 0xc5, 0x0, 0x50, 0x0, 0x1f,
    0xf0, 0x1, 0x0, 0x10, 0x1, 0x0, 0x10,

    /* U+B374 "덴" */
    0x0, 0xd0, 0x2, 0xbf, 0x14, 0x80, 0xa4, 0xfd,
    0x20, 0x29, 0x1, 0x48, 0x4a, 0x7c, 0x50, 0xc2,
    0x82, 0x4, 0x10, 0x0, 0x80, 0x7, 0xfc,

    /* U+B378 "델" */
    0x1, 0x90, 0x4, 0xbf, 0x24, 0x81, 0x24, 0xf9,
    0x20, 0x49, 0xa, 0x4f, 0x92, 0x0, 0x0, 0xff,
    0x80, 0x4, 0x3f, 0xe0, 0x80, 0x7, 0xfc,

    /* U+B380 "뎀" */
    0x0, 0xd0, 0x5, 0xfe, 0x54, 0x5, 0x47, 0xd4,
    0x5, 0x40, 0x57, 0xc5, 0x0, 0x0, 0xff, 0x4,
    0x10, 0x41, 0x4, 0x10, 0x7f,

    /* U+B381 "뎁" */
    0x0, 0xd0, 0x5, 0xfc, 0x54, 0x5, 0x47, 0xd4,
    0x5, 0x40, 0x57, 0xc5, 0x0, 0x0, 0xc1, 0x4,
    0x10, 0x7f, 0x4, 0x10, 0x7f, 0x4, 0x0,

    /* U+B383 "뎃" */
    0x1, 0x90, 0x4, 0xbf, 0x24, 0x81, 0x24, 0x79,
    0x20, 0x49, 0xa, 0x4f, 0x92, 0x3, 0x10, 0x8,
    0x0, 0xe0, 0xc, 0x80, 0xc3, 0x8, 0x4,

    /* U+B384 "뎄" */
    0x1, 0x90, 0x4, 0xbf, 0x24, 0x81, 0x24, 0x79,
    0x20, 0x49, 0x2, 0x4f, 0x92, 0x0, 0x40, 0x61,
    0x2, 0x18, 0x19, 0xc1, 0x29, 0x10, 0x85, 0x8,
    0x0,

    /* U+B385 "뎅" */
    0x1, 0x90, 0x9, 0xfc, 0x94, 0x9, 0x47, 0x94,
    0x9, 0x40, 0x94, 0xe9, 0x20, 0x10, 0x3f, 0x6,
    0x30, 0x41, 0x4, 0x10, 0x63, 0x3, 0xe0,

    /* U+B38C "뎌" */
    0x0, 0x60, 0x4, 0x18, 0xbc, 0x14, 0x7e, 0x80,
    0x50, 0xa, 0x3f, 0x40, 0x28, 0x25, 0xf8, 0x80,
    0x10, 0x2, 0x0, 0x40, 0x8,

    /* U+B390 "뎐" */
    0x0, 0x30, 0x0, 0x9f, 0x84, 0x87, 0xe4, 0x1,
    0x21, 0xf9, 0x0, 0x48, 0x22, 0x7e, 0x10, 0x80,
    0x82, 0x0, 0x10, 0x0, 0x80, 0x7, 0xf8,

    /* U+B394 "뎔" */
    0x0, 0x27, 0xf1, 0x10, 0xf8, 0x80, 0x44, 0x2,
    0x21, 0xf1, 0x4, 0x8f, 0xc4, 0x0, 0x0, 0xff,
    0x0, 0x8, 0x3f, 0xc0, 0x80, 0x7, 0xf8,

    /* U+B3A0 "뎠" */
    0x0, 0x36, 0x18, 0x9f, 0x4, 0x87, 0xe4, 0x1,
    0x21, 0xf9, 0x0, 0x4f, 0xe2, 0x0, 0x40, 0x61,
    0x2, 0x18, 0x38, 0xc1, 0x29, 0x90, 0x85, 0x8,
    0x0,

    /* U+B3A1 "뎡" */
    0x0, 0x60, 0x45, 0xf0, 0xa1, 0xf4, 0x2, 0x87,
    0xd0, 0xa, 0x19, 0x7c, 0x20, 0x78, 0x10, 0x82,
    0x10, 0x42, 0x7, 0x80,

    /* U+B3A8 "뎨" */
    0x1, 0x90, 0x9, 0xc, 0x97, 0x9, 0x47, 0x94,
    0x9, 0x40, 0x94, 0x79, 0x40, 0x94, 0x9, 0x7c,
    0x90, 0x9, 0x0, 0x90, 0x9, 0x0, 0x10,

    /* U+B3AC "뎬" */
    0x0, 0xd0, 0x2, 0x9f, 0x14, 0x8f, 0xa4, 0x5,
    0x20, 0x29, 0x1f, 0x48, 0x4a, 0x7c, 0x50, 0xc2,
    0x82, 0x4, 0x10, 0x0, 0x80, 0x7, 0xfc,

    /* U+B3C4 "도" */
    0x3f, 0xf0, 0x40, 0x1, 0x0, 0x4, 0x0, 0x10,
    0x0, 0x40, 0x1, 0xff, 0x0, 0x40, 0x1, 0x0,
    0x4, 0xf, 0xff, 0xc0,

    /* U+B3C5 "독" */
    0x3f, 0xe0, 0x40, 0x1, 0x0, 0x4, 0x0, 0x1f,
    0xf0, 0x4, 0xf, 0xff, 0xc0, 0x0, 0x0, 0x0,
    0xff, 0x80, 0x2, 0x0, 0x8, 0x0, 0x20, 0x0,
    0x80,

    /* U+B3C8 "돈" */
    0x3f, 0xf0, 0x40, 0x1, 0x0, 0x4, 0x0, 0x1f,
    0xf0, 0x4, 0x0, 0x10, 0x3f, 0xff, 0x0, 0x0,
    0x40, 0x1, 0x0, 0x4, 0x0, 0x1f, 0xf0,

    /* U+B3CB "돋" */
    0x3f, 0xe0, 0x40, 0x1, 0x0, 0x4, 0x0, 0x1f,
    0xf0, 0x4, 0xf, 0xff, 0xc0, 0x0, 0x30, 0x0,
    0xff, 0x81, 0x0, 0x4, 0x0, 0x1f, 0xe0,

    /* U+B3CC "돌" */
    0x3f, 0xf0, 0x40, 0x1, 0x0, 0x4, 0x0, 0x1f,
    0xf0, 0x4, 0xf, 0xff, 0xc0, 0x0, 0x0, 0x0,
    0x7f, 0x80, 0x2, 0xf, 0xf8, 0x18, 0x0, 0x7f,
    0xc0,

    /* U+B3CE "돎" */
    0x3f, 0xf0, 0x30, 0x0, 0x60, 0x0, 0xc0, 0x0,
    0xff, 0x0, 0x20, 0x3f, 0xff, 0x80, 0x0, 0x0,
    0x0, 0x7f, 0xe0, 0xa, 0x41, 0xf4, 0x81, 0x9,
    0x3, 0xde, 0x0,

    /* U+B3D0 "돐" */
    0x1f, 0xf0, 0x10, 0x0, 0x20, 0x0, 0x40, 0x0,
    0xff, 0x0, 0x20, 0x3f, 0xff, 0x80, 0x0, 0x0,
    0x40, 0x3c, 0x40, 0x8, 0x81, 0xf3, 0x1, 0x15,
    0x3, 0xd1, 0x0, 0x42, 0x0,

    /* U+B3D4 "돔" */
    0x3f, 0xe0, 0x40, 0x1, 0x0, 0x4, 0x0, 0x1f,
    0xf0, 0x4, 0xf, 0xff, 0xc0, 0x0, 0x0, 0x0,
    0x7f, 0x81, 0x82, 0x2, 0x8, 0xf, 0xe0, 0x0,
    0x0,

    /* U+B3D5 "돕" */
    0x3f, 0xe0, 0x40, 0x1, 0x0, 0x4, 0x0, 0x1f,
    0xf0, 0x4, 0x0, 0x10, 0x3f, 0xff, 0x0, 0x0,
    0x60, 0x81, 0x82, 0x7, 0xf8, 0x18, 0x20, 0x7f,
    0x80, 0x0, 0x0,

    /* U+B3D7 "돗" */
    0x30, 0x0, 0xff, 0x81, 0x0, 0x4, 0x0, 0x1f,
    0xf0, 0x4, 0x0, 0x10, 0x3f, 0xff, 0x0, 0x0,
    0x4, 0x0, 0x10, 0x1, 0xa0, 0xc, 0x60, 0xc0,
    0x40,

    /* U+B3D9 "동" */
    0x3f, 0xe0, 0x40, 0x1, 0x0, 0x7, 0xfc, 0x1,
    0x0, 0x4, 0xf, 0xff, 0xc0, 0x0, 0x7, 0x80,
    0x23, 0x0, 0x84, 0x2, 0x10, 0x8, 0xc0, 0x1e,
    0x0,

    /* U+B3DB "돛" */
    0x3f, 0xf0, 0x40, 0x1, 0x0, 0x4, 0x0, 0x1f,
    0xf0, 0x4, 0xf, 0xff, 0xc0, 0x0, 0x7, 0x80,
    0x0, 0x3, 0xff, 0x0, 0x40, 0x2, 0x80, 0x31,
    0x83, 0x1, 0x0,

    /* U+B3DD "돝" */
    0x3f, 0xe0, 0x40, 0x1, 0x0, 0x4, 0x0, 0x1f,
    0xe0, 0x4, 0x0, 0x10, 0x3f, 0xff, 0x0, 0x0,
    0xff, 0x81, 0x0, 0x7, 0xf8, 0x10, 0x0, 0x7f,
    0x80,

    /* U+B3E0 "돠" */
    0x0, 0x30, 0x80, 0x21, 0xfe, 0x41, 0x0, 0x82,
    0x1, 0x4, 0x2, 0xf, 0xe7, 0x82, 0x8, 0x4,
    0x10, 0x8, 0x63, 0xfe, 0x43, 0x0, 0x80, 0x1,
    0x0, 0x2, 0x0, 0x4, 0x0,

    /* U+B3E4 "돤" */
    0x0, 0x30, 0xff, 0x20, 0x80, 0x41, 0x0, 0x82,
    0x1, 0x7, 0xf3, 0xc3, 0x4, 0x6, 0x38, 0x7f,
    0x90, 0x0, 0x20, 0x20, 0x0, 0x40, 0x0, 0x80,
    0x1, 0xff, 0x0,

    /* U+B3E8 "돨" */
    0x0, 0x30, 0xff, 0x20, 0x80, 0x41, 0x0, 0x83,
    0xf9, 0xe1, 0x82, 0x3, 0x3c, 0x3f, 0x88, 0x0,
    0x0, 0x3f, 0xe0, 0x0, 0x40, 0xff, 0x80, 0x80,
    0x1, 0xff, 0x0,

    /* U+B3FC "돼" */
    0x0, 0x18, 0x2, 0x7f, 0x92, 0x80, 0x94, 0x4,
    0xa0, 0x25, 0xf9, 0xe1, 0x9, 0x8, 0x48, 0x7e,
    0x78, 0x12, 0x0, 0x90, 0x4, 0x80, 0x24,

    /* U+B410 "됐" */
    0x0, 0xc8, 0x1, 0x27, 0xf4, 0x88, 0x12, 0x20,
    0x78, 0xfd, 0x20, 0x84, 0x82, 0x72, 0x7e, 0x48,
    0x20, 0x80, 0x43, 0x1, 0x8, 0xa, 0x50, 0x46,
    0x22, 0x10, 0x40,

    /* U+B418 "되" */
    0x0, 0x34, 0x1, 0x7f, 0x92, 0x1, 0x20, 0x12,
    0x1, 0x3f, 0x90, 0x41, 0x4, 0x10, 0x47, 0xff,
    0x90, 0x1, 0x0, 0x10, 0x1, 0x0, 0x10,

    /* U+B41C "된" */
    0x0, 0x13, 0xfc, 0x88, 0x4, 0x40, 0x22, 0x1,
    0x1f, 0xc8, 0x20, 0x41, 0x6, 0xff, 0xd0, 0x0,
    0x82, 0x0, 0x10, 0x0, 0x80, 0x7, 0xfc,

    /* U+B420 "될" */
    0x0, 0x33, 0xfc, 0x88, 0x4, 0x40, 0x23, 0xf9,
    0x4, 0x8, 0x21, 0xdf, 0xf2, 0x0, 0x0, 0xff,
    0x80, 0x4, 0x3f, 0xe0, 0x80, 0x7, 0xfc,

    /* U+B428 "됨" */
    0x0, 0x37, 0xf9, 0x20, 0x12, 0x1, 0x20, 0x13,
    0xf9, 0x4, 0x10, 0x47, 0xff, 0x90, 0x0, 0xf,
    0xf0, 0x41, 0x4, 0x10, 0x7f, 0x4, 0x0,

    /* U+B429 "됩" */
    0x40, 0x37, 0xf9, 0x20, 0x12, 0x1, 0x3f, 0x90,
    0x41, 0x4, 0x7f, 0xf9, 0x40, 0x0, 0xc3, 0x4,
    0x10, 0x7f, 0x4, 0x10, 0x7f,

    /* U+B42B "됫" */
    0x0, 0x33, 0xfc, 0x88, 0x4, 0x40, 0x22, 0x1,
    0x1f, 0xc8, 0x10, 0x40, 0x8e, 0xff, 0x90, 0x8,
    0x80, 0x64, 0x3, 0x0, 0x24, 0x2, 0x18, 0x60,
    0x40,

    /* U+B434 "됴" */
    0x3f, 0xf0, 0x40, 0x1, 0x0, 0x4, 0x0, 0x10,
    0x0, 0x40, 0x1, 0xff, 0x2, 0x10, 0xc, 0x40,
    0x31, 0xf, 0xff, 0xc0,

    /* U+B450 "두" */
    0x3f, 0xf0, 0x40, 0x1, 0x0, 0x4, 0x0, 0x1f,
    0xf0, 0x0, 0x0, 0x0, 0x3f, 0xff, 0x1, 0x0,
    0x4, 0x0, 0x10, 0x0, 0x40, 0x1, 0x0, 0x4,
    0x0,

    /* U+B451 "둑" */
    0x3f, 0xe0, 0x40, 0x1, 0x0, 0x4, 0x0, 0x1f,
    0xf0, 0x0, 0x0, 0x0, 0x3f, 0xff, 0x1, 0x0,
    0x4, 0x3, 0xfe, 0x0, 0x8, 0x0, 0x20, 0x0,
    0x80, 0x2, 0x0,

    /* U+B454 "둔" */
    0x3f, 0xe0, 0x40, 0x1, 0x0, 0x4, 0x0, 0x1f,
    0xe0, 0x0, 0xf, 0xff, 0xc0, 0x40, 0x1, 0x0,
    0x44, 0x1, 0x10, 0x4, 0x0, 0x1f, 0xf0,

    /* U+B458 "둘" */
    0x3f, 0xe0, 0x40, 0x1, 0x0, 0x4, 0x0, 0x1f,
    0xe0, 0x0, 0xf, 0xff, 0xc0, 0x40, 0x1, 0x0,
    0x7f, 0x80, 0x2, 0xf, 0xf8, 0x18, 0x0, 0x7f,
    0xc0,

    /* U+B460 "둠" */
    0x3f, 0xe0, 0x40, 0x1, 0x0, 0x4, 0x0, 0x1f,
    0xf0, 0x0, 0x0, 0x0, 0x3f, 0xff, 0x1, 0x0,
    0x4, 0x1, 0xfe, 0x6, 0x8, 0x8, 0x20, 0x3f,
    0x80,

    /* U+B461 "둡" */
    0x3f, 0xe0, 0x40, 0x1, 0x0, 0x4, 0x0, 0x1f,
    0xf0, 0x0, 0xf, 0xff, 0xd0, 0x40, 0x1, 0x0,
    0x64, 0x81, 0x82, 0x7, 0xf8, 0x18, 0x20, 0x7f,
    0x80,

    /* U+B463 "둣" */
    0x3f, 0xe0, 0x40, 0x1, 0x0, 0x4, 0x0, 0x1f,
    0xf0, 0x0, 0x0, 0x0, 0x3f, 0xff, 0x1, 0x0,
    0xc, 0x0, 0x10, 0x0, 0xc0, 0x6, 0x80, 0x31,
    0x83, 0x1, 0x0,

    /* U+B465 "둥" */
    0x3f, 0xe0, 0x40, 0x1, 0x0, 0x4, 0x0, 0x1f,
    0xf0, 0x0, 0x0, 0x0, 0x3f, 0xff, 0x1, 0x0,
    0x1e, 0x0, 0x8c, 0x6, 0x10, 0x18, 0x40, 0x23,
    0x0, 0x78, 0x0,

    /* U+B46C "둬" */
    0x0, 0x1b, 0xfc, 0x48, 0x2, 0x40, 0x12, 0x0,
    0x9f, 0xc4, 0x0, 0x20, 0xd, 0xff, 0x88, 0x20,
    0x41, 0x3e, 0x8, 0x10, 0x40, 0x82, 0x4,

    /* U+B480 "뒀" */
    0x0, 0x33, 0xf8, 0x88, 0x4, 0x40, 0x23, 0xf9,
    0x0, 0xb, 0xfe, 0x40, 0xbe, 0x4, 0x10, 0x42,
    0x1, 0x8, 0x8, 0xc0, 0xbd, 0x8, 0xcc, 0x88,
    0x20,

    /* U+B488 "뒈" */
    0x0, 0xc8, 0x2, 0x5f, 0x92, 0x80, 0x94, 0x4,
    0xbf, 0x24, 0x1, 0x20, 0xe9, 0xf8, 0x48, 0xbe,
    0x44, 0x12, 0x20, 0x91, 0x4, 0x88, 0x24, 0x0,
    0x20,

    /* U+B49D "뒝" */
    0x0, 0x6b, 0xf9, 0x48, 0xa, 0x40, 0x52, 0x2,
    0x9f, 0x94, 0x4, 0xaf, 0x45, 0x8, 0xe8, 0x47,
    0x42, 0x64, 0x2, 0x10, 0x10, 0x80, 0xc8, 0x3,
    0x80,

    /* U+B4A4 "뒤" */
    0x0, 0x17, 0xf9, 0x20, 0x12, 0x1, 0x20, 0x13,
    0xf9, 0x0, 0x10, 0x7, 0xff, 0x90, 0x41, 0x4,
    0x10, 0x41, 0x4, 0x10, 0x41, 0x0, 0x10,

    /* U+B4A8 "뒨" */
    0x0, 0x13, 0xfc, 0x88, 0x4, 0x40, 0x22, 0x1,
    0x1f, 0xc8, 0x0, 0x5f, 0xfe, 0x8, 0x10, 0x40,
    0x86, 0x4, 0x10, 0x0, 0x80, 0x7, 0xfc,

    /* U+B4AC "뒬" */
    0x0, 0x13, 0xfc, 0x88, 0x4, 0x40, 0x23, 0xf9,
    0x0, 0x8, 0x3, 0xdf, 0xe2, 0x4, 0x10, 0xff,
    0x80, 0x4, 0x3f, 0xe0, 0xc0, 0x7, 0xfc,

    /* U+B4B5 "뒵" */
    0x0, 0x17, 0xf9, 0x20, 0x12, 0x1, 0x3f, 0x90,
    0x1, 0x0, 0xff, 0xf1, 0x4, 0x10, 0x3, 0xc,
    0x10, 0x7f, 0x4, 0x10, 0x7f, 0x4, 0x0,

    /* U+B4B7 "뒷" */
    0x0, 0x13, 0xfc, 0x88, 0x4, 0x40, 0x23, 0xf9,
    0x0, 0x8, 0x3, 0xdf, 0xe2, 0x4, 0x10, 0x2c,
    0x81, 0x20, 0x2, 0x80, 0x22, 0x6, 0xc, 0x40,
    0x0,

    /* U+B4B9 "뒹" */
    0x40, 0x17, 0xf1, 0x20, 0x12, 0x1, 0x3f, 0x90,
    0x1, 0x0, 0xff, 0xd1, 0x8, 0x10, 0xbd, 0x6,
    0x30, 0x41, 0x4, 0x10, 0x63, 0x3, 0xc0,

    /* U+B4C0 "듀" */
    0x3f, 0xf0, 0x40, 0x1, 0x0, 0x4, 0x0, 0x1f,
    0xf0, 0x0, 0x0, 0x0, 0x3f, 0xff, 0x8, 0x40,
    0x21, 0x0, 0x84, 0x2, 0x10, 0x8, 0x40, 0x1,
    0x0,

    /* U+B4C4 "듄" */
    0x3f, 0xe0, 0x40, 0x1, 0x0, 0x4, 0x0, 0x1f,
    0xe0, 0x0, 0xf, 0xff, 0xc1, 0x20, 0x4, 0x80,
    0xd2, 0x1, 0x48, 0x4, 0x0, 0x1f, 0xf0,

    /* U+B4C8 "듈" */
    0x3f, 0xe0, 0x40, 0x1, 0x0, 0x4, 0x0, 0x1f,
    0xe0, 0x0, 0xf, 0xff, 0xc3, 0x10, 0x3f, 0xe0,
    0x7f, 0x80, 0x2, 0xf, 0xf8, 0x10, 0x0, 0x7f,
    0xc0,

    /* U+B4D0 "듐" */
    0x3f, 0xe0, 0x40, 0x1, 0x0, 0x4, 0x0, 0x1f,
    0xf0, 0x0, 0x0, 0x0, 0x3f, 0xff, 0xc, 0x40,
    0x31, 0x1, 0xfe, 0x6, 0x8, 0x18, 0x20, 0x3f,
    0x81, 0x0, 0x0,

    /* U+B4D5 "듕" */
    0x3f, 0xe0, 0x40, 0x1, 0x0, 0x4, 0x0, 0x1f,
    0xf0, 0x0, 0x0, 0x0, 0x3f, 0xff, 0x8, 0x40,
    0x3f, 0x0, 0x84, 0x2, 0x10, 0x18, 0x40, 0x21,
    0x0, 0x78, 0x0,

    /* U+B4DC "드" */
    0x3f, 0xf0, 0x40, 0x1, 0x0, 0x4, 0x0, 0x10,
    0x0, 0x7f, 0xc0, 0x0, 0x0, 0x0, 0x0, 0x3,
    0xff, 0xf0,

    /* U+B4DD "득" */
    0x3f, 0xe0, 0x40, 0x1, 0x0, 0x4, 0x0, 0x10,
    0x0, 0x7f, 0xc0, 0x0, 0x3f, 0xff, 0x0, 0x0,
    0x0, 0x3, 0xfe, 0x0, 0x8, 0x0, 0x20, 0x0,
    0x80, 0x2, 0x0,

    /* U+B4E0 "든" */
    0x3f, 0xe0, 0x40, 0x1, 0x0, 0x4, 0x0, 0x1f,
    0xe0, 0x0, 0xf, 0xff, 0xc0, 0x0, 0x0, 0x0,
    0x40, 0x1, 0x0, 0x4, 0x0, 0xf, 0xf0,

    /* U+B4E3 "듣" */
    0xf, 0xe0, 0x40, 0x1, 0x0, 0x4, 0x0, 0x10,
    0x0, 0x7f, 0x80, 0x0, 0x3f, 0xff, 0x0, 0x0,
    0xc0, 0x3, 0xfe, 0x4, 0x0, 0x10, 0x0, 0x7f,
    0x80,

    /* U+B4E4 "들" */
    0x3f, 0xe0, 0x40, 0x1, 0x0, 0x4, 0x0, 0x1f,
    0xe0, 0x0, 0xf, 0xff, 0xc0, 0x0, 0x0, 0x0,
    0x7f, 0x80, 0x2, 0x7, 0xf8, 0x10, 0x0, 0x7f,
    0xc0,

    /* U+B4E6 "듦" */
    0x3f, 0xf0, 0x30, 0x0, 0x60, 0x0, 0xc0, 0x0,
    0xff, 0x0, 0x0, 0x3f, 0xff, 0x0, 0x0, 0x0,
    0x0, 0x7f, 0xe0, 0xa, 0x41, 0xf4, 0x81, 0x9,
    0x3, 0xde, 0x0,

    /* U+B4EC "듬" */
    0xf, 0xe0, 0x40, 0x1, 0x0, 0x4, 0x0, 0x10,
    0x0, 0x7f, 0xc0, 0x0, 0x3f, 0xff, 0x0, 0x0,
    0x7f, 0x81, 0x82, 0x6, 0x8, 0x8, 0x20, 0x3f,
    0x80,

    /* U+B4ED "듭" */
    0x3f, 0xe0, 0x40, 0x1, 0x0, 0x4, 0x0, 0x1f,
    0xf0, 0x0, 0x0, 0x0, 0x3f, 0xff, 0x0, 0x0,
    0x41, 0x81, 0x82, 0x7, 0xf8, 0x18, 0x20, 0x7f,
    0x81, 0x0, 0x0,

    /* U+B4EF "듯" */
    0x3f, 0xe0, 0x40, 0x1, 0x0, 0x7, 0xfc, 0x0,
    0x0, 0x0, 0xf, 0xff, 0xc0, 0x0, 0x2, 0x0,
    0xc, 0x0, 0x30, 0x1, 0x20, 0x18, 0x60, 0x80,
    0x40,

    /* U+B4F1 "등" */
    0x3f, 0xe0, 0x40, 0x1, 0x0, 0x7, 0xfc, 0x0,
    0x0, 0x0, 0xf, 0xff, 0xc0, 0x0, 0x7, 0x80,
    0x23, 0x1, 0x84, 0x6, 0x10, 0x8, 0xc0, 0x1e,
    0x0,

    /* U+B4F8 "듸" */
    0x0, 0x34, 0x1, 0x7f, 0x92, 0x1, 0x20, 0x12,
    0x1, 0x3f, 0x90, 0x1, 0x0, 0x10, 0xf, 0xff,
    0x10, 0x1, 0x0, 0x10, 0x1, 0x0, 0x10,

    /* U+B514 "디" */
    0x0, 0x60, 0x7, 0xf8, 0xa0, 0x14, 0x2, 0x80,
    0x50, 0xa, 0x1, 0x41, 0xef, 0xc4, 0x0, 0x80,
    0x10, 0x2, 0x0, 0x40,

    /* U+B515 "딕" */
    0x0, 0x2f, 0xc5, 0x0, 0xa0, 0x14, 0x2, 0x80,
    0x50, 0x7b, 0xf1, 0x0, 0x27, 0xfc, 0x0, 0x80,
    0x10, 0x2, 0x0, 0x40, 0x8,

    /* U+B518 "딘" */
    0x0, 0x34, 0x0, 0xbf, 0xc4, 0x80, 0x24, 0x1,
    0x20, 0x9, 0x1, 0xcf, 0xf2, 0x0, 0x10, 0xc0,
    0x82, 0x0, 0x10, 0x0, 0x80, 0x7, 0xfc,

    /* U+B51B "딛" */
    0x0, 0x27, 0xf2, 0x40, 0x24, 0x2, 0x40, 0x24,
    0x2, 0x41, 0xe7, 0xe2, 0x0, 0x1, 0xfe, 0x8,
    0x0, 0x80, 0x8, 0x0, 0xff,

    /* U+B51C "딜" */
    0x0, 0x27, 0xf9, 0x10, 0x8, 0x80, 0x44, 0x2,
    0x20, 0x71, 0xfc, 0x80, 0x0, 0x1f, 0xe0, 0x1,
    0x0, 0x8, 0x3f, 0xc0, 0x80, 0x7, 0xfc,

    /* U+B524 "딤" */
    0x0, 0x2f, 0xc5, 0x0, 0xa0, 0x14, 0x2, 0x80,
    0x50, 0x7b, 0xe1, 0x0, 0x23, 0xfc, 0x20, 0x84,
    0x10, 0x82, 0x1f, 0xc0,

    /* U+B525 "딥" */
    0x0, 0x3f, 0xc5, 0x0, 0xa0, 0x14, 0x2, 0x81,
    0xdf, 0xc8, 0x1, 0x0, 0x43, 0x4, 0x20, 0x87,
    0xf0, 0x82, 0x1f, 0xc0,

    /* U+B527 "딧" */
    0x0, 0x27, 0xe2, 0x40, 0x24, 0x2, 0x40, 0x24,
    0x2, 0x41, 0xe7, 0xc2, 0x0, 0x20, 0x32, 0x3,
    0x0, 0x68, 0x8, 0x63, 0x3,

    /* U+B528 "딨" */
    0x0, 0x23, 0xe2, 0x40, 0x24, 0x2, 0x40, 0x24,
    0x2, 0x41, 0xe7, 0xe2, 0x0, 0x21, 0x8c, 0x8,
    0x40, 0x8c, 0x14, 0xa2, 0x33, 0x42, 0x10,

    /* U+B529 "딩" */
    0x0, 0x27, 0xe5, 0x0, 0xa0, 0x14, 0x2, 0x80,
    0x50, 0x7b, 0xf1, 0x0, 0x20, 0x7c, 0x10, 0x82,
    0x10, 0x42, 0x7, 0x80,

    /* U+B52A "딪" */
    0x0, 0x2f, 0xe2, 0x40, 0x24, 0x2, 0x40, 0x24,
    0xe, 0x7f, 0x20, 0x2, 0x0, 0x3, 0xfe, 0x3,
    0x0, 0x30, 0xc, 0xe1, 0x3, 0x20, 0x0,

    /* U+B530 "따" */
    0x0, 0x60, 0x0, 0x8f, 0x7a, 0x11, 0x8, 0x44,
    0x21, 0x10, 0x84, 0x43, 0xd1, 0x8, 0x44, 0x61,
    0xfe, 0x80, 0x2, 0x0, 0x8, 0x0, 0x20, 0x0,
    0x80, 0x2, 0x0,

    /* U+B531 "딱" */
    0x0, 0x31, 0xff, 0x21, 0x10, 0x42, 0x20, 0x84,
    0x41, 0xe8, 0x82, 0x11, 0x1c, 0x3f, 0xc8, 0x0,
    0x10, 0x7f, 0xe0, 0x0, 0x40, 0x0, 0x80, 0x1,
    0x0, 0x2, 0x0, 0x4, 0x0,

    /* U+B534 "딴" */
    0x0, 0x30, 0x0, 0x23, 0xde, 0x42, 0x20, 0x84,
    0x41, 0x8, 0x83, 0xd1, 0x4, 0x26, 0x78, 0x77,
    0x10, 0x20, 0x20, 0x20, 0x0, 0x40, 0x0, 0x80,
    0x1, 0xfe, 0x0,

    /* U+B538 "딸" */
    0x0, 0x23, 0xde, 0x84, 0x42, 0x11, 0x8, 0x44,
    0x3d, 0x10, 0x87, 0xfe, 0x0, 0x0, 0x1f, 0xe0,
    0x0, 0x80, 0x2, 0x7, 0xf8, 0x8, 0x0, 0x3f,
    0xc0,

    /* U+B540 "땀" */
    0x0, 0x23, 0xfe, 0x84, 0x42, 0x11, 0x8, 0x44,
    0x3d, 0x10, 0x84, 0x46, 0x1f, 0xe8, 0x0, 0x20,
    0x3f, 0x80, 0x82, 0x2, 0x8, 0x8, 0x20, 0x3f,
    0x80,

    /* U+B541 "땁" */
    0x0, 0x70, 0x0, 0x21, 0xde, 0x42, 0x20, 0x84,
    0x41, 0xe8, 0x82, 0x13, 0x3c, 0x3b, 0x88, 0x0,
    0x20, 0x30, 0x20, 0x20, 0x40, 0x7f, 0x80, 0x81,
    0x1, 0xfc, 0x2, 0x0, 0x0,

    /* U+B543 "땃" */
    0x0, 0x30, 0x41, 0x21, 0x1c, 0x42, 0x20, 0x84,
    0x41, 0x68, 0x83, 0x13, 0x1c, 0x3b, 0xc8, 0x2,
    0x10, 0x3, 0x20, 0xe, 0x0, 0x32, 0x0, 0xc3,
    0x2, 0x3, 0x0,

    /* U+B544 "땄" */
    0x0, 0x30, 0x1, 0x21, 0xdc, 0x42, 0x20, 0x84,
    0x41, 0x68, 0x83, 0x13, 0x3c, 0x3b, 0x88, 0x0,
    0x10, 0x18, 0x60, 0x20, 0x80, 0x63, 0x1, 0x25,
    0x4, 0x11, 0x10, 0x40, 0x0,

    /* U+B545 "땅" */
    0x0, 0x60, 0x0, 0x8f, 0xfa, 0x11, 0x8, 0x44,
    0x3d, 0x10, 0x84, 0x46, 0x1c, 0xe8, 0x0, 0x20,
    0xf, 0x0, 0x42, 0x1, 0x8, 0x4, 0x20, 0xf,
    0x0,

    /* U+B54B "땋" */
    0x0, 0x30, 0x2, 0x47, 0x71, 0x11, 0x4, 0x44,
    0x1d, 0x33, 0xc7, 0x31, 0x0, 0x4, 0x3, 0xc0,
    0xff, 0xe0, 0x3c, 0x1, 0x18, 0x4, 0x20, 0x11,
    0x80, 0x3c, 0x0,

    /* U+B54C "때" */
    0x0, 0x18, 0x6, 0x40, 0x13, 0xee, 0x94, 0x44,
    0xa2, 0x25, 0x11, 0xe8, 0x89, 0x44, 0x4b, 0xfe,
    0x40, 0x12, 0x0, 0x90, 0x4, 0x80, 0x24, 0x0,
    0x20,

    /* U+B54D "땍" */
    0x0, 0xc8, 0x2, 0x7f, 0xd2, 0x88, 0x94, 0x47,
    0xa2, 0x25, 0x13, 0x2f, 0xe9, 0x0, 0x0, 0x7f,
    0xc0, 0x2, 0x0, 0x10, 0x0, 0x80, 0x4, 0x0,
    0x20,

    /* U+B550 "땐" */
    0x0, 0xc8, 0x2, 0x7f, 0xd2, 0x88, 0x94, 0x47,
    0xa2, 0x25, 0x13, 0x2f, 0xe9, 0x0, 0x48, 0x62,
    0x41, 0x2, 0x8, 0x0, 0x40, 0x3, 0xfc,

    /* U+B554 "땔" */
    0x0, 0x4b, 0xfd, 0x24, 0x44, 0x91, 0x12, 0x44,
    0x79, 0x11, 0x27, 0xfc, 0x80, 0x12, 0x0, 0x0,
    0x1f, 0xe0, 0x0, 0x83, 0xfe, 0x4, 0x0, 0x1f,
    0xf0,

    /* U+B55C "땜" */
    0x0, 0xc8, 0x2, 0x7f, 0xd2, 0x88, 0x94, 0x47,
    0xa2, 0x25, 0x11, 0x2f, 0xf9, 0x0, 0x0, 0x3f,
    0xc0, 0x82, 0x4, 0x10, 0x20, 0x81, 0xfc,

    /* U+B55D "땝" */
    0x0, 0xc8, 0x2, 0x7f, 0xd2, 0x88, 0x94, 0x47,
    0xa2, 0x25, 0x13, 0x2f, 0xe9, 0x0, 0x0, 0x30,
    0xc0, 0x82, 0x7, 0xf0, 0x20, 0x81, 0xfc, 0x8,
    0x0,

    /* U+B55F "땟" */
    0x0, 0xc8, 0x1, 0x2f, 0xf4, 0x91, 0x12, 0x44,
    0x79, 0x11, 0x24, 0x44, 0x9f, 0xf2, 0x0, 0x48,
    0x2, 0x20, 0x8, 0x0, 0x50, 0x2, 0x30, 0x30,
    0x20, 0x0, 0x0,

    /* U+B560 "땠" */
    0x0, 0xc8, 0x1, 0x2f, 0xf4, 0x91, 0x12, 0x44,
    0x79, 0x11, 0x24, 0x4c, 0x9f, 0xd2, 0x0, 0x8,
    0x18, 0xc0, 0x63, 0x1, 0x8c, 0x9, 0x48, 0x42,
    0x12, 0x10, 0x0,

    /* U+B561 "땡" */
    0x0, 0x90, 0x2, 0xbf, 0xd4, 0x88, 0xa4, 0x47,
    0x22, 0x29, 0x11, 0x4f, 0xfa, 0x0, 0x10, 0xf,
    0x80, 0xcc, 0x4, 0x20, 0x21, 0x1, 0x98, 0x7,
    0x80,

    /* U+B5A0 "떠" */
    0x0, 0x30, 0x1, 0x0, 0x9f, 0x79, 0x44, 0x14,
    0x41, 0x44, 0xf4, 0x41, 0x44, 0x14, 0xc5, 0x77,
    0x90, 0x1, 0x0, 0x10, 0x1, 0x0, 0x10,

    /* U+B5A1 "떡" */
    0x0, 0x1f, 0xf9, 0x44, 0x14, 0x41, 0x44, 0xf4,
    0x41, 0x4f, 0xd7, 0x1, 0x0, 0x1, 0xff, 0x0,
    0x10, 0x1, 0x0, 0x10, 0x1, 0x0, 0x10,

    /* U+B5A4 "떤" */
    0x0, 0x30, 0x0, 0x47, 0xf9, 0x11, 0x4, 0x44,
    0xf1, 0x10, 0x44, 0x41, 0x1f, 0xf4, 0x62, 0x10,
    0x20, 0x40, 0x40, 0x1, 0x0, 0x4, 0x0, 0x1f,
    0xe0,

    /* U+B5A8 "떨" */
    0x0, 0x13, 0xfe, 0x44, 0x41, 0x11, 0x3c, 0x44,
    0x11, 0x13, 0x47, 0xb1, 0x0, 0x0, 0xf, 0xf0,
    0x0, 0x40, 0x1, 0x3, 0xfc, 0x4, 0x0, 0x1f,
    0xf0,

    /* U+B5AA "떪" */
    0x0, 0x1f, 0xf9, 0x44, 0x14, 0x4f, 0x44, 0x14,
    0x41, 0x5f, 0x92, 0x0, 0x3f, 0xf0, 0x29, 0x2,
    0x93, 0xe9, 0x10, 0x91, 0xef,

    /* U+B5AB "떫" */
    0x0, 0x1f, 0xf9, 0x44, 0x14, 0x4f, 0x44, 0x14,
    0x41, 0x5f, 0x92, 0x1, 0x3f, 0x90, 0x29, 0x2,
    0xf3, 0xe9, 0x10, 0x91, 0xef,

    /* U+B5B0 "떰" */
    0x0, 0x1f, 0xf9, 0x44, 0x14, 0x41, 0x44, 0xf4,
    0x41, 0x4d, 0xd7, 0x21, 0x0, 0x0, 0xff, 0x4,
    0x10, 0x41, 0x4, 0x10, 0x7f,

    /* U+B5B1 "떱" */
    0x0, 0x31, 0xd9, 0xf7, 0x94, 0x41, 0x44, 0xf4,
    0x41, 0x44, 0x57, 0xb9, 0x0, 0x20, 0xc1, 0x4,
    0x10, 0x7f, 0x4, 0x10, 0x7f,

    /* U+B5B3 "떳" */
    0x0, 0x30, 0x4, 0xbd, 0xc4, 0x88, 0x24, 0x4f,
    0x22, 0x9, 0x11, 0x4f, 0xf2, 0x1, 0x10, 0xc,
    0x80, 0x60, 0x4, 0x80, 0xc3, 0x8, 0xc,

    /* U+B5B4 "떴" */
    0x0, 0x30, 0x4, 0x9d, 0xc4, 0x88, 0x24, 0x4f,
    0x22, 0x9, 0x11, 0x4f, 0xf2, 0x8, 0x40, 0x21,
    0x1, 0x8, 0x14, 0xc1, 0x29, 0x90, 0x84, 0x8,
    0x0,

    /* U+B5B5 "떵" */
    0x0, 0x1f, 0xf9, 0x44, 0x14, 0x41, 0x44, 0xf4,
    0x41, 0x44, 0x57, 0xf9, 0x0, 0x10, 0x3e, 0x6,
    0x30, 0x41, 0x6, 0x30, 0x3e,

    /* U+B5BB "떻" */
    0x0, 0x30, 0x8c, 0x99, 0x84, 0x89, 0xe4, 0x41,
    0x22, 0x9, 0xfe, 0x40, 0x2, 0x3, 0xc0, 0xff,
    0xc0, 0xf0, 0x8, 0xc0, 0x42, 0x2, 0x30, 0xf,
    0x0,

    /* U+B5BC "떼" */
    0x0, 0xd8, 0x2, 0x7f, 0xd2, 0x88, 0x94, 0x44,
    0xa2, 0xe5, 0x11, 0x28, 0x89, 0x44, 0x4b, 0xfa,
    0x40, 0x12, 0x0, 0x90, 0x4, 0x80, 0x4, 0x0,
    0x20,

    /* U+B5BD "떽" */
    0x0, 0xd8, 0x2, 0x7f, 0xd2, 0x88, 0x94, 0x5c,
    0xa2, 0x25, 0x35, 0x2e, 0x49, 0x0, 0x0, 0x7f,
    0xc0, 0x2, 0x0, 0x10, 0x0, 0x80, 0x4, 0x0,
    0x20,

    /* U+B5C0 "뗀" */
    0x0, 0xd8, 0x2, 0x7f, 0xd2, 0x88, 0x94, 0x5c,
    0xa2, 0x25, 0x11, 0x29, 0x89, 0x77, 0x48, 0x62,
    0x41, 0x2, 0x8, 0x0, 0x40, 0x3, 0xfc,

    /* U+B5C4 "뗄" */
    0x0, 0xd8, 0x1, 0x2f, 0xf4, 0x91, 0x12, 0x45,
    0xc9, 0x11, 0x24, 0x44, 0x9f, 0xd2, 0x0, 0x0,
    0x1f, 0xe0, 0x0, 0x83, 0xfe, 0x4, 0x0, 0x1f,
    0xf0,

    /* U+B5CC "뗌" */
    0x0, 0xd8, 0x2, 0x7f, 0xd2, 0x88, 0x94, 0x5c,
    0xa2, 0x25, 0x11, 0x2f, 0xe9, 0x0, 0x0, 0x3f,
    0xc0, 0x82, 0x4, 0x10, 0x20, 0x81, 0xfc,

    /* U+B5CD "뗍" */
    0x0, 0xd8, 0x2, 0x7d, 0xd2, 0x88, 0x94, 0x5c,
    0xa2, 0x25, 0x11, 0x2f, 0xe9, 0x0, 0x0, 0x30,
    0xc0, 0x82, 0x7, 0xf0, 0x20, 0x81, 0xfc, 0x0,
    0x0,

    /* U+B5CF "뗏" */
    0x0, 0xd8, 0x2, 0x7f, 0xd2, 0x88, 0x94, 0x5c,
    0xa2, 0x25, 0x11, 0x2f, 0xe9, 0x1, 0x48, 0x4,
    0x40, 0x60, 0x6, 0x80, 0x63, 0x4, 0x4,

    /* U+B5D0 "뗐" */
    0x0, 0xd8, 0x1, 0x2f, 0x74, 0x91, 0x12, 0x45,
    0xc9, 0x11, 0x24, 0x44, 0x9f, 0xd2, 0x4, 0x60,
    0x8, 0xc0, 0x42, 0x1, 0x94, 0x9, 0xc8, 0x44,
    0x10, 0x0, 0x0,

    /* U+B5D1 "뗑" */
    0x0, 0xd0, 0x5, 0xff, 0x54, 0x45, 0x45, 0xd4,
    0x45, 0x44, 0x57, 0xfd, 0x0, 0x50, 0x1f, 0x3,
    0x30, 0x21, 0x2, 0x10, 0x33, 0x1, 0xe0,

    /* U+B5D8 "뗘" */
    0x0, 0x30, 0x1, 0x1, 0x9f, 0x79, 0x44, 0x14,
    0x4f, 0x44, 0x14, 0x4f, 0x44, 0x14, 0xc5, 0x77,
    0x90, 0x1, 0x0, 0x10, 0x1, 0x0, 0x10,

    /* U+B5EC "뗬" */
    0x0, 0x37, 0xbc, 0x91, 0x3c, 0x88, 0x24, 0x41,
    0x22, 0x79, 0x33, 0x4e, 0xc2, 0x8, 0x60, 0x21,
    0x3, 0x18, 0x14, 0xa1, 0x9, 0x90, 0x84, 0x8,
    0x0,

    /* U+B610 "또" */
    0x0, 0x11, 0xff, 0xc2, 0x8, 0x8, 0x20, 0x20,
    0x80, 0x8a, 0x3, 0xcf, 0x0, 0xc0, 0x1, 0x0,
    0x4, 0xf, 0xff, 0xc0,

    /* U+B611 "똑" */
    0x0, 0x11, 0xff, 0xc2, 0x8, 0x8, 0xa0, 0x3c,
    0x70, 0x4, 0x0, 0x10, 0x3f, 0xff, 0x0, 0x0,
    0x0, 0x3, 0xfe, 0x0, 0x8, 0x0, 0x20, 0x0,
    0x80, 0x2, 0x0,

    /* U+B614 "똔" */
    0x0, 0x11, 0xff, 0xc2, 0x8, 0x8, 0x20, 0x22,
    0x90, 0xf1, 0x80, 0x10, 0x0, 0x40, 0xff, 0xfc,
    0x0, 0x1, 0x80, 0x6, 0x0, 0x18, 0x0, 0x7f,
    0xc0,

    /* U+B618 "똘" */
    0x7f, 0xf0, 0x82, 0x2, 0x8, 0x8, 0x20, 0x3e,
    0xf0, 0x4, 0x0, 0x10, 0x3f, 0xff, 0x0, 0x0,
    0x7f, 0x80, 0x2, 0xf, 0xf8, 0x18, 0x0, 0x7f,
    0xc0,

    /* U+B625 "똥" */
    0x4, 0x30, 0xff, 0xc2, 0x10, 0x8, 0x40, 0x2e,
    0xf0, 0xec, 0x0, 0x10, 0x20, 0x7f, 0x7e, 0x0,
    0x1e, 0x0, 0xcc, 0x6, 0x10, 0x18, 0x40, 0x23,
    0x0, 0x78, 0x0,

    /* U+B62C "똬" */
    0x0, 0x30, 0x0, 0x23, 0xfe, 0x42, 0x20, 0x84,
    0x41, 0x8, 0x82, 0x1e, 0xe7, 0x86, 0x8, 0x4,
    0x10, 0x8, 0xe3, 0xfe, 0x40, 0x0, 0x80, 0x1,
    0x0, 0x2, 0x0, 0x4, 0x0,

    /* U+B634 "똴" */
    0x0, 0x23, 0xfe, 0x84, 0x42, 0x11, 0x8, 0x7f,
    0xbc, 0x30, 0x80, 0x4e, 0x3f, 0xc8, 0x0, 0x0,
    0x7f, 0x80, 0x2, 0x7, 0xf8, 0x8, 0x0, 0x3f,
    0xe0,

    /* U+B648 "뙈" */
    0x0, 0x18, 0x2, 0x7f, 0xd2, 0x90, 0x94, 0x84,
    0xa4, 0x25, 0xdd, 0xe3, 0x9, 0x8, 0x48, 0x4e,
    0x7f, 0x92, 0x0, 0x90, 0x4, 0x80, 0x24, 0x0,
    0x20,

    /* U+B664 "뙤" */
    0x0, 0x30, 0x9, 0xff, 0x94, 0x41, 0x44, 0x14,
    0x41, 0x7b, 0xd0, 0xc1, 0x4, 0x10, 0x47, 0xff,
    0x90, 0x1, 0x0, 0x10, 0x1, 0x0, 0x10,

    /* U+B668 "뙨" */
    0x0, 0x37, 0xbc, 0x91, 0x4, 0x88, 0x24, 0x41,
    0x3d, 0xc8, 0x30, 0x40, 0x8e, 0xfe, 0x90, 0x0,
    0x86, 0x0, 0x10, 0x0, 0x80, 0x7, 0xfc,

    /* U+B69C "뚜" */
    0x0, 0x1, 0xfb, 0xc2, 0x8, 0x8, 0x20, 0x22,
    0x80, 0xf3, 0xc0, 0x0, 0x0, 0x0, 0xff, 0xfc,
    0x4, 0x0, 0x10, 0x0, 0x40, 0x1, 0x0, 0x4,
    0x0, 0x10, 0x0,

    /* U+B69D "뚝" */
    0x4, 0x10, 0xff, 0xc2, 0x8, 0x8, 0x20, 0x2e,
    0xb0, 0xe1, 0xc0, 0x0, 0x3f, 0xff, 0x1, 0x0,
    0x4, 0x3, 0xfe, 0x0, 0x8, 0x0, 0x20, 0x0,
    0x80, 0x2, 0x0,

    /* U+B6A0 "뚠" */
    0x7f, 0xf0, 0x82, 0x2, 0x8, 0x8, 0xa0, 0x3c,
    0xf0, 0x0, 0xf, 0xff, 0xc0, 0x40, 0x1, 0x0,
    0x44, 0x1, 0x10, 0x4, 0x0, 0x1f, 0xf0,

    /* U+B6A4 "뚤" */
    0x7f, 0xf0, 0x82, 0x2, 0x8, 0x8, 0xa0, 0x3c,
    0xf0, 0x0, 0xf, 0xff, 0xc0, 0x40, 0x1, 0x0,
    0x7f, 0x80, 0x2, 0xf, 0xf8, 0x10, 0x0, 0x7f,
    0xc0,

    /* U+B6AB "뚫" */
    0x7d, 0xf0, 0x84, 0x2, 0x10, 0x8, 0xc0, 0x3d,
    0xf0, 0x0, 0xf, 0xff, 0xc0, 0x80, 0x2, 0xe0,
    0xf0, 0x0, 0x7f, 0x1f, 0x38, 0x21, 0x10, 0xf4,
    0x40, 0xe, 0x0,

    /* U+B6AC "뚬" */
    0x0, 0x11, 0xff, 0xc2, 0x8, 0x8, 0x20, 0x3c,
    0xf0, 0x0, 0x0, 0x0, 0x3f, 0xff, 0x1, 0x0,
    0x7f, 0x81, 0x82, 0x6, 0x8, 0x8, 0x20, 0x3f,
    0x80,

    /* U+B6B1 "뚱" */
    0x0, 0x11, 0xff, 0xc2, 0x8, 0x8, 0x20, 0x3c,
    0xf0, 0x0, 0x0, 0x0, 0x3f, 0xff, 0x1, 0x0,
    0x1f, 0x0, 0xc6, 0x6, 0x8, 0x18, 0x20, 0x31,
    0x80, 0x78, 0x0,

    /* U+B6D4 "뛔" */
    0x0, 0x18, 0x2, 0x5f, 0xd2, 0x88, 0x94, 0x44,
    0xa6, 0x25, 0xdd, 0x20, 0x39, 0xfe, 0x48, 0x42,
    0x42, 0x72, 0x10, 0x90, 0x84, 0x84, 0x24, 0x0,
    0x20,

    /* U+B6F0 "뛰" */
    0x0, 0x37, 0xf9, 0x44, 0x14, 0x41, 0x44, 0x14,
    0x41, 0x7b, 0xd0, 0x1, 0x0, 0xff, 0xf1, 0x4,
    0x10, 0x41, 0x4, 0x10, 0x41, 0x0, 0x10,

    /* U+B6F4 "뛴" */
    0x0, 0x19, 0xff, 0x22, 0x20, 0x88, 0x82, 0x22,
    0x8, 0xf7, 0x20, 0x1, 0x9f, 0xfa, 0x4, 0x8,
    0x10, 0x20, 0xc0, 0x81, 0x0, 0x4, 0x0, 0x1f,
    0xf0,

    /* U+B6F8 "뛸" */
    0x0, 0x18, 0xef, 0x22, 0x20, 0x88, 0x82, 0x3f,
    0xc8, 0x0, 0x20, 0xf, 0x9f, 0xc2, 0x4, 0x8,
    0x3f, 0xe0, 0x1, 0x83, 0xfe, 0x4, 0x0, 0x1f,
    0xf0,

    /* U+B700 "뜀" */
    0x0, 0x1b, 0xfe, 0x48, 0x82, 0x44, 0x12, 0x64,
    0x8c, 0xc4, 0x3, 0xef, 0xe1, 0x4, 0x8, 0x20,
    0x3, 0xfe, 0x8, 0x10, 0x40, 0x83, 0xfc,

    /* U+B701 "뜁" */
    0x0, 0x1b, 0xfe, 0x49, 0x82, 0x4c, 0x12, 0xbc,
    0x88, 0x4, 0x3, 0xef, 0xe1, 0x4, 0x8, 0x40,
    0xc1, 0x2, 0xf, 0xf0, 0x40, 0x83, 0xfc, 0x10,
    0x0,

    /* U+B705 "뜅" */
    0x0, 0x17, 0xfd, 0x22, 0x12, 0x21, 0x26, 0x51,
    0x99, 0x1, 0xf7, 0xe1, 0x4, 0x10, 0x5f, 0x3,
    0x30, 0x21, 0x2, 0x10, 0x23, 0x1, 0xe0,

    /* U+B728 "뜨" */
    0x7e, 0xf8, 0x41, 0x0, 0x82, 0x1, 0x4, 0x2,
    0x8, 0x7, 0x9f, 0x0, 0x0, 0x0, 0x0, 0x0,
    0x1, 0xff, 0xfc,

    /* U+B729 "뜩" */
    0x0, 0x11, 0xf7, 0xc2, 0x10, 0x8, 0x40, 0x21,
    0x0, 0xf7, 0xc0, 0x0, 0x3f, 0xff, 0x0, 0x0,
    0x0, 0x3, 0xfe, 0x0, 0x8, 0x0, 0x20, 0x0,
    0x80, 0x2, 0x0,

    /* U+B72C "뜬" */
    0x7d, 0xf0, 0x84, 0x2, 0x10, 0x8, 0x40, 0x3d,
    0xf0, 0x0, 0xf, 0xff, 0xc0, 0x0, 0x0, 0x0,
    0x40, 0x1, 0x0, 0x4, 0x0, 0x1f, 0xf0,

    /* U+B72F "뜯" */
    0x0, 0x1, 0xf7, 0xc2, 0x10, 0x8, 0x40, 0x21,
    0x0, 0xf7, 0xc0, 0x0, 0x3f, 0xff, 0x0, 0x0,
    0xc0, 0x3, 0xfe, 0x4, 0x0, 0x10, 0x0, 0x7f,
    0x80,

    /* U+B730 "뜰" */
    0x7d, 0xf0, 0x84, 0x2, 0x10, 0x8, 0x40, 0x3d,
    0xf0, 0x0, 0xf, 0xff, 0xc0, 0x0, 0x0, 0x0,
    0x7f, 0x80, 0x2, 0xf, 0xf8, 0x10, 0x0, 0x7f,
    0xc0,

    /* U+B738 "뜸" */
    0x0, 0x11, 0xf7, 0xc2, 0x10, 0x8, 0x40, 0x23,
    0x0, 0xf7, 0xc0, 0x0, 0x3f, 0xff, 0x0, 0x0,
    0x7f, 0x81, 0x2, 0x4, 0x8, 0x10, 0x20, 0x7f,
    0x80,

    /* U+B739 "뜹" */
    0x0, 0x11, 0xf7, 0xc2, 0x10, 0x8, 0x40, 0x3d,
    0xf0, 0x0, 0x0, 0x0, 0x3f, 0xff, 0x0, 0x0,
    0xc1, 0x81, 0x2, 0x7, 0xf8, 0x10, 0x20, 0x7f,
    0x81, 0x0, 0x0,

    /* U+B73B "뜻" */
    0x0, 0x31, 0xf7, 0xc2, 0x10, 0x8, 0x40, 0x23,
    0x0, 0xf7, 0xc0, 0x0, 0x3f, 0xff, 0x0, 0x0,
    0x18, 0x0, 0x20, 0x1, 0xc0, 0x4, 0x80, 0x61,
    0x82, 0x1, 0x0,

    /* U+B744 "띄" */
    0x0, 0x30, 0x1, 0xff, 0x94, 0x41, 0x44, 0x14,
    0x41, 0x4c, 0x97, 0x79, 0x0, 0x10, 0x7, 0xfe,
    0x90, 0x1, 0x0, 0x10, 0x1, 0x0, 0x10,

    /* U+B748 "띈" */
    0x0, 0x19, 0xef, 0x22, 0x20, 0x88, 0x82, 0x22,
    0x8, 0xff, 0x20, 0x0, 0x80, 0x1e, 0x7f, 0x88,
    0x0, 0x20, 0xc0, 0x81, 0x0, 0x4, 0x0, 0x1f,
    0xf0,

    /* U+B74C "띌" */
    0x0, 0x19, 0xef, 0x22, 0x20, 0x88, 0x82, 0x2f,
    0xe8, 0x40, 0x20, 0xf, 0x9f, 0xc2, 0x0, 0x0,
    0x3f, 0xe0, 0x0, 0x83, 0xfe, 0x4, 0x0, 0x1f,
    0xf0,

    /* U+B754 "띔" */
    0x0, 0x1b, 0xfe, 0x48, 0x82, 0x44, 0x12, 0x64,
    0x8c, 0xc4, 0x0, 0xef, 0xf9, 0x0, 0x8, 0x7f,
    0xc1, 0x2, 0x8, 0x10, 0x40, 0x83, 0xfc,

    /* U+B755 "띕" */
    0x0, 0x18, 0x46, 0x4e, 0xc2, 0x44, 0x12, 0x60,
    0x9d, 0xe4, 0x0, 0x6f, 0xfd, 0x0, 0x0, 0x60,
    0xc1, 0x2, 0xf, 0xf0, 0x40, 0x83, 0xfc, 0x10,
    0x0,

    /* U+B760 "띠" */
    0x0, 0x30, 0x1, 0xf7, 0x94, 0x41, 0x44, 0x14,
    0x41, 0x44, 0x14, 0x41, 0x4c, 0x77, 0x71, 0x0,
    0x10, 0x1, 0x0, 0x10, 0x1,

    /* U+B764 "띤" */
    0x0, 0x30, 0x4, 0x9d, 0xc4, 0x88, 0x24, 0x41,
    0x22, 0x9, 0x31, 0xce, 0xf2, 0x0, 0x10, 0xc0,
    0x82, 0x0, 0x10, 0x0, 0x80, 0x7, 0xfc,

    /* U+B768 "띨" */
    0x0, 0x37, 0xbc, 0x91, 0x4, 0x88, 0x24, 0x41,
    0x26, 0x39, 0xda, 0x40, 0x0, 0x1f, 0xf0, 0x0,
    0x80, 0x4, 0x3f, 0xe0, 0x80, 0x7, 0xfc,

    /* U+B770 "띰" */
    0x0, 0x3f, 0x79, 0x44, 0x14, 0x41, 0x44, 0x14,
    0x41, 0x4c, 0x37, 0x7d, 0x0, 0x10, 0xff, 0x8,
    0x10, 0x81, 0x8, 0x10, 0x7f,

    /* U+B771 "띱" */
    0x0, 0x3f, 0xf9, 0x42, 0x14, 0x21, 0x42, 0x14,
    0x21, 0x5f, 0xf2, 0x1, 0x0, 0x30, 0xc1, 0x7,
    0xf0, 0x41, 0x4, 0x10, 0x7f,

    /* U+B773 "띳" */
    0x0, 0x30, 0x84, 0xbd, 0xe4, 0x88, 0x24, 0x41,
    0x22, 0x9, 0x10, 0xcf, 0xfa, 0x2, 0x10, 0xc,
    0x80, 0xc0, 0xd, 0x80, 0xc3, 0x8, 0x8,

    /* U+B775 "띵" */
    0x0, 0x11, 0xd, 0xff, 0x94, 0x41, 0x44, 0x14,
    0x41, 0x44, 0x77, 0xb1, 0x0, 0x10, 0x3e, 0x6,
    0x30, 0x41, 0x6, 0x30, 0x3e,

    /* U+B77C "라" */
    0x0, 0x60, 0x0, 0x8f, 0xe2, 0x0, 0x88, 0x2,
    0x20, 0x8, 0x87, 0xc3, 0xd0, 0x8, 0x40, 0x21,
    0x7, 0x87, 0xe2, 0x0, 0x8, 0x0, 0x20, 0x0,
    0x80, 0x2, 0x0,

    /* U+B77D "락" */
    0x0, 0x63, 0xf8, 0x80, 0x22, 0x0, 0x88, 0xfe,
    0x3d, 0x0, 0x84, 0x2, 0x10, 0x78, 0x7e, 0x20,
    0x0, 0x3, 0xfe, 0x0, 0x8, 0x0, 0x20, 0x0,
    0x80, 0x2, 0x0,

    /* U+B780 "란" */
    0x0, 0x63, 0xf8, 0x80, 0x22, 0x0, 0x88, 0xfe,
    0x21, 0x0, 0xf4, 0x2, 0x10, 0x38, 0x7f, 0x20,
    0x0, 0x81, 0x80, 0x2, 0x0, 0x8, 0x0, 0x3f,
    0xc0,

    /* U+B784 "랄" */
    0x0, 0x23, 0xfc, 0x80, 0x22, 0x3f, 0x88, 0x40,
    0x3d, 0x0, 0x84, 0x1e, 0x1f, 0x88, 0x0, 0x0,
    0x7f, 0x80, 0x2, 0x7, 0xf8, 0x8, 0x0, 0x3f,
    0xc0,

    /* U+B78C "람" */
    0x0, 0x63, 0xf8, 0x80, 0x22, 0x0, 0x88, 0x7e,
    0x3d, 0x0, 0x84, 0xe, 0x1f, 0xc8, 0x0, 0x0,
    0x7f, 0x80, 0x82, 0x2, 0x8, 0x8, 0x20, 0x3f,
    0x80,

    /* U+B78D "랍" */
    0x0, 0x63, 0xf8, 0x80, 0x22, 0x0, 0x88, 0x7c,
    0x3d, 0x0, 0x84, 0x1e, 0x1f, 0x88, 0x0, 0x40,
    0x60, 0x80, 0x82, 0x3, 0xf8, 0x8, 0x20, 0x3f,
    0x80,

    /* U+B78F "랏" */
    0x0, 0x63, 0xf8, 0x80, 0x22, 0x0, 0x88, 0x7c,
    0x3d, 0x0, 0x84, 0x1e, 0x1f, 0x88, 0x2, 0x20,
    0x4, 0x80, 0x30, 0x1, 0x20, 0x8, 0x60, 0xc0,
    0x40,

    /* U+B790 "랐" */
    0x0, 0x63, 0xf8, 0x80, 0x22, 0x0, 0x88, 0x7c,
    0x3d, 0x0, 0x84, 0x1e, 0x1f, 0x88, 0x0, 0x0,
    0x31, 0x0, 0x84, 0x7, 0x30, 0x12, 0xb0, 0x84,
    0x44, 0x20, 0x0,

    /* U+B791 "랑" */
    0x0, 0x63, 0xf8, 0x80, 0x22, 0x1, 0x88, 0x78,
    0x3d, 0x0, 0x84, 0xe, 0x1f, 0xc8, 0x0, 0x20,
    0x1f, 0x0, 0xc6, 0x2, 0x8, 0x8, 0x20, 0x31,
    0x80, 0x7c, 0x0,

    /* U+B792 "랒" */
    0x0, 0x63, 0xf8, 0x80, 0x22, 0x0, 0x88, 0x7c,
    0x3d, 0x0, 0x84, 0x1e, 0x1f, 0x88, 0x0, 0x0,
    0xff, 0xc0, 0x10, 0x0, 0xc0, 0x4, 0xe0, 0xe0,
    0x40,

    /* U+B796 "랖" */
    0x0, 0x23, 0xf8, 0x80, 0x22, 0x0, 0x88, 0x7c,
    0x3d, 0x0, 0x84, 0x1e, 0x1f, 0x88, 0x0, 0x0,
    0x7f, 0xc0, 0x8c, 0x1, 0x10, 0x4, 0x40, 0xff,
    0xc0,

    /* U+B797 "랗" */
    0x0, 0x63, 0xf8, 0x80, 0x22, 0x0, 0x88, 0x7c,
    0x3d, 0x0, 0x87, 0xfe, 0x0, 0x8, 0x3, 0x80,
    0xff, 0xc0, 0x38, 0x1, 0x10, 0x4, 0x40, 0x11,
    0x0, 0x38, 0x0,

    /* U+B798 "래" */
    0x0, 0x18, 0x4, 0x7f, 0x22, 0x9, 0x10, 0x48,
    0x82, 0x47, 0xf3, 0xe8, 0x11, 0x40, 0x8a, 0xc,
    0x5f, 0xa2, 0x1, 0x10, 0x8, 0x80, 0x44, 0x0,
    0x20,

    /* U+B799 "랙" */
    0x1, 0x97, 0xc9, 0x4, 0x90, 0x49, 0xfc, 0xf4,
    0x9, 0x40, 0x94, 0x39, 0x78, 0x90, 0x0, 0x1f,
    0xf0, 0x1, 0x0, 0x10, 0x1, 0x0, 0x10,

    /* U+B79C "랜" */
    0x1, 0x90, 0x4, 0xbf, 0x24, 0x9, 0x20, 0x49,
    0x7e, 0x79, 0x2, 0x48, 0x32, 0x7e, 0x90, 0x4,
    0x82, 0x4, 0x10, 0x0, 0x80, 0x7, 0xfc,

    /* U+B7A0 "랠" */
    0x1, 0x93, 0xe4, 0x81, 0x24, 0x9, 0x2f, 0xcf,
    0x20, 0x49, 0x6, 0x4f, 0xd2, 0x0, 0x0, 0x7f,
    0x80, 0x4, 0x3f, 0xe0, 0x80, 0x7, 0xfc,

    /* U+B7A8 "램" */
    0x1, 0x97, 0xc9, 0x4, 0x90, 0x49, 0xfc, 0xf4,
    0x9, 0x40, 0x97, 0xf9, 0x0, 0x0, 0xff, 0x4,
    0x10, 0x41, 0x4, 0x10, 0x7f,

    /* U+B7A9 "랩" */
    0x1, 0x97, 0xc9, 0x4, 0x90, 0x49, 0xfc, 0xf4,
    0x9, 0x41, 0x97, 0xe9, 0x0, 0x0, 0xc3, 0x4,
    0x10, 0x7f, 0x4, 0x10, 0x7f, 0x4, 0x0,

    /* U+B7AB "랫" */
    0x0, 0x30, 0xc, 0x9f, 0x24, 0x9, 0x2f, 0xcf,
    0x20, 0x49, 0x2, 0x48, 0x72, 0x78, 0x90, 0x18,
    0x80, 0x40, 0x7, 0x0, 0x64, 0x6, 0x18, 0xc0,
    0x40,

    /* U+B7AC "랬" */
    0x1, 0x93, 0xe4, 0x81, 0x24, 0x9, 0x2f, 0xcf,
    0x20, 0x49, 0x6, 0x4f, 0xd2, 0x0, 0x50, 0x21,
    0x1, 0x18, 0x18, 0xc1, 0x29, 0x10, 0x84, 0x8,
    0x0,

    /* U+B7AD "랭" */
    0x1, 0x9f, 0xc9, 0x4, 0x90, 0x49, 0xfc, 0xf4,
    0x9, 0x40, 0x97, 0xe9, 0x20, 0x10, 0x1f, 0x2,
    0x30, 0x41, 0x4, 0x10, 0x23, 0x1, 0xe0,

    /* U+B7B4 "랴" */
    0x0, 0x60, 0x0, 0x8f, 0xe2, 0x0, 0x88, 0x2,
    0x3f, 0xf8, 0x84, 0x2, 0x10, 0x8, 0x40, 0x3d,
    0x3, 0x87, 0xf2, 0x0, 0x8, 0x0, 0x20, 0x0,
    0x80, 0x2, 0x0,

    /* U+B7B5 "략" */
    0x0, 0x63, 0xf8, 0x80, 0x22, 0x0, 0x8f, 0xfe,
    0x21, 0x0, 0x84, 0x7, 0xdf, 0xe8, 0x0, 0x20,
    0x0, 0x3, 0xfe, 0x0, 0x8, 0x0, 0x20, 0x0,
    0x80, 0x2, 0x0,

    /* U+B7B8 "랸" */
    0x0, 0x63, 0xf8, 0x80, 0x22, 0x0, 0x8f, 0xfe,
    0x21, 0x0, 0x84, 0x2, 0xd0, 0x7c, 0x7e, 0x20,
    0x0, 0x81, 0x82, 0x2, 0x0, 0x8, 0x0, 0x3f,
    0xc0,

    /* U+B7C7 "럇" */
    0x0, 0x63, 0xf8, 0x80, 0x22, 0x0, 0x8f, 0xfe,
    0x21, 0x0, 0x84, 0xf, 0x9f, 0xc8, 0x2, 0x20,
    0x4, 0x0, 0x30, 0x1, 0x30, 0x8, 0x60, 0xc0,
    0x40,

    /* U+B7C9 "량" */
    0x0, 0x63, 0xf8, 0x80, 0x22, 0x0, 0x8f, 0xfe,
    0x21, 0x0, 0x84, 0x7, 0xd7, 0xe8, 0x20, 0x20,
    0x1f, 0x0, 0xc6, 0x2, 0x8, 0x8, 0x20, 0x31,
    0x80, 0x7c, 0x0,

    /* U+B7EC "러" */
    0x0, 0x30, 0x1, 0xfe, 0x10, 0x21, 0x2, 0x10,
    0x21, 0xfe, 0xf4, 0x1, 0x40, 0x14, 0x11, 0x7e,
    0x10, 0x1, 0x0, 0x10, 0x1, 0x0, 0x10,

    /* U+B7ED "럭" */
    0x0, 0x3f, 0xe1, 0x2, 0x10, 0x21, 0xfe, 0xf4,
    0x1, 0x40, 0x17, 0xf1, 0x0, 0x10, 0x0, 0x1f,
    0xf0, 0x1, 0x0, 0x10, 0x1, 0x0, 0x10,

    /* U+B7F0 "런" */
    0x0, 0x3f, 0xe1, 0x6, 0x10, 0x41, 0xfe, 0xf4,
    0x1, 0x40, 0x14, 0x11, 0x7a, 0x10, 0x1, 0x18,
    0x10, 0x80, 0x8, 0x0, 0xff,

    /* U+B7F4 "럴" */
    0x0, 0x37, 0xf0, 0x81, 0x85, 0xfd, 0xe4, 0x1,
    0x20, 0x9, 0xfc, 0x40, 0x0, 0x1f, 0xf0, 0x0,
    0x80, 0x4, 0x3f, 0xe0, 0x80, 0x7, 0xf8,

    /* U+B7FC "럼" */
    0x0, 0x3f, 0xc4, 0x8, 0x81, 0x1f, 0xee, 0x80,
    0x50, 0xa, 0x79, 0x30, 0x21, 0xfc, 0x30, 0x86,
    0x10, 0x42, 0xf, 0xc0,

    /* U+B7FD "럽" */
    0x0, 0x3f, 0xe1, 0x6, 0x10, 0x41, 0xfe, 0xf4,
    0x1, 0x41, 0x17, 0xe1, 0x0, 0x1, 0x83, 0x8,
    0x10, 0xff, 0x8, 0x10, 0xff, 0x8, 0x0,

    /* U+B7FF "럿" */
    0x0, 0x37, 0xf0, 0x80, 0x84, 0x4, 0x2f, 0xef,
    0x20, 0x9, 0x4, 0x4f, 0xc2, 0x1, 0x10, 0xc,
    0x80, 0xe0, 0xc, 0x80, 0xc3, 0x8, 0xc,

    /* U+B800 "렀" */
    0x0, 0x37, 0xf0, 0x80, 0x84, 0x4, 0x2f, 0xef,
    0x20, 0x9, 0x4, 0x4f, 0xc2, 0x0, 0x10, 0x63,
    0x3, 0x8, 0x18, 0xc1, 0x29, 0x10, 0x84, 0x8,
    0x0,

    /* U+B801 "렁" */
    0x0, 0x3f, 0xc4, 0x8, 0x81, 0x1f, 0xee, 0x80,
    0x50, 0xa, 0x79, 0x30, 0x20, 0x7c, 0x19, 0x82,
    0x10, 0x42, 0xc, 0xc0, 0xf0,

    /* U+B807 "렇" */
    0x0, 0x2f, 0xe2, 0x2, 0x2f, 0xee, 0x40, 0x24,
    0x2, 0x7f, 0x20, 0x2, 0x3, 0x83, 0xff, 0x3,
    0x80, 0x44, 0x4, 0x40, 0x44, 0x3, 0x80,

    /* U+B808 "레" */
    0x0, 0x8, 0x6, 0x7f, 0x12, 0x8, 0x90, 0x44,
    0x82, 0x27, 0xf7, 0x28, 0x9, 0x40, 0x4a, 0x12,
    0x5f, 0x12, 0x0, 0x90, 0x4, 0x80, 0x24, 0x0,
    0x20,

    /* U+B809 "렉" */
    0x0, 0x9f, 0xc5, 0x4, 0x50, 0x45, 0xff, 0xd4,
    0x5, 0x40, 0x54, 0x5, 0x7e, 0x50, 0x0, 0x1f,
    0xf0, 0x1, 0x0, 0x10, 0x1, 0x0, 0x10,

    /* U+B80C "렌" */
    0x0, 0x90, 0x2, 0xbf, 0x14, 0x18, 0xa0, 0x85,
    0x7f, 0xe9, 0x1, 0x48, 0xa, 0x7e, 0x50, 0x2,
    0x86, 0x4, 0x10, 0x0, 0x80, 0x7, 0xfc,

    /* U+B810 "렐" */
    0x0, 0xd3, 0xf9, 0x40, 0x45, 0x1, 0x14, 0xfd,
    0xd1, 0x1, 0x44, 0x5, 0x1f, 0x94, 0x0, 0x0,
    0x3f, 0xc0, 0x1, 0x3, 0xfc, 0x4, 0x0, 0x1f,
    0xf0,

    /* U+B818 "렘" */
    0x0, 0xdf, 0xc5, 0x4, 0x50, 0x45, 0xfd, 0xd4,
    0x5, 0x40, 0x57, 0xe5, 0x0, 0x0, 0xff, 0x4,
    0x10, 0x41, 0x4, 0x10, 0x7f,

    /* U+B819 "렙" */
    0x0, 0xdf, 0xc5, 0x4, 0x50, 0x45, 0xff, 0xd4,
    0x5, 0x40, 0x57, 0xe5, 0x0, 0x0, 0xc1, 0x4,
    0x10, 0x7f, 0x4, 0x10, 0x7f, 0x4, 0x0,

    /* U+B81B "렛" */
    0x0, 0x97, 0xe2, 0x81, 0x14, 0x8, 0xaf, 0xfd,
    0x20, 0x29, 0x1, 0x48, 0xa, 0x7e, 0x50, 0x8,
    0x80, 0x24, 0x3, 0x0, 0x34, 0x2, 0x18, 0x60,
    0x40,

    /* U+B81D "렝" */
    0x0, 0xdf, 0xc5, 0x4, 0x50, 0x45, 0xff, 0xd4,
    0x5, 0x40, 0x54, 0xe5, 0x60, 0x10, 0x1f, 0x2,
    0x30, 0x41, 0x4, 0x10, 0x23, 0x1, 0xe0,

    /* U+B824 "려" */
    0x0, 0x30, 0x21, 0x7e, 0x10, 0x3f, 0x2, 0x1f,
    0xe1, 0x40, 0x14, 0x1f, 0x40, 0x14, 0x11, 0x7e,
    0x10, 0x1, 0x0, 0x10, 0x1, 0x0, 0x10,

    /* U+B825 "력" */
    0x0, 0x37, 0xe1, 0x3, 0xf0, 0x21, 0x7e, 0x14,
    0x1f, 0x40, 0x14, 0x11, 0x7e, 0x10, 0x0, 0x1f,
    0xf0, 0x1, 0x0, 0x10, 0x1, 0x0, 0x10,

    /* U+B828 "련" */
    0x0, 0x3f, 0xe1, 0x4, 0x10, 0x5f, 0x4, 0x17,
    0x81, 0x41, 0xf4, 0x11, 0x7e, 0x10, 0x1, 0x18,
    0x10, 0x80, 0x8, 0x0, 0xff,

    /* U+B82C "렬" */
    0x0, 0x37, 0xe1, 0x7, 0xf0, 0x41, 0xfe, 0x14,
    0x1f, 0x43, 0x13, 0xc1, 0x1f, 0xf0, 0x1, 0x0,
    0x11, 0xff, 0x8, 0x0, 0xff,

    /* U+B834 "렴" */
    0x0, 0x37, 0xe1, 0x3, 0xf0, 0x21, 0x7e, 0x14,
    0x1f, 0x40, 0x17, 0xe1, 0x0, 0x0, 0xff, 0xc,
    0x10, 0x41, 0x4, 0x10, 0x7f,

    /* U+B835 "렵" */
    0x0, 0x37, 0xe1, 0x5, 0xf0, 0x41, 0x7c, 0x14,
    0x1f, 0x41, 0x17, 0xe1, 0x0, 0x1, 0x83, 0x8,
    0x10, 0xff, 0x8, 0x10, 0xff,

    /* U+B837 "렷" */
    0x0, 0x33, 0xf0, 0x80, 0xfc, 0x4, 0x27, 0xe1,
    0x20, 0xf9, 0x0, 0x48, 0x22, 0x7e, 0x10, 0x8,
    0x80, 0x60, 0x7, 0x80, 0x42, 0xc, 0xc, 0x0,
    0x0,

    /* U+B838 "렸" */
    0x0, 0x33, 0xf0, 0x80, 0xfc, 0x4, 0x27, 0xe1,
    0x20, 0xf9, 0x4, 0x4f, 0xc2, 0x0, 0x50, 0x61,
    0x3, 0x18, 0x1c, 0xc1, 0x29, 0x90, 0x84, 0x8,
    0x0,

    /* U+B839 "령" */
    0x0, 0x17, 0xe1, 0x3, 0xf0, 0x21, 0x7e, 0x14,
    0x1f, 0x40, 0x14, 0x71, 0x38, 0x10, 0x3f, 0x6,
    0x30, 0x41, 0x4, 0x10, 0x63, 0x3, 0xe0,

    /* U+B840 "례" */
    0x0, 0x18, 0x6, 0x7f, 0x12, 0x8, 0x90, 0x7c,
    0x82, 0x25, 0xe1, 0x28, 0x79, 0x40, 0x4a, 0x12,
    0x5f, 0x12, 0x0, 0x90, 0x4, 0x80, 0x24, 0x0,
    0x20,

    /* U+B844 "롄" */
    0x0, 0xd0, 0x22, 0x9f, 0x14, 0xf, 0xa0, 0x85,
    0x38, 0x29, 0x1f, 0x48, 0x4a, 0x7c, 0x50, 0x2,
    0x82, 0x4, 0x10, 0x0, 0x80, 0x7, 0xfc,

    /* U+B851 "롑" */
    0x0, 0xdf, 0xc5, 0x4, 0x50, 0x7d, 0xfc, 0x54,
    0x3d, 0x40, 0x57, 0xc5, 0x0, 0x0, 0xc1, 0x4,
    0x10, 0x7f, 0x4, 0x10, 0x7f, 0x4, 0x0,

    /* U+B853 "롓" */
    0x0, 0x90, 0x22, 0x9f, 0x14, 0xf, 0xa0, 0x45,
    0x3c, 0x29, 0xf, 0x48, 0xa, 0x7c, 0x50, 0xc,
    0x80, 0x20, 0x3, 0x0, 0x36, 0x2, 0x8, 0x60,
    0x0,

    /* U+B85C "로" */
    0x3f, 0xf0, 0x0, 0x80, 0x2, 0xf, 0xf8, 0x10,
    0x0, 0x40, 0x1, 0x0, 0x7, 0xfc, 0x1, 0x0,
    0x4, 0xf, 0xff, 0xc0,

    /* U+B85D "록" */
    0x3f, 0xe0, 0x0, 0x80, 0x2, 0xf, 0xf8, 0x10,
    0x0, 0x7f, 0xc0, 0x10, 0x0, 0x40, 0xff, 0xfc,
    0x0, 0x3, 0xfe, 0x0, 0x8, 0x0, 0x20, 0x0,
    0x80, 0x2, 0x0,

    /* U+B860 "론" */
    0x3f, 0xe0, 0x0, 0x80, 0x2, 0xf, 0xf8, 0x10,
    0x0, 0x40, 0x1, 0xff, 0x0, 0x40, 0xff, 0xfc,
    0x0, 0x1, 0x80, 0x6, 0x0, 0x18, 0x0, 0x3f,
    0xc0,

    /* U+B864 "롤" */
    0x3f, 0xe0, 0x0, 0x83, 0xfe, 0x4, 0x0, 0x10,
    0x0, 0x7f, 0xc0, 0x10, 0x3f, 0xff, 0x0, 0x0,
    0x7f, 0x80, 0x2, 0xf, 0xf8, 0x10, 0x0, 0x7f,
    0xc0,

    /* U+B86C "롬" */
    0x3f, 0xe0, 0x0, 0x80, 0x2, 0xf, 0xf8, 0x10,
    0x0, 0x7f, 0xc0, 0x10, 0x0, 0x40, 0xff, 0xfc,
    0x0, 0x1, 0xfe, 0x6, 0x8, 0x18, 0x20, 0x7f,
    0x80, 0x80, 0x0,

    /* U+B86D "롭" */
    0x3f, 0xe0, 0x0, 0x80, 0x2, 0xf, 0xf8, 0x10,
    0x0, 0x7f, 0xc0, 0x20, 0x3f, 0xff, 0x0, 0x0,
    0x41, 0x81, 0x2, 0x7, 0xf8, 0x10, 0x20, 0x7f,
    0x80, 0x0, 0x0,

    /* U+B86F "롯" */
    0x3f, 0xe0, 0x0, 0x80, 0x2, 0xf, 0xf8, 0x10,
    0x0, 0x7f, 0xc0, 0x10, 0x0, 0x40, 0xff, 0xfc,
    0x0, 0x0, 0x30, 0x0, 0xc0, 0x6, 0x80, 0x31,
    0x83, 0x1, 0x0,

    /* U+B871 "롱" */
    0x3f, 0xe0, 0x1, 0x80, 0x4, 0xf, 0xf8, 0x10,
    0x0, 0x7f, 0xc0, 0x10, 0x0, 0x42, 0xfe, 0xf4,
    0x1e, 0x0, 0x8c, 0x6, 0x10, 0x18, 0x40, 0x23,
    0x0, 0x78, 0x0,

    /* U+B878 "롸" */
    0x0, 0x30, 0xff, 0x20, 0x2, 0x40, 0x4, 0x87,
    0xf9, 0x4, 0x2, 0x8, 0x7, 0x9f, 0xc8, 0x4,
    0x10, 0x8, 0xe1, 0xfe, 0x40, 0x0, 0x80, 0x1,
    0x0, 0x2, 0x0, 0x4, 0x0,

    /* U+B87C "롼" */
    0x0, 0x30, 0xfe, 0x20, 0x4, 0x43, 0xf8, 0x82,
    0x1, 0x4, 0x2, 0xcf, 0xe6, 0x6, 0x8, 0x7f,
    0xf0, 0x0, 0x20, 0x20, 0x0, 0x40, 0x0, 0x80,
    0x1, 0xff, 0x0,

    /* U+B88D "뢍" */
    0x0, 0x30, 0xff, 0x20, 0x4, 0x43, 0xf8, 0x82,
    0x1, 0xe7, 0xf2, 0x1, 0x4, 0x2, 0xf8, 0x72,
    0x10, 0x7, 0xc0, 0x18, 0xc0, 0x20, 0x80, 0x41,
    0x0, 0xc6, 0x0, 0x78, 0x0,

    /* U+B8A8 "뢨" */
    0x0, 0x64, 0x7e, 0x48, 0x4, 0x93, 0xf9, 0x22,
    0x3, 0xc4, 0x4, 0x8f, 0xc9, 0x4, 0x12, 0x7f,
    0xe4, 0x18, 0x60, 0x18, 0x40, 0x30, 0x80, 0x9a,
    0x82, 0x18, 0x88, 0x20, 0x0,

    /* U+B8B0 "뢰" */
    0x0, 0x17, 0xf9, 0x0, 0x90, 0x9, 0x7f, 0x92,
    0x1, 0x20, 0x13, 0xfd, 0x4, 0x10, 0x43, 0xff,
    0xd0, 0x1, 0x0, 0x10, 0x1, 0x0, 0x10,

    /* U+B8B4 "뢴" */
    0x0, 0x33, 0xfc, 0x80, 0x24, 0xff, 0x22, 0x1,
    0x10, 0x8, 0xfe, 0x41, 0x82, 0xff, 0xf0, 0x0,
    0x86, 0x0, 0x10, 0x0, 0x80, 0x7, 0xfc,

    /* U+B8B8 "뢸" */
    0x7f, 0x90, 0x8, 0x80, 0x44, 0xff, 0x22, 0x1,
    0x1f, 0xc8, 0x30, 0x51, 0xfe, 0x70, 0x0, 0xff,
    0x80, 0x4, 0x3f, 0xe0, 0x80, 0x7, 0xfc,

    /* U+B8C0 "룀" */
    0x0, 0x37, 0xf1, 0x1, 0x17, 0xf1, 0x20, 0x13,
    0xf9, 0x4, 0x10, 0x47, 0xff, 0x90, 0x0, 0xf,
    0xf0, 0x41, 0x4, 0x10, 0x7f, 0x4, 0x0,

    /* U+B8C1 "룁" */
    0x0, 0x37, 0xf9, 0x1, 0x17, 0xf1, 0x20, 0x13,
    0xf9, 0x4, 0x10, 0x47, 0xff, 0x90, 0x83, 0x4,
    0x10, 0x7f, 0x4, 0x10, 0x7f, 0x4, 0x0,

    /* U+B8C3 "룃" */
    0x0, 0x33, 0xfc, 0x80, 0x44, 0xff, 0x22, 0x1,
    0x1f, 0xc8, 0x10, 0x40, 0x8e, 0xff, 0x90, 0x8,
    0x80, 0x64, 0x3, 0x0, 0x24, 0x6, 0x18, 0x40,
    0x20,

    /* U+B8C5 "룅" */
    0x0, 0x37, 0xf1, 0x1, 0x17, 0xf1, 0x20, 0x13,
    0xf9, 0x4, 0x10, 0x5f, 0xfa, 0x10, 0x1e, 0x2,
    0x30, 0x41, 0x6, 0x10, 0x23, 0x1, 0xe0,

    /* U+B8CC "료" */
    0x3f, 0xe0, 0x0, 0x80, 0x2, 0xf, 0xf8, 0x10,
    0x0, 0x40, 0x1, 0xff, 0x0, 0x30, 0xc, 0x40,
    0x31, 0xf, 0xff, 0xc0,

    /* U+B8D0 "룐" */
    0x3f, 0xe0, 0x0, 0x80, 0x2, 0xf, 0xf8, 0x10,
    0x0, 0x7f, 0xc0, 0xc4, 0x3, 0x10, 0xff, 0xfc,
    0x0, 0x1, 0x0, 0x4, 0x0, 0x10, 0x0, 0x3f,
    0xc0,

    /* U+B8D4 "룔" */
    0x1f, 0xe0, 0x0, 0x83, 0xfe, 0x4, 0x0, 0x10,
    0x0, 0x7f, 0xc0, 0xc4, 0x3f, 0xff, 0x0, 0x0,
    0x7f, 0x80, 0x2, 0xf, 0xf8, 0x10, 0x0, 0x7f,
    0xc0,

    /* U+B8DD "룝" */
    0x3f, 0xe0, 0x0, 0x83, 0xfe, 0x4, 0x0, 0x10,
    0x0, 0x7f, 0xc0, 0xc, 0x3, 0x10, 0xff, 0xfc,
    0x1, 0x81, 0x2, 0x7, 0xf8, 0x10, 0x20, 0x7f,
    0x80, 0x0, 0x0,

    /* U+B8DF "룟" */
    0x3f, 0xe0, 0x0, 0x80, 0x2, 0xf, 0xf8, 0x10,
    0x0, 0x7f, 0xc0, 0x8c, 0x3, 0x10, 0xff, 0xfc,
    0x0, 0x0, 0x30, 0x0, 0xc0, 0x4, 0x80, 0x61,
    0x82, 0x1, 0x0,

    /* U+B8E1 "룡" */
    0x3f, 0xe0, 0x1, 0x0, 0x4, 0xf, 0xf8, 0x10,
    0x0, 0x7f, 0xc0, 0x8c, 0x2, 0x10, 0xf7, 0xbc,
    0x1e, 0x0, 0x8c, 0x6, 0x10, 0x18, 0x40, 0x23,
    0x0, 0x78, 0x0,

    /* U+B8E8 "루" */
    0x3f, 0xe0, 0x0, 0x80, 0x2, 0xf, 0xf8, 0x10,
    0x0, 0x40, 0x1, 0xff, 0x0, 0x0, 0xff, 0xfc,
    0x4, 0x0, 0x10, 0x0, 0x40, 0x1, 0x0, 0x4,
    0x0, 0x10, 0x0,

    /* U+B8E9 "룩" */
    0x3f, 0xe0, 0x0, 0x80, 0x2, 0xf, 0xf8, 0x10,
    0x0, 0x7f, 0xc0, 0x0, 0x3f, 0xff, 0x1, 0x0,
    0x4, 0x3, 0xfe, 0x0, 0x8, 0x0, 0x20, 0x0,
    0x80, 0x2, 0x0,

    /* U+B8EC "룬" */
    0x3f, 0xe0, 0x0, 0x80, 0x2, 0xf, 0xf8, 0x10,
    0x0, 0x40, 0x1, 0xff, 0x0, 0x0, 0xff, 0xfc,
    0x4, 0x1, 0x10, 0x4, 0x40, 0x10, 0x0, 0x7f,
    0xc0,

    /* U+B8F0 "룰" */
    0x3f, 0xe0, 0x0, 0x83, 0xfe, 0x4, 0x0, 0x10,
    0x0, 0x7f, 0xc0, 0x0, 0x3f, 0xff, 0x1, 0x0,
    0x7f, 0x80, 0x2, 0xf, 0xf8, 0x10, 0x0, 0x7f,
    0xc0,

    /* U+B8F8 "룸" */
    0x3f, 0xe0, 0x0, 0x80, 0x2, 0xf, 0xf8, 0x10,
    0x0, 0x7f, 0xc0, 0x0, 0x3f, 0xff, 0x1, 0x0,
    0x4, 0x1, 0xfe, 0x6, 0x8, 0x18, 0x20, 0x3f,
    0x80, 0x0, 0x0,

    /* U+B8F9 "룹" */
    0x3f, 0xe0, 0x0, 0x80, 0x2, 0xf, 0xf8, 0x10,
    0x0, 0x7f, 0xc0, 0x0, 0x3f, 0xff, 0x1, 0x0,
    0x44, 0x81, 0x82, 0x7, 0xf8, 0x18, 0x20, 0x7f,
    0x81, 0x0, 0x0,

    /* U+B8FB "룻" */
    0x3f, 0xe0, 0x0, 0x80, 0x2, 0xf, 0xf8, 0x10,
    0x0, 0x7f, 0xc0, 0x0, 0x3f, 0xff, 0x1, 0x0,
    0xc, 0x0, 0x10, 0x0, 0xc0, 0x4, 0xc0, 0x60,
    0xc2, 0x1, 0x0,

    /* U+B8FD "룽" */
    0x3f, 0xe0, 0x1, 0x0, 0x4, 0xf, 0xf8, 0x10,
    0x0, 0x7f, 0xc0, 0x0, 0x3f, 0xff, 0x1, 0x0,
    0x4, 0x0, 0x78, 0x2, 0x30, 0x18, 0x40, 0x23,
    0x0, 0x78, 0x0,

    /* U+B904 "뤄" */
    0x0, 0x1b, 0xfc, 0x40, 0x22, 0xff, 0x12, 0x0,
    0x90, 0x4, 0xfe, 0x20, 0x1, 0xff, 0xca, 0x20,
    0x41, 0x3e, 0x8, 0x10, 0x40, 0x82, 0x4,

    /* U+B918 "뤘" */
    0x7f, 0x10, 0x8, 0x80, 0x44, 0xfe, 0x22, 0x1,
    0x1f, 0xc8, 0x1, 0x5f, 0xf2, 0x45, 0xf0, 0x20,
    0x83, 0x18, 0x8, 0x40, 0xe6, 0x4, 0xe8, 0x46,
    0x24, 0x40,

    /* U+B920 "뤠" */
    0x0, 0x1f, 0xf2, 0x40, 0x92, 0x8, 0x9f, 0xe4,
    0xa0, 0x25, 0xf9, 0x20, 0x9, 0x3e, 0x4e, 0x82,
    0x44, 0xf2, 0x20, 0x91, 0x4, 0x88, 0x24, 0x0,
    0x20,

    /* U+B93C "뤼" */
    0x0, 0x37, 0xf9, 0x0, 0x97, 0xf9, 0x20, 0x12,
    0x1, 0x3f, 0xd0, 0x1, 0x0, 0x7f, 0xf9, 0x4,
    0x10, 0x41, 0x4, 0x10, 0x41,

    /* U+B93D "뤽" */
    0x0, 0x37, 0xf1, 0x1, 0x17, 0xf1, 0x20, 0x13,
    0xf9, 0x0, 0x3f, 0xfd, 0x4, 0x10, 0x40, 0x1f,
    0xf1, 0xff, 0x0, 0x10, 0x1, 0x0, 0x10, 0x1,

    /* U+B940 "륀" */
    0x0, 0x31, 0xfc, 0x40, 0x11, 0x1f, 0xc4, 0x20,
    0x10, 0xfe, 0x40, 0x1, 0x0, 0x3c, 0xff, 0x10,
    0x10, 0x41, 0xc1, 0x1, 0x0, 0x4, 0x0, 0x1f,
    0xf0,

    /* U+B944 "륄" */
    0x7f, 0x10, 0x8, 0x80, 0x44, 0xfe, 0x22, 0x1,
    0x1f, 0xc8, 0x0, 0xdf, 0xfa, 0x1f, 0xf0, 0x7f,
    0x80, 0x4, 0x3f, 0xe0, 0x80, 0x7, 0xfc,

    /* U+B94C "륌" */
    0x7f, 0x10, 0x11, 0x1, 0x17, 0xf1, 0x20, 0x13,
    0xf9, 0x0, 0x3f, 0xfd, 0x4, 0x10, 0x40, 0xf,
    0xf0, 0x41, 0x4, 0x10, 0x7f, 0x4, 0x0,

    /* U+B94F "륏" */
    0x0, 0x33, 0xfc, 0x80, 0x44, 0xfe, 0x22, 0x1,
    0x1f, 0xc8, 0x0, 0xdf, 0xfa, 0x4, 0x10, 0x2c,
    0x81, 0x24, 0x3, 0x0, 0x34, 0x2, 0x18, 0x60,
    0x60,

    /* U+B951 "륑" */
    0x0, 0x37, 0xf1, 0x1, 0x17, 0xf1, 0x20, 0x13,
    0xf9, 0x0, 0x1f, 0xff, 0x4, 0x10, 0x5e, 0x6,
    0x30, 0x41, 0x4, 0x10, 0x23, 0x1, 0xe0,

    /* U+B958 "류" */
    0x3f, 0xe0, 0x0, 0x80, 0x2, 0xf, 0xf8, 0x10,
    0x0, 0x40, 0x1, 0xff, 0x0, 0x0, 0xff, 0xfc,
    0x21, 0x0, 0x84, 0x2, 0x10, 0x8, 0x40, 0x21,
    0x0, 0x4, 0x0,

    /* U+B959 "륙" */
    0x3f, 0xe0, 0x0, 0x80, 0x2, 0xf, 0xf8, 0x10,
    0x0, 0x7f, 0xc0, 0x0, 0x3f, 0xff, 0x8, 0x40,
    0x21, 0x3, 0xfe, 0x0, 0x8, 0x0, 0x20, 0x0,
    0x80, 0x2, 0x0,

    /* U+B95C "륜" */
    0x3f, 0xe0, 0x0, 0x80, 0x2, 0xf, 0xf8, 0x10,
    0x0, 0x40, 0x1, 0xff, 0x0, 0x0, 0xff, 0xfc,
    0x19, 0x3, 0x44, 0x5, 0x10, 0x10, 0x0, 0x7f,
    0xc0,

    /* U+B960 "률" */
    0x3f, 0xe0, 0x0, 0x83, 0xfe, 0x4, 0x0, 0x10,
    0x0, 0x7f, 0xc0, 0x0, 0x3f, 0xff, 0x3f, 0xe0,
    0x7f, 0x80, 0x2, 0xf, 0xf8, 0x10, 0x0, 0x7f,
    0xc0,

    /* U+B968 "륨" */
    0x3f, 0xe0, 0x0, 0x80, 0x2, 0xf, 0xf8, 0x10,
    0x0, 0x7f, 0xc0, 0x0, 0x3f, 0xff, 0xc, 0x40,
    0x21, 0x1, 0xfe, 0x6, 0x8, 0x18, 0x20, 0x3f,
    0x80, 0x0, 0x0,

    /* U+B969 "륩" */
    0x3f, 0xe0, 0x0, 0x83, 0xfe, 0x4, 0x0, 0x10,
    0x0, 0x7f, 0xc0, 0x0, 0x3f, 0xff, 0xc, 0x40,
    0x21, 0x1, 0x2, 0x7, 0xf8, 0x10, 0x20, 0x7f,
    0x81, 0x0, 0x0,

    /* U+B96B "륫" */
    0x3f, 0xe0, 0x0, 0x80, 0x2, 0xf, 0xf8, 0x10,
    0x0, 0x7f, 0xc0, 0x0, 0x3f, 0xff, 0x8, 0x40,
    0x21, 0x0, 0xb4, 0x0, 0xc0, 0x4, 0x80, 0x21,
    0x83, 0x1, 0x0,

    /* U+B96D "륭" */
    0x3f, 0xe0, 0x0, 0x80, 0x2, 0xf, 0xf8, 0x10,
    0x0, 0x7f, 0xc0, 0x0, 0x3f, 0xff, 0x8, 0x40,
    0x21, 0x0, 0xfc, 0x2, 0x10, 0x18, 0x60, 0x21,
    0x0, 0x78, 0x0,

    /* U+B974 "르" */
    0x3f, 0xe0, 0x0, 0x80, 0x2, 0xf, 0xf8, 0x10,
    0x0, 0x40, 0x1, 0x0, 0x7, 0xfc, 0x0, 0x0,
    0x0, 0xf, 0xff, 0xc0,

    /* U+B975 "륵" */
    0x3f, 0xe0, 0x0, 0x80, 0x2, 0xf, 0xf8, 0x10,
    0x0, 0x7f, 0xc0, 0x0, 0x0, 0x0, 0xff, 0xfc,
    0x0, 0x3, 0xfe, 0x0, 0x8, 0x0, 0x20, 0x0,
    0x80, 0x2, 0x0,

    /* U+B978 "른" */
    0x3f, 0xe0, 0x0, 0x80, 0x2, 0xf, 0xf8, 0x10,
    0x0, 0x40, 0x1, 0xff, 0x0, 0x0, 0xff, 0xfc,
    0x0, 0x1, 0x0, 0x4, 0x0, 0x10, 0x0, 0x3f,
    0xc0,

    /* U+B97C "를" */
    0x3f, 0xe0, 0x0, 0x80, 0x4, 0xf, 0xf8, 0x10,
    0x0, 0x7f, 0x80, 0x0, 0x3f, 0xff, 0x0, 0x0,
    0xff, 0x80, 0x2, 0xf, 0xf8, 0x10, 0x0, 0x7f,
    0xc0,

    /* U+B984 "름" */
    0x3f, 0xe0, 0x0, 0x80, 0x2, 0xf, 0xf8, 0x10,
    0x0, 0x7f, 0xc0, 0x0, 0x3f, 0xff, 0x0, 0x0,
    0x0, 0x1, 0xfe, 0x6, 0x8, 0x18, 0x20, 0x3f,
    0x80,

    /* U+B985 "릅" */
    0x3f, 0xe0, 0x0, 0x80, 0x2, 0xf, 0xf8, 0x10,
    0x0, 0x7f, 0xc0, 0x0, 0x3f, 0xff, 0x0, 0x0,
    0x40, 0x81, 0x2, 0x7, 0xf8, 0x10, 0x20, 0x7f,
    0x80, 0x0, 0x0,

    /* U+B987 "릇" */
    0x3f, 0xe0, 0x0, 0x80, 0x2, 0xf, 0xf8, 0x10,
    0x0, 0x7f, 0xc0, 0x0, 0x3f, 0xff, 0x0, 0x0,
    0xc, 0x0, 0x20, 0x1, 0xe0, 0x8, 0x60, 0xc0,
    0x40,

    /* U+B989 "릉" */
    0x3f, 0xe0, 0x1, 0x0, 0x4, 0xf, 0xf8, 0x10,
    0x0, 0x7f, 0xc0, 0x0, 0x20, 0x3, 0x7f, 0xf0,
    0x1e, 0x0, 0x8c, 0x6, 0x10, 0x18, 0x40, 0x23,
    0x0, 0x78, 0x0,

    /* U+B98A "릊" */
    0x3f, 0xe0, 0x0, 0x80, 0x2, 0xf, 0xf8, 0x10,
    0x0, 0x7f, 0xc0, 0x0, 0x3f, 0xff, 0x0, 0x0,
    0xff, 0xc0, 0x30, 0x0, 0xc0, 0x4, 0xc0, 0x60,
    0xc2, 0x1, 0x0,

    /* U+B98D "릍" */
    0x3f, 0xe0, 0x1, 0x80, 0x4, 0xf, 0xf8, 0x10,
    0x0, 0x7f, 0xc0, 0x0, 0x3f, 0xff, 0x0, 0x0,
    0x7f, 0x1, 0x0, 0x7, 0xf8, 0x10, 0x0, 0x7f,
    0xc0,

    /* U+B98E "릎" */
    0x3f, 0xe0, 0x0, 0x80, 0x2, 0xf, 0xf8, 0x10,
    0x0, 0x7f, 0xc0, 0x0, 0x3f, 0xff, 0x0, 0x0,
    0x7f, 0xc0, 0x8c, 0x1, 0x10, 0x4, 0x40, 0xff,
    0xc0,

    /* U+B9AC "리" */
    0x0, 0x60, 0x7, 0xf8, 0x81, 0x10, 0x23, 0xfc,
    0x50, 0xa, 0x1, 0x40, 0x28, 0x3d, 0xf8, 0x80,
    0x10, 0x2, 0x0, 0x40, 0x8,

    /* U+B9AD "릭" */
    0x0, 0x7f, 0xc4, 0x8, 0x81, 0x1f, 0xe2, 0x80,
    0x50, 0x3b, 0xf9, 0x0, 0x20, 0x0, 0xff, 0x80,
    0x10, 0x2, 0x0, 0x40, 0x8,

    /* U+B9B0 "린" */
    0x0, 0x37, 0xf0, 0x80, 0x84, 0x4, 0x20, 0x21,
    0x7f, 0x9, 0x0, 0x48, 0xe, 0x7f, 0x90, 0x0,
    0x86, 0x0, 0x10, 0x0, 0x80, 0x7, 0xfc,

    /* U+B9B4 "릴" */
    0x0, 0x67, 0xf1, 0x0, 0x89, 0xfc, 0x44, 0x2,
    0x20, 0x71, 0xfc, 0x80, 0x0, 0x1f, 0xe0, 0x1,
    0x0, 0x8, 0x3f, 0xc0, 0x80, 0x7, 0xfc,

    /* U+B9BC "림" */
    0x0, 0x3f, 0xc4, 0x8, 0x81, 0x1f, 0xe2, 0x80,
    0x50, 0x1b, 0xfd, 0x0, 0x3, 0xfc, 0x20, 0x84,
    0x10, 0x82, 0x1f, 0xc0,

    /* U+B9BD "립" */
    0x0, 0x7f, 0xc4, 0x8, 0x81, 0x1f, 0xe2, 0x80,
    0x50, 0x3b, 0xf9, 0x0, 0x3, 0xc, 0x20, 0x87,
    0xf0, 0x82, 0x1f, 0xc2, 0x0,

    /* U+B9BF "릿" */
    0x0, 0x6f, 0xe2, 0x2, 0x20, 0x22, 0xfe, 0x24,
    0x2, 0x40, 0xe7, 0xf2, 0x2, 0x20, 0x12, 0x3,
    0x0, 0x68, 0x8, 0x63, 0x1,

    /* U+B9C1 "링" */
    0x0, 0x3f, 0xe4, 0x8, 0x81, 0x1f, 0xe2, 0x80,
    0x50, 0xa, 0xff, 0x20, 0x20, 0x78, 0x19, 0x82,
    0x10, 0x42, 0xc, 0xc0, 0xf0,

    /* U+B9C8 "마" */
    0x0, 0x60, 0x0, 0x8f, 0xe2, 0x10, 0x88, 0x42,
    0x21, 0x8, 0x84, 0x23, 0xd0, 0x88, 0x42, 0x21,
    0xf8, 0x84, 0x2, 0x0, 0x8, 0x0, 0x20, 0x0,
    0x80, 0x2, 0x0,

    /* U+B9C9 "막" */
    0x0, 0x63, 0xf8, 0x84, 0x22, 0x10, 0x88, 0x42,
    0x3d, 0x8, 0x87, 0xe2, 0x10, 0x8, 0x0, 0x0,
    0xff, 0x80, 0x2, 0x0, 0x8, 0x0, 0x20, 0x0,
    0x80, 0x2, 0x0,

    /* U+B9CC "만" */
    0x0, 0x60, 0x0, 0x8f, 0xe2, 0x10, 0x88, 0x42,
    0x21, 0x8, 0xf4, 0x22, 0x1f, 0x8, 0x0, 0x20,
    0x60, 0x80, 0x80, 0x2, 0x0, 0x8, 0x0, 0x3f,
    0xc0,

    /* U+B9CE "많" */
    0x0, 0x63, 0xf8, 0x84, 0x22, 0x10, 0x88, 0x42,
    0x3d, 0x8, 0x87, 0xe2, 0x10, 0x0, 0x1, 0xe1,
    0x9f, 0xe2, 0x1e, 0x8, 0x48, 0x22, 0x10, 0xf4,
    0x80, 0x1e, 0x0,

    /* U+B9CF "맏" */
    0x0, 0x60, 0x0, 0x8f, 0xf2, 0x10, 0x48, 0x41,
    0x3d, 0x4, 0x84, 0x12, 0x1f, 0x88, 0x0, 0x0,
    0x7f, 0x80, 0x80, 0x2, 0x0, 0x8, 0x0, 0x3f,
    0xc0,

    /* U+B9D0 "말" */
    0x0, 0x23, 0xfc, 0x84, 0x12, 0x10, 0x48, 0x41,
    0x3d, 0x4, 0x87, 0xf2, 0x0, 0x8, 0x1f, 0xe0,
    0x0, 0x80, 0x2, 0x7, 0xf8, 0x8, 0x0, 0x3f,
    0xc0,

    /* U+B9D1 "맑" */
    0x0, 0x63, 0xf8, 0x84, 0x22, 0x10, 0x88, 0x42,
    0x3d, 0x8, 0x87, 0xe2, 0x0, 0x8, 0x3d, 0xe0,
    0x10, 0x80, 0x42, 0x1f, 0x8, 0x21, 0x20, 0xf8,
    0x80,

    /* U+B9D2 "맒" */
    0x0, 0x63, 0xf8, 0x84, 0x22, 0x10, 0x88, 0x42,
    0x3d, 0x8, 0x87, 0xe2, 0x0, 0x8, 0x3f, 0xe0,
    0x14, 0x80, 0x52, 0x1f, 0x48, 0x21, 0x20, 0xf7,
    0x80,

    /* U+B9D8 "맘" */
    0x0, 0x60, 0x0, 0x8f, 0xe2, 0x10, 0x88, 0x42,
    0x3d, 0x8, 0x84, 0x22, 0x1f, 0x8, 0x0, 0x0,
    0x7f, 0x80, 0x82, 0x2, 0x8, 0x8, 0x20, 0x3f,
    0x80,

    /* U+B9D9 "맙" */
    0x0, 0x63, 0xf8, 0x84, 0x22, 0x10, 0x88, 0x42,
    0x3d, 0x8, 0x87, 0xc2, 0x0, 0x10, 0x18, 0x20,
    0x20, 0x80, 0xfe, 0x2, 0x8, 0x8, 0x20, 0x3f,
    0x80,

    /* U+B9DB "맛" */
    0x0, 0x60, 0x0, 0x8f, 0xe2, 0x10, 0x88, 0x42,
    0x3d, 0x8, 0x84, 0x22, 0x1f, 0x8, 0x0, 0x20,
    0xc, 0x80, 0x20, 0x1, 0x60, 0x8, 0x60, 0xc0,
    0xc0,

    /* U+B9DD "망" */
    0x0, 0x63, 0xf8, 0x8c, 0x22, 0x10, 0x88, 0x42,
    0x3d, 0x8, 0x87, 0xe2, 0x10, 0x8, 0x0, 0x20,
    0x1f, 0x0, 0xc6, 0x2, 0x8, 0xc, 0x60, 0x1f,
    0x0,

    /* U+B9DE "맞" */
    0x0, 0x60, 0x0, 0x8f, 0xe2, 0x10, 0x88, 0x42,
    0x3d, 0x8, 0x84, 0x22, 0x1f, 0x8, 0x0, 0x0,
    0xff, 0xc0, 0x30, 0x0, 0xc0, 0xc, 0xe0, 0x40,
    0xc2, 0x0, 0x0,

    /* U+B9E1 "맡" */
    0x0, 0x23, 0xfc, 0x84, 0x12, 0x10, 0x48, 0x41,
    0x3d, 0x4, 0x87, 0xf2, 0x0, 0x8, 0x18, 0x0,
    0x7f, 0x80, 0x80, 0x3, 0xf8, 0x8, 0x0, 0x3f,
    0xc0,

    /* U+B9E3 "맣" */
    0x0, 0x63, 0xf8, 0x84, 0x22, 0x10, 0x89, 0x42,
    0x39, 0x8, 0x87, 0xc2, 0x0, 0x8, 0x7, 0x80,
    0xff, 0xc0, 0x78, 0x3, 0x10, 0x8, 0x40, 0x21,
    0x0, 0x78, 0x0,

    /* U+B9E4 "매" */
    0x0, 0x18, 0x6, 0x40, 0x13, 0xfc, 0x94, 0x24,
    0xa1, 0x25, 0x9, 0xe8, 0x49, 0x42, 0x4b, 0xe2,
    0x40, 0x12, 0x0, 0x90, 0x4, 0x80, 0x24, 0x0,
    0x20,

    /* U+B9E5 "맥" */
    0x0, 0xc8, 0x2, 0x7f, 0x92, 0x84, 0x94, 0x27,
    0xa1, 0x25, 0x9, 0x2f, 0xc9, 0x0, 0x48, 0xff,
    0xc0, 0x2, 0x0, 0x10, 0x0, 0x80, 0x4, 0x0,
    0x20,

    /* U+B9E8 "맨" */
    0x0, 0xc8, 0x1, 0x2f, 0xe4, 0x90, 0x92, 0x42,
    0x49, 0x9, 0xe4, 0x24, 0x9f, 0x92, 0x0, 0x48,
    0x31, 0x20, 0x40, 0x81, 0x0, 0x4, 0x0, 0x1f,
    0xf0,

    /* U+B9EC "맬" */
    0x0, 0xc8, 0x1, 0x27, 0xe4, 0x90, 0x92, 0x42,
    0x79, 0x9, 0x27, 0xe4, 0x90, 0x12, 0x0, 0x0,
    0x3f, 0xe0, 0x0, 0x83, 0xfe, 0x4, 0x0, 0x1f,
    0xf0,

    /* U+B9F4 "맴" */
    0x0, 0xc8, 0x2, 0x5f, 0x92, 0x84, 0x94, 0x27,
    0xa1, 0x25, 0x9, 0x2f, 0xc9, 0x0, 0x48, 0x3f,
    0xc1, 0x2, 0x8, 0x10, 0x40, 0x81, 0xfc,

    /* U+B9F5 "맵" */
    0x1, 0x90, 0x9, 0xfe, 0x94, 0x69, 0x44, 0xf4,
    0x49, 0x44, 0x97, 0x89, 0x0, 0x0, 0xc3, 0x4,
    0x10, 0x7f, 0x4, 0x10, 0x7f, 0x4, 0x0,

    /* U+B9F7 "맷" */
    0x0, 0x18, 0x3, 0x2f, 0xe4, 0x90, 0x92, 0x42,
    0x79, 0x9, 0x24, 0x24, 0x9f, 0x92, 0x40, 0x48,
    0x6, 0x20, 0xc, 0x80, 0x70, 0x3, 0x20, 0x18,
    0x60, 0x80, 0xc0,

    /* U+B9F8 "맸" */
    0x0, 0xc8, 0x1, 0x27, 0xe4, 0x90, 0x92, 0x42,
    0x79, 0x9, 0x24, 0x24, 0x9f, 0x92, 0x40, 0x48,
    0x10, 0xc0, 0x21, 0x1, 0x8, 0xe, 0x70, 0x65,
    0x32, 0x8, 0x40, 0x40,

    /* U+B9F9 "맹" */
    0x0, 0xd0, 0x5, 0xfe, 0x54, 0x25, 0x42, 0x74,
    0x25, 0x42, 0x57, 0xe5, 0x40, 0x10, 0x1f, 0x3,
    0x30, 0x21, 0x2, 0x10, 0x33, 0x1, 0xe0,

    /* U+B9FA "맺" */
    0x0, 0xc8, 0x1, 0x27, 0xe4, 0x90, 0x92, 0x42,
    0x79, 0x9, 0x24, 0x24, 0x9f, 0x92, 0x0, 0x0,
    0x3f, 0xe0, 0x8, 0x0, 0x70, 0x2, 0x38, 0x70,
    0x30,

    /* U+BA00 "먀" */
    0x0, 0x60, 0x0, 0x80, 0x2, 0x1f, 0x88, 0x42,
    0x3d, 0x8, 0x84, 0x22, 0x10, 0x88, 0x42, 0x39,
    0xf0, 0x80, 0x2, 0x0, 0x8, 0x0, 0x20, 0x0,
    0x80, 0x2, 0x0,

    /* U+BA01 "먁" */
    0x0, 0x60, 0x0, 0x8f, 0xe2, 0x10, 0x8f, 0x42,
    0x21, 0x8, 0x87, 0xe3, 0x90, 0x8, 0x0, 0x0,
    0xff, 0x80, 0x2, 0x0, 0x8, 0x0, 0x20, 0x0,
    0x80, 0x2, 0x0,

    /* U+BA08 "먈" */
    0x0, 0x23, 0xfc, 0x84, 0x13, 0xd0, 0x48, 0x41,
    0x21, 0x4, 0xf3, 0xf2, 0x0, 0x8, 0x1f, 0xe0,
    0x0, 0x80, 0x2, 0x7, 0xf8, 0x8, 0x0, 0x3f,
    0xc0,

    /* U+BA15 "먕" */
    0x0, 0x60, 0x8, 0x8f, 0xe2, 0x10, 0x8f, 0x42,
    0x21, 0x8, 0x87, 0xe3, 0x90, 0x8, 0x0, 0x20,
    0x1f, 0x0, 0xc6, 0x2, 0x8, 0xc, 0x60, 0x1f,
    0x0,

    /* U+BA38 "머" */
    0x0, 0x30, 0x1, 0xff, 0x14, 0x11, 0x41, 0x14,
    0x1f, 0x41, 0x14, 0x11, 0x41, 0x17, 0xf1, 0x40,
    0x10, 0x1, 0x0, 0x10, 0x1, 0x0, 0x10,

    /* U+BA39 "먹" */
    0x0, 0x3f, 0xe1, 0x42, 0x14, 0x21, 0x43, 0xf4,
    0x21, 0x42, 0x17, 0xe1, 0x0, 0x11, 0xff, 0x0,
    0x10, 0x1, 0x0, 0x10, 0x1, 0x0, 0x10,

    /* U+BA3C "먼" */
    0x0, 0x17, 0xf8, 0x90, 0x44, 0x83, 0xe4, 0x11,
    0x20, 0x89, 0x4, 0x4f, 0xc2, 0x0, 0x10, 0x60,
    0x81, 0x0, 0x8, 0x0, 0x40, 0x3, 0xfc,

    /* U+BA40 "멀" */
    0x0, 0x27, 0xf1, 0x10, 0x88, 0x87, 0xc4, 0x22,
    0x21, 0x11, 0xf8, 0x80, 0x4, 0x1f, 0xe0, 0x1,
    0x0, 0x8, 0x3f, 0xc0, 0x80, 0x7, 0xf8,

    /* U+BA42 "멂" */
    0x0, 0x7f, 0xc7, 0x8, 0xa1, 0xf4, 0x22, 0x84,
    0x5f, 0x8, 0x1, 0x0, 0x7, 0xfc, 0x14, 0xbe,
    0x92, 0x12, 0x7b, 0xc0,

    /* U+BA48 "멈" */
    0x0, 0x30, 0x1, 0xfe, 0x14, 0x21, 0x43, 0xf4,
    0x21, 0x42, 0x17, 0xc1, 0x0, 0x0, 0xff, 0x8,
    0x10, 0x81, 0x8, 0x10, 0xff,

    /* U+BA49 "멉" */
    0x0, 0x3f, 0xe1, 0x42, 0x14, 0x3f, 0x42, 0x14,
    0x21, 0x7e, 0x10, 0x2, 0x18, 0x10, 0x81, 0xf,
    0xf0, 0x81, 0x8, 0x10, 0xff,

    /* U+BA4B "멋" */
    0x0, 0x30, 0x1, 0xfe, 0x14, 0x21, 0x43, 0xf4,
    0x21, 0x42, 0x17, 0xc1, 0x2, 0x10, 0x11, 0x3,
    0x0, 0x6c, 0x8, 0x21, 0x1,

    /* U+BA4D "멍" */
    0x0, 0x1f, 0xf1, 0x43, 0x14, 0x31, 0x43, 0xf4,
    0x21, 0x7f, 0x14, 0x1, 0x0, 0x10, 0x3e, 0x6,
    0x30, 0x41, 0x6, 0x30, 0x3e,

    /* U+BA4E "멎" */
    0x0, 0x70, 0x0, 0xbf, 0x84, 0x84, 0x24, 0x3f,
    0x21, 0x9, 0x8, 0x4f, 0x82, 0x0, 0x0, 0xff,
    0x80, 0x40, 0x7, 0x0, 0x46, 0xc, 0xc, 0x80,
    0x0,

    /* U+BA53 "멓" */
    0x0, 0x37, 0xf8, 0x90, 0xc4, 0x87, 0xe4, 0x21,
    0x21, 0x89, 0xf0, 0x40, 0x2, 0x3, 0xc0, 0xff,
    0xc0, 0xf0, 0x8, 0xc0, 0x42, 0x2, 0x30, 0xf,
    0x0,

    /* U+BA54 "메" */
    0x0, 0xc8, 0x2, 0x7f, 0x92, 0x84, 0x94, 0x24,
    0xa1, 0xe5, 0x9, 0x28, 0x49, 0x7e, 0x4a, 0x2,
    0x40, 0x12, 0x0, 0x90, 0x4, 0x80, 0x4,

    /* U+BA55 "멕" */
    0x0, 0xc8, 0x2, 0x7f, 0x92, 0x84, 0x94, 0x3c,
    0xa1, 0x25, 0x9, 0x2f, 0xc9, 0x0, 0x48, 0xff,
    0xc0, 0x2, 0x0, 0x10, 0x0, 0x80, 0x4, 0x0,
    0x20,

    /* U+BA58 "멘" */
    0x0, 0xc8, 0x1, 0x2f, 0xe4, 0x90, 0x92, 0x43,
    0xc9, 0x9, 0x24, 0x24, 0x9f, 0x92, 0x0, 0x48,
    0x31, 0x20, 0x40, 0x81, 0x0, 0x4, 0x0, 0x1f,
    0xf0,

    /* U+BA5C "멜" */
    0x0, 0x8, 0x1, 0x2f, 0xe4, 0x90, 0x92, 0x43,
    0xc9, 0x9, 0x27, 0xe4, 0x90, 0x12, 0x0, 0x0,
    0x3f, 0xe0, 0x0, 0x83, 0xfe, 0x4, 0x0, 0x1f,
    0xf0,

    /* U+BA64 "멤" */
    0x0, 0xc8, 0x2, 0x7f, 0x92, 0x84, 0x94, 0x3c,
    0xa1, 0x25, 0x9, 0x2f, 0xc9, 0x0, 0x48, 0x3f,
    0xc1, 0x82, 0xc, 0x10, 0x60, 0x81, 0xfc,

    /* U+BA65 "멥" */
    0x0, 0x8, 0x2, 0x7f, 0x92, 0x8c, 0x94, 0x7c,
    0xa2, 0x25, 0xf9, 0x28, 0x9, 0x0, 0x0, 0x60,
    0xc1, 0x2, 0xf, 0xf0, 0x40, 0x83, 0xfc,

    /* U+BA67 "멧" */
    0x0, 0xd8, 0x1, 0x2f, 0xe4, 0x90, 0x92, 0x43,
    0xc9, 0x9, 0x24, 0x24, 0x9f, 0x92, 0x40, 0x48,
    0x6, 0x20, 0x8, 0x0, 0x70, 0x3, 0x20, 0x10,
    0x60, 0x80, 0xc0,

    /* U+BA68 "멨" */
    0x0, 0x88, 0x1, 0x2f, 0xe4, 0x90, 0x92, 0x43,
    0xc9, 0x9, 0x24, 0x24, 0x9f, 0x92, 0x40, 0x48,
    0x10, 0x80, 0x23, 0x1, 0x8, 0xe, 0x50, 0x67,
    0x22, 0x10, 0x40, 0x0,

    /* U+BA69 "멩" */
    0x0, 0xd0, 0x5, 0xfe, 0x54, 0x25, 0x43, 0xd4,
    0x25, 0x42, 0x57, 0xe5, 0x40, 0x10, 0x1f, 0x3,
    0x30, 0x21, 0x2, 0x10, 0x33, 0x1, 0xe0,

    /* U+BA70 "며" */
    0x0, 0x30, 0x1, 0xfe, 0x14, 0x3f, 0x42, 0x14,
    0x21, 0x42, 0x14, 0x3f, 0x7e, 0x14, 0x1, 0x0,
    0x10, 0x1, 0x0, 0x10, 0x1, 0x0, 0x10,

    /* U+BA71 "멱" */
    0x0, 0x3f, 0xe1, 0x43, 0xf4, 0x21, 0x42, 0x14,
    0x3f, 0x42, 0x17, 0xe1, 0x0, 0x11, 0xff, 0x0,
    0x10, 0x1, 0x0, 0x10, 0x1, 0x0, 0x10,

    /* U+BA74 "면" */
    0x0, 0x30, 0x1, 0xfe, 0x14, 0x3f, 0x42, 0x14,
    0x21, 0x43, 0xf4, 0x21, 0x7c, 0x11, 0x81, 0x8,
    0x0, 0x80, 0x8, 0x0, 0xff,

    /* U+BA78 "멸" */
    0x0, 0x67, 0xf1, 0x10, 0xf8, 0x84, 0x44, 0x22,
    0x21, 0xf1, 0xf8, 0x80, 0x4, 0x1f, 0xe0, 0x1,
    0x0, 0x8, 0x3f, 0xc0, 0x80, 0x7, 0xf8,

    /* U+BA83 "몃" */
    0x0, 0x3f, 0xe1, 0x43, 0xf4, 0x21, 0x42, 0x14,
    0x3f, 0x42, 0x17, 0xc1, 0x3, 0x10, 0x11, 0x3,
    0x0, 0x6c, 0x8, 0x23, 0x1,

    /* U+BA84 "몄" */
    0x0, 0x37, 0xf0, 0x90, 0xfc, 0x84, 0x24, 0x21,
    0x21, 0xf9, 0x8, 0x4f, 0x82, 0x0, 0x40, 0x61,
    0x2, 0x18, 0x38, 0xc1, 0x29, 0x10, 0x85, 0x8,
    0x0,

    /* U+BA85 "명" */
    0x0, 0x3f, 0xf1, 0x43, 0xf4, 0x31, 0x43, 0x14,
    0x2f, 0x42, 0x17, 0xf1, 0x40, 0x10, 0x3f, 0x6,
    0x30, 0x41, 0x6, 0x30, 0x3e,

    /* U+BA87 "몇" */
    0x0, 0x37, 0xf0, 0x90, 0xfc, 0x84, 0x24, 0x21,
    0x21, 0xf9, 0xf8, 0x48, 0x2, 0x7, 0xc0, 0x0,
    0xf, 0xfe, 0x2, 0x0, 0x38, 0x2, 0x30, 0x60,
    0x60,

    /* U+BA8C "몌" */
    0x0, 0x18, 0x6, 0x40, 0x92, 0xfc, 0x94, 0x3c,
    0xa1, 0x25, 0x9, 0x28, 0x79, 0x42, 0x4b, 0xf2,
    0x50, 0x12, 0x0, 0x90, 0x4, 0x80, 0x24, 0x0,
    0x20,

    /* U+BAA8 "모" */
    0x3f, 0xe0, 0x40, 0x81, 0x2, 0x4, 0x8, 0x10,
    0x20, 0x7f, 0x81, 0x10, 0x0, 0x40, 0x1, 0x0,
    0x4, 0xf, 0xff, 0xc0,

    /* U+BAA9 "목" */
    0x1f, 0xe0, 0x20, 0x80, 0x82, 0x2, 0x8, 0xf,
    0xe0, 0x4, 0x0, 0x10, 0x3f, 0xff, 0x0, 0x0,
    0x0, 0x1, 0xfe, 0x0, 0x8, 0x0, 0x20, 0x0,
    0x80, 0x2, 0x0,

    /* U+BAAB "몫" */
    0x1f, 0xf0, 0x10, 0x20, 0x20, 0x40, 0x40, 0x80,
    0xff, 0x0, 0x30, 0x0, 0x60, 0x3f, 0xff, 0x0,
    0x0, 0x7c, 0x60, 0x8, 0x80, 0x11, 0x0, 0x25,
    0x0, 0x51, 0x0, 0xc1, 0x0,

    /* U+BAAC "몬" */
    0xf, 0xf0, 0x30, 0x20, 0x20, 0x40, 0x40, 0x80,
    0x81, 0x1, 0xfe, 0x0, 0x40, 0x0, 0x80, 0x7f,
    0xfe, 0x0, 0x0, 0x60, 0x0, 0x40, 0x0, 0x80,
    0x1, 0xff, 0x0,

    /* U+BAB0 "몰" */
    0x1f, 0xf0, 0x10, 0x20, 0x20, 0x40, 0x40, 0x80,
    0xff, 0x0, 0x20, 0x1f, 0xff, 0x80, 0x0, 0x0,
    0x0, 0x3f, 0xe0, 0x0, 0x40, 0xff, 0x80, 0x80,
    0x1, 0xff, 0x0,

    /* U+BAB2 "몲" */
    0x1f, 0xe0, 0x20, 0x80, 0x82, 0x2, 0x8, 0xf,
    0xe0, 0x4, 0xf, 0xff, 0xc0, 0x0, 0x0, 0x0,
    0xff, 0xc0, 0x29, 0xf, 0xa4, 0x10, 0x90, 0x7b,
    0xc0,

    /* U+BAB8 "몸" */
    0x1f, 0xe0, 0x20, 0x80, 0x82, 0x2, 0x8, 0xf,
    0xe0, 0x4, 0x0, 0x10, 0x3f, 0xff, 0x0, 0x0,
    0x0, 0x0, 0xfe, 0x2, 0x8, 0x8, 0x20, 0x3f,
    0x80,

    /* U+BAB9 "몹" */
    0x1f, 0xf0, 0x10, 0x20, 0x20, 0x40, 0x40, 0x80,
    0xff, 0x0, 0x20, 0x0, 0x40, 0x3f, 0xff, 0x0,
    0x0, 0x30, 0x60, 0x20, 0x40, 0x7f, 0x80, 0x81,
    0x1, 0xfe, 0x2, 0x0, 0x0,

    /* U+BABB "못" */
    0x1f, 0xf0, 0x10, 0x40, 0x20, 0x80, 0x41, 0x0,
    0xfe, 0x0, 0x20, 0x0, 0x40, 0x7f, 0xff, 0x0,
    0x0, 0x2, 0x0, 0xc, 0x0, 0x14, 0x0, 0xc7,
    0x2, 0x3, 0x0,

    /* U+BABD "몽" */
    0x1f, 0xf0, 0x10, 0x60, 0x20, 0x80, 0x41, 0x0,
    0xff, 0x1, 0x20, 0x0, 0x40, 0x7f, 0xff, 0x0,
    0x0, 0xf, 0x80, 0x31, 0x80, 0x41, 0x0, 0x82,
    0x1, 0x8c, 0x1, 0xf0, 0x0,

    /* U+BAC4 "뫄" */
    0x0, 0x30, 0x0, 0x20, 0xfe, 0x41, 0x4, 0x82,
    0x9, 0x4, 0x12, 0xf, 0xe7, 0x92, 0x8, 0x4,
    0x10, 0x8, 0xe1, 0xfe, 0x40, 0x0, 0x80, 0x1,
    0x0, 0x2, 0x0, 0x4, 0x0,

    /* U+BAC8 "뫈" */
    0x0, 0x30, 0x7f, 0x20, 0xc2, 0x41, 0x84, 0x83,
    0x9, 0x7, 0xf3, 0xc1, 0x4, 0x2, 0x78, 0x7f,
    0x10, 0x0, 0x20, 0x30, 0x0, 0x20, 0x0, 0x40,
    0x0, 0xff, 0x80,

    /* U+BAD8 "뫘" */
    0x0, 0x30, 0x7f, 0x20, 0x82, 0x41, 0x4, 0x82,
    0x11, 0x67, 0xf3, 0xc1, 0x4, 0x2, 0x38, 0x7f,
    0x90, 0x0, 0xc0, 0x10, 0x80, 0x21, 0x0, 0xa5,
    0x2, 0x31, 0x8, 0x41, 0x0,

    /* U+BAD9 "뫙" */
    0x0, 0x10, 0xff, 0x20, 0x82, 0x41, 0x4, 0x82,
    0x9, 0x7, 0xf3, 0xc1, 0x4, 0x2, 0xf8, 0x7a,
    0x10, 0x7, 0xc0, 0x18, 0xc0, 0x20, 0x80, 0x41,
    0x0, 0xc6, 0x0, 0xf8, 0x0,

    /* U+BAFC "뫼" */
    0x0, 0x30, 0x1, 0x7f, 0x92, 0x9, 0x20, 0x92,
    0x9, 0x3f, 0x92, 0x41, 0x4, 0x10, 0x47, 0xff,
    0x90, 0x1, 0x0, 0x10, 0x1, 0x0, 0x10,

    /* U+BB00 "묀" */
    0x0, 0x33, 0xfc, 0x88, 0x64, 0x42, 0x22, 0x11,
    0x1f, 0xc8, 0x20, 0x41, 0xe, 0xff, 0x90, 0x0,
    0x86, 0x0, 0x10, 0x0, 0x80, 0x7, 0xfc,

    /* U+BB04 "묄" */
    0x0, 0x33, 0xfc, 0x88, 0x44, 0x42, 0x23, 0xf9,
    0x14, 0x8, 0x21, 0xdf, 0xf2, 0x0, 0x0, 0xff,
    0x80, 0x4, 0x3f, 0xe0, 0x80, 0x7, 0xfc,

    /* U+BB0D "묍" */
    0x0, 0x37, 0xf9, 0x21, 0x12, 0x11, 0x3f, 0x92,
    0x41, 0x4, 0x7f, 0xf9, 0x40, 0x0, 0xc3, 0x4,
    0x10, 0x7f, 0x4, 0x10, 0x7f,

    /* U+BB0F "묏" */
    0x0, 0x33, 0xfc, 0x88, 0x24, 0x41, 0x22, 0x9,
    0x1f, 0xc8, 0x10, 0x40, 0x8e, 0xff, 0x90, 0x8,
    0x80, 0x24, 0x3, 0x0, 0x34, 0x3, 0x18, 0x20,
    0x40,

    /* U+BB11 "묑" */
    0x0, 0x17, 0xf9, 0x21, 0x92, 0x11, 0x21, 0x13,
    0xf9, 0x4, 0x10, 0x5f, 0xfa, 0x10, 0x1e, 0x2,
    0x30, 0x41, 0x4, 0x10, 0x23, 0x1, 0xe0,

    /* U+BB18 "묘" */
    0x3f, 0xe0, 0x40, 0x81, 0x2, 0x4, 0x8, 0x10,
    0x20, 0x7f, 0x0, 0xc4, 0x1, 0x10, 0x4, 0x43,
    0xff, 0xf0,

    /* U+BB1C "묜" */
    0x1f, 0xf0, 0x10, 0x20, 0x20, 0x40, 0x40, 0x80,
    0xff, 0x1, 0x0, 0x3, 0x8, 0x2, 0x10, 0x7f,
    0xfe, 0x0, 0x0, 0x60, 0x0, 0x40, 0x0, 0x80,
    0x1, 0xff, 0x0,

    /* U+BB20 "묠" */
    0x1f, 0xf0, 0x10, 0x60, 0x20, 0xc0, 0x41, 0x0,
    0xff, 0x1, 0x8c, 0x1, 0x8, 0x3f, 0xff, 0x0,
    0x0, 0x3f, 0xe0, 0x0, 0x80, 0xff, 0x80, 0x80,
    0x1, 0xff, 0x0,

    /* U+BB29 "묩" */
    0x1f, 0xf0, 0x10, 0x20, 0x20, 0x40, 0x40, 0x80,
    0xff, 0x1, 0x84, 0x1, 0x8, 0x3f, 0xff, 0x0,
    0x0, 0x30, 0x60, 0x20, 0x40, 0x7f, 0x80, 0x81,
    0x1, 0xfe, 0x0,

    /* U+BB2B "묫" */
    0x1f, 0xe0, 0x40, 0x81, 0x2, 0x4, 0x8, 0x1f,
    0xe0, 0x31, 0x0, 0x44, 0x3f, 0xff, 0x0, 0x0,
    0xc, 0x0, 0x30, 0x1, 0xe0, 0xc, 0x60, 0x40,
    0xc2, 0x0, 0x0,

    /* U+BB34 "무" */
    0x3f, 0xe0, 0x40, 0x81, 0x2, 0x4, 0x8, 0x10,
    0x20, 0x7f, 0x0, 0x0, 0x0, 0x0, 0xff, 0xfc,
    0x8, 0x0, 0x20, 0x0, 0x80, 0x2, 0x0, 0x8,
    0x0, 0x20, 0x0,

    /* U+BB35 "묵" */
    0x1f, 0xe0, 0x20, 0x80, 0x82, 0x2, 0x8, 0xf,
    0xe0, 0x20, 0x0, 0x0, 0x3f, 0xff, 0x1, 0x0,
    0x4, 0x1, 0xfe, 0x0, 0x8, 0x0, 0x20, 0x0,
    0x80, 0x2, 0x0,

    /* U+BB36 "묶" */
    0x3f, 0xe0, 0x40, 0x81, 0x2, 0x4, 0x8, 0x1f,
    0xe0, 0x40, 0x0, 0x0, 0x3f, 0xff, 0x3, 0x1,
    0xff, 0x80, 0x42, 0x1, 0x8, 0x4, 0x20, 0x10,
    0x80, 0x42, 0x0,

    /* U+BB38 "문" */
    0x1f, 0xf0, 0x10, 0x20, 0x20, 0x40, 0x40, 0x80,
    0x81, 0x1, 0xfe, 0x0, 0x0, 0x7f, 0xff, 0x1,
    0x0, 0x22, 0x0, 0x24, 0x0, 0x48, 0x0, 0x80,
    0x1, 0xff, 0x0,

    /* U+BB3B "묻" */
    0x1f, 0xf0, 0x10, 0x20, 0x20, 0x40, 0x40, 0x80,
    0xff, 0x1, 0x0, 0x0, 0x0, 0x3f, 0xff, 0x1,
    0x0, 0x32, 0x0, 0x7f, 0xc0, 0x40, 0x0, 0x80,
    0x1, 0xfe, 0x0,

    /* U+BB3C "물" */
    0x1f, 0xf0, 0x10, 0x20, 0x20, 0x40, 0x40, 0x80,
    0xff, 0x0, 0x0, 0x1f, 0xff, 0x80, 0x80, 0x1,
    0x0, 0x3f, 0xe0, 0x0, 0x40, 0xff, 0x80, 0x80,
    0x1, 0xff, 0x0,

    /* U+BB3D "묽" */
    0x1f, 0xf0, 0x10, 0x60, 0x20, 0x80, 0x41, 0x0,
    0xfe, 0x0, 0x0, 0x3f, 0xff, 0x80, 0x80, 0x1,
    0x0, 0x3d, 0xe0, 0x8, 0x40, 0xf0, 0x81, 0x1,
    0x3, 0xe2, 0x0, 0x4, 0x0,

    /* U+BB3E "묾" */
    0x1f, 0xf0, 0x20, 0x80, 0x82, 0x2, 0x8, 0xf,
    0xe0, 0x0, 0xf, 0xff, 0xc0, 0x40, 0x1, 0x0,
    0x7b, 0xc0, 0x29, 0xf, 0xa4, 0x10, 0x90, 0x7b,
    0xc0,

    /* U+BB44 "뭄" */
    0x1f, 0xf0, 0x10, 0x40, 0x20, 0x80, 0x41, 0x0,
    0xfe, 0x1, 0x0, 0x0, 0x0, 0x7f, 0xff, 0x1,
    0x0, 0x3f, 0xc0, 0x20, 0x80, 0x41, 0x0, 0x82,
    0x1, 0xfc, 0x0,

    /* U+BB45 "뭅" */
    0x1f, 0xf0, 0x10, 0x20, 0x20, 0x40, 0x40, 0x80,
    0xff, 0x0, 0x0, 0x3f, 0xff, 0x80, 0x80, 0x1,
    0x0, 0x32, 0x60, 0x20, 0x40, 0x7f, 0x80, 0x81,
    0x1, 0xfe, 0x0,

    /* U+BB47 "뭇" */
    0x1f, 0xe0, 0x20, 0x80, 0x82, 0x2, 0x8, 0xf,
    0xe0, 0x20, 0x0, 0x0, 0x3f, 0xff, 0x1, 0x0,
    0x4, 0x0, 0x10, 0x0, 0xc0, 0x6, 0x80, 0x31,
    0x83, 0x1, 0x0,

    /* U+BB49 "뭉" */
    0x1f, 0xf0, 0x10, 0x60, 0x20, 0x80, 0x41, 0x0,
    0xff, 0x1, 0x0, 0x0, 0x0, 0x7f, 0xff, 0x1,
    0x0, 0x2, 0x0, 0x1f, 0x0, 0x41, 0x0, 0x82,
    0x1, 0x8c, 0x1, 0xf0, 0x0,

    /* U+BB4D "뭍" */
    0x1f, 0xf0, 0x10, 0x60, 0x20, 0xc0, 0x41, 0x0,
    0xff, 0x0, 0x0, 0x1f, 0xff, 0x80, 0x80, 0x11,
    0x0, 0x3f, 0xe0, 0x20, 0x0, 0x7f, 0x80, 0x80,
    0x1, 0xfe, 0x0,

    /* U+BB4F "뭏" */
    0x3f, 0xe0, 0x40, 0x81, 0x2, 0x4, 0x8, 0x1f,
    0xe0, 0x0, 0xf, 0xff, 0xc0, 0x80, 0x7, 0x80,
    0x0, 0x3, 0xff, 0x1, 0xe0, 0x8, 0x40, 0x21,
    0x0, 0x78, 0x0,

    /* U+BB50 "뭐" */
    0x0, 0x19, 0xfc, 0x4c, 0x22, 0x61, 0x11, 0x8,
    0x8f, 0xc4, 0x0, 0x20, 0xd, 0x7f, 0x88, 0x20,
    0x41, 0x3e, 0x8, 0x10, 0x40, 0x82, 0x4,

    /* U+BB54 "뭔" */
    0x0, 0x18, 0xfe, 0x23, 0x8, 0x8c, 0x22, 0x30,
    0x88, 0x7e, 0x20, 0x4, 0x9f, 0xe2, 0x4, 0xf8,
    0x11, 0x20, 0xc0, 0x81, 0x0, 0x4, 0x0, 0x1f,
    0xf0,

    /* U+BB58 "뭘" */
    0x0, 0x33, 0xf8, 0x88, 0x44, 0x42, 0x23, 0xf1,
    0x0, 0x6b, 0xfc, 0x41, 0x1e, 0x8, 0x10, 0xff,
    0x80, 0x4, 0x3f, 0xe0, 0x80, 0x7, 0xfc,

    /* U+BB61 "뭡" */
    0x0, 0x19, 0xfc, 0x4c, 0x22, 0x61, 0x11, 0xf8,
    0x80, 0x25, 0xfe, 0x20, 0x9f, 0x4, 0x8, 0x0,
    0xc1, 0x2, 0xf, 0xf0, 0x40, 0x83, 0xfc, 0x10,
    0x0,

    /* U+BB63 "뭣" */
    0x0, 0x18, 0xfe, 0x21, 0x8, 0x84, 0x22, 0x1f,
    0x88, 0x40, 0x20, 0x6, 0x9f, 0xe2, 0x4, 0x78,
    0x12, 0x20, 0x8, 0x80, 0x70, 0x1, 0x20, 0x8,
    0x60, 0xc0, 0x80,

    /* U+BB6C "뭬" */
    0x0, 0xde, 0xf2, 0x58, 0x92, 0x84, 0x94, 0x24,
    0xbf, 0x25, 0x1, 0x20, 0xe9, 0xf8, 0x48, 0x5e,
    0x42, 0x12, 0x10, 0x90, 0x84, 0x84, 0x24, 0x0,
    0x20,

    /* U+BB88 "뮈" */
    0x0, 0x17, 0xf9, 0x20, 0x92, 0x9, 0x20, 0x93,
    0xf9, 0x20, 0x10, 0x7, 0xff, 0x90, 0x41, 0x4,
    0x10, 0x41, 0x4, 0x10, 0x41, 0x0, 0x10,

    /* U+BB8C "뮌" */
    0x0, 0x33, 0xfc, 0x88, 0x64, 0x43, 0x22, 0x11,
    0x1f, 0xc8, 0x0, 0x5f, 0xfe, 0x8, 0x10, 0x40,
    0x86, 0x4, 0x10, 0x0, 0x80, 0x7, 0xfc,

    /* U+BB90 "뮐" */
    0x0, 0x33, 0xfc, 0x88, 0x44, 0x42, 0x23, 0xf1,
    0x10, 0x8, 0x3, 0xdf, 0xe2, 0x1f, 0xf0, 0x7f,
    0x80, 0x4, 0x3f, 0xe0, 0x80, 0x7, 0xfc,

    /* U+BBA4 "뮤" */
    0x3f, 0xe0, 0x20, 0x40, 0x40, 0x80, 0x81, 0x1,
    0xfe, 0x2, 0x0, 0x0, 0x0, 0x7f, 0xfe, 0x8,
    0x40, 0x10, 0x80, 0x21, 0x0, 0x42, 0x0, 0x84,
    0x0, 0x8, 0x0,

    /* U+BBA8 "뮨" */
    0x3f, 0xe0, 0x41, 0x81, 0x6, 0x4, 0x18, 0x10,
    0x60, 0x7f, 0x80, 0x0, 0x3f, 0xff, 0x4, 0x80,
    0x12, 0x3, 0x48, 0x5, 0x20, 0x10, 0x0, 0x7f,
    0xc0,

    /* U+BBAC "뮬" */
    0x1f, 0xf0, 0x10, 0x60, 0x20, 0x80, 0x41, 0x0,
    0xff, 0x0, 0x0, 0x1f, 0xff, 0x82, 0x20, 0x4,
    0x40, 0x3f, 0xe0, 0x0, 0x80, 0xff, 0x80, 0x80,
    0x1, 0xff, 0x0,

    /* U+BBB4 "뮴" */
    0x1f, 0xf0, 0x10, 0x40, 0x20, 0x80, 0x41, 0x0,
    0xfe, 0x1, 0x0, 0x0, 0x0, 0x7f, 0xff, 0x4,
    0x40, 0x8, 0x80, 0x3f, 0x80, 0x41, 0x0, 0x82,
    0x1, 0xfc, 0x0,

    /* U+BBB7 "뮷" */
    0x1f, 0xe0, 0x40, 0x81, 0x2, 0x4, 0x8, 0x1f,
    0xe0, 0x0, 0x0, 0x0, 0x3f, 0xff, 0x8, 0x40,
    0x21, 0x0, 0xb4, 0x2, 0x90, 0x7, 0x80, 0x21,
    0x83, 0x1, 0x0,

    /* U+BBC0 "므" */
    0x3f, 0xe0, 0x40, 0x81, 0x2, 0x4, 0x8, 0x10,
    0x20, 0x40, 0x81, 0xfc, 0x0, 0x0, 0x0, 0x0,
    0x0, 0xf, 0xff, 0xc0,

    /* U+BBC4 "믄" */
    0x10, 0x0, 0x1f, 0xe0, 0x20, 0x40, 0x40, 0x80,
    0x81, 0x1, 0xfe, 0x0, 0x0, 0x3f, 0xff, 0x0,
    0x0, 0x20, 0x0, 0x20, 0x0, 0x40, 0x0, 0x80,
    0x1, 0xff, 0x0,

    /* U+BBC8 "믈" */
    0x1f, 0xf0, 0x10, 0x20, 0x20, 0x40, 0x40, 0x80,
    0xff, 0x0, 0x0, 0x1f, 0xff, 0x80, 0x0, 0x1f,
    0xf0, 0x1f, 0xe0, 0x0, 0x40, 0xff, 0x80, 0x80,
    0x1, 0xff, 0x0,

    /* U+BBD0 "믐" */
    0x1f, 0xe0, 0x40, 0x81, 0x2, 0x4, 0x8, 0x1f,
    0xe0, 0x0, 0x0, 0x0, 0x3f, 0xff, 0x0, 0x0,
    0x7f, 0x81, 0x82, 0x2, 0x8, 0x8, 0x20, 0x3f,
    0x80,

    /* U+BBD3 "믓" */
    0x3f, 0xe0, 0x60, 0x81, 0x82, 0x6, 0x8, 0xf,
    0xe0, 0x0, 0x0, 0x0, 0x3f, 0xff, 0x0, 0x0,
    0xc, 0x0, 0x30, 0x0, 0xc0, 0x4, 0xc0, 0x60,
    0xc2, 0x1, 0x0,

    /* U+BBF8 "미" */
    0x0, 0x30, 0x1, 0xff, 0x14, 0x11, 0x41, 0x14,
    0x11, 0x41, 0x14, 0x11, 0x41, 0x17, 0xf1, 0x40,
    0x10, 0x1, 0x0, 0x10, 0x1, 0x0, 0x10,

    /* U+BBF9 "믹" */
    0x0, 0x70, 0x1, 0xfe, 0x14, 0x21, 0x42, 0x14,
    0x21, 0x42, 0x17, 0xc1, 0x0, 0x1, 0xff, 0x0,
    0x10, 0x1, 0x0, 0x10, 0x1, 0x0, 0x10,

    /* U+BBFC "민" */
    0x0, 0x30, 0x0, 0x9f, 0x84, 0x84, 0x24, 0x21,
    0x21, 0x9, 0x8, 0x4f, 0xc2, 0x0, 0x10, 0xc0,
    0x82, 0x0, 0x10, 0x0, 0x80, 0x7, 0xfc,

    /* U+BBFF "믿" */
    0x0, 0x70, 0x1, 0xfe, 0x14, 0x21, 0x42, 0x14,
    0x21, 0x42, 0x17, 0xc1, 0x0, 0x1, 0xff, 0x8,
    0x0, 0x80, 0x8, 0x0, 0xff,

    /* U+BC00 "밀" */
    0x0, 0x27, 0xf1, 0x10, 0x88, 0x84, 0x44, 0x22,
    0x21, 0x11, 0xf8, 0x80, 0x4, 0x1f, 0xe0, 0x1,
    0x0, 0x8, 0x3f, 0xc0, 0x80, 0x7, 0xf8,

    /* U+BC02 "밂" */
    0x0, 0x7f, 0xc5, 0x8, 0xa1, 0x14, 0x22, 0x84,
    0x5f, 0x88, 0x1, 0x3f, 0xe0, 0xa4, 0x14, 0xbe,
    0x92, 0x12, 0x7b, 0xc0,

    /* U+BC08 "밈" */
    0x0, 0x60, 0x7, 0xf8, 0xa1, 0x14, 0x22, 0x84,
    0x50, 0x8b, 0xe1, 0x0, 0x1, 0xfc, 0x20, 0x84,
    0x10, 0x82, 0x1f, 0xc0,

    /* U+BC09 "밉" */
    0x0, 0x7f, 0xc5, 0x8, 0xa1, 0x14, 0x22, 0x84,
    0x5f, 0x8, 0x2, 0x18, 0x21, 0x4, 0x3f, 0x84,
    0x10, 0x82, 0x1f, 0xc0,

    /* U+BC0B "밋" */
    0x0, 0x3f, 0xe1, 0x42, 0x14, 0x21, 0x42, 0x14,
    0x21, 0x7e, 0x14, 0x1, 0x3, 0x10, 0x30, 0x3,
    0x0, 0x48, 0x8, 0x63, 0x1,

    /* U+BC0C "밌" */
    0x0, 0x33, 0xf8, 0x98, 0x44, 0xc2, 0x26, 0x11,
    0x30, 0x88, 0xf8, 0x40, 0x2, 0xc, 0x20, 0x21,
    0x3, 0x18, 0x14, 0xa1, 0x18, 0x90, 0x84,

    /* U+BC0D "밍" */
    0x0, 0x60, 0x7, 0xfc, 0xa1, 0x94, 0x22, 0x84,
    0x50, 0x8b, 0xe1, 0x0, 0x20, 0x78, 0x10, 0x82,
    0x10, 0x42, 0x7, 0x80,

    /* U+BC0F "및" */
    0x0, 0x6f, 0xe2, 0x42, 0x24, 0x22, 0x42, 0x24,
    0x22, 0x7e, 0x24, 0x2, 0x7, 0x80, 0x0, 0x3f,
    0xf0, 0x10, 0x3, 0x0, 0x4c, 0x38, 0x30,

    /* U+BC11 "밑" */
    0x0, 0x3f, 0xe1, 0x42, 0x14, 0x21, 0x42, 0x14,
    0x21, 0x7e, 0x14, 0x1, 0x18, 0x1, 0xff, 0x8,
    0x0, 0xff, 0x8, 0x0, 0xff,

    /* U+BC14 "바" */
    0x0, 0x60, 0x10, 0x8c, 0x22, 0x10, 0x88, 0x42,
    0x21, 0xf8, 0x84, 0x23, 0xd0, 0x88, 0x42, 0x21,
    0xfc, 0x84, 0x2, 0x0, 0x8, 0x0, 0x20, 0x0,
    0x80, 0x2, 0x0,

    /* U+BC15 "박" */
    0x0, 0x23, 0x8, 0x84, 0x22, 0x1f, 0x88, 0x42,
    0x3d, 0x8, 0x84, 0x22, 0x1f, 0xc8, 0x0, 0x20,
    0xff, 0x80, 0x2, 0x0, 0x8, 0x0, 0x20, 0x0,
    0x80, 0x2, 0x0,

    /* U+BC16 "밖" */
    0x4, 0x23, 0x8, 0x84, 0x22, 0x1f, 0x88, 0x42,
    0x3d, 0x8, 0x84, 0x22, 0x1f, 0xc8, 0x0, 0x20,
    0xf7, 0x80, 0x42, 0x1, 0x8, 0x4, 0x20, 0x10,
    0x80, 0x42, 0x0,

    /* U+BC17 "밗" */
    0x0, 0x23, 0x8, 0x84, 0x22, 0x1f, 0x88, 0x42,
    0x3d, 0x8, 0x84, 0x22, 0x1f, 0xc8, 0x0, 0x21,
    0xf1, 0x0, 0x44, 0x1, 0x30, 0x4, 0xa0, 0x14,
    0x40, 0x61, 0x0,

    /* U+BC18 "반" */
    0x0, 0x22, 0x8, 0x84, 0x22, 0x10, 0x88, 0x7e,
    0x21, 0x8, 0xf4, 0x22, 0x1f, 0xc8, 0x0, 0x20,
    0x60, 0x80, 0x80, 0x2, 0x0, 0x8, 0x0, 0x3f,
    0xc0,

    /* U+BC1B "받" */
    0x4, 0x23, 0x8, 0x84, 0x22, 0x1f, 0x88, 0x42,
    0x3d, 0x8, 0x84, 0x22, 0x1f, 0xc8, 0x0, 0x0,
    0x7f, 0x80, 0x80, 0x2, 0x0, 0x8, 0x0, 0x3f,
    0xc0,

    /* U+BC1C "발" */
    0x6, 0x23, 0x8, 0x84, 0x22, 0x1f, 0x88, 0x42,
    0x3d, 0x8, 0x87, 0xf2, 0x0, 0x8, 0x1f, 0xe0,
    0x0, 0x80, 0x2, 0x7, 0xf8, 0x8, 0x0, 0x3f,
    0xc0,

    /* U+BC1D "밝" */
    0x6, 0x23, 0x8, 0x84, 0x22, 0x1f, 0x88, 0x42,
    0x3d, 0x8, 0x87, 0xf2, 0x10, 0x8, 0x0, 0x0,
    0xf7, 0x80, 0x42, 0x1f, 0x8, 0x21, 0x20, 0xf8,
    0x80,

    /* U+BC1E "밞" */
    0x6, 0x23, 0x8, 0x84, 0x22, 0x1f, 0x88, 0x42,
    0x3d, 0x8, 0x87, 0xf2, 0x10, 0x8, 0x0, 0x1,
    0xff, 0x80, 0x52, 0x1f, 0x48, 0x21, 0x20, 0xf7,
    0x80,

    /* U+BC1F "밟" */
    0x6, 0x23, 0x8, 0x84, 0x22, 0x1f, 0x88, 0x42,
    0x3d, 0x8, 0x87, 0xf2, 0x0, 0x0, 0x7f, 0x20,
    0x14, 0x80, 0x5e, 0x1f, 0x48, 0x21, 0x20, 0xe7,
    0x80,

    /* U+BC24 "밤" */
    0x4, 0x23, 0x8, 0x84, 0x22, 0x1f, 0x88, 0x42,
    0x3d, 0x8, 0x84, 0x22, 0x1f, 0xc8, 0x0, 0x20,
    0x7f, 0x80, 0x82, 0x2, 0x8, 0x8, 0x20, 0x3f,
    0x80,

    /* U+BC25 "밥" */
    0x4, 0x23, 0x8, 0x84, 0x22, 0x1f, 0x88, 0x42,
    0x3d, 0x8, 0x87, 0xf2, 0x10, 0x8, 0x0, 0x40,
    0x60, 0x80, 0x82, 0x3, 0xf8, 0x8, 0x20, 0x3f,
    0x80,

    /* U+BC27 "밧" */
    0x4, 0x23, 0x8, 0x84, 0x22, 0x1f, 0x88, 0x42,
    0x3d, 0x8, 0x84, 0x22, 0x1f, 0xc8, 0x40, 0x20,
    0x8, 0x80, 0x30, 0x0, 0xc0, 0x4, 0x80, 0x61,
    0x82, 0x1, 0x0,

    /* U+BC29 "방" */
    0x4, 0x23, 0x8, 0x84, 0x22, 0x10, 0x88, 0x7e,
    0x21, 0x8, 0xf4, 0x22, 0x1f, 0xc8, 0x0, 0x20,
    0x1f, 0x0, 0xc6, 0x2, 0x8, 0x8, 0x20, 0x31,
    0x80, 0x7c, 0x0,

    /* U+BC2D "밭" */
    0x4, 0x23, 0x8, 0x84, 0x22, 0x1f, 0x88, 0x42,
    0x3d, 0x8, 0x87, 0xf2, 0x10, 0x8, 0x10, 0x0,
    0x7f, 0x80, 0x80, 0x3, 0xf8, 0x8, 0x0, 0x3f,
    0xc0,

    /* U+BC30 "배" */
    0x0, 0x18, 0x6, 0x41, 0x13, 0x88, 0x94, 0x44,
    0xa2, 0x25, 0xf1, 0xe8, 0x89, 0x44, 0x4b, 0xf2,
    0x50, 0x12, 0x0, 0x90, 0x4, 0x80, 0x24, 0x0,
    0x20,

    /* U+BC31 "백" */
    0x0, 0xc8, 0x62, 0x71, 0x12, 0x88, 0x97, 0xc7,
    0xa2, 0x25, 0x11, 0x2f, 0xc9, 0x40, 0x48, 0x0,
    0x7, 0xfe, 0x0, 0x10, 0x0, 0x80, 0x4, 0x0,
    0x20,

    /* U+BC34 "밴" */
    0x0, 0xc8, 0x11, 0x2c, 0x24, 0x90, 0x92, 0x7e,
    0x49, 0x9, 0xe4, 0x44, 0x9f, 0x92, 0x40, 0x48,
    0x31, 0x20, 0x40, 0x81, 0x0, 0x4, 0x0, 0x1f,
    0xf0,

    /* U+BC38 "밸" */
    0x0, 0xc8, 0x19, 0x2c, 0x24, 0x9f, 0x92, 0x42,
    0x79, 0x9, 0x27, 0xe4, 0x90, 0x12, 0x0, 0x0,
    0x3f, 0xe0, 0x0, 0x83, 0xfe, 0x4, 0x0, 0x1f,
    0xf0,

    /* U+BC40 "뱀" */
    0x0, 0xd0, 0xc5, 0xc4, 0x54, 0x45, 0x7c, 0x74,
    0x45, 0x44, 0x57, 0xe5, 0x0, 0x50, 0xff, 0x4,
    0x10, 0x41, 0x4, 0x10, 0x7f,

    /* U+BC41 "뱁" */
    0x0, 0xd0, 0x45, 0xc4, 0x54, 0x45, 0x7c, 0x74,
    0x45, 0x44, 0x57, 0xe5, 0x0, 0x0, 0xc1, 0x4,
    0x10, 0x7f, 0x4, 0x10, 0x7f, 0x4, 0x0,

    /* U+BC43 "뱃" */
    0x0, 0x18, 0x33, 0x2c, 0x44, 0x91, 0x12, 0x7c,
    0x79, 0x11, 0x24, 0x44, 0x9f, 0x92, 0x40, 0x48,
    0x3, 0x20, 0x8, 0x0, 0x70, 0x3, 0x30, 0x10,
    0x21, 0x80, 0x0,

    /* U+BC44 "뱄" */
    0x0, 0xc8, 0x31, 0x2c, 0x44, 0x91, 0x12, 0x7c,
    0x79, 0x11, 0x24, 0x44, 0x9f, 0x92, 0x40, 0x8,
    0x30, 0xc0, 0x43, 0x3, 0xc, 0x12, 0x58, 0x82,
    0x34, 0x10, 0x40,

    /* U+BC45 "뱅" */
    0x0, 0xd0, 0x65, 0xc2, 0x54, 0x25, 0x7e, 0x74,
    0x25, 0x42, 0x57, 0xe5, 0x40, 0x10, 0x1f, 0x2,
    0x30, 0x21, 0x2, 0x10, 0x1e,

    /* U+BC49 "뱉" */
    0x0, 0xc8, 0x22, 0x71, 0x12, 0x88, 0x97, 0xc7,
    0xa2, 0x25, 0x11, 0x2f, 0xc9, 0x0, 0x0, 0x7f,
    0xc1, 0x0, 0xf, 0xf0, 0x40, 0x3, 0xfc,

    /* U+BC4C "뱌" */
    0x0, 0x60, 0x18, 0x8c, 0x22, 0x10, 0x88, 0x42,
    0x3d, 0xf8, 0x84, 0x22, 0x10, 0x88, 0x42, 0x3d,
    0xfc, 0x84, 0x2, 0x0, 0x8, 0x0, 0x20, 0x0,
    0x80, 0x2, 0x0,

    /* U+BC4D "뱍" */
    0x6, 0x23, 0x8, 0x84, 0x22, 0x1f, 0x8e, 0x42,
    0x21, 0x8, 0x84, 0x23, 0xdf, 0xc8, 0x40, 0x20,
    0x0, 0x3, 0xfe, 0x0, 0x8, 0x0, 0x20, 0x0,
    0x80, 0x2, 0x0, 0x8,

    /* U+BC50 "뱐" */
    0x0, 0x60, 0x8, 0x8c, 0x22, 0x10, 0x8f, 0x7e,
    0x21, 0x8, 0x84, 0x22, 0xdf, 0xcc, 0x0, 0x20,
    0x60, 0x80, 0x80, 0x2, 0x0, 0x8, 0x0, 0x3f,
    0xc0,

    /* U+BC5D "뱝" */
    0x6, 0x23, 0x8, 0x84, 0x22, 0xdf, 0x8c, 0x42,
    0x21, 0x8, 0xf7, 0xf2, 0x10, 0x8, 0x0, 0x40,
    0x60, 0x80, 0x82, 0x3, 0xf8, 0x8, 0x20, 0x3f,
    0x80,

    /* U+BC84 "버" */
    0x0, 0x30, 0x41, 0xc2, 0x14, 0x21, 0x42, 0x17,
    0xff, 0x42, 0x14, 0x21, 0x42, 0x17, 0xf1, 0x40,
    0x10, 0x1, 0x0, 0x10, 0x1, 0x0, 0x10,

    /* U+BC85 "벅" */
    0x0, 0x38, 0x21, 0x42, 0x14, 0x21, 0x7f, 0xf4,
    0x21, 0x42, 0x17, 0xf1, 0x0, 0x13, 0xff, 0x0,
    0x10, 0x1, 0x0, 0x10, 0x1, 0x0, 0x10,

    /* U+BC88 "번" */
    0x0, 0x38, 0x61, 0x42, 0x14, 0x21, 0x7f, 0xf4,
    0x21, 0x42, 0x17, 0xf1, 0x40, 0x11, 0x81, 0x8,
    0x0, 0x80, 0x8, 0x0, 0xff,

    /* U+BC8B "벋" */
    0x0, 0x3c, 0x21, 0x42, 0x14, 0x21, 0x7f, 0xf4,
    0x21, 0x42, 0x17, 0xf1, 0x0, 0x1, 0xff, 0x8,
    0x0, 0x80, 0x8, 0x0, 0xff,

    /* U+BC8C "벌" */
    0x6, 0x16, 0x10, 0x90, 0x84, 0xff, 0xe4, 0x21,
    0x21, 0x9, 0xfc, 0x40, 0x2, 0x1f, 0xf0, 0x0,
    0x80, 0x4, 0x3f, 0xe0, 0x80, 0x7, 0xfc,

    /* U+BC8E "벎" */
    0x6, 0x1c, 0x21, 0x42, 0x17, 0xff, 0x42, 0x14,
    0x21, 0x7f, 0x14, 0x1, 0x0, 0x3, 0xdf, 0x4,
    0x93, 0xc9, 0x20, 0x93, 0xef,

    /* U+BC94 "범" */
    0x0, 0x30, 0x45, 0x8, 0xa1, 0x17, 0xfe, 0x84,
    0x50, 0x8b, 0xf9, 0x0, 0x23, 0xfc, 0x20, 0x84,
    0x10, 0x82, 0x1f, 0xc0,

    /* U+BC95 "법" */
    0x4, 0x3c, 0x21, 0x42, 0x17, 0xff, 0x42, 0x14,
    0x21, 0x7f, 0x14, 0x1, 0x0, 0x21, 0x81, 0x8,
    0x10, 0xff, 0x8, 0x10, 0xff, 0x8, 0x0,

    /* U+BC97 "벗" */
    0x4, 0x36, 0x10, 0x90, 0x84, 0x84, 0x27, 0xff,
    0x21, 0x9, 0x8, 0x4f, 0xe2, 0x40, 0x10, 0x18,
    0x80, 0x40, 0x7, 0x0, 0x64, 0x4, 0x18, 0xc0,
    0x40,

    /* U+BC99 "벙" */
    0x0, 0x1c, 0x21, 0x42, 0x14, 0x21, 0x7f, 0xf4,
    0x21, 0x42, 0x17, 0xf1, 0x40, 0x10, 0x3e, 0x6,
    0x30, 0x41, 0x6, 0x30, 0x3e,

    /* U+BC9A "벚" */
    0x4, 0x36, 0x10, 0x90, 0x84, 0xff, 0xe4, 0x21,
    0x21, 0x9, 0xfc, 0x48, 0x2, 0x0, 0x1, 0xff,
    0x80, 0x40, 0x7, 0x0, 0xc7, 0x8, 0xc,

    /* U+BCA0 "베" */
    0x0, 0xc8, 0x2, 0x71, 0x12, 0x88, 0x94, 0x44,
    0xbf, 0xe5, 0x11, 0x28, 0x89, 0x44, 0x4b, 0xf2,
    0x50, 0x12, 0x0, 0x90, 0x4, 0x80, 0x24, 0x0,
    0x20,

    /* U+BCA1 "벡" */
    0x0, 0xd0, 0xc5, 0xc4, 0x54, 0x45, 0x7f, 0xd4,
    0x45, 0x44, 0x57, 0xe5, 0x40, 0x50, 0x0, 0x1f,
    0xf0, 0x1, 0x0, 0x10, 0x1, 0x0, 0x10,

    /* U+BCA4 "벤" */
    0x0, 0xd8, 0x11, 0x2c, 0x24, 0x90, 0x92, 0x7f,
    0xc9, 0x9, 0x24, 0x44, 0x9f, 0x92, 0x40, 0x48,
    0x21, 0x20, 0x40, 0x81, 0x0, 0x4, 0x0, 0x1f,
    0xf0,

    /* U+BCA7 "벧" */
    0x0, 0xd8, 0x32, 0x71, 0x92, 0x8c, 0x97, 0xfc,
    0xa3, 0x25, 0x11, 0x2f, 0xc9, 0x40, 0x48, 0x60,
    0x3, 0xfe, 0x8, 0x0, 0x40, 0x3, 0xfc,

    /* U+BCA8 "벨" */
    0x0, 0xd8, 0x19, 0x2c, 0x24, 0x90, 0x92, 0x7f,
    0xc9, 0x11, 0x27, 0xe4, 0x90, 0x12, 0x0, 0x0,
    0x3f, 0xe0, 0x1, 0x83, 0xfe, 0x4, 0x0, 0x1f,
    0xf0,

    /* U+BCB0 "벰" */
    0x0, 0xd0, 0xc5, 0xc4, 0x54, 0x45, 0x7f, 0xd4,
    0x45, 0x44, 0x57, 0xe5, 0x0, 0x50, 0xff, 0x4,
    0x10, 0x41, 0x4, 0x10, 0x7f,

    /* U+BCB1 "벱" */
    0x0, 0xd0, 0x45, 0xc4, 0x54, 0x45, 0x7f, 0xd4,
    0x45, 0x44, 0x57, 0xe5, 0x0, 0x0, 0xc1, 0x4,
    0x10, 0x7f, 0x4, 0x10, 0x7f, 0x4, 0x0,

    /* U+BCB3 "벳" */
    0x0, 0xd8, 0x31, 0x2c, 0x44, 0x91, 0x12, 0x7f,
    0xc9, 0x11, 0x24, 0x44, 0x9f, 0x92, 0x40, 0x48,
    0x2, 0x20, 0x8, 0x0, 0x50, 0x2, 0x30, 0x10,
    0x61, 0x80, 0x40,

    /* U+BCB4 "벴" */
    0x0, 0xc8, 0x31, 0x2c, 0x44, 0x91, 0x12, 0x7f,
    0xc9, 0x11, 0x24, 0x44, 0x9f, 0x92, 0x40, 0x8,
    0x30, 0xc0, 0x43, 0x3, 0x8, 0x12, 0x50, 0x8a,
    0x34, 0x10, 0x40,

    /* U+BCB5 "벵" */
    0x0, 0xd0, 0x65, 0xc2, 0x54, 0x25, 0x7f, 0xd4,
    0x25, 0x42, 0x57, 0xe5, 0x40, 0x10, 0x1f, 0x3,
    0x30, 0x21, 0x2, 0x10, 0x33, 0x1, 0xe0,

    /* U+BCBC "벼" */
    0x0, 0x30, 0x61, 0xc2, 0x14, 0x21, 0x43, 0xf7,
    0xe1, 0x42, 0x14, 0x3f, 0x42, 0x17, 0xf1, 0x40,
    0x10, 0x1, 0x0, 0x10, 0x1, 0x0, 0x10,

    /* U+BCBD "벽" */
    0x0, 0x30, 0x21, 0xc2, 0x14, 0x3f, 0x7e, 0x14,
    0x21, 0x43, 0xf7, 0xf1, 0x0, 0x13, 0xff, 0x0,
    0x10, 0x1, 0x0, 0x10, 0x1, 0x0, 0x10,

    /* U+BCC0 "변" */
    0x0, 0x30, 0x61, 0xc2, 0x14, 0x3f, 0x7e, 0x14,
    0x21, 0x43, 0xf7, 0xf1, 0x40, 0x11, 0x81, 0x8,
    0x0, 0x80, 0x8, 0x0, 0xff,

    /* U+BCC4 "별" */
    0x6, 0x16, 0x10, 0x90, 0xfc, 0xfc, 0x24, 0x21,
    0x21, 0xf9, 0xfc, 0x40, 0x0, 0x1f, 0xf0, 0x0,
    0x80, 0x4, 0x3f, 0xe0, 0x80, 0x7, 0xf8,

    /* U+BCCD "볍" */
    0x6, 0x3c, 0x21, 0x43, 0xf7, 0xe1, 0x42, 0x14,
    0x3f, 0x7f, 0x14, 0x1, 0x0, 0x21, 0x81, 0x8,
    0x10, 0xff, 0x8, 0x10, 0xff,

    /* U+BCCF "볏" */
    0x0, 0x30, 0x10, 0xb0, 0x84, 0x87, 0xe7, 0xe1,
    0x21, 0x9, 0xf, 0xcf, 0xe2, 0x40, 0x10, 0x18,
    0x80, 0x40, 0x7, 0x0, 0x44, 0x4, 0x18, 0xc0,
    0x60,

    /* U+BCD0 "볐" */
    0x0, 0x30, 0x10, 0xb0, 0x84, 0x87, 0xe7, 0xe1,
    0x21, 0x9, 0xf, 0xcf, 0xe2, 0x40, 0x10, 0x43,
    0x2, 0x8, 0x10, 0xc1, 0x6f, 0x11, 0x4d, 0x4,
    0x20,

    /* U+BCD1 "병" */
    0x0, 0x30, 0x21, 0xc2, 0x14, 0x3f, 0x7e, 0x14,
    0x21, 0x43, 0xf7, 0xf1, 0x40, 0x10, 0x3e, 0x6,
    0x30, 0x41, 0x6, 0x30, 0x3e,

    /* U+BCD5 "볕" */
    0x6, 0x3c, 0x21, 0x43, 0xf7, 0xe1, 0x42, 0x14,
    0x3f, 0x7f, 0x14, 0x1, 0x10, 0x1, 0xff, 0x8,
    0x0, 0xff, 0x8, 0x0, 0xff,

    /* U+BCD8 "볘" */
    0x0, 0x98, 0x2, 0x61, 0x92, 0x84, 0x94, 0x3c,
    0xbf, 0x25, 0x9, 0x28, 0x79, 0x42, 0x4b, 0xf2,
    0x50, 0x12, 0x0, 0x90, 0x4, 0x80, 0x24, 0x0,
    0x20,

    /* U+BCDC "볜" */
    0x0, 0xd8, 0x19, 0x2c, 0x24, 0x90, 0xf2, 0x7e,
    0x49, 0x9, 0x24, 0x3c, 0x9f, 0x92, 0x40, 0x48,
    0x21, 0x20, 0x40, 0x81, 0x0, 0x4, 0x0, 0x1f,
    0xf0,

    /* U+BCF4 "보" */
    0x20, 0x60, 0x40, 0x81, 0x2, 0x7, 0xf8, 0x10,
    0x20, 0x40, 0x81, 0xfe, 0x4, 0x80, 0x2, 0x0,
    0x8, 0xf, 0xff, 0xc0,

    /* U+BCF5 "복" */
    0x18, 0x10, 0x10, 0x20, 0x3f, 0xc0, 0x40, 0x80,
    0x81, 0x1, 0xfe, 0x0, 0x40, 0x3f, 0xff, 0x0,
    0x0, 0x0, 0x0, 0x7f, 0xc0, 0x0, 0x80, 0x1,
    0x0, 0x2, 0x0, 0x4, 0x0,

    /* U+BCF6 "볶" */
    0x18, 0x10, 0x10, 0x20, 0x3f, 0xc0, 0x40, 0x80,
    0x81, 0x1, 0xfe, 0x0, 0x40, 0x3f, 0xff, 0x0,
    0x0, 0x0, 0x0, 0xff, 0xc0, 0x10, 0x80, 0x21,
    0x0, 0x42, 0x0, 0x84, 0x0,

    /* U+BCF8 "본" */
    0x10, 0x30, 0x10, 0x20, 0x3f, 0xc0, 0x40, 0x80,
    0x81, 0x1, 0xfe, 0x0, 0x40, 0x0, 0x80, 0x7f,
    0xfe, 0x0, 0x0, 0x60, 0x0, 0x40, 0x0, 0x80,
    0x1, 0xff, 0x0,

    /* U+BCFC "볼" */
    0x18, 0x10, 0x10, 0x20, 0x3f, 0xc0, 0x40, 0x80,
    0xff, 0x1, 0x20, 0x0, 0x40, 0x3f, 0xff, 0x0,
    0x0, 0x3f, 0xe0, 0x0, 0x40, 0xff, 0x80, 0x80,
    0x1, 0xff, 0x0,

    /* U+BD04 "봄" */
    0x18, 0x10, 0x10, 0x20, 0x3f, 0xc0, 0x40, 0x80,
    0x81, 0x1, 0xfe, 0x0, 0x40, 0x3f, 0xff, 0x0,
    0x0, 0x0, 0x0, 0x3f, 0xc0, 0x40, 0x80, 0x81,
    0x1, 0xfe, 0x0,

    /* U+BD05 "봅" */
    0x18, 0x10, 0x10, 0x20, 0x3f, 0xc0, 0x40, 0x80,
    0xff, 0x1, 0x20, 0x0, 0x40, 0x3f, 0xff, 0x0,
    0x0, 0x30, 0x60, 0x20, 0x40, 0x7f, 0x80, 0x81,
    0x1, 0xfe, 0x2, 0x0, 0x0,

    /* U+BD07 "봇" */
    0x18, 0x10, 0x10, 0x20, 0x3f, 0xc0, 0x40, 0x80,
    0x81, 0x1, 0xfe, 0x0, 0x40, 0x3f, 0xff, 0x0,
    0x0, 0x2, 0x0, 0x4, 0x0, 0x14, 0x0, 0x46,
    0x3, 0x3, 0x0,

    /* U+BD09 "봉" */
    0x18, 0x10, 0x10, 0x20, 0x3f, 0xc0, 0x40, 0x80,
    0x81, 0x1, 0xfe, 0x0, 0x40, 0x20, 0xff, 0x3e,
    0x0, 0x7, 0x80, 0x11, 0x80, 0x41, 0x0, 0x82,
    0x0, 0x8c, 0x0, 0xf0, 0x0,

    /* U+BD10 "봐" */
    0x0, 0x30, 0x3, 0x21, 0x82, 0x41, 0x4, 0x83,
    0xf9, 0x4, 0x12, 0x8, 0x27, 0x9f, 0xc8, 0x4,
    0x10, 0x8, 0x61, 0xff, 0x40, 0x0, 0x80, 0x1,
    0x0, 0x2, 0x0, 0x4, 0x0,

    /* U+BD14 "봔" */
    0x3, 0x30, 0xc2, 0x20, 0x84, 0x41, 0xf8, 0x82,
    0x11, 0x7, 0xf3, 0xc2, 0x4, 0x4, 0x78, 0x7f,
    0x10, 0x0, 0x20, 0x60, 0x0, 0x40, 0x0, 0x80,
    0x1, 0xff, 0x0,

    /* U+BD24 "봤" */
    0x61, 0x30, 0x42, 0x20, 0xfc, 0x41, 0x8, 0x82,
    0x11, 0x67, 0xe3, 0x1, 0x4, 0x2, 0x78, 0xff,
    0x10, 0x0, 0x80, 0x30, 0x80, 0x23, 0x0, 0xa5,
    0x2, 0x31, 0x8, 0x41, 0x0,

    /* U+BD2C "봬" */
    0x0, 0x8, 0x13, 0x58, 0x4a, 0x42, 0x53, 0xf2,
    0x90, 0x94, 0x84, 0xe7, 0xe5, 0x8, 0x28, 0x47,
    0x5f, 0xca, 0x0, 0x50, 0x2, 0x80, 0x14, 0x0,
    0x20,

    /* U+BD40 "뵀" */
    0x0, 0xc9, 0xd, 0x22, 0x14, 0x8f, 0xd2, 0x21,
    0x48, 0xfd, 0xe0, 0x84, 0x82, 0x72, 0x7e, 0x8,
    0x30, 0x80, 0x63, 0x3, 0x88, 0x9, 0x50, 0x42,
    0x22, 0x10, 0x40,

    /* U+BD48 "뵈" */
    0x0, 0x30, 0x19, 0x60, 0x92, 0x9, 0x3f, 0x92,
    0x9, 0x20, 0x93, 0xf9, 0x4, 0x10, 0x43, 0xff,
    0xd0, 0x1, 0x0, 0x10, 0x1, 0x0, 0x10,

    /* U+BD49 "뵉" */
    0x61, 0x12, 0x11, 0x3f, 0x12, 0x11, 0x21, 0x13,
    0xf9, 0x4, 0x10, 0x47, 0xff, 0x90, 0x0, 0x1f,
    0xf0, 0x1, 0x0, 0x10, 0x1, 0x0, 0x10,

    /* U+BD4C "뵌" */
    0x3, 0x13, 0x8, 0x88, 0x44, 0x7e, 0x22, 0x11,
    0x1f, 0xc8, 0x20, 0x41, 0xe, 0xfe, 0x90, 0x0,
    0x86, 0x0, 0x10, 0x0, 0x80, 0x7, 0xfc,

    /* U+BD50 "뵐" */
    0x3, 0x33, 0x8, 0x8f, 0xc4, 0x42, 0x22, 0x11,
    0x1f, 0xc8, 0x20, 0x51, 0xfe, 0x70, 0x0, 0xff,
    0x80, 0x4, 0x3f, 0xe0, 0x80, 0x7, 0xfc,

    /* U+BD58 "뵘" */
    0x61, 0x12, 0x11, 0x3f, 0x12, 0x11, 0x21, 0x13,
    0xf9, 0x4, 0x10, 0x47, 0xff, 0x90, 0x0, 0xf,
    0xf0, 0x41, 0x4, 0x10, 0x7f, 0x4, 0x0,

    /* U+BD59 "뵙" */
    0x1, 0x36, 0x11, 0x3f, 0x12, 0x11, 0x21, 0x13,
    0xf1, 0x4, 0x1f, 0xff, 0x40, 0x1, 0xc3, 0x4,
    0x10, 0x7f, 0x4, 0x10, 0x7f, 0x4, 0x0,

    /* U+BD64 "뵤" */
    0x0, 0x60, 0xc0, 0x81, 0x2, 0x7, 0xf8, 0x10,
    0x20, 0x40, 0x81, 0x2, 0x7, 0xf8, 0x10, 0xc0,
    0x21, 0x0, 0x84, 0x3f, 0xff,

    /* U+BD68 "뵨" */
    0x0, 0x30, 0x30, 0x20, 0x3f, 0xc0, 0x40, 0x80,
    0x81, 0x1, 0xfe, 0x3, 0x8, 0x2, 0x10, 0x7f,
    0xfe, 0x0, 0x0, 0x60, 0x0, 0x40, 0x0, 0x80,
    0x1, 0xff, 0x0,

    /* U+BD80 "부" */
    0x0, 0x60, 0xc0, 0x81, 0x2, 0x7, 0xf8, 0x10,
    0x20, 0x7f, 0x81, 0x0, 0x0, 0x0, 0xff, 0xfc,
    0x8, 0x0, 0x20, 0x0, 0x80, 0x2, 0x0, 0x8,
    0x0, 0x20, 0x0,

    /* U+BD81 "북" */
    0x18, 0x10, 0x10, 0x20, 0x3f, 0xc0, 0x40, 0x80,
    0x81, 0x1, 0xfe, 0x0, 0x0, 0x3f, 0xff, 0x1,
    0x0, 0x2, 0x0, 0x7f, 0xc0, 0x0, 0x80, 0x1,
    0x0, 0x2, 0x0, 0x4, 0x0,

    /* U+BD84 "분" */
    0x0, 0x30, 0x10, 0x20, 0x3f, 0xc0, 0x40, 0x80,
    0x81, 0x1, 0xfe, 0x2, 0x0, 0x0, 0x0, 0x7f,
    0xfe, 0x2, 0x0, 0x64, 0x0, 0x48, 0x0, 0x90,
    0x1, 0xfe, 0x0,

    /* U+BD87 "붇" */
    0x18, 0x10, 0x10, 0x20, 0x3f, 0xc0, 0x40, 0x80,
    0x81, 0x1, 0xfe, 0x0, 0x0, 0x3f, 0xff, 0x1,
    0x0, 0x32, 0x0, 0x7f, 0xc0, 0x40, 0x0, 0x80,
    0x1, 0xfe, 0x0,

    /* U+BD88 "불" */
    0x18, 0x10, 0x10, 0x20, 0x3f, 0xc0, 0x40, 0x80,
    0xff, 0x0, 0x0, 0x1f, 0xff, 0x80, 0x80, 0x1,
    0x0, 0x3f, 0xe0, 0x0, 0x40, 0xff, 0x80, 0x80,
    0x1, 0xff, 0x0,

    /* U+BD89 "붉" */
    0x18, 0x20, 0x10, 0x40, 0x3f, 0x80, 0x41, 0x0,
    0xff, 0x0, 0x0, 0x3f, 0xff, 0x80, 0x80, 0x1,
    0x0, 0x3d, 0xf0, 0x8, 0x40, 0xf0, 0x81, 0x1,
    0x3, 0xe2, 0x0, 0x4, 0x0,

    /* U+BD8A "붊" */
    0x18, 0x10, 0x10, 0x20, 0x3f, 0xc0, 0x40, 0x80,
    0xff, 0x0, 0x0, 0x3f, 0xff, 0x80, 0x80, 0x1,
    0x0, 0x3f, 0xf0, 0xa, 0x21, 0xf4, 0x41, 0x9,
    0x3, 0xdf, 0x0,

    /* U+BD90 "붐" */
    0x18, 0x10, 0x10, 0x20, 0x3f, 0xc0, 0x40, 0x80,
    0x81, 0x1, 0xfe, 0x0, 0x0, 0x3f, 0xff, 0x1,
    0x0, 0x2, 0x0, 0x3f, 0xc0, 0x40, 0x80, 0x81,
    0x1, 0xfe, 0x2, 0x0, 0x0,

    /* U+BD91 "붑" */
    0x18, 0x10, 0x10, 0x20, 0x3f, 0xc0, 0x40, 0x80,
    0xff, 0x1, 0x0, 0x0, 0x0, 0x3f, 0xff, 0x1,
    0x0, 0x22, 0x60, 0x24, 0x40, 0x7f, 0x80, 0x81,
    0x1, 0xfe, 0x2, 0x0, 0x0,

    /* U+BD93 "붓" */
    0x18, 0x10, 0x10, 0x20, 0x3f, 0xc0, 0x40, 0x80,
    0xff, 0x1, 0x0, 0x0, 0x0, 0x3f, 0xff, 0x1,
    0x0, 0x6, 0x0, 0x4, 0x0, 0x18, 0x0, 0x6c,
    0x1, 0x86, 0xc, 0x2, 0x0,

    /* U+BD95 "붕" */
    0x18, 0x30, 0x10, 0x60, 0x3f, 0xc0, 0x41, 0x80,
    0x83, 0x1, 0xfe, 0x0, 0x0, 0x3f, 0xff, 0x1,
    0x0, 0x2, 0x0, 0x1b, 0x0, 0x41, 0x0, 0x82,
    0x0, 0x8c, 0x0, 0xf0, 0x0,

    /* U+BD99 "붙" */
    0x18, 0x10, 0x10, 0x20, 0x3f, 0xc0, 0x40, 0x80,
    0xff, 0x1, 0x0, 0x0, 0x0, 0x3f, 0xff, 0x1,
    0x0, 0x3f, 0xe0, 0x20, 0x0, 0x7f, 0x80, 0x80,
    0x1, 0xfe, 0x0,

    /* U+BD9A "붚" */
    0x18, 0x30, 0x10, 0x60, 0x3f, 0xc0, 0x41, 0x80,
    0xff, 0x1, 0x0, 0x0, 0x0, 0x3f, 0xff, 0x1,
    0x0, 0x3f, 0xe0, 0x3, 0x0, 0x22, 0x0, 0x44,
    0x3, 0xff, 0x0,

    /* U+BD9C "붜" */
    0x1, 0x9b, 0x4, 0x48, 0x22, 0x7f, 0x12, 0x8,
    0x90, 0x44, 0xfe, 0x20, 0xd, 0xff, 0x88, 0x20,
    0x41, 0x3e, 0x8, 0x10, 0x40, 0x82, 0x4, 0x0,
    0x20,

    /* U+BDA4 "붤" */
    0x1, 0x13, 0x8, 0x8f, 0xc4, 0x42, 0x23, 0xf1,
    0x0, 0x6b, 0xfc, 0x48, 0xbe, 0x4, 0x10, 0x20,
    0x82, 0xfc, 0x3f, 0xe0, 0xc0, 0x7, 0xfc,

    /* U+BDB0 "붰" */
    0x3, 0x13, 0x8, 0x8f, 0xc4, 0x42, 0x23, 0xf1,
    0x10, 0x8, 0x2, 0x5f, 0xe2, 0x8, 0xf0, 0xc3,
    0x2, 0x8, 0x38, 0xc1, 0x6d, 0x10, 0xcd, 0x8,
    0x20,

    /* U+BDB8 "붸" */
    0x0, 0x6c, 0xc, 0x96, 0x12, 0x4f, 0xc9, 0x21,
    0x24, 0x84, 0x93, 0xe2, 0x40, 0x69, 0x7e, 0x24,
    0x27, 0x90, 0x82, 0x42, 0x9, 0x8, 0x24, 0x20,
    0x90, 0x0, 0x40,

    /* U+BDD4 "뷔" */
    0x1, 0x16, 0x9, 0x20, 0x93, 0xf9, 0x20, 0x92,
    0x9, 0x3f, 0x92, 0x1, 0x0, 0x7f, 0xf9, 0x4,
    0x10, 0x41, 0x4, 0x10, 0x41, 0x0, 0x10,

    /* U+BDD5 "뷕" */
    0x1, 0x16, 0x11, 0x3f, 0x12, 0x11, 0x21, 0x13,
    0xf9, 0x0, 0x1f, 0xff, 0x4, 0x10, 0x41, 0x1f,
    0xf0, 0x1, 0x0, 0x10, 0x1, 0x0, 0x10,

    /* U+BDD8 "뷘" */
    0x63, 0x11, 0x8, 0x8f, 0xc4, 0x42, 0x22, 0x11,
    0x1f, 0xc8, 0x0, 0x5f, 0xfe, 0x8, 0x10, 0x40,
    0x86, 0x4, 0x10, 0x0, 0x80, 0x7, 0xfc,

    /* U+BDDC "뷜" */
    0x1, 0x13, 0x8, 0x8f, 0xc4, 0x42, 0x23, 0xf9,
    0x10, 0x8, 0x3, 0xdf, 0xe2, 0x1f, 0xf0, 0x7f,
    0x80, 0x4, 0x3f, 0xe0, 0xc0, 0x7, 0xfc,

    /* U+BDE9 "뷩" */
    0x3, 0x16, 0x11, 0x3f, 0x12, 0x11, 0x21, 0x13,
    0xf9, 0x0, 0x1f, 0xff, 0x8, 0x10, 0xbd, 0xe,
    0x30, 0x41, 0x4, 0x10, 0x63, 0x3, 0xc0,

    /* U+BDF0 "뷰" */
    0x0, 0x60, 0xc0, 0x81, 0x2, 0x7, 0xf8, 0x10,
    0x20, 0x7f, 0x81, 0x0, 0x0, 0x0, 0xff, 0xfc,
    0x21, 0x0, 0x84, 0x2, 0x10, 0x8, 0x40, 0x21,
    0x0, 0x4, 0x0,

    /* U+BDF4 "뷴" */
    0x0, 0x60, 0x40, 0x81, 0xfe, 0x4, 0x8, 0x10,
    0x20, 0x7f, 0x80, 0x0, 0x3f, 0xff, 0x4, 0x80,
    0x12, 0x3, 0x48, 0x5, 0x20, 0x10, 0x0, 0x7f,
    0xc0,

    /* U+BDF8 "뷸" */
    0x18, 0x30, 0x10, 0x60, 0x3f, 0xc0, 0x41, 0x80,
    0xff, 0x0, 0x0, 0x1f, 0xff, 0x82, 0x20, 0x4,
    0x40, 0x3f, 0xe0, 0x0, 0x80, 0xff, 0x80, 0x80,
    0x1, 0xff, 0x0,

    /* U+BE00 "븀" */
    0x18, 0x20, 0x10, 0x40, 0x3f, 0x80, 0x41, 0x0,
    0x82, 0x1, 0xfc, 0x0, 0x0, 0x3f, 0xff, 0x4,
    0x40, 0x8, 0x80, 0x3f, 0x80, 0x41, 0x0, 0x82,
    0x1, 0xfc, 0x2, 0x0, 0x0,

    /* U+BE03 "븃" */
    0x18, 0x10, 0x10, 0x20, 0x3f, 0xc0, 0x40, 0x80,
    0xff, 0x1, 0x0, 0x0, 0x0, 0x3f, 0xff, 0x4,
    0x20, 0xa, 0x40, 0x16, 0x80, 0x9, 0x0, 0x2c,
    0x1, 0x86, 0x4, 0x2, 0x0,

    /* U+BE05 "븅" */
    0x18, 0x10, 0x10, 0x20, 0x3f, 0xc0, 0x40, 0x80,
    0x81, 0x1, 0xfe, 0x0, 0x0, 0x3f, 0xff, 0x4,
    0x20, 0xf, 0xc0, 0x10, 0x80, 0x41, 0x0, 0x82,
    0x1, 0x84, 0x0, 0xf0, 0x0,

    /* U+BE0C "브" */
    0x20, 0x60, 0x40, 0x81, 0x2, 0x7, 0xf8, 0x10,
    0x20, 0x40, 0x81, 0xfe, 0x4, 0x0, 0x0, 0x0,
    0x0, 0xf, 0xff, 0xc0,

    /* U+BE0D "븍" */
    0x18, 0x10, 0x10, 0x20, 0x3f, 0xc0, 0x40, 0x80,
    0x81, 0x1, 0xfe, 0x0, 0x0, 0x3f, 0xff, 0x0,
    0x0, 0x0, 0x0, 0x7f, 0xc0, 0x0, 0x80, 0x1,
    0x0, 0x2, 0x0, 0x4, 0x0,

    /* U+BE10 "븐" */
    0x10, 0x30, 0x10, 0x20, 0x3f, 0xc0, 0x40, 0x80,
    0x81, 0x1, 0xfe, 0x2, 0x0, 0x0, 0x0, 0x7f,
    0xfe, 0x0, 0x0, 0x60, 0x0, 0x40, 0x0, 0x80,
    0x1, 0xfe, 0x0,

    /* U+BE14 "블" */
    0x18, 0x10, 0x10, 0x20, 0x3f, 0xc0, 0x40, 0x80,
    0xff, 0x1, 0x0, 0x0, 0x0, 0x3f, 0xff, 0x0,
    0x0, 0x3f, 0xe0, 0x0, 0x40, 0xff, 0x80, 0x80,
    0x1, 0xff, 0x0,

    /* U+BE1C "븜" */
    0x18, 0x10, 0x10, 0x20, 0x3f, 0xc0, 0x40, 0x80,
    0x81, 0x1, 0xfe, 0x0, 0x0, 0x3f, 0xff, 0x0,
    0x0, 0x0, 0x0, 0x3f, 0xc0, 0x40, 0x80, 0x81,
    0x1, 0xfe, 0x0,

    /* U+BE1D "븝" */
    0x18, 0x10, 0x10, 0x20, 0x3f, 0xc0, 0x40, 0x80,
    0x81, 0x1, 0xfe, 0x0, 0x0, 0x3f, 0xff, 0x0,
    0x0, 0x30, 0x60, 0x20, 0x40, 0x7f, 0x80, 0x81,
    0x1, 0xfe, 0x2, 0x0, 0x0,

    /* U+BE1F "븟" */
    0x18, 0x10, 0x10, 0x20, 0x3f, 0xc0, 0x40, 0x80,
    0x81, 0x1, 0xfe, 0x0, 0x0, 0x3f, 0xff, 0x0,
    0x0, 0x3, 0x0, 0x4, 0x0, 0x16, 0x0, 0x43,
    0x3, 0x1, 0x0,

    /* U+BE44 "비" */
    0x0, 0x30, 0x61, 0xc2, 0x14, 0x21, 0x42, 0x17,
    0xe1, 0x42, 0x14, 0x21, 0x42, 0x17, 0xf1, 0x40,
    0x10, 0x1, 0x0, 0x10, 0x1, 0x0, 0x10,

    /* U+BE45 "빅" */
    0x6, 0x3c, 0x21, 0x42, 0x17, 0xe1, 0x42, 0x14,
    0x21, 0x42, 0x17, 0xf1, 0x0, 0x13, 0xff, 0x0,
    0x10, 0x1, 0x0, 0x10, 0x1, 0x0, 0x10,

    /* U+BE48 "빈" */
    0x0, 0x30, 0x10, 0xb0, 0x84, 0x84, 0x27, 0xe1,
    0x21, 0x9, 0x8, 0x4f, 0xe2, 0x0, 0x10, 0xc0,
    0x82, 0x0, 0x10, 0x0, 0x80, 0x7, 0xfc,

    /* U+BE4C "빌" */
    0x6, 0x26, 0x11, 0x10, 0x88, 0xfc, 0x44, 0x22,
    0x21, 0x11, 0xfc, 0x80, 0x4, 0x1f, 0xe0, 0x1,
    0x0, 0x8, 0x3f, 0xc0, 0x80, 0x7, 0xfc,

    /* U+BE4E "빎" */
    0x6, 0x3c, 0x21, 0x42, 0x17, 0xe1, 0x42, 0x14,
    0x21, 0x7f, 0x14, 0x1, 0x0, 0x3, 0xff, 0x5,
    0x17, 0xd1, 0x21, 0x13, 0x9f,

    /* U+BE54 "빔" */
    0x6, 0x38, 0x45, 0x8, 0xbf, 0x14, 0x22, 0x84,
    0x50, 0x8b, 0xf9, 0x0, 0x23, 0xfc, 0x20, 0x84,
    0x10, 0x82, 0x1f, 0xc0,

    /* U+BE55 "빕" */
    0x6, 0x3c, 0x21, 0x42, 0x17, 0xe1, 0x42, 0x14,
    0x21, 0x7f, 0x14, 0x1, 0x0, 0x1, 0x81, 0x8,
    0x10, 0xff, 0x8, 0x10, 0xff, 0x8, 0x0,

    /* U+BE57 "빗" */
    0x6, 0x3c, 0x21, 0x42, 0x17, 0xe1, 0x42, 0x14,
    0x21, 0x42, 0x17, 0xf1, 0x40, 0x10, 0x31, 0x3,
    0x0, 0x30, 0x4, 0xc0, 0x83, 0x30, 0x10,

    /* U+BE59 "빙" */
    0x2, 0x38, 0x45, 0x8, 0xbf, 0x14, 0x22, 0x84,
    0x50, 0x8b, 0xf9, 0x40, 0x20, 0x78, 0x10, 0x82,
    0x10, 0x42, 0x7, 0x80,

    /* U+BE5A "빚" */
    0x6, 0x36, 0x10, 0x90, 0x84, 0xfc, 0x24, 0x21,
    0x21, 0x9, 0xfc, 0x48, 0x2, 0x0, 0x1, 0xff,
    0x80, 0xc0, 0x5, 0x0, 0xc7, 0x18, 0xc,

    /* U+BE5B "빛" */
    0x6, 0x2c, 0x22, 0x42, 0x27, 0xe2, 0x42, 0x24,
    0x22, 0x7f, 0x24, 0x2, 0x7, 0x80, 0x0, 0x3f,
    0xf0, 0x30, 0x3, 0x80, 0xc4, 0x30, 0x30,

    /* U+BE60 "빠" */
    0x0, 0x30, 0x0, 0x20, 0x5a, 0x42, 0x54, 0x84,
    0xa9, 0xf, 0x72, 0x12, 0xa7, 0xa5, 0x48, 0x4a,
    0x90, 0xf7, 0xa1, 0x0, 0x40, 0x0, 0x80, 0x1,
    0x0, 0x2, 0x0, 0x4, 0x0,

    /* U+BE61 "빡" */
    0x0, 0x30, 0x2d, 0x21, 0x2a, 0x43, 0xdc, 0x84,
    0xa9, 0xe9, 0x52, 0x12, 0xa4, 0x3d, 0xc8, 0x40,
    0x10, 0x0, 0x0, 0x7f, 0xc0, 0x0, 0x80, 0x1,
    0x0, 0x2, 0x0, 0x4, 0x0,

    /* U+BE64 "빤" */
    0x0, 0x30, 0x35, 0x21, 0x2a, 0x42, 0x54, 0x87,
    0xb9, 0x9, 0x53, 0xd2, 0xa4, 0x3d, 0xc8, 0x0,
    0x10, 0x10, 0x20, 0x10, 0x40, 0x20, 0x0, 0x40,
    0x0, 0xff, 0x80,

    /* U+BE68 "빨" */
    0x6, 0xb1, 0x95, 0x21, 0x2a, 0x43, 0xdc, 0x84,
    0xa9, 0xe9, 0x52, 0x1e, 0xe4, 0x0, 0x8, 0x1f,
    0xf0, 0x0, 0x20, 0x0, 0x40, 0xff, 0x80, 0x80,
    0x1, 0xff, 0x0,

    /* U+BE6A "빪" */
    0x0, 0x11, 0x34, 0xa1, 0x29, 0x43, 0xde, 0x84,
    0xa5, 0xe9, 0x4a, 0x1e, 0xf4, 0x20, 0x8, 0x0,
    0x0, 0x7f, 0xe0, 0xa, 0x41, 0xf4, 0x83, 0x9,
    0x3, 0xde, 0x0,

    /* U+BE70 "빰" */
    0x0, 0xb1, 0x95, 0x21, 0x2a, 0x42, 0x5c, 0x87,
    0xa9, 0xe9, 0x52, 0x12, 0xa4, 0x3d, 0xc8, 0x0,
    0x10, 0x1f, 0xe0, 0x10, 0x40, 0x20, 0x80, 0x41,
    0x0, 0xfe, 0x0,

    /* U+BE71 "빱" */
    0x0, 0x30, 0xd, 0x21, 0x2a, 0x42, 0x5c, 0x87,
    0xa9, 0xe9, 0x52, 0x12, 0xa4, 0x3d, 0xc8, 0x0,
    0x0, 0x18, 0x60, 0x10, 0x40, 0x3f, 0x80, 0x41,
    0x0, 0xfe, 0x0,

    /* U+BE73 "빳" */
    0x0, 0x30, 0x2d, 0x21, 0x2a, 0x43, 0xdc, 0x84,
    0xa9, 0xe9, 0x52, 0x12, 0xa4, 0x3d, 0xc8, 0x40,
    0x10, 0x2, 0x20, 0x4, 0x0, 0xc, 0x0, 0x24,
    0x1, 0x86, 0x4, 0x2, 0x0,

    /* U+BE74 "빴" */
    0x0, 0x30, 0xd, 0x21, 0x2a, 0x42, 0x5c, 0x87,
    0xa9, 0xe9, 0x52, 0x12, 0xa4, 0x3d, 0xc8, 0x40,
    0x10, 0x18, 0xc0, 0x10, 0x80, 0x23, 0x0, 0xa5,
    0x2, 0x31, 0x8, 0x41, 0x0,

    /* U+BE75 "빵" */
    0x0, 0x30, 0x1, 0x23, 0x2a, 0x42, 0x54, 0x87,
    0xb9, 0x9, 0x53, 0xd2, 0xa4, 0x3d, 0xc8, 0x0,
    0x10, 0x7, 0xc0, 0x18, 0xc0, 0x20, 0x80, 0x63,
    0x0, 0x3c, 0x0,

    /* U+BE7B "빻" */
    0x0, 0x30, 0x2d, 0x21, 0x2a, 0x43, 0xdc, 0x84,
    0xa9, 0xe9, 0x52, 0x1e, 0xe4, 0x0, 0x8, 0x3,
    0xc0, 0x0, 0x30, 0x3f, 0x80, 0x31, 0x0, 0x42,
    0x0, 0x44, 0x0, 0xf0, 0x0,

    /* U+BE7C "빼" */
    0x0, 0x18, 0x3, 0x41, 0x6b, 0xa9, 0x55, 0x4a,
    0xab, 0xd5, 0xd2, 0xea, 0x95, 0x54, 0xab, 0xfd,
    0x51, 0xa, 0x0, 0x50, 0x2, 0x80, 0x14, 0x0,
    0x20,

    /* U+BE7D "빽" */
    0x0, 0x68, 0x65, 0x55, 0x2a, 0xa9, 0x57, 0x7b,
    0xaa, 0x55, 0x52, 0xae, 0xf5, 0x40, 0x8, 0x0,
    0x3, 0xfe, 0x0, 0x10, 0x0, 0x80, 0x4, 0x0,
    0x20,

    /* U+BE80 "뺀" */
    0x0, 0x18, 0x0, 0xa0, 0xca, 0x95, 0x2a, 0x54,
    0xa9, 0xde, 0xe5, 0x4a, 0x95, 0x2a, 0x77, 0xa8,
    0x20, 0xa0, 0x40, 0x1, 0x0, 0x4, 0x0, 0x1f,
    0xf0,

    /* U+BE84 "뺄" */
    0x0, 0x68, 0x32, 0xad, 0x4a, 0x95, 0x2a, 0x77,
    0xb9, 0x52, 0xa5, 0x4a, 0x9d, 0xea, 0x0, 0x0,
    0x3f, 0xe0, 0x0, 0x83, 0xfe, 0x4, 0x0, 0x1f,
    0xf0,

    /* U+BE8C "뺌" */
    0x0, 0x68, 0x65, 0x55, 0x2a, 0xa9, 0x57, 0x7b,
    0xaa, 0x55, 0x52, 0xae, 0xf5, 0x0, 0x8, 0x3f,
    0xc1, 0x82, 0xc, 0x10, 0x61, 0x3, 0xfc,

    /* U+BE8D "뺍" */
    0x0, 0x68, 0x65, 0x75, 0x2a, 0xa9, 0x57, 0x7b,
    0xaa, 0x55, 0x52, 0xae, 0xf5, 0x0, 0x0, 0x70,
    0xc1, 0x82, 0xf, 0xf0, 0x60, 0x83, 0xfc,

    /* U+BE8F "뺏" */
    0x0, 0x68, 0x72, 0xa5, 0x4a, 0x95, 0x2a, 0x77,
    0xb9, 0x52, 0xa5, 0x4a, 0x9d, 0xea, 0x40, 0x8,
    0x1, 0x20, 0xc, 0x0, 0x38, 0x3, 0x10, 0x10,
    0x20, 0x80, 0x0,

    /* U+BE90 "뺐" */
    0x0, 0x68, 0x32, 0xa5, 0x4a, 0x95, 0x2a, 0x77,
    0xb9, 0x52, 0xa5, 0x4a, 0x9d, 0xea, 0x40, 0x8,
    0x18, 0xc0, 0x63, 0x1, 0x8c, 0x9, 0x48, 0x42,
    0x32, 0x10, 0x40,

    /* U+BE91 "뺑" */
    0x0, 0x68, 0x65, 0x55, 0x2a, 0xa9, 0x57, 0x7b,
    0xaa, 0x55, 0x52, 0xae, 0xf5, 0x40, 0x28, 0xf,
    0x0, 0xc6, 0x4, 0x10, 0x20, 0x81, 0x8c, 0x7,
    0xc0,

    /* U+BE98 "뺘" */
    0x0, 0x30, 0x0, 0x20, 0x5a, 0x42, 0x54, 0x84,
    0xa9, 0xef, 0x72, 0x12, 0xa4, 0x25, 0x48, 0x4a,
    0x9e, 0xf7, 0xa1, 0x0, 0x40, 0x0, 0x80, 0x1,
    0x0, 0x2, 0x0, 0x4, 0x0,

    /* U+BE99 "뺙" */
    0x0, 0x30, 0xd, 0x21, 0x2a, 0x42, 0x54, 0xf7,
    0xb9, 0x9, 0x52, 0x12, 0xa7, 0xbd, 0xc8, 0x40,
    0x10, 0x0, 0x0, 0x7f, 0xc0, 0x0, 0x80, 0x1,
    0x0, 0x2, 0x0, 0x4, 0x0,

    /* U+BEA8 "뺨" */
    0x0, 0xb0, 0x35, 0x21, 0x2a, 0x42, 0x54, 0xf7,
    0xb9, 0x9, 0x52, 0x12, 0xa7, 0xbd, 0xc8, 0x0,
    0x10, 0x1f, 0xe0, 0x10, 0x40, 0x20, 0x80, 0x41,
    0x0, 0xfe, 0x0,

    /* U+BED0 "뻐" */
    0x0, 0x38, 0x0, 0x45, 0xa2, 0x95, 0x14, 0xa8,
    0xbd, 0xfd, 0x2a, 0x29, 0x51, 0x4a, 0x8b, 0xdc,
    0x50, 0x2, 0x0, 0x10, 0x0, 0x80, 0x4, 0x0,
    0x20,

    /* U+BED1 "뻑" */
    0x6, 0x9c, 0xa9, 0x4a, 0x94, 0xa9, 0x7b, 0xf4,
    0xa9, 0x4a, 0x97, 0xb9, 0x0, 0x11, 0xff, 0x0,
    0x10, 0x1, 0x0, 0x10, 0x1, 0x0, 0x10,

    /* U+BED4 "뻔" */
    0x0, 0x10, 0xd4, 0x92, 0xa4, 0x95, 0x27, 0xbf,
    0x25, 0x49, 0x2a, 0x4f, 0x72, 0x0, 0x10, 0x60,
    0x81, 0x4, 0x8, 0x0, 0x40, 0x3, 0xfc,

    /* U+BED7 "뻗" */
    0x4, 0x96, 0x54, 0x92, 0xa4, 0x95, 0x27, 0xbf,
    0x25, 0x49, 0x2a, 0x4f, 0x72, 0x0, 0x0, 0x7f,
    0x81, 0x0, 0x8, 0x0, 0x40, 0x3, 0xfc,

    /* U+BED8 "뻘" */
    0x6, 0x96, 0x54, 0x92, 0xa4, 0xf7, 0xe4, 0xa9,
    0x25, 0x49, 0xee, 0x40, 0x2, 0xf, 0xf0, 0x0,
    0x80, 0x4, 0x1f, 0xe0, 0x40, 0x3, 0xfc,

    /* U+BEE0 "뻠" */
    0x0, 0x30, 0x69, 0xca, 0x94, 0xa9, 0x7b, 0xf4,
    0xa9, 0x4a, 0x97, 0xb9, 0x0, 0x10, 0xff, 0x4,
    0x10, 0x41, 0x4, 0x10, 0x7f,

    /* U+BEE3 "뻣" */
    0x0, 0x30, 0x24, 0xb2, 0xa4, 0x95, 0x27, 0xbf,
    0x25, 0x49, 0x2a, 0x4f, 0x72, 0x40, 0x10, 0xc,
    0x80, 0x60, 0x7, 0x0, 0x24, 0x6, 0x18, 0x40,
    0x20,

    /* U+BEE4 "뻤" */
    0x0, 0x30, 0x24, 0xb2, 0xa4, 0x95, 0x27, 0xbf,
    0x25, 0x49, 0x2a, 0x4f, 0x72, 0x40, 0x10, 0x63,
    0x1, 0x8, 0x8, 0xc0, 0xad, 0x8, 0xc4, 0x84,
    0x20,

    /* U+BEE5 "뻥" */
    0x0, 0x30, 0x49, 0xca, 0x94, 0xa9, 0x7b, 0xf4,
    0xa9, 0x4a, 0x97, 0xb9, 0x0, 0x10, 0x1e, 0x2,
    0x30, 0x21, 0x2, 0x30, 0x1e,

    /* U+BEEC "뻬" */
    0x0, 0x68, 0x4d, 0x75, 0x2a, 0xa9, 0x55, 0x4a,
    0xbb, 0xf5, 0x52, 0xaa, 0x95, 0x54, 0xab, 0xbd,
    0x51, 0xa, 0x0, 0x50, 0x2, 0x80, 0x14, 0x0,
    0x20,

    /* U+BF01 "뼁" */
    0x0, 0x68, 0x65, 0x55, 0x2a, 0xa9, 0x57, 0x7e,
    0xaa, 0x55, 0x52, 0xae, 0xf5, 0x40, 0x8, 0xf,
    0x0, 0xc6, 0x6, 0x10, 0x30, 0x81, 0x8c, 0x7,
    0xc0,

    /* U+BF08 "뼈" */
    0x0, 0x38, 0x0, 0x41, 0xa2, 0x95, 0x14, 0xaf,
    0xbd, 0xc5, 0x2a, 0x29, 0x5f, 0x4a, 0x8b, 0xdc,
    0x50, 0x2, 0x0, 0x10, 0x0, 0x80, 0x4, 0x0,
    0x20,

    /* U+BF09 "뼉" */
    0x4, 0x99, 0xa9, 0x4a, 0x94, 0xaf, 0x7b, 0x94,
    0xa9, 0x4a, 0xf7, 0xb9, 0x0, 0x11, 0xff, 0x0,
    0x10, 0x1, 0x0, 0x10, 0x1, 0x0, 0x10,

    /* U+BF18 "뼘" */
    0x0, 0x31, 0xa9, 0x4a, 0xf4, 0xb9, 0x7a, 0x94,
    0xaf, 0x4a, 0x97, 0xb9, 0x0, 0x10, 0xff, 0x4,
    0x10, 0x41, 0x4, 0x10, 0x7f,

    /* U+BF19 "뼙" */
    0x6, 0x9c, 0xa9, 0x4a, 0xf4, 0xb9, 0x7a, 0x94,
    0xaf, 0x4a, 0x97, 0xb9, 0x0, 0x0, 0xc1, 0x4,
    0x10, 0x7f, 0x4, 0x10, 0x7f,

    /* U+BF1B "뼛" */
    0x0, 0x30, 0x24, 0xb2, 0xa4, 0x95, 0xe7, 0xb9,
    0x25, 0x49, 0x2b, 0xcf, 0x72, 0x40, 0x10, 0xc,
    0x80, 0x60, 0x7, 0x0, 0x24, 0x6, 0x18, 0x40,
    0x20,

    /* U+BF1C "뼜" */
    0x0, 0x30, 0x34, 0x92, 0xa4, 0x95, 0xe7, 0xb9,
    0x25, 0x59, 0x2b, 0x4f, 0x72, 0x40, 0x10, 0x63,
    0x1, 0x8, 0x8, 0xc0, 0xad, 0x8, 0xc4, 0x84,
    0x20,

    /* U+BF1D "뼝" */
    0x0, 0x30, 0x69, 0x4a, 0x94, 0xaf, 0x7b, 0x94,
    0xaf, 0x4a, 0x97, 0xb9, 0x0, 0x10, 0x1e, 0x2,
    0x30, 0x21, 0x2, 0x30, 0x1e,

    /* U+BF40 "뽀" */
    0x9, 0x91, 0x92, 0x42, 0x49, 0xf, 0x3c, 0x24,
    0x90, 0x92, 0x42, 0x49, 0xf, 0x3c, 0x7, 0x0,
    0xc, 0x0, 0x30, 0x3f, 0xff,

    /* U+BF41 "뽁" */
    0x0, 0x31, 0x96, 0x42, 0x49, 0xf, 0x3c, 0x24,
    0x90, 0x92, 0x43, 0xcf, 0x0, 0xc0, 0x3, 0x3,
    0xff, 0xf0, 0x0, 0xf, 0xf8, 0x0, 0x20, 0x0,
    0x80, 0x2, 0x0, 0x8,

    /* U+BF44 "뽄" */
    0x1, 0x31, 0x92, 0x42, 0x49, 0xf, 0x3c, 0x24,
    0x90, 0xf3, 0xc0, 0x30, 0x0, 0xc0, 0xff, 0xfc,
    0x0, 0x1, 0x0, 0x4, 0x0, 0x10, 0x0, 0x7f,
    0xc0,

    /* U+BF48 "뽈" */
    0x0, 0x21, 0x16, 0x42, 0x49, 0xf, 0x3c, 0x24,
    0x90, 0xfb, 0xc0, 0x30, 0x0, 0xc0, 0xff, 0xfc,
    0x0, 0x3, 0xfe, 0x0, 0x8, 0x3f, 0xe0, 0x40,
    0x1, 0xff, 0x0,

    /* U+BF50 "뽐" */
    0x0, 0x31, 0x96, 0x42, 0x49, 0xf, 0x3c, 0x24,
    0x90, 0x92, 0x43, 0xcf, 0x0, 0xc0, 0xff, 0xfc,
    0x0, 0x0, 0x0, 0x7, 0xf8, 0x10, 0x20, 0x40,
    0x81, 0xfe, 0x0,

    /* U+BF51 "뽑" */
    0x0, 0x31, 0x96, 0x42, 0x49, 0xf, 0x3c, 0x24,
    0x90, 0x92, 0x43, 0xff, 0x0, 0xc0, 0xff, 0xfc,
    0x0, 0x3, 0x6, 0x4, 0x8, 0x1f, 0xe0, 0x40,
    0x81, 0xfe, 0x4, 0x0,

    /* U+BF55 "뽕" */
    0x0, 0x31, 0x96, 0x42, 0x49, 0xf, 0x3c, 0x24,
    0x90, 0x92, 0x43, 0xcf, 0x0, 0xc0, 0x3, 0xf,
    0xf3, 0xc0, 0x78, 0x2, 0x10, 0x10, 0x60, 0x41,
    0x80, 0x84, 0x1, 0xe0,

    /* U+BF94 "뾔" */
    0x0, 0x30, 0xd, 0xca, 0x54, 0xa5, 0x7b, 0xd4,
    0xa5, 0x4a, 0x57, 0xbd, 0x4, 0x10, 0x43, 0xff,
    0xd0, 0x1, 0x0, 0x10, 0x1, 0x0, 0x10,

    /* U+BFB0 "뾰" */
    0x9, 0x91, 0x92, 0x42, 0x49, 0xf, 0x3c, 0x24,
    0x90, 0x92, 0x42, 0x49, 0xf, 0x3c, 0x18, 0xc0,
    0x21, 0x0, 0x84, 0x3f, 0xff,

    /* U+BFC5 "뿅" */
    0x0, 0x31, 0x96, 0x42, 0x49, 0xf, 0x3c, 0x24,
    0x90, 0x92, 0x43, 0xcf, 0x3, 0x10, 0x4, 0x43,
    0xee, 0xf0, 0x78, 0x2, 0x10, 0x10, 0x60, 0x41,
    0x80, 0x84, 0x1, 0xe0,

    /* U+BFCC "뿌" */
    0x9, 0xb1, 0x92, 0x42, 0x49, 0xf, 0x3c, 0x24,
    0x90, 0x92, 0x43, 0xcf, 0x0, 0x0, 0xff, 0xfc,
    0xc, 0x0, 0x30, 0x0, 0xc0, 0x3, 0x0, 0x8,
    0x0, 0x20, 0x0,

    /* U+BFCD "뿍" */
    0x0, 0x31, 0x96, 0x42, 0x49, 0xf, 0x3c, 0x24,
    0x90, 0x92, 0x43, 0xcf, 0x0, 0x0, 0xff, 0xfc,
    0xc, 0x0, 0x30, 0xf, 0xf8, 0x0, 0x20, 0x0,
    0x80, 0x2, 0x0, 0x8,

    /* U+BFD0 "뿐" */
    0x1, 0x31, 0x92, 0x42, 0x49, 0xf, 0x3c, 0x24,
    0x90, 0xf3, 0xc0, 0x0, 0x3f, 0xff, 0x3, 0x0,
    0xc, 0x1, 0x30, 0x4, 0x80, 0x10, 0x0, 0x7f,
    0xc0,

    /* U+BFD4 "뿔" */
    0x0, 0x21, 0x16, 0x42, 0x49, 0xf, 0x3c, 0x24,
    0x90, 0xf3, 0xc0, 0x0, 0x3f, 0xff, 0x3, 0x0,
    0xc, 0x3, 0xfe, 0x0, 0x8, 0x3f, 0xe0, 0x40,
    0x1, 0xff, 0x0,

    /* U+BFDC "뿜" */
    0x0, 0x31, 0x96, 0x42, 0x49, 0xf, 0x3c, 0x24,
    0x90, 0x92, 0x43, 0xcf, 0x0, 0x0, 0xff, 0xfc,
    0xc, 0x0, 0x30, 0x7, 0xf8, 0x10, 0x20, 0x40,
    0x81, 0xfe, 0x4, 0x0,

    /* U+BFDF "뿟" */
    0x0, 0x31, 0x96, 0x42, 0x49, 0xf, 0x3c, 0x24,
    0x90, 0x92, 0x43, 0xcf, 0x0, 0x0, 0xff, 0xfc,
    0xc, 0x0, 0x70, 0x0, 0xc0, 0x3, 0x0, 0x12,
    0x1, 0x86, 0x8, 0x4,

    /* U+BFE1 "뿡" */
    0x0, 0x31, 0x96, 0x42, 0x49, 0xf, 0x3c, 0x24,
    0x90, 0x92, 0x43, 0xcf, 0x0, 0x0, 0xff, 0xfc,
    0xc, 0x0, 0xf8, 0x2, 0x10, 0x10, 0x60, 0x41,
    0x80, 0x84, 0x1, 0xe0,

    /* U+C03C "쀼" */
    0x9, 0xb1, 0x92, 0x42, 0x49, 0xf, 0x3c, 0x24,
    0x90, 0x92, 0x43, 0xcf, 0x0, 0x0, 0xff, 0xfc,
    0x21, 0x0, 0x84, 0x2, 0x10, 0x8, 0x40, 0x21,
    0x0, 0x4, 0x0,

    /* U+C051 "쁑" */
    0x0, 0x31, 0x96, 0x42, 0x49, 0xf, 0x3c, 0x24,
    0x90, 0x92, 0x43, 0xcf, 0x0, 0x0, 0xff, 0xfc,
    0x21, 0x0, 0xfc, 0x2, 0x10, 0x10, 0x60, 0x41,
    0x81, 0x84, 0x1, 0xe0,

    /* U+C058 "쁘" */
    0x0, 0x20, 0x36, 0x42, 0x49, 0x9, 0x24, 0x3c,
    0xf0, 0x92, 0x42, 0x49, 0xf, 0x3c, 0x20, 0x0,
    0x0, 0x0, 0x0, 0x3f, 0xff,

    /* U+C05C "쁜" */
    0x1, 0x31, 0x92, 0x42, 0x49, 0xf, 0x3c, 0x24,
    0x90, 0xf3, 0xc0, 0x0, 0x0, 0x0, 0xff, 0xfc,
    0x0, 0x3, 0x0, 0x4, 0x0, 0x10, 0x0, 0x7f,
    0xc0,

    /* U+C060 "쁠" */
    0x0, 0x21, 0x16, 0x42, 0x49, 0xf, 0x3c, 0x24,
    0x90, 0xf3, 0xc2, 0x0, 0x0, 0x0, 0xff, 0xfc,
    0x0, 0x3, 0xfe, 0x0, 0x8, 0x3f, 0xe0, 0x40,
    0x1, 0xff, 0x0,

    /* U+C068 "쁨" */
    0x0, 0x31, 0x96, 0x42, 0x49, 0xf, 0x3c, 0x24,
    0x90, 0x92, 0x43, 0xcf, 0x0, 0x0, 0xff, 0xfc,
    0x0, 0x0, 0x0, 0x7, 0xf8, 0x10, 0x20, 0x40,
    0x81, 0xfe, 0x0,

    /* U+C069 "쁩" */
    0x0, 0x18, 0x65, 0x90, 0x49, 0x20, 0xf3, 0xc1,
    0x24, 0x82, 0x49, 0x7, 0x9e, 0x0, 0x0, 0x7f,
    0xfe, 0x0, 0x0, 0x60, 0xc0, 0x40, 0x80, 0xff,
    0x1, 0x2, 0x3, 0xfc, 0x0,

    /* U+C090 "삐" */
    0x0, 0x30, 0x1, 0x16, 0x54, 0xa5, 0x4a, 0x57,
    0xbd, 0x4a, 0x54, 0xa5, 0x4a, 0x57, 0xbd, 0x40,
    0x10, 0x1, 0x0, 0x10, 0x1, 0x0, 0x10,

    /* U+C091 "삑" */
    0x4, 0xbc, 0xa9, 0x4a, 0x94, 0xa9, 0x7b, 0x94,
    0xa9, 0x4a, 0x97, 0xb9, 0x0, 0x11, 0xff, 0x0,
    0x10, 0x1, 0x0, 0x10, 0x1, 0x0, 0x10,

    /* U+C094 "삔" */
    0x1, 0x30, 0xd4, 0x92, 0xa4, 0x95, 0x27, 0xb9,
    0x25, 0x49, 0x2a, 0x4f, 0x72, 0x0, 0x10, 0x60,
    0x81, 0x0, 0x8, 0x0, 0x40, 0x3, 0xfc,

    /* U+C098 "삘" */
    0x6, 0xb6, 0x54, 0x92, 0xa4, 0xf7, 0x24, 0xa9,
    0x25, 0x49, 0xee, 0x40, 0x2, 0xf, 0xf0, 0x0,
    0x80, 0x4, 0x3f, 0xe0, 0xc0, 0x7, 0xfc,

    /* U+C0A0 "삠" */
    0x0, 0x30, 0x49, 0xca, 0x94, 0xa9, 0x7b, 0x94,
    0xa9, 0x4a, 0x97, 0xb9, 0x0, 0x10, 0xff, 0x4,
    0x10, 0x41, 0x4, 0x10, 0x7f,

    /* U+C0A1 "삡" */
    0x0, 0x30, 0x49, 0xca, 0x94, 0xa9, 0x7b, 0x94,
    0xa9, 0x4a, 0x97, 0xb9, 0x0, 0x20, 0xc1, 0x4,
    0x10, 0x7f, 0x4, 0x10, 0x7f,

    /* U+C0A3 "삣" */
    0x0, 0x30, 0x24, 0xb2, 0xa4, 0x95, 0x27, 0xb9,
    0x25, 0x49, 0x2a, 0x4f, 0x72, 0x40, 0x10, 0x8,
    0x80, 0x40, 0x7, 0x0, 0x64, 0x6, 0x18, 0x40,
    0x60,

    /* U+C0A5 "삥" */
    0x0, 0x30, 0x49, 0xca, 0x94, 0xa9, 0x7b, 0x94,
    0xa9, 0x4a, 0x97, 0xb9, 0x0, 0x10, 0x1e, 0x2,
    0x30, 0x41, 0x2, 0x30, 0x1e,

    /* U+C0AC "사" */
    0x0, 0x30, 0x0, 0x20, 0x10, 0x40, 0x20, 0x80,
    0xc1, 0x1, 0x2, 0x3, 0x7, 0x89, 0x8, 0x21,
    0x90, 0x81, 0x20, 0x0, 0x40, 0x0, 0x80, 0x1,
    0x0, 0x2, 0x0, 0x4, 0x0,

    /* U+C0AD "삭" */
    0x0, 0x60, 0x20, 0x80, 0x82, 0x6, 0x8, 0x34,
    0x3c, 0x88, 0x84, 0x12, 0x20, 0x8, 0x0, 0x0,
    0xff, 0x80, 0x2, 0x0, 0x8, 0x0, 0x20, 0x0,
    0x80, 0x2, 0x0,

    /* U+C0AF "삯" */
    0x10, 0x20, 0x20, 0x80, 0x82, 0x6, 0x8, 0x34,
    0x3c, 0x88, 0x84, 0x12, 0x20, 0x8, 0x0, 0x81,
    0xf1, 0x0, 0x44, 0x1, 0x30, 0x4, 0xa0, 0x14,
    0x40, 0x60, 0x0,

    /* U+C0B0 "산" */
    0x0, 0x60, 0x40, 0x80, 0x82, 0x2, 0x8, 0x18,
    0x20, 0x50, 0xf2, 0x32, 0x10, 0x48, 0x80, 0x20,
    0x60, 0x80, 0x80, 0x2, 0x0, 0x8, 0x0, 0x3f,
    0xc0,

    /* U+C0B3 "삳" */
    0x0, 0x60, 0x20, 0x80, 0x82, 0x6, 0x8, 0x14,
    0x3c, 0x8c, 0x84, 0x12, 0x20, 0x8, 0x0, 0x0,
    0x7f, 0x80, 0x80, 0x2, 0x0, 0x8, 0x0, 0x3f,
    0xc0,

    /* U+C0B4 "살" */
    0x0, 0x60, 0x30, 0x80, 0x82, 0x2, 0x8, 0x14,
    0x3c, 0x8c, 0x84, 0x12, 0x20, 0x0, 0x1f, 0xe0,
    0x0, 0x80, 0x2, 0x7, 0xf8, 0x8, 0x0, 0x3f,
    0xc0,

    /* U+C0B5 "삵" */
    0xc, 0x10, 0x8, 0x20, 0x10, 0x40, 0x60, 0x81,
    0xa1, 0xe2, 0x22, 0x8, 0x24, 0x20, 0x0, 0x3e,
    0xf0, 0x4, 0x20, 0x8, 0x41, 0xf0, 0x81, 0x9,
    0x3, 0xe2, 0x0,

    /* U+C0B6 "삶" */
    0x8, 0x30, 0x8, 0x20, 0x10, 0x40, 0x60, 0x81,
    0xa1, 0xe2, 0x22, 0x8, 0x24, 0x60, 0x0, 0x3f,
    0xf0, 0x5, 0x20, 0xa, 0x41, 0xf4, 0x81, 0x9,
    0x3, 0xde, 0x0,

    /* U+C0BC "삼" */
    0x0, 0x60, 0x20, 0x80, 0x82, 0x6, 0x8, 0x14,
    0x3c, 0x88, 0x84, 0x12, 0x20, 0x8, 0x0, 0x0,
    0x7f, 0x80, 0x82, 0x2, 0x8, 0x8, 0x20, 0x3f,
    0x80,

    /* U+C0BD "삽" */
    0x0, 0x60, 0x20, 0x80, 0x82, 0x6, 0x8, 0x14,
    0x3c, 0x8c, 0x84, 0x12, 0x0, 0x10, 0x18, 0x20,
    0x20, 0x80, 0xfe, 0x2, 0x8, 0x8, 0x20, 0x3f,
    0x80,

    /* U+C0BF "삿" */
    0x0, 0x60, 0x60, 0x80, 0x82, 0x2, 0x8, 0x18,
    0x20, 0xd0, 0xf6, 0x32, 0x10, 0x48, 0x80, 0x20,
    0xc, 0x80, 0x30, 0x1, 0xa0, 0x8, 0x60, 0xc0,
    0x40,

    /* U+C0C0 "샀" */
    0x0, 0x30, 0x8, 0x20, 0x10, 0x40, 0x60, 0x81,
    0xa1, 0xe2, 0x22, 0x8, 0x24, 0x20, 0x8, 0x8,
    0x20, 0x8, 0x60, 0x10, 0x80, 0x53, 0x81, 0x14,
    0x84, 0x11, 0x80, 0x40, 0x0,

    /* U+C0C1 "상" */
    0x0, 0x30, 0x18, 0x20, 0x30, 0x40, 0x40, 0x81,
    0x41, 0xe4, 0x62, 0x10, 0x64, 0x40, 0x48, 0x0,
    0x10, 0x7, 0xc0, 0x18, 0xc0, 0x20, 0x80, 0x63,
    0x0, 0x7c, 0x0,

    /* U+C0C5 "샅" */
    0x0, 0x60, 0x30, 0x80, 0x82, 0x6, 0x8, 0x14,
    0x3c, 0x88, 0x84, 0x12, 0x20, 0x8, 0x18, 0x0,
    0x7f, 0x80, 0x80, 0x3, 0xf8, 0x8, 0x0, 0x3f,
    0xc0,

    /* U+C0C8 "새" */
    0x0, 0x18, 0x6, 0x42, 0x12, 0x18, 0x90, 0x84,
    0x84, 0x24, 0x61, 0xe2, 0x89, 0x22, 0x4a, 0xa,
    0x40, 0x12, 0x0, 0x90, 0x4, 0x80, 0x24, 0x0,
    0x20,

    /* U+C0C9 "색" */
    0x1, 0x91, 0x89, 0x18, 0x91, 0x9, 0x38, 0xf2,
    0x89, 0x46, 0x98, 0x29, 0x0, 0x1, 0xff, 0x0,
    0x10, 0x1, 0x0, 0x10, 0x1, 0x0, 0x10,

    /* U+C0CC "샌" */
    0x0, 0xc8, 0x61, 0x20, 0xc4, 0x82, 0x12, 0x8,
    0x48, 0x61, 0xe3, 0x44, 0x88, 0x92, 0x41, 0x4a,
    0x31, 0x20, 0x40, 0x1, 0x0, 0x4, 0x0, 0x1f,
    0xf0,

    /* U+C0D0 "샐" */
    0x0, 0xc8, 0x21, 0x20, 0x84, 0x82, 0x12, 0x18,
    0x78, 0x51, 0x22, 0x24, 0x90, 0x52, 0x0, 0x0,
    0x3f, 0xe0, 0x0, 0x83, 0xfe, 0x4, 0x0, 0x1f,
    0xf0,

    /* U+C0D8 "샘" */
    0x0, 0xc8, 0x62, 0x43, 0x12, 0x10, 0x91, 0xc7,
    0x8a, 0x24, 0x8d, 0x28, 0x29, 0x0, 0x0, 0x3f,
    0xc1, 0x82, 0x4, 0x10, 0x20, 0x81, 0xfc,

    /* U+C0D9 "샙" */
    0x1, 0x91, 0x89, 0x8, 0x91, 0x89, 0x18, 0xf3,
    0xc9, 0x26, 0x94, 0x29, 0x80, 0x0, 0xc3, 0x4,
    0x10, 0x7f, 0x4, 0x10, 0x7f, 0x4, 0x0,

    /* U+C0DB "샛" */
    0x0, 0x18, 0x3, 0x20, 0xc4, 0x82, 0x12, 0x8,
    0x78, 0x51, 0x22, 0x34, 0x90, 0x52, 0x80, 0x48,
    0x3, 0x20, 0x8, 0x0, 0x58, 0x2, 0x10, 0x10,
    0x20, 0x80, 0x0,

    /* U+C0DC "샜" */
    0x0, 0xc8, 0x31, 0x20, 0xc4, 0x82, 0x12, 0x1c,
    0x78, 0x51, 0x22, 0x34, 0x90, 0x52, 0x0, 0x28,
    0x18, 0x40, 0x63, 0x1, 0x8c, 0x9, 0x48, 0x42,
    0x12, 0x10, 0x0,

    /* U+C0DD "생" */
    0x0, 0xc8, 0x62, 0x43, 0x12, 0x10, 0x91, 0xc7,
    0x8a, 0x24, 0x8d, 0x28, 0x29, 0x80, 0x8, 0xf,
    0x80, 0xc6, 0x4, 0x10, 0x31, 0x80, 0xf8,

    /* U+C0E4 "샤" */
    0x0, 0x30, 0x0, 0x20, 0x10, 0x40, 0x20, 0x80,
    0xc1, 0xe1, 0x2, 0x7, 0x4, 0x9, 0x8, 0x21,
    0x1e, 0x81, 0x22, 0x0, 0x40, 0x0, 0x80, 0x1,
    0x0, 0x2, 0x0, 0x4, 0x0,

    /* U+C0E5 "샥" */
    0x0, 0x60, 0x60, 0x80, 0x82, 0x6, 0xf, 0x18,
    0x20, 0xd0, 0x86, 0x33, 0xd0, 0x48, 0x80, 0x0,
    0xff, 0x80, 0x2, 0x0, 0x8, 0x0, 0x20, 0x0,
    0x80, 0x2, 0x0,

    /* U+C0E8 "샨" */
    0x0, 0x60, 0x60, 0x80, 0x82, 0x2, 0xf, 0x18,
    0x20, 0xd0, 0x82, 0x22, 0x10, 0x4f, 0x80, 0x20,
    0x60, 0x80, 0x80, 0x2, 0x0, 0x8, 0x0, 0x3f,
    0xc0,

    /* U+C0EC "샬" */
    0x0, 0x60, 0x30, 0x80, 0x83, 0xc6, 0x8, 0x14,
    0x20, 0x8c, 0xf4, 0x12, 0x20, 0x0, 0x1f, 0xe0,
    0x0, 0x80, 0x2, 0x7, 0xf8, 0x8, 0x0, 0x3f,
    0xc0,

    /* U+C0F4 "샴" */
    0x0, 0x60, 0x60, 0x80, 0x82, 0x6, 0xf, 0x18,
    0x20, 0xd0, 0x82, 0x33, 0xd0, 0x48, 0x80, 0x0,
    0x7f, 0x80, 0x82, 0x2, 0x8, 0x8, 0x20, 0x3f,
    0x80,

    /* U+C0F5 "샵" */
    0x0, 0x60, 0x20, 0x80, 0x83, 0xc6, 0x8, 0x34,
    0x20, 0x88, 0xf4, 0x12, 0x20, 0x10, 0x18, 0x20,
    0x20, 0x80, 0xfe, 0x2, 0x8, 0x8, 0x20, 0x3f,
    0x80,

    /* U+C0F7 "샷" */
    0x0, 0x60, 0x60, 0x80, 0x82, 0x2, 0xf, 0x18,
    0x20, 0xd0, 0x86, 0x33, 0xd0, 0x48, 0x82, 0x20,
    0x4, 0x80, 0x30, 0x1, 0x20, 0x8, 0x60, 0xc0,
    0x40,

    /* U+C0F9 "샹" */
    0x0, 0x30, 0x10, 0x20, 0x10, 0x40, 0x60, 0xf0,
    0xc1, 0x2, 0x42, 0x8, 0x47, 0xa0, 0x48, 0x80,
    0x10, 0x7, 0xc0, 0x18, 0xc0, 0x20, 0x80, 0x63,
    0x0, 0x7c, 0x0,

    /* U+C100 "섀" */
    0x0, 0x30, 0x19, 0x10, 0x91, 0x89, 0x10, 0xf1,
    0x9, 0x28, 0x96, 0x4f, 0x42, 0x98, 0x9, 0x0,
    0x90, 0x9, 0x0, 0x90, 0x1,

    /* U+C104 "섄" */
    0x0, 0xc8, 0x21, 0x20, 0x84, 0x82, 0x1e, 0x18,
    0x48, 0x51, 0x22, 0x27, 0x90, 0x52, 0x80, 0x48,
    0x31, 0x20, 0x40, 0x1, 0x0, 0x4, 0x0, 0x1f,
    0xf0,

    /* U+C108 "섈" */
    0x0, 0xc8, 0x21, 0x20, 0x84, 0x82, 0x1e, 0x18,
    0x48, 0x51, 0xe2, 0x34, 0x90, 0x52, 0x0, 0x0,
    0x3f, 0xe0, 0x0, 0x83, 0xfe, 0x4, 0x0, 0x1f,
    0xf0,

    /* U+C110 "섐" */
    0x1, 0x91, 0x89, 0x8, 0x91, 0x8f, 0x10, 0x92,
    0x89, 0x66, 0xf4, 0x29, 0x80, 0x10, 0xff, 0x4,
    0x10, 0x41, 0x4, 0x10, 0x7f,

    /* U+C115 "섕" */
    0x0, 0xc8, 0x42, 0x43, 0x12, 0x10, 0xf1, 0x84,
    0x8a, 0x3c, 0x8d, 0x28, 0x29, 0x80, 0x8, 0xf,
    0x80, 0xc6, 0x4, 0x10, 0x31, 0x80, 0xf8,

    /* U+C11C "서" */
    0x0, 0x30, 0x1, 0xc, 0x10, 0xc1, 0x8, 0x11,
    0x9f, 0x18, 0x13, 0x41, 0x22, 0x14, 0x11, 0x80,
    0x10, 0x1, 0x0, 0x10, 0x1, 0x0, 0x10,

    /* U+C11D "석" */
    0x0, 0x30, 0x81, 0xc, 0x10, 0x81, 0x19, 0xf1,
    0x41, 0x23, 0x14, 0x11, 0x80, 0x1, 0xff, 0x0,
    0x10, 0x1, 0x0, 0x10, 0x1, 0x0, 0x10,

    /* U+C11E "섞" */
    0x0, 0x30, 0x81, 0xc, 0x10, 0x81, 0x9, 0xf1,
    0x41, 0x23, 0x16, 0x11, 0x80, 0x3, 0xef, 0x2,
    0x10, 0x21, 0x2, 0x10, 0x21, 0x2, 0x10,

    /* U+C11F "섟" */
    0x8, 0x10, 0x20, 0x83, 0x4, 0x10, 0x20, 0x9f,
    0xa, 0x8, 0xcc, 0x44, 0x22, 0xc0, 0x1, 0xf3,
    0x0, 0x88, 0x4, 0xc0, 0x25, 0x1, 0x44, 0xc,
    0x20,

    /* U+C120 "선" */
    0x0, 0x30, 0x30, 0x40, 0x41, 0x3, 0x4, 0x8,
    0xf0, 0x70, 0x43, 0x31, 0x10, 0x64, 0x0, 0x10,
    0x30, 0x40, 0x40, 0x1, 0x0, 0x4, 0x0, 0x1f,
    0xe0,

    /* U+C123 "섣" */
    0x0, 0x30, 0x40, 0x81, 0x4, 0x18, 0x20, 0x9f,
    0xe, 0x8, 0x4c, 0x44, 0x22, 0x40, 0x4, 0x7f,
    0x81, 0x0, 0x8, 0x0, 0x40, 0x3, 0xfc,

    /* U+C124 "설" */
    0x0, 0x60, 0x41, 0x2, 0x8, 0x23, 0xc1, 0x82,
    0x13, 0x11, 0x8, 0x90, 0x0, 0x1f, 0xe0, 0x1,
    0x0, 0x8, 0x3f, 0xc0, 0x80, 0x7, 0xf8,

    /* U+C126 "섦" */
    0x8, 0x10, 0x41, 0xc, 0x10, 0x9f, 0x1c, 0x13,
    0x21, 0x21, 0x1c, 0x0, 0x3f, 0xf0, 0x29, 0x2,
    0x93, 0xe9, 0x10, 0x91, 0xcf,

    /* U+C127 "섧" */
    0x0, 0x10, 0xc1, 0xc, 0x10, 0x9f, 0x14, 0x13,
    0x21, 0x61, 0x18, 0x2, 0x3f, 0x90, 0x29, 0x2,
    0xf3, 0xe9, 0x10, 0x91, 0xef,

    /* U+C12C "섬" */
    0x0, 0x30, 0x81, 0xc, 0x10, 0x81, 0x19, 0xf1,
    0x41, 0x22, 0x14, 0x11, 0x80, 0x0, 0xff, 0x4,
    0x10, 0x41, 0x4, 0x10, 0x7f,

    /* U+C12D "섭" */
    0x0, 0x30, 0xc1, 0xc, 0x10, 0x9f, 0x14, 0x13,
    0x21, 0x21, 0x1c, 0x2, 0xc, 0x10, 0x41, 0x7,
    0xf0, 0x41, 0x4, 0x10, 0x7f,

    /* U+C12F "섯" */
    0x0, 0x30, 0x40, 0x83, 0x4, 0x10, 0x21, 0x9f,
    0xa, 0x8, 0x88, 0x48, 0x22, 0x80, 0x10, 0xc,
    0x80, 0x60, 0x4, 0x80, 0x43, 0xc, 0xc,

    /* U+C130 "섰" */
    0x0, 0x30, 0x60, 0x82, 0x4, 0x13, 0xe1, 0x41,
    0x11, 0x9, 0x4, 0x50, 0x2, 0x8, 0x60, 0x21,
    0x3, 0x18, 0x14, 0xa1, 0x19, 0x90, 0x84, 0x0,
    0x0,

    /* U+C131 "성" */
    0x0, 0x31, 0x81, 0x8, 0x10, 0x81, 0x19, 0xf1,
    0xc1, 0x26, 0x14, 0x31, 0x80, 0x10, 0x3e, 0x6,
    0x30, 0x41, 0x6, 0x30, 0x3e,

    /* U+C136 "섶" */
    0x0, 0x10, 0x20, 0xc1, 0x6, 0x11, 0xf1, 0xc1,
    0x89, 0x8c, 0x84, 0x68, 0x12, 0x0, 0x0, 0x7f,
    0xc1, 0x88, 0x4, 0x40, 0x22, 0xf, 0xfc,

    /* U+C138 "세" */
    0x0, 0xc8, 0x82, 0x42, 0x12, 0x10, 0x90, 0x84,
    0x8d, 0xe4, 0x61, 0x24, 0x89, 0x42, 0x4c, 0x12,
    0x40, 0x12, 0x0, 0x90, 0x4, 0x80, 0x24, 0x0,
    0x20,

    /* U+C139 "섹" */
    0x0, 0xc8, 0xc2, 0x42, 0x12, 0x10, 0x91, 0xbc,
    0x8c, 0x24, 0x91, 0x2c, 0x49, 0x80, 0x48, 0x0,
    0x7, 0xfe, 0x0, 0x10, 0x0, 0x80, 0x4, 0x0,
    0x20, 0x1,

    /* U+C13C "센" */
    0x0, 0xc8, 0x61, 0x20, 0x84, 0x82, 0x12, 0x1b,
    0xc8, 0x61, 0x22, 0x44, 0x90, 0x92, 0x80, 0x48,
    0x31, 0x20, 0x40, 0x81, 0x0, 0x4, 0x0, 0x1f,
    0xf0,

    /* U+C140 "셀" */
    0x0, 0xc8, 0x21, 0x20, 0x84, 0x82, 0x12, 0x1b,
    0xc8, 0x61, 0x22, 0x64, 0x90, 0x92, 0x80, 0x0,
    0x3f, 0xe0, 0x0, 0x83, 0xfe, 0x4, 0x0, 0x1f,
    0xf0,

    /* U+C148 "셈" */
    0x0, 0xc8, 0xc2, 0x43, 0x12, 0x10, 0x91, 0xbc,
    0x8c, 0x24, 0x91, 0x28, 0x49, 0x80, 0x0, 0x3f,
    0xc1, 0x2, 0x8, 0x10, 0x40, 0x83, 0xfc,

    /* U+C149 "셉" */
    0x0, 0xd1, 0x85, 0x8, 0x50, 0x85, 0x13, 0xd1,
    0x85, 0x24, 0x54, 0x25, 0x80, 0x20, 0xc1, 0x4,
    0x10, 0x7f, 0x4, 0x10, 0x7f, 0x4, 0x0,

    /* U+C14B "셋" */
    0x0, 0x88, 0x61, 0x20, 0xc4, 0x82, 0x12, 0x1b,
    0xc8, 0x61, 0x22, 0x44, 0x90, 0x92, 0x80, 0x48,
    0x2, 0x20, 0x8, 0x0, 0x70, 0x3, 0x20, 0x10,
    0x61, 0x80, 0x40,

    /* U+C14C "셌" */
    0x0, 0xc8, 0x61, 0x20, 0x84, 0x82, 0x12, 0x1b,
    0xc8, 0x61, 0x22, 0x44, 0x90, 0x92, 0x80, 0x8,
    0x10, 0xc0, 0x63, 0x1, 0x8, 0xb, 0x50, 0x46,
    0x32, 0x10, 0x40,

    /* U+C14D "셍" */
    0x1, 0x91, 0x89, 0x8, 0x91, 0x89, 0x17, 0x93,
    0x89, 0x24, 0x94, 0x69, 0x80, 0x10, 0x3e, 0x6,
    0x30, 0x41, 0x4, 0x10, 0x63, 0x3, 0xe0,

    /* U+C154 "셔" */
    0x0, 0x30, 0x1, 0xc, 0x10, 0xdf, 0x8, 0x11,
    0x81, 0x18, 0x12, 0x5f, 0x42, 0x18, 0x11, 0x0,
    0x10, 0x1, 0x0, 0x10, 0x1, 0x0, 0x10,

    /* U+C155 "셕" */
    0x0, 0x30, 0xc1, 0x9, 0xf0, 0x81, 0x18, 0x12,
    0x5f, 0x62, 0x18, 0x11, 0x0, 0x1, 0xff, 0x0,
    0x10, 0x1, 0x0, 0x10, 0x1, 0x0, 0x10,

    /* U+C158 "션" */
    0x0, 0x18, 0x20, 0x20, 0x40, 0x81, 0x3e, 0x8,
    0x8, 0x30, 0x21, 0x6f, 0x88, 0xc2, 0x41, 0x8,
    0x30, 0x20, 0x40, 0x1, 0x0, 0x4, 0x0, 0x1f,
    0xf0,

    /* U+C15C "셜" */
    0x0, 0x30, 0x10, 0x40, 0x4f, 0x3, 0x4, 0xc,
    0x10, 0x4b, 0xc2, 0x11, 0x10, 0x40, 0xf, 0xf0,
    0x0, 0x40, 0x1, 0x3, 0xfc, 0x4, 0x0, 0x1f,
    0xe0,

    /* U+C164 "셤" */
    0x0, 0x30, 0xc1, 0xd, 0xf0, 0x81, 0x18, 0x13,
    0x4f, 0x62, 0x18, 0x11, 0x0, 0x0, 0xff, 0x4,
    0x10, 0x41, 0x4, 0x10, 0x7f,

    /* U+C165 "셥" */
    0x0, 0x30, 0x60, 0x83, 0x3c, 0x10, 0x21, 0x81,
    0xa, 0x78, 0x8c, 0x48, 0x24, 0xc, 0x10, 0x20,
    0x81, 0xfc, 0x8, 0x20, 0x41, 0x3, 0xf8,

    /* U+C167 "셧" */
    0x0, 0x30, 0x60, 0x83, 0x7c, 0x10, 0x21, 0x81,
    0x1a, 0xf8, 0x88, 0x58, 0x22, 0x1, 0x10, 0xc,
    0x80, 0x60, 0x4, 0x80, 0x43, 0xc, 0xc,

    /* U+C168 "셨" */
    0x0, 0x30, 0x60, 0x83, 0x7c, 0x10, 0x21, 0x81,
    0x12, 0xf9, 0x8, 0x50, 0x22, 0x0, 0x50, 0x21,
    0x1, 0x8, 0x18, 0xc1, 0x2d, 0x10, 0x85, 0x8,
    0x0,

    /* U+C169 "셩" */
    0x0, 0x30, 0xc1, 0x9, 0xf1, 0x81, 0x18, 0x12,
    0x5f, 0x42, 0x18, 0x11, 0x0, 0x10, 0x3e, 0x6,
    0x30, 0x41, 0x6, 0x30, 0x3e,

    /* U+C170 "셰" */
    0x0, 0x18, 0x6, 0x42, 0x12, 0x10, 0x90, 0xbc,
    0x8c, 0x24, 0x61, 0x25, 0x79, 0x66, 0x4a, 0x12,
    0x60, 0x12, 0x0, 0x90, 0x4, 0x80, 0x24, 0x0,
    0x20,

    /* U+C174 "셴" */
    0x0, 0xd8, 0x61, 0x20, 0x84, 0x82, 0xf2, 0x18,
    0x48, 0xef, 0x22, 0x64, 0x90, 0x92, 0x0, 0x48,
    0x31, 0x20, 0x40, 0x81, 0x0, 0x4, 0x0, 0x1f,
    0xf0,

    /* U+C178 "셸" */
    0x0, 0xc8, 0x31, 0x20, 0xbc, 0x82, 0x12, 0x18,
    0x48, 0x5f, 0x22, 0x64, 0x90, 0x92, 0x0, 0x0,
    0x3f, 0xe0, 0x0, 0x83, 0xfe, 0x4, 0x0, 0x1f,
    0xf0,

    /* U+C185 "솅" */
    0x1, 0x91, 0x9, 0x8, 0x91, 0x39, 0x10, 0x92,
    0xb9, 0x44, 0x98, 0x49, 0x0, 0x10, 0x3e, 0x6,
    0x30, 0x41, 0x4, 0x10, 0x63, 0x3, 0xe0,

    /* U+C18C "소" */
    0x0, 0x0, 0x3, 0x0, 0x4, 0x0, 0x18, 0x0,
    0x6c, 0x1, 0x86, 0x4, 0x6, 0x11, 0x80, 0x1,
    0x0, 0x2, 0x0, 0x4, 0x7, 0xff, 0xf0,

    /* U+C18D "속" */
    0x1, 0x0, 0x4, 0x0, 0x28, 0x3, 0x1c, 0x13,
    0x9, 0x84, 0x0, 0x10, 0x3f, 0xff, 0x0, 0x0,
    0x0, 0x1, 0xfe, 0x0, 0x8, 0x0, 0x20, 0x0,
    0x80, 0x2, 0x0,

    /* U+C18E "솎" */
    0x3, 0x0, 0xc, 0x0, 0x70, 0x2, 0x38, 0x32,
    0x18, 0x8, 0x0, 0x20, 0x3f, 0xff, 0x0, 0x0,
    0x0, 0x7, 0xde, 0x1, 0x8, 0x4, 0x20, 0x10,
    0x80, 0x42, 0x0,

    /* U+C190 "손" */
    0x1, 0x0, 0x2, 0x0, 0xc, 0x0, 0x36, 0x0,
    0xc3, 0x82, 0x60, 0x8, 0x40, 0x0, 0x80, 0x7f,
    0xfe, 0x0, 0x0, 0x60, 0x0, 0x40, 0x0, 0x80,
    0x1, 0xff, 0x0,

    /* U+C194 "솔" */
    0x1, 0x80, 0x2, 0x0, 0xb, 0x0, 0x61, 0xc3,
    0x10, 0x0, 0x20, 0x1f, 0xff, 0x80, 0x0, 0x0,
    0x0, 0x3f, 0xe0, 0x0, 0x40, 0xff, 0x80, 0x80,
    0x1, 0xff, 0x0,

    /* U+C196 "솖" */
    0x1, 0x0, 0x4, 0x0, 0x6c, 0x2, 0xe, 0x31,
    0x0, 0x4, 0xf, 0xff, 0xc0, 0x0, 0x0, 0x0,
    0x7f, 0xc0, 0x29, 0xf, 0xa4, 0x10, 0x90, 0x7b,
    0xc0,

    /* U+C19C "솜" */
    0x1, 0x0, 0x4, 0x0, 0x38, 0x1, 0x1c, 0x18,
    0x18, 0x84, 0x4, 0x10, 0x3f, 0xff, 0x0, 0x0,
    0x7f, 0x80, 0x82, 0x2, 0x8, 0x8, 0x20, 0x3f,
    0x80,

    /* U+C19D "솝" */
    0x1, 0x80, 0x2, 0x0, 0xa, 0x0, 0x23, 0x81,
    0x80, 0x84, 0x20, 0x0, 0x40, 0x7f, 0xff, 0x0,
    0x0, 0x30, 0xc0, 0x20, 0x80, 0x7f, 0x0, 0x82,
    0x1, 0xfe, 0x2, 0x0, 0x0,

    /* U+C19F "솟" */
    0x1, 0x0, 0x2, 0x0, 0xe, 0x0, 0x63, 0x81,
    0x30, 0x84, 0x20, 0x0, 0x40, 0x7f, 0xff, 0x0,
    0x0, 0x2, 0x0, 0xc, 0x0, 0x34, 0x0, 0xc7,
    0x6, 0x3, 0x0,

    /* U+C1A1 "송" */
    0x1, 0x80, 0x2, 0x0, 0xe, 0x0, 0x23, 0x81,
    0x80, 0x84, 0x20, 0x0, 0x40, 0x7f, 0xff, 0x0,
    0x0, 0xf, 0x80, 0x31, 0x80, 0x41, 0x0, 0x82,
    0x1, 0x8c, 0x1, 0xf0, 0x0,

    /* U+C1A5 "솥" */
    0x1, 0x0, 0x2, 0x0, 0xe, 0x0, 0x23, 0x81,
    0x80, 0x84, 0x20, 0x0, 0x40, 0x3f, 0xff, 0x0,
    0x0, 0x3f, 0xe0, 0x20, 0x0, 0x7f, 0x80, 0x80,
    0x1, 0xfe, 0x0,

    /* U+C1A8 "솨" */
    0x0, 0x30, 0x10, 0x20, 0x10, 0x40, 0x20, 0x80,
    0xe1, 0x2, 0x32, 0x8, 0x37, 0xa2, 0x8, 0x4,
    0x10, 0x8, 0xe1, 0xfe, 0x40, 0x0, 0x80, 0x1,
    0x0, 0x2, 0x0, 0x4, 0x0,

    /* U+C1A9 "솩" */
    0xc, 0x10, 0x8, 0x20, 0x30, 0x40, 0xd8, 0x83,
    0x9, 0x68, 0x83, 0x1, 0x4, 0x7f, 0xf8, 0x0,
    0x10, 0x0, 0x0, 0x7f, 0xc0, 0x0, 0x80, 0x1,
    0x0, 0x2, 0x0, 0x4, 0x0,

    /* U+C1AC "솬" */
    0x0, 0x30, 0x18, 0x20, 0x20, 0x40, 0xf0, 0x83,
    0x1d, 0x9, 0x83, 0xc1, 0x4, 0x2, 0xf8, 0xfa,
    0x10, 0x0, 0x20, 0x60, 0x0, 0x40, 0x0, 0x80,
    0x1, 0xff, 0x0,

    /* U+C1B0 "솰" */
    0x0, 0x30, 0x8, 0x20, 0x30, 0x40, 0x9c, 0x82,
    0xd, 0xe8, 0x82, 0x1, 0x1c, 0x7f, 0xc8, 0x0,
    0x0, 0x3f, 0xe0, 0x0, 0x40, 0xff, 0x80, 0x80,
    0x1, 0xff, 0x0,

    /* U+C1BD "솽" */
    0xc, 0x10, 0x8, 0x20, 0x30, 0x40, 0x50, 0x81,
    0x19, 0x5, 0x8b, 0xd1, 0x4, 0x2, 0x78, 0x7b,
    0x10, 0x7, 0xe0, 0x18, 0xc0, 0x20, 0x80, 0x41,
    0x0, 0xc6, 0x0, 0xf8, 0x0,

    /* U+C1C4 "쇄" */
    0x0, 0x18, 0x6, 0x42, 0x12, 0x30, 0x91, 0xc4,
    0x91, 0xa5, 0x1, 0xf1, 0x9, 0x8, 0x48, 0x46,
    0x7f, 0xd2, 0x0, 0x90, 0x4, 0x80, 0x24, 0x0,
    0x20,

    /* U+C1C8 "쇈" */
    0x10, 0xc8, 0x21, 0x21, 0x84, 0x85, 0x12, 0x23,
    0x49, 0x45, 0xe0, 0x84, 0x82, 0x32, 0xff, 0x48,
    0x1, 0x20, 0xc0, 0x83, 0x0, 0xc, 0x0, 0x1f,
    0xe0,

    /* U+C1CC "쇌" */
    0x8, 0xc8, 0x42, 0x46, 0x12, 0x2c, 0x96, 0x17,
    0xcc, 0x24, 0x21, 0x3f, 0xf9, 0x40, 0x0, 0x7f,
    0xc0, 0x2, 0x1f, 0xf0, 0x40, 0x3, 0xfc,

    /* U+C1D4 "쇔" */
    0x10, 0xc8, 0x42, 0x42, 0x12, 0x38, 0x92, 0x34,
    0xa0, 0xbc, 0x21, 0x21, 0x9, 0xff, 0xc8, 0x0,
    0x1, 0xfe, 0x8, 0x10, 0x40, 0x83, 0xfc,

    /* U+C1D7 "쇗" */
    0x0, 0xc8, 0x21, 0x20, 0x84, 0x86, 0x12, 0x36,
    0x49, 0x5, 0xe0, 0x84, 0x82, 0x32, 0xff, 0x48,
    0x6, 0x20, 0x8, 0x80, 0x70, 0x3, 0x20, 0x10,
    0x61, 0x80, 0x0,

    /* U+C1D8 "쇘" */
    0x10, 0xc8, 0x21, 0x21, 0x84, 0x8d, 0x92, 0x61,
    0x7a, 0x61, 0x20, 0x84, 0x82, 0xf2, 0xfc, 0x48,
    0x1, 0x80, 0x43, 0x3, 0x8, 0xa, 0x50, 0x46,
    0x26, 0x10, 0x40,

    /* U+C1E0 "쇠" */
    0x0, 0x30, 0x41, 0x4, 0x10, 0xc1, 0xa, 0x11,
    0x19, 0x20, 0x54, 0x41, 0x4, 0x10, 0x47, 0xff,
    0x90, 0x1, 0x0, 0x10, 0x1, 0x0, 0x10,

    /* U+C1E4 "쇤" */
    0x0, 0x30, 0x60, 0x83, 0x4, 0x1c, 0x21, 0x19,
    0x36, 0x8, 0x10, 0x40, 0x9e, 0xfe, 0x10, 0x0,
    0x86, 0x0, 0x10, 0x0, 0x80, 0x7, 0xfc,

    /* U+C1E8 "쇨" */
    0xc, 0x10, 0x60, 0x83, 0x4, 0x27, 0x22, 0x8d,
    0x22, 0x8, 0x13, 0xdf, 0xe2, 0x0, 0x0, 0xff,
    0x80, 0x4, 0x3f, 0xe0, 0x80, 0x7, 0xfc,

    /* U+C1F0 "쇰" */
    0xc, 0x10, 0x41, 0xc, 0x11, 0xa1, 0x11, 0x96,
    0xc1, 0x4, 0x10, 0x47, 0xff, 0x90, 0x0, 0xf,
    0xf0, 0x41, 0x4, 0x10, 0x7f,

    /* U+C1F1 "쇱" */
    0x4, 0x10, 0x41, 0xe, 0x11, 0x99, 0x24, 0x54,
    0x61, 0x6, 0x7f, 0xf9, 0x0, 0x0, 0xc3, 0x4,
    0x10, 0x7f, 0x4, 0x10, 0x7f,

    /* U+C1F3 "쇳" */
    0xc, 0x10, 0x20, 0x83, 0x4, 0x34, 0x21, 0x19,
    0x36, 0x8, 0x10, 0x40, 0x8e, 0xff, 0x90, 0x10,
    0x80, 0x64, 0x2, 0x0, 0x2c, 0x2, 0x18, 0x60,
    0x40,

    /* U+C1FC "쇼" */
    0x2, 0x0, 0x3, 0x0, 0x4, 0x0, 0x18, 0x0,
    0x6c, 0x1, 0x86, 0x4, 0x2, 0x30, 0x20, 0xc,
    0x40, 0x8, 0x80, 0x11, 0x7, 0xff, 0xf0,

    /* U+C1FD "쇽" */
    0x3, 0x0, 0xc, 0x0, 0x78, 0x2, 0x1c, 0x30,
    0xc1, 0x11, 0x0, 0x44, 0x3f, 0xff, 0x40, 0x0,
    0x0, 0x3, 0xfe, 0x0, 0x8, 0x0, 0x20, 0x0,
    0x80, 0x2, 0x0,

    /* U+C200 "숀" */
    0x1, 0x0, 0x2, 0x0, 0xc, 0x0, 0x37, 0x0,
    0x81, 0x86, 0x18, 0x1, 0x10, 0x2, 0x20, 0x7f,
    0xfe, 0x0, 0x0, 0x60, 0x0, 0x40, 0x0, 0x80,
    0x1, 0xff, 0x0,

    /* U+C204 "숄" */
    0x1, 0x80, 0x3, 0x0, 0xe, 0x0, 0x33, 0x81,
    0x80, 0xc4, 0x88, 0x1, 0x10, 0x3f, 0xff, 0x1f,
    0xf0, 0x1f, 0xe0, 0x0, 0x80, 0xff, 0x80, 0x80,
    0x1, 0xff, 0x0,

    /* U+C20C "숌" */
    0x1, 0x80, 0x3, 0x0, 0xf, 0x0, 0x21, 0xc1,
    0x84, 0x4, 0xcc, 0x0, 0x90, 0x3f, 0xff, 0x0,
    0x0, 0x0, 0x0, 0x3f, 0xc0, 0x40, 0x80, 0x82,
    0x1, 0xfe, 0x0,

    /* U+C20D "숍" */
    0x3, 0x0, 0x2, 0x0, 0xc, 0x0, 0x36, 0x0,
    0xc3, 0x86, 0x19, 0x1, 0x10, 0x2, 0x20, 0xff,
    0xfe, 0x0, 0x0, 0x61, 0x80, 0x41, 0x0, 0xfe,
    0x1, 0x4, 0x3, 0xfc, 0x4, 0x0,

    /* U+C20F "숏" */
    0x3, 0x0, 0x6, 0x0, 0x1a, 0x0, 0x43, 0x83,
    0xc, 0x88, 0x88, 0x1, 0x10, 0x7f, 0xff, 0x0,
    0x0, 0x6, 0x0, 0xc, 0x0, 0x34, 0x0, 0xc7,
    0x6, 0x2, 0x0,

    /* U+C211 "숑" */
    0x1, 0x80, 0x3, 0x0, 0xe, 0x0, 0x33, 0x0,
    0x81, 0x87, 0x88, 0x1, 0x10, 0x42, 0x3f, 0x7b,
    0x80, 0xf, 0x80, 0x31, 0x80, 0x41, 0x0, 0x82,
    0x1, 0x8c, 0x1, 0xf0, 0x0,

    /* U+C218 "수" */
    0x1, 0x0, 0x2, 0x0, 0xc, 0x0, 0x36, 0x0,
    0xc3, 0x2, 0x1, 0x8, 0x0, 0x0, 0x0, 0xff,
    0xfe, 0x2, 0x0, 0x4, 0x0, 0x8, 0x0, 0x10,
    0x0, 0x20, 0x0,

    /* U+C219 "숙" */
    0x1, 0x0, 0x4, 0x0, 0x30, 0x1, 0xb0, 0x8,
    0x30, 0xc0, 0x0, 0x0, 0x3f, 0xff, 0x1, 0x0,
    0x4, 0x1, 0xfe, 0x0, 0x8, 0x0, 0x20, 0x0,
    0x80, 0x2, 0x0,

    /* U+C21C "순" */
    0x1, 0x0, 0x2, 0x0, 0xc, 0x0, 0x27, 0x0,
    0x81, 0x86, 0x0, 0x0, 0x0, 0x3f, 0xff, 0x1,
    0x0, 0x22, 0x0, 0x24, 0x0, 0x48, 0x0, 0x80,
    0x1, 0xff, 0x0,

    /* U+C21F "숟" */
    0x1, 0x80, 0x2, 0x0, 0xe, 0x0, 0x23, 0x1,
    0x81, 0x84, 0x0, 0x0, 0x0, 0x3f, 0xff, 0x1,
    0x0, 0x32, 0x0, 0x7f, 0xc0, 0x40, 0x0, 0x80,
    0x1, 0xfe, 0x0,

    /* U+C220 "술" */
    0x1, 0x0, 0x3, 0x0, 0xc, 0x0, 0x36, 0x0,
    0xc3, 0x86, 0x0, 0x0, 0x0, 0x3f, 0xff, 0x1,
    0x0, 0x2, 0x0, 0x7f, 0xc0, 0x0, 0x81, 0xff,
    0x1, 0x0, 0x3, 0xfe, 0x0,

    /* U+C228 "숨" */
    0x1, 0x0, 0x4, 0x0, 0x30, 0x1, 0xb0, 0x8,
    0x38, 0xc0, 0x0, 0x0, 0x3f, 0xff, 0x1, 0x0,
    0x4, 0x1, 0xfe, 0x2, 0x8, 0x8, 0x20, 0x3f,
    0x80,

    /* U+C229 "숩" */
    0x1, 0x0, 0x2, 0x0, 0xc, 0x0, 0x36, 0x0,
    0x83, 0x86, 0x0, 0x0, 0x0, 0x7f, 0xff, 0x1,
    0x0, 0x2, 0x0, 0x64, 0x80, 0x41, 0x0, 0xfe,
    0x1, 0x4, 0x3, 0xfc, 0x0,

    /* U+C22B "숫" */
    0x1, 0x0, 0x2, 0x0, 0xc, 0x0, 0x37, 0x0,
    0x81, 0x86, 0x0, 0x0, 0x0, 0x7f, 0xff, 0x1,
    0x0, 0x2, 0x0, 0x4, 0x0, 0x8, 0x0, 0x28,
    0x1, 0x8c, 0xc, 0x4, 0x0,

    /* U+C22D "숭" */
    0x1, 0x80, 0x2, 0x0, 0xc, 0x0, 0x27, 0x0,
    0x81, 0x86, 0x0, 0x0, 0x0, 0x3f, 0xff, 0x1,
    0x0, 0xf, 0x80, 0x31, 0x80, 0x41, 0x0, 0x82,
    0x1, 0x8c, 0x1, 0xf0, 0x0,

    /* U+C22F "숯" */
    0x1, 0x0, 0x2, 0x0, 0xe, 0x0, 0x63, 0x81,
    0x1, 0x84, 0x0, 0x3f, 0xff, 0x80, 0x80, 0x7,
    0x80, 0x0, 0x0, 0xff, 0xc0, 0x8, 0x0, 0x28,
    0x1, 0x8c, 0xc, 0x4, 0x0,

    /* U+C231 "숱" */
    0x1, 0x80, 0x2, 0x0, 0xe, 0x0, 0x63, 0xc1,
    0x0, 0x4, 0x0, 0x1f, 0xff, 0x80, 0x80, 0x1,
    0x0, 0x3f, 0xe0, 0x20, 0x0, 0x7f, 0x80, 0x80,
    0x1, 0xfe, 0x0,

    /* U+C232 "숲" */
    0x1, 0x0, 0x2, 0x0, 0xe, 0x0, 0x23, 0x81,
    0x80, 0x84, 0x0, 0x3f, 0xff, 0x80, 0x80, 0x1,
    0x0, 0x3f, 0xe0, 0x23, 0x0, 0x22, 0x0, 0x44,
    0x3, 0xff, 0x0,

    /* U+C234 "숴" */
    0x0, 0x18, 0x20, 0x41, 0x82, 0x8, 0x10, 0xb0,
    0x88, 0x65, 0x80, 0x20, 0xd, 0x7f, 0x88, 0x20,
    0x41, 0x3e, 0x8, 0x10, 0x40, 0x82, 0x4,

    /* U+C248 "쉈" */
    0x6, 0x8, 0x18, 0x20, 0xe0, 0x86, 0x72, 0x20,
    0x48, 0x1, 0xa7, 0xf8, 0x81, 0x3e, 0x4, 0x8,
    0x30, 0xc0, 0x43, 0x3, 0x8c, 0x9, 0x48, 0x42,
    0x12, 0x10, 0x0,

    /* U+C250 "쉐" */
    0x0, 0xd8, 0x42, 0x42, 0x12, 0x30, 0x91, 0x64,
    0x90, 0xa5, 0x1, 0x21, 0xe9, 0x78, 0x48, 0x5e,
    0x42, 0x12, 0x10, 0x90, 0x84, 0x80, 0x24, 0x0,
    0x20,

    /* U+C251 "쉑" */
    0x0, 0xd8, 0x62, 0x42, 0x12, 0x38, 0x92, 0x34,
    0xa0, 0xa4, 0x5, 0x3f, 0xc9, 0x9, 0xc8, 0x40,
    0x3, 0xfe, 0x0, 0x10, 0x0, 0x80, 0x4, 0x0,
    0x20,

    /* U+C254 "쉔" */
    0x0, 0x18, 0x3, 0x20, 0x84, 0x86, 0x12, 0x17,
    0x49, 0x81, 0x20, 0x74, 0xbe, 0x12, 0xb, 0xc8,
    0x21, 0x20, 0xc4, 0x81, 0x0, 0x4, 0x0, 0x1f,
    0xf0,

    /* U+C258 "쉘" */
    0x0, 0xd8, 0x10, 0x90, 0x21, 0x20, 0xb2, 0x42,
    0x14, 0x88, 0x29, 0x3e, 0x92, 0x25, 0xe4, 0x8,
    0x48, 0x1f, 0xf0, 0x0, 0x20, 0x7f, 0xc0, 0x40,
    0x0, 0xff, 0x80,

    /* U+C260 "쉠" */
    0x0, 0xd8, 0x62, 0x42, 0x12, 0x38, 0x92, 0x34,
    0xa0, 0x24, 0x5, 0x3f, 0x49, 0x9, 0xc8, 0x40,
    0x1, 0xfe, 0x8, 0x10, 0x40, 0x83, 0xfc,

    /* U+C265 "쉥" */
    0x0, 0xd8, 0x42, 0x42, 0x12, 0x28, 0x92, 0x34,
    0xa0, 0x24, 0x5, 0x2f, 0xe9, 0x8, 0xc8, 0x4f,
    0x40, 0xc4, 0x4, 0x30, 0x21, 0x81, 0x88, 0x7,
    0x80,

    /* U+C26C "쉬" */
    0x0, 0x30, 0x41, 0x4, 0x10, 0xc1, 0xb, 0x13,
    0x9, 0x40, 0x10, 0x7, 0xff, 0x90, 0x41, 0x4,
    0x10, 0x41, 0x4, 0x10, 0x41,

    /* U+C26D "쉭" */
    0x4, 0x10, 0x41, 0xc, 0x10, 0xb9, 0x30, 0xd4,
    0x1, 0x0, 0x7f, 0xf9, 0x4, 0x10, 0x40, 0x1f,
    0xf1, 0xff, 0x0, 0x10, 0x1, 0x0, 0x10, 0x1,

    /* U+C270 "쉰" */
    0x0, 0x18, 0x18, 0x20, 0x40, 0x83, 0x82, 0x19,
    0xc8, 0x80, 0x20, 0x3, 0x9f, 0xb2, 0x4, 0x8,
    0x10, 0x20, 0xc0, 0x81, 0x0, 0x4, 0x0, 0x1f,
    0xf0,

    /* U+C274 "쉴" */
    0xc, 0x10, 0x20, 0x83, 0x4, 0x26, 0x22, 0x9,
    0x20, 0x8, 0x3, 0xdf, 0xe2, 0x8, 0x10, 0xff,
    0x80, 0x4, 0x3f, 0xe0, 0x80, 0x7, 0xfc,

    /* U+C27C "쉼" */
    0x4, 0x10, 0x41, 0xc, 0x10, 0xb9, 0x30, 0xd4,
    0x1, 0x0, 0xff, 0xf1, 0x4, 0x10, 0x40, 0xf,
    0xf0, 0x41, 0x4, 0x10, 0x7f,

    /* U+C27D "쉽" */
    0x4, 0x10, 0x41, 0xc, 0x11, 0xb9, 0x20, 0x94,
    0x1, 0x0, 0xff, 0xf1, 0x4, 0x10, 0x83, 0x4,
    0x10, 0x7f, 0x4, 0x10, 0x7f, 0x4, 0x0,

    /* U+C27F "쉿" */
    0x4, 0x10, 0x20, 0x83, 0x4, 0x17, 0x23, 0xd,
    0x20, 0x8, 0x1, 0xcf, 0xf2, 0x4, 0x10, 0x2c,
    0x81, 0x24, 0x3, 0x0, 0x36, 0x2, 0x8, 0x60,
    0x20,

    /* U+C281 "슁" */
    0x0, 0x30, 0x61, 0x4, 0x10, 0xe1, 0x19, 0xd2,
    0x1, 0x0, 0x77, 0xe9, 0x4, 0x10, 0x5e, 0x2,
    0x30, 0x21, 0x2, 0x10, 0x23, 0x1, 0xe0,

    /* U+C288 "슈" */
    0x3, 0x0, 0xc, 0x0, 0x20, 0x1, 0x70, 0x8,
    0x30, 0xc0, 0x24, 0x0, 0x0, 0x0, 0xff, 0xfc,
    0x21, 0x0, 0x84, 0x2, 0x10, 0x8, 0x40, 0x21,
    0x0, 0x4, 0x0,

    /* U+C289 "슉" */
    0x1, 0x80, 0x2, 0x0, 0xa, 0x0, 0x63, 0x81,
    0x0, 0x84, 0x0, 0x1f, 0xff, 0x82, 0x20, 0x4,
    0x40, 0x8, 0x80, 0x2f, 0x80, 0x1, 0x0, 0x2,
    0x0, 0x4, 0x0, 0x8, 0x0,

    /* U+C290 "슐" */
    0x1, 0x80, 0x3, 0x0, 0xe, 0x0, 0x23, 0x81,
    0x80, 0x84, 0x0, 0x1f, 0xff, 0x82, 0x20, 0x1f,
    0xf0, 0x1f, 0xe0, 0x0, 0x80, 0xff, 0x80, 0x80,
    0x1, 0xff, 0x0,

    /* U+C298 "슘" */
    0x1, 0x0, 0x2, 0x0, 0xc, 0x0, 0x36, 0x0,
    0x83, 0x86, 0x0, 0x0, 0x0, 0x7f, 0xff, 0x4,
    0x40, 0x8, 0x80, 0x3f, 0x80, 0x41, 0x0, 0x82,
    0x1, 0xfc, 0x2, 0x0, 0x0,

    /* U+C29B "슛" */
    0x3, 0x0, 0x4, 0x0, 0x30, 0x1, 0x30, 0x18,
    0x30, 0x80, 0x4, 0x0, 0x3f, 0xff, 0x8, 0x40,
    0x21, 0x0, 0xb4, 0x0, 0x90, 0x7, 0x80, 0x21,
    0x83, 0x3, 0x0,

    /* U+C29D "슝" */
    0x3, 0x0, 0x4, 0x0, 0x30, 0x1, 0x30, 0x8,
    0x38, 0xc0, 0x4, 0x0, 0x1f, 0xff, 0x4, 0x40,
    0x1f, 0x0, 0x44, 0x2, 0x18, 0x8, 0x60, 0x31,
    0x0, 0x78, 0x0,

    /* U+C2A4 "스" */
    0x1, 0x80, 0x3, 0x0, 0x4, 0x0, 0x16, 0x0,
    0x42, 0x1, 0x3, 0xc, 0x1, 0x20, 0x0, 0x0,
    0x0, 0x0, 0x1, 0xff, 0xf8,

    /* U+C2A5 "슥" */
    0x3, 0x0, 0xc, 0x0, 0x70, 0x3, 0x30, 0x10,
    0x39, 0x0, 0x0, 0x0, 0x3f, 0xff, 0x0, 0x0,
    0xff, 0x80, 0x2, 0x0, 0x8, 0x0, 0x20, 0x0,
    0x80, 0x2, 0x0,

    /* U+C2A8 "슨" */
    0x1, 0x80, 0x2, 0x0, 0xe, 0x0, 0x33, 0x0,
    0x81, 0x86, 0x0, 0x0, 0x0, 0x3f, 0xff, 0x0,
    0x0, 0x20, 0x0, 0x20, 0x0, 0x40, 0x0, 0x80,
    0x1, 0xfe, 0x0,

    /* U+C2AC "슬" */
    0x1, 0x0, 0x1, 0x0, 0x4, 0x0, 0x16, 0x0,
    0xc3, 0x82, 0x0, 0x88, 0x0, 0x3f, 0xff, 0x0,
    0x0, 0x0, 0x0, 0x7f, 0xc0, 0x0, 0x81, 0xff,
    0x1, 0x0, 0x3, 0xfe, 0x0,

    /* U+C2AD "슭" */
    0x1, 0x80, 0x2, 0x0, 0xe, 0x0, 0x63, 0x81,
    0x0, 0x84, 0x0, 0x3f, 0xff, 0x80, 0x0, 0x0,
    0x0, 0x3d, 0xe0, 0x8, 0x41, 0xf0, 0x81, 0x1,
    0x3, 0xe2, 0x0,

    /* U+C2B4 "슴" */
    0x1, 0x0, 0x4, 0x0, 0x30, 0x1, 0x30, 0x8,
    0x38, 0xc0, 0x0, 0x0, 0x3f, 0xff, 0x0, 0x0,
    0x7f, 0x80, 0x82, 0x2, 0x8, 0x8, 0x20, 0x3f,
    0x80, 0x80, 0x0,

    /* U+C2B5 "습" */
    0x3, 0x0, 0x2, 0x0, 0xc, 0x0, 0x26, 0x1,
    0x83, 0x84, 0x0, 0x0, 0x0, 0x7f, 0xff, 0x0,
    0x0, 0x30, 0xc0, 0x20, 0x80, 0x7f, 0x0, 0x82,
    0x1, 0xfe, 0x2, 0x0, 0x0,

    /* U+C2B7 "슷" */
    0x1, 0x80, 0x3, 0x0, 0xe, 0x0, 0x33, 0x80,
    0x80, 0xc6, 0x0, 0x0, 0x0, 0x3f, 0xff, 0x0,
    0x0, 0x3, 0x0, 0x4, 0x0, 0x16, 0x0, 0x63,
    0x1, 0x1, 0xc, 0x0, 0x0,

    /* U+C2B9 "승" */
    0x1, 0x80, 0x2, 0x0, 0xe, 0x0, 0x23, 0x0,
    0x81, 0x86, 0x0, 0x0, 0x0, 0x7f, 0xff, 0x0,
    0x0, 0xf, 0x80, 0x31, 0x80, 0x41, 0x0, 0x82,
    0x1, 0x8c, 0x0, 0xf0, 0x0,

    /* U+C2DC "시" */
    0x0, 0x30, 0x1, 0xc, 0x10, 0x41, 0xc, 0x10,
    0x81, 0x1c, 0x11, 0x21, 0x23, 0x14, 0x19, 0x80,
    0x90, 0x1, 0x0, 0x10, 0x1, 0x0, 0x10,

    /* U+C2DD "식" */
    0x0, 0x30, 0xc1, 0x4, 0x10, 0xc1, 0xc, 0x11,
    0x21, 0x21, 0x94, 0x9, 0x80, 0x1, 0xff, 0x0,
    0x10, 0x1, 0x0, 0x10, 0x1, 0x0, 0x10,

    /* U+C2E0 "신" */
    0x0, 0x30, 0x40, 0x81, 0x4, 0x8, 0x20, 0xc1,
    0x5, 0x8, 0x46, 0x44, 0x12, 0x40, 0x10, 0x60,
    0x81, 0x0, 0x8, 0x0, 0x40, 0x3, 0xfc,

    /* U+C2E3 "싣" */
    0x0, 0x30, 0x81, 0xc, 0x10, 0x81, 0x18, 0x11,
    0x61, 0x21, 0x14, 0x9, 0x80, 0x1, 0xff, 0x8,
    0x0, 0x80, 0x8, 0x0, 0xff,

    /* U+C2E4 "실" */
    0x0, 0x60, 0x41, 0x3, 0x8, 0x10, 0x41, 0x42,
    0x19, 0x91, 0x4, 0x90, 0x0, 0x1f, 0xe0, 0x1,
    0x0, 0x8, 0x3f, 0xc0, 0x80, 0x7, 0xfc,

    /* U+C2EB "싫" */
    0x10, 0x20, 0x61, 0x2, 0x8, 0x30, 0x41, 0x42,
    0x11, 0x91, 0x4, 0x90, 0x38, 0x3c, 0x0, 0x3f,
    0xc1, 0x0, 0xfb, 0xc2, 0x32, 0x1e, 0x70,

    /* U+C2EC "심" */
    0x0, 0x30, 0xc1, 0x4, 0x10, 0xc1, 0xc, 0x11,
    0x21, 0x21, 0x94, 0x9, 0x80, 0x0, 0xff, 0x4,
    0x10, 0x41, 0x4, 0x10, 0x7f,

    /* U+C2ED "십" */
    0x0, 0x63, 0x4, 0x20, 0x84, 0x11, 0x82, 0x68,
    0x48, 0xca, 0x9, 0x80, 0x43, 0x4, 0x20, 0x87,
    0xf0, 0x82, 0x1f, 0xc0,

    /* U+C2EF "싯" */
    0x0, 0x30, 0x40, 0x81, 0x4, 0x18, 0x20, 0xc1,
    0x9, 0x8, 0x86, 0x48, 0x12, 0x81, 0x10, 0xc,
    0x80, 0x60, 0x4, 0x80, 0x43, 0xc, 0xc,

    /* U+C2F1 "싱" */
    0x0, 0x30, 0x81, 0x4, 0x10, 0xc1, 0x8, 0x11,
    0xe1, 0x31, 0x12, 0x9, 0xc0, 0x10, 0x3e, 0x6,
    0x30, 0x41, 0x6, 0x30, 0x3e,

    /* U+C2F6 "싶" */
    0x0, 0x61, 0x83, 0xc, 0x30, 0x83, 0x18, 0x33,
    0x43, 0x23, 0x24, 0x2, 0x80, 0x1, 0xff, 0xc,
    0x40, 0x44, 0x4, 0x43, 0xff,

    /* U+C2F8 "싸" */
    0x0, 0x30, 0x0, 0x20, 0xc4, 0x40, 0xc8, 0x81,
    0x11, 0x2, 0x62, 0xa, 0xc7, 0x95, 0x48, 0x44,
    0x51, 0x10, 0xa0, 0x20, 0x40, 0x0, 0x80, 0x1,
    0x0, 0x2, 0x0, 0x4, 0x0,

    /* U+C2F9 "싹" */
    0x3, 0x10, 0x32, 0x20, 0x44, 0x40, 0x98, 0x82,
    0xb1, 0xe8, 0x9a, 0x21, 0x14, 0x4, 0x8, 0x10,
    0x0, 0x3f, 0xe0, 0x0, 0x40, 0x0, 0x80, 0x1,
    0x0, 0x2, 0x0, 0x4, 0x0,

    /* U+C2FB "싻" */
    0x0, 0x30, 0x22, 0x20, 0x24, 0x40, 0x88, 0x83,
    0xb1, 0xe4, 0xd2, 0x11, 0x14, 0x4, 0x8, 0x10,
    0x40, 0x7c, 0x40, 0x8, 0x80, 0x13, 0x0, 0x25,
    0x0, 0x51, 0x0, 0xc0, 0x0,

    /* U+C2FC "싼" */
    0x0, 0x20, 0xcc, 0x81, 0x22, 0xc, 0x88, 0x36,
    0x21, 0x34, 0xf8, 0x9a, 0x2, 0x28, 0x10, 0x20,
    0x0, 0x81, 0x80, 0x2, 0x0, 0x8, 0x0, 0x3f,
    0xc0,

    /* U+C300 "쌀" */
    0x0, 0x60, 0xcc, 0x81, 0x32, 0xc, 0x88, 0x35,
    0x3d, 0x36, 0x88, 0x8a, 0x4, 0x8, 0x0, 0x0,
    0x7f, 0x80, 0x2, 0x7, 0xf8, 0x8, 0x0, 0x3f,
    0xc0,

    /* U+C308 "쌈" */
    0x2, 0x20, 0xcc, 0x83, 0x22, 0x8, 0x88, 0x77,
    0x3d, 0x36, 0x88, 0x8a, 0x4, 0x8, 0x20, 0x0,
    0x7f, 0x80, 0x82, 0x2, 0x8, 0x8, 0x20, 0x3f,
    0x80,

    /* U+C309 "쌉" */
    0x0, 0x30, 0x22, 0x20, 0x24, 0x40, 0x88, 0x81,
    0xb1, 0xe5, 0xda, 0x11, 0x14, 0x4, 0x8, 0x10,
    0x0, 0x18, 0x60, 0x10, 0x40, 0x3f, 0x80, 0x41,
    0x0, 0xfe, 0x1, 0x0, 0x0,

    /* U+C30C "쌌" */
    0x0, 0x30, 0x22, 0x20, 0x64, 0x40, 0x88, 0x82,
    0xb1, 0xe8, 0xd2, 0x21, 0x14, 0x4, 0x8, 0x0,
    0x60, 0x8, 0x40, 0x10, 0x80, 0x52, 0x81, 0x1c,
    0x84, 0x31, 0x80, 0x0, 0x0,

    /* U+C30D "쌍" */
    0x0, 0x30, 0x4, 0x20, 0x64, 0x40, 0x88, 0x81,
    0x21, 0x5, 0x63, 0xd3, 0x24, 0x44, 0x28, 0x10,
    0x10, 0x7, 0xc0, 0x18, 0xc0, 0x20, 0x80, 0x41,
    0x0, 0xc6, 0x0, 0xf8, 0x0,

    /* U+C313 "쌓" */
    0x0, 0x30, 0x66, 0x20, 0x44, 0x41, 0x90, 0x82,
    0xb1, 0xe9, 0x92, 0x22, 0x14, 0x8, 0x8, 0x3,
    0xc0, 0x3f, 0xf0, 0xf, 0x0, 0x23, 0x0, 0x42,
    0x0, 0x8c, 0x0, 0xf0, 0x0,

    /* U+C314 "쌔" */
    0x0, 0x18, 0x6, 0x41, 0x12, 0x64, 0x93, 0x24,
    0x93, 0x24, 0x91, 0xea, 0xc9, 0x49, 0x4c, 0x4a,
    0x44, 0x12, 0x40, 0x90, 0x4, 0x80, 0x24, 0x0,
    0x20,

    /* U+C315 "쌕" */
    0x0, 0xd9, 0x32, 0x4c, 0x92, 0x4c, 0x92, 0x47,
    0xab, 0x26, 0x25, 0x32, 0x9, 0x20, 0x48, 0x0,
    0x7, 0xfe, 0x0, 0x10, 0x0, 0x80, 0x4, 0x0,
    0x20,

    /* U+C318 "쌘" */
    0x0, 0xc8, 0x19, 0x21, 0x24, 0x84, 0x92, 0x26,
    0x48, 0xd9, 0xe5, 0xe4, 0x92, 0x52, 0x90, 0x48,
    0x81, 0x20, 0xc0, 0x81, 0x0, 0x4, 0x0, 0x1f,
    0xf0,

    /* U+C31C "쌜" */
    0x0, 0xd8, 0x99, 0x21, 0x24, 0x89, 0x92, 0x24,
    0x79, 0x59, 0x24, 0x94, 0xa4, 0x52, 0x20, 0x0,
    0x3f, 0xe0, 0x0, 0x83, 0xfe, 0x4, 0x0, 0x1f,
    0xf0,

    /* U+C324 "쌤" */
    0x0, 0xd9, 0x32, 0x4c, 0x92, 0x4c, 0x92, 0x47,
    0xab, 0x25, 0x25, 0x32, 0x29, 0x20, 0x0, 0x3f,
    0xc1, 0x2, 0x8, 0x10, 0x40, 0x83, 0xfc,

    /* U+C325 "쌥" */
    0x0, 0x68, 0x19, 0x44, 0xca, 0x24, 0x51, 0x23,
    0x96, 0x95, 0x36, 0xb1, 0x15, 0x10, 0x0, 0x30,
    0x40, 0x82, 0x7, 0xf0, 0x20, 0x81, 0xfc,

    /* U+C328 "쌨" */
    0x0, 0xd8, 0x19, 0x23, 0x24, 0x89, 0x92, 0x24,
    0x79, 0xd9, 0x24, 0x94, 0xa2, 0x52, 0x10, 0x8,
    0x90, 0xc0, 0x63, 0x1, 0xc, 0xb, 0x58, 0x46,
    0x32, 0x10, 0x40,

    /* U+C329 "쌩" */
    0x0, 0x88, 0x32, 0x44, 0x92, 0x24, 0x93, 0x27,
    0x9f, 0x25, 0x35, 0x31, 0x19, 0x10, 0x8, 0xf,
    0xc0, 0xc6, 0x4, 0x10, 0x20, 0x81, 0x8c, 0x3,
    0xc0,

    /* U+C345 "썅" */
    0x0, 0x30, 0x6, 0x20, 0x64, 0x40, 0x98, 0xf3,
    0x21, 0x5, 0xe2, 0x11, 0x37, 0xc4, 0x28, 0x10,
    0x10, 0x7, 0xc0, 0x18, 0xc0, 0x20, 0x80, 0x41,
    0x0, 0xc6, 0x0, 0xf8, 0x0,

    /* U+C368 "써" */
    0x0, 0x30, 0x1, 0x33, 0x11, 0x21, 0x22, 0x12,
    0x2f, 0x36, 0x15, 0xd1, 0x88, 0x91, 0x89, 0x10,
    0x10, 0x1, 0x0, 0x10, 0x1, 0x0, 0x10,

    /* U+C369 "썩" */
    0x0, 0x30, 0x21, 0x13, 0x11, 0x21, 0x32, 0xf3,
    0xe1, 0x4d, 0x98, 0x89, 0x10, 0x10, 0x0, 0x1f,
    0xf0, 0x1, 0x0, 0x10, 0x1, 0x0, 0x10,

    /* U+C36C "썬" */
    0x2, 0x8, 0x64, 0x21, 0x90, 0x84, 0x42, 0x12,
    0x78, 0xac, 0x24, 0x48, 0x82, 0x32, 0x90, 0x8,
    0x0, 0x20, 0xc0, 0x81, 0x0, 0x4, 0x0, 0x1f,
    0xf0,

    /* U+C370 "썰" */
    0x2, 0x10, 0x64, 0x41, 0x11, 0x4, 0xbc, 0x2b,
    0x11, 0x36, 0x48, 0x89, 0x4, 0x4, 0xf, 0xf0,
    0x1f, 0xc0, 0x1, 0x3, 0xfc, 0x4, 0x0, 0x1f,
    0xe0,

    /* U+C372 "썲" */
    0x0, 0x11, 0x31, 0x13, 0x11, 0x2f, 0x3e, 0x14,
    0xd9, 0x88, 0x91, 0x1, 0x0, 0x3, 0xff, 0x2,
    0x93, 0xe9, 0x10, 0x91, 0xcf,

    /* U+C378 "썸" */
    0x0, 0x30, 0x21, 0x11, 0x11, 0x31, 0x32, 0xf3,
    0xf1, 0x4d, 0x98, 0x89, 0x10, 0x0, 0xff, 0x4,
    0x10, 0x41, 0x4, 0x10, 0x7f,

    /* U+C379 "썹" */
    0x0, 0x31, 0x31, 0x13, 0x11, 0x2f, 0x3a, 0x14,
    0xd9, 0x88, 0x91, 0x1, 0x0, 0x20, 0xc1, 0x4,
    0x10, 0x7f, 0x4, 0x10, 0x7f,

    /* U+C37C "썼" */
    0x0, 0x30, 0x10, 0x84, 0xc4, 0x24, 0x22, 0x2f,
    0x1f, 0x9, 0x34, 0x51, 0x12, 0x10, 0x10, 0x43,
    0x1, 0x8, 0x18, 0xc0, 0xa5, 0x8, 0xcc, 0x84,
    0x20,

    /* U+C37D "썽" */
    0x0, 0x30, 0x61, 0x32, 0x13, 0x21, 0x26, 0xf5,
    0x61, 0x49, 0x18, 0x89, 0x10, 0x10, 0x3e, 0x6,
    0x30, 0x41, 0x6, 0x30, 0x3e,

    /* U+C384 "쎄" */
    0x0, 0xc, 0x1, 0x90, 0x22, 0x46, 0x49, 0x13,
    0x24, 0x48, 0x91, 0x2e, 0x4f, 0x89, 0x2d, 0x25,
    0x24, 0x98, 0x8a, 0x44, 0x9, 0x0, 0x24, 0x0,
    0x90, 0x0, 0x40,

    /* U+C388 "쎈" */
    0x0, 0x18, 0x3, 0x23, 0x24, 0x84, 0x92, 0x26,
    0x48, 0x97, 0x27, 0x44, 0x92, 0xd2, 0x91, 0x48,
    0x1, 0x20, 0xc0, 0x81, 0x0, 0x4, 0x0, 0x1f,
    0xf0,

    /* U+C38C "쎌" */
    0x0, 0xd8, 0xc9, 0x21, 0x24, 0x89, 0x92, 0x25,
    0xc9, 0xd9, 0x24, 0xb4, 0xa4, 0x52, 0x10, 0x0,
    0x3f, 0xe0, 0x0, 0x83, 0xfe, 0x4, 0x0, 0x1f,
    0xf0,

    /* U+C3C0 "쏀" */
    0x0, 0xd8, 0x99, 0x21, 0x24, 0x84, 0xf2, 0x24,
    0x48, 0x91, 0x25, 0x5c, 0xa2, 0x92, 0x11, 0x48,
    0x41, 0x20, 0xc4, 0x81, 0x0, 0x4, 0x0, 0x1f,
    0xf0,

    /* U+C3D8 "쏘" */
    0x0, 0x40, 0x8, 0x40, 0x11, 0x80, 0x42, 0x1,
    0xee, 0x6, 0x73, 0x10, 0x43, 0x1, 0x0, 0x5,
    0x0, 0x2, 0x0, 0x4, 0x7, 0xff, 0xf0,

    /* U+C3D9 "쏙" */
    0x4, 0x60, 0x11, 0x0, 0xcc, 0x4, 0xac, 0x23,
    0x8, 0x14, 0x0, 0x10, 0x3f, 0xff, 0x0, 0x0,
    0x0, 0x1, 0xfe, 0x0, 0x8, 0x0, 0x20, 0x0,
    0x80, 0x2, 0x0,

    /* U+C3DC "쏜" */
    0x4, 0x60, 0x8, 0x40, 0x11, 0x80, 0x77, 0x1,
    0x19, 0x8c, 0x40, 0x81, 0x40, 0x0, 0x80, 0x7f,
    0xfe, 0x0, 0x0, 0x60, 0x0, 0x40, 0x0, 0x80,
    0x1, 0xff, 0x0,

    /* U+C3DF "쏟" */
    0x4, 0x20, 0x8, 0x40, 0x31, 0x0, 0x95, 0xc2,
    0x30, 0xc0, 0xa0, 0x0, 0x40, 0x3f, 0xff, 0x0,
    0x0, 0x30, 0x0, 0x7f, 0xc0, 0x40, 0x0, 0x80,
    0x1, 0xfe, 0x0,

    /* U+C3E0 "쏠" */
    0x4, 0x60, 0x8, 0x60, 0x31, 0x80, 0xd7, 0x82,
    0x10, 0xc0, 0xe0, 0x0, 0x40, 0x3f, 0xff, 0x0,
    0x0, 0x3f, 0xe0, 0x0, 0x40, 0xff, 0x80, 0x80,
    0x1, 0xff, 0x0,

    /* U+C3E2 "쏢" */
    0x4, 0x40, 0x11, 0x80, 0xc4, 0x6, 0xa8, 0x21,
    0x18, 0x1c, 0x0, 0x10, 0x3f, 0xff, 0x0, 0x0,
    0x7f, 0xc0, 0x29, 0xf, 0xa4, 0x10, 0x90, 0x7b,
    0xc0,

    /* U+C3E8 "쏨" */
    0xc, 0x60, 0x11, 0x80, 0xc4, 0x4, 0xac, 0x23,
    0x8, 0x14, 0x0, 0x10, 0x3f, 0xff, 0x0, 0x0,
    0x0, 0x1, 0xfe, 0x2, 0x8, 0x8, 0x20, 0x3f,
    0x80, 0x80, 0x0,

    /* U+C3E9 "쏩" */
    0xc, 0x40, 0x8, 0xc0, 0x33, 0x0, 0x9d, 0xc6,
    0x20, 0xc0, 0xa0, 0x0, 0x40, 0x7f, 0xff, 0x0,
    0x0, 0x30, 0xc0, 0x20, 0x80, 0x7f, 0x0, 0x82,
    0x1, 0xfe, 0x2, 0x0, 0x0,

    /* U+C3ED "쏭" */
    0x4, 0x20, 0x8, 0x40, 0x31, 0x0, 0x97, 0x82,
    0x10, 0xc0, 0xe0, 0x0, 0x40, 0x7f, 0xff, 0x0,
    0x0, 0xf, 0x80, 0x31, 0x80, 0x41, 0x0, 0x82,
    0x1, 0x8c, 0x1, 0xf0, 0x0,

    /* U+C3F4 "쏴" */
    0x0, 0x30, 0x22, 0x20, 0x64, 0x40, 0x98, 0x82,
    0xb1, 0x8, 0x92, 0x23, 0x17, 0x86, 0x8, 0x14,
    0x10, 0x8, 0xe1, 0xfe, 0x40, 0x0, 0x80, 0x1,
    0x0, 0x2, 0x0, 0x4, 0x0,

    /* U+C3F5 "쏵" */
    0x2, 0x10, 0x32, 0x20, 0x44, 0x41, 0x98, 0x86,
    0xcd, 0x11, 0x8b, 0xc5, 0x4, 0x2, 0x38, 0xff,
    0x90, 0x0, 0x0, 0x7f, 0xc0, 0x0, 0x80, 0x1,
    0x0, 0x2, 0x0, 0x4, 0x0,

    /* U+C3F8 "쏸" */
    0x3, 0x10, 0x22, 0x20, 0x4c, 0x41, 0x78, 0x84,
    0x8d, 0x3, 0x83, 0xc1, 0x4, 0x2, 0x78, 0xff,
    0x10, 0x0, 0x20, 0x60, 0x0, 0x40, 0x0, 0x80,
    0x1, 0xff, 0x0,

    /* U+C408 "쐈" */
    0x13, 0x10, 0x32, 0x20, 0x48, 0x41, 0x6c, 0x8c,
    0x85, 0xe2, 0x82, 0x1, 0x4, 0x2, 0xf8, 0xfe,
    0x10, 0x0, 0xc0, 0x30, 0x80, 0x61, 0x0, 0xa5,
    0x2, 0x31, 0x8, 0x41, 0x0,

    /* U+C410 "쐐" */
    0x0, 0x18, 0x6, 0x4d, 0x92, 0x4c, 0x92, 0x44,
    0xad, 0xa6, 0x25, 0xe3, 0x9, 0x8, 0x48, 0x4e,
    0x7f, 0x92, 0x0, 0x90, 0x4, 0x80, 0x24, 0x0,
    0x20,

    /* U+C424 "쐤" */
    0x0, 0x64, 0x26, 0x48, 0x48, 0x91, 0x79, 0x24,
    0xcb, 0xc1, 0x4, 0x85, 0x9, 0x2, 0x72, 0x7f,
    0x24, 0x8, 0x60, 0x8, 0x60, 0x30, 0x80, 0x52,
    0x81, 0x18, 0x84, 0x20, 0x80,

    /* U+C42C "쐬" */
    0x0, 0x31, 0x11, 0x11, 0x11, 0x31, 0x3b, 0x14,
    0xc9, 0x88, 0x51, 0xc1, 0x4, 0x10, 0x47, 0xfe,
    0x90, 0x1, 0x0, 0x10, 0x1, 0x0, 0x10,

    /* U+C430 "쐰" */
    0x1, 0x88, 0x22, 0x20, 0x90, 0x85, 0xa2, 0x24,
    0x49, 0x38, 0x20, 0x20, 0x80, 0x9e, 0x7f, 0x88,
    0x0, 0x20, 0xc0, 0x1, 0x0, 0x4, 0x0, 0x1f,
    0xf0,

    /* U+C434 "쐴" */
    0x23, 0x10, 0x88, 0x8c, 0x84, 0x5a, 0x2c, 0x8d,
    0xe, 0x8, 0x10, 0x5f, 0xfe, 0x0, 0x0, 0xff,
    0x80, 0x4, 0x3f, 0xe0, 0x80, 0x7, 0xfc,

    /* U+C43C "쐼" */
    0x0, 0x31, 0x91, 0x11, 0x13, 0xb1, 0x44, 0xd1,
    0xc1, 0x4, 0x1f, 0xff, 0x40, 0x10, 0xff, 0x4,
    0x10, 0x41, 0x4, 0x10, 0x7f,

    /* U+C43D "쐽" */
    0x13, 0x10, 0x91, 0x13, 0x12, 0xf9, 0x44, 0x51,
    0xc1, 0x4, 0x7f, 0xf9, 0x40, 0x0, 0xc3, 0x4,
    0x10, 0x7f, 0x4, 0x10, 0x7f,

    /* U+C448 "쑈" */
    0x0, 0x40, 0xc, 0x40, 0x10, 0x80, 0x63, 0x0,
    0xee, 0x2, 0x73, 0x18, 0x43, 0x1, 0x20, 0xc,
    0x20, 0x8, 0x40, 0x10, 0x83, 0xff, 0xf0,

    /* U+C464 "쑤" */
    0xc, 0x60, 0xc, 0x40, 0x11, 0x80, 0x77, 0x1,
    0x29, 0x8c, 0x21, 0x81, 0x80, 0x0, 0x0, 0xff,
    0xfe, 0x2, 0x0, 0x4, 0x0, 0x8, 0x0, 0x10,
    0x0, 0x20, 0x0, 0x40, 0x0,

    /* U+C465 "쑥" */
    0xc, 0x60, 0x11, 0x0, 0xc4, 0x7, 0xb8, 0x21,
    0x18, 0x8, 0x0, 0x40, 0x3f, 0xff, 0x1, 0x0,
    0x4, 0x1, 0xfe, 0x0, 0x8, 0x0, 0x20, 0x0,
    0x80, 0x2, 0x0,

    /* U+C468 "쑨" */
    0x4, 0x20, 0x8, 0x40, 0x31, 0x0, 0xd5, 0x82,
    0x10, 0xc0, 0x40, 0x1, 0x0, 0x3f, 0xff, 0x1,
    0x0, 0x2, 0x0, 0x64, 0x0, 0x48, 0x0, 0x80,
    0x1, 0xff, 0x0,

    /* U+C46C "쑬" */
    0x4, 0x60, 0x8, 0x40, 0x31, 0x80, 0x9c, 0xc6,
    0x30, 0x40, 0x0, 0x1f, 0xff, 0x80, 0x80, 0x1,
    0x0, 0x3f, 0xe0, 0x0, 0x40, 0xff, 0x80, 0x80,
    0x1, 0xff, 0x0,

    /* U+C474 "쑴" */
    0xc, 0x60, 0x11, 0x80, 0xc4, 0x7, 0xa8, 0x21,
    0x18, 0x8, 0x0, 0x40, 0x3f, 0xff, 0x1, 0x0,
    0x4, 0x1, 0xfe, 0x2, 0x8, 0x8, 0x20, 0x3f,
    0x80, 0x80, 0x0,

    /* U+C475 "쑵" */
    0x4, 0x60, 0x8, 0x80, 0x3b, 0x81, 0x88, 0xc0,
    0x20, 0x0, 0x80, 0x3f, 0xff, 0x80, 0x80, 0x1,
    0x0, 0x12, 0x40, 0x20, 0x80, 0x7f, 0x0, 0x82,
    0x1, 0xfe, 0x0,

    /* U+C479 "쑹" */
    0x4, 0x20, 0x8, 0x40, 0x31, 0x0, 0xf7, 0x2,
    0x11, 0x80, 0x40, 0x1, 0x0, 0x3f, 0xff, 0x1,
    0x0, 0xf, 0x80, 0x31, 0x80, 0x41, 0x0, 0x82,
    0x1, 0x8c, 0x1, 0xf0, 0x0,

    /* U+C480 "쒀" */
    0x0, 0x18, 0x88, 0x42, 0x62, 0x22, 0x11, 0xf0,
    0x93, 0x65, 0x20, 0x20, 0x1, 0xff, 0xc8, 0x20,
    0x41, 0x3e, 0x8, 0x10, 0x40, 0x82, 0x4,

    /* U+C494 "쒔" */
    0x19, 0x88, 0x26, 0x21, 0xb0, 0x89, 0xb2, 0x44,
    0x8, 0x21, 0x27, 0xf8, 0x81, 0x3e, 0x4, 0x8,
    0x10, 0x80, 0x43, 0x1, 0x8, 0xa, 0x70, 0x45,
    0x22, 0x18, 0x40,

    /* U+C49C "쒜" */
    0x0, 0x68, 0x91, 0x44, 0x8a, 0x6c, 0x54, 0xd2,
    0xc4, 0x14, 0x40, 0xbf, 0xe5, 0x48, 0x28, 0x5f,
    0x42, 0xa, 0x10, 0x50, 0x82, 0x80, 0x14, 0x0,
    0x20,

    /* U+C4B8 "쒸" */
    0x0, 0x31, 0x31, 0x19, 0x11, 0x11, 0x2f, 0x94,
    0x45, 0x8, 0x10, 0x7, 0xff, 0x90, 0x41, 0x4,
    0x10, 0x41, 0x4, 0x10, 0x41, 0x0, 0x10,

    /* U+C4BC "쒼" */
    0x19, 0x10, 0x48, 0x86, 0x44, 0x4d, 0x24, 0x45,
    0x4, 0x8, 0x1, 0xcf, 0xf2, 0x4, 0x10, 0x20,
    0x83, 0x4, 0x8, 0x0, 0x40, 0x3, 0xfc,

    /* U+C4E9 "쓩" */
    0x4, 0x60, 0x11, 0x80, 0xc4, 0x7, 0xb8, 0x21,
    0x18, 0x8, 0x0, 0x40, 0x1f, 0xff, 0x4, 0x40,
    0x1f, 0x0, 0x44, 0x2, 0x18, 0x8, 0x60, 0x31,
    0x0, 0x78, 0x0,

    /* U+C4F0 "쓰" */
    0x4, 0x30, 0xc, 0x40, 0x10, 0x80, 0x62, 0x1,
    0x3f, 0x4, 0x31, 0x90, 0xc1, 0x2, 0x0, 0x0,
    0x0, 0x0, 0x1, 0xff, 0xf8,

    /* U+C4F1 "쓱" */
    0x8, 0x40, 0x11, 0x80, 0x8c, 0x5, 0xf8, 0x23,
    0x19, 0x10, 0x0, 0x0, 0x3f, 0xff, 0x0, 0x0,
    0x0, 0x3, 0xfe, 0x0, 0x8, 0x0, 0x20, 0x0,
    0x80, 0x2, 0x0,

    /* U+C4F4 "쓴" */
    0x4, 0x60, 0xc, 0x40, 0x11, 0x80, 0x63, 0x1,
    0x39, 0x84, 0x20, 0x81, 0x80, 0x0, 0x0, 0x7f,
    0xfe, 0x0, 0x0, 0x60, 0x0, 0x40, 0x0, 0x80,
    0x1, 0xff, 0x0,

    /* U+C4F8 "쓸" */
    0x6, 0x30, 0x8, 0x40, 0x39, 0x81, 0x8c, 0xc4,
    0x20, 0x0, 0x80, 0x1f, 0xff, 0x80, 0x0, 0x0,
    0x0, 0x3f, 0xe0, 0x0, 0x40, 0xff, 0x80, 0x80,
    0x1, 0xff, 0x0,

    /* U+C4FA "쓺" */
    0xc, 0x40, 0x8, 0xc0, 0x31, 0x0, 0xd5, 0x2,
    0x11, 0x80, 0xc0, 0x0, 0x0, 0x3f, 0xfe, 0x0,
    0x0, 0x3f, 0xe0, 0xa, 0x41, 0xf4, 0x81, 0x9,
    0x3, 0xde, 0x0,

    /* U+C4FF "쓿" */
    0x6, 0x20, 0x8, 0xc0, 0x3b, 0x81, 0x8c, 0xc0,
    0x20, 0x0, 0x0, 0x1f, 0xff, 0x80, 0x0, 0x0,
    0xf0, 0x3c, 0x0, 0xf, 0xf1, 0xf7, 0x81, 0x8,
    0x82, 0x73, 0x7, 0x1c, 0x0,

    /* U+C500 "씀" */
    0xc, 0x60, 0x11, 0x80, 0x84, 0x5, 0xa8, 0x21,
    0x19, 0x18, 0x0, 0x0, 0x3f, 0xff, 0x0, 0x0,
    0x7f, 0x80, 0x82, 0x2, 0x8, 0x8, 0x20, 0x3f,
    0x80,

    /* U+C501 "씁" */
    0xc, 0x60, 0x8, 0xc0, 0x31, 0x0, 0x95, 0x82,
    0x10, 0xc0, 0xc0, 0x0, 0x0, 0x7f, 0xff, 0x0,
    0x0, 0x30, 0xc0, 0x20, 0x80, 0x7f, 0x0, 0x82,
    0x1, 0xfe, 0x0,

    /* U+C50C "씌" */
    0x0, 0x31, 0x11, 0x11, 0x11, 0x11, 0x33, 0x12,
    0xe9, 0x44, 0x58, 0x81, 0x10, 0x10, 0xf, 0xfe,
    0x10, 0x1, 0x0, 0x10, 0x1, 0x0, 0x10,

    /* U+C510 "씐" */
    0x11, 0x88, 0x26, 0x20, 0x90, 0x86, 0xe2, 0x26,
    0x49, 0x10, 0x20, 0x80, 0x80, 0x1e, 0x7f, 0x88,
    0x0, 0x20, 0xc0, 0x1, 0x0, 0x4, 0x0, 0x1f,
    0xe0,

    /* U+C514 "씔" */
    0x0, 0x30, 0x98, 0x84, 0xc4, 0x76, 0x24, 0x4d,
    0x44, 0x8, 0x41, 0xdf, 0xf2, 0x0, 0x0, 0xff,
    0x80, 0x4, 0x3f, 0xe0, 0x80, 0x7, 0xfc,

    /* U+C51C "씜" */
    0x0, 0x11, 0x99, 0x11, 0x13, 0xb1, 0x44, 0xd0,
    0x81, 0x0, 0x7f, 0xf9, 0x0, 0x10, 0x0, 0xf,
    0xf0, 0x41, 0x4, 0x10, 0x7f,

    /* U+C528 "씨" */
    0x0, 0x30, 0x1, 0x23, 0x11, 0x11, 0x11, 0x13,
    0x31, 0x33, 0x12, 0xb1, 0x4c, 0x98, 0x45, 0x8,
    0x11, 0x1, 0x0, 0x10, 0x1, 0x0, 0x10,

    /* U+C529 "씩" */
    0x0, 0x30, 0x31, 0x19, 0x11, 0x11, 0x32, 0x12,
    0xb1, 0x44, 0xd8, 0x85, 0x10, 0x10, 0x0, 0x1f,
    0xf0, 0x1, 0x0, 0x10, 0x1, 0x0, 0x10, 0x1,

    /* U+C52C "씬" */
    0x0, 0x10, 0x64, 0x40, 0x91, 0x4, 0x44, 0x1b,
    0x10, 0x9a, 0x44, 0x45, 0x2, 0x4, 0x10, 0x10,
    0x20, 0x40, 0x40, 0x1, 0x0, 0x4, 0x0, 0x1f,
    0xe0,

    /* U+C530 "씰" */
    0x0, 0x60, 0x11, 0x4, 0xc8, 0x24, 0x43, 0x22,
    0x26, 0x92, 0x22, 0x82, 0x4, 0x0, 0x0, 0xff,
    0x0, 0x8, 0x3f, 0xc0, 0x80, 0x7, 0xfc,

    /* U+C538 "씸" */
    0x0, 0x11, 0x99, 0x19, 0x11, 0x11, 0x2b, 0x12,
    0x6d, 0x44, 0x58, 0x81, 0x10, 0x0, 0xff, 0x4,
    0x10, 0x41, 0x4, 0x10, 0x7f,

    /* U+C539 "씹" */
    0x0, 0x30, 0x31, 0x19, 0x11, 0x11, 0x13, 0x12,
    0xa9, 0x44, 0xd8, 0x85, 0x10, 0x20, 0xc1, 0x4,
    0x10, 0x7f, 0x4, 0x10, 0x7f, 0x4, 0x0,

    /* U+C53B "씻" */
    0x0, 0x30, 0x10, 0x84, 0x44, 0x22, 0x23, 0x21,
    0x15, 0x89, 0x13, 0x51, 0xa, 0x11, 0x10, 0xc,
    0x80, 0x60, 0x4, 0x80, 0x43, 0xc, 0xc,

    /* U+C53D "씽" */
    0x0, 0x30, 0x21, 0x11, 0x11, 0x31, 0x32, 0x13,
    0xf1, 0x4c, 0x98, 0x85, 0x10, 0x10, 0x3e, 0x6,
    0x30, 0x41, 0x6, 0x30, 0x3e,

    /* U+C544 "아" */
    0x0, 0x60, 0x0, 0x83, 0x82, 0x11, 0x8, 0x82,
    0x22, 0x8, 0x88, 0x23, 0xd1, 0x8, 0x38, 0x20,
    0x0, 0x80, 0x2, 0x0, 0x8, 0x0, 0x20, 0x0,
    0x80,

    /* U+C545 "악" */
    0x0, 0x60, 0xe0, 0x84, 0x42, 0x20, 0x88, 0x82,
    0x3e, 0x8, 0x84, 0x42, 0xe, 0x8, 0x0, 0x20,
    0xff, 0x80, 0x2, 0x0, 0x8, 0x0, 0x20, 0x0,
    0x80, 0x2, 0x0,

    /* U+C548 "안" */
    0x0, 0x60, 0xe0, 0x84, 0x42, 0x20, 0x88, 0x82,
    0x22, 0x8, 0xf4, 0x42, 0xe, 0x8, 0x0, 0x20,
    0x60, 0x80, 0x80, 0x2, 0x0, 0x8, 0x0, 0x3f,
    0xc0,

    /* U+C549 "앉" */
    0x0, 0x61, 0xf0, 0x8c, 0x62, 0x20, 0x88, 0x82,
    0x3f, 0x18, 0x87, 0xc2, 0x0, 0x8, 0x0, 0x1,
    0x9f, 0xc2, 0xc, 0x8, 0x30, 0x21, 0x20, 0xf8,
    0x40,

    /* U+C54A "않" */
    0x0, 0x61, 0xe0, 0x8c, 0x62, 0x20, 0x88, 0x82,
    0x3e, 0x8, 0x87, 0xc2, 0x0, 0x0, 0x1, 0xe1,
    0x9f, 0xe2, 0x1e, 0x8, 0x48, 0x22, 0x10, 0xf4,
    0x80, 0x1e, 0x0,

    /* U+C54C "알" */
    0x0, 0x21, 0xf0, 0x8c, 0x62, 0x20, 0x88, 0x82,
    0x3f, 0x18, 0x83, 0x82, 0x0, 0x0, 0x3f, 0xe0,
    0x0, 0x80, 0x2, 0xf, 0xf8, 0x10, 0x0, 0x7f,
    0x80,

    /* U+C54D "앍" */
    0x0, 0x61, 0xf0, 0x8c, 0x62, 0x20, 0x88, 0x82,
    0x3f, 0x18, 0x83, 0x82, 0x0, 0x0, 0x7d, 0xe0,
    0x10, 0x80, 0x42, 0x1f, 0x8, 0x22, 0x20, 0xf0,
    0x80,

    /* U+C54E "앎" */
    0x0, 0x61, 0xf0, 0x8c, 0x62, 0x20, 0x88, 0x82,
    0x3d, 0x10, 0x83, 0x82, 0x0, 0x0, 0x7f, 0xe0,
    0x14, 0x80, 0x52, 0x1f, 0x48, 0x21, 0x20, 0xf7,
    0x80,

    /* U+C553 "앓" */
    0x0, 0x61, 0xf0, 0x8c, 0x62, 0x20, 0x88, 0x82,
    0x3d, 0x18, 0x83, 0x82, 0x0, 0x78, 0x7c, 0x0,
    0x1f, 0xe0, 0x40, 0x1f, 0x78, 0x61, 0x11, 0xf7,
    0x80,

    /* U+C554 "암" */
    0x0, 0x60, 0xe0, 0x84, 0x42, 0x20, 0x88, 0x82,
    0x3e, 0x8, 0x84, 0x42, 0xe, 0x8, 0x0, 0x20,
    0x7f, 0x80, 0x82, 0x2, 0x8, 0x8, 0x20, 0x3f,
    0x80,

    /* U+C555 "압" */
    0x0, 0x61, 0xf0, 0x8c, 0x62, 0x20, 0x88, 0x82,
    0x3f, 0x18, 0x83, 0xc2, 0x0, 0x8, 0x0, 0x40,
    0x60, 0x80, 0x82, 0x3, 0xf8, 0x8, 0x20, 0x3f,
    0x80,

    /* U+C557 "앗" */
    0x0, 0x60, 0xe0, 0x84, 0x42, 0x20, 0x88, 0x82,
    0x3e, 0x8, 0x84, 0x42, 0xe, 0x8, 0x0, 0x20,
    0xc, 0x80, 0x30, 0x1, 0x20, 0x8, 0x60, 0xc0,
    0xc0, 0x0, 0x0,

    /* U+C558 "았" */
    0x0, 0x61, 0xf0, 0x8c, 0x62, 0x20, 0x88, 0x82,
    0x3f, 0x18, 0x87, 0xc2, 0x0, 0x8, 0x18, 0x40,
    0x21, 0x1, 0x84, 0x5, 0x28, 0x23, 0x11, 0x8,
    0x20,

    /* U+C559 "앙" */
    0x0, 0x61, 0xf0, 0x8c, 0x62, 0x20, 0x88, 0x82,
    0x3f, 0x18, 0x87, 0xc2, 0x0, 0x8, 0x7, 0xc0,
    0x31, 0x80, 0x82, 0x2, 0x8, 0xc, 0x60, 0xf,
    0x0,

    /* U+C55D "앝" */
    0x0, 0x61, 0xf0, 0x8c, 0x62, 0x20, 0x88, 0x82,
    0x3f, 0x18, 0x87, 0xc2, 0x0, 0x8, 0x30, 0x0,
    0xff, 0x81, 0x0, 0x7, 0xf8, 0x10, 0x0, 0x7f,
    0x80,

    /* U+C55E "앞" */
    0x0, 0x61, 0xf1, 0x8c, 0x66, 0x20, 0x98, 0x82,
    0x7f, 0x19, 0x87, 0xc4, 0x0, 0x10, 0x0, 0x0,
    0xff, 0x80, 0x88, 0x3, 0x20, 0x4, 0x80, 0xff,
    0xc0,

    /* U+C560 "애" */
    0x0, 0x30, 0x19, 0x0, 0x97, 0xc9, 0xc6, 0x98,
    0x29, 0x82, 0xfc, 0x69, 0x7c, 0x90, 0x9, 0x0,
    0x90, 0x9, 0x0, 0x90, 0x1, 0x0, 0x10,

    /* U+C561 "액" */
    0x1, 0x97, 0x89, 0xcc, 0x98, 0x49, 0x84, 0xf8,
    0x49, 0xc8, 0x97, 0x89, 0x0, 0x93, 0xff, 0x0,
    0x10, 0x1, 0x0, 0x10, 0x1, 0x0, 0x10,

    /* U+C564 "앤" */
    0x1, 0x90, 0x4, 0x9e, 0x25, 0x89, 0x28, 0x49,
    0x42, 0x7b, 0x12, 0x4f, 0x12, 0x0, 0x90, 0xc4,
    0x82, 0x4, 0x10, 0x0, 0x80, 0x7, 0xfc,

    /* U+C568 "앨" */
    0x1, 0x93, 0xc4, 0xb3, 0x25, 0x9, 0x28, 0x4f,
    0x66, 0x49, 0xe2, 0x40, 0x12, 0x0, 0x0, 0xff,
    0x80, 0x4, 0x3f, 0xe0, 0x80, 0x7, 0xfc,

    /* U+C570 "앰" */
    0x1, 0x97, 0x89, 0xcc, 0x98, 0x49, 0x84, 0xf8,
    0x49, 0xc8, 0x97, 0x89, 0x0, 0x90, 0xff, 0x8,
    0x10, 0x81, 0x8, 0x10, 0xff,

    /* U+C571 "앱" */
    0x1, 0x97, 0x89, 0xc4, 0x98, 0x29, 0x82, 0xfc,
    0x49, 0x78, 0x90, 0x9, 0x0, 0x0, 0xc1, 0x4,
    0x10, 0x7f, 0x4, 0x10, 0x7f,

    /* U+C573 "앳" */
    0x1, 0x13, 0xc4, 0xb3, 0x25, 0x9, 0x28, 0x4f,
    0x42, 0x4b, 0x22, 0x4f, 0x12, 0x0, 0x90, 0x18,
    0x80, 0x60, 0x7, 0x0, 0x64, 0x6, 0x18, 0x40,
    0x60,

    /* U+C574 "앴" */
    0x1, 0x93, 0xc4, 0xb3, 0x25, 0x9, 0x28, 0x4f,
    0x42, 0x4b, 0x22, 0x4f, 0x12, 0x0, 0x10, 0x43,
    0x2, 0x18, 0x10, 0x81, 0x4e, 0x11, 0x4d, 0xc,
    0x20,

    /* U+C575 "앵" */
    0x1, 0x97, 0x89, 0x44, 0x98, 0x49, 0x84, 0xf8,
    0x49, 0x44, 0x93, 0x89, 0x0, 0x10, 0x3f, 0x6,
    0x30, 0x41, 0x6, 0x30, 0x3e,

    /* U+C57C "야" */
    0x0, 0x60, 0x0, 0x80, 0x2, 0x1f, 0x8, 0x82,
    0x3e, 0x8, 0x88, 0x22, 0x31, 0x88, 0x7c, 0x38,
    0x0, 0x80, 0x2, 0x0, 0x8, 0x0, 0x20, 0x0,
    0x80, 0x2, 0x0,

    /* U+C57D "약" */
    0x0, 0x60, 0x0, 0x87, 0xc2, 0x20, 0x8f, 0x82,
    0x22, 0x8, 0x8c, 0x63, 0xdf, 0x8, 0x0, 0x20,
    0xff, 0x80, 0x2, 0x0, 0x8, 0x0, 0x20, 0x0,
    0x80, 0x2, 0x0,

    /* U+C580 "얀" */
    0x0, 0x60, 0x0, 0x87, 0xc2, 0x20, 0x8f, 0x82,
    0x22, 0x8, 0x8c, 0x62, 0xdf, 0xc, 0x0, 0x20,
    0x60, 0x80, 0x80, 0x2, 0x0, 0x8, 0x0, 0x3f,
    0xc0,

    /* U+C584 "얄" */
    0x0, 0x61, 0xf0, 0x88, 0x23, 0xe0, 0x88, 0x82,
    0x23, 0x18, 0xf3, 0x82, 0x0, 0x0, 0x3f, 0xe0,
    0x0, 0x80, 0x2, 0xf, 0xf8, 0x10, 0x0, 0x7f,
    0x80,

    /* U+C587 "얇" */
    0x0, 0x61, 0xf0, 0x88, 0x23, 0xe0, 0x88, 0x82,
    0x23, 0x18, 0xf7, 0xc2, 0x0, 0x0, 0x7f, 0x20,
    0x14, 0x80, 0x5e, 0x1f, 0x48, 0x23, 0x20, 0xf7,
    0xc0,

    /* U+C58C "얌" */
    0x0, 0x61, 0xf0, 0x88, 0x23, 0xe0, 0x88, 0x82,
    0x23, 0x18, 0xf7, 0xc2, 0x0, 0x8, 0x0, 0x0,
    0x7f, 0x80, 0x82, 0x2, 0x8, 0x8, 0x20, 0x3f,
    0x80,

    /* U+C58D "얍" */
    0x0, 0x61, 0xf0, 0x88, 0x23, 0xe0, 0x88, 0x82,
    0x23, 0x18, 0xf7, 0xc2, 0x0, 0x10, 0x18, 0x20,
    0x20, 0x80, 0xfe, 0x2, 0x8, 0x8, 0x20, 0x3f,
    0x80,

    /* U+C58F "얏" */
    0x0, 0x60, 0x0, 0x87, 0xc2, 0x20, 0x8f, 0x82,
    0x22, 0x8, 0x8c, 0x63, 0xdf, 0x8, 0x0, 0x20,
    0xc, 0x80, 0x30, 0x1, 0x20, 0x8, 0x60, 0xc0,
    0xc0,

    /* U+C591 "양" */
    0x0, 0x61, 0xe0, 0x8c, 0x42, 0x20, 0x8f, 0x82,
    0x22, 0x18, 0x84, 0x43, 0xce, 0x8, 0x7, 0xc0,
    0x31, 0x80, 0x82, 0x2, 0x8, 0xc, 0x60, 0xf,
    0x0,

    /* U+C595 "얕" */
    0x0, 0x61, 0xf0, 0x88, 0x23, 0xe0, 0x88, 0x82,
    0x23, 0x18, 0xf7, 0xc2, 0x0, 0x8, 0x30, 0x0,
    0xff, 0x81, 0x0, 0x7, 0xf8, 0x10, 0x0, 0x7f,
    0x80,

    /* U+C597 "얗" */
    0x0, 0x61, 0xf0, 0x88, 0x23, 0xe0, 0x88, 0x82,
    0x21, 0x10, 0xf3, 0x82, 0x1, 0xe0, 0x0, 0x0,
    0xff, 0xc0, 0x78, 0x3, 0x30, 0x8, 0x40, 0x23,
    0x0, 0x78, 0x0,

    /* U+C598 "얘" */
    0x0, 0x30, 0x9, 0x0, 0x97, 0xc9, 0x82, 0xf8,
    0x29, 0x82, 0x9c, 0x6f, 0x7c, 0x90, 0x9, 0x0,
    0x90, 0x9, 0x0, 0x90, 0x1, 0x0, 0x10,

    /* U+C59C "얜" */
    0x1, 0x91, 0x84, 0x93, 0x25, 0x9, 0xe8, 0x49,
    0x42, 0x4b, 0x33, 0xcf, 0x12, 0x0, 0x90, 0xc4,
    0x82, 0x4, 0x10, 0x0, 0x80, 0x7, 0xfc,

    /* U+C5A0 "얠" */
    0x1, 0x93, 0xc4, 0xa1, 0x3d, 0x9, 0x28, 0x49,
    0x66, 0x79, 0xe2, 0x40, 0x12, 0x0, 0x0, 0xff,
    0x80, 0x4, 0x3f, 0xe0, 0x80, 0x7, 0xfc,

    /* U+C5A9 "얩" */
    0x1, 0x97, 0x89, 0x84, 0xf8, 0x29, 0x82, 0x9c,
    0x4f, 0x78, 0x90, 0x9, 0x0, 0x20, 0xc1, 0x4,
    0x10, 0x7f, 0x4, 0x10, 0x7f, 0x4, 0x0,

    /* U+C5B4 "어" */
    0x0, 0x30, 0x1, 0x38, 0x14, 0x41, 0x82, 0x18,
    0x3f, 0x82, 0x14, 0x61, 0x3c, 0x10, 0x1, 0x0,
    0x10, 0x1, 0x0, 0x10, 0x1,

    /* U+C5B5 "억" */
    0x0, 0x67, 0x5, 0x10, 0xc1, 0x18, 0x3f, 0x4,
    0x51, 0x89, 0xe1, 0x0, 0x27, 0xfc, 0x0, 0x80,
    0x10, 0x2, 0x0, 0x40, 0x8,

    /* U+C5B8 "언" */
    0x0, 0x63, 0x82, 0x44, 0x28, 0x22, 0x83, 0xe8,
    0x22, 0x44, 0x23, 0x82, 0x0, 0x21, 0x82, 0x8,
    0x0, 0x80, 0x8, 0x0, 0xff,

    /* U+C5B9 "얹" */
    0x0, 0x63, 0x82, 0x44, 0x28, 0x22, 0x83, 0xe8,
    0x22, 0x46, 0x23, 0xc2, 0x0, 0x6, 0x3f, 0x20,
    0x82, 0xc, 0x21, 0x23, 0xe1,

    /* U+C5BB "얻" */
    0x0, 0x63, 0x82, 0x44, 0x28, 0x22, 0x83, 0xe8,
    0x22, 0x46, 0x23, 0x82, 0x0, 0x1, 0xfe, 0x8,
    0x0, 0x80, 0x8, 0x0, 0xff,

    /* U+C5BC "얼" */
    0x0, 0x23, 0xe1, 0x31, 0x89, 0x7, 0xc8, 0x22,
    0x23, 0x10, 0xe0, 0x80, 0x0, 0x1f, 0xe0, 0x1,
    0x0, 0x8, 0x3f, 0xc0, 0x80, 0x7, 0xf8,

    /* U+C5BD "얽" */
    0x0, 0x6f, 0x7, 0x10, 0xc1, 0xf8, 0x62, 0x88,
    0x4c, 0x8, 0x0, 0x7d, 0xe0, 0x84, 0x10, 0xbe,
    0x12, 0x12, 0x7c, 0x40,

    /* U+C5BE "얾" */
    0x0, 0x6f, 0x87, 0x18, 0xc1, 0xf8, 0x23, 0x88,
    0x5e, 0x8, 0x1, 0x0, 0xf, 0xfc, 0x14, 0xbe,
    0x92, 0x12, 0x7b, 0xc0,

    /* U+C5C4 "엄" */
    0x0, 0x27, 0x5, 0x10, 0xc1, 0x18, 0x3f, 0x4,
    0x51, 0x89, 0xe1, 0x0, 0x23, 0xfc, 0x20, 0x84,
    0x10, 0x82, 0x1f, 0xc0,

    /* U+C5C5 "업" */
    0x0, 0x6f, 0x7, 0x18, 0xc1, 0xf8, 0x23, 0x88,
    0x5e, 0x8, 0x2, 0x18, 0x21, 0x4, 0x3f, 0x84,
    0x10, 0x82, 0x1f, 0xc0,

    /* U+C5C6 "없" */
    0x0, 0x67, 0xc2, 0xc6, 0x28, 0x3e, 0x82, 0x2c,
    0x62, 0x7c, 0x20, 0x2, 0x4, 0x6, 0x26, 0x22,
    0x43, 0xe4, 0x22, 0xa3, 0xe9, 0x1, 0x10,

    /* U+C5C7 "엇" */
    0x0, 0x23, 0x82, 0x44, 0x28, 0x22, 0x83, 0xe8,
    0x22, 0x46, 0x23, 0xc2, 0x0, 0x20, 0x12, 0x3,
    0x0, 0x68, 0x8, 0x63, 0x3,

    /* U+C5C8 "었" */
    0x0, 0x67, 0xc2, 0xc6, 0x28, 0x3e, 0x82, 0x2c,
    0x62, 0x7c, 0x20, 0x2, 0x0, 0xc0, 0xc4, 0x8,
    0x41, 0x4a, 0x23, 0x34, 0x21, 0x0, 0x0,

    /* U+C5C9 "엉" */
    0x0, 0x2f, 0x7, 0x30, 0xc2, 0x18, 0x7f, 0x8,
    0x53, 0x9, 0xc1, 0x0, 0x20, 0xf8, 0x31, 0x84,
    0x10, 0xc6, 0xf, 0x80,

    /* U+C5CA "엊" */
    0x0, 0x67, 0xc2, 0xc6, 0x28, 0x3e, 0x82, 0x2c,
    0x62, 0x7c, 0x20, 0x2, 0x0, 0x3, 0xff, 0x1,
    0x0, 0x30, 0x4, 0xe1, 0x83, 0x20, 0x0,

    /* U+C5CC "엌" */
    0x0, 0x6f, 0x87, 0x18, 0xc1, 0xf8, 0x23, 0x8c,
    0x5f, 0x8, 0x1, 0x0, 0x3, 0xfc, 0x0, 0x80,
    0x33, 0xfa, 0x0, 0x40, 0x8,

    /* U+C5CE "엎" */
    0x0, 0x37, 0xc3, 0xc6, 0x38, 0x3f, 0x82, 0x3c,
    0x63, 0x3c, 0x30, 0x2, 0x0, 0x1, 0xff, 0xc,
    0x40, 0x44, 0x4, 0x43, 0xff,

    /* U+C5D0 "에" */
    0x1, 0xd0, 0x5, 0x78, 0x5c, 0xc5, 0x84, 0x58,
    0x7d, 0x84, 0x5c, 0xc5, 0x78, 0x50, 0x5, 0x0,
    0x50, 0x5, 0x0, 0x50, 0x1, 0x0, 0x10,

    /* U+C5D1 "엑" */
    0x1, 0x17, 0x89, 0xcc, 0x98, 0x49, 0x87, 0x98,
    0x49, 0xcc, 0x97, 0x89, 0x0, 0x91, 0xff, 0x0,
    0x10, 0x1, 0x0, 0x10, 0x1, 0x0, 0x10,

    /* U+C5D4 "엔" */
    0x1, 0x90, 0x4, 0x9e, 0x25, 0x99, 0x28, 0x79,
    0x42, 0x4b, 0x32, 0x4f, 0x12, 0x0, 0x90, 0xc4,
    0x82, 0x4, 0x10, 0x0, 0x80, 0x7, 0xfc,

    /* U+C5D8 "엘" */
    0x1, 0x93, 0xc4, 0xb2, 0x25, 0x9, 0x28, 0x79,
    0x66, 0x49, 0xe2, 0x40, 0x12, 0x0, 0x0, 0xff,
    0x80, 0x4, 0x3f, 0xe0, 0x80, 0x7, 0xfc,

    /* U+C5E0 "엠" */
    0x1, 0x17, 0x89, 0xcc, 0x98, 0x49, 0x87, 0x98,
    0x49, 0xcc, 0x97, 0x89, 0x0, 0x90, 0xff, 0xc,
    0x10, 0xc1, 0xc, 0x10, 0x7f,

    /* U+C5E1 "엡" */
    0x1, 0x97, 0x89, 0xcc, 0x98, 0x49, 0x87, 0x9c,
    0xc9, 0x78, 0x90, 0x9, 0x0, 0x0, 0xc1, 0x4,
    0x10, 0x7f, 0x4, 0x10, 0x7f,

    /* U+C5E3 "엣" */
    0x1, 0x93, 0xc4, 0xb3, 0x25, 0x9, 0x28, 0x79,
    0x42, 0x4b, 0x32, 0x4f, 0x12, 0x0, 0x90, 0x8,
    0x80, 0x40, 0x7, 0x0, 0x64, 0x4, 0x18, 0x40,
    0x20,

    /* U+C5E5 "엥" */
    0x1, 0x90, 0x9, 0x78, 0x9c, 0xc9, 0x87, 0x98,
    0x49, 0xcc, 0x97, 0x89, 0x0, 0x10, 0x3e, 0x6,
    0x30, 0x41, 0x4, 0x10, 0x63, 0x3, 0xe0,

    /* U+C5EC "여" */
    0x0, 0x30, 0x1, 0x38, 0x14, 0x5f, 0x82, 0x18,
    0x21, 0x82, 0x14, 0x5f, 0x38, 0x10, 0x1, 0x0,
    0x10, 0x1, 0x0, 0x10, 0x1,

    /* U+C5ED "역" */
    0x0, 0x67, 0x5, 0x17, 0xc1, 0x18, 0x23, 0x4,
    0x51, 0x79, 0xc1, 0x0, 0x27, 0xfc, 0x0, 0x80,
    0x10, 0x2, 0x0, 0x40, 0x8,

    /* U+C5EE "엮" */
    0x0, 0x67, 0x5, 0x17, 0xc1, 0x18, 0x23, 0x4,
    0x51, 0x79, 0xc1, 0x0, 0x2f, 0xbc, 0x10, 0x82,
    0x10, 0x42, 0x8, 0x41, 0x8,

    /* U+C5F0 "연" */
    0x0, 0x61, 0xc1, 0x11, 0x79, 0x4, 0x48, 0x22,
    0x41, 0x11, 0x17, 0x87, 0x4, 0x0, 0x20, 0xc1,
    0x2, 0x0, 0x10, 0x0, 0x80, 0x7, 0xf8,

    /* U+C5F4 "열" */
    0x0, 0x61, 0xc1, 0x31, 0xf9, 0x4, 0x48, 0x22,
    0x43, 0xf0, 0xf0, 0x80, 0x0, 0x1f, 0xe0, 0x1,
    0x0, 0x8, 0x3f, 0xc0, 0x80, 0x7, 0xf8,

    /* U+C5F6 "엶" */
    0x0, 0x67, 0x7, 0x17, 0xc1, 0x18, 0x23, 0x8f,
    0xce, 0x8, 0x0, 0x7f, 0xe0, 0xa4, 0x14, 0xbe,
    0x92, 0x12, 0x7b, 0xc0,

    /* U+C5F7 "엷" */
    0x0, 0x67, 0x7, 0x17, 0xc1, 0x18, 0x23, 0x8f,
    0xde, 0x8, 0x0, 0x7f, 0x20, 0xa4, 0x17, 0xbe,
    0x92, 0x12, 0x7b, 0xc0,

    /* U+C5FC "염" */
    0x0, 0x67, 0x5, 0x17, 0xc1, 0x18, 0x23, 0x4,
    0x51, 0x79, 0xc1, 0x0, 0x23, 0xfc, 0x20, 0x84,
    0x10, 0x82, 0x1f, 0xc0,

    /* U+C5FD "엽" */
    0x0, 0x67, 0x7, 0x17, 0xc1, 0x18, 0x23, 0x8b,
    0xde, 0x8, 0x1, 0x0, 0x43, 0x4, 0x20, 0x87,
    0xf0, 0x82, 0x1f, 0xc0,

    /* U+C5FE "엾" */
    0x0, 0x63, 0x82, 0x47, 0xe8, 0x22, 0x82, 0x2c,
    0x7e, 0x7c, 0x20, 0x2, 0x4, 0x6, 0x26, 0x22,
    0x63, 0xe4, 0x22, 0xa3, 0xe9, 0x1, 0x10,

    /* U+C5FF "엿" */
    0x0, 0x63, 0x82, 0x45, 0xe8, 0x22, 0x82, 0x28,
    0x22, 0x45, 0xe3, 0x82, 0x0, 0x20, 0x12, 0x3,
    0x0, 0x68, 0x8, 0x63, 0x3,

    /* U+C600 "였" */
    0x0, 0x63, 0x82, 0x45, 0xe8, 0x22, 0x82, 0x2c,
    0x7e, 0x7c, 0x20, 0x2, 0x18, 0x40, 0xc4, 0x8,
    0x41, 0x6a, 0x23, 0x14, 0x21, 0x0, 0x0,

    /* U+C601 "영" */
    0x0, 0x67, 0x5, 0x17, 0xc2, 0x18, 0x63, 0x8,
    0x73, 0xfb, 0xc1, 0x0, 0x20, 0xfc, 0x31, 0x84,
    0x10, 0xc6, 0xf, 0x80,

    /* U+C605 "옅" */
    0x0, 0x63, 0x82, 0x45, 0xe8, 0x22, 0x82, 0x28,
    0x22, 0x45, 0xe3, 0x82, 0x10, 0x1, 0xfe, 0x8,
    0x0, 0xfe, 0x8, 0x0, 0xff,

    /* U+C606 "옆" */
    0x0, 0x33, 0x83, 0x45, 0xf8, 0x23, 0x82, 0x38,
    0x23, 0x45, 0xf3, 0x82, 0x0, 0x1, 0xff, 0xc,
    0x40, 0x44, 0x4, 0x43, 0xff,

    /* U+C607 "옇" */
    0x0, 0x63, 0x82, 0xc5, 0xe8, 0x42, 0x84, 0x2c,
    0x5e, 0x78, 0x20, 0x2, 0x7, 0x83, 0xff, 0x7,
    0x80, 0xc4, 0x8, 0x40, 0x84, 0x7, 0x80,

    /* U+C608 "예" */
    0x0, 0x10, 0xd, 0x0, 0x57, 0xc5, 0xc7, 0xd8,
    0x25, 0x82, 0x5c, 0x7d, 0x38, 0x50, 0x5, 0x0,
    0x50, 0x5, 0x0, 0x50, 0x1, 0x0, 0x10,

    /* U+C60C "옌" */
    0x0, 0x30, 0xc, 0x9e, 0x25, 0xf, 0x28, 0x49,
    0x42, 0x4b, 0x3e, 0x4f, 0x12, 0x0, 0x90, 0xc4,
    0x82, 0x4, 0x10, 0x0, 0x80, 0x7, 0xfc,

    /* U+C610 "옐" */
    0x1, 0x93, 0xc4, 0xa3, 0xe5, 0x9, 0x28, 0x49,
    0x67, 0xc9, 0xc2, 0x40, 0x12, 0x0, 0x0, 0xff,
    0x80, 0x4, 0x3f, 0xe0, 0x80, 0x7, 0xfc,

    /* U+C618 "옘" */
    0x1, 0x97, 0x89, 0x8f, 0x98, 0x49, 0x84, 0x98,
    0x49, 0x4f, 0x97, 0x89, 0x0, 0x90, 0xff, 0x8,
    0x10, 0x81, 0x8, 0x10, 0x7f,

    /* U+C619 "옙" */
    0x0, 0x97, 0x89, 0xc7, 0x98, 0x49, 0x84, 0x9c,
    0x79, 0x78, 0x90, 0x9, 0x0, 0x0, 0xc1, 0x4,
    0x10, 0x7f, 0x4, 0x10, 0x7f, 0x4, 0x0,

    /* U+C61B "옛" */
    0x0, 0x30, 0xc, 0x9e, 0x25, 0xf, 0x28, 0x49,
    0x42, 0x4b, 0x3e, 0x4f, 0x12, 0x0, 0x90, 0x8,
    0x80, 0x40, 0x7, 0x0, 0x64, 0x4, 0x18, 0xc0,
    0x20,

    /* U+C61C "옜" */
    0x1, 0x93, 0xc4, 0xa1, 0xe5, 0x9, 0x28, 0x49,
    0x67, 0xc9, 0xe2, 0x40, 0x12, 0x8, 0x60, 0x63,
    0x2, 0x10, 0x2d, 0x43, 0x39, 0xa1, 0x4,

    /* U+C624 "오" */
    0x7, 0x80, 0x21, 0x1, 0x2, 0x4, 0x8, 0x10,
    0x20, 0x21, 0x0, 0x78, 0x0, 0x40, 0x1, 0x0,
    0x4, 0xf, 0xff, 0xc0,

    /* U+C625 "옥" */
    0x7, 0xc0, 0x18, 0xc0, 0x20, 0x80, 0x41, 0x0,
    0x7c, 0x0, 0x20, 0x0, 0x40, 0x3f, 0xff, 0x0,
    0x0, 0x0, 0x0, 0x7f, 0xc0, 0x1, 0x0, 0x2,
    0x0, 0x4, 0x0, 0x8, 0x0,

    /* U+C628 "온" */
    0x7, 0x80, 0x18, 0xc0, 0x20, 0x80, 0x41, 0x0,
    0x82, 0x0, 0xf8, 0x0, 0x40, 0x0, 0x80, 0x7f,
    0xfe, 0x0, 0x0, 0x60, 0x0, 0x40, 0x0, 0x80,
    0x1, 0xfe, 0x0,

    /* U+C62C "올" */
    0x7, 0xc0, 0x18, 0xc0, 0x20, 0x80, 0x41, 0x0,
    0x6c, 0x0, 0x20, 0x0, 0x40, 0x3f, 0xff, 0x0,
    0x0, 0x3f, 0xe0, 0x0, 0x80, 0xff, 0x80, 0x80,
    0x1, 0xff, 0x0,

    /* U+C62D "옭" */
    0x7, 0xc0, 0x18, 0xc0, 0x20, 0x80, 0x41, 0x0,
    0x6c, 0x0, 0x20, 0x0, 0x40, 0x7f, 0xff, 0x0,
    0x0, 0x3d, 0xe0, 0x8, 0x41, 0xf0, 0x81, 0x1,
    0x2, 0x12, 0x7, 0xc4, 0x0,

    /* U+C62E "옮" */
    0x7, 0xc0, 0x18, 0xc0, 0x20, 0x80, 0x41, 0x0,
    0x6c, 0x0, 0x20, 0x0, 0x40, 0x7f, 0xff, 0x0,
    0x0, 0x7f, 0xe0, 0xa, 0x41, 0xf4, 0x81, 0x9,
    0x3, 0xde, 0x0,

    /* U+C630 "옰" */
    0x7, 0xc0, 0x18, 0xc0, 0x20, 0x80, 0x41, 0x0,
    0x6c, 0x0, 0x20, 0x0, 0x40, 0x7f, 0xff, 0x0,
    0x0, 0x7c, 0x40, 0x8, 0x81, 0xf3, 0x1, 0x9,
    0x3, 0xe1, 0x0, 0x2, 0x0,

    /* U+C633 "옳" */
    0x7, 0xc0, 0x18, 0x40, 0x20, 0x80, 0x37, 0x0,
    0x10, 0x0, 0x20, 0x1f, 0xff, 0x80, 0x0, 0x0,
    0xf0, 0x3c, 0x0, 0xf, 0xf1, 0xf7, 0x81, 0x9,
    0x83, 0xd3, 0x0, 0x1c, 0x0,

    /* U+C634 "옴" */
    0x7, 0xc0, 0x18, 0xc0, 0x20, 0x80, 0x41, 0x0,
    0x6c, 0x0, 0x20, 0x0, 0x40, 0x3f, 0xff, 0x0,
    0x0, 0x0, 0x0, 0x3f, 0xc0, 0x41, 0x0, 0x82,
    0x1, 0xfc, 0x0,

    /* U+C635 "옵" */
    0x7, 0xc0, 0x18, 0xc0, 0x20, 0x80, 0x41, 0x0,
    0x6c, 0x0, 0x20, 0x0, 0x40, 0x3f, 0xff, 0x0,
    0x0, 0x30, 0x40, 0x20, 0x80, 0x7f, 0x0, 0x82,
    0x1, 0xfe, 0x2, 0x0, 0x0,

    /* U+C637 "옷" */
    0x7, 0xc0, 0x18, 0xc0, 0x20, 0x80, 0x41, 0x0,
    0x6c, 0x0, 0x20, 0x0, 0x40, 0x3f, 0xff, 0x0,
    0x0, 0x2, 0x0, 0x4, 0x0, 0x14, 0x0, 0x47,
    0x3, 0x3, 0x8, 0x0, 0x0,

    /* U+C639 "옹" */
    0x7, 0xc0, 0x18, 0xc0, 0x20, 0x80, 0x41, 0x0,
    0x44, 0x0, 0x70, 0x0, 0x40, 0x7f, 0xff, 0x0,
    0x0, 0xf, 0x80, 0x31, 0x80, 0x41, 0x0, 0x82,
    0x1, 0x8c, 0x1, 0xf0, 0x0,

    /* U+C63B "옻" */
    0x7, 0xc0, 0x18, 0xc0, 0x20, 0x80, 0x36, 0x0,
    0x10, 0x0, 0x20, 0x1f, 0xff, 0x80, 0x0, 0x3,
    0xc0, 0x0, 0x0, 0x7f, 0xe0, 0x8, 0x0, 0x28,
    0x1, 0x8e, 0xc, 0x0, 0x0,

    /* U+C640 "와" */
    0x0, 0x20, 0x70, 0x82, 0x22, 0x10, 0x48, 0x41,
    0x21, 0x4, 0x82, 0x23, 0xc3, 0x8, 0x8, 0x20,
    0x23, 0x8f, 0xd2, 0x0, 0x8, 0x0, 0x20, 0x0,
    0x80, 0x2, 0x0,

    /* U+C641 "왁" */
    0x1e, 0x10, 0x63, 0x20, 0x82, 0x41, 0x4, 0x81,
    0x11, 0xe1, 0xc2, 0x1, 0x4, 0x3, 0xf8, 0x78,
    0x10, 0x0, 0x0, 0x7f, 0xc0, 0x0, 0x80, 0x1,
    0x0, 0x2, 0x0, 0x4, 0x0,

    /* U+C644 "완" */
    0x0, 0x30, 0x3e, 0x20, 0xc6, 0x41, 0x4, 0x83,
    0x19, 0x3, 0xe3, 0xc1, 0x4, 0x2, 0x78, 0x7f,
    0x10, 0x0, 0x20, 0x30, 0x0, 0x20, 0x0, 0x40,
    0x0, 0xff, 0x80,

    /* U+C648 "왈" */
    0x0, 0x30, 0x3c, 0x20, 0x84, 0x41, 0x8, 0x83,
    0x31, 0x3, 0xc3, 0xc2, 0x4, 0x6f, 0xf8, 0x20,
    0x0, 0x3f, 0xe0, 0x0, 0x40, 0xff, 0x80, 0x80,
    0x1, 0xff, 0x0,

    /* U+C650 "왐" */
    0xe, 0x10, 0x62, 0x20, 0x82, 0x41, 0x4, 0x82,
    0x9, 0x3, 0xe3, 0xc1, 0x4, 0x2, 0x18, 0x7f,
    0xd0, 0x0, 0x0, 0x3f, 0xc0, 0x20, 0x80, 0x41,
    0x0, 0xfe, 0x0,

    /* U+C651 "왑" */
    0x1f, 0x10, 0x63, 0x20, 0x82, 0x41, 0x4, 0x81,
    0xf1, 0xe0, 0x82, 0x1, 0x1c, 0x3f, 0xc8, 0x0,
    0x0, 0x18, 0x20, 0x10, 0x40, 0x3f, 0x80, 0x41,
    0x0, 0xfe, 0x1, 0x0, 0x0,

    /* U+C653 "왓" */
    0x1e, 0x10, 0x62, 0x20, 0x82, 0x41, 0x4, 0x82,
    0x9, 0x3, 0xe3, 0xc1, 0x4, 0x2, 0x8, 0x7f,
    0xf0, 0x2, 0x20, 0x2, 0x40, 0xc, 0x0, 0x14,
    0x0, 0xc6, 0x2, 0x6, 0x0,

    /* U+C654 "왔" */
    0x1f, 0x10, 0x63, 0x20, 0x82, 0x41, 0x4, 0x81,
    0x11, 0xe1, 0xc2, 0x1, 0x4, 0x2, 0xf8, 0x7f,
    0x10, 0x0, 0xc0, 0x10, 0x80, 0x21, 0x0, 0xa5,
    0x2, 0x31, 0x8, 0x41, 0x0,

    /* U+C655 "왕" */
    0x1e, 0x10, 0x62, 0x20, 0x82, 0x41, 0x4, 0x82,
    0x9, 0x3, 0x63, 0xc1, 0x4, 0x2, 0x78, 0x73,
    0x10, 0x3, 0xc0, 0x8, 0xc0, 0x30, 0x80, 0x61,
    0x0, 0x46, 0x0, 0x78, 0x0,

    /* U+C65C "왜" */
    0x0, 0x18, 0x6, 0x4f, 0x12, 0xc4, 0x94, 0x34,
    0xa1, 0xa4, 0x89, 0xe3, 0x89, 0x8, 0x48, 0x4e,
    0x7f, 0x92, 0x0, 0x90, 0x4, 0x80, 0x24, 0x0,
    0x20,

    /* U+C65D "왝" */
    0x1, 0xc9, 0xe2, 0x59, 0x92, 0x84, 0x94, 0x24,
    0x93, 0x3c, 0x71, 0x21, 0x9, 0xff, 0xc8, 0x0,
    0x7, 0xfe, 0x0, 0x10, 0x0, 0x80, 0x4, 0x0,
    0x20, 0x1,

    /* U+C660 "왠" */
    0x0, 0xc8, 0xf1, 0x26, 0x64, 0x90, 0x92, 0x42,
    0x48, 0xf1, 0xe0, 0x84, 0x82, 0x32, 0xff, 0x48,
    0x1, 0x20, 0xc0, 0x81, 0x0, 0x4, 0x0, 0x1f,
    0xe0,

    /* U+C66C "왬" */
    0x1, 0xd3, 0xc5, 0x66, 0x54, 0x25, 0x42, 0x52,
    0x67, 0x1c, 0x50, 0x85, 0xff, 0xd0, 0x0, 0x7,
    0xf0, 0x41, 0x4, 0x10, 0x7f, 0x4, 0x0,

    /* U+C66F "왯" */
    0x1, 0xc8, 0xf1, 0x26, 0x64, 0x90, 0x92, 0x42,
    0x48, 0x99, 0xe1, 0xc4, 0x82, 0x12, 0x1f, 0xcb,
    0x84, 0x20, 0xc, 0x80, 0x70, 0x3, 0x20, 0x18,
    0x60, 0x80, 0xc0,

    /* U+C671 "왱" */
    0x0, 0xe8, 0xf1, 0x4c, 0xca, 0x42, 0x52, 0x12,
    0x89, 0x9c, 0x38, 0xa0, 0x85, 0x7f, 0xe8, 0x7,
    0xc0, 0x46, 0x4, 0x10, 0x20, 0x80, 0x8c, 0x3,
    0xc0,

    /* U+C678 "외" */
    0x0, 0x10, 0xe1, 0x31, 0x12, 0x9, 0x20, 0x92,
    0x9, 0x1b, 0x10, 0x41, 0x4, 0x10, 0x47, 0x7f,
    0x90, 0x1, 0x0, 0x10, 0x1, 0x0, 0x10,

    /* U+C679 "왹" */
    0x0, 0x31, 0xf1, 0x31, 0x92, 0x9, 0x20, 0x91,
    0xf1, 0x4, 0x10, 0x47, 0xff, 0x90, 0x0, 0x1f,
    0xf0, 0x1, 0x0, 0x10, 0x1, 0x0, 0x10,

    /* U+C67C "왼" */
    0x0, 0x30, 0x7c, 0x43, 0x19, 0x8, 0x24, 0x20,
    0x90, 0x7c, 0x40, 0x41, 0x1, 0x1c, 0xfe, 0x90,
    0x0, 0x40, 0xc0, 0x1, 0x0, 0x4, 0x0, 0x1f,
    0xf0,

    /* U+C680 "욀" */
    0x1f, 0x11, 0x8c, 0x88, 0x24, 0x41, 0x21, 0x91,
    0x7, 0x8, 0x30, 0x5f, 0xfe, 0x0, 0x0, 0xff,
    0x80, 0x4, 0x3f, 0xe0, 0x80, 0x7, 0xfc,

    /* U+C688 "욈" */
    0x0, 0x31, 0xf1, 0x31, 0x92, 0x9, 0x20, 0x91,
    0xf1, 0x4, 0x10, 0x47, 0xff, 0x90, 0x0, 0xf,
    0xf0, 0x41, 0x4, 0x10, 0x7f,

    /* U+C689 "욉" */
    0x1f, 0x13, 0x19, 0x20, 0x92, 0x9, 0x1f, 0x10,
    0x41, 0x4, 0x7f, 0xf9, 0x40, 0x0, 0xc1, 0x4,
    0x10, 0x7f, 0x4, 0x10, 0x7f, 0x4, 0x0,

    /* U+C68B "욋" */
    0x0, 0x30, 0xf8, 0x8c, 0x64, 0x41, 0x22, 0x9,
    0xf, 0x88, 0x10, 0x40, 0x8e, 0xff, 0x90, 0x8,
    0x80, 0x24, 0x3, 0x0, 0x34, 0x3, 0x18, 0x20,
    0x40,

    /* U+C68D "욍" */
    0x1f, 0x13, 0x19, 0x20, 0x92, 0x9, 0x31, 0x90,
    0xe1, 0x4, 0x10, 0x7f, 0x78, 0x10, 0x1e, 0x2,
    0x30, 0x61, 0x6, 0x10, 0x23, 0x1, 0xe0,

    /* U+C694 "요" */
    0x7, 0x80, 0x21, 0x1, 0x2, 0x4, 0x8, 0x10,
    0x20, 0x21, 0x0, 0x78, 0x6, 0x10, 0x8, 0x40,
    0x21, 0xf, 0xff, 0xc0,

    /* U+C695 "욕" */
    0x7, 0xc0, 0x18, 0xc0, 0x20, 0x80, 0x41, 0x0,
    0xc6, 0x0, 0xf8, 0x3, 0x18, 0x2, 0x20, 0x7f,
    0xfe, 0x0, 0x0, 0x7f, 0xc0, 0x1, 0x0, 0x2,
    0x0, 0x4, 0x0, 0x8, 0x0,

    /* U+C698 "욘" */
    0x7, 0xc0, 0x18, 0xc0, 0x20, 0x80, 0x41, 0x0,
    0xc6, 0x0, 0xf8, 0x1, 0x8, 0x2, 0x20, 0x7f,
    0xfe, 0x0, 0x0, 0x60, 0x0, 0x40, 0x0, 0x80,
    0x1, 0xff, 0x0,

    /* U+C69C "욜" */
    0x7, 0xc0, 0x18, 0xc0, 0x20, 0x80, 0x63, 0x0,
    0x7c, 0x1, 0x8c, 0x1, 0x10, 0x3f, 0xff, 0x1f,
    0xe0, 0x1f, 0xe0, 0x0, 0x80, 0xff, 0x0, 0x80,
    0x1, 0xff, 0x0,

    /* U+C6A4 "욤" */
    0x7, 0xc0, 0x18, 0xc0, 0x20, 0x80, 0x41, 0x0,
    0xc6, 0x0, 0x78, 0x3, 0x18, 0x2, 0x20, 0x7f,
    0xfe, 0x0, 0x0, 0x3f, 0x80, 0x41, 0x0, 0x82,
    0x1, 0xfc, 0x0,

    /* U+C6A5 "욥" */
    0x7, 0xc0, 0x18, 0xc0, 0x20, 0x80, 0x63, 0x0,
    0x7c, 0x1, 0x8c, 0x1, 0x10, 0x7f, 0xff, 0x0,
    0x0, 0x30, 0x40, 0x20, 0x80, 0x7f, 0x0, 0x82,
    0x1, 0xfe, 0x2, 0x0, 0x0,

    /* U+C6A7 "욧" */
    0x7, 0xc0, 0x18, 0xc0, 0x20, 0x80, 0x41, 0x0,
    0xc6, 0x0, 0xf8, 0x3, 0x18, 0x2, 0x20, 0x7f,
    0xfe, 0x0, 0x0, 0x4, 0x0, 0x8, 0x0, 0x28,
    0x0, 0x8e, 0x6, 0x6, 0x0,

    /* U+C6A9 "용" */
    0x7, 0xc0, 0x18, 0xc0, 0x20, 0x80, 0x41, 0x0,
    0xc4, 0x0, 0xf8, 0x1, 0x8, 0x42, 0x27, 0x7b,
    0xb0, 0xf, 0x80, 0x31, 0x80, 0x41, 0x0, 0x82,
    0x1, 0x8c, 0x1, 0xf0, 0x0,

    /* U+C6B0 "우" */
    0x3, 0x80, 0x8, 0x80, 0x20, 0x80, 0x41, 0x0,
    0x82, 0x0, 0x88, 0x0, 0xe0, 0x0, 0x0, 0x7f,
    0xfe, 0x2, 0x0, 0x4, 0x0, 0x8, 0x0, 0x10,
    0x0, 0x20, 0x0, 0x40, 0x0,

    /* U+C6B1 "욱" */
    0x7, 0xc0, 0x18, 0xc0, 0x20, 0x80, 0x41, 0x0,
    0xc6, 0x0, 0xf8, 0x0, 0x0, 0x3f, 0xff, 0x1,
    0x0, 0x2, 0x0, 0x7f, 0xc0, 0x1, 0x0, 0x2,
    0x0, 0x4, 0x0, 0x8, 0x0,

    /* U+C6B4 "운" */
    0x7, 0xc0, 0x18, 0xc0, 0x20, 0x80, 0x41, 0x0,
    0xc6, 0x0, 0xf8, 0x0, 0x0, 0x3f, 0xff, 0x1,
    0x0, 0x22, 0x0, 0x24, 0x0, 0x48, 0x0, 0x80,
    0x1, 0xff, 0x0,

    /* U+C6B8 "울" */
    0x7, 0xc0, 0x18, 0xc0, 0x20, 0x80, 0x41, 0x0,
    0x3c, 0x0, 0x0, 0x3f, 0xff, 0x80, 0x80, 0x1,
    0x0, 0x3f, 0xe0, 0x0, 0x80, 0xff, 0x80, 0x80,
    0x1, 0xff, 0x0,

    /* U+C6B9 "욹" */
    0x7, 0xc0, 0x18, 0xc0, 0x20, 0x80, 0x41, 0x0,
    0x7c, 0x0, 0x0, 0x3f, 0xff, 0x80, 0x80, 0x1,
    0x0, 0x7d, 0xe0, 0x8, 0x40, 0xf0, 0x81, 0x1,
    0x3, 0xe2, 0x0, 0x4, 0x0,

    /* U+C6BA "욺" */
    0x7, 0xc0, 0x18, 0xc0, 0x20, 0x80, 0x41, 0x0,
    0x3c, 0x0, 0x0, 0x3f, 0xff, 0x80, 0x80, 0x1,
    0x0, 0x7f, 0xe0, 0xa, 0x41, 0xf4, 0x81, 0x9,
    0x3, 0xde, 0x0,

    /* U+C6C0 "움" */
    0x7, 0xc0, 0x18, 0xc0, 0x20, 0x80, 0x41, 0x0,
    0xc6, 0x0, 0xf8, 0x0, 0x0, 0x3f, 0xff, 0x1,
    0x0, 0x2, 0x0, 0x3f, 0xc0, 0x41, 0x0, 0x82,
    0x1, 0xfc, 0x0,

    /* U+C6C1 "웁" */
    0x7, 0xc0, 0x18, 0xc0, 0x20, 0x80, 0x63, 0x0,
    0x7c, 0x0, 0x0, 0x0, 0x0, 0x3f, 0xff, 0x1,
    0x0, 0x32, 0x40, 0x24, 0x80, 0x7f, 0x0, 0x82,
    0x1, 0xfe, 0x2, 0x0, 0x0,

    /* U+C6C3 "웃" */
    0x7, 0xc0, 0x18, 0xc0, 0x20, 0x80, 0x41, 0x0,
    0xc6, 0x0, 0xf8, 0x0, 0x0, 0x3f, 0xff, 0x1,
    0x0, 0x6, 0x0, 0x4, 0x0, 0x18, 0x0, 0x68,
    0x1, 0x8e, 0xc, 0x6, 0x0,

    /* U+C6C5 "웅" */
    0x7, 0xc0, 0x18, 0xc0, 0x20, 0x80, 0x41, 0x0,
    0xc6, 0x0, 0x78, 0x0, 0x0, 0x3f, 0xff, 0x1,
    0x0, 0xf, 0x80, 0x31, 0x80, 0x41, 0x0, 0x82,
    0x1, 0x8c, 0x1, 0xf0, 0x0,

    /* U+C6CC "워" */
    0x0, 0x18, 0xf8, 0x4c, 0x62, 0x41, 0x12, 0x8,
    0x98, 0xc4, 0x7c, 0x20, 0xd, 0x7f, 0x88, 0x20,
    0x41, 0x3e, 0x8, 0x10, 0x40, 0x82, 0x4,

    /* U+C6CD "웍" */
    0x1e, 0x19, 0x98, 0x48, 0x42, 0x42, 0x13, 0x30,
    0x8f, 0x4, 0x1, 0x2f, 0xf1, 0x5, 0xf8, 0x20,
    0x47, 0xfe, 0x0, 0x10, 0x0, 0x80, 0x4, 0x0,
    0x20,

    /* U+C6D0 "원" */
    0x1e, 0x10, 0xc4, 0x42, 0x11, 0x8, 0x44, 0x31,
    0x10, 0x78, 0x40, 0x5, 0x1f, 0xe4, 0x5, 0xf0,
    0x12, 0x40, 0xc1, 0x1, 0x0, 0x4, 0x0, 0x1f,
    0xf0,

    /* U+C6D4 "월" */
    0x1e, 0x10, 0xcc, 0x42, 0x11, 0x8, 0x44, 0x1e,
    0x10, 0x3, 0x4f, 0xf1, 0x1, 0x7c, 0x4, 0x10,
    0x3f, 0xc0, 0x1, 0x3, 0xfc, 0x4, 0x0, 0x1f,
    0xf0,

    /* U+C6DC "웜" */
    0x1e, 0x19, 0x98, 0x48, 0x42, 0x42, 0x13, 0x30,
    0x8f, 0x4, 0x1, 0x2f, 0xf1, 0x4, 0xf8, 0x20,
    0x43, 0xfe, 0x8, 0x10, 0x40, 0x83, 0xfc, 0x10,
    0x0,

    /* U+C6DD "웝" */
    0x1e, 0x13, 0x11, 0x21, 0x12, 0x11, 0x1e, 0x10,
    0x5, 0xff, 0x90, 0x4f, 0x4, 0x10, 0x3, 0x4,
    0x10, 0x7f, 0x4, 0x10, 0x7f, 0x4, 0x0,

    /* U+C6E0 "웠" */
    0x1e, 0x11, 0x88, 0x88, 0x44, 0x42, 0x21, 0xe1,
    0x0, 0x2b, 0xfe, 0x40, 0x9e, 0x4, 0x10, 0x43,
    0x1, 0x8, 0xc, 0xc0, 0xbd, 0x8, 0x4c, 0x84,
    0x20,

    /* U+C6E1 "웡" */
    0x1e, 0x13, 0x11, 0x21, 0x92, 0x19, 0x31, 0x11,
    0xe1, 0x0, 0x77, 0xff, 0x4, 0x10, 0x5f, 0x7,
    0x30, 0x21, 0x2, 0x10, 0x33, 0x1, 0xe0,

    /* U+C6E8 "웨" */
    0x0, 0xd9, 0xe2, 0x50, 0x92, 0x84, 0x94, 0x24,
    0x9f, 0x24, 0x1, 0x23, 0xe9, 0xe8, 0x48, 0x5e,
    0x42, 0x12, 0x10, 0x90, 0x84, 0x84, 0x24, 0x0,
    0x20,

    /* U+C6E9 "웩" */
    0x0, 0x68, 0xf1, 0x48, 0xca, 0x42, 0x52, 0x32,
    0x8f, 0x14, 0x4, 0xaf, 0xc5, 0x8, 0xe8, 0x40,
    0x3, 0xfe, 0x0, 0x10, 0x0, 0x80, 0x4, 0x0,
    0x20,

    /* U+C6EC "웬" */
    0x0, 0xc, 0x1, 0x93, 0xe2, 0x48, 0x49, 0x21,
    0x24, 0x78, 0x90, 0x72, 0x5e, 0x9, 0x9, 0xe4,
    0x20, 0x90, 0xc2, 0x41, 0x0, 0x4, 0x0, 0x1f,
    0xf0,

    /* U+C6F0 "웰" */
    0x0, 0x68, 0x3c, 0x50, 0x8c, 0xa1, 0x9, 0x42,
    0x32, 0x83, 0xc5, 0x0, 0x4a, 0x3d, 0x14, 0x9,
    0xe8, 0x10, 0x10, 0x1f, 0xe0, 0x7f, 0xc0, 0x60,
    0x0, 0xff, 0x80,

    /* U+C6F8 "웸" */
    0x0, 0x68, 0xf1, 0x48, 0xca, 0x42, 0x52, 0x32,
    0x8f, 0x14, 0x4, 0xaf, 0x45, 0x8, 0xe8, 0x41,
    0x41, 0xfe, 0x4, 0x10, 0x20, 0x81, 0xfc, 0x8,
    0x0,

    /* U+C6F9 "웹" */
    0x0, 0x68, 0xf1, 0x48, 0xca, 0x42, 0x52, 0x32,
    0x8f, 0x14, 0x4, 0xa7, 0xc5, 0x8, 0x68, 0x40,
    0xc1, 0x82, 0x7, 0xf0, 0x20, 0x81, 0xfc, 0x8,
    0x0,

    /* U+C6FD "웽" */
    0x0, 0x68, 0xf1, 0x4c, 0x4a, 0x42, 0x53, 0x12,
    0x8f, 0x14, 0x4, 0xaf, 0xd5, 0x8, 0x68, 0x47,
    0x42, 0x64, 0x2, 0x10, 0x10, 0x80, 0xc8, 0x3,
    0x80,

    /* U+C704 "위" */
    0x0, 0x31, 0xf1, 0x31, 0x92, 0x9, 0x20, 0x93,
    0x19, 0xf, 0x10, 0x1, 0xff, 0xf0, 0x41, 0x4,
    0x10, 0x41, 0x4, 0x10, 0x41, 0x0, 0x10,

    /* U+C705 "윅" */
    0x1f, 0x13, 0x19, 0x20, 0x92, 0x9, 0x31, 0x91,
    0xf1, 0x0, 0x7f, 0xf9, 0x4, 0x10, 0x40, 0x1f,
    0xf1, 0xff, 0x0, 0x10, 0x1, 0x0, 0x10, 0x1,

    /* U+C708 "윈" */
    0x0, 0x30, 0x7c, 0x43, 0x19, 0x8, 0x24, 0x20,
    0x90, 0x7c, 0x40, 0x7, 0x3f, 0xe4, 0x4, 0x10,
    0x10, 0x40, 0xc1, 0x1, 0x0, 0x4, 0x0, 0x1f,
    0xf0,

    /* U+C70C "윌" */
    0x1e, 0x31, 0x98, 0x88, 0x44, 0x42, 0x21, 0xe1,
    0x0, 0x8, 0x7, 0xdf, 0xc2, 0x8, 0x10, 0xff,
    0x80, 0x4, 0x3f, 0xe0, 0x80, 0x7, 0xfc,

    /* U+C714 "윔" */
    0x1f, 0x13, 0x19, 0x20, 0x92, 0x9, 0x31, 0x91,
    0xf1, 0x0, 0x7f, 0xf9, 0x4, 0x10, 0x40, 0xf,
    0xf0, 0x41, 0x4, 0x10, 0x7f, 0x4, 0x0,

    /* U+C715 "윕" */
    0x1e, 0x33, 0x31, 0x21, 0x12, 0x11, 0x33, 0x11,
    0xe1, 0x0, 0x7f, 0xf9, 0x4, 0x10, 0x43, 0xc,
    0x10, 0x7f, 0x4, 0x10, 0x7f, 0x4, 0x0,

    /* U+C717 "윗" */
    0x1f, 0x10, 0xc6, 0x42, 0x9, 0x8, 0x24, 0x31,
    0x90, 0x7c, 0x40, 0x7, 0x3f, 0xe4, 0x4, 0x10,
    0x16, 0x40, 0x49, 0x0, 0x70, 0x1, 0x20, 0x18,
    0x60, 0x80, 0x80,

    /* U+C719 "윙" */
    0x1f, 0x13, 0x19, 0x20, 0x92, 0x9, 0x31, 0x91,
    0xf1, 0x0, 0x7f, 0xe9, 0x4, 0x10, 0x5e, 0x7,
    0x30, 0x21, 0x2, 0x10, 0x33, 0x1, 0xe0,

    /* U+C720 "유" */
    0x3, 0xc0, 0x4, 0x20, 0x8, 0x10, 0x8, 0x10,
    0x8, 0x10, 0x4, 0x20, 0x3, 0xc0, 0x0, 0x0,
    0x7f, 0xfe, 0x4, 0x20, 0x4, 0x20, 0x4, 0x20,
    0x4, 0x20, 0x4, 0x20, 0x0, 0x20,

    /* U+C721 "육" */
    0x7, 0xc0, 0x18, 0xc0, 0x20, 0x80, 0x41, 0x0,
    0xc6, 0x0, 0xf8, 0x0, 0x0, 0x3f, 0xff, 0x4,
    0x40, 0x8, 0x80, 0x7f, 0xc0, 0x1, 0x0, 0x2,
    0x0, 0x4, 0x0, 0x8, 0x0,

    /* U+C724 "윤" */
    0x7, 0x80, 0x23, 0x1, 0x4, 0x4, 0x10, 0x8,
    0xc0, 0x1e, 0x0, 0x0, 0x3f, 0xff, 0x4, 0x80,
    0x92, 0x1, 0x48, 0x5, 0x20, 0x10, 0x0, 0x7f,
    0xc0,

    /* U+C728 "율" */
    0x7, 0xc0, 0x18, 0xc0, 0x20, 0x80, 0x63, 0x0,
    0x3c, 0x0, 0x0, 0x1f, 0xff, 0x82, 0x20, 0x1f,
    0xf0, 0x1f, 0xe0, 0x0, 0x80, 0xff, 0x80, 0x80,
    0x1, 0xff, 0x0,

    /* U+C730 "윰" */
    0x7, 0x80, 0x18, 0x80, 0x20, 0x80, 0x41, 0x0,
    0xc4, 0x0, 0xf8, 0x0, 0x0, 0x3f, 0xff, 0x4,
    0x40, 0x8, 0x80, 0x3f, 0x80, 0x41, 0x0, 0x82,
    0x1, 0xfc, 0x2, 0x0, 0x0,

    /* U+C731 "윱" */
    0x7, 0xc0, 0x18, 0xc0, 0x20, 0x80, 0x43, 0x0,
    0x3c, 0x0, 0x0, 0x1f, 0xff, 0x82, 0x20, 0x4,
    0x40, 0x30, 0x40, 0x20, 0x80, 0x7f, 0x0, 0x82,
    0x1, 0xfe, 0x0,

    /* U+C733 "윳" */
    0x3, 0xc0, 0x18, 0xc0, 0x20, 0x80, 0x41, 0x0,
    0xc2, 0x0, 0x78, 0x0, 0x0, 0x7f, 0xff, 0x8,
    0x20, 0x14, 0x40, 0x26, 0x80, 0x49, 0x0, 0x2c,
    0x1, 0x86, 0x4, 0x6, 0x0,

    /* U+C735 "융" */
    0x7, 0x80, 0x31, 0x0, 0x86, 0x2, 0x18, 0xc,
    0x40, 0x1e, 0x0, 0x0, 0x1f, 0xff, 0x4, 0x40,
    0x1f, 0x0, 0x44, 0x2, 0x18, 0x8, 0x60, 0x31,
    0x0, 0x78, 0x0,

    /* U+C737 "윷" */
    0x7, 0xc0, 0x18, 0x40, 0x20, 0x80, 0x41, 0x0,
    0x7c, 0x0, 0x0, 0x1f, 0xff, 0x84, 0x10, 0xb,
    0xa0, 0x0, 0x0, 0x7f, 0xe0, 0x8, 0x0, 0x38,
    0x0, 0x8e, 0x6, 0x6, 0x0,

    /* U+C73C "으" */
    0x7, 0x80, 0x21, 0x1, 0x2, 0x4, 0x8, 0x10,
    0x20, 0x21, 0x0, 0x78, 0x0, 0x0, 0x0, 0x0,
    0x0, 0xf, 0xff, 0xc0,

    /* U+C73D "윽" */
    0x7, 0xc0, 0x18, 0xc0, 0x20, 0x80, 0x41, 0x0,
    0xc6, 0x0, 0xf8, 0x0, 0x0, 0x3f, 0xff, 0x0,
    0x0, 0x0, 0x0, 0x7f, 0xc0, 0x1, 0x0, 0x2,
    0x0, 0x4, 0x0, 0x8, 0x0,

    /* U+C740 "은" */
    0x7, 0xc0, 0x18, 0xc0, 0x20, 0x80, 0x41, 0x0,
    0xc6, 0x0, 0xf8, 0x0, 0x0, 0x3f, 0xff, 0x0,
    0x0, 0x20, 0x0, 0x20, 0x0, 0x40, 0x0, 0x80,
    0x1, 0xff, 0x0,

    /* U+C744 "을" */
    0x7, 0xc0, 0x18, 0xc0, 0x20, 0x80, 0x63, 0x0,
    0x7c, 0x0, 0x0, 0x0, 0x0, 0x3f, 0xff, 0x0,
    0x0, 0x3f, 0xe0, 0x0, 0x80, 0xff, 0x80, 0x80,
    0x1, 0xff, 0x0,

    /* U+C74A "읊" */
    0xf, 0x80, 0x63, 0x1, 0x4, 0x4, 0x10, 0xf,
    0x80, 0x0, 0xf, 0xff, 0xc0, 0x0, 0x0, 0x0,
    0xf7, 0xc0, 0x4a, 0x1f, 0x28, 0x20, 0xa0, 0xff,
    0xc0,

    /* U+C74C "음" */
    0x7, 0xc0, 0x18, 0xc0, 0x20, 0x80, 0x41, 0x0,
    0xc6, 0x0, 0xf8, 0x0, 0x0, 0x3f, 0xff, 0x0,
    0x0, 0x0, 0x0, 0x3f, 0xc0, 0x41, 0x0, 0x82,
    0x1, 0xfc, 0x2, 0x0, 0x0,

    /* U+C74D "읍" */
    0x7, 0xc0, 0x18, 0xc0, 0x20, 0x80, 0x63, 0x0,
    0x7c, 0x0, 0x0, 0x0, 0x0, 0x3f, 0xff, 0x0,
    0x0, 0x30, 0x40, 0x20, 0x80, 0x7f, 0x0, 0x82,
    0x1, 0xfe, 0x2, 0x0, 0x0,

    /* U+C74F "읏" */
    0x7, 0xc0, 0x18, 0xc0, 0x20, 0x80, 0x41, 0x0,
    0xc6, 0x0, 0xf8, 0x0, 0x0, 0x3f, 0xff, 0x0,
    0x0, 0x6, 0x0, 0x4, 0x0, 0x1c, 0x0, 0x64,
    0x1, 0x6, 0xc, 0x2, 0x0,

    /* U+C751 "응" */
    0x7, 0xc0, 0x18, 0xc0, 0x20, 0x80, 0x41, 0x0,
    0xc6, 0x0, 0xf8, 0x0, 0x0, 0x3f, 0xff, 0x0,
    0x0, 0xf, 0x80, 0x31, 0x80, 0x41, 0x0, 0x82,
    0x1, 0x8c, 0x1, 0xf0, 0x0,

    /* U+C752 "읒" */
    0x7, 0xc0, 0x18, 0xc0, 0x20, 0x80, 0x63, 0x0,
    0x7c, 0x0, 0x0, 0x0, 0x0, 0x3f, 0xff, 0x0,
    0x0, 0x3f, 0xe0, 0x4, 0x0, 0x18, 0x0, 0x6c,
    0x1, 0x6, 0xc, 0x4, 0x0,

    /* U+C753 "읓" */
    0x7, 0xc0, 0x18, 0xc0, 0x20, 0x80, 0x41, 0x0,
    0x3c, 0x0, 0x0, 0x3f, 0xff, 0x80, 0x0, 0x7,
    0xc0, 0x0, 0x0, 0x7f, 0xe0, 0x8, 0x0, 0x28,
    0x1, 0x8e, 0x4, 0x0, 0x0,

    /* U+C754 "읔" */
    0x7, 0xc0, 0x18, 0xc0, 0x20, 0x80, 0x41, 0x0,
    0xc6, 0x0, 0xf8, 0x0, 0x0, 0x3f, 0xff, 0x0,
    0x0, 0x3f, 0xe0, 0x0, 0xc0, 0x1, 0x81, 0xff,
    0x0, 0x4, 0x0, 0x8, 0x0,

    /* U+C755 "읕" */
    0x7, 0xc0, 0x18, 0xc0, 0x20, 0x80, 0x63, 0x0,
    0x7c, 0x0, 0x0, 0x0, 0x0, 0x3f, 0xff, 0x0,
    0x0, 0x3f, 0xe0, 0x20, 0x0, 0x7f, 0x80, 0x80,
    0x1, 0xfe, 0x0,

    /* U+C756 "읖" */
    0x7, 0x80, 0x18, 0xc0, 0x20, 0x80, 0x63, 0x0,
    0x78, 0x0, 0x0, 0x0, 0x0, 0x3f, 0xfe, 0x0,
    0x0, 0x3f, 0xe0, 0x23, 0x0, 0x22, 0x0, 0x44,
    0x3, 0xff, 0x0,

    /* U+C757 "읗" */
    0x7, 0x80, 0x31, 0x0, 0x82, 0x3, 0x10, 0x7,
    0x80, 0x0, 0xf, 0xff, 0xc0, 0x0, 0x7, 0x80,
    0x0, 0x41, 0xfe, 0x0, 0xe0, 0x4, 0x40, 0x11,
    0x0, 0x38, 0x0,

    /* U+C758 "의" */
    0x0, 0x18, 0x70, 0x44, 0x42, 0x41, 0x12, 0x8,
    0x90, 0x44, 0x44, 0x21, 0xc1, 0x0, 0x8, 0x1,
    0xdf, 0xf2, 0x0, 0x10, 0x0, 0x80, 0x4, 0x0,
    0x20,

    /* U+C75C "읜" */
    0x0, 0x30, 0x7c, 0x43, 0x19, 0x8, 0x24, 0x31,
    0x90, 0x7c, 0x40, 0x1, 0x0, 0x3c, 0xff, 0x10,
    0x0, 0x40, 0xc0, 0x1, 0x0, 0x4, 0x0, 0x1f,
    0xe0,

    /* U+C760 "읠" */
    0x0, 0x30, 0xf8, 0x8c, 0x64, 0x41, 0x23, 0x19,
    0xf, 0x88, 0x0, 0xdf, 0xfa, 0x0, 0x0, 0xff,
    0x80, 0x4, 0x3f, 0xe0, 0x80, 0x7, 0xfc,

    /* U+C768 "읨" */
    0x0, 0x31, 0xe1, 0x31, 0x12, 0x11, 0x21, 0x11,
    0xe1, 0x0, 0x3f, 0xfd, 0x0, 0x10, 0x0, 0xf,
    0xf0, 0x41, 0x4, 0x10, 0x7f, 0x4, 0x0,

    /* U+C76B "읫" */
    0x0, 0x31, 0xe1, 0x31, 0x12, 0x11, 0x21, 0x11,
    0xe1, 0x0, 0x3f, 0xfd, 0x0, 0x10, 0x11, 0x1,
    0x0, 0x28, 0x4, 0x61, 0x81, 0x0, 0x0,

    /* U+C774 "이" */
    0x0, 0x60, 0x4, 0xe0, 0xa2, 0x18, 0x23, 0x4,
    0x60, 0x8a, 0x21, 0x38, 0x20, 0x4, 0x0, 0x80,
    0x10, 0x2, 0x0, 0x40,

    /* U+C775 "익" */
    0x0, 0x67, 0x5, 0x10, 0xc1, 0x18, 0x23, 0x4,
    0x51, 0x9, 0xc1, 0x0, 0x27, 0xfc, 0x0, 0x80,
    0x10, 0x2, 0x0, 0x40, 0x8,

    /* U+C778 "인" */
    0x0, 0x23, 0x82, 0x44, 0x28, 0x22, 0x82, 0x28,
    0x22, 0x46, 0x23, 0xc2, 0x0, 0x21, 0x82, 0x8,
    0x0, 0x80, 0x8, 0x0, 0xff,

    /* U+C77C "일" */
    0x0, 0x27, 0xc2, 0xc6, 0x28, 0x22, 0x82, 0x2c,
    0x62, 0x7c, 0x20, 0x0, 0x3f, 0xe0, 0x2, 0x0,
    0x23, 0xfe, 0x10, 0x1, 0xff,

    /* U+C77D "읽" */
    0x0, 0x6f, 0x7, 0x10, 0xc1, 0x18, 0x23, 0x88,
    0x5e, 0x8, 0x1, 0x7f, 0xe0, 0x84, 0x10, 0xbe,
    0x12, 0x12, 0x7c, 0x40,

    /* U+C77E "읾" */
    0x0, 0x6f, 0x87, 0x18, 0xc1, 0x18, 0x23, 0x8c,
    0x5f, 0x8, 0x1, 0x0, 0xf, 0xfc, 0x14, 0xbe,
    0x92, 0x12, 0x7b, 0xc0,

    /* U+C783 "잃" */
    0x0, 0x63, 0xe1, 0x31, 0x89, 0x4, 0x48, 0x22,
    0x63, 0x10, 0xf0, 0x80, 0x0, 0x7c, 0xc0, 0x3f,
    0xc1, 0x0, 0xfb, 0xc2, 0x52, 0x1c, 0xf0,

    /* U+C784 "임" */
    0x0, 0x2f, 0x87, 0x18, 0xc1, 0x18, 0x23, 0x8c,
    0x4f, 0x8, 0x1, 0x0, 0x3, 0xfc, 0x20, 0x84,
    0x10, 0x82, 0x1f, 0xc0,

    /* U+C785 "입" */
    0x0, 0x6f, 0x7, 0x10, 0xc1, 0x18, 0x23, 0x88,
    0x4e, 0x8, 0x1, 0x0, 0x43, 0x4, 0x20, 0x87,
    0xf0, 0x82, 0x1f, 0xc0,

    /* U+C787 "잇" */
    0x0, 0x63, 0x82, 0x44, 0x28, 0x22, 0x82, 0x28,
    0x22, 0x44, 0x23, 0x82, 0x0, 0x20, 0x32, 0x3,
    0x0, 0x68, 0x8, 0x63, 0x3,

    /* U+C788 "있" */
    0x0, 0x67, 0xc2, 0xc6, 0x28, 0x22, 0x82, 0x2c,
    0x62, 0x7c, 0x20, 0x2, 0x0, 0x80, 0x84, 0x8,
    0x41, 0x4c, 0x23, 0x34, 0x11, 0x2, 0x0,

    /* U+C789 "잉" */
    0x0, 0x2f, 0x7, 0x10, 0xc3, 0x18, 0x63, 0x88,
    0x4e, 0x8, 0x1, 0x7, 0xc1, 0x8c, 0x20, 0x84,
    0x10, 0xc6, 0xf, 0x80,

    /* U+C78A "잊" */
    0x0, 0x67, 0xc2, 0xc6, 0x28, 0x22, 0x82, 0x2c,
    0x62, 0x7c, 0x20, 0x2, 0x0, 0x3, 0xfe, 0x1,
    0x0, 0x30, 0x4, 0xe1, 0x83, 0x20, 0x0,

    /* U+C78E "잎" */
    0x0, 0x27, 0xc3, 0xc6, 0x38, 0x23, 0x82, 0x3c,
    0x63, 0x7c, 0x20, 0x2, 0x0, 0x1, 0xff, 0xc,
    0x40, 0x44, 0x4, 0x43, 0xff,

    /* U+C790 "자" */
    0x0, 0x60, 0x0, 0x8f, 0xe2, 0x0, 0x88, 0x4,
    0x20, 0x30, 0x80, 0x83, 0xc5, 0x8, 0x23, 0x21,
    0x4, 0x88, 0x2, 0x0, 0x8, 0x0, 0x20, 0x0,
    0x80, 0x2, 0x0,

    /* U+C791 "작" */
    0x0, 0x23, 0xf8, 0x80, 0x62, 0x1, 0x8, 0x8,
    0x3c, 0x58, 0x82, 0x32, 0x30, 0x48, 0x0, 0x0,
    0xff, 0x80, 0x2, 0x0, 0x8, 0x0, 0x20, 0x0,
    0x80, 0x2, 0x0,

    /* U+C794 "잔" */
    0x0, 0x23, 0xf8, 0x80, 0x22, 0x1, 0x8, 0xc,
    0x20, 0x30, 0xf1, 0x62, 0x8, 0x48, 0x40, 0x22,
    0x60, 0x80, 0x80, 0x2, 0x0, 0x8, 0x0, 0x3f,
    0xc0,

    /* U+C796 "잖" */
    0x0, 0x63, 0xf8, 0x80, 0x42, 0x3, 0x8, 0xc,
    0x3c, 0x48, 0x82, 0x12, 0x30, 0x0, 0x1, 0xe1,
    0x9f, 0xe2, 0x1e, 0x8, 0x88, 0x22, 0x10, 0xe8,
    0x80, 0x1e, 0x0,

    /* U+C797 "잗" */
    0x0, 0x21, 0xf8, 0x80, 0x22, 0x1, 0x8, 0xc,
    0x3c, 0x58, 0x82, 0x12, 0x10, 0x28, 0x80, 0x0,
    0x7f, 0x80, 0x80, 0x2, 0x0, 0x8, 0x0, 0x3f,
    0xc0,

    /* U+C798 "잘" */
    0x0, 0x21, 0xfc, 0x80, 0x22, 0x1, 0x8, 0xc,
    0x3c, 0x48, 0x82, 0x1a, 0x30, 0x0, 0x1f, 0xe0,
    0x0, 0x80, 0x2, 0x7, 0xf8, 0x8, 0x0, 0x3f,
    0xc0,

    /* U+C79A "잚" */
    0x0, 0x63, 0xf8, 0x80, 0x62, 0x1, 0x8, 0xc,
    0x3c, 0xcc, 0x84, 0x12, 0x20, 0x0, 0x7f, 0xe0,
    0x14, 0x80, 0x52, 0x1f, 0x48, 0x21, 0x20, 0xf7,
    0x80,

    /* U+C7A0 "잠" */
    0x0, 0x23, 0xf8, 0x80, 0x62, 0x1, 0x8, 0x8,
    0x3c, 0x70, 0x82, 0x32, 0x10, 0x48, 0x80, 0x0,
    0x7f, 0x80, 0x82, 0x2, 0x8, 0x8, 0x20, 0x3f,
    0x80,

    /* U+C7A1 "잡" */
    0x0, 0x61, 0xf8, 0x80, 0x22, 0x1, 0x8, 0x8,
    0x3c, 0x58, 0x82, 0x32, 0x30, 0x10, 0x18, 0x20,
    0x20, 0x80, 0xfe, 0x2, 0x8, 0x8, 0x20, 0x3f,
    0x80,

    /* U+C7A3 "잣" */
    0x0, 0x23, 0xf8, 0x80, 0x62, 0x1, 0x8, 0x8,
    0x3c, 0x58, 0x82, 0x32, 0x10, 0x8, 0x83, 0x20,
    0x4, 0x0, 0x30, 0x1, 0x30, 0x8, 0x60, 0xc0,
    0x40,

    /* U+C7A4 "잤" */
    0x0, 0x23, 0xf8, 0x80, 0x62, 0x1, 0x8, 0x8,
    0x3c, 0x70, 0x82, 0x32, 0x10, 0x48, 0x80, 0x40,
    0x21, 0x80, 0x84, 0x5, 0x38, 0x22, 0x91, 0x4,
    0x60, 0x20, 0x0,

    /* U+C7A5 "장" */
    0x0, 0x10, 0xfe, 0x20, 0x8, 0x40, 0x20, 0x80,
    0x41, 0xe1, 0x62, 0x4, 0x64, 0x10, 0x8, 0xc0,
    0x10, 0x7, 0xc0, 0x18, 0xc0, 0x20, 0x80, 0x41,
    0x0, 0xc6, 0x0, 0x78, 0x0,

    /* U+C7A6 "잦" */
    0x0, 0x63, 0xf8, 0x80, 0x62, 0x1, 0x8, 0x8,
    0x3c, 0x58, 0x82, 0x32, 0x10, 0x8, 0x80, 0x0,
    0xff, 0xc0, 0x10, 0x0, 0xc0, 0xc, 0xe0, 0xc0,
    0x40,

    /* U+C7AC "재" */
    0x0, 0x18, 0x2, 0x5f, 0x92, 0xc, 0x90, 0x44,
    0x82, 0x24, 0x31, 0xe3, 0x89, 0x12, 0x49, 0x1a,
    0x50, 0x52, 0x0, 0x90, 0x4, 0x80, 0x24, 0x0,
    0x20,

    /* U+C7AD "잭" */
    0x0, 0xc8, 0x2, 0x5f, 0x92, 0xc, 0x90, 0x47,
    0x86, 0x24, 0x49, 0x2c, 0x29, 0x0, 0x0, 0x7f,
    0xc0, 0x2, 0x0, 0x10, 0x0, 0x80, 0x4, 0x0,
    0x20,

    /* U+C7B0 "잰" */
    0x0, 0xc8, 0x1, 0x27, 0xe4, 0x81, 0x92, 0x4,
    0x48, 0x31, 0xe1, 0xc4, 0x88, 0x92, 0x41, 0x48,
    0x31, 0x20, 0x40, 0x1, 0x0, 0x4, 0x0, 0x1f,
    0xf0,

    /* U+C7B4 "잴" */
    0x0, 0xc9, 0xf9, 0x20, 0x64, 0x81, 0x12, 0xc,
    0x78, 0x71, 0x21, 0x24, 0x88, 0x52, 0xc0, 0x0,
    0x3f, 0xe0, 0x0, 0x83, 0xfe, 0x4, 0x0, 0x1f,
    0xf0,

    /* U+C7BC "잼" */
    0x0, 0xc8, 0x2, 0x5f, 0x92, 0xc, 0x90, 0x47,
    0x86, 0x24, 0x49, 0x24, 0x29, 0xc0, 0x0, 0x3f,
    0xc1, 0x82, 0xc, 0x10, 0x20, 0x81, 0xfc,

    /* U+C7BD "잽" */
    0x1, 0x90, 0x9, 0x7e, 0x90, 0x49, 0x8, 0xf0,
    0x89, 0x16, 0x92, 0x29, 0xc0, 0x0, 0xc3, 0x4,
    0x10, 0x7f, 0x4, 0x10, 0x7f, 0x4, 0x0,

    /* U+C7BF "잿" */
    0x0, 0x18, 0x3, 0x27, 0xe4, 0x81, 0x92, 0x4,
    0x78, 0x31, 0x21, 0x34, 0x88, 0x52, 0x40, 0x8,
    0x3, 0x20, 0x8, 0x0, 0x58, 0x2, 0x18, 0x10,
    0x30, 0x80, 0x0,

    /* U+C7C0 "쟀" */
    0x0, 0xc8, 0x1, 0x27, 0xe4, 0x81, 0x92, 0x4,
    0x78, 0x31, 0x21, 0x24, 0x88, 0x52, 0x40, 0x28,
    0x18, 0x40, 0x63, 0x1, 0x8c, 0x9, 0x48, 0x42,
    0x10, 0x10, 0x0,

    /* U+C7C1 "쟁" */
    0x0, 0xc8, 0x2, 0x5f, 0x92, 0xc, 0x90, 0x47,
    0x86, 0x24, 0x49, 0x24, 0x29, 0x40, 0x8, 0xf,
    0xc0, 0xc6, 0x4, 0x10, 0x31, 0x80, 0xf8,

    /* U+C7C8 "쟈" */
    0x0, 0x60, 0x0, 0x8f, 0xe2, 0x0, 0x88, 0x4,
    0x3c, 0x30, 0x80, 0x82, 0x5, 0x8, 0x23, 0x3d,
    0x4, 0x88, 0x2, 0x0, 0x8, 0x0, 0x20, 0x0,
    0x80, 0x2, 0x0,

    /* U+C7C9 "쟉" */
    0x0, 0x60, 0x8, 0x87, 0xe2, 0x1, 0xf, 0xc,
    0x20, 0x70, 0x82, 0x33, 0xd0, 0x48, 0x80, 0x0,
    0xff, 0x80, 0x2, 0x0, 0x8, 0x0, 0x20, 0x0,
    0x80, 0x2, 0x0,

    /* U+C7CC "쟌" */
    0x0, 0x60, 0x8, 0x87, 0xe2, 0x1, 0x8f, 0xc,
    0x20, 0x20, 0x81, 0x62, 0x8, 0xcf, 0x41, 0x22,
    0x60, 0x80, 0x80, 0x2, 0x0, 0x8, 0x0, 0x3f,
    0xc0,

    /* U+C7CE "쟎" */
    0x0, 0x30, 0xfe, 0x20, 0x8, 0x78, 0x30, 0x80,
    0xc1, 0x3, 0x63, 0xcc, 0x24, 0x20, 0x0, 0x80,
    0xf0, 0x27, 0xf8, 0x43, 0xc0, 0x88, 0xc1, 0x10,
    0x83, 0xa3, 0x0, 0x3c, 0x0,

    /* U+C7D0 "쟐" */
    0x0, 0x21, 0xfc, 0x80, 0x63, 0xc1, 0x8, 0xc,
    0x20, 0x4c, 0xf6, 0x1a, 0x20, 0x0, 0x1f, 0xe0,
    0x0, 0x80, 0x2, 0x7, 0xf8, 0x8, 0x0, 0x3f,
    0xc0,

    /* U+C7D8 "쟘" */
    0x0, 0x60, 0x0, 0x87, 0xe2, 0x1, 0x8f, 0xc,
    0x20, 0x30, 0x83, 0x33, 0xd0, 0x68, 0x80, 0x0,
    0x7f, 0x80, 0x82, 0x2, 0x8, 0x8, 0x20, 0x3f,
    0x80,

    /* U+C7DD "쟝" */
    0x0, 0x30, 0x0, 0x21, 0xfc, 0x40, 0x10, 0xf0,
    0x41, 0x1, 0x42, 0x4, 0x47, 0x90, 0x48, 0x40,
    0x10, 0x7, 0xc0, 0x18, 0xc0, 0x20, 0x80, 0x63,
    0x0, 0x7c, 0x0,

    /* U+C7E4 "쟤" */
    0x0, 0x18, 0x6, 0x40, 0x92, 0xfc, 0x90, 0x67,
    0x82, 0x24, 0x31, 0x22, 0x4f, 0x23, 0x4a, 0xa,
    0x40, 0x12, 0x0, 0x90, 0x4, 0x80, 0x4,

    /* U+C7E8 "쟨" */
    0x0, 0xc8, 0x9, 0x27, 0xe4, 0x81, 0x1e, 0xc,
    0x48, 0x31, 0x21, 0x27, 0x88, 0x52, 0xc0, 0x48,
    0x31, 0x20, 0x40, 0x1, 0x0, 0x4, 0x0, 0x1f,
    0xf0,

    /* U+C7EC "쟬" */
    0x0, 0xc8, 0x9, 0x27, 0xe4, 0x81, 0x1e, 0x8,
    0x48, 0x59, 0xe2, 0x34, 0x90, 0x12, 0x0, 0x0,
    0x3f, 0xe0, 0x0, 0x83, 0xfe, 0x4, 0x0, 0x1f,
    0xf0,

    /* U+C800 "저" */
    0x0, 0x30, 0x1, 0x7f, 0x10, 0x21, 0x6, 0x10,
    0x41, 0xd, 0xf0, 0xc1, 0x12, 0x12, 0x11, 0x40,
    0x98, 0x1, 0x0, 0x10, 0x1, 0x0, 0x10,

    /* U+C801 "적" */
    0x0, 0x17, 0xf1, 0x2, 0x10, 0x61, 0x4, 0xf0,
    0xc1, 0x13, 0x12, 0x9, 0xc0, 0x1, 0xff, 0x0,
    0x10, 0x1, 0x0, 0x10, 0x1, 0x0, 0x10,

    /* U+C804 "전" */
    0x0, 0x11, 0xfc, 0x40, 0x21, 0x0, 0x84, 0x4,
    0xf0, 0x30, 0x41, 0x31, 0x8, 0x64, 0x40, 0x90,
    0x30, 0x40, 0x40, 0x1, 0x0, 0x4, 0x0, 0x1f,
    0xe0,

    /* U+C808 "절" */
    0x0, 0x11, 0xfc, 0x40, 0x31, 0x0, 0x84, 0x4,
    0xf0, 0x38, 0x41, 0x19, 0x8, 0x0, 0x4f, 0xf0,
    0x0, 0x40, 0x1, 0x3, 0xfc, 0x4, 0x0, 0x1f,
    0xe0,

    /* U+C80A "젊" */
    0x0, 0x37, 0xf1, 0x3, 0x10, 0x21, 0x4, 0xf0,
    0xa1, 0x11, 0x12, 0x9, 0xc0, 0x3, 0xff, 0x2,
    0x93, 0xe9, 0x10, 0x91, 0xef,

    /* U+C810 "점" */
    0x0, 0x17, 0xf1, 0x2, 0x10, 0x61, 0x4, 0xf0,
    0xc1, 0x13, 0x12, 0x9, 0xc0, 0x0, 0xff, 0x4,
    0x10, 0x41, 0x4, 0x10, 0x7f,

    /* U+C811 "접" */
    0x0, 0x37, 0xf1, 0x3, 0x10, 0x21, 0x4, 0xf0,
    0xe1, 0x13, 0x12, 0x9, 0x40, 0x28, 0xc1, 0x4,
    0x10, 0x7f, 0x4, 0x10, 0x7f, 0x4, 0x0,

    /* U+C813 "젓" */
    0x0, 0x13, 0xf8, 0x80, 0x84, 0xc, 0x20, 0x4f,
    0x6, 0x8, 0x4c, 0x44, 0x32, 0xc0, 0x10, 0xc,
    0x80, 0x40, 0x7, 0x80, 0x62, 0x4, 0xc, 0x40,
    0x20,

    /* U+C815 "정" */
    0x0, 0x17, 0xf1, 0x2, 0x10, 0x61, 0x5, 0xf0,
    0xc1, 0x12, 0x12, 0x11, 0x40, 0x18, 0x3e, 0x6,
    0x30, 0x41, 0x6, 0x30, 0x3e,

    /* U+C816 "젖" */
    0x0, 0x33, 0xf8, 0x80, 0x84, 0xc, 0x20, 0x4f,
    0x6, 0x8, 0x4c, 0x44, 0x12, 0xc0, 0x0, 0xff,
    0x80, 0x60, 0x3, 0x0, 0x67, 0x4, 0xc, 0x40,
    0x0,

    /* U+C81C "제" */
    0x0, 0x18, 0x2, 0x5f, 0x92, 0x8, 0x90, 0x44,
    0x84, 0x24, 0x27, 0x22, 0x89, 0x22, 0x4a, 0xa,
    0x40, 0x12, 0x0, 0x90, 0x4, 0x80, 0x4, 0x0,
    0x20,

    /* U+C81D "젝" */
    0x0, 0xc8, 0x2, 0x5f, 0x92, 0x8, 0x90, 0xbc,
    0x8e, 0x24, 0x89, 0x28, 0x69, 0x0, 0x0, 0xff,
    0xc0, 0x2, 0x0, 0x10, 0x0, 0x80, 0x4, 0x0,
    0x20,

    /* U+C820 "젠" */
    0x0, 0x18, 0x3, 0x27, 0xe4, 0x81, 0x92, 0x4,
    0x48, 0x3f, 0x21, 0xc4, 0x88, 0x92, 0x41, 0x48,
    0x31, 0x20, 0x40, 0x1, 0x0, 0x4, 0x0, 0x1f,
    0xf0,

    /* U+C824 "젤" */
    0x0, 0xc9, 0xf9, 0x20, 0x64, 0x81, 0x12, 0xb,
    0xc8, 0x71, 0x23, 0x24, 0x98, 0x52, 0x80, 0x0,
    0x3f, 0xe0, 0x0, 0x83, 0xfe, 0x4, 0x0, 0x1f,
    0xf0,

    /* U+C82C "젬" */
    0x0, 0xd0, 0x5, 0x7e, 0x50, 0x45, 0xb, 0xd1,
    0xc5, 0x26, 0x54, 0x35, 0x0, 0x0, 0x7f, 0x4,
    0x10, 0x41, 0x4, 0x10, 0x7f,

    /* U+C82D "젭" */
    0x0, 0xd0, 0x5, 0x7e, 0x50, 0x45, 0xb, 0xd0,
    0x85, 0x16, 0x56, 0x25, 0x80, 0x0, 0xc1, 0x4,
    0x10, 0x7f, 0x4, 0x10, 0x7f, 0x4, 0x0,

    /* U+C82F "젯" */
    0x0, 0xd8, 0x1, 0x27, 0xe4, 0x81, 0x12, 0xf,
    0xc8, 0x31, 0x21, 0x24, 0x88, 0x52, 0xc1, 0x8,
    0x2, 0x20, 0x8, 0x0, 0x58, 0x2, 0x10, 0x30,
    0x20,

    /* U+C831 "젱" */
    0x0, 0xc8, 0x2, 0x5f, 0x92, 0x4, 0x90, 0x5c,
    0x86, 0x24, 0x49, 0x24, 0x29, 0x40, 0x8, 0xf,
    0xc0, 0xc6, 0x4, 0x10, 0x20, 0x81, 0x8c, 0x7,
    0xc0,

    /* U+C838 "져" */
    0x0, 0x30, 0x1, 0x7f, 0x10, 0x21, 0x6, 0xf0,
    0x41, 0x8, 0x11, 0x4f, 0x23, 0x14, 0x11, 0x80,
    0x10, 0x1, 0x0, 0x10, 0x1, 0x0, 0x10,

    /* U+C83C "젼" */
    0x0, 0x30, 0x0, 0x47, 0xf1, 0x0, 0xbc, 0x6,
    0x10, 0x30, 0x40, 0xaf, 0x4, 0x44, 0x60, 0x90,
    0x30, 0x40, 0x40, 0x1, 0x0, 0x4, 0x0, 0x1f,
    0xe0,

    /* U+C840 "졀" */
    0x0, 0x23, 0xf1, 0x1, 0xf8, 0x18, 0x40, 0x82,
    0xa, 0xf0, 0x8c, 0x98, 0x20, 0x1f, 0xe0, 0x1,
    0x0, 0x8, 0x3f, 0xc0, 0x80, 0x7, 0xf8,

    /* U+C848 "졈" */
    0x0, 0x30, 0x1, 0x7f, 0x10, 0x6f, 0x4, 0x10,
    0xef, 0x13, 0x16, 0x11, 0x80, 0x0, 0xff, 0x4,
    0x10, 0x41, 0x4, 0x10, 0x7f,

    /* U+C849 "졉" */
    0x0, 0x33, 0xf8, 0x80, 0xbc, 0xc, 0x20, 0xc1,
    0x5, 0x78, 0x44, 0x4c, 0x12, 0x80, 0x20, 0x60,
    0x81, 0x4, 0xf, 0xe0, 0x41, 0x3, 0xf8,

    /* U+C84C "졌" */
    0x0, 0x33, 0xf8, 0x80, 0xbc, 0xc, 0x20, 0x41,
    0x7, 0x78, 0x4c, 0x44, 0x32, 0xc0, 0x10, 0x61,
    0x1, 0x8, 0x18, 0xc1, 0x2d, 0x10, 0x45, 0xc,
    0x0,

    /* U+C84D "졍" */
    0x0, 0x37, 0xf1, 0x6, 0xf0, 0x41, 0x8, 0x11,
    0xcf, 0x33, 0x14, 0x11, 0x80, 0x10, 0x3e, 0x6,
    0x30, 0x41, 0x6, 0x30, 0x3e,

    /* U+C854 "졔" */
    0x0, 0xd8, 0x2, 0x7f, 0x92, 0x8, 0x90, 0x7c,
    0x84, 0x24, 0x61, 0x23, 0x79, 0x24, 0x4a, 0x12,
    0x60, 0x12, 0x0, 0x90, 0x4, 0x80, 0x24, 0x0,
    0x20,

    /* U+C870 "조" */
    0x3f, 0xe0, 0x0, 0xc0, 0x3, 0x0, 0x8, 0x0,
    0x6c, 0x3, 0x7, 0x18, 0xc0, 0x0, 0x80, 0x1,
    0x0, 0x2, 0x3, 0xff, 0xf8,

    /* U+C871 "족" */
    0x1f, 0xe0, 0x1, 0x0, 0x18, 0x1, 0xb0, 0x18,
    0x39, 0x84, 0x0, 0x10, 0x3f, 0xff, 0x0, 0x0,
    0x0, 0x1, 0xfe, 0x0, 0x8, 0x0, 0x20, 0x0,
    0x80, 0x2, 0x0,

    /* U+C874 "존" */
    0x1f, 0xe0, 0x0, 0x80, 0x6, 0x0, 0x37, 0x1,
    0x81, 0x8c, 0x20, 0x0, 0x40, 0x3f, 0xff, 0x0,
    0x0, 0x30, 0x0, 0x20, 0x0, 0x40, 0x0, 0xff,
    0x0,

    /* U+C878 "졸" */
    0x1f, 0xf0, 0x0, 0xc0, 0x3, 0x0, 0x1c, 0x0,
    0xc7, 0x8e, 0x20, 0x0, 0x40, 0x3f, 0xff, 0x0,
    0x0, 0x3f, 0xe0, 0x0, 0x40, 0xff, 0x80, 0x80,
    0x1, 0xff, 0x0,

    /* U+C87A "졺" */
    0x1f, 0xf0, 0x1, 0x80, 0x8, 0x0, 0xe0, 0xc,
    0x79, 0xc4, 0x0, 0x10, 0x1f, 0xff, 0x0, 0x0,
    0x7f, 0xc0, 0x29, 0xf, 0xa4, 0x10, 0x90, 0x7b,
    0xc0,

    /* U+C880 "좀" */
    0x1f, 0xe0, 0x1, 0x0, 0x18, 0x0, 0xf0, 0x1c,
    0x39, 0x84, 0x0, 0x10, 0x3f, 0xff, 0x0, 0x0,
    0x0, 0x1, 0xfe, 0x2, 0x8, 0x8, 0x20, 0x3f,
    0x80,

    /* U+C881 "좁" */
    0x1f, 0xe0, 0x0, 0x80, 0x6, 0x0, 0x1e, 0x1,
    0xc3, 0x8c, 0x20, 0x0, 0x40, 0x7f, 0xff, 0x0,
    0x0, 0x30, 0xc0, 0x20, 0x80, 0x7f, 0x0, 0x82,
    0x1, 0xfe, 0x2, 0x0, 0x0,

    /* U+C883 "좃" */
    0x1f, 0xe0, 0x0, 0x80, 0x6, 0x0, 0x36, 0x1,
    0x83, 0x8c, 0x20, 0x0, 0x40, 0x7f, 0xff, 0x0,
    0x0, 0x2, 0x0, 0x4, 0x0, 0x1c, 0x0, 0x46,
    0x3, 0x6, 0x8, 0x0, 0x0,

    /* U+C885 "종" */
    0x1f, 0xf0, 0x0, 0xc0, 0x3, 0x0, 0x1c, 0x0,
    0xc7, 0x8e, 0x60, 0x0, 0x40, 0x7f, 0xff, 0x0,
    0x0, 0xf, 0x80, 0x31, 0x80, 0x41, 0x0, 0x82,
    0x1, 0x8c, 0x1, 0xf0, 0x0,

    /* U+C886 "좆" */
    0x1f, 0xe0, 0x0, 0x80, 0x6, 0x0, 0x1e, 0x1,
    0xc3, 0x8c, 0x20, 0x0, 0x40, 0x7f, 0xff, 0x0,
    0x0, 0x7f, 0xe0, 0x4, 0x0, 0x18, 0x0, 0x6c,
    0x1, 0x6, 0xc, 0x4, 0x0,

    /* U+C887 "좇" */
    0x1f, 0xf0, 0x0, 0xc0, 0x2, 0x0, 0x1c, 0x0,
    0xc7, 0x8e, 0x20, 0x0, 0x40, 0x7f, 0xff, 0x4,
    0x0, 0x7, 0x0, 0xff, 0xc0, 0x8, 0x0, 0x38,
    0x0, 0x88, 0x6, 0xc, 0x0,

    /* U+C88B "좋" */
    0x3f, 0xe0, 0x0, 0x80, 0x6, 0x0, 0x7f, 0x3,
    0x41, 0x88, 0x40, 0x20, 0xff, 0x3e, 0x0, 0x7,
    0x80, 0x0, 0x20, 0xff, 0xc0, 0x3c, 0x0, 0x84,
    0x1, 0x8, 0x1, 0xe0, 0x0,

    /* U+C88C "좌" */
    0x0, 0x10, 0xfe, 0x20, 0xc, 0x40, 0x10, 0x80,
    0x41, 0x1, 0x62, 0xc, 0x27, 0xa6, 0x8, 0x4,
    0x10, 0x8, 0xe3, 0xfe, 0x40, 0x0, 0x80, 0x1,
    0x0, 0x2, 0x0, 0x4, 0x0,

    /* U+C88D "좍" */
    0x0, 0x30, 0xfe, 0x20, 0x8, 0x40, 0x20, 0x80,
    0xb9, 0x62, 0x3, 0xdb, 0x4, 0x2, 0x8, 0xff,
    0xf0, 0x0, 0x0, 0x7f, 0xc0, 0x0, 0x80, 0x1,
    0x0, 0x2, 0x0, 0x4, 0x0,

    /* U+C894 "좔" */
    0x0, 0x30, 0xfe, 0x20, 0x8, 0x40, 0x20, 0x81,
    0xb9, 0xe4, 0x82, 0x1, 0x1c, 0x7f, 0xc8, 0x0,
    0x0, 0x3f, 0xe0, 0x0, 0x40, 0xff, 0x80, 0x80,
    0x1, 0xff, 0x0,

    /* U+C89D "좝" */
    0x0, 0x61, 0xfc, 0x80, 0x22, 0x3, 0x8, 0x13,
    0x3d, 0xb0, 0x88, 0x4e, 0x3f, 0xc8, 0x40, 0x0,
    0x61, 0x80, 0x82, 0x3, 0xf8, 0x8, 0x20, 0x3f,
    0xc0, 0x80, 0x0,

    /* U+C89F "좟" */
    0x0, 0x30, 0xfe, 0x20, 0x8, 0x40, 0x20, 0x80,
    0xb9, 0x2, 0x1b, 0xd9, 0x4, 0x2, 0x8, 0xff,
    0xf0, 0x0, 0x20, 0x6, 0x40, 0x8, 0x0, 0x2c,
    0x0, 0x86, 0x6, 0x6, 0x0,

    /* U+C8A1 "좡" */
    0x0, 0x10, 0x7e, 0x20, 0x8, 0x40, 0x20, 0x80,
    0xb9, 0x2, 0x3, 0xd9, 0x4, 0x2, 0x78, 0x73,
    0x10, 0x7, 0xc0, 0x18, 0xc0, 0x20, 0x80, 0x41,
    0x0, 0xc6, 0x0, 0xf8, 0x0,

    /* U+C8A8 "좨" */
    0x0, 0x18, 0x6, 0x5f, 0x92, 0x8, 0x90, 0x84,
    0x8e, 0x24, 0x8d, 0xeb, 0x29, 0x88, 0x48, 0x46,
    0x7f, 0xd2, 0x0, 0x90, 0x4, 0x80, 0x24, 0x0,
    0x20,

    /* U+C8BC "좼" */
    0x0, 0x64, 0x7e, 0x48, 0x8, 0x90, 0x21, 0x21,
    0xb3, 0xcd, 0x94, 0x81, 0x9, 0x3, 0xf2, 0x78,
    0x4, 0xc, 0x30, 0x8, 0x40, 0x30, 0xc0, 0x92,
    0xc2, 0x8, 0xc8, 0x20, 0x0,

    /* U+C8BD "좽" */
    0x0, 0x69, 0xf9, 0x40, 0x8a, 0x8, 0x50, 0xe2,
    0x88, 0xdd, 0xb0, 0xa0, 0x85, 0x7f, 0xe8, 0x7,
    0xc0, 0x46, 0x6, 0x10, 0x30, 0x80, 0x8c, 0x3,
    0xc0,

    /* U+C8C4 "죄" */
    0x0, 0x30, 0x1, 0x7f, 0x10, 0x21, 0x6, 0x10,
    0xe1, 0x11, 0xd6, 0x41, 0x84, 0x10, 0x4f, 0xff,
    0x10, 0x1, 0x0, 0x10, 0x1, 0x0, 0x10,

    /* U+C8C8 "죈" */
    0x0, 0x33, 0xf8, 0x80, 0x84, 0x8, 0x21, 0xb9,
    0x16, 0x9, 0x10, 0x40, 0x9e, 0xff, 0x10, 0x0,
    0x86, 0x0, 0x10, 0x0, 0x80, 0x7, 0xfc,

    /* U+C8CC "죌" */
    0x0, 0x33, 0xf8, 0x80, 0x84, 0x8, 0x21, 0xbd,
    0x36, 0x8, 0x10, 0xdf, 0xea, 0x0, 0x0, 0xff,
    0x80, 0x4, 0x3f, 0xe0, 0x80, 0x7, 0xfc,

    /* U+C8D4 "죔" */
    0x0, 0x37, 0xf1, 0x2, 0x10, 0x41, 0xb, 0x93,
    0x9, 0x44, 0x10, 0x47, 0xff, 0x90, 0x0, 0xf,
    0xf0, 0xc1, 0x4, 0x10, 0x7f,

    /* U+C8D5 "죕" */
    0x0, 0x37, 0xf1, 0x3, 0x10, 0x61, 0x19, 0x96,
    0x41, 0x4, 0x7f, 0xf9, 0x40, 0x0, 0xc3, 0x4,
    0x10, 0x7f, 0x4, 0x10, 0x7f,

    /* U+C8D7 "죗" */
    0x0, 0x33, 0xf8, 0x80, 0x84, 0x8, 0x20, 0xb1,
    0x18, 0x49, 0x10, 0x40, 0x8e, 0xfe, 0x90, 0x10,
    0x80, 0x64, 0x6, 0x0, 0x2c, 0x6, 0x18, 0x40,
    0x40,

    /* U+C8D9 "죙" */
    0x0, 0x17, 0xf1, 0x2, 0x10, 0x41, 0x1b, 0x92,
    0xc1, 0x4, 0x10, 0x7f, 0xf8, 0x10, 0x3e, 0x6,
    0x30, 0x41, 0x4, 0x10, 0x63, 0x3, 0xe0,

    /* U+C8E0 "죠" */
    0x3f, 0xf0, 0x0, 0xc0, 0x3, 0x0, 0xc, 0x0,
    0x6c, 0x1, 0x7, 0xc, 0x30, 0x26, 0x20, 0x4,
    0x40, 0x8, 0x83, 0xff, 0xf8,

    /* U+C8E1 "죡" */
    0x3f, 0xe0, 0x1, 0x0, 0x8, 0x0, 0xc0, 0xc,
    0xf0, 0xc2, 0x20, 0xc4, 0x1, 0x10, 0xff, 0xfc,
    0x0, 0x3, 0xfe, 0x0, 0x8, 0x0, 0x20, 0x0,
    0x80, 0x2, 0x0,

    /* U+C8E4 "죤" */
    0x1f, 0xf0, 0x0, 0x80, 0x6, 0x0, 0x33, 0xc3,
    0x8c, 0x0, 0x88, 0x1, 0x10, 0x3f, 0xff, 0x0,
    0x0, 0x30, 0x0, 0x20, 0x0, 0x40, 0x0, 0xff,
    0x0,

    /* U+C8F5 "죵" */
    0x1f, 0xf0, 0x0, 0xc0, 0x3, 0x0, 0x1c, 0x0,
    0xc7, 0x86, 0x8, 0x1, 0x10, 0x2, 0x27, 0x7b,
    0xb0, 0xf, 0x80, 0x31, 0x80, 0x41, 0x0, 0x82,
    0x1, 0x8c, 0x1, 0xf0, 0x0,

    /* U+C8FC "주" */
    0x1f, 0xe0, 0x0, 0x80, 0x6, 0x0, 0x36, 0x1,
    0x83, 0x8c, 0x0, 0x0, 0x0, 0x7f, 0xff, 0x1,
    0x0, 0x2, 0x0, 0x4, 0x0, 0x8, 0x0, 0x10,
    0x0, 0x20, 0x0,

    /* U+C8FD "죽" */
    0x1f, 0xf0, 0x1, 0x80, 0x8, 0x0, 0xe0, 0xc,
    0x70, 0xc0, 0x0, 0x0, 0x3f, 0xff, 0x1, 0x0,
    0x4, 0x1, 0xfe, 0x0, 0x8, 0x0, 0x20, 0x0,
    0x80, 0x2, 0x0,

    /* U+C900 "준" */
    0x3f, 0xe0, 0x3, 0x0, 0x10, 0x3, 0xbc, 0x30,
    0x0, 0x0, 0xf, 0xff, 0xc0, 0x40, 0x1, 0x0,
    0xc4, 0x1, 0x10, 0x4, 0x0, 0x1f, 0xf0,

    /* U+C904 "줄" */
    0x1f, 0xf0, 0x0, 0x80, 0x6, 0x0, 0x37, 0xc3,
    0x80, 0x0, 0x0, 0x1f, 0xff, 0x80, 0x80, 0x1,
    0x0, 0x3f, 0xe0, 0x0, 0x40, 0xff, 0x80, 0x80,
    0x1, 0xff, 0x0,

    /* U+C905 "줅" */
    0x1f, 0xf0, 0x0, 0x80, 0x6, 0x0, 0x37, 0x83,
    0x80, 0x80, 0x0, 0x3f, 0xff, 0x80, 0x80, 0x1,
    0x0, 0x3d, 0xe0, 0x8, 0x41, 0xf0, 0x81, 0x1,
    0x2, 0x12, 0x7, 0xc4, 0x0,

    /* U+C906 "줆" */
    0x1f, 0xe0, 0x1, 0x0, 0x18, 0x1, 0xbc, 0x38,
    0x8, 0x0, 0xf, 0xff, 0xc0, 0x40, 0x1, 0x0,
    0xff, 0xc0, 0x29, 0xf, 0xa4, 0x10, 0x90, 0x7b,
    0xc0,

    /* U+C90C "줌" */
    0x1f, 0xf0, 0x0, 0xc0, 0x3, 0x0, 0x1c, 0x0,
    0xc7, 0x86, 0x0, 0x0, 0x0, 0x7f, 0xff, 0x1,
    0x0, 0x2, 0x0, 0x7f, 0xc0, 0x41, 0x0, 0x82,
    0x1, 0xfc, 0x2, 0x0, 0x0,

    /* U+C90D "줍" */
    0x1f, 0xe0, 0x0, 0x80, 0x6, 0x0, 0x37, 0x81,
    0x80, 0x84, 0x0, 0x3f, 0xff, 0x80, 0x80, 0x1,
    0x0, 0x32, 0x40, 0x20, 0x80, 0x7f, 0x0, 0x82,
    0x1, 0xfe, 0x0,

    /* U+C90F "줏" */
    0x1f, 0xf0, 0x0, 0xc0, 0x3, 0x0, 0x18, 0x0,
    0x6f, 0x7, 0x1, 0x0, 0x0, 0x7f, 0xff, 0x1,
    0x0, 0x2, 0x0, 0x4, 0x0, 0x18, 0x0, 0x28,
    0x1, 0x8e, 0xc, 0x4, 0x0,

    /* U+C911 "중" */
    0x1f, 0xf0, 0x0, 0xc0, 0x3, 0x0, 0x18, 0x0,
    0xef, 0x86, 0x1, 0x0, 0x0, 0x7f, 0xff, 0x1,
    0x0, 0x2, 0x0, 0x1f, 0x0, 0x41, 0x0, 0x82,
    0x1, 0x8c, 0x1, 0xf0, 0x0,

    /* U+C918 "줘" */
    0x0, 0x19, 0xfc, 0x40, 0xc2, 0x4, 0x10, 0xe0,
    0x88, 0xe5, 0x80, 0x20, 0x9, 0x7f, 0x88, 0x20,
    0x41, 0x3e, 0x8, 0x10, 0x40, 0x82, 0x4,

    /* U+C92C "줬" */
    0x0, 0x18, 0xfe, 0x20, 0x30, 0x81, 0x82, 0x19,
    0xc8, 0x81, 0x27, 0xf8, 0x81, 0x3e, 0x4, 0x8,
    0x10, 0xa0, 0x43, 0x1, 0x8, 0xa, 0x30, 0x45,
    0x22, 0x8, 0x40,

    /* U+C934 "줴" */
    0x0, 0xc8, 0x12, 0x5f, 0x92, 0x8, 0x91, 0xc4,
    0x91, 0xa7, 0x1, 0x21, 0xe9, 0xf8, 0x48, 0x5e,
    0x42, 0x12, 0x10, 0x90, 0x84, 0x84, 0x24, 0x0,
    0x20,

    /* U+C950 "쥐" */
    0x0, 0x17, 0xf1, 0x3, 0x10, 0x61, 0xe, 0x11,
    0x1d, 0x60, 0x10, 0x7, 0xff, 0x90, 0x41, 0x4,
    0x10, 0x41, 0x4, 0x10, 0x41, 0x0, 0x10,

    /* U+C951 "쥑" */
    0x0, 0x33, 0xf9, 0x3, 0x10, 0x61, 0x19, 0xd6,
    0x1, 0x0, 0x7f, 0xf9, 0x4, 0x10, 0x40, 0x1f,
    0xf1, 0xff, 0x0, 0x10, 0x1, 0x0, 0x10, 0x1,

    /* U+C954 "쥔" */
    0x0, 0x18, 0xfe, 0x20, 0x10, 0x81, 0xe2, 0x18,
    0x49, 0x80, 0x20, 0x7, 0x9f, 0xa2, 0x4, 0x8,
    0x10, 0x20, 0xc0, 0x81, 0x0, 0x4, 0x0, 0x1f,
    0xf0,

    /* U+C958 "쥘" */
    0x0, 0x33, 0xf8, 0x80, 0x84, 0x1e, 0x23, 0xd,
    0x20, 0x8, 0x3, 0xdf, 0xe2, 0x8, 0x10, 0xff,
    0x80, 0x4, 0x3f, 0xe0, 0x80, 0x7, 0xfc,

    /* U+C960 "쥠" */
    0x0, 0x17, 0xf1, 0x3, 0x10, 0x41, 0x1b, 0xd4,
    0x1, 0x0, 0x7f, 0xf9, 0x4, 0x10, 0x40, 0xf,
    0xf0, 0x41, 0x4, 0x10, 0x7f, 0x4, 0x0,

    /* U+C961 "쥡" */
    0x0, 0x33, 0xf9, 0x3, 0x10, 0x61, 0x19, 0xd6,
    0x1, 0x0, 0xf7, 0xf1, 0x4, 0x10, 0x43, 0x4,
    0x10, 0x7f, 0x4, 0x10, 0x7f, 0x4, 0x0,

    /* U+C963 "쥣" */
    0x0, 0x31, 0xfc, 0x80, 0x44, 0xc, 0x20, 0x99,
    0x38, 0x8, 0x1, 0xdf, 0xf2, 0x4, 0x10, 0x2c,
    0x81, 0x24, 0x3, 0x0, 0x36, 0x2, 0x18, 0x60,
    0x20,

    /* U+C96C "쥬" */
    0x3f, 0xe0, 0x1, 0x0, 0x18, 0x0, 0xe0, 0x1c,
    0x79, 0x80, 0x0, 0x0, 0x3f, 0xff, 0x8, 0x40,
    0x21, 0x0, 0x84, 0x2, 0x10, 0x8, 0x40, 0x1,
    0x0,

    /* U+C970 "쥰" */
    0x3f, 0xe0, 0x2, 0x0, 0x30, 0x3, 0x3c, 0x30,
    0x1, 0x0, 0xf, 0xff, 0xc1, 0x20, 0x4, 0x80,
    0xd2, 0x1, 0x48, 0x4, 0x0, 0x1f, 0xf0,

    /* U+C974 "쥴" */
    0x1f, 0xf0, 0x0, 0xc0, 0x2, 0x0, 0x1f, 0x1,
    0xc1, 0x84, 0x0, 0x1f, 0xff, 0x82, 0x20, 0x4,
    0x40, 0x3f, 0xe0, 0x0, 0x80, 0xff, 0x80, 0x80,
    0x1, 0xff, 0x0,

    /* U+C97C "쥼" */
    0x1f, 0xf0, 0x0, 0xc0, 0x3, 0x0, 0x18, 0x0,
    0xef, 0x6, 0x1, 0x0, 0x0, 0x3f, 0xff, 0x4,
    0x40, 0x8, 0x80, 0x3f, 0x80, 0x41, 0x0, 0x82,
    0x1, 0xfc, 0x2, 0x0, 0x0,

    /* U+C988 "즈" */
    0x1f, 0xf0, 0x0, 0x40, 0x1, 0x0, 0xc, 0x0,
    0x3c, 0x1, 0x87, 0x4, 0x1, 0x30, 0x0, 0x0,
    0x0, 0x0, 0x1, 0xff, 0xf8,

    /* U+C989 "즉" */
    0x3f, 0xe0, 0x1, 0x0, 0x18, 0x0, 0xe0, 0xc,
    0x79, 0xc0, 0x0, 0x0, 0x3f, 0xff, 0x0, 0x0,
    0x0, 0x3, 0xfe, 0x0, 0x8, 0x0, 0x20, 0x0,
    0x80, 0x2, 0x0,

    /* U+C98C "즌" */
    0x1f, 0xf0, 0x0, 0x80, 0x6, 0x0, 0x33, 0xc3,
    0x80, 0x0, 0x0, 0x1f, 0xff, 0x80, 0x0, 0x0,
    0x0, 0x30, 0x0, 0x20, 0x0, 0x40, 0x0, 0xff,
    0x80,

    /* U+C990 "즐" */
    0x1f, 0xf0, 0x0, 0x40, 0x3, 0x0, 0x3b, 0xc1,
    0x80, 0x0, 0x0, 0x1f, 0xff, 0x80, 0x0, 0x0,
    0x0, 0x3f, 0xe0, 0x0, 0x40, 0xff, 0x80, 0x80,
    0x1, 0xff, 0x0,

    /* U+C998 "즘" */
    0x1f, 0xe0, 0x1, 0x80, 0x8, 0x0, 0xe0, 0xc,
    0x70, 0xc0, 0x0, 0x0, 0x3f, 0xff, 0x0, 0x0,
    0x7f, 0x80, 0x82, 0x2, 0x8, 0x8, 0x20, 0x3f,
    0x80, 0x80, 0x0,

    /* U+C999 "즙" */
    0x1f, 0xf0, 0x0, 0xc0, 0x3, 0x0, 0x18, 0x0,
    0xcf, 0x86, 0x0, 0x0, 0x0, 0x7f, 0xff, 0x0,
    0x0, 0x30, 0xc0, 0x20, 0x80, 0x7f, 0x0, 0x82,
    0x1, 0xfe, 0x0,

    /* U+C99B "즛" */
    0x1f, 0xf0, 0x0, 0xc0, 0x3, 0x0, 0x1c, 0x0,
    0xc7, 0x86, 0x0, 0x0, 0x0, 0x3f, 0xff, 0x0,
    0x0, 0x3, 0x0, 0x4, 0x0, 0x16, 0x0, 0x43,
    0x1, 0x1, 0xc, 0x0, 0x0,

    /* U+C99D "증" */
    0x1f, 0xf0, 0x0, 0xc0, 0x3, 0x0, 0x1c, 0x0,
    0xc7, 0x86, 0x0, 0x0, 0x0, 0x7f, 0xff, 0x0,
    0x0, 0xf, 0x80, 0x31, 0x80, 0x41, 0x0, 0x82,
    0x1, 0x8c, 0x0, 0xf0, 0x0,

    /* U+C9C0 "지" */
    0x0, 0x30, 0x1, 0x7f, 0x10, 0x31, 0x2, 0x10,
    0x61, 0xc, 0x10, 0xa1, 0x11, 0x92, 0x9, 0xc0,
    0x10, 0x1, 0x0, 0x10, 0x1, 0x0, 0x10,

    /* U+C9C1 "직" */
    0x0, 0x17, 0xf1, 0x3, 0x10, 0x21, 0x4, 0x10,
    0xa1, 0x11, 0x92, 0x9, 0xc0, 0x1, 0xff, 0x0,
    0x10, 0x1, 0x0, 0x10, 0x1, 0x0, 0x10,

    /* U+C9C4 "진" */
    0x0, 0x27, 0xe2, 0x6, 0x20, 0x42, 0x8, 0x21,
    0xc2, 0x23, 0x24, 0x12, 0x80, 0x21, 0x82, 0x8,
    0x0, 0x80, 0x8, 0x0, 0xff,

    /* U+C9C7 "짇" */
    0x0, 0x37, 0xf1, 0x2, 0x10, 0x61, 0xc, 0x11,
    0xa1, 0x31, 0x94, 0x9, 0x80, 0x1, 0xff, 0x8,
    0x0, 0x80, 0x8, 0x0, 0xff,

    /* U+C9C8 "질" */
    0x0, 0x23, 0xf9, 0x0, 0x88, 0x8, 0x40, 0xc2,
    0x9, 0x90, 0x86, 0x98, 0x0, 0x1f, 0xe0, 0x1,
    0x0, 0x8, 0x3f, 0xc0, 0x80, 0x7, 0xfc,

    /* U+C9CA "짊" */
    0x0, 0x7f, 0xc4, 0x8, 0x82, 0x10, 0xc2, 0x34,
    0x48, 0x4a, 0x1, 0x80, 0xf, 0xfc, 0x14, 0xbe,
    0x92, 0x12, 0x7b, 0xc0,

    /* U+C9D0 "짐" */
    0x0, 0x17, 0xf1, 0x3, 0x10, 0x21, 0x4, 0x10,
    0xa1, 0x11, 0x92, 0x9, 0xc0, 0x0, 0xff, 0x4,
    0x10, 0x41, 0x4, 0x10, 0x7f,

    /* U+C9D1 "집" */
    0x0, 0x7f, 0xc4, 0x18, 0x82, 0x10, 0x82, 0x28,
    0x48, 0xca, 0x9, 0x80, 0x43, 0x4, 0x20, 0x87,
    0xf0, 0x82, 0x1f, 0xc2, 0x0,

    /* U+C9D3 "짓" */
    0x0, 0x13, 0xf8, 0x80, 0xc4, 0x4, 0x20, 0x41,
    0x5, 0x8, 0x46, 0x44, 0x12, 0xc1, 0x10, 0xc,
    0x0, 0x60, 0x4, 0x80, 0xc3, 0x8, 0xc,

    /* U+C9D5 "징" */
    0x0, 0x37, 0xf1, 0x2, 0x10, 0x61, 0x4, 0x10,
    0xa1, 0x11, 0x92, 0x9, 0xc0, 0x10, 0x3e, 0x6,
    0x30, 0x41, 0x6, 0x30, 0x3e,

    /* U+C9D6 "짖" */
    0x0, 0x33, 0xf8, 0x80, 0xc4, 0x4, 0x20, 0x41,
    0x5, 0x88, 0xc6, 0x48, 0x2, 0x0, 0x0, 0xff,
    0x80, 0x60, 0x7, 0x80, 0x63, 0xc, 0xc,

    /* U+C9D9 "짙" */
    0x0, 0x37, 0xf1, 0x2, 0x10, 0x41, 0xc, 0x11,
    0xe1, 0x21, 0x14, 0x9, 0x90, 0x1, 0xff, 0x8,
    0x0, 0xff, 0x8, 0x0, 0xff,

    /* U+C9DA "짚" */
    0x0, 0x2f, 0xf3, 0x2, 0x30, 0x43, 0xc, 0x31,
    0xe3, 0x21, 0x24, 0xa, 0x80, 0x1, 0xff, 0xc,
    0x40, 0x44, 0x4, 0x43, 0xff,

    /* U+C9DC "짜" */
    0x0, 0x30, 0x0, 0x21, 0xfe, 0x40, 0x44, 0x80,
    0x99, 0x2, 0x22, 0x6, 0x47, 0x97, 0x48, 0x46,
    0x51, 0x8, 0xa0, 0x20, 0x40, 0x80, 0x80, 0x1,
    0x0, 0x2, 0x0, 0x4, 0x0,

    /* U+C9DD "짝" */
    0x0, 0x10, 0xff, 0x20, 0x22, 0x40, 0x88, 0x81,
    0x91, 0xe5, 0xd2, 0x11, 0x14, 0x42, 0x8, 0x8,
    0x10, 0x20, 0x0, 0x7f, 0xc0, 0x0, 0x80, 0x1,
    0x0, 0x2, 0x0, 0x4, 0x0, 0x8,

    /* U+C9E0 "짠" */
    0x0, 0x23, 0xfc, 0x81, 0x12, 0x4, 0x48, 0x32,
    0x21, 0xa8, 0xf4, 0x5a, 0x22, 0x28, 0x10, 0x20,
    0x40, 0x80, 0x82, 0x2, 0x0, 0x8, 0x0, 0x3f,
    0xc0,

    /* U+C9E2 "짢" */
    0x0, 0x30, 0xff, 0x20, 0x24, 0x40, 0x88, 0x81,
    0xb1, 0xe4, 0xd2, 0x11, 0x14, 0x4, 0x0, 0x10,
    0xf0, 0x67, 0xf8, 0x43, 0xc0, 0x88, 0x81, 0x11,
    0x3, 0xde, 0x0,

    /* U+C9E4 "짤" */
    0x0, 0x30, 0xff, 0x20, 0x66, 0x40, 0x88, 0x82,
    0xb1, 0xe9, 0xd2, 0x21, 0x14, 0x4, 0x8, 0x10,
    0x0, 0x3f, 0xe0, 0x0, 0x40, 0xff, 0x80, 0x80,
    0x1, 0xfe, 0x0,

    /* U+C9E7 "짧" */
    0x0, 0x30, 0xff, 0x20, 0x22, 0x40, 0x88, 0x81,
    0x91, 0xe4, 0xda, 0x11, 0x14, 0x4, 0x8, 0x0,
    0x0, 0x7f, 0x20, 0xa, 0x41, 0xf7, 0x81, 0x9,
    0x3, 0xde, 0x0,

    /* U+C9EC "짬" */
    0x0, 0x10, 0xff, 0xa0, 0x22, 0x40, 0x4c, 0x81,
    0x91, 0xe4, 0xd2, 0x11, 0x94, 0x4, 0x8, 0x0,
    0x0, 0x1f, 0xe0, 0x10, 0x40, 0x20, 0x80, 0x41,
    0x0, 0xfe, 0x0,

    /* U+C9ED "짭" */
    0x0, 0x10, 0xff, 0x20, 0x22, 0x40, 0x88, 0x81,
    0x91, 0xe4, 0xda, 0x11, 0x14, 0x4, 0x8, 0x0,
    0x0, 0x18, 0x60, 0x10, 0x40, 0x3f, 0x80, 0x41,
    0x0, 0xfe, 0x1, 0x0, 0x0,

    /* U+C9EF "짯" */
    0x0, 0x10, 0xff, 0x20, 0x22, 0x40, 0xcc, 0x81,
    0x11, 0x7, 0x63, 0xc9, 0xa4, 0x22, 0x28, 0x8,
    0x10, 0x23, 0x20, 0x2, 0x0, 0xc, 0x0, 0x26,
    0x0, 0x82, 0x6, 0x2, 0x0,

    /* U+C9F0 "짰" */
    0x0, 0x10, 0xff, 0x20, 0x22, 0x40, 0x88, 0x82,
    0x91, 0xe8, 0xda, 0x21, 0x14, 0x4, 0x8, 0x10,
    0x60, 0x8, 0x40, 0x10, 0x80, 0x52, 0x81, 0x1c,
    0x84, 0x21, 0x80, 0x0, 0x0,

    /* U+C9F1 "짱" */
    0x0, 0x10, 0xff, 0x20, 0x22, 0x40, 0xcc, 0x81,
    0x11, 0x5, 0x63, 0xd1, 0xa4, 0x42, 0x28, 0x8,
    0x10, 0x27, 0xc0, 0x18, 0xc0, 0x20, 0x80, 0x41,
    0x0, 0xc6, 0x0, 0xf8, 0x0,

    /* U+C9F8 "째" */
    0x0, 0x18, 0x2, 0x7f, 0xd2, 0x24, 0x91, 0x24,
    0x99, 0x24, 0x99, 0xea, 0xc9, 0x49, 0x4c, 0x4a,
    0x44, 0x12, 0x40, 0x90, 0x4, 0x80, 0x24, 0x0,
    0x20,

    /* U+C9F9 "짹" */
    0x0, 0xc8, 0x2, 0x7f, 0xd2, 0x24, 0x92, 0x27,
    0xab, 0x25, 0x25, 0x31, 0x29, 0x10, 0x49, 0x0,
    0x7, 0xfe, 0x0, 0x10, 0x0, 0x80, 0x4, 0x0,
    0x20,

    /* U+C9FC "짼" */
    0x0, 0xc8, 0x1, 0x2f, 0xf4, 0x84, 0x92, 0x12,
    0x48, 0xd9, 0xe5, 0xe4, 0xa2, 0x52, 0x10, 0x48,
    0x31, 0x20, 0x40, 0x1, 0x0, 0x4, 0x0, 0x1f,
    0xf0,

    /* U+CA00 "쨀" */
    0x0, 0xdb, 0xf9, 0x21, 0x24, 0x8c, 0x92, 0x26,
    0x79, 0xd9, 0x24, 0x94, 0xa2, 0x52, 0x10, 0x0,
    0x3f, 0xe0, 0x0, 0x83, 0xfe, 0x4, 0x0, 0x1f,
    0xf0,

    /* U+CA08 "쨈" */
    0x0, 0xd0, 0x5, 0xff, 0x51, 0x25, 0x22, 0x75,
    0x65, 0x89, 0x51, 0x15, 0x20, 0x0, 0xff, 0x4,
    0x10, 0x41, 0x4, 0x10, 0x7f,

    /* U+CA09 "쨉" */
    0x0, 0x68, 0x1, 0x5f, 0xca, 0x12, 0x51, 0x23,
    0x95, 0x15, 0x36, 0xb1, 0x15, 0x8, 0x0, 0xb0,
    0x40, 0x82, 0x7, 0xf0, 0x20, 0x81, 0xfc, 0x8,
    0x0,

    /* U+CA0B "쨋" */
    0x0, 0xc8, 0x1, 0x2f, 0xf4, 0x84, 0x92, 0x22,
    0x78, 0xd9, 0x24, 0x94, 0xa2, 0x52, 0x10, 0x48,
    0x3, 0x20, 0x8, 0x0, 0x50, 0x2, 0x30, 0x30,
    0x21, 0x0, 0x0,

    /* U+CA0C "쨌" */
    0x0, 0xd8, 0x1, 0x2f, 0xf4, 0x84, 0x92, 0x22,
    0x78, 0xd9, 0x25, 0xf4, 0xa2, 0x52, 0x10, 0x8,
    0x90, 0xc0, 0x63, 0x1, 0xc, 0xb, 0x58, 0x46,
    0x32, 0x10, 0x40,

    /* U+CA0D "쨍" */
    0x0, 0x88, 0x2, 0x5f, 0xd2, 0x24, 0x91, 0x27,
    0x9b, 0x25, 0x35, 0x31, 0x19, 0x10, 0x8, 0xf,
    0xc0, 0xc6, 0x4, 0x10, 0x20, 0x81, 0x8c, 0x7,
    0xc0,

    /* U+CA14 "쨔" */
    0x0, 0x30, 0x0, 0x21, 0xfe, 0x40, 0x44, 0x80,
    0x99, 0xe2, 0x22, 0x6, 0x44, 0x17, 0x48, 0x46,
    0x5f, 0x8, 0x20, 0x20, 0x40, 0x80, 0x80, 0x1,
    0x0, 0x2, 0x0, 0x4, 0x0,

    /* U+CA18 "쨘" */
    0x0, 0x60, 0x24, 0x87, 0xf2, 0x4, 0xcf, 0x32,
    0x21, 0xb4, 0x88, 0x4b, 0xc2, 0x8, 0x10, 0x20,
    0x40, 0x80, 0x80, 0x2, 0x0, 0x8, 0x0, 0x3f,
    0xc0,

    /* U+CA29 "쨩" */
    0x0, 0x30, 0x11, 0x21, 0xfe, 0x40, 0x88, 0xf1,
    0x11, 0x5, 0x62, 0x11, 0x37, 0xc4, 0x28, 0x10,
    0x10, 0x7, 0xc0, 0x18, 0xc0, 0x20, 0x80, 0x41,
    0x0, 0xc6, 0x0, 0x78, 0x0,

    /* U+CA4C "쩌" */
    0x0, 0x18, 0x0, 0x5f, 0xe2, 0x19, 0x10, 0x88,
    0x88, 0xbc, 0x64, 0x24, 0xd1, 0x46, 0x4c, 0x22,
    0x42, 0x2, 0x0, 0x10, 0x0, 0x80, 0x4, 0x0,
    0x20,

    /* U+CA4D "쩍" */
    0x0, 0x17, 0xf9, 0x19, 0x11, 0x11, 0x32, 0xf7,
    0xf1, 0x8c, 0x90, 0x89, 0x10, 0x1, 0xff, 0x0,
    0x10, 0x1, 0x0, 0x10, 0x1, 0x0, 0x10,

    /* U+CA50 "쩐" */
    0x0, 0x9, 0xfe, 0x20, 0x88, 0x86, 0x62, 0x11,
    0x78, 0xac, 0x24, 0x68, 0xa1, 0x12, 0x8, 0x8,
    0x60, 0x20, 0x40, 0x1, 0x0, 0x4, 0x0, 0x1f,
    0xf0,

    /* U+CA54 "쩔" */
    0x0, 0x11, 0xfe, 0x40, 0x99, 0x2, 0x44, 0x11,
    0x70, 0xec, 0x44, 0x69, 0x21, 0x14, 0x8, 0x0,
    0x3f, 0xc0, 0x1, 0x3, 0xfc, 0x4, 0x0, 0x1f,
    0xf0,

    /* U+CA5C "쩜" */
    0x0, 0x17, 0xf9, 0x9, 0x91, 0x11, 0x33, 0x72,
    0xb1, 0x44, 0x98, 0x81, 0x10, 0x0, 0xff, 0x4,
    0x10, 0x41, 0x4, 0x10, 0x7f,

    /* U+CA5D "쩝" */
    0x0, 0x13, 0xfc, 0x82, 0x44, 0x32, 0x21, 0x3f,
    0x15, 0x89, 0x12, 0x51, 0x12, 0x10, 0x20, 0x60,
    0x81, 0x4, 0xf, 0xe0, 0x41, 0x3, 0xf8, 0x10,
    0x0,

    /* U+CA5F "쩟" */
    0x0, 0x17, 0xfc, 0x86, 0x44, 0x22, 0x23, 0x3f,
    0x3d, 0x89, 0x36, 0x51, 0x12, 0x11, 0x10, 0xc,
    0x80, 0x60, 0x4, 0x80, 0xc3, 0x8, 0xc,

    /* U+CA60 "쩠" */
    0x0, 0x13, 0xfc, 0x86, 0x44, 0x22, 0x23, 0x3f,
    0x1d, 0x9, 0x36, 0x51, 0x12, 0x10, 0x10, 0x61,
    0x1, 0x8, 0x18, 0xc1, 0xa5, 0x8, 0x45, 0x84,
    0x0,

    /* U+CA61 "쩡" */
    0x0, 0x1f, 0xf1, 0x19, 0x11, 0x31, 0x32, 0xf7,
    0xe1, 0x4d, 0x98, 0x89, 0x10, 0x10, 0x3e, 0x6,
    0x30, 0x41, 0x6, 0x30, 0x3e,

    /* U+CA68 "쩨" */
    0x0, 0xc, 0x0, 0x97, 0xf2, 0x42, 0x49, 0x19,
    0x24, 0x4c, 0x91, 0x2e, 0x4a, 0x89, 0x2d, 0x25,
    0x12, 0x90, 0x8a, 0x44, 0x9, 0x0, 0x24, 0x0,
    0x90, 0x0, 0x40,

    /* U+CA7D "쩽" */
    0x0, 0x6c, 0x0, 0xb7, 0xf2, 0xc4, 0x8b, 0x12,
    0xec, 0xd8, 0xb4, 0xd2, 0xe2, 0x2b, 0x10, 0x8,
    0x7, 0xe0, 0x31, 0x80, 0x82, 0x2, 0x8, 0xc,
    0x60, 0xf, 0x0,

    /* U+CA84 "쪄" */
    0x0, 0x18, 0x0, 0x5f, 0xe2, 0x19, 0x10, 0x9f,
    0x8c, 0x84, 0x44, 0x25, 0x6f, 0x26, 0x8a, 0x22,
    0x42, 0x2, 0x20, 0x10, 0x0, 0x80, 0x4, 0x0,
    0x20,

    /* U+CA98 "쪘" */
    0x0, 0x37, 0xfc, 0x86, 0x5c, 0x26, 0x23, 0x21,
    0x17, 0xb9, 0x36, 0x51, 0x12, 0x10, 0x10, 0x61,
    0x1, 0x8, 0x18, 0xc1, 0xad, 0x10, 0x45, 0xc,
    0x0,

    /* U+CABC "쪼" */
    0x3f, 0xf0, 0xc, 0x60, 0x10, 0x80, 0x62, 0x1,
    0x2f, 0xc, 0x23, 0x0, 0x80, 0x3, 0x80, 0x1,
    0x0, 0x2, 0x3, 0xff, 0xf8,

    /* U+CABD "쪽" */
    0x3f, 0xf0, 0x18, 0x80, 0xc4, 0x4, 0xac, 0x61,
    0x8, 0x1c, 0x0, 0x10, 0x3f, 0xff, 0x0, 0x0,
    0x0, 0x1, 0xfe, 0x0, 0x8, 0x0, 0x20, 0x0,
    0x80, 0x2, 0x0,

    /* U+CAC0 "쫀" */
    0x3f, 0xf0, 0x4, 0x60, 0x10, 0x80, 0x73, 0x3,
    0x19, 0x88, 0x40, 0x81, 0x40, 0x0, 0x80, 0x7f,
    0xfe, 0x0, 0x0, 0x60, 0x0, 0x40, 0x0, 0x80,
    0x1, 0xff, 0x0,

    /* U+CAC4 "쫄" */
    0x3f, 0xf8, 0x4, 0x20, 0x30, 0xc0, 0xd7, 0xc6,
    0x10, 0xc0, 0xe0, 0x0, 0x40, 0x3f, 0xff, 0x0,
    0x0, 0x3f, 0xe0, 0x0, 0x40, 0xff, 0x80, 0x80,
    0x1, 0xff, 0x0,

    /* U+CACC "쫌" */
    0x3f, 0xf0, 0xc, 0x40, 0x31, 0x80, 0x97, 0x86,
    0x10, 0xc0, 0xe0, 0x0, 0x40, 0x7f, 0xff, 0x0,
    0x0, 0x0, 0x0, 0x7f, 0x80, 0x41, 0x0, 0x82,
    0x1, 0xfc, 0x2, 0x0, 0x0,

    /* U+CACD "쫍" */
    0x3f, 0xf0, 0xc, 0x40, 0x31, 0x80, 0xd7, 0xc6,
    0x10, 0xc0, 0xe0, 0x0, 0x40, 0x7f, 0xff, 0x0,
    0x0, 0x30, 0xc0, 0x20, 0x80, 0x7f, 0x0, 0x82,
    0x1, 0xfe, 0x2, 0x0, 0x0,

    /* U+CACF "쫏" */
    0x3f, 0xf0, 0xc, 0x40, 0x31, 0x80, 0x97, 0x84,
    0x10, 0xc0, 0xe0, 0x0, 0x40, 0x7f, 0xff, 0x0,
    0x0, 0x6, 0x0, 0xc, 0x0, 0x14, 0x0, 0x47,
    0x3, 0x3, 0x8, 0x0, 0x0,

    /* U+CAD1 "쫑" */
    0x3f, 0xf0, 0xc, 0x60, 0x11, 0x80, 0xf7, 0x2,
    0x19, 0xc0, 0x60, 0x1, 0x40, 0x7f, 0xff, 0x0,
    0x0, 0xf, 0x80, 0x31, 0x80, 0x41, 0x0, 0x82,
    0x1, 0x8c, 0x1, 0xf0, 0x0,

    /* U+CAD3 "쫓" */
    0x3f, 0xf0, 0xc, 0x60, 0x31, 0x80, 0xd7, 0x6,
    0x11, 0x80, 0xe0, 0x0, 0x40, 0x7f, 0xff, 0x4,
    0x0, 0x7, 0x0, 0xff, 0xc0, 0x8, 0x0, 0x30,
    0x0, 0x98, 0x6, 0xc, 0x0,

    /* U+CAD8 "쫘" */
    0x0, 0x10, 0xff, 0x20, 0x26, 0x40, 0xc8, 0x81,
    0x31, 0x5, 0x72, 0x11, 0x37, 0xc4, 0x8, 0x14,
    0x10, 0x8, 0xe3, 0xfe, 0x40, 0x0, 0x80, 0x1,
    0x0, 0x2, 0x0, 0x4, 0x0,

    /* U+CAD9 "쫙" */
    0x0, 0x30, 0xff, 0x20, 0x26, 0x40, 0x98, 0x82,
    0xf9, 0x9, 0xb, 0xc5, 0x4, 0x2, 0x78, 0xff,
    0x10, 0x0, 0x0, 0x7f, 0xc0, 0x0, 0x80, 0x1,
    0x0, 0x2, 0x0, 0x4, 0x0,

    /* U+CAE0 "쫠" */
    0x0, 0x30, 0xff, 0x20, 0x24, 0x40, 0xfc, 0x86,
    0x45, 0xe1, 0x82, 0x5, 0xc, 0x7f, 0xe8, 0x0,
    0x0, 0x3f, 0xe0, 0x0, 0x40, 0xff, 0x80, 0x80,
    0x1, 0xff, 0x0,

    /* U+CAEC "쫬" */
    0x0, 0x30, 0xff, 0x20, 0x24, 0x40, 0xfc, 0x82,
    0x45, 0xe1, 0x82, 0x1, 0x4, 0x2, 0xf8, 0x7f,
    0x10, 0x0, 0xc0, 0x10, 0x80, 0x21, 0x0, 0xa5,
    0x2, 0x31, 0x8, 0x41, 0x0,

    /* U+CAF4 "쫴" */
    0x0, 0xc, 0x1, 0x97, 0xf2, 0x42, 0x49, 0x13,
    0x24, 0xac, 0x94, 0x4b, 0xc3, 0x9, 0x14, 0x24,
    0x13, 0x97, 0xf2, 0x40, 0x9, 0x0, 0x24, 0x0,
    0x90, 0x0, 0x40,

    /* U+CB08 "쬈" */
    0x0, 0x69, 0xfc, 0xa0, 0x92, 0x84, 0x8a, 0x2d,
    0xb9, 0x32, 0xa1, 0x42, 0x81, 0x7a, 0x7e, 0x28,
    0x0, 0xc0, 0x61, 0x1, 0x84, 0xd, 0x28, 0x41,
    0x12, 0x8, 0x40,

    /* U+CB10 "쬐" */
    0x0, 0x17, 0xf9, 0x9, 0x91, 0x11, 0x32, 0x16,
    0xf9, 0x84, 0x50, 0xc1, 0x14, 0x10, 0x4f, 0xff,
    0x10, 0x1, 0x0, 0x10, 0x1, 0x0, 0x10,

    /* U+CB14 "쬔" */
    0x0, 0x18, 0xff, 0x20, 0xc8, 0x82, 0x42, 0x17,
    0xc9, 0x90, 0xa0, 0xa0, 0x80, 0x8e, 0x7f, 0xc8,
    0x0, 0x20, 0xc0, 0x1, 0x0, 0x4, 0x0, 0x1f,
    0xf0,

    /* U+CB18 "쬘" */
    0x0, 0x13, 0xfc, 0x86, 0x44, 0x26, 0x26, 0xfd,
    0x44, 0x28, 0x10, 0x5f, 0xfe, 0x0, 0x0, 0xff,
    0x80, 0x4, 0x3f, 0xe0, 0x80, 0x7, 0xfc,

    /* U+CB20 "쬠" */
    0x0, 0x37, 0xf9, 0x9, 0x11, 0x11, 0x2b, 0x94,
    0x45, 0x1c, 0x10, 0x47, 0xfb, 0x90, 0x1, 0xf,
    0xf0, 0x41, 0x4, 0x10, 0x7f, 0x4, 0x0,

    /* U+CB21 "쬡" */
    0x0, 0x37, 0xf9, 0x9, 0x91, 0xb1, 0x24, 0xd0,
    0xc1, 0x4, 0x3f, 0xfd, 0x0, 0x20, 0xc1, 0x4,
    0x10, 0x7f, 0x4, 0x10, 0x7f,

    /* U+CB41 "쭁" */
    0x3f, 0xf0, 0x4, 0x60, 0x11, 0x80, 0xf7, 0x2,
    0x19, 0xc8, 0xcc, 0x1, 0x10, 0x2, 0x27, 0x7b,
    0xb0, 0xf, 0x80, 0x31, 0x80, 0x41, 0x0, 0x82,
    0x1, 0x8c, 0x1, 0xf0, 0x0,

    /* U+CB48 "쭈" */
    0x3f, 0xf0, 0x4, 0x60, 0x10, 0x80, 0x73, 0x1,
    0x19, 0x8c, 0x21, 0x1, 0x80, 0x0, 0x0, 0xff,
    0xfe, 0x2, 0x0, 0x4, 0x0, 0x8, 0x0, 0x10,
    0x0, 0x20, 0x0, 0x40, 0x0,

    /* U+CB49 "쭉" */
    0x3f, 0xf8, 0x4, 0x20, 0x10, 0x80, 0x73, 0x83,
    0x18, 0xc8, 0x40, 0x1, 0x0, 0x7f, 0xff, 0x1,
    0x0, 0x2, 0x0, 0x7f, 0xc0, 0x0, 0x80, 0x1,
    0x0, 0x2, 0x0, 0x4, 0x0,

    /* U+CB4C "쭌" */
    0x3f, 0xf0, 0x4, 0x60, 0x10, 0x80, 0xd7, 0x2,
    0x19, 0xc0, 0x40, 0x1, 0x0, 0x3f, 0xff, 0x1,
    0x0, 0x2, 0x0, 0x64, 0x0, 0x48, 0x0, 0x80,
    0x1, 0xff, 0x0,

    /* U+CB50 "쭐" */
    0x3f, 0xf8, 0x4, 0x20, 0x31, 0x80, 0x9e, 0xc6,
    0x30, 0x40, 0x80, 0x1f, 0xff, 0x80, 0x80, 0x1,
    0x0, 0x3f, 0xe0, 0x0, 0x40, 0xff, 0x80, 0x80,
    0x1, 0xff, 0x0,

    /* U+CB58 "쭘" */
    0x3f, 0xf0, 0x4, 0x60, 0x10, 0x80, 0x73, 0x3,
    0x19, 0x88, 0x40, 0x1, 0x0, 0x7f, 0xff, 0x1,
    0x0, 0x2, 0x0, 0x7f, 0x80, 0x41, 0x0, 0x82,
    0x1, 0xfc, 0x2, 0x0, 0x0,

    /* U+CB59 "쭙" */
    0x3f, 0xf0, 0xc, 0x40, 0x31, 0x0, 0x9d, 0xc6,
    0x30, 0x0, 0x80, 0x3f, 0xff, 0x80, 0x80, 0x1,
    0x0, 0x12, 0x40, 0x20, 0x80, 0x7f, 0x0, 0x82,
    0x1, 0xfe, 0x0,

    /* U+CB5D "쭝" */
    0x3f, 0xf0, 0x4, 0x60, 0x10, 0x80, 0xf3, 0x3,
    0x19, 0x88, 0x60, 0x1, 0x0, 0x7f, 0xff, 0x1,
    0x0, 0x2, 0x0, 0x1f, 0x0, 0x41, 0x0, 0x82,
    0x1, 0x8c, 0x1, 0xf0, 0x0,

    /* U+CB64 "쭤" */
    0x0, 0x1b, 0xfc, 0x42, 0x22, 0x32, 0x11, 0xb0,
    0x93, 0x65, 0x10, 0x21, 0x1, 0xff, 0xc8, 0x20,
    0x41, 0x3e, 0x8, 0x10, 0x40, 0x82, 0x4,

    /* U+CB78 "쭸" */
    0x0, 0x18, 0xfe, 0x20, 0x88, 0x87, 0x62, 0x66,
    0x48, 0x21, 0x27, 0xf8, 0x81, 0x3e, 0x4, 0x8,
    0x10, 0x80, 0x41, 0x1, 0xc, 0xb, 0x70, 0x45,
    0x32, 0x18, 0x40,

    /* U+CB79 "쭹" */
    0x0, 0x2f, 0xe4, 0x44, 0x99, 0x14, 0xda, 0x20,
    0x7f, 0xca, 0x4f, 0x8, 0x21, 0x7c, 0x19, 0x82,
    0x10, 0x42, 0xc, 0xc0, 0xf0,

    /* U+CB9C "쮜" */
    0x0, 0x17, 0xf9, 0x8, 0x91, 0x11, 0x2b, 0x94,
    0x45, 0x8, 0x10, 0x7, 0xff, 0x90, 0x41, 0x4,
    0x10, 0x41, 0x4, 0x10, 0x41,

    /* U+CBB8 "쮸" */
    0x3f, 0xf0, 0x18, 0x80, 0xc6, 0x7, 0x10, 0x32,
    0xb1, 0xc, 0x20, 0x40, 0x0, 0x0, 0xff, 0xfc,
    0x21, 0x0, 0x84, 0x2, 0x10, 0x8, 0x40, 0x21,
    0x0, 0x4, 0x0,

    /* U+CBD4 "쯔" */
    0x3f, 0xf8, 0x4, 0x20, 0x18, 0xc0, 0x61, 0x1,
    0xa7, 0x4, 0x31, 0x90, 0x41, 0x3, 0x0, 0x0,
    0x0, 0x0, 0x1, 0xff, 0xf8,

    /* U+CBE4 "쯤" */
    0x3f, 0xf8, 0x4, 0x20, 0x10, 0x80, 0x5b, 0x83,
    0x18, 0xc8, 0x60, 0x1, 0x0, 0x3f, 0xff, 0x0,
    0x0, 0x0, 0x0, 0x3f, 0xc0, 0x40, 0x80, 0x81,
    0x1, 0xfe, 0x0,

    /* U+CBE7 "쯧" */
    0x3f, 0xf8, 0x4, 0x20, 0x10, 0x80, 0x5b, 0x83,
    0x18, 0xc8, 0x60, 0x0, 0x0, 0x3f, 0xff, 0x0,
    0x0, 0x3, 0x0, 0x4, 0x0, 0x14, 0x0, 0x47,
    0x3, 0x1, 0x8, 0x0, 0x0,

    /* U+CBE9 "쯩" */
    0x3f, 0xf0, 0x4, 0x60, 0x10, 0x80, 0xf3, 0x2,
    0x19, 0xc0, 0x40, 0x1, 0x0, 0x7f, 0xff, 0x0,
    0x0, 0xf, 0x80, 0x31, 0x80, 0x41, 0x0, 0x82,
    0x1, 0x8c, 0x1, 0xf0, 0x0,

    /* U+CC0C "찌" */
    0x0, 0x30, 0x1, 0x7f, 0x90, 0x99, 0x19, 0x11,
    0x11, 0x33, 0x12, 0xb1, 0x44, 0xd8, 0x45, 0x8,
    0x11, 0x1, 0x0, 0x10, 0x1, 0x0, 0x10,

    /* U+CC0D "찍" */
    0x0, 0x17, 0xf9, 0x8, 0x91, 0x11, 0x31, 0x12,
    0xb1, 0x44, 0xd8, 0x45, 0x18, 0x10, 0x0, 0x1f,
    0xf0, 0x1, 0x0, 0x10, 0x1, 0x0, 0x10,

    /* U+CC10 "찐" */
    0x0, 0x11, 0xfe, 0x40, 0x89, 0x6, 0x44, 0x11,
    0x10, 0xbc, 0x44, 0x4d, 0x21, 0x14, 0x8, 0x10,
    0x20, 0x40, 0x40, 0x1, 0x0, 0x4, 0x0, 0x1f,
    0xe0,

    /* U+CC14 "찔" */
    0x0, 0x37, 0xfc, 0x86, 0x64, 0x22, 0x23, 0x21,
    0x27, 0xca, 0x13, 0x41, 0x2, 0x10, 0x0, 0xff,
    0x80, 0x4, 0x3f, 0xe0, 0x80, 0x7, 0xfc,

    /* U+CC1C "찜" */
    0x0, 0x17, 0xf9, 0x8, 0x91, 0x99, 0x19, 0x12,
    0xe9, 0x44, 0x50, 0x81, 0x10, 0x0, 0xff, 0x4,
    0x10, 0x41, 0x4, 0x10, 0x7f,

    /* U+CC1D "찝" */
    0x0, 0x17, 0xf9, 0x8, 0x91, 0x91, 0x19, 0x12,
    0x69, 0x44, 0x58, 0x81, 0x0, 0x20, 0xc1, 0x4,
    0x10, 0x7f, 0x4, 0x10, 0x7f, 0x4, 0x0,

    /* U+CC21 "찡" */
    0x0, 0x17, 0xf9, 0x9, 0x91, 0x11, 0x33, 0x12,
    0xb1, 0x44, 0xd8, 0x85, 0x10, 0x10, 0x3e, 0x6,
    0x30, 0x41, 0x6, 0x30, 0x3e,

    /* U+CC22 "찢" */
    0x0, 0x13, 0xfc, 0x82, 0x64, 0x22, 0x23, 0xb1,
    0x27, 0x4a, 0x11, 0x41, 0x2, 0x10, 0x0, 0xff,
    0x80, 0x60, 0x7, 0x80, 0x63, 0xc, 0xc,

    /* U+CC27 "찧" */
    0x0, 0x13, 0xfc, 0x82, 0x24, 0x33, 0x21, 0x91,
    0x13, 0x6b, 0x11, 0x41, 0x2, 0x3, 0xc0, 0xff,
    0xc0, 0xf0, 0xc, 0xc0, 0x42, 0x2, 0x10, 0xf,
    0x0,

    /* U+CC28 "차" */
    0x0, 0x20, 0xf0, 0x80, 0x2, 0x0, 0x8, 0xfe,
    0x20, 0x8, 0x80, 0x43, 0xc2, 0x8, 0x16, 0x20,
    0x8c, 0x8c, 0xa, 0x0, 0x8, 0x0, 0x20, 0x0,
    0x80, 0x2, 0x0,

    /* U+CC29 "착" */
    0x0, 0x60, 0x70, 0x8f, 0xf2, 0x0, 0x88, 0x6,
    0x20, 0x30, 0xf0, 0xc2, 0xc, 0xc8, 0x60, 0xa2,
    0x0, 0x3, 0xfe, 0x0, 0x8, 0x0, 0x20, 0x0,
    0x80, 0x2, 0x0, 0x8,

    /* U+CC2C "찬" */
    0x0, 0x60, 0x70, 0x80, 0x2, 0x3f, 0xc8, 0x2,
    0x20, 0x10, 0xf0, 0xc2, 0xc, 0xc8, 0xc0, 0xa0,
    0x60, 0x80, 0x80, 0x2, 0x0, 0x8, 0x0, 0x3f,
    0xc0,

    /* U+CC2E "찮" */
    0x1e, 0x30, 0x0, 0x21, 0xfc, 0x40, 0x18, 0x80,
    0x61, 0xe1, 0xc2, 0x4, 0x64, 0x30, 0x0, 0x80,
    0xf0, 0x60, 0x18, 0x47, 0xc0, 0x88, 0x81, 0x11,
    0x3, 0xde, 0x0,

    /* U+CC30 "찰" */
    0x1e, 0x30, 0x0, 0x21, 0xfc, 0x40, 0x18, 0x80,
    0x61, 0xe1, 0xc2, 0x4, 0x64, 0x30, 0x8, 0x9f,
    0xf0, 0x1f, 0xe0, 0x0, 0x40, 0xff, 0x80, 0x80,
    0x1, 0xfe, 0x0,

    /* U+CC38 "참" */
    0x0, 0x60, 0xf0, 0x80, 0x2, 0x1f, 0x88, 0x6,
    0x3c, 0x30, 0x81, 0x32, 0x18, 0x28, 0x80, 0x0,
    0x7f, 0x80, 0x82, 0x2, 0x8, 0x8, 0x20, 0x3f,
    0x80, 0x80, 0x0,

    /* U+CC39 "찹" */
    0x1c, 0x20, 0x0, 0x8f, 0xf2, 0x0, 0x88, 0x4,
    0x3c, 0x30, 0x81, 0x32, 0x18, 0x68, 0x80, 0x0,
    0x61, 0x80, 0x82, 0x3, 0xf8, 0x8, 0x20, 0x3f,
    0x80,

    /* U+CC3B "찻" */
    0x0, 0x60, 0xf0, 0x80, 0x2, 0x3f, 0xc8, 0x2,
    0x20, 0x10, 0xf0, 0xc2, 0x4, 0xc8, 0x61, 0xa2,
    0x8, 0x80, 0x10, 0x0, 0xc0, 0x4, 0x80, 0x21,
    0x83, 0x1, 0x0,

    /* U+CC3C "찼" */
    0x3c, 0x20, 0x0, 0x8f, 0xf2, 0x10, 0x88, 0x4,
    0x3c, 0x30, 0x81, 0x32, 0x18, 0x28, 0x80, 0x80,
    0x21, 0x0, 0x84, 0x5, 0x28, 0x23, 0x91, 0xc,
    0x60, 0x0, 0x0,

    /* U+CC3D "창" */
    0x0, 0x30, 0x38, 0x21, 0xfc, 0x40, 0x18, 0x80,
    0x21, 0x0, 0xc3, 0xc3, 0x84, 0xc, 0xc8, 0x20,
    0x11, 0x87, 0xc0, 0x18, 0xc0, 0x20, 0x80, 0x41,
    0x0, 0xc6, 0x0, 0x78, 0x0,

    /* U+CC3E "찾" */
    0x3c, 0x20, 0x0, 0x8f, 0xf2, 0x0, 0x88, 0x4,
    0x3c, 0x30, 0x81, 0x32, 0x18, 0x28, 0x80, 0x0,
    0xff, 0xc0, 0x10, 0x0, 0xc0, 0xc, 0xe0, 0x40,
    0x42, 0x0, 0x0,

    /* U+CC44 "채" */
    0x0, 0x8, 0xe2, 0x40, 0x12, 0x0, 0x97, 0xe4,
    0x83, 0x24, 0x11, 0xe1, 0x9, 0x1c, 0x49, 0x1a,
    0x50, 0x53, 0x0, 0x90, 0x4, 0x80, 0x24, 0x0,
    0x20,

    /* U+CC45 "책" */
    0x0, 0xc8, 0xe2, 0x40, 0x12, 0xfc, 0x90, 0x24,
    0x82, 0x3c, 0x31, 0x22, 0x49, 0x21, 0x4e, 0x0,
    0x3, 0xfe, 0x0, 0x10, 0x0, 0x80, 0x4, 0x0,
    0x20,

    /* U+CC48 "챈" */
    0x0, 0xc8, 0x71, 0x20, 0x4, 0x9f, 0x92, 0x6,
    0x48, 0x11, 0xe0, 0xc4, 0x8c, 0x92, 0x41, 0x4a,
    0x31, 0x20, 0x40, 0x81, 0x0, 0x4, 0x0, 0x1f,
    0xf0,

    /* U+CC4C "챌" */
    0x0, 0x98, 0x71, 0x20, 0x4, 0x9f, 0x92, 0x4,
    0x78, 0x31, 0x21, 0xa4, 0x88, 0x52, 0x40, 0x2,
    0x3f, 0xe0, 0x0, 0x83, 0xfe, 0x4, 0x0, 0x1f,
    0xf0,

    /* U+CC54 "챔" */
    0x0, 0x18, 0xe6, 0x40, 0x12, 0x7c, 0x90, 0x47,
    0x86, 0x24, 0x69, 0x24, 0x29, 0x40, 0x4c, 0x0,
    0x1, 0xfe, 0xc, 0x10, 0x20, 0x81, 0xfc,

    /* U+CC55 "챕" */
    0x0, 0x13, 0xc9, 0x0, 0x97, 0xe9, 0x4, 0xf0,
    0x89, 0x14, 0x92, 0x39, 0x40, 0x8, 0xc3, 0x4,
    0x10, 0x7f, 0x4, 0x10, 0x7f, 0x4, 0x0,

    /* U+CC57 "챗" */
    0x0, 0x18, 0x73, 0x20, 0x24, 0x8f, 0x92, 0x4,
    0x78, 0x31, 0x21, 0x34, 0x88, 0x52, 0x40, 0x8a,
    0x3, 0x0, 0xc, 0x0, 0x48, 0x6, 0x18, 0x20,
    0x10,

    /* U+CC58 "챘" */
    0x0, 0xc8, 0x71, 0x20, 0x24, 0x8f, 0x92, 0x4,
    0x78, 0x31, 0x21, 0xa4, 0x88, 0x52, 0x40, 0x2a,
    0x18, 0x40, 0x63, 0x1, 0x8c, 0x9, 0x48, 0x42,
    0x12, 0x10, 0x0,

    /* U+CC59 "챙" */
    0x1, 0x93, 0x89, 0x0, 0x97, 0xc9, 0xc, 0xf0,
    0x89, 0x14, 0x92, 0x29, 0x40, 0x18, 0x3e, 0x6,
    0x30, 0x41, 0x4, 0x10, 0x63, 0x1, 0xe0,

    /* U+CC60 "챠" */
    0x0, 0x20, 0xf0, 0x80, 0x2, 0x3f, 0xc8, 0x42,
    0x3c, 0x18, 0x80, 0xc2, 0x7, 0x8, 0x32, 0x3d,
    0x4, 0x88, 0x2, 0x0, 0x8, 0x0, 0x20, 0x0,
    0x80, 0x2, 0x0,

    /* U+CC64 "챤" */
    0x0, 0x60, 0x70, 0x80, 0xf2, 0x1c, 0x8f, 0x6,
    0x20, 0x30, 0x81, 0xc2, 0xc, 0xcf, 0x40, 0xa2,
    0x60, 0x80, 0x80, 0x2, 0x0, 0x8, 0x0, 0x3f,
    0xc0,

    /* U+CC66 "챦" */
    0x1e, 0x30, 0x0, 0x21, 0xfc, 0x40, 0x18, 0xf0,
    0x41, 0x1, 0x63, 0xcc, 0x24, 0x60, 0x0, 0x0,
    0xf0, 0x67, 0xf8, 0x43, 0xc0, 0x88, 0xc1, 0x11,
    0x83, 0xde, 0x0,

    /* U+CC68 "챨" */
    0x1c, 0x20, 0x0, 0x87, 0xf2, 0x0, 0xcf, 0x6,
    0x20, 0x30, 0x81, 0xa3, 0xc8, 0x68, 0xc0, 0x0,
    0x7f, 0x80, 0x2, 0x7, 0xf8, 0x8, 0x0, 0x3f,
    0xc0,

    /* U+CC70 "챰" */
    0x0, 0x60, 0x70, 0x80, 0x12, 0x1f, 0x8f, 0x6,
    0x20, 0x30, 0x81, 0xb3, 0xc8, 0x68, 0xc0, 0x0,
    0x7f, 0x80, 0x82, 0x2, 0x8, 0x8, 0x20, 0x3f,
    0x80,

    /* U+CC75 "챵" */
    0x1e, 0x10, 0x0, 0x21, 0xfc, 0x41, 0x18, 0xf0,
    0x21, 0x0, 0xc2, 0x6, 0x47, 0x90, 0x68, 0xc0,
    0x10, 0x7, 0xc0, 0x18, 0xc0, 0x20, 0x80, 0x41,
    0x0, 0xc6, 0x0, 0x78, 0x0,

    /* U+CC98 "처" */
    0x0, 0x33, 0xc1, 0x0, 0x17, 0xf1, 0x2, 0x10,
    0x61, 0x4, 0xf0, 0xc1, 0x12, 0x12, 0x11, 0xc0,
    0x90, 0x1, 0x0, 0x10, 0x1, 0x0, 0x10,

    /* U+CC99 "척" */
    0x20, 0x31, 0xc1, 0x7f, 0x10, 0x31, 0x6, 0x10,
    0x4f, 0xc, 0x11, 0x31, 0x61, 0x98, 0x0, 0x1f,
    0xf0, 0x1, 0x0, 0x10, 0x1, 0x0, 0x10,

    /* U+CC9C "천" */
    0x0, 0x30, 0xf0, 0x80, 0x4, 0xfe, 0x20, 0x21,
    0x3, 0x78, 0x30, 0x42, 0x62, 0x60, 0x94, 0x40,
    0x81, 0x0, 0x8, 0x0, 0x40, 0x3, 0xfc,

    /* U+CCA0 "철" */
    0x3c, 0x20, 0x2, 0xfe, 0x20, 0x62, 0x5, 0xe0,
    0xc2, 0x32, 0x24, 0x12, 0x80, 0x1, 0xfe, 0x0,
    0x21, 0xfe, 0x8, 0x0, 0xff,

    /* U+CCA8 "첨" */
    0x0, 0x11, 0xc1, 0x7f, 0x10, 0x31, 0x2, 0x10,
    0x6f, 0xe, 0x11, 0x11, 0x60, 0x88, 0xff, 0x4,
    0x10, 0x41, 0x4, 0x10, 0x7f,

    /* U+CCA9 "첩" */
    0x0, 0x30, 0xe0, 0x9f, 0xc4, 0x6, 0x20, 0x21,
    0x2, 0x78, 0x28, 0x42, 0x22, 0x60, 0x84, 0x61,
    0x81, 0x4, 0xf, 0xe0, 0x41, 0x3, 0xf8,

    /* U+CCAB "첫" */
    0x20, 0x30, 0xe0, 0x9f, 0xc4, 0x6, 0x20, 0x61,
    0x2, 0x78, 0x28, 0x42, 0x22, 0x60, 0x94, 0xc,
    0x80, 0x60, 0x6, 0x80, 0x43, 0xc, 0xc,

    /* U+CCAC "첬" */
    0x20, 0x30, 0xe0, 0x9f, 0xc4, 0x6, 0x20, 0x61,
    0x2, 0x78, 0x28, 0x42, 0x22, 0x60, 0x94, 0x42,
    0x1, 0x8, 0x18, 0xc0, 0xa5, 0x9, 0x4d, 0x84,
    0x20,

    /* U+CCAD "청" */
    0x0, 0x33, 0xc1, 0x7f, 0x10, 0x21, 0x6, 0x10,
    0xdf, 0x1c, 0x13, 0x31, 0x41, 0x18, 0x3e, 0x6,
    0x30, 0x41, 0x4, 0x10, 0x63, 0x1, 0xe0,

    /* U+CCB4 "체" */
    0x0, 0x19, 0xe2, 0x40, 0x12, 0x0, 0x97, 0xe4,
    0x82, 0x24, 0x2f, 0x23, 0x89, 0x36, 0x4a, 0x12,
    0x60, 0x12, 0x0, 0x90, 0x4, 0x80, 0x4,

    /* U+CCB5 "첵" */
    0x0, 0x99, 0xe2, 0x40, 0x12, 0xfc, 0x90, 0x44,
    0x86, 0xe4, 0x71, 0x26, 0x49, 0x41, 0x4c, 0x0,
    0x7, 0xfe, 0x0, 0x10, 0x0, 0x80, 0x4, 0x0,
    0x20,

    /* U+CCB8 "첸" */
    0x0, 0xd8, 0x71, 0x20, 0x4, 0x9f, 0x92, 0x6,
    0x48, 0x17, 0x20, 0xc4, 0x8c, 0x92, 0x41, 0x4a,
    0x31, 0x20, 0x40, 0x1, 0x0, 0x4, 0x0, 0x1f,
    0xf0,

    /* U+CCBC "첼" */
    0x0, 0x18, 0x73, 0x20, 0x4, 0x9f, 0x92, 0x6,
    0x48, 0x37, 0x21, 0xc4, 0x8c, 0xd2, 0x41, 0x0,
    0x3f, 0xe0, 0x0, 0x83, 0xfe, 0x4, 0x0, 0x1f,
    0xf0,

    /* U+CCC4 "쳄" */
    0x0, 0x93, 0xc5, 0x0, 0x57, 0xe5, 0x4, 0x50,
    0xdd, 0x1c, 0x53, 0x25, 0x41, 0x58, 0x0, 0x7,
    0xf0, 0x41, 0x4, 0x10, 0x7f,

    /* U+CCC5 "쳅" */
    0x0, 0x13, 0xcd, 0x0, 0x57, 0xe5, 0x4, 0x50,
    0xfd, 0x1c, 0x52, 0x25, 0x40, 0x0, 0xc1, 0x4,
    0x10, 0x7f, 0x4, 0x10, 0x7f, 0x4, 0x0,

    /* U+CCC7 "쳇" */
    0x0, 0x18, 0xf3, 0x20, 0x4, 0x9f, 0x92, 0x4,
    0x48, 0x37, 0x21, 0xc4, 0x8c, 0x92, 0x41, 0x48,
    0x2, 0x20, 0x8, 0x0, 0x58, 0x6, 0x18, 0x60,
    0x30,

    /* U+CCC9 "쳉" */
    0x0, 0x93, 0x85, 0x0, 0x5f, 0xe5, 0x4, 0x50,
    0xbd, 0x18, 0x52, 0x65, 0x42, 0x58, 0x3f, 0x6,
    0x30, 0x41, 0x4, 0x10, 0x63, 0x1, 0xe0,

    /* U+CCD0 "쳐" */
    0x0, 0x33, 0xc1, 0x0, 0x10, 0x11, 0x7f, 0x10,
    0x6f, 0x4, 0x10, 0xc1, 0x1c, 0xf3, 0x31, 0x41,
    0x18, 0x1, 0x0, 0x10, 0x1, 0x0, 0x10,

    /* U+CCD4 "쳔" */
    0x0, 0x30, 0x78, 0x40, 0x1, 0xf, 0xc4, 0x2,
    0xf0, 0x10, 0x40, 0xaf, 0xc, 0x44, 0x40, 0x90,
    0x30, 0x40, 0x41, 0x1, 0x0, 0x4, 0x0, 0x1f,
    0xe0,

    /* U+CCE4 "쳤" */
    0x1c, 0x10, 0x0, 0x9f, 0xc4, 0x5, 0xe0, 0x61,
    0x6, 0x8, 0x6b, 0xc4, 0x22, 0x40, 0x14, 0x43,
    0x1, 0x8, 0x18, 0xc0, 0xa5, 0x8, 0x4d, 0x84,
    0x20,

    /* U+CCEC "쳬" */
    0x0, 0x19, 0xe2, 0x40, 0x12, 0x4, 0x97, 0xe4,
    0x82, 0xe4, 0x31, 0x21, 0x9, 0x15, 0xc9, 0x32,
    0x50, 0x93, 0x0, 0x90, 0x4, 0x80, 0x24, 0x0,
    0x20,

    /* U+CCF0 "쳰" */
    0x0, 0xd8, 0x71, 0x20, 0x4, 0x9f, 0x92, 0x7,
    0xc8, 0x31, 0x20, 0x84, 0x8d, 0x72, 0x62, 0x4a,
    0x35, 0x20, 0x40, 0x81, 0x0, 0x4, 0x0, 0x1f,
    0xf0,

    /* U+CD01 "촁" */
    0x0, 0x13, 0x89, 0x0, 0x9f, 0xc9, 0xf, 0x90,
    0x89, 0x1b, 0x92, 0x49, 0x42, 0x98, 0x3f, 0x6,
    0x30, 0x41, 0x4, 0x10, 0x63, 0x3, 0xe0,

    /* U+CD08 "초" */
    0x7, 0x80, 0x0, 0x0, 0x0, 0x1, 0xff, 0x0,
    0x4, 0x0, 0x30, 0x1, 0xb0, 0xc, 0x1c, 0x63,
    0x0, 0x2, 0x0, 0x4, 0x7, 0xff, 0xf0,

    /* U+CD09 "촉" */
    0x7, 0x80, 0x0, 0x3, 0xfe, 0x0, 0x30, 0x3,
    0x80, 0x31, 0xe7, 0x10, 0x0, 0x40, 0xff, 0xfc,
    0x0, 0x1, 0xfe, 0x0, 0x8, 0x0, 0x20, 0x0,
    0x80, 0x2, 0x0,

    /* U+CD0C "촌" */
    0x7, 0x80, 0x0, 0x0, 0x7f, 0x80, 0x2, 0x0,
    0x38, 0x1, 0x8f, 0x1c, 0x40, 0x0, 0x80, 0x7f,
    0xfe, 0x0, 0x0, 0x60, 0x0, 0x40, 0x0, 0x80,
    0x1, 0xff, 0x0,

    /* U+CD10 "촐" */
    0x7, 0x80, 0x3f, 0xe0, 0x1, 0x0, 0xc, 0x0,
    0xe7, 0x8e, 0x60, 0x0, 0x40, 0x3f, 0xff, 0x0,
    0x0, 0x3f, 0xe0, 0x0, 0x80, 0xff, 0x80, 0x80,
    0x1, 0xff, 0x0,

    /* U+CD18 "촘" */
    0x7, 0x80, 0x0, 0x0, 0x7f, 0x80, 0x2, 0x0,
    0x38, 0x1, 0x9f, 0x1c, 0x40, 0x0, 0x80, 0xff,
    0xfe, 0x0, 0x0, 0x7f, 0x80, 0x41, 0x0, 0x82,
    0x1, 0xfc, 0x2, 0x0, 0x0,

    /* U+CD19 "촙" */
    0x7, 0x80, 0x3f, 0xc0, 0x1, 0x0, 0xc, 0x0,
    0xe7, 0x8e, 0x20, 0x0, 0x40, 0x7f, 0xff, 0x0,
    0x0, 0x20, 0xc0, 0x20, 0x80, 0x7f, 0x0, 0x82,
    0x1, 0xfe, 0x2, 0x0, 0x0,

    /* U+CD1B "촛" */
    0x7, 0x80, 0x0, 0x0, 0x7f, 0x80, 0x2, 0x0,
    0x18, 0x1, 0xcf, 0x1c, 0xc0, 0x0, 0x80, 0xff,
    0xfe, 0x0, 0x0, 0xc, 0x0, 0x18, 0x0, 0x68,
    0x1, 0x8c, 0xc, 0x4, 0x0,

    /* U+CD1D "총" */
    0x7, 0xc0, 0x0, 0x0, 0x7f, 0x80, 0x2, 0x0,
    0x3c, 0x3, 0x87, 0x8, 0x40, 0x0, 0x82, 0x7e,
    0xf8, 0xf, 0x80, 0x31, 0x80, 0x41, 0x0, 0x82,
    0x1, 0x8c, 0x1, 0xf0, 0x0,

    /* U+CD24 "촤" */
    0x0, 0x30, 0x3c, 0x20, 0x0, 0x43, 0xf8, 0x80,
    0x21, 0x0, 0x82, 0x2, 0xe7, 0x98, 0x68, 0xc4,
    0x10, 0x8, 0xe3, 0xfe, 0x40, 0x0, 0x80, 0x1,
    0x0, 0x2, 0x0,

    /* U+CD28 "촨" */
    0x0, 0x30, 0x38, 0x21, 0xfc, 0x40, 0x10, 0x80,
    0xf9, 0x6, 0x3, 0xc1, 0x4, 0x2, 0x38, 0xff,
    0x90, 0x0, 0x20, 0x60, 0x0, 0x40, 0x0, 0x80,
    0x1, 0xff, 0x0,

    /* U+CD2C "촬" */
    0x1e, 0x10, 0x0, 0x20, 0xfc, 0x40, 0x10, 0x81,
    0xdd, 0xe4, 0x82, 0x1, 0x3c, 0x7f, 0x88, 0x0,
    0x0, 0x3f, 0xe0, 0x0, 0x40, 0xff, 0x80, 0x80,
    0x1, 0xff, 0x0,

    /* U+CD39 "촹" */
    0x10, 0x30, 0x1c, 0x20, 0xfc, 0x40, 0x18, 0x80,
    0x61, 0x3, 0x3b, 0xd9, 0x4, 0x2, 0x38, 0x7f,
    0x90, 0x7, 0xc0, 0x18, 0xc0, 0x20, 0x80, 0x41,
    0x0, 0xc6, 0x0, 0xf8, 0x0,

    /* U+CD5C "최" */
    0x0, 0x31, 0xe1, 0x0, 0x17, 0xf1, 0x3, 0x10,
    0x41, 0x1b, 0x96, 0xc1, 0x4, 0x10, 0x4f, 0xfe,
    0x10, 0x1, 0x0, 0x10, 0x1, 0x0, 0x10,

    /* U+CD60 "쵠" */
    0x0, 0x30, 0x60, 0x9f, 0xc4, 0x4, 0x20, 0xf1,
    0x8, 0x48, 0x90, 0x40, 0x9e, 0xfe, 0x10, 0x0,
    0x82, 0x0, 0x10, 0x0, 0x80, 0x7, 0xfc,

    /* U+CD64 "쵤" */
    0x1e, 0x10, 0x0, 0x9f, 0xc4, 0x4, 0x20, 0xf9,
    0x1e, 0x8, 0x10, 0x5f, 0xfe, 0x0, 0x0, 0xff,
    0x80, 0x4, 0x3f, 0xe0, 0x80, 0x7, 0xfc,

    /* U+CD6C "쵬" */
    0x10, 0x30, 0xc1, 0x7f, 0x10, 0x21, 0xc, 0x11,
    0x39, 0x64, 0x10, 0x47, 0xfe, 0x90, 0x0, 0xf,
    0xf0, 0x81, 0x8, 0x10, 0x7f,

    /* U+CD6D "쵭" */
    0xe, 0x10, 0x1, 0x3f, 0x90, 0x31, 0x7, 0x11,
    0x8d, 0x66, 0x10, 0x67, 0x7f, 0x90, 0xc3, 0x4,
    0x10, 0x7f, 0x4, 0x10, 0x7f, 0x4, 0x0,

    /* U+CD6F "쵯" */
    0x10, 0x30, 0x60, 0x9f, 0xc4, 0x4, 0x20, 0xc1,
    0x9, 0xe9, 0x90, 0x40, 0x8e, 0xfe, 0x90, 0x18,
    0x80, 0x64, 0x7, 0x0, 0x64, 0x6, 0x18, 0x40,
    0x60,

    /* U+CD71 "쵱" */
    0x10, 0x30, 0xc1, 0x7f, 0x10, 0x21, 0xf, 0x93,
    0xd, 0x4, 0x10, 0x4f, 0xf7, 0x10, 0x3e, 0x6,
    0x30, 0x41, 0x4, 0x10, 0x63, 0x3, 0xe0,

    /* U+CD78 "쵸" */
    0x7, 0x80, 0x0, 0x0, 0x0, 0x1, 0xff, 0x80,
    0x4, 0x0, 0x30, 0x1, 0xbc, 0xc, 0x6, 0x6c,
    0x60, 0x8, 0x80, 0x11, 0x7, 0xff, 0xf0,

    /* U+CD88 "춈" */
    0x7, 0xc0, 0x0, 0x0, 0x7f, 0xc0, 0x2, 0x0,
    0x3c, 0x3, 0x87, 0x8b, 0x18, 0x2, 0x30, 0x7f,
    0xfe, 0x0, 0x0, 0x3f, 0xc0, 0x40, 0x80, 0x81,
    0x1, 0xfe, 0x2, 0x0, 0x0,

    /* U+CD94 "추" */
    0x7, 0x80, 0x0, 0x0, 0xff, 0xc0, 0x2, 0x0,
    0x18, 0x1, 0xcf, 0xc, 0x0, 0x0, 0x0, 0xff,
    0xfe, 0x2, 0x0, 0x4, 0x0, 0x8, 0x0, 0x10,
    0x0, 0x20, 0x0, 0x40, 0x0,

    /* U+CD95 "축" */
    0x7, 0xc0, 0x0, 0x0, 0x7f, 0xc0, 0x2, 0x0,
    0x3c, 0x3, 0x87, 0x88, 0x0, 0x7f, 0xff, 0x1,
    0x0, 0x2, 0x0, 0x7f, 0xc0, 0x0, 0x80, 0x1,
    0x0, 0x2, 0x0, 0x4, 0x0,

    /* U+CD98 "춘" */
    0x7, 0x80, 0x0, 0x0, 0x7f, 0x80, 0x2, 0x0,
    0x18, 0x0, 0xde, 0xe, 0x2, 0x0, 0x0, 0x7f,
    0xfe, 0x2, 0x0, 0x64, 0x0, 0x48, 0x0, 0x90,
    0x1, 0xff, 0x0,

    /* U+CD9C "출" */
    0xf, 0x0, 0xff, 0x80, 0xc, 0x0, 0xc0, 0xd,
    0xf1, 0xc0, 0x0, 0x0, 0x3f, 0xff, 0x2, 0x0,
    0xff, 0x80, 0x6, 0xf, 0xf8, 0x10, 0x0, 0x7f,
    0xc0,

    /* U+CDA4 "춤" */
    0x7, 0x80, 0x0, 0x0, 0x7f, 0x80, 0x6, 0x0,
    0x3f, 0x7, 0x81, 0x0, 0x0, 0x7f, 0xff, 0x1,
    0x0, 0x2, 0x0, 0x7f, 0x80, 0x41, 0x0, 0x82,
    0x1, 0xfc, 0x2, 0x0, 0x0,

    /* U+CDA5 "춥" */
    0x7, 0x80, 0x3f, 0xc0, 0x1, 0x0, 0xc, 0x0,
    0x7c, 0x3, 0x7, 0x8, 0x0, 0x7f, 0xff, 0x1,
    0x0, 0x22, 0xc0, 0x24, 0x80, 0x7f, 0x0, 0x82,
    0x1, 0xfe, 0x2, 0x0, 0x0,

    /* U+CDA7 "춧" */
    0x7, 0x80, 0x0, 0x0, 0x7f, 0x80, 0x6, 0x0,
    0x3f, 0x3, 0x81, 0x8, 0x0, 0x7f, 0xff, 0x1,
    0x0, 0x6, 0x0, 0x4, 0x0, 0x18, 0x0, 0x6c,
    0x1, 0x86, 0xc, 0x6, 0x0,

    /* U+CDA9 "충" */
    0x7, 0xc0, 0x0, 0x0, 0x7f, 0xc0, 0x2, 0x0,
    0x38, 0x1, 0x8f, 0xc, 0x0, 0x3f, 0xff, 0x1,
    0x0, 0xf, 0x80, 0x31, 0x80, 0x41, 0x0, 0x82,
    0x1, 0x8c, 0x0, 0xf0, 0x0,

    /* U+CDB0 "춰" */
    0x0, 0x18, 0x70, 0x4f, 0xe2, 0x2, 0x10, 0x60,
    0x87, 0xc4, 0xc1, 0x20, 0x1, 0xff, 0xc8, 0x20,
    0x41, 0x3e, 0x8, 0x10, 0x40, 0x82, 0x4, 0x0,
    0x20,

    /* U+CDC4 "췄" */
    0xf, 0x8, 0x0, 0x23, 0xf8, 0x80, 0x42, 0x6,
    0x8, 0x67, 0x22, 0x4, 0x9f, 0xe2, 0x4, 0x78,
    0x30, 0x80, 0x43, 0x1, 0xc, 0xb, 0x58, 0x42,
    0x32, 0x10, 0x40,

    /* U+CDCC "췌" */
    0x0, 0xd8, 0xe2, 0x40, 0x12, 0xfc, 0x90, 0x44,
    0x8e, 0x25, 0x8d, 0x20, 0xe9, 0x78, 0x48, 0x5e,
    0x42, 0x12, 0x10, 0x90, 0x84, 0x84, 0x24, 0x0,
    0x20,

    /* U+CDD0 "췐" */
    0x3c, 0xd8, 0x1, 0x27, 0xe4, 0x81, 0x12, 0x1e,
    0x49, 0x85, 0x20, 0x74, 0xbe, 0x12, 0xb, 0xc8,
    0x21, 0x20, 0x4, 0x83, 0x0, 0x4, 0x0, 0x1f,
    0xf0,

    /* U+CDE8 "취" */
    0x0, 0x30, 0xe1, 0x7f, 0x90, 0x31, 0x6, 0x10,
    0xe1, 0x31, 0xd4, 0x1, 0x0, 0xff, 0xf1, 0x4,
    0x10, 0x41, 0x4, 0x10, 0x41,

    /* U+CDEC "췬" */
    0x0, 0x30, 0xe0, 0x9f, 0xc4, 0x4, 0x20, 0xc1,
    0x19, 0xc8, 0x1, 0xdf, 0xf2, 0x8, 0x10, 0x40,
    0x86, 0x4, 0x10, 0x0, 0x80, 0x7, 0xfc,

    /* U+CDF0 "췰" */
    0x1e, 0x10, 0x0, 0x9f, 0xc4, 0x4, 0x20, 0xe1,
    0x18, 0xc8, 0x1, 0xdf, 0xf2, 0x4, 0x0, 0xff,
    0x80, 0x4, 0x3f, 0xe0, 0x80, 0x7, 0xfc,

    /* U+CDF8 "췸" */
    0xe, 0x10, 0x1, 0x7f, 0x90, 0x31, 0x6, 0x13,
    0x9d, 0x0, 0x7f, 0xf9, 0x4, 0x10, 0x40, 0xf,
    0xf0, 0x41, 0x4, 0x10, 0x7f, 0x4, 0x0,

    /* U+CDF9 "췹" */
    0xe, 0x10, 0x1, 0x7f, 0x90, 0x31, 0x6, 0x13,
    0x9d, 0x0, 0x7f, 0xf9, 0x4, 0x10, 0x43, 0xc,
    0x10, 0x7f, 0x4, 0x10, 0x7f, 0x4, 0x0,

    /* U+CDFB "췻" */
    0xe, 0x10, 0x0, 0x8f, 0xe4, 0x2, 0x20, 0x61,
    0x1c, 0xe8, 0x1, 0xdf, 0xf2, 0x4, 0x10, 0x28,
    0x81, 0x24, 0x3, 0x0, 0x34, 0x2, 0x18, 0x60,
    0x20,

    /* U+CDFD "췽" */
    0x1c, 0x20, 0x5, 0xfc, 0x81, 0x10, 0xc2, 0x67,
    0x40, 0x3f, 0xe9, 0x8, 0x21, 0x78, 0x31, 0x86,
    0x10, 0xc2, 0x8, 0xc0, 0xf0,

    /* U+CE04 "츄" */
    0x7, 0x80, 0x0, 0x3, 0xfe, 0x0, 0x10, 0x1,
    0x80, 0x1b, 0x83, 0x81, 0x80, 0x0, 0xff, 0xfc,
    0x21, 0x0, 0x84, 0x2, 0x10, 0x8, 0x40, 0x21,
    0x0, 0x4, 0x0,

    /* U+CE08 "츈" */
    0xf, 0x80, 0x0, 0x3, 0xfe, 0x0, 0x20, 0x7,
    0xe0, 0xe0, 0x64, 0x0, 0x3f, 0xff, 0x4, 0x80,
    0x12, 0x3, 0x48, 0x4, 0x20, 0x10, 0x0, 0x7f,
    0xc0,

    /* U+CE0C "츌" */
    0xf, 0x0, 0xff, 0x80, 0x8, 0x0, 0xc0, 0x1c,
    0xf1, 0x80, 0xf, 0xff, 0xc2, 0x20, 0x8, 0x80,
    0xff, 0x80, 0x6, 0xf, 0xf8, 0x10, 0x0, 0x7f,
    0xc0,

    /* U+CE14 "츔" */
    0x7, 0x80, 0x0, 0x0, 0x7f, 0x80, 0x6, 0x0,
    0x3c, 0x3, 0x87, 0x8, 0x0, 0x3f, 0xff, 0x4,
    0x40, 0x8, 0x80, 0x3f, 0x80, 0x41, 0x0, 0x82,
    0x1, 0xfc, 0x2, 0x0, 0x0,

    /* U+CE19 "츙" */
    0x7, 0x80, 0x0, 0x1, 0xfe, 0x0, 0x30, 0x3,
    0xc0, 0x70, 0xe2, 0x0, 0x1f, 0xff, 0x4, 0x40,
    0x1f, 0x0, 0x44, 0x2, 0x18, 0x8, 0x60, 0x31,
    0x0, 0x78, 0x0,

    /* U+CE20 "츠" */
    0x7, 0xc0, 0x0, 0x0, 0x0, 0x0, 0xff, 0x80,
    0x6, 0x0, 0x10, 0x0, 0xf0, 0x6, 0x1e, 0x30,
    0x0, 0x0, 0x0, 0x0, 0x3, 0xff, 0xf0,

    /* U+CE21 "측" */
    0x7, 0x80, 0x0, 0x3, 0xfe, 0x0, 0x20, 0x7,
    0xf0, 0xe0, 0x20, 0x0, 0x3f, 0xff, 0x0, 0x0,
    0x0, 0x3, 0xfe, 0x0, 0x8, 0x0, 0x20, 0x0,
    0x80, 0x2, 0x0,

    /* U+CE24 "츤" */
    0x7, 0xc0, 0x0, 0x0, 0x7f, 0xc0, 0x3, 0x0,
    0x18, 0x0, 0xcf, 0xe, 0x0, 0x0, 0x0, 0x7f,
    0xfe, 0x0, 0x0, 0x60, 0x0, 0x40, 0x0, 0x80,
    0x1, 0xfe, 0x0,

    /* U+CE28 "츨" */
    0x7, 0xc0, 0x3f, 0xe0, 0x1, 0x80, 0xc, 0x0,
    0x6f, 0x87, 0x0, 0x0, 0x0, 0x3f, 0xff, 0x0,
    0x0, 0x3f, 0xe0, 0x0, 0xc0, 0xff, 0x80, 0x80,
    0x1, 0xff, 0x0,

    /* U+CE30 "츰" */
    0x7, 0xc0, 0x0, 0x0, 0x7f, 0xc0, 0x2, 0x0,
    0x3f, 0x83, 0x80, 0x0, 0x0, 0x3f, 0xff, 0x0,
    0x0, 0x0, 0x0, 0x3f, 0xc0, 0x40, 0x80, 0x81,
    0x1, 0xfe, 0x2, 0x0, 0x0,

    /* U+CE31 "츱" */
    0x7, 0x80, 0x0, 0x0, 0x7f, 0x80, 0x6, 0x0,
    0x7f, 0x7, 0x1, 0x0, 0x0, 0x7f, 0xff, 0x0,
    0x0, 0x20, 0xc0, 0x20, 0x80, 0x7f, 0x0, 0x82,
    0x1, 0xfe, 0x2, 0x0, 0x0,

    /* U+CE33 "츳" */
    0x7, 0xc0, 0x0, 0x0, 0x7f, 0xc0, 0x2, 0x0,
    0x7f, 0x87, 0x0, 0x0, 0x0, 0x3f, 0xff, 0x0,
    0x0, 0x2, 0x0, 0x4, 0x0, 0x1c, 0x0, 0x66,
    0x1, 0x3, 0xc, 0x0, 0x0,

    /* U+CE35 "층" */
    0x7, 0xc0, 0x0, 0x0, 0x7f, 0xc0, 0x2, 0x0,
    0x38, 0x1, 0x8f, 0xc, 0x0, 0x7f, 0xff, 0x0,
    0x0, 0xf, 0x80, 0x31, 0x80, 0x41, 0x0, 0x82,
    0x1, 0x8c, 0x1, 0xf0, 0x0,

    /* U+CE58 "치" */
    0x0, 0x11, 0xe1, 0x0, 0x10, 0x1, 0x7f, 0x10,
    0x31, 0x2, 0x10, 0x41, 0xe, 0x11, 0x31, 0x20,
    0x9c, 0x1, 0x0, 0x10, 0x1, 0x0, 0x10,

    /* U+CE59 "칙" */
    0x0, 0x31, 0xc1, 0x7f, 0x10, 0x31, 0x2, 0x10,
    0x41, 0xb, 0x11, 0x19, 0x60, 0x10, 0x0, 0x1f,
    0xf0, 0x1, 0x0, 0x10, 0x1, 0x0, 0x10, 0x1,

    /* U+CE5C "친" */
    0x0, 0x31, 0xe0, 0x80, 0x5, 0xfc, 0x20, 0x21,
    0x2, 0x8, 0x30, 0x46, 0x62, 0x40, 0x94, 0xc0,
    0x82, 0x0, 0x10, 0x0, 0x80, 0x7, 0xfc,

    /* U+CE5F "칟" */
    0x20, 0x31, 0xc1, 0x7f, 0x10, 0x21, 0x4, 0x10,
    0xc1, 0x13, 0x16, 0x9, 0x0, 0x1, 0xff, 0x8,
    0x0, 0x80, 0x8, 0x0, 0xff,

    /* U+CE60 "칠" */
    0x20, 0x20, 0xe1, 0x1f, 0xc8, 0x4, 0x40, 0x42,
    0x6, 0x10, 0x4c, 0x84, 0x14, 0xc0, 0x0, 0xff,
    0x0, 0x8, 0x3f, 0xc0, 0x80, 0x7, 0xfc,

    /* U+CE61 "칡" */
    0x20, 0x63, 0x7, 0xf8, 0x83, 0x10, 0x42, 0x18,
    0x4c, 0xca, 0x9, 0x80, 0x7, 0xbc, 0x10, 0xbe,
    0x12, 0x12, 0x7c, 0x40,

    /* U+CE68 "침" */
    0x0, 0x31, 0xc1, 0x7f, 0x10, 0x31, 0x2, 0x10,
    0x61, 0x19, 0x92, 0x9, 0xc0, 0x0, 0xff, 0x4,
    0x10, 0x41, 0x4, 0x10, 0x7f,

    /* U+CE69 "칩" */
    0x20, 0x63, 0x7, 0xfc, 0x81, 0x10, 0x42, 0x18,
    0x44, 0x8b, 0x9, 0x80, 0x3, 0x4, 0x20, 0x87,
    0xf0, 0x82, 0x1f, 0xc2, 0x0,

    /* U+CE6B "칫" */
    0x0, 0x30, 0xe0, 0x9f, 0xc4, 0x6, 0x20, 0x21,
    0x2, 0x8, 0x6c, 0x46, 0x12, 0x41, 0x14, 0xc,
    0x80, 0x60, 0x4, 0x80, 0x43, 0xc, 0xc,

    /* U+CE6D "칭" */
    0x0, 0x31, 0xc1, 0x7f, 0x10, 0x21, 0x6, 0x10,
    0xc1, 0x1b, 0x12, 0x9, 0xc0, 0x10, 0x3e, 0x6,
    0x30, 0x41, 0x4, 0x10, 0x63, 0x3, 0xe0,

    /* U+CE74 "카" */
    0x0, 0x60, 0x0, 0x87, 0xf2, 0x0, 0x88, 0x6,
    0x23, 0xf0, 0x80, 0xc3, 0xc6, 0x8, 0x30, 0x21,
    0x80, 0x88, 0x2, 0x0, 0x8, 0x0, 0x20, 0x0,
    0x80, 0x2, 0x0,

    /* U+CE75 "칵" */
    0x0, 0x61, 0xfc, 0x80, 0x22, 0x1, 0x88, 0xec,
    0x3c, 0x20, 0x81, 0x2, 0x8, 0x8, 0xc0, 0x0,
    0xff, 0x80, 0x2, 0x0, 0x8, 0x0, 0x20, 0x0,
    0x80, 0x2, 0x0,

    /* U+CE78 "칸" */
    0x0, 0x21, 0xfc, 0x80, 0x22, 0x1, 0x88, 0x3c,
    0x23, 0x20, 0xf1, 0x82, 0xc, 0x8, 0x40, 0x22,
    0x60, 0x80, 0x80, 0x2, 0x0, 0x8, 0x0, 0x3f,
    0xc0,

    /* U+CE7C "칼" */
    0x0, 0x21, 0xfc, 0x80, 0x22, 0x3, 0x88, 0x74,
    0x3c, 0x20, 0x81, 0x2, 0x8, 0x0, 0xdf, 0xe0,
    0x0, 0x80, 0x2, 0x7, 0xf8, 0x8, 0x0, 0x3f,
    0xc0,

    /* U+CE84 "캄" */
    0x0, 0x61, 0xfc, 0x80, 0x22, 0x7, 0x88, 0xec,
    0x3c, 0x20, 0x81, 0x2, 0x8, 0x8, 0xc0, 0x0,
    0x7f, 0x80, 0x82, 0x2, 0x8, 0x8, 0x20, 0x3f,
    0x80,

    /* U+CE85 "캅" */
    0x0, 0x61, 0xfc, 0x80, 0x22, 0x1, 0x88, 0xfc,
    0x3c, 0x30, 0x81, 0x82, 0xc, 0x8, 0x40, 0x42,
    0x60, 0x80, 0x82, 0x3, 0xf8, 0x8, 0x20, 0x3f,
    0x80,

    /* U+CE87 "캇" */
    0x0, 0x21, 0xfc, 0x80, 0x22, 0x1, 0x88, 0xfc,
    0x2d, 0x30, 0xf1, 0x82, 0x4, 0x8, 0x60, 0x22,
    0xc, 0x80, 0x30, 0x1, 0xa0, 0x8, 0x60, 0xc0,
    0xc0,

    /* U+CE89 "캉" */
    0x0, 0x30, 0x7e, 0x20, 0xc, 0x40, 0x10, 0x81,
    0xe1, 0xc, 0x83, 0xc3, 0x4, 0xc, 0x8, 0x30,
    0x10, 0x87, 0xc0, 0x18, 0xc0, 0x20, 0x80, 0x63,
    0x0, 0x7c, 0x0,

    /* U+CE90 "캐" */
    0x0, 0x18, 0x2, 0x5f, 0x92, 0x4, 0x90, 0x24,
    0x82, 0x25, 0xb1, 0xe1, 0x9, 0x8, 0x48, 0x82,
    0x48, 0x12, 0x80, 0x90, 0x4, 0x80, 0x24, 0x0,
    0x20,

    /* U+CE91 "캑" */
    0x0, 0xc8, 0x2, 0x5f, 0x92, 0x4, 0x9f, 0xe7,
    0xa2, 0x24, 0x21, 0x23, 0x9, 0x30, 0x4a, 0x0,
    0x3, 0xfe, 0x0, 0x10, 0x0, 0x80, 0x4, 0x0,
    0x20,

    /* U+CE94 "캔" */
    0x0, 0xc8, 0x1, 0x27, 0xe4, 0x81, 0x92, 0x4,
    0x4b, 0xf1, 0xe0, 0x84, 0x84, 0x12, 0x20, 0x49,
    0x31, 0x20, 0x40, 0x81, 0x0, 0x4, 0x0, 0x1f,
    0xf0,

    /* U+CE98 "캘" */
    0x0, 0xc9, 0xf9, 0x20, 0x24, 0x81, 0x12, 0xfc,
    0x78, 0x31, 0x20, 0x84, 0x84, 0x12, 0x20, 0x1,
    0x3f, 0xe0, 0x0, 0x83, 0xfe, 0x4, 0x0, 0x1f,
    0xf0,

    /* U+CEA0 "캠" */
    0x0, 0xc8, 0x2, 0x5f, 0x92, 0x4, 0x9f, 0xc7,
    0x86, 0x24, 0x21, 0x22, 0x9, 0x20, 0x2, 0x3f,
    0xc1, 0x82, 0x4, 0x10, 0x20, 0x81, 0xfc,

    /* U+CEA1 "캡" */
    0x1, 0x90, 0x9, 0x7e, 0x90, 0x49, 0xc, 0xff,
    0x89, 0x18, 0x91, 0x9, 0x20, 0x4, 0xc3, 0x84,
    0x10, 0x7f, 0x4, 0x10, 0x7f, 0x4, 0x0,

    /* U+CEA3 "캣" */
    0x0, 0x18, 0x3, 0x27, 0xe4, 0x80, 0x92, 0xfe,
    0x79, 0x11, 0x20, 0x84, 0x84, 0x12, 0x20, 0x49,
    0x3, 0x20, 0x8, 0x0, 0x58, 0x2, 0x10, 0x10,
    0x20, 0x80, 0x0,

    /* U+CEA4 "캤" */
    0x0, 0xc8, 0x1, 0x27, 0xe4, 0x80, 0x92, 0xfe,
    0x78, 0x11, 0x20, 0x84, 0x84, 0x12, 0x20, 0x29,
    0x18, 0x40, 0x63, 0x1, 0x8c, 0x9, 0x48, 0x42,
    0x12, 0x10, 0x0,

    /* U+CEA5 "캥" */
    0x0, 0xc8, 0x2, 0x5f, 0x92, 0x4, 0x91, 0xe7,
    0xba, 0x24, 0x31, 0x23, 0x9, 0x10, 0x9, 0xf,
    0xd0, 0xc6, 0x4, 0x10, 0x20, 0x81, 0x8c, 0x7,
    0xc0,

    /* U+CEAC "캬" */
    0x0, 0x60, 0x0, 0x87, 0xf2, 0x0, 0x88, 0x2,
    0x3c, 0x70, 0x8e, 0xc2, 0x2, 0x8, 0x10, 0x3c,
    0x80, 0x84, 0x2, 0x20, 0x8, 0x0, 0x20, 0x0,
    0x80, 0x2, 0x0,

    /* U+CEAD "캭" */
    0x0, 0x61, 0xfc, 0x80, 0x22, 0x0, 0x8f, 0x1c,
    0x23, 0xa0, 0x81, 0x3, 0xc8, 0x8, 0xc0, 0x20,
    0xff, 0x80, 0x2, 0x0, 0x8, 0x0, 0x20, 0x0,
    0x80, 0x2, 0x0,

    /* U+CEC1 "컁" */
    0x0, 0x30, 0x2, 0x20, 0xfc, 0x40, 0x18, 0xf0,
    0xe1, 0xe, 0xc2, 0x3, 0x7, 0x8c, 0x8, 0x30,
    0x10, 0x87, 0xc0, 0x18, 0xc0, 0x20, 0x80, 0x63,
    0x0, 0x7c, 0x0,

    /* U+CEE4 "커" */
    0x0, 0x30, 0x1, 0x7f, 0x10, 0x31, 0x2, 0x10,
    0xe1, 0xf5, 0xf0, 0x81, 0x18, 0x13, 0x1, 0x40,
    0x18, 0x1, 0x0, 0x10, 0x1, 0x0, 0x10,

    /* U+CEE5 "컥" */
    0x0, 0x37, 0xf1, 0x3, 0x10, 0x21, 0x7f, 0xf0,
    0xc1, 0x18, 0x12, 0x1, 0x40, 0x1, 0xff, 0x0,
    0x10, 0x1, 0x0, 0x10, 0x1, 0x0, 0x10,

    /* U+CEE8 "컨" */
    0x0, 0x27, 0xe2, 0x2, 0x20, 0x62, 0xc, 0x2f,
    0xfe, 0x8, 0x21, 0x2, 0x20, 0x2d, 0x82, 0x8,
    0x0, 0x80, 0x8, 0x0, 0xff,

    /* U+CEEB "컫" */
    0x0, 0x37, 0xf1, 0x2, 0x10, 0x61, 0xfd, 0xf0,
    0x81, 0x10, 0x12, 0x1, 0x40, 0x9, 0xff, 0x8,
    0x0, 0x80, 0x8, 0x0, 0xff,

    /* U+CEEC "컬" */
    0x0, 0x23, 0xf9, 0x0, 0x88, 0xc, 0x4f, 0xde,
    0x4, 0x10, 0x40, 0x8c, 0x0, 0x9f, 0xe0, 0x1,
    0x0, 0x8, 0x3f, 0xc0, 0x80, 0x7, 0xfc,

    /* U+CEF4 "컴" */
    0x0, 0x17, 0xf1, 0x1, 0x10, 0x21, 0x76, 0xf0,
    0x41, 0x8, 0x11, 0x1, 0x60, 0x0, 0xff, 0x4,
    0x10, 0x41, 0x4, 0x10, 0x7f,

    /* U+CEF5 "컵" */
    0x0, 0x37, 0xf1, 0x3, 0x10, 0x21, 0x7f, 0xf0,
    0x41, 0x8, 0x11, 0x1, 0x20, 0x24, 0xc1, 0x4,
    0x10, 0x7f, 0x4, 0x10, 0x7f,

    /* U+CEF7 "컷" */
    0x0, 0x33, 0xf8, 0x80, 0xc4, 0x4, 0x27, 0xff,
    0x6, 0x8, 0x60, 0x46, 0x2, 0x41, 0x14, 0xc,
    0x80, 0x60, 0x4, 0x80, 0x43, 0xc, 0xc,

    /* U+CEF8 "컸" */
    0x0, 0x33, 0xf8, 0x80, 0xc4, 0x4, 0x2f, 0xff,
    0x6, 0x8, 0x20, 0x42, 0x2, 0x60, 0x44, 0x21,
    0x1, 0x8, 0x14, 0xc1, 0x3d, 0x10, 0x45, 0xc,
    0x0,

    /* U+CEF9 "컹" */
    0x0, 0x37, 0xf1, 0x2, 0x10, 0x61, 0xfd, 0xf0,
    0xc1, 0x8, 0x11, 0x1, 0x20, 0x14, 0x3e, 0x6,
    0x30, 0x41, 0x6, 0x30, 0x3e,

    /* U+CF00 "케" */
    0x0, 0x18, 0x6, 0x5f, 0x92, 0x4, 0x90, 0x64,
    0x86, 0x27, 0xdf, 0x21, 0x9, 0x18, 0x48, 0x82,
    0x48, 0x12, 0x80, 0x98, 0x4, 0x80, 0x24, 0x0,
    0x20,

    /* U+CF01 "켁" */
    0x0, 0xc8, 0x2, 0x5f, 0x92, 0xc, 0x9f, 0xfc,
    0x86, 0x24, 0x21, 0x22, 0x9, 0x20, 0x4a, 0x0,
    0x7, 0xfe, 0x0, 0x10, 0x0, 0x80, 0x4, 0x0,
    0x20,

    /* U+CF04 "켄" */
    0x0, 0x98, 0x1, 0x27, 0xe4, 0x81, 0x92, 0x4,
    0x4b, 0xff, 0x20, 0x84, 0x86, 0x12, 0x20, 0x49,
    0x31, 0x20, 0x40, 0x81, 0x0, 0x4, 0x0, 0x1f,
    0xf0,

    /* U+CF08 "켈" */
    0x1, 0x97, 0xe4, 0x81, 0x24, 0x11, 0x2f, 0xf9,
    0xc, 0x48, 0x42, 0x44, 0x12, 0x60, 0x4, 0xff,
    0x80, 0x4, 0x3f, 0xe0, 0x80, 0x7, 0xfc,

    /* U+CF10 "켐" */
    0x0, 0xc8, 0x2, 0x5f, 0x92, 0xc, 0x9f, 0xfc,
    0x86, 0x24, 0x21, 0x22, 0x9, 0x20, 0x2, 0x3f,
    0xc1, 0x2, 0x8, 0x10, 0x40, 0x83, 0xfc,

    /* U+CF11 "켑" */
    0x0, 0xd0, 0x5, 0xfc, 0x50, 0x45, 0xff, 0xd0,
    0xc5, 0x18, 0x51, 0x5, 0x20, 0x24, 0xc1, 0x4,
    0x10, 0x7f, 0x4, 0x10, 0x7f, 0x4, 0x0,

    /* U+CF13 "켓" */
    0x0, 0xc8, 0x1, 0x27, 0xe4, 0x81, 0x12, 0xff,
    0xc8, 0x31, 0x21, 0x84, 0x84, 0x12, 0x21, 0x89,
    0x2, 0x0, 0x1c, 0x0, 0xc8, 0x6, 0x18, 0x20,
    0x10,

    /* U+CF15 "켕" */
    0x0, 0xc8, 0x2, 0x5f, 0x92, 0x4, 0x9f, 0xfc,
    0xba, 0x24, 0x21, 0x22, 0x9, 0x30, 0xa, 0xf,
    0xc0, 0xc6, 0x4, 0x10, 0x20, 0x81, 0x8c, 0x7,
    0xc0,

    /* U+CF1C "켜" */
    0x0, 0x30, 0x1, 0x7f, 0x10, 0x31, 0x3, 0xf0,
    0xe1, 0xf4, 0x10, 0xc1, 0x19, 0xf3, 0x1, 0x40,
    0x18, 0x1, 0x0, 0x10, 0x1, 0x0, 0x10,

    /* U+CF20 "켠" */
    0x0, 0x60, 0x22, 0x7e, 0x20, 0x7e, 0x3c, 0x2c,
    0xc2, 0x1b, 0xe3, 0x2, 0x60, 0x29, 0x82, 0x8,
    0x0, 0x80, 0x8, 0x0, 0xff,

    /* U+CF24 "켤" */
    0x0, 0x23, 0xf1, 0x0, 0xf8, 0x38, 0x4e, 0xc2,
    0x4, 0xf0, 0x40, 0x8c, 0x0, 0x9f, 0xe0, 0x1,
    0x0, 0x8, 0x3f, 0xc0, 0x80, 0x7, 0xfc,

    /* U+CF2C "켬" */
    0x0, 0x17, 0xf1, 0x1, 0x10, 0x3f, 0x1e, 0x16,
    0x41, 0x9, 0xf1, 0x1, 0x60, 0x10, 0xff, 0x4,
    0x10, 0x41, 0x4, 0x10, 0x7f,

    /* U+CF2D "켭" */
    0x0, 0x67, 0xe2, 0x7, 0xe1, 0xc2, 0xec, 0x20,
    0xbe, 0x10, 0x22, 0x2, 0x40, 0x49, 0x82, 0x8,
    0x20, 0xfe, 0x8, 0x20, 0xff,

    /* U+CF2F "켯" */
    0x0, 0x30, 0x8, 0x9f, 0xc4, 0x7, 0xe3, 0xe1,
    0x22, 0x8, 0x37, 0xc3, 0x2, 0x20, 0x12, 0xc,
    0x80, 0x60, 0x7, 0x0, 0x64, 0x6, 0x18, 0x40,
    0x20,

    /* U+CF30 "켰" */
    0x0, 0x33, 0xf8, 0x80, 0xc4, 0x7, 0xef, 0xe1,
    0x2, 0xf8, 0x20, 0x42, 0x2, 0x28, 0x66, 0x21,
    0x3, 0x8, 0x14, 0xa1, 0x19, 0x90, 0x84, 0x0,
    0x0,

    /* U+CF31 "켱" */
    0x0, 0x30, 0x1, 0x7f, 0x10, 0x3f, 0x1e, 0x16,
    0x41, 0x9, 0xf1, 0x1, 0x20, 0x18, 0x3e, 0x6,
    0x30, 0x41, 0x6, 0x30, 0x3e,

    /* U+CF38 "켸" */
    0x0, 0xc8, 0x2, 0x5f, 0x92, 0x4, 0x90, 0x7c,
    0xde, 0x25, 0x31, 0x21, 0x79, 0x10, 0x49, 0x2,
    0x50, 0x13, 0x0, 0x90, 0x4, 0x80, 0x4, 0x0,
    0x20,

    /* U+CF54 "코" */
    0x3f, 0xf0, 0x0, 0x40, 0x1, 0x0, 0x4, 0x3f,
    0xf0, 0x0, 0x40, 0x62, 0x0, 0x80, 0x2, 0x0,
    0x8, 0xf, 0xff, 0xc0,

    /* U+CF55 "콕" */
    0x1f, 0xf8, 0x0, 0x30, 0x0, 0x61, 0xff, 0x80,
    0x1, 0x0, 0x22, 0x0, 0x40, 0x3f, 0xff, 0x0,
    0x0, 0x0, 0x0, 0x7f, 0xc0, 0x0, 0x80, 0x1,
    0x0, 0x2, 0x0, 0x4, 0x0,

    /* U+CF58 "콘" */
    0x1f, 0xf0, 0x0, 0x20, 0xff, 0xc0, 0x0, 0x80,
    0x31, 0x0, 0x20, 0x0, 0x40, 0x3f, 0xff, 0x10,
    0x0, 0x10, 0x0, 0x20, 0x0, 0x40, 0x0, 0xff,
    0x80,

    /* U+CF5C "콜" */
    0x1f, 0xf8, 0x0, 0x20, 0x0, 0x40, 0xff, 0x80,
    0x11, 0x0, 0x20, 0x1f, 0xff, 0x80, 0x0, 0x0,
    0x0, 0x3f, 0xe0, 0x0, 0x40, 0xff, 0x80, 0x80,
    0x1, 0xff, 0x0,

    /* U+CF64 "콤" */
    0x1f, 0xf8, 0x0, 0x10, 0x0, 0x21, 0xff, 0x80,
    0x1, 0x0, 0x22, 0x0, 0x40, 0x3f, 0xff, 0x0,
    0x0, 0x1f, 0xe0, 0x20, 0x40, 0x40, 0x80, 0x81,
    0x1, 0xfe, 0x0,

    /* U+CF65 "콥" */
    0x1f, 0xf0, 0x0, 0x60, 0x0, 0xc1, 0xff, 0x0,
    0x2, 0x0, 0x64, 0x0, 0x40, 0x7f, 0xff, 0x0,
    0x0, 0x30, 0x40, 0x20, 0x80, 0x7f, 0x0, 0x82,
    0x1, 0xfe, 0x0,

    /* U+CF67 "콧" */
    0x1f, 0xf0, 0x0, 0x20, 0x0, 0x41, 0xff, 0x80,
    0x21, 0x0, 0x20, 0x0, 0x40, 0x3f, 0xff, 0x0,
    0x0, 0x2, 0x0, 0x4, 0x0, 0x1c, 0x0, 0x64,
    0x1, 0x6, 0xc, 0x0, 0x0,

    /* U+CF69 "콩" */
    0x1f, 0xf0, 0x0, 0x20, 0x0, 0x41, 0xff, 0x80,
    0x1, 0x0, 0x60, 0x0, 0x40, 0x7f, 0xff, 0x0,
    0x0, 0xf, 0x80, 0x31, 0x80, 0x41, 0x0, 0x82,
    0x1, 0x8c, 0x1, 0xf0, 0x0,

    /* U+CF70 "콰" */
    0x0, 0x30, 0x0, 0x21, 0xfe, 0x40, 0x4, 0x80,
    0x19, 0xf, 0xd2, 0x0, 0x27, 0x8c, 0x88, 0x8,
    0x10, 0x11, 0xe3, 0xfc, 0x40, 0x0, 0x80, 0x1,
    0x0, 0x2, 0x0, 0x4, 0x0,

    /* U+CF71 "콱" */
    0x0, 0x30, 0xfe, 0x20, 0x4, 0x43, 0xf8, 0x80,
    0x11, 0xe3, 0x42, 0x2, 0x4, 0x7, 0xf8, 0x70,
    0x10, 0x0, 0x0, 0x7f, 0xc0, 0x0, 0x80, 0x1,
    0x0, 0x2, 0x0, 0x4, 0x0,

    /* U+CF74 "콴" */
    0x0, 0x30, 0xfe, 0x20, 0x4, 0x40, 0xf8, 0x86,
    0x11, 0x3, 0x43, 0xc2, 0x4, 0x4, 0xf8, 0x76,
    0x10, 0x0, 0x20, 0x20, 0x0, 0x40, 0x0, 0x80,
    0x0, 0xff, 0x0,

    /* U+CF78 "콸" */
    0x0, 0x30, 0xfe, 0x20, 0x4, 0x43, 0xf8, 0x80,
    0x11, 0xe1, 0x2, 0x2, 0x3c, 0x7f, 0x8, 0x0,
    0x0, 0x3f, 0xe0, 0x0, 0x40, 0xff, 0x80, 0x80,
    0x1, 0xff, 0x0,

    /* U+CF80 "쾀" */
    0x0, 0x30, 0xfe, 0x20, 0x4, 0x43, 0xf8, 0x80,
    0x11, 0xe3, 0x42, 0x2, 0x4, 0x5, 0xf8, 0x7c,
    0x10, 0x0, 0x0, 0x3f, 0xc0, 0x40, 0x80, 0x81,
    0x1, 0xfe, 0x0,

    /* U+CF85 "쾅" */
    0x0, 0x60, 0xfe, 0x40, 0x4, 0x80, 0x9, 0x7,
    0xf2, 0x0, 0x27, 0xc2, 0x8, 0x4, 0x70, 0x7f,
    0x20, 0x7, 0x80, 0x11, 0x80, 0x21, 0x0, 0x42,
    0x0, 0x8c, 0x0, 0xf0, 0x0,

    /* U+CF8C "쾌" */
    0x0, 0x18, 0x6, 0x5f, 0x92, 0x4, 0x90, 0x24,
    0xff, 0x24, 0x9, 0xe2, 0x9, 0x10, 0x48, 0x9e,
    0x7f, 0x12, 0x0, 0x90, 0x4, 0x80, 0x24, 0x0,
    0x20,

    /* U+CFA1 "쾡" */
    0x0, 0x69, 0xf9, 0x40, 0xca, 0xfe, 0x50, 0x23,
    0x8d, 0x14, 0x20, 0xa1, 0x7d, 0x7c, 0x28, 0xf,
    0xc0, 0xc6, 0x4, 0x10, 0x20, 0x81, 0x8c, 0x3,
    0xc0,

    /* U+CFA8 "쾨" */
    0x0, 0x18, 0x0, 0x5f, 0xe2, 0x1, 0x10, 0x8,
    0xbf, 0xc4, 0x2, 0x21, 0x21, 0x8, 0x8, 0x43,
    0xff, 0xe2, 0x0, 0x10, 0x0, 0x80, 0x4, 0x0,
    0x20,

    /* U+CFB0 "쾰" */
    0x0, 0x33, 0xf8, 0x80, 0x44, 0xf6, 0x20, 0x11,
    0x4, 0x8, 0x21, 0xdf, 0xd2, 0x0, 0x0, 0xff,
    0x80, 0x4, 0x3f, 0xe0, 0x80, 0x7, 0xfc,

    /* U+CFC4 "쿄" */
    0x3f, 0xf0, 0x0, 0x40, 0x1, 0x0, 0x4, 0x7f,
    0xf0, 0x0, 0x40, 0x1a, 0x2, 0x20, 0x8, 0x80,
    0x22, 0xf, 0xff, 0xc0,

    /* U+CFE0 "쿠" */
    0x1f, 0xf0, 0x0, 0x20, 0x0, 0x41, 0xff, 0x80,
    0x2, 0x0, 0x4, 0x3f, 0xff, 0x80, 0x80, 0x1,
    0x0, 0x2, 0x0, 0x4, 0x0, 0x8, 0x0, 0x10,
    0x0,

    /* U+CFE1 "쿡" */
    0x1f, 0xf8, 0x0, 0x20, 0x0, 0x41, 0xff, 0x80,
    0x1, 0x0, 0x2, 0x3f, 0xff, 0x80, 0x80, 0x1,
    0x0, 0x7f, 0xe0, 0x0, 0x40, 0x0, 0x80, 0x1,
    0x0, 0x2, 0x0, 0x4, 0x0,

    /* U+CFE4 "쿤" */
    0x3f, 0xe0, 0x0, 0x80, 0x2, 0x1f, 0xf8, 0x0,
    0x20, 0x1, 0xf, 0xff, 0xc0, 0x80, 0x32, 0x0,
    0x48, 0x1, 0x20, 0x4, 0x0, 0x1f, 0xf0,

    /* U+CFE8 "쿨" */
    0x1f, 0xf8, 0x0, 0x30, 0x0, 0x41, 0xff, 0x80,
    0x1, 0x0, 0x2, 0x1f, 0xff, 0x80, 0x80, 0x1f,
    0xf0, 0x0, 0x20, 0x0, 0x40, 0xff, 0x80, 0x80,
    0x1, 0xff, 0x0,

    /* U+CFF0 "쿰" */
    0x1f, 0xf0, 0x0, 0xc0, 0x2, 0xf, 0xe8, 0x0,
    0x20, 0x0, 0x8f, 0xff, 0xc0, 0x40, 0x1, 0x0,
    0x7f, 0x80, 0x82, 0x2, 0x8, 0x8, 0x20, 0x3f,
    0x80,

    /* U+CFF1 "쿱" */
    0x1f, 0xf0, 0x0, 0x60, 0x0, 0xc1, 0xfd, 0x0,
    0x2, 0x0, 0x4, 0x3f, 0xff, 0x80, 0x80, 0x1,
    0x40, 0x32, 0x40, 0x20, 0x80, 0x7f, 0x0, 0x82,
    0x1, 0xfe, 0x2, 0x0, 0x0,

    /* U+CFF3 "쿳" */
    0x1f, 0xf0, 0x0, 0x20, 0x0, 0x41, 0xff, 0x80,
    0x1, 0x0, 0x4, 0x3f, 0xff, 0x80, 0x80, 0x1,
    0x0, 0x2, 0x0, 0xc, 0x0, 0x34, 0x0, 0xc7,
    0x6, 0x3, 0x0,

    /* U+CFF5 "쿵" */
    0x1f, 0xf0, 0x0, 0x20, 0x0, 0x41, 0xff, 0x80,
    0x2, 0x0, 0x4, 0x3f, 0xff, 0x80, 0x80, 0x1,
    0x0, 0xf, 0x80, 0x31, 0x80, 0x41, 0x0, 0x82,
    0x1, 0x8c, 0x1, 0xf0, 0x0,

    /* U+CFFC "쿼" */
    0x0, 0x19, 0xfc, 0x40, 0x22, 0x1, 0x13, 0xf8,
    0x80, 0x44, 0x4, 0x3f, 0xf9, 0x4, 0x8, 0x27,
    0xc1, 0x2, 0x8, 0x10, 0x40, 0x82, 0x4, 0x0,
    0x20,

    /* U+D000 "퀀" */
    0x0, 0x18, 0xfe, 0x20, 0x8, 0x80, 0x22, 0x3f,
    0x88, 0x2, 0x20, 0xe, 0x9f, 0xc2, 0x4, 0xf8,
    0x10, 0x20, 0xc0, 0x81, 0x0, 0x4, 0x0, 0x1f,
    0xf0,

    /* U+D004 "퀄" */
    0x0, 0x33, 0xf8, 0x80, 0x44, 0xfe, 0x20, 0x11,
    0x0, 0xeb, 0xf8, 0x41, 0x3e, 0x8, 0x10, 0xff,
    0x80, 0x4, 0x3f, 0xe0, 0x80, 0x7, 0xfc,

    /* U+D011 "퀑" */
    0x0, 0x9, 0xfc, 0x40, 0x22, 0x7f, 0x10, 0x8,
    0x80, 0x65, 0xfc, 0x20, 0x9f, 0x4, 0x8, 0x2f,
    0x40, 0xc6, 0x4, 0x10, 0x20, 0x81, 0x8c, 0x7,
    0x80,

    /* U+D018 "퀘" */
    0x0, 0x98, 0x2, 0x5f, 0xd2, 0x2, 0x90, 0x14,
    0xb7, 0xa4, 0x5, 0x23, 0xf9, 0x68, 0x48, 0x4e,
    0x42, 0x12, 0x10, 0x90, 0x84, 0x84, 0x24, 0x0,
    0x20,

    /* U+D02D "퀭" */
    0x0, 0xcb, 0xf2, 0x40, 0x92, 0x4, 0x97, 0xe4,
    0x81, 0x24, 0x15, 0x2f, 0x69, 0x8, 0xc8, 0x4f,
    0x40, 0xc6, 0x4, 0x10, 0x20, 0x81, 0x8c, 0x7,
    0x80,

    /* U+D034 "퀴" */
    0x0, 0x13, 0xf9, 0x0, 0x90, 0x9, 0x3f, 0x90,
    0x9, 0x1, 0x10, 0x17, 0xfe, 0x90, 0x41, 0x4,
    0x10, 0x41, 0x4, 0x10, 0x41, 0x0, 0x10,

    /* U+D035 "퀵" */
    0x0, 0x13, 0xf9, 0x0, 0x97, 0xf9, 0x0, 0x90,
    0x17, 0xff, 0x90, 0x41, 0x4, 0x10, 0x40, 0x1f,
    0xf0, 0x1, 0x0, 0x10, 0x1, 0x0, 0x10,

    /* U+D038 "퀸" */
    0x0, 0x33, 0xf8, 0x80, 0x44, 0x2, 0x27, 0xf1,
    0x0, 0x88, 0x9, 0xdf, 0xf2, 0x8, 0x10, 0x40,
    0x86, 0x0, 0x10, 0x0, 0x80, 0x7, 0xfc,

    /* U+D03C "퀼" */
    0x0, 0x33, 0xf8, 0x80, 0x44, 0xfe, 0x20, 0x11,
    0x1, 0x3b, 0xfe, 0x41, 0x2, 0x1f, 0xf0, 0x7f,
    0x80, 0x4, 0x3f, 0xe0, 0x80, 0x7, 0xfc,

    /* U+D044 "큄" */
    0x0, 0x13, 0xf9, 0x0, 0x97, 0xf9, 0x0, 0x90,
    0x17, 0xff, 0x90, 0x41, 0x4, 0x10, 0x80, 0x7,
    0xf0, 0x41, 0x4, 0x10, 0x7f,

    /* U+D045 "큅" */
    0x0, 0x31, 0xfc, 0x80, 0x24, 0xff, 0x20, 0x9,
    0x0, 0xbb, 0xfe, 0x40, 0x82, 0x4, 0x0, 0x60,
    0x81, 0x4, 0xf, 0xe0, 0x41, 0x3, 0xfc, 0x10,
    0x0,

    /* U+D047 "큇" */
    0x0, 0x31, 0xfc, 0x80, 0x24, 0x1, 0x27, 0xf9,
    0x0, 0x48, 0x5, 0xdf, 0xf2, 0x4, 0x10, 0x28,
    0x81, 0x24, 0x1, 0x0, 0x14, 0x1, 0x18, 0x30,
    0x60,

    /* U+D049 "큉" */
    0x0, 0x13, 0xf9, 0x0, 0x93, 0xf9, 0x0, 0x90,
    0x13, 0x7e, 0xd0, 0x41, 0x4, 0x10, 0x5f, 0x3,
    0x30, 0x21, 0x2, 0x10, 0x33, 0x1, 0xe0,

    /* U+D050 "큐" */
    0x3f, 0xf0, 0x0, 0xc0, 0x3, 0x1f, 0xf8, 0x0,
    0x20, 0x0, 0x80, 0x2, 0xbf, 0xff, 0x8, 0x40,
    0x21, 0x0, 0x84, 0x2, 0x10, 0x8, 0x40, 0x1,
    0x0,

    /* U+D054 "큔" */
    0x3f, 0xf0, 0x0, 0x40, 0x1, 0xf, 0xe8, 0x0,
    0x20, 0x0, 0x8f, 0xff, 0xc1, 0x10, 0x34, 0x40,
    0x51, 0x1, 0x44, 0x4, 0x0, 0x1f, 0xf0,

    /* U+D058 "큘" */
    0x1f, 0xf0, 0x0, 0x20, 0x0, 0x41, 0xff, 0x80,
    0x2, 0x0, 0x4, 0x1f, 0xff, 0x82, 0x20, 0x4,
    0x40, 0x3f, 0xe0, 0x0, 0x80, 0xff, 0x80, 0x80,
    0x1, 0xff, 0x0,

    /* U+D060 "큠" */
    0x1f, 0xf0, 0x0, 0x20, 0x0, 0x41, 0xfd, 0x80,
    0x2, 0x0, 0x4, 0x1f, 0xff, 0x82, 0x20, 0x4,
    0x40, 0x8, 0x80, 0x3f, 0x80, 0x41, 0x0, 0x82,
    0x1, 0xfc, 0x0,

    /* U+D06C "크" */
    0x1f, 0xf0, 0x0, 0x20, 0x0, 0x40, 0x0, 0x83,
    0xff, 0x0, 0x2, 0x0, 0x8, 0x0, 0x10, 0x0,
    0x21, 0xff, 0xfc,

    /* U+D06D "큭" */
    0x3f, 0xf0, 0x0, 0x80, 0x2, 0x0, 0x8, 0x3f,
    0xe0, 0x0, 0x80, 0x2, 0x3f, 0xff, 0x0, 0x0,
    0xff, 0x80, 0x2, 0x0, 0x8, 0x0, 0x20, 0x0,
    0x80, 0x2, 0x0,

    /* U+D070 "큰" */
    0x1f, 0xf0, 0x0, 0x20, 0x0, 0x41, 0xff, 0x80,
    0x1, 0x0, 0x4, 0x1f, 0xff, 0x80, 0x0, 0x10,
    0x0, 0x10, 0x0, 0x20, 0x0, 0x40, 0x0, 0xff,
    0x0,

    /* U+D074 "클" */
    0x1f, 0xf8, 0x0, 0x30, 0x0, 0x41, 0xff, 0x80,
    0x1, 0x0, 0x2, 0x1f, 0xff, 0x80, 0x0, 0x1f,
    0xf0, 0x0, 0x20, 0x0, 0x40, 0xff, 0x80, 0x80,
    0x1, 0xff, 0x0,

    /* U+D07C "큼" */
    0x1f, 0xf0, 0x0, 0xc3, 0xfa, 0x0, 0x8, 0x0,
    0x20, 0x0, 0x8f, 0xff, 0xc0, 0x0, 0x1f, 0xe0,
    0x20, 0x80, 0x82, 0x2, 0x8, 0xf, 0xe0,

    /* U+D07D "큽" */
    0x1f, 0xf0, 0x0, 0x60, 0x0, 0xc1, 0xfd, 0x0,
    0x2, 0x0, 0x4, 0x3f, 0xff, 0x80, 0x0, 0x0,
    0x0, 0x30, 0xc0, 0x20, 0x80, 0x7f, 0x0, 0x82,
    0x1, 0xfe, 0x0,

    /* U+D081 "킁" */
    0x1f, 0xf0, 0x0, 0x20, 0x0, 0x41, 0xff, 0x80,
    0x1, 0x0, 0x4, 0x0, 0x8, 0x3f, 0xff, 0x0,
    0x0, 0xf, 0x80, 0x31, 0x80, 0x41, 0x0, 0xc6,
    0x0, 0xf8, 0x0,

    /* U+D0A4 "키" */
    0x0, 0x30, 0x1, 0x7f, 0x10, 0x11, 0x3, 0x10,
    0xe1, 0x76, 0x10, 0xc1, 0x8, 0x11, 0x1, 0x20,
    0x14, 0x1, 0x0, 0x10, 0x1, 0x0, 0x10,

    /* U+D0A5 "킥" */
    0x0, 0x37, 0xf1, 0x3, 0x10, 0x21, 0x7e, 0x10,
    0x41, 0x8, 0x11, 0x1, 0x60, 0x9, 0xff, 0x0,
    0x10, 0x1, 0x0, 0x10, 0x1, 0x0, 0x10,

    /* U+D0A8 "킨" */
    0x0, 0x27, 0xe2, 0x2, 0x20, 0x62, 0xfc, 0x20,
    0x82, 0x10, 0x22, 0x2, 0x40, 0x29, 0x82, 0x8,
    0x0, 0x80, 0x8, 0x0, 0xff,

    /* U+D0AC "킬" */
    0x0, 0x23, 0xf9, 0x0, 0x88, 0xc, 0x4f, 0xc2,
    0x4, 0x10, 0x40, 0x8c, 0x0, 0x9f, 0xe0, 0x1,
    0x0, 0x8, 0x3f, 0xc0, 0x80, 0x7, 0xfc,

    /* U+D0B4 "킴" */
    0x0, 0x17, 0xf1, 0x1, 0x10, 0x31, 0x7e, 0x10,
    0x41, 0x8, 0x11, 0x1, 0x20, 0x4, 0xff, 0x4,
    0x10, 0x41, 0x4, 0x10, 0x7f,

    /* U+D0B5 "킵" */
    0x0, 0x33, 0xf8, 0x80, 0x44, 0x6, 0x2f, 0xe1,
    0x2, 0x8, 0x20, 0x42, 0x2, 0x20, 0x22, 0x60,
    0x81, 0x4, 0xf, 0xe0, 0x41, 0x3, 0xfc, 0x10,
    0x0,

    /* U+D0B7 "킷" */
    0x0, 0x13, 0xf8, 0x80, 0x44, 0x4, 0x2f, 0xe1,
    0x2, 0x8, 0x20, 0x42, 0x2, 0x21, 0x12, 0xc,
    0x80, 0x60, 0x4, 0x80, 0x43, 0xc, 0xc,

    /* U+D0B9 "킹" */
    0x0, 0x17, 0xf1, 0x3, 0x10, 0x21, 0xfe, 0x10,
    0x41, 0x8, 0x11, 0x1, 0x20, 0x14, 0x3e, 0x6,
    0x30, 0x41, 0x6, 0x30, 0x3e,

    /* U+D0C0 "타" */
    0x0, 0x60, 0x0, 0x87, 0xe2, 0x10, 0x8, 0x40,
    0x21, 0x18, 0x87, 0x83, 0xd0, 0x8, 0x40, 0x21,
    0x7, 0x87, 0xe2, 0x0, 0x8, 0x0, 0x20, 0x0,
    0x80, 0x2, 0x0,

    /* U+D0C1 "탁" */
    0x0, 0x21, 0xf8, 0x84, 0x2, 0x10, 0x8, 0x7e,
    0x3d, 0x0, 0x84, 0x1e, 0x1f, 0x88, 0x0, 0x20,
    0x0, 0x3, 0xfe, 0x0, 0x8, 0x0, 0x20, 0x0,
    0x80, 0x2, 0x0, 0x8,

    /* U+D0C4 "탄" */
    0x0, 0x60, 0x0, 0x8f, 0xe2, 0x10, 0x8, 0x4e,
    0x21, 0xc0, 0xf4, 0x2, 0x10, 0x78, 0x7e, 0x20,
    0x0, 0x81, 0x82, 0x2, 0x0, 0x8, 0x0, 0x3f,
    0xc0,

    /* U+D0C8 "탈" */
    0x0, 0x21, 0xf8, 0x84, 0x2, 0x10, 0x8, 0x7e,
    0x3d, 0x0, 0x84, 0x1e, 0x1f, 0x88, 0x0, 0x0,
    0xff, 0x80, 0x2, 0xf, 0xf8, 0x10, 0x0, 0x7f,
    0x80,

    /* U+D0C9 "탉" */
    0x0, 0x21, 0xf8, 0x84, 0x2, 0x10, 0x8, 0x7e,
    0x3d, 0x0, 0x84, 0x1e, 0x1f, 0x88, 0x0, 0x0,
    0xf7, 0x80, 0x42, 0x1f, 0x8, 0x21, 0x20, 0xf8,
    0x80,

    /* U+D0D0 "탐" */
    0x0, 0x21, 0xf8, 0x84, 0x2, 0x10, 0x8, 0x7e,
    0x3d, 0x0, 0x84, 0x6, 0x1f, 0xe8, 0x0, 0x20,
    0x7f, 0x80, 0x82, 0x2, 0x8, 0x8, 0x20, 0x3f,
    0x80, 0x80, 0x0,

    /* U+D0D1 "탑" */
    0x0, 0x23, 0xf8, 0x84, 0x2, 0x10, 0x8, 0x7e,
    0x3d, 0x0, 0x84, 0xe, 0x1f, 0xc8, 0x0, 0x0,
    0x60, 0x80, 0x82, 0x3, 0xf8, 0x8, 0x20, 0x3f,
    0x80, 0x80, 0x0,

    /* U+D0D3 "탓" */
    0x0, 0x21, 0xf8, 0x84, 0x2, 0x10, 0x8, 0x7e,
    0x3d, 0x0, 0x84, 0xe, 0x1f, 0xc8, 0x0, 0x20,
    0xc, 0x80, 0x20, 0x1, 0xe0, 0xc, 0x40, 0x40,
    0xc2, 0x0, 0x0,

    /* U+D0D4 "탔" */
    0x0, 0x23, 0xf8, 0x84, 0x2, 0x10, 0x8, 0x7e,
    0x3d, 0x0, 0x84, 0x1e, 0x1f, 0x88, 0x0, 0x20,
    0x61, 0x0, 0x84, 0x6, 0x30, 0x25, 0xa1, 0x4,
    0x48, 0x20, 0x0,

    /* U+D0D5 "탕" */
    0x0, 0x21, 0xf8, 0x84, 0x2, 0x10, 0x8, 0x4e,
    0x21, 0xc0, 0xf4, 0x2, 0x17, 0xf8, 0x20, 0x20,
    0x1f, 0x0, 0xc6, 0x2, 0x8, 0x8, 0x20, 0x31,
    0x80, 0x7c, 0x0,

    /* U+D0DC "태" */
    0x0, 0x30, 0x9, 0xfc, 0x94, 0x9, 0x40, 0x97,
    0xcf, 0x40, 0x94, 0x9, 0x41, 0x97, 0xe9, 0x0,
    0x90, 0x9, 0x0, 0x90, 0x1,

    /* U+D0DD "택" */
    0x1, 0x90, 0x9, 0xfc, 0x94, 0x9, 0x7c, 0xf4,
    0x9, 0x41, 0x97, 0xe9, 0x0, 0x90, 0x0, 0x1f,
    0xf0, 0x1, 0x0, 0x10, 0x1, 0x0, 0x10,

    /* U+D0E0 "탠" */
    0x1, 0x90, 0x4, 0xbf, 0x24, 0x81, 0x24, 0x9,
    0x3e, 0x79, 0x2, 0x48, 0x32, 0x7e, 0x90, 0x84,
    0x82, 0x4, 0x10, 0x0, 0x80, 0x7, 0xfc,

    /* U+D0E4 "탤" */
    0x1, 0x90, 0x4, 0xbf, 0x24, 0x81, 0x27, 0xcf,
    0x20, 0x49, 0x6, 0x4f, 0xd2, 0x0, 0x0, 0xff,
    0x80, 0x4, 0x3f, 0xe0, 0x80, 0x7, 0xfc,

    /* U+D0EC "탬" */
    0x1, 0x90, 0x9, 0xfc, 0x94, 0x9, 0x7c, 0xf4,
    0x9, 0x40, 0x97, 0xf9, 0x0, 0x0, 0xff, 0x4,
    0x10, 0x41, 0x4, 0x10, 0x7f,

    /* U+D0ED "탭" */
    0x1, 0x90, 0x9, 0xfc, 0x94, 0x9, 0x7c, 0xf4,
    0x9, 0x41, 0x97, 0xe9, 0x0, 0x0, 0xc3, 0x4,
    0x10, 0x7f, 0x4, 0x10, 0x7f, 0x4, 0x0,

    /* U+D0EF "탯" */
    0x1, 0x90, 0x4, 0xbf, 0x24, 0x81, 0x24, 0x9,
    0x3e, 0x79, 0x2, 0x48, 0x32, 0x7e, 0x90, 0x8,
    0x80, 0x40, 0x7, 0x80, 0x43, 0xc, 0xc,

    /* U+D0F0 "탰" */
    0x1, 0x90, 0x4, 0xbf, 0x24, 0x81, 0x27, 0xcf,
    0x20, 0x49, 0x6, 0x4f, 0xd2, 0x0, 0x10, 0x63,
    0x3, 0x18, 0x18, 0xc1, 0x29, 0x10, 0x8c, 0x8,
    0x0,

    /* U+D0F1 "탱" */
    0x1, 0x90, 0x9, 0xfc, 0x94, 0x9, 0x7c, 0xf4,
    0x9, 0x40, 0x97, 0xf9, 0x20, 0x10, 0x3f, 0x6,
    0x30, 0x41, 0x4, 0x10, 0x63, 0x3, 0xe0,

    /* U+D0F8 "탸" */
    0x0, 0x60, 0x0, 0x80, 0x62, 0x1e, 0x8, 0x40,
    0x3d, 0x0, 0x87, 0xe2, 0x10, 0x8, 0x40, 0x3d,
    0x7, 0x87, 0xe2, 0x0, 0x8, 0x0, 0x20, 0x0,
    0x80, 0x2, 0x0,

    /* U+D10D "턍" */
    0x0, 0x23, 0xf8, 0x84, 0x2, 0x10, 0xf, 0x7e,
    0x21, 0x0, 0x84, 0x3, 0xdf, 0xf8, 0x0, 0x20,
    0x1f, 0x0, 0xc6, 0x2, 0x8, 0x8, 0x20, 0x31,
    0x80, 0x7c, 0x0,

    /* U+D130 "터" */
    0x0, 0x30, 0x1, 0xfe, 0x14, 0x1, 0x40, 0x14,
    0x11, 0x7c, 0xf4, 0x1, 0x40, 0x14, 0x11, 0x7e,
    0x10, 0x1, 0x0, 0x10, 0x1, 0x0, 0x10,

    /* U+D131 "턱" */
    0x0, 0x3f, 0xe1, 0x40, 0x14, 0x1, 0x7e, 0xf4,
    0x1, 0x41, 0x17, 0xe1, 0x0, 0x10, 0x0, 0x3f,
    0xf0, 0x1, 0x0, 0x10, 0x1, 0x0, 0x10,

    /* U+D134 "턴" */
    0x0, 0x33, 0xf0, 0x90, 0x4, 0x80, 0x24, 0x11,
    0x3f, 0x79, 0x0, 0x48, 0x22, 0x7e, 0x10, 0x0,
    0x86, 0x4, 0x10, 0x0, 0x80, 0x7, 0xfc,

    /* U+D138 "털" */
    0x0, 0x33, 0xf0, 0x90, 0x4, 0x80, 0x27, 0xef,
    0x20, 0x9, 0x4, 0x4f, 0xc2, 0x0, 0x0, 0xff,
    0x80, 0x4, 0x3f, 0xe0, 0x80, 0x7, 0xfc,

    /* U+D13A "턺" */
    0x0, 0x17, 0xf1, 0x40, 0x14, 0x1, 0x7e, 0xf4,
    0x1, 0x41, 0x17, 0xe1, 0x0, 0x3, 0xdf, 0x4,
    0x93, 0xc9, 0x20, 0x93, 0xef,

    /* U+D140 "텀" */
    0x0, 0x3f, 0xc5, 0x0, 0xa0, 0x17, 0xee, 0x80,
    0x50, 0xb, 0xf9, 0x0, 0x3, 0xfc, 0x20, 0x84,
    0x10, 0x82, 0x1f, 0xc0,

    /* U+D141 "텁" */
    0x0, 0x3f, 0xe1, 0x40, 0x14, 0x1, 0x7e, 0xf4,
    0x1, 0x41, 0x17, 0xe1, 0x0, 0x1, 0x83, 0x8,
    0x10, 0xff, 0x8, 0x10, 0xff, 0x8, 0x0,

    /* U+D143 "텃" */
    0x0, 0x37, 0xf0, 0x90, 0x4, 0x80, 0x27, 0xef,
    0x20, 0x9, 0x4, 0x4f, 0xc2, 0x2, 0x10, 0xc,
    0x0, 0xe0, 0xc, 0x80, 0xc3, 0x18, 0x8,

    /* U+D144 "텄" */
    0x0, 0x37, 0xf0, 0x90, 0x4, 0x80, 0x27, 0xef,
    0x20, 0x9, 0x4, 0x4f, 0xc2, 0x0, 0x10, 0x63,
    0x2, 0x8, 0x18, 0xc1, 0x2d, 0x10, 0xc5, 0x8,
    0x0,

    /* U+D145 "텅" */
    0x0, 0x3f, 0xc5, 0x0, 0xa0, 0x17, 0xee, 0x80,
    0x50, 0xa, 0xf9, 0x20, 0x20, 0x78, 0x10, 0x82,
    0x10, 0x42, 0x7, 0x80,

    /* U+D14C "테" */
    0x0, 0x10, 0x5, 0xfc, 0x54, 0x5, 0x40, 0x54,
    0x5, 0x7f, 0xd4, 0x5, 0x40, 0x57, 0xc5, 0x0,
    0x50, 0x5, 0x0, 0x50, 0x1,

    /* U+D14D "텍" */
    0x0, 0x90, 0x5, 0xfc, 0x54, 0x5, 0x40, 0x57,
    0xfd, 0x40, 0x54, 0x5, 0x7e, 0x50, 0x0, 0x1f,
    0xf0, 0x1, 0x0, 0x10, 0x1, 0x0, 0x10,

    /* U+D150 "텐" */
    0x0, 0x90, 0x2, 0xbf, 0x14, 0x80, 0xa4, 0x5,
    0x3f, 0xe9, 0x1, 0x48, 0x4a, 0x7c, 0x50, 0x2,
    0x86, 0x4, 0x10, 0x0, 0x80, 0x7, 0xfc,

    /* U+D154 "텔" */
    0x0, 0xd0, 0x2, 0xbf, 0x14, 0x80, 0xa7, 0xfd,
    0x20, 0x29, 0x1, 0x4f, 0xca, 0x0, 0x0, 0xff,
    0x80, 0x4, 0x3f, 0xe0, 0x80, 0x7, 0xfc,

    /* U+D15C "템" */
    0x0, 0xd0, 0x5, 0xfc, 0x54, 0x5, 0x7f, 0xd4,
    0x5, 0x40, 0x57, 0xe5, 0x0, 0x0, 0xff, 0x4,
    0x10, 0x41, 0x4, 0x10, 0x7f,

    /* U+D15D "텝" */
    0x0, 0x90, 0x5, 0xfe, 0x54, 0x5, 0x7d, 0xd4,
    0x5, 0x40, 0x57, 0xe5, 0x0, 0x0, 0xc1, 0x4,
    0x10, 0x7f, 0x4, 0x10, 0x7f, 0x4, 0x0,

    /* U+D15F "텟" */
    0x0, 0xd0, 0x2, 0xbf, 0x14, 0x80, 0xa7, 0xfd,
    0x20, 0x29, 0x1, 0x48, 0xa, 0x7e, 0x50, 0xc,
    0x80, 0x60, 0x6, 0x80, 0x63, 0xc, 0x4,

    /* U+D161 "텡" */
    0x0, 0x90, 0x5, 0xfc, 0x54, 0x5, 0x7f, 0xd4,
    0x5, 0x40, 0x54, 0xe5, 0x70, 0x10, 0x3e, 0x6,
    0x30, 0x41, 0x4, 0x10, 0x63, 0x1, 0xe0,

    /* U+D168 "텨" */
    0x0, 0x30, 0x1, 0xfe, 0x14, 0x1, 0x41, 0xf4,
    0x1, 0x7c, 0x14, 0x1f, 0x40, 0x14, 0x11, 0x7e,
    0x10, 0x1, 0x0, 0x10, 0x1, 0x0, 0x10,

    /* U+D16C "텬" */
    0x0, 0x36, 0x30, 0x9e, 0x4, 0x83, 0xe4, 0x41,
    0x3f, 0x9, 0x7, 0xc8, 0x22, 0x7e, 0x10, 0x0,
    0x86, 0x4, 0x10, 0x0, 0x80, 0x7, 0xfc,

    /* U+D17C "텼" */
    0x0, 0x37, 0xf0, 0x90, 0x4, 0x83, 0xe7, 0xe1,
    0x20, 0xf9, 0x4, 0x4f, 0xc2, 0x0, 0x0, 0x63,
    0x2, 0x8, 0x18, 0xc1, 0x29, 0x10, 0x85, 0x8,
    0x0,

    /* U+D184 "톄" */
    0x0, 0x10, 0x5, 0xfc, 0x54, 0x5, 0x43, 0xd4,
    0x5, 0x78, 0x54, 0x3d, 0x40, 0x54, 0x5, 0x7e,
    0x50, 0x5, 0x0, 0x50, 0x5, 0x0, 0x10,

    /* U+D188 "톈" */
    0x0, 0xd0, 0x2, 0x9f, 0x14, 0x87, 0xa4, 0x5,
    0x3c, 0x29, 0xf, 0x48, 0x4a, 0x7c, 0x50, 0x2,
    0x86, 0x4, 0x10, 0x0, 0x80, 0x7, 0xfc,

    /* U+D1A0 "토" */
    0x3f, 0xf0, 0x40, 0x1, 0x0, 0x7, 0xfc, 0x10,
    0x0, 0x40, 0x1, 0x0, 0x7, 0xfc, 0x1, 0x0,
    0x4, 0xf, 0xff, 0xc0,

    /* U+D1A1 "톡" */
    0x3f, 0xf0, 0x40, 0x1, 0x0, 0x7, 0xf8, 0x10,
    0x0, 0x7f, 0xc0, 0x10, 0x0, 0x40, 0xff, 0xfc,
    0x0, 0x3, 0xfe, 0x0, 0x8, 0x0, 0x20, 0x0,
    0x80, 0x2, 0x0,

    /* U+D1A4 "톤" */
    0x3f, 0xf0, 0x40, 0x1, 0xfe, 0x4, 0x0, 0x10,
    0x0, 0x7f, 0xc0, 0x10, 0x3f, 0xff, 0x0, 0x0,
    0x40, 0x1, 0x0, 0x4, 0x0, 0x1f, 0xf0,

    /* U+D1A8 "톨" */
    0x3f, 0xf0, 0x40, 0x1, 0xfe, 0x4, 0x0, 0x10,
    0x0, 0x7f, 0xc0, 0x10, 0x3f, 0xff, 0x0, 0x0,
    0x7f, 0x80, 0x2, 0xf, 0xf8, 0x10, 0x0, 0x7f,
    0xc0,

    /* U+D1B0 "톰" */
    0x3f, 0xf0, 0x40, 0x1, 0x0, 0x7, 0xf8, 0x10,
    0x0, 0x7f, 0xc0, 0x10, 0x0, 0x40, 0xff, 0xfc,
    0x0, 0x1, 0xfe, 0x6, 0x8, 0x18, 0x20, 0x7f,
    0x80, 0x80, 0x0,

    /* U+D1B1 "톱" */
    0x3f, 0xf0, 0x40, 0x1, 0xfe, 0x4, 0x0, 0x10,
    0x0, 0x7f, 0xc0, 0x10, 0x3f, 0xff, 0x0, 0x0,
    0x40, 0x81, 0x82, 0x7, 0xf8, 0x18, 0x20, 0x7f,
    0x80, 0x0, 0x0,

    /* U+D1B3 "톳" */
    0x3f, 0xf0, 0x40, 0x1, 0x0, 0x7, 0xf8, 0x10,
    0x0, 0x7f, 0xc0, 0x10, 0x0, 0x40, 0xff, 0xfc,
    0x0, 0x0, 0x30, 0x0, 0xc0, 0x2, 0x80, 0x31,
    0xc3, 0x1, 0x80,

    /* U+D1B5 "통" */
    0x3f, 0xf0, 0x40, 0x1, 0x0, 0x7, 0xf8, 0x10,
    0x0, 0x7f, 0xc0, 0x10, 0x0, 0x43, 0xfe, 0xf0,
    0x1e, 0x0, 0x8c, 0x6, 0x10, 0x18, 0x40, 0x23,
    0x0, 0x78, 0x0,

    /* U+D1BA "톺" */
    0x3f, 0xf0, 0x40, 0x1, 0x0, 0x7, 0xf8, 0x10,
    0x0, 0x7f, 0xc0, 0x10, 0x3f, 0xff, 0x0, 0x0,
    0x7f, 0xc0, 0xc, 0x1, 0x10, 0x4, 0x40, 0xff,
    0xc0,

    /* U+D1BC "톼" */
    0x0, 0x30, 0x0, 0x21, 0xfe, 0x41, 0x0, 0x83,
    0xf9, 0x4, 0x2, 0x8, 0x7, 0x9f, 0xc8, 0x4,
    0x10, 0x8, 0xe1, 0xfe, 0x40, 0x0, 0x80, 0x1,
    0x0, 0x2, 0x0, 0x4, 0x0,

    /* U+D1C0 "퇀" */
    0x0, 0x30, 0xff, 0x20, 0x80, 0x41, 0xf8, 0x82,
    0x1, 0x4, 0x3, 0xcf, 0xe4, 0x6, 0x8, 0xff,
    0xf0, 0x0, 0x20, 0x20, 0x0, 0x40, 0x0, 0x80,
    0x1, 0xff, 0x0,

    /* U+D1D8 "퇘" */
    0x0, 0x18, 0x6, 0x7f, 0x92, 0x80, 0x97, 0xe4,
    0xa0, 0x25, 0x1, 0xef, 0xc9, 0x8, 0x48, 0x42,
    0x7f, 0xf2, 0x0, 0x90, 0x4, 0x80, 0x24, 0x0,
    0x20,

    /* U+D1F4 "퇴" */
    0x0, 0x30, 0x1, 0x7f, 0x92, 0x1, 0x3f, 0x92,
    0x1, 0x20, 0x13, 0xf9, 0x4, 0x10, 0x43, 0xff,
    0xd0, 0x1, 0x0, 0x10, 0x1, 0x0, 0x10,

    /* U+D1F8 "퇸" */
    0x0, 0x13, 0xfc, 0x88, 0x4, 0x7f, 0x22, 0x1,
    0x10, 0x8, 0xfe, 0x41, 0x2, 0xff, 0xf0, 0x0,
    0x82, 0x4, 0x10, 0x0, 0x80, 0x7, 0xfc,

    /* U+D207 "툇" */
    0x40, 0x33, 0xfc, 0x88, 0x4, 0x7f, 0x22, 0x1,
    0x1f, 0xc8, 0x10, 0x40, 0x8e, 0xff, 0x90, 0x8,
    0x80, 0x60, 0x3, 0x0, 0x24, 0x6, 0x18, 0x40,
    0x0,

    /* U+D209 "툉" */
    0x40, 0x17, 0xf9, 0x20, 0x13, 0xf9, 0x20, 0x13,
    0xf9, 0x4, 0x10, 0x5f, 0xea, 0x10, 0x1e, 0x2,
    0x30, 0x61, 0x6, 0x10, 0x23, 0x1, 0xe0,

    /* U+D210 "툐" */
    0x3f, 0xf0, 0x40, 0x1, 0x0, 0x7, 0xfc, 0x10,
    0x0, 0x40, 0x1, 0xff, 0x0, 0x10, 0xc, 0x40,
    0x31, 0xf, 0xff, 0xc0,

    /* U+D22C "투" */
    0x3f, 0xf0, 0x40, 0x1, 0xfe, 0x4, 0x0, 0x10,
    0x0, 0x7f, 0xc0, 0x0, 0x3f, 0xff, 0x1, 0x0,
    0x4, 0x0, 0x10, 0x0, 0x40, 0x1, 0x0, 0x4,
    0x0,

    /* U+D22D "툭" */
    0x3f, 0xf0, 0x40, 0x1, 0x0, 0x7, 0xf8, 0x10,
    0x0, 0x7f, 0xc0, 0x0, 0x3f, 0xff, 0x1, 0x0,
    0x4, 0x3, 0xfe, 0x0, 0x8, 0x0, 0x20, 0x0,
    0x80, 0x2, 0x0,

    /* U+D230 "툰" */
    0x3f, 0xf0, 0x40, 0x1, 0xfe, 0x4, 0x0, 0x10,
    0x0, 0x7f, 0xc0, 0x0, 0x3f, 0xff, 0x1, 0x0,
    0xc4, 0x1, 0x10, 0x4, 0x40, 0x1f, 0xf0,

    /* U+D234 "툴" */
    0x0, 0x30, 0x7f, 0x1, 0xfe, 0x4, 0x0, 0x10,
    0x0, 0x7f, 0xc0, 0x0, 0x3f, 0xff, 0x1, 0x0,
    0x7f, 0x80, 0x2, 0xf, 0xf8, 0x10, 0x0, 0x7f,
    0xc0,

    /* U+D23C "툼" */
    0x3f, 0xf0, 0x40, 0x1, 0x0, 0x7, 0xf8, 0x10,
    0x0, 0x7f, 0xc0, 0x0, 0x3f, 0xff, 0x1, 0x0,
    0x4, 0x1, 0xfe, 0x6, 0x8, 0x18, 0x20, 0x3f,
    0x80, 0x0, 0x0,

    /* U+D23D "툽" */
    0x3f, 0xf0, 0x40, 0x1, 0x0, 0x7, 0xf8, 0x10,
    0x0, 0x7f, 0xc0, 0x0, 0x3f, 0xff, 0x1, 0x0,
    0x5, 0x81, 0x82, 0x7, 0xf8, 0x18, 0x20, 0x7f,
    0x81, 0x0, 0x0,

    /* U+D23F "툿" */
    0x3f, 0xf0, 0x40, 0x1, 0x0, 0x7, 0xf8, 0x10,
    0x0, 0x7f, 0xc0, 0x0, 0x3f, 0xff, 0x1, 0x0,
    0xc, 0x0, 0x10, 0x0, 0xc0, 0x6, 0xc0, 0x20,
    0xc3, 0x1, 0x0,

    /* U+D241 "퉁" */
    0x3f, 0xf0, 0x40, 0x1, 0x0, 0x7, 0xf8, 0x10,
    0x0, 0x7f, 0xc0, 0x0, 0x3f, 0xff, 0x1, 0x0,
    0x1f, 0x0, 0x86, 0x6, 0x8, 0x18, 0x20, 0x21,
    0x80, 0x78, 0x0,

    /* U+D248 "퉈" */
    0x0, 0x1b, 0xfc, 0x48, 0x2, 0x7f, 0x12, 0x0,
    0x90, 0x4, 0xfe, 0x20, 0xd, 0xff, 0x88, 0x20,
    0x41, 0x7e, 0x8, 0x10, 0x40, 0x82, 0x4,

    /* U+D25C "퉜" */
    0x0, 0x33, 0xfc, 0x88, 0x4, 0x7e, 0x22, 0x1,
    0x1f, 0xc8, 0x1, 0x5f, 0xf2, 0x45, 0xf0, 0x20,
    0x83, 0x10, 0x8, 0x40, 0x66, 0x4, 0xe8, 0x46,
    0x24, 0x40,

    /* U+D264 "퉤" */
    0x0, 0x18, 0x6, 0x7f, 0x92, 0x80, 0x97, 0xe4,
    0xa0, 0x25, 0xf9, 0x20, 0x69, 0xfc, 0x48, 0x9e,
    0x44, 0x12, 0x20, 0x91, 0x4, 0x88, 0x24, 0x0,
    0x20,

    /* U+D280 "튀" */
    0x0, 0x17, 0xf9, 0x20, 0x12, 0x1, 0x3f, 0x92,
    0x1, 0x3f, 0x90, 0x1, 0x0, 0xff, 0xf1, 0x4,
    0x10, 0x41, 0x4, 0x10, 0x41, 0x0, 0x10,

    /* U+D281 "튁" */
    0x0, 0x17, 0xf9, 0x20, 0x13, 0xf1, 0x20, 0x13,
    0xf9, 0x0, 0x3f, 0xfd, 0x4, 0x10, 0x40, 0x1f,
    0xf0, 0x1, 0x0, 0x10, 0x1, 0x0, 0x10,

    /* U+D284 "튄" */
    0x0, 0x11, 0xfe, 0x42, 0x1, 0xf, 0xc4, 0x20,
    0x10, 0xfe, 0x40, 0x1, 0x0, 0x3c, 0xff, 0x10,
    0x10, 0x41, 0xc1, 0x1, 0x0, 0x4, 0x0, 0x1f,
    0xf0,

    /* U+D288 "튈" */
    0x0, 0x13, 0xfc, 0x88, 0x4, 0x7e, 0x22, 0x1,
    0x1f, 0xc8, 0x0, 0xdf, 0xfa, 0x4, 0x10, 0xff,
    0x80, 0x4, 0x3f, 0xe0, 0xc0, 0x7, 0xfc,

    /* U+D290 "튐" */
    0x0, 0x17, 0xf9, 0x20, 0x13, 0xf1, 0x20, 0x13,
    0xf9, 0x0, 0x3f, 0xfd, 0x4, 0x10, 0x40, 0xf,
    0xf0, 0x41, 0x4, 0x10, 0x7f, 0x4, 0x0,

    /* U+D291 "튑" */
    0x0, 0x17, 0xf9, 0x20, 0x13, 0xf1, 0x20, 0x13,
    0xf9, 0x0, 0x3f, 0xfd, 0x4, 0x10, 0xc3, 0x4,
    0x10, 0x7f, 0x4, 0x10, 0x7f, 0x4, 0x0,

    /* U+D295 "튕" */
    0x0, 0x17, 0xf9, 0x20, 0x13, 0xf1, 0x20, 0x13,
    0xf9, 0x0, 0x1f, 0xff, 0x4, 0x10, 0x5e, 0x6,
    0x30, 0x21, 0x2, 0x10, 0x23, 0x1, 0xe0,

    /* U+D29C "튜" */
    0x3f, 0xf0, 0x40, 0x1, 0xfe, 0x4, 0x0, 0x10,
    0x0, 0x7f, 0xc0, 0x0, 0x3f, 0xff, 0x8, 0x40,
    0x21, 0x0, 0x84, 0x2, 0x10, 0x8, 0x40, 0x1,
    0x0,

    /* U+D2A0 "튠" */
    0x3f, 0xe0, 0x40, 0x1, 0xfe, 0x4, 0x0, 0x1f,
    0xe0, 0x0, 0x0, 0x0, 0x3f, 0xff, 0x4, 0x80,
    0xd2, 0x1, 0x48, 0x4, 0x20, 0x1f, 0xf0,

    /* U+D2A4 "튤" */
    0x0, 0x30, 0x7f, 0x1, 0xfe, 0x4, 0x0, 0x10,
    0x0, 0x7f, 0xc0, 0x0, 0x3f, 0xff, 0x4, 0x40,
    0x7f, 0x80, 0x2, 0xf, 0xf8, 0x10, 0x0, 0x7f,
    0xc0,

    /* U+D2AC "튬" */
    0x3f, 0xe0, 0x40, 0x1, 0x0, 0x7, 0xf8, 0x10,
    0x0, 0x7f, 0xc0, 0x0, 0x3f, 0xff, 0xc, 0x40,
    0x21, 0x1, 0xfe, 0x4, 0x8, 0x10, 0x20, 0x7f,
    0x80, 0x0, 0x0,

    /* U+D2B1 "튱" */
    0x3f, 0xf0, 0x40, 0x1, 0x0, 0x7, 0xf8, 0x10,
    0x0, 0x7f, 0xc0, 0x0, 0x3f, 0xff, 0x8, 0x40,
    0x3f, 0x0, 0x84, 0x2, 0x18, 0x18, 0x60, 0x21,
    0x0, 0x78, 0x0,

    /* U+D2B8 "트" */
    0x3f, 0xf0, 0x40, 0x1, 0x0, 0x7, 0xf8, 0x10,
    0x0, 0x40, 0x1, 0x0, 0x7, 0xfc, 0x0, 0x0,
    0x0, 0xf, 0xff, 0xc0,

    /* U+D2B9 "특" */
    0x3f, 0xf0, 0x40, 0x1, 0x0, 0x7, 0xf8, 0x10,
    0x0, 0x7f, 0xc0, 0x0, 0x0, 0x0, 0xff, 0xfc,
    0x0, 0x3, 0xfe, 0x0, 0x8, 0x0, 0x20, 0x0,
    0x80, 0x2, 0x0, 0x8,

    /* U+D2BC "튼" */
    0x3f, 0xf0, 0x40, 0x1, 0xfe, 0x4, 0x0, 0x10,
    0x0, 0x7f, 0xc0, 0x0, 0x3f, 0xff, 0x0, 0x0,
    0x40, 0x1, 0x0, 0x4, 0x0, 0x1f, 0xf0,

    /* U+D2BF "튿" */
    0x3f, 0xe0, 0x40, 0x1, 0x0, 0x7, 0xf8, 0x10,
    0x0, 0x7f, 0x80, 0x0, 0x3f, 0xff, 0x0, 0x0,
    0x40, 0x3, 0xfe, 0x4, 0x0, 0x10, 0x0, 0x7f,
    0x80,

    /* U+D2C0 "틀" */
    0x3f, 0xf0, 0x40, 0x1, 0xfe, 0x4, 0x0, 0x10,
    0x0, 0x7f, 0xc0, 0x0, 0x3f, 0xff, 0x0, 0x0,
    0x7f, 0x80, 0x2, 0xf, 0xf8, 0x10, 0x0, 0x7f,
    0xc0,

    /* U+D2C2 "틂" */
    0x0, 0x30, 0x7f, 0x1, 0xff, 0x4, 0x0, 0x10,
    0x0, 0x3f, 0xc0, 0x0, 0x3f, 0xff, 0x0, 0x0,
    0xff, 0xc0, 0x29, 0xf, 0xa4, 0x10, 0x90, 0x73,
    0xc0, 0x8, 0x0,

    /* U+D2C8 "틈" */
    0x3f, 0xf0, 0x40, 0x1, 0x0, 0x7, 0xf8, 0x10,
    0x0, 0x7f, 0xc0, 0x0, 0x3f, 0xff, 0x0, 0x0,
    0x0, 0x1, 0xfe, 0x4, 0x8, 0x10, 0x20, 0x3f,
    0x80,

    /* U+D2C9 "틉" */
    0x3f, 0xf0, 0x40, 0x1, 0x0, 0x7, 0xf8, 0x10,
    0x0, 0x7f, 0xc0, 0x0, 0x3f, 0xff, 0x0, 0x0,
    0x41, 0x81, 0x2, 0x7, 0xf8, 0x10, 0x20, 0x7f,
    0x81, 0x0, 0x0,

    /* U+D2CB "틋" */
    0x3f, 0xf0, 0x40, 0x1, 0x0, 0x7, 0xf8, 0x10,
    0x0, 0x7f, 0xc0, 0x0, 0x3f, 0xff, 0x0, 0x0,
    0xc, 0x0, 0x20, 0x1, 0xe0, 0x8, 0x60, 0xc0,
    0x40,

    /* U+D2D4 "틔" */
    0x0, 0x30, 0x1, 0x7f, 0x92, 0x1, 0x3f, 0x92,
    0x1, 0x20, 0x13, 0xf9, 0x0, 0x10, 0x7, 0xff,
    0x90, 0x1, 0x0, 0x10, 0x1, 0x0, 0x10,

    /* U+D2D8 "틘" */
    0x0, 0x13, 0xfc, 0x88, 0x4, 0x7e, 0x22, 0x1,
    0x10, 0x8, 0xfe, 0x40, 0x2, 0xff, 0xf0, 0x0,
    0x82, 0x4, 0x10, 0x0, 0x80, 0x7, 0xf8,

    /* U+D2DC "틜" */
    0x0, 0x13, 0xfc, 0x88, 0x4, 0x7e, 0x22, 0x1,
    0x1f, 0xc8, 0x0, 0x5f, 0xfe, 0x0, 0x0, 0xff,
    0x80, 0x4, 0x3f, 0xe0, 0x80, 0x7, 0xfc,

    /* U+D2E4 "틤" */
    0x0, 0x17, 0xf9, 0x20, 0x13, 0xf1, 0x20, 0x13,
    0xf9, 0x0, 0x10, 0x1f, 0xfe, 0x10, 0x0, 0xf,
    0xf0, 0x41, 0x4, 0x10, 0x7f, 0x4, 0x0,

    /* U+D2E5 "틥" */
    0x0, 0x17, 0xf9, 0x20, 0x13, 0xf1, 0x20, 0x13,
    0xf9, 0x0, 0x7f, 0xf9, 0x40, 0x0, 0xc3, 0x4,
    0x10, 0x7f, 0x4, 0x10, 0x7f, 0x4, 0x0,

    /* U+D2F0 "티" */
    0x0, 0x60, 0x5, 0xfc, 0xa0, 0x14, 0x2, 0x80,
    0x5f, 0x8a, 0x1, 0x40, 0x28, 0x3d, 0xf8, 0x80,
    0x10, 0x2, 0x0, 0x40, 0x8,

    /* U+D2F1 "틱" */
    0x0, 0x3f, 0xe5, 0x0, 0xa0, 0x17, 0xe2, 0x80,
    0x50, 0x3b, 0xd9, 0x0, 0x7, 0xfc, 0x0, 0x80,
    0x10, 0x2, 0x0, 0x40, 0x8,

    /* U+D2F4 "틴" */
    0x0, 0x30, 0x0, 0xbf, 0xc4, 0x80, 0x27, 0xe1,
    0x20, 0x9, 0x0, 0x48, 0x1e, 0x7f, 0x10, 0x0,
    0x86, 0x0, 0x10, 0x0, 0x80, 0x7, 0xfc,

    /* U+D2F8 "틸" */
    0x0, 0x23, 0xf9, 0x10, 0x8, 0x80, 0x47, 0xe2,
    0x20, 0x11, 0x3, 0x8f, 0xe4, 0x0, 0x0, 0xff,
    0x0, 0x8, 0x3f, 0xc0, 0x80, 0x7, 0xfc,

    /* U+D300 "팀" */
    0x0, 0x3f, 0xe5, 0x0, 0xa0, 0x17, 0xe2, 0x80,
    0x50, 0x3b, 0xf9, 0x0, 0x3, 0xfc, 0x20, 0x84,
    0x10, 0x82, 0x1f, 0xc0,

    /* U+D301 "팁" */
    0x0, 0x3f, 0xc5, 0x0, 0xa0, 0x17, 0xe2, 0x80,
    0x50, 0x3b, 0xf9, 0x0, 0x43, 0x4, 0x20, 0x87,
    0xf0, 0x82, 0x1f, 0xc0,

    /* U+D303 "팃" */
    0x0, 0x2f, 0xe2, 0x40, 0x24, 0x2, 0x7e, 0x24,
    0x2, 0x40, 0xe7, 0xf2, 0x2, 0x20, 0x12, 0x3,
    0x0, 0x6c, 0x8, 0x23, 0x1,

    /* U+D305 "팅" */
    0x0, 0x3f, 0xe5, 0x0, 0xa0, 0x17, 0xe2, 0x80,
    0x50, 0x1b, 0xfd, 0x0, 0x20, 0x78, 0x10, 0x82,
    0x10, 0x42, 0x7, 0x80,

    /* U+D30C "파" */
    0x0, 0x60, 0x0, 0x8f, 0xf2, 0x0, 0x8, 0x62,
    0x20, 0x88, 0x82, 0x23, 0xc8, 0x88, 0x22, 0x20,
    0xff, 0x8c, 0x2, 0x0, 0x8, 0x0, 0x20, 0x0,
    0x80, 0x2, 0x0,

    /* U+D30D "팍" */
    0x0, 0x23, 0xfc, 0x80, 0x2, 0x18, 0x88, 0x22,
    0x3c, 0x88, 0x82, 0x26, 0x3f, 0xe8, 0x0, 0x20,
    0x0, 0x3, 0xfe, 0x0, 0x8, 0x0, 0x20, 0x0,
    0x80, 0x2, 0x0, 0x8,

    /* U+D30E "팎" */
    0x0, 0x23, 0xfc, 0x80, 0x62, 0x8, 0x88, 0x22,
    0x3c, 0x88, 0x82, 0x26, 0x3f, 0xe8, 0x0, 0x1,
    0xf7, 0x80, 0x42, 0x1, 0x8, 0x4, 0x20, 0x10,
    0x80, 0x42, 0x0,

    /* U+D310 "판" */
    0x0, 0x60, 0x0, 0x8f, 0xf2, 0x18, 0x88, 0x22,
    0x20, 0x88, 0xf2, 0x22, 0x8, 0x88, 0xff, 0xe0,
    0x0, 0x81, 0x82, 0x2, 0x0, 0x8, 0x0, 0x3f,
    0xc0,

    /* U+D314 "팔" */
    0x0, 0x21, 0xfe, 0x80, 0x62, 0xc, 0x88, 0x32,
    0x3c, 0x48, 0x81, 0x3e, 0x3d, 0x8, 0x1f, 0xe0,
    0x0, 0x80, 0x2, 0x7, 0xf8, 0x8, 0x0, 0x3f,
    0xc0,

    /* U+D316 "팖" */
    0x0, 0x23, 0xfc, 0x80, 0x42, 0x8, 0x88, 0x22,
    0x3c, 0x88, 0x82, 0x7e, 0x3a, 0x8, 0x0, 0x0,
    0xf7, 0x80, 0x52, 0x1f, 0x48, 0x21, 0x20, 0xf7,
    0x80,

    /* U+D31C "팜" */
    0x0, 0x23, 0xfc, 0x80, 0x62, 0x8, 0x88, 0x22,
    0x20, 0x88, 0xf2, 0x22, 0x3f, 0xf8, 0x0, 0x0,
    0x7f, 0x80, 0x82, 0x2, 0x8, 0x8, 0x20, 0x3f,
    0x80,

    /* U+D31D "팝" */
    0x0, 0x23, 0xfc, 0x80, 0x2, 0x18, 0x88, 0x22,
    0x3c, 0x88, 0x82, 0x2e, 0x3f, 0x48, 0x0, 0x0,
    0x61, 0x80, 0x82, 0x3, 0xf8, 0x8, 0x20, 0x3f,
    0x80,

    /* U+D31F "팟" */
    0x0, 0x23, 0xfc, 0x80, 0x2, 0x8, 0x88, 0x22,
    0x3c, 0x88, 0x82, 0x2e, 0x3f, 0xc8, 0x2, 0x20,
    0x4, 0x80, 0x30, 0x1, 0xa0, 0x8, 0x60, 0xc0,
    0x40,

    /* U+D320 "팠" */
    0x0, 0x23, 0xfc, 0x80, 0x2, 0x8, 0x88, 0x22,
    0x3c, 0x88, 0x82, 0x3e, 0x3f, 0x8, 0x0, 0x80,
    0x21, 0x0, 0x84, 0x5, 0x38, 0x33, 0xb1, 0x4,
    0x40, 0x20, 0x0,

    /* U+D321 "팡" */
    0x0, 0x10, 0xff, 0x20, 0x0, 0x41, 0x98, 0x81,
    0x31, 0xe2, 0x62, 0x4, 0xdc, 0x7f, 0xc8, 0x0,
    0x10, 0x7, 0xc0, 0x18, 0xc0, 0x20, 0x80, 0x41,
    0x0, 0xc6, 0x0, 0xf8, 0x0,

    /* U+D325 "팥" */
    0x0, 0x23, 0xfc, 0x80, 0x42, 0x8, 0x88, 0x22,
    0x3c, 0x88, 0x82, 0x3e, 0x3e, 0x8, 0x10, 0x0,
    0x7f, 0x80, 0x80, 0x3, 0xf8, 0x8, 0x0, 0x3f,
    0xc0,

    /* U+D328 "패" */
    0x0, 0x18, 0x2, 0x7f, 0xd2, 0x0, 0x92, 0x44,
    0x92, 0x3c, 0x91, 0x24, 0x89, 0x27, 0xcf, 0x82,
    0x40, 0x12, 0x0, 0x90, 0x4, 0x80, 0x4,

    /* U+D329 "팩" */
    0x1, 0x90, 0x9, 0xfe, 0x90, 0xc9, 0x64, 0xf2,
    0x49, 0x24, 0x93, 0xf9, 0xc0, 0x90, 0x0, 0x1f,
    0xf0, 0x1, 0x0, 0x10, 0x1, 0x0, 0x10,

    /* U+D32C "팬" */
    0x0, 0xc8, 0x1, 0x27, 0xf4, 0x91, 0x12, 0x24,
    0x48, 0x91, 0xe2, 0x44, 0x89, 0x72, 0x7a, 0x48,
    0x1, 0x20, 0xc0, 0x81, 0x0, 0x4, 0x0, 0x1f,
    0xf0,

    /* U+D330 "팰" */
    0x0, 0xc8, 0x1, 0x27, 0xf4, 0x99, 0x12, 0x24,
    0x78, 0x91, 0x22, 0x4c, 0xbf, 0xd2, 0x0, 0x0,
    0x3f, 0xe0, 0x0, 0x83, 0xfe, 0x4, 0x0, 0x1f,
    0xf0,

    /* U+D338 "팸" */
    0x1, 0x90, 0x9, 0xfe, 0x90, 0xc9, 0x64, 0xf2,
    0x49, 0x24, 0x9f, 0xb9, 0x0, 0x0, 0xff, 0x4,
    0x10, 0x41, 0x4, 0x10, 0x7f,

    /* U+D339 "팹" */
    0x1, 0x90, 0x9, 0xfe, 0x90, 0xc9, 0x64, 0xf2,
    0x49, 0x24, 0x9f, 0xf9, 0x0, 0x0, 0xc3, 0x4,
    0x10, 0x7f, 0x4, 0x10, 0x7f, 0x4, 0x0,

    /* U+D33B "팻" */
    0x0, 0x30, 0x4, 0xbf, 0xa4, 0x19, 0x26, 0x4f,
    0x12, 0x48, 0x92, 0x47, 0xf2, 0xc0, 0x10, 0xc,
    0x80, 0x40, 0x5, 0x80, 0x43, 0x4, 0x8, 0x40,
    0x0,

    /* U+D33C "팼" */
    0x1, 0x98, 0x2, 0x2f, 0xe8, 0x83, 0x22, 0x64,
    0xf8, 0x92, 0x22, 0x48, 0xbf, 0xe2, 0x0, 0x8,
    0x31, 0xc0, 0x42, 0x3, 0x18, 0x1a, 0xd0, 0x82,
    0x24, 0x30, 0x0,

    /* U+D33D "팽" */
    0x1, 0x90, 0x9, 0xfe, 0x90, 0xc9, 0x64, 0xf2,
    0x49, 0x24, 0x92, 0x79, 0xf8, 0x10, 0x3f, 0x6,
    0x30, 0x41, 0x6, 0x30, 0x1e,

    /* U+D344 "퍄" */
    0x0, 0x30, 0x0, 0x21, 0xfe, 0x40, 0x0, 0x82,
    0x31, 0xe2, 0x22, 0x4, 0x44, 0x8, 0x88, 0x11,
    0x3c, 0xff, 0xa0, 0x0, 0x40, 0x0, 0x80, 0x1,
    0x0, 0x2, 0x0,

    /* U+D345 "퍅" */
    0x0, 0x62, 0xc, 0x87, 0xc2, 0x11, 0x8f, 0x22,
    0x20, 0x88, 0x82, 0x23, 0xcb, 0xe8, 0xd0, 0x20,
    0x0, 0x3, 0xfe, 0x0, 0x8, 0x0, 0x20, 0x0,
    0x80, 0x2, 0x0,

    /* U+D37C "퍼" */
    0x0, 0x30, 0x1, 0xff, 0x90, 0x1, 0x62, 0x12,
    0x3f, 0x22, 0x12, 0x21, 0x22, 0x9f, 0xd1, 0x0,
    0x10, 0x1, 0x0, 0x10, 0x1,

    /* U+D37D "퍽" */
    0x0, 0x1f, 0xf9, 0x0, 0x12, 0x61, 0x22, 0xf2,
    0x21, 0x22, 0x1f, 0xf9, 0x40, 0x10, 0x0, 0x1f,
    0xf0, 0x1, 0x0, 0x10, 0x1, 0x0, 0x10, 0x1,

    /* U+D380 "펀" */
    0x0, 0x30, 0x0, 0x9f, 0xe4, 0x64, 0x21, 0x2f,
    0x9, 0x8, 0x48, 0x42, 0x72, 0x7c, 0x10, 0x0,
    0x83, 0x4, 0x8, 0x0, 0x40, 0x3, 0xfc,

    /* U+D384 "펄" */
    0x0, 0x17, 0xf8, 0x80, 0x4, 0xc8, 0x22, 0x5f,
    0x12, 0x8, 0x90, 0x5f, 0x62, 0x0, 0x0, 0xff,
    0x80, 0x4, 0x3f, 0xe0, 0x80, 0x7, 0xfc,

    /* U+D38C "펌" */
    0x0, 0x17, 0xf9, 0x6, 0x12, 0x21, 0x22, 0xf2,
    0x21, 0x22, 0x1f, 0xf9, 0x0, 0x0, 0xff, 0x4,
    0x10, 0x41, 0x4, 0x10, 0x7f,

    /* U+D38D "펍" */
    0x0, 0x17, 0xf9, 0x6, 0x13, 0x21, 0x32, 0xf1,
    0x21, 0x12, 0x1f, 0xf9, 0x0, 0x20, 0xc1, 0x4,
    0x10, 0x7f, 0x4, 0x10, 0x7f, 0x4, 0x0,

    /* U+D38F "펏" */
    0x0, 0x13, 0xfc, 0x80, 0x4, 0x44, 0x22, 0x2f,
    0x11, 0x8, 0x8a, 0x5f, 0xa2, 0x1, 0x10, 0x4,
    0x80, 0x60, 0x4, 0x80, 0x43, 0xc, 0x4,

    /* U+D390 "펐" */
    0x0, 0x13, 0xfc, 0x80, 0x4, 0x44, 0x22, 0x2f,
    0x11, 0x8, 0x88, 0x43, 0xf2, 0xe0, 0x10, 0x43,
    0x1, 0x8, 0x18, 0xc0, 0xa5, 0x8, 0xcc, 0x84,
    0x20,

    /* U+D391 "펑" */
    0x0, 0x1f, 0xf1, 0x0, 0x16, 0x61, 0x22, 0xf2,
    0x21, 0x22, 0x1f, 0xf1, 0x40, 0x10, 0x3e, 0x6,
    0x30, 0x41, 0x6, 0x30, 0x3e,

    /* U+D398 "페" */
    0x0, 0x18, 0x2, 0x7f, 0xd2, 0x0, 0x94, 0x44,
    0x92, 0x24, 0x9f, 0x24, 0x89, 0x24, 0x49, 0x3a,
    0x7c, 0x12, 0x0, 0x90, 0x4, 0x80, 0x24, 0x0,
    0x20,

    /* U+D399 "펙" */
    0x0, 0xd8, 0x2, 0x7f, 0x92, 0x98, 0x92, 0x7c,
    0x92, 0x24, 0x91, 0x24, 0xe9, 0xf8, 0x48, 0x0,
    0x7, 0xfe, 0x0, 0x10, 0x0, 0x80, 0x4, 0x0,
    0x20,

    /* U+D39C "펜" */
    0x0, 0x18, 0x3, 0x27, 0xf4, 0x80, 0x12, 0x24,
    0x48, 0x9f, 0x22, 0x44, 0x89, 0x12, 0xfe, 0x48,
    0x1, 0x20, 0xc0, 0x81, 0x0, 0x4, 0x0, 0x1f,
    0xf0,

    /* U+D3A0 "펠" */
    0x0, 0xd8, 0x1, 0x27, 0xf4, 0x81, 0x12, 0x27,
    0xc8, 0x91, 0x22, 0x44, 0xbf, 0x92, 0x0, 0x0,
    0x3f, 0xe0, 0x0, 0x83, 0xfe, 0x4, 0x0, 0x1f,
    0xf0,

    /* U+D3A8 "펨" */
    0x0, 0xd0, 0x5, 0xfe, 0x50, 0xc5, 0x67, 0xd2,
    0x45, 0x24, 0x5f, 0xe5, 0x0, 0x0, 0xff, 0x4,
    0x10, 0x41, 0x4, 0x10, 0x7f,

    /* U+D3A9 "펩" */
    0x0, 0xd0, 0x5, 0xfe, 0x50, 0xc5, 0x67, 0xd2,
    0x45, 0x24, 0x52, 0x75, 0xf0, 0x50, 0xc1, 0x4,
    0x10, 0x7f, 0x4, 0x10, 0x7f, 0x4, 0x0,

    /* U+D3AB "펫" */
    0x0, 0xd8, 0x1, 0x2f, 0xe4, 0x83, 0x12, 0x67,
    0xc8, 0x91, 0x22, 0x44, 0x8f, 0xd2, 0xc0, 0x48,
    0x3, 0x20, 0x8, 0x0, 0x50, 0x2, 0x30, 0x30,
    0x21, 0x0, 0x0,

    /* U+D3AD "펭" */
    0x0, 0xd0, 0x5, 0xfe, 0x50, 0xc5, 0x67, 0xd2,
    0x45, 0x24, 0x52, 0x55, 0xfe, 0x50, 0x1f, 0x2,
    0x30, 0x61, 0x6, 0x10, 0x23, 0x1, 0xe0,

    /* U+D3B4 "펴" */
    0x0, 0x30, 0x1, 0xff, 0x90, 0x1, 0x42, 0xf2,
    0x21, 0x22, 0x12, 0x2f, 0x22, 0x1f, 0xf9, 0x0,
    0x10, 0x1, 0x0, 0x10, 0x1,

    /* U+D3B8 "편" */
    0x0, 0x32, 0x3c, 0x8f, 0x4, 0xd, 0xe3, 0x21,
    0x9, 0x8, 0x4b, 0xc2, 0x42, 0x7f, 0x10, 0x0,
    0x83, 0x4, 0x8, 0x0, 0x40, 0x3, 0xfc,

    /* U+D3BC "펼" */
    0x0, 0x37, 0xf8, 0x81, 0x3c, 0xc8, 0x22, 0x41,
    0x12, 0x78, 0x90, 0x5f, 0xe2, 0x0, 0x0, 0xff,
    0x80, 0x4, 0x3f, 0xe0, 0x80, 0x7, 0xfc,

    /* U+D3C4 "폄" */
    0x0, 0x1f, 0xf9, 0x0, 0x10, 0x6f, 0x22, 0x12,
    0x2f, 0x22, 0x19, 0xf1, 0x60, 0x10, 0xff, 0x4,
    0x10, 0x41, 0x4, 0x10, 0x7f,

    /* U+D3C5 "폅" */
    0x0, 0x3f, 0xf9, 0x0, 0x12, 0x2f, 0x32, 0x13,
    0x2f, 0x12, 0x1f, 0xf1, 0x0, 0x0, 0xc1, 0x4,
    0x10, 0x7f, 0x4, 0x10, 0x7f, 0x4, 0x0,

    /* U+D3C8 "폈" */
    0x0, 0x37, 0xfc, 0x80, 0x4, 0xd, 0xe2, 0x21,
    0x11, 0x78, 0x88, 0x5f, 0xe2, 0x0, 0x50, 0x21,
    0x1, 0x8, 0x14, 0xc1, 0xbd, 0x10, 0xc4, 0x8,
    0x0,

    /* U+D3C9 "평" */
    0x0, 0x3f, 0xf1, 0x0, 0x14, 0x6f, 0x22, 0x12,
    0x2f, 0x22, 0x1b, 0xf1, 0x40, 0x10, 0x3e, 0x6,
    0x30, 0x41, 0x6, 0x30, 0x3e,

    /* U+D3D0 "폐" */
    0x0, 0xd8, 0x2, 0x7f, 0x92, 0x10, 0x96, 0x7c,
    0x92, 0x24, 0x91, 0x24, 0xf9, 0x24, 0x49, 0xfa,
    0x78, 0x12, 0x0, 0x90, 0x4, 0x80, 0x24, 0x0,
    0x20,

    /* U+D3D8 "폘" */
    0x0, 0xd8, 0x9, 0x27, 0xc4, 0x83, 0x72, 0x24,
    0x48, 0x97, 0x22, 0x44, 0xbf, 0x92, 0x0, 0x0,
    0x3f, 0xe0, 0x0, 0x83, 0xfe, 0x4, 0x0, 0x1f,
    0xf0,

    /* U+D3E1 "폡" */
    0x0, 0xd8, 0x12, 0x7f, 0x12, 0x1b, 0x96, 0x44,
    0x92, 0xe4, 0x91, 0x3f, 0xc9, 0x40, 0x0, 0x60,
    0xc1, 0x2, 0xf, 0xf0, 0x40, 0x83, 0xfc, 0x10,
    0x0,

    /* U+D3E3 "폣" */
    0x0, 0xd8, 0x1, 0x27, 0xe4, 0x93, 0x72, 0x24,
    0x48, 0x97, 0x22, 0x44, 0x8b, 0xd2, 0xe0, 0x48,
    0x2, 0x20, 0x8, 0x0, 0x50, 0x2, 0x30, 0x30,
    0x21, 0x0, 0x0,

    /* U+D3EC "포" */
    0x3f, 0xf8, 0x1, 0x0, 0x31, 0x0, 0x22, 0x0,
    0x44, 0x0, 0x88, 0xf, 0xfe, 0x0, 0x80, 0x1,
    0x0, 0x2, 0x1, 0xff, 0xf8,

    /* U+D3ED "폭" */
    0x3f, 0xf8, 0x20, 0x0, 0x31, 0x0, 0x22, 0x0,
    0x44, 0x7, 0xfe, 0x0, 0x40, 0x7f, 0xff, 0x0,
    0x0, 0x0, 0x0, 0x7f, 0xc0, 0x1, 0x0, 0x2,
    0x0, 0x4, 0x0, 0x8, 0x0,

    /* U+D3F0 "폰" */
    0x1f, 0xf8, 0x8, 0x80, 0x11, 0x0, 0x22, 0x1,
    0xff, 0x80, 0x20, 0x0, 0x40, 0x3f, 0xff, 0x0,
    0x0, 0x30, 0x0, 0x20, 0x0, 0x40, 0x0, 0xff,
    0x80,

    /* U+D3F4 "폴" */
    0x1f, 0xf8, 0x10, 0x80, 0x11, 0x0, 0x22, 0x1,
    0xff, 0x80, 0x20, 0x0, 0x40, 0x3f, 0xff, 0x0,
    0x0, 0x3f, 0xe0, 0x0, 0x80, 0xff, 0x80, 0x80,
    0x1, 0xff, 0x0,

    /* U+D3FC "폼" */
    0x3f, 0xf8, 0x20, 0x0, 0x31, 0x0, 0x22, 0x0,
    0x44, 0x7, 0xfe, 0x0, 0x40, 0x7f, 0xff, 0x0,
    0x0, 0x0, 0x0, 0x7f, 0x80, 0x41, 0x0, 0x82,
    0x1, 0xfc, 0x0,

    /* U+D3FD "폽" */
    0x3f, 0xf8, 0x20, 0x0, 0x31, 0x0, 0x22, 0x0,
    0x44, 0x3, 0xff, 0x0, 0x40, 0x7f, 0xff, 0x0,
    0x0, 0x30, 0xc0, 0x20, 0x80, 0x7f, 0x0, 0x82,
    0x1, 0xfe, 0x2, 0x0, 0x0,

    /* U+D3FF "폿" */
    0x3f, 0xf8, 0x20, 0x0, 0x31, 0x0, 0x22, 0x0,
    0x44, 0x7, 0xfe, 0x0, 0x40, 0x0, 0x80, 0xff,
    0xfe, 0x0, 0x0, 0x4, 0x0, 0x8, 0x0, 0x28,
    0x1, 0x8c, 0x4, 0x4, 0x0,

    /* U+D401 "퐁" */
    0x3f, 0xf8, 0x20, 0x0, 0x31, 0x0, 0x22, 0x0,
    0x44, 0x3, 0xfe, 0x0, 0x40, 0x40, 0x86, 0x7e,
    0xf0, 0xf, 0x0, 0x31, 0x0, 0x43, 0x0, 0x86,
    0x1, 0x88, 0x1, 0xe0, 0x0,

    /* U+D408 "퐈" */
    0x0, 0x30, 0x0, 0x21, 0xfe, 0x40, 0x18, 0x81,
    0x11, 0x2, 0x22, 0x4, 0x47, 0xbf, 0xe8, 0x4,
    0x10, 0x8, 0x20, 0x1f, 0xc3, 0xc0, 0x80, 0x1,
    0x0, 0x2, 0x0, 0x4, 0x0,

    /* U+D41D "퐝" */
    0x0, 0x21, 0xfc, 0x82, 0x62, 0x8, 0x88, 0x22,
    0x27, 0xfe, 0xe0, 0x82, 0x2, 0x78, 0xf6, 0x20,
    0xf, 0x0, 0x46, 0x3, 0x8, 0xc, 0x20, 0x11,
    0x80, 0x3c, 0x0,

    /* U+D440 "푀" */
    0x0, 0x30, 0x1, 0x7f, 0x92, 0x31, 0x11, 0x11,
    0x11, 0x11, 0x17, 0xfd, 0x4, 0x10, 0x43, 0xff,
    0xd0, 0x1, 0x0, 0x10, 0x1, 0x0, 0x10,

    /* U+D444 "푄" */
    0x0, 0x33, 0xfc, 0x80, 0x4, 0x64, 0x21, 0x21,
    0x9, 0x9, 0xfe, 0x41, 0x2, 0xff, 0xf0, 0x0,
    0x86, 0x4, 0x10, 0x0, 0x80, 0x7, 0xfc,

    /* U+D45C "표" */
    0x3f, 0xf8, 0x0, 0x0, 0x31, 0x0, 0x22, 0x0,
    0x44, 0x0, 0x88, 0xf, 0xfe, 0x6, 0x20, 0x4,
    0x40, 0x8, 0x81, 0xff, 0xf0,

    /* U+D460 "푠" */
    0x3f, 0xf8, 0x0, 0x0, 0x31, 0x0, 0x22, 0x0,
    0x44, 0x3, 0xff, 0x3, 0x18, 0x2, 0x10, 0x7f,
    0xfe, 0x0, 0x0, 0x60, 0x0, 0x40, 0x0, 0x80,
    0x1, 0xff, 0x0,

    /* U+D464 "푤" */
    0x1f, 0xf8, 0x0, 0x80, 0x11, 0x0, 0x22, 0x1,
    0xff, 0x80, 0x8, 0x1, 0x8, 0x7f, 0xff, 0x0,
    0x0, 0x3f, 0xe0, 0x0, 0xc0, 0xff, 0x80, 0x80,
    0x1, 0xff, 0x0,

    /* U+D46D "푭" */
    0x3f, 0xf8, 0x11, 0x80, 0x11, 0x0, 0x22, 0x1,
    0xff, 0x81, 0x88, 0x1, 0x10, 0x7f, 0xff, 0x0,
    0x0, 0x0, 0xc0, 0x60, 0x80, 0x7f, 0x0, 0x82,
    0x1, 0xfe, 0x2, 0x0, 0x0,

    /* U+D46F "푯" */
    0x3f, 0xf8, 0x20, 0x0, 0x31, 0x80, 0x23, 0x0,
    0x44, 0x3, 0xff, 0x3, 0x8, 0x2, 0x10, 0x7f,
    0xfe, 0x0, 0x0, 0x6, 0x0, 0x8, 0x0, 0x2c,
    0x1, 0x86, 0x4, 0x2, 0x0,

    /* U+D478 "푸" */
    0x1f, 0xf8, 0x8, 0x80, 0x11, 0x0, 0x22, 0x1,
    0xff, 0x80, 0x0, 0x0, 0x0, 0x3f, 0xff, 0x1,
    0x0, 0x2, 0x0, 0x4, 0x0, 0x8, 0x0, 0x10,
    0x0, 0x20, 0x0,

    /* U+D479 "푹" */
    0x3f, 0xf8, 0x20, 0x0, 0x31, 0x0, 0x22, 0x0,
    0x44, 0x7, 0xfe, 0x0, 0x0, 0x7f, 0xff, 0x1,
    0x0, 0x2, 0x0, 0x7f, 0x80, 0x1, 0x0, 0x2,
    0x0, 0x4, 0x0, 0x8, 0x0,

    /* U+D47C "푼" */
    0x1f, 0xf8, 0x8, 0x80, 0x11, 0x0, 0x22, 0x1,
    0xff, 0x80, 0x0, 0x0, 0x0, 0x3f, 0xff, 0x1,
    0x0, 0x32, 0x0, 0x24, 0x0, 0x40, 0x0, 0xff,
    0x80,

    /* U+D47F "푿" */
    0x3f, 0xf8, 0x0, 0x0, 0x31, 0x80, 0x21, 0x0,
    0x42, 0x3, 0xff, 0x0, 0x0, 0x3f, 0xff, 0x1,
    0x0, 0x22, 0x0, 0x7f, 0xc0, 0x40, 0x0, 0x80,
    0x1, 0xfe, 0x0,

    /* U+D480 "풀" */
    0x1f, 0xf8, 0x1, 0x80, 0x11, 0x0, 0x22, 0x3,
    0xff, 0x80, 0x0, 0x1f, 0xff, 0x80, 0x80, 0x1,
    0x0, 0x3f, 0xe0, 0x0, 0x80, 0xff, 0x80, 0x80,
    0x1, 0xff, 0x0,

    /* U+D482 "풂" */
    0x3f, 0xf0, 0x2, 0x0, 0x44, 0x1, 0x10, 0x3f,
    0xf0, 0x0, 0xf, 0xff, 0xc0, 0x40, 0x1, 0x0,
    0xff, 0xc0, 0x29, 0xf, 0xa4, 0x10, 0x90, 0x7b,
    0xc0,

    /* U+D488 "품" */
    0x3f, 0xf0, 0x40, 0x0, 0xc4, 0x1, 0x10, 0x4,
    0x40, 0x7f, 0xc0, 0x0, 0x3f, 0xff, 0x1, 0x0,
    0x4, 0x1, 0xfe, 0x2, 0x8, 0x8, 0x20, 0x3f,
    0x80, 0x80, 0x0,

    /* U+D489 "풉" */
    0x1f, 0xf8, 0x18, 0x80, 0x11, 0x0, 0x22, 0x3,
    0xff, 0x80, 0x0, 0x0, 0x0, 0x7f, 0xff, 0x1,
    0x0, 0x2, 0xc0, 0x64, 0x80, 0x7f, 0x0, 0x82,
    0x1, 0xfe, 0x2, 0x0, 0x0,

    /* U+D48B "풋" */
    0x3f, 0xf8, 0x20, 0x0, 0x31, 0x0, 0x22, 0x0,
    0x44, 0x7, 0xfe, 0x0, 0x0, 0x7f, 0xff, 0x1,
    0x0, 0x2, 0x0, 0x4, 0x0, 0x18, 0x0, 0x6c,
    0x1, 0x86, 0xc, 0x4, 0x0,

    /* U+D48D "풍" */
    0x3f, 0xf8, 0x20, 0x0, 0x31, 0x0, 0x22, 0x0,
    0x44, 0x3, 0xff, 0x0, 0x0, 0x7f, 0xff, 0x1,
    0x0, 0x2, 0x0, 0x1b, 0x0, 0x41, 0x0, 0x82,
    0x1, 0x8c, 0x1, 0xf0, 0x0,

    /* U+D494 "풔" */
    0x0, 0x9, 0xfe, 0x40, 0xc2, 0x22, 0x11, 0x10,
    0x88, 0x84, 0xff, 0x20, 0xd, 0x7f, 0x88, 0x20,
    0x41, 0x3e, 0x8, 0x10, 0x40, 0x82, 0x4,

    /* U+D4A9 "풩" */
    0x0, 0x13, 0xfd, 0x11, 0x11, 0x11, 0x11, 0x13,
    0xfd, 0x0, 0x57, 0xf9, 0x4, 0xf0, 0x41, 0x5,
    0xe0, 0x21, 0x2, 0x10, 0x21, 0x1, 0xe0,

    /* U+D4CC "퓌" */
    0x0, 0x17, 0xf9, 0x2, 0x11, 0x11, 0x11, 0x11,
    0x11, 0x5f, 0x92, 0x1, 0x0, 0x7f, 0xf9, 0x4,
    0x10, 0x41, 0x4, 0x10, 0x41, 0x0, 0x10,

    /* U+D4D0 "퓐" */
    0x0, 0x8, 0xff, 0x21, 0x10, 0x84, 0x42, 0x11,
    0x9, 0xff, 0x20, 0x0, 0x80, 0x1e, 0x7f, 0x88,
    0x10, 0x20, 0xc0, 0x81, 0x0, 0x4, 0x0, 0x1f,
    0xf0,

    /* U+D4D4 "퓔" */
    0x0, 0x33, 0xfc, 0x89, 0x84, 0x24, 0x21, 0x21,
    0x3f, 0xc8, 0x0, 0xdf, 0xfa, 0x8, 0x0, 0xff,
    0x80, 0x4, 0x3f, 0xe0, 0x80, 0x7, 0xfc,

    /* U+D4DC "퓜" */
    0x0, 0x17, 0xf9, 0x33, 0x11, 0x21, 0x12, 0x17,
    0xf9, 0x0, 0x3f, 0xed, 0x4, 0x10, 0x40, 0xf,
    0xf0, 0x41, 0x4, 0x10, 0x7f, 0x4, 0x0,

    /* U+D4DF "퓟" */
    0x0, 0x33, 0xfc, 0x8c, 0xc4, 0x22, 0x21, 0x11,
    0x3f, 0xc8, 0x0, 0xcf, 0xfa, 0x4, 0x10, 0x2c,
    0x81, 0x24, 0x3, 0x0, 0x36, 0x2, 0x8, 0x60,
    0x20,

    /* U+D4E8 "퓨" */
    0x3f, 0xf0, 0x21, 0x0, 0x84, 0x2, 0x10, 0x3f,
    0xf0, 0x0, 0x0, 0x0, 0x3f, 0xff, 0x8, 0x40,
    0x21, 0x0, 0x84, 0x2, 0x10, 0x8, 0x40, 0x1,
    0x0,

    /* U+D4EC "퓬" */
    0x3f, 0xf0, 0x22, 0x0, 0x88, 0x2, 0x20, 0x3f,
    0xf0, 0x0, 0xf, 0xff, 0xc1, 0x20, 0x4, 0x80,
    0xd2, 0x1, 0x8, 0x4, 0x0, 0x1f, 0xf0,

    /* U+D4F0 "퓰" */
    0x1f, 0xf8, 0x10, 0x80, 0x11, 0x0, 0x22, 0x1,
    0xff, 0x80, 0x0, 0x1f, 0xff, 0x82, 0x20, 0x4,
    0x40, 0x3f, 0xe0, 0x0, 0x80, 0xff, 0x80, 0x80,
    0x1, 0xff, 0x0,

    /* U+D4F8 "퓸" */
    0x3f, 0xf8, 0x20, 0x0, 0x31, 0x0, 0x22, 0x0,
    0x44, 0x7, 0xfe, 0x0, 0x0, 0x7f, 0xff, 0x4,
    0x40, 0x8, 0x80, 0x7f, 0xc0, 0x41, 0x0, 0x82,
    0x1, 0xfc, 0x2, 0x0, 0x0,

    /* U+D4FB "퓻" */
    0x3f, 0xf0, 0x0, 0x0, 0x84, 0x2, 0x10, 0x8,
    0x40, 0xff, 0xc0, 0x0, 0x3f, 0xff, 0x8, 0x40,
    0x29, 0x0, 0x94, 0x0, 0xc0, 0x4, 0x80, 0x21,
    0x83, 0x1, 0x0,

    /* U+D4FD "퓽" */
    0x3f, 0xf0, 0x40, 0x0, 0xc4, 0x1, 0x10, 0x4,
    0x40, 0x7f, 0xc0, 0x0, 0x1f, 0xff, 0x4, 0x40,
    0x1f, 0x0, 0x44, 0x2, 0x18, 0x8, 0x60, 0x31,
    0x0, 0x78, 0x0,

    /* U+D504 "프" */
    0x3f, 0xf8, 0x1, 0x80, 0x31, 0x0, 0x22, 0x0,
    0x44, 0x0, 0x88, 0xf, 0xfe, 0x0, 0x0, 0x0,
    0x0, 0x0, 0x1, 0xff, 0xf0,

    /* U+D508 "픈" */
    0x1f, 0xf8, 0x8, 0x80, 0x11, 0x0, 0x22, 0x1,
    0xff, 0x80, 0x0, 0x0, 0x0, 0x3f, 0xff, 0x0,
    0x0, 0x30, 0x0, 0x20, 0x0, 0x40, 0x0, 0xff,
    0x80,

    /* U+D50C "플" */
    0x3f, 0xf8, 0x20, 0x0, 0x31, 0x80, 0x22, 0x0,
    0x44, 0x3, 0xff, 0x0, 0x0, 0x3f, 0xff, 0x0,
    0x0, 0x3f, 0xe0, 0x0, 0x80, 0xff, 0x80, 0x80,
    0x1, 0xff, 0x0,

    /* U+D514 "픔" */
    0x3f, 0xf8, 0x18, 0x80, 0x11, 0x0, 0x22, 0x3,
    0xff, 0x0, 0x0, 0x3f, 0xff, 0x80, 0x0, 0x0,
    0x0, 0x3f, 0xc0, 0x20, 0x80, 0x41, 0x0, 0xfe,
    0x0,

    /* U+D515 "픕" */
    0x3f, 0xf8, 0x0, 0x0, 0x31, 0x0, 0x22, 0x0,
    0x44, 0x3, 0xff, 0x0, 0x0, 0x3f, 0xff, 0x0,
    0x0, 0x20, 0xc0, 0x20, 0x80, 0x7f, 0x0, 0x82,
    0x1, 0xfe, 0x2, 0x0, 0x0,

    /* U+D517 "픗" */
    0x3f, 0xf8, 0x18, 0x80, 0x11, 0x0, 0x22, 0x3,
    0xff, 0x0, 0x0, 0x3f, 0xff, 0x80, 0x0, 0x3,
    0x0, 0x6, 0x0, 0xa, 0x0, 0x63, 0x1, 0x1,
    0x4, 0x0, 0x0,

    /* U+D53C "피" */
    0x0, 0x30, 0x1, 0xff, 0x90, 0x1, 0x62, 0x12,
    0x21, 0x22, 0x12, 0x21, 0x22, 0xff, 0xf1, 0x0,
    0x10, 0x1, 0x0, 0x10, 0x1, 0x0, 0x10,

    /* U+D53D "픽" */
    0x0, 0x3f, 0xe4, 0x0, 0xb1, 0x12, 0x22, 0x44,
    0x48, 0x9f, 0xf5, 0x0, 0x3, 0xfc, 0x0, 0x80,
    0x10, 0x2, 0x0, 0x40, 0x8,

    /* U+D540 "핀" */
    0x0, 0x30, 0x0, 0xbf, 0xe4, 0xc4, 0x22, 0x21,
    0x11, 0x8, 0x88, 0x44, 0x5e, 0xff, 0x10, 0xc0,
    0x82, 0x0, 0x10, 0x0, 0x80, 0x7, 0xfc,

    /* U+D544 "필" */
    0x0, 0x27, 0xfd, 0x10, 0x8, 0x44, 0x42, 0x22,
    0x11, 0x10, 0x9f, 0x9b, 0x4, 0x0, 0x0, 0xff,
    0x0, 0x8, 0x3f, 0xc0, 0x80, 0x7, 0xfc,

    /* U+D54C "핌" */
    0x0, 0x3f, 0xf4, 0x18, 0x91, 0x12, 0x22, 0x44,
    0x48, 0x9f, 0xfd, 0x0, 0x3, 0xfc, 0x20, 0x84,
    0x10, 0x82, 0x1f, 0xc0,

    /* U+D54D "핍" */
    0x0, 0x17, 0xf9, 0x0, 0x13, 0x31, 0x11, 0x11,
    0x11, 0x11, 0x77, 0xe9, 0x0, 0x0, 0xc1, 0x4,
    0x10, 0x7f, 0x4, 0x10, 0x7f, 0x4, 0x0,

    /* U+D54F "핏" */
    0x0, 0x2f, 0xf2, 0x0, 0x26, 0x22, 0x22, 0x22,
    0x22, 0x22, 0x6f, 0xfa, 0x2, 0x20, 0x12, 0x3,
    0x0, 0x68, 0xc, 0x63, 0x1,

    /* U+D551 "핑" */
    0x0, 0x17, 0xf9, 0x0, 0x13, 0x31, 0x13, 0x11,
    0x31, 0x13, 0x7f, 0xf9, 0x0, 0x10, 0x3e, 0x6,
    0x30, 0x41, 0x6, 0x30, 0x3e,

    /* U+D558 "하" */
    0x0, 0x30, 0x3c, 0x20, 0x0, 0x43, 0xfe, 0x80,
    0x1, 0x3, 0xc2, 0x8, 0x47, 0x90, 0x88, 0x21,
    0x10, 0x66, 0x20, 0x78, 0x40, 0x0, 0x80, 0x1,
    0x0, 0x2, 0x0, 0x4, 0x0,

    /* U+D559 "학" */
    0x0, 0x30, 0x38, 0x21, 0xfe, 0x40, 0x0, 0x81,
    0xe1, 0x4, 0x23, 0xc8, 0x44, 0x19, 0x88, 0x1e,
    0x10, 0x0, 0x0, 0x7f, 0xc0, 0x0, 0x80, 0x1,
    0x0, 0x2, 0x0, 0x4, 0x0,

    /* U+D55C "한" */
    0x0, 0x30, 0x3c, 0x20, 0x0, 0x43, 0xfe, 0x80,
    0xc1, 0x6, 0x63, 0xc8, 0x44, 0x10, 0x88, 0x33,
    0x10, 0x3c, 0x20, 0x30, 0x0, 0x20, 0x0, 0x40,
    0x0, 0xff, 0x0,

    /* U+D560 "할" */
    0x0, 0x30, 0x38, 0x23, 0xff, 0x40, 0x0, 0x81,
    0xe1, 0x4, 0x23, 0xc8, 0x44, 0x9, 0x8, 0xc,
    0x0, 0x1f, 0xe0, 0x0, 0x40, 0x7f, 0x80, 0x40,
    0x0, 0xff, 0x0,

    /* U+D565 "핥" */
    0x0, 0x30, 0x38, 0x23, 0xff, 0x40, 0x0, 0x81,
    0xe1, 0x4, 0x23, 0xc8, 0x44, 0xf, 0x8, 0x0,
    0x0, 0x7f, 0xf0, 0xa, 0x1, 0xf7, 0x81, 0x8,
    0x3, 0xdf, 0x0,

    /* U+D568 "함" */
    0x0, 0x30, 0x38, 0x21, 0xff, 0x40, 0x0, 0x81,
    0xe1, 0x4, 0x23, 0xc8, 0x44, 0x19, 0x88, 0x1e,
    0x10, 0x0, 0x0, 0x3f, 0xc0, 0x20, 0x80, 0x41,
    0x0, 0xfe, 0x1, 0x0, 0x0,

    /* U+D569 "합" */
    0x10, 0x30, 0x18, 0x23, 0xff, 0x40, 0x0, 0x81,
    0xe1, 0x4, 0x23, 0xc8, 0x44, 0x19, 0x88, 0x1e,
    0x10, 0x18, 0x60, 0x10, 0x40, 0x3f, 0x80, 0x41,
    0x0, 0xfe, 0x1, 0x0, 0x0,

    /* U+D56B "핫" */
    0x0, 0x30, 0x38, 0x21, 0xff, 0x40, 0x0, 0x81,
    0xe1, 0x4, 0x23, 0xc8, 0x44, 0x19, 0x88, 0x1e,
    0x10, 0x0, 0x20, 0x6, 0x40, 0x8, 0x0, 0x2c,
    0x0, 0x86, 0x6, 0x6, 0x0,

    /* U+D56D "항" */
    0x0, 0x30, 0x38, 0x21, 0xff, 0x40, 0x0, 0x81,
    0xe1, 0x4, 0x23, 0xc8, 0x44, 0x19, 0x88, 0xc,
    0x10, 0x7, 0xc0, 0x18, 0xc0, 0x20, 0x80, 0x41,
    0x0, 0xc6, 0x0, 0x78, 0x0,

    /* U+D574 "해" */
    0x0, 0x9, 0xe6, 0x40, 0x12, 0x0, 0x9f, 0xf4,
    0x84, 0x25, 0x11, 0xe8, 0x49, 0x42, 0x4b, 0x32,
    0x4f, 0x12, 0x0, 0x90, 0x4, 0x80, 0x24, 0x0,
    0x20,

    /* U+D575 "핵" */
    0x1, 0x93, 0xc9, 0x2, 0x9f, 0xc9, 0x3c, 0xf4,
    0x29, 0x42, 0x96, 0x69, 0x3c, 0x90, 0x0, 0x1f,
    0xf0, 0x1, 0x0, 0x10, 0x1, 0x0, 0x10,

    /* U+D578 "핸" */
    0x0, 0xc8, 0xf1, 0x20, 0x4, 0xbf, 0xd2, 0x18,
    0x49, 0x99, 0xe4, 0x24, 0x98, 0x92, 0x3c, 0x48,
    0x1, 0x20, 0xc0, 0x81, 0x0, 0x4, 0x0, 0x1f,
    0xf0,

    /* U+D57C "핼" */
    0x0, 0xd0, 0xf1, 0x4f, 0xf5, 0x0, 0x14, 0x7e,
    0x71, 0x9, 0x44, 0x25, 0xf, 0x14, 0x0, 0x0,
    0x3f, 0xc0, 0x1, 0x3, 0xfc, 0x4, 0x0, 0x1f,
    0xf0,

    /* U+D584 "햄" */
    0x1, 0x93, 0xc9, 0x2, 0x9f, 0xc9, 0x3c, 0xf4,
    0x29, 0x42, 0x96, 0x69, 0x3c, 0x90, 0x0, 0x7,
    0xf0, 0x41, 0x4, 0x10, 0x7f,

    /* U+D585 "햅" */
    0x1, 0x93, 0xc9, 0x2, 0x9f, 0xc9, 0x3c, 0xf4,
    0x29, 0x42, 0x96, 0x49, 0x3c, 0x90, 0xc3, 0x4,
    0x10, 0x7f, 0x4, 0x10, 0x7f, 0x4, 0x0,

    /* U+D587 "햇" */
    0x1, 0x99, 0xe4, 0x40, 0x23, 0xfd, 0x11, 0x8,
    0xb3, 0x7d, 0xa, 0x28, 0x51, 0x3c, 0x88, 0x8,
    0x40, 0x40, 0x7, 0x80, 0x43, 0xc, 0xc,

    /* U+D588 "했" */
    0x1, 0x98, 0xf2, 0x20, 0x28, 0xbf, 0x22, 0x7e,
    0xf9, 0xa, 0x24, 0x28, 0x8f, 0x22, 0x0, 0x8,
    0x11, 0xc0, 0x42, 0x2, 0x9c, 0x19, 0xd8, 0x84,
    0x20, 0x20, 0x0,

    /* U+D589 "행" */
    0x1, 0x93, 0x89, 0x0, 0x9f, 0xe9, 0x3c, 0xf4,
    0x49, 0x44, 0x96, 0x49, 0x18, 0x10, 0x3e, 0x6,
    0x30, 0x41, 0x4, 0x10, 0x63, 0x1, 0xe0,

    /* U+D590 "햐" */
    0x0, 0x30, 0x3c, 0x20, 0x0, 0x47, 0xfe, 0x80,
    0x1, 0xe3, 0xc2, 0xc, 0xc4, 0x10, 0x88, 0x21,
    0x1e, 0x66, 0x20, 0x78, 0x40, 0x0, 0x80, 0x1,
    0x0, 0x2, 0x0, 0x4, 0x0,

    /* U+D5A5 "향" */
    0x0, 0x30, 0x3c, 0x22, 0x7, 0x43, 0xf0, 0xf1,
    0xe1, 0x4, 0x22, 0x8, 0x47, 0x8f, 0x8, 0x0,
    0x10, 0x7, 0xc0, 0x18, 0xc0, 0x20, 0x80, 0x41,
    0x0, 0xc6, 0x0, 0x78, 0x0,

    /* U+D5C8 "허" */
    0x0, 0x18, 0xf0, 0x40, 0x2, 0xff, 0x90, 0x0,
    0x8f, 0x4, 0x87, 0xe4, 0x21, 0x21, 0x9, 0x98,
    0x47, 0x82, 0x0, 0x10, 0x0, 0x80, 0x4, 0x0,
    0x20,

    /* U+D5C9 "헉" */
    0x0, 0x18, 0xe0, 0x5f, 0xf2, 0x0, 0x11, 0xe0,
    0x90, 0xfc, 0x84, 0x26, 0x61, 0x1e, 0x8, 0x0,
    0x7, 0xfe, 0x0, 0x10, 0x0, 0x80, 0x4, 0x0,
    0x20,

    /* U+D5CC "헌" */
    0x0, 0x18, 0xf0, 0x40, 0x2, 0xff, 0x90, 0xc0,
    0x99, 0xfc, 0x84, 0x26, 0x61, 0x1e, 0x8, 0x0,
    0x43, 0x2, 0x8, 0x0, 0x40, 0x3, 0xfc,

    /* U+D5D0 "헐" */
    0x10, 0x18, 0x60, 0x5f, 0xf2, 0x18, 0x13, 0x3f,
    0x90, 0x84, 0x84, 0x23, 0xc1, 0x0, 0x0, 0x7f,
    0xc0, 0x2, 0x1f, 0xf0, 0x40, 0x3, 0xfc,

    /* U+D5D2 "헒" */
    0x10, 0x18, 0x70, 0x5f, 0xf2, 0x18, 0x13, 0x3f,
    0x90, 0x84, 0x84, 0x23, 0xc1, 0x0, 0x0, 0xf7,
    0xc0, 0xa2, 0x7d, 0x11, 0x8, 0x8f, 0xfc,

    /* U+D5D8 "험" */
    0x0, 0x31, 0xc1, 0x7f, 0x90, 0x1, 0x1e, 0x12,
    0x1f, 0x21, 0x13, 0x31, 0x1e, 0x10, 0x0, 0x7,
    0xf0, 0x41, 0x4, 0x10, 0x7f, 0x4, 0x0,

    /* U+D5D9 "헙" */
    0x1e, 0x18, 0x0, 0x7f, 0xf2, 0x0, 0x13, 0xff,
    0x90, 0x84, 0xcc, 0x23, 0xc1, 0x0, 0x0, 0x60,
    0xc1, 0x2, 0xf, 0xf0, 0x40, 0x83, 0xfc,

    /* U+D5DB "헛" */
    0x0, 0x18, 0xe0, 0x5f, 0xf2, 0x0, 0x11, 0xe0,
    0x90, 0xfc, 0x84, 0x26, 0x61, 0x1e, 0x8, 0x8,
    0x40, 0x30, 0x3, 0x0, 0x36, 0x2, 0xc, 0x60,
    0x20,

    /* U+D5DD "헝" */
    0x0, 0x10, 0xc1, 0x7f, 0x90, 0x1, 0x1e, 0x12,
    0x1f, 0x21, 0x13, 0x11, 0xe, 0x10, 0x1e, 0x3,
    0x30, 0x21, 0x2, 0x10, 0x33, 0x1, 0xe0,

    /* U+D5E4 "헤" */
    0x0, 0xd8, 0x2, 0x4f, 0x12, 0x0, 0x9f, 0xf4,
    0x8c, 0x25, 0x9f, 0x28, 0x49, 0x42, 0x4b, 0x32,
    0x4f, 0x12, 0x0, 0x90, 0x4, 0x80, 0x24, 0x0,
    0x20,

    /* U+D5E5 "헥" */
    0x0, 0xd3, 0xc5, 0x2, 0x5f, 0xc5, 0x3c, 0x54,
    0x3d, 0x42, 0x54, 0x25, 0x3c, 0x50, 0x0, 0x1f,
    0xf0, 0x1, 0x0, 0x10, 0x1, 0x0, 0x10,

    /* U+D5E8 "헨" */
    0x0, 0xd8, 0xf1, 0x20, 0x4, 0xbf, 0xd2, 0x3c,
    0x49, 0x8f, 0x24, 0x24, 0x90, 0x92, 0x3c, 0x48,
    0x1, 0x20, 0xc0, 0x81, 0x0, 0x4, 0x0, 0x1f,
    0xf0,

    /* U+D5EC "헬" */
    0x38, 0xd8, 0x1, 0x2f, 0xf4, 0x80, 0x12, 0x3c,
    0x49, 0xf, 0x24, 0x24, 0x8f, 0x92, 0x0, 0x0,
    0x3f, 0xe0, 0x0, 0x83, 0xfe, 0x4, 0x0, 0x1f,
    0xf0,

    /* U+D5F4 "헴" */
    0x0, 0xd3, 0xc5, 0x0, 0x5f, 0xf5, 0x1c, 0x56,
    0x3d, 0x42, 0x56, 0x65, 0x3c, 0x50, 0x0, 0x7,
    0xf0, 0x41, 0x4, 0x10, 0x7f,

    /* U+D5F5 "헵" */
    0x0, 0xd3, 0xc5, 0x3, 0x5f, 0xc5, 0x3c, 0x54,
    0x3d, 0x42, 0x53, 0xc5, 0x0, 0x0, 0xc1, 0x4,
    0x10, 0x7f, 0x4, 0x10, 0x7f, 0x4, 0x0,

    /* U+D5F7 "헷" */
    0x0, 0xd9, 0xe2, 0x40, 0x13, 0xfc, 0x93, 0xc4,
    0xa3, 0xe5, 0x9, 0x28, 0xc9, 0x3c, 0x48, 0xc,
    0x40, 0x20, 0x2, 0x80, 0x63, 0xc, 0x4,

    /* U+D5F9 "헹" */
    0x0, 0xd3, 0x85, 0x0, 0x5f, 0xe5, 0x38, 0x54,
    0x7d, 0x46, 0x54, 0x45, 0x38, 0x50, 0x3f, 0x6,
    0x30, 0x41, 0x4, 0x10, 0x63, 0x3, 0xe0,

    /* U+D600 "혀" */
    0x0, 0x18, 0xf0, 0x40, 0x3, 0x83, 0x93, 0xe0,
    0x8f, 0x7c, 0xcc, 0x24, 0x21, 0x21, 0xf9, 0x98,
    0x47, 0x82, 0x0, 0x10, 0x0, 0x80, 0x4, 0x0,
    0x20,

    /* U+D601 "혁" */
    0x0, 0x18, 0xf0, 0x40, 0x72, 0xfc, 0x11, 0xef,
    0x90, 0x84, 0x84, 0x26, 0x7f, 0x1e, 0x8, 0x0,
    0x7, 0xfe, 0x0, 0x10, 0x0, 0x80, 0x4, 0x0,
    0x20,

    /* U+D604 "현" */
    0x0, 0x18, 0xf0, 0x40, 0x22, 0xfe, 0x11, 0xef,
    0x90, 0x84, 0x84, 0x26, 0x6f, 0x1e, 0x8, 0x0,
    0x43, 0x0, 0x8, 0x0, 0x40, 0x3, 0xfc,

    /* U+D608 "혈" */
    0x10, 0x18, 0x60, 0x5f, 0xf2, 0x0, 0x11, 0xff,
    0x90, 0x84, 0x87, 0xe3, 0xc1, 0x0, 0x0, 0x7f,
    0xc0, 0x2, 0x1f, 0xf0, 0x40, 0x3, 0xfc,

    /* U+D610 "혐" */
    0x0, 0x18, 0xf0, 0x40, 0x72, 0xfc, 0x11, 0xef,
    0x90, 0x84, 0x84, 0x26, 0x7f, 0x1e, 0x8, 0x0,
    0x1, 0xfe, 0x8, 0x10, 0x40, 0x83, 0xfc, 0x10,
    0x0,

    /* U+D611 "협" */
    0x10, 0x18, 0x60, 0x5f, 0xf2, 0x0, 0x11, 0xef,
    0x90, 0x84, 0x87, 0xe3, 0xc1, 0x0, 0x0, 0x60,
    0xc1, 0x2, 0xf, 0xf0, 0x40, 0x83, 0xfc,

    /* U+D613 "혓" */
    0x0, 0x18, 0xf0, 0x40, 0x72, 0xfc, 0x11, 0xef,
    0x90, 0x84, 0x84, 0x26, 0x6f, 0x1e, 0x8, 0x8,
    0x40, 0x32, 0x3, 0x0, 0x36, 0x2, 0xc, 0x60,
    0x20,

    /* U+D614 "혔" */
    0x1e, 0x18, 0x0, 0x2f, 0xfc, 0x80, 0x2, 0x1e,
    0xf8, 0x84, 0x22, 0x10, 0x8c, 0xfe, 0x1e, 0x8,
    0x0, 0xa0, 0x41, 0x1, 0xc, 0xe, 0x30, 0x65,
    0x32, 0x8, 0x40,

    /* U+D615 "형" */
    0x0, 0x31, 0xe1, 0x0, 0x97, 0xf1, 0x1e, 0xf2,
    0x11, 0x21, 0x12, 0x1f, 0x1e, 0x10, 0x1e, 0x3,
    0x30, 0x21, 0x2, 0x10, 0x33, 0x1, 0xe0,

    /* U+D61C "혜" */
    0x0, 0x98, 0x2, 0x4f, 0x12, 0x4, 0x9f, 0xc4,
    0x9e, 0xe5, 0x99, 0x28, 0x49, 0x43, 0xcb, 0x32,
    0x4f, 0x12, 0x0, 0x90, 0x4, 0x80, 0x24, 0x0,
    0x20,

    /* U+D620 "혠" */
    0x0, 0xd8, 0xf1, 0x20, 0x4, 0xbf, 0x92, 0x3d,
    0xc9, 0x9, 0x24, 0x24, 0x98, 0xf2, 0x3c, 0x48,
    0x1, 0x20, 0xc0, 0x81, 0x0, 0x4, 0x0, 0x1f,
    0xf0,

    /* U+D624 "혤" */
    0x0, 0xd8, 0xf1, 0x20, 0x74, 0xbe, 0x12, 0x3d,
    0xc9, 0x9, 0x24, 0x3c, 0x89, 0x12, 0x18, 0x0,
    0x3f, 0xe0, 0x0, 0x83, 0xfe, 0x4, 0x0, 0x1f,
    0xf0,

    /* U+D62D "혭" */
    0x0, 0xd3, 0xc5, 0x3, 0x5f, 0xc5, 0x3d, 0xd4,
    0x65, 0x42, 0x54, 0x5d, 0x3c, 0x50, 0xc1, 0x4,
    0x10, 0x7f, 0x4, 0x10, 0x7f, 0x4, 0x0,

    /* U+D638 "호" */
    0x7, 0xc0, 0x0, 0x0, 0xff, 0xe0, 0x0, 0x0,
    0x7c, 0x1, 0x8c, 0x2, 0x8, 0x4, 0x10, 0x7,
    0xc0, 0x2, 0x0, 0x4, 0x3, 0xff, 0xf0,

    /* U+D639 "혹" */
    0x7, 0xc0, 0x7f, 0xf0, 0x1f, 0x0, 0x63, 0x0,
    0x82, 0x1, 0x4, 0x1, 0xf0, 0x0, 0x80, 0xff,
    0xfe, 0x0, 0x0, 0x7f, 0xc0, 0x0, 0x80, 0x1,
    0x0, 0x2, 0x0, 0x0, 0x0,

    /* U+D63C "혼" */
    0x7, 0xc0, 0x0, 0x30, 0x7f, 0x80, 0x3e, 0x0,
    0xc2, 0x1, 0x4, 0x1, 0xf0, 0x0, 0x80, 0x1,
    0x0, 0xff, 0xfc, 0x60, 0x0, 0x40, 0x0, 0x80,
    0x1, 0xff, 0x0,

    /* U+D640 "홀" */
    0x7, 0xc0, 0x3f, 0xf0, 0x1f, 0x0, 0x61, 0x0,
    0xc2, 0x0, 0xf8, 0x0, 0x40, 0x0, 0x80, 0x7f,
    0xfe, 0x0, 0x0, 0x3f, 0xc0, 0xff, 0x80, 0x80,
    0x1, 0xff, 0x0,

    /* U+D645 "홅" */
    0x7, 0x80, 0x7f, 0xe0, 0x1e, 0x0, 0x62, 0x0,
    0x84, 0x1, 0x88, 0x0, 0xe0, 0x0, 0x80, 0x7f,
    0xfc, 0x4, 0x20, 0x7b, 0x81, 0xf7, 0x81, 0x8,
    0x2, 0x1f, 0x7, 0x80, 0x0,

    /* U+D648 "홈" */
    0x7, 0xc0, 0x7f, 0xf0, 0x1f, 0x0, 0x63, 0x0,
    0x82, 0x1, 0x8c, 0x0, 0xe0, 0x0, 0x80, 0xff,
    0xfe, 0x0, 0x0, 0x7f, 0xc0, 0x41, 0x80, 0x82,
    0x1, 0xfe, 0x2, 0x0, 0x0,

    /* U+D649 "홉" */
    0x7, 0xc0, 0x7f, 0xf0, 0x1f, 0x0, 0x63, 0x0,
    0x82, 0x0, 0x8c, 0x0, 0xe0, 0x0, 0x80, 0x7f,
    0xfe, 0x0, 0xc0, 0x60, 0x80, 0x7f, 0x0, 0x82,
    0x1, 0xfe, 0x2, 0x0, 0x0,

    /* U+D64B "홋" */
    0x7, 0xc0, 0x7f, 0xf0, 0x1f, 0x0, 0x63, 0x0,
    0x82, 0x0, 0x88, 0x0, 0xe0, 0x0, 0x80, 0xff,
    0xfe, 0x0, 0x0, 0xc, 0x0, 0x18, 0x0, 0x6c,
    0x1, 0x86, 0x8, 0x2, 0x0,

    /* U+D64D "홍" */
    0x7, 0xc0, 0x7f, 0xf0, 0x1f, 0x0, 0x63, 0x0,
    0x82, 0x0, 0x8c, 0x0, 0xe0, 0x0, 0x80, 0xff,
    0xfe, 0x0, 0x0, 0x1f, 0x0, 0x63, 0x0, 0x82,
    0x1, 0x84, 0x1, 0xf0, 0x0,

    /* U+D651 "홑" */
    0x7, 0xc0, 0x7f, 0xf0, 0x1f, 0x0, 0x61, 0x0,
    0xc2, 0x0, 0xf8, 0x0, 0x40, 0x0, 0x80, 0x7f,
    0xfe, 0x30, 0x0, 0x7f, 0xc0, 0x40, 0x0, 0xff,
    0x1, 0xfe, 0x0,

    /* U+D654 "화" */
    0x0, 0x30, 0x3c, 0x22, 0x7, 0x43, 0xf0, 0x81,
    0xe1, 0x6, 0x62, 0x8, 0x47, 0x91, 0x88, 0x1c,
    0x10, 0x8, 0xe1, 0xfe, 0x40, 0x0, 0x80, 0x1,
    0x0, 0x2, 0x0,

    /* U+D655 "확" */
    0x1e, 0x30, 0x0, 0x21, 0xfe, 0x40, 0xf0, 0x82,
    0x11, 0x4, 0x23, 0xc7, 0x84, 0x2, 0x8, 0xff,
    0xf0, 0x0, 0x0, 0x7f, 0xc0, 0x0, 0x80, 0x1,
    0x0, 0x2, 0x0, 0x4, 0x0,

    /* U+D658 "환" */
    0x1e, 0x30, 0x0, 0x21, 0xfe, 0x40, 0xf0, 0x82,
    0x11, 0x4, 0x23, 0xc7, 0x84, 0x4, 0x8, 0x8,
    0xf1, 0xfe, 0x20, 0x60, 0x40, 0x40, 0x0, 0x80,
    0x1, 0xfe, 0x0,

    /* U+D65C "활" */
    0x1e, 0x10, 0x1, 0x21, 0xff, 0x40, 0xf8, 0x82,
    0x19, 0x6, 0x23, 0xc3, 0x84, 0x2, 0x78, 0xff,
    0x10, 0x20, 0x20, 0x3f, 0xc0, 0xff, 0x80, 0x80,
    0x1, 0xfe, 0x0,

    /* U+D667 "홧" */
    0x1e, 0x30, 0x0, 0x21, 0xfe, 0x40, 0xf0, 0x82,
    0x11, 0x4, 0x23, 0xc7, 0x84, 0x2, 0x8, 0x4,
    0xf1, 0xfe, 0x20, 0xc, 0x40, 0x8, 0x0, 0x38,
    0x0, 0x8c, 0x6, 0xc, 0x10, 0x0,

    /* U+D669 "황" */
    0x1e, 0x20, 0x0, 0x87, 0xfa, 0x7, 0x88, 0x21,
    0x20, 0x84, 0xf1, 0xe2, 0x1, 0x18, 0xff, 0xa0,
    0xf, 0x0, 0x22, 0x1, 0x8, 0x2, 0x20, 0xf,
    0x0,

    /* U+D670 "홰" */
    0x0, 0x8, 0xf1, 0x40, 0xa, 0xff, 0x51, 0xe2,
    0x99, 0x94, 0x84, 0xe4, 0x25, 0x1e, 0x28, 0x41,
    0x47, 0xfa, 0xc0, 0x50, 0x2, 0x80, 0x14, 0x0,
    0x20,

    /* U+D671 "홱" */
    0x1e, 0xc8, 0x2, 0x5f, 0xd2, 0x0, 0x93, 0xf4,
    0x90, 0xbc, 0xc9, 0x21, 0x89, 0xf, 0xcb, 0x80,
    0x3, 0xfe, 0x0, 0x10, 0x0, 0x80, 0x4, 0x0,
    0x20,

    /* U+D674 "홴" */
    0x1e, 0x48, 0x0, 0x91, 0xfd, 0x20, 0x2, 0x43,
    0xf4, 0x84, 0x2f, 0xf, 0x92, 0x4, 0x24, 0x9,
    0xc8, 0xfc, 0x90, 0x21, 0x20, 0x20, 0x0, 0x40,
    0x0, 0xff, 0x80,

    /* U+D683 "횃" */
    0x1e, 0xc8, 0x2, 0x5f, 0xd2, 0x0, 0x93, 0xf4,
    0x90, 0xbc, 0x85, 0x23, 0x49, 0x9, 0xcb, 0xb2,
    0x40, 0x30, 0x1, 0x0, 0x16, 0x1, 0xc, 0x30,
    0x20,

    /* U+D685 "횅" */
    0x1c, 0xc8, 0x2, 0x5f, 0xd2, 0x0, 0x93, 0xe4,
    0x91, 0x3c, 0xc9, 0x21, 0x89, 0xb, 0xcb, 0xa0,
    0x40, 0x7c, 0x6, 0x30, 0x20, 0x81, 0x8c, 0x7,
    0xc0,

    /* U+D68C "회" */
    0x0, 0x31, 0xe1, 0x81, 0x97, 0xe1, 0x1e, 0x12,
    0x11, 0x21, 0x11, 0xe1, 0x4, 0x10, 0x47, 0xff,
    0x90, 0x1, 0x0, 0x10, 0x1,

    /* U+D68D "획" */
    0x1e, 0x10, 0x1, 0x7f, 0x91, 0xe1, 0x21, 0x12,
    0x11, 0x1e, 0x10, 0x41, 0xff, 0xf0, 0x0, 0x1f,
    0xf0, 0x1, 0x0, 0x10, 0x1, 0x0, 0x10,

    /* U+D690 "횐" */
    0x1e, 0x10, 0x0, 0x9f, 0xe4, 0x3c, 0x22, 0x11,
    0x10, 0x88, 0xc8, 0x41, 0x82, 0x8, 0x77, 0xfc,
    0x86, 0x4, 0x10, 0x0, 0x80, 0x7, 0xfc,

    /* U+D694 "횔" */
    0x1e, 0x30, 0x0, 0x9f, 0xe4, 0x3c, 0x22, 0x11,
    0x10, 0x88, 0x78, 0x41, 0xe, 0xfe, 0x90, 0x80,
    0x83, 0xfc, 0x3f, 0xe0, 0x80, 0x7, 0xfc,

    /* U+D69D "횝" */
    0x1e, 0x10, 0x1, 0x7f, 0x91, 0xe1, 0x21, 0x12,
    0x11, 0x1e, 0x10, 0x47, 0xff, 0x90, 0x3, 0xc,
    0x10, 0x7f, 0x4, 0x10, 0x7f, 0x4, 0x0,

    /* U+D69F "횟" */
    0x1e, 0x10, 0x0, 0x9f, 0xe4, 0x3e, 0x22, 0x11,
    0x19, 0x88, 0x30, 0x40, 0x8e, 0xfe, 0x90, 0x8,
    0x80, 0x20, 0x3, 0x0, 0x26, 0x6, 0xc, 0x40,
    0x0,

    /* U+D6A1 "횡" */
    0x1e, 0x10, 0x1, 0x7f, 0x91, 0xe1, 0x21, 0x12,
    0x11, 0x1e, 0x10, 0x41, 0x7, 0xff, 0x1, 0x1,
    0xe0, 0x23, 0x2, 0x10, 0x23, 0x1, 0xe0,

    /* U+D6A8 "효" */
    0x7, 0xc0, 0x0, 0x0, 0xff, 0xe0, 0x0, 0x0,
    0x7c, 0x1, 0x8c, 0x2, 0x8, 0x4, 0x10, 0xc,
    0x40, 0x1f, 0xc0, 0x10, 0x83, 0xff, 0xf0,

    /* U+D6AC "횬" */
    0x7, 0xc0, 0x0, 0x30, 0x7f, 0x80, 0x3e, 0x0,
    0xc2, 0x1, 0x84, 0x1, 0xf0, 0x2, 0x10, 0x4,
    0x20, 0xff, 0xfc, 0x60, 0x0, 0x40, 0x0, 0x80,
    0x1, 0xff, 0x0,

    /* U+D6B0 "횰" */
    0x7, 0xc0, 0x3f, 0xf0, 0xf, 0x0, 0x23, 0x0,
    0x82, 0x0, 0x8c, 0x2, 0xf8, 0x2, 0x10, 0x7f,
    0xfe, 0x0, 0x0, 0x3f, 0xc0, 0xff, 0x80, 0x80,
    0x1, 0xff, 0x0,

    /* U+D6B9 "횹" */
    0x7, 0xc0, 0x7f, 0xf0, 0x1f, 0x0, 0x63, 0x0,
    0x82, 0x1, 0x8c, 0x2, 0xf8, 0x2, 0x10, 0x7f,
    0xfe, 0x0, 0x40, 0x60, 0x80, 0x7f, 0x0, 0x82,
    0x1, 0xfe, 0x2, 0x0, 0x0,

    /* U+D6BB "횻" */
    0x7, 0xc0, 0x7f, 0xf0, 0x1f, 0x0, 0x63, 0x0,
    0x82, 0x1, 0x8c, 0x3, 0xf8, 0x2, 0x10, 0xff,
    0xfe, 0x4, 0x0, 0x6, 0x0, 0x1c, 0x0, 0x64,
    0x1, 0x6, 0xc, 0x2, 0x0,

    /* U+D6C4 "후" */
    0x7, 0xc0, 0x0, 0x20, 0xff, 0x80, 0x3e, 0x0,
    0xc6, 0x1, 0x4, 0x3, 0x18, 0x3, 0xe0, 0x0,
    0x1, 0xff, 0xfc, 0x4, 0x0, 0x8, 0x0, 0x10,
    0x0, 0x20, 0x0, 0x40, 0x0,

    /* U+D6C5 "훅" */
    0x7, 0xc0, 0x7f, 0xf0, 0x1f, 0x0, 0x63, 0x0,
    0x82, 0x1, 0x8c, 0x1, 0xf0, 0x0, 0x0, 0xff,
    0xfe, 0x2, 0x0, 0x7f, 0xc0, 0x0, 0x80, 0x1,
    0x0, 0x2, 0x0, 0x4, 0x0,

    /* U+D6C8 "훈" */
    0x7, 0xc0, 0x0, 0x30, 0x7f, 0x80, 0x3e, 0x0,
    0xc6, 0x1, 0x4, 0x1, 0x10, 0x1, 0xc0, 0x7f,
    0xfe, 0x2, 0x0, 0x64, 0x0, 0x48, 0x0, 0x80,
    0x1, 0xff, 0x0,

    /* U+D6CC "훌" */
    0x7, 0xc0, 0x7f, 0xf0, 0x1f, 0x0, 0x61, 0x0,
    0x82, 0x0, 0xf8, 0x0, 0x0, 0x3f, 0xff, 0x1,
    0x0, 0x2, 0x20, 0x3b, 0x80, 0xff, 0x80, 0x80,
    0x1, 0xff, 0x0,

    /* U+D6D1 "훑" */
    0x7, 0xc0, 0x7f, 0xe0, 0x1f, 0x0, 0x61, 0x0,
    0x82, 0x0, 0xf8, 0x0, 0x0, 0x7f, 0xfe, 0x1,
    0x0, 0x3f, 0xe0, 0xa, 0x0, 0x14, 0x1, 0xdf,
    0x3, 0xdf, 0x6, 0x0, 0x0,

    /* U+D6D4 "훔" */
    0x7, 0xc0, 0x7f, 0xf0, 0x1f, 0x0, 0x63, 0x0,
    0x82, 0x1, 0x8c, 0x1, 0xf0, 0x0, 0x0, 0xff,
    0xfe, 0x2, 0x0, 0x7f, 0xc0, 0x41, 0x80, 0x82,
    0x1, 0xfe, 0x2, 0x0, 0x0,

    /* U+D6D7 "훗" */
    0x7, 0xc0, 0x7f, 0xf0, 0x1f, 0x0, 0x63, 0x0,
    0x82, 0x1, 0x8c, 0x1, 0xf0, 0x0, 0x0, 0xff,
    0xfe, 0x2, 0x0, 0xc, 0x0, 0x8, 0x0, 0x30,
    0x0, 0x98, 0x6, 0xc, 0x10, 0x0,

    /* U+D6D9 "훙" */
    0x7, 0xc0, 0x7f, 0xf0, 0x1f, 0x0, 0x63, 0x0,
    0x82, 0x1, 0x8c, 0x1, 0xf0, 0x0, 0x0, 0xff,
    0xfe, 0x2, 0x0, 0x1f, 0x0, 0x63, 0x0, 0x82,
    0x1, 0x8c, 0x1, 0xf0, 0x0,

    /* U+D6E0 "훠" */
    0x1e, 0x10, 0x1, 0xff, 0xd1, 0xe1, 0x31, 0x12,
    0x11, 0x31, 0x11, 0xe1, 0x0, 0xff, 0xf1, 0x5,
    0xf0, 0x41, 0x4, 0x10, 0x41,

    /* U+D6E4 "훤" */
    0x1e, 0x10, 0x0, 0x9f, 0xe4, 0x3c, 0x22, 0x11,
    0x10, 0x88, 0x78, 0x40, 0x12, 0xff, 0x10, 0x4f,
    0x82, 0x4, 0x10, 0x0, 0x80, 0x7, 0xfc,

    /* U+D6E8 "훨" */
    0x1e, 0x17, 0xfe, 0x87, 0x84, 0x42, 0x22, 0x11,
    0xf, 0x8, 0x2, 0x5f, 0xe2, 0x9, 0xf0, 0x40,
    0x7, 0xfc, 0x0, 0x21, 0xff, 0x7, 0xfc,

    /* U+D6F0 "훰" */
    0x1e, 0x10, 0x1, 0x7f, 0x91, 0xe1, 0x21, 0x12,
    0x11, 0x1e, 0x10, 0x9, 0xff, 0x10, 0x8f, 0xf,
    0xf0, 0x81, 0x8, 0x10, 0xff, 0x8, 0x0,

    /* U+D6F5 "훵" */
    0x1e, 0x10, 0x1, 0x7f, 0x91, 0xe1, 0x21, 0x12,
    0x11, 0x1e, 0x10, 0x9, 0x7f, 0xf0, 0x81, 0xb,
    0xe0, 0x63, 0x4, 0x10, 0x63, 0x3, 0xe0,

    /* U+D6FC "훼" */
    0x0, 0x18, 0xf3, 0x40, 0xea, 0xf8, 0x51, 0xe2,
    0x90, 0x94, 0x84, 0xa3, 0xc5, 0x1, 0xab, 0xf1,
    0x42, 0x7a, 0x10, 0x50, 0x82, 0x84, 0x14, 0x0,
    0x20,

    /* U+D6FD "훽" */
    0x0, 0x68, 0xf1, 0x5f, 0xea, 0x3c, 0x52, 0x12,
    0x90, 0x94, 0x78, 0xa0, 0x25, 0xfe, 0x28, 0x4f,
    0x42, 0x0, 0x1f, 0xf0, 0x0, 0x80, 0x4, 0x0,
    0x20,

    /* U+D700 "휀" */
    0x0, 0x68, 0x78, 0xa7, 0xfa, 0x87, 0x8a, 0x21,
    0x28, 0x84, 0xa1, 0xe2, 0x80, 0x4a, 0x7e, 0x28,
    0x23, 0xa0, 0xc2, 0x83, 0x0, 0xc, 0x0, 0x1f,
    0xf0,

    /* U+D704 "휄" */
    0x0, 0xe8, 0x38, 0xd1, 0xfc, 0xa0, 0xe1, 0x42,
    0x22, 0x84, 0x45, 0x7, 0x4a, 0x7f, 0x14, 0x9,
    0xe8, 0x10, 0x0, 0x1f, 0xe0, 0x0, 0x40, 0xff,
    0x80, 0xff, 0x80,

    /* U+D711 "휑" */
    0x20, 0xe8, 0xe3, 0x5f, 0xca, 0x38, 0x52, 0x22,
    0x91, 0x14, 0x70, 0xa0, 0x25, 0x7e, 0x28, 0x4f,
    0x42, 0x78, 0x6, 0x20, 0x20, 0x81, 0x88, 0x7,
    0x80,

    /* U+D718 "휘" */
    0x1e, 0x30, 0x1, 0x7f, 0x91, 0xe1, 0x33, 0x12,
    0x11, 0x23, 0x11, 0xe1, 0x0, 0x7f, 0xf9, 0x4,
    0x10, 0x41, 0x4, 0x10, 0x41,

    /* U+D719 "휙" */
    0xf, 0x18, 0x0, 0x4f, 0xf2, 0x1e, 0x11, 0x8,
    0x88, 0x44, 0x3c, 0x20, 0x7, 0x7f, 0xc8, 0x10,
    0x7, 0xfe, 0x0, 0x10, 0x0, 0x80, 0x4, 0x0,
    0x20,

    /* U+D71C "휜" */
    0x1e, 0x30, 0x0, 0x9f, 0xe4, 0x3c, 0x22, 0x11,
    0x10, 0x88, 0x78, 0x40, 0xe, 0xff, 0x90, 0x40,
    0x86, 0x4, 0x10, 0x0, 0x80, 0x7, 0xfc,

    /* U+D720 "휠" */
    0x1e, 0x30, 0x4, 0x9f, 0xe4, 0x3c, 0x22, 0x11,
    0x19, 0x88, 0x31, 0xdf, 0xf2, 0x8, 0x10, 0x40,
    0x7, 0xfc, 0x0, 0x21, 0xff, 0x7, 0xfc,

    /* U+D728 "휨" */
    0xf, 0x18, 0x0, 0x4f, 0xf2, 0x1e, 0x11, 0x8,
    0x88, 0x44, 0x3c, 0x20, 0x7, 0x7f, 0xc8, 0x20,
    0x43, 0xfe, 0x8, 0x10, 0x40, 0x83, 0xfc, 0x10,
    0x0,

    /* U+D729 "휩" */
    0xf, 0x8, 0x0, 0x4f, 0xf2, 0x1e, 0x11, 0x8,
    0x88, 0x44, 0x3c, 0x20, 0xf, 0x7f, 0x88, 0x20,
    0xc1, 0x2, 0xf, 0xf0, 0x40, 0x83, 0xfc, 0x10,
    0x0,

    /* U+D72B "휫" */
    0xf, 0x18, 0x0, 0x23, 0xfc, 0x83, 0xc2, 0x10,
    0x88, 0x42, 0x20, 0xf0, 0x80, 0xe, 0x7f, 0xc8,
    0x10, 0x20, 0x48, 0x80, 0x20, 0x1, 0x60, 0x8,
    0x60, 0xc0, 0x40,

    /* U+D72D "휭" */
    0xf, 0x10, 0x1, 0x3f, 0xd0, 0xf1, 0x10, 0x91,
    0x9, 0xf, 0x10, 0x7, 0x7e, 0x90, 0x41, 0x5,
    0xe0, 0x31, 0x2, 0x10, 0x21, 0x1, 0xe0,

    /* U+D734 "휴" */
    0x7, 0x80, 0x0, 0x20, 0xff, 0xa0, 0x3c, 0x0,
    0xc4, 0x1, 0x4, 0x3, 0x10, 0x3, 0xc0, 0x0,
    0x1, 0xff, 0xfc, 0x11, 0x0, 0x22, 0x0, 0x44,
    0x1, 0x8, 0x0, 0x10, 0x0,

    /* U+D735 "휵" */
    0x7, 0x80, 0x47, 0xf0, 0x70, 0x0, 0x3e, 0x0,
    0x86, 0x1, 0xc, 0x1, 0xf0, 0x0, 0x0, 0xff,
    0xfe, 0x8, 0x80, 0xff, 0xc0, 0xe1, 0x0, 0x2,
    0x0, 0x4, 0x0, 0x8, 0x0, 0x10,

    /* U+D738 "휸" */
    0xf, 0x80, 0x0, 0xc3, 0xfc, 0x3, 0xe0, 0x18,
    0xc0, 0x41, 0x0, 0xf8, 0x0, 0x0, 0xff, 0xfc,
    0x12, 0x3, 0x48, 0x5, 0x20, 0x10, 0x0, 0x7f,
    0xc0,

    /* U+D73C "휼" */
    0x7, 0xc0, 0x3f, 0xf0, 0x1f, 0x0, 0x63, 0x0,
    0x82, 0x0, 0xf8, 0x0, 0x0, 0x3f, 0xff, 0x4,
    0x40, 0x8, 0xe0, 0x2e, 0x80, 0xff, 0x80, 0x80,
    0x1, 0xff, 0x0,

    /* U+D744 "흄" */
    0x7, 0xc0, 0x7f, 0xf0, 0x0, 0x0, 0x3e, 0x0,
    0x86, 0x1, 0xc, 0x1, 0xf0, 0x0, 0x0, 0xff,
    0xfe, 0x8, 0x80, 0x7f, 0x80, 0x41, 0x0, 0x82,
    0x1, 0xfc, 0x2, 0x0, 0x0,

    /* U+D747 "흇" */
    0x7, 0x80, 0xff, 0xc0, 0x0, 0x1, 0xe0, 0x8,
    0x40, 0x21, 0x0, 0x78, 0x0, 0x0, 0xff, 0xfc,
    0x21, 0x0, 0xb4, 0x2, 0x50, 0x3, 0x80, 0x11,
    0x83, 0x83, 0x0,

    /* U+D749 "흉" */
    0x7, 0x80, 0xff, 0xc1, 0x0, 0x1, 0xe0, 0x8,
    0x40, 0x21, 0x0, 0x78, 0x0, 0x0, 0x7f, 0xfc,
    0x11, 0x0, 0x7c, 0x3, 0x10, 0x8, 0x60, 0x31,
    0x0, 0x78, 0x0,

    /* U+D750 "흐" */
    0x7, 0xc0, 0x0, 0x0, 0x80, 0x60, 0xff, 0x0,
    0x7c, 0x1, 0x8c, 0x2, 0x8, 0x4, 0x10, 0xc,
    0x60, 0xf, 0x80, 0x0, 0x3, 0xff, 0xf0,

    /* U+D751 "흑" */
    0x7, 0xc0, 0x0, 0x30, 0xff, 0x80, 0x3e, 0x0,
    0x82, 0x1, 0x4, 0x1, 0xf0, 0x0, 0x0, 0xff,
    0xfe, 0x0, 0x0, 0x7f, 0xc0, 0x0, 0x80, 0x1,
    0x0, 0x2, 0x0, 0x0, 0x0,

    /* U+D754 "흔" */
    0x7, 0xc0, 0x0, 0x20, 0xff, 0x80, 0x3e, 0x0,
    0xc6, 0x1, 0x4, 0x3, 0x18, 0x3, 0xe0, 0x0,
    0x0, 0xff, 0xfc, 0x60, 0x0, 0x40, 0x0, 0x80,
    0x1, 0xff, 0x0,

    /* U+D756 "흖" */
    0x7, 0xc0, 0x7f, 0xf0, 0x1f, 0x0, 0x63, 0x0,
    0x82, 0x1, 0x8c, 0x1, 0xf0, 0x7f, 0xff, 0x40,
    0x0, 0x1, 0xe0, 0xcf, 0xf0, 0x87, 0x81, 0x11,
    0x83, 0xe3, 0x0, 0x3c, 0x0,

    /* U+D757 "흗" */
    0x7, 0xc0, 0x40, 0x30, 0x7f, 0x80, 0x3e, 0x0,
    0x82, 0x1, 0x4, 0x1, 0xf0, 0x0, 0x0, 0x7f,
    0xfe, 0x0, 0x0, 0x7f, 0xc0, 0x40, 0x0, 0x80,
    0x1, 0xfe, 0x0,

    /* U+D758 "흘" */
    0xf, 0x80, 0xff, 0xc0, 0xf8, 0x6, 0x10, 0x10,
    0x40, 0x3e, 0x0, 0x0, 0x3f, 0xff, 0x0, 0x0,
    0xff, 0x80, 0x6, 0xf, 0xf8, 0x10, 0x0, 0x7f,
    0xc0,

    /* U+D759 "흙" */
    0x7, 0xc0, 0x7f, 0xf0, 0x1f, 0x0, 0x63, 0x0,
    0x82, 0x1, 0x8c, 0x1, 0xf0, 0x7f, 0xff, 0x0,
    0x0, 0x7d, 0xe0, 0x8, 0x41, 0xf0, 0x81, 0x1,
    0x2, 0x22, 0x7, 0x84, 0x0,

    /* U+D760 "흠" */
    0x7, 0xc0, 0x7f, 0xf0, 0x1f, 0x0, 0x63, 0x0,
    0x82, 0x1, 0x8c, 0x1, 0xf0, 0x0, 0x0, 0xff,
    0xfe, 0x0, 0x0, 0x7f, 0xc0, 0x41, 0x0, 0x82,
    0x1, 0xfe, 0x2, 0x0, 0x0,

    /* U+D761 "흡" */
    0x7, 0xc0, 0x7f, 0xf0, 0x1f, 0x0, 0x63, 0x0,
    0x82, 0x1, 0x8c, 0x1, 0xf0, 0x0, 0x0, 0xff,
    0xfe, 0x0, 0xc0, 0x60, 0x80, 0x7f, 0x0, 0x82,
    0x1, 0xfe, 0x0,

    /* U+D763 "흣" */
    0x7, 0xc0, 0x7f, 0xf0, 0x1f, 0x0, 0x63, 0x0,
    0x82, 0x1, 0x8c, 0x1, 0xf0, 0x0, 0x0, 0xff,
    0xfe, 0x0, 0x0, 0x6, 0x0, 0x8, 0x0, 0x2c,
    0x1, 0x86, 0x4, 0x6, 0x0,

    /* U+D765 "흥" */
    0x7, 0xc0, 0x7f, 0xf0, 0x1f, 0x0, 0x63, 0x0,
    0x82, 0x1, 0x8c, 0x0, 0xf0, 0x0, 0x0, 0x7f,
    0xfe, 0x0, 0x0, 0x1f, 0x0, 0x63, 0x0, 0x82,
    0x1, 0x84, 0x1, 0xf0, 0x0,

    /* U+D769 "흩" */
    0x7, 0xc0, 0x7f, 0xf0, 0x1f, 0x0, 0x63, 0x0,
    0x82, 0x1, 0x8c, 0x0, 0xf0, 0x0, 0x0, 0x7f,
    0xfe, 0x0, 0x0, 0x7f, 0xc0, 0x40, 0x0, 0xff,
    0x1, 0xfe, 0x0,

    /* U+D76C "희" */
    0x0, 0x31, 0xe1, 0x0, 0x97, 0xf1, 0x1e, 0x13,
    0x31, 0x21, 0x12, 0x31, 0x1e, 0x10, 0x3, 0xff,
    0xd0, 0x1, 0x0, 0x10, 0x1,

    /* U+D770 "흰" */
    0x1e, 0x30, 0x0, 0x9f, 0xe4, 0x3c, 0x23, 0x11,
    0x10, 0x88, 0x84, 0x43, 0xc2, 0x0, 0x77, 0xf4,
    0x86, 0x4, 0x10, 0x0, 0x80, 0x7, 0xfc,

    /* U+D774 "흴" */
    0x1e, 0x10, 0x0, 0x9f, 0xe4, 0x3c, 0x22, 0x11,
    0x10, 0x88, 0x78, 0x40, 0xe, 0xfe, 0x90, 0x80,
    0x83, 0xfc, 0x3f, 0xe0, 0x80, 0x7, 0xfc,

    /* U+D77C "흼" */
    0x1e, 0x10, 0x1, 0x7f, 0x91, 0xe1, 0x21, 0x12,
    0x11, 0x1e, 0x10, 0x3, 0xff, 0xd0, 0x0, 0xf,
    0xf0, 0xc1, 0xc, 0x10, 0x7f, 0x0, 0x0,

    /* U+D77D "흽" */
    0x1e, 0x30, 0x1, 0x7f, 0x91, 0xe1, 0x21, 0x12,
    0x11, 0x1e, 0x10, 0x7, 0xfe, 0x80, 0x3, 0xc,
    0x10, 0x7f, 0x4, 0x10, 0x7f, 0x4, 0x0,

    /* U+D781 "힁" */
    0x1e, 0x10, 0x1, 0x7f, 0x91, 0xe1, 0x21, 0x12,
    0x11, 0x1e, 0x10, 0x3, 0xff, 0xd0, 0x3e, 0x6,
    0x30, 0x41, 0x4, 0x10, 0x63, 0x3, 0xe0,

    /* U+D788 "히" */
    0x0, 0x31, 0xe1, 0x0, 0x1f, 0xf9, 0x0, 0x11,
    0xe1, 0x33, 0x12, 0x11, 0x21, 0x13, 0x31, 0x1e,
    0x10, 0x1, 0x0, 0x10, 0x1, 0x0, 0x10,

    /* U+D789 "힉" */
    0x0, 0x31, 0xe1, 0x81, 0x97, 0xe1, 0x1e, 0x12,
    0x11, 0x21, 0x12, 0x11, 0x1e, 0x10, 0x0, 0x1f,
    0xf0, 0x1, 0x0, 0x10, 0x1, 0x0, 0x10,

    /* U+D78C "힌" */
    0x0, 0x30, 0xf0, 0x80, 0x4, 0xff, 0x21, 0xe1,
    0x19, 0x88, 0x84, 0x44, 0x22, 0x1e, 0x10, 0x0,
    0x83, 0x4, 0x8, 0x0, 0x40, 0x3, 0xfc,

    /* U+D790 "힐" */
    0x1e, 0x10, 0x0, 0xbf, 0xf4, 0x3c, 0x23, 0x11,
    0x10, 0x88, 0xc4, 0x41, 0x42, 0xf, 0xf0, 0x7f,
    0x80, 0x4, 0x1f, 0xe0, 0x40, 0x3, 0xfc,

    /* U+D798 "힘" */
    0x0, 0x31, 0xe1, 0x0, 0x17, 0xf9, 0x1e, 0x12,
    0x11, 0x21, 0x12, 0x31, 0x1e, 0x10, 0x0, 0xf,
    0xf0, 0x41, 0x4, 0x10, 0x7f, 0x4, 0x0,

    /* U+D799 "힙" */
    0x10, 0x30, 0xc1, 0xff, 0xd0, 0x1, 0x1e, 0x12,
    0x11, 0x21, 0x11, 0xe1, 0x0, 0x0, 0xc3, 0x4,
    0x10, 0x7f, 0x4, 0x10, 0x7f,

    /* U+D79B "힛" */
    0x0, 0x30, 0xf0, 0x80, 0x64, 0xfc, 0x21, 0xe1,
    0x19, 0x88, 0x84, 0x44, 0x22, 0x1e, 0x10, 0x8,
    0x80, 0x60, 0x3, 0x0, 0x24, 0x2, 0x18, 0x60,
    0x20,

    /* U+D79D "힝" */
    0x0, 0x31, 0xe1, 0x0, 0xd7, 0xf1, 0x1e, 0x13,
    0x19, 0x20, 0x93, 0x11, 0x6, 0x10, 0x1e, 0x3,
    0x30, 0x21, 0x2, 0x10, 0x33, 0x1, 0xe0
};


/*---------------------
 *  GLYPH DESCRIPTION
 *--------------------*/

static const lv_font_fmt_txt_glyph_dsc_t glyph_dsc[] = {
    {.bitmap_index = 0, .adv_w = 0, .box_w = 0, .box_h = 0, .ofs_x = 0, .ofs_y = 0} /* id = 0 reserved */,
    {.bitmap_index = 0, .adv_w = 256, .box_w = 4, .box_h = 4, .ofs_x = 1, .ofs_y = -1},
    {.bitmap_index = 2, .adv_w = 256, .box_w = 5, .box_h = 4, .ofs_x = 0, .ofs_y = -1},
    {.bitmap_index = 5, .adv_w = 256, .box_w = 6, .box_h = 15, .ofs_x = 9, .ofs_y = -1},
    {.bitmap_index = 17, .adv_w = 256, .box_w = 6, .box_h = 15, .ofs_x = 1, .ofs_y = -1},
    {.bitmap_index = 29, .adv_w = 256, .box_w = 7, .box_h = 15, .ofs_x = 8, .ofs_y = -1},
    {.bitmap_index = 43, .adv_w = 256, .box_w = 7, .box_h = 15, .ofs_x = 1, .ofs_y = -1},
    {.bitmap_index = 57, .adv_w = 256, .box_w = 5, .box_h = 11, .ofs_x = 10, .ofs_y = 2},
    {.bitmap_index = 64, .adv_w = 256, .box_w = 5, .box_h = 11, .ofs_x = 1, .ofs_y = -1},
    {.bitmap_index = 71, .adv_w = 256, .box_w = 6, .box_h = 10, .ofs_x = 9, .ofs_y = 3},
    {.bitmap_index = 79, .adv_w = 256, .box_w = 6, .box_h = 10, .ofs_x = 0, .ofs_y = -1},
    {.bitmap_index = 87, .adv_w = 247, .box_w = 9, .box_h = 8, .ofs_x = 3, .ofs_y = 2},
    {.bitmap_index = 96, .adv_w = 247, .box_w = 10, .box_h = 8, .ofs_x = 2, .ofs_y = 2},
    {.bitmap_index = 106, .adv_w = 247, .box_w = 12, .box_h = 9, .ofs_x = 2, .ofs_y = 2},
    {.bitmap_index = 120, .adv_w = 247, .box_w = 10, .box_h = 8, .ofs_x = 3, .ofs_y = 2},
    {.bitmap_index = 130, .adv_w = 247, .box_w = 12, .box_h = 6, .ofs_x = 2, .ofs_y = 3},
    {.bitmap_index = 139, .adv_w = 247, .box_w = 12, .box_h = 8, .ofs_x = 1, .ofs_y = 2},
    {.bitmap_index = 151, .adv_w = 247, .box_w = 10, .box_h = 8, .ofs_x = 3, .ofs_y = 2},
    {.bitmap_index = 161, .adv_w = 247, .box_w = 11, .box_h = 8, .ofs_x = 2, .ofs_y = 2},
    {.bitmap_index = 172, .adv_w = 247, .box_w = 9, .box_h = 8, .ofs_x = 3, .ofs_y = 2},
    {.bitmap_index = 181, .adv_w = 247, .box_w = 11, .box_h = 7, .ofs_x = 2, .ofs_y = 2},
    {.bitmap_index = 191, .adv_w = 247, .box_w = 11, .box_h = 7, .ofs_x = 2, .ofs_y = 2},
    {.bitmap_index = 201, .adv_w = 247, .box_w = 12, .box_h = 8, .ofs_x = 2, .ofs_y = 2},
    {.bitmap_index = 213, .adv_w = 247, .box_w = 11, .box_h = 9, .ofs_x = 2, .ofs_y = 1},
    {.bitmap_index = 226, .adv_w = 247, .box_w = 12, .box_h = 7, .ofs_x = 2, .ofs_y = 2},
    {.bitmap_index = 237, .adv_w = 247, .box_w = 12, .box_h = 7, .ofs_x = 2, .ofs_y = 2},
    {.bitmap_index = 248, .adv_w = 247, .box_w = 13, .box_h = 8, .ofs_x = 1, .ofs_y = 2},
    {.bitmap_index = 261, .adv_w = 247, .box_w = 10, .box_h = 7, .ofs_x = 3, .ofs_y = 3},
    {.bitmap_index = 270, .adv_w = 247, .box_w = 9, .box_h = 10, .ofs_x = 3, .ofs_y = 1},
    {.bitmap_index = 282, .adv_w = 247, .box_w = 11, .box_h = 9, .ofs_x = 2, .ofs_y = 2},
    {.bitmap_index = 295, .adv_w = 247, .box_w = 12, .box_h = 9, .ofs_x = 2, .ofs_y = 1},
    {.bitmap_index = 309, .adv_w = 247, .box_w = 10, .box_h = 8, .ofs_x = 3, .ofs_y = 2},
    {.bitmap_index = 319, .adv_w = 247, .box_w = 12, .box_h = 8, .ofs_x = 2, .ofs_y = 2},
    {.bitmap_index = 331, .adv_w = 247, .box_w = 8, .box_h = 8, .ofs_x = 4, .ofs_y = 2},
    {.bitmap_index = 339, .adv_w = 247, .box_w = 10, .box_h = 7, .ofs_x = 3, .ofs_y = 2},
    {.bitmap_index = 348, .adv_w = 247, .box_w = 13, .box_h = 8, .ofs_x = 1, .ofs_y = 1},
    {.bitmap_index = 361, .adv_w = 247, .box_w = 10, .box_h = 8, .ofs_x = 3, .ofs_y = 2},
    {.bitmap_index = 371, .adv_w = 247, .box_w = 9, .box_h = 8, .ofs_x = 3, .ofs_y = 2},
    {.bitmap_index = 380, .adv_w = 247, .box_w = 10, .box_h = 8, .ofs_x = 3, .ofs_y = 2},
    {.bitmap_index = 390, .adv_w = 247, .box_w = 11, .box_h = 8, .ofs_x = 2, .ofs_y = 2},
    {.bitmap_index = 401, .adv_w = 247, .box_w = 10, .box_h = 9, .ofs_x = 3, .ofs_y = 1},
    {.bitmap_index = 413, .adv_w = 247, .box_w = 5, .box_h = 14, .ofs_x = 6, .ofs_y = -1},
    {.bitmap_index = 422, .adv_w = 247, .box_w = 5, .box_h = 14, .ofs_x = 5, .ofs_y = -1},
    {.bitmap_index = 431, .adv_w = 247, .box_w = 5, .box_h = 14, .ofs_x = 6, .ofs_y = -1},
    {.bitmap_index = 440, .adv_w = 247, .box_w = 5, .box_h = 14, .ofs_x = 5, .ofs_y = -1},
    {.bitmap_index = 449, .adv_w = 247, .box_w = 5, .box_h = 14, .ofs_x = 4, .ofs_y = -1},
    {.bitmap_index = 458, .adv_w = 247, .box_w = 8, .box_h = 14, .ofs_x = 2, .ofs_y = -1},
    {.bitmap_index = 472, .adv_w = 247, .box_w = 5, .box_h = 14, .ofs_x = 4, .ofs_y = -1},
    {.bitmap_index = 481, .adv_w = 247, .box_w = 7, .box_h = 14, .ofs_x = 3, .ofs_y = -1},
    {.bitmap_index = 494, .adv_w = 247, .box_w = 15, .box_h = 6, .ofs_x = 0, .ofs_y = 3},
    {.bitmap_index = 506, .adv_w = 247, .box_w = 15, .box_h = 14, .ofs_x = 0, .ofs_y = -1},
    {.bitmap_index = 533, .adv_w = 247, .box_w = 13, .box_h = 14, .ofs_x = 1, .ofs_y = -1},
    {.bitmap_index = 556, .adv_w = 247, .box_w = 12, .box_h = 14, .ofs_x = 1, .ofs_y = -1},
    {.bitmap_index = 577, .adv_w = 247, .box_w = 14, .box_h = 7, .ofs_x = 1, .ofs_y = 3},
    {.bitmap_index = 590, .adv_w = 247, .box_w = 15, .box_h = 8, .ofs_x = 0, .ofs_y = 1},
    {.bitmap_index = 605, .adv_w = 247, .box_w = 13, .box_h = 14, .ofs_x = 1, .ofs_y = -1},
    {.bitmap_index = 628, .adv_w = 247, .box_w = 13, .box_h = 14, .ofs_x = 1, .ofs_y = -1},
    {.bitmap_index = 651, .adv_w = 247, .box_w = 12, .box_h = 14, .ofs_x = 2, .ofs_y = -1},
    {.bitmap_index = 672, .adv_w = 247, .box_w = 14, .box_h = 8, .ofs_x = 1, .ofs_y = 1},
    {.bitmap_index = 686, .adv_w = 247, .box_w = 15, .box_h = 1, .ofs_x = 0, .ofs_y = 6},
    {.bitmap_index = 688, .adv_w = 247, .box_w = 12, .box_h = 14, .ofs_x = 1, .ofs_y = -1},
    {.bitmap_index = 709, .adv_w = 247, .box_w = 2, .box_h = 14, .ofs_x = 6, .ofs_y = -1},
    {.bitmap_index = 713, .adv_w = 247, .box_w = 1, .box_h = 1, .ofs_x = 0, .ofs_y = 0},
    {.bitmap_index = 714, .adv_w = 247, .box_w = 12, .box_h = 8, .ofs_x = 2, .ofs_y = 2},
    {.bitmap_index = 726, .adv_w = 247, .box_w = 11, .box_h = 8, .ofs_x = 2, .ofs_y = 2},
    {.bitmap_index = 737, .adv_w = 247, .box_w = 12, .box_h = 8, .ofs_x = 2, .ofs_y = 2},
    {.bitmap_index = 749, .adv_w = 247, .box_w = 11, .box_h = 8, .ofs_x = 2, .ofs_y = 2},
    {.bitmap_index = 760, .adv_w = 247, .box_w = 14, .box_h = 9, .ofs_x = 1, .ofs_y = 1},
    {.bitmap_index = 776, .adv_w = 247, .box_w = 12, .box_h = 8, .ofs_x = 2, .ofs_y = 2},
    {.bitmap_index = 788, .adv_w = 247, .box_w = 13, .box_h = 9, .ofs_x = 1, .ofs_y = 2},
    {.bitmap_index = 803, .adv_w = 247, .box_w = 11, .box_h = 8, .ofs_x = 2, .ofs_y = 2},
    {.bitmap_index = 814, .adv_w = 247, .box_w = 12, .box_h = 8, .ofs_x = 2, .ofs_y = 2},
    {.bitmap_index = 826, .adv_w = 247, .box_w = 11, .box_h = 9, .ofs_x = 2, .ofs_y = 1},
    {.bitmap_index = 839, .adv_w = 247, .box_w = 11, .box_h = 9, .ofs_x = 2, .ofs_y = 1},
    {.bitmap_index = 852, .adv_w = 247, .box_w = 11, .box_h = 9, .ofs_x = 2, .ofs_y = 1},
    {.bitmap_index = 865, .adv_w = 247, .box_w = 9, .box_h = 9, .ofs_x = 3, .ofs_y = 1},
    {.bitmap_index = 876, .adv_w = 247, .box_w = 11, .box_h = 8, .ofs_x = 2, .ofs_y = 2},
    {.bitmap_index = 887, .adv_w = 247, .box_w = 12, .box_h = 8, .ofs_x = 2, .ofs_y = 2},
    {.bitmap_index = 899, .adv_w = 247, .box_w = 12, .box_h = 10, .ofs_x = 1, .ofs_y = 1},
    {.bitmap_index = 914, .adv_w = 247, .box_w = 13, .box_h = 8, .ofs_x = 1, .ofs_y = 2},
    {.bitmap_index = 927, .adv_w = 247, .box_w = 12, .box_h = 8, .ofs_x = 1, .ofs_y = 2},
    {.bitmap_index = 939, .adv_w = 247, .box_w = 12, .box_h = 8, .ofs_x = 2, .ofs_y = 2},
    {.bitmap_index = 951, .adv_w = 247, .box_w = 9, .box_h = 11, .ofs_x = 3, .ofs_y = 1},
    {.bitmap_index = 964, .adv_w = 247, .box_w = 10, .box_h = 11, .ofs_x = 2, .ofs_y = 1},
    {.bitmap_index = 978, .adv_w = 247, .box_w = 11, .box_h = 9, .ofs_x = 2, .ofs_y = 1},
    {.bitmap_index = 991, .adv_w = 247, .box_w = 13, .box_h = 8, .ofs_x = 2, .ofs_y = 2},
    {.bitmap_index = 1004, .adv_w = 247, .box_w = 12, .box_h = 8, .ofs_x = 2, .ofs_y = 2},
    {.bitmap_index = 1016, .adv_w = 247, .box_w = 11, .box_h = 9, .ofs_x = 2, .ofs_y = 1},
    {.bitmap_index = 1029, .adv_w = 247, .box_w = 13, .box_h = 9, .ofs_x = 1, .ofs_y = 1},
    {.bitmap_index = 1044, .adv_w = 247, .box_w = 8, .box_h = 8, .ofs_x = 4, .ofs_y = 2},
    {.bitmap_index = 1052, .adv_w = 247, .box_w = 12, .box_h = 8, .ofs_x = 2, .ofs_y = 2},
    {.bitmap_index = 1064, .adv_w = 247, .box_w = 8, .box_h = 9, .ofs_x = 4, .ofs_y = 2},
    {.bitmap_index = 1073, .adv_w = 247, .box_w = 12, .box_h = 9, .ofs_x = 2, .ofs_y = 1},
    {.bitmap_index = 1087, .adv_w = 247, .box_w = 11, .box_h = 9, .ofs_x = 2, .ofs_y = 1},
    {.bitmap_index = 1100, .adv_w = 247, .box_w = 10, .box_h = 10, .ofs_x = 3, .ofs_y = 1},
    {.bitmap_index = 1113, .adv_w = 247, .box_w = 12, .box_h = 8, .ofs_x = 2, .ofs_y = 2},
    {.bitmap_index = 1125, .adv_w = 247, .box_w = 9, .box_h = 8, .ofs_x = 3, .ofs_y = 2},
    {.bitmap_index = 1134, .adv_w = 247, .box_w = 15, .box_h = 14, .ofs_x = 0, .ofs_y = -1},
    {.bitmap_index = 1161, .adv_w = 247, .box_w = 13, .box_h = 14, .ofs_x = 1, .ofs_y = -1},
    {.bitmap_index = 1184, .adv_w = 247, .box_w = 12, .box_h = 14, .ofs_x = 1, .ofs_y = -1},
    {.bitmap_index = 1205, .adv_w = 247, .box_w = 12, .box_h = 14, .ofs_x = 1, .ofs_y = -1},
    {.bitmap_index = 1226, .adv_w = 247, .box_w = 13, .box_h = 14, .ofs_x = 0, .ofs_y = -1},
    {.bitmap_index = 1249, .adv_w = 247, .box_w = 13, .box_h = 14, .ofs_x = 1, .ofs_y = -1},
    {.bitmap_index = 1272, .adv_w = 247, .box_w = 3, .box_h = 3, .ofs_x = 6, .ofs_y = 5},
    {.bitmap_index = 1274, .adv_w = 247, .box_w = 6, .box_h = 14, .ofs_x = 3, .ofs_y = -1},
    {.bitmap_index = 1285, .adv_w = 247, .box_w = 14, .box_h = 15, .ofs_x = 1, .ofs_y = -2},
    {.bitmap_index = 1312, .adv_w = 247, .box_w = 14, .box_h = 15, .ofs_x = 1, .ofs_y = -2},
    {.bitmap_index = 1339, .adv_w = 247, .box_w = 14, .box_h = 14, .ofs_x = 1, .ofs_y = -1},
    {.bitmap_index = 1364, .adv_w = 247, .box_w = 14, .box_h = 14, .ofs_x = 1, .ofs_y = -1},
    {.bitmap_index = 1389, .adv_w = 247, .box_w = 15, .box_h = 14, .ofs_x = 0, .ofs_y = -1},
    {.bitmap_index = 1416, .adv_w = 247, .box_w = 14, .box_h = 14, .ofs_x = 1, .ofs_y = -1},
    {.bitmap_index = 1441, .adv_w = 247, .box_w = 14, .box_h = 14, .ofs_x = 1, .ofs_y = -1},
    {.bitmap_index = 1466, .adv_w = 247, .box_w = 14, .box_h = 15, .ofs_x = 1, .ofs_y = -2},
    {.bitmap_index = 1493, .adv_w = 247, .box_w = 14, .box_h = 14, .ofs_x = 1, .ofs_y = -1},
    {.bitmap_index = 1518, .adv_w = 247, .box_w = 15, .box_h = 15, .ofs_x = 0, .ofs_y = -2},
    {.bitmap_index = 1547, .adv_w = 247, .box_w = 14, .box_h = 15, .ofs_x = 1, .ofs_y = -2},
    {.bitmap_index = 1574, .adv_w = 247, .box_w = 14, .box_h = 15, .ofs_x = 1, .ofs_y = -2},
    {.bitmap_index = 1601, .adv_w = 247, .box_w = 15, .box_h = 14, .ofs_x = 0, .ofs_y = -1},
    {.bitmap_index = 1628, .adv_w = 247, .box_w = 14, .box_h = 15, .ofs_x = 1, .ofs_y = -2},
    {.bitmap_index = 1655, .adv_w = 247, .box_w = 14, .box_h = 14, .ofs_x = 1, .ofs_y = -1},
    {.bitmap_index = 1680, .adv_w = 247, .box_w = 14, .box_h = 14, .ofs_x = 1, .ofs_y = -1},
    {.bitmap_index = 1705, .adv_w = 247, .box_w = 14, .box_h = 14, .ofs_x = 1, .ofs_y = -1},
    {.bitmap_index = 1730, .adv_w = 247, .box_w = 15, .box_h = 15, .ofs_x = 0, .ofs_y = -2},
    {.bitmap_index = 1759, .adv_w = 247, .box_w = 13, .box_h = 15, .ofs_x = 0, .ofs_y = -2},
    {.bitmap_index = 1784, .adv_w = 247, .box_w = 12, .box_h = 15, .ofs_x = 1, .ofs_y = -2},
    {.bitmap_index = 1807, .adv_w = 247, .box_w = 14, .box_h = 14, .ofs_x = 1, .ofs_y = -1},
    {.bitmap_index = 1832, .adv_w = 247, .box_w = 14, .box_h = 14, .ofs_x = 1, .ofs_y = -1},
    {.bitmap_index = 1857, .adv_w = 247, .box_w = 12, .box_h = 14, .ofs_x = 1, .ofs_y = -1},
    {.bitmap_index = 1878, .adv_w = 247, .box_w = 12, .box_h = 15, .ofs_x = 1, .ofs_y = -2},
    {.bitmap_index = 1901, .adv_w = 247, .box_w = 13, .box_h = 14, .ofs_x = 1, .ofs_y = -1},
    {.bitmap_index = 1924, .adv_w = 247, .box_w = 13, .box_h = 15, .ofs_x = 1, .ofs_y = -2},
    {.bitmap_index = 1949, .adv_w = 247, .box_w = 12, .box_h = 15, .ofs_x = 1, .ofs_y = -2},
    {.bitmap_index = 1972, .adv_w = 247, .box_w = 14, .box_h = 15, .ofs_x = 1, .ofs_y = -2},
    {.bitmap_index = 1999, .adv_w = 247, .box_w = 14, .box_h = 15, .ofs_x = 1, .ofs_y = -2},
    {.bitmap_index = 2026, .adv_w = 247, .box_w = 14, .box_h = 14, .ofs_x = 1, .ofs_y = -1},
    {.bitmap_index = 2051, .adv_w = 247, .box_w = 15, .box_h = 14, .ofs_x = 0, .ofs_y = -1},
    {.bitmap_index = 2078, .adv_w = 247, .box_w = 14, .box_h = 15, .ofs_x = 1, .ofs_y = -2},
    {.bitmap_index = 2105, .adv_w = 247, .box_w = 15, .box_h = 14, .ofs_x = 0, .ofs_y = -1},
    {.bitmap_index = 2132, .adv_w = 247, .box_w = 12, .box_h = 15, .ofs_x = 1, .ofs_y = -2},
    {.bitmap_index = 2155, .adv_w = 247, .box_w = 14, .box_h = 14, .ofs_x = 1, .ofs_y = -1},
    {.bitmap_index = 2180, .adv_w = 247, .box_w = 14, .box_h = 14, .ofs_x = 1, .ofs_y = -1},
    {.bitmap_index = 2205, .adv_w = 247, .box_w = 12, .box_h = 15, .ofs_x = 1, .ofs_y = -2},
    {.bitmap_index = 2228, .adv_w = 247, .box_w = 12, .box_h = 15, .ofs_x = 1, .ofs_y = -2},
    {.bitmap_index = 2251, .adv_w = 247, .box_w = 13, .box_h = 14, .ofs_x = 1, .ofs_y = -1},
    {.bitmap_index = 2274, .adv_w = 247, .box_w = 12, .box_h = 14, .ofs_x = 1, .ofs_y = -1},
    {.bitmap_index = 2295, .adv_w = 247, .box_w = 13, .box_h = 14, .ofs_x = 1, .ofs_y = -1},
    {.bitmap_index = 2318, .adv_w = 247, .box_w = 12, .box_h = 14, .ofs_x = 1, .ofs_y = -1},
    {.bitmap_index = 2339, .adv_w = 247, .box_w = 12, .box_h = 14, .ofs_x = 1, .ofs_y = -1},
    {.bitmap_index = 2360, .adv_w = 247, .box_w = 12, .box_h = 14, .ofs_x = 1, .ofs_y = -1},
    {.bitmap_index = 2381, .adv_w = 247, .box_w = 13, .box_h = 15, .ofs_x = 1, .ofs_y = -2},
    {.bitmap_index = 2406, .adv_w = 247, .box_w = 13, .box_h = 15, .ofs_x = 1, .ofs_y = -2},
    {.bitmap_index = 2431, .adv_w = 247, .box_w = 12, .box_h = 14, .ofs_x = 1, .ofs_y = -1},
    {.bitmap_index = 2452, .adv_w = 247, .box_w = 13, .box_h = 15, .ofs_x = 1, .ofs_y = -2},
    {.bitmap_index = 2477, .adv_w = 247, .box_w = 12, .box_h = 14, .ofs_x = 1, .ofs_y = -1},
    {.bitmap_index = 2498, .adv_w = 247, .box_w = 13, .box_h = 14, .ofs_x = 0, .ofs_y = -1},
    {.bitmap_index = 2521, .adv_w = 247, .box_w = 13, .box_h = 15, .ofs_x = 1, .ofs_y = -2},
    {.bitmap_index = 2546, .adv_w = 247, .box_w = 13, .box_h = 15, .ofs_x = 1, .ofs_y = -2},
    {.bitmap_index = 2571, .adv_w = 247, .box_w = 14, .box_h = 14, .ofs_x = 1, .ofs_y = -1},
    {.bitmap_index = 2596, .adv_w = 247, .box_w = 14, .box_h = 14, .ofs_x = 1, .ofs_y = -1},
    {.bitmap_index = 2621, .adv_w = 247, .box_w = 13, .box_h = 14, .ofs_x = 1, .ofs_y = -1},
    {.bitmap_index = 2644, .adv_w = 247, .box_w = 12, .box_h = 15, .ofs_x = 1, .ofs_y = -2},
    {.bitmap_index = 2667, .adv_w = 247, .box_w = 14, .box_h = 14, .ofs_x = 1, .ofs_y = -1},
    {.bitmap_index = 2692, .adv_w = 247, .box_w = 14, .box_h = 15, .ofs_x = 1, .ofs_y = -2},
    {.bitmap_index = 2719, .adv_w = 247, .box_w = 12, .box_h = 15, .ofs_x = 1, .ofs_y = -2},
    {.bitmap_index = 2742, .adv_w = 247, .box_w = 12, .box_h = 15, .ofs_x = 1, .ofs_y = -2},
    {.bitmap_index = 2765, .adv_w = 247, .box_w = 12, .box_h = 15, .ofs_x = 1, .ofs_y = -2},
    {.bitmap_index = 2788, .adv_w = 247, .box_w = 12, .box_h = 15, .ofs_x = 1, .ofs_y = -2},
    {.bitmap_index = 2811, .adv_w = 247, .box_w = 13, .box_h = 14, .ofs_x = 1, .ofs_y = -1},
    {.bitmap_index = 2834, .adv_w = 247, .box_w = 12, .box_h = 14, .ofs_x = 1, .ofs_y = -1},
    {.bitmap_index = 2855, .adv_w = 247, .box_w = 13, .box_h = 14, .ofs_x = 1, .ofs_y = -1},
    {.bitmap_index = 2878, .adv_w = 247, .box_w = 12, .box_h = 14, .ofs_x = 1, .ofs_y = -1},
    {.bitmap_index = 2899, .adv_w = 247, .box_w = 12, .box_h = 14, .ofs_x = 1, .ofs_y = -1},
    {.bitmap_index = 2920, .adv_w = 247, .box_w = 13, .box_h = 15, .ofs_x = 1, .ofs_y = -2},
    {.bitmap_index = 2945, .adv_w = 247, .box_w = 13, .box_h = 15, .ofs_x = 1, .ofs_y = -2},
    {.bitmap_index = 2970, .adv_w = 247, .box_w = 12, .box_h = 14, .ofs_x = 1, .ofs_y = -1},
    {.bitmap_index = 2991, .adv_w = 247, .box_w = 12, .box_h = 14, .ofs_x = 1, .ofs_y = -1},
    {.bitmap_index = 3012, .adv_w = 247, .box_w = 13, .box_h = 15, .ofs_x = 1, .ofs_y = -2},
    {.bitmap_index = 3037, .adv_w = 247, .box_w = 14, .box_h = 14, .ofs_x = 1, .ofs_y = -1},
    {.bitmap_index = 3062, .adv_w = 247, .box_w = 14, .box_h = 14, .ofs_x = 1, .ofs_y = -1},
    {.bitmap_index = 3087, .adv_w = 247, .box_w = 12, .box_h = 15, .ofs_x = 1, .ofs_y = -2},
    {.bitmap_index = 3110, .adv_w = 247, .box_w = 14, .box_h = 14, .ofs_x = 1, .ofs_y = -1},
    {.bitmap_index = 3135, .adv_w = 247, .box_w = 15, .box_h = 11, .ofs_x = 1, .ofs_y = 1},
    {.bitmap_index = 3156, .adv_w = 247, .box_w = 15, .box_h = 14, .ofs_x = 0, .ofs_y = -2},
    {.bitmap_index = 3183, .adv_w = 247, .box_w = 15, .box_h = 13, .ofs_x = 0, .ofs_y = -1},
    {.bitmap_index = 3208, .adv_w = 247, .box_w = 15, .box_h = 13, .ofs_x = 0, .ofs_y = -1},
    {.bitmap_index = 3233, .adv_w = 247, .box_w = 15, .box_h = 14, .ofs_x = 0, .ofs_y = -1},
    {.bitmap_index = 3260, .adv_w = 247, .box_w = 14, .box_h = 14, .ofs_x = 0, .ofs_y = -1},
    {.bitmap_index = 3285, .adv_w = 247, .box_w = 15, .box_h = 15, .ofs_x = 0, .ofs_y = -2},
    {.bitmap_index = 3314, .adv_w = 247, .box_w = 15, .box_h = 15, .ofs_x = 0, .ofs_y = -2},
    {.bitmap_index = 3343, .adv_w = 247, .box_w = 15, .box_h = 13, .ofs_x = 0, .ofs_y = -1},
    {.bitmap_index = 3368, .adv_w = 247, .box_w = 15, .box_h = 14, .ofs_x = 0, .ofs_y = -1},
    {.bitmap_index = 3395, .adv_w = 247, .box_w = 15, .box_h = 13, .ofs_x = 0, .ofs_y = -1},
    {.bitmap_index = 3420, .adv_w = 247, .box_w = 15, .box_h = 14, .ofs_x = 0, .ofs_y = -2},
    {.bitmap_index = 3447, .adv_w = 247, .box_w = 15, .box_h = 14, .ofs_x = 0, .ofs_y = -1},
    {.bitmap_index = 3474, .adv_w = 247, .box_w = 15, .box_h = 15, .ofs_x = 0, .ofs_y = -2},
    {.bitmap_index = 3503, .adv_w = 247, .box_w = 15, .box_h = 15, .ofs_x = 0, .ofs_y = -2},
    {.bitmap_index = 3532, .adv_w = 247, .box_w = 15, .box_h = 14, .ofs_x = 0, .ofs_y = -1},
    {.bitmap_index = 3559, .adv_w = 247, .box_w = 15, .box_h = 14, .ofs_x = 0, .ofs_y = -1},
    {.bitmap_index = 3586, .adv_w = 247, .box_w = 14, .box_h = 14, .ofs_x = 1, .ofs_y = -1},
    {.bitmap_index = 3611, .adv_w = 247, .box_w = 15, .box_h = 14, .ofs_x = 0, .ofs_y = -1},
    {.bitmap_index = 3638, .adv_w = 247, .box_w = 15, .box_h = 15, .ofs_x = 0, .ofs_y = -2},
    {.bitmap_index = 3667, .adv_w = 247, .box_w = 15, .box_h = 15, .ofs_x = 0, .ofs_y = -2},
    {.bitmap_index = 3696, .adv_w = 247, .box_w = 15, .box_h = 15, .ofs_x = 0, .ofs_y = -2},
    {.bitmap_index = 3725, .adv_w = 247, .box_w = 13, .box_h = 14, .ofs_x = 1, .ofs_y = -1},
    {.bitmap_index = 3748, .adv_w = 247, .box_w = 14, .box_h = 14, .ofs_x = 1, .ofs_y = -1},
    {.bitmap_index = 3773, .adv_w = 247, .box_w = 14, .box_h = 14, .ofs_x = 1, .ofs_y = -1},
    {.bitmap_index = 3798, .adv_w = 247, .box_w = 13, .box_h = 14, .ofs_x = 1, .ofs_y = -1},
    {.bitmap_index = 3821, .adv_w = 247, .box_w = 14, .box_h = 15, .ofs_x = 1, .ofs_y = -2},
    {.bitmap_index = 3848, .adv_w = 247, .box_w = 12, .box_h = 15, .ofs_x = 1, .ofs_y = -2},
    {.bitmap_index = 3871, .adv_w = 247, .box_w = 12, .box_h = 15, .ofs_x = 1, .ofs_y = -2},
    {.bitmap_index = 3894, .adv_w = 247, .box_w = 12, .box_h = 15, .ofs_x = 1, .ofs_y = -2},
    {.bitmap_index = 3917, .adv_w = 247, .box_w = 13, .box_h = 14, .ofs_x = 1, .ofs_y = -1},
    {.bitmap_index = 3940, .adv_w = 247, .box_w = 13, .box_h = 14, .ofs_x = 1, .ofs_y = -1},
    {.bitmap_index = 3963, .adv_w = 247, .box_w = 12, .box_h = 15, .ofs_x = 1, .ofs_y = -2},
    {.bitmap_index = 3986, .adv_w = 247, .box_w = 12, .box_h = 15, .ofs_x = 1, .ofs_y = -2},
    {.bitmap_index = 4009, .adv_w = 247, .box_w = 13, .box_h = 15, .ofs_x = 1, .ofs_y = -2},
    {.bitmap_index = 4034, .adv_w = 247, .box_w = 12, .box_h = 15, .ofs_x = 1, .ofs_y = -2},
    {.bitmap_index = 4057, .adv_w = 247, .box_w = 14, .box_h = 11, .ofs_x = 1, .ofs_y = 1},
    {.bitmap_index = 4077, .adv_w = 247, .box_w = 15, .box_h = 13, .ofs_x = 0, .ofs_y = -1},
    {.bitmap_index = 4102, .adv_w = 247, .box_w = 15, .box_h = 14, .ofs_x = 0, .ofs_y = -1},
    {.bitmap_index = 4129, .adv_w = 247, .box_w = 15, .box_h = 14, .ofs_x = 0, .ofs_y = -1},
    {.bitmap_index = 4156, .adv_w = 247, .box_w = 15, .box_h = 14, .ofs_x = 0, .ofs_y = -1},
    {.bitmap_index = 4183, .adv_w = 247, .box_w = 15, .box_h = 14, .ofs_x = 0, .ofs_y = -2},
    {.bitmap_index = 4210, .adv_w = 247, .box_w = 15, .box_h = 14, .ofs_x = 0, .ofs_y = -2},
    {.bitmap_index = 4237, .adv_w = 247, .box_w = 14, .box_h = 13, .ofs_x = 1, .ofs_y = -1},
    {.bitmap_index = 4260, .adv_w = 247, .box_w = 15, .box_h = 13, .ofs_x = 0, .ofs_y = -1},
    {.bitmap_index = 4285, .adv_w = 247, .box_w = 14, .box_h = 14, .ofs_x = 1, .ofs_y = -1},
    {.bitmap_index = 4310, .adv_w = 247, .box_w = 15, .box_h = 14, .ofs_x = 0, .ofs_y = -1},
    {.bitmap_index = 4337, .adv_w = 247, .box_w = 15, .box_h = 14, .ofs_x = 0, .ofs_y = -1},
    {.bitmap_index = 4364, .adv_w = 247, .box_w = 14, .box_h = 15, .ofs_x = 1, .ofs_y = -2},
    {.bitmap_index = 4391, .adv_w = 247, .box_w = 14, .box_h = 13, .ofs_x = 0, .ofs_y = -1},
    {.bitmap_index = 4414, .adv_w = 247, .box_w = 15, .box_h = 14, .ofs_x = 0, .ofs_y = -1},
    {.bitmap_index = 4441, .adv_w = 247, .box_w = 15, .box_h = 14, .ofs_x = 0, .ofs_y = -2},
    {.bitmap_index = 4468, .adv_w = 247, .box_w = 15, .box_h = 13, .ofs_x = 0, .ofs_y = -1},
    {.bitmap_index = 4493, .adv_w = 247, .box_w = 15, .box_h = 14, .ofs_x = 0, .ofs_y = -1},
    {.bitmap_index = 4520, .adv_w = 247, .box_w = 13, .box_h = 15, .ofs_x = 0, .ofs_y = -2},
    {.bitmap_index = 4545, .adv_w = 247, .box_w = 13, .box_h = 15, .ofs_x = 0, .ofs_y = -2},
    {.bitmap_index = 4570, .adv_w = 247, .box_w = 14, .box_h = 14, .ofs_x = 0, .ofs_y = -1},
    {.bitmap_index = 4595, .adv_w = 247, .box_w = 13, .box_h = 14, .ofs_x = 1, .ofs_y = -1},
    {.bitmap_index = 4618, .adv_w = 247, .box_w = 14, .box_h = 15, .ofs_x = 0, .ofs_y = -2},
    {.bitmap_index = 4645, .adv_w = 247, .box_w = 13, .box_h = 15, .ofs_x = 0, .ofs_y = -2},
    {.bitmap_index = 4670, .adv_w = 247, .box_w = 13, .box_h = 15, .ofs_x = 0, .ofs_y = -2},
    {.bitmap_index = 4695, .adv_w = 247, .box_w = 14, .box_h = 15, .ofs_x = 1, .ofs_y = -2},
    {.bitmap_index = 4722, .adv_w = 247, .box_w = 12, .box_h = 15, .ofs_x = 1, .ofs_y = -2},
    {.bitmap_index = 4745, .adv_w = 247, .box_w = 12, .box_h = 15, .ofs_x = 1, .ofs_y = -2},
    {.bitmap_index = 4768, .adv_w = 247, .box_w = 13, .box_h = 14, .ofs_x = 1, .ofs_y = -1},
    {.bitmap_index = 4791, .adv_w = 247, .box_w = 13, .box_h = 14, .ofs_x = 1, .ofs_y = -1},
    {.bitmap_index = 4814, .adv_w = 247, .box_w = 12, .box_h = 15, .ofs_x = 1, .ofs_y = -2},
    {.bitmap_index = 4837, .adv_w = 247, .box_w = 13, .box_h = 15, .ofs_x = 1, .ofs_y = -2},
    {.bitmap_index = 4862, .adv_w = 247, .box_w = 14, .box_h = 15, .ofs_x = 0, .ofs_y = -2},
    {.bitmap_index = 4889, .adv_w = 247, .box_w = 14, .box_h = 14, .ofs_x = 1, .ofs_y = -2},
    {.bitmap_index = 4914, .adv_w = 247, .box_w = 14, .box_h = 13, .ofs_x = 1, .ofs_y = -1},
    {.bitmap_index = 4937, .adv_w = 247, .box_w = 14, .box_h = 14, .ofs_x = 1, .ofs_y = -1},
    {.bitmap_index = 4962, .adv_w = 247, .box_w = 14, .box_h = 10, .ofs_x = 1, .ofs_y = 1},
    {.bitmap_index = 4980, .adv_w = 247, .box_w = 14, .box_h = 14, .ofs_x = 1, .ofs_y = -2},
    {.bitmap_index = 5005, .adv_w = 247, .box_w = 15, .box_h = 13, .ofs_x = 0, .ofs_y = -1},
    {.bitmap_index = 5030, .adv_w = 247, .box_w = 15, .box_h = 13, .ofs_x = 0, .ofs_y = -1},
    {.bitmap_index = 5055, .adv_w = 247, .box_w = 15, .box_h = 14, .ofs_x = 0, .ofs_y = -1},
    {.bitmap_index = 5082, .adv_w = 247, .box_w = 15, .box_h = 14, .ofs_x = 0, .ofs_y = -1},
    {.bitmap_index = 5109, .adv_w = 247, .box_w = 14, .box_h = 13, .ofs_x = 1, .ofs_y = -1},
    {.bitmap_index = 5132, .adv_w = 247, .box_w = 15, .box_h = 13, .ofs_x = 0, .ofs_y = -1},
    {.bitmap_index = 5157, .adv_w = 247, .box_w = 15, .box_h = 13, .ofs_x = 0, .ofs_y = -1},
    {.bitmap_index = 5182, .adv_w = 247, .box_w = 15, .box_h = 13, .ofs_x = 0, .ofs_y = -1},
    {.bitmap_index = 5207, .adv_w = 247, .box_w = 13, .box_h = 14, .ofs_x = 0, .ofs_y = -1},
    {.bitmap_index = 5230, .adv_w = 247, .box_w = 12, .box_h = 15, .ofs_x = 1, .ofs_y = -2},
    {.bitmap_index = 5253, .adv_w = 247, .box_w = 12, .box_h = 15, .ofs_x = 1, .ofs_y = -2},
    {.bitmap_index = 5276, .adv_w = 247, .box_w = 12, .box_h = 14, .ofs_x = 1, .ofs_y = -1},
    {.bitmap_index = 5297, .adv_w = 247, .box_w = 12, .box_h = 14, .ofs_x = 1, .ofs_y = -1},
    {.bitmap_index = 5318, .adv_w = 247, .box_w = 13, .box_h = 14, .ofs_x = 1, .ofs_y = -1},
    {.bitmap_index = 5341, .adv_w = 247, .box_w = 12, .box_h = 14, .ofs_x = 1, .ofs_y = -1},
    {.bitmap_index = 5362, .adv_w = 247, .box_w = 12, .box_h = 14, .ofs_x = 1, .ofs_y = -1},
    {.bitmap_index = 5383, .adv_w = 247, .box_w = 13, .box_h = 15, .ofs_x = 1, .ofs_y = -2},
    {.bitmap_index = 5408, .adv_w = 247, .box_w = 13, .box_h = 14, .ofs_x = 1, .ofs_y = -1},
    {.bitmap_index = 5431, .adv_w = 247, .box_w = 12, .box_h = 14, .ofs_x = 1, .ofs_y = -1},
    {.bitmap_index = 5452, .adv_w = 247, .box_w = 13, .box_h = 15, .ofs_x = 1, .ofs_y = -2},
    {.bitmap_index = 5477, .adv_w = 247, .box_w = 12, .box_h = 14, .ofs_x = 1, .ofs_y = -1},
    {.bitmap_index = 5498, .adv_w = 247, .box_w = 15, .box_h = 15, .ofs_x = 0, .ofs_y = -2},
    {.bitmap_index = 5527, .adv_w = 247, .box_w = 15, .box_h = 15, .ofs_x = 0, .ofs_y = -2},
    {.bitmap_index = 5556, .adv_w = 247, .box_w = 15, .box_h = 15, .ofs_x = 0, .ofs_y = -2},
    {.bitmap_index = 5585, .adv_w = 247, .box_w = 14, .box_h = 14, .ofs_x = 1, .ofs_y = -1},
    {.bitmap_index = 5610, .adv_w = 247, .box_w = 14, .box_h = 14, .ofs_x = 1, .ofs_y = -1},
    {.bitmap_index = 5635, .adv_w = 247, .box_w = 15, .box_h = 14, .ofs_x = 0, .ofs_y = -1},
    {.bitmap_index = 5662, .adv_w = 247, .box_w = 14, .box_h = 14, .ofs_x = 1, .ofs_y = -1},
    {.bitmap_index = 5687, .adv_w = 247, .box_w = 15, .box_h = 14, .ofs_x = 0, .ofs_y = -1},
    {.bitmap_index = 5714, .adv_w = 247, .box_w = 15, .box_h = 14, .ofs_x = 0, .ofs_y = -1},
    {.bitmap_index = 5741, .adv_w = 247, .box_w = 15, .box_h = 15, .ofs_x = 0, .ofs_y = -2},
    {.bitmap_index = 5770, .adv_w = 247, .box_w = 15, .box_h = 14, .ofs_x = 0, .ofs_y = -1},
    {.bitmap_index = 5797, .adv_w = 247, .box_w = 14, .box_h = 14, .ofs_x = 1, .ofs_y = -1},
    {.bitmap_index = 5822, .adv_w = 247, .box_w = 13, .box_h = 15, .ofs_x = 1, .ofs_y = -2},
    {.bitmap_index = 5847, .adv_w = 247, .box_w = 13, .box_h = 15, .ofs_x = 1, .ofs_y = -2},
    {.bitmap_index = 5872, .adv_w = 247, .box_w = 14, .box_h = 14, .ofs_x = 1, .ofs_y = -1},
    {.bitmap_index = 5897, .adv_w = 247, .box_w = 14, .box_h = 14, .ofs_x = 1, .ofs_y = -1},
    {.bitmap_index = 5922, .adv_w = 247, .box_w = 13, .box_h = 14, .ofs_x = 1, .ofs_y = -1},
    {.bitmap_index = 5945, .adv_w = 247, .box_w = 14, .box_h = 14, .ofs_x = 0, .ofs_y = -1},
    {.bitmap_index = 5970, .adv_w = 247, .box_w = 14, .box_h = 14, .ofs_x = 1, .ofs_y = -1},
    {.bitmap_index = 5995, .adv_w = 247, .box_w = 14, .box_h = 15, .ofs_x = 1, .ofs_y = -2},
    {.bitmap_index = 6022, .adv_w = 247, .box_w = 13, .box_h = 15, .ofs_x = 1, .ofs_y = -2},
    {.bitmap_index = 6047, .adv_w = 247, .box_w = 15, .box_h = 15, .ofs_x = 0, .ofs_y = -2},
    {.bitmap_index = 6076, .adv_w = 247, .box_w = 15, .box_h = 15, .ofs_x = 0, .ofs_y = -2},
    {.bitmap_index = 6105, .adv_w = 247, .box_w = 14, .box_h = 14, .ofs_x = 1, .ofs_y = -1},
    {.bitmap_index = 6130, .adv_w = 247, .box_w = 12, .box_h = 15, .ofs_x = 1, .ofs_y = -2},
    {.bitmap_index = 6153, .adv_w = 247, .box_w = 12, .box_h = 15, .ofs_x = 1, .ofs_y = -2},
    {.bitmap_index = 6176, .adv_w = 247, .box_w = 12, .box_h = 15, .ofs_x = 1, .ofs_y = -2},
    {.bitmap_index = 6199, .adv_w = 247, .box_w = 14, .box_h = 14, .ofs_x = 1, .ofs_y = -1},
    {.bitmap_index = 6224, .adv_w = 247, .box_w = 14, .box_h = 14, .ofs_x = 1, .ofs_y = -1},
    {.bitmap_index = 6249, .adv_w = 247, .box_w = 12, .box_h = 14, .ofs_x = 1, .ofs_y = -1},
    {.bitmap_index = 6270, .adv_w = 247, .box_w = 12, .box_h = 14, .ofs_x = 1, .ofs_y = -1},
    {.bitmap_index = 6291, .adv_w = 247, .box_w = 13, .box_h = 14, .ofs_x = 1, .ofs_y = -1},
    {.bitmap_index = 6314, .adv_w = 247, .box_w = 13, .box_h = 15, .ofs_x = 1, .ofs_y = -2},
    {.bitmap_index = 6339, .adv_w = 247, .box_w = 12, .box_h = 14, .ofs_x = 1, .ofs_y = -1},
    {.bitmap_index = 6360, .adv_w = 247, .box_w = 13, .box_h = 15, .ofs_x = 1, .ofs_y = -2},
    {.bitmap_index = 6385, .adv_w = 247, .box_w = 13, .box_h = 15, .ofs_x = 1, .ofs_y = -2},
    {.bitmap_index = 6410, .adv_w = 247, .box_w = 14, .box_h = 14, .ofs_x = 1, .ofs_y = -1},
    {.bitmap_index = 6435, .adv_w = 247, .box_w = 12, .box_h = 14, .ofs_x = 1, .ofs_y = -1},
    {.bitmap_index = 6456, .adv_w = 247, .box_w = 14, .box_h = 14, .ofs_x = 1, .ofs_y = -1},
    {.bitmap_index = 6481, .adv_w = 247, .box_w = 13, .box_h = 15, .ofs_x = 1, .ofs_y = -2},
    {.bitmap_index = 6506, .adv_w = 247, .box_w = 12, .box_h = 15, .ofs_x = 1, .ofs_y = -2},
    {.bitmap_index = 6529, .adv_w = 247, .box_w = 14, .box_h = 14, .ofs_x = 1, .ofs_y = -1},
    {.bitmap_index = 6554, .adv_w = 247, .box_w = 14, .box_h = 14, .ofs_x = 1, .ofs_y = -1},
    {.bitmap_index = 6579, .adv_w = 247, .box_w = 13, .box_h = 14, .ofs_x = 1, .ofs_y = -1},
    {.bitmap_index = 6602, .adv_w = 247, .box_w = 13, .box_h = 15, .ofs_x = 1, .ofs_y = -2},
    {.bitmap_index = 6627, .adv_w = 247, .box_w = 13, .box_h = 14, .ofs_x = 0, .ofs_y = -1},
    {.bitmap_index = 6650, .adv_w = 247, .box_w = 13, .box_h = 15, .ofs_x = 1, .ofs_y = -2},
    {.bitmap_index = 6675, .adv_w = 247, .box_w = 15, .box_h = 11, .ofs_x = 0, .ofs_y = 1},
    {.bitmap_index = 6696, .adv_w = 247, .box_w = 14, .box_h = 14, .ofs_x = 0, .ofs_y = -2},
    {.bitmap_index = 6721, .adv_w = 247, .box_w = 15, .box_h = 13, .ofs_x = 0, .ofs_y = -1},
    {.bitmap_index = 6746, .adv_w = 247, .box_w = 14, .box_h = 15, .ofs_x = 0, .ofs_y = -2},
    {.bitmap_index = 6773, .adv_w = 247, .box_w = 15, .box_h = 14, .ofs_x = 0, .ofs_y = -1},
    {.bitmap_index = 6800, .adv_w = 247, .box_w = 15, .box_h = 13, .ofs_x = 0, .ofs_y = -1},
    {.bitmap_index = 6825, .adv_w = 247, .box_w = 15, .box_h = 14, .ofs_x = 0, .ofs_y = -1},
    {.bitmap_index = 6852, .adv_w = 247, .box_w = 14, .box_h = 14, .ofs_x = 0, .ofs_y = -2},
    {.bitmap_index = 6877, .adv_w = 247, .box_w = 15, .box_h = 14, .ofs_x = 0, .ofs_y = -2},
    {.bitmap_index = 6904, .adv_w = 247, .box_w = 15, .box_h = 14, .ofs_x = 0, .ofs_y = -1},
    {.bitmap_index = 6931, .adv_w = 247, .box_w = 15, .box_h = 15, .ofs_x = 0, .ofs_y = -2},
    {.bitmap_index = 6960, .adv_w = 247, .box_w = 15, .box_h = 15, .ofs_x = 0, .ofs_y = -2},
    {.bitmap_index = 6989, .adv_w = 247, .box_w = 15, .box_h = 15, .ofs_x = 0, .ofs_y = -2},
    {.bitmap_index = 7018, .adv_w = 247, .box_w = 15, .box_h = 14, .ofs_x = 0, .ofs_y = -1},
    {.bitmap_index = 7045, .adv_w = 247, .box_w = 15, .box_h = 15, .ofs_x = 0, .ofs_y = -2},
    {.bitmap_index = 7074, .adv_w = 247, .box_w = 15, .box_h = 15, .ofs_x = 0, .ofs_y = -2},
    {.bitmap_index = 7103, .adv_w = 247, .box_w = 13, .box_h = 15, .ofs_x = 1, .ofs_y = -2},
    {.bitmap_index = 7128, .adv_w = 247, .box_w = 13, .box_h = 15, .ofs_x = 1, .ofs_y = -2},
    {.bitmap_index = 7153, .adv_w = 247, .box_w = 13, .box_h = 15, .ofs_x = 1, .ofs_y = -2},
    {.bitmap_index = 7178, .adv_w = 247, .box_w = 13, .box_h = 15, .ofs_x = 0, .ofs_y = -2},
    {.bitmap_index = 7203, .adv_w = 247, .box_w = 13, .box_h = 14, .ofs_x = 1, .ofs_y = -1},
    {.bitmap_index = 7226, .adv_w = 247, .box_w = 13, .box_h = 14, .ofs_x = 1, .ofs_y = -1},
    {.bitmap_index = 7249, .adv_w = 247, .box_w = 12, .box_h = 15, .ofs_x = 1, .ofs_y = -2},
    {.bitmap_index = 7272, .adv_w = 247, .box_w = 12, .box_h = 14, .ofs_x = 1, .ofs_y = -1},
    {.bitmap_index = 7293, .adv_w = 247, .box_w = 12, .box_h = 15, .ofs_x = 1, .ofs_y = -2},
    {.bitmap_index = 7316, .adv_w = 247, .box_w = 14, .box_h = 11, .ofs_x = 1, .ofs_y = 1},
    {.bitmap_index = 7336, .adv_w = 247, .box_w = 14, .box_h = 14, .ofs_x = 0, .ofs_y = -2},
    {.bitmap_index = 7361, .adv_w = 247, .box_w = 15, .box_h = 14, .ofs_x = 0, .ofs_y = -2},
    {.bitmap_index = 7388, .adv_w = 247, .box_w = 14, .box_h = 13, .ofs_x = 1, .ofs_y = -1},
    {.bitmap_index = 7411, .adv_w = 247, .box_w = 15, .box_h = 14, .ofs_x = 0, .ofs_y = -1},
    {.bitmap_index = 7438, .adv_w = 247, .box_w = 15, .box_h = 15, .ofs_x = 0, .ofs_y = -2},
    {.bitmap_index = 7467, .adv_w = 247, .box_w = 14, .box_h = 14, .ofs_x = 0, .ofs_y = -1},
    {.bitmap_index = 7492, .adv_w = 247, .box_w = 15, .box_h = 14, .ofs_x = 0, .ofs_y = -1},
    {.bitmap_index = 7519, .adv_w = 247, .box_w = 14, .box_h = 15, .ofs_x = 0, .ofs_y = -2},
    {.bitmap_index = 7546, .adv_w = 247, .box_w = 15, .box_h = 13, .ofs_x = 0, .ofs_y = -1},
    {.bitmap_index = 7571, .adv_w = 247, .box_w = 15, .box_h = 14, .ofs_x = 0, .ofs_y = -1},
    {.bitmap_index = 7598, .adv_w = 247, .box_w = 13, .box_h = 15, .ofs_x = 0, .ofs_y = -2},
    {.bitmap_index = 7623, .adv_w = 247, .box_w = 13, .box_h = 14, .ofs_x = 1, .ofs_y = -1},
    {.bitmap_index = 7646, .adv_w = 247, .box_w = 13, .box_h = 16, .ofs_x = 1, .ofs_y = -3},
    {.bitmap_index = 7672, .adv_w = 247, .box_w = 11, .box_h = 15, .ofs_x = 1, .ofs_y = -2},
    {.bitmap_index = 7693, .adv_w = 247, .box_w = 13, .box_h = 15, .ofs_x = 0, .ofs_y = -2},
    {.bitmap_index = 7718, .adv_w = 247, .box_w = 14, .box_h = 15, .ofs_x = -1, .ofs_y = -2},
    {.bitmap_index = 7745, .adv_w = 247, .box_w = 15, .box_h = 14, .ofs_x = 0, .ofs_y = -1},
    {.bitmap_index = 7772, .adv_w = 247, .box_w = 14, .box_h = 14, .ofs_x = 1, .ofs_y = -1},
    {.bitmap_index = 7797, .adv_w = 247, .box_w = 13, .box_h = 15, .ofs_x = 0, .ofs_y = -2},
    {.bitmap_index = 7822, .adv_w = 247, .box_w = 14, .box_h = 15, .ofs_x = 0, .ofs_y = -2},
    {.bitmap_index = 7849, .adv_w = 247, .box_w = 14, .box_h = 15, .ofs_x = 0, .ofs_y = -2},
    {.bitmap_index = 7876, .adv_w = 247, .box_w = 13, .box_h = 15, .ofs_x = 1, .ofs_y = -2},
    {.bitmap_index = 7901, .adv_w = 247, .box_w = 13, .box_h = 14, .ofs_x = 1, .ofs_y = -1},
    {.bitmap_index = 7924, .adv_w = 247, .box_w = 13, .box_h = 14, .ofs_x = 1, .ofs_y = -1},
    {.bitmap_index = 7947, .adv_w = 247, .box_w = 12, .box_h = 14, .ofs_x = 1, .ofs_y = -1},
    {.bitmap_index = 7968, .adv_w = 247, .box_w = 13, .box_h = 15, .ofs_x = 1, .ofs_y = -2},
    {.bitmap_index = 7993, .adv_w = 247, .box_w = 14, .box_h = 14, .ofs_x = 1, .ofs_y = -2},
    {.bitmap_index = 8018, .adv_w = 247, .box_w = 14, .box_h = 10, .ofs_x = 1, .ofs_y = 1},
    {.bitmap_index = 8036, .adv_w = 247, .box_w = 15, .box_h = 14, .ofs_x = 0, .ofs_y = -2},
    {.bitmap_index = 8063, .adv_w = 247, .box_w = 15, .box_h = 13, .ofs_x = 0, .ofs_y = -1},
    {.bitmap_index = 8088, .adv_w = 247, .box_w = 15, .box_h = 14, .ofs_x = 0, .ofs_y = -2},
    {.bitmap_index = 8115, .adv_w = 247, .box_w = 15, .box_h = 13, .ofs_x = 0, .ofs_y = -1},
    {.bitmap_index = 8140, .adv_w = 247, .box_w = 15, .box_h = 13, .ofs_x = 0, .ofs_y = -1},
    {.bitmap_index = 8165, .adv_w = 247, .box_w = 15, .box_h = 13, .ofs_x = 0, .ofs_y = -1},
    {.bitmap_index = 8190, .adv_w = 247, .box_w = 15, .box_h = 13, .ofs_x = 0, .ofs_y = -1},
    {.bitmap_index = 8215, .adv_w = 247, .box_w = 15, .box_h = 13, .ofs_x = 0, .ofs_y = -1},
    {.bitmap_index = 8240, .adv_w = 247, .box_w = 15, .box_h = 13, .ofs_x = 0, .ofs_y = -1},
    {.bitmap_index = 8265, .adv_w = 247, .box_w = 15, .box_h = 13, .ofs_x = 0, .ofs_y = -1},
    {.bitmap_index = 8290, .adv_w = 247, .box_w = 15, .box_h = 13, .ofs_x = 0, .ofs_y = -1},
    {.bitmap_index = 8315, .adv_w = 247, .box_w = 12, .box_h = 15, .ofs_x = 1, .ofs_y = -2},
    {.bitmap_index = 8338, .adv_w = 247, .box_w = 12, .box_h = 15, .ofs_x = 1, .ofs_y = -2},
    {.bitmap_index = 8361, .adv_w = 247, .box_w = 13, .box_h = 14, .ofs_x = 0, .ofs_y = -1},
    {.bitmap_index = 8384, .adv_w = 247, .box_w = 13, .box_h = 14, .ofs_x = 0, .ofs_y = -1},
    {.bitmap_index = 8407, .adv_w = 247, .box_w = 12, .box_h = 14, .ofs_x = 1, .ofs_y = -1},
    {.bitmap_index = 8428, .adv_w = 247, .box_w = 12, .box_h = 14, .ofs_x = 1, .ofs_y = -1},
    {.bitmap_index = 8449, .adv_w = 247, .box_w = 13, .box_h = 14, .ofs_x = 1, .ofs_y = -1},
    {.bitmap_index = 8472, .adv_w = 247, .box_w = 12, .box_h = 14, .ofs_x = 1, .ofs_y = -1},
    {.bitmap_index = 8493, .adv_w = 247, .box_w = 14, .box_h = 15, .ofs_x = 1, .ofs_y = -2},
    {.bitmap_index = 8520, .adv_w = 247, .box_w = 14, .box_h = 15, .ofs_x = 1, .ofs_y = -2},
    {.bitmap_index = 8547, .adv_w = 247, .box_w = 14, .box_h = 15, .ofs_x = 1, .ofs_y = -2},
    {.bitmap_index = 8574, .adv_w = 247, .box_w = 14, .box_h = 14, .ofs_x = 1, .ofs_y = -1},
    {.bitmap_index = 8599, .adv_w = 247, .box_w = 14, .box_h = 14, .ofs_x = 1, .ofs_y = -1},
    {.bitmap_index = 8624, .adv_w = 247, .box_w = 14, .box_h = 14, .ofs_x = 1, .ofs_y = -1},
    {.bitmap_index = 8649, .adv_w = 247, .box_w = 14, .box_h = 14, .ofs_x = 1, .ofs_y = -1},
    {.bitmap_index = 8674, .adv_w = 247, .box_w = 14, .box_h = 14, .ofs_x = 1, .ofs_y = -1},
    {.bitmap_index = 8699, .adv_w = 247, .box_w = 14, .box_h = 14, .ofs_x = 1, .ofs_y = -1},
    {.bitmap_index = 8724, .adv_w = 247, .box_w = 14, .box_h = 14, .ofs_x = 1, .ofs_y = -1},
    {.bitmap_index = 8749, .adv_w = 247, .box_w = 14, .box_h = 15, .ofs_x = 1, .ofs_y = -2},
    {.bitmap_index = 8776, .adv_w = 247, .box_w = 14, .box_h = 14, .ofs_x = 1, .ofs_y = -1},
    {.bitmap_index = 8801, .adv_w = 247, .box_w = 14, .box_h = 14, .ofs_x = 1, .ofs_y = -1},
    {.bitmap_index = 8826, .adv_w = 247, .box_w = 14, .box_h = 15, .ofs_x = 1, .ofs_y = -2},
    {.bitmap_index = 8853, .adv_w = 247, .box_w = 14, .box_h = 15, .ofs_x = 1, .ofs_y = -2},
    {.bitmap_index = 8880, .adv_w = 247, .box_w = 14, .box_h = 14, .ofs_x = 1, .ofs_y = -1},
    {.bitmap_index = 8905, .adv_w = 247, .box_w = 14, .box_h = 15, .ofs_x = 1, .ofs_y = -2},
    {.bitmap_index = 8932, .adv_w = 247, .box_w = 12, .box_h = 15, .ofs_x = 1, .ofs_y = -2},
    {.bitmap_index = 8955, .adv_w = 247, .box_w = 12, .box_h = 15, .ofs_x = 1, .ofs_y = -2},
    {.bitmap_index = 8978, .adv_w = 247, .box_w = 13, .box_h = 14, .ofs_x = 1, .ofs_y = -1},
    {.bitmap_index = 9001, .adv_w = 247, .box_w = 13, .box_h = 14, .ofs_x = 1, .ofs_y = -1},
    {.bitmap_index = 9024, .adv_w = 247, .box_w = 12, .box_h = 14, .ofs_x = 1, .ofs_y = -1},
    {.bitmap_index = 9045, .adv_w = 247, .box_w = 12, .box_h = 15, .ofs_x = 1, .ofs_y = -2},
    {.bitmap_index = 9068, .adv_w = 247, .box_w = 13, .box_h = 15, .ofs_x = 1, .ofs_y = -2},
    {.bitmap_index = 9093, .adv_w = 247, .box_w = 13, .box_h = 15, .ofs_x = 1, .ofs_y = -2},
    {.bitmap_index = 9118, .adv_w = 247, .box_w = 12, .box_h = 15, .ofs_x = 1, .ofs_y = -2},
    {.bitmap_index = 9141, .adv_w = 247, .box_w = 14, .box_h = 15, .ofs_x = 1, .ofs_y = -2},
    {.bitmap_index = 9168, .adv_w = 247, .box_w = 14, .box_h = 15, .ofs_x = 1, .ofs_y = -2},
    {.bitmap_index = 9195, .adv_w = 247, .box_w = 14, .box_h = 14, .ofs_x = 1, .ofs_y = -1},
    {.bitmap_index = 9220, .adv_w = 247, .box_w = 14, .box_h = 14, .ofs_x = 1, .ofs_y = -1},
    {.bitmap_index = 9245, .adv_w = 247, .box_w = 14, .box_h = 14, .ofs_x = 1, .ofs_y = -1},
    {.bitmap_index = 9270, .adv_w = 247, .box_w = 14, .box_h = 14, .ofs_x = 1, .ofs_y = -1},
    {.bitmap_index = 9295, .adv_w = 247, .box_w = 11, .box_h = 14, .ofs_x = 2, .ofs_y = -1},
    {.bitmap_index = 9315, .adv_w = 247, .box_w = 11, .box_h = 15, .ofs_x = 2, .ofs_y = -2},
    {.bitmap_index = 9336, .adv_w = 247, .box_w = 12, .box_h = 15, .ofs_x = 2, .ofs_y = -2},
    {.bitmap_index = 9359, .adv_w = 247, .box_w = 12, .box_h = 14, .ofs_x = 2, .ofs_y = -1},
    {.bitmap_index = 9380, .adv_w = 247, .box_w = 13, .box_h = 14, .ofs_x = 2, .ofs_y = -1},
    {.bitmap_index = 9403, .adv_w = 247, .box_w = 11, .box_h = 14, .ofs_x = 2, .ofs_y = -1},
    {.bitmap_index = 9423, .adv_w = 247, .box_w = 11, .box_h = 14, .ofs_x = 2, .ofs_y = -1},
    {.bitmap_index = 9443, .adv_w = 247, .box_w = 11, .box_h = 14, .ofs_x = 2, .ofs_y = -1},
    {.bitmap_index = 9463, .adv_w = 247, .box_w = 11, .box_h = 14, .ofs_x = 2, .ofs_y = -1},
    {.bitmap_index = 9483, .adv_w = 247, .box_w = 12, .box_h = 14, .ofs_x = 2, .ofs_y = -1},
    {.bitmap_index = 9504, .adv_w = 247, .box_w = 12, .box_h = 15, .ofs_x = 2, .ofs_y = -2},
    {.bitmap_index = 9527, .adv_w = 247, .box_w = 11, .box_h = 14, .ofs_x = 2, .ofs_y = -1},
    {.bitmap_index = 9547, .adv_w = 247, .box_w = 12, .box_h = 15, .ofs_x = 2, .ofs_y = -2},
    {.bitmap_index = 9570, .adv_w = 247, .box_w = 12, .box_h = 15, .ofs_x = 1, .ofs_y = -2},
    {.bitmap_index = 9593, .adv_w = 247, .box_w = 12, .box_h = 15, .ofs_x = 1, .ofs_y = -2},
    {.bitmap_index = 9616, .adv_w = 247, .box_w = 13, .box_h = 14, .ofs_x = 1, .ofs_y = -1},
    {.bitmap_index = 9639, .adv_w = 247, .box_w = 13, .box_h = 14, .ofs_x = 1, .ofs_y = -1},
    {.bitmap_index = 9662, .adv_w = 247, .box_w = 12, .box_h = 14, .ofs_x = 1, .ofs_y = -1},
    {.bitmap_index = 9683, .adv_w = 247, .box_w = 12, .box_h = 15, .ofs_x = 1, .ofs_y = -2},
    {.bitmap_index = 9706, .adv_w = 247, .box_w = 13, .box_h = 14, .ofs_x = 1, .ofs_y = -1},
    {.bitmap_index = 9729, .adv_w = 247, .box_w = 13, .box_h = 15, .ofs_x = 1, .ofs_y = -2},
    {.bitmap_index = 9754, .adv_w = 247, .box_w = 12, .box_h = 15, .ofs_x = 1, .ofs_y = -2},
    {.bitmap_index = 9777, .adv_w = 247, .box_w = 11, .box_h = 15, .ofs_x = 2, .ofs_y = -2},
    {.bitmap_index = 9798, .adv_w = 247, .box_w = 11, .box_h = 15, .ofs_x = 2, .ofs_y = -2},
    {.bitmap_index = 9819, .adv_w = 247, .box_w = 12, .box_h = 14, .ofs_x = 2, .ofs_y = -1},
    {.bitmap_index = 9840, .adv_w = 247, .box_w = 13, .box_h = 14, .ofs_x = 2, .ofs_y = -1},
    {.bitmap_index = 9863, .adv_w = 247, .box_w = 11, .box_h = 14, .ofs_x = 2, .ofs_y = -1},
    {.bitmap_index = 9883, .adv_w = 247, .box_w = 11, .box_h = 14, .ofs_x = 2, .ofs_y = -1},
    {.bitmap_index = 9903, .adv_w = 247, .box_w = 12, .box_h = 15, .ofs_x = 2, .ofs_y = -2},
    {.bitmap_index = 9926, .adv_w = 247, .box_w = 11, .box_h = 14, .ofs_x = 2, .ofs_y = -1},
    {.bitmap_index = 9946, .adv_w = 247, .box_w = 11, .box_h = 15, .ofs_x = 2, .ofs_y = -2},
    {.bitmap_index = 9967, .adv_w = 247, .box_w = 12, .box_h = 14, .ofs_x = 1, .ofs_y = -1},
    {.bitmap_index = 9988, .adv_w = 247, .box_w = 13, .box_h = 14, .ofs_x = 1, .ofs_y = -1},
    {.bitmap_index = 10011, .adv_w = 247, .box_w = 14, .box_h = 11, .ofs_x = 1, .ofs_y = 1},
    {.bitmap_index = 10031, .adv_w = 247, .box_w = 14, .box_h = 15, .ofs_x = 1, .ofs_y = -2},
    {.bitmap_index = 10058, .adv_w = 247, .box_w = 14, .box_h = 14, .ofs_x = 1, .ofs_y = -1},
    {.bitmap_index = 10083, .adv_w = 247, .box_w = 14, .box_h = 14, .ofs_x = 1, .ofs_y = -1},
    {.bitmap_index = 10108, .adv_w = 247, .box_w = 14, .box_h = 14, .ofs_x = 0, .ofs_y = -1},
    {.bitmap_index = 10133, .adv_w = 247, .box_w = 14, .box_h = 14, .ofs_x = 1, .ofs_y = -1},
    {.bitmap_index = 10158, .adv_w = 247, .box_w = 14, .box_h = 15, .ofs_x = 1, .ofs_y = -2},
    {.bitmap_index = 10185, .adv_w = 247, .box_w = 14, .box_h = 15, .ofs_x = 1, .ofs_y = -2},
    {.bitmap_index = 10212, .adv_w = 247, .box_w = 14, .box_h = 15, .ofs_x = 1, .ofs_y = -2},
    {.bitmap_index = 10239, .adv_w = 247, .box_w = 14, .box_h = 14, .ofs_x = 1, .ofs_y = -1},
    {.bitmap_index = 10264, .adv_w = 247, .box_w = 14, .box_h = 15, .ofs_x = 1, .ofs_y = -2},
    {.bitmap_index = 10291, .adv_w = 247, .box_w = 15, .box_h = 15, .ofs_x = 0, .ofs_y = -2},
    {.bitmap_index = 10320, .adv_w = 247, .box_w = 15, .box_h = 14, .ofs_x = 0, .ofs_y = -1},
    {.bitmap_index = 10347, .adv_w = 247, .box_w = 15, .box_h = 14, .ofs_x = 0, .ofs_y = -1},
    {.bitmap_index = 10374, .adv_w = 247, .box_w = 15, .box_h = 15, .ofs_x = 0, .ofs_y = -2},
    {.bitmap_index = 10403, .adv_w = 247, .box_w = 12, .box_h = 15, .ofs_x = 1, .ofs_y = -2},
    {.bitmap_index = 10426, .adv_w = 247, .box_w = 13, .box_h = 14, .ofs_x = 1, .ofs_y = -1},
    {.bitmap_index = 10449, .adv_w = 247, .box_w = 13, .box_h = 14, .ofs_x = 1, .ofs_y = -1},
    {.bitmap_index = 10472, .adv_w = 247, .box_w = 12, .box_h = 15, .ofs_x = 1, .ofs_y = -2},
    {.bitmap_index = 10495, .adv_w = 247, .box_w = 12, .box_h = 15, .ofs_x = 1, .ofs_y = -2},
    {.bitmap_index = 10518, .adv_w = 247, .box_w = 13, .box_h = 14, .ofs_x = 1, .ofs_y = -1},
    {.bitmap_index = 10541, .adv_w = 247, .box_w = 14, .box_h = 11, .ofs_x = 1, .ofs_y = 1},
    {.bitmap_index = 10561, .adv_w = 247, .box_w = 14, .box_h = 15, .ofs_x = 1, .ofs_y = -2},
    {.bitmap_index = 10588, .adv_w = 247, .box_w = 14, .box_h = 14, .ofs_x = 1, .ofs_y = -1},
    {.bitmap_index = 10613, .adv_w = 247, .box_w = 14, .box_h = 14, .ofs_x = 1, .ofs_y = -1},
    {.bitmap_index = 10638, .adv_w = 247, .box_w = 14, .box_h = 14, .ofs_x = 1, .ofs_y = -1},
    {.bitmap_index = 10663, .adv_w = 247, .box_w = 14, .box_h = 15, .ofs_x = 1, .ofs_y = -2},
    {.bitmap_index = 10690, .adv_w = 247, .box_w = 14, .box_h = 15, .ofs_x = 1, .ofs_y = -2},
    {.bitmap_index = 10717, .adv_w = 247, .box_w = 14, .box_h = 14, .ofs_x = 1, .ofs_y = -2},
    {.bitmap_index = 10742, .adv_w = 247, .box_w = 14, .box_h = 15, .ofs_x = 1, .ofs_y = -2},
    {.bitmap_index = 10769, .adv_w = 247, .box_w = 14, .box_h = 14, .ofs_x = 1, .ofs_y = -1},
    {.bitmap_index = 10794, .adv_w = 247, .box_w = 14, .box_h = 14, .ofs_x = 1, .ofs_y = -1},
    {.bitmap_index = 10819, .adv_w = 247, .box_w = 14, .box_h = 14, .ofs_x = 1, .ofs_y = -1},
    {.bitmap_index = 10844, .adv_w = 247, .box_w = 14, .box_h = 15, .ofs_x = 1, .ofs_y = -2},
    {.bitmap_index = 10871, .adv_w = 247, .box_w = 14, .box_h = 14, .ofs_x = 1, .ofs_y = -1},
    {.bitmap_index = 10896, .adv_w = 247, .box_w = 14, .box_h = 15, .ofs_x = 1, .ofs_y = -2},
    {.bitmap_index = 10923, .adv_w = 247, .box_w = 14, .box_h = 15, .ofs_x = 1, .ofs_y = -2},
    {.bitmap_index = 10950, .adv_w = 247, .box_w = 12, .box_h = 14, .ofs_x = 1, .ofs_y = -1},
    {.bitmap_index = 10971, .adv_w = 247, .box_w = 13, .box_h = 15, .ofs_x = 1, .ofs_y = -2},
    {.bitmap_index = 10996, .adv_w = 247, .box_w = 14, .box_h = 15, .ofs_x = 0, .ofs_y = -2},
    {.bitmap_index = 11023, .adv_w = 247, .box_w = 12, .box_h = 15, .ofs_x = 1, .ofs_y = -2},
    {.bitmap_index = 11046, .adv_w = 247, .box_w = 13, .box_h = 14, .ofs_x = 1, .ofs_y = -1},
    {.bitmap_index = 11069, .adv_w = 247, .box_w = 13, .box_h = 14, .ofs_x = 1, .ofs_y = -1},
    {.bitmap_index = 11092, .adv_w = 247, .box_w = 12, .box_h = 15, .ofs_x = 1, .ofs_y = -2},
    {.bitmap_index = 11115, .adv_w = 247, .box_w = 12, .box_h = 15, .ofs_x = 1, .ofs_y = -2},
    {.bitmap_index = 11138, .adv_w = 247, .box_w = 14, .box_h = 14, .ofs_x = 1, .ofs_y = -2},
    {.bitmap_index = 11163, .adv_w = 247, .box_w = 14, .box_h = 16, .ofs_x = 1, .ofs_y = -3},
    {.bitmap_index = 11191, .adv_w = 247, .box_w = 14, .box_h = 14, .ofs_x = 1, .ofs_y = -1},
    {.bitmap_index = 11216, .adv_w = 247, .box_w = 14, .box_h = 15, .ofs_x = 1, .ofs_y = -2},
    {.bitmap_index = 11243, .adv_w = 247, .box_w = 14, .box_h = 15, .ofs_x = 1, .ofs_y = -2},
    {.bitmap_index = 11270, .adv_w = 247, .box_w = 14, .box_h = 15, .ofs_x = 1, .ofs_y = -2},
    {.bitmap_index = 11297, .adv_w = 247, .box_w = 14, .box_h = 10, .ofs_x = 1, .ofs_y = 1},
    {.bitmap_index = 11315, .adv_w = 247, .box_w = 14, .box_h = 15, .ofs_x = 1, .ofs_y = -2},
    {.bitmap_index = 11342, .adv_w = 247, .box_w = 14, .box_h = 14, .ofs_x = 1, .ofs_y = -1},
    {.bitmap_index = 11367, .adv_w = 247, .box_w = 14, .box_h = 14, .ofs_x = 1, .ofs_y = -1},
    {.bitmap_index = 11392, .adv_w = 247, .box_w = 15, .box_h = 15, .ofs_x = 0, .ofs_y = -2},
    {.bitmap_index = 11421, .adv_w = 247, .box_w = 14, .box_h = 14, .ofs_x = 0, .ofs_y = -1},
    {.bitmap_index = 11446, .adv_w = 247, .box_w = 14, .box_h = 14, .ofs_x = 1, .ofs_y = -1},
    {.bitmap_index = 11471, .adv_w = 247, .box_w = 14, .box_h = 15, .ofs_x = 1, .ofs_y = -2},
    {.bitmap_index = 11498, .adv_w = 247, .box_w = 14, .box_h = 15, .ofs_x = 1, .ofs_y = -2},
    {.bitmap_index = 11525, .adv_w = 247, .box_w = 14, .box_h = 15, .ofs_x = 1, .ofs_y = -2},
    {.bitmap_index = 11552, .adv_w = 247, .box_w = 14, .box_h = 15, .ofs_x = 1, .ofs_y = -2},
    {.bitmap_index = 11579, .adv_w = 247, .box_w = 14, .box_h = 14, .ofs_x = 1, .ofs_y = -1},
    {.bitmap_index = 11604, .adv_w = 247, .box_w = 12, .box_h = 15, .ofs_x = 1, .ofs_y = -2},
    {.bitmap_index = 11627, .adv_w = 247, .box_w = 13, .box_h = 14, .ofs_x = 1, .ofs_y = -1},
    {.bitmap_index = 11650, .adv_w = 247, .box_w = 13, .box_h = 14, .ofs_x = 1, .ofs_y = -1},
    {.bitmap_index = 11673, .adv_w = 247, .box_w = 11, .box_h = 15, .ofs_x = 2, .ofs_y = -2},
    {.bitmap_index = 11694, .adv_w = 247, .box_w = 11, .box_h = 15, .ofs_x = 2, .ofs_y = -2},
    {.bitmap_index = 11715, .adv_w = 247, .box_w = 12, .box_h = 14, .ofs_x = 2, .ofs_y = -1},
    {.bitmap_index = 11736, .adv_w = 247, .box_w = 13, .box_h = 14, .ofs_x = 2, .ofs_y = -1},
    {.bitmap_index = 11759, .adv_w = 247, .box_w = 11, .box_h = 14, .ofs_x = 2, .ofs_y = -1},
    {.bitmap_index = 11779, .adv_w = 247, .box_w = 11, .box_h = 14, .ofs_x = 2, .ofs_y = -1},
    {.bitmap_index = 11799, .adv_w = 247, .box_w = 11, .box_h = 14, .ofs_x = 2, .ofs_y = -1},
    {.bitmap_index = 11819, .adv_w = 247, .box_w = 12, .box_h = 14, .ofs_x = 2, .ofs_y = -1},
    {.bitmap_index = 11840, .adv_w = 247, .box_w = 11, .box_h = 14, .ofs_x = 2, .ofs_y = -1},
    {.bitmap_index = 11860, .adv_w = 247, .box_w = 12, .box_h = 14, .ofs_x = 2, .ofs_y = -1},
    {.bitmap_index = 11881, .adv_w = 247, .box_w = 14, .box_h = 15, .ofs_x = 1, .ofs_y = -2},
    {.bitmap_index = 11908, .adv_w = 247, .box_w = 14, .box_h = 15, .ofs_x = 1, .ofs_y = -2},
    {.bitmap_index = 11935, .adv_w = 247, .box_w = 14, .box_h = 15, .ofs_x = 1, .ofs_y = -2},
    {.bitmap_index = 11962, .adv_w = 247, .box_w = 14, .box_h = 14, .ofs_x = 1, .ofs_y = -1},
    {.bitmap_index = 11987, .adv_w = 247, .box_w = 14, .box_h = 14, .ofs_x = 1, .ofs_y = -1},
    {.bitmap_index = 12012, .adv_w = 247, .box_w = 14, .box_h = 14, .ofs_x = 1, .ofs_y = -1},
    {.bitmap_index = 12037, .adv_w = 247, .box_w = 14, .box_h = 14, .ofs_x = 1, .ofs_y = -1},
    {.bitmap_index = 12062, .adv_w = 247, .box_w = 14, .box_h = 14, .ofs_x = 1, .ofs_y = -1},
    {.bitmap_index = 12087, .adv_w = 247, .box_w = 14, .box_h = 14, .ofs_x = 1, .ofs_y = -1},
    {.bitmap_index = 12112, .adv_w = 247, .box_w = 14, .box_h = 14, .ofs_x = 1, .ofs_y = -1},
    {.bitmap_index = 12137, .adv_w = 247, .box_w = 14, .box_h = 14, .ofs_x = 1, .ofs_y = -1},
    {.bitmap_index = 12162, .adv_w = 247, .box_w = 14, .box_h = 14, .ofs_x = 1, .ofs_y = -1},
    {.bitmap_index = 12187, .adv_w = 247, .box_w = 14, .box_h = 14, .ofs_x = 1, .ofs_y = -1},
    {.bitmap_index = 12212, .adv_w = 247, .box_w = 14, .box_h = 14, .ofs_x = 1, .ofs_y = -1},
    {.bitmap_index = 12237, .adv_w = 247, .box_w = 14, .box_h = 14, .ofs_x = 1, .ofs_y = -1},
    {.bitmap_index = 12262, .adv_w = 247, .box_w = 14, .box_h = 15, .ofs_x = 1, .ofs_y = -2},
    {.bitmap_index = 12289, .adv_w = 247, .box_w = 14, .box_h = 15, .ofs_x = 1, .ofs_y = -2},
    {.bitmap_index = 12316, .adv_w = 247, .box_w = 14, .box_h = 15, .ofs_x = 1, .ofs_y = -2},
    {.bitmap_index = 12343, .adv_w = 247, .box_w = 12, .box_h = 15, .ofs_x = 1, .ofs_y = -2},
    {.bitmap_index = 12366, .adv_w = 247, .box_w = 12, .box_h = 15, .ofs_x = 1, .ofs_y = -2},
    {.bitmap_index = 12389, .adv_w = 247, .box_w = 13, .box_h = 14, .ofs_x = 1, .ofs_y = -1},
    {.bitmap_index = 12412, .adv_w = 247, .box_w = 13, .box_h = 14, .ofs_x = 1, .ofs_y = -1},
    {.bitmap_index = 12435, .adv_w = 247, .box_w = 12, .box_h = 14, .ofs_x = 1, .ofs_y = -1},
    {.bitmap_index = 12456, .adv_w = 247, .box_w = 12, .box_h = 15, .ofs_x = 1, .ofs_y = -2},
    {.bitmap_index = 12479, .adv_w = 247, .box_w = 13, .box_h = 14, .ofs_x = 1, .ofs_y = -1},
    {.bitmap_index = 12502, .adv_w = 247, .box_w = 13, .box_h = 15, .ofs_x = 1, .ofs_y = -2},
    {.bitmap_index = 12527, .adv_w = 247, .box_w = 12, .box_h = 15, .ofs_x = 1, .ofs_y = -2},
    {.bitmap_index = 12550, .adv_w = 247, .box_w = 14, .box_h = 15, .ofs_x = 1, .ofs_y = -2},
    {.bitmap_index = 12577, .adv_w = 247, .box_w = 11, .box_h = 15, .ofs_x = 2, .ofs_y = -2},
    {.bitmap_index = 12598, .adv_w = 247, .box_w = 12, .box_h = 15, .ofs_x = 1, .ofs_y = -2},
    {.bitmap_index = 12621, .adv_w = 247, .box_w = 12, .box_h = 15, .ofs_x = 1, .ofs_y = -2},
    {.bitmap_index = 12644, .adv_w = 247, .box_w = 12, .box_h = 14, .ofs_x = 1, .ofs_y = -1},
    {.bitmap_index = 12665, .adv_w = 247, .box_w = 12, .box_h = 14, .ofs_x = 1, .ofs_y = -1},
    {.bitmap_index = 12686, .adv_w = 247, .box_w = 13, .box_h = 14, .ofs_x = 1, .ofs_y = -1},
    {.bitmap_index = 12709, .adv_w = 247, .box_w = 12, .box_h = 14, .ofs_x = 1, .ofs_y = -1},
    {.bitmap_index = 12730, .adv_w = 247, .box_w = 12, .box_h = 14, .ofs_x = 1, .ofs_y = -1},
    {.bitmap_index = 12751, .adv_w = 247, .box_w = 11, .box_h = 14, .ofs_x = 1, .ofs_y = -1},
    {.bitmap_index = 12771, .adv_w = 247, .box_w = 12, .box_h = 14, .ofs_x = 1, .ofs_y = -1},
    {.bitmap_index = 12792, .adv_w = 247, .box_w = 13, .box_h = 14, .ofs_x = 1, .ofs_y = -1},
    {.bitmap_index = 12815, .adv_w = 247, .box_w = 11, .box_h = 14, .ofs_x = 1, .ofs_y = -1},
    {.bitmap_index = 12835, .adv_w = 247, .box_w = 13, .box_h = 15, .ofs_x = 1, .ofs_y = -2},
    {.bitmap_index = 12860, .adv_w = 247, .box_w = 12, .box_h = 14, .ofs_x = 1, .ofs_y = -1},
    {.bitmap_index = 12881, .adv_w = 247, .box_w = 12, .box_h = 14, .ofs_x = 1, .ofs_y = -1},
    {.bitmap_index = 12902, .adv_w = 247, .box_w = 12, .box_h = 15, .ofs_x = 1, .ofs_y = -2},
    {.bitmap_index = 12925, .adv_w = 247, .box_w = 13, .box_h = 14, .ofs_x = 1, .ofs_y = -1},
    {.bitmap_index = 12948, .adv_w = 247, .box_w = 13, .box_h = 14, .ofs_x = 1, .ofs_y = -1},
    {.bitmap_index = 12971, .adv_w = 247, .box_w = 12, .box_h = 14, .ofs_x = 1, .ofs_y = -1},
    {.bitmap_index = 12992, .adv_w = 247, .box_w = 12, .box_h = 15, .ofs_x = 1, .ofs_y = -2},
    {.bitmap_index = 13015, .adv_w = 247, .box_w = 13, .box_h = 14, .ofs_x = 1, .ofs_y = -1},
    {.bitmap_index = 13038, .adv_w = 247, .box_w = 13, .box_h = 15, .ofs_x = 1, .ofs_y = -2},
    {.bitmap_index = 13063, .adv_w = 247, .box_w = 12, .box_h = 15, .ofs_x = 1, .ofs_y = -2},
    {.bitmap_index = 13086, .adv_w = 247, .box_w = 11, .box_h = 15, .ofs_x = 2, .ofs_y = -2},
    {.bitmap_index = 13107, .adv_w = 247, .box_w = 13, .box_h = 14, .ofs_x = 1, .ofs_y = -1},
    {.bitmap_index = 13130, .adv_w = 247, .box_w = 13, .box_h = 14, .ofs_x = 1, .ofs_y = -1},
    {.bitmap_index = 13153, .adv_w = 247, .box_w = 13, .box_h = 15, .ofs_x = 1, .ofs_y = -2},
    {.bitmap_index = 13178, .adv_w = 247, .box_w = 11, .box_h = 14, .ofs_x = 1, .ofs_y = -1},
    {.bitmap_index = 13198, .adv_w = 247, .box_w = 12, .box_h = 15, .ofs_x = 1, .ofs_y = -2},
    {.bitmap_index = 13221, .adv_w = 247, .box_w = 13, .box_h = 14, .ofs_x = 1, .ofs_y = -1},
    {.bitmap_index = 13244, .adv_w = 247, .box_w = 14, .box_h = 11, .ofs_x = 1, .ofs_y = 1},
    {.bitmap_index = 13264, .adv_w = 247, .box_w = 14, .box_h = 14, .ofs_x = 1, .ofs_y = -2},
    {.bitmap_index = 13289, .adv_w = 247, .box_w = 14, .box_h = 13, .ofs_x = 1, .ofs_y = -1},
    {.bitmap_index = 13312, .adv_w = 247, .box_w = 14, .box_h = 13, .ofs_x = 1, .ofs_y = -1},
    {.bitmap_index = 13335, .adv_w = 247, .box_w = 14, .box_h = 14, .ofs_x = 1, .ofs_y = -1},
    {.bitmap_index = 13360, .adv_w = 247, .box_w = 15, .box_h = 14, .ofs_x = 0, .ofs_y = -1},
    {.bitmap_index = 13387, .adv_w = 247, .box_w = 15, .box_h = 15, .ofs_x = 0, .ofs_y = -2},
    {.bitmap_index = 13416, .adv_w = 247, .box_w = 14, .box_h = 14, .ofs_x = 1, .ofs_y = -2},
    {.bitmap_index = 13441, .adv_w = 247, .box_w = 14, .box_h = 15, .ofs_x = 1, .ofs_y = -2},
    {.bitmap_index = 13468, .adv_w = 247, .box_w = 14, .box_h = 14, .ofs_x = 1, .ofs_y = -1},
    {.bitmap_index = 13493, .adv_w = 247, .box_w = 14, .box_h = 14, .ofs_x = 1, .ofs_y = -2},
    {.bitmap_index = 13518, .adv_w = 247, .box_w = 14, .box_h = 15, .ofs_x = 1, .ofs_y = -2},
    {.bitmap_index = 13545, .adv_w = 247, .box_w = 14, .box_h = 14, .ofs_x = 1, .ofs_y = -1},
    {.bitmap_index = 13570, .adv_w = 247, .box_w = 15, .box_h = 15, .ofs_x = 0, .ofs_y = -2},
    {.bitmap_index = 13599, .adv_w = 247, .box_w = 15, .box_h = 14, .ofs_x = 0, .ofs_y = -1},
    {.bitmap_index = 13626, .adv_w = 247, .box_w = 15, .box_h = 14, .ofs_x = 0, .ofs_y = -1},
    {.bitmap_index = 13653, .adv_w = 247, .box_w = 13, .box_h = 14, .ofs_x = 1, .ofs_y = -1},
    {.bitmap_index = 13676, .adv_w = 247, .box_w = 14, .box_h = 15, .ofs_x = 0, .ofs_y = -2},
    {.bitmap_index = 13703, .adv_w = 247, .box_w = 12, .box_h = 15, .ofs_x = 1, .ofs_y = -2},
    {.bitmap_index = 13726, .adv_w = 247, .box_w = 13, .box_h = 14, .ofs_x = 1, .ofs_y = -1},
    {.bitmap_index = 13749, .adv_w = 247, .box_w = 13, .box_h = 14, .ofs_x = 1, .ofs_y = -1},
    {.bitmap_index = 13772, .adv_w = 247, .box_w = 12, .box_h = 15, .ofs_x = 1, .ofs_y = -2},
    {.bitmap_index = 13795, .adv_w = 247, .box_w = 12, .box_h = 14, .ofs_x = 1, .ofs_y = -1},
    {.bitmap_index = 13816, .adv_w = 247, .box_w = 13, .box_h = 15, .ofs_x = 1, .ofs_y = -2},
    {.bitmap_index = 13841, .adv_w = 247, .box_w = 14, .box_h = 11, .ofs_x = 1, .ofs_y = 1},
    {.bitmap_index = 13861, .adv_w = 247, .box_w = 14, .box_h = 14, .ofs_x = 1, .ofs_y = -2},
    {.bitmap_index = 13886, .adv_w = 247, .box_w = 14, .box_h = 15, .ofs_x = 1, .ofs_y = -2},
    {.bitmap_index = 13913, .adv_w = 247, .box_w = 14, .box_h = 13, .ofs_x = 1, .ofs_y = -1},
    {.bitmap_index = 13936, .adv_w = 247, .box_w = 14, .box_h = 14, .ofs_x = 1, .ofs_y = -1},
    {.bitmap_index = 13961, .adv_w = 247, .box_w = 14, .box_h = 14, .ofs_x = 1, .ofs_y = -1},
    {.bitmap_index = 13986, .adv_w = 247, .box_w = 14, .box_h = 14, .ofs_x = 1, .ofs_y = -1},
    {.bitmap_index = 14011, .adv_w = 247, .box_w = 14, .box_h = 15, .ofs_x = 1, .ofs_y = -2},
    {.bitmap_index = 14038, .adv_w = 247, .box_w = 14, .box_h = 15, .ofs_x = 1, .ofs_y = -2},
    {.bitmap_index = 14065, .adv_w = 247, .box_w = 13, .box_h = 14, .ofs_x = 0, .ofs_y = -1},
    {.bitmap_index = 14088, .adv_w = 247, .box_w = 13, .box_h = 15, .ofs_x = 1, .ofs_y = -2},
    {.bitmap_index = 14113, .adv_w = 247, .box_w = 13, .box_h = 15, .ofs_x = 1, .ofs_y = -2},
    {.bitmap_index = 14138, .adv_w = 247, .box_w = 13, .box_h = 15, .ofs_x = 0, .ofs_y = -2},
    {.bitmap_index = 14163, .adv_w = 247, .box_w = 12, .box_h = 15, .ofs_x = 1, .ofs_y = -2},
    {.bitmap_index = 14186, .adv_w = 247, .box_w = 13, .box_h = 14, .ofs_x = 1, .ofs_y = -1},
    {.bitmap_index = 14209, .adv_w = 247, .box_w = 13, .box_h = 14, .ofs_x = 1, .ofs_y = -1},
    {.bitmap_index = 14232, .adv_w = 247, .box_w = 12, .box_h = 15, .ofs_x = 1, .ofs_y = -2},
    {.bitmap_index = 14255, .adv_w = 247, .box_w = 13, .box_h = 15, .ofs_x = 1, .ofs_y = -2},
    {.bitmap_index = 14280, .adv_w = 247, .box_w = 12, .box_h = 15, .ofs_x = 1, .ofs_y = -2},
    {.bitmap_index = 14303, .adv_w = 247, .box_w = 14, .box_h = 14, .ofs_x = 1, .ofs_y = -2},
    {.bitmap_index = 14328, .adv_w = 247, .box_w = 14, .box_h = 13, .ofs_x = 1, .ofs_y = -1},
    {.bitmap_index = 14351, .adv_w = 247, .box_w = 14, .box_h = 14, .ofs_x = 1, .ofs_y = -1},
    {.bitmap_index = 14376, .adv_w = 247, .box_w = 14, .box_h = 15, .ofs_x = 1, .ofs_y = -2},
    {.bitmap_index = 14403, .adv_w = 247, .box_w = 14, .box_h = 15, .ofs_x = 1, .ofs_y = -2},
    {.bitmap_index = 14430, .adv_w = 247, .box_w = 14, .box_h = 10, .ofs_x = 1, .ofs_y = 1},
    {.bitmap_index = 14448, .adv_w = 247, .box_w = 14, .box_h = 15, .ofs_x = 1, .ofs_y = -2},
    {.bitmap_index = 14475, .adv_w = 247, .box_w = 14, .box_h = 13, .ofs_x = 1, .ofs_y = -1},
    {.bitmap_index = 14498, .adv_w = 247, .box_w = 14, .box_h = 14, .ofs_x = 1, .ofs_y = -1},
    {.bitmap_index = 14523, .adv_w = 247, .box_w = 14, .box_h = 14, .ofs_x = 1, .ofs_y = -1},
    {.bitmap_index = 14548, .adv_w = 247, .box_w = 15, .box_h = 14, .ofs_x = 0, .ofs_y = -1},
    {.bitmap_index = 14575, .adv_w = 247, .box_w = 14, .box_h = 14, .ofs_x = 1, .ofs_y = -1},
    {.bitmap_index = 14600, .adv_w = 247, .box_w = 14, .box_h = 15, .ofs_x = 1, .ofs_y = -2},
    {.bitmap_index = 14627, .adv_w = 247, .box_w = 14, .box_h = 14, .ofs_x = 1, .ofs_y = -2},
    {.bitmap_index = 14652, .adv_w = 247, .box_w = 14, .box_h = 14, .ofs_x = 1, .ofs_y = -2},
    {.bitmap_index = 14677, .adv_w = 247, .box_w = 12, .box_h = 15, .ofs_x = 1, .ofs_y = -2},
    {.bitmap_index = 14700, .adv_w = 247, .box_w = 11, .box_h = 14, .ofs_x = 1, .ofs_y = -1},
    {.bitmap_index = 14720, .adv_w = 247, .box_w = 11, .box_h = 15, .ofs_x = 1, .ofs_y = -2},
    {.bitmap_index = 14741, .adv_w = 247, .box_w = 13, .box_h = 14, .ofs_x = 1, .ofs_y = -1},
    {.bitmap_index = 14764, .adv_w = 247, .box_w = 12, .box_h = 14, .ofs_x = 1, .ofs_y = -1},
    {.bitmap_index = 14785, .adv_w = 247, .box_w = 13, .box_h = 14, .ofs_x = 1, .ofs_y = -1},
    {.bitmap_index = 14808, .adv_w = 247, .box_w = 11, .box_h = 14, .ofs_x = 1, .ofs_y = -1},
    {.bitmap_index = 14828, .adv_w = 247, .box_w = 11, .box_h = 14, .ofs_x = 1, .ofs_y = -1},
    {.bitmap_index = 14848, .adv_w = 247, .box_w = 12, .box_h = 14, .ofs_x = 1, .ofs_y = -1},
    {.bitmap_index = 14869, .adv_w = 247, .box_w = 12, .box_h = 15, .ofs_x = 1, .ofs_y = -2},
    {.bitmap_index = 14892, .adv_w = 247, .box_w = 11, .box_h = 14, .ofs_x = 1, .ofs_y = -1},
    {.bitmap_index = 14912, .adv_w = 247, .box_w = 12, .box_h = 15, .ofs_x = 1, .ofs_y = -2},
    {.bitmap_index = 14935, .adv_w = 247, .box_w = 14, .box_h = 15, .ofs_x = 1, .ofs_y = -2},
    {.bitmap_index = 14962, .adv_w = 247, .box_w = 15, .box_h = 15, .ofs_x = 1, .ofs_y = -2},
    {.bitmap_index = 14991, .adv_w = 247, .box_w = 15, .box_h = 14, .ofs_x = 1, .ofs_y = -1},
    {.bitmap_index = 15018, .adv_w = 247, .box_w = 14, .box_h = 14, .ofs_x = 1, .ofs_y = -1},
    {.bitmap_index = 15043, .adv_w = 247, .box_w = 14, .box_h = 14, .ofs_x = 1, .ofs_y = -1},
    {.bitmap_index = 15068, .adv_w = 247, .box_w = 15, .box_h = 15, .ofs_x = 1, .ofs_y = -2},
    {.bitmap_index = 15097, .adv_w = 247, .box_w = 15, .box_h = 14, .ofs_x = 1, .ofs_y = -1},
    {.bitmap_index = 15124, .adv_w = 247, .box_w = 15, .box_h = 15, .ofs_x = 1, .ofs_y = -2},
    {.bitmap_index = 15153, .adv_w = 247, .box_w = 14, .box_h = 14, .ofs_x = 1, .ofs_y = -1},
    {.bitmap_index = 15178, .adv_w = 247, .box_w = 14, .box_h = 15, .ofs_x = 1, .ofs_y = -2},
    {.bitmap_index = 15205, .adv_w = 247, .box_w = 13, .box_h = 15, .ofs_x = 1, .ofs_y = -2},
    {.bitmap_index = 15230, .adv_w = 247, .box_w = 13, .box_h = 15, .ofs_x = 1, .ofs_y = -2},
    {.bitmap_index = 15255, .adv_w = 247, .box_w = 13, .box_h = 14, .ofs_x = 1, .ofs_y = -1},
    {.bitmap_index = 15278, .adv_w = 247, .box_w = 14, .box_h = 14, .ofs_x = 1, .ofs_y = -1},
    {.bitmap_index = 15303, .adv_w = 247, .box_w = 13, .box_h = 14, .ofs_x = 1, .ofs_y = -1},
    {.bitmap_index = 15326, .adv_w = 247, .box_w = 13, .box_h = 15, .ofs_x = 1, .ofs_y = -2},
    {.bitmap_index = 15351, .adv_w = 247, .box_w = 14, .box_h = 15, .ofs_x = 1, .ofs_y = -2},
    {.bitmap_index = 15378, .adv_w = 247, .box_w = 14, .box_h = 15, .ofs_x = 1, .ofs_y = -2},
    {.bitmap_index = 15405, .adv_w = 247, .box_w = 13, .box_h = 15, .ofs_x = 1, .ofs_y = -2},
    {.bitmap_index = 15430, .adv_w = 247, .box_w = 12, .box_h = 15, .ofs_x = 1, .ofs_y = -2},
    {.bitmap_index = 15453, .adv_w = 247, .box_w = 12, .box_h = 15, .ofs_x = 1, .ofs_y = -2},
    {.bitmap_index = 15476, .adv_w = 247, .box_w = 14, .box_h = 14, .ofs_x = 1, .ofs_y = -1},
    {.bitmap_index = 15501, .adv_w = 247, .box_w = 14, .box_h = 14, .ofs_x = 1, .ofs_y = -1},
    {.bitmap_index = 15526, .adv_w = 247, .box_w = 12, .box_h = 14, .ofs_x = 1, .ofs_y = -1},
    {.bitmap_index = 15547, .adv_w = 247, .box_w = 12, .box_h = 14, .ofs_x = 1, .ofs_y = -1},
    {.bitmap_index = 15568, .adv_w = 247, .box_w = 12, .box_h = 14, .ofs_x = 1, .ofs_y = -1},
    {.bitmap_index = 15589, .adv_w = 247, .box_w = 12, .box_h = 14, .ofs_x = 1, .ofs_y = -1},
    {.bitmap_index = 15610, .adv_w = 247, .box_w = 13, .box_h = 14, .ofs_x = 1, .ofs_y = -1},
    {.bitmap_index = 15633, .adv_w = 247, .box_w = 13, .box_h = 15, .ofs_x = 1, .ofs_y = -2},
    {.bitmap_index = 15658, .adv_w = 247, .box_w = 12, .box_h = 14, .ofs_x = 1, .ofs_y = -1},
    {.bitmap_index = 15679, .adv_w = 247, .box_w = 13, .box_h = 15, .ofs_x = 1, .ofs_y = -2},
    {.bitmap_index = 15704, .adv_w = 247, .box_w = 13, .box_h = 15, .ofs_x = 1, .ofs_y = -2},
    {.bitmap_index = 15729, .adv_w = 247, .box_w = 13, .box_h = 15, .ofs_x = 1, .ofs_y = -2},
    {.bitmap_index = 15754, .adv_w = 247, .box_w = 13, .box_h = 14, .ofs_x = 1, .ofs_y = -1},
    {.bitmap_index = 15777, .adv_w = 247, .box_w = 14, .box_h = 14, .ofs_x = 1, .ofs_y = -1},
    {.bitmap_index = 15802, .adv_w = 247, .box_w = 13, .box_h = 14, .ofs_x = 1, .ofs_y = -1},
    {.bitmap_index = 15825, .adv_w = 247, .box_w = 13, .box_h = 15, .ofs_x = 1, .ofs_y = -2},
    {.bitmap_index = 15850, .adv_w = 247, .box_w = 13, .box_h = 14, .ofs_x = 1, .ofs_y = -1},
    {.bitmap_index = 15873, .adv_w = 247, .box_w = 14, .box_h = 15, .ofs_x = 1, .ofs_y = -2},
    {.bitmap_index = 15900, .adv_w = 247, .box_w = 12, .box_h = 15, .ofs_x = 1, .ofs_y = -2},
    {.bitmap_index = 15923, .adv_w = 247, .box_w = 12, .box_h = 15, .ofs_x = 1, .ofs_y = -2},
    {.bitmap_index = 15946, .adv_w = 247, .box_w = 13, .box_h = 15, .ofs_x = 1, .ofs_y = -2},
    {.bitmap_index = 15971, .adv_w = 247, .box_w = 14, .box_h = 11, .ofs_x = 1, .ofs_y = 1},
    {.bitmap_index = 15991, .adv_w = 247, .box_w = 14, .box_h = 15, .ofs_x = 1, .ofs_y = -2},
    {.bitmap_index = 16018, .adv_w = 247, .box_w = 14, .box_h = 14, .ofs_x = 1, .ofs_y = -1},
    {.bitmap_index = 16043, .adv_w = 247, .box_w = 14, .box_h = 14, .ofs_x = 1, .ofs_y = -1},
    {.bitmap_index = 16068, .adv_w = 247, .box_w = 14, .box_h = 15, .ofs_x = 1, .ofs_y = -2},
    {.bitmap_index = 16095, .adv_w = 247, .box_w = 15, .box_h = 15, .ofs_x = 1, .ofs_y = -2},
    {.bitmap_index = 16124, .adv_w = 247, .box_w = 14, .box_h = 14, .ofs_x = 1, .ofs_y = -1},
    {.bitmap_index = 16149, .adv_w = 247, .box_w = 13, .box_h = 15, .ofs_x = 1, .ofs_y = -2},
    {.bitmap_index = 16174, .adv_w = 247, .box_w = 12, .box_h = 15, .ofs_x = 1, .ofs_y = -2},
    {.bitmap_index = 16197, .adv_w = 247, .box_w = 13, .box_h = 14, .ofs_x = 1, .ofs_y = -1},
    {.bitmap_index = 16220, .adv_w = 247, .box_w = 14, .box_h = 15, .ofs_x = 1, .ofs_y = -2},
    {.bitmap_index = 16247, .adv_w = 247, .box_w = 14, .box_h = 15, .ofs_x = 1, .ofs_y = -2},
    {.bitmap_index = 16274, .adv_w = 247, .box_w = 14, .box_h = 13, .ofs_x = 1, .ofs_y = -1},
    {.bitmap_index = 16297, .adv_w = 247, .box_w = 14, .box_h = 14, .ofs_x = 1, .ofs_y = -1},
    {.bitmap_index = 16322, .adv_w = 247, .box_w = 14, .box_h = 15, .ofs_x = 1, .ofs_y = -2},
    {.bitmap_index = 16349, .adv_w = 247, .box_w = 14, .box_h = 14, .ofs_x = 1, .ofs_y = -1},
    {.bitmap_index = 16374, .adv_w = 247, .box_w = 14, .box_h = 15, .ofs_x = 1, .ofs_y = -2},
    {.bitmap_index = 16401, .adv_w = 247, .box_w = 13, .box_h = 15, .ofs_x = 1, .ofs_y = -2},
    {.bitmap_index = 16426, .adv_w = 247, .box_w = 12, .box_h = 15, .ofs_x = 1, .ofs_y = -2},
    {.bitmap_index = 16449, .adv_w = 247, .box_w = 14, .box_h = 14, .ofs_x = 0, .ofs_y = -1},
    {.bitmap_index = 16474, .adv_w = 247, .box_w = 14, .box_h = 14, .ofs_x = 0, .ofs_y = -1},
    {.bitmap_index = 16499, .adv_w = 247, .box_w = 13, .box_h = 14, .ofs_x = 0, .ofs_y = -1},
    {.bitmap_index = 16522, .adv_w = 247, .box_w = 13, .box_h = 15, .ofs_x = 0, .ofs_y = -2},
    {.bitmap_index = 16547, .adv_w = 247, .box_w = 12, .box_h = 15, .ofs_x = 0, .ofs_y = -2},
    {.bitmap_index = 16570, .adv_w = 247, .box_w = 15, .box_h = 10, .ofs_x = 1, .ofs_y = 1},
    {.bitmap_index = 16589, .adv_w = 247, .box_w = 14, .box_h = 15, .ofs_x = 1, .ofs_y = -2},
    {.bitmap_index = 16616, .adv_w = 247, .box_w = 14, .box_h = 13, .ofs_x = 1, .ofs_y = -1},
    {.bitmap_index = 16639, .adv_w = 247, .box_w = 14, .box_h = 14, .ofs_x = 1, .ofs_y = -1},
    {.bitmap_index = 16664, .adv_w = 247, .box_w = 14, .box_h = 14, .ofs_x = 1, .ofs_y = -1},
    {.bitmap_index = 16689, .adv_w = 247, .box_w = 14, .box_h = 14, .ofs_x = 1, .ofs_y = -1},
    {.bitmap_index = 16714, .adv_w = 247, .box_w = 14, .box_h = 15, .ofs_x = 1, .ofs_y = -2},
    {.bitmap_index = 16741, .adv_w = 247, .box_w = 14, .box_h = 15, .ofs_x = 1, .ofs_y = -2},
    {.bitmap_index = 16768, .adv_w = 247, .box_w = 12, .box_h = 15, .ofs_x = 1, .ofs_y = -2},
    {.bitmap_index = 16791, .adv_w = 247, .box_w = 14, .box_h = 14, .ofs_x = 0, .ofs_y = -1},
    {.bitmap_index = 16816, .adv_w = 247, .box_w = 14, .box_h = 14, .ofs_x = 0, .ofs_y = -1},
    {.bitmap_index = 16841, .adv_w = 247, .box_w = 13, .box_h = 14, .ofs_x = 0, .ofs_y = -1},
    {.bitmap_index = 16864, .adv_w = 247, .box_w = 13, .box_h = 15, .ofs_x = 0, .ofs_y = -2},
    {.bitmap_index = 16889, .adv_w = 247, .box_w = 12, .box_h = 14, .ofs_x = 1, .ofs_y = -1},
    {.bitmap_index = 16910, .adv_w = 247, .box_w = 13, .box_h = 14, .ofs_x = 1, .ofs_y = -1},
    {.bitmap_index = 16933, .adv_w = 247, .box_w = 13, .box_h = 14, .ofs_x = 1, .ofs_y = -1},
    {.bitmap_index = 16956, .adv_w = 247, .box_w = 12, .box_h = 14, .ofs_x = 1, .ofs_y = -1},
    {.bitmap_index = 16977, .adv_w = 247, .box_w = 12, .box_h = 14, .ofs_x = 1, .ofs_y = -1},
    {.bitmap_index = 16998, .adv_w = 247, .box_w = 13, .box_h = 14, .ofs_x = 1, .ofs_y = -1},
    {.bitmap_index = 17021, .adv_w = 247, .box_w = 12, .box_h = 14, .ofs_x = 1, .ofs_y = -1},
    {.bitmap_index = 17042, .adv_w = 247, .box_w = 14, .box_h = 15, .ofs_x = 1, .ofs_y = -2},
    {.bitmap_index = 17069, .adv_w = 247, .box_w = 14, .box_h = 15, .ofs_x = 1, .ofs_y = -2},
    {.bitmap_index = 17096, .adv_w = 247, .box_w = 14, .box_h = 14, .ofs_x = 1, .ofs_y = -1},
    {.bitmap_index = 17121, .adv_w = 247, .box_w = 14, .box_h = 14, .ofs_x = 1, .ofs_y = -1},
    {.bitmap_index = 17146, .adv_w = 247, .box_w = 14, .box_h = 14, .ofs_x = 1, .ofs_y = -1},
    {.bitmap_index = 17171, .adv_w = 247, .box_w = 14, .box_h = 14, .ofs_x = 1, .ofs_y = -1},
    {.bitmap_index = 17196, .adv_w = 247, .box_w = 14, .box_h = 14, .ofs_x = 1, .ofs_y = -1},
    {.bitmap_index = 17221, .adv_w = 247, .box_w = 14, .box_h = 15, .ofs_x = 1, .ofs_y = -2},
    {.bitmap_index = 17248, .adv_w = 247, .box_w = 14, .box_h = 15, .ofs_x = 1, .ofs_y = -2},
    {.bitmap_index = 17275, .adv_w = 247, .box_w = 14, .box_h = 14, .ofs_x = 1, .ofs_y = -1},
    {.bitmap_index = 17300, .adv_w = 247, .box_w = 14, .box_h = 14, .ofs_x = 1, .ofs_y = -1},
    {.bitmap_index = 17325, .adv_w = 247, .box_w = 14, .box_h = 15, .ofs_x = 1, .ofs_y = -2},
    {.bitmap_index = 17352, .adv_w = 247, .box_w = 13, .box_h = 15, .ofs_x = 1, .ofs_y = -2},
    {.bitmap_index = 17377, .adv_w = 247, .box_w = 12, .box_h = 15, .ofs_x = 1, .ofs_y = -2},
    {.bitmap_index = 17400, .adv_w = 247, .box_w = 13, .box_h = 14, .ofs_x = 1, .ofs_y = -1},
    {.bitmap_index = 17423, .adv_w = 247, .box_w = 13, .box_h = 14, .ofs_x = 1, .ofs_y = -1},
    {.bitmap_index = 17446, .adv_w = 247, .box_w = 12, .box_h = 14, .ofs_x = 1, .ofs_y = -1},
    {.bitmap_index = 17467, .adv_w = 247, .box_w = 12, .box_h = 15, .ofs_x = 1, .ofs_y = -2},
    {.bitmap_index = 17490, .adv_w = 247, .box_w = 13, .box_h = 15, .ofs_x = 1, .ofs_y = -2},
    {.bitmap_index = 17515, .adv_w = 247, .box_w = 13, .box_h = 15, .ofs_x = 1, .ofs_y = -2},
    {.bitmap_index = 17540, .adv_w = 247, .box_w = 12, .box_h = 15, .ofs_x = 1, .ofs_y = -2},
    {.bitmap_index = 17563, .adv_w = 247, .box_w = 14, .box_h = 15, .ofs_x = 1, .ofs_y = -2},
    {.bitmap_index = 17590, .adv_w = 247, .box_w = 14, .box_h = 15, .ofs_x = 1, .ofs_y = -2},
    {.bitmap_index = 17617, .adv_w = 247, .box_w = 14, .box_h = 14, .ofs_x = 1, .ofs_y = -1},
    {.bitmap_index = 17642, .adv_w = 247, .box_w = 14, .box_h = 14, .ofs_x = 1, .ofs_y = -1},
    {.bitmap_index = 17667, .adv_w = 247, .box_w = 14, .box_h = 15, .ofs_x = 1, .ofs_y = -2},
    {.bitmap_index = 17694, .adv_w = 247, .box_w = 12, .box_h = 15, .ofs_x = 1, .ofs_y = -2},
    {.bitmap_index = 17717, .adv_w = 247, .box_w = 12, .box_h = 15, .ofs_x = 1, .ofs_y = -2},
    {.bitmap_index = 17740, .adv_w = 247, .box_w = 12, .box_h = 14, .ofs_x = 1, .ofs_y = -1},
    {.bitmap_index = 17761, .adv_w = 247, .box_w = 13, .box_h = 14, .ofs_x = 1, .ofs_y = -1},
    {.bitmap_index = 17784, .adv_w = 247, .box_w = 11, .box_h = 14, .ofs_x = 1, .ofs_y = -1},
    {.bitmap_index = 17804, .adv_w = 247, .box_w = 12, .box_h = 15, .ofs_x = 1, .ofs_y = -2},
    {.bitmap_index = 17827, .adv_w = 247, .box_w = 13, .box_h = 14, .ofs_x = 1, .ofs_y = -1},
    {.bitmap_index = 17850, .adv_w = 247, .box_w = 13, .box_h = 15, .ofs_x = 1, .ofs_y = -2},
    {.bitmap_index = 17875, .adv_w = 247, .box_w = 11, .box_h = 15, .ofs_x = 1, .ofs_y = -2},
    {.bitmap_index = 17896, .adv_w = 247, .box_w = 12, .box_h = 15, .ofs_x = 1, .ofs_y = -2},
    {.bitmap_index = 17919, .adv_w = 247, .box_w = 13, .box_h = 15, .ofs_x = 1, .ofs_y = -2},
    {.bitmap_index = 17944, .adv_w = 247, .box_w = 12, .box_h = 15, .ofs_x = 1, .ofs_y = -2},
    {.bitmap_index = 17967, .adv_w = 247, .box_w = 13, .box_h = 14, .ofs_x = 1, .ofs_y = -1},
    {.bitmap_index = 17990, .adv_w = 247, .box_w = 14, .box_h = 14, .ofs_x = 1, .ofs_y = -1},
    {.bitmap_index = 18015, .adv_w = 247, .box_w = 12, .box_h = 14, .ofs_x = 1, .ofs_y = -1},
    {.bitmap_index = 18036, .adv_w = 247, .box_w = 12, .box_h = 15, .ofs_x = 1, .ofs_y = -2},
    {.bitmap_index = 18059, .adv_w = 247, .box_w = 13, .box_h = 15, .ofs_x = 1, .ofs_y = -2},
    {.bitmap_index = 18084, .adv_w = 247, .box_w = 12, .box_h = 15, .ofs_x = 1, .ofs_y = -2},
    {.bitmap_index = 18107, .adv_w = 247, .box_w = 12, .box_h = 15, .ofs_x = 1, .ofs_y = -2},
    {.bitmap_index = 18130, .adv_w = 247, .box_w = 12, .box_h = 15, .ofs_x = 1, .ofs_y = -2},
    {.bitmap_index = 18153, .adv_w = 247, .box_w = 12, .box_h = 14, .ofs_x = 1, .ofs_y = -1},
    {.bitmap_index = 18174, .adv_w = 247, .box_w = 12, .box_h = 14, .ofs_x = 1, .ofs_y = -1},
    {.bitmap_index = 18195, .adv_w = 247, .box_w = 12, .box_h = 14, .ofs_x = 1, .ofs_y = -1},
    {.bitmap_index = 18216, .adv_w = 247, .box_w = 12, .box_h = 14, .ofs_x = 1, .ofs_y = -1},
    {.bitmap_index = 18237, .adv_w = 247, .box_w = 13, .box_h = 15, .ofs_x = 1, .ofs_y = -2},
    {.bitmap_index = 18262, .adv_w = 247, .box_w = 13, .box_h = 15, .ofs_x = 1, .ofs_y = -2},
    {.bitmap_index = 18287, .adv_w = 247, .box_w = 12, .box_h = 15, .ofs_x = 1, .ofs_y = -2},
    {.bitmap_index = 18310, .adv_w = 247, .box_w = 13, .box_h = 15, .ofs_x = 1, .ofs_y = -2},
    {.bitmap_index = 18335, .adv_w = 247, .box_w = 13, .box_h = 14, .ofs_x = 1, .ofs_y = -1},
    {.bitmap_index = 18358, .adv_w = 247, .box_w = 12, .box_h = 15, .ofs_x = 1, .ofs_y = -2},
    {.bitmap_index = 18381, .adv_w = 247, .box_w = 13, .box_h = 15, .ofs_x = 1, .ofs_y = -2},
    {.bitmap_index = 18406, .adv_w = 247, .box_w = 14, .box_h = 11, .ofs_x = 1, .ofs_y = 1},
    {.bitmap_index = 18426, .adv_w = 247, .box_w = 14, .box_h = 15, .ofs_x = 1, .ofs_y = -2},
    {.bitmap_index = 18453, .adv_w = 247, .box_w = 14, .box_h = 14, .ofs_x = 1, .ofs_y = -1},
    {.bitmap_index = 18478, .adv_w = 247, .box_w = 14, .box_h = 14, .ofs_x = 1, .ofs_y = -1},
    {.bitmap_index = 18503, .adv_w = 247, .box_w = 14, .box_h = 15, .ofs_x = 1, .ofs_y = -2},
    {.bitmap_index = 18530, .adv_w = 247, .box_w = 14, .box_h = 15, .ofs_x = 1, .ofs_y = -2},
    {.bitmap_index = 18557, .adv_w = 247, .box_w = 14, .box_h = 15, .ofs_x = 1, .ofs_y = -2},
    {.bitmap_index = 18584, .adv_w = 247, .box_w = 14, .box_h = 15, .ofs_x = 1, .ofs_y = -2},
    {.bitmap_index = 18611, .adv_w = 247, .box_w = 15, .box_h = 15, .ofs_x = 0, .ofs_y = -2},
    {.bitmap_index = 18640, .adv_w = 247, .box_w = 15, .box_h = 14, .ofs_x = 0, .ofs_y = -1},
    {.bitmap_index = 18667, .adv_w = 247, .box_w = 15, .box_h = 15, .ofs_x = 0, .ofs_y = -2},
    {.bitmap_index = 18696, .adv_w = 247, .box_w = 15, .box_h = 15, .ofs_x = 0, .ofs_y = -2},
    {.bitmap_index = 18725, .adv_w = 247, .box_w = 12, .box_h = 15, .ofs_x = 1, .ofs_y = -2},
    {.bitmap_index = 18748, .adv_w = 247, .box_w = 13, .box_h = 14, .ofs_x = 1, .ofs_y = -1},
    {.bitmap_index = 18771, .adv_w = 247, .box_w = 13, .box_h = 14, .ofs_x = 1, .ofs_y = -1},
    {.bitmap_index = 18794, .adv_w = 247, .box_w = 12, .box_h = 15, .ofs_x = 1, .ofs_y = -2},
    {.bitmap_index = 18817, .adv_w = 247, .box_w = 12, .box_h = 15, .ofs_x = 1, .ofs_y = -2},
    {.bitmap_index = 18840, .adv_w = 247, .box_w = 13, .box_h = 15, .ofs_x = 1, .ofs_y = -2},
    {.bitmap_index = 18865, .adv_w = 247, .box_w = 12, .box_h = 15, .ofs_x = 1, .ofs_y = -2},
    {.bitmap_index = 18888, .adv_w = 247, .box_w = 14, .box_h = 11, .ofs_x = 1, .ofs_y = 1},
    {.bitmap_index = 18908, .adv_w = 247, .box_w = 14, .box_h = 14, .ofs_x = 1, .ofs_y = -1},
    {.bitmap_index = 18933, .adv_w = 247, .box_w = 14, .box_h = 14, .ofs_x = 1, .ofs_y = -1},
    {.bitmap_index = 18958, .adv_w = 247, .box_w = 14, .box_h = 15, .ofs_x = 1, .ofs_y = -2},
    {.bitmap_index = 18985, .adv_w = 247, .box_w = 14, .box_h = 15, .ofs_x = 1, .ofs_y = -2},
    {.bitmap_index = 19012, .adv_w = 247, .box_w = 14, .box_h = 15, .ofs_x = 1, .ofs_y = -2},
    {.bitmap_index = 19039, .adv_w = 247, .box_w = 14, .box_h = 15, .ofs_x = 1, .ofs_y = -2},
    {.bitmap_index = 19066, .adv_w = 247, .box_w = 14, .box_h = 15, .ofs_x = 1, .ofs_y = -2},
    {.bitmap_index = 19093, .adv_w = 247, .box_w = 14, .box_h = 14, .ofs_x = 1, .ofs_y = -1},
    {.bitmap_index = 19118, .adv_w = 247, .box_w = 14, .box_h = 14, .ofs_x = 1, .ofs_y = -1},
    {.bitmap_index = 19143, .adv_w = 247, .box_w = 14, .box_h = 15, .ofs_x = 1, .ofs_y = -2},
    {.bitmap_index = 19170, .adv_w = 247, .box_w = 14, .box_h = 15, .ofs_x = 1, .ofs_y = -2},
    {.bitmap_index = 19197, .adv_w = 247, .box_w = 14, .box_h = 15, .ofs_x = 1, .ofs_y = -2},
    {.bitmap_index = 19224, .adv_w = 247, .box_w = 14, .box_h = 15, .ofs_x = 1, .ofs_y = -2},
    {.bitmap_index = 19251, .adv_w = 247, .box_w = 13, .box_h = 14, .ofs_x = 0, .ofs_y = -1},
    {.bitmap_index = 19274, .adv_w = 247, .box_w = 13, .box_h = 16, .ofs_x = 1, .ofs_y = -3},
    {.bitmap_index = 19300, .adv_w = 247, .box_w = 13, .box_h = 15, .ofs_x = 1, .ofs_y = -2},
    {.bitmap_index = 19325, .adv_w = 247, .box_w = 12, .box_h = 14, .ofs_x = 1, .ofs_y = -1},
    {.bitmap_index = 19346, .adv_w = 247, .box_w = 12, .box_h = 16, .ofs_x = 1, .ofs_y = -3},
    {.bitmap_index = 19370, .adv_w = 247, .box_w = 14, .box_h = 14, .ofs_x = 1, .ofs_y = -1},
    {.bitmap_index = 19395, .adv_w = 247, .box_w = 13, .box_h = 14, .ofs_x = 1, .ofs_y = -1},
    {.bitmap_index = 19418, .adv_w = 247, .box_w = 12, .box_h = 15, .ofs_x = 1, .ofs_y = -2},
    {.bitmap_index = 19441, .adv_w = 247, .box_w = 13, .box_h = 15, .ofs_x = 1, .ofs_y = -2},
    {.bitmap_index = 19466, .adv_w = 247, .box_w = 12, .box_h = 15, .ofs_x = 1, .ofs_y = -2},
    {.bitmap_index = 19489, .adv_w = 247, .box_w = 14, .box_h = 15, .ofs_x = 1, .ofs_y = -2},
    {.bitmap_index = 19516, .adv_w = 247, .box_w = 14, .box_h = 15, .ofs_x = 1, .ofs_y = -2},
    {.bitmap_index = 19543, .adv_w = 247, .box_w = 14, .box_h = 14, .ofs_x = 1, .ofs_y = -1},
    {.bitmap_index = 19568, .adv_w = 247, .box_w = 14, .box_h = 14, .ofs_x = 1, .ofs_y = -1},
    {.bitmap_index = 19593, .adv_w = 247, .box_w = 14, .box_h = 15, .ofs_x = 1, .ofs_y = -2},
    {.bitmap_index = 19620, .adv_w = 247, .box_w = 14, .box_h = 15, .ofs_x = 1, .ofs_y = -2},
    {.bitmap_index = 19647, .adv_w = 247, .box_w = 14, .box_h = 15, .ofs_x = 1, .ofs_y = -2},
    {.bitmap_index = 19674, .adv_w = 247, .box_w = 14, .box_h = 15, .ofs_x = 1, .ofs_y = -2},
    {.bitmap_index = 19701, .adv_w = 247, .box_w = 14, .box_h = 11, .ofs_x = 1, .ofs_y = 1},
    {.bitmap_index = 19721, .adv_w = 247, .box_w = 14, .box_h = 15, .ofs_x = 1, .ofs_y = -2},
    {.bitmap_index = 19748, .adv_w = 247, .box_w = 14, .box_h = 14, .ofs_x = 1, .ofs_y = -1},
    {.bitmap_index = 19773, .adv_w = 247, .box_w = 14, .box_h = 14, .ofs_x = 1, .ofs_y = -1},
    {.bitmap_index = 19798, .adv_w = 247, .box_w = 14, .box_h = 14, .ofs_x = 1, .ofs_y = -1},
    {.bitmap_index = 19823, .adv_w = 247, .box_w = 14, .box_h = 15, .ofs_x = 1, .ofs_y = -2},
    {.bitmap_index = 19850, .adv_w = 247, .box_w = 14, .box_h = 14, .ofs_x = 1, .ofs_y = -1},
    {.bitmap_index = 19875, .adv_w = 247, .box_w = 14, .box_h = 15, .ofs_x = 1, .ofs_y = -2},
    {.bitmap_index = 19902, .adv_w = 247, .box_w = 14, .box_h = 15, .ofs_x = 1, .ofs_y = -2},
    {.bitmap_index = 19929, .adv_w = 247, .box_w = 14, .box_h = 14, .ofs_x = 1, .ofs_y = -1},
    {.bitmap_index = 19954, .adv_w = 247, .box_w = 14, .box_h = 14, .ofs_x = 1, .ofs_y = -1},
    {.bitmap_index = 19979, .adv_w = 247, .box_w = 11, .box_h = 15, .ofs_x = 2, .ofs_y = -2},
    {.bitmap_index = 20000, .adv_w = 247, .box_w = 11, .box_h = 15, .ofs_x = 1, .ofs_y = -2},
    {.bitmap_index = 20021, .adv_w = 247, .box_w = 13, .box_h = 14, .ofs_x = 1, .ofs_y = -1},
    {.bitmap_index = 20044, .adv_w = 247, .box_w = 13, .box_h = 14, .ofs_x = 1, .ofs_y = -1},
    {.bitmap_index = 20067, .adv_w = 247, .box_w = 11, .box_h = 14, .ofs_x = 1, .ofs_y = -1},
    {.bitmap_index = 20087, .adv_w = 247, .box_w = 11, .box_h = 15, .ofs_x = 1, .ofs_y = -2},
    {.bitmap_index = 20108, .adv_w = 247, .box_w = 12, .box_h = 14, .ofs_x = 1, .ofs_y = -1},
    {.bitmap_index = 20129, .adv_w = 247, .box_w = 11, .box_h = 15, .ofs_x = 1, .ofs_y = -2},
    {.bitmap_index = 20150, .adv_w = 247, .box_w = 14, .box_h = 15, .ofs_x = 1, .ofs_y = -2},
    {.bitmap_index = 20177, .adv_w = 247, .box_w = 14, .box_h = 15, .ofs_x = 1, .ofs_y = -2},
    {.bitmap_index = 20204, .adv_w = 247, .box_w = 14, .box_h = 14, .ofs_x = 1, .ofs_y = -1},
    {.bitmap_index = 20229, .adv_w = 247, .box_w = 14, .box_h = 15, .ofs_x = 1, .ofs_y = -2},
    {.bitmap_index = 20256, .adv_w = 247, .box_w = 14, .box_h = 14, .ofs_x = 1, .ofs_y = -1},
    {.bitmap_index = 20281, .adv_w = 247, .box_w = 14, .box_h = 14, .ofs_x = 1, .ofs_y = -1},
    {.bitmap_index = 20306, .adv_w = 247, .box_w = 14, .box_h = 14, .ofs_x = 1, .ofs_y = -1},
    {.bitmap_index = 20331, .adv_w = 247, .box_w = 14, .box_h = 14, .ofs_x = 1, .ofs_y = -1},
    {.bitmap_index = 20356, .adv_w = 247, .box_w = 14, .box_h = 14, .ofs_x = 1, .ofs_y = -1},
    {.bitmap_index = 20381, .adv_w = 247, .box_w = 14, .box_h = 14, .ofs_x = 1, .ofs_y = -1},
    {.bitmap_index = 20406, .adv_w = 247, .box_w = 14, .box_h = 14, .ofs_x = 1, .ofs_y = -1},
    {.bitmap_index = 20431, .adv_w = 247, .box_w = 14, .box_h = 14, .ofs_x = 1, .ofs_y = -1},
    {.bitmap_index = 20456, .adv_w = 247, .box_w = 14, .box_h = 15, .ofs_x = 1, .ofs_y = -2},
    {.bitmap_index = 20483, .adv_w = 247, .box_w = 14, .box_h = 14, .ofs_x = 1, .ofs_y = -1},
    {.bitmap_index = 20508, .adv_w = 247, .box_w = 14, .box_h = 15, .ofs_x = 1, .ofs_y = -2},
    {.bitmap_index = 20535, .adv_w = 247, .box_w = 13, .box_h = 15, .ofs_x = 1, .ofs_y = -2},
    {.bitmap_index = 20560, .adv_w = 247, .box_w = 13, .box_h = 15, .ofs_x = 1, .ofs_y = -2},
    {.bitmap_index = 20585, .adv_w = 247, .box_w = 14, .box_h = 14, .ofs_x = 1, .ofs_y = -1},
    {.bitmap_index = 20610, .adv_w = 247, .box_w = 14, .box_h = 14, .ofs_x = 1, .ofs_y = -1},
    {.bitmap_index = 20635, .adv_w = 247, .box_w = 13, .box_h = 14, .ofs_x = 1, .ofs_y = -1},
    {.bitmap_index = 20658, .adv_w = 247, .box_w = 12, .box_h = 15, .ofs_x = 1, .ofs_y = -2},
    {.bitmap_index = 20681, .adv_w = 247, .box_w = 14, .box_h = 15, .ofs_x = 1, .ofs_y = -2},
    {.bitmap_index = 20708, .adv_w = 247, .box_w = 14, .box_h = 16, .ofs_x = 1, .ofs_y = -3},
    {.bitmap_index = 20736, .adv_w = 247, .box_w = 12, .box_h = 15, .ofs_x = 1, .ofs_y = -2},
    {.bitmap_index = 20759, .adv_w = 247, .box_w = 14, .box_h = 14, .ofs_x = 1, .ofs_y = -1},
    {.bitmap_index = 20784, .adv_w = 247, .box_w = 14, .box_h = 15, .ofs_x = 1, .ofs_y = -2},
    {.bitmap_index = 20811, .adv_w = 247, .box_w = 14, .box_h = 15, .ofs_x = 1, .ofs_y = -2},
    {.bitmap_index = 20838, .adv_w = 247, .box_w = 14, .box_h = 14, .ofs_x = 1, .ofs_y = -1},
    {.bitmap_index = 20863, .adv_w = 247, .box_w = 14, .box_h = 14, .ofs_x = 1, .ofs_y = -1},
    {.bitmap_index = 20888, .adv_w = 247, .box_w = 12, .box_h = 15, .ofs_x = 1, .ofs_y = -2},
    {.bitmap_index = 20911, .adv_w = 247, .box_w = 12, .box_h = 15, .ofs_x = 1, .ofs_y = -2},
    {.bitmap_index = 20934, .adv_w = 247, .box_w = 13, .box_h = 14, .ofs_x = 1, .ofs_y = -1},
    {.bitmap_index = 20957, .adv_w = 247, .box_w = 13, .box_h = 14, .ofs_x = 1, .ofs_y = -1},
    {.bitmap_index = 20980, .adv_w = 247, .box_w = 11, .box_h = 14, .ofs_x = 2, .ofs_y = -1},
    {.bitmap_index = 21000, .adv_w = 247, .box_w = 12, .box_h = 14, .ofs_x = 1, .ofs_y = -1},
    {.bitmap_index = 21021, .adv_w = 247, .box_w = 12, .box_h = 14, .ofs_x = 1, .ofs_y = -1},
    {.bitmap_index = 21042, .adv_w = 247, .box_w = 12, .box_h = 14, .ofs_x = 1, .ofs_y = -1},
    {.bitmap_index = 21063, .adv_w = 247, .box_w = 12, .box_h = 14, .ofs_x = 1, .ofs_y = -1},
    {.bitmap_index = 21084, .adv_w = 247, .box_w = 13, .box_h = 15, .ofs_x = 1, .ofs_y = -2},
    {.bitmap_index = 21109, .adv_w = 247, .box_w = 13, .box_h = 15, .ofs_x = 1, .ofs_y = -2},
    {.bitmap_index = 21134, .adv_w = 247, .box_w = 13, .box_h = 14, .ofs_x = 1, .ofs_y = -1},
    {.bitmap_index = 21157, .adv_w = 247, .box_w = 13, .box_h = 15, .ofs_x = 1, .ofs_y = -2},
    {.bitmap_index = 21182, .adv_w = 247, .box_w = 14, .box_h = 14, .ofs_x = 1, .ofs_y = -1},
    {.bitmap_index = 21207, .adv_w = 247, .box_w = 14, .box_h = 14, .ofs_x = 1, .ofs_y = -1},
    {.bitmap_index = 21232, .adv_w = 247, .box_w = 13, .box_h = 14, .ofs_x = 1, .ofs_y = -1},
    {.bitmap_index = 21255, .adv_w = 247, .box_w = 13, .box_h = 14, .ofs_x = 1, .ofs_y = -1},
    {.bitmap_index = 21278, .adv_w = 247, .box_w = 14, .box_h = 15, .ofs_x = 1, .ofs_y = -2},
    {.bitmap_index = 21305, .adv_w = 247, .box_w = 14, .box_h = 16, .ofs_x = 1, .ofs_y = -3},
    {.bitmap_index = 21333, .adv_w = 247, .box_w = 12, .box_h = 15, .ofs_x = 1, .ofs_y = -2},
    {.bitmap_index = 21356, .adv_w = 247, .box_w = 12, .box_h = 15, .ofs_x = 1, .ofs_y = -2},
    {.bitmap_index = 21379, .adv_w = 247, .box_w = 12, .box_h = 15, .ofs_x = 1, .ofs_y = -2},
    {.bitmap_index = 21402, .adv_w = 247, .box_w = 12, .box_h = 14, .ofs_x = 1, .ofs_y = -1},
    {.bitmap_index = 21423, .adv_w = 247, .box_w = 13, .box_h = 14, .ofs_x = 1, .ofs_y = -1},
    {.bitmap_index = 21446, .adv_w = 247, .box_w = 12, .box_h = 14, .ofs_x = 1, .ofs_y = -1},
    {.bitmap_index = 21467, .adv_w = 247, .box_w = 13, .box_h = 15, .ofs_x = 1, .ofs_y = -2},
    {.bitmap_index = 21492, .adv_w = 247, .box_w = 12, .box_h = 14, .ofs_x = 1, .ofs_y = -1},
    {.bitmap_index = 21513, .adv_w = 247, .box_w = 13, .box_h = 15, .ofs_x = 1, .ofs_y = -2},
    {.bitmap_index = 21538, .adv_w = 247, .box_w = 13, .box_h = 15, .ofs_x = 1, .ofs_y = -2},
    {.bitmap_index = 21563, .adv_w = 247, .box_w = 14, .box_h = 11, .ofs_x = 1, .ofs_y = 1},
    {.bitmap_index = 21583, .adv_w = 247, .box_w = 14, .box_h = 15, .ofs_x = 0, .ofs_y = -2},
    {.bitmap_index = 21610, .adv_w = 247, .box_w = 15, .box_h = 15, .ofs_x = 0, .ofs_y = -2},
    {.bitmap_index = 21639, .adv_w = 247, .box_w = 15, .box_h = 14, .ofs_x = 0, .ofs_y = -1},
    {.bitmap_index = 21666, .adv_w = 247, .box_w = 15, .box_h = 14, .ofs_x = 0, .ofs_y = -1},
    {.bitmap_index = 21693, .adv_w = 247, .box_w = 14, .box_h = 14, .ofs_x = 0, .ofs_y = -1},
    {.bitmap_index = 21718, .adv_w = 247, .box_w = 14, .box_h = 14, .ofs_x = 0, .ofs_y = -1},
    {.bitmap_index = 21743, .adv_w = 247, .box_w = 15, .box_h = 15, .ofs_x = 0, .ofs_y = -2},
    {.bitmap_index = 21772, .adv_w = 247, .box_w = 15, .box_h = 14, .ofs_x = 0, .ofs_y = -1},
    {.bitmap_index = 21799, .adv_w = 247, .box_w = 15, .box_h = 15, .ofs_x = 0, .ofs_y = -2},
    {.bitmap_index = 21828, .adv_w = 247, .box_w = 15, .box_h = 15, .ofs_x = 0, .ofs_y = -2},
    {.bitmap_index = 21857, .adv_w = 247, .box_w = 15, .box_h = 14, .ofs_x = 0, .ofs_y = -1},
    {.bitmap_index = 21884, .adv_w = 247, .box_w = 15, .box_h = 15, .ofs_x = 0, .ofs_y = -2},
    {.bitmap_index = 21913, .adv_w = 247, .box_w = 15, .box_h = 15, .ofs_x = 0, .ofs_y = -2},
    {.bitmap_index = 21942, .adv_w = 247, .box_w = 12, .box_h = 15, .ofs_x = 1, .ofs_y = -2},
    {.bitmap_index = 21965, .adv_w = 247, .box_w = 13, .box_h = 14, .ofs_x = 1, .ofs_y = -1},
    {.bitmap_index = 21988, .adv_w = 247, .box_w = 13, .box_h = 14, .ofs_x = 1, .ofs_y = -1},
    {.bitmap_index = 22011, .adv_w = 247, .box_w = 12, .box_h = 14, .ofs_x = 1, .ofs_y = -1},
    {.bitmap_index = 22032, .adv_w = 247, .box_w = 13, .box_h = 15, .ofs_x = 1, .ofs_y = -2},
    {.bitmap_index = 22057, .adv_w = 247, .box_w = 12, .box_h = 15, .ofs_x = 1, .ofs_y = -2},
    {.bitmap_index = 22080, .adv_w = 247, .box_w = 14, .box_h = 10, .ofs_x = 1, .ofs_y = 1},
    {.bitmap_index = 22098, .adv_w = 247, .box_w = 15, .box_h = 14, .ofs_x = 0, .ofs_y = -1},
    {.bitmap_index = 22125, .adv_w = 247, .box_w = 15, .box_h = 14, .ofs_x = 0, .ofs_y = -1},
    {.bitmap_index = 22152, .adv_w = 247, .box_w = 15, .box_h = 14, .ofs_x = 0, .ofs_y = -1},
    {.bitmap_index = 22179, .adv_w = 247, .box_w = 14, .box_h = 15, .ofs_x = 1, .ofs_y = -2},
    {.bitmap_index = 22206, .adv_w = 247, .box_w = 14, .box_h = 15, .ofs_x = 1, .ofs_y = -2},
    {.bitmap_index = 22233, .adv_w = 247, .box_w = 14, .box_h = 15, .ofs_x = 0, .ofs_y = -2},
    {.bitmap_index = 22260, .adv_w = 247, .box_w = 14, .box_h = 15, .ofs_x = 1, .ofs_y = -2},
    {.bitmap_index = 22287, .adv_w = 247, .box_w = 15, .box_h = 14, .ofs_x = 0, .ofs_y = -1},
    {.bitmap_index = 22314, .adv_w = 247, .box_w = 15, .box_h = 14, .ofs_x = 0, .ofs_y = -1},
    {.bitmap_index = 22341, .adv_w = 247, .box_w = 15, .box_h = 14, .ofs_x = 0, .ofs_y = -1},
    {.bitmap_index = 22368, .adv_w = 247, .box_w = 15, .box_h = 15, .ofs_x = 0, .ofs_y = -2},
    {.bitmap_index = 22397, .adv_w = 247, .box_w = 14, .box_h = 14, .ofs_x = 0, .ofs_y = -1},
    {.bitmap_index = 22422, .adv_w = 247, .box_w = 15, .box_h = 14, .ofs_x = 0, .ofs_y = -1},
    {.bitmap_index = 22449, .adv_w = 247, .box_w = 15, .box_h = 14, .ofs_x = 0, .ofs_y = -1},
    {.bitmap_index = 22476, .adv_w = 247, .box_w = 14, .box_h = 15, .ofs_x = 0, .ofs_y = -2},
    {.bitmap_index = 22503, .adv_w = 247, .box_w = 15, .box_h = 15, .ofs_x = 0, .ofs_y = -2},
    {.bitmap_index = 22532, .adv_w = 247, .box_w = 15, .box_h = 14, .ofs_x = 0, .ofs_y = -1},
    {.bitmap_index = 22559, .adv_w = 247, .box_w = 14, .box_h = 15, .ofs_x = 1, .ofs_y = -2},
    {.bitmap_index = 22586, .adv_w = 247, .box_w = 13, .box_h = 14, .ofs_x = 0, .ofs_y = -1},
    {.bitmap_index = 22609, .adv_w = 247, .box_w = 14, .box_h = 14, .ofs_x = 0, .ofs_y = -1},
    {.bitmap_index = 22634, .adv_w = 247, .box_w = 13, .box_h = 14, .ofs_x = 1, .ofs_y = -1},
    {.bitmap_index = 22657, .adv_w = 247, .box_w = 13, .box_h = 15, .ofs_x = 0, .ofs_y = -2},
    {.bitmap_index = 22682, .adv_w = 247, .box_w = 14, .box_h = 15, .ofs_x = 0, .ofs_y = -2},
    {.bitmap_index = 22709, .adv_w = 247, .box_w = 13, .box_h = 15, .ofs_x = 0, .ofs_y = -2},
    {.bitmap_index = 22734, .adv_w = 247, .box_w = 12, .box_h = 15, .ofs_x = 1, .ofs_y = -2},
    {.bitmap_index = 22757, .adv_w = 247, .box_w = 13, .box_h = 14, .ofs_x = 1, .ofs_y = -1},
    {.bitmap_index = 22780, .adv_w = 247, .box_w = 13, .box_h = 14, .ofs_x = 1, .ofs_y = -1},
    {.bitmap_index = 22803, .adv_w = 247, .box_w = 15, .box_h = 14, .ofs_x = 1, .ofs_y = -2},
    {.bitmap_index = 22830, .adv_w = 247, .box_w = 14, .box_h = 14, .ofs_x = 1, .ofs_y = -1},
    {.bitmap_index = 22855, .adv_w = 247, .box_w = 15, .box_h = 14, .ofs_x = 0, .ofs_y = -1},
    {.bitmap_index = 22882, .adv_w = 247, .box_w = 15, .box_h = 14, .ofs_x = 0, .ofs_y = -1},
    {.bitmap_index = 22909, .adv_w = 247, .box_w = 14, .box_h = 15, .ofs_x = 1, .ofs_y = -2},
    {.bitmap_index = 22936, .adv_w = 247, .box_w = 14, .box_h = 11, .ofs_x = 1, .ofs_y = 1},
    {.bitmap_index = 22956, .adv_w = 247, .box_w = 15, .box_h = 14, .ofs_x = 0, .ofs_y = -1},
    {.bitmap_index = 22983, .adv_w = 247, .box_w = 15, .box_h = 14, .ofs_x = 0, .ofs_y = -1},
    {.bitmap_index = 23010, .adv_w = 247, .box_w = 14, .box_h = 14, .ofs_x = 1, .ofs_y = -1},
    {.bitmap_index = 23035, .adv_w = 247, .box_w = 14, .box_h = 15, .ofs_x = 1, .ofs_y = -2},
    {.bitmap_index = 23062, .adv_w = 247, .box_w = 12, .box_h = 15, .ofs_x = 1, .ofs_y = -2},
    {.bitmap_index = 23085, .adv_w = 247, .box_w = 12, .box_h = 15, .ofs_x = 1, .ofs_y = -2},
    {.bitmap_index = 23108, .adv_w = 247, .box_w = 13, .box_h = 14, .ofs_x = 1, .ofs_y = -1},
    {.bitmap_index = 23131, .adv_w = 247, .box_w = 12, .box_h = 14, .ofs_x = 1, .ofs_y = -1},
    {.bitmap_index = 23152, .adv_w = 247, .box_w = 13, .box_h = 14, .ofs_x = 1, .ofs_y = -1},
    {.bitmap_index = 23175, .adv_w = 247, .box_w = 11, .box_h = 14, .ofs_x = 1, .ofs_y = -1},
    {.bitmap_index = 23195, .adv_w = 247, .box_w = 11, .box_h = 14, .ofs_x = 1, .ofs_y = -1},
    {.bitmap_index = 23215, .adv_w = 247, .box_w = 11, .box_h = 14, .ofs_x = 2, .ofs_y = -1},
    {.bitmap_index = 23235, .adv_w = 247, .box_w = 12, .box_h = 14, .ofs_x = 1, .ofs_y = -1},
    {.bitmap_index = 23256, .adv_w = 247, .box_w = 13, .box_h = 14, .ofs_x = 1, .ofs_y = -1},
    {.bitmap_index = 23279, .adv_w = 247, .box_w = 11, .box_h = 14, .ofs_x = 1, .ofs_y = -1},
    {.bitmap_index = 23299, .adv_w = 247, .box_w = 12, .box_h = 15, .ofs_x = 2, .ofs_y = -2},
    {.bitmap_index = 23322, .adv_w = 247, .box_w = 12, .box_h = 14, .ofs_x = 1, .ofs_y = -1},
    {.bitmap_index = 23343, .adv_w = 247, .box_w = 14, .box_h = 15, .ofs_x = 1, .ofs_y = -2},
    {.bitmap_index = 23370, .adv_w = 247, .box_w = 14, .box_h = 15, .ofs_x = 1, .ofs_y = -2},
    {.bitmap_index = 23397, .adv_w = 247, .box_w = 14, .box_h = 15, .ofs_x = 1, .ofs_y = -2},
    {.bitmap_index = 23424, .adv_w = 247, .box_w = 14, .box_h = 15, .ofs_x = 1, .ofs_y = -2},
    {.bitmap_index = 23451, .adv_w = 247, .box_w = 14, .box_h = 14, .ofs_x = 1, .ofs_y = -1},
    {.bitmap_index = 23476, .adv_w = 247, .box_w = 14, .box_h = 14, .ofs_x = 1, .ofs_y = -1},
    {.bitmap_index = 23501, .adv_w = 247, .box_w = 14, .box_h = 14, .ofs_x = 1, .ofs_y = -1},
    {.bitmap_index = 23526, .adv_w = 247, .box_w = 14, .box_h = 14, .ofs_x = 1, .ofs_y = -1},
    {.bitmap_index = 23551, .adv_w = 247, .box_w = 14, .box_h = 14, .ofs_x = 1, .ofs_y = -1},
    {.bitmap_index = 23576, .adv_w = 247, .box_w = 14, .box_h = 14, .ofs_x = 1, .ofs_y = -1},
    {.bitmap_index = 23601, .adv_w = 247, .box_w = 14, .box_h = 14, .ofs_x = 1, .ofs_y = -1},
    {.bitmap_index = 23626, .adv_w = 247, .box_w = 14, .box_h = 14, .ofs_x = 1, .ofs_y = -1},
    {.bitmap_index = 23651, .adv_w = 247, .box_w = 14, .box_h = 15, .ofs_x = 1, .ofs_y = -2},
    {.bitmap_index = 23678, .adv_w = 247, .box_w = 14, .box_h = 15, .ofs_x = 1, .ofs_y = -2},
    {.bitmap_index = 23705, .adv_w = 247, .box_w = 14, .box_h = 14, .ofs_x = 1, .ofs_y = -1},
    {.bitmap_index = 23730, .adv_w = 247, .box_w = 13, .box_h = 15, .ofs_x = 1, .ofs_y = -2},
    {.bitmap_index = 23755, .adv_w = 247, .box_w = 13, .box_h = 15, .ofs_x = 1, .ofs_y = -2},
    {.bitmap_index = 23780, .adv_w = 247, .box_w = 14, .box_h = 14, .ofs_x = 1, .ofs_y = -1},
    {.bitmap_index = 23805, .adv_w = 247, .box_w = 14, .box_h = 14, .ofs_x = 1, .ofs_y = -1},
    {.bitmap_index = 23830, .adv_w = 247, .box_w = 12, .box_h = 14, .ofs_x = 1, .ofs_y = -1},
    {.bitmap_index = 23851, .adv_w = 247, .box_w = 12, .box_h = 15, .ofs_x = 1, .ofs_y = -2},
    {.bitmap_index = 23874, .adv_w = 247, .box_w = 14, .box_h = 15, .ofs_x = 1, .ofs_y = -2},
    {.bitmap_index = 23901, .adv_w = 247, .box_w = 14, .box_h = 15, .ofs_x = 1, .ofs_y = -2},
    {.bitmap_index = 23928, .adv_w = 247, .box_w = 12, .box_h = 14, .ofs_x = 1, .ofs_y = -1},
    {.bitmap_index = 23949, .adv_w = 247, .box_w = 13, .box_h = 14, .ofs_x = 1, .ofs_y = -1},
    {.bitmap_index = 23972, .adv_w = 247, .box_w = 14, .box_h = 15, .ofs_x = 1, .ofs_y = -2},
    {.bitmap_index = 23999, .adv_w = 247, .box_w = 14, .box_h = 16, .ofs_x = 1, .ofs_y = -3},
    {.bitmap_index = 24027, .adv_w = 247, .box_w = 14, .box_h = 14, .ofs_x = 1, .ofs_y = -1},
    {.bitmap_index = 24052, .adv_w = 247, .box_w = 14, .box_h = 14, .ofs_x = 1, .ofs_y = -1},
    {.bitmap_index = 24077, .adv_w = 247, .box_w = 12, .box_h = 15, .ofs_x = 1, .ofs_y = -2},
    {.bitmap_index = 24100, .adv_w = 247, .box_w = 12, .box_h = 15, .ofs_x = 1, .ofs_y = -2},
    {.bitmap_index = 24123, .adv_w = 247, .box_w = 12, .box_h = 14, .ofs_x = 1, .ofs_y = -1},
    {.bitmap_index = 24144, .adv_w = 247, .box_w = 12, .box_h = 14, .ofs_x = 1, .ofs_y = -1},
    {.bitmap_index = 24165, .adv_w = 247, .box_w = 13, .box_h = 14, .ofs_x = 1, .ofs_y = -1},
    {.bitmap_index = 24188, .adv_w = 247, .box_w = 12, .box_h = 14, .ofs_x = 1, .ofs_y = -1},
    {.bitmap_index = 24209, .adv_w = 247, .box_w = 11, .box_h = 14, .ofs_x = 1, .ofs_y = -1},
    {.bitmap_index = 24229, .adv_w = 247, .box_w = 12, .box_h = 15, .ofs_x = 1, .ofs_y = -2},
    {.bitmap_index = 24252, .adv_w = 247, .box_w = 13, .box_h = 15, .ofs_x = 1, .ofs_y = -2},
    {.bitmap_index = 24277, .adv_w = 247, .box_w = 12, .box_h = 14, .ofs_x = 1, .ofs_y = -1},
    {.bitmap_index = 24298, .adv_w = 247, .box_w = 13, .box_h = 14, .ofs_x = 1, .ofs_y = -1},
    {.bitmap_index = 24321, .adv_w = 247, .box_w = 13, .box_h = 15, .ofs_x = 1, .ofs_y = -2},
    {.bitmap_index = 24346, .adv_w = 247, .box_w = 12, .box_h = 15, .ofs_x = 1, .ofs_y = -2},
    {.bitmap_index = 24369, .adv_w = 247, .box_w = 14, .box_h = 14, .ofs_x = 1, .ofs_y = -1},
    {.bitmap_index = 24394, .adv_w = 247, .box_w = 13, .box_h = 14, .ofs_x = 1, .ofs_y = -1},
    {.bitmap_index = 24417, .adv_w = 247, .box_w = 14, .box_h = 14, .ofs_x = 1, .ofs_y = -1},
    {.bitmap_index = 24442, .adv_w = 247, .box_w = 12, .box_h = 14, .ofs_x = 1, .ofs_y = -1},
    {.bitmap_index = 24463, .adv_w = 247, .box_w = 12, .box_h = 15, .ofs_x = 1, .ofs_y = -2},
    {.bitmap_index = 24486, .adv_w = 247, .box_w = 14, .box_h = 15, .ofs_x = 1, .ofs_y = -2},
    {.bitmap_index = 24513, .adv_w = 247, .box_w = 14, .box_h = 15, .ofs_x = 1, .ofs_y = -2},
    {.bitmap_index = 24540, .adv_w = 247, .box_w = 12, .box_h = 15, .ofs_x = 1, .ofs_y = -2},
    {.bitmap_index = 24563, .adv_w = 247, .box_w = 12, .box_h = 15, .ofs_x = 1, .ofs_y = -2},
    {.bitmap_index = 24586, .adv_w = 247, .box_w = 12, .box_h = 15, .ofs_x = 1, .ofs_y = -2},
    {.bitmap_index = 24609, .adv_w = 247, .box_w = 12, .box_h = 14, .ofs_x = 1, .ofs_y = -1},
    {.bitmap_index = 24630, .adv_w = 247, .box_w = 13, .box_h = 14, .ofs_x = 1, .ofs_y = -1},
    {.bitmap_index = 24653, .adv_w = 247, .box_w = 12, .box_h = 14, .ofs_x = 1, .ofs_y = -1},
    {.bitmap_index = 24674, .adv_w = 247, .box_w = 13, .box_h = 15, .ofs_x = 1, .ofs_y = -2},
    {.bitmap_index = 24699, .adv_w = 247, .box_w = 13, .box_h = 15, .ofs_x = 1, .ofs_y = -2},
    {.bitmap_index = 24724, .adv_w = 247, .box_w = 12, .box_h = 14, .ofs_x = 1, .ofs_y = -1},
    {.bitmap_index = 24745, .adv_w = 247, .box_w = 12, .box_h = 14, .ofs_x = 1, .ofs_y = -1},
    {.bitmap_index = 24766, .adv_w = 247, .box_w = 13, .box_h = 15, .ofs_x = 1, .ofs_y = -2},
    {.bitmap_index = 24791, .adv_w = 247, .box_w = 14, .box_h = 14, .ofs_x = 1, .ofs_y = -1},
    {.bitmap_index = 24816, .adv_w = 247, .box_w = 14, .box_h = 11, .ofs_x = 1, .ofs_y = 1},
    {.bitmap_index = 24836, .adv_w = 247, .box_w = 15, .box_h = 15, .ofs_x = 0, .ofs_y = -2},
    {.bitmap_index = 24865, .adv_w = 247, .box_w = 15, .box_h = 15, .ofs_x = 0, .ofs_y = -2},
    {.bitmap_index = 24894, .adv_w = 247, .box_w = 15, .box_h = 14, .ofs_x = 0, .ofs_y = -1},
    {.bitmap_index = 24921, .adv_w = 247, .box_w = 15, .box_h = 14, .ofs_x = 0, .ofs_y = -1},
    {.bitmap_index = 24948, .adv_w = 247, .box_w = 15, .box_h = 14, .ofs_x = 0, .ofs_y = -1},
    {.bitmap_index = 24975, .adv_w = 247, .box_w = 15, .box_h = 15, .ofs_x = 0, .ofs_y = -2},
    {.bitmap_index = 25004, .adv_w = 247, .box_w = 15, .box_h = 14, .ofs_x = 0, .ofs_y = -1},
    {.bitmap_index = 25031, .adv_w = 247, .box_w = 15, .box_h = 15, .ofs_x = 0, .ofs_y = -2},
    {.bitmap_index = 25060, .adv_w = 247, .box_w = 15, .box_h = 15, .ofs_x = 0, .ofs_y = -2},
    {.bitmap_index = 25089, .adv_w = 247, .box_w = 15, .box_h = 14, .ofs_x = 0, .ofs_y = -1},
    {.bitmap_index = 25116, .adv_w = 247, .box_w = 15, .box_h = 15, .ofs_x = 0, .ofs_y = -2},
    {.bitmap_index = 25145, .adv_w = 247, .box_w = 13, .box_h = 15, .ofs_x = 0, .ofs_y = -2},
    {.bitmap_index = 25170, .adv_w = 247, .box_w = 14, .box_h = 15, .ofs_x = 0, .ofs_y = -2},
    {.bitmap_index = 25197, .adv_w = 247, .box_w = 12, .box_h = 15, .ofs_x = 1, .ofs_y = -2},
    {.bitmap_index = 25220, .adv_w = 247, .box_w = 12, .box_h = 15, .ofs_x = 1, .ofs_y = -2},
    {.bitmap_index = 25243, .adv_w = 247, .box_w = 13, .box_h = 14, .ofs_x = 1, .ofs_y = -1},
    {.bitmap_index = 25266, .adv_w = 247, .box_w = 13, .box_h = 14, .ofs_x = 1, .ofs_y = -1},
    {.bitmap_index = 25289, .adv_w = 247, .box_w = 12, .box_h = 15, .ofs_x = 1, .ofs_y = -2},
    {.bitmap_index = 25312, .adv_w = 247, .box_w = 12, .box_h = 15, .ofs_x = 1, .ofs_y = -2},
    {.bitmap_index = 25335, .adv_w = 247, .box_w = 14, .box_h = 12, .ofs_x = 1, .ofs_y = 1},
    {.bitmap_index = 25356, .adv_w = 247, .box_w = 15, .box_h = 14, .ofs_x = 0, .ofs_y = -1},
    {.bitmap_index = 25383, .adv_w = 247, .box_w = 14, .box_h = 15, .ofs_x = 1, .ofs_y = -2},
    {.bitmap_index = 25410, .adv_w = 247, .box_w = 15, .box_h = 15, .ofs_x = 0, .ofs_y = -2},
    {.bitmap_index = 25439, .adv_w = 247, .box_w = 15, .box_h = 14, .ofs_x = 0, .ofs_y = -1},
    {.bitmap_index = 25466, .adv_w = 247, .box_w = 15, .box_h = 14, .ofs_x = 0, .ofs_y = -1},
    {.bitmap_index = 25493, .adv_w = 247, .box_w = 15, .box_h = 14, .ofs_x = 0, .ofs_y = -1},
    {.bitmap_index = 25520, .adv_w = 247, .box_w = 15, .box_h = 15, .ofs_x = 0, .ofs_y = -2},
    {.bitmap_index = 25549, .adv_w = 247, .box_w = 15, .box_h = 14, .ofs_x = 0, .ofs_y = -1},
    {.bitmap_index = 25576, .adv_w = 247, .box_w = 15, .box_h = 15, .ofs_x = 0, .ofs_y = -2},
    {.bitmap_index = 25605, .adv_w = 247, .box_w = 15, .box_h = 15, .ofs_x = 0, .ofs_y = -2},
    {.bitmap_index = 25634, .adv_w = 247, .box_w = 15, .box_h = 15, .ofs_x = 0, .ofs_y = -2},
    {.bitmap_index = 25663, .adv_w = 247, .box_w = 15, .box_h = 15, .ofs_x = 0, .ofs_y = -2},
    {.bitmap_index = 25692, .adv_w = 247, .box_w = 15, .box_h = 14, .ofs_x = 0, .ofs_y = -1},
    {.bitmap_index = 25719, .adv_w = 247, .box_w = 15, .box_h = 14, .ofs_x = 0, .ofs_y = -1},
    {.bitmap_index = 25746, .adv_w = 247, .box_w = 13, .box_h = 15, .ofs_x = 0, .ofs_y = -2},
    {.bitmap_index = 25771, .adv_w = 247, .box_w = 13, .box_h = 14, .ofs_x = 1, .ofs_y = -1},
    {.bitmap_index = 25794, .adv_w = 247, .box_w = 13, .box_h = 15, .ofs_x = 1, .ofs_y = -2},
    {.bitmap_index = 25819, .adv_w = 247, .box_w = 14, .box_h = 15, .ofs_x = 0, .ofs_y = -2},
    {.bitmap_index = 25846, .adv_w = 247, .box_w = 12, .box_h = 15, .ofs_x = 1, .ofs_y = -2},
    {.bitmap_index = 25869, .adv_w = 247, .box_w = 12, .box_h = 15, .ofs_x = 1, .ofs_y = -2},
    {.bitmap_index = 25892, .adv_w = 247, .box_w = 13, .box_h = 14, .ofs_x = 1, .ofs_y = -1},
    {.bitmap_index = 25915, .adv_w = 247, .box_w = 13, .box_h = 14, .ofs_x = 1, .ofs_y = -1},
    {.bitmap_index = 25938, .adv_w = 247, .box_w = 12, .box_h = 15, .ofs_x = 1, .ofs_y = -2},
    {.bitmap_index = 25961, .adv_w = 247, .box_w = 14, .box_h = 15, .ofs_x = 1, .ofs_y = -2},
    {.bitmap_index = 25988, .adv_w = 247, .box_w = 14, .box_h = 14, .ofs_x = 1, .ofs_y = -1},
    {.bitmap_index = 26013, .adv_w = 247, .box_w = 15, .box_h = 14, .ofs_x = 0, .ofs_y = -1},
    {.bitmap_index = 26040, .adv_w = 247, .box_w = 15, .box_h = 15, .ofs_x = 0, .ofs_y = -2},
    {.bitmap_index = 26069, .adv_w = 247, .box_w = 15, .box_h = 15, .ofs_x = 0, .ofs_y = -2},
    {.bitmap_index = 26098, .adv_w = 247, .box_w = 15, .box_h = 15, .ofs_x = 0, .ofs_y = -2},
    {.bitmap_index = 26127, .adv_w = 247, .box_w = 14, .box_h = 11, .ofs_x = 1, .ofs_y = 1},
    {.bitmap_index = 26147, .adv_w = 247, .box_w = 15, .box_h = 15, .ofs_x = 0, .ofs_y = -2},
    {.bitmap_index = 26176, .adv_w = 247, .box_w = 15, .box_h = 14, .ofs_x = 0, .ofs_y = -1},
    {.bitmap_index = 26203, .adv_w = 247, .box_w = 15, .box_h = 14, .ofs_x = 0, .ofs_y = -1},
    {.bitmap_index = 26230, .adv_w = 247, .box_w = 15, .box_h = 14, .ofs_x = 0, .ofs_y = -1},
    {.bitmap_index = 26257, .adv_w = 247, .box_w = 15, .box_h = 15, .ofs_x = 0, .ofs_y = -2},
    {.bitmap_index = 26286, .adv_w = 247, .box_w = 15, .box_h = 14, .ofs_x = 0, .ofs_y = -1},
    {.bitmap_index = 26313, .adv_w = 247, .box_w = 12, .box_h = 15, .ofs_x = 1, .ofs_y = -2},
    {.bitmap_index = 26336, .adv_w = 247, .box_w = 12, .box_h = 15, .ofs_x = 1, .ofs_y = -2},
    {.bitmap_index = 26359, .adv_w = 247, .box_w = 13, .box_h = 14, .ofs_x = 1, .ofs_y = -1},
    {.bitmap_index = 26382, .adv_w = 247, .box_w = 13, .box_h = 14, .ofs_x = 1, .ofs_y = -1},
    {.bitmap_index = 26405, .adv_w = 247, .box_w = 12, .box_h = 14, .ofs_x = 1, .ofs_y = -1},
    {.bitmap_index = 26426, .adv_w = 247, .box_w = 11, .box_h = 14, .ofs_x = 1, .ofs_y = -1},
    {.bitmap_index = 26446, .adv_w = 247, .box_w = 12, .box_h = 15, .ofs_x = 1, .ofs_y = -2},
    {.bitmap_index = 26469, .adv_w = 247, .box_w = 12, .box_h = 15, .ofs_x = 1, .ofs_y = -2},
    {.bitmap_index = 26492, .adv_w = 247, .box_w = 11, .box_h = 14, .ofs_x = 1, .ofs_y = -1},
    {.bitmap_index = 26512, .adv_w = 247, .box_w = 13, .box_h = 14, .ofs_x = 1, .ofs_y = -1},
    {.bitmap_index = 26535, .adv_w = 247, .box_w = 12, .box_h = 15, .ofs_x = 1, .ofs_y = -2},
    {.bitmap_index = 26558, .adv_w = 247, .box_w = 15, .box_h = 15, .ofs_x = 0, .ofs_y = -2},
    {.bitmap_index = 26587, .adv_w = 247, .box_w = 15, .box_h = 15, .ofs_x = 0, .ofs_y = -2},
    {.bitmap_index = 26616, .adv_w = 247, .box_w = 15, .box_h = 14, .ofs_x = 0, .ofs_y = -1},
    {.bitmap_index = 26643, .adv_w = 247, .box_w = 15, .box_h = 14, .ofs_x = 0, .ofs_y = -1},
    {.bitmap_index = 26670, .adv_w = 247, .box_w = 15, .box_h = 14, .ofs_x = 0, .ofs_y = -1},
    {.bitmap_index = 26697, .adv_w = 247, .box_w = 15, .box_h = 14, .ofs_x = 0, .ofs_y = -1},
    {.bitmap_index = 26724, .adv_w = 247, .box_w = 15, .box_h = 14, .ofs_x = 0, .ofs_y = -1},
    {.bitmap_index = 26751, .adv_w = 247, .box_w = 15, .box_h = 15, .ofs_x = 0, .ofs_y = -2},
    {.bitmap_index = 26780, .adv_w = 247, .box_w = 15, .box_h = 15, .ofs_x = 0, .ofs_y = -2},
    {.bitmap_index = 26809, .adv_w = 247, .box_w = 15, .box_h = 14, .ofs_x = 0, .ofs_y = -1},
    {.bitmap_index = 26836, .adv_w = 247, .box_w = 15, .box_h = 15, .ofs_x = 0, .ofs_y = -2},
    {.bitmap_index = 26865, .adv_w = 247, .box_w = 13, .box_h = 15, .ofs_x = 0, .ofs_y = -2},
    {.bitmap_index = 26890, .adv_w = 247, .box_w = 13, .box_h = 15, .ofs_x = 1, .ofs_y = -2},
    {.bitmap_index = 26915, .adv_w = 247, .box_w = 14, .box_h = 14, .ofs_x = 1, .ofs_y = -1},
    {.bitmap_index = 26940, .adv_w = 247, .box_w = 14, .box_h = 14, .ofs_x = 1, .ofs_y = -1},
    {.bitmap_index = 26965, .adv_w = 247, .box_w = 13, .box_h = 14, .ofs_x = 1, .ofs_y = -1},
    {.bitmap_index = 26988, .adv_w = 247, .box_w = 13, .box_h = 14, .ofs_x = 1, .ofs_y = -1},
    {.bitmap_index = 27011, .adv_w = 247, .box_w = 14, .box_h = 15, .ofs_x = 1, .ofs_y = -2},
    {.bitmap_index = 27038, .adv_w = 247, .box_w = 14, .box_h = 15, .ofs_x = 1, .ofs_y = -2},
    {.bitmap_index = 27065, .adv_w = 247, .box_w = 13, .box_h = 15, .ofs_x = 1, .ofs_y = -2},
    {.bitmap_index = 27090, .adv_w = 247, .box_w = 15, .box_h = 15, .ofs_x = 0, .ofs_y = -2},
    {.bitmap_index = 27119, .adv_w = 247, .box_w = 15, .box_h = 15, .ofs_x = 0, .ofs_y = -2},
    {.bitmap_index = 27148, .adv_w = 247, .box_w = 15, .box_h = 14, .ofs_x = 0, .ofs_y = -1},
    {.bitmap_index = 27175, .adv_w = 247, .box_w = 13, .box_h = 15, .ofs_x = 1, .ofs_y = -2},
    {.bitmap_index = 27200, .adv_w = 247, .box_w = 12, .box_h = 15, .ofs_x = 1, .ofs_y = -2},
    {.bitmap_index = 27223, .adv_w = 247, .box_w = 13, .box_h = 14, .ofs_x = 1, .ofs_y = -1},
    {.bitmap_index = 27246, .adv_w = 247, .box_w = 13, .box_h = 14, .ofs_x = 1, .ofs_y = -1},
    {.bitmap_index = 27269, .adv_w = 247, .box_w = 13, .box_h = 14, .ofs_x = 1, .ofs_y = -1},
    {.bitmap_index = 27292, .adv_w = 247, .box_w = 12, .box_h = 14, .ofs_x = 1, .ofs_y = -1},
    {.bitmap_index = 27313, .adv_w = 247, .box_w = 13, .box_h = 15, .ofs_x = 1, .ofs_y = -2},
    {.bitmap_index = 27338, .adv_w = 247, .box_w = 13, .box_h = 15, .ofs_x = 1, .ofs_y = -2},
    {.bitmap_index = 27363, .adv_w = 247, .box_w = 12, .box_h = 14, .ofs_x = 1, .ofs_y = -1},
    {.bitmap_index = 27384, .adv_w = 247, .box_w = 13, .box_h = 15, .ofs_x = 0, .ofs_y = -2},
    {.bitmap_index = 27409, .adv_w = 247, .box_w = 13, .box_h = 15, .ofs_x = 1, .ofs_y = -2},
    {.bitmap_index = 27434, .adv_w = 247, .box_w = 13, .box_h = 15, .ofs_x = 1, .ofs_y = -2},
    {.bitmap_index = 27459, .adv_w = 247, .box_w = 12, .box_h = 15, .ofs_x = 1, .ofs_y = -2},
    {.bitmap_index = 27482, .adv_w = 247, .box_w = 12, .box_h = 14, .ofs_x = 1, .ofs_y = -1},
    {.bitmap_index = 27503, .adv_w = 247, .box_w = 12, .box_h = 14, .ofs_x = 1, .ofs_y = -1},
    {.bitmap_index = 27524, .adv_w = 247, .box_w = 13, .box_h = 15, .ofs_x = 1, .ofs_y = -2},
    {.bitmap_index = 27549, .adv_w = 247, .box_w = 13, .box_h = 15, .ofs_x = 1, .ofs_y = -2},
    {.bitmap_index = 27574, .adv_w = 247, .box_w = 12, .box_h = 14, .ofs_x = 1, .ofs_y = -1},
    {.bitmap_index = 27595, .adv_w = 247, .box_w = 14, .box_h = 12, .ofs_x = 1, .ofs_y = 1},
    {.bitmap_index = 27616, .adv_w = 247, .box_w = 14, .box_h = 16, .ofs_x = 1, .ofs_y = -2},
    {.bitmap_index = 27644, .adv_w = 247, .box_w = 14, .box_h = 14, .ofs_x = 1, .ofs_y = -1},
    {.bitmap_index = 27669, .adv_w = 247, .box_w = 14, .box_h = 15, .ofs_x = 1, .ofs_y = -1},
    {.bitmap_index = 27696, .adv_w = 247, .box_w = 14, .box_h = 15, .ofs_x = 1, .ofs_y = -1},
    {.bitmap_index = 27723, .adv_w = 247, .box_w = 14, .box_h = 16, .ofs_x = 1, .ofs_y = -2},
    {.bitmap_index = 27751, .adv_w = 247, .box_w = 14, .box_h = 16, .ofs_x = 1, .ofs_y = -2},
    {.bitmap_index = 27779, .adv_w = 247, .box_w = 12, .box_h = 15, .ofs_x = 1, .ofs_y = -2},
    {.bitmap_index = 27802, .adv_w = 247, .box_w = 14, .box_h = 12, .ofs_x = 1, .ofs_y = 1},
    {.bitmap_index = 27823, .adv_w = 247, .box_w = 14, .box_h = 16, .ofs_x = 1, .ofs_y = -2},
    {.bitmap_index = 27851, .adv_w = 247, .box_w = 14, .box_h = 15, .ofs_x = 1, .ofs_y = -2},
    {.bitmap_index = 27878, .adv_w = 247, .box_w = 14, .box_h = 16, .ofs_x = 1, .ofs_y = -2},
    {.bitmap_index = 27906, .adv_w = 247, .box_w = 14, .box_h = 14, .ofs_x = 1, .ofs_y = -1},
    {.bitmap_index = 27931, .adv_w = 247, .box_w = 14, .box_h = 15, .ofs_x = 1, .ofs_y = -1},
    {.bitmap_index = 27958, .adv_w = 247, .box_w = 14, .box_h = 16, .ofs_x = 1, .ofs_y = -2},
    {.bitmap_index = 27986, .adv_w = 247, .box_w = 14, .box_h = 16, .ofs_x = 1, .ofs_y = -2},
    {.bitmap_index = 28014, .adv_w = 247, .box_w = 14, .box_h = 16, .ofs_x = 1, .ofs_y = -2},
    {.bitmap_index = 28042, .adv_w = 247, .box_w = 14, .box_h = 15, .ofs_x = 1, .ofs_y = -2},
    {.bitmap_index = 28069, .adv_w = 247, .box_w = 14, .box_h = 16, .ofs_x = 1, .ofs_y = -2},
    {.bitmap_index = 28097, .adv_w = 247, .box_w = 14, .box_h = 12, .ofs_x = 1, .ofs_y = 1},
    {.bitmap_index = 28118, .adv_w = 247, .box_w = 14, .box_h = 14, .ofs_x = 1, .ofs_y = -1},
    {.bitmap_index = 28143, .adv_w = 247, .box_w = 14, .box_h = 15, .ofs_x = 1, .ofs_y = -1},
    {.bitmap_index = 28170, .adv_w = 247, .box_w = 14, .box_h = 15, .ofs_x = 1, .ofs_y = -1},
    {.bitmap_index = 28197, .adv_w = 247, .box_w = 15, .box_h = 15, .ofs_x = 0, .ofs_y = -1},
    {.bitmap_index = 28226, .adv_w = 247, .box_w = 12, .box_h = 15, .ofs_x = 1, .ofs_y = -2},
    {.bitmap_index = 28249, .adv_w = 247, .box_w = 12, .box_h = 15, .ofs_x = 1, .ofs_y = -2},
    {.bitmap_index = 28272, .adv_w = 247, .box_w = 13, .box_h = 14, .ofs_x = 1, .ofs_y = -1},
    {.bitmap_index = 28295, .adv_w = 247, .box_w = 13, .box_h = 14, .ofs_x = 1, .ofs_y = -1},
    {.bitmap_index = 28318, .adv_w = 247, .box_w = 12, .box_h = 14, .ofs_x = 1, .ofs_y = -1},
    {.bitmap_index = 28339, .adv_w = 247, .box_w = 12, .box_h = 14, .ofs_x = 1, .ofs_y = -1},
    {.bitmap_index = 28360, .adv_w = 247, .box_w = 13, .box_h = 15, .ofs_x = 1, .ofs_y = -2},
    {.bitmap_index = 28385, .adv_w = 247, .box_w = 12, .box_h = 14, .ofs_x = 1, .ofs_y = -1},
    {.bitmap_index = 28406, .adv_w = 247, .box_w = 15, .box_h = 15, .ofs_x = 0, .ofs_y = -2},
    {.bitmap_index = 28435, .adv_w = 247, .box_w = 14, .box_h = 15, .ofs_x = 1, .ofs_y = -2},
    {.bitmap_index = 28462, .adv_w = 247, .box_w = 14, .box_h = 15, .ofs_x = 1, .ofs_y = -2},
    {.bitmap_index = 28489, .adv_w = 247, .box_w = 14, .box_h = 14, .ofs_x = 1, .ofs_y = -1},
    {.bitmap_index = 28514, .adv_w = 247, .box_w = 14, .box_h = 14, .ofs_x = 1, .ofs_y = -1},
    {.bitmap_index = 28539, .adv_w = 247, .box_w = 14, .box_h = 14, .ofs_x = 1, .ofs_y = -1},
    {.bitmap_index = 28564, .adv_w = 247, .box_w = 15, .box_h = 14, .ofs_x = 0, .ofs_y = -1},
    {.bitmap_index = 28591, .adv_w = 247, .box_w = 15, .box_h = 14, .ofs_x = 0, .ofs_y = -1},
    {.bitmap_index = 28618, .adv_w = 247, .box_w = 14, .box_h = 14, .ofs_x = 1, .ofs_y = -1},
    {.bitmap_index = 28643, .adv_w = 247, .box_w = 14, .box_h = 14, .ofs_x = 1, .ofs_y = -1},
    {.bitmap_index = 28668, .adv_w = 247, .box_w = 14, .box_h = 14, .ofs_x = 1, .ofs_y = -1},
    {.bitmap_index = 28693, .adv_w = 247, .box_w = 15, .box_h = 15, .ofs_x = 0, .ofs_y = -2},
    {.bitmap_index = 28722, .adv_w = 247, .box_w = 15, .box_h = 14, .ofs_x = 0, .ofs_y = -1},
    {.bitmap_index = 28749, .adv_w = 247, .box_w = 14, .box_h = 14, .ofs_x = 1, .ofs_y = -1},
    {.bitmap_index = 28774, .adv_w = 247, .box_w = 13, .box_h = 15, .ofs_x = 0, .ofs_y = -2},
    {.bitmap_index = 28799, .adv_w = 247, .box_w = 12, .box_h = 15, .ofs_x = 1, .ofs_y = -2},
    {.bitmap_index = 28822, .adv_w = 247, .box_w = 14, .box_h = 14, .ofs_x = 1, .ofs_y = -1},
    {.bitmap_index = 28847, .adv_w = 247, .box_w = 14, .box_h = 14, .ofs_x = 1, .ofs_y = -1},
    {.bitmap_index = 28872, .adv_w = 247, .box_w = 13, .box_h = 14, .ofs_x = 0, .ofs_y = -1},
    {.bitmap_index = 28895, .adv_w = 247, .box_w = 12, .box_h = 15, .ofs_x = 1, .ofs_y = -2},
    {.bitmap_index = 28918, .adv_w = 247, .box_w = 14, .box_h = 15, .ofs_x = 0, .ofs_y = -2},
    {.bitmap_index = 28945, .adv_w = 247, .box_w = 14, .box_h = 15, .ofs_x = 0, .ofs_y = -2},
    {.bitmap_index = 28972, .adv_w = 247, .box_w = 13, .box_h = 14, .ofs_x = 0, .ofs_y = -1},
    {.bitmap_index = 28995, .adv_w = 247, .box_w = 15, .box_h = 15, .ofs_x = 0, .ofs_y = -2},
    {.bitmap_index = 29024, .adv_w = 247, .box_w = 14, .box_h = 15, .ofs_x = 1, .ofs_y = -2},
    {.bitmap_index = 29051, .adv_w = 247, .box_w = 14, .box_h = 14, .ofs_x = 1, .ofs_y = -1},
    {.bitmap_index = 29076, .adv_w = 247, .box_w = 14, .box_h = 14, .ofs_x = 1, .ofs_y = -1},
    {.bitmap_index = 29101, .adv_w = 247, .box_w = 14, .box_h = 14, .ofs_x = 1, .ofs_y = -1},
    {.bitmap_index = 29126, .adv_w = 247, .box_w = 14, .box_h = 14, .ofs_x = 1, .ofs_y = -1},
    {.bitmap_index = 29151, .adv_w = 247, .box_w = 14, .box_h = 14, .ofs_x = 1, .ofs_y = -1},
    {.bitmap_index = 29176, .adv_w = 247, .box_w = 15, .box_h = 14, .ofs_x = 0, .ofs_y = -1},
    {.bitmap_index = 29203, .adv_w = 247, .box_w = 12, .box_h = 14, .ofs_x = 1, .ofs_y = -1},
    {.bitmap_index = 29224, .adv_w = 247, .box_w = 14, .box_h = 14, .ofs_x = 1, .ofs_y = -1},
    {.bitmap_index = 29249, .adv_w = 247, .box_w = 14, .box_h = 14, .ofs_x = 1, .ofs_y = -1},
    {.bitmap_index = 29274, .adv_w = 247, .box_w = 12, .box_h = 14, .ofs_x = 1, .ofs_y = -1},
    {.bitmap_index = 29295, .adv_w = 247, .box_w = 13, .box_h = 14, .ofs_x = 0, .ofs_y = -1},
    {.bitmap_index = 29318, .adv_w = 247, .box_w = 12, .box_h = 15, .ofs_x = 1, .ofs_y = -2},
    {.bitmap_index = 29341, .adv_w = 247, .box_w = 12, .box_h = 15, .ofs_x = 1, .ofs_y = -2},
    {.bitmap_index = 29364, .adv_w = 247, .box_w = 12, .box_h = 15, .ofs_x = 1, .ofs_y = -2},
    {.bitmap_index = 29387, .adv_w = 247, .box_w = 13, .box_h = 15, .ofs_x = 1, .ofs_y = -2},
    {.bitmap_index = 29412, .adv_w = 247, .box_w = 14, .box_h = 14, .ofs_x = 1, .ofs_y = -1},
    {.bitmap_index = 29437, .adv_w = 247, .box_w = 13, .box_h = 14, .ofs_x = 1, .ofs_y = -1},
    {.bitmap_index = 29460, .adv_w = 247, .box_w = 13, .box_h = 14, .ofs_x = 1, .ofs_y = -1},
    {.bitmap_index = 29483, .adv_w = 247, .box_w = 12, .box_h = 14, .ofs_x = 1, .ofs_y = -1},
    {.bitmap_index = 29504, .adv_w = 247, .box_w = 12, .box_h = 14, .ofs_x = 1, .ofs_y = -1},
    {.bitmap_index = 29525, .adv_w = 247, .box_w = 12, .box_h = 14, .ofs_x = 1, .ofs_y = -1},
    {.bitmap_index = 29546, .adv_w = 247, .box_w = 12, .box_h = 14, .ofs_x = 1, .ofs_y = -1},
    {.bitmap_index = 29567, .adv_w = 247, .box_w = 13, .box_h = 14, .ofs_x = 1, .ofs_y = -1},
    {.bitmap_index = 29590, .adv_w = 247, .box_w = 13, .box_h = 15, .ofs_x = 1, .ofs_y = -2},
    {.bitmap_index = 29615, .adv_w = 247, .box_w = 12, .box_h = 14, .ofs_x = 1, .ofs_y = -1},
    {.bitmap_index = 29636, .adv_w = 247, .box_w = 13, .box_h = 14, .ofs_x = 0, .ofs_y = -1},
    {.bitmap_index = 29659, .adv_w = 247, .box_w = 13, .box_h = 15, .ofs_x = 1, .ofs_y = -2},
    {.bitmap_index = 29684, .adv_w = 247, .box_w = 13, .box_h = 16, .ofs_x = 1, .ofs_y = -3},
    {.bitmap_index = 29710, .adv_w = 247, .box_w = 14, .box_h = 14, .ofs_x = 1, .ofs_y = -1},
    {.bitmap_index = 29735, .adv_w = 247, .box_w = 14, .box_h = 14, .ofs_x = 1, .ofs_y = -1},
    {.bitmap_index = 29760, .adv_w = 247, .box_w = 13, .box_h = 14, .ofs_x = 1, .ofs_y = -1},
    {.bitmap_index = 29783, .adv_w = 247, .box_w = 12, .box_h = 15, .ofs_x = 1, .ofs_y = -2},
    {.bitmap_index = 29806, .adv_w = 247, .box_w = 14, .box_h = 15, .ofs_x = 1, .ofs_y = -2},
    {.bitmap_index = 29833, .adv_w = 247, .box_w = 14, .box_h = 15, .ofs_x = 1, .ofs_y = -2},
    {.bitmap_index = 29860, .adv_w = 247, .box_w = 12, .box_h = 15, .ofs_x = 1, .ofs_y = -2},
    {.bitmap_index = 29883, .adv_w = 247, .box_w = 12, .box_h = 15, .ofs_x = 1, .ofs_y = -2},
    {.bitmap_index = 29906, .adv_w = 247, .box_w = 12, .box_h = 15, .ofs_x = 1, .ofs_y = -2},
    {.bitmap_index = 29929, .adv_w = 247, .box_w = 14, .box_h = 14, .ofs_x = 0, .ofs_y = -1},
    {.bitmap_index = 29954, .adv_w = 247, .box_w = 14, .box_h = 14, .ofs_x = 0, .ofs_y = -1},
    {.bitmap_index = 29979, .adv_w = 247, .box_w = 12, .box_h = 14, .ofs_x = 1, .ofs_y = -1},
    {.bitmap_index = 30000, .adv_w = 247, .box_w = 13, .box_h = 14, .ofs_x = 1, .ofs_y = -1},
    {.bitmap_index = 30023, .adv_w = 247, .box_w = 13, .box_h = 14, .ofs_x = 1, .ofs_y = -1},
    {.bitmap_index = 30046, .adv_w = 247, .box_w = 13, .box_h = 15, .ofs_x = 1, .ofs_y = -2},
    {.bitmap_index = 30071, .adv_w = 247, .box_w = 12, .box_h = 14, .ofs_x = 1, .ofs_y = -1},
    {.bitmap_index = 30092, .adv_w = 247, .box_w = 13, .box_h = 15, .ofs_x = 1, .ofs_y = -2},
    {.bitmap_index = 30117, .adv_w = 247, .box_w = 14, .box_h = 14, .ofs_x = 1, .ofs_y = -1},
    {.bitmap_index = 30142, .adv_w = 247, .box_w = 14, .box_h = 14, .ofs_x = 1, .ofs_y = -1},
    {.bitmap_index = 30167, .adv_w = 247, .box_w = 12, .box_h = 15, .ofs_x = 1, .ofs_y = -2},
    {.bitmap_index = 30190, .adv_w = 247, .box_w = 15, .box_h = 12, .ofs_x = 0, .ofs_y = 1},
    {.bitmap_index = 30213, .adv_w = 247, .box_w = 14, .box_h = 15, .ofs_x = 0, .ofs_y = -2},
    {.bitmap_index = 30240, .adv_w = 247, .box_w = 14, .box_h = 15, .ofs_x = 1, .ofs_y = -2},
    {.bitmap_index = 30267, .adv_w = 247, .box_w = 15, .box_h = 14, .ofs_x = 0, .ofs_y = -1},
    {.bitmap_index = 30294, .adv_w = 247, .box_w = 15, .box_h = 14, .ofs_x = 0, .ofs_y = -1},
    {.bitmap_index = 30321, .adv_w = 247, .box_w = 14, .box_h = 14, .ofs_x = 0, .ofs_y = -1},
    {.bitmap_index = 30346, .adv_w = 247, .box_w = 14, .box_h = 14, .ofs_x = 0, .ofs_y = -1},
    {.bitmap_index = 30371, .adv_w = 247, .box_w = 15, .box_h = 15, .ofs_x = 0, .ofs_y = -2},
    {.bitmap_index = 30400, .adv_w = 247, .box_w = 15, .box_h = 14, .ofs_x = 0, .ofs_y = -1},
    {.bitmap_index = 30427, .adv_w = 247, .box_w = 15, .box_h = 15, .ofs_x = 0, .ofs_y = -2},
    {.bitmap_index = 30456, .adv_w = 247, .box_w = 15, .box_h = 14, .ofs_x = 0, .ofs_y = -1},
    {.bitmap_index = 30483, .adv_w = 247, .box_w = 15, .box_h = 15, .ofs_x = 0, .ofs_y = -2},
    {.bitmap_index = 30512, .adv_w = 247, .box_w = 15, .box_h = 15, .ofs_x = 0, .ofs_y = -2},
    {.bitmap_index = 30541, .adv_w = 247, .box_w = 15, .box_h = 14, .ofs_x = 1, .ofs_y = -1},
    {.bitmap_index = 30568, .adv_w = 247, .box_w = 15, .box_h = 14, .ofs_x = 0, .ofs_y = -1},
    {.bitmap_index = 30595, .adv_w = 247, .box_w = 15, .box_h = 15, .ofs_x = 0, .ofs_y = -2},
    {.bitmap_index = 30624, .adv_w = 247, .box_w = 13, .box_h = 15, .ofs_x = 1, .ofs_y = -2},
    {.bitmap_index = 30649, .adv_w = 247, .box_w = 14, .box_h = 14, .ofs_x = 1, .ofs_y = -1},
    {.bitmap_index = 30674, .adv_w = 247, .box_w = 13, .box_h = 14, .ofs_x = 1, .ofs_y = -1},
    {.bitmap_index = 30697, .adv_w = 247, .box_w = 13, .box_h = 14, .ofs_x = 1, .ofs_y = -1},
    {.bitmap_index = 30720, .adv_w = 247, .box_w = 14, .box_h = 15, .ofs_x = 1, .ofs_y = -2},
    {.bitmap_index = 30747, .adv_w = 247, .box_w = 14, .box_h = 15, .ofs_x = 1, .ofs_y = -2},
    {.bitmap_index = 30774, .adv_w = 247, .box_w = 12, .box_h = 15, .ofs_x = 1, .ofs_y = -2},
    {.bitmap_index = 30797, .adv_w = 247, .box_w = 13, .box_h = 14, .ofs_x = 1, .ofs_y = -1},
    {.bitmap_index = 30820, .adv_w = 247, .box_w = 13, .box_h = 14, .ofs_x = 1, .ofs_y = -1},
    {.bitmap_index = 30843, .adv_w = 247, .box_w = 12, .box_h = 14, .ofs_x = 1, .ofs_y = -1},
    {.bitmap_index = 30864, .adv_w = 247, .box_w = 12, .box_h = 14, .ofs_x = 1, .ofs_y = -1},
    {.bitmap_index = 30885, .adv_w = 247, .box_w = 13, .box_h = 15, .ofs_x = 1, .ofs_y = -2},
    {.bitmap_index = 30910, .adv_w = 247, .box_w = 15, .box_h = 12, .ofs_x = 0, .ofs_y = 1},
    {.bitmap_index = 30933, .adv_w = 247, .box_w = 14, .box_h = 15, .ofs_x = 1, .ofs_y = -2},
    {.bitmap_index = 30960, .adv_w = 247, .box_w = 15, .box_h = 14, .ofs_x = 0, .ofs_y = -1},
    {.bitmap_index = 30987, .adv_w = 247, .box_w = 15, .box_h = 14, .ofs_x = 0, .ofs_y = -1},
    {.bitmap_index = 31014, .adv_w = 247, .box_w = 15, .box_h = 14, .ofs_x = 0, .ofs_y = -1},
    {.bitmap_index = 31041, .adv_w = 247, .box_w = 15, .box_h = 16, .ofs_x = 0, .ofs_y = -2},
    {.bitmap_index = 31071, .adv_w = 247, .box_w = 15, .box_h = 14, .ofs_x = 1, .ofs_y = -1},
    {.bitmap_index = 31098, .adv_w = 247, .box_w = 15, .box_h = 15, .ofs_x = 0, .ofs_y = -2},
    {.bitmap_index = 31127, .adv_w = 247, .box_w = 15, .box_h = 14, .ofs_x = 0, .ofs_y = -1},
    {.bitmap_index = 31154, .adv_w = 247, .box_w = 14, .box_h = 15, .ofs_x = 0, .ofs_y = -2},
    {.bitmap_index = 31181, .adv_w = 247, .box_w = 15, .box_h = 14, .ofs_x = 0, .ofs_y = -1},
    {.bitmap_index = 31208, .adv_w = 247, .box_w = 15, .box_h = 14, .ofs_x = 0, .ofs_y = -1},
    {.bitmap_index = 31235, .adv_w = 247, .box_w = 15, .box_h = 15, .ofs_x = 0, .ofs_y = -1},
    {.bitmap_index = 31264, .adv_w = 247, .box_w = 14, .box_h = 14, .ofs_x = 0, .ofs_y = -1},
    {.bitmap_index = 31289, .adv_w = 247, .box_w = 15, .box_h = 15, .ofs_x = 0, .ofs_y = -1},
    {.bitmap_index = 31318, .adv_w = 247, .box_w = 15, .box_h = 15, .ofs_x = 0, .ofs_y = -2},
    {.bitmap_index = 31347, .adv_w = 247, .box_w = 15, .box_h = 15, .ofs_x = 0, .ofs_y = -2},
    {.bitmap_index = 31376, .adv_w = 247, .box_w = 15, .box_h = 15, .ofs_x = 0, .ofs_y = -2},
    {.bitmap_index = 31405, .adv_w = 247, .box_w = 15, .box_h = 14, .ofs_x = 0, .ofs_y = -1},
    {.bitmap_index = 31432, .adv_w = 247, .box_w = 15, .box_h = 14, .ofs_x = 0, .ofs_y = -1},
    {.bitmap_index = 31459, .adv_w = 247, .box_w = 13, .box_h = 14, .ofs_x = 0, .ofs_y = -1},
    {.bitmap_index = 31482, .adv_w = 247, .box_w = 14, .box_h = 15, .ofs_x = 0, .ofs_y = -2},
    {.bitmap_index = 31509, .adv_w = 247, .box_w = 13, .box_h = 15, .ofs_x = 0, .ofs_y = -2},
    {.bitmap_index = 31534, .adv_w = 247, .box_w = 13, .box_h = 15, .ofs_x = 0, .ofs_y = -2},
    {.bitmap_index = 31559, .adv_w = 247, .box_w = 14, .box_h = 14, .ofs_x = 0, .ofs_y = -1},
    {.bitmap_index = 31584, .adv_w = 247, .box_w = 15, .box_h = 14, .ofs_x = 0, .ofs_y = -1},
    {.bitmap_index = 31611, .adv_w = 247, .box_w = 13, .box_h = 14, .ofs_x = 0, .ofs_y = -1},
    {.bitmap_index = 31634, .adv_w = 247, .box_w = 13, .box_h = 15, .ofs_x = 1, .ofs_y = -2},
    {.bitmap_index = 31659, .adv_w = 247, .box_w = 12, .box_h = 14, .ofs_x = 1, .ofs_y = -1},
    {.bitmap_index = 31680, .adv_w = 247, .box_w = 12, .box_h = 16, .ofs_x = 1, .ofs_y = -3},
    {.bitmap_index = 31704, .adv_w = 247, .box_w = 14, .box_h = 14, .ofs_x = 0, .ofs_y = -1},
    {.bitmap_index = 31729, .adv_w = 247, .box_w = 13, .box_h = 14, .ofs_x = 1, .ofs_y = -1},
    {.bitmap_index = 31752, .adv_w = 247, .box_w = 12, .box_h = 14, .ofs_x = 1, .ofs_y = -1},
    {.bitmap_index = 31773, .adv_w = 247, .box_w = 12, .box_h = 15, .ofs_x = 1, .ofs_y = -2},
    {.bitmap_index = 31796, .adv_w = 247, .box_w = 13, .box_h = 15, .ofs_x = 1, .ofs_y = -2},
    {.bitmap_index = 31821, .adv_w = 247, .box_w = 12, .box_h = 15, .ofs_x = 0, .ofs_y = -2},
    {.bitmap_index = 31844, .adv_w = 247, .box_w = 14, .box_h = 15, .ofs_x = 1, .ofs_y = -2},
    {.bitmap_index = 31871, .adv_w = 247, .box_w = 15, .box_h = 15, .ofs_x = 0, .ofs_y = -2},
    {.bitmap_index = 31900, .adv_w = 247, .box_w = 15, .box_h = 14, .ofs_x = 0, .ofs_y = -1},
    {.bitmap_index = 31927, .adv_w = 247, .box_w = 15, .box_h = 15, .ofs_x = 0, .ofs_y = -2},
    {.bitmap_index = 31956, .adv_w = 247, .box_w = 14, .box_h = 15, .ofs_x = 1, .ofs_y = -2},
    {.bitmap_index = 31983, .adv_w = 247, .box_w = 14, .box_h = 15, .ofs_x = 0, .ofs_y = -2},
    {.bitmap_index = 32010, .adv_w = 247, .box_w = 15, .box_h = 11, .ofs_x = 0, .ofs_y = 1},
    {.bitmap_index = 32031, .adv_w = 247, .box_w = 14, .box_h = 15, .ofs_x = 1, .ofs_y = -2},
    {.bitmap_index = 32058, .adv_w = 247, .box_w = 15, .box_h = 14, .ofs_x = 0, .ofs_y = -1},
    {.bitmap_index = 32085, .adv_w = 247, .box_w = 15, .box_h = 15, .ofs_x = 0, .ofs_y = -1},
    {.bitmap_index = 32114, .adv_w = 247, .box_w = 15, .box_h = 14, .ofs_x = 0, .ofs_y = -1},
    {.bitmap_index = 32141, .adv_w = 247, .box_w = 14, .box_h = 15, .ofs_x = 0, .ofs_y = -2},
    {.bitmap_index = 32168, .adv_w = 247, .box_w = 15, .box_h = 15, .ofs_x = 0, .ofs_y = -2},
    {.bitmap_index = 32197, .adv_w = 247, .box_w = 15, .box_h = 15, .ofs_x = 0, .ofs_y = -2},
    {.bitmap_index = 32226, .adv_w = 247, .box_w = 15, .box_h = 15, .ofs_x = 0, .ofs_y = -2},
    {.bitmap_index = 32255, .adv_w = 247, .box_w = 12, .box_h = 15, .ofs_x = 1, .ofs_y = -2},
    {.bitmap_index = 32278, .adv_w = 247, .box_w = 12, .box_h = 15, .ofs_x = 1, .ofs_y = -2},
    {.bitmap_index = 32301, .adv_w = 247, .box_w = 13, .box_h = 14, .ofs_x = 0, .ofs_y = -1},
    {.bitmap_index = 32324, .adv_w = 247, .box_w = 12, .box_h = 14, .ofs_x = 1, .ofs_y = -1},
    {.bitmap_index = 32345, .adv_w = 247, .box_w = 13, .box_h = 14, .ofs_x = 1, .ofs_y = -1},
    {.bitmap_index = 32368, .adv_w = 247, .box_w = 13, .box_h = 14, .ofs_x = 1, .ofs_y = -1},
    {.bitmap_index = 32391, .adv_w = 247, .box_w = 12, .box_h = 14, .ofs_x = 1, .ofs_y = -1},
    {.bitmap_index = 32412, .adv_w = 247, .box_w = 11, .box_h = 14, .ofs_x = 2, .ofs_y = -1},
    {.bitmap_index = 32432, .adv_w = 247, .box_w = 13, .box_h = 14, .ofs_x = 1, .ofs_y = -1},
    {.bitmap_index = 32455, .adv_w = 247, .box_w = 12, .box_h = 14, .ofs_x = 1, .ofs_y = -1},
    {.bitmap_index = 32476, .adv_w = 247, .box_w = 12, .box_h = 14, .ofs_x = 1, .ofs_y = -1},
    {.bitmap_index = 32497, .adv_w = 247, .box_w = 15, .box_h = 15, .ofs_x = 0, .ofs_y = -2},
    {.bitmap_index = 32526, .adv_w = 247, .box_w = 15, .box_h = 15, .ofs_x = 0, .ofs_y = -2},
    {.bitmap_index = 32555, .adv_w = 247, .box_w = 15, .box_h = 15, .ofs_x = 0, .ofs_y = -2},
    {.bitmap_index = 32584, .adv_w = 247, .box_w = 14, .box_h = 14, .ofs_x = 1, .ofs_y = -1},
    {.bitmap_index = 32609, .adv_w = 247, .box_w = 14, .box_h = 14, .ofs_x = 1, .ofs_y = -1},
    {.bitmap_index = 32634, .adv_w = 247, .box_w = 14, .box_h = 14, .ofs_x = 1, .ofs_y = -1},
    {.bitmap_index = 32659, .adv_w = 247, .box_w = 15, .box_h = 15, .ofs_x = 0, .ofs_y = -2},
    {.bitmap_index = 32688, .adv_w = 247, .box_w = 15, .box_h = 15, .ofs_x = 0, .ofs_y = -2},
    {.bitmap_index = 32717, .adv_w = 247, .box_w = 15, .box_h = 15, .ofs_x = 0, .ofs_y = -2},
    {.bitmap_index = 32746, .adv_w = 247, .box_w = 15, .box_h = 15, .ofs_x = 0, .ofs_y = -2},
    {.bitmap_index = 32775, .adv_w = 247, .box_w = 13, .box_h = 15, .ofs_x = 1, .ofs_y = -2},
    {.bitmap_index = 32800, .adv_w = 247, .box_w = 13, .box_h = 15, .ofs_x = 1, .ofs_y = -2},
    {.bitmap_index = 32825, .adv_w = 247, .box_w = 14, .box_h = 14, .ofs_x = 1, .ofs_y = -1},
    {.bitmap_index = 32850, .adv_w = 247, .box_w = 14, .box_h = 14, .ofs_x = 1, .ofs_y = -1},
    {.bitmap_index = 32875, .adv_w = 247, .box_w = 13, .box_h = 14, .ofs_x = 1, .ofs_y = -1},
    {.bitmap_index = 32898, .adv_w = 247, .box_w = 13, .box_h = 14, .ofs_x = 0, .ofs_y = -1},
    {.bitmap_index = 32921, .adv_w = 247, .box_w = 14, .box_h = 15, .ofs_x = 1, .ofs_y = -2},
    {.bitmap_index = 32948, .adv_w = 247, .box_w = 13, .box_h = 15, .ofs_x = 1, .ofs_y = -2},
    {.bitmap_index = 32973, .adv_w = 247, .box_w = 15, .box_h = 15, .ofs_x = 0, .ofs_y = -2},
    {.bitmap_index = 33002, .adv_w = 247, .box_w = 12, .box_h = 15, .ofs_x = 1, .ofs_y = -2},
    {.bitmap_index = 33025, .adv_w = 247, .box_w = 12, .box_h = 15, .ofs_x = 1, .ofs_y = -2},
    {.bitmap_index = 33048, .adv_w = 247, .box_w = 14, .box_h = 14, .ofs_x = 0, .ofs_y = -1},
    {.bitmap_index = 33073, .adv_w = 247, .box_w = 14, .box_h = 14, .ofs_x = 1, .ofs_y = -1},
    {.bitmap_index = 33098, .adv_w = 247, .box_w = 12, .box_h = 14, .ofs_x = 1, .ofs_y = -1},
    {.bitmap_index = 33119, .adv_w = 247, .box_w = 12, .box_h = 14, .ofs_x = 1, .ofs_y = -1},
    {.bitmap_index = 33140, .adv_w = 247, .box_w = 12, .box_h = 14, .ofs_x = 1, .ofs_y = -1},
    {.bitmap_index = 33161, .adv_w = 247, .box_w = 13, .box_h = 15, .ofs_x = 1, .ofs_y = -2},
    {.bitmap_index = 33186, .adv_w = 247, .box_w = 12, .box_h = 14, .ofs_x = 1, .ofs_y = -1},
    {.bitmap_index = 33207, .adv_w = 247, .box_w = 14, .box_h = 15, .ofs_x = 0, .ofs_y = -2},
    {.bitmap_index = 33234, .adv_w = 247, .box_w = 14, .box_h = 14, .ofs_x = 1, .ofs_y = -1},
    {.bitmap_index = 33259, .adv_w = 247, .box_w = 14, .box_h = 14, .ofs_x = 1, .ofs_y = -1},
    {.bitmap_index = 33284, .adv_w = 247, .box_w = 14, .box_h = 14, .ofs_x = 1, .ofs_y = -1},
    {.bitmap_index = 33309, .adv_w = 247, .box_w = 15, .box_h = 12, .ofs_x = 0, .ofs_y = 1},
    {.bitmap_index = 33332, .adv_w = 247, .box_w = 14, .box_h = 15, .ofs_x = 0, .ofs_y = -2},
    {.bitmap_index = 33359, .adv_w = 247, .box_w = 15, .box_h = 14, .ofs_x = 0, .ofs_y = -1},
    {.bitmap_index = 33386, .adv_w = 247, .box_w = 15, .box_h = 14, .ofs_x = 0, .ofs_y = -1},
    {.bitmap_index = 33413, .adv_w = 247, .box_w = 15, .box_h = 14, .ofs_x = 0, .ofs_y = -1},
    {.bitmap_index = 33440, .adv_w = 247, .box_w = 14, .box_h = 14, .ofs_x = 0, .ofs_y = -1},
    {.bitmap_index = 33465, .adv_w = 247, .box_w = 14, .box_h = 15, .ofs_x = 0, .ofs_y = -2},
    {.bitmap_index = 33492, .adv_w = 247, .box_w = 15, .box_h = 15, .ofs_x = 0, .ofs_y = -2},
    {.bitmap_index = 33521, .adv_w = 247, .box_w = 15, .box_h = 15, .ofs_x = 0, .ofs_y = -2},
    {.bitmap_index = 33550, .adv_w = 247, .box_w = 15, .box_h = 15, .ofs_x = 0, .ofs_y = -2},
    {.bitmap_index = 33579, .adv_w = 247, .box_w = 15, .box_h = 15, .ofs_x = 0, .ofs_y = -2},
    {.bitmap_index = 33608, .adv_w = 247, .box_w = 15, .box_h = 14, .ofs_x = 1, .ofs_y = -1},
    {.bitmap_index = 33635, .adv_w = 247, .box_w = 15, .box_h = 15, .ofs_x = 0, .ofs_y = -2},
    {.bitmap_index = 33664, .adv_w = 247, .box_w = 13, .box_h = 15, .ofs_x = 1, .ofs_y = -2},
    {.bitmap_index = 33689, .adv_w = 247, .box_w = 15, .box_h = 15, .ofs_x = 0, .ofs_y = -2},
    {.bitmap_index = 33718, .adv_w = 247, .box_w = 12, .box_h = 15, .ofs_x = 1, .ofs_y = -2},
    {.bitmap_index = 33741, .adv_w = 247, .box_w = 14, .box_h = 14, .ofs_x = 0, .ofs_y = -1},
    {.bitmap_index = 33766, .adv_w = 247, .box_w = 13, .box_h = 14, .ofs_x = 1, .ofs_y = -1},
    {.bitmap_index = 33789, .adv_w = 247, .box_w = 12, .box_h = 14, .ofs_x = 1, .ofs_y = -1},
    {.bitmap_index = 33810, .adv_w = 247, .box_w = 12, .box_h = 14, .ofs_x = 1, .ofs_y = -1},
    {.bitmap_index = 33831, .adv_w = 247, .box_w = 15, .box_h = 12, .ofs_x = 0, .ofs_y = 1},
    {.bitmap_index = 33854, .adv_w = 247, .box_w = 15, .box_h = 15, .ofs_x = 0, .ofs_y = -2},
    {.bitmap_index = 33883, .adv_w = 247, .box_w = 14, .box_h = 15, .ofs_x = 0, .ofs_y = -2},
    {.bitmap_index = 33910, .adv_w = 247, .box_w = 15, .box_h = 14, .ofs_x = 0, .ofs_y = -1},
    {.bitmap_index = 33937, .adv_w = 247, .box_w = 15, .box_h = 14, .ofs_x = 0, .ofs_y = -1},
    {.bitmap_index = 33964, .adv_w = 247, .box_w = 14, .box_h = 15, .ofs_x = 0, .ofs_y = -2},
    {.bitmap_index = 33991, .adv_w = 247, .box_w = 15, .box_h = 14, .ofs_x = 0, .ofs_y = -1},
    {.bitmap_index = 34018, .adv_w = 247, .box_w = 15, .box_h = 15, .ofs_x = 0, .ofs_y = -2},
    {.bitmap_index = 34047, .adv_w = 247, .box_w = 13, .box_h = 14, .ofs_x = 0, .ofs_y = -1},
    {.bitmap_index = 34070, .adv_w = 247, .box_w = 14, .box_h = 15, .ofs_x = 0, .ofs_y = -2},
    {.bitmap_index = 34097, .adv_w = 247, .box_w = 13, .box_h = 15, .ofs_x = 0, .ofs_y = -2},
    {.bitmap_index = 34122, .adv_w = 247, .box_w = 12, .box_h = 15, .ofs_x = 1, .ofs_y = -2},
    {.bitmap_index = 34145, .adv_w = 247, .box_w = 13, .box_h = 14, .ofs_x = 1, .ofs_y = -1},
    {.bitmap_index = 34168, .adv_w = 247, .box_w = 14, .box_h = 15, .ofs_x = 0, .ofs_y = -2},
    {.bitmap_index = 34195, .adv_w = 247, .box_w = 15, .box_h = 11, .ofs_x = 0, .ofs_y = 1},
    {.bitmap_index = 34216, .adv_w = 247, .box_w = 14, .box_h = 15, .ofs_x = 1, .ofs_y = -2},
    {.bitmap_index = 34243, .adv_w = 247, .box_w = 15, .box_h = 14, .ofs_x = 0, .ofs_y = -1},
    {.bitmap_index = 34270, .adv_w = 247, .box_w = 15, .box_h = 14, .ofs_x = 0, .ofs_y = -1},
    {.bitmap_index = 34297, .adv_w = 247, .box_w = 15, .box_h = 14, .ofs_x = 0, .ofs_y = -1},
    {.bitmap_index = 34324, .adv_w = 247, .box_w = 15, .box_h = 15, .ofs_x = 0, .ofs_y = -2},
    {.bitmap_index = 34353, .adv_w = 247, .box_w = 14, .box_h = 14, .ofs_x = 1, .ofs_y = -1},
    {.bitmap_index = 34378, .adv_w = 247, .box_w = 15, .box_h = 14, .ofs_x = 0, .ofs_y = -1},
    {.bitmap_index = 34405, .adv_w = 247, .box_w = 12, .box_h = 15, .ofs_x = 1, .ofs_y = -2},
    {.bitmap_index = 34428, .adv_w = 247, .box_w = 14, .box_h = 14, .ofs_x = 0, .ofs_y = -1},
    {.bitmap_index = 34453, .adv_w = 247, .box_w = 13, .box_h = 14, .ofs_x = 1, .ofs_y = -1},
    {.bitmap_index = 34476, .adv_w = 247, .box_w = 12, .box_h = 14, .ofs_x = 1, .ofs_y = -1},
    {.bitmap_index = 34497, .adv_w = 247, .box_w = 12, .box_h = 15, .ofs_x = 1, .ofs_y = -2},
    {.bitmap_index = 34520, .adv_w = 247, .box_w = 12, .box_h = 16, .ofs_x = 1, .ofs_y = -3},
    {.bitmap_index = 34544, .adv_w = 247, .box_w = 14, .box_h = 14, .ofs_x = 0, .ofs_y = -1},
    {.bitmap_index = 34569, .adv_w = 247, .box_w = 13, .box_h = 14, .ofs_x = 1, .ofs_y = -1},
    {.bitmap_index = 34592, .adv_w = 247, .box_w = 12, .box_h = 14, .ofs_x = 1, .ofs_y = -1},
    {.bitmap_index = 34613, .adv_w = 247, .box_w = 12, .box_h = 15, .ofs_x = 1, .ofs_y = -2},
    {.bitmap_index = 34636, .adv_w = 247, .box_w = 13, .box_h = 14, .ofs_x = 1, .ofs_y = -1},
    {.bitmap_index = 34659, .adv_w = 247, .box_w = 12, .box_h = 14, .ofs_x = 1, .ofs_y = -1},
    {.bitmap_index = 34680, .adv_w = 247, .box_w = 14, .box_h = 14, .ofs_x = 1, .ofs_y = -1},
    {.bitmap_index = 34705, .adv_w = 247, .box_w = 14, .box_h = 15, .ofs_x = 1, .ofs_y = -2},
    {.bitmap_index = 34732, .adv_w = 247, .box_w = 14, .box_h = 14, .ofs_x = 1, .ofs_y = -1},
    {.bitmap_index = 34757, .adv_w = 247, .box_w = 14, .box_h = 14, .ofs_x = 1, .ofs_y = -1},
    {.bitmap_index = 34782, .adv_w = 247, .box_w = 14, .box_h = 15, .ofs_x = 1, .ofs_y = -2},
    {.bitmap_index = 34809, .adv_w = 247, .box_w = 14, .box_h = 14, .ofs_x = 1, .ofs_y = -1},
    {.bitmap_index = 34834, .adv_w = 247, .box_w = 14, .box_h = 14, .ofs_x = 1, .ofs_y = -1},
    {.bitmap_index = 34859, .adv_w = 247, .box_w = 14, .box_h = 14, .ofs_x = 1, .ofs_y = -1},
    {.bitmap_index = 34884, .adv_w = 247, .box_w = 14, .box_h = 14, .ofs_x = 1, .ofs_y = -1},
    {.bitmap_index = 34909, .adv_w = 247, .box_w = 14, .box_h = 14, .ofs_x = 1, .ofs_y = -1},
    {.bitmap_index = 34934, .adv_w = 247, .box_w = 14, .box_h = 14, .ofs_x = 1, .ofs_y = -1},
    {.bitmap_index = 34959, .adv_w = 247, .box_w = 14, .box_h = 15, .ofs_x = 1, .ofs_y = -2},
    {.bitmap_index = 34986, .adv_w = 247, .box_w = 14, .box_h = 14, .ofs_x = 1, .ofs_y = -1},
    {.bitmap_index = 35011, .adv_w = 247, .box_w = 14, .box_h = 14, .ofs_x = 1, .ofs_y = -1},
    {.bitmap_index = 35036, .adv_w = 247, .box_w = 14, .box_h = 14, .ofs_x = 1, .ofs_y = -1},
    {.bitmap_index = 35061, .adv_w = 247, .box_w = 14, .box_h = 14, .ofs_x = 1, .ofs_y = -1},
    {.bitmap_index = 35086, .adv_w = 247, .box_w = 12, .box_h = 15, .ofs_x = 1, .ofs_y = -2},
    {.bitmap_index = 35109, .adv_w = 247, .box_w = 12, .box_h = 15, .ofs_x = 1, .ofs_y = -2},
    {.bitmap_index = 35132, .adv_w = 247, .box_w = 13, .box_h = 14, .ofs_x = 1, .ofs_y = -1},
    {.bitmap_index = 35155, .adv_w = 247, .box_w = 13, .box_h = 14, .ofs_x = 1, .ofs_y = -1},
    {.bitmap_index = 35178, .adv_w = 247, .box_w = 12, .box_h = 14, .ofs_x = 1, .ofs_y = -1},
    {.bitmap_index = 35199, .adv_w = 247, .box_w = 12, .box_h = 14, .ofs_x = 1, .ofs_y = -1},
    {.bitmap_index = 35220, .adv_w = 247, .box_w = 13, .box_h = 15, .ofs_x = 1, .ofs_y = -2},
    {.bitmap_index = 35245, .adv_w = 247, .box_w = 13, .box_h = 15, .ofs_x = 1, .ofs_y = -2},
    {.bitmap_index = 35270, .adv_w = 247, .box_w = 12, .box_h = 14, .ofs_x = 1, .ofs_y = -1},
    {.bitmap_index = 35291, .adv_w = 247, .box_w = 14, .box_h = 15, .ofs_x = 1, .ofs_y = -2},
    {.bitmap_index = 35318, .adv_w = 247, .box_w = 14, .box_h = 15, .ofs_x = 1, .ofs_y = -2},
    {.bitmap_index = 35345, .adv_w = 247, .box_w = 14, .box_h = 14, .ofs_x = 1, .ofs_y = -1},
    {.bitmap_index = 35370, .adv_w = 247, .box_w = 14, .box_h = 14, .ofs_x = 1, .ofs_y = -1},
    {.bitmap_index = 35395, .adv_w = 247, .box_w = 14, .box_h = 14, .ofs_x = 1, .ofs_y = -1},
    {.bitmap_index = 35420, .adv_w = 247, .box_w = 14, .box_h = 14, .ofs_x = 1, .ofs_y = -1},
    {.bitmap_index = 35445, .adv_w = 247, .box_w = 14, .box_h = 14, .ofs_x = 1, .ofs_y = -1},
    {.bitmap_index = 35470, .adv_w = 247, .box_w = 14, .box_h = 14, .ofs_x = 1, .ofs_y = -1},
    {.bitmap_index = 35495, .adv_w = 247, .box_w = 14, .box_h = 14, .ofs_x = 1, .ofs_y = -1},
    {.bitmap_index = 35520, .adv_w = 247, .box_w = 14, .box_h = 14, .ofs_x = 1, .ofs_y = -1},
    {.bitmap_index = 35545, .adv_w = 247, .box_w = 14, .box_h = 15, .ofs_x = 1, .ofs_y = -2},
    {.bitmap_index = 35572, .adv_w = 247, .box_w = 12, .box_h = 15, .ofs_x = 1, .ofs_y = -2},
    {.bitmap_index = 35595, .adv_w = 247, .box_w = 13, .box_h = 14, .ofs_x = 1, .ofs_y = -1},
    {.bitmap_index = 35618, .adv_w = 247, .box_w = 13, .box_h = 14, .ofs_x = 1, .ofs_y = -1},
    {.bitmap_index = 35641, .adv_w = 247, .box_w = 12, .box_h = 15, .ofs_x = 1, .ofs_y = -2},
    {.bitmap_index = 35664, .adv_w = 247, .box_w = 12, .box_h = 14, .ofs_x = 1, .ofs_y = -1},
    {.bitmap_index = 35685, .adv_w = 247, .box_w = 11, .box_h = 15, .ofs_x = 2, .ofs_y = -2},
    {.bitmap_index = 35706, .adv_w = 247, .box_w = 12, .box_h = 14, .ofs_x = 2, .ofs_y = -1},
    {.bitmap_index = 35727, .adv_w = 247, .box_w = 12, .box_h = 14, .ofs_x = 2, .ofs_y = -1},
    {.bitmap_index = 35748, .adv_w = 247, .box_w = 12, .box_h = 14, .ofs_x = 2, .ofs_y = -1},
    {.bitmap_index = 35769, .adv_w = 247, .box_w = 13, .box_h = 14, .ofs_x = 2, .ofs_y = -1},
    {.bitmap_index = 35792, .adv_w = 247, .box_w = 11, .box_h = 14, .ofs_x = 2, .ofs_y = -1},
    {.bitmap_index = 35812, .adv_w = 247, .box_w = 11, .box_h = 14, .ofs_x = 2, .ofs_y = -1},
    {.bitmap_index = 35832, .adv_w = 247, .box_w = 11, .box_h = 14, .ofs_x = 2, .ofs_y = -1},
    {.bitmap_index = 35852, .adv_w = 247, .box_w = 11, .box_h = 14, .ofs_x = 2, .ofs_y = -1},
    {.bitmap_index = 35872, .adv_w = 247, .box_w = 12, .box_h = 15, .ofs_x = 2, .ofs_y = -2},
    {.bitmap_index = 35895, .adv_w = 247, .box_w = 12, .box_h = 14, .ofs_x = 2, .ofs_y = -1},
    {.bitmap_index = 35916, .adv_w = 247, .box_w = 12, .box_h = 15, .ofs_x = 2, .ofs_y = -2},
    {.bitmap_index = 35939, .adv_w = 247, .box_w = 11, .box_h = 14, .ofs_x = 2, .ofs_y = -1},
    {.bitmap_index = 35959, .adv_w = 247, .box_w = 12, .box_h = 15, .ofs_x = 2, .ofs_y = -2},
    {.bitmap_index = 35982, .adv_w = 247, .box_w = 11, .box_h = 15, .ofs_x = 2, .ofs_y = -2},
    {.bitmap_index = 36003, .adv_w = 247, .box_w = 12, .box_h = 14, .ofs_x = 2, .ofs_y = -1},
    {.bitmap_index = 36024, .adv_w = 247, .box_w = 12, .box_h = 15, .ofs_x = 1, .ofs_y = -2},
    {.bitmap_index = 36047, .adv_w = 247, .box_w = 12, .box_h = 15, .ofs_x = 1, .ofs_y = -2},
    {.bitmap_index = 36070, .adv_w = 247, .box_w = 13, .box_h = 14, .ofs_x = 1, .ofs_y = -1},
    {.bitmap_index = 36093, .adv_w = 247, .box_w = 13, .box_h = 14, .ofs_x = 1, .ofs_y = -1},
    {.bitmap_index = 36116, .adv_w = 247, .box_w = 12, .box_h = 14, .ofs_x = 1, .ofs_y = -1},
    {.bitmap_index = 36137, .adv_w = 247, .box_w = 12, .box_h = 14, .ofs_x = 1, .ofs_y = -1},
    {.bitmap_index = 36158, .adv_w = 247, .box_w = 13, .box_h = 15, .ofs_x = 1, .ofs_y = -2},
    {.bitmap_index = 36183, .adv_w = 247, .box_w = 12, .box_h = 15, .ofs_x = 1, .ofs_y = -2},
    {.bitmap_index = 36206, .adv_w = 247, .box_w = 12, .box_h = 14, .ofs_x = 1, .ofs_y = -1},
    {.bitmap_index = 36227, .adv_w = 247, .box_w = 11, .box_h = 15, .ofs_x = 2, .ofs_y = -2},
    {.bitmap_index = 36248, .adv_w = 247, .box_w = 11, .box_h = 15, .ofs_x = 2, .ofs_y = -2},
    {.bitmap_index = 36269, .adv_w = 247, .box_w = 13, .box_h = 14, .ofs_x = 2, .ofs_y = -1},
    {.bitmap_index = 36292, .adv_w = 247, .box_w = 13, .box_h = 14, .ofs_x = 2, .ofs_y = -1},
    {.bitmap_index = 36315, .adv_w = 247, .box_w = 11, .box_h = 14, .ofs_x = 2, .ofs_y = -1},
    {.bitmap_index = 36335, .adv_w = 247, .box_w = 11, .box_h = 14, .ofs_x = 2, .ofs_y = -1},
    {.bitmap_index = 36355, .adv_w = 247, .box_w = 11, .box_h = 14, .ofs_x = 2, .ofs_y = -1},
    {.bitmap_index = 36375, .adv_w = 247, .box_w = 11, .box_h = 14, .ofs_x = 2, .ofs_y = -1},
    {.bitmap_index = 36395, .adv_w = 247, .box_w = 12, .box_h = 15, .ofs_x = 2, .ofs_y = -2},
    {.bitmap_index = 36418, .adv_w = 247, .box_w = 12, .box_h = 14, .ofs_x = 2, .ofs_y = -1},
    {.bitmap_index = 36439, .adv_w = 247, .box_w = 12, .box_h = 15, .ofs_x = 2, .ofs_y = -2},
    {.bitmap_index = 36462, .adv_w = 247, .box_w = 11, .box_h = 14, .ofs_x = 2, .ofs_y = -1},
    {.bitmap_index = 36482, .adv_w = 247, .box_w = 12, .box_h = 14, .ofs_x = 2, .ofs_y = -1},
    {.bitmap_index = 36503, .adv_w = 247, .box_w = 12, .box_h = 14, .ofs_x = 2, .ofs_y = -1},
    {.bitmap_index = 36524, .adv_w = 247, .box_w = 12, .box_h = 15, .ofs_x = 2, .ofs_y = -2},
    {.bitmap_index = 36547, .adv_w = 247, .box_w = 12, .box_h = 15, .ofs_x = 1, .ofs_y = -2},
    {.bitmap_index = 36570, .adv_w = 247, .box_w = 13, .box_h = 14, .ofs_x = 1, .ofs_y = -1},
    {.bitmap_index = 36593, .adv_w = 247, .box_w = 13, .box_h = 14, .ofs_x = 1, .ofs_y = -1},
    {.bitmap_index = 36616, .adv_w = 247, .box_w = 12, .box_h = 14, .ofs_x = 1, .ofs_y = -1},
    {.bitmap_index = 36637, .adv_w = 247, .box_w = 12, .box_h = 15, .ofs_x = 1, .ofs_y = -2},
    {.bitmap_index = 36660, .adv_w = 247, .box_w = 13, .box_h = 15, .ofs_x = 1, .ofs_y = -2},
    {.bitmap_index = 36685, .adv_w = 247, .box_w = 13, .box_h = 14, .ofs_x = 1, .ofs_y = -1},
    {.bitmap_index = 36708, .adv_w = 247, .box_w = 14, .box_h = 11, .ofs_x = 1, .ofs_y = 1},
    {.bitmap_index = 36728, .adv_w = 247, .box_w = 15, .box_h = 15, .ofs_x = 0, .ofs_y = -2},
    {.bitmap_index = 36757, .adv_w = 247, .box_w = 15, .box_h = 14, .ofs_x = 0, .ofs_y = -1},
    {.bitmap_index = 36784, .adv_w = 247, .box_w = 15, .box_h = 14, .ofs_x = 0, .ofs_y = -1},
    {.bitmap_index = 36811, .adv_w = 247, .box_w = 15, .box_h = 15, .ofs_x = 0, .ofs_y = -2},
    {.bitmap_index = 36840, .adv_w = 247, .box_w = 15, .box_h = 14, .ofs_x = 0, .ofs_y = -1},
    {.bitmap_index = 36867, .adv_w = 247, .box_w = 15, .box_h = 15, .ofs_x = 0, .ofs_y = -2},
    {.bitmap_index = 36896, .adv_w = 247, .box_w = 15, .box_h = 15, .ofs_x = 0, .ofs_y = -2},
    {.bitmap_index = 36925, .adv_w = 247, .box_w = 15, .box_h = 14, .ofs_x = 0, .ofs_y = -1},
    {.bitmap_index = 36952, .adv_w = 247, .box_w = 15, .box_h = 15, .ofs_x = 0, .ofs_y = -2},
    {.bitmap_index = 36981, .adv_w = 247, .box_w = 15, .box_h = 15, .ofs_x = 0, .ofs_y = -2},
    {.bitmap_index = 37010, .adv_w = 247, .box_w = 15, .box_h = 15, .ofs_x = 0, .ofs_y = -2},
    {.bitmap_index = 37039, .adv_w = 247, .box_w = 15, .box_h = 15, .ofs_x = 0, .ofs_y = -2},
    {.bitmap_index = 37068, .adv_w = 247, .box_w = 14, .box_h = 15, .ofs_x = 1, .ofs_y = -2},
    {.bitmap_index = 37095, .adv_w = 247, .box_w = 15, .box_h = 15, .ofs_x = 0, .ofs_y = -2},
    {.bitmap_index = 37124, .adv_w = 247, .box_w = 15, .box_h = 14, .ofs_x = 0, .ofs_y = -1},
    {.bitmap_index = 37151, .adv_w = 247, .box_w = 15, .box_h = 14, .ofs_x = 0, .ofs_y = -1},
    {.bitmap_index = 37178, .adv_w = 247, .box_w = 15, .box_h = 14, .ofs_x = 0, .ofs_y = -1},
    {.bitmap_index = 37205, .adv_w = 247, .box_w = 15, .box_h = 15, .ofs_x = 0, .ofs_y = -2},
    {.bitmap_index = 37234, .adv_w = 247, .box_w = 15, .box_h = 15, .ofs_x = 0, .ofs_y = -2},
    {.bitmap_index = 37263, .adv_w = 247, .box_w = 15, .box_h = 15, .ofs_x = 0, .ofs_y = -2},
    {.bitmap_index = 37292, .adv_w = 247, .box_w = 15, .box_h = 15, .ofs_x = 0, .ofs_y = -2},
    {.bitmap_index = 37321, .adv_w = 247, .box_w = 13, .box_h = 15, .ofs_x = 1, .ofs_y = -2},
    {.bitmap_index = 37346, .adv_w = 247, .box_w = 13, .box_h = 16, .ofs_x = 1, .ofs_y = -3},
    {.bitmap_index = 37372, .adv_w = 247, .box_w = 14, .box_h = 14, .ofs_x = 1, .ofs_y = -1},
    {.bitmap_index = 37397, .adv_w = 247, .box_w = 12, .box_h = 15, .ofs_x = 1, .ofs_y = -2},
    {.bitmap_index = 37420, .adv_w = 247, .box_w = 14, .box_h = 15, .ofs_x = 1, .ofs_y = -2},
    {.bitmap_index = 37447, .adv_w = 247, .box_w = 13, .box_h = 15, .ofs_x = 0, .ofs_y = -2},
    {.bitmap_index = 37472, .adv_w = 247, .box_w = 12, .box_h = 15, .ofs_x = 1, .ofs_y = -2},
    {.bitmap_index = 37495, .adv_w = 247, .box_w = 12, .box_h = 15, .ofs_x = 1, .ofs_y = -2},
    {.bitmap_index = 37518, .adv_w = 247, .box_w = 14, .box_h = 14, .ofs_x = 1, .ofs_y = -1},
    {.bitmap_index = 37543, .adv_w = 247, .box_w = 13, .box_h = 14, .ofs_x = 1, .ofs_y = -1},
    {.bitmap_index = 37566, .adv_w = 247, .box_w = 12, .box_h = 14, .ofs_x = 1, .ofs_y = -1},
    {.bitmap_index = 37587, .adv_w = 247, .box_w = 12, .box_h = 15, .ofs_x = 1, .ofs_y = -2},
    {.bitmap_index = 37610, .adv_w = 247, .box_w = 13, .box_h = 15, .ofs_x = 1, .ofs_y = -2},
    {.bitmap_index = 37635, .adv_w = 247, .box_w = 12, .box_h = 15, .ofs_x = 1, .ofs_y = -2},
    {.bitmap_index = 37658, .adv_w = 247, .box_w = 14, .box_h = 11, .ofs_x = 1, .ofs_y = 1},
    {.bitmap_index = 37678, .adv_w = 247, .box_w = 15, .box_h = 15, .ofs_x = 0, .ofs_y = -2},
    {.bitmap_index = 37707, .adv_w = 247, .box_w = 15, .box_h = 14, .ofs_x = 0, .ofs_y = -1},
    {.bitmap_index = 37734, .adv_w = 247, .box_w = 15, .box_h = 14, .ofs_x = 0, .ofs_y = -1},
    {.bitmap_index = 37761, .adv_w = 247, .box_w = 15, .box_h = 14, .ofs_x = 0, .ofs_y = -1},
    {.bitmap_index = 37788, .adv_w = 247, .box_w = 15, .box_h = 15, .ofs_x = 0, .ofs_y = -2},
    {.bitmap_index = 37817, .adv_w = 247, .box_w = 15, .box_h = 15, .ofs_x = 0, .ofs_y = -2},
    {.bitmap_index = 37846, .adv_w = 247, .box_w = 15, .box_h = 15, .ofs_x = 0, .ofs_y = -2},
    {.bitmap_index = 37875, .adv_w = 247, .box_w = 15, .box_h = 15, .ofs_x = 0, .ofs_y = -2},
    {.bitmap_index = 37904, .adv_w = 247, .box_w = 15, .box_h = 15, .ofs_x = 0, .ofs_y = -2},
    {.bitmap_index = 37933, .adv_w = 247, .box_w = 15, .box_h = 14, .ofs_x = 0, .ofs_y = -1},
    {.bitmap_index = 37960, .adv_w = 247, .box_w = 15, .box_h = 14, .ofs_x = 0, .ofs_y = -1},
    {.bitmap_index = 37987, .adv_w = 247, .box_w = 15, .box_h = 15, .ofs_x = 0, .ofs_y = -2},
    {.bitmap_index = 38016, .adv_w = 247, .box_w = 15, .box_h = 14, .ofs_x = 0, .ofs_y = -1},
    {.bitmap_index = 38043, .adv_w = 247, .box_w = 15, .box_h = 14, .ofs_x = 0, .ofs_y = -1},
    {.bitmap_index = 38070, .adv_w = 247, .box_w = 15, .box_h = 15, .ofs_x = 0, .ofs_y = -2},
    {.bitmap_index = 38099, .adv_w = 247, .box_w = 15, .box_h = 15, .ofs_x = 0, .ofs_y = -2},
    {.bitmap_index = 38128, .adv_w = 247, .box_w = 15, .box_h = 15, .ofs_x = 0, .ofs_y = -2},
    {.bitmap_index = 38157, .adv_w = 247, .box_w = 13, .box_h = 14, .ofs_x = 0, .ofs_y = -1},
    {.bitmap_index = 38180, .adv_w = 247, .box_w = 13, .box_h = 15, .ofs_x = 0, .ofs_y = -2},
    {.bitmap_index = 38205, .adv_w = 247, .box_w = 14, .box_h = 14, .ofs_x = 1, .ofs_y = -1},
    {.bitmap_index = 38230, .adv_w = 247, .box_w = 14, .box_h = 14, .ofs_x = 0, .ofs_y = -1},
    {.bitmap_index = 38255, .adv_w = 247, .box_w = 13, .box_h = 15, .ofs_x = 0, .ofs_y = -2},
    {.bitmap_index = 38280, .adv_w = 247, .box_w = 12, .box_h = 15, .ofs_x = 1, .ofs_y = -2},
    {.bitmap_index = 38303, .adv_w = 247, .box_w = 13, .box_h = 15, .ofs_x = 1, .ofs_y = -2},
    {.bitmap_index = 38328, .adv_w = 247, .box_w = 12, .box_h = 15, .ofs_x = 1, .ofs_y = -2},
    {.bitmap_index = 38351, .adv_w = 247, .box_w = 13, .box_h = 15, .ofs_x = 1, .ofs_y = -2},
    {.bitmap_index = 38376, .adv_w = 247, .box_w = 13, .box_h = 15, .ofs_x = 0, .ofs_y = -2},
    {.bitmap_index = 38401, .adv_w = 247, .box_w = 14, .box_h = 14, .ofs_x = 0, .ofs_y = -1},
    {.bitmap_index = 38426, .adv_w = 247, .box_w = 15, .box_h = 14, .ofs_x = 0, .ofs_y = -1},
    {.bitmap_index = 38453, .adv_w = 247, .box_w = 13, .box_h = 15, .ofs_x = 0, .ofs_y = -2},
    {.bitmap_index = 38478, .adv_w = 247, .box_w = 13, .box_h = 15, .ofs_x = 0, .ofs_y = -2},
    {.bitmap_index = 38503, .adv_w = 247, .box_w = 13, .box_h = 15, .ofs_x = 0, .ofs_y = -2},
    {.bitmap_index = 38528, .adv_w = 247, .box_w = 12, .box_h = 15, .ofs_x = 1, .ofs_y = -2},
    {.bitmap_index = 38551, .adv_w = 247, .box_w = 12, .box_h = 16, .ofs_x = 1, .ofs_y = -3},
    {.bitmap_index = 38575, .adv_w = 247, .box_w = 14, .box_h = 14, .ofs_x = 1, .ofs_y = -1},
    {.bitmap_index = 38600, .adv_w = 247, .box_w = 13, .box_h = 14, .ofs_x = 1, .ofs_y = -1},
    {.bitmap_index = 38623, .adv_w = 247, .box_w = 12, .box_h = 15, .ofs_x = 1, .ofs_y = -2},
    {.bitmap_index = 38646, .adv_w = 247, .box_w = 12, .box_h = 15, .ofs_x = 1, .ofs_y = -2},
    {.bitmap_index = 38669, .adv_w = 247, .box_w = 14, .box_h = 15, .ofs_x = 1, .ofs_y = -2},
    {.bitmap_index = 38696, .adv_w = 247, .box_w = 12, .box_h = 15, .ofs_x = 1, .ofs_y = -2},
    {.bitmap_index = 38719, .adv_w = 247, .box_w = 16, .box_h = 15, .ofs_x = 0, .ofs_y = -2},
    {.bitmap_index = 38749, .adv_w = 247, .box_w = 15, .box_h = 15, .ofs_x = 0, .ofs_y = -2},
    {.bitmap_index = 38778, .adv_w = 247, .box_w = 14, .box_h = 14, .ofs_x = 1, .ofs_y = -1},
    {.bitmap_index = 38803, .adv_w = 247, .box_w = 15, .box_h = 14, .ofs_x = 0, .ofs_y = -1},
    {.bitmap_index = 38830, .adv_w = 247, .box_w = 15, .box_h = 15, .ofs_x = 0, .ofs_y = -2},
    {.bitmap_index = 38859, .adv_w = 247, .box_w = 15, .box_h = 14, .ofs_x = 0, .ofs_y = -1},
    {.bitmap_index = 38886, .adv_w = 247, .box_w = 15, .box_h = 15, .ofs_x = 0, .ofs_y = -2},
    {.bitmap_index = 38915, .adv_w = 247, .box_w = 14, .box_h = 15, .ofs_x = 0, .ofs_y = -2},
    {.bitmap_index = 38942, .adv_w = 247, .box_w = 15, .box_h = 15, .ofs_x = 0, .ofs_y = -2},
    {.bitmap_index = 38971, .adv_w = 247, .box_w = 14, .box_h = 11, .ofs_x = 1, .ofs_y = 1},
    {.bitmap_index = 38991, .adv_w = 247, .box_w = 15, .box_h = 15, .ofs_x = 0, .ofs_y = -2},
    {.bitmap_index = 39020, .adv_w = 247, .box_w = 15, .box_h = 14, .ofs_x = 0, .ofs_y = -1},
    {.bitmap_index = 39047, .adv_w = 247, .box_w = 15, .box_h = 14, .ofs_x = 0, .ofs_y = -1},
    {.bitmap_index = 39074, .adv_w = 247, .box_w = 14, .box_h = 14, .ofs_x = 1, .ofs_y = -1},
    {.bitmap_index = 39099, .adv_w = 247, .box_w = 15, .box_h = 15, .ofs_x = 0, .ofs_y = -2},
    {.bitmap_index = 39128, .adv_w = 247, .box_w = 15, .box_h = 15, .ofs_x = 0, .ofs_y = -2},
    {.bitmap_index = 39157, .adv_w = 247, .box_w = 15, .box_h = 15, .ofs_x = 0, .ofs_y = -2},
    {.bitmap_index = 39186, .adv_w = 247, .box_w = 15, .box_h = 15, .ofs_x = 0, .ofs_y = -2},
    {.bitmap_index = 39215, .adv_w = 247, .box_w = 15, .box_h = 15, .ofs_x = 0, .ofs_y = -2},
    {.bitmap_index = 39244, .adv_w = 247, .box_w = 15, .box_h = 15, .ofs_x = 0, .ofs_y = -2},
    {.bitmap_index = 39273, .adv_w = 247, .box_w = 15, .box_h = 15, .ofs_x = 0, .ofs_y = -2},
    {.bitmap_index = 39302, .adv_w = 247, .box_w = 15, .box_h = 14, .ofs_x = 0, .ofs_y = -1},
    {.bitmap_index = 39329, .adv_w = 247, .box_w = 15, .box_h = 14, .ofs_x = 0, .ofs_y = -1},
    {.bitmap_index = 39356, .adv_w = 247, .box_w = 14, .box_h = 15, .ofs_x = 0, .ofs_y = -2},
    {.bitmap_index = 39383, .adv_w = 247, .box_w = 13, .box_h = 15, .ofs_x = 0, .ofs_y = -2},
    {.bitmap_index = 39408, .adv_w = 247, .box_w = 14, .box_h = 14, .ofs_x = 1, .ofs_y = -1},
    {.bitmap_index = 39433, .adv_w = 247, .box_w = 13, .box_h = 14, .ofs_x = 1, .ofs_y = -1},
    {.bitmap_index = 39456, .adv_w = 247, .box_w = 12, .box_h = 15, .ofs_x = 1, .ofs_y = -2},
    {.bitmap_index = 39479, .adv_w = 247, .box_w = 12, .box_h = 15, .ofs_x = 1, .ofs_y = -2},
    {.bitmap_index = 39502, .adv_w = 247, .box_w = 11, .box_h = 14, .ofs_x = 2, .ofs_y = -1},
    {.bitmap_index = 39522, .adv_w = 247, .box_w = 11, .box_h = 15, .ofs_x = 2, .ofs_y = -2},
    {.bitmap_index = 39543, .adv_w = 247, .box_w = 12, .box_h = 14, .ofs_x = 2, .ofs_y = -1},
    {.bitmap_index = 39564, .adv_w = 247, .box_w = 12, .box_h = 14, .ofs_x = 2, .ofs_y = -1},
    {.bitmap_index = 39585, .adv_w = 247, .box_w = 11, .box_h = 14, .ofs_x = 2, .ofs_y = -1},
    {.bitmap_index = 39605, .adv_w = 247, .box_w = 11, .box_h = 14, .ofs_x = 2, .ofs_y = -1},
    {.bitmap_index = 39625, .adv_w = 247, .box_w = 13, .box_h = 14, .ofs_x = 2, .ofs_y = -1},
    {.bitmap_index = 39648, .adv_w = 247, .box_w = 11, .box_h = 14, .ofs_x = 2, .ofs_y = -1},
    {.bitmap_index = 39668, .adv_w = 247, .box_w = 11, .box_h = 14, .ofs_x = 2, .ofs_y = -1},
    {.bitmap_index = 39688, .adv_w = 247, .box_w = 12, .box_h = 14, .ofs_x = 2, .ofs_y = -1},
    {.bitmap_index = 39709, .adv_w = 247, .box_w = 12, .box_h = 15, .ofs_x = 2, .ofs_y = -2},
    {.bitmap_index = 39732, .adv_w = 247, .box_w = 11, .box_h = 14, .ofs_x = 2, .ofs_y = -1},
    {.bitmap_index = 39752, .adv_w = 247, .box_w = 12, .box_h = 15, .ofs_x = 2, .ofs_y = -2},
    {.bitmap_index = 39775, .adv_w = 247, .box_w = 12, .box_h = 14, .ofs_x = 2, .ofs_y = -1},
    {.bitmap_index = 39796, .adv_w = 247, .box_w = 14, .box_h = 15, .ofs_x = 1, .ofs_y = -2},
    {.bitmap_index = 39823, .adv_w = 247, .box_w = 14, .box_h = 15, .ofs_x = 1, .ofs_y = -2},
    {.bitmap_index = 39850, .adv_w = 247, .box_w = 14, .box_h = 14, .ofs_x = 1, .ofs_y = -1},
    {.bitmap_index = 39875, .adv_w = 247, .box_w = 14, .box_h = 15, .ofs_x = 1, .ofs_y = -2},
    {.bitmap_index = 39902, .adv_w = 247, .box_w = 14, .box_h = 14, .ofs_x = 1, .ofs_y = -1},
    {.bitmap_index = 39927, .adv_w = 247, .box_w = 14, .box_h = 14, .ofs_x = 1, .ofs_y = -1},
    {.bitmap_index = 39952, .adv_w = 247, .box_w = 14, .box_h = 14, .ofs_x = 1, .ofs_y = -1},
    {.bitmap_index = 39977, .adv_w = 247, .box_w = 14, .box_h = 14, .ofs_x = 1, .ofs_y = -1},
    {.bitmap_index = 40002, .adv_w = 247, .box_w = 14, .box_h = 14, .ofs_x = 1, .ofs_y = -1},
    {.bitmap_index = 40027, .adv_w = 247, .box_w = 14, .box_h = 14, .ofs_x = 1, .ofs_y = -1},
    {.bitmap_index = 40052, .adv_w = 247, .box_w = 14, .box_h = 15, .ofs_x = 1, .ofs_y = -2},
    {.bitmap_index = 40079, .adv_w = 247, .box_w = 15, .box_h = 15, .ofs_x = 0, .ofs_y = -2},
    {.bitmap_index = 40108, .adv_w = 247, .box_w = 14, .box_h = 14, .ofs_x = 1, .ofs_y = -1},
    {.bitmap_index = 40133, .adv_w = 247, .box_w = 13, .box_h = 15, .ofs_x = 0, .ofs_y = -2},
    {.bitmap_index = 40158, .adv_w = 247, .box_w = 13, .box_h = 15, .ofs_x = 0, .ofs_y = -2},
    {.bitmap_index = 40183, .adv_w = 247, .box_w = 14, .box_h = 14, .ofs_x = 1, .ofs_y = -1},
    {.bitmap_index = 40208, .adv_w = 247, .box_w = 14, .box_h = 14, .ofs_x = 1, .ofs_y = -1},
    {.bitmap_index = 40233, .adv_w = 247, .box_w = 13, .box_h = 14, .ofs_x = 0, .ofs_y = -1},
    {.bitmap_index = 40256, .adv_w = 247, .box_w = 12, .box_h = 15, .ofs_x = 1, .ofs_y = -2},
    {.bitmap_index = 40279, .adv_w = 247, .box_w = 14, .box_h = 15, .ofs_x = 0, .ofs_y = -2},
    {.bitmap_index = 40306, .adv_w = 247, .box_w = 14, .box_h = 15, .ofs_x = 0, .ofs_y = -2},
    {.bitmap_index = 40333, .adv_w = 247, .box_w = 13, .box_h = 14, .ofs_x = 0, .ofs_y = -1},
    {.bitmap_index = 40356, .adv_w = 247, .box_w = 14, .box_h = 15, .ofs_x = 1, .ofs_y = -2},
    {.bitmap_index = 40383, .adv_w = 247, .box_w = 14, .box_h = 15, .ofs_x = 1, .ofs_y = -2},
    {.bitmap_index = 40410, .adv_w = 247, .box_w = 14, .box_h = 14, .ofs_x = 1, .ofs_y = -1},
    {.bitmap_index = 40435, .adv_w = 247, .box_w = 15, .box_h = 15, .ofs_x = 0, .ofs_y = -2},
    {.bitmap_index = 40464, .adv_w = 247, .box_w = 14, .box_h = 14, .ofs_x = 1, .ofs_y = -1},
    {.bitmap_index = 40489, .adv_w = 247, .box_w = 14, .box_h = 14, .ofs_x = 1, .ofs_y = -1},
    {.bitmap_index = 40514, .adv_w = 247, .box_w = 15, .box_h = 14, .ofs_x = 0, .ofs_y = -1},
    {.bitmap_index = 40541, .adv_w = 247, .box_w = 13, .box_h = 14, .ofs_x = 0, .ofs_y = -1},
    {.bitmap_index = 40564, .adv_w = 247, .box_w = 14, .box_h = 14, .ofs_x = 1, .ofs_y = -1},
    {.bitmap_index = 40589, .adv_w = 247, .box_w = 14, .box_h = 14, .ofs_x = 1, .ofs_y = -1},
    {.bitmap_index = 40614, .adv_w = 247, .box_w = 12, .box_h = 15, .ofs_x = 1, .ofs_y = -2},
    {.bitmap_index = 40637, .adv_w = 247, .box_w = 12, .box_h = 15, .ofs_x = 1, .ofs_y = -2},
    {.bitmap_index = 40660, .adv_w = 247, .box_w = 14, .box_h = 14, .ofs_x = 1, .ofs_y = -1},
    {.bitmap_index = 40685, .adv_w = 247, .box_w = 14, .box_h = 14, .ofs_x = 0, .ofs_y = -1},
    {.bitmap_index = 40710, .adv_w = 247, .box_w = 12, .box_h = 14, .ofs_x = 1, .ofs_y = -1},
    {.bitmap_index = 40731, .adv_w = 247, .box_w = 12, .box_h = 14, .ofs_x = 1, .ofs_y = -1},
    {.bitmap_index = 40752, .adv_w = 247, .box_w = 12, .box_h = 15, .ofs_x = 1, .ofs_y = -2},
    {.bitmap_index = 40775, .adv_w = 247, .box_w = 13, .box_h = 15, .ofs_x = 1, .ofs_y = -2},
    {.bitmap_index = 40800, .adv_w = 247, .box_w = 12, .box_h = 14, .ofs_x = 1, .ofs_y = -1},
    {.bitmap_index = 40821, .adv_w = 247, .box_w = 13, .box_h = 15, .ofs_x = 1, .ofs_y = -2},
    {.bitmap_index = 40846, .adv_w = 247, .box_w = 13, .box_h = 15, .ofs_x = 1, .ofs_y = -2},
    {.bitmap_index = 40871, .adv_w = 247, .box_w = 13, .box_h = 15, .ofs_x = 1, .ofs_y = -2},
    {.bitmap_index = 40896, .adv_w = 247, .box_w = 14, .box_h = 14, .ofs_x = 1, .ofs_y = -1},
    {.bitmap_index = 40921, .adv_w = 247, .box_w = 14, .box_h = 14, .ofs_x = 1, .ofs_y = -1},
    {.bitmap_index = 40946, .adv_w = 247, .box_w = 12, .box_h = 14, .ofs_x = 1, .ofs_y = -1},
    {.bitmap_index = 40967, .adv_w = 247, .box_w = 12, .box_h = 15, .ofs_x = 1, .ofs_y = -2},
    {.bitmap_index = 40990, .adv_w = 247, .box_w = 14, .box_h = 14, .ofs_x = 1, .ofs_y = -1},
    {.bitmap_index = 41015, .adv_w = 247, .box_w = 13, .box_h = 15, .ofs_x = 0, .ofs_y = -2},
    {.bitmap_index = 41040, .adv_w = 247, .box_w = 12, .box_h = 15, .ofs_x = 1, .ofs_y = -2},
    {.bitmap_index = 41063, .adv_w = 247, .box_w = 14, .box_h = 14, .ofs_x = 1, .ofs_y = -1},
    {.bitmap_index = 41088, .adv_w = 247, .box_w = 13, .box_h = 14, .ofs_x = 1, .ofs_y = -1},
    {.bitmap_index = 41111, .adv_w = 247, .box_w = 12, .box_h = 14, .ofs_x = 1, .ofs_y = -1},
    {.bitmap_index = 41132, .adv_w = 247, .box_w = 13, .box_h = 14, .ofs_x = 1, .ofs_y = -1},
    {.bitmap_index = 41155, .adv_w = 247, .box_w = 13, .box_h = 15, .ofs_x = 1, .ofs_y = -2},
    {.bitmap_index = 41180, .adv_w = 247, .box_w = 12, .box_h = 14, .ofs_x = 1, .ofs_y = -1},
    {.bitmap_index = 41201, .adv_w = 247, .box_w = 13, .box_h = 15, .ofs_x = 1, .ofs_y = -2},
    {.bitmap_index = 41226, .adv_w = 247, .box_w = 15, .box_h = 11, .ofs_x = 0, .ofs_y = 1},
    {.bitmap_index = 41247, .adv_w = 247, .box_w = 14, .box_h = 15, .ofs_x = 0, .ofs_y = -2},
    {.bitmap_index = 41274, .adv_w = 247, .box_w = 15, .box_h = 13, .ofs_x = 0, .ofs_y = -1},
    {.bitmap_index = 41299, .adv_w = 247, .box_w = 15, .box_h = 14, .ofs_x = 0, .ofs_y = -1},
    {.bitmap_index = 41326, .adv_w = 247, .box_w = 14, .box_h = 14, .ofs_x = 0, .ofs_y = -1},
    {.bitmap_index = 41351, .adv_w = 247, .box_w = 14, .box_h = 14, .ofs_x = 0, .ofs_y = -1},
    {.bitmap_index = 41376, .adv_w = 247, .box_w = 15, .box_h = 15, .ofs_x = 0, .ofs_y = -2},
    {.bitmap_index = 41405, .adv_w = 247, .box_w = 15, .box_h = 15, .ofs_x = 0, .ofs_y = -2},
    {.bitmap_index = 41434, .adv_w = 247, .box_w = 15, .box_h = 15, .ofs_x = 0, .ofs_y = -2},
    {.bitmap_index = 41463, .adv_w = 247, .box_w = 15, .box_h = 15, .ofs_x = 0, .ofs_y = -2},
    {.bitmap_index = 41492, .adv_w = 247, .box_w = 15, .box_h = 15, .ofs_x = 0, .ofs_y = -2},
    {.bitmap_index = 41521, .adv_w = 247, .box_w = 15, .box_h = 15, .ofs_x = 1, .ofs_y = -2},
    {.bitmap_index = 41550, .adv_w = 247, .box_w = 15, .box_h = 15, .ofs_x = 0, .ofs_y = -2},
    {.bitmap_index = 41579, .adv_w = 247, .box_w = 15, .box_h = 15, .ofs_x = 0, .ofs_y = -2},
    {.bitmap_index = 41608, .adv_w = 247, .box_w = 15, .box_h = 14, .ofs_x = 0, .ofs_y = -1},
    {.bitmap_index = 41635, .adv_w = 247, .box_w = 14, .box_h = 15, .ofs_x = 1, .ofs_y = -2},
    {.bitmap_index = 41662, .adv_w = 247, .box_w = 15, .box_h = 15, .ofs_x = 0, .ofs_y = -2},
    {.bitmap_index = 41691, .adv_w = 247, .box_w = 15, .box_h = 15, .ofs_x = 0, .ofs_y = -2},
    {.bitmap_index = 41720, .adv_w = 247, .box_w = 13, .box_h = 15, .ofs_x = 1, .ofs_y = -2},
    {.bitmap_index = 41745, .adv_w = 247, .box_w = 15, .box_h = 15, .ofs_x = 0, .ofs_y = -2},
    {.bitmap_index = 41774, .adv_w = 247, .box_w = 13, .box_h = 15, .ofs_x = 0, .ofs_y = -2},
    {.bitmap_index = 41799, .adv_w = 247, .box_w = 12, .box_h = 15, .ofs_x = 1, .ofs_y = -2},
    {.bitmap_index = 41822, .adv_w = 247, .box_w = 13, .box_h = 14, .ofs_x = 1, .ofs_y = -1},
    {.bitmap_index = 41845, .adv_w = 247, .box_w = 13, .box_h = 14, .ofs_x = 1, .ofs_y = -1},
    {.bitmap_index = 41868, .adv_w = 247, .box_w = 12, .box_h = 14, .ofs_x = 1, .ofs_y = -1},
    {.bitmap_index = 41889, .adv_w = 247, .box_w = 12, .box_h = 14, .ofs_x = 1, .ofs_y = -1},
    {.bitmap_index = 41910, .adv_w = 247, .box_w = 13, .box_h = 15, .ofs_x = 1, .ofs_y = -2},
    {.bitmap_index = 41935, .adv_w = 247, .box_w = 12, .box_h = 15, .ofs_x = 1, .ofs_y = -2},
    {.bitmap_index = 41958, .adv_w = 247, .box_w = 15, .box_h = 11, .ofs_x = 0, .ofs_y = 1},
    {.bitmap_index = 41979, .adv_w = 247, .box_w = 14, .box_h = 15, .ofs_x = 1, .ofs_y = -2},
    {.bitmap_index = 42006, .adv_w = 247, .box_w = 15, .box_h = 13, .ofs_x = 0, .ofs_y = -1},
    {.bitmap_index = 42031, .adv_w = 247, .box_w = 15, .box_h = 15, .ofs_x = 0, .ofs_y = -2},
    {.bitmap_index = 42060, .adv_w = 247, .box_w = 15, .box_h = 14, .ofs_x = 0, .ofs_y = -2},
    {.bitmap_index = 42087, .adv_w = 247, .box_w = 14, .box_h = 15, .ofs_x = 0, .ofs_y = -2},
    {.bitmap_index = 42114, .adv_w = 247, .box_w = 14, .box_h = 13, .ofs_x = 1, .ofs_y = -1},
    {.bitmap_index = 42137, .adv_w = 247, .box_w = 15, .box_h = 14, .ofs_x = 0, .ofs_y = -1},
    {.bitmap_index = 42164, .adv_w = 247, .box_w = 15, .box_h = 15, .ofs_x = 0, .ofs_y = -2},
    {.bitmap_index = 42193, .adv_w = 247, .box_w = 14, .box_h = 14, .ofs_x = 0, .ofs_y = -1},
    {.bitmap_index = 42218, .adv_w = 247, .box_w = 15, .box_h = 15, .ofs_x = 0, .ofs_y = -2},
    {.bitmap_index = 42247, .adv_w = 247, .box_w = 15, .box_h = 14, .ofs_x = 0, .ofs_y = -1},
    {.bitmap_index = 42274, .adv_w = 247, .box_w = 15, .box_h = 15, .ofs_x = 0, .ofs_y = -2},
    {.bitmap_index = 42303, .adv_w = 247, .box_w = 15, .box_h = 15, .ofs_x = 0, .ofs_y = -2},
    {.bitmap_index = 42332, .adv_w = 247, .box_w = 13, .box_h = 14, .ofs_x = 0, .ofs_y = -1},
    {.bitmap_index = 42355, .adv_w = 247, .box_w = 14, .box_h = 15, .ofs_x = 0, .ofs_y = -2},
    {.bitmap_index = 42382, .adv_w = 247, .box_w = 13, .box_h = 15, .ofs_x = 0, .ofs_y = -2},
    {.bitmap_index = 42407, .adv_w = 247, .box_w = 12, .box_h = 15, .ofs_x = 1, .ofs_y = -2},
    {.bitmap_index = 42430, .adv_w = 247, .box_w = 12, .box_h = 16, .ofs_x = 1, .ofs_y = -3},
    {.bitmap_index = 42454, .adv_w = 247, .box_w = 14, .box_h = 14, .ofs_x = 0, .ofs_y = -1},
    {.bitmap_index = 42479, .adv_w = 247, .box_w = 13, .box_h = 14, .ofs_x = 1, .ofs_y = -1},
    {.bitmap_index = 42502, .adv_w = 247, .box_w = 12, .box_h = 15, .ofs_x = 1, .ofs_y = -2},
    {.bitmap_index = 42525, .adv_w = 247, .box_w = 12, .box_h = 15, .ofs_x = 1, .ofs_y = -2},
    {.bitmap_index = 42548, .adv_w = 247, .box_w = 13, .box_h = 15, .ofs_x = 1, .ofs_y = -2},
    {.bitmap_index = 42573, .adv_w = 247, .box_w = 14, .box_h = 14, .ofs_x = 1, .ofs_y = -2},
    {.bitmap_index = 42598, .adv_w = 247, .box_w = 14, .box_h = 13, .ofs_x = 1, .ofs_y = -1},
    {.bitmap_index = 42621, .adv_w = 247, .box_w = 15, .box_h = 14, .ofs_x = 0, .ofs_y = -1},
    {.bitmap_index = 42648, .adv_w = 247, .box_w = 15, .box_h = 15, .ofs_x = 0, .ofs_y = -2},
    {.bitmap_index = 42677, .adv_w = 247, .box_w = 15, .box_h = 11, .ofs_x = 0, .ofs_y = 1},
    {.bitmap_index = 42698, .adv_w = 247, .box_w = 14, .box_h = 15, .ofs_x = 1, .ofs_y = -2},
    {.bitmap_index = 42725, .adv_w = 247, .box_w = 15, .box_h = 13, .ofs_x = 0, .ofs_y = -1},
    {.bitmap_index = 42750, .adv_w = 247, .box_w = 15, .box_h = 14, .ofs_x = 0, .ofs_y = -1},
    {.bitmap_index = 42777, .adv_w = 247, .box_w = 14, .box_h = 15, .ofs_x = 0, .ofs_y = -2},
    {.bitmap_index = 42804, .adv_w = 247, .box_w = 15, .box_h = 14, .ofs_x = 0, .ofs_y = -1},
    {.bitmap_index = 42831, .adv_w = 247, .box_w = 15, .box_h = 15, .ofs_x = 0, .ofs_y = -2},
    {.bitmap_index = 42860, .adv_w = 247, .box_w = 15, .box_h = 15, .ofs_x = 0, .ofs_y = -2},
    {.bitmap_index = 42889, .adv_w = 247, .box_w = 12, .box_h = 15, .ofs_x = 1, .ofs_y = -2},
    {.bitmap_index = 42912, .adv_w = 247, .box_w = 12, .box_h = 15, .ofs_x = 1, .ofs_y = -2},
    {.bitmap_index = 42935, .adv_w = 247, .box_w = 12, .box_h = 14, .ofs_x = 2, .ofs_y = -1},
    {.bitmap_index = 42956, .adv_w = 247, .box_w = 12, .box_h = 14, .ofs_x = 1, .ofs_y = -1},
    {.bitmap_index = 42977, .adv_w = 247, .box_w = 13, .box_h = 14, .ofs_x = 1, .ofs_y = -1},
    {.bitmap_index = 43000, .adv_w = 247, .box_w = 11, .box_h = 14, .ofs_x = 2, .ofs_y = -1},
    {.bitmap_index = 43020, .adv_w = 247, .box_w = 12, .box_h = 14, .ofs_x = 1, .ofs_y = -1},
    {.bitmap_index = 43041, .adv_w = 247, .box_w = 11, .box_h = 15, .ofs_x = 2, .ofs_y = -2},
    {.bitmap_index = 43062, .adv_w = 247, .box_w = 13, .box_h = 14, .ofs_x = 1, .ofs_y = -1},
    {.bitmap_index = 43085, .adv_w = 247, .box_w = 12, .box_h = 14, .ofs_x = 1, .ofs_y = -1},
    {.bitmap_index = 43106, .adv_w = 247, .box_w = 13, .box_h = 14, .ofs_x = 1, .ofs_y = -1},
    {.bitmap_index = 43129, .adv_w = 247, .box_w = 12, .box_h = 14, .ofs_x = 1, .ofs_y = -1},
    {.bitmap_index = 43150, .adv_w = 247, .box_w = 12, .box_h = 14, .ofs_x = 1, .ofs_y = -1},
    {.bitmap_index = 43171, .adv_w = 247, .box_w = 15, .box_h = 15, .ofs_x = 0, .ofs_y = -2},
    {.bitmap_index = 43200, .adv_w = 247, .box_w = 15, .box_h = 16, .ofs_x = 0, .ofs_y = -3},
    {.bitmap_index = 43230, .adv_w = 247, .box_w = 14, .box_h = 14, .ofs_x = 1, .ofs_y = -1},
    {.bitmap_index = 43255, .adv_w = 247, .box_w = 15, .box_h = 14, .ofs_x = 0, .ofs_y = -1},
    {.bitmap_index = 43282, .adv_w = 247, .box_w = 15, .box_h = 14, .ofs_x = 1, .ofs_y = -1},
    {.bitmap_index = 43309, .adv_w = 247, .box_w = 15, .box_h = 14, .ofs_x = 0, .ofs_y = -1},
    {.bitmap_index = 43336, .adv_w = 247, .box_w = 15, .box_h = 14, .ofs_x = 0, .ofs_y = -1},
    {.bitmap_index = 43363, .adv_w = 247, .box_w = 15, .box_h = 15, .ofs_x = 0, .ofs_y = -2},
    {.bitmap_index = 43392, .adv_w = 247, .box_w = 15, .box_h = 15, .ofs_x = 0, .ofs_y = -2},
    {.bitmap_index = 43421, .adv_w = 247, .box_w = 15, .box_h = 15, .ofs_x = 0, .ofs_y = -2},
    {.bitmap_index = 43450, .adv_w = 247, .box_w = 15, .box_h = 15, .ofs_x = 0, .ofs_y = -2},
    {.bitmap_index = 43479, .adv_w = 247, .box_w = 13, .box_h = 15, .ofs_x = 1, .ofs_y = -2},
    {.bitmap_index = 43504, .adv_w = 247, .box_w = 13, .box_h = 15, .ofs_x = 1, .ofs_y = -2},
    {.bitmap_index = 43529, .adv_w = 247, .box_w = 14, .box_h = 14, .ofs_x = 1, .ofs_y = -1},
    {.bitmap_index = 43554, .adv_w = 247, .box_w = 14, .box_h = 14, .ofs_x = 1, .ofs_y = -1},
    {.bitmap_index = 43579, .adv_w = 247, .box_w = 12, .box_h = 14, .ofs_x = 1, .ofs_y = -1},
    {.bitmap_index = 43600, .adv_w = 247, .box_w = 13, .box_h = 15, .ofs_x = 0, .ofs_y = -2},
    {.bitmap_index = 43625, .adv_w = 247, .box_w = 14, .box_h = 15, .ofs_x = 1, .ofs_y = -2},
    {.bitmap_index = 43652, .adv_w = 247, .box_w = 14, .box_h = 15, .ofs_x = 1, .ofs_y = -2},
    {.bitmap_index = 43679, .adv_w = 247, .box_w = 13, .box_h = 15, .ofs_x = 1, .ofs_y = -2},
    {.bitmap_index = 43704, .adv_w = 247, .box_w = 15, .box_h = 15, .ofs_x = 0, .ofs_y = -2},
    {.bitmap_index = 43733, .adv_w = 247, .box_w = 14, .box_h = 14, .ofs_x = 1, .ofs_y = -1},
    {.bitmap_index = 43758, .adv_w = 247, .box_w = 15, .box_h = 15, .ofs_x = 0, .ofs_y = -2},
    {.bitmap_index = 43787, .adv_w = 247, .box_w = 13, .box_h = 15, .ofs_x = 0, .ofs_y = -2},
    {.bitmap_index = 43812, .adv_w = 247, .box_w = 12, .box_h = 15, .ofs_x = 1, .ofs_y = -2},
    {.bitmap_index = 43835, .adv_w = 247, .box_w = 14, .box_h = 14, .ofs_x = 1, .ofs_y = -1},
    {.bitmap_index = 43860, .adv_w = 247, .box_w = 14, .box_h = 14, .ofs_x = 0, .ofs_y = -1},
    {.bitmap_index = 43885, .adv_w = 247, .box_w = 12, .box_h = 14, .ofs_x = 1, .ofs_y = -1},
    {.bitmap_index = 43906, .adv_w = 247, .box_w = 13, .box_h = 15, .ofs_x = 1, .ofs_y = -2},
    {.bitmap_index = 43931, .adv_w = 247, .box_w = 13, .box_h = 14, .ofs_x = 1, .ofs_y = -1},
    {.bitmap_index = 43954, .adv_w = 247, .box_w = 13, .box_h = 15, .ofs_x = 1, .ofs_y = -2},
    {.bitmap_index = 43979, .adv_w = 247, .box_w = 12, .box_h = 14, .ofs_x = 1, .ofs_y = -1},
    {.bitmap_index = 44000, .adv_w = 247, .box_w = 14, .box_h = 15, .ofs_x = 0, .ofs_y = -2},
    {.bitmap_index = 44027, .adv_w = 247, .box_w = 14, .box_h = 15, .ofs_x = 1, .ofs_y = -2},
    {.bitmap_index = 44054, .adv_w = 247, .box_w = 13, .box_h = 15, .ofs_x = 0, .ofs_y = -2},
    {.bitmap_index = 44079, .adv_w = 247, .box_w = 13, .box_h = 15, .ofs_x = 1, .ofs_y = -2},
    {.bitmap_index = 44104, .adv_w = 247, .box_w = 15, .box_h = 11, .ofs_x = 0, .ofs_y = 1},
    {.bitmap_index = 44125, .adv_w = 247, .box_w = 14, .box_h = 15, .ofs_x = 0, .ofs_y = -2},
    {.bitmap_index = 44152, .adv_w = 247, .box_w = 15, .box_h = 14, .ofs_x = 0, .ofs_y = -1},
    {.bitmap_index = 44179, .adv_w = 247, .box_w = 15, .box_h = 14, .ofs_x = 0, .ofs_y = -1},
    {.bitmap_index = 44206, .adv_w = 247, .box_w = 15, .box_h = 15, .ofs_x = 0, .ofs_y = -2},
    {.bitmap_index = 44235, .adv_w = 247, .box_w = 15, .box_h = 15, .ofs_x = 0, .ofs_y = -2},
    {.bitmap_index = 44264, .adv_w = 247, .box_w = 15, .box_h = 15, .ofs_x = 0, .ofs_y = -2},
    {.bitmap_index = 44293, .adv_w = 247, .box_w = 15, .box_h = 15, .ofs_x = 0, .ofs_y = -2},
    {.bitmap_index = 44322, .adv_w = 247, .box_w = 15, .box_h = 15, .ofs_x = 0, .ofs_y = -2},
    {.bitmap_index = 44351, .adv_w = 247, .box_w = 15, .box_h = 15, .ofs_x = 0, .ofs_y = -2},
    {.bitmap_index = 44380, .adv_w = 247, .box_w = 15, .box_h = 15, .ofs_x = 0, .ofs_y = -2},
    {.bitmap_index = 44409, .adv_w = 247, .box_w = 15, .box_h = 14, .ofs_x = 0, .ofs_y = -1},
    {.bitmap_index = 44436, .adv_w = 247, .box_w = 15, .box_h = 15, .ofs_x = 0, .ofs_y = -2},
    {.bitmap_index = 44465, .adv_w = 247, .box_w = 14, .box_h = 15, .ofs_x = 0, .ofs_y = -2},
    {.bitmap_index = 44492, .adv_w = 247, .box_w = 14, .box_h = 15, .ofs_x = 0, .ofs_y = -2},
    {.bitmap_index = 44519, .adv_w = 247, .box_w = 12, .box_h = 15, .ofs_x = 1, .ofs_y = -2},
    {.bitmap_index = 44542, .adv_w = 247, .box_w = 14, .box_h = 14, .ofs_x = 0, .ofs_y = -1},
    {.bitmap_index = 44567, .adv_w = 247, .box_w = 13, .box_h = 14, .ofs_x = 1, .ofs_y = -1},
    {.bitmap_index = 44590, .adv_w = 247, .box_w = 12, .box_h = 15, .ofs_x = 1, .ofs_y = -2},
    {.bitmap_index = 44613, .adv_w = 247, .box_w = 12, .box_h = 14, .ofs_x = 1, .ofs_y = -1},
    {.bitmap_index = 44634, .adv_w = 247, .box_w = 15, .box_h = 15, .ofs_x = 0, .ofs_y = -2},
    {.bitmap_index = 44663, .adv_w = 247, .box_w = 15, .box_h = 15, .ofs_x = 0, .ofs_y = -2},
    {.bitmap_index = 44692, .adv_w = 247, .box_w = 15, .box_h = 15, .ofs_x = 0, .ofs_y = -2},
    {.bitmap_index = 44721, .adv_w = 247, .box_w = 15, .box_h = 14, .ofs_x = 0, .ofs_y = -1},
    {.bitmap_index = 44748, .adv_w = 247, .box_w = 15, .box_h = 14, .ofs_x = 0, .ofs_y = -1},
    {.bitmap_index = 44775, .adv_w = 247, .box_w = 15, .box_h = 15, .ofs_x = 0, .ofs_y = -2},
    {.bitmap_index = 44804, .adv_w = 247, .box_w = 15, .box_h = 14, .ofs_x = 0, .ofs_y = -1},
    {.bitmap_index = 44831, .adv_w = 247, .box_w = 15, .box_h = 15, .ofs_x = 0, .ofs_y = -2},
    {.bitmap_index = 44860, .adv_w = 247, .box_w = 13, .box_h = 14, .ofs_x = 0, .ofs_y = -1},
    {.bitmap_index = 44883, .adv_w = 247, .box_w = 14, .box_h = 15, .ofs_x = 0, .ofs_y = -2},
    {.bitmap_index = 44910, .adv_w = 247, .box_w = 11, .box_h = 15, .ofs_x = 1, .ofs_y = -2},
    {.bitmap_index = 44931, .adv_w = 247, .box_w = 12, .box_h = 14, .ofs_x = 1, .ofs_y = -1},
    {.bitmap_index = 44952, .adv_w = 247, .box_w = 14, .box_h = 15, .ofs_x = 1, .ofs_y = -2},
    {.bitmap_index = 44979, .adv_w = 247, .box_w = 15, .box_h = 11, .ofs_x = 0, .ofs_y = 1},
    {.bitmap_index = 45000, .adv_w = 247, .box_w = 15, .box_h = 14, .ofs_x = 0, .ofs_y = -1},
    {.bitmap_index = 45027, .adv_w = 247, .box_w = 15, .box_h = 15, .ofs_x = 0, .ofs_y = -2},
    {.bitmap_index = 45056, .adv_w = 247, .box_w = 15, .box_h = 15, .ofs_x = 0, .ofs_y = -2},
    {.bitmap_index = 45085, .adv_w = 247, .box_w = 12, .box_h = 15, .ofs_x = 1, .ofs_y = -2},
    {.bitmap_index = 45108, .adv_w = 247, .box_w = 12, .box_h = 15, .ofs_x = 1, .ofs_y = -2},
    {.bitmap_index = 45131, .adv_w = 247, .box_w = 14, .box_h = 14, .ofs_x = 0, .ofs_y = -1},
    {.bitmap_index = 45156, .adv_w = 247, .box_w = 13, .box_h = 14, .ofs_x = 1, .ofs_y = -1},
    {.bitmap_index = 45179, .adv_w = 247, .box_w = 12, .box_h = 14, .ofs_x = 1, .ofs_y = -1},
    {.bitmap_index = 45200, .adv_w = 247, .box_w = 12, .box_h = 15, .ofs_x = 1, .ofs_y = -2},
    {.bitmap_index = 45223, .adv_w = 247, .box_w = 12, .box_h = 14, .ofs_x = 1, .ofs_y = -1},
    {.bitmap_index = 45244, .adv_w = 247, .box_w = 13, .box_h = 14, .ofs_x = 1, .ofs_y = -1},
    {.bitmap_index = 45267, .adv_w = 247, .box_w = 13, .box_h = 15, .ofs_x = 1, .ofs_y = -2},
    {.bitmap_index = 45292, .adv_w = 247, .box_w = 14, .box_h = 15, .ofs_x = 1, .ofs_y = -2},
    {.bitmap_index = 45319, .adv_w = 247, .box_w = 14, .box_h = 16, .ofs_x = 1, .ofs_y = -3},
    {.bitmap_index = 45347, .adv_w = 247, .box_w = 14, .box_h = 14, .ofs_x = 1, .ofs_y = -1},
    {.bitmap_index = 45372, .adv_w = 247, .box_w = 15, .box_h = 14, .ofs_x = 0, .ofs_y = -1},
    {.bitmap_index = 45399, .adv_w = 247, .box_w = 15, .box_h = 14, .ofs_x = 0, .ofs_y = -1},
    {.bitmap_index = 45426, .adv_w = 247, .box_w = 14, .box_h = 15, .ofs_x = 1, .ofs_y = -2},
    {.bitmap_index = 45453, .adv_w = 247, .box_w = 14, .box_h = 14, .ofs_x = 1, .ofs_y = -1},
    {.bitmap_index = 45478, .adv_w = 247, .box_w = 14, .box_h = 15, .ofs_x = 1, .ofs_y = -2},
    {.bitmap_index = 45505, .adv_w = 247, .box_w = 14, .box_h = 15, .ofs_x = 1, .ofs_y = -2},
    {.bitmap_index = 45532, .adv_w = 247, .box_w = 15, .box_h = 15, .ofs_x = 0, .ofs_y = -2},
    {.bitmap_index = 45561, .adv_w = 247, .box_w = 14, .box_h = 15, .ofs_x = 1, .ofs_y = -2},
    {.bitmap_index = 45588, .adv_w = 247, .box_w = 13, .box_h = 15, .ofs_x = 0, .ofs_y = -2},
    {.bitmap_index = 45613, .adv_w = 247, .box_w = 13, .box_h = 15, .ofs_x = 0, .ofs_y = -2},
    {.bitmap_index = 45638, .adv_w = 247, .box_w = 14, .box_h = 14, .ofs_x = 1, .ofs_y = -1},
    {.bitmap_index = 45663, .adv_w = 247, .box_w = 14, .box_h = 14, .ofs_x = 1, .ofs_y = -1},
    {.bitmap_index = 45688, .adv_w = 247, .box_w = 13, .box_h = 14, .ofs_x = 0, .ofs_y = -1},
    {.bitmap_index = 45711, .adv_w = 247, .box_w = 12, .box_h = 15, .ofs_x = 1, .ofs_y = -2},
    {.bitmap_index = 45734, .adv_w = 247, .box_w = 14, .box_h = 14, .ofs_x = 0, .ofs_y = -1},
    {.bitmap_index = 45759, .adv_w = 247, .box_w = 14, .box_h = 15, .ofs_x = 0, .ofs_y = -2},
    {.bitmap_index = 45786, .adv_w = 247, .box_w = 12, .box_h = 15, .ofs_x = 1, .ofs_y = -2},
    {.bitmap_index = 45809, .adv_w = 247, .box_w = 14, .box_h = 15, .ofs_x = 1, .ofs_y = -2},
    {.bitmap_index = 45836, .adv_w = 247, .box_w = 14, .box_h = 14, .ofs_x = 1, .ofs_y = -1},
    {.bitmap_index = 45861, .adv_w = 247, .box_w = 15, .box_h = 14, .ofs_x = 0, .ofs_y = -1},
    {.bitmap_index = 45888, .adv_w = 247, .box_w = 14, .box_h = 14, .ofs_x = 1, .ofs_y = -1},
    {.bitmap_index = 45913, .adv_w = 247, .box_w = 14, .box_h = 14, .ofs_x = 1, .ofs_y = -1},
    {.bitmap_index = 45938, .adv_w = 247, .box_w = 15, .box_h = 15, .ofs_x = 0, .ofs_y = -2},
    {.bitmap_index = 45967, .adv_w = 247, .box_w = 12, .box_h = 15, .ofs_x = 1, .ofs_y = -2},
    {.bitmap_index = 45990, .adv_w = 247, .box_w = 12, .box_h = 15, .ofs_x = 1, .ofs_y = -2},
    {.bitmap_index = 46013, .adv_w = 247, .box_w = 13, .box_h = 14, .ofs_x = 1, .ofs_y = -1},
    {.bitmap_index = 46036, .adv_w = 247, .box_w = 12, .box_h = 14, .ofs_x = 1, .ofs_y = -1},
    {.bitmap_index = 46057, .adv_w = 247, .box_w = 12, .box_h = 14, .ofs_x = 1, .ofs_y = -1},
    {.bitmap_index = 46078, .adv_w = 247, .box_w = 13, .box_h = 14, .ofs_x = 1, .ofs_y = -1},
    {.bitmap_index = 46101, .adv_w = 247, .box_w = 13, .box_h = 14, .ofs_x = 1, .ofs_y = -1},
    {.bitmap_index = 46124, .adv_w = 247, .box_w = 13, .box_h = 15, .ofs_x = 1, .ofs_y = -2},
    {.bitmap_index = 46149, .adv_w = 247, .box_w = 12, .box_h = 15, .ofs_x = 1, .ofs_y = -2},
    {.bitmap_index = 46172, .adv_w = 247, .box_w = 13, .box_h = 14, .ofs_x = 1, .ofs_y = -1},
    {.bitmap_index = 46195, .adv_w = 247, .box_w = 13, .box_h = 15, .ofs_x = 1, .ofs_y = -2},
    {.bitmap_index = 46220, .adv_w = 247, .box_w = 14, .box_h = 14, .ofs_x = 1, .ofs_y = -1},
    {.bitmap_index = 46245, .adv_w = 247, .box_w = 14, .box_h = 14, .ofs_x = 1, .ofs_y = -1},
    {.bitmap_index = 46270, .adv_w = 247, .box_w = 12, .box_h = 14, .ofs_x = 1, .ofs_y = -1},
    {.bitmap_index = 46291, .adv_w = 247, .box_w = 12, .box_h = 15, .ofs_x = 1, .ofs_y = -2},
    {.bitmap_index = 46314, .adv_w = 247, .box_w = 14, .box_h = 14, .ofs_x = 1, .ofs_y = -1},
    {.bitmap_index = 46339, .adv_w = 247, .box_w = 12, .box_h = 15, .ofs_x = 1, .ofs_y = -2},
    {.bitmap_index = 46362, .adv_w = 247, .box_w = 12, .box_h = 15, .ofs_x = 1, .ofs_y = -2},
    {.bitmap_index = 46385, .adv_w = 247, .box_w = 14, .box_h = 14, .ofs_x = 1, .ofs_y = -1},
    {.bitmap_index = 46410, .adv_w = 247, .box_w = 13, .box_h = 15, .ofs_x = 1, .ofs_y = -2},
    {.bitmap_index = 46435, .adv_w = 247, .box_w = 13, .box_h = 15, .ofs_x = 1, .ofs_y = -2},
    {.bitmap_index = 46460, .adv_w = 247, .box_w = 14, .box_h = 14, .ofs_x = 1, .ofs_y = -1},
    {.bitmap_index = 46485, .adv_w = 247, .box_w = 12, .box_h = 15, .ofs_x = 1, .ofs_y = -2},
    {.bitmap_index = 46508, .adv_w = 247, .box_w = 15, .box_h = 12, .ofs_x = 0, .ofs_y = 1},
    {.bitmap_index = 46531, .adv_w = 247, .box_w = 14, .box_h = 15, .ofs_x = 0, .ofs_y = -2},
    {.bitmap_index = 46558, .adv_w = 247, .box_w = 15, .box_h = 14, .ofs_x = 0, .ofs_y = -1},
    {.bitmap_index = 46585, .adv_w = 247, .box_w = 15, .box_h = 14, .ofs_x = 0, .ofs_y = -1},
    {.bitmap_index = 46612, .adv_w = 247, .box_w = 15, .box_h = 15, .ofs_x = 0, .ofs_y = -2},
    {.bitmap_index = 46641, .adv_w = 247, .box_w = 15, .box_h = 15, .ofs_x = 0, .ofs_y = -2},
    {.bitmap_index = 46670, .adv_w = 247, .box_w = 15, .box_h = 15, .ofs_x = 0, .ofs_y = -2},
    {.bitmap_index = 46699, .adv_w = 247, .box_w = 15, .box_h = 15, .ofs_x = 0, .ofs_y = -2},
    {.bitmap_index = 46728, .adv_w = 247, .box_w = 15, .box_h = 14, .ofs_x = 0, .ofs_y = -1},
    {.bitmap_index = 46755, .adv_w = 247, .box_w = 15, .box_h = 14, .ofs_x = 1, .ofs_y = -1},
    {.bitmap_index = 46782, .adv_w = 247, .box_w = 15, .box_h = 14, .ofs_x = 0, .ofs_y = -1},
    {.bitmap_index = 46809, .adv_w = 247, .box_w = 15, .box_h = 15, .ofs_x = 0, .ofs_y = -2},
    {.bitmap_index = 46838, .adv_w = 247, .box_w = 12, .box_h = 15, .ofs_x = 1, .ofs_y = -2},
    {.bitmap_index = 46861, .adv_w = 247, .box_w = 13, .box_h = 14, .ofs_x = 1, .ofs_y = -1},
    {.bitmap_index = 46884, .adv_w = 247, .box_w = 13, .box_h = 14, .ofs_x = 1, .ofs_y = -1},
    {.bitmap_index = 46907, .adv_w = 247, .box_w = 12, .box_h = 14, .ofs_x = 1, .ofs_y = -1},
    {.bitmap_index = 46928, .adv_w = 247, .box_w = 12, .box_h = 15, .ofs_x = 1, .ofs_y = -2},
    {.bitmap_index = 46951, .adv_w = 247, .box_w = 13, .box_h = 15, .ofs_x = 1, .ofs_y = -2},
    {.bitmap_index = 46976, .adv_w = 247, .box_w = 12, .box_h = 15, .ofs_x = 1, .ofs_y = -2},
    {.bitmap_index = 46999, .adv_w = 247, .box_w = 15, .box_h = 12, .ofs_x = 0, .ofs_y = 1},
    {.bitmap_index = 47022, .adv_w = 247, .box_w = 15, .box_h = 15, .ofs_x = 0, .ofs_y = -2},
    {.bitmap_index = 47051, .adv_w = 247, .box_w = 15, .box_h = 15, .ofs_x = 0, .ofs_y = -2},
    {.bitmap_index = 47080, .adv_w = 247, .box_w = 15, .box_h = 15, .ofs_x = 0, .ofs_y = -2},
    {.bitmap_index = 47109, .adv_w = 247, .box_w = 15, .box_h = 14, .ofs_x = 0, .ofs_y = -1},
    {.bitmap_index = 47136, .adv_w = 247, .box_w = 14, .box_h = 14, .ofs_x = 1, .ofs_y = -1},
    {.bitmap_index = 47161, .adv_w = 247, .box_w = 15, .box_h = 15, .ofs_x = 0, .ofs_y = -2},
    {.bitmap_index = 47190, .adv_w = 247, .box_w = 15, .box_h = 15, .ofs_x = 0, .ofs_y = -2},
    {.bitmap_index = 47219, .adv_w = 247, .box_w = 15, .box_h = 15, .ofs_x = 0, .ofs_y = -2},
    {.bitmap_index = 47248, .adv_w = 247, .box_w = 15, .box_h = 15, .ofs_x = 0, .ofs_y = -2},
    {.bitmap_index = 47277, .adv_w = 247, .box_w = 13, .box_h = 15, .ofs_x = 0, .ofs_y = -2},
    {.bitmap_index = 47302, .adv_w = 247, .box_w = 14, .box_h = 15, .ofs_x = 0, .ofs_y = -2},
    {.bitmap_index = 47329, .adv_w = 247, .box_w = 13, .box_h = 15, .ofs_x = 0, .ofs_y = -2},
    {.bitmap_index = 47354, .adv_w = 247, .box_w = 14, .box_h = 14, .ofs_x = 0, .ofs_y = -1},
    {.bitmap_index = 47379, .adv_w = 247, .box_w = 12, .box_h = 14, .ofs_x = 1, .ofs_y = -1},
    {.bitmap_index = 47400, .adv_w = 247, .box_w = 13, .box_h = 14, .ofs_x = 1, .ofs_y = -1},
    {.bitmap_index = 47423, .adv_w = 247, .box_w = 13, .box_h = 14, .ofs_x = 1, .ofs_y = -1},
    {.bitmap_index = 47446, .adv_w = 247, .box_w = 12, .box_h = 15, .ofs_x = 1, .ofs_y = -2},
    {.bitmap_index = 47469, .adv_w = 247, .box_w = 12, .box_h = 15, .ofs_x = 1, .ofs_y = -2},
    {.bitmap_index = 47492, .adv_w = 247, .box_w = 13, .box_h = 15, .ofs_x = 1, .ofs_y = -2},
    {.bitmap_index = 47517, .adv_w = 247, .box_w = 11, .box_h = 15, .ofs_x = 1, .ofs_y = -2},
    {.bitmap_index = 47538, .adv_w = 247, .box_w = 14, .box_h = 15, .ofs_x = 1, .ofs_y = -2},
    {.bitmap_index = 47565, .adv_w = 247, .box_w = 14, .box_h = 14, .ofs_x = 1, .ofs_y = -1},
    {.bitmap_index = 47590, .adv_w = 247, .box_w = 14, .box_h = 14, .ofs_x = 1, .ofs_y = -1},
    {.bitmap_index = 47615, .adv_w = 247, .box_w = 15, .box_h = 15, .ofs_x = 0, .ofs_y = -2},
    {.bitmap_index = 47644, .adv_w = 247, .box_w = 14, .box_h = 15, .ofs_x = 0, .ofs_y = -2},
    {.bitmap_index = 47671, .adv_w = 247, .box_w = 15, .box_h = 12, .ofs_x = 0, .ofs_y = 1},
    {.bitmap_index = 47694, .adv_w = 247, .box_w = 14, .box_h = 15, .ofs_x = 1, .ofs_y = -2},
    {.bitmap_index = 47721, .adv_w = 247, .box_w = 15, .box_h = 14, .ofs_x = 0, .ofs_y = -1},
    {.bitmap_index = 47748, .adv_w = 247, .box_w = 15, .box_h = 14, .ofs_x = 0, .ofs_y = -1},
    {.bitmap_index = 47775, .adv_w = 247, .box_w = 15, .box_h = 15, .ofs_x = 0, .ofs_y = -2},
    {.bitmap_index = 47804, .adv_w = 247, .box_w = 15, .box_h = 15, .ofs_x = 0, .ofs_y = -2},
    {.bitmap_index = 47833, .adv_w = 247, .box_w = 15, .box_h = 15, .ofs_x = 0, .ofs_y = -2},
    {.bitmap_index = 47862, .adv_w = 247, .box_w = 15, .box_h = 15, .ofs_x = 0, .ofs_y = -2},
    {.bitmap_index = 47891, .adv_w = 247, .box_w = 12, .box_h = 15, .ofs_x = 1, .ofs_y = -2},
    {.bitmap_index = 47914, .adv_w = 247, .box_w = 12, .box_h = 16, .ofs_x = 1, .ofs_y = -3},
    {.bitmap_index = 47938, .adv_w = 247, .box_w = 13, .box_h = 14, .ofs_x = 1, .ofs_y = -1},
    {.bitmap_index = 47961, .adv_w = 247, .box_w = 12, .box_h = 14, .ofs_x = 1, .ofs_y = -1},
    {.bitmap_index = 47982, .adv_w = 247, .box_w = 13, .box_h = 14, .ofs_x = 1, .ofs_y = -1},
    {.bitmap_index = 48005, .adv_w = 247, .box_w = 11, .box_h = 14, .ofs_x = 2, .ofs_y = -1},
    {.bitmap_index = 48025, .adv_w = 247, .box_w = 12, .box_h = 14, .ofs_x = 1, .ofs_y = -1},
    {.bitmap_index = 48046, .adv_w = 247, .box_w = 11, .box_h = 15, .ofs_x = 2, .ofs_y = -2},
    {.bitmap_index = 48067, .adv_w = 247, .box_w = 13, .box_h = 14, .ofs_x = 1, .ofs_y = -1},
    {.bitmap_index = 48090, .adv_w = 247, .box_w = 12, .box_h = 15, .ofs_x = 1, .ofs_y = -2},
    {.bitmap_index = 48113, .adv_w = 247, .box_w = 14, .box_h = 15, .ofs_x = 1, .ofs_y = -2},
    {.bitmap_index = 48140, .adv_w = 247, .box_w = 14, .box_h = 15, .ofs_x = 1, .ofs_y = -2},
    {.bitmap_index = 48167, .adv_w = 247, .box_w = 14, .box_h = 14, .ofs_x = 1, .ofs_y = -1},
    {.bitmap_index = 48192, .adv_w = 247, .box_w = 14, .box_h = 14, .ofs_x = 1, .ofs_y = -1},
    {.bitmap_index = 48217, .adv_w = 247, .box_w = 14, .box_h = 14, .ofs_x = 1, .ofs_y = -1},
    {.bitmap_index = 48242, .adv_w = 247, .box_w = 14, .box_h = 14, .ofs_x = 1, .ofs_y = -1},
    {.bitmap_index = 48267, .adv_w = 247, .box_w = 14, .box_h = 14, .ofs_x = 1, .ofs_y = -1},
    {.bitmap_index = 48292, .adv_w = 247, .box_w = 15, .box_h = 14, .ofs_x = 0, .ofs_y = -1},
    {.bitmap_index = 48319, .adv_w = 247, .box_w = 13, .box_h = 15, .ofs_x = 0, .ofs_y = -2},
    {.bitmap_index = 48344, .adv_w = 247, .box_w = 13, .box_h = 15, .ofs_x = 0, .ofs_y = -2},
    {.bitmap_index = 48369, .adv_w = 247, .box_w = 14, .box_h = 14, .ofs_x = 1, .ofs_y = -1},
    {.bitmap_index = 48394, .adv_w = 247, .box_w = 14, .box_h = 14, .ofs_x = 1, .ofs_y = -1},
    {.bitmap_index = 48419, .adv_w = 247, .box_w = 13, .box_h = 14, .ofs_x = 0, .ofs_y = -1},
    {.bitmap_index = 48442, .adv_w = 247, .box_w = 12, .box_h = 15, .ofs_x = 1, .ofs_y = -2},
    {.bitmap_index = 48465, .adv_w = 247, .box_w = 14, .box_h = 15, .ofs_x = 0, .ofs_y = -2},
    {.bitmap_index = 48492, .adv_w = 247, .box_w = 14, .box_h = 15, .ofs_x = 0, .ofs_y = -2},
    {.bitmap_index = 48519, .adv_w = 247, .box_w = 13, .box_h = 15, .ofs_x = 0, .ofs_y = -2},
    {.bitmap_index = 48544, .adv_w = 247, .box_w = 14, .box_h = 15, .ofs_x = 1, .ofs_y = -2},
    {.bitmap_index = 48571, .adv_w = 247, .box_w = 14, .box_h = 15, .ofs_x = 1, .ofs_y = -2},
    {.bitmap_index = 48598, .adv_w = 247, .box_w = 15, .box_h = 14, .ofs_x = 0, .ofs_y = -1},
    {.bitmap_index = 48625, .adv_w = 247, .box_w = 12, .box_h = 15, .ofs_x = 1, .ofs_y = -2},
    {.bitmap_index = 48648, .adv_w = 247, .box_w = 12, .box_h = 15, .ofs_x = 1, .ofs_y = -2},
    {.bitmap_index = 48671, .adv_w = 247, .box_w = 12, .box_h = 14, .ofs_x = 2, .ofs_y = -1},
    {.bitmap_index = 48692, .adv_w = 247, .box_w = 12, .box_h = 14, .ofs_x = 1, .ofs_y = -1},
    {.bitmap_index = 48713, .adv_w = 247, .box_w = 13, .box_h = 14, .ofs_x = 1, .ofs_y = -1},
    {.bitmap_index = 48736, .adv_w = 247, .box_w = 12, .box_h = 14, .ofs_x = 1, .ofs_y = -1},
    {.bitmap_index = 48757, .adv_w = 247, .box_w = 12, .box_h = 14, .ofs_x = 1, .ofs_y = -1},
    {.bitmap_index = 48778, .adv_w = 247, .box_w = 13, .box_h = 14, .ofs_x = 1, .ofs_y = -1},
    {.bitmap_index = 48801, .adv_w = 247, .box_w = 13, .box_h = 15, .ofs_x = 1, .ofs_y = -2},
    {.bitmap_index = 48826, .adv_w = 247, .box_w = 12, .box_h = 14, .ofs_x = 1, .ofs_y = -1},
    {.bitmap_index = 48847, .adv_w = 247, .box_w = 13, .box_h = 15, .ofs_x = 1, .ofs_y = -2},
    {.bitmap_index = 48872, .adv_w = 247, .box_w = 13, .box_h = 15, .ofs_x = 1, .ofs_y = -2},
    {.bitmap_index = 48897, .adv_w = 247, .box_w = 14, .box_h = 14, .ofs_x = 1, .ofs_y = -1},
    {.bitmap_index = 48922, .adv_w = 247, .box_w = 13, .box_h = 14, .ofs_x = 2, .ofs_y = -1},
    {.bitmap_index = 48945, .adv_w = 247, .box_w = 13, .box_h = 14, .ofs_x = 1, .ofs_y = -1},
    {.bitmap_index = 48968, .adv_w = 247, .box_w = 12, .box_h = 15, .ofs_x = 1, .ofs_y = -2},
    {.bitmap_index = 48991, .adv_w = 247, .box_w = 14, .box_h = 14, .ofs_x = 1, .ofs_y = -1},
    {.bitmap_index = 49016, .adv_w = 247, .box_w = 13, .box_h = 15, .ofs_x = 0, .ofs_y = -2},
    {.bitmap_index = 49041, .adv_w = 247, .box_w = 12, .box_h = 15, .ofs_x = 1, .ofs_y = -2},
    {.bitmap_index = 49064, .adv_w = 247, .box_w = 12, .box_h = 14, .ofs_x = 2, .ofs_y = -1},
    {.bitmap_index = 49085, .adv_w = 247, .box_w = 13, .box_h = 14, .ofs_x = 1, .ofs_y = -1},
    {.bitmap_index = 49108, .adv_w = 247, .box_w = 12, .box_h = 14, .ofs_x = 1, .ofs_y = -1},
    {.bitmap_index = 49129, .adv_w = 247, .box_w = 12, .box_h = 14, .ofs_x = 2, .ofs_y = -1},
    {.bitmap_index = 49150, .adv_w = 247, .box_w = 13, .box_h = 15, .ofs_x = 1, .ofs_y = -2},
    {.bitmap_index = 49175, .adv_w = 247, .box_w = 13, .box_h = 15, .ofs_x = 1, .ofs_y = -2},
    {.bitmap_index = 49200, .adv_w = 247, .box_w = 12, .box_h = 14, .ofs_x = 1, .ofs_y = -1},
    {.bitmap_index = 49221, .adv_w = 247, .box_w = 13, .box_h = 15, .ofs_x = 1, .ofs_y = -2},
    {.bitmap_index = 49246, .adv_w = 247, .box_w = 14, .box_h = 11, .ofs_x = 1, .ofs_y = 1},
    {.bitmap_index = 49266, .adv_w = 247, .box_w = 15, .box_h = 15, .ofs_x = 0, .ofs_y = -2},
    {.bitmap_index = 49295, .adv_w = 247, .box_w = 15, .box_h = 13, .ofs_x = 0, .ofs_y = -1},
    {.bitmap_index = 49320, .adv_w = 247, .box_w = 15, .box_h = 14, .ofs_x = 0, .ofs_y = -1},
    {.bitmap_index = 49347, .adv_w = 247, .box_w = 15, .box_h = 14, .ofs_x = 0, .ofs_y = -1},
    {.bitmap_index = 49374, .adv_w = 247, .box_w = 15, .box_h = 14, .ofs_x = 0, .ofs_y = -1},
    {.bitmap_index = 49401, .adv_w = 247, .box_w = 15, .box_h = 15, .ofs_x = 0, .ofs_y = -2},
    {.bitmap_index = 49430, .adv_w = 247, .box_w = 15, .box_h = 15, .ofs_x = 0, .ofs_y = -2},
    {.bitmap_index = 49459, .adv_w = 247, .box_w = 15, .box_h = 15, .ofs_x = 0, .ofs_y = -2},
    {.bitmap_index = 49488, .adv_w = 247, .box_w = 15, .box_h = 15, .ofs_x = 0, .ofs_y = -2},
    {.bitmap_index = 49517, .adv_w = 247, .box_w = 15, .box_h = 14, .ofs_x = 0, .ofs_y = -1},
    {.bitmap_index = 49544, .adv_w = 247, .box_w = 15, .box_h = 14, .ofs_x = 0, .ofs_y = -1},
    {.bitmap_index = 49571, .adv_w = 247, .box_w = 15, .box_h = 14, .ofs_x = 0, .ofs_y = -1},
    {.bitmap_index = 49598, .adv_w = 247, .box_w = 15, .box_h = 15, .ofs_x = 0, .ofs_y = -2},
    {.bitmap_index = 49627, .adv_w = 247, .box_w = 13, .box_h = 15, .ofs_x = 1, .ofs_y = -2},
    {.bitmap_index = 49652, .adv_w = 247, .box_w = 13, .box_h = 15, .ofs_x = 0, .ofs_y = -2},
    {.bitmap_index = 49677, .adv_w = 247, .box_w = 13, .box_h = 15, .ofs_x = 1, .ofs_y = -2},
    {.bitmap_index = 49702, .adv_w = 247, .box_w = 13, .box_h = 14, .ofs_x = 1, .ofs_y = -1},
    {.bitmap_index = 49725, .adv_w = 247, .box_w = 14, .box_h = 11, .ofs_x = 1, .ofs_y = 1},
    {.bitmap_index = 49745, .adv_w = 247, .box_w = 15, .box_h = 13, .ofs_x = 0, .ofs_y = -1},
    {.bitmap_index = 49770, .adv_w = 247, .box_w = 15, .box_h = 15, .ofs_x = 0, .ofs_y = -2},
    {.bitmap_index = 49799, .adv_w = 247, .box_w = 14, .box_h = 13, .ofs_x = 1, .ofs_y = -1},
    {.bitmap_index = 49822, .adv_w = 247, .box_w = 15, .box_h = 14, .ofs_x = 0, .ofs_y = -1},
    {.bitmap_index = 49849, .adv_w = 247, .box_w = 14, .box_h = 14, .ofs_x = 0, .ofs_y = -1},
    {.bitmap_index = 49874, .adv_w = 247, .box_w = 15, .box_h = 15, .ofs_x = 0, .ofs_y = -2},
    {.bitmap_index = 49903, .adv_w = 247, .box_w = 15, .box_h = 14, .ofs_x = 0, .ofs_y = -1},
    {.bitmap_index = 49930, .adv_w = 247, .box_w = 15, .box_h = 15, .ofs_x = 0, .ofs_y = -2},
    {.bitmap_index = 49959, .adv_w = 247, .box_w = 13, .box_h = 15, .ofs_x = 0, .ofs_y = -2},
    {.bitmap_index = 49984, .adv_w = 247, .box_w = 14, .box_h = 14, .ofs_x = 0, .ofs_y = -1},
    {.bitmap_index = 50009, .adv_w = 247, .box_w = 13, .box_h = 14, .ofs_x = 1, .ofs_y = -1},
    {.bitmap_index = 50032, .adv_w = 247, .box_w = 13, .box_h = 15, .ofs_x = 0, .ofs_y = -2},
    {.bitmap_index = 50057, .adv_w = 247, .box_w = 13, .box_h = 15, .ofs_x = 0, .ofs_y = -2},
    {.bitmap_index = 50082, .adv_w = 247, .box_w = 13, .box_h = 15, .ofs_x = 1, .ofs_y = -2},
    {.bitmap_index = 50107, .adv_w = 247, .box_w = 12, .box_h = 15, .ofs_x = 1, .ofs_y = -2},
    {.bitmap_index = 50130, .adv_w = 247, .box_w = 12, .box_h = 15, .ofs_x = 1, .ofs_y = -2},
    {.bitmap_index = 50153, .adv_w = 247, .box_w = 13, .box_h = 14, .ofs_x = 1, .ofs_y = -1},
    {.bitmap_index = 50176, .adv_w = 247, .box_w = 13, .box_h = 14, .ofs_x = 1, .ofs_y = -1},
    {.bitmap_index = 50199, .adv_w = 247, .box_w = 12, .box_h = 14, .ofs_x = 1, .ofs_y = -1},
    {.bitmap_index = 50220, .adv_w = 247, .box_w = 13, .box_h = 15, .ofs_x = 1, .ofs_y = -2},
    {.bitmap_index = 50245, .adv_w = 247, .box_w = 13, .box_h = 15, .ofs_x = 1, .ofs_y = -2},
    {.bitmap_index = 50270, .adv_w = 247, .box_w = 12, .box_h = 15, .ofs_x = 0, .ofs_y = -2},
    {.bitmap_index = 50293, .adv_w = 247, .box_w = 14, .box_h = 14, .ofs_x = 1, .ofs_y = -2},
    {.bitmap_index = 50318, .adv_w = 247, .box_w = 14, .box_h = 13, .ofs_x = 1, .ofs_y = -1},
    {.bitmap_index = 50341, .adv_w = 247, .box_w = 15, .box_h = 14, .ofs_x = 0, .ofs_y = -1},
    {.bitmap_index = 50368, .adv_w = 247, .box_w = 15, .box_h = 14, .ofs_x = 0, .ofs_y = -1},
    {.bitmap_index = 50395, .adv_w = 247, .box_w = 15, .box_h = 10, .ofs_x = 0, .ofs_y = 1},
    {.bitmap_index = 50414, .adv_w = 247, .box_w = 14, .box_h = 15, .ofs_x = 1, .ofs_y = -2},
    {.bitmap_index = 50441, .adv_w = 247, .box_w = 15, .box_h = 13, .ofs_x = 0, .ofs_y = -1},
    {.bitmap_index = 50466, .adv_w = 247, .box_w = 15, .box_h = 14, .ofs_x = 0, .ofs_y = -1},
    {.bitmap_index = 50493, .adv_w = 247, .box_w = 14, .box_h = 13, .ofs_x = 1, .ofs_y = -1},
    {.bitmap_index = 50516, .adv_w = 247, .box_w = 15, .box_h = 14, .ofs_x = 0, .ofs_y = -1},
    {.bitmap_index = 50543, .adv_w = 247, .box_w = 15, .box_h = 14, .ofs_x = 0, .ofs_y = -1},
    {.bitmap_index = 50570, .adv_w = 247, .box_w = 12, .box_h = 15, .ofs_x = 1, .ofs_y = -2},
    {.bitmap_index = 50593, .adv_w = 247, .box_w = 12, .box_h = 15, .ofs_x = 1, .ofs_y = -2},
    {.bitmap_index = 50616, .adv_w = 247, .box_w = 12, .box_h = 14, .ofs_x = 1, .ofs_y = -1},
    {.bitmap_index = 50637, .adv_w = 247, .box_w = 13, .box_h = 14, .ofs_x = 1, .ofs_y = -1},
    {.bitmap_index = 50660, .adv_w = 247, .box_w = 12, .box_h = 14, .ofs_x = 1, .ofs_y = -1},
    {.bitmap_index = 50681, .adv_w = 247, .box_w = 13, .box_h = 15, .ofs_x = 1, .ofs_y = -2},
    {.bitmap_index = 50706, .adv_w = 247, .box_w = 13, .box_h = 14, .ofs_x = 1, .ofs_y = -1},
    {.bitmap_index = 50729, .adv_w = 247, .box_w = 12, .box_h = 14, .ofs_x = 1, .ofs_y = -1},
    {.bitmap_index = 50750, .adv_w = 247, .box_w = 14, .box_h = 15, .ofs_x = 1, .ofs_y = -2},
    {.bitmap_index = 50777, .adv_w = 247, .box_w = 14, .box_h = 16, .ofs_x = 1, .ofs_y = -3},
    {.bitmap_index = 50805, .adv_w = 247, .box_w = 14, .box_h = 14, .ofs_x = 1, .ofs_y = -1},
    {.bitmap_index = 50830, .adv_w = 247, .box_w = 14, .box_h = 14, .ofs_x = 1, .ofs_y = -1},
    {.bitmap_index = 50855, .adv_w = 247, .box_w = 14, .box_h = 14, .ofs_x = 1, .ofs_y = -1},
    {.bitmap_index = 50880, .adv_w = 247, .box_w = 14, .box_h = 15, .ofs_x = 1, .ofs_y = -2},
    {.bitmap_index = 50907, .adv_w = 247, .box_w = 14, .box_h = 15, .ofs_x = 1, .ofs_y = -2},
    {.bitmap_index = 50934, .adv_w = 247, .box_w = 14, .box_h = 15, .ofs_x = 1, .ofs_y = -2},
    {.bitmap_index = 50961, .adv_w = 247, .box_w = 14, .box_h = 15, .ofs_x = 1, .ofs_y = -2},
    {.bitmap_index = 50988, .adv_w = 247, .box_w = 14, .box_h = 15, .ofs_x = 1, .ofs_y = -2},
    {.bitmap_index = 51015, .adv_w = 247, .box_w = 12, .box_h = 14, .ofs_x = 1, .ofs_y = -1},
    {.bitmap_index = 51036, .adv_w = 247, .box_w = 12, .box_h = 15, .ofs_x = 1, .ofs_y = -2},
    {.bitmap_index = 51059, .adv_w = 247, .box_w = 13, .box_h = 14, .ofs_x = 1, .ofs_y = -1},
    {.bitmap_index = 51082, .adv_w = 247, .box_w = 13, .box_h = 14, .ofs_x = 1, .ofs_y = -1},
    {.bitmap_index = 51105, .adv_w = 247, .box_w = 12, .box_h = 14, .ofs_x = 1, .ofs_y = -1},
    {.bitmap_index = 51126, .adv_w = 247, .box_w = 12, .box_h = 15, .ofs_x = 1, .ofs_y = -2},
    {.bitmap_index = 51149, .adv_w = 247, .box_w = 13, .box_h = 14, .ofs_x = 1, .ofs_y = -1},
    {.bitmap_index = 51172, .adv_w = 247, .box_w = 13, .box_h = 15, .ofs_x = 1, .ofs_y = -2},
    {.bitmap_index = 51197, .adv_w = 247, .box_w = 12, .box_h = 15, .ofs_x = 1, .ofs_y = -2},
    {.bitmap_index = 51220, .adv_w = 247, .box_w = 14, .box_h = 15, .ofs_x = 1, .ofs_y = -2},
    {.bitmap_index = 51247, .adv_w = 247, .box_w = 14, .box_h = 15, .ofs_x = 1, .ofs_y = -2},
    {.bitmap_index = 51274, .adv_w = 247, .box_w = 12, .box_h = 15, .ofs_x = 1, .ofs_y = -2},
    {.bitmap_index = 51297, .adv_w = 247, .box_w = 12, .box_h = 15, .ofs_x = 1, .ofs_y = -2},
    {.bitmap_index = 51320, .adv_w = 247, .box_w = 13, .box_h = 14, .ofs_x = 1, .ofs_y = -1},
    {.bitmap_index = 51343, .adv_w = 247, .box_w = 13, .box_h = 14, .ofs_x = 1, .ofs_y = -1},
    {.bitmap_index = 51366, .adv_w = 247, .box_w = 12, .box_h = 14, .ofs_x = 1, .ofs_y = -1},
    {.bitmap_index = 51387, .adv_w = 247, .box_w = 11, .box_h = 14, .ofs_x = 1, .ofs_y = -1},
    {.bitmap_index = 51407, .adv_w = 247, .box_w = 12, .box_h = 15, .ofs_x = 1, .ofs_y = -2},
    {.bitmap_index = 51430, .adv_w = 247, .box_w = 13, .box_h = 14, .ofs_x = 1, .ofs_y = -1},
    {.bitmap_index = 51453, .adv_w = 247, .box_w = 13, .box_h = 15, .ofs_x = 1, .ofs_y = -2},
    {.bitmap_index = 51478, .adv_w = 247, .box_w = 11, .box_h = 14, .ofs_x = 1, .ofs_y = -1},
    {.bitmap_index = 51498, .adv_w = 247, .box_w = 12, .box_h = 14, .ofs_x = 1, .ofs_y = -1},
    {.bitmap_index = 51519, .adv_w = 247, .box_w = 12, .box_h = 15, .ofs_x = 1, .ofs_y = -2},
    {.bitmap_index = 51542, .adv_w = 247, .box_w = 13, .box_h = 14, .ofs_x = 1, .ofs_y = -1},
    {.bitmap_index = 51565, .adv_w = 247, .box_w = 13, .box_h = 14, .ofs_x = 1, .ofs_y = -1},
    {.bitmap_index = 51588, .adv_w = 247, .box_w = 12, .box_h = 14, .ofs_x = 1, .ofs_y = -1},
    {.bitmap_index = 51609, .adv_w = 247, .box_w = 12, .box_h = 15, .ofs_x = 1, .ofs_y = -2},
    {.bitmap_index = 51632, .adv_w = 247, .box_w = 13, .box_h = 14, .ofs_x = 1, .ofs_y = -1},
    {.bitmap_index = 51655, .adv_w = 247, .box_w = 12, .box_h = 15, .ofs_x = 1, .ofs_y = -2},
    {.bitmap_index = 51678, .adv_w = 247, .box_w = 12, .box_h = 15, .ofs_x = 1, .ofs_y = -2},
    {.bitmap_index = 51701, .adv_w = 247, .box_w = 13, .box_h = 14, .ofs_x = 1, .ofs_y = -1},
    {.bitmap_index = 51724, .adv_w = 247, .box_w = 13, .box_h = 15, .ofs_x = 1, .ofs_y = -2},
    {.bitmap_index = 51749, .adv_w = 247, .box_w = 12, .box_h = 15, .ofs_x = 1, .ofs_y = -2},
    {.bitmap_index = 51772, .adv_w = 247, .box_w = 13, .box_h = 14, .ofs_x = 1, .ofs_y = -1},
    {.bitmap_index = 51795, .adv_w = 247, .box_w = 14, .box_h = 11, .ofs_x = 1, .ofs_y = 1},
    {.bitmap_index = 51815, .adv_w = 247, .box_w = 14, .box_h = 15, .ofs_x = 1, .ofs_y = -2},
    {.bitmap_index = 51842, .adv_w = 247, .box_w = 14, .box_h = 13, .ofs_x = 1, .ofs_y = -1},
    {.bitmap_index = 51865, .adv_w = 247, .box_w = 14, .box_h = 14, .ofs_x = 1, .ofs_y = -1},
    {.bitmap_index = 51890, .adv_w = 247, .box_w = 14, .box_h = 15, .ofs_x = 1, .ofs_y = -2},
    {.bitmap_index = 51917, .adv_w = 247, .box_w = 14, .box_h = 15, .ofs_x = 1, .ofs_y = -2},
    {.bitmap_index = 51944, .adv_w = 247, .box_w = 14, .box_h = 15, .ofs_x = 1, .ofs_y = -2},
    {.bitmap_index = 51971, .adv_w = 247, .box_w = 14, .box_h = 15, .ofs_x = 1, .ofs_y = -2},
    {.bitmap_index = 51998, .adv_w = 247, .box_w = 14, .box_h = 14, .ofs_x = 1, .ofs_y = -1},
    {.bitmap_index = 52023, .adv_w = 247, .box_w = 15, .box_h = 15, .ofs_x = 0, .ofs_y = -2},
    {.bitmap_index = 52052, .adv_w = 247, .box_w = 15, .box_h = 14, .ofs_x = 0, .ofs_y = -1},
    {.bitmap_index = 52079, .adv_w = 247, .box_w = 13, .box_h = 15, .ofs_x = 1, .ofs_y = -2},
    {.bitmap_index = 52104, .adv_w = 247, .box_w = 12, .box_h = 15, .ofs_x = 1, .ofs_y = -2},
    {.bitmap_index = 52127, .adv_w = 247, .box_w = 13, .box_h = 14, .ofs_x = 1, .ofs_y = -1},
    {.bitmap_index = 52150, .adv_w = 247, .box_w = 13, .box_h = 15, .ofs_x = 1, .ofs_y = -2},
    {.bitmap_index = 52175, .adv_w = 247, .box_w = 12, .box_h = 15, .ofs_x = 1, .ofs_y = -2},
    {.bitmap_index = 52198, .adv_w = 247, .box_w = 14, .box_h = 11, .ofs_x = 1, .ofs_y = 1},
    {.bitmap_index = 52218, .adv_w = 247, .box_w = 14, .box_h = 14, .ofs_x = 1, .ofs_y = -2},
    {.bitmap_index = 52243, .adv_w = 247, .box_w = 14, .box_h = 15, .ofs_x = 1, .ofs_y = -2},
    {.bitmap_index = 52270, .adv_w = 247, .box_w = 14, .box_h = 13, .ofs_x = 1, .ofs_y = -1},
    {.bitmap_index = 52293, .adv_w = 247, .box_w = 14, .box_h = 14, .ofs_x = 1, .ofs_y = -1},
    {.bitmap_index = 52318, .adv_w = 247, .box_w = 14, .box_h = 15, .ofs_x = 1, .ofs_y = -2},
    {.bitmap_index = 52345, .adv_w = 247, .box_w = 14, .box_h = 15, .ofs_x = 1, .ofs_y = -2},
    {.bitmap_index = 52372, .adv_w = 247, .box_w = 14, .box_h = 15, .ofs_x = 1, .ofs_y = -2},
    {.bitmap_index = 52399, .adv_w = 247, .box_w = 14, .box_h = 15, .ofs_x = 1, .ofs_y = -2},
    {.bitmap_index = 52426, .adv_w = 247, .box_w = 13, .box_h = 14, .ofs_x = 0, .ofs_y = -1},
    {.bitmap_index = 52449, .adv_w = 247, .box_w = 13, .box_h = 16, .ofs_x = 1, .ofs_y = -3},
    {.bitmap_index = 52475, .adv_w = 247, .box_w = 13, .box_h = 15, .ofs_x = 1, .ofs_y = -2},
    {.bitmap_index = 52500, .adv_w = 247, .box_w = 12, .box_h = 15, .ofs_x = 1, .ofs_y = -2},
    {.bitmap_index = 52523, .adv_w = 247, .box_w = 12, .box_h = 15, .ofs_x = 1, .ofs_y = -2},
    {.bitmap_index = 52546, .adv_w = 247, .box_w = 14, .box_h = 14, .ofs_x = 1, .ofs_y = -1},
    {.bitmap_index = 52571, .adv_w = 247, .box_w = 13, .box_h = 14, .ofs_x = 1, .ofs_y = -1},
    {.bitmap_index = 52594, .adv_w = 247, .box_w = 12, .box_h = 15, .ofs_x = 1, .ofs_y = -2},
    {.bitmap_index = 52617, .adv_w = 247, .box_w = 12, .box_h = 15, .ofs_x = 1, .ofs_y = -2},
    {.bitmap_index = 52640, .adv_w = 247, .box_w = 12, .box_h = 15, .ofs_x = 1, .ofs_y = -2},
    {.bitmap_index = 52663, .adv_w = 247, .box_w = 14, .box_h = 14, .ofs_x = 1, .ofs_y = -2},
    {.bitmap_index = 52688, .adv_w = 247, .box_w = 14, .box_h = 13, .ofs_x = 1, .ofs_y = -1},
    {.bitmap_index = 52711, .adv_w = 247, .box_w = 14, .box_h = 14, .ofs_x = 1, .ofs_y = -1},
    {.bitmap_index = 52736, .adv_w = 247, .box_w = 14, .box_h = 15, .ofs_x = 1, .ofs_y = -2},
    {.bitmap_index = 52763, .adv_w = 247, .box_w = 14, .box_h = 15, .ofs_x = 1, .ofs_y = -2},
    {.bitmap_index = 52790, .adv_w = 247, .box_w = 14, .box_h = 11, .ofs_x = 1, .ofs_y = 1},
    {.bitmap_index = 52810, .adv_w = 247, .box_w = 14, .box_h = 16, .ofs_x = 1, .ofs_y = -3},
    {.bitmap_index = 52838, .adv_w = 247, .box_w = 14, .box_h = 13, .ofs_x = 1, .ofs_y = -1},
    {.bitmap_index = 52861, .adv_w = 247, .box_w = 14, .box_h = 14, .ofs_x = 1, .ofs_y = -1},
    {.bitmap_index = 52886, .adv_w = 247, .box_w = 14, .box_h = 14, .ofs_x = 1, .ofs_y = -1},
    {.bitmap_index = 52911, .adv_w = 247, .box_w = 14, .box_h = 15, .ofs_x = 0, .ofs_y = -2},
    {.bitmap_index = 52938, .adv_w = 247, .box_w = 14, .box_h = 14, .ofs_x = 1, .ofs_y = -1},
    {.bitmap_index = 52963, .adv_w = 247, .box_w = 14, .box_h = 15, .ofs_x = 1, .ofs_y = -2},
    {.bitmap_index = 52990, .adv_w = 247, .box_w = 14, .box_h = 14, .ofs_x = 1, .ofs_y = -1},
    {.bitmap_index = 53015, .adv_w = 247, .box_w = 12, .box_h = 15, .ofs_x = 1, .ofs_y = -2},
    {.bitmap_index = 53038, .adv_w = 247, .box_w = 13, .box_h = 14, .ofs_x = 1, .ofs_y = -1},
    {.bitmap_index = 53061, .adv_w = 247, .box_w = 13, .box_h = 14, .ofs_x = 1, .ofs_y = -1},
    {.bitmap_index = 53084, .adv_w = 247, .box_w = 12, .box_h = 15, .ofs_x = 1, .ofs_y = -2},
    {.bitmap_index = 53107, .adv_w = 247, .box_w = 12, .box_h = 15, .ofs_x = 1, .ofs_y = -2},
    {.bitmap_index = 53130, .adv_w = 247, .box_w = 11, .box_h = 15, .ofs_x = 1, .ofs_y = -2},
    {.bitmap_index = 53151, .adv_w = 247, .box_w = 11, .box_h = 15, .ofs_x = 1, .ofs_y = -2},
    {.bitmap_index = 53172, .adv_w = 247, .box_w = 13, .box_h = 14, .ofs_x = 1, .ofs_y = -1},
    {.bitmap_index = 53195, .adv_w = 247, .box_w = 13, .box_h = 14, .ofs_x = 1, .ofs_y = -1},
    {.bitmap_index = 53218, .adv_w = 247, .box_w = 11, .box_h = 14, .ofs_x = 1, .ofs_y = -1},
    {.bitmap_index = 53238, .adv_w = 247, .box_w = 11, .box_h = 14, .ofs_x = 1, .ofs_y = -1},
    {.bitmap_index = 53258, .adv_w = 247, .box_w = 12, .box_h = 14, .ofs_x = 1, .ofs_y = -1},
    {.bitmap_index = 53279, .adv_w = 247, .box_w = 11, .box_h = 14, .ofs_x = 1, .ofs_y = -1},
    {.bitmap_index = 53299, .adv_w = 247, .box_w = 14, .box_h = 15, .ofs_x = 1, .ofs_y = -2},
    {.bitmap_index = 53326, .adv_w = 247, .box_w = 14, .box_h = 16, .ofs_x = 1, .ofs_y = -3},
    {.bitmap_index = 53354, .adv_w = 247, .box_w = 14, .box_h = 15, .ofs_x = 1, .ofs_y = -2},
    {.bitmap_index = 53381, .adv_w = 247, .box_w = 14, .box_h = 14, .ofs_x = 1, .ofs_y = -1},
    {.bitmap_index = 53406, .adv_w = 247, .box_w = 14, .box_h = 14, .ofs_x = 1, .ofs_y = -1},
    {.bitmap_index = 53431, .adv_w = 247, .box_w = 14, .box_h = 14, .ofs_x = 1, .ofs_y = -1},
    {.bitmap_index = 53456, .adv_w = 247, .box_w = 14, .box_h = 14, .ofs_x = 1, .ofs_y = -1},
    {.bitmap_index = 53481, .adv_w = 247, .box_w = 14, .box_h = 14, .ofs_x = 1, .ofs_y = -1},
    {.bitmap_index = 53506, .adv_w = 247, .box_w = 14, .box_h = 14, .ofs_x = 1, .ofs_y = -1},
    {.bitmap_index = 53531, .adv_w = 247, .box_w = 14, .box_h = 15, .ofs_x = 1, .ofs_y = -2},
    {.bitmap_index = 53558, .adv_w = 247, .box_w = 15, .box_h = 15, .ofs_x = 0, .ofs_y = -2},
    {.bitmap_index = 53587, .adv_w = 247, .box_w = 14, .box_h = 14, .ofs_x = 1, .ofs_y = -1},
    {.bitmap_index = 53612, .adv_w = 247, .box_w = 13, .box_h = 14, .ofs_x = 1, .ofs_y = -1},
    {.bitmap_index = 53635, .adv_w = 247, .box_w = 12, .box_h = 15, .ofs_x = 1, .ofs_y = -2},
    {.bitmap_index = 53658, .adv_w = 247, .box_w = 14, .box_h = 14, .ofs_x = 1, .ofs_y = -1},
    {.bitmap_index = 53683, .adv_w = 247, .box_w = 14, .box_h = 14, .ofs_x = 1, .ofs_y = -1},
    {.bitmap_index = 53708, .adv_w = 247, .box_w = 12, .box_h = 14, .ofs_x = 1, .ofs_y = -1},
    {.bitmap_index = 53729, .adv_w = 247, .box_w = 12, .box_h = 15, .ofs_x = 1, .ofs_y = -2},
    {.bitmap_index = 53752, .adv_w = 247, .box_w = 13, .box_h = 15, .ofs_x = 1, .ofs_y = -2},
    {.bitmap_index = 53777, .adv_w = 247, .box_w = 14, .box_h = 15, .ofs_x = 1, .ofs_y = -2},
    {.bitmap_index = 53804, .adv_w = 247, .box_w = 12, .box_h = 14, .ofs_x = 1, .ofs_y = -1},
    {.bitmap_index = 53825, .adv_w = 247, .box_w = 15, .box_h = 14, .ofs_x = 0, .ofs_y = -1},
    {.bitmap_index = 53852, .adv_w = 247, .box_w = 14, .box_h = 15, .ofs_x = 1, .ofs_y = -2},
    {.bitmap_index = 53879, .adv_w = 247, .box_w = 12, .box_h = 14, .ofs_x = 1, .ofs_y = -1},
    {.bitmap_index = 53900, .adv_w = 247, .box_w = 12, .box_h = 16, .ofs_x = 1, .ofs_y = -3},
    {.bitmap_index = 53924, .adv_w = 247, .box_w = 13, .box_h = 14, .ofs_x = 1, .ofs_y = -1},
    {.bitmap_index = 53947, .adv_w = 247, .box_w = 13, .box_h = 14, .ofs_x = 1, .ofs_y = -1},
    {.bitmap_index = 53970, .adv_w = 247, .box_w = 12, .box_h = 14, .ofs_x = 1, .ofs_y = -1},
    {.bitmap_index = 53991, .adv_w = 247, .box_w = 12, .box_h = 15, .ofs_x = 1, .ofs_y = -2},
    {.bitmap_index = 54014, .adv_w = 247, .box_w = 13, .box_h = 14, .ofs_x = 1, .ofs_y = -1},
    {.bitmap_index = 54037, .adv_w = 247, .box_w = 13, .box_h = 15, .ofs_x = 1, .ofs_y = -2},
    {.bitmap_index = 54062, .adv_w = 247, .box_w = 12, .box_h = 14, .ofs_x = 1, .ofs_y = -1},
    {.bitmap_index = 54083, .adv_w = 247, .box_w = 13, .box_h = 15, .ofs_x = 1, .ofs_y = -2},
    {.bitmap_index = 54108, .adv_w = 247, .box_w = 13, .box_h = 15, .ofs_x = 1, .ofs_y = -2},
    {.bitmap_index = 54133, .adv_w = 247, .box_w = 14, .box_h = 14, .ofs_x = 1, .ofs_y = -1},
    {.bitmap_index = 54158, .adv_w = 247, .box_w = 14, .box_h = 14, .ofs_x = 1, .ofs_y = -1},
    {.bitmap_index = 54183, .adv_w = 247, .box_w = 12, .box_h = 14, .ofs_x = 1, .ofs_y = -1},
    {.bitmap_index = 54204, .adv_w = 247, .box_w = 12, .box_h = 15, .ofs_x = 1, .ofs_y = -2},
    {.bitmap_index = 54227, .adv_w = 247, .box_w = 14, .box_h = 15, .ofs_x = 1, .ofs_y = -2},
    {.bitmap_index = 54254, .adv_w = 247, .box_w = 12, .box_h = 15, .ofs_x = 1, .ofs_y = -2},
    {.bitmap_index = 54277, .adv_w = 247, .box_w = 12, .box_h = 14, .ofs_x = 1, .ofs_y = -1},
    {.bitmap_index = 54298, .adv_w = 247, .box_w = 13, .box_h = 14, .ofs_x = 1, .ofs_y = -1},
    {.bitmap_index = 54321, .adv_w = 247, .box_w = 13, .box_h = 14, .ofs_x = 1, .ofs_y = -1},
    {.bitmap_index = 54344, .adv_w = 247, .box_w = 12, .box_h = 14, .ofs_x = 1, .ofs_y = -1},
    {.bitmap_index = 54365, .adv_w = 247, .box_w = 12, .box_h = 15, .ofs_x = 1, .ofs_y = -2},
    {.bitmap_index = 54388, .adv_w = 247, .box_w = 13, .box_h = 15, .ofs_x = 1, .ofs_y = -2},
    {.bitmap_index = 54413, .adv_w = 247, .box_w = 12, .box_h = 14, .ofs_x = 1, .ofs_y = -1},
    {.bitmap_index = 54434, .adv_w = 247, .box_w = 13, .box_h = 15, .ofs_x = 1, .ofs_y = -2},
    {.bitmap_index = 54459, .adv_w = 247, .box_w = 14, .box_h = 14, .ofs_x = 1, .ofs_y = -1},
    {.bitmap_index = 54484, .adv_w = 247, .box_w = 13, .box_h = 15, .ofs_x = 1, .ofs_y = -2},
    {.bitmap_index = 54509, .adv_w = 247, .box_w = 14, .box_h = 15, .ofs_x = 1, .ofs_y = -2},
    {.bitmap_index = 54536, .adv_w = 247, .box_w = 15, .box_h = 11, .ofs_x = 0, .ofs_y = 1},
    {.bitmap_index = 54557, .adv_w = 247, .box_w = 15, .box_h = 15, .ofs_x = 0, .ofs_y = -2},
    {.bitmap_index = 54586, .adv_w = 247, .box_w = 15, .box_h = 13, .ofs_x = 0, .ofs_y = -1},
    {.bitmap_index = 54611, .adv_w = 247, .box_w = 15, .box_h = 14, .ofs_x = 0, .ofs_y = -1},
    {.bitmap_index = 54638, .adv_w = 247, .box_w = 15, .box_h = 14, .ofs_x = 0, .ofs_y = -1},
    {.bitmap_index = 54665, .adv_w = 247, .box_w = 15, .box_h = 15, .ofs_x = 0, .ofs_y = -2},
    {.bitmap_index = 54694, .adv_w = 247, .box_w = 15, .box_h = 15, .ofs_x = 0, .ofs_y = -2},
    {.bitmap_index = 54723, .adv_w = 247, .box_w = 15, .box_h = 15, .ofs_x = 0, .ofs_y = -2},
    {.bitmap_index = 54752, .adv_w = 247, .box_w = 15, .box_h = 15, .ofs_x = 0, .ofs_y = -2},
    {.bitmap_index = 54781, .adv_w = 247, .box_w = 14, .box_h = 15, .ofs_x = 1, .ofs_y = -2},
    {.bitmap_index = 54808, .adv_w = 247, .box_w = 12, .box_h = 15, .ofs_x = 1, .ofs_y = -2},
    {.bitmap_index = 54831, .adv_w = 247, .box_w = 13, .box_h = 14, .ofs_x = 1, .ofs_y = -1},
    {.bitmap_index = 54854, .adv_w = 247, .box_w = 15, .box_h = 11, .ofs_x = 0, .ofs_y = 1},
    {.bitmap_index = 54875, .adv_w = 247, .box_w = 15, .box_h = 14, .ofs_x = 0, .ofs_y = -1},
    {.bitmap_index = 54902, .adv_w = 247, .box_w = 15, .box_h = 14, .ofs_x = 0, .ofs_y = -1},
    {.bitmap_index = 54929, .adv_w = 247, .box_w = 15, .box_h = 15, .ofs_x = 0, .ofs_y = -2},
    {.bitmap_index = 54958, .adv_w = 247, .box_w = 15, .box_h = 15, .ofs_x = 0, .ofs_y = -2},
    {.bitmap_index = 54987, .adv_w = 247, .box_w = 15, .box_h = 14, .ofs_x = 0, .ofs_y = -2},
    {.bitmap_index = 55014, .adv_w = 247, .box_w = 15, .box_h = 15, .ofs_x = 0, .ofs_y = -2},
    {.bitmap_index = 55043, .adv_w = 247, .box_w = 15, .box_h = 13, .ofs_x = 0, .ofs_y = -1},
    {.bitmap_index = 55068, .adv_w = 247, .box_w = 15, .box_h = 14, .ofs_x = 0, .ofs_y = -1},
    {.bitmap_index = 55095, .adv_w = 247, .box_w = 15, .box_h = 14, .ofs_x = 0, .ofs_y = -1},
    {.bitmap_index = 55122, .adv_w = 247, .box_w = 14, .box_h = 14, .ofs_x = 0, .ofs_y = -1},
    {.bitmap_index = 55147, .adv_w = 247, .box_w = 14, .box_h = 15, .ofs_x = 0, .ofs_y = -2},
    {.bitmap_index = 55174, .adv_w = 247, .box_w = 15, .box_h = 15, .ofs_x = 0, .ofs_y = -2},
    {.bitmap_index = 55203, .adv_w = 247, .box_w = 15, .box_h = 15, .ofs_x = 0, .ofs_y = -2},
    {.bitmap_index = 55232, .adv_w = 247, .box_w = 15, .box_h = 15, .ofs_x = 0, .ofs_y = -2},
    {.bitmap_index = 55261, .adv_w = 247, .box_w = 13, .box_h = 14, .ofs_x = 0, .ofs_y = -1},
    {.bitmap_index = 55284, .adv_w = 247, .box_w = 12, .box_h = 15, .ofs_x = 0, .ofs_y = -2},
    {.bitmap_index = 55307, .adv_w = 247, .box_w = 12, .box_h = 15, .ofs_x = 1, .ofs_y = -2},
    {.bitmap_index = 55330, .adv_w = 247, .box_w = 14, .box_h = 14, .ofs_x = 0, .ofs_y = -1},
    {.bitmap_index = 55355, .adv_w = 247, .box_w = 13, .box_h = 14, .ofs_x = 1, .ofs_y = -1},
    {.bitmap_index = 55378, .adv_w = 247, .box_w = 12, .box_h = 15, .ofs_x = 1, .ofs_y = -2},
    {.bitmap_index = 55401, .adv_w = 247, .box_w = 13, .box_h = 15, .ofs_x = 1, .ofs_y = -2},
    {.bitmap_index = 55426, .adv_w = 247, .box_w = 14, .box_h = 14, .ofs_x = 1, .ofs_y = -2},
    {.bitmap_index = 55451, .adv_w = 247, .box_w = 14, .box_h = 13, .ofs_x = 1, .ofs_y = -1},
    {.bitmap_index = 55474, .adv_w = 247, .box_w = 15, .box_h = 14, .ofs_x = 0, .ofs_y = -1},
    {.bitmap_index = 55501, .adv_w = 247, .box_w = 15, .box_h = 15, .ofs_x = 0, .ofs_y = -2},
    {.bitmap_index = 55530, .adv_w = 247, .box_w = 14, .box_h = 15, .ofs_x = 1, .ofs_y = -2},
    {.bitmap_index = 55557, .adv_w = 247, .box_w = 14, .box_h = 15, .ofs_x = 0, .ofs_y = -2},
    {.bitmap_index = 55584, .adv_w = 247, .box_w = 15, .box_h = 11, .ofs_x = 0, .ofs_y = 1},
    {.bitmap_index = 55605, .adv_w = 247, .box_w = 15, .box_h = 13, .ofs_x = 0, .ofs_y = -1},
    {.bitmap_index = 55630, .adv_w = 247, .box_w = 15, .box_h = 14, .ofs_x = 0, .ofs_y = -1},
    {.bitmap_index = 55657, .adv_w = 247, .box_w = 15, .box_h = 13, .ofs_x = 1, .ofs_y = -1},
    {.bitmap_index = 55682, .adv_w = 247, .box_w = 15, .box_h = 15, .ofs_x = 0, .ofs_y = -2},
    {.bitmap_index = 55711, .adv_w = 247, .box_w = 15, .box_h = 14, .ofs_x = 1, .ofs_y = -2},
    {.bitmap_index = 55738, .adv_w = 247, .box_w = 12, .box_h = 15, .ofs_x = 1, .ofs_y = -2},
    {.bitmap_index = 55761, .adv_w = 247, .box_w = 11, .box_h = 15, .ofs_x = 1, .ofs_y = -2},
    {.bitmap_index = 55782, .adv_w = 247, .box_w = 13, .box_h = 14, .ofs_x = 1, .ofs_y = -1},
    {.bitmap_index = 55805, .adv_w = 247, .box_w = 13, .box_h = 14, .ofs_x = 1, .ofs_y = -1},
    {.bitmap_index = 55828, .adv_w = 247, .box_w = 11, .box_h = 14, .ofs_x = 1, .ofs_y = -1},
    {.bitmap_index = 55848, .adv_w = 247, .box_w = 12, .box_h = 15, .ofs_x = 1, .ofs_y = -2},
    {.bitmap_index = 55871, .adv_w = 247, .box_w = 12, .box_h = 14, .ofs_x = 1, .ofs_y = -1},
    {.bitmap_index = 55892, .adv_w = 247, .box_w = 12, .box_h = 14, .ofs_x = 1, .ofs_y = -1},
    {.bitmap_index = 55913, .adv_w = 247, .box_w = 15, .box_h = 15, .ofs_x = 0, .ofs_y = -2},
    {.bitmap_index = 55942, .adv_w = 247, .box_w = 15, .box_h = 15, .ofs_x = 0, .ofs_y = -2},
    {.bitmap_index = 55971, .adv_w = 247, .box_w = 15, .box_h = 14, .ofs_x = 0, .ofs_y = -1},
    {.bitmap_index = 55998, .adv_w = 247, .box_w = 15, .box_h = 14, .ofs_x = 0, .ofs_y = -1},
    {.bitmap_index = 56025, .adv_w = 247, .box_w = 15, .box_h = 14, .ofs_x = 0, .ofs_y = -1},
    {.bitmap_index = 56052, .adv_w = 247, .box_w = 15, .box_h = 15, .ofs_x = 0, .ofs_y = -2},
    {.bitmap_index = 56081, .adv_w = 247, .box_w = 15, .box_h = 15, .ofs_x = 0, .ofs_y = -2},
    {.bitmap_index = 56110, .adv_w = 247, .box_w = 15, .box_h = 15, .ofs_x = 0, .ofs_y = -2},
    {.bitmap_index = 56139, .adv_w = 247, .box_w = 15, .box_h = 15, .ofs_x = 0, .ofs_y = -2},
    {.bitmap_index = 56168, .adv_w = 247, .box_w = 13, .box_h = 15, .ofs_x = 1, .ofs_y = -2},
    {.bitmap_index = 56193, .adv_w = 247, .box_w = 12, .box_h = 15, .ofs_x = 1, .ofs_y = -2},
    {.bitmap_index = 56216, .adv_w = 247, .box_w = 14, .box_h = 14, .ofs_x = 1, .ofs_y = -1},
    {.bitmap_index = 56241, .adv_w = 247, .box_w = 14, .box_h = 14, .ofs_x = 1, .ofs_y = -1},
    {.bitmap_index = 56266, .adv_w = 247, .box_w = 12, .box_h = 14, .ofs_x = 1, .ofs_y = -1},
    {.bitmap_index = 56287, .adv_w = 247, .box_w = 12, .box_h = 15, .ofs_x = 1, .ofs_y = -2},
    {.bitmap_index = 56310, .adv_w = 247, .box_w = 13, .box_h = 14, .ofs_x = 1, .ofs_y = -1},
    {.bitmap_index = 56333, .adv_w = 247, .box_w = 14, .box_h = 15, .ofs_x = 1, .ofs_y = -2},
    {.bitmap_index = 56360, .adv_w = 247, .box_w = 12, .box_h = 15, .ofs_x = 1, .ofs_y = -2},
    {.bitmap_index = 56383, .adv_w = 247, .box_w = 15, .box_h = 15, .ofs_x = 0, .ofs_y = -2},
    {.bitmap_index = 56412, .adv_w = 247, .box_w = 15, .box_h = 15, .ofs_x = 0, .ofs_y = -2},
    {.bitmap_index = 56441, .adv_w = 247, .box_w = 13, .box_h = 15, .ofs_x = 0, .ofs_y = -2},
    {.bitmap_index = 56466, .adv_w = 247, .box_w = 13, .box_h = 15, .ofs_x = 0, .ofs_y = -2},
    {.bitmap_index = 56491, .adv_w = 247, .box_w = 13, .box_h = 14, .ofs_x = 0, .ofs_y = -1},
    {.bitmap_index = 56514, .adv_w = 247, .box_w = 13, .box_h = 14, .ofs_x = 0, .ofs_y = -1},
    {.bitmap_index = 56537, .adv_w = 247, .box_w = 13, .box_h = 14, .ofs_x = 0, .ofs_y = -1},
    {.bitmap_index = 56560, .adv_w = 247, .box_w = 12, .box_h = 15, .ofs_x = 0, .ofs_y = -2},
    {.bitmap_index = 56583, .adv_w = 247, .box_w = 13, .box_h = 14, .ofs_x = 0, .ofs_y = -1},
    {.bitmap_index = 56606, .adv_w = 247, .box_w = 13, .box_h = 15, .ofs_x = 0, .ofs_y = -2},
    {.bitmap_index = 56631, .adv_w = 247, .box_w = 12, .box_h = 15, .ofs_x = 0, .ofs_y = -2},
    {.bitmap_index = 56654, .adv_w = 247, .box_w = 13, .box_h = 15, .ofs_x = 1, .ofs_y = -2},
    {.bitmap_index = 56679, .adv_w = 247, .box_w = 12, .box_h = 15, .ofs_x = 1, .ofs_y = -2},
    {.bitmap_index = 56702, .adv_w = 247, .box_w = 14, .box_h = 14, .ofs_x = 1, .ofs_y = -1},
    {.bitmap_index = 56727, .adv_w = 247, .box_w = 14, .box_h = 14, .ofs_x = 1, .ofs_y = -1},
    {.bitmap_index = 56752, .adv_w = 247, .box_w = 12, .box_h = 14, .ofs_x = 1, .ofs_y = -1},
    {.bitmap_index = 56773, .adv_w = 247, .box_w = 12, .box_h = 15, .ofs_x = 1, .ofs_y = -2},
    {.bitmap_index = 56796, .adv_w = 247, .box_w = 13, .box_h = 14, .ofs_x = 1, .ofs_y = -1},
    {.bitmap_index = 56819, .adv_w = 247, .box_w = 12, .box_h = 15, .ofs_x = 1, .ofs_y = -2},
    {.bitmap_index = 56842, .adv_w = 247, .box_w = 13, .box_h = 15, .ofs_x = 0, .ofs_y = -2},
    {.bitmap_index = 56867, .adv_w = 247, .box_w = 13, .box_h = 15, .ofs_x = 0, .ofs_y = -2},
    {.bitmap_index = 56892, .adv_w = 247, .box_w = 13, .box_h = 14, .ofs_x = 0, .ofs_y = -1},
    {.bitmap_index = 56915, .adv_w = 247, .box_w = 13, .box_h = 14, .ofs_x = 0, .ofs_y = -1},
    {.bitmap_index = 56938, .adv_w = 247, .box_w = 13, .box_h = 15, .ofs_x = 0, .ofs_y = -2},
    {.bitmap_index = 56963, .adv_w = 247, .box_w = 13, .box_h = 14, .ofs_x = 0, .ofs_y = -1},
    {.bitmap_index = 56986, .adv_w = 247, .box_w = 13, .box_h = 15, .ofs_x = 0, .ofs_y = -2},
    {.bitmap_index = 57011, .adv_w = 247, .box_w = 14, .box_h = 15, .ofs_x = 0, .ofs_y = -2},
    {.bitmap_index = 57038, .adv_w = 247, .box_w = 12, .box_h = 15, .ofs_x = 0, .ofs_y = -2},
    {.bitmap_index = 57061, .adv_w = 247, .box_w = 13, .box_h = 15, .ofs_x = 1, .ofs_y = -2},
    {.bitmap_index = 57086, .adv_w = 247, .box_w = 14, .box_h = 14, .ofs_x = 1, .ofs_y = -1},
    {.bitmap_index = 57111, .adv_w = 247, .box_w = 14, .box_h = 14, .ofs_x = 1, .ofs_y = -1},
    {.bitmap_index = 57136, .adv_w = 247, .box_w = 12, .box_h = 15, .ofs_x = 1, .ofs_y = -2},
    {.bitmap_index = 57159, .adv_w = 247, .box_w = 15, .box_h = 12, .ofs_x = 0, .ofs_y = 1},
    {.bitmap_index = 57182, .adv_w = 247, .box_w = 15, .box_h = 15, .ofs_x = 0, .ofs_y = -2},
    {.bitmap_index = 57211, .adv_w = 247, .box_w = 15, .box_h = 14, .ofs_x = 0, .ofs_y = -1},
    {.bitmap_index = 57238, .adv_w = 247, .box_w = 15, .box_h = 14, .ofs_x = 0, .ofs_y = -1},
    {.bitmap_index = 57265, .adv_w = 247, .box_w = 15, .box_h = 15, .ofs_x = 0, .ofs_y = -2},
    {.bitmap_index = 57294, .adv_w = 247, .box_w = 15, .box_h = 15, .ofs_x = 0, .ofs_y = -2},
    {.bitmap_index = 57323, .adv_w = 247, .box_w = 15, .box_h = 15, .ofs_x = 0, .ofs_y = -2},
    {.bitmap_index = 57352, .adv_w = 247, .box_w = 15, .box_h = 15, .ofs_x = 0, .ofs_y = -2},
    {.bitmap_index = 57381, .adv_w = 247, .box_w = 15, .box_h = 15, .ofs_x = 0, .ofs_y = -2},
    {.bitmap_index = 57410, .adv_w = 247, .box_w = 15, .box_h = 14, .ofs_x = 0, .ofs_y = -1},
    {.bitmap_index = 57437, .adv_w = 247, .box_w = 15, .box_h = 14, .ofs_x = 0, .ofs_y = -1},
    {.bitmap_index = 57464, .adv_w = 247, .box_w = 15, .box_h = 15, .ofs_x = 0, .ofs_y = -2},
    {.bitmap_index = 57493, .adv_w = 247, .box_w = 15, .box_h = 14, .ofs_x = 0, .ofs_y = -1},
    {.bitmap_index = 57520, .adv_w = 247, .box_w = 15, .box_h = 14, .ofs_x = 1, .ofs_y = -1},
    {.bitmap_index = 57547, .adv_w = 247, .box_w = 15, .box_h = 16, .ofs_x = 0, .ofs_y = -3},
    {.bitmap_index = 57577, .adv_w = 247, .box_w = 14, .box_h = 14, .ofs_x = 0, .ofs_y = -1},
    {.bitmap_index = 57602, .adv_w = 247, .box_w = 13, .box_h = 15, .ofs_x = 0, .ofs_y = -2},
    {.bitmap_index = 57627, .adv_w = 247, .box_w = 13, .box_h = 15, .ofs_x = 0, .ofs_y = -2},
    {.bitmap_index = 57652, .adv_w = 247, .box_w = 15, .box_h = 14, .ofs_x = 0, .ofs_y = -1},
    {.bitmap_index = 57679, .adv_w = 247, .box_w = 13, .box_h = 15, .ofs_x = 0, .ofs_y = -2},
    {.bitmap_index = 57704, .adv_w = 247, .box_w = 13, .box_h = 15, .ofs_x = 0, .ofs_y = -2},
    {.bitmap_index = 57729, .adv_w = 247, .box_w = 12, .box_h = 14, .ofs_x = 1, .ofs_y = -1},
    {.bitmap_index = 57750, .adv_w = 247, .box_w = 12, .box_h = 15, .ofs_x = 1, .ofs_y = -2},
    {.bitmap_index = 57773, .adv_w = 247, .box_w = 13, .box_h = 14, .ofs_x = 1, .ofs_y = -1},
    {.bitmap_index = 57796, .adv_w = 247, .box_w = 13, .box_h = 14, .ofs_x = 1, .ofs_y = -1},
    {.bitmap_index = 57819, .adv_w = 247, .box_w = 12, .box_h = 15, .ofs_x = 1, .ofs_y = -2},
    {.bitmap_index = 57842, .adv_w = 247, .box_w = 13, .box_h = 15, .ofs_x = 1, .ofs_y = -2},
    {.bitmap_index = 57867, .adv_w = 247, .box_w = 12, .box_h = 15, .ofs_x = 1, .ofs_y = -2},
    {.bitmap_index = 57890, .adv_w = 247, .box_w = 15, .box_h = 12, .ofs_x = 0, .ofs_y = 1},
    {.bitmap_index = 57913, .adv_w = 247, .box_w = 15, .box_h = 14, .ofs_x = 0, .ofs_y = -1},
    {.bitmap_index = 57940, .adv_w = 247, .box_w = 15, .box_h = 14, .ofs_x = 0, .ofs_y = -1},
    {.bitmap_index = 57967, .adv_w = 247, .box_w = 15, .box_h = 15, .ofs_x = 0, .ofs_y = -2},
    {.bitmap_index = 57996, .adv_w = 247, .box_w = 15, .box_h = 15, .ofs_x = 0, .ofs_y = -2},
    {.bitmap_index = 58025, .adv_w = 247, .box_w = 15, .box_h = 15, .ofs_x = 0, .ofs_y = -2},
    {.bitmap_index = 58054, .adv_w = 247, .box_w = 15, .box_h = 15, .ofs_x = 0, .ofs_y = -2},
    {.bitmap_index = 58083, .adv_w = 247, .box_w = 15, .box_h = 14, .ofs_x = 0, .ofs_y = -1},
    {.bitmap_index = 58110, .adv_w = 247, .box_w = 15, .box_h = 14, .ofs_x = 0, .ofs_y = -1},
    {.bitmap_index = 58137, .adv_w = 247, .box_w = 15, .box_h = 15, .ofs_x = 0, .ofs_y = -2},
    {.bitmap_index = 58166, .adv_w = 247, .box_w = 15, .box_h = 15, .ofs_x = 0, .ofs_y = -2},
    {.bitmap_index = 58195, .adv_w = 247, .box_w = 15, .box_h = 16, .ofs_x = 0, .ofs_y = -3},
    {.bitmap_index = 58225, .adv_w = 247, .box_w = 15, .box_h = 15, .ofs_x = 0, .ofs_y = -2},
    {.bitmap_index = 58254, .adv_w = 247, .box_w = 12, .box_h = 14, .ofs_x = 1, .ofs_y = -1},
    {.bitmap_index = 58275, .adv_w = 247, .box_w = 13, .box_h = 14, .ofs_x = 1, .ofs_y = -1},
    {.bitmap_index = 58298, .adv_w = 247, .box_w = 13, .box_h = 14, .ofs_x = 1, .ofs_y = -1},
    {.bitmap_index = 58321, .adv_w = 247, .box_w = 12, .box_h = 15, .ofs_x = 1, .ofs_y = -2},
    {.bitmap_index = 58344, .adv_w = 247, .box_w = 12, .box_h = 15, .ofs_x = 1, .ofs_y = -2},
    {.bitmap_index = 58367, .adv_w = 247, .box_w = 13, .box_h = 15, .ofs_x = 0, .ofs_y = -2},
    {.bitmap_index = 58392, .adv_w = 247, .box_w = 13, .box_h = 15, .ofs_x = 0, .ofs_y = -2},
    {.bitmap_index = 58417, .adv_w = 247, .box_w = 14, .box_h = 14, .ofs_x = 0, .ofs_y = -1},
    {.bitmap_index = 58442, .adv_w = 247, .box_w = 15, .box_h = 14, .ofs_x = 0, .ofs_y = -1},
    {.bitmap_index = 58469, .adv_w = 247, .box_w = 13, .box_h = 15, .ofs_x = 0, .ofs_y = -2},
    {.bitmap_index = 58494, .adv_w = 247, .box_w = 12, .box_h = 14, .ofs_x = 1, .ofs_y = -1},
    {.bitmap_index = 58515, .adv_w = 247, .box_w = 13, .box_h = 15, .ofs_x = 0, .ofs_y = -2},
    {.bitmap_index = 58540, .adv_w = 247, .box_w = 13, .box_h = 14, .ofs_x = 1, .ofs_y = -1},
    {.bitmap_index = 58563, .adv_w = 247, .box_w = 13, .box_h = 14, .ofs_x = 1, .ofs_y = -1},
    {.bitmap_index = 58586, .adv_w = 247, .box_w = 13, .box_h = 15, .ofs_x = 0, .ofs_y = -2},
    {.bitmap_index = 58611, .adv_w = 247, .box_w = 13, .box_h = 15, .ofs_x = 0, .ofs_y = -2},
    {.bitmap_index = 58636, .adv_w = 247, .box_w = 14, .box_h = 15, .ofs_x = 0, .ofs_y = -2},
    {.bitmap_index = 58663, .adv_w = 247, .box_w = 12, .box_h = 15, .ofs_x = 0, .ofs_y = -2},
    {.bitmap_index = 58686, .adv_w = 247, .box_w = 15, .box_h = 15, .ofs_x = 0, .ofs_y = -2},
    {.bitmap_index = 58715, .adv_w = 247, .box_w = 15, .box_h = 16, .ofs_x = 0, .ofs_y = -3},
    {.bitmap_index = 58745, .adv_w = 247, .box_w = 14, .box_h = 14, .ofs_x = 1, .ofs_y = -1},
    {.bitmap_index = 58770, .adv_w = 247, .box_w = 15, .box_h = 14, .ofs_x = 0, .ofs_y = -1},
    {.bitmap_index = 58797, .adv_w = 247, .box_w = 15, .box_h = 15, .ofs_x = 0, .ofs_y = -2},
    {.bitmap_index = 58826, .adv_w = 247, .box_w = 14, .box_h = 15, .ofs_x = 0, .ofs_y = -2},
    {.bitmap_index = 58853, .adv_w = 247, .box_w = 14, .box_h = 15, .ofs_x = 0, .ofs_y = -2},
    {.bitmap_index = 58880, .adv_w = 247, .box_w = 15, .box_h = 12, .ofs_x = 0, .ofs_y = 1},
    {.bitmap_index = 58903, .adv_w = 247, .box_w = 15, .box_h = 15, .ofs_x = 0, .ofs_y = -2},
    {.bitmap_index = 58932, .adv_w = 247, .box_w = 15, .box_h = 14, .ofs_x = 0, .ofs_y = -1},
    {.bitmap_index = 58959, .adv_w = 247, .box_w = 15, .box_h = 15, .ofs_x = 0, .ofs_y = -2},
    {.bitmap_index = 58988, .adv_w = 247, .box_w = 15, .box_h = 14, .ofs_x = 0, .ofs_y = -1},
    {.bitmap_index = 59015, .adv_w = 247, .box_w = 14, .box_h = 14, .ofs_x = 1, .ofs_y = -1},
    {.bitmap_index = 59040, .adv_w = 247, .box_w = 15, .box_h = 15, .ofs_x = 0, .ofs_y = -2},
    {.bitmap_index = 59069, .adv_w = 247, .box_w = 15, .box_h = 15, .ofs_x = 0, .ofs_y = -2},
    {.bitmap_index = 59098, .adv_w = 247, .box_w = 15, .box_h = 14, .ofs_x = 0, .ofs_y = -1},
    {.bitmap_index = 59125, .adv_w = 247, .box_w = 15, .box_h = 15, .ofs_x = 0, .ofs_y = -2},
    {.bitmap_index = 59154, .adv_w = 247, .box_w = 15, .box_h = 15, .ofs_x = 0, .ofs_y = -2},
    {.bitmap_index = 59183, .adv_w = 247, .box_w = 15, .box_h = 14, .ofs_x = 0, .ofs_y = -1},
    {.bitmap_index = 59210, .adv_w = 247, .box_w = 12, .box_h = 14, .ofs_x = 1, .ofs_y = -1},
    {.bitmap_index = 59231, .adv_w = 247, .box_w = 13, .box_h = 14, .ofs_x = 1, .ofs_y = -1},
    {.bitmap_index = 59254, .adv_w = 247, .box_w = 13, .box_h = 14, .ofs_x = 1, .ofs_y = -1},
    {.bitmap_index = 59277, .adv_w = 247, .box_w = 12, .box_h = 15, .ofs_x = 1, .ofs_y = -2},
    {.bitmap_index = 59300, .adv_w = 247, .box_w = 12, .box_h = 15, .ofs_x = 1, .ofs_y = -2},
    {.bitmap_index = 59323, .adv_w = 247, .box_w = 12, .box_h = 15, .ofs_x = 1, .ofs_y = -2},
    {.bitmap_index = 59346, .adv_w = 247, .box_w = 12, .box_h = 15, .ofs_x = 0, .ofs_y = -2},
    {.bitmap_index = 59369, .adv_w = 247, .box_w = 12, .box_h = 15, .ofs_x = 1, .ofs_y = -2},
    {.bitmap_index = 59392, .adv_w = 247, .box_w = 13, .box_h = 14, .ofs_x = 0, .ofs_y = -1},
    {.bitmap_index = 59415, .adv_w = 247, .box_w = 13, .box_h = 14, .ofs_x = 1, .ofs_y = -1},
    {.bitmap_index = 59438, .adv_w = 247, .box_w = 12, .box_h = 15, .ofs_x = 1, .ofs_y = -2},
    {.bitmap_index = 59461, .adv_w = 247, .box_w = 12, .box_h = 14, .ofs_x = 1, .ofs_y = -1},
    {.bitmap_index = 59482, .adv_w = 247, .box_w = 13, .box_h = 15, .ofs_x = 1, .ofs_y = -2},
    {.bitmap_index = 59507, .adv_w = 247, .box_w = 12, .box_h = 15, .ofs_x = 1, .ofs_y = -2}
};

/*---------------------
 *  CHARACTER MAPPING
 *--------------------*/

static const uint8_t glyph_id_ofs_list_0[] = {
    0, 1, 0, 0, 0, 0, 0, 2,
    3, 4, 5, 6, 7, 8, 9
};

static const uint16_t unicode_list_2[] = {
    0x0, 0x1, 0x4, 0x7, 0x8, 0x9, 0xa, 0x10,
    0x11, 0x12, 0x13, 0x14, 0x15, 0x16, 0x17, 0x19,
    0x1a, 0x1b, 0x1c, 0x1d, 0x20, 0x24, 0x2c, 0x2d,
    0x2f, 0x30, 0x31, 0x38, 0x39, 0x3c, 0x40, 0x4b,
    0x4d, 0x54, 0x58, 0x5c, 0x70, 0x71, 0x74, 0x77,
    0x78, 0x7a, 0x80, 0x81, 0x83, 0x84, 0x85, 0x86,
    0x89, 0x8a, 0x8b, 0x8c, 0x90, 0x94, 0x9c, 0x9d,
    0x9f, 0xa0, 0xa1, 0xa8, 0xa9, 0xaa, 0xac, 0xaf,
    0xb0, 0xb8, 0xb9, 0xbb, 0xbc, 0xbd, 0xc1, 0xc4,
    0xc8, 0xcc, 0xd5, 0xd7, 0xe0, 0xe1, 0xe4, 0xe7,
    0xe8, 0xea, 0xec, 0xef, 0xf0, 0xf1, 0xf3, 0xf5,
    0xf6, 0xfc, 0xfd, 0x100, 0x104, 0x106, 0x10c, 0x10d,
    0x10f, 0x111, 0x118, 0x11c, 0x120, 0x129, 0x12c, 0x12d,
    0x134, 0x135, 0x138, 0x13c, 0x144, 0x145, 0x147, 0x149,
    0x150, 0x154, 0x158, 0x161, 0x163, 0x16c, 0x16d, 0x170,
    0x173, 0x174, 0x175, 0x176, 0x17b, 0x17c, 0x17d, 0x17f,
    0x181, 0x182, 0x188, 0x189, 0x18c, 0x190, 0x19c, 0x19d,
    0x1a4, 0x1b7, 0x1c0, 0x1c1, 0x1c4, 0x1c8, 0x1d0, 0x1d1,
    0x1d3, 0x1dc, 0x1e0, 0x1e4, 0x1f8, 0x1f9, 0x1fc, 0x1ff,
    0x200, 0x201, 0x208, 0x209, 0x20b, 0x20d, 0x214, 0x230,
    0x231, 0x234, 0x237, 0x238, 0x23a, 0x240, 0x241, 0x243,
    0x245, 0x246, 0x24a, 0x24c, 0x24d, 0x24e, 0x250, 0x254,
    0x256, 0x25c, 0x25d, 0x25f, 0x260, 0x261, 0x265, 0x268,
    0x269, 0x26c, 0x270, 0x278, 0x279, 0x27b, 0x27c, 0x27d,
    0x284, 0x285, 0x28c, 0x2bc, 0x2bd, 0x2be, 0x2c0, 0x2c4,
    0x2cc, 0x2cd, 0x2cf, 0x2d0, 0x2d1, 0x2d8, 0x2d9, 0x2dc,
    0x2e8, 0x2eb, 0x2ed, 0x2f4, 0x2f8, 0x2fc, 0x307, 0x308,
    0x30d, 0x310, 0x32c, 0x32d, 0x330, 0x332, 0x334, 0x33c,
    0x33d, 0x33f, 0x341, 0x342, 0x343, 0x348, 0x349, 0x350,
    0x35c, 0x35d, 0x364, 0x365, 0x379, 0x380, 0x384, 0x388,
    0x390, 0x391, 0x395, 0x39c, 0x3b8, 0x3b9, 0x3bc, 0x3c0,
    0x3c7, 0x3c8, 0x3c9, 0x3cb, 0x3cd, 0x3ce, 0x3d4, 0x3dc,
    0x3e8, 0x3e9, 0x3f0, 0x3f1, 0x3f4, 0x3f8, 0x400, 0x401,
    0x404, 0x40c, 0x410, 0x414, 0x41c, 0x41d, 0x428, 0x444,
    0x445, 0x448, 0x44a, 0x44c, 0x44e, 0x453, 0x454, 0x455,
    0x457, 0x459, 0x45d, 0x47c, 0x47d, 0x480, 0x484, 0x48c,
    0x48d, 0x48f, 0x491, 0x498, 0x499, 0x49a, 0x49c, 0x49f,
    0x4a0, 0x4a1, 0x4a2, 0x4a8, 0x4a9, 0x4ab, 0x4ac, 0x4ad,
    0x4ae, 0x4af, 0x4b1, 0x4b3, 0x4b4, 0x4b5, 0x4b8, 0x4bc,
    0x4c4, 0x4c5, 0x4c7, 0x4c8, 0x4c9, 0x4d0, 0x4d1, 0x4d4,
    0x4d8, 0x4e0, 0x4e5, 0x508, 0x509, 0x50b, 0x50c, 0x510,
    0x512, 0x513, 0x518, 0x519, 0x51b, 0x51c, 0x51d, 0x523,
    0x524, 0x525, 0x528, 0x52c, 0x534, 0x535, 0x537, 0x538,
    0x539, 0x540, 0x541, 0x544, 0x548, 0x550, 0x551, 0x554,
    0x555, 0x558, 0x55c, 0x560, 0x578, 0x579, 0x57c, 0x580,
    0x582, 0x588, 0x589, 0x58b, 0x58d, 0x592, 0x593, 0x594,
    0x598, 0x59c, 0x5a8, 0x5cc, 0x5d0, 0x5d4, 0x5dc, 0x5dd,
    0x5df, 0x5e8, 0x5e9, 0x5ec, 0x5f0, 0x5f9, 0x5fb, 0x5fd,
    0x604, 0x605, 0x608, 0x60b, 0x60c, 0x614, 0x615, 0x617,
    0x619, 0x620, 0x634, 0x63c, 0x658, 0x65c, 0x660, 0x668,
    0x669, 0x674, 0x675, 0x67c, 0x684, 0x685, 0x689, 0x690,
    0x691, 0x694, 0x698, 0x699, 0x69a, 0x6a0, 0x6a1, 0x6a3,
    0x6a5, 0x6a6, 0x6aa, 0x6ac, 0x6b0, 0x6b4, 0x6c8, 0x6c9,
    0x6cc, 0x6d0, 0x6d2, 0x6d8, 0x6d9, 0x6db, 0x6dd, 0x6e2,
    0x6e4, 0x6e5, 0x6e6, 0x6e8, 0x6eb, 0x6ec, 0x6ed, 0x6ee,
    0x6ef, 0x6f3, 0x6f4, 0x6f5, 0x6f7, 0x6f8, 0x6f9, 0x6fa,
    0x6fb, 0x6ff, 0x700, 0x701, 0x704, 0x708, 0x710, 0x711,
    0x713, 0x714, 0x715, 0x71c, 0x754, 0x755, 0x756, 0x758,
    0x75b, 0x75c, 0x75e, 0x75f, 0x764, 0x765, 0x767, 0x769,
    0x76b, 0x76e, 0x770, 0x771, 0x774, 0x778, 0x780, 0x781,
    0x783, 0x784, 0x785, 0x78c, 0x790, 0x794, 0x7a0, 0x7a1,
    0x7a8, 0x7ac, 0x7c4, 0x7c5, 0x7c8, 0x7cb, 0x7cc, 0x7ce,
    0x7d0, 0x7d4, 0x7d5, 0x7d7, 0x7d9, 0x7db, 0x7dd, 0x7e0,
    0x7e4, 0x7e8, 0x7fc, 0x810, 0x818, 0x81c, 0x820, 0x828,
    0x829, 0x82b, 0x834, 0x850, 0x851, 0x854, 0x858, 0x860,
    0x861, 0x863, 0x865, 0x86c, 0x880, 0x888, 0x89d, 0x8a4,
    0x8a8, 0x8ac, 0x8b5, 0x8b7, 0x8b9, 0x8c0, 0x8c4, 0x8c8,
    0x8d0, 0x8d5, 0x8dc, 0x8dd, 0x8e0, 0x8e3, 0x8e4, 0x8e6,
    0x8ec, 0x8ed, 0x8ef, 0x8f1, 0x8f8, 0x914, 0x915, 0x918,
    0x91b, 0x91c, 0x924, 0x925, 0x927, 0x928, 0x929, 0x92a,
    0x930, 0x931, 0x934, 0x938, 0x940, 0x941, 0x943, 0x944,
    0x945, 0x94b, 0x94c, 0x94d, 0x950, 0x954, 0x95c, 0x95d,
    0x95f, 0x960, 0x961, 0x9a0, 0x9a1, 0x9a4, 0x9a8, 0x9aa,
    0x9ab, 0x9b0, 0x9b1, 0x9b3, 0x9b4, 0x9b5, 0x9bb, 0x9bc,
    0x9bd, 0x9c0, 0x9c4, 0x9cc, 0x9cd, 0x9cf, 0x9d0, 0x9d1,
    0x9d8, 0x9ec, 0xa10, 0xa11, 0xa14, 0xa18, 0xa25, 0xa2c,
    0xa34, 0xa48, 0xa64, 0xa68, 0xa9c, 0xa9d, 0xaa0, 0xaa4,
    0xaab, 0xaac, 0xab1, 0xad4, 0xaf0, 0xaf4, 0xaf8, 0xb00,
    0xb01, 0xb05, 0xb28, 0xb29, 0xb2c, 0xb2f, 0xb30, 0xb38,
    0xb39, 0xb3b, 0xb44, 0xb48, 0xb4c, 0xb54, 0xb55, 0xb60,
    0xb64, 0xb68, 0xb70, 0xb71, 0xb73, 0xb75, 0xb7c, 0xb7d,
    0xb80, 0xb84, 0xb8c, 0xb8d, 0xb8f, 0xb90, 0xb91, 0xb92,
    0xb96, 0xb97, 0xb98, 0xb99, 0xb9c, 0xba0, 0xba8, 0xba9,
    0xbab, 0xbac, 0xbad, 0xbb4, 0xbb5, 0xbb8, 0xbc7, 0xbc9,
    0xbec, 0xbed, 0xbf0, 0xbf4, 0xbfc, 0xbfd, 0xbff, 0xc00,
    0xc01, 0xc07, 0xc08, 0xc09, 0xc0c, 0xc10, 0xc18, 0xc19,
    0xc1b, 0xc1d, 0xc24, 0xc25, 0xc28, 0xc2c, 0xc34, 0xc35,
    0xc37, 0xc38, 0xc39, 0xc40, 0xc44, 0xc51, 0xc53, 0xc5c,
    0xc5d, 0xc60, 0xc64, 0xc6c, 0xc6d, 0xc6f, 0xc71, 0xc78,
    0xc7c, 0xc8d, 0xca8, 0xcb0, 0xcb4, 0xcb8, 0xcc0, 0xcc1,
    0xcc3, 0xcc5, 0xccc, 0xcd0, 0xcd4, 0xcdd, 0xcdf, 0xce1,
    0xce8, 0xce9, 0xcec, 0xcf0, 0xcf8, 0xcf9, 0xcfb, 0xcfd,
    0xd04, 0xd18, 0xd20, 0xd3c, 0xd3d, 0xd40, 0xd44, 0xd4c,
    0xd4f, 0xd51, 0xd58, 0xd59, 0xd5c, 0xd60, 0xd68, 0xd69,
    0xd6b, 0xd6d, 0xd74, 0xd75, 0xd78, 0xd7c, 0xd84, 0xd85,
    0xd87, 0xd89, 0xd8a, 0xd8d, 0xd8e, 0xdac, 0xdad, 0xdb0,
    0xdb4, 0xdbc, 0xdbd, 0xdbf, 0xdc1, 0xdc8, 0xdc9, 0xdcc,
    0xdce, 0xdcf, 0xdd0, 0xdd1, 0xdd2, 0xdd8, 0xdd9, 0xddb,
    0xddd, 0xdde, 0xde1, 0xde3, 0xde4, 0xde5, 0xde8, 0xdec,
    0xdf4, 0xdf5, 0xdf7, 0xdf8, 0xdf9, 0xdfa, 0xe00, 0xe01,
    0xe08, 0xe15, 0xe38, 0xe39, 0xe3c, 0xe40, 0xe42, 0xe48,
    0xe49, 0xe4b, 0xe4d, 0xe4e, 0xe53, 0xe54, 0xe55, 0xe58,
    0xe5c, 0xe64, 0xe65, 0xe67, 0xe68, 0xe69, 0xe70, 0xe71,
    0xe74, 0xe78, 0xe83, 0xe84, 0xe85, 0xe87, 0xe8c, 0xea8,
    0xea9, 0xeab, 0xeac, 0xeb0, 0xeb2, 0xeb8, 0xeb9, 0xebb,
    0xebd, 0xec4, 0xec8, 0xed8, 0xed9, 0xefc, 0xf00, 0xf04,
    0xf0d, 0xf0f, 0xf11, 0xf18, 0xf1c, 0xf20, 0xf29, 0xf2b,
    0xf34, 0xf35, 0xf36, 0xf38, 0xf3b, 0xf3c, 0xf3d, 0xf3e,
    0xf44, 0xf45, 0xf47, 0xf49, 0xf4d, 0xf4f, 0xf50, 0xf54,
    0xf58, 0xf61, 0xf63, 0xf6c, 0xf88, 0xf8c, 0xf90, 0xfa4,
    0xfa8, 0xfac, 0xfb4, 0xfb7, 0xfc0, 0xfc4, 0xfc8, 0xfd0,
    0xfd3, 0xff8, 0xff9, 0xffc, 0xfff, 0x1000, 0x1002, 0x1008,
    0x1009, 0x100b, 0x100c, 0x100d, 0x100f, 0x1011, 0x1014, 0x1015,
    0x1016, 0x1017, 0x1018, 0x101b, 0x101c, 0x101d, 0x101e, 0x101f,
    0x1024, 0x1025, 0x1027, 0x1029, 0x102d, 0x1030, 0x1031, 0x1034,
    0x1038, 0x1040, 0x1041, 0x1043, 0x1044, 0x1045, 0x1049, 0x104c,
    0x104d, 0x1050, 0x105d, 0x1084, 0x1085, 0x1088, 0x108b, 0x108c,
    0x108e, 0x1094, 0x1095, 0x1097, 0x1099, 0x109a, 0x10a0, 0x10a1,
    0x10a4, 0x10a7, 0x10a8, 0x10b0, 0x10b1, 0x10b3, 0x10b4, 0x10b5,
    0x10bc, 0x10bd, 0x10c0, 0x10c4, 0x10cd, 0x10cf, 0x10d0, 0x10d1,
    0x10d5, 0x10d8, 0x10dc, 0x10f4, 0x10f5, 0x10f6, 0x10f8, 0x10fc,
    0x1104, 0x1105, 0x1107, 0x1109, 0x1110, 0x1114, 0x1124, 0x112c,
    0x1140, 0x1148, 0x1149, 0x114c, 0x1150, 0x1158, 0x1159, 0x1164,
    0x1168, 0x1180, 0x1181, 0x1184, 0x1187, 0x1188, 0x1189, 0x118a,
    0x1190, 0x1191, 0x1193, 0x1195, 0x1199, 0x119a, 0x119c, 0x11a4,
    0x11b0, 0x11b8, 0x11d4, 0x11d5, 0x11d8, 0x11dc, 0x11e9, 0x11f0,
    0x11f4, 0x11f8, 0x1200, 0x1203, 0x1205, 0x120c, 0x120d, 0x1210,
    0x1214, 0x121c, 0x121d, 0x121f, 0x1244, 0x1245, 0x1248, 0x124c,
    0x124e, 0x1254, 0x1255, 0x1257, 0x1259, 0x125a, 0x125b, 0x1260,
    0x1261, 0x1264, 0x1268, 0x126a, 0x1270, 0x1271, 0x1273, 0x1274,
    0x1275, 0x127b, 0x127c, 0x127d, 0x1280, 0x1284, 0x128c, 0x128d,
    0x128f, 0x1290, 0x1291, 0x1298, 0x1299, 0x12a8, 0x12d0, 0x12d1,
    0x12d4, 0x12d7, 0x12d8, 0x12e0, 0x12e3, 0x12e4, 0x12e5, 0x12ec,
    0x1301, 0x1308, 0x1309, 0x1318, 0x1319, 0x131b, 0x131c, 0x131d,
    0x1340, 0x1341, 0x1344, 0x1348, 0x1350, 0x1351, 0x1355, 0x1394,
    0x13b0, 0x13c5, 0x13cc, 0x13cd, 0x13d0, 0x13d4, 0x13dc, 0x13df,
    0x13e1, 0x143c, 0x1451, 0x1458, 0x145c, 0x1460, 0x1468, 0x1469,
    0x1490, 0x1491, 0x1494, 0x1498, 0x14a0, 0x14a1, 0x14a3, 0x14a5,
    0x14ac, 0x14ad, 0x14af, 0x14b0, 0x14b3, 0x14b4, 0x14b5, 0x14b6,
    0x14bc, 0x14bd, 0x14bf, 0x14c0, 0x14c1, 0x14c5, 0x14c8, 0x14c9,
    0x14cc, 0x14d0, 0x14d8, 0x14d9, 0x14db, 0x14dc, 0x14dd, 0x14e4,
    0x14e5, 0x14e8, 0x14ec, 0x14f4, 0x14f5, 0x14f7, 0x14f9, 0x1500,
    0x1504, 0x1508, 0x1510, 0x1515, 0x151c, 0x151d, 0x151e, 0x151f,
    0x1520, 0x1523, 0x1524, 0x1526, 0x1527, 0x152c, 0x152d, 0x152f,
    0x1530, 0x1531, 0x1536, 0x1538, 0x1539, 0x153c, 0x1540, 0x1548,
    0x1549, 0x154b, 0x154c, 0x154d, 0x1554, 0x1555, 0x1558, 0x155c,
    0x1564, 0x1565, 0x1567, 0x1568, 0x1569, 0x1570, 0x1574, 0x1578,
    0x1585, 0x158c, 0x158d, 0x158e, 0x1590, 0x1594, 0x1596, 0x159c,
    0x159d, 0x159f, 0x15a1, 0x15a5, 0x15a8, 0x15a9, 0x15ac, 0x15b0,
    0x15bd, 0x15c4, 0x15c8, 0x15cc, 0x15d4, 0x15d7, 0x15d8, 0x15e0,
    0x15e4, 0x15e8, 0x15f0, 0x15f1, 0x15f3, 0x15fc, 0x15fd, 0x1600,
    0x1604, 0x160c, 0x160d, 0x160f, 0x1611, 0x1618, 0x1619, 0x161c,
    0x161f, 0x1620, 0x1628, 0x1629, 0x162b, 0x162d, 0x162f, 0x1631,
    0x1632, 0x1634, 0x1648, 0x1650, 0x1651, 0x1654, 0x1658, 0x1660,
    0x1665, 0x166c, 0x166d, 0x1670, 0x1674, 0x167c, 0x167d, 0x167f,
    0x1681, 0x1688, 0x1689, 0x1690, 0x1698, 0x169b, 0x169d, 0x16a4,
    0x16a5, 0x16a8, 0x16ac, 0x16ad, 0x16b4, 0x16b5, 0x16b7, 0x16b9,
    0x16dc, 0x16dd, 0x16e0, 0x16e3, 0x16e4, 0x16eb, 0x16ec, 0x16ed,
    0x16ef, 0x16f1, 0x16f6, 0x16f8, 0x16f9, 0x16fb, 0x16fc, 0x1700,
    0x1708, 0x1709, 0x170c, 0x170d, 0x1713, 0x1714, 0x1715, 0x1718,
    0x171c, 0x1724, 0x1725, 0x1728, 0x1729, 0x1745, 0x1768, 0x1769,
    0x176c, 0x1770, 0x1772, 0x1778, 0x1779, 0x177c, 0x177d, 0x1784,
    0x1788, 0x178c, 0x17c0, 0x17d8, 0x17d9, 0x17dc, 0x17df, 0x17e0,
    0x17e2, 0x17e8, 0x17e9, 0x17ed, 0x17f4, 0x17f5, 0x17f8, 0x1808,
    0x1810, 0x1824, 0x182c, 0x1830, 0x1834, 0x183c, 0x183d, 0x1848,
    0x1864, 0x1865, 0x1868, 0x186c, 0x1874, 0x1875, 0x1879, 0x1880,
    0x1894, 0x189c, 0x18b8, 0x18bc, 0x18e9, 0x18f0, 0x18f1, 0x18f4,
    0x18f8, 0x18fa, 0x18ff, 0x1900, 0x1901, 0x190c, 0x1910, 0x1914,
    0x191c, 0x1928, 0x1929, 0x192c, 0x1930, 0x1938, 0x1939, 0x193b,
    0x193d, 0x1944, 0x1945, 0x1948, 0x1949, 0x194a, 0x194c, 0x194d,
    0x194e, 0x1953, 0x1954, 0x1955, 0x1957, 0x1958, 0x1959, 0x195d,
    0x195e, 0x1960, 0x1961, 0x1964, 0x1968, 0x1970, 0x1971, 0x1973,
    0x1974, 0x1975, 0x197c, 0x197d, 0x1980, 0x1984, 0x1987, 0x198c,
    0x198d, 0x198f, 0x1991, 0x1995, 0x1997, 0x1998, 0x199c, 0x19a0,
    0x19a9, 0x19b4, 0x19b5, 0x19b8, 0x19b9, 0x19bb, 0x19bc, 0x19bd,
    0x19be, 0x19c4, 0x19c5, 0x19c6, 0x19c7, 0x19c8, 0x19c9, 0x19ca,
    0x19cc, 0x19ce, 0x19d0, 0x19d1, 0x19d4, 0x19d8, 0x19e0, 0x19e1,
    0x19e3, 0x19e5, 0x19ec, 0x19ed, 0x19ee, 0x19f0, 0x19f4, 0x19f6,
    0x19f7, 0x19fc, 0x19fd, 0x19fe, 0x19ff, 0x1a00, 0x1a01, 0x1a05,
    0x1a06, 0x1a07, 0x1a08, 0x1a0c, 0x1a10, 0x1a18, 0x1a19, 0x1a1b,
    0x1a1c, 0x1a24, 0x1a25, 0x1a28, 0x1a2c, 0x1a2d, 0x1a2e, 0x1a30,
    0x1a33, 0x1a34, 0x1a35, 0x1a37, 0x1a39, 0x1a3b, 0x1a40, 0x1a41,
    0x1a44, 0x1a48, 0x1a50, 0x1a51, 0x1a53, 0x1a54, 0x1a55, 0x1a5c,
    0x1a5d, 0x1a60, 0x1a6c, 0x1a6f, 0x1a71, 0x1a78, 0x1a79, 0x1a7c,
    0x1a80, 0x1a88, 0x1a89, 0x1a8b, 0x1a8d, 0x1a94, 0x1a95, 0x1a98,
    0x1a9c, 0x1aa4, 0x1aa5, 0x1aa7, 0x1aa9, 0x1ab0, 0x1ab1, 0x1ab4,
    0x1ab8, 0x1ab9, 0x1aba, 0x1ac0, 0x1ac1, 0x1ac3, 0x1ac5, 0x1acc,
    0x1acd, 0x1ad0, 0x1ad4, 0x1adc, 0x1add, 0x1ae0, 0x1ae1, 0x1ae8,
    0x1ae9, 0x1aec, 0x1af0, 0x1af8, 0x1af9, 0x1afd, 0x1b04, 0x1b05,
    0x1b08, 0x1b0c, 0x1b14, 0x1b15, 0x1b17, 0x1b19, 0x1b20, 0x1b21,
    0x1b24, 0x1b28, 0x1b30, 0x1b31, 0x1b33, 0x1b35, 0x1b37, 0x1b3c,
    0x1b3d, 0x1b40, 0x1b44, 0x1b4a, 0x1b4c, 0x1b4d, 0x1b4f, 0x1b51,
    0x1b52, 0x1b53, 0x1b54, 0x1b55, 0x1b56, 0x1b57, 0x1b58, 0x1b5c,
    0x1b60, 0x1b68, 0x1b6b, 0x1b74, 0x1b75, 0x1b78, 0x1b7c, 0x1b7d,
    0x1b7e, 0x1b83, 0x1b84, 0x1b85, 0x1b87, 0x1b88, 0x1b89, 0x1b8a,
    0x1b8e, 0x1b90, 0x1b91, 0x1b94, 0x1b96, 0x1b97, 0x1b98, 0x1b9a,
    0x1ba0, 0x1ba1, 0x1ba3, 0x1ba4, 0x1ba5, 0x1ba6, 0x1bac, 0x1bad,
    0x1bb0, 0x1bb4, 0x1bbc, 0x1bbd, 0x1bbf, 0x1bc0, 0x1bc1, 0x1bc8,
    0x1bc9, 0x1bcc, 0x1bce, 0x1bd0, 0x1bd8, 0x1bdd, 0x1be4, 0x1be8,
    0x1bec, 0x1c00, 0x1c01, 0x1c04, 0x1c08, 0x1c0a, 0x1c10, 0x1c11,
    0x1c13, 0x1c15, 0x1c16, 0x1c1c, 0x1c1d, 0x1c20, 0x1c24, 0x1c2c,
    0x1c2d, 0x1c2f, 0x1c31, 0x1c38, 0x1c3c, 0x1c40, 0x1c48, 0x1c49,
    0x1c4c, 0x1c4d, 0x1c54, 0x1c70, 0x1c71, 0x1c74, 0x1c78, 0x1c7a,
    0x1c80, 0x1c81, 0x1c83, 0x1c85, 0x1c86, 0x1c87, 0x1c8b, 0x1c8c,
    0x1c8d, 0x1c94, 0x1c9d, 0x1c9f, 0x1ca1, 0x1ca8, 0x1cbc, 0x1cbd,
    0x1cc4, 0x1cc8, 0x1ccc, 0x1cd4, 0x1cd5, 0x1cd7, 0x1cd9, 0x1ce0,
    0x1ce1, 0x1ce4, 0x1cf5, 0x1cfc, 0x1cfd, 0x1d00, 0x1d04, 0x1d05,
    0x1d06, 0x1d0c, 0x1d0d, 0x1d0f, 0x1d11, 0x1d18, 0x1d2c, 0x1d34,
    0x1d50, 0x1d51, 0x1d54, 0x1d58, 0x1d60, 0x1d61, 0x1d63, 0x1d6c,
    0x1d70, 0x1d74, 0x1d7c, 0x1d88, 0x1d89, 0x1d8c, 0x1d90, 0x1d98,
    0x1d99, 0x1d9b, 0x1d9d, 0x1dc0, 0x1dc1, 0x1dc4, 0x1dc7, 0x1dc8,
    0x1dca, 0x1dd0, 0x1dd1, 0x1dd3, 0x1dd5, 0x1dd6, 0x1dd9, 0x1dda,
    0x1ddc, 0x1ddd, 0x1de0, 0x1de2, 0x1de4, 0x1de7, 0x1dec, 0x1ded,
    0x1def, 0x1df0, 0x1df1, 0x1df8, 0x1df9, 0x1dfc, 0x1e00, 0x1e08,
    0x1e09, 0x1e0b, 0x1e0c, 0x1e0d, 0x1e14, 0x1e18, 0x1e29, 0x1e4c,
    0x1e4d, 0x1e50, 0x1e54, 0x1e5c, 0x1e5d, 0x1e5f, 0x1e60, 0x1e61,
    0x1e68, 0x1e7d, 0x1e84, 0x1e98, 0x1ebc, 0x1ebd, 0x1ec0, 0x1ec4,
    0x1ecc, 0x1ecd, 0x1ecf, 0x1ed1, 0x1ed3, 0x1ed8, 0x1ed9, 0x1ee0,
    0x1eec, 0x1ef4, 0x1f08, 0x1f10, 0x1f14, 0x1f18, 0x1f20, 0x1f21,
    0x1f41, 0x1f48, 0x1f49, 0x1f4c, 0x1f50, 0x1f58, 0x1f59, 0x1f5d,
    0x1f64, 0x1f78, 0x1f79, 0x1f9c, 0x1fb8, 0x1fd4, 0x1fe4, 0x1fe7,
    0x1fe9, 0x200c, 0x200d, 0x2010, 0x2014, 0x201c, 0x201d, 0x2021,
    0x2022, 0x2027, 0x2028, 0x2029, 0x202c, 0x202e, 0x2030, 0x2038,
    0x2039, 0x203b, 0x203c, 0x203d, 0x203e, 0x2044, 0x2045, 0x2048,
    0x204c, 0x2054, 0x2055, 0x2057, 0x2058, 0x2059, 0x2060, 0x2064,
    0x2066, 0x2068, 0x2070, 0x2075, 0x2098, 0x2099, 0x209c, 0x20a0,
    0x20a8, 0x20a9, 0x20ab, 0x20ac, 0x20ad, 0x20b4, 0x20b5, 0x20b8,
    0x20bc, 0x20c4, 0x20c5, 0x20c7, 0x20c9, 0x20d0, 0x20d4, 0x20e4,
    0x20ec, 0x20f0, 0x2101, 0x2108, 0x2109, 0x210c, 0x2110, 0x2118,
    0x2119, 0x211b, 0x211d, 0x2124, 0x2128, 0x212c, 0x2139, 0x215c,
    0x2160, 0x2164, 0x216c, 0x216d, 0x216f, 0x2171, 0x2178, 0x2188,
    0x2194, 0x2195, 0x2198, 0x219c, 0x21a4, 0x21a5, 0x21a7, 0x21a9,
    0x21b0, 0x21c4, 0x21cc, 0x21d0, 0x21e8, 0x21ec, 0x21f0, 0x21f8,
    0x21f9, 0x21fb, 0x21fd, 0x2204, 0x2208, 0x220c, 0x2214, 0x2219,
    0x2220, 0x2221, 0x2224, 0x2228, 0x2230, 0x2231, 0x2233, 0x2235,
    0x2258, 0x2259, 0x225c, 0x225f, 0x2260, 0x2261, 0x2268, 0x2269,
    0x226b, 0x226d, 0x2274, 0x2275, 0x2278, 0x227c, 0x2284, 0x2285,
    0x2287, 0x2289, 0x2290, 0x2291, 0x2294, 0x2298, 0x22a0, 0x22a1,
    0x22a3, 0x22a4, 0x22a5, 0x22ac, 0x22ad, 0x22c1, 0x22e4, 0x22e5,
    0x22e8, 0x22eb, 0x22ec, 0x22f4, 0x22f5, 0x22f7, 0x22f8, 0x22f9,
    0x2300, 0x2301, 0x2304, 0x2308, 0x2310, 0x2311, 0x2313, 0x2315,
    0x231c, 0x2320, 0x2324, 0x232c, 0x232d, 0x232f, 0x2330, 0x2331,
    0x2338, 0x2354, 0x2355, 0x2358, 0x235c, 0x2364, 0x2365, 0x2367,
    0x2369, 0x2370, 0x2371, 0x2374, 0x2378, 0x2380, 0x2385, 0x238c,
    0x23a1, 0x23a8, 0x23b0, 0x23c4, 0x23e0, 0x23e1, 0x23e4, 0x23e8,
    0x23f0, 0x23f1, 0x23f3, 0x23f5, 0x23fc, 0x2400, 0x2404, 0x2411,
    0x2418, 0x242d, 0x2434, 0x2435, 0x2438, 0x243c, 0x2444, 0x2445,
    0x2447, 0x2449, 0x2450, 0x2454, 0x2458, 0x2460, 0x246c, 0x246d,
    0x2470, 0x2474, 0x247c, 0x247d, 0x2481, 0x24a4, 0x24a5, 0x24a8,
    0x24ac, 0x24b4, 0x24b5, 0x24b7, 0x24b9, 0x24c0, 0x24c1, 0x24c4,
    0x24c8, 0x24c9, 0x24d0, 0x24d1, 0x24d3, 0x24d4, 0x24d5, 0x24dc,
    0x24dd, 0x24e0, 0x24e4, 0x24ec, 0x24ed, 0x24ef, 0x24f0, 0x24f1,
    0x24f8, 0x250d, 0x2530, 0x2531, 0x2534, 0x2538, 0x253a, 0x2540,
    0x2541, 0x2543, 0x2544, 0x2545, 0x254c, 0x254d, 0x2550, 0x2554,
    0x255c, 0x255d, 0x255f, 0x2561, 0x2568, 0x256c, 0x257c, 0x2584,
    0x2588, 0x25a0, 0x25a1, 0x25a4, 0x25a8, 0x25b0, 0x25b1, 0x25b3,
    0x25b5, 0x25ba, 0x25bc, 0x25c0, 0x25d8, 0x25f4, 0x25f8, 0x2607,
    0x2609, 0x2610, 0x262c, 0x262d, 0x2630, 0x2634, 0x263c, 0x263d,
    0x263f, 0x2641, 0x2648, 0x265c, 0x2664, 0x2680, 0x2681, 0x2684,
    0x2688, 0x2690, 0x2691, 0x2695, 0x269c, 0x26a0, 0x26a4, 0x26ac,
    0x26b1, 0x26b8, 0x26b9, 0x26bc, 0x26bf, 0x26c0, 0x26c2, 0x26c8,
    0x26c9, 0x26cb, 0x26d4, 0x26d8, 0x26dc, 0x26e4, 0x26e5, 0x26f0,
    0x26f1, 0x26f4, 0x26f8, 0x2700, 0x2701, 0x2703, 0x2705, 0x270c,
    0x270d, 0x270e, 0x2710, 0x2714, 0x2716, 0x271c, 0x271d, 0x271f,
    0x2720, 0x2721, 0x2725, 0x2728, 0x2729, 0x272c, 0x2730, 0x2738,
    0x2739, 0x273b, 0x273c, 0x273d, 0x2744, 0x2745, 0x277c, 0x277d,
    0x2780, 0x2784, 0x278c, 0x278d, 0x278f, 0x2790, 0x2791, 0x2798,
    0x2799, 0x279c, 0x27a0, 0x27a8, 0x27a9, 0x27ab, 0x27ad, 0x27b4,
    0x27b8, 0x27bc, 0x27c4, 0x27c5, 0x27c8, 0x27c9, 0x27d0, 0x27d8,
    0x27e1, 0x27e3, 0x27ec, 0x27ed, 0x27f0, 0x27f4, 0x27fc, 0x27fd,
    0x27ff, 0x2801, 0x2808, 0x281d, 0x2840, 0x2844, 0x285c, 0x2860,
    0x2864, 0x286d, 0x286f, 0x2878, 0x2879, 0x287c, 0x287f, 0x2880,
    0x2882, 0x2888, 0x2889, 0x288b, 0x288d, 0x2894, 0x28a9, 0x28cc,
    0x28d0, 0x28d4, 0x28dc, 0x28df, 0x28e8, 0x28ec, 0x28f0, 0x28f8,
    0x28fb, 0x28fd, 0x2904, 0x2908, 0x290c, 0x2914, 0x2915, 0x2917,
    0x293c, 0x293d, 0x2940, 0x2944, 0x294c, 0x294d, 0x294f, 0x2951,
    0x2958, 0x2959, 0x295c, 0x2960, 0x2965, 0x2968, 0x2969, 0x296b,
    0x296d, 0x2974, 0x2975, 0x2978, 0x297c, 0x2984, 0x2985, 0x2987,
    0x2988, 0x2989, 0x2990, 0x29a5, 0x29c8, 0x29c9, 0x29cc, 0x29d0,
    0x29d2, 0x29d8, 0x29d9, 0x29db, 0x29dd, 0x29e4, 0x29e5, 0x29e8,
    0x29ec, 0x29f4, 0x29f5, 0x29f7, 0x29f9, 0x2a00, 0x2a01, 0x2a04,
    0x2a08, 0x2a10, 0x2a11, 0x2a13, 0x2a14, 0x2a15, 0x2a1c, 0x2a20,
    0x2a24, 0x2a2d, 0x2a38, 0x2a39, 0x2a3c, 0x2a40, 0x2a45, 0x2a48,
    0x2a49, 0x2a4b, 0x2a4d, 0x2a51, 0x2a54, 0x2a55, 0x2a58, 0x2a5c,
    0x2a67, 0x2a69, 0x2a70, 0x2a71, 0x2a74, 0x2a83, 0x2a85, 0x2a8c,
    0x2a8d, 0x2a90, 0x2a94, 0x2a9d, 0x2a9f, 0x2aa1, 0x2aa8, 0x2aac,
    0x2ab0, 0x2ab9, 0x2abb, 0x2ac4, 0x2ac5, 0x2ac8, 0x2acc, 0x2ad1,
    0x2ad4, 0x2ad7, 0x2ad9, 0x2ae0, 0x2ae4, 0x2ae8, 0x2af0, 0x2af5,
    0x2afc, 0x2afd, 0x2b00, 0x2b04, 0x2b11, 0x2b18, 0x2b19, 0x2b1c,
    0x2b20, 0x2b28, 0x2b29, 0x2b2b, 0x2b2d, 0x2b34, 0x2b35, 0x2b38,
    0x2b3c, 0x2b44, 0x2b47, 0x2b49, 0x2b50, 0x2b51, 0x2b54, 0x2b56,
    0x2b57, 0x2b58, 0x2b59, 0x2b60, 0x2b61, 0x2b63, 0x2b65, 0x2b69,
    0x2b6c, 0x2b70, 0x2b74, 0x2b7c, 0x2b7d, 0x2b81, 0x2b88, 0x2b89,
    0x2b8c, 0x2b90, 0x2b98, 0x2b99, 0x2b9b, 0x2b9d
};

/*Collect the unicode lists and glyph_id offsets*/
static const lv_font_fmt_txt_cmap_t cmaps[] =
{
    {
        .range_start = 12289, .range_length = 15, .glyph_id_start = 1,
        .unicode_list = NULL, .glyph_id_ofs_list = glyph_id_ofs_list_0, .list_length = 15, .type = LV_FONT_FMT_TXT_CMAP_FORMAT0_FULL
    },
    {
        .range_start = 12593, .range_length = 94, .glyph_id_start = 11,
        .unicode_list = NULL, .glyph_id_ofs_list = NULL, .list_length = 0, .type = LV_FONT_FMT_TXT_CMAP_FORMAT0_TINY
    },
    {
        .range_start = 44032, .range_length = 11166, .glyph_id_start = 105,
        .unicode_list = unicode_list_2, .glyph_id_ofs_list = NULL, .list_length = 2350, .type = LV_FONT_FMT_TXT_CMAP_SPARSE_TINY
    }
};



/*--------------------
 *  ALL CUSTOM DATA
 *--------------------*/

#if LVGL_VERSION_MAJOR == 8
/*Store all the custom data of the font*/
static  lv_font_fmt_txt_glyph_cache_t cache;
#endif

#if LVGL_VERSION_MAJOR >= 8
static const lv_font_fmt_txt_dsc_t font_dsc = {
#else
static lv_font_fmt_txt_dsc_t font_dsc = {
#endif
    .glyph_bitmap = glyph_bitmap,
    .glyph_dsc = glyph_dsc,
    .cmaps = cmaps,
    .kern_dsc = NULL,
    .kern_scale = 0,
    .cmap_num = 3,
    .bpp = 1,
    .kern_classes = 0,
    .bitmap_format = 0,
#if LVGL_VERSION_MAJOR == 8
    .cache = &cache
#endif
};



/*-----------------
 *  PUBLIC FONT
 *----------------*/

/*Initialize a public general font descriptor*/
#if LVGL_VERSION_MAJOR >= 8
const lv_font_t ui_font_ko_body_16 = {
#else
lv_font_t ui_font_ko_body_16 = {
#endif
    .get_glyph_dsc = lv_font_get_glyph_dsc_fmt_txt,    /*Function pointer to get glyph's data*/
    .get_glyph_bitmap = lv_font_get_bitmap_fmt_txt,    /*Function pointer to get glyph's bitmap*/
    .line_height = 17,          /*The maximum line height required by the font*/
    .base_line = 3,             /*Baseline measured from the bottom of the line*/
#if !(LVGL_VERSION_MAJOR == 6 && LVGL_VERSION_MINOR == 0)
    .subpx = LV_FONT_SUBPX_NONE,
#endif
#if LV_VERSION_CHECK(7, 4, 0) || LVGL_VERSION_MAJOR >= 8
    .underline_position = -1,
    .underline_thickness = 1,
#endif
    .dsc = &font_dsc,          /*The custom font data. Will be accessed by `get_glyph_bitmap/dsc` */
#if LV_VERSION_CHECK(8, 2, 0) || LVGL_VERSION_MAJOR >= 9
    .fallback = NULL,
#endif
    .user_data = NULL,
};



#endif /*#if UI_FONT_KO_BODY_16*/

