/*******************************************************************************
 * Size: 16 px
 * Bpp: 1
 * Opts: --font /var/folders/vq/wgynxhps1qx10w5dvkw64wmr0000gn/T/tmpw4eoj3_i/NotoSansKR-Regular.otf --size 16 --bpp 1 --format lvgl --symbols  !"#$%&'()*+,-./0123456789:;<=>?@ABCDEFGHIJKLMNOPQRSTUVWXYZ[\]^_`abcdefghijklmnopqrstuvwxyz{|}~£¥§©®°±¶·×÷‐–—‘’“”•…※€№™←↑→↓↔≈≠≤≥〈〉《》「」『』가각간갇갈갉갊감갑값갓갔강갖갗같갚갛개객갠갤갬갭갯갰갱갸갹갼걀걋걍걔걘걜거걱건걷걸걺검겁것겄겅겆겉겊겋게겐겔겜겝겟겠겡겨격겪견겯결겸겹겻겼경곁계곈곌곕곗고곡곤곧골곪곬곯곰곱곳공곶과곽관괄괆괌괍괏광괘괜괠괩괬괭괴괵괸괼굄굅굇굉교굔굘굡굣구국군굳굴굵굶굻굼굽굿궁궂궈궉권궐궜궝궤궷귀귁귄귈귐귑귓규균귤그극근귿글긁금급긋긍긔기긱긴긷길긺김깁깃깅깆깊까깍깎깐깔깖깜깝깟깠깡깥깨깩깬깰깸깹깻깼깽꺄꺅꺌꺼꺽꺾껀껄껌껍껏껐껑께껙껜껨껫껭껴껸껼꼇꼈꼍꼐꼬꼭꼰꼲꼴꼼꼽꼿꽁꽂꽃꽈꽉꽐꽜꽝꽤꽥꽹꾀꾄꾈꾐꾑꾕꾜꾸꾹꾼꿀꿇꿈꿉꿋꿍꿎꿔꿜꿨꿩꿰꿱꿴꿸뀀뀁뀄뀌뀐뀔뀜뀝뀨끄끅끈끊끌끎끓끔끕끗끙끝끼끽낀낄낌낍낏낑나낙낚난낟날낡낢남납낫났낭낮낯낱낳내낵낸낼냄냅냇냈냉냐냑냔냘냠냥너넉넋넌널넒넓넘넙넛넜넝넣네넥넨넬넴넵넷넸넹녀녁년녈념녑녔녕녘녜녠노녹논놀놂놈놉놋농높놓놔놘놜놨뇌뇐뇔뇜뇝뇟뇨뇩뇬뇰뇹뇻뇽누눅눈눋눌눔눕눗눙눠눴눼뉘뉜뉠뉨뉩뉴뉵뉼늄늅늉느늑는늘늙늚늠늡늣능늦늪늬늰늴니닉닌닐닒님닙닛닝닢다닥닦단닫달닭닮닯닳담답닷닸당닺닻닿대댁댄댈댐댑댓댔댕댜더덕덖던덛덜덞덟덤덥덧덩덫덮데덱덴델뎀뎁뎃뎄뎅뎌뎐뎔뎠뎡뎨뎬도독돈돋돌돎돐돔돕돗동돛돝돠돤돨돼됐되된될됨됩됫됴두둑둔둘둠둡둣둥둬뒀뒈뒝뒤뒨뒬뒵뒷뒹듀듄듈듐듕드득든듣들듦듬듭듯등듸디딕딘딛딜딤딥딧딨딩딪따딱딴딸땀땁땃땄땅땋때땍땐땔땜땝땟땠땡떠떡떤떨떪떫떰떱떳떴떵떻떼떽뗀뗄뗌뗍뗏뗐뗑뗘뗬또똑똔똘똥똬똴뙈뙤뙨뚜뚝뚠뚤뚫뚬뚱뛔뛰뛴뛸뜀뜁뜅뜨뜩뜬뜯뜰뜸뜹뜻띄띈띌띔띕띠띤띨띰띱띳띵라락란랄람랍랏랐랑랒랖랗래랙랜랠램랩랫랬랭랴략랸럇량러럭런럴럼럽럿렀렁렇레렉렌렐렘렙렛렝려력련렬렴렵렷렸령례롄롑롓로록론롤롬롭롯롱롸롼뢍뢨뢰뢴뢸룀룁룃룅료룐룔룝룟룡루룩룬룰룸룹룻룽뤄뤘뤠뤼뤽륀륄륌륏륑류륙륜률륨륩륫륭르륵른를름릅릇릉릊릍릎리릭린릴림립릿링마막만많맏말맑맒맘맙맛망맞맡맣매맥맨맬맴맵맷맸맹맺먀먁먈먕머먹먼멀멂멈멉멋멍멎멓메멕멘멜멤멥멧멨멩며멱면멸몃몄명몇몌모목몫몬몰몲몸몹못몽뫄뫈뫘뫙뫼묀묄묍묏묑묘묜묠묩묫무묵묶문묻물묽묾뭄뭅뭇뭉뭍뭏뭐뭔뭘뭡뭣뭬뮈뮌뮐뮤뮨뮬뮴뮷므믄믈믐믓미믹민믿밀밂밈밉밋밌밍및밑바박밖밗반받발밝밞밟밤밥밧방밭배백밴밸뱀뱁뱃뱄뱅뱉뱌뱍뱐뱝버벅번벋벌벎범법벗벙벚베벡벤벧벨벰벱벳벴벵벼벽변별볍볏볐병볕볘볜보복볶본볼봄봅봇봉봐봔봤봬뵀뵈뵉뵌뵐뵘뵙뵤뵨부북분붇불붉붊붐붑붓붕붙붚붜붤붰붸뷔뷕뷘뷜뷩뷰뷴뷸븀븃븅브븍븐블븜븝븟비빅빈빌빎빔빕빗빙빚빛빠빡빤빨빪빰빱빳빴빵빻빼빽뺀뺄뺌뺍뺏뺐뺑뺘뺙뺨뻐뻑뻔뻗뻘뻠뻣뻤뻥뻬뼁뼈뼉뼘뼙뼛뼜뼝뽀뽁뽄뽈뽐뽑뽕뾔뾰뿅뿌뿍뿐뿔뿜뿟뿡쀼쁑쁘쁜쁠쁨쁩삐삑삔삘삠삡삣삥사삭삯산삳살삵삶삼삽삿샀상샅새색샌샐샘샙샛샜생샤샥샨샬샴샵샷샹섀섄섈섐섕서석섞섟선섣설섦섧섬섭섯섰성섶세섹센셀셈셉셋셌셍셔셕션셜셤셥셧셨셩셰셴셸솅소속솎손솔솖솜솝솟송솥솨솩솬솰솽쇄쇈쇌쇔쇗쇘쇠쇤쇨쇰쇱쇳쇼쇽숀숄숌숍숏숑수숙순숟술숨숩숫숭숯숱숲숴쉈쉐쉑쉔쉘쉠쉥쉬쉭쉰쉴쉼쉽쉿슁슈슉슐슘슛슝스슥슨슬슭슴습슷승시식신싣실싫심십싯싱싶싸싹싻싼쌀쌈쌉쌌쌍쌓쌔쌕쌘쌜쌤쌥쌨쌩썅써썩썬썰썲썸썹썼썽쎄쎈쎌쏀쏘쏙쏜쏟쏠쏢쏨쏩쏭쏴쏵쏸쐈쐐쐤쐬쐰쐴쐼쐽쑈쑤쑥쑨쑬쑴쑵쑹쒀쒔쒜쒸쒼쓩쓰쓱쓴쓸쓺쓿씀씁씌씐씔씜씨씩씬씰씸씹씻씽아악안앉않알앍앎앓암압앗았앙앝앞애액앤앨앰앱앳앴앵야약얀얄얇얌얍얏양얕얗얘얜얠얩어억언얹얻얼얽얾엄업없엇었엉엊엌엎에엑엔엘엠엡엣엥여역엮연열엶엷염엽엾엿였영옅옆옇예옌옐옘옙옛옜오옥온올옭옮옰옳옴옵옷옹옻와왁완왈왐왑왓왔왕왜왝왠왬왯왱외왹왼욀욈욉욋욍요욕욘욜욤욥욧용우욱운울욹욺움웁웃웅워웍원월웜웝웠웡웨웩웬웰웸웹웽위윅윈윌윔윕윗윙유육윤율윰윱윳융윷으윽은을읊음읍읏응읒읓읔읕읖읗의읜읠읨읫이익인일읽읾잃임입잇있잉잊잎자작잔잖잗잘잚잠잡잣잤장잦재잭잰잴잼잽잿쟀쟁쟈쟉쟌쟎쟐쟘쟝쟤쟨쟬저적전절젊점접젓정젖제젝젠젤젬젭젯젱져젼졀졈졉졌졍졔조족존졸졺좀좁좃종좆좇좋좌좍좔좝좟좡좨좼좽죄죈죌죔죕죗죙죠죡죤죵주죽준줄줅줆줌줍줏중줘줬줴쥐쥑쥔쥘쥠쥡쥣쥬쥰쥴쥼즈즉즌즐즘즙즛증지직진짇질짊짐집짓징짖짙짚짜짝짠짢짤짧짬짭짯짰짱째짹짼쨀쨈쨉쨋쨌쨍쨔쨘쨩쩌쩍쩐쩔쩜쩝쩟쩠쩡쩨쩽쪄쪘쪼쪽쫀쫄쫌쫍쫏쫑쫓쫘쫙쫠쫬쫴쬈쬐쬔쬘쬠쬡쭁쭈쭉쭌쭐쭘쭙쭝쭤쭸쭹쮜쮸쯔쯤쯧쯩찌찍찐찔찜찝찡찢찧차착찬찮찰참찹찻찼창찾채책챈챌챔챕챗챘챙챠챤챦챨챰챵처척천철첨첩첫첬청체첵첸첼쳄쳅쳇쳉쳐쳔쳤쳬쳰촁초촉촌촐촘촙촛총촤촨촬촹최쵠쵤쵬쵭쵯쵱쵸춈추축춘출춤춥춧충춰췄췌췐취췬췰췸췹췻췽츄츈츌츔츙츠측츤츨츰츱츳층치칙친칟칠칡침칩칫칭카칵칸칼캄캅캇캉캐캑캔캘캠캡캣캤캥캬캭컁커컥컨컫컬컴컵컷컸컹케켁켄켈켐켑켓켕켜켠켤켬켭켯켰켱켸코콕콘콜콤콥콧콩콰콱콴콸쾀쾅쾌쾡쾨쾰쿄쿠쿡쿤쿨쿰쿱쿳쿵쿼퀀퀄퀑퀘퀭퀴퀵퀸퀼큄큅큇큉큐큔큘큠크큭큰클큼큽킁키킥킨킬킴킵킷킹타탁탄탈탉탐탑탓탔탕태택탠탤탬탭탯탰탱탸턍터턱턴털턺텀텁텃텄텅테텍텐텔템텝텟텡텨텬텼톄톈토톡톤톨톰톱톳통톺톼퇀퇘퇴퇸툇툉툐투툭툰툴툼툽툿퉁퉈퉜퉤튀튁튄튈튐튑튕튜튠튤튬튱트특튼튿틀틂틈틉틋틔틘틜틤틥티틱틴틸팀팁팃팅파팍팎판팔팖팜팝팟팠팡팥패팩팬팰팸팹팻팼팽퍄퍅퍼퍽펀펄펌펍펏펐펑페펙펜펠펨펩펫펭펴편펼폄폅폈평폐폘폡폣포폭폰폴폼폽폿퐁퐈퐝푀푄표푠푤푭푯푸푹푼푿풀풂품풉풋풍풔풩퓌퓐퓔퓜퓟퓨퓬퓰퓸퓻퓽프픈플픔픕픗피픽핀필핌핍핏핑하학한할핥함합핫항해핵핸핼햄햅햇했행햐향허헉헌헐헒험헙헛헝헤헥헨헬헴헵헷헹혀혁현혈혐협혓혔형혜혠혤혭호혹혼홀홅홈홉홋홍홑화확환활홧황홰홱홴횃횅회획횐횔횝횟횡효횬횰횹횻후훅훈훌훑훔훗훙훠훤훨훰훵훼훽휀휄휑휘휙휜휠휨휩휫휭휴휵휸휼흄흇흉흐흑흔흖흗흘흙흠흡흣흥흩희흰흴흼흽힁히힉힌힐힘힙힛힝 --no-compress --lv-font-name ui_font_kr_16 -o /Users/ggrrm/Documents/obsidian_board_esp32/components/vault_core/fonts/ui_font_kr_16.c
 ******************************************************************************/

#ifdef LV_LVGL_H_INCLUDE_SIMPLE
#include "lvgl.h"
#else
#include "lvgl/lvgl.h"
#endif

#ifndef UI_FONT_KR_16
#define UI_FONT_KR_16 1
#endif

#if UI_FONT_KR_16

/*-----------------
 *    BITMAPS
 *----------------*/

/*Store the image of the glyphs*/
static LV_ATTRIBUTE_LARGE_CONST const uint8_t glyph_bitmap[] = {
    /* U+0020 " " */
    0x0,

    /* U+0021 "!" */
    0x55, 0x55, 0xf,

    /* U+0022 "\"" */
    0x99, 0x99,

    /* U+0023 "#" */
    0x14, 0x24, 0x24, 0x7f, 0x24, 0x24, 0x24, 0xfe,
    0x24, 0x28, 0x48, 0x48,

    /* U+0024 "$" */
    0x10, 0x47, 0xb1, 0x82, 0xc, 0x1c, 0x18, 0x30,
    0x41, 0x8d, 0xe1, 0x4,

    /* U+0025 "%" */
    0x70, 0x46, 0xc4, 0x22, 0x21, 0x12, 0x8, 0x97,
    0x6d, 0x6d, 0xca, 0x20, 0x91, 0x4, 0x88, 0x44,
    0x42, 0x36, 0x20, 0xe0,

    /* U+0026 "&" */
    0x18, 0x12, 0x9, 0x4, 0x82, 0x80, 0x81, 0xc3,
    0x93, 0x85, 0x41, 0xb0, 0xcf, 0x90,

    /* U+0027 "'" */
    0xf0,

    /* U+0028 "(" */
    0x29, 0x29, 0x24, 0x92, 0x44, 0x91,

    /* U+0029 ")" */
    0x89, 0x22, 0x49, 0x24, 0x94, 0x94,

    /* U+002A "*" */
    0x21, 0x3e, 0x65, 0x80,

    /* U+002B "+" */
    0x10, 0x10, 0x10, 0xff, 0x10, 0x10, 0x10, 0x10,

    /* U+002C "," */
    0x6c, 0xb4,

    /* U+002D "-" */
    0xf0,

    /* U+002E "." */
    0xf0,

    /* U+002F "/" */
    0x4, 0x10, 0x82, 0x8, 0x41, 0x4, 0x20, 0x82,
    0x10, 0x41, 0xc, 0x20,

    /* U+0030 "0" */
    0x38, 0x8b, 0x1c, 0x18, 0x30, 0x60, 0xc1, 0x83,
    0x89, 0x11, 0xc0,

    /* U+0031 "1" */
    0x31, 0xc1, 0x4, 0x10, 0x41, 0x4, 0x10, 0x41,
    0x3f,

    /* U+0032 "2" */
    0x79, 0x88, 0x8, 0x10, 0x20, 0xc1, 0x6, 0x18,
    0x61, 0x87, 0xf0,

    /* U+0033 "3" */
    0x79, 0x98, 0x10, 0x20, 0xc7, 0x1, 0x1, 0x2,
    0x7, 0x13, 0xc0,

    /* U+0034 "4" */
    0xc, 0xc, 0x1c, 0x14, 0x34, 0x24, 0x44, 0xc4,
    0xff, 0x4, 0x4, 0x4,

    /* U+0035 "5" */
    0x7e, 0x81, 0x2, 0x7, 0xc8, 0x80, 0x81, 0x2,
    0x7, 0x13, 0xc0,

    /* U+0036 "6" */
    0x3c, 0x81, 0x4, 0xb, 0xd8, 0xa0, 0xc1, 0x83,
    0x5, 0x11, 0xc0,

    /* U+0037 "7" */
    0xfe, 0x8, 0x10, 0x40, 0x81, 0x4, 0x8, 0x10,
    0x20, 0x40, 0x80,

    /* U+0038 "8" */
    0x3c, 0xcd, 0xa, 0x16, 0x27, 0x9b, 0x43, 0x83,
    0x7, 0x19, 0xe0,

    /* U+0039 "9" */
    0x78, 0x8a, 0xc, 0x18, 0x38, 0xde, 0x81, 0x2,
    0xa, 0x33, 0xc0,

    /* U+003A ":" */
    0xf0, 0x3, 0xc0,

    /* U+003B ";" */
    0xf0, 0x3, 0xde,

    /* U+003C "<" */
    0x1, 0x7, 0x38, 0xe0, 0xe0, 0x38, 0x7, 0x1,

    /* U+003D "=" */
    0xff, 0x0, 0x0, 0x0, 0xff,

    /* U+003E ">" */
    0x0, 0xe0, 0x38, 0x7, 0x7, 0x38, 0xe0, 0x0,

    /* U+003F "?" */
    0x7b, 0x10, 0x41, 0x8, 0x61, 0xc, 0x0, 0x3,
    0xc,

    /* U+0040 "@" */
    0x7, 0xc0, 0xc3, 0x8, 0x4, 0x80, 0x34, 0x38,
    0xc2, 0x46, 0x22, 0x31, 0x11, 0x88, 0x9c, 0x4c,
    0xb1, 0xb8, 0x80, 0x3, 0x0, 0x7, 0xc0,

    /* U+0041 "A" */
    0xc, 0x3, 0x1, 0x60, 0x58, 0x12, 0xc, 0xc2,
    0x30, 0xfc, 0x61, 0x90, 0x64, 0xb, 0x2,

    /* U+0042 "B" */
    0xfc, 0x86, 0x82, 0x82, 0x86, 0xfc, 0x82, 0x81,
    0x81, 0x81, 0x82, 0xfc,

    /* U+0043 "C" */
    0x1e, 0x63, 0x40, 0x80, 0x80, 0x80, 0x80, 0x80,
    0x80, 0x40, 0x63, 0x1e,

    /* U+0044 "D" */
    0xf8, 0x86, 0x82, 0x81, 0x81, 0x81, 0x81, 0x81,
    0x81, 0x82, 0x86, 0xf8,

    /* U+0045 "E" */
    0xfe, 0x8, 0x20, 0x83, 0xe8, 0x20, 0x82, 0x8,
    0x3f,

    /* U+0046 "F" */
    0xfe, 0x8, 0x20, 0x82, 0xf, 0xa0, 0x82, 0x8,
    0x20,

    /* U+0047 "G" */
    0x1f, 0x10, 0xd0, 0x10, 0x8, 0x4, 0x2, 0x1f,
    0x1, 0xc0, 0xa0, 0x48, 0x23, 0xe0,

    /* U+0048 "H" */
    0x81, 0x81, 0x81, 0x81, 0x81, 0xff, 0x81, 0x81,
    0x81, 0x81, 0x81, 0x81,

    /* U+0049 "I" */
    0xff, 0xf0,

    /* U+004A "J" */
    0x4, 0x10, 0x41, 0x4, 0x10, 0x41, 0x4, 0x1c,
    0xde,

    /* U+004B "K" */
    0x82, 0x84, 0x8c, 0x98, 0xb0, 0xf0, 0xd8, 0xcc,
    0x84, 0x86, 0x82, 0x83,

    /* U+004C "L" */
    0x82, 0x8, 0x20, 0x82, 0x8, 0x20, 0x82, 0x8,
    0x3f,

    /* U+004D "M" */
    0xc0, 0xf0, 0x3e, 0x1e, 0x85, 0xa1, 0x6c, 0xd9,
    0x26, 0x49, 0x8c, 0x63, 0x18, 0xc6, 0x1,

    /* U+004E "N" */
    0x81, 0xc1, 0xe1, 0xa1, 0xb1, 0x91, 0x89, 0x8d,
    0x85, 0x87, 0x83, 0x81,

    /* U+004F "O" */
    0x1e, 0x18, 0x64, 0xa, 0x1, 0x80, 0x60, 0x18,
    0x6, 0x1, 0x80, 0x50, 0x26, 0x10, 0x78,

    /* U+0050 "P" */
    0xfc, 0x82, 0x81, 0x81, 0x81, 0x82, 0xfc, 0x80,
    0x80, 0x80, 0x80, 0x80,

    /* U+0051 "Q" */
    0x1e, 0x18, 0x44, 0xa, 0x1, 0x80, 0x60, 0x18,
    0x6, 0x1, 0x80, 0x50, 0x26, 0x18, 0xfc, 0xc,
    0x1, 0x80, 0x3c,

    /* U+0052 "R" */
    0xfc, 0x82, 0x81, 0x81, 0x81, 0x82, 0xfc, 0x8c,
    0x84, 0x86, 0x83, 0x81,

    /* U+0053 "S" */
    0x3e, 0x63, 0x40, 0x40, 0x60, 0x3c, 0xe, 0x3,
    0x1, 0x1, 0xe2, 0x3c,

    /* U+0054 "T" */
    0xff, 0x84, 0x2, 0x1, 0x0, 0x80, 0x40, 0x20,
    0x10, 0x8, 0x4, 0x2, 0x1, 0x0,

    /* U+0055 "U" */
    0x81, 0x81, 0x81, 0x81, 0x81, 0x81, 0x81, 0x81,
    0x81, 0x81, 0x42, 0x3c,

    /* U+0056 "V" */
    0xc0, 0xe0, 0xd0, 0x4c, 0x26, 0x31, 0x10, 0x88,
    0x64, 0x16, 0xa, 0x7, 0x1, 0x80,

    /* U+0057 "W" */
    0x43, 0xd, 0xc, 0x24, 0x30, 0x98, 0xe2, 0x64,
    0x98, 0x92, 0x62, 0x49, 0x9, 0x34, 0x3c, 0x50,
    0xe1, 0xc1, 0x86, 0x6, 0x18,

    /* U+0058 "X" */
    0x41, 0x31, 0x88, 0x86, 0xc1, 0x40, 0x60, 0x70,
    0x28, 0x36, 0x11, 0x98, 0xc8, 0x30,

    /* U+0059 "Y" */
    0x41, 0x31, 0x88, 0x84, 0x41, 0x40, 0xa0, 0x20,
    0x10, 0x8, 0x4, 0x2, 0x1, 0x0,

    /* U+005A "Z" */
    0xff, 0x2, 0x6, 0x4, 0xc, 0x18, 0x10, 0x30,
    0x20, 0x40, 0xc0, 0xff,

    /* U+005B "[" */
    0xf2, 0x49, 0x24, 0x92, 0x49, 0x27,

    /* U+005C "\\" */
    0x81, 0x4, 0x10, 0x20, 0x82, 0x4, 0x10, 0x41,
    0x82, 0x8, 0x20, 0x41,

    /* U+005D "]" */
    0xe4, 0x92, 0x49, 0x24, 0x92, 0x4f,

    /* U+005E "^" */
    0x10, 0x50, 0xa3, 0x44, 0x48, 0xb1, 0x80,

    /* U+005F "_" */
    0xff, 0x80,

    /* U+0060 "`" */
    0x46, 0x30,

    /* U+0061 "a" */
    0x7d, 0x8c, 0x8, 0x37, 0xb8, 0x60, 0xc3, 0x7a,

    /* U+0062 "b" */
    0x81, 0x2, 0x4, 0xb, 0x98, 0xa0, 0xc1, 0x83,
    0x6, 0xe, 0x2b, 0x80,

    /* U+0063 "c" */
    0x3d, 0x18, 0x20, 0x82, 0x8, 0x11, 0x3c,

    /* U+0064 "d" */
    0x2, 0x4, 0x8, 0x13, 0xa8, 0xe0, 0xc1, 0x83,
    0x6, 0xa, 0x33, 0xa0,

    /* U+0065 "e" */
    0x38, 0x8a, 0xc, 0x1f, 0xf0, 0x20, 0x20, 0x3c,

    /* U+0066 "f" */
    0x3a, 0x10, 0x8f, 0x21, 0x8, 0x42, 0x10, 0x84,
    0x0,

    /* U+0067 "g" */
    0x3f, 0x66, 0x42, 0x42, 0x66, 0x7c, 0x40, 0x40,
    0x7e, 0xc1, 0x81, 0xc2, 0x7c,

    /* U+0068 "h" */
    0x81, 0x2, 0x4, 0xb, 0xd8, 0xe0, 0xc1, 0x83,
    0x6, 0xc, 0x18, 0x20,

    /* U+0069 "i" */
    0xcf, 0xf8,

    /* U+006A "j" */
    0x24, 0x2, 0x49, 0x24, 0x92, 0x49, 0xc0,

    /* U+006B "k" */
    0x81, 0x2, 0x4, 0x8, 0xd1, 0x24, 0x58, 0xf1,
    0xb2, 0x24, 0x68, 0x40,

    /* U+006C "l" */
    0xaa, 0xaa, 0xaa, 0xc0,

    /* U+006D "m" */
    0xb9, 0xd9, 0xce, 0x10, 0xc2, 0x18, 0x43, 0x8,
    0x61, 0xc, 0x21, 0x84, 0x20,

    /* U+006E "n" */
    0xbd, 0x8e, 0xc, 0x18, 0x30, 0x60, 0xc1, 0x82,

    /* U+006F "o" */
    0x3c, 0x42, 0x81, 0x81, 0x81, 0x81, 0x81, 0x42,
    0x3c,

    /* U+0070 "p" */
    0xb9, 0x8a, 0xc, 0x18, 0x30, 0x60, 0xe2, 0xf9,
    0x2, 0x4, 0x8, 0x0,

    /* U+0071 "q" */
    0x3e, 0x8e, 0xc, 0x18, 0x30, 0x60, 0xa3, 0x3a,
    0x4, 0x8, 0x10, 0x20,

    /* U+0072 "r" */
    0xbc, 0x88, 0x88, 0x88, 0x80,

    /* U+0073 "s" */
    0x7a, 0x8, 0x30, 0x38, 0x30, 0x61, 0x78,

    /* U+0074 "t" */
    0x21, 0x9, 0xf2, 0x10, 0x84, 0x21, 0x8, 0x30,

    /* U+0075 "u" */
    0x83, 0x6, 0xc, 0x18, 0x30, 0x60, 0xe3, 0x7a,

    /* U+0076 "v" */
    0xc1, 0x43, 0x62, 0x62, 0x26, 0x24, 0x34, 0x1c,
    0x18,

    /* U+0077 "w" */
    0x42, 0x14, 0x71, 0x65, 0x36, 0x52, 0x25, 0x22,
    0x9a, 0x28, 0xe3, 0x8c, 0x18, 0xc0,

    /* U+0078 "x" */
    0x42, 0x66, 0x34, 0x18, 0x18, 0x3c, 0x24, 0x66,
    0x42,

    /* U+0079 "y" */
    0xc1, 0x43, 0x62, 0x22, 0x26, 0x34, 0x14, 0x14,
    0x18, 0x8, 0x18, 0x10, 0x60,

    /* U+007A "z" */
    0x7e, 0x8, 0x30, 0xc1, 0x86, 0x18, 0x30, 0xfe,

    /* U+007B "{" */
    0x74, 0x44, 0x44, 0x48, 0x44, 0x44, 0x44, 0x47,

    /* U+007C "|" */
    0xff, 0xff, 0xc0,

    /* U+007D "}" */
    0xe2, 0x22, 0x22, 0x21, 0x22, 0x22, 0x22, 0x2c,

    /* U+007E "~" */
    0x63, 0x26, 0x30,

    /* U+00A3 "£" */
    0x3c, 0xc5, 0x2, 0x4, 0x8, 0x3f, 0x10, 0x20,
    0x41, 0x7, 0xf0,

    /* U+00A5 "¥" */
    0x83, 0x8d, 0x13, 0x62, 0x85, 0x3f, 0x88, 0xfe,
    0x20, 0x40, 0x80,

    /* U+00A7 "§" */
    0x3c, 0x81, 0x3, 0x7, 0x91, 0xa0, 0xe1, 0x7a,
    0x18, 0x8, 0x14, 0x6f, 0x80,

    /* U+00A9 "©" */
    0x1f, 0x3, 0xc, 0x40, 0x2c, 0xf3, 0x99, 0x19,
    0x1, 0x90, 0x19, 0x1, 0xd8, 0x34, 0xf2, 0x30,
    0xc0, 0xf8,

    /* U+00AE "®" */
    0x38, 0xfa, 0xad, 0x9a, 0xa8, 0x8e, 0x0,

    /* U+00B0 "°" */
    0x74, 0x63, 0x17, 0x0,

    /* U+00B1 "±" */
    0x4, 0x0, 0x40, 0x4, 0x0, 0x40, 0xff, 0xf0,
    0x40, 0x4, 0x0, 0x40, 0x4, 0x0, 0x40, 0x0,
    0x0, 0x0, 0xff, 0xf0,

    /* U+00B6 "¶" */
    0x3e, 0xf7, 0xef, 0xdf, 0xbf, 0x5e, 0x85, 0xa,
    0x14, 0x28, 0x50, 0xa0,

    /* U+00B7 "·" */
    0xf0,

    /* U+00D7 "×" */
    0x80, 0x50, 0x22, 0x10, 0x48, 0xc, 0x3, 0x1,
    0x20, 0x84, 0x40, 0xa0, 0x10,

    /* U+00F7 "÷" */
    0x6, 0x0, 0x60, 0x0, 0x0, 0x0, 0xff, 0xf0,
    0x0, 0x0, 0x0, 0x0, 0x6, 0x0, 0x60,

    /* U+2010 "‐" */
    0xf0,

    /* U+2013 "–" */
    0xfe,

    /* U+2014 "—" */
    0xff, 0xf8,

    /* U+2018 "‘" */
    0x7b, 0xc0,

    /* U+2019 "’" */
    0xf7, 0x80,

    /* U+201C "“" */
    0x4e, 0x65, 0xbd, 0x80,

    /* U+201D "”" */
    0xd6, 0xd3, 0xa8, 0x0,

    /* U+2022 "•" */
    0x6f, 0xf6,

    /* U+2026 "…" */
    0xc6, 0x3c, 0x63,

    /* U+203B "※" */
    0x86, 0x14, 0x62, 0x20, 0x41, 0x8, 0x9, 0xc,
    0x63, 0xc6, 0x30, 0x90, 0x10, 0x82, 0x4, 0x46,
    0x28, 0x61,

    /* U+20AC "€" */
    0x1e, 0x32, 0x20, 0x40, 0x40, 0xfe, 0x40, 0xfc,
    0x40, 0x60, 0x23, 0x1e,

    /* U+2116 "№" */
    0x61, 0x80, 0xc2, 0x39, 0xc4, 0x8a, 0x89, 0x15,
    0x12, 0x29, 0x26, 0xd2, 0x42, 0x26, 0x80, 0x45,
    0x3e, 0x8e, 0x1, 0xc, 0x6, 0x18, 0x0,

    /* U+2122 "™" */
    0xfa, 0x64, 0x6c, 0x8e, 0x91, 0x52, 0x22,

    /* U+2190 "←" */
    0x18, 0x0, 0xc0, 0x6, 0x0, 0x3f, 0xff, 0x60,
    0x0, 0xc0, 0x1, 0x80, 0x0,

    /* U+2191 "↑" */
    0x10, 0x20, 0xe2, 0xa9, 0x22, 0x4, 0x8, 0x10,
    0x20, 0x40, 0x81, 0x2, 0x4, 0x0,

    /* U+2192 "→" */
    0x0, 0x60, 0x0, 0xc0, 0x1, 0xbf, 0xff, 0x0,
    0x18, 0x0, 0xc0, 0x6, 0x0,

    /* U+2193 "↓" */
    0x10, 0x20, 0x40, 0x81, 0x2, 0x4, 0x8, 0x10,
    0x22, 0x4a, 0xa3, 0x82, 0x4, 0x0,

    /* U+2194 "↔" */
    0x18, 0x60, 0xc0, 0xc6, 0x1, 0xbf, 0xff, 0x60,
    0x18, 0xc0, 0xc1, 0x86, 0x0,

    /* U+2248 "≈" */
    0x38, 0x16, 0x62, 0x83, 0xc0, 0x0, 0x38, 0x16,
    0x62, 0x81, 0xc0,

    /* U+2260 "≠" */
    0x1, 0x0, 0x10, 0x3, 0xf, 0xff, 0x2, 0x0,
    0x40, 0xff, 0xf0, 0xc0, 0x8, 0x0, 0x80,

    /* U+2264 "≤" */
    0x0, 0x30, 0x1c, 0x7, 0x3, 0xc0, 0xe0, 0x7,
    0x80, 0xe, 0x0, 0x38, 0x0, 0x70, 0x1, 0x0,
    0xf, 0xff,

    /* U+2265 "≥" */
    0xc0, 0x3, 0x80, 0xe, 0x0, 0x3c, 0x0, 0x70,
    0x1e, 0x7, 0x3, 0xc0, 0xe0, 0x8, 0x0, 0x0,
    0xf, 0xff,

    /* U+3008 "〈" */
    0x0, 0x30, 0x86, 0x10, 0x86, 0x10, 0x41, 0x82,
    0x4, 0x18, 0x20, 0x40,

    /* U+3009 "〉" */
    0x3, 0x4, 0x18, 0x20, 0x41, 0x82, 0x8, 0x61,
    0x8, 0x61, 0x8, 0x0,

    /* U+300A "《" */
    0x0, 0x14, 0x48, 0xa2, 0x45, 0x12, 0x28, 0x50,
    0x90, 0xa1, 0x21, 0x42, 0x42, 0x80,

    /* U+300B "》" */
    0x1, 0x42, 0x42, 0x84, 0x85, 0x9, 0xa, 0x14,
    0x48, 0xa2, 0x45, 0x12, 0x28, 0x0,

    /* U+300C "「" */
    0xfc, 0x21, 0x8, 0x42, 0x10, 0x84, 0x0,

    /* U+300D "」" */
    0x8, 0x42, 0x10, 0x84, 0x21, 0xf, 0xc0,

    /* U+300E "『" */
    0xfe, 0xfa, 0x28, 0xa2, 0x8a, 0x28, 0xa3, 0x80,

    /* U+300F "』" */
    0x1c, 0x51, 0x45, 0x14, 0x51, 0x45, 0xf7, 0xf0,

    /* U+AC00 "가" */
    0x0, 0x23, 0xf9, 0x0, 0x48, 0x6, 0x40, 0x22,
    0x1, 0x10, 0x18, 0xe1, 0x84, 0x18, 0x21, 0x81,
    0x38, 0x8, 0x0, 0x40, 0x2, 0x0, 0x10,

    /* U+AC01 "각" */
    0x0, 0x11, 0xfc, 0x40, 0x11, 0x0, 0x87, 0x6,
    0x10, 0x30, 0x47, 0x81, 0x10, 0x4, 0x0, 0x0,
    0x7f, 0xc0, 0x1, 0x0, 0x4, 0x0, 0x10, 0x0,
    0x40,

    /* U+AC04 "간" */
    0x0, 0x11, 0xfc, 0x40, 0x31, 0x0, 0xc4, 0x6,
    0x1c, 0x30, 0x41, 0x81, 0x1c, 0x4, 0x40, 0x10,
    0x40, 0x41, 0x0, 0x4, 0x0, 0x10, 0x0, 0x7f,
    0xe0,

    /* U+AC07 "갇" */
    0x0, 0x11, 0xfc, 0x40, 0x31, 0x0, 0x87, 0x6,
    0x10, 0x30, 0x43, 0x81, 0x18, 0x4, 0x0, 0x0,
    0x7f, 0xc1, 0x0, 0x4, 0x0, 0x10, 0x0, 0x7f,
    0xc0,

    /* U+AC08 "갈" */
    0x7f, 0x10, 0xc, 0x40, 0x31, 0x1, 0x87, 0xc,
    0x10, 0x60, 0x4f, 0x1, 0x0, 0x0, 0x3f, 0xf0,
    0x0, 0x43, 0xff, 0xc, 0x0, 0x30, 0x0, 0xff,
    0xe0,

    /* U+AC09 "갉" */
    0x7f, 0x10, 0xc, 0x40, 0x31, 0x1, 0x87, 0xc,
    0x10, 0xe0, 0x46, 0x1, 0x0, 0x0, 0x3f, 0xf0,
    0x18, 0x40, 0x61, 0xf, 0x84, 0x20, 0x10, 0xfc,
    0x40,

    /* U+AC0A "갊" */
    0x7f, 0x10, 0xc, 0x40, 0x31, 0x1, 0x87, 0xc,
    0x10, 0xe0, 0x46, 0x1, 0x0, 0x0, 0x3d, 0xf0,
    0x16, 0x43, 0xd9, 0x8, 0x64, 0x21, 0x90, 0xff,
    0xc0,

    /* U+AC10 "감" */
    0x0, 0x11, 0xfc, 0x40, 0x31, 0x0, 0x87, 0x6,
    0x10, 0x30, 0x43, 0x81, 0x18, 0x4, 0x0, 0x0,
    0x7f, 0xc1, 0x1, 0x4, 0x4, 0x10, 0x10, 0x7f,
    0xc0,

    /* U+AC11 "갑" */
    0x0, 0x11, 0xfc, 0x40, 0x31, 0x0, 0xc7, 0x6,
    0x10, 0x30, 0x43, 0x81, 0x18, 0x4, 0x30, 0x10,
    0xc0, 0x43, 0xff, 0xc, 0x4, 0x30, 0x10, 0xff,
    0xc0,

    /* U+AC12 "값" */
    0x7f, 0x10, 0xc, 0x40, 0x31, 0x0, 0x87, 0x6,
    0x10, 0x30, 0x47, 0x81, 0x18, 0x4, 0x22, 0x20,
    0x88, 0x83, 0xe2, 0x8, 0x94, 0x22, 0xd0, 0xfa,
    0x20,

    /* U+AC13 "갓" */
    0x0, 0x11, 0xfc, 0x40, 0x31, 0x0, 0x84, 0x6,
    0x1c, 0x30, 0x41, 0x81, 0x38, 0x4, 0x1, 0x10,
    0x4, 0x0, 0x38, 0x1, 0xb0, 0x1c, 0x70, 0x80,
    0x40,

    /* U+AC14 "갔" */
    0x0, 0x21, 0xfc, 0x80, 0x32, 0x0, 0xcf, 0x6,
    0x20, 0x30, 0x83, 0x82, 0x18, 0x8, 0x0, 0x0,
    0x21, 0x0, 0x84, 0x7, 0x18, 0x36, 0xb1, 0x8c,
    0x60,

    /* U+AC15 "강" */
    0x0, 0x11, 0xfc, 0x40, 0x31, 0x0, 0x84, 0x6,
    0x1c, 0x30, 0x43, 0x81, 0x18, 0x4, 0x0, 0x0,
    0x3f, 0x1, 0x83, 0xc, 0x4, 0x18, 0x30, 0x3f,
    0x0,

    /* U+AC16 "갖" */
    0x0, 0x11, 0xfc, 0x40, 0x31, 0x0, 0x84, 0x6,
    0x1c, 0x30, 0x43, 0x81, 0x18, 0x4, 0x0, 0x0,
    0xff, 0xc0, 0x10, 0x0, 0xe0, 0x6, 0xc0, 0xe0,
    0xe0,

    /* U+AC17 "갗" */
    0x0, 0x11, 0xfc, 0x40, 0x31, 0x0, 0xc7, 0x6,
    0x10, 0x30, 0x43, 0x81, 0x18, 0x44, 0x1, 0x0,
    0xff, 0xc0, 0x30, 0x0, 0xe0, 0xc, 0xc0, 0xe0,
    0xe0,

    /* U+AC19 "같" */
    0x0, 0x11, 0xfc, 0x40, 0x31, 0x0, 0x87, 0x6,
    0x10, 0x70, 0x4f, 0x1, 0x0, 0x0, 0x1f, 0xf0,
    0x40, 0x1, 0x0, 0x7, 0xfc, 0x10, 0x0, 0x7f,
    0xc0,

    /* U+AC1A "갚" */
    0x0, 0x31, 0xfc, 0xc0, 0x33, 0x0, 0x8f, 0x6,
    0x30, 0x30, 0xc3, 0x83, 0x18, 0xc, 0x0, 0x0,
    0xff, 0xc0, 0xc4, 0x3, 0x10, 0xc, 0x40, 0xff,
    0xc0,

    /* U+AC1B "갛" */
    0x7f, 0x30, 0xc, 0xc0, 0x33, 0x0, 0x8f, 0x4,
    0x30, 0x60, 0xc7, 0x3, 0x0, 0x40, 0x3f, 0xf0,
    0x0, 0x0, 0xfc, 0x6, 0x8, 0x18, 0x20, 0x3f,
    0x0,

    /* U+AC1C "개" */
    0x0, 0x90, 0x9, 0x7c, 0x90, 0x49, 0x4, 0x90,
    0x49, 0x8, 0xf1, 0x89, 0x10, 0x96, 0x9, 0x40,
    0x90, 0x9, 0x0, 0x90, 0x1,

    /* U+AC1D "객" */
    0x0, 0x8b, 0xf4, 0x40, 0xa2, 0xd, 0xf0, 0x48,
    0x84, 0x44, 0xc2, 0x2c, 0x11, 0x0, 0x0, 0x7f,
    0xc0, 0x2, 0x0, 0x10, 0x0, 0x80, 0x4,

    /* U+AC20 "갠" */
    0x0, 0x8b, 0xf4, 0x41, 0xa2, 0xd, 0x10, 0x4f,
    0x86, 0x44, 0x62, 0x2e, 0x11, 0x40, 0x88, 0x4,
    0x46, 0x2, 0x30, 0x1, 0x80, 0xf, 0xfc,

    /* U+AC24 "갤" */
    0x0, 0x89, 0xfa, 0x20, 0x68, 0x81, 0x3e, 0xc,
    0x88, 0x62, 0x27, 0x8, 0x90, 0x0, 0x1f, 0xf8,
    0x0, 0x21, 0xff, 0x86, 0x0, 0x18, 0x0, 0x7f,
    0xf0,

    /* U+AC2C "갬" */
    0x0, 0x8b, 0xf4, 0x41, 0xa2, 0xd, 0xf0, 0x48,
    0x84, 0x44, 0xe2, 0x2c, 0x11, 0x0, 0x0, 0xff,
    0xc6, 0x2, 0x30, 0x11, 0x80, 0x8f, 0xfc,

    /* U+AC2D "갭" */
    0x0, 0x8b, 0xf4, 0x41, 0xa2, 0xd, 0xf0, 0xc8,
    0x8c, 0x45, 0xc2, 0x2c, 0x1, 0x18, 0x8, 0xc0,
    0x47, 0xfe, 0x30, 0x11, 0x80, 0x8f, 0xfc,

    /* U+AC2F "갯" */
    0x0, 0x89, 0xfa, 0x20, 0x68, 0x81, 0xa2, 0x4,
    0xf8, 0x32, 0x21, 0x88, 0x9c, 0x22, 0x40, 0x8,
    0x4, 0x0, 0x18, 0x0, 0xb0, 0xc, 0x70, 0x40,
    0x70,

    /* U+AC30 "갰" */
    0x0, 0x89, 0xfa, 0x20, 0x68, 0x81, 0xbe, 0xc,
    0x88, 0x22, 0x23, 0x8, 0x98, 0x22, 0x0, 0x0,
    0x31, 0x80, 0xc6, 0x3, 0x1c, 0x36, 0x99, 0x8e,
    0x30,

    /* U+AC31 "갱" */
    0x0, 0x8b, 0xf4, 0x41, 0xa2, 0xd, 0x10, 0x4f,
    0x86, 0x44, 0xe2, 0x3e, 0x11, 0x40, 0x8, 0x3f,
    0x6, 0x6, 0x20, 0x11, 0x81, 0x83, 0xf0,

    /* U+AC38 "갸" */
    0x0, 0x23, 0xf9, 0x0, 0x48, 0x6, 0x40, 0x23,
    0x81, 0x10, 0x18, 0x81, 0x84, 0x18, 0x39, 0x81,
    0x38, 0x8, 0x0, 0x40, 0x2, 0x0, 0x10,

    /* U+AC39 "갹" */
    0x0, 0x11, 0xfc, 0x40, 0x11, 0xc0, 0x84, 0x6,
    0x10, 0x30, 0x73, 0x1, 0x10, 0x4, 0x0, 0x0,
    0x7f, 0xc0, 0x1, 0x0, 0x4, 0x0, 0x10, 0x0,
    0x40,

    /* U+AC3C "갼" */
    0x0, 0x11, 0xfc, 0x40, 0x31, 0x0, 0xc7, 0x6,
    0x10, 0x30, 0x41, 0x81, 0xdc, 0x4, 0x40, 0x10,
    0x40, 0x41, 0x0, 0x4, 0x0, 0x10, 0x0, 0x7f,
    0xe0,

    /* U+AC40 "걀" */
    0x7f, 0x10, 0xc, 0x40, 0x31, 0xc1, 0x84, 0xc,
    0x1c, 0xe0, 0x4f, 0x1, 0x0, 0x0, 0x3f, 0xf0,
    0x0, 0x43, 0xff, 0xc, 0x0, 0x30, 0x0, 0xff,
    0xe0,

    /* U+AC4B "걋" */
    0x0, 0x11, 0xfc, 0x40, 0x31, 0xc0, 0x84, 0x6,
    0x10, 0x30, 0x41, 0x81, 0xd8, 0x4, 0x1, 0x10,
    0x4, 0x0, 0x38, 0x1, 0xb0, 0x1c, 0x70, 0x80,
    0x20,

    /* U+AC4D "걍" */
    0x0, 0x11, 0xfc, 0x40, 0x31, 0xc0, 0x84, 0x6,
    0x10, 0x30, 0x73, 0x81, 0x18, 0x4, 0x0, 0x0,
    0x3f, 0x1, 0x83, 0xc, 0x4, 0x18, 0x30, 0x3f,
    0x0,

    /* U+AC54 "걔" */
    0x0, 0x90, 0x9, 0x7c, 0x90, 0x49, 0x4, 0xf0,
    0x49, 0x8, 0x90, 0x89, 0x10, 0xf6, 0x9, 0xc0,
    0x90, 0x9, 0x0, 0x90, 0x1,

    /* U+AC58 "걘" */
    0x0, 0x8b, 0xf4, 0x5f, 0xa2, 0xd, 0xf0, 0x48,
    0x86, 0x44, 0x63, 0xe6, 0x11, 0x40, 0x88, 0x4,
    0x46, 0x2, 0x30, 0x1, 0x80, 0xf, 0xfc,

    /* U+AC5C "걜" */
    0x7e, 0x88, 0x1a, 0x20, 0x6f, 0x81, 0x22, 0xc,
    0xf8, 0xe2, 0x2e, 0x8, 0x90, 0x0, 0x1f, 0xf8,
    0x0, 0x21, 0xff, 0x86, 0x0, 0x18, 0x0, 0x7f,
    0xf0,

    /* U+AC70 "거" */
    0x0, 0x17, 0xf1, 0x3, 0x10, 0x31, 0x3, 0x10,
    0x61, 0x6, 0xf0, 0xc1, 0x18, 0x13, 0x1, 0xe0,
    0x10, 0x1, 0x0, 0x10, 0x1,

    /* U+AC71 "걱" */
    0x0, 0x17, 0xf1, 0x3, 0x10, 0x21, 0x6, 0xf0,
    0xc1, 0x30, 0x14, 0x1, 0x0, 0x1, 0xff, 0x0,
    0x10, 0x1, 0x0, 0x10, 0x1,

    /* U+AC74 "건" */
    0x0, 0x17, 0xf1, 0x3, 0x10, 0x61, 0x7, 0xf0,
    0xc1, 0x18, 0x17, 0x1, 0xc0, 0x10, 0x1, 0x10,
    0x1, 0x0, 0x10, 0x1, 0xff,

    /* U+AC77 "걷" */
    0x0, 0x13, 0xf8, 0x80, 0xc4, 0x4, 0x20, 0x6f,
    0x6, 0x8, 0xe0, 0x5c, 0x2, 0x0, 0x0, 0xff,
    0x84, 0x0, 0x20, 0x1, 0x0, 0xf, 0xfc,

    /* U+AC78 "걸" */
    0x7e, 0x10, 0x21, 0x6, 0x10, 0x4f, 0xc, 0x13,
    0x81, 0xe0, 0x10, 0x0, 0x1f, 0xf0, 0x1, 0x1f,
    0xf1, 0x0, 0x10, 0x1, 0xff,

    /* U+AC7A "걺" */
    0x7e, 0x10, 0x21, 0x6, 0x10, 0x5f, 0x8, 0x13,
    0x1, 0xe0, 0x10, 0x0, 0x3d, 0xf0, 0x51, 0x3d,
    0x12, 0x11, 0x21, 0x13, 0xdf,

    /* U+AC80 "검" */
    0x0, 0x17, 0xf1, 0x3, 0x10, 0x21, 0x6, 0xf0,
    0xc1, 0x38, 0x1e, 0x1, 0x0, 0x1, 0xff, 0x10,
    0x11, 0x1, 0x10, 0x11, 0xff,

    /* U+AC81 "겁" */
    0x0, 0x17, 0xe1, 0x2, 0x10, 0x6f, 0x4, 0x10,
    0x81, 0x30, 0x1e, 0x1, 0x30, 0x13, 0x1, 0x3f,
    0xf3, 0x1, 0x30, 0x13, 0xff,

    /* U+AC83 "것" */
    0x0, 0x13, 0xf0, 0x80, 0x84, 0xc, 0x20, 0x4f,
    0x6, 0x8, 0x60, 0x4e, 0x2, 0x40, 0x10, 0x18,
    0x80, 0xe0, 0xf, 0x0, 0xcc, 0x1c, 0x3c, 0x80,
    0x0,

    /* U+AC84 "겄" */
    0x0, 0x33, 0xf1, 0x80, 0x8c, 0xc, 0x60, 0x5f,
    0x4, 0x18, 0xc0, 0xd8, 0x6, 0x18, 0x40, 0xc2,
    0x6, 0x10, 0x31, 0x42, 0x5b, 0x23, 0x8c,

    /* U+AC85 "겅" */
    0x0, 0x17, 0xf1, 0x3, 0x10, 0x21, 0x6, 0xf0,
    0xc1, 0x38, 0x1e, 0x1, 0x0, 0x0, 0xfc, 0x18,
    0x31, 0x1, 0x18, 0x30, 0xfc,

    /* U+AC86 "겆" */
    0x0, 0x33, 0xf1, 0x80, 0x8c, 0xc, 0x60, 0x5f,
    0x4, 0x18, 0xc0, 0xd8, 0x6, 0x0, 0x1, 0xff,
    0x80, 0xc0, 0x6, 0x0, 0xcc, 0x1c, 0x38,

    /* U+AC89 "겉" */
    0x7f, 0x10, 0x18, 0x80, 0xc4, 0x5, 0xe0, 0x61,
    0x6, 0x8, 0xc0, 0x48, 0x2, 0x1f, 0xf0, 0x80,
    0x4, 0x0, 0x3f, 0xe1, 0x0, 0xf, 0xfc,

    /* U+AC8A "겊" */
    0x0, 0x37, 0xe3, 0x2, 0x30, 0x63, 0x5, 0xf0,
    0x83, 0x30, 0x3e, 0x3, 0x0, 0x3, 0xff, 0xc,
    0xc0, 0xcc, 0xc, 0xc3, 0xff,

    /* U+AC8B "겋" */
    0x7e, 0x10, 0x21, 0x6, 0x10, 0x5f, 0xc, 0x11,
    0x1, 0x60, 0x10, 0x30, 0x3f, 0xf0, 0x0, 0xf,
    0xc1, 0x82, 0x18, 0x20, 0xfc,

    /* U+AC8C "게" */
    0x0, 0x48, 0x2, 0x5f, 0x92, 0x4, 0x90, 0x64,
    0x82, 0x24, 0x3f, 0x21, 0x9, 0x18, 0x4b, 0x2,
    0x50, 0x12, 0x0, 0x90, 0x4, 0x80, 0x4,

    /* U+AC90 "겐" */
    0x0, 0x49, 0xf9, 0x20, 0x64, 0x81, 0x92, 0x7,
    0xc8, 0x21, 0x21, 0x84, 0x98, 0x12, 0x40, 0x48,
    0x61, 0x21, 0x80, 0x86, 0x0, 0x18, 0x0, 0x7f,
    0xf0,

    /* U+AC94 "겔" */
    0x7e, 0x48, 0x19, 0x20, 0x64, 0x81, 0xf2, 0xc,
    0x48, 0x61, 0x2e, 0x4, 0x80, 0x0, 0x1f, 0xf8,
    0x0, 0x21, 0xff, 0x84, 0x0, 0x10, 0x0, 0x7f,
    0xf0,

    /* U+AC9C "겜" */
    0x0, 0x4b, 0xf2, 0x41, 0x92, 0xc, 0x90, 0x7c,
    0x84, 0x24, 0xe1, 0x3c, 0x9, 0x0, 0x0, 0xff,
    0xc6, 0x2, 0x30, 0x11, 0x80, 0x8f, 0xfc,

    /* U+AC9D "겝" */
    0x0, 0x4b, 0xf2, 0x41, 0x92, 0xc, 0x90, 0xfc,
    0x8c, 0x25, 0xc1, 0x2c, 0x1, 0x18, 0x8, 0xc0,
    0x47, 0xfe, 0x30, 0x11, 0x80, 0x8f, 0xfc,

    /* U+AC9F "겟" */
    0x0, 0x49, 0xf9, 0x20, 0x64, 0x81, 0x92, 0x7,
    0xc8, 0x31, 0x21, 0x84, 0x98, 0x12, 0x1, 0x88,
    0x6, 0x0, 0x1c, 0x0, 0xd8, 0x1c, 0x38, 0x40,
    0x20,

    /* U+ACA0 "겠" */
    0x0, 0x49, 0xf9, 0x20, 0x64, 0x81, 0x92, 0x7,
    0xc8, 0x21, 0x23, 0x4, 0xb8, 0x12, 0xc, 0x20,
    0x30, 0x80, 0xc2, 0x7, 0x14, 0x36, 0xd9, 0x86,
    0x30,

    /* U+ACA1 "겡" */
    0x0, 0x4b, 0xf2, 0x41, 0x92, 0xc, 0x90, 0x7c,
    0x86, 0x24, 0xe1, 0x3e, 0x9, 0x40, 0x8, 0x3f,
    0x6, 0x6, 0x20, 0x11, 0x81, 0x83, 0xf0,

    /* U+ACA8 "겨" */
    0x0, 0x17, 0xf1, 0x3, 0x10, 0x31, 0x3, 0xf0,
    0x61, 0x6, 0x10, 0xc1, 0x19, 0xf3, 0x1, 0xe0,
    0x10, 0x1, 0x0, 0x10, 0x1,

    /* U+ACA9 "격" */
    0x0, 0x17, 0xf1, 0x3, 0xf0, 0x21, 0x6, 0x11,
    0xdf, 0x70, 0x14, 0x1, 0x0, 0x1, 0xff, 0x0,
    0x10, 0x1, 0x0, 0x10, 0x1,

    /* U+ACAA "겪" */
    0x0, 0x17, 0xf1, 0x3, 0xf0, 0x21, 0x6, 0x11,
    0xdf, 0x70, 0x14, 0x1, 0x0, 0x3, 0xef, 0x2,
    0x10, 0x21, 0x2, 0x10, 0x21,

    /* U+ACAC "견" */
    0x0, 0x17, 0xf1, 0x3, 0x10, 0x3f, 0x6, 0x10,
    0x41, 0x19, 0xf7, 0x1, 0x40, 0x10, 0x1, 0x10,
    0x11, 0x0, 0x10, 0x1, 0xff,

    /* U+ACAF "겯" */
    0x0, 0x13, 0xf8, 0x80, 0xfc, 0x4, 0x20, 0x61,
    0x6, 0xf8, 0xe0, 0x4c, 0x2, 0x0, 0x0, 0xff,
    0x84, 0x0, 0x20, 0x1, 0x0, 0xf, 0xfc,

    /* U+ACB0 "결" */
    0x7e, 0x10, 0x21, 0x3, 0xf0, 0x61, 0xc, 0x11,
    0x9f, 0xf0, 0x10, 0x0, 0x1f, 0xf0, 0x1, 0x1f,
    0xf1, 0x0, 0x10, 0x1, 0xff,

    /* U+ACB8 "겸" */
    0x0, 0x17, 0xf1, 0x3, 0xf0, 0x21, 0x6, 0x10,
    0xdf, 0x38, 0x16, 0x1, 0x0, 0x1, 0xff, 0x10,
    0x11, 0x1, 0x10, 0x11, 0xff,

    /* U+ACB9 "겹" */
    0x0, 0x17, 0xf1, 0x3, 0xf0, 0x21, 0x6, 0x10,
    0xdf, 0x38, 0x1e, 0x1, 0x10, 0x11, 0x1, 0x1f,
    0xf1, 0x1, 0x10, 0x11, 0xff,

    /* U+ACBB "겻" */
    0x0, 0x13, 0xf0, 0x80, 0x84, 0xf, 0xe0, 0x41,
    0x6, 0x8, 0x6f, 0xce, 0x2, 0x40, 0x10, 0x18,
    0x80, 0xc0, 0x6, 0x0, 0xcc, 0x1c, 0x3c, 0x80,
    0x0,

    /* U+ACBC "겼" */
    0x0, 0x33, 0xf1, 0x80, 0xfc, 0x8, 0x60, 0xc3,
    0xc, 0xf9, 0xc0, 0xd8, 0x6, 0x8, 0x40, 0x42,
    0x6, 0x10, 0x31, 0x42, 0x5b, 0x21, 0x8c,

    /* U+ACBD "경" */
    0x0, 0x17, 0xf1, 0x3, 0xf0, 0x21, 0x4, 0x11,
    0xdf, 0x70, 0x14, 0x1, 0x0, 0x0, 0xfc, 0x18,
    0x31, 0x1, 0x18, 0x30, 0xfc,

    /* U+ACC1 "곁" */
    0x7f, 0x10, 0x18, 0x80, 0xfc, 0x4, 0x20, 0x61,
    0x6, 0xf8, 0xc0, 0x58, 0x2, 0x1f, 0xf0, 0x80,
    0x4, 0x0, 0x3f, 0xe1, 0x0, 0xf, 0xfc,

    /* U+ACC4 "계" */
    0x0, 0x48, 0x2, 0x5f, 0x92, 0x4, 0x90, 0x7c,
    0x82, 0x24, 0x31, 0x21, 0x79, 0x30, 0x4b, 0x2,
    0x40, 0x12, 0x0, 0x90, 0x4, 0x80, 0x4,

    /* U+ACC8 "곈" */
    0x0, 0x4b, 0xf2, 0x40, 0x92, 0xf, 0x90, 0x44,
    0x86, 0x24, 0x6f, 0x26, 0x9, 0x40, 0x48, 0xc2,
    0x46, 0x2, 0x30, 0x1, 0x80, 0xf, 0xfc,

    /* U+ACCC "곌" */
    0x7e, 0x48, 0x9, 0x20, 0x7c, 0x81, 0x92, 0xc,
    0x48, 0x67, 0x27, 0x4, 0x80, 0x0, 0x1f, 0xf8,
    0x0, 0x21, 0xff, 0x86, 0x0, 0x18, 0x0, 0x7f,
    0xf0,

    /* U+ACD5 "곕" */
    0x0, 0x97, 0xc9, 0x7, 0x90, 0xc9, 0x8, 0x93,
    0xb9, 0x70, 0x94, 0x1, 0x10, 0x11, 0x1, 0x1f,
    0xf1, 0x1, 0x10, 0x11, 0xff,

    /* U+ACD7 "곗" */
    0x0, 0x49, 0xf9, 0x27, 0xe4, 0x80, 0xf2, 0x6,
    0x48, 0x37, 0x21, 0x84, 0x9c, 0x12, 0x40, 0x8,
    0x6, 0x20, 0x18, 0x0, 0xf0, 0x6, 0x60, 0x70,
    0xe0, 0x0, 0x0,

    /* U+ACE0 "고" */
    0x7f, 0xe0, 0x1, 0x0, 0x8, 0x0, 0x40, 0x2,
    0x2, 0x10, 0x10, 0x80, 0x84, 0x4, 0x0, 0x20,
    0x3f, 0xfe,

    /* U+ACE1 "곡" */
    0x7f, 0xe0, 0x1, 0x0, 0x8, 0x0, 0x40, 0x62,
    0x3, 0x10, 0x18, 0x1f, 0xff, 0x0, 0x3, 0xff,
    0x0, 0x8, 0x0, 0x40, 0x2, 0x0, 0x10,

    /* U+ACE4 "곤" */
    0x3f, 0xe0, 0x1, 0x0, 0x8, 0x0, 0x40, 0x62,
    0x3, 0x10, 0x18, 0x1f, 0xff, 0x0, 0x0, 0x0,
    0x8, 0x0, 0x40, 0x2, 0x0, 0x1f, 0xf8,

    /* U+ACE7 "곧" */
    0x3f, 0xe0, 0x1, 0x0, 0x8, 0xc, 0x40, 0x62,
    0x3, 0x3, 0xff, 0xe0, 0x0, 0x0, 0x1, 0xff,
    0x8, 0x0, 0x40, 0x2, 0x0, 0x1f, 0xf0,

    /* U+ACE8 "골" */
    0x3f, 0xe0, 0x1, 0x0, 0x8, 0xc, 0x40, 0x62,
    0x3, 0x3, 0xff, 0xe0, 0x0, 0x3f, 0xe0, 0x1,
    0xf, 0xf8, 0x40, 0x2, 0x0, 0x1f, 0xf8,

    /* U+ACEA "곪" */
    0x3f, 0xe0, 0x1, 0x0, 0x8, 0xc, 0x40, 0x62,
    0x3, 0x3, 0xff, 0xe0, 0x0, 0x3d, 0xf0, 0x29,
    0x81, 0x4c, 0x7a, 0x62, 0x13, 0x1e, 0xf8,

    /* U+ACEC "곬" */
    0x3f, 0xe0, 0x1, 0x0, 0x8, 0xc, 0x40, 0x62,
    0x3, 0x3, 0xff, 0xe0, 0x0, 0x3c, 0x40, 0x22,
    0x1, 0x10, 0x79, 0xc2, 0x1a, 0x1e, 0x88,

    /* U+ACEF "곯" */
    0x7f, 0xe0, 0x1, 0x0, 0x8, 0xc, 0x40, 0x62,
    0x3, 0x3, 0xff, 0xe0, 0x0, 0x7c, 0x40, 0x3f,
    0x9f, 0x38, 0xc2, 0x66, 0x13, 0x3f, 0x70,

    /* U+ACF0 "곰" */
    0x3f, 0xe0, 0x1, 0x0, 0x8, 0xc, 0x40, 0x62,
    0x3, 0x3, 0xff, 0xe0, 0x0, 0x0, 0x1, 0xff,
    0x8, 0x8, 0x40, 0x42, 0x2, 0x1f, 0xf0,

    /* U+ACF1 "곱" */
    0x3f, 0xe0, 0x1, 0x0, 0x8, 0xc, 0x40, 0x62,
    0x3, 0x3, 0xff, 0xe0, 0x0, 0x20, 0x21, 0x1,
    0xf, 0xf8, 0x40, 0x42, 0x2, 0x1f, 0xf0,

    /* U+ACF3 "곳" */
    0x7f, 0xe0, 0x1, 0x0, 0x8, 0x0, 0x40, 0x62,
    0x3, 0x10, 0x18, 0x1f, 0xff, 0x0, 0x0, 0x10,
    0x0, 0x80, 0xe, 0x0, 0xd8, 0x38, 0x79, 0x0,
    0x0,

    /* U+ACF5 "공" */
    0x7f, 0xe0, 0x1, 0x0, 0x8, 0x0, 0x40, 0x62,
    0x3, 0x10, 0x18, 0x1f, 0xff, 0x0, 0x0, 0xfe,
    0xc, 0x18, 0xc0, 0x43, 0x6, 0xf, 0xe0,

    /* U+ACF6 "곶" */
    0x3f, 0xe0, 0x1, 0x0, 0x8, 0xc, 0x40, 0x62,
    0x3, 0x3, 0xff, 0xe0, 0x0, 0x0, 0x1, 0xff,
    0x80, 0x80, 0xa, 0x0, 0xd8, 0x38, 0x38,

    /* U+ACFC "과" */
    0x0, 0x23, 0xf9, 0x0, 0x48, 0x2, 0x40, 0x12,
    0x0, 0x90, 0x44, 0xe2, 0x24, 0x10, 0x20, 0x81,
    0x3f, 0xe8, 0x0, 0x40, 0x2, 0x0, 0x10,

    /* U+ACFD "곽" */
    0x0, 0x23, 0xf9, 0x0, 0x48, 0x2, 0x41, 0x13,
    0x88, 0x90, 0x40, 0x9f, 0xf4, 0x0, 0x21, 0xff,
    0x0, 0x8, 0x0, 0x40, 0x2, 0x0, 0x10,

    /* U+AD00 "관" */
    0x0, 0x23, 0xf9, 0x0, 0x48, 0x2, 0x41, 0x12,
    0x8, 0x9c, 0x40, 0x9f, 0xf4, 0x0, 0x20, 0x1,
    0x8, 0x8, 0x40, 0x2, 0x0, 0x1f, 0xf0,

    /* U+AD04 "괄" */
    0x7f, 0x20, 0x9, 0x0, 0x48, 0x22, 0x71, 0x12,
    0x8, 0x13, 0xfe, 0x80, 0x4, 0x3f, 0xe0, 0x1,
    0x0, 0x8, 0x7f, 0xc2, 0x0, 0x1f, 0xf8,

    /* U+AD06 "괆" */
    0x7f, 0x10, 0x4, 0x40, 0x11, 0x6, 0x47, 0x19,
    0x10, 0x60, 0x4f, 0xfd, 0x0, 0x4, 0x3d, 0xf0,
    0x14, 0x40, 0x51, 0xf, 0x44, 0x21, 0x10, 0xf7,
    0xc0,

    /* U+AD0C "괌" */
    0x0, 0x23, 0xf9, 0x0, 0x48, 0x22, 0x41, 0x13,
    0x88, 0x13, 0xfe, 0x80, 0x4, 0x0, 0x1, 0xff,
    0x8, 0x8, 0x40, 0x42, 0x2, 0x1f, 0xf0,

    /* U+AD0D "괍" */
    0x7f, 0x20, 0x9, 0x0, 0x48, 0x2, 0x71, 0x12,
    0x8, 0x13, 0xfe, 0x80, 0x4, 0x20, 0x21, 0x1,
    0xf, 0xf8, 0x40, 0x42, 0x2, 0x1f, 0xf0,

    /* U+AD0F "괏" */
    0x0, 0x23, 0xf9, 0x0, 0xc8, 0x4, 0x41, 0x23,
    0x88, 0x10, 0x40, 0x9f, 0xf4, 0x0, 0x20, 0x11,
    0x0, 0x80, 0xe, 0x0, 0xd8, 0x3c, 0x78, 0x0,
    0x40,

    /* U+AD11 "광" */
    0x0, 0x23, 0xf9, 0x0, 0x48, 0x2, 0x41, 0x13,
    0x88, 0x90, 0x40, 0x9f, 0xf4, 0x0, 0x20, 0x7c,
    0xc, 0x18, 0x40, 0x43, 0x6, 0x7, 0xe0,

    /* U+AD18 "괘" */
    0x0, 0x4b, 0xf2, 0x40, 0x92, 0x4, 0x90, 0x24,
    0x81, 0x24, 0x49, 0xe2, 0x9, 0x10, 0x48, 0x82,
    0x5f, 0xd2, 0x0, 0x90, 0x4, 0x80, 0x4,

    /* U+AD1C "괜" */
    0x0, 0x4b, 0xf2, 0x40, 0x92, 0x4, 0x91, 0x27,
    0x88, 0x24, 0x41, 0x2f, 0xe9, 0x0, 0x48, 0x2,
    0x44, 0x2, 0x20, 0x1, 0x0, 0xf, 0xfc,

    /* U+AD20 "괠" */
    0x7e, 0x48, 0x12, 0x40, 0x92, 0x4, 0xf1, 0x24,
    0x8f, 0xa5, 0x81, 0x20, 0x1, 0x1f, 0xf8, 0x0,
    0x40, 0x2, 0x3f, 0xf1, 0x0, 0xf, 0xfc,

    /* U+AD29 "괩" */
    0x7e, 0x50, 0x25, 0x2, 0x51, 0x25, 0x12, 0x71,
    0x5, 0x7f, 0x50, 0x5, 0x0, 0x1, 0x1, 0x1f,
    0xf1, 0x1, 0x10, 0x11, 0xff,

    /* U+AD2C "괬" */
    0x0, 0x49, 0xf9, 0x20, 0x24, 0x80, 0x92, 0x12,
    0x78, 0x49, 0x21, 0x4, 0x9f, 0xd2, 0x0, 0x0,
    0x30, 0x80, 0xc7, 0x7, 0x14, 0x33, 0x8c, 0x4,
    0x0,

    /* U+AD2D "괭" */
    0x0, 0x4b, 0xf2, 0x40, 0x92, 0x4, 0x91, 0x27,
    0x89, 0x24, 0x41, 0x2f, 0xe9, 0x0, 0x8, 0x3f,
    0x6, 0x6, 0x20, 0x11, 0x81, 0x83, 0xf0,

    /* U+AD34 "괴" */
    0x0, 0x2f, 0xe4, 0x4, 0x80, 0x90, 0x12, 0x2,
    0x44, 0x48, 0x89, 0x10, 0x22, 0x7, 0xfe, 0x80,
    0x10, 0x2, 0x0, 0x40,

    /* U+AD35 "괵" */
    0x0, 0x2f, 0xe4, 0x4, 0x80, 0x91, 0x12, 0x22,
    0x44, 0xf, 0xfd, 0x0, 0x27, 0xfc, 0x0, 0x80,
    0x10, 0x2, 0x0, 0x40,

    /* U+AD38 "괸" */
    0x0, 0x17, 0xf1, 0x1, 0x10, 0x11, 0x9, 0x10,
    0x91, 0x8, 0x1f, 0xfd, 0x0, 0x10, 0x1, 0x10,
    0x11, 0x0, 0x10, 0x1, 0xff,

    /* U+AD3C "괼" */
    0x7f, 0x20, 0x12, 0x1, 0x21, 0x12, 0x11, 0x21,
    0x2, 0xff, 0xa0, 0x2, 0x3f, 0xe0, 0x2, 0x0,
    0x23, 0xfe, 0x20, 0x3, 0xff,

    /* U+AD44 "굄" */
    0x0, 0x17, 0xf1, 0x1, 0x10, 0x11, 0x9, 0x10,
    0x91, 0x8, 0x1f, 0xfd, 0x0, 0x1, 0xff, 0x10,
    0x11, 0x1, 0x10, 0x11, 0xff,

    /* U+AD45 "굅" */
    0x7f, 0x20, 0x24, 0x4, 0x80, 0x91, 0x12, 0x20,
    0x7f, 0xe8, 0x1, 0x0, 0x4, 0x4, 0xff, 0x90,
    0x12, 0x2, 0x7f, 0xc0,

    /* U+AD47 "굇" */
    0x0, 0x27, 0xe2, 0x2, 0x20, 0x22, 0x12, 0x21,
    0x22, 0x10, 0x2f, 0xfa, 0x0, 0x20, 0x22, 0x2,
    0x0, 0x50, 0xd, 0x83, 0x7,

    /* U+AD49 "굉" */
    0x0, 0x2f, 0xe4, 0x4, 0x80, 0x91, 0x12, 0x22,
    0x44, 0xf, 0xfd, 0x0, 0x21, 0xf0, 0xc1, 0x90,
    0x13, 0x6, 0x1f, 0x80,

    /* U+AD50 "교" */
    0x7f, 0xe0, 0x1, 0x0, 0x8, 0x0, 0x40, 0x2,
    0x8, 0x90, 0x44, 0x82, 0x24, 0x11, 0x0, 0x88,
    0x3f, 0xfe,

    /* U+AD54 "굔" */
    0x7f, 0xe0, 0x1, 0x0, 0x8, 0x0, 0x41, 0x92,
    0xc, 0x90, 0x64, 0x1f, 0xff, 0x0, 0x0, 0x0,
    0x18, 0x0, 0xc0, 0x6, 0x0, 0x3f, 0xf8,

    /* U+AD58 "굘" */
    0x7f, 0xe0, 0x1, 0x0, 0x8, 0x32, 0x41, 0x92,
    0xc, 0x83, 0xff, 0xe0, 0x0, 0x7f, 0xe0, 0x1,
    0x1f, 0xf8, 0xc0, 0x6, 0x0, 0x3f, 0xf8,

    /* U+AD61 "굡" */
    0x3f, 0xe0, 0x1, 0x0, 0x8, 0x32, 0x41, 0x92,
    0xc, 0x83, 0xff, 0xe0, 0x0, 0x20, 0x21, 0x1,
    0xf, 0xf8, 0x40, 0x42, 0x2, 0x1f, 0xf0,

    /* U+AD63 "굣" */
    0x7f, 0xf0, 0x1, 0x0, 0x8, 0x0, 0x41, 0x92,
    0xc, 0x90, 0x64, 0x1f, 0xff, 0x0, 0x0, 0x10,
    0x1, 0x80, 0xe, 0x0, 0xd8, 0x38, 0x78,

    /* U+AD6C "구" */
    0x7f, 0xe0, 0x1, 0x0, 0x8, 0x0, 0x40, 0x2,
    0x0, 0x13, 0xff, 0xe0, 0x40, 0x2, 0x0, 0x10,
    0x0, 0x80, 0x4, 0x0, 0x20, 0x0,

    /* U+AD6D "국" */
    0x7f, 0xe0, 0x1, 0x0, 0x8, 0x0, 0x40, 0x2,
    0x0, 0x13, 0xff, 0xe0, 0x40, 0x2, 0x3, 0xff,
    0x0, 0x8, 0x0, 0x40, 0x2, 0x0, 0x10,

    /* U+AD70 "군" */
    0x3f, 0xe0, 0x1, 0x0, 0x8, 0x0, 0x40, 0x2,
    0x0, 0x13, 0xff, 0xe0, 0x40, 0x2, 0x0, 0x10,
    0x8, 0x0, 0x40, 0x2, 0x0, 0x1f, 0xf8,

    /* U+AD73 "굳" */
    0x3f, 0xf0, 0x1, 0x80, 0xc, 0x0, 0x40, 0x2,
    0x0, 0x13, 0xff, 0xe0, 0x40, 0x2, 0x1, 0xff,
    0x88, 0x0, 0x40, 0x2, 0x0, 0x1f, 0xf8,

    /* U+AD74 "굴" */
    0x3f, 0xe0, 0x1, 0x0, 0x8, 0x0, 0x40, 0x2,
    0x7f, 0xfc, 0x8, 0x0, 0x40, 0x3f, 0xe0, 0x1,
    0xf, 0xf8, 0x40, 0x2, 0x0, 0x1f, 0xf8,

    /* U+AD75 "굵" */
    0x7f, 0xe0, 0x1, 0x0, 0x8, 0x0, 0x40, 0x2,
    0x7f, 0xfc, 0x8, 0x0, 0x40, 0x7d, 0xe0, 0x21,
    0x1, 0x8, 0xf8, 0x46, 0x2, 0x3f, 0x10,

    /* U+AD76 "굶" */
    0x7f, 0xe0, 0x1, 0x0, 0x8, 0x0, 0x40, 0x2,
    0x7f, 0xfc, 0x8, 0x0, 0x40, 0x7d, 0xe0, 0x29,
    0x1, 0x48, 0xfa, 0x46, 0x12, 0x3e, 0xf0,

    /* U+AD7B "굻" */
    0x7f, 0xe0, 0x1, 0x0, 0x8, 0x0, 0x40, 0x2,
    0x7f, 0xfc, 0x8, 0x0, 0x40, 0x7c, 0x40, 0x7f,
    0x83, 0x0, 0xfb, 0xc4, 0x13, 0x3e, 0xf0,

    /* U+AD7C "굼" */
    0x3f, 0xe0, 0x1, 0x0, 0x8, 0x0, 0x40, 0x2,
    0x0, 0x13, 0xff, 0xe0, 0x40, 0x2, 0x1, 0xff,
    0x8, 0x8, 0x40, 0x42, 0x2, 0x1f, 0xf0,

    /* U+AD7D "굽" */
    0x3f, 0xe0, 0x1, 0x0, 0x8, 0x0, 0x40, 0x2,
    0x7f, 0xfc, 0x8, 0x0, 0x40, 0x22, 0x21, 0x1,
    0xf, 0xf8, 0x40, 0x42, 0x2, 0x1f, 0xf0,

    /* U+AD7F "굿" */
    0x7f, 0xe0, 0x1, 0x0, 0x8, 0x0, 0x40, 0x2,
    0x0, 0x13, 0xff, 0xe0, 0x40, 0x2, 0x0, 0x0,
    0x0, 0x80, 0xc, 0x0, 0xd0, 0x3c, 0x71, 0x0,
    0x40,

    /* U+AD81 "궁" */
    0x7f, 0xe0, 0x1, 0x0, 0x8, 0x0, 0x40, 0x2,
    0x0, 0x13, 0xff, 0xe0, 0x40, 0x2, 0x0, 0xfe,
    0xc, 0x18, 0xc0, 0x43, 0x6, 0xf, 0xe0,

    /* U+AD82 "궂" */
    0x3f, 0xe0, 0x1, 0x0, 0x8, 0x0, 0x40, 0x2,
    0x7f, 0xfc, 0x8, 0x0, 0x40, 0x2, 0x1, 0xff,
    0x0, 0x80, 0xe, 0x0, 0xd8, 0x38, 0x38,

    /* U+AD88 "궈" */
    0x0, 0x13, 0xf1, 0x1, 0x10, 0x11, 0x1, 0x10,
    0x11, 0x1, 0x1f, 0xfd, 0x8, 0x10, 0x8f, 0x8,
    0x10, 0x81, 0x8, 0x10, 0x81,

    /* U+AD89 "궉" */
    0x3f, 0x10, 0x11, 0x1, 0x10, 0x11, 0x1, 0x5f,
    0xfd, 0x8, 0x10, 0x8f, 0x8, 0x10, 0x0, 0x3f,
    0xf0, 0x1, 0x0, 0x10, 0x1,

    /* U+AD8C "권" */
    0x0, 0x13, 0xf1, 0x1, 0x10, 0x11, 0x1, 0x1f,
    0xfd, 0x8, 0x10, 0x81, 0x8, 0xf0, 0x1, 0x20,
    0x12, 0x0, 0x20, 0x3, 0xff,

    /* U+AD90 "궐" */
    0x3f, 0x10, 0x8, 0x80, 0x44, 0x2, 0x2f, 0xfd,
    0x4, 0x8, 0x23, 0xc1, 0x2, 0x1f, 0xf0, 0x0,
    0x80, 0x4, 0x3f, 0xe1, 0x0, 0xf, 0xfc,

    /* U+AD9C "궜" */
    0x3f, 0x10, 0x8, 0x80, 0x44, 0x2, 0x2f, 0xfd,
    0x4, 0x8, 0x23, 0xc1, 0x2, 0x0, 0x0, 0x43,
    0x2, 0x18, 0x29, 0xe7, 0x39, 0x80, 0x80,

    /* U+AD9D "궝" */
    0x3f, 0x10, 0x11, 0x1, 0x10, 0x11, 0x1, 0x5f,
    0xfd, 0x8, 0x10, 0x8f, 0x8, 0x10, 0x7c, 0x18,
    0x31, 0x1, 0x18, 0x30, 0x7e,

    /* U+ADA4 "궤" */
    0x0, 0x9f, 0xc9, 0x4, 0x90, 0x49, 0x4, 0x90,
    0x49, 0xfe, 0x91, 0x9, 0x10, 0x91, 0x79, 0x10,
    0x91, 0x9, 0x0, 0x90, 0x1,

    /* U+ADB7 "궷" */
    0x0, 0x9f, 0xc9, 0x4, 0x90, 0x49, 0x4, 0x9f,
    0xe9, 0x10, 0x91, 0x79, 0x10, 0x90, 0x21, 0x2,
    0x0, 0x50, 0x1c, 0xc3, 0x3,

    /* U+ADC0 "귀" */
    0x0, 0x13, 0xf1, 0x1, 0x10, 0x11, 0x1, 0x10,
    0x11, 0x1, 0x1f, 0xfd, 0x8, 0x10, 0x81, 0x8,
    0x10, 0x81, 0x8, 0x10, 0x81,

    /* U+ADC1 "귁" */
    0x3f, 0x20, 0x24, 0x4, 0x80, 0x90, 0x12, 0x2,
    0x7f, 0xe8, 0x41, 0x8, 0x7, 0xfc, 0x0, 0x80,
    0x10, 0x2, 0x0, 0x40,

    /* U+ADC4 "귄" */
    0x0, 0x23, 0xf2, 0x1, 0x20, 0x12, 0x1, 0x20,
    0x12, 0xff, 0xa0, 0x82, 0x8, 0x20, 0x82, 0x20,
    0x22, 0x0, 0x20, 0x3, 0xff,

    /* U+ADC8 "귈" */
    0x3f, 0x10, 0x8, 0x80, 0x44, 0x2, 0x20, 0x11,
    0x7f, 0xe8, 0x30, 0x41, 0x80, 0x1f, 0xf0, 0x0,
    0x87, 0xfc, 0x20, 0x1, 0x0, 0xf, 0xfc,

    /* U+ADD0 "귐" */
    0x3f, 0x10, 0x11, 0x1, 0x10, 0x11, 0x1, 0x10,
    0x15, 0xff, 0xd0, 0xc1, 0xc, 0x1, 0xff, 0x10,
    0x11, 0x1, 0x10, 0x11, 0xff,

    /* U+ADD1 "귑" */
    0x3f, 0x10, 0x11, 0x1, 0x10, 0x11, 0x1, 0x1f,
    0xfd, 0xc, 0x10, 0xc1, 0x0, 0x1, 0x1, 0x1f,
    0xf1, 0x1, 0x10, 0x11, 0xff,

    /* U+ADD3 "귓" */
    0x3f, 0x10, 0x8, 0x80, 0x44, 0x2, 0x20, 0x11,
    0x0, 0x8b, 0xff, 0x41, 0x2, 0x8, 0x10, 0x48,
    0x80, 0x40, 0x5, 0x0, 0xe6, 0x1c, 0x1c,

    /* U+ADDC "규" */
    0x7f, 0xe0, 0x1, 0x0, 0x8, 0x0, 0x40, 0x2,
    0x0, 0x33, 0xff, 0xe3, 0x18, 0x18, 0xc0, 0xc6,
    0x6, 0x30, 0x31, 0x81, 0x8c, 0x0,

    /* U+ADE0 "균" */
    0x3f, 0xe0, 0x1, 0x0, 0x8, 0x0, 0x40, 0x2,
    0x0, 0x13, 0xff, 0xe1, 0x90, 0xc, 0x80, 0x64,
    0x8, 0x0, 0x40, 0x2, 0x0, 0x1f, 0xf8,

    /* U+ADE4 "귤" */
    0x3f, 0xe0, 0x1, 0x0, 0x8, 0x0, 0x40, 0x2,
    0x7f, 0xfc, 0x62, 0x3, 0x10, 0x3f, 0xe0, 0x1,
    0xf, 0xf8, 0x40, 0x2, 0x0, 0x1f, 0xf8,

    /* U+ADF8 "그" */
    0x7f, 0xe0, 0x1, 0x0, 0x8, 0x0, 0x40, 0x2,
    0x0, 0x10, 0x0, 0x80, 0xc, 0x0, 0x60, 0x0,
    0x3f, 0xfe,

    /* U+ADF9 "극" */
    0x7f, 0xe0, 0x1, 0x0, 0x8, 0x0, 0x40, 0x2,
    0x0, 0x13, 0xff, 0xe0, 0x0, 0x0, 0x3, 0xff,
    0x0, 0x8, 0x0, 0x40, 0x2, 0x0, 0x10,

    /* U+ADFC "근" */
    0x3f, 0xe0, 0x1, 0x0, 0x8, 0x0, 0x40, 0x2,
    0x0, 0x13, 0xff, 0xe0, 0x0, 0x0, 0x1, 0x0,
    0x8, 0x0, 0x40, 0x2, 0x0, 0x1f, 0xf8,

    /* U+ADFF "귿" */
    0x3f, 0xe0, 0x1, 0x0, 0x8, 0x0, 0x40, 0x2,
    0x0, 0x13, 0xff, 0xe0, 0x0, 0x0, 0x1, 0xff,
    0x8, 0x0, 0x40, 0x2, 0x0, 0x1f, 0xf0,

    /* U+AE00 "글" */
    0x3f, 0xe0, 0x1, 0x0, 0x8, 0x0, 0x40, 0x2,
    0x7f, 0xfc, 0x0, 0x0, 0x0, 0x3f, 0xe0, 0x1,
    0xf, 0xf8, 0x40, 0x2, 0x0, 0x1f, 0xf8,

    /* U+AE01 "긁" */
    0x7f, 0xe0, 0x1, 0x0, 0x8, 0x0, 0x40, 0x2,
    0x0, 0x13, 0xff, 0xe0, 0x0, 0x7d, 0xe0, 0x21,
    0x1, 0x8, 0xf8, 0x46, 0x2, 0x3f, 0x10,

    /* U+AE08 "금" */
    0x3f, 0xe0, 0x1, 0x0, 0x8, 0x0, 0x40, 0x2,
    0x0, 0x13, 0xff, 0xe0, 0x0, 0x0, 0x1, 0xff,
    0x8, 0x8, 0x40, 0x42, 0x2, 0x1f, 0xf0,

    /* U+AE09 "급" */
    0x3f, 0xe0, 0x1, 0x0, 0x8, 0x0, 0x40, 0x2,
    0x0, 0x13, 0xff, 0xe0, 0x0, 0x20, 0x21, 0x1,
    0xf, 0xf8, 0x40, 0x42, 0x2, 0x1f, 0xf0,

    /* U+AE0B "긋" */
    0x7f, 0xe0, 0x1, 0x0, 0x8, 0x0, 0x40, 0x2,
    0x0, 0x13, 0xff, 0xe0, 0x0, 0x2, 0x0, 0x10,
    0x1, 0xc0, 0x1b, 0x3, 0x8e, 0x30, 0x18,

    /* U+AE0D "긍" */
    0x7f, 0xe0, 0x1, 0x0, 0x8, 0x0, 0x40, 0x2,
    0x0, 0x13, 0xff, 0xe0, 0x0, 0x0, 0x0, 0xfe,
    0xc, 0x18, 0xc0, 0x43, 0x6, 0xf, 0xe0,

    /* U+AE14 "긔" */
    0x0, 0x20, 0x5, 0xfc, 0x80, 0x90, 0x12, 0x2,
    0x40, 0x48, 0x9, 0x0, 0x20, 0x7, 0xfe, 0x80,
    0x10, 0x2, 0x0, 0x40,

    /* U+AE30 "기" */
    0x0, 0x17, 0xf1, 0x1, 0x10, 0x31, 0x2, 0x10,
    0x21, 0x6, 0x10, 0xc1, 0x18, 0x13, 0x1, 0x60,
    0x10, 0x1, 0x0, 0x10, 0x1,

    /* U+AE31 "긱" */
    0x0, 0x17, 0xf1, 0x3, 0x10, 0x21, 0x6, 0x10,
    0xc1, 0x30, 0x14, 0x1, 0x0, 0x1, 0xff, 0x0,
    0x10, 0x1, 0x0, 0x10, 0x1,

    /* U+AE34 "긴" */
    0x0, 0x17, 0xf1, 0x3, 0x10, 0x31, 0x6, 0x10,
    0x41, 0x18, 0x17, 0x1, 0x40, 0x10, 0x1, 0x10,
    0x1, 0x0, 0x10, 0x1, 0xff,

    /* U+AE37 "긷" */
    0x0, 0x13, 0xf8, 0x80, 0xc4, 0x4, 0x20, 0x61,
    0x6, 0x8, 0xe0, 0x5c, 0x2, 0x0, 0x0, 0xff,
    0x84, 0x0, 0x20, 0x1, 0x0, 0xf, 0xfc,

    /* U+AE38 "길" */
    0x7f, 0x10, 0x31, 0x3, 0x10, 0x61, 0xc, 0x13,
    0x81, 0xf0, 0x10, 0x0, 0x1f, 0xf0, 0x1, 0x1f,
    0xf1, 0x0, 0x10, 0x1, 0xff,

    /* U+AE3A "긺" */
    0x7f, 0x10, 0x31, 0x3, 0x10, 0x61, 0xc, 0x13,
    0x81, 0x60, 0x10, 0x0, 0x3e, 0xf0, 0x29, 0x3e,
    0x92, 0x9, 0x20, 0x93, 0xef,

    /* U+AE40 "김" */
    0x0, 0x17, 0xf1, 0x3, 0x10, 0x21, 0x6, 0x10,
    0xc1, 0x38, 0x1e, 0x1, 0x0, 0x1, 0xff, 0x10,
    0x11, 0x1, 0x10, 0x11, 0xff,

    /* U+AE41 "깁" */
    0x7f, 0x10, 0x31, 0x3, 0x10, 0x21, 0x6, 0x10,
    0xc1, 0x78, 0x16, 0x1, 0x10, 0x11, 0x1, 0x1f,
    0xf1, 0x1, 0x10, 0x11, 0xff,

    /* U+AE43 "깃" */
    0x0, 0x13, 0xf8, 0x80, 0xc4, 0x4, 0x20, 0x61,
    0x6, 0x8, 0xe0, 0x5c, 0x2, 0x1, 0x10, 0x8,
    0x0, 0xe0, 0xd, 0x83, 0xc7, 0x10, 0x0,

    /* U+AE45 "깅" */
    0x0, 0x17, 0xf1, 0x3, 0x10, 0x21, 0x6, 0x10,
    0xc1, 0x38, 0x1c, 0x1, 0x0, 0x0, 0xfc, 0x18,
    0x33, 0x1, 0x18, 0x30, 0xfc,

    /* U+AE46 "깆" */
    0x0, 0x13, 0xf8, 0x80, 0xc4, 0x4, 0x20, 0x61,
    0x6, 0x8, 0xe0, 0x5c, 0x2, 0x0, 0x0, 0xff,
    0x80, 0x40, 0x7, 0x0, 0x6c, 0x1c, 0x1c,

    /* U+AE4A "깊" */
    0x0, 0x17, 0xf1, 0x3, 0x10, 0x31, 0x6, 0x10,
    0xc1, 0x38, 0x1e, 0x1, 0x0, 0x3, 0xff, 0x4,
    0x60, 0x46, 0x4, 0x63, 0xff,

    /* U+AE4C "까" */
    0x0, 0x27, 0xb9, 0x4, 0x48, 0x22, 0x41, 0x12,
    0x8, 0x90, 0x88, 0xe4, 0x44, 0x62, 0x26, 0x31,
    0x23, 0x8, 0x10, 0x40, 0x2, 0x0, 0x10,

    /* U+AE4D "깍" */
    0x0, 0x27, 0xb9, 0x4, 0x48, 0x22, 0x42, 0x33,
    0xb1, 0x13, 0x10, 0x81, 0x4, 0x0, 0x1, 0xff,
    0x0, 0x8, 0x0, 0x40, 0x2, 0x0, 0x10,

    /* U+AE4E "깎" */
    0x0, 0x27, 0xb9, 0x4, 0x48, 0x62, 0x72, 0x32,
    0x21, 0x12, 0x10, 0x81, 0x4, 0x0, 0x3, 0xef,
    0x3, 0x8, 0x18, 0x40, 0xc2, 0x6, 0x10,

    /* U+AE50 "깐" */
    0x0, 0x27, 0xb9, 0x4, 0x48, 0x62, 0x42, 0x13,
    0xb1, 0x11, 0x18, 0x91, 0x84, 0x8, 0x20, 0x1,
    0x8, 0x0, 0x40, 0x2, 0x0, 0x1f, 0xf0,

    /* U+AE54 "깔" */
    0xf7, 0x20, 0x89, 0xc, 0x48, 0x46, 0x76, 0x22,
    0x63, 0x10, 0x30, 0x80, 0x0, 0x3f, 0xe0, 0x1,
    0xf, 0xf8, 0x40, 0x2, 0x0, 0x1f, 0xf8,

    /* U+AE56 "깖" */
    0xfe, 0x20, 0x91, 0xc, 0x88, 0x44, 0x76, 0x42,
    0x62, 0x10, 0x20, 0x80, 0x0, 0x7b, 0xe0, 0x51,
    0x2, 0x88, 0xf4, 0x44, 0x22, 0x3f, 0xf0,

    /* U+AE5C "깜" */
    0x0, 0x27, 0xb9, 0x4, 0x48, 0x62, 0x72, 0x32,
    0x21, 0x12, 0x10, 0x81, 0x4, 0x0, 0x1, 0xff,
    0x8, 0x8, 0x40, 0x42, 0x2, 0x1f, 0xf0,

    /* U+AE5D "깝" */
    0x0, 0x27, 0xb9, 0x4, 0x48, 0x62, 0x72, 0x32,
    0x31, 0x13, 0x18, 0x81, 0x84, 0x20, 0x21, 0x1,
    0xf, 0xf8, 0x40, 0x42, 0x2, 0x1f, 0xf0,

    /* U+AE5F "깟" */
    0x0, 0x27, 0xb9, 0x4, 0x48, 0x66, 0x42, 0x23,
    0xb1, 0x13, 0x10, 0x81, 0x4, 0x2, 0x20, 0x10,
    0x1, 0xc0, 0x1b, 0x3, 0x8e, 0x20, 0x8,

    /* U+AE60 "깠" */
    0x0, 0x27, 0xb9, 0x4, 0x48, 0x62, 0x72, 0x32,
    0x31, 0x13, 0x18, 0x81, 0x84, 0x0, 0x0, 0x82,
    0x6, 0x10, 0x71, 0x46, 0xdb, 0x63, 0x8c,

    /* U+AE61 "깡" */
    0x0, 0x27, 0xb9, 0x4, 0x48, 0x62, 0x72, 0x32,
    0x23, 0x12, 0x30, 0x80, 0x4, 0x0, 0x0, 0xfc,
    0xc, 0x18, 0xc0, 0x43, 0x6, 0xf, 0xc0,

    /* U+AE65 "깥" */
    0x0, 0x27, 0xb9, 0x4, 0x48, 0x62, 0x72, 0x32,
    0x63, 0x12, 0x30, 0x80, 0x4, 0x3f, 0xe1, 0x0,
    0x8, 0x0, 0x7f, 0xc2, 0x0, 0x1f, 0xf0,

    /* U+AE68 "깨" */
    0x0, 0x90, 0x9, 0xfc, 0x92, 0x49, 0x24, 0x92,
    0x49, 0x24, 0xf4, 0xc9, 0x48, 0x98, 0x89, 0x10,
    0x90, 0x9, 0x0, 0x90, 0x1,

    /* U+AE69 "깩" */
    0x0, 0x9f, 0xc9, 0x24, 0x92, 0x4f, 0x44, 0x94,
    0x89, 0x98, 0x91, 0x9, 0x0, 0x3, 0xff, 0x0,
    0x10, 0x1, 0x0, 0x10, 0x1,

    /* U+AE6C "깬" */
    0x0, 0x97, 0xe4, 0x89, 0x24, 0x49, 0x22, 0x4f,
    0x24, 0x4b, 0x22, 0x53, 0x12, 0x0, 0x90, 0x4,
    0x88, 0x0, 0x40, 0x2, 0x0, 0x1f, 0xfc,

    /* U+AE70 "깰" */
    0xfc, 0x91, 0x24, 0x89, 0x24, 0xc9, 0xe4, 0x89,
    0x44, 0x48, 0x42, 0x40, 0x0, 0x3f, 0xf0, 0x0,
    0x8f, 0xfc, 0x40, 0x2, 0x0, 0x1f, 0xfc,

    /* U+AE78 "깸" */
    0x0, 0x9f, 0xc9, 0x24, 0x92, 0x4f, 0x44, 0x9c,
    0x89, 0x88, 0x91, 0x9, 0x0, 0x3, 0xff, 0x20,
    0x12, 0x1, 0x20, 0x13, 0xff,

    /* U+AE79 "깹" */
    0xfc, 0x92, 0x49, 0x24, 0x96, 0x4f, 0x4c, 0x9c,
    0x89, 0x18, 0x91, 0x1, 0x20, 0x12, 0x1, 0x3f,
    0xf2, 0x1, 0x20, 0x13, 0xff,

    /* U+AE7B "깻" */
    0x0, 0x97, 0xe4, 0x89, 0x24, 0x49, 0x22, 0x4f,
    0x24, 0x4b, 0x22, 0x52, 0x12, 0x3, 0x10, 0x18,
    0x1, 0xe0, 0xf, 0x1, 0xc6, 0x18, 0x1c,

    /* U+AE7C "깼" */
    0x0, 0x97, 0xe4, 0x89, 0x24, 0x49, 0xe4, 0x49,
    0x64, 0x4a, 0x62, 0x42, 0x12, 0x0, 0x0, 0x82,
    0x6, 0x18, 0x31, 0x46, 0xdb, 0x23, 0x8c,

    /* U+AE7D "깽" */
    0x0, 0x9f, 0xc9, 0x24, 0x92, 0x49, 0x64, 0xf4,
    0x89, 0x88, 0x91, 0x9, 0x0, 0x10, 0xfc, 0x30,
    0x32, 0x1, 0x30, 0x30, 0xfc,

    /* U+AE84 "꺄" */
    0x0, 0x27, 0xb9, 0x4, 0x48, 0x22, 0x41, 0x13,
    0x88, 0x90, 0x88, 0x84, 0x44, 0x42, 0x3e, 0x21,
    0x23, 0x8, 0x0, 0x40, 0x2, 0x0, 0x10,

    /* U+AE85 "꺅" */
    0x0, 0x27, 0xb9, 0x4, 0x4e, 0x62, 0x42, 0x32,
    0x31, 0x1f, 0x10, 0x81, 0x4, 0x0, 0x1, 0xff,
    0x0, 0x8, 0x0, 0x40, 0x2, 0x0, 0x10,

    /* U+AE8C "꺌" */
    0xf7, 0x20, 0x89, 0xc, 0x4e, 0x46, 0x46, 0x23,
    0xe3, 0x10, 0x30, 0x80, 0x0, 0x3f, 0xe0, 0x1,
    0xf, 0xf8, 0x40, 0x2, 0x0, 0x1f, 0xf8,

    /* U+AEBC "꺼" */
    0x0, 0x1f, 0x71, 0x11, 0x11, 0x11, 0x11, 0x13,
    0x1f, 0x22, 0x12, 0x21, 0x46, 0x1c, 0x41, 0xc,
    0x10, 0x1, 0x0, 0x10, 0x1,

    /* U+AEBD "꺽" */
    0x0, 0x3f, 0xe4, 0xcc, 0x99, 0x92, 0x3e, 0xcc,
    0x61, 0x8, 0x41, 0x0, 0x7, 0xfc, 0x0, 0x80,
    0x10, 0x2, 0x0, 0x40,

    /* U+AEBE "꺾" */
    0x0, 0x3e, 0xe4, 0x44, 0x98, 0x92, 0x3e, 0xc4,
    0x71, 0x8, 0x41, 0x0, 0x7, 0xbc, 0x10, 0x82,
    0x10, 0x42, 0x8, 0x40,

    /* U+AEC0 "껀" */
    0x0, 0x3f, 0xe4, 0x4c, 0x99, 0x92, 0x3e, 0xc4,
    0x71, 0xc, 0x61, 0x8, 0x20, 0x4, 0xc0, 0x18,
    0x3, 0x0, 0x7f, 0xc0,

    /* U+AEC4 "껄" */
    0xff, 0x26, 0x24, 0xcc, 0x91, 0xf6, 0x63, 0x88,
    0x42, 0x8, 0x0, 0x3f, 0xe0, 0x4, 0xff, 0x90,
    0x2, 0x0, 0x7f, 0xc0,

    /* U+AECC "껌" */
    0x0, 0x3f, 0xc4, 0x88, 0x91, 0x12, 0x7e, 0x88,
    0x73, 0x8, 0x41, 0x0, 0x7, 0xfc, 0x80, 0x90,
    0x12, 0x2, 0x7f, 0xc0,

    /* U+AECD "껍" */
    0xff, 0x22, 0x24, 0xcc, 0x91, 0xf6, 0x22, 0x8c,
    0x71, 0x8, 0x41, 0x30, 0x26, 0x4, 0xff, 0x98,
    0x13, 0x2, 0x7f, 0xc0,

    /* U+AECF "껏" */
    0x0, 0x2f, 0xf2, 0x13, 0x23, 0x32, 0x23, 0xe6,
    0x22, 0xc4, 0x28, 0xc2, 0x0, 0x20, 0x22, 0x3,
    0x0, 0x70, 0xd, 0x87, 0x87, 0x0, 0x0,

    /* U+AED0 "껐" */
    0x0, 0x37, 0xb9, 0x84, 0x4c, 0x62, 0x62, 0x3f,
    0x31, 0x1b, 0x18, 0xc1, 0x6, 0x18, 0x40, 0xc2,
    0x6, 0x10, 0x71, 0x46, 0x5b, 0x21, 0x8c,

    /* U+AED1 "껑" */
    0x0, 0x3f, 0xe4, 0x44, 0x99, 0x92, 0x3e, 0xc4,
    0x71, 0xc, 0x61, 0x0, 0x23, 0xf0, 0xc1, 0x90,
    0x13, 0x6, 0x1f, 0x0,

    /* U+AED8 "께" */
    0x0, 0x90, 0x9, 0xfc, 0x92, 0x49, 0x24, 0x92,
    0x79, 0x44, 0x94, 0x89, 0x48, 0x99, 0x89, 0x10,
    0x90, 0x9, 0x0, 0x90, 0x1,

    /* U+AED9 "껙" */
    0x0, 0x9f, 0xc9, 0x24, 0x92, 0x49, 0x27, 0x94,
    0x89, 0xc8, 0x91, 0x9, 0x0, 0x3, 0xff, 0x0,
    0x10, 0x1, 0x0, 0x10, 0x1,

    /* U+AEDC "껜" */
    0x0, 0x9f, 0xc9, 0x24, 0x92, 0x49, 0x27, 0x94,
    0x89, 0xc8, 0x99, 0x89, 0x10, 0x90, 0x9, 0x20,
    0x2, 0x0, 0x20, 0x3, 0xff,

    /* U+AEE8 "껨" */
    0x0, 0x9f, 0xc9, 0x24, 0x92, 0x49, 0x27, 0x94,
    0x89, 0x88, 0x91, 0x9, 0x0, 0x3, 0xff, 0x20,
    0x12, 0x1, 0x20, 0x13, 0xff,

    /* U+AEEB "껫" */
    0x0, 0x97, 0xe4, 0x89, 0x24, 0x49, 0x22, 0x79,
    0x24, 0x4b, 0x22, 0x42, 0x12, 0x3, 0x10, 0x18,
    0x1, 0xc0, 0x19, 0x83, 0x87, 0x10, 0x0,

    /* U+AEED "껭" */
    0x0, 0x9f, 0xc9, 0x24, 0x92, 0x49, 0x27, 0x94,
    0x89, 0xc8, 0x91, 0x9, 0x0, 0x10, 0xfc, 0x30,
    0x32, 0x1, 0x30, 0x30, 0xfc,

    /* U+AEF4 "껴" */
    0x0, 0x1f, 0x71, 0x11, 0x11, 0x11, 0x11, 0xf1,
    0x11, 0x23, 0x12, 0x21, 0x63, 0xf4, 0x61, 0x8c,
    0x10, 0xc1, 0x0, 0x10, 0x1,

    /* U+AEF8 "껸" */
    0x0, 0x3f, 0xe4, 0x4c, 0x99, 0xf2, 0x22, 0xc4,
    0x71, 0xfc, 0x61, 0x8, 0x20, 0x4, 0xc0, 0x18,
    0x3, 0x0, 0x7f, 0xc0,

    /* U+AEFC "껼" */
    0xff, 0x26, 0x64, 0xcf, 0x91, 0x16, 0x23, 0x8b,
    0xe2, 0x8, 0x0, 0x3f, 0xe0, 0x4, 0xff, 0x90,
    0x2, 0x0, 0x7f, 0xc0,

    /* U+AF07 "꼇" */
    0x0, 0x2f, 0xf2, 0x13, 0x23, 0x3e, 0x22, 0x26,
    0x22, 0xc7, 0xe8, 0xc2, 0x0, 0x20, 0x22, 0x3,
    0x0, 0x70, 0xd, 0x87, 0x7,

    /* U+AF08 "꼈" */
    0x0, 0x37, 0xb9, 0x84, 0x7c, 0x66, 0x66, 0x23,
    0x63, 0x7a, 0x30, 0xc1, 0x6, 0x18, 0x40, 0xc2,
    0x6, 0x10, 0x71, 0x46, 0x5b, 0x21, 0x8c,

    /* U+AF0D "꼍" */
    0xff, 0x22, 0x64, 0xcf, 0x91, 0x16, 0x23, 0x8f,
    0xe3, 0x8, 0x41, 0x3f, 0xe6, 0x0, 0xc0, 0x1f,
    0xf3, 0x0, 0x7f, 0xc0,

    /* U+AF10 "꼐" */
    0x0, 0x90, 0x9, 0xfc, 0x92, 0x49, 0x27, 0x92,
    0x49, 0x44, 0x94, 0xf9, 0x48, 0x99, 0x89, 0x10,
    0x90, 0x9, 0x0, 0x90, 0x1,

    /* U+AF2C "꼬" */
    0x7b, 0xe0, 0x41, 0x2, 0x8, 0x10, 0x40, 0x82,
    0x5, 0x10, 0x68, 0x82, 0x44, 0x2, 0x0, 0x10,
    0x3f, 0xfe,

    /* U+AF2D "꼭" */
    0x79, 0xe0, 0x41, 0x2, 0x8, 0x10, 0x40, 0xa2,
    0xd, 0x10, 0x8, 0x1f, 0xff, 0x0, 0x3, 0xff,
    0x0, 0x8, 0x0, 0x40, 0x2, 0x0, 0x10,

    /* U+AF30 "꼰" */
    0x79, 0xf0, 0x41, 0x82, 0x8, 0x10, 0x40, 0xa2,
    0xd, 0x10, 0x8, 0x1f, 0xff, 0x0, 0x0, 0x0,
    0x8, 0x0, 0x40, 0x2, 0x0, 0x1f, 0xf8,

    /* U+AF32 "꼲" */
    0x79, 0xe0, 0x41, 0x2, 0x8, 0x14, 0x41, 0xa2,
    0x1, 0x3, 0xff, 0xe0, 0x0, 0x0, 0xc3, 0x1f,
    0x98, 0x78, 0xc6, 0x46, 0x72, 0x3c, 0xf0,

    /* U+AF34 "꼴" */
    0x79, 0xe0, 0x41, 0x2, 0x8, 0x10, 0x41, 0xa2,
    0x1, 0x3, 0xff, 0xe0, 0x0, 0x7f, 0xe0, 0x1,
    0x1f, 0xf8, 0xc0, 0x6, 0x0, 0x3f, 0xf8,

    /* U+AF3C "꼼" */
    0x7b, 0xe0, 0x41, 0x2, 0x8, 0x14, 0x41, 0xa2,
    0x1, 0x3, 0xff, 0xe0, 0x0, 0x0, 0x3, 0xff,
    0x18, 0x8, 0xc0, 0x46, 0x2, 0x3f, 0xf0,

    /* U+AF3D "꼽" */
    0x7b, 0xf0, 0x41, 0x2, 0x8, 0x14, 0x41, 0xa2,
    0x1, 0x3, 0xff, 0xe0, 0x0, 0x20, 0x21, 0x1,
    0xf, 0xf8, 0x40, 0x42, 0x2, 0x1f, 0xf0,

    /* U+AF3F "꼿" */
    0x7b, 0xf0, 0x41, 0x2, 0x8, 0x10, 0x40, 0xa2,
    0xd, 0x10, 0x8, 0x1f, 0xff, 0x0, 0x0, 0x10,
    0x1, 0x80, 0xe, 0x0, 0xd8, 0x38, 0x78, 0x0,
    0x40,

    /* U+AF41 "꽁" */
    0x7b, 0xe0, 0x41, 0x2, 0x8, 0x10, 0x40, 0xa2,
    0xd, 0x10, 0x8, 0x1f, 0xff, 0x0, 0x0, 0xfe,
    0x8, 0x18, 0xc0, 0x42, 0x6, 0xf, 0xe0,

    /* U+AF42 "꽂" */
    0x7b, 0xf0, 0x41, 0x2, 0x8, 0x14, 0x41, 0xa2,
    0x1, 0x3, 0xff, 0xe0, 0x0, 0x0, 0x3, 0xff,
    0x1, 0x80, 0xa, 0x1, 0x8c, 0x38, 0x38,

    /* U+AF43 "꽃" */
    0x7b, 0xf0, 0x41, 0x2, 0x8, 0x10, 0x41, 0xa2,
    0x1, 0x3, 0xff, 0xe0, 0x0, 0x2, 0x3, 0xff,
    0x1, 0x80, 0xe, 0x1, 0x9c, 0x38, 0x38,

    /* U+AF48 "꽈" */
    0x0, 0x11, 0xde, 0x41, 0x9, 0x4, 0x24, 0x10,
    0x90, 0x42, 0x41, 0x49, 0xc9, 0x24, 0x4, 0x10,
    0x10, 0x47, 0xfd, 0x0, 0x4, 0x0, 0x10, 0x0,
    0x40,

    /* U+AF49 "꽉" */
    0x0, 0x27, 0x39, 0x8, 0x48, 0x42, 0x42, 0x93,
    0x94, 0x90, 0x20, 0x9f, 0xf4, 0x0, 0x21, 0xff,
    0x0, 0x8, 0x0, 0x40, 0x2, 0x0, 0x10,

    /* U+AF50 "꽐" */
    0xf7, 0x21, 0x89, 0xc, 0x48, 0x42, 0x72, 0x92,
    0x4, 0x13, 0xfe, 0x80, 0x4, 0x3f, 0xe0, 0x1,
    0x0, 0x8, 0x7f, 0xc2, 0x0, 0x1f, 0xf8,

    /* U+AF5C "꽜" */
    0x0, 0x27, 0x39, 0x8, 0x48, 0x42, 0x42, 0x93,
    0x94, 0x90, 0x20, 0x9f, 0xf4, 0x0, 0x0, 0xc2,
    0xe, 0x30, 0x59, 0xc6, 0x73, 0x1, 0x8,

    /* U+AF5D "꽝" */
    0x0, 0x27, 0xb9, 0xc, 0x48, 0x42, 0x42, 0x93,
    0x94, 0x90, 0x20, 0x9f, 0xf4, 0x0, 0x20, 0x7c,
    0xc, 0x18, 0x40, 0x43, 0x6, 0xf, 0xe0,

    /* U+AF64 "꽤" */
    0x0, 0x9e, 0xe9, 0x22, 0x92, 0x29, 0x22, 0x92,
    0x29, 0x3a, 0xf3, 0x89, 0x18, 0x91, 0x89, 0xff,
    0x90, 0x9, 0x0, 0x90, 0x1,

    /* U+AF65 "꽥" */
    0x0, 0x9e, 0xe9, 0x22, 0x92, 0x29, 0x3a, 0xf7,
    0xa9, 0x18, 0x9f, 0xe9, 0x0, 0x13, 0xff, 0x0,
    0x10, 0x1, 0x0, 0x10, 0x1,

    /* U+AF79 "꽹" */
    0x0, 0x9e, 0xe9, 0x22, 0x92, 0x29, 0x3a, 0xf7,
    0xa9, 0x18, 0x9f, 0xe9, 0x0, 0x10, 0xfc, 0x10,
    0x33, 0x1, 0x18, 0x30, 0xfc,

    /* U+AF80 "꾀" */
    0x0, 0x17, 0x79, 0x10, 0x91, 0x9, 0x10, 0x91,
    0x9, 0x14, 0x93, 0x49, 0x4, 0x10, 0x41, 0x7f,
    0xd0, 0x1, 0x0, 0x10, 0x1,

    /* U+AF84 "꾄" */
    0x0, 0x2e, 0xf2, 0x21, 0x22, 0x12, 0x29, 0x22,
    0x92, 0x8, 0x2f, 0xfa, 0x0, 0x20, 0x2, 0x20,
    0x22, 0x0, 0x20, 0x3, 0xff,

    /* U+AF88 "꾈" */
    0xff, 0x22, 0x12, 0x21, 0x22, 0x12, 0x29, 0x20,
    0x82, 0xff, 0xae, 0x2, 0x3f, 0xe0, 0x2, 0x0,
    0x23, 0xfe, 0x20, 0x3, 0xff,

    /* U+AF90 "꾐" */
    0x0, 0x3d, 0xe4, 0x84, 0x90, 0x92, 0x92, 0x52,
    0x42, 0xf, 0xfd, 0x0, 0x7, 0xfc, 0x80, 0x90,
    0x12, 0x2, 0x7f, 0xc0,

    /* U+AF91 "꾑" */
    0x0, 0x3d, 0xe4, 0x84, 0x90, 0x92, 0x92, 0x52,
    0x42, 0xf, 0xfd, 0x0, 0x4, 0x4, 0xff, 0x90,
    0x12, 0x2, 0x7f, 0xc0,

    /* U+AF95 "꾕" */
    0x0, 0x3d, 0xe4, 0x84, 0x90, 0x92, 0x92, 0x52,
    0x42, 0xf, 0xfd, 0x0, 0x21, 0xf0, 0xc1, 0x90,
    0x13, 0x6, 0x1f, 0x80,

    /* U+AF9C "꾜" */
    0x7b, 0xf0, 0xc1, 0x86, 0xc, 0x30, 0x41, 0x2,
    0x8, 0x10, 0x72, 0x83, 0x94, 0xc, 0x80, 0x64,
    0x3f, 0xfe,

    /* U+AFB8 "꾸" */
    0x7d, 0xf0, 0x61, 0x2, 0x8, 0x10, 0x40, 0x82,
    0x4, 0x13, 0xff, 0xe0, 0x40, 0x2, 0x0, 0x10,
    0x0, 0x80, 0x4, 0x0, 0x20, 0x0,

    /* U+AFB9 "꾹" */
    0x7d, 0xe0, 0x61, 0x3, 0x8, 0x18, 0x40, 0x82,
    0x4, 0x13, 0xff, 0xe0, 0x40, 0x2, 0x3, 0xff,
    0x0, 0x8, 0x0, 0x40, 0x2, 0x0, 0x10,

    /* U+AFBC "꾼" */
    0x7d, 0xe0, 0x61, 0x3, 0x8, 0x10, 0x40, 0x82,
    0x7f, 0xfc, 0x8, 0x0, 0x40, 0x2, 0x1, 0x10,
    0x8, 0x0, 0x40, 0x3, 0xfe, 0x0,

    /* U+AFC0 "꿀" */
    0x7d, 0xe0, 0x61, 0x3, 0x8, 0x10, 0x40, 0x82,
    0x7f, 0xfc, 0x8, 0x0, 0x40, 0x7f, 0xe0, 0x1,
    0x1f, 0xf8, 0xc0, 0x6, 0x0, 0x3f, 0xf8,

    /* U+AFC7 "꿇" */
    0x7d, 0xe0, 0x21, 0x3, 0x8, 0x18, 0x40, 0x82,
    0x7f, 0xfc, 0x8, 0x0, 0x40, 0x7c, 0x40, 0x3f,
    0x9f, 0x38, 0xc2, 0x66, 0x13, 0x3f, 0x70,

    /* U+AFC8 "꿈" */
    0x7d, 0xe0, 0x61, 0x3, 0x8, 0x10, 0x40, 0x82,
    0x7f, 0xfc, 0x8, 0x0, 0x40, 0x2, 0x3, 0xff,
    0x18, 0x8, 0xc0, 0x46, 0x2, 0x3f, 0xf0,

    /* U+AFC9 "꿉" */
    0x7d, 0xe0, 0x61, 0x3, 0x8, 0x10, 0x40, 0x82,
    0x7f, 0xfc, 0x8, 0x0, 0x40, 0x62, 0x23, 0x1,
    0x1f, 0xf8, 0xc0, 0x46, 0x2, 0x3f, 0xf0,

    /* U+AFCB "꿋" */
    0x7d, 0xe0, 0x61, 0x3, 0x8, 0x18, 0x40, 0x82,
    0x4, 0x13, 0xff, 0xe0, 0x40, 0x2, 0x0, 0x0,
    0x0, 0x80, 0xc, 0x0, 0xd8, 0x3c, 0x78, 0x0,
    0x0,

    /* U+AFCD "꿍" */
    0x7d, 0xe0, 0x61, 0x3, 0x8, 0x18, 0x40, 0x82,
    0x4, 0x13, 0xff, 0xe0, 0x40, 0x2, 0x0, 0xfe,
    0x8, 0x18, 0xc0, 0x42, 0x6, 0xf, 0xe0,

    /* U+AFCE "꿎" */
    0x7d, 0xe0, 0x61, 0x3, 0x8, 0x18, 0x40, 0x82,
    0x4, 0x13, 0xff, 0xe0, 0x40, 0x2, 0x3, 0xff,
    0x1, 0x80, 0xe, 0x1, 0x9c, 0x38, 0x38,

    /* U+AFD4 "꿔" */
    0x0, 0x17, 0x71, 0x11, 0x11, 0x11, 0x11, 0x11,
    0x11, 0x11, 0x1f, 0xfd, 0x8, 0x10, 0x9f, 0x8,
    0x10, 0x81, 0x8, 0x10, 0x81,

    /* U+AFDC "꿜" */
    0x77, 0x21, 0x12, 0x11, 0x23, 0x12, 0xff, 0xa1,
    0x82, 0x19, 0xe1, 0x82, 0x3f, 0xe0, 0x2, 0x0,
    0x23, 0xfe, 0x20, 0x3, 0xff,

    /* U+AFE8 "꿨" */
    0x77, 0x10, 0x88, 0x84, 0x44, 0x22, 0x21, 0x11,
    0x7f, 0xc8, 0x20, 0x41, 0x1e, 0x8, 0x10, 0x0,
    0x6, 0x18, 0x31, 0xc3, 0xcb, 0x33, 0xcc, 0x0,
    0x0,

    /* U+AFE9 "꿩" */
    0x77, 0x22, 0x24, 0x44, 0x98, 0x93, 0x1b, 0xff,
    0x46, 0x8, 0xcf, 0x18, 0x21, 0xf0, 0xc1, 0x90,
    0x13, 0x6, 0x1f, 0x80,

    /* U+AFF0 "꿰" */
    0x0, 0x9e, 0xe9, 0x22, 0x92, 0x29, 0x22, 0x92,
    0x29, 0xff, 0x91, 0x89, 0x18, 0x91, 0xb9, 0x18,
    0x91, 0x89, 0x18, 0x90, 0x1,

    /* U+AFF1 "꿱" */
    0x0, 0x9e, 0xe9, 0x22, 0x92, 0x29, 0x22, 0x9f,
    0xf9, 0x18, 0x91, 0xb9, 0x18, 0x90, 0x0, 0x3f,
    0xf0, 0x1, 0x0, 0x10, 0x1,

    /* U+AFF4 "꿴" */
    0x0, 0x9e, 0xe9, 0x22, 0x92, 0x29, 0x22, 0x9f,
    0xf9, 0x18, 0x91, 0xb9, 0x18, 0x90, 0x9, 0x20,
    0x12, 0x0, 0x20, 0x3, 0xff,

    /* U+AFF8 "꿸" */
    0xee, 0x92, 0x29, 0x22, 0x92, 0x29, 0x22, 0x9f,
    0xf9, 0x1b, 0x91, 0x89, 0x3f, 0xf0, 0x1, 0x0,
    0x13, 0xff, 0x20, 0x3, 0xff,

    /* U+B000 "뀀" */
    0x0, 0x9e, 0xe9, 0x22, 0x92, 0x29, 0x22, 0x9f,
    0xf9, 0x18, 0x91, 0xb9, 0x18, 0x13, 0xff, 0x20,
    0x12, 0x1, 0x20, 0x13, 0xff,

    /* U+B001 "뀁" */
    0x0, 0x9e, 0xe9, 0x22, 0x92, 0x29, 0x23, 0x9f,
    0xc9, 0x1b, 0x91, 0x89, 0x0, 0x2, 0x1, 0x3f,
    0xf2, 0x1, 0x20, 0x13, 0xff,

    /* U+B004 "뀄" */
    0x0, 0x97, 0x74, 0x88, 0xa4, 0x45, 0x22, 0x29,
    0x7f, 0xc8, 0x62, 0x43, 0x72, 0x18, 0x10, 0x42,
    0x2, 0x10, 0x39, 0xc3, 0x4a, 0x31, 0x8c,

    /* U+B00C "뀌" */
    0x0, 0x2e, 0xe4, 0x44, 0x88, 0x91, 0x12, 0x22,
    0x44, 0x4f, 0xfd, 0x8, 0x21, 0x4, 0x20, 0x84,
    0x10, 0x82, 0x10, 0x40,

    /* U+B010 "뀐" */
    0x0, 0x17, 0x71, 0x11, 0x11, 0x11, 0x11, 0x11,
    0x11, 0xff, 0xd0, 0x81, 0x8, 0x10, 0x81, 0x20,
    0x12, 0x0, 0x20, 0x3, 0xff,

    /* U+B014 "뀔" */
    0x77, 0x21, 0x12, 0x11, 0x21, 0x12, 0x31, 0x2f,
    0xfa, 0x8, 0x20, 0x80, 0x3f, 0xe0, 0x2, 0x3f,
    0xe2, 0x0, 0x20, 0x3, 0xff,

    /* U+B01C "뀜" */
    0x0, 0x2e, 0xe4, 0x44, 0x88, 0x91, 0x12, 0x62,
    0x7f, 0xe8, 0x41, 0x8, 0x7, 0xfc, 0x80, 0x90,
    0x12, 0x2, 0x7f, 0xc0,

    /* U+B01D "뀝" */
    0x0, 0x2e, 0xe4, 0x44, 0x88, 0x91, 0x13, 0xff,
    0x42, 0x8, 0x41, 0x0, 0x4, 0x4, 0xff, 0x90,
    0x12, 0x2, 0x7f, 0xc0,

    /* U+B028 "뀨" */
    0x7d, 0xf0, 0x61, 0x2, 0x8, 0x10, 0x40, 0x82,
    0x4, 0x13, 0xff, 0xe2, 0x18, 0x10, 0xc0, 0x86,
    0x4, 0x30, 0x21, 0x81, 0xc, 0x0,

    /* U+B044 "끄" */
    0x7d, 0xe0, 0x61, 0x3, 0x8, 0x10, 0x40, 0x82,
    0x4, 0x10, 0x20, 0x83, 0x4, 0x0, 0x0, 0x0,
    0x3f, 0xfe,

    /* U+B045 "끅" */
    0x7d, 0xe0, 0x61, 0x3, 0x8, 0x18, 0x40, 0x82,
    0x4, 0x13, 0xff, 0xe0, 0x0, 0x0, 0x3, 0xff,
    0x0, 0x8, 0x0, 0x40, 0x2, 0x0, 0x10,

    /* U+B048 "끈" */
    0x7d, 0xe0, 0x61, 0x3, 0x8, 0x10, 0x40, 0x82,
    0x4, 0x13, 0xff, 0xe0, 0x0, 0x60, 0x3, 0x0,
    0x18, 0x0, 0xc0, 0x7, 0xff, 0x0,

    /* U+B04A "끊" */
    0x7d, 0xe0, 0x61, 0x3, 0x8, 0x18, 0x40, 0x82,
    0x4, 0x13, 0xff, 0xe0, 0x18, 0x0, 0xc3, 0x19,
    0x98, 0x78, 0xc6, 0x46, 0x72, 0x3c, 0xf0,

    /* U+B04C "끌" */
    0x7d, 0xe0, 0x61, 0x3, 0x8, 0x10, 0x40, 0x82,
    0x7f, 0xfc, 0x0, 0x0, 0x0, 0x7f, 0xe0, 0x1,
    0x1f, 0xf8, 0xc0, 0x6, 0x0, 0x3f, 0xf8,

    /* U+B04E "끎" */
    0x7d, 0xe0, 0x21, 0x3, 0x8, 0x18, 0x40, 0xc2,
    0x4, 0x13, 0xff, 0xe0, 0x0, 0x7d, 0xf0, 0x29,
    0x9f, 0x4c, 0xc2, 0x66, 0x13, 0x3e, 0xf8,

    /* U+B053 "끓" */
    0x7d, 0xe0, 0x21, 0x3, 0x8, 0x18, 0x40, 0x82,
    0x7f, 0xfc, 0x0, 0x0, 0x8, 0x7c, 0x40, 0x3f,
    0x9f, 0x38, 0xc2, 0x66, 0x13, 0x3f, 0x70,

    /* U+B054 "끔" */
    0x7d, 0xe0, 0x61, 0x3, 0x8, 0x18, 0x40, 0x82,
    0x4, 0x13, 0xff, 0xe0, 0x0, 0x0, 0x3, 0xff,
    0x18, 0x8, 0xc0, 0x46, 0x2, 0x3f, 0xf0,

    /* U+B055 "끕" */
    0x7d, 0xe0, 0x61, 0x3, 0x8, 0x10, 0x40, 0x82,
    0x7f, 0xfc, 0x0, 0x0, 0x0, 0x60, 0x23, 0x1,
    0x1f, 0xf8, 0xc0, 0x46, 0x2, 0x3f, 0xf0,

    /* U+B057 "끗" */
    0x7d, 0xe0, 0x61, 0x3, 0x8, 0x18, 0x40, 0x82,
    0x4, 0x13, 0xff, 0xe0, 0x0, 0x0, 0x0, 0x10,
    0x1, 0x80, 0x1a, 0x1, 0x8c, 0x30, 0x38,

    /* U+B059 "끙" */
    0x7d, 0xe0, 0x61, 0x3, 0x8, 0x18, 0x40, 0x82,
    0x4, 0x13, 0xff, 0xe0, 0x0, 0x0, 0x0, 0xfe,
    0xc, 0x18, 0xc0, 0x42, 0x6, 0xf, 0xe0,

    /* U+B05D "끝" */
    0x7d, 0xe0, 0x61, 0x3, 0x8, 0x10, 0x40, 0x82,
    0x7f, 0xfc, 0x0, 0x0, 0x0, 0x7f, 0xe3, 0x0,
    0x1f, 0xf8, 0xc0, 0x6, 0x0, 0x3f, 0xf0,

    /* U+B07C "끼" */
    0x0, 0x3e, 0xe4, 0x44, 0x88, 0x91, 0x12, 0x42,
    0x48, 0x89, 0x11, 0x46, 0x38, 0x84, 0x30, 0x80,
    0x10, 0x2, 0x0, 0x40,

    /* U+B07D "끽" */
    0x0, 0x3e, 0xe4, 0x44, 0x98, 0x92, 0x22, 0x84,
    0x61, 0x8, 0x1, 0x0, 0x7, 0xfc, 0x0, 0x80,
    0x10, 0x2, 0x0, 0x40,

    /* U+B080 "낀" */
    0x0, 0x2f, 0x72, 0x31, 0x22, 0x12, 0x21, 0x26,
    0x22, 0x46, 0x28, 0xc2, 0xc, 0x20, 0x2, 0x20,
    0x2, 0x0, 0x20, 0x3, 0xff,

    /* U+B084 "낄" */
    0xf7, 0x21, 0x12, 0x31, 0x22, 0x32, 0x62, 0x2c,
    0x62, 0xc, 0x20, 0x0, 0x3f, 0xe0, 0x2, 0x3f,
    0xe2, 0x0, 0x20, 0x3, 0xff,

    /* U+B08C "낌" */
    0x0, 0x3e, 0xe4, 0x44, 0x98, 0x92, 0x22, 0xc4,
    0x71, 0x8, 0x41, 0x0, 0x7, 0xfc, 0x80, 0x90,
    0x12, 0x2, 0x7f, 0xc0,

    /* U+B08D "낍" */
    0xf7, 0x22, 0x24, 0xc4, 0x91, 0x96, 0x22, 0xc4,
    0x71, 0xc, 0x61, 0x20, 0x24, 0x4, 0xff, 0x90,
    0x12, 0x2, 0x7f, 0xc0,

    /* U+B08F "낏" */
    0x0, 0x2f, 0x72, 0x11, 0x23, 0x12, 0x23, 0x26,
    0x22, 0xc6, 0x28, 0xc2, 0x0, 0x20, 0x32, 0x3,
    0x0, 0x70, 0xd, 0x83, 0x87, 0x20, 0x10,

    /* U+B091 "낑" */
    0x0, 0x3e, 0xe4, 0x44, 0x98, 0x92, 0x22, 0x84,
    0x61, 0x8, 0x1, 0x0, 0x3, 0xf0, 0xc1, 0x90,
    0x13, 0x6, 0x3f, 0x0,

    /* U+B098 "나" */
    0x0, 0x48, 0x4, 0x80, 0x48, 0x4, 0x80, 0x48,
    0x4, 0x80, 0x78, 0x4, 0x80, 0x4f, 0xe4, 0x0,
    0x40, 0x4, 0x0, 0x40, 0x4,

    /* U+B099 "낙" */
    0x80, 0x48, 0x4, 0x80, 0x48, 0x7, 0x80, 0x48,
    0x34, 0xff, 0x40, 0x4, 0x0, 0x7, 0xfc, 0x0,
    0x40, 0x4, 0x0, 0x40, 0x4,

    /* U+B09A "낚" */
    0x80, 0x48, 0x4, 0x80, 0x48, 0x7, 0x80, 0x48,
    0x34, 0xff, 0x40, 0x4, 0x0, 0x7, 0xbc, 0x8,
    0x40, 0x84, 0x8, 0x40, 0x84,

    /* U+B09C "난" */
    0x80, 0x48, 0x4, 0x80, 0x48, 0x4, 0x80, 0x78,
    0x14, 0xff, 0x40, 0x4, 0x0, 0x46, 0x4, 0x60,
    0x6, 0x0, 0x60, 0x7, 0xfe,

    /* U+B09F "낟" */
    0x80, 0x48, 0x4, 0x80, 0x48, 0x7, 0x80, 0x48,
    0x34, 0xff, 0x40, 0x4, 0x0, 0x7, 0xfc, 0x40,
    0x4, 0x0, 0x40, 0x7, 0xfc,

    /* U+B0A0 "날" */
    0x80, 0x48, 0x4, 0x80, 0x48, 0x7, 0x80, 0x4f,
    0xf4, 0x0, 0x40, 0x0, 0x7f, 0xc0, 0x4, 0x7f,
    0xc4, 0x0, 0x40, 0x7, 0xfe,

    /* U+B0A1 "낡" */
    0x80, 0x48, 0x4, 0x80, 0x48, 0x7, 0x80, 0x4f,
    0xe4, 0x0, 0x40, 0x0, 0x7b, 0xc0, 0x84, 0x78,
    0x44, 0x4, 0x40, 0x47, 0xc4,

    /* U+B0A2 "낢" */
    0x80, 0x48, 0x4, 0x80, 0x48, 0x7, 0x80, 0x4f,
    0xf4, 0x0, 0x40, 0x0, 0xfb, 0xc0, 0xa4, 0xfa,
    0x4c, 0x24, 0xc2, 0x4f, 0xbc,

    /* U+B0A8 "남" */
    0x80, 0x48, 0x4, 0x80, 0x48, 0x7, 0x80, 0x48,
    0x34, 0xff, 0x40, 0x4, 0x0, 0x7, 0xfc, 0x40,
    0x44, 0x4, 0x40, 0x47, 0xfc,

    /* U+B0A9 "납" */
    0x80, 0x48, 0x4, 0x80, 0x48, 0x7, 0x80, 0x48,
    0x34, 0xff, 0x40, 0x0, 0x40, 0x44, 0x4, 0x7f,
    0xc4, 0x4, 0x40, 0x47, 0xfc,

    /* U+B0AB "낫" */
    0x0, 0x48, 0x4, 0x80, 0x48, 0x4, 0x80, 0x78,
    0x4, 0xff, 0x40, 0x4, 0x2, 0x40, 0x20, 0x6,
    0x0, 0xd0, 0x38, 0xc6, 0x6,

    /* U+B0AC "났" */
    0x0, 0x48, 0x4, 0x80, 0x48, 0x7, 0x80, 0x48,
    0x34, 0xfe, 0x40, 0x4, 0x0, 0x1, 0x8, 0x10,
    0x83, 0x1c, 0x69, 0x4c, 0x63,

    /* U+B0AD "낭" */
    0x0, 0x48, 0x4, 0x80, 0x48, 0x7, 0x80, 0x48,
    0x24, 0xfe, 0x40, 0x4, 0x0, 0x3, 0xf0, 0x60,
    0xc4, 0x4, 0x60, 0xc1, 0xf0,

    /* U+B0AE "낮" */
    0x80, 0x48, 0x4, 0x80, 0x48, 0x7, 0x80, 0x48,
    0x24, 0xfe, 0x40, 0x4, 0x0, 0x7, 0xfc, 0x4,
    0x0, 0xe0, 0x1b, 0x7, 0xe,

    /* U+B0AF "낯" */
    0x80, 0x48, 0x4, 0x80, 0x48, 0x7, 0x80, 0x4f,
    0xe4, 0x0, 0x40, 0x44, 0x4, 0x7, 0xfc, 0x4,
    0x0, 0xa0, 0x1b, 0x6, 0xe,

    /* U+B0B1 "낱" */
    0x80, 0x48, 0x4, 0x80, 0x48, 0x7, 0x81, 0x4f,
    0xf4, 0x0, 0x40, 0x0, 0x7f, 0xc4, 0x0, 0x40,
    0x7, 0xfc, 0x40, 0x7, 0xfc,

    /* U+B0B3 "낳" */
    0x80, 0x48, 0x4, 0x80, 0x48, 0x7, 0x80, 0x4f,
    0xe4, 0x0, 0x40, 0x40, 0x7f, 0xe0, 0x0, 0x1f,
    0x82, 0x4, 0x20, 0x41, 0xf8,

    /* U+B0B4 "내" */
    0x1, 0x30, 0x26, 0x4, 0xc0, 0x98, 0x13, 0x2,
    0x60, 0x7c, 0x9, 0x81, 0x3f, 0xa4, 0x4, 0x80,
    0x90, 0x12, 0x0, 0x40,

    /* U+B0B5 "낵" */
    0x1, 0x30, 0x26, 0x4, 0xc0, 0xf8, 0x13, 0xa,
    0x7f, 0x48, 0x9, 0x0, 0x7, 0xfc, 0x0, 0x80,
    0x10, 0x2, 0x0, 0x40,

    /* U+B0B8 "낸" */
    0x1, 0x30, 0x26, 0x4, 0xc0, 0x98, 0x1f, 0x2,
    0x7f, 0x48, 0x9, 0x1, 0x24, 0x24, 0x80, 0x10,
    0x2, 0x0, 0x7f, 0xc0,

    /* U+B0BC "낼" */
    0x81, 0x28, 0x12, 0x81, 0x28, 0x1e, 0x81, 0x2f,
    0xd2, 0x1, 0x20, 0x0, 0x3f, 0xe0, 0x2, 0x3f,
    0xe2, 0x0, 0x20, 0x3, 0xff,

    /* U+B0C4 "냄" */
    0x1, 0x30, 0x26, 0x4, 0xc0, 0xf8, 0x13, 0x2,
    0x7f, 0x48, 0x9, 0x0, 0x7, 0xfc, 0x80, 0x90,
    0x12, 0x2, 0x7f, 0xc0,

    /* U+B0C5 "냅" */
    0x1, 0x30, 0x26, 0x4, 0xc0, 0xf8, 0x13, 0x2,
    0x7f, 0x48, 0x1, 0x20, 0x24, 0x4, 0xff, 0x90,
    0x12, 0x2, 0x7f, 0xc0,

    /* U+B0C7 "냇" */
    0x1, 0x28, 0x12, 0x81, 0x28, 0x12, 0x81, 0xe8,
    0x12, 0xfd, 0x20, 0x12, 0x0, 0x20, 0x20, 0x6,
    0x0, 0xd0, 0x38, 0xc6, 0x2,

    /* U+B0C8 "냈" */
    0x1, 0x28, 0x12, 0x81, 0x28, 0x1e, 0x81, 0x28,
    0x12, 0xfd, 0x20, 0x12, 0x10, 0xc1, 0xc, 0x10,
    0xc2, 0x8c, 0x6d, 0x6c, 0x61,

    /* U+B0C9 "냉" */
    0x1, 0x30, 0x26, 0x4, 0xc0, 0x98, 0x1f, 0x2,
    0x7f, 0x48, 0x9, 0x0, 0x23, 0xf0, 0xc1, 0x90,
    0x13, 0x6, 0x3f, 0x0,

    /* U+B0D0 "냐" */
    0x0, 0x40, 0x4, 0x80, 0x48, 0x7, 0x80, 0x48,
    0x4, 0x80, 0x48, 0x4, 0x80, 0x78, 0x34, 0xfe,
    0x40, 0x4, 0x0, 0x40, 0x4,

    /* U+B0D1 "냑" */
    0x80, 0x48, 0x4, 0x80, 0x78, 0x4, 0x80, 0x48,
    0x17, 0xff, 0x40, 0x4, 0x0, 0x7, 0xfc, 0x0,
    0x40, 0x4, 0x0, 0x40, 0x4,

    /* U+B0D4 "냔" */
    0x80, 0x48, 0x4, 0x80, 0x78, 0x4, 0x80, 0x48,
    0x17, 0xff, 0x70, 0x4, 0x0, 0x46, 0x4, 0x60,
    0x6, 0x0, 0x60, 0x7, 0xfe,

    /* U+B0D8 "냘" */
    0x80, 0x48, 0x4, 0x80, 0x78, 0x4, 0x80, 0x7f,
    0xf4, 0x0, 0x40, 0x0, 0x7f, 0xc0, 0x4, 0x7f,
    0xc4, 0x0, 0x40, 0x7, 0xfe,

    /* U+B0E0 "냠" */
    0x80, 0x48, 0x4, 0x80, 0x78, 0x4, 0x80, 0x48,
    0x37, 0xff, 0x40, 0x4, 0x0, 0x7, 0xfc, 0x40,
    0x44, 0x4, 0x40, 0x47, 0xfc,

    /* U+B0E5 "냥" */
    0x0, 0x48, 0x4, 0x80, 0x78, 0x4, 0x80, 0x48,
    0x7, 0xfe, 0x40, 0x4, 0x0, 0x3, 0xf0, 0x60,
    0xc4, 0x4, 0x60, 0xc1, 0xf0,

    /* U+B108 "너" */
    0x0, 0x20, 0x6, 0x0, 0xc0, 0x18, 0x3, 0x7,
    0xe0, 0xc, 0x1, 0x80, 0x30, 0x7, 0xfc, 0x80,
    0x10, 0x2, 0x0, 0x40,

    /* U+B109 "넉" */
    0x80, 0x30, 0x6, 0x0, 0xc1, 0xf8, 0x3, 0x0,
    0x7f, 0xc8, 0x1, 0x0, 0x7, 0xfc, 0x0, 0x80,
    0x10, 0x2, 0x0, 0x40,

    /* U+B10B "넋" */
    0x80, 0x48, 0x4, 0x87, 0xc8, 0x4, 0x80, 0x48,
    0x4, 0xfe, 0x40, 0x4, 0x0, 0x7, 0x88, 0x8,
    0x80, 0x98, 0x9, 0x40, 0xa2,

    /* U+B10C "넌" */
    0x0, 0x30, 0x6, 0x0, 0xc1, 0xf8, 0x3, 0x0,
    0x60, 0x4f, 0xf9, 0x0, 0x20, 0x4, 0x80, 0x10,
    0x2, 0x0, 0x7f, 0xc0,

    /* U+B110 "널" */
    0x80, 0x30, 0x6, 0xf, 0xc0, 0x18, 0x3, 0x2,
    0x7f, 0xc8, 0x0, 0x3f, 0xe0, 0x4, 0xff, 0x90,
    0x2, 0x0, 0x7f, 0xc0,

    /* U+B112 "넒" */
    0x80, 0x30, 0x6, 0xf, 0xc0, 0x18, 0x3, 0x4,
    0x7f, 0x88, 0x1, 0x7b, 0xe1, 0x44, 0x28, 0xbd,
    0x14, 0x22, 0xff, 0xc0,

    /* U+B113 "넓" */
    0x80, 0x30, 0x6, 0xf, 0xc0, 0x18, 0x3, 0x4,
    0x7f, 0x88, 0x0, 0x7a, 0x21, 0x44, 0x2f, 0xbd,
    0x14, 0x22, 0xff, 0xc0,

    /* U+B118 "넘" */
    0x80, 0x30, 0x6, 0x0, 0xc1, 0xf8, 0x3, 0x0,
    0x7f, 0xc8, 0x1, 0x0, 0xf, 0xfd, 0x80, 0xb0,
    0x16, 0x2, 0xff, 0xc0,

    /* U+B119 "넙" */
    0x80, 0x30, 0x6, 0xf, 0xc0, 0x18, 0x3, 0x2,
    0x7f, 0xc8, 0x1, 0x60, 0x2c, 0x5, 0xff, 0xb0,
    0x16, 0x2, 0xff, 0xc0,

    /* U+B11B "넛" */
    0x80, 0x28, 0x2, 0x80, 0x28, 0x3e, 0x80, 0x28,
    0x2, 0xff, 0x20, 0x2, 0x2, 0x20, 0x22, 0x2,
    0x0, 0x70, 0xd, 0x87, 0x7, 0x0, 0x0,

    /* U+B11C "넜" */
    0x0, 0x68, 0x6, 0x80, 0x68, 0x7e, 0x80, 0x68,
    0x6, 0xfe, 0x60, 0x6, 0x10, 0x81, 0x8, 0x10,
    0x82, 0x94, 0x6b, 0x68, 0x63,

    /* U+B11D "넝" */
    0x0, 0x30, 0x6, 0x0, 0xc1, 0xf8, 0x3, 0x0,
    0x7f, 0xc8, 0x1, 0x0, 0x23, 0xf1, 0x81, 0xb0,
    0x16, 0x6, 0x3f, 0x0,

    /* U+B123 "넣" */
    0x80, 0x30, 0x6, 0xf, 0xc0, 0x18, 0x3, 0xfe,
    0x40, 0x8, 0x10, 0x7f, 0xe0, 0x0, 0x7e, 0x18,
    0x23, 0x4, 0x3f, 0x0,

    /* U+B124 "네" */
    0x1, 0x30, 0x26, 0x4, 0xc0, 0x98, 0x13, 0x1e,
    0x60, 0x4c, 0x9, 0x81, 0x3f, 0xa4, 0x4, 0x80,
    0x90, 0x12, 0x0, 0x40,

    /* U+B125 "넥" */
    0x1, 0x30, 0x26, 0x4, 0xc7, 0x98, 0x13, 0x2,
    0x7f, 0x48, 0x9, 0x0, 0x7, 0xfc, 0x0, 0x80,
    0x10, 0x2, 0x0, 0x40,

    /* U+B128 "넨" */
    0x1, 0x28, 0x12, 0x81, 0x28, 0xf2, 0x81, 0x28,
    0x12, 0x81, 0x2f, 0xd2, 0x1, 0x22, 0x12, 0x20,
    0x2, 0x0, 0x20, 0x3, 0xff,

    /* U+B12C "넬" */
    0x81, 0x28, 0x12, 0x8f, 0x28, 0x12, 0x81, 0x2f,
    0xd2, 0x1, 0x20, 0x0, 0x3f, 0xe0, 0x2, 0x3f,
    0xe2, 0x0, 0x20, 0x3, 0xff,

    /* U+B134 "넴" */
    0x1, 0x30, 0x26, 0x4, 0xc7, 0x98, 0x13, 0x2,
    0x7f, 0x48, 0x9, 0x0, 0x7, 0xfc, 0x80, 0x90,
    0x12, 0x2, 0x7f, 0xc0,

    /* U+B135 "넵" */
    0x1, 0x30, 0x26, 0x3c, 0xc0, 0x98, 0x13, 0x2,
    0x7f, 0x48, 0x1, 0x20, 0x24, 0x4, 0xff, 0x90,
    0x12, 0x2, 0x7f, 0xc0,

    /* U+B137 "넷" */
    0x1, 0x28, 0x12, 0x81, 0x28, 0xf2, 0x81, 0x28,
    0x12, 0x81, 0x2f, 0xd2, 0x0, 0x20, 0x22, 0x2,
    0x0, 0x70, 0xd, 0x87, 0xe, 0x40, 0x0,

    /* U+B138 "넸" */
    0x1, 0x28, 0x12, 0x81, 0x28, 0xf2, 0x81, 0x28,
    0x12, 0xfd, 0x20, 0x12, 0x10, 0x81, 0x8, 0x11,
    0xc2, 0x94, 0x6f, 0x68, 0x61,

    /* U+B139 "넹" */
    0x1, 0x30, 0x26, 0x4, 0xc7, 0x98, 0x13, 0x2,
    0x7f, 0x48, 0x9, 0x0, 0x23, 0xf0, 0xc1, 0x90,
    0x13, 0x6, 0x3f, 0x0,

    /* U+B140 "녀" */
    0x0, 0x20, 0x6, 0x0, 0xc1, 0xf8, 0x3, 0x0,
    0x60, 0xfc, 0x1, 0x80, 0x30, 0x27, 0xfc, 0x80,
    0x10, 0x2, 0x0, 0x40,

    /* U+B141 "녁" */
    0x0, 0x30, 0x6, 0xf, 0xc0, 0x18, 0x3f, 0x0,
    0x60, 0x4f, 0xf9, 0x0, 0x27, 0xfc, 0x0, 0x80,
    0x10, 0x2, 0x0, 0x40,

    /* U+B144 "년" */
    0x0, 0x30, 0x6, 0xf, 0xc0, 0x18, 0x3f, 0x0,
    0x60, 0x4f, 0xf9, 0x0, 0x20, 0x4, 0x80, 0x10,
    0x2, 0x0, 0x7f, 0xc0,

    /* U+B148 "녈" */
    0x80, 0x30, 0x7e, 0x0, 0xc0, 0x18, 0x3f, 0x0,
    0x7f, 0xc8, 0x0, 0x3f, 0xe0, 0x4, 0xff, 0x90,
    0x2, 0x0, 0x7f, 0xc0,

    /* U+B150 "념" */
    0x80, 0x30, 0x7e, 0x0, 0xc0, 0x18, 0x3f, 0x0,
    0x60, 0xf, 0xf9, 0x0, 0xf, 0xfd, 0x80, 0xb0,
    0x16, 0x2, 0xff, 0xc0,

    /* U+B151 "녑" */
    0x80, 0x30, 0x7e, 0x0, 0xc0, 0x18, 0x3f, 0x0,
    0x7f, 0xc8, 0x1, 0x20, 0x24, 0x4, 0xff, 0x90,
    0x12, 0x2, 0x7f, 0xc0,

    /* U+B154 "녔" */
    0x80, 0x68, 0x7e, 0x80, 0x68, 0x6, 0x87, 0xe8,
    0x6, 0x80, 0x6f, 0xe6, 0x10, 0x81, 0x8, 0x10,
    0x82, 0x94, 0x4f, 0x68, 0x60,

    /* U+B155 "녕" */
    0x0, 0x30, 0x7e, 0x0, 0xc0, 0x18, 0x3f, 0x0,
    0x60, 0x4f, 0xf9, 0x0, 0x23, 0xf1, 0x81, 0xb0,
    0x16, 0x6, 0x3f, 0x0,

    /* U+B158 "녘" */
    0x80, 0x30, 0x7e, 0x0, 0xc0, 0x18, 0x3f, 0x0,
    0x7f, 0xc8, 0x1, 0x0, 0x7, 0xfc, 0x0, 0xbf,
    0xf0, 0x2, 0x0, 0x40,

    /* U+B15C "녜" */
    0x1, 0x20, 0x26, 0x4, 0xc7, 0x98, 0x13, 0x2,
    0x63, 0xcc, 0x9, 0x81, 0x30, 0xa7, 0xf4, 0x80,
    0x90, 0x12, 0x0, 0x40,

    /* U+B160 "녠" */
    0x1, 0x28, 0x12, 0x8f, 0x28, 0x12, 0x81, 0x28,
    0xf2, 0x81, 0x2f, 0xd2, 0x1, 0x20, 0x12, 0x20,
    0x22, 0x0, 0x20, 0x3, 0xff,

    /* U+B178 "노" */
    0x20, 0x1, 0x0, 0x8, 0x0, 0x40, 0x2, 0x0,
    0x1f, 0xf0, 0x8, 0x0, 0x40, 0x2, 0x0, 0x10,
    0x3f, 0xfe,

    /* U+B179 "녹" */
    0x20, 0x1, 0x0, 0x8, 0x0, 0x40, 0x3, 0xfe,
    0x1, 0x0, 0x8, 0x1f, 0xff, 0x0, 0x3, 0xff,
    0x0, 0x8, 0x0, 0x40, 0x2, 0x0, 0x10,

    /* U+B17C "논" */
    0x20, 0x1, 0x0, 0x8, 0x0, 0x40, 0x3, 0xfe,
    0x1, 0x0, 0x8, 0x1f, 0xff, 0x0, 0x0, 0x0,
    0x8, 0x0, 0x40, 0x2, 0x0, 0x1f, 0xf0,

    /* U+B180 "놀" */
    0x20, 0x1, 0x0, 0x8, 0x0, 0x7f, 0xc0, 0x20,
    0x1, 0x3, 0xff, 0xe0, 0x0, 0x3f, 0xe0, 0x1,
    0xf, 0xf8, 0x40, 0x2, 0x0, 0x1f, 0xf8,

    /* U+B182 "놂" */
    0x20, 0x1, 0x0, 0x8, 0x0, 0x7f, 0xe0, 0x20,
    0x1, 0x3, 0xff, 0xe0, 0x0, 0x7d, 0xf0, 0x29,
    0x81, 0x4c, 0xfa, 0x66, 0x13, 0x3e, 0xf8,

    /* U+B188 "놈" */
    0x20, 0x1, 0x0, 0x8, 0x0, 0x40, 0x3, 0xfe,
    0x1, 0x0, 0x8, 0x1f, 0xff, 0x0, 0x1, 0xff,
    0x8, 0x8, 0x40, 0x42, 0x2, 0x1f, 0xf0,

    /* U+B189 "놉" */
    0x20, 0x1, 0x0, 0x8, 0x0, 0x40, 0x3, 0xfe,
    0x1, 0x3, 0xff, 0xe0, 0x0, 0x0, 0x1, 0x1,
    0xf, 0xf8, 0x40, 0x42, 0x2, 0x1f, 0xf0,

    /* U+B18B "놋" */
    0x20, 0x1, 0x0, 0x8, 0x0, 0x40, 0x3, 0xfe,
    0x1, 0x0, 0x8, 0x1f, 0xff, 0x0, 0x0, 0x10,
    0x0, 0x80, 0xa, 0x1, 0x98, 0x38, 0x38,

    /* U+B18D "농" */
    0x20, 0x1, 0x0, 0x8, 0x0, 0x40, 0x3, 0xfe,
    0x1, 0x0, 0x8, 0x1f, 0xff, 0x0, 0x0, 0xfe,
    0xc, 0x18, 0x40, 0x43, 0x6, 0xf, 0xe0,

    /* U+B192 "높" */
    0x20, 0x1, 0x0, 0x8, 0x0, 0x40, 0x3, 0xff,
    0x1, 0x3, 0xff, 0xe0, 0x0, 0x0, 0x3, 0xff,
    0x82, 0x20, 0x11, 0x0, 0x88, 0x3f, 0xf8,

    /* U+B193 "놓" */
    0x20, 0x1, 0x0, 0x8, 0x0, 0x7f, 0xc0, 0x20,
    0x1, 0x3, 0xff, 0xe0, 0x40, 0x7f, 0xf0, 0x0,
    0x7, 0xf0, 0x60, 0xc3, 0x6, 0xf, 0xe0,

    /* U+B194 "놔" */
    0x0, 0x22, 0x1, 0x10, 0x8, 0x80, 0x44, 0x2,
    0x20, 0x11, 0xfc, 0xe1, 0x4, 0x8, 0x20, 0x41,
    0x3f, 0xe8, 0x0, 0x40, 0x2, 0x0, 0x10,

    /* U+B198 "놘" */
    0x0, 0x22, 0x1, 0x10, 0x8, 0x80, 0x47, 0xf3,
    0x84, 0x10, 0x20, 0x81, 0x14, 0xff, 0xa0, 0x1,
    0x8, 0x8, 0x40, 0x2, 0x0, 0x1f, 0xf8,

    /* U+B19C "놜" */
    0x40, 0x22, 0x1, 0x10, 0x8, 0xfe, 0x70, 0x82,
    0x4, 0x13, 0xfe, 0x80, 0x4, 0x3f, 0xe0, 0x1,
    0x0, 0x8, 0x7f, 0xc2, 0x0, 0x1f, 0xf8,

    /* U+B1A8 "놨" */
    0x0, 0x22, 0x1, 0x10, 0x8, 0x80, 0x47, 0xf3,
    0x8c, 0x10, 0x60, 0x9f, 0xf4, 0x0, 0x0, 0x82,
    0x4, 0x10, 0x51, 0x46, 0xf3, 0x1, 0x0,

    /* U+B1CC "뇌" */
    0x0, 0x28, 0x5, 0x0, 0xa0, 0x14, 0x2, 0x80,
    0x5f, 0xc8, 0x41, 0x8, 0x21, 0x7, 0xfe, 0x80,
    0x10, 0x2, 0x0, 0x40,

    /* U+B1D0 "뇐" */
    0x0, 0x24, 0x2, 0x40, 0x24, 0x2, 0x7f, 0x20,
    0x82, 0x8, 0x2f, 0xfa, 0x0, 0x20, 0x2, 0x20,
    0x2, 0x0, 0x20, 0x3, 0xff,

    /* U+B1D4 "뇔" */
    0x40, 0x24, 0x2, 0x40, 0x27, 0xf2, 0x8, 0x20,
    0x82, 0xff, 0xa0, 0x0, 0x3f, 0xe0, 0x2, 0x0,
    0x23, 0xfe, 0x20, 0x3, 0xff,

    /* U+B1DC "뇜" */
    0x40, 0x28, 0x5, 0x0, 0xa0, 0x17, 0xf2, 0x10,
    0x42, 0xf, 0xfd, 0x0, 0x7, 0xfc, 0x80, 0x90,
    0x12, 0x2, 0x7f, 0xc0,

    /* U+B1DD "뇝" */
    0x40, 0x28, 0x5, 0x0, 0xa0, 0x17, 0xf2, 0x10,
    0x42, 0xf, 0xfd, 0x0, 0x6, 0x4, 0xff, 0x98,
    0x13, 0x2, 0x7f, 0xc0,

    /* U+B1DF "뇟" */
    0x0, 0x24, 0x2, 0x40, 0x24, 0x2, 0x7f, 0x20,
    0x82, 0x8, 0x2f, 0xfa, 0x0, 0x20, 0x22, 0x2,
    0x0, 0x50, 0xd, 0x87, 0x7,

    /* U+B1E8 "뇨" */
    0x20, 0x1, 0x0, 0x8, 0x0, 0x40, 0x2, 0x0,
    0x1f, 0xf0, 0x22, 0x1, 0x10, 0x8, 0x80, 0x44,
    0x3f, 0xfe,

    /* U+B1E9 "뇩" */
    0x20, 0x1, 0x0, 0x8, 0x0, 0x40, 0x3, 0xfe,
    0x4, 0x40, 0x22, 0x1f, 0xff, 0x0, 0x1, 0xff,
    0x0, 0x8, 0x0, 0x40, 0x2, 0x0, 0x10,

    /* U+B1EC "뇬" */
    0x20, 0x1, 0x0, 0x8, 0x0, 0x40, 0x3, 0xfe,
    0x4, 0x40, 0x22, 0x1f, 0xff, 0x0, 0x0, 0x0,
    0x8, 0x0, 0x40, 0x2, 0x0, 0x1f, 0xf0,

    /* U+B1F0 "뇰" */
    0x20, 0x1, 0x0, 0x8, 0x0, 0x7f, 0xc0, 0x88,
    0x4, 0x43, 0xff, 0xe0, 0x0, 0x3f, 0xe0, 0x1,
    0xf, 0xf8, 0x40, 0x2, 0x0, 0x1f, 0xf8,

    /* U+B1F9 "뇹" */
    0x20, 0x1, 0x0, 0x8, 0x0, 0x40, 0x3, 0xfe,
    0x4, 0x43, 0xff, 0xe0, 0x0, 0x0, 0x1, 0x1,
    0xf, 0xf8, 0x40, 0x42, 0x2, 0x1f, 0xf0,

    /* U+B1FB "뇻" */
    0x20, 0x1, 0x0, 0x8, 0x0, 0x40, 0x3, 0xfe,
    0x4, 0x40, 0x22, 0x1f, 0xff, 0x0, 0x0, 0x10,
    0x0, 0x80, 0xa, 0x1, 0x98, 0x38, 0x38,

    /* U+B1FD "뇽" */
    0x20, 0x1, 0x0, 0x8, 0x0, 0x40, 0x3, 0xfe,
    0x4, 0x40, 0x22, 0x1f, 0xff, 0x0, 0x0, 0xfe,
    0xc, 0x18, 0x40, 0x43, 0x6, 0xf, 0xe0,

    /* U+B204 "누" */
    0x20, 0x1, 0x0, 0x8, 0x0, 0x40, 0x2, 0x0,
    0x1f, 0xf0, 0x0, 0x0, 0x0, 0xff, 0xf8, 0x10,
    0x0, 0x80, 0x4, 0x0, 0x20, 0x1, 0x0,

    /* U+B205 "눅" */
    0x20, 0x1, 0x0, 0x8, 0x0, 0x40, 0x3, 0xfe,
    0x0, 0x3, 0xff, 0xe0, 0x40, 0x2, 0x0, 0x10,
    0x1f, 0xf8, 0x0, 0x40, 0x2, 0x0, 0x10,

    /* U+B208 "눈" */
    0x20, 0x1, 0x0, 0x8, 0x0, 0x40, 0x3, 0xfe,
    0x0, 0x0, 0x0, 0x1f, 0xff, 0x2, 0x0, 0x10,
    0x8, 0x80, 0x40, 0x2, 0x0, 0x1f, 0xf0,

    /* U+B20B "눋" */
    0x20, 0x1, 0x0, 0x8, 0x0, 0x40, 0x3, 0xfe,
    0x0, 0x3, 0xff, 0xe0, 0x40, 0x2, 0x1, 0xff,
    0x8, 0x0, 0x40, 0x2, 0x0, 0x1f, 0xf0,

    /* U+B20C "눌" */
    0x20, 0x1, 0x0, 0x8, 0x0, 0x7f, 0xc0, 0x0,
    0x0, 0x3, 0xff, 0xe0, 0x40, 0x3f, 0xe0, 0x1,
    0xf, 0xf8, 0x40, 0x2, 0x0, 0x1f, 0xf8,

    /* U+B214 "눔" */
    0x20, 0x1, 0x0, 0x8, 0x0, 0x40, 0x3, 0xfe,
    0x0, 0x3, 0xff, 0xe0, 0x40, 0x2, 0x1, 0xff,
    0x8, 0x8, 0x40, 0x42, 0x2, 0x1f, 0xf0,

    /* U+B215 "눕" */
    0x20, 0x1, 0x0, 0x8, 0x0, 0x40, 0x3, 0xfe,
    0x0, 0x3, 0xff, 0xe0, 0x40, 0x2, 0x1, 0x1,
    0xf, 0xf8, 0x40, 0x42, 0x2, 0x1f, 0xf0,

    /* U+B217 "눗" */
    0x20, 0x1, 0x0, 0x8, 0x0, 0x40, 0x3, 0xfe,
    0x0, 0x3, 0xff, 0xe0, 0x40, 0x2, 0x0, 0x10,
    0x0, 0x80, 0xe, 0x1, 0x9c, 0x38, 0x38,

    /* U+B219 "눙" */
    0x20, 0x1, 0x0, 0x8, 0x0, 0x40, 0x3, 0xfe,
    0x0, 0x3, 0xff, 0xe0, 0x40, 0x2, 0x0, 0xfe,
    0xc, 0x18, 0x40, 0x43, 0x6, 0xf, 0xe0,

    /* U+B220 "눠" */
    0x40, 0x28, 0x5, 0x0, 0xa0, 0x17, 0xf2, 0x0,
    0x40, 0xf, 0xfd, 0x8, 0x21, 0x4, 0x27, 0x84,
    0x10, 0x82, 0x10, 0x40,

    /* U+B234 "눴" */
    0x40, 0x32, 0x1, 0x90, 0xc, 0xfc, 0x60, 0x3,
    0x7f, 0xd8, 0x40, 0xc2, 0x3e, 0x10, 0x30, 0x0,
    0x4, 0x10, 0x31, 0x82, 0x8a, 0x63, 0x8c,

    /* U+B23C "눼" */
    0x0, 0x94, 0x9, 0x40, 0x94, 0x9, 0x7e, 0x90,
    0x9, 0x0, 0x9f, 0xe9, 0x10, 0x91, 0x79, 0x10,
    0x91, 0x9, 0x10, 0x90, 0x1,

    /* U+B258 "뉘" */
    0x40, 0x28, 0x5, 0x0, 0xa0, 0x17, 0xf2, 0x0,
    0x40, 0x8, 0x5, 0xff, 0xa1, 0x4, 0x20, 0x84,
    0x10, 0x82, 0x10, 0x40,

    /* U+B25C "뉜" */
    0x0, 0x24, 0x2, 0x40, 0x24, 0x2, 0x7e, 0x20,
    0x2, 0x0, 0x2f, 0xfa, 0x8, 0x20, 0x82, 0x28,
    0x22, 0x0, 0x20, 0x3, 0xff,

    /* U+B260 "뉠" */
    0x40, 0x24, 0x2, 0x40, 0x27, 0xe2, 0x0, 0x2f,
    0xfa, 0x8, 0x20, 0x82, 0x3f, 0xe0, 0x2, 0x0,
    0x23, 0xfe, 0x20, 0x3, 0xff,

    /* U+B268 "뉨" */
    0x40, 0x28, 0x5, 0x0, 0xa0, 0x17, 0xe2, 0x0,
    0x7f, 0xe8, 0x41, 0x8, 0x27, 0xfc, 0x80, 0x90,
    0x12, 0x2, 0x7f, 0xc0,

    /* U+B269 "뉩" */
    0x40, 0x28, 0x5, 0x0, 0xbf, 0x10, 0x2, 0x1,
    0x7f, 0xe8, 0x41, 0x8, 0x4, 0x4, 0xff, 0x90,
    0x12, 0x2, 0x7f, 0xc0,

    /* U+B274 "뉴" */
    0x20, 0x1, 0x0, 0x8, 0x0, 0x40, 0x2, 0x0,
    0x1f, 0xf0, 0x0, 0x0, 0x0, 0xff, 0xf8, 0xc6,
    0x6, 0x30, 0x31, 0x81, 0x8c, 0xc, 0x60,

    /* U+B275 "뉵" */
    0x20, 0x1, 0x0, 0x8, 0x0, 0x40, 0x3, 0xfe,
    0x0, 0x3, 0xff, 0xe3, 0x10, 0x18, 0x80, 0xc4,
    0x1f, 0xf8, 0x0, 0x40, 0x2, 0x0, 0x10,

    /* U+B27C "뉼" */
    0x20, 0x1, 0x0, 0x8, 0x0, 0x7f, 0xc0, 0x0,
    0x0, 0x3, 0xff, 0xe3, 0x10, 0x3f, 0xe0, 0x1,
    0xf, 0xf8, 0x40, 0x2, 0x0, 0x1f, 0xf8,

    /* U+B284 "늄" */
    0x20, 0x1, 0x0, 0x8, 0x0, 0x40, 0x3, 0xff,
    0x0, 0x3, 0xff, 0xe3, 0x18, 0x18, 0xc1, 0xff,
    0x88, 0xc, 0x40, 0x62, 0x3, 0x1f, 0xf8,

    /* U+B285 "늅" */
    0x20, 0x1, 0x0, 0x8, 0x0, 0x40, 0x3, 0xfe,
    0x0, 0x3, 0xff, 0xe1, 0x10, 0x8, 0x81, 0x1,
    0xf, 0xf8, 0x40, 0x42, 0x2, 0x1f, 0xf0,

    /* U+B289 "늉" */
    0x20, 0x1, 0x0, 0x8, 0x0, 0x40, 0x3, 0xfe,
    0x0, 0x3, 0xff, 0xe3, 0x18, 0x18, 0xc0, 0xfe,
    0xc, 0x18, 0x40, 0x43, 0x6, 0xf, 0xe0,

    /* U+B290 "느" */
    0x20, 0x1, 0x0, 0x8, 0x0, 0x40, 0x2, 0x0,
    0x1f, 0xf0, 0x0, 0x0, 0x0, 0x0, 0x0, 0x0,
    0x3f, 0xfe,

    /* U+B291 "늑" */
    0x20, 0x1, 0x0, 0x8, 0x0, 0x40, 0x3, 0xfe,
    0x0, 0x0, 0x0, 0x1f, 0xff, 0x0, 0x3, 0xff,
    0x0, 0x8, 0x0, 0x40, 0x2, 0x0, 0x10,

    /* U+B294 "는" */
    0x20, 0x1, 0x0, 0x8, 0x0, 0x40, 0x3, 0xfe,
    0x0, 0x0, 0x0, 0x1f, 0xff, 0x0, 0x0, 0x0,
    0x8, 0x0, 0x40, 0x2, 0x0, 0x1f, 0xf0,

    /* U+B298 "늘" */
    0x20, 0x1, 0x0, 0x8, 0x0, 0x7f, 0xc0, 0x0,
    0x0, 0x3, 0xff, 0xe0, 0x0, 0x3f, 0xe0, 0x1,
    0xf, 0xf8, 0x40, 0x2, 0x0, 0x1f, 0xf8,

    /* U+B299 "늙" */
    0x20, 0x1, 0x0, 0x8, 0x0, 0x7f, 0xc0, 0x0,
    0x0, 0x3, 0xff, 0xe0, 0x0, 0x7d, 0xe0, 0x21,
    0x1f, 0x8, 0xc0, 0x46, 0x2, 0x3f, 0x10,

    /* U+B29A "늚" */
    0x20, 0x1, 0x0, 0x8, 0x0, 0x7f, 0xe0, 0x0,
    0x0, 0x3, 0xff, 0xe0, 0x0, 0x7d, 0xf0, 0x29,
    0x81, 0x4c, 0xfa, 0x66, 0x13, 0x3e, 0xf8,

    /* U+B2A0 "늠" */
    0x20, 0x1, 0x0, 0x8, 0x0, 0x40, 0x3, 0xfe,
    0x0, 0x3, 0xff, 0xe0, 0x0, 0x0, 0x1, 0xff,
    0x8, 0x8, 0x40, 0x42, 0x2, 0x1f, 0xf0,

    /* U+B2A1 "늡" */
    0x20, 0x1, 0x0, 0x8, 0x0, 0x40, 0x3, 0xfe,
    0x0, 0x3, 0xff, 0xe0, 0x0, 0x0, 0x1, 0x1,
    0xf, 0xf8, 0x40, 0x42, 0x2, 0x1f, 0xf0,

    /* U+B2A3 "늣" */
    0x20, 0x1, 0x0, 0x8, 0x0, 0x40, 0x3, 0xfe,
    0x0, 0x0, 0x0, 0x1f, 0xff, 0x0, 0x0, 0x10,
    0x0, 0x80, 0xe, 0x0, 0xd8, 0x38, 0x38,

    /* U+B2A5 "능" */
    0x20, 0x1, 0x0, 0x8, 0x0, 0x40, 0x3, 0xfe,
    0x0, 0x0, 0x0, 0x1f, 0xff, 0x0, 0x0, 0xfe,
    0xc, 0x18, 0x40, 0x43, 0x6, 0xf, 0xe0,

    /* U+B2A6 "늦" */
    0x20, 0x1, 0x0, 0x8, 0x0, 0x40, 0x3, 0xff,
    0x0, 0x3, 0xff, 0xe0, 0x0, 0x0, 0x1, 0xff,
    0x80, 0x80, 0xa, 0x1, 0xdc, 0x38, 0x38,

    /* U+B2AA "늪" */
    0x20, 0x1, 0x0, 0x8, 0x0, 0x40, 0x3, 0xff,
    0x0, 0x3, 0xff, 0xe0, 0x0, 0x0, 0x3, 0xff,
    0x82, 0x20, 0x11, 0x0, 0x88, 0x3f, 0xf8,

    /* U+B2AC "늬" */
    0x0, 0x28, 0x5, 0x0, 0xa0, 0x14, 0x2, 0xfe,
    0x40, 0x8, 0x1, 0x0, 0x20, 0x7, 0xfe, 0x80,
    0x10, 0x2, 0x0, 0x40,

    /* U+B2B0 "늰" */
    0x40, 0x24, 0x2, 0x40, 0x24, 0x2, 0x7f, 0x20,
    0x2, 0x0, 0x2f, 0xfa, 0x0, 0x20, 0x2, 0x20,
    0x2, 0x0, 0x20, 0x3, 0xff,

    /* U+B2B4 "늴" */
    0x40, 0x24, 0x2, 0x40, 0x27, 0xf2, 0x0, 0x20,
    0xa, 0xff, 0xa0, 0x0, 0x3f, 0xe0, 0x2, 0x3f,
    0xe2, 0x0, 0x20, 0x3, 0xff,

    /* U+B2C8 "니" */
    0x0, 0x30, 0x6, 0x0, 0xc0, 0x18, 0x3, 0x0,
    0x60, 0xc, 0x1, 0x81, 0x3f, 0xe4, 0x0, 0x80,
    0x10, 0x2, 0x0, 0x40,

    /* U+B2C9 "닉" */
    0x80, 0x30, 0x6, 0x0, 0xc0, 0x18, 0x3, 0x2,
    0x7f, 0xc8, 0x1, 0x0, 0x7, 0xfc, 0x0, 0x80,
    0x10, 0x2, 0x0, 0x40,

    /* U+B2CC "닌" */
    0x80, 0x30, 0x6, 0x0, 0xc0, 0x18, 0x3, 0x2,
    0x7f, 0xc8, 0x1, 0x0, 0x2c, 0x5, 0x80, 0x30,
    0x6, 0x0, 0xff, 0xc0,

    /* U+B2D0 "닐" */
    0x80, 0x30, 0x6, 0x0, 0xc0, 0x18, 0x13, 0xfe,
    0x40, 0x8, 0x0, 0x7f, 0xe0, 0x5, 0xff, 0xb0,
    0x6, 0x0, 0xff, 0xc0,

    /* U+B2D2 "닒" */
    0x80, 0x30, 0x6, 0x0, 0xc0, 0x18, 0x13, 0xfe,
    0x40, 0x8, 0x0, 0x7b, 0xe1, 0x45, 0xe8, 0xa1,
    0x14, 0x22, 0xf7, 0xc0,

    /* U+B2D8 "님" */
    0x80, 0x30, 0x6, 0x0, 0xc0, 0x18, 0x3, 0x2,
    0x7f, 0xc8, 0x1, 0x0, 0xf, 0xfd, 0x80, 0xb0,
    0x16, 0x2, 0xff, 0xc0,

    /* U+B2D9 "닙" */
    0x80, 0x30, 0x6, 0x0, 0xc0, 0x18, 0x3, 0x2,
    0x7f, 0xc8, 0x0, 0x60, 0x2c, 0x5, 0xff, 0xb0,
    0x16, 0x2, 0xff, 0xc0,

    /* U+B2DB "닛" */
    0x0, 0x28, 0x2, 0x80, 0x28, 0x2, 0x80, 0x28,
    0x12, 0xff, 0x20, 0x2, 0x2, 0x20, 0x22, 0x2,
    0x0, 0x50, 0xd, 0x87, 0xf, 0x0, 0x0,

    /* U+B2DD "닝" */
    0x0, 0x30, 0x6, 0x0, 0xc0, 0x18, 0x3, 0x2,
    0x7f, 0xc8, 0x1, 0x0, 0x3, 0xf1, 0x81, 0xa0,
    0x16, 0x6, 0x3f, 0x0,

    /* U+B2E2 "닢" */
    0x80, 0x30, 0x6, 0x0, 0xc0, 0x18, 0x3, 0x2,
    0x7f, 0xc8, 0x1, 0x7f, 0xe2, 0x10, 0x42, 0x8,
    0x41, 0x8, 0xff, 0xc0,

    /* U+B2E4 "다" */
    0x0, 0x4f, 0xc4, 0x80, 0x48, 0x4, 0x80, 0x48,
    0x4, 0x80, 0x78, 0x4, 0x80, 0x48, 0x4, 0xff,
    0x40, 0x4, 0x0, 0x40, 0x4,

    /* U+B2E5 "닥" */
    0x0, 0x4f, 0xc4, 0x80, 0x48, 0x7, 0x80, 0x48,
    0x4, 0xff, 0x40, 0x4, 0x0, 0x7, 0xfc, 0x0,
    0x40, 0x4, 0x0, 0x40, 0x4,

    /* U+B2E6 "닦" */
    0x0, 0x4f, 0xc4, 0x80, 0x48, 0x7, 0x80, 0x48,
    0x4, 0xff, 0x40, 0x4, 0x0, 0x7, 0xbc, 0x8,
    0x40, 0x84, 0x8, 0x40, 0x84,

    /* U+B2E8 "단" */
    0x0, 0x4f, 0xc4, 0x80, 0x48, 0x4, 0x80, 0x78,
    0x4, 0x80, 0x4f, 0xf4, 0x0, 0x46, 0x4, 0x60,
    0x6, 0x0, 0x60, 0x7, 0xfe,

    /* U+B2EB "닫" */
    0x0, 0x4f, 0xc4, 0x80, 0x48, 0x7, 0x80, 0x48,
    0x4, 0xff, 0x40, 0x4, 0x0, 0x7, 0xfc, 0x60,
    0x6, 0x0, 0x60, 0x7, 0xfc,

    /* U+B2EC "달" */
    0xfc, 0x48, 0x4, 0x80, 0x48, 0x7, 0x80, 0x4f,
    0xf4, 0x0, 0x40, 0x0, 0x7f, 0xc0, 0x4, 0x7f,
    0xc4, 0x0, 0x40, 0x7, 0xfe,

    /* U+B2ED "닭" */
    0x0, 0x4f, 0xc4, 0x80, 0x48, 0x7, 0x80, 0x48,
    0x4, 0xff, 0x40, 0x4, 0x7b, 0xc0, 0x84, 0x8,
    0x47, 0x84, 0x40, 0x47, 0xc4,

    /* U+B2EE "닮" */
    0x0, 0x4f, 0xc4, 0x80, 0x48, 0x7, 0x80, 0x48,
    0x4, 0xff, 0x40, 0x4, 0xfb, 0xc0, 0xa4, 0xa,
    0x4f, 0xa4, 0xc2, 0x4f, 0xbc,

    /* U+B2EF "닯" */
    0x0, 0x4f, 0xc4, 0x80, 0x48, 0x7, 0x80, 0x48,
    0x4, 0xff, 0x40, 0x0, 0xfa, 0x40, 0xa4, 0xb,
    0xcf, 0xa4, 0xc2, 0x4f, 0xbc,

    /* U+B2F3 "닳" */
    0xfc, 0x48, 0x4, 0x80, 0x48, 0x7, 0x80, 0x48,
    0x14, 0xff, 0x40, 0x8, 0xff, 0xe0, 0x80, 0xfb,
    0xcc, 0x22, 0xc2, 0x6f, 0x9c,

    /* U+B2F4 "담" */
    0x0, 0x4f, 0xc4, 0x80, 0x48, 0x7, 0x80, 0x48,
    0x4, 0xff, 0x40, 0x4, 0x0, 0x7, 0xfc, 0x40,
    0x44, 0x4, 0x40, 0x47, 0xfc,

    /* U+B2F5 "답" */
    0x0, 0x4f, 0xc4, 0x80, 0x48, 0x7, 0x80, 0x48,
    0x4, 0xff, 0x40, 0x0, 0x40, 0x44, 0x4, 0x7f,
    0xc4, 0x4, 0x40, 0x47, 0xfc,

    /* U+B2F7 "닷" */
    0x0, 0x4f, 0xc4, 0x80, 0x48, 0x4, 0x80, 0x78,
    0x4, 0xff, 0x40, 0x4, 0x2, 0x40, 0x20, 0x6,
    0x0, 0xd0, 0x31, 0xc4, 0x6,

    /* U+B2F8 "닸" */
    0x0, 0x4f, 0xc4, 0x80, 0x48, 0x7, 0x80, 0x48,
    0x14, 0xff, 0x40, 0x4, 0x0, 0x1, 0x8, 0x10,
    0x82, 0x94, 0x6b, 0x6c, 0x63,

    /* U+B2F9 "당" */
    0x0, 0x4f, 0xc4, 0x80, 0x48, 0x4, 0x80, 0x78,
    0x4, 0xff, 0x40, 0x4, 0x0, 0x3, 0xf0, 0x60,
    0xc4, 0x4, 0x60, 0xc1, 0xf0,

    /* U+B2FA "닺" */
    0x0, 0x4f, 0xc4, 0x80, 0x48, 0x7, 0x80, 0x48,
    0x4, 0xff, 0x40, 0x4, 0x0, 0x7, 0xfc, 0x6,
    0x0, 0xe0, 0x19, 0x6, 0xe,

    /* U+B2FB "닻" */
    0xfc, 0x48, 0x4, 0x80, 0x48, 0x7, 0x80, 0x48,
    0x24, 0xfe, 0x40, 0x4, 0x4, 0x7, 0xfc, 0x4,
    0x0, 0xe0, 0x39, 0x86, 0xe,

    /* U+B2FF "닿" */
    0xfc, 0x48, 0x4, 0x80, 0x78, 0x7, 0x80, 0x4f,
    0xf4, 0x0, 0x40, 0x40, 0x7f, 0xe0, 0x0, 0x1f,
    0x82, 0x4, 0x20, 0x41, 0xf8,

    /* U+B300 "대" */
    0x1, 0x20, 0x27, 0xe4, 0xc0, 0x98, 0x13, 0x2,
    0x60, 0x7c, 0x9, 0x81, 0x30, 0x27, 0xf4, 0x80,
    0x90, 0x12, 0x0, 0x40,

    /* U+B301 "댁" */
    0x1, 0x3f, 0x26, 0x4, 0xc0, 0x98, 0x1f, 0x2,
    0x7f, 0x48, 0x9, 0x0, 0x7, 0xfc, 0x0, 0x80,
    0x10, 0x2, 0x0, 0x40,

    /* U+B304 "댄" */
    0x1, 0x3f, 0x26, 0x4, 0xc0, 0x98, 0x1f, 0x2,
    0x60, 0x4f, 0xe9, 0x1, 0x24, 0x24, 0x80, 0x10,
    0x2, 0x0, 0x7f, 0xc0,

    /* U+B308 "댈" */
    0x1, 0x2f, 0x92, 0x81, 0x28, 0x1e, 0x81, 0x28,
    0x12, 0xfd, 0x20, 0x0, 0x3f, 0xe0, 0x2, 0x3f,
    0xe2, 0x0, 0x20, 0x3, 0xff,

    /* U+B310 "댐" */
    0x1, 0x3f, 0x26, 0x4, 0xc0, 0xf8, 0x13, 0x2,
    0x7f, 0x48, 0x9, 0x0, 0x7, 0xfc, 0x80, 0x90,
    0x12, 0x2, 0x7f, 0xc0,

    /* U+B311 "댑" */
    0x1, 0x3f, 0x26, 0x4, 0xc0, 0xf8, 0x13, 0x2,
    0x7f, 0x48, 0x1, 0x20, 0x24, 0x4, 0xff, 0x90,
    0x12, 0x2, 0x7f, 0xc0,

    /* U+B313 "댓" */
    0x1, 0x2f, 0x92, 0x81, 0x28, 0x12, 0x81, 0xe8,
    0x12, 0xfd, 0x20, 0x12, 0x2, 0x20, 0x20, 0x7,
    0x0, 0xd8, 0x38, 0xe6, 0x2,

    /* U+B314 "댔" */
    0x1, 0x2f, 0x92, 0x81, 0x28, 0x1e, 0x81, 0x28,
    0x12, 0xfd, 0x20, 0x12, 0x0, 0x1, 0x8, 0x10,
    0xc2, 0x8c, 0x6d, 0x6c, 0x63,

    /* U+B315 "댕" */
    0x1, 0x3f, 0x26, 0x4, 0xc0, 0x98, 0x1f, 0x2,
    0x7f, 0x48, 0x9, 0x0, 0x23, 0xf0, 0xc1, 0x90,
    0x13, 0x6, 0x3f, 0x0,

    /* U+B31C "댜" */
    0x0, 0x4f, 0xc4, 0x80, 0x48, 0x7, 0x80, 0x48,
    0x4, 0x80, 0x48, 0x4, 0x80, 0x78, 0x14, 0xff,
    0x40, 0x4, 0x0, 0x40, 0x4,

    /* U+B354 "더" */
    0x0, 0x3f, 0x86, 0x0, 0xc0, 0x18, 0x3, 0x7,
    0xe0, 0xc, 0x1, 0x80, 0x30, 0x7, 0xfc, 0x80,
    0x10, 0x2, 0x0, 0x40,

    /* U+B355 "덕" */
    0x0, 0x3f, 0x86, 0x0, 0xc0, 0x18, 0x3f, 0x0,
    0x60, 0xf, 0xf1, 0x0, 0x7, 0xfc, 0x0, 0x80,
    0x10, 0x2, 0x0, 0x40,

    /* U+B356 "덖" */
    0x0, 0x3f, 0x86, 0x0, 0xc1, 0xf8, 0x3, 0x0,
    0x7f, 0x88, 0x1, 0x0, 0x1f, 0x7c, 0x20, 0x84,
    0x10, 0x82, 0x10, 0x40,

    /* U+B358 "던" */
    0x0, 0x3f, 0x86, 0x0, 0xc0, 0x18, 0x3f, 0x0,
    0x60, 0xf, 0xf1, 0x0, 0x20, 0x4, 0x80, 0x10,
    0x2, 0x0, 0x7f, 0xc0,

    /* U+B35B "덛" */
    0xfc, 0x30, 0x6, 0x0, 0xc1, 0xf8, 0x3, 0x0,
    0x7f, 0x88, 0x1, 0x0, 0xf, 0xfd, 0x80, 0x30,
    0x6, 0x0, 0xff, 0xc0,

    /* U+B35C "덜" */
    0xfc, 0x30, 0x6, 0x0, 0xc1, 0xf8, 0x3, 0x0,
    0x7f, 0x88, 0x0, 0x3f, 0xe0, 0x4, 0xff, 0x90,
    0x2, 0x0, 0x7f, 0xc0,

    /* U+B35E "덞" */
    0x0, 0x3f, 0x86, 0x0, 0xc1, 0xf8, 0x3, 0x0,
    0x7f, 0x88, 0x1, 0x7b, 0xe1, 0x45, 0xe8, 0xa1,
    0x14, 0x22, 0xff, 0xc0,

    /* U+B35F "덟" */
    0x0, 0x3f, 0x86, 0x0, 0xc1, 0xf8, 0x3, 0x0,
    0x7f, 0x88, 0x0, 0x7a, 0x21, 0x7d, 0xe8, 0xa1,
    0x14, 0x22, 0xff, 0xc0,

    /* U+B364 "덤" */
    0x0, 0x3f, 0x86, 0x0, 0xc1, 0xf8, 0x3, 0x0,
    0x7f, 0x88, 0x1, 0x0, 0xf, 0xfd, 0x80, 0xb0,
    0x16, 0x2, 0xff, 0xc0,

    /* U+B365 "덥" */
    0x0, 0x3f, 0x86, 0x0, 0xc1, 0xf8, 0x3, 0x0,
    0x7f, 0x88, 0x1, 0x20, 0x24, 0x4, 0xff, 0x90,
    0x12, 0x2, 0x7f, 0xc0,

    /* U+B367 "덧" */
    0x0, 0x2f, 0xc2, 0x80, 0x28, 0x2, 0x83, 0xe8,
    0x2, 0x80, 0x2f, 0xe2, 0x0, 0x20, 0x22, 0x2,
    0x0, 0x70, 0x9, 0x87, 0xf, 0x0, 0x0,

    /* U+B369 "덩" */
    0x0, 0x3f, 0x86, 0x0, 0xc1, 0xf8, 0x3, 0x0,
    0x60, 0xf, 0xf1, 0x0, 0x23, 0xf0, 0xc1, 0xb0,
    0x13, 0x6, 0x3f, 0x0,

    /* U+B36B "덫" */
    0xfc, 0x28, 0x2, 0x80, 0x28, 0x3e, 0x80, 0x28,
    0x2, 0xfe, 0x20, 0x2, 0x2, 0x7, 0xfe, 0x2,
    0x0, 0x70, 0x19, 0xc6, 0x7,

    /* U+B36E "덮" */
    0x0, 0x3f, 0x86, 0x0, 0xc3, 0xf8, 0x3, 0x0,
    0x7f, 0xc8, 0x1, 0x0, 0xf, 0xfc, 0x22, 0x4,
    0x40, 0x88, 0xff, 0xc0,

    /* U+B370 "데" */
    0x0, 0xa0, 0x17, 0xe2, 0xc0, 0x58, 0xb, 0xf,
    0x60, 0x2c, 0x5, 0x80, 0xb0, 0x17, 0xf2, 0x80,
    0x50, 0xa, 0x0, 0x40,

    /* U+B371 "덱" */
    0x1, 0x3f, 0x26, 0x4, 0xc0, 0x98, 0xf3, 0x2,
    0x60, 0x4f, 0xe9, 0x0, 0x27, 0xfc, 0x0, 0x80,
    0x10, 0x2, 0x0, 0x40,

    /* U+B374 "덴" */
    0x1, 0x3f, 0x26, 0x4, 0xc0, 0x98, 0xf3, 0x2,
    0x60, 0x4f, 0xe9, 0x1, 0x24, 0x24, 0x80, 0x10,
    0x2, 0x0, 0x7f, 0xc0,

    /* U+B378 "델" */
    0xf9, 0x28, 0x12, 0x81, 0x28, 0xf2, 0x81, 0x28,
    0x12, 0xfd, 0x20, 0x0, 0x3f, 0xe0, 0x2, 0x3f,
    0xe2, 0x0, 0x20, 0x3, 0xff,

    /* U+B380 "뎀" */
    0x1, 0x3f, 0x26, 0x4, 0xc7, 0x98, 0x13, 0x2,
    0x7f, 0x48, 0x9, 0x0, 0x7, 0xfc, 0x80, 0x90,
    0x12, 0x2, 0x7f, 0xc0,

    /* U+B381 "뎁" */
    0x1, 0x3f, 0x26, 0x4, 0xc7, 0x98, 0x13, 0x2,
    0x7f, 0x48, 0x1, 0x20, 0x24, 0x4, 0xff, 0x90,
    0x12, 0x2, 0x7f, 0xc0,

    /* U+B383 "뎃" */
    0x1, 0x2f, 0x92, 0x81, 0x28, 0x12, 0x8f, 0x28,
    0x12, 0x81, 0x2f, 0xd2, 0x2, 0x20, 0x20, 0x7,
    0x0, 0xd8, 0x78, 0xe4, 0x0,

    /* U+B384 "뎄" */
    0x1, 0x2f, 0x92, 0x81, 0x28, 0xf2, 0x81, 0x28,
    0x12, 0x81, 0x2f, 0xd2, 0x10, 0x81, 0x8, 0x11,
    0xc2, 0x94, 0x6f, 0x68, 0x61,

    /* U+B385 "뎅" */
    0x1, 0x3f, 0x26, 0x4, 0xc0, 0x98, 0xf3, 0x2,
    0x60, 0x4f, 0xe9, 0x0, 0x23, 0xf0, 0xc1, 0x90,
    0x13, 0x6, 0x3f, 0x0,

    /* U+B38C "뎌" */
    0x0, 0x3f, 0x86, 0x0, 0xc0, 0x18, 0x3f, 0x0,
    0x60, 0xc, 0x1f, 0x80, 0x30, 0x7, 0xfc, 0x80,
    0x10, 0x2, 0x0, 0x40,

    /* U+B390 "뎐" */
    0x0, 0x3f, 0x86, 0x0, 0xc1, 0xf8, 0x3, 0x7,
    0xe0, 0xc, 0x11, 0xfe, 0x20, 0x4, 0x80, 0x10,
    0x2, 0x0, 0x7f, 0xc0,

    /* U+B394 "뎔" */
    0xfc, 0x30, 0x7e, 0xf, 0xc0, 0x18, 0x3f, 0x4,
    0x7f, 0x88, 0x1, 0x3f, 0xe0, 0x4, 0x0, 0x9f,
    0xf2, 0x0, 0x7f, 0xc0,

    /* U+B3A0 "뎠" */
    0x0, 0x6f, 0xc6, 0x83, 0xe8, 0x6, 0x80, 0x68,
    0x3e, 0x80, 0x6f, 0xe6, 0x10, 0x81, 0x8, 0x10,
    0x82, 0x94, 0x4f, 0x68, 0x60,

    /* U+B3A1 "뎡" */
    0x0, 0x3f, 0x86, 0xf, 0xc0, 0x18, 0x3, 0x7,
    0xe0, 0x8f, 0xf1, 0x0, 0x23, 0xf1, 0x81, 0xb0,
    0x16, 0x6, 0x3f, 0x0,

    /* U+B3A8 "뎨" */
    0x0, 0xa0, 0x17, 0xe2, 0xc0, 0x58, 0x7b, 0x1,
    0x60, 0x2c, 0x3d, 0x80, 0xb0, 0x17, 0xf2, 0x80,
    0x50, 0xa, 0x0, 0x40,

    /* U+B3AC "뎬" */
    0x1, 0x3f, 0x26, 0x4, 0xc7, 0x98, 0x13, 0x1e,
    0x60, 0x4f, 0xe9, 0x1, 0x20, 0x24, 0x80, 0x10,
    0x2, 0x0, 0x7f, 0xc0,

    /* U+B3C4 "도" */
    0x3f, 0xe1, 0x0, 0x8, 0x0, 0x40, 0x2, 0x0,
    0x10, 0x0, 0xff, 0x80, 0x40, 0x2, 0x0, 0x10,
    0x3f, 0xfe,

    /* U+B3C5 "독" */
    0x7f, 0xe3, 0x0, 0x18, 0x0, 0xc0, 0x7, 0xfe,
    0x1, 0x0, 0x8, 0x1f, 0xff, 0x0, 0x3, 0xff,
    0x0, 0x8, 0x0, 0x40, 0x2, 0x0, 0x10,

    /* U+B3C8 "돈" */
    0x3f, 0xe1, 0x0, 0x8, 0x0, 0x40, 0x3, 0xfe,
    0x1, 0x0, 0x8, 0x1f, 0xff, 0x0, 0x0, 0x0,
    0x8, 0x0, 0x40, 0x2, 0x0, 0x1f, 0xf0,

    /* U+B3CB "돋" */
    0x3f, 0xe1, 0x0, 0x8, 0x0, 0x40, 0x3, 0xfe,
    0x1, 0x0, 0x8, 0x1f, 0xff, 0x0, 0x1, 0xff,
    0x8, 0x0, 0x40, 0x2, 0x0, 0x1f, 0xf0,

    /* U+B3CC "돌" */
    0x3f, 0xe1, 0x0, 0x8, 0x0, 0x40, 0x3, 0xfe,
    0x1, 0x3, 0xff, 0xe0, 0x0, 0x3f, 0xe0, 0x1,
    0x0, 0x8, 0x7f, 0xc2, 0x0, 0x1f, 0xf8,

    /* U+B3CE "돎" */
    0x3f, 0xf1, 0x0, 0x8, 0x0, 0x40, 0x3, 0xff,
    0x1, 0x3, 0xff, 0xe0, 0x0, 0x7d, 0xf0, 0x29,
    0x81, 0x4c, 0xfa, 0x66, 0x13, 0x3e, 0xf8,

    /* U+B3D0 "돐" */
    0x3f, 0xe1, 0x0, 0x8, 0x0, 0x40, 0x3, 0xfe,
    0x1, 0x3, 0xff, 0xe0, 0x0, 0x7c, 0x40, 0x22,
    0x1, 0x30, 0xf9, 0xc6, 0x1b, 0x3e, 0x88,

    /* U+B3D4 "돔" */
    0x3f, 0xe1, 0x0, 0x8, 0x0, 0x40, 0x3, 0xfe,
    0x1, 0x0, 0x8, 0x1f, 0xff, 0x0, 0x1, 0xff,
    0x8, 0x8, 0x40, 0x42, 0x2, 0x1f, 0xf0,

    /* U+B3D5 "돕" */
    0x3f, 0xe1, 0x0, 0x8, 0x0, 0x40, 0x3, 0xfe,
    0x1, 0x0, 0x8, 0x1f, 0xff, 0x0, 0x1, 0x1,
    0xf, 0xf8, 0x40, 0x42, 0x2, 0x1f, 0xf0,

    /* U+B3D7 "돗" */
    0x3f, 0xe1, 0x0, 0x8, 0x0, 0x40, 0x3, 0xfe,
    0x1, 0x0, 0x8, 0x1f, 0xff, 0x0, 0x0, 0x10,
    0x1, 0x80, 0xa, 0x1, 0x8c, 0x38, 0x38,

    /* U+B3D9 "동" */
    0x3f, 0xe1, 0x0, 0x8, 0x0, 0x40, 0x3, 0xfe,
    0x1, 0x0, 0x8, 0x1f, 0xff, 0x0, 0x0, 0xfe,
    0xc, 0x18, 0x40, 0x43, 0x6, 0xf, 0xe0,

    /* U+B3DB "돛" */
    0x3f, 0xe1, 0x0, 0x8, 0x0, 0x40, 0x3, 0xfe,
    0x1, 0x3, 0xff, 0xe0, 0x0, 0x2, 0x1, 0xff,
    0x0, 0x80, 0xa, 0x1, 0x8c, 0x30, 0x18,

    /* U+B3DD "돝" */
    0x3f, 0xf1, 0x0, 0x8, 0x0, 0x40, 0x3, 0xff,
    0x1, 0x3, 0xff, 0xe0, 0x0, 0x0, 0x1, 0xff,
    0x88, 0x0, 0x7f, 0xc2, 0x0, 0x1f, 0xf8,

    /* U+B3E0 "돠" */
    0x0, 0x23, 0xf9, 0x10, 0x8, 0x80, 0x44, 0x2,
    0x20, 0x11, 0xfc, 0xe1, 0x4, 0x8, 0x20, 0x41,
    0x3f, 0xe8, 0x0, 0x40, 0x2, 0x0, 0x10,

    /* U+B3E4 "돤" */
    0x0, 0x23, 0xf1, 0x10, 0x8, 0x80, 0x44, 0x2,
    0x3f, 0x1c, 0x20, 0x81, 0x4, 0xff, 0xa0, 0x1,
    0x8, 0x8, 0x40, 0x2, 0x0, 0x1f, 0xf0,

    /* U+B3E8 "돨" */
    0x7f, 0x22, 0x1, 0x10, 0x8, 0x80, 0x77, 0xf3,
    0x84, 0x10, 0x3e, 0x9f, 0x84, 0x3f, 0xe0, 0x1,
    0x0, 0x8, 0x7f, 0xc2, 0x0, 0x1f, 0xf8,

    /* U+B3FC "돼" */
    0x0, 0x97, 0xe9, 0x40, 0x94, 0x9, 0x40, 0x94,
    0x9, 0x7e, 0xf1, 0x9, 0x10, 0x91, 0x9, 0xfe,
    0x90, 0x9, 0x0, 0x90, 0x1,

    /* U+B410 "됐" */
    0x0, 0x93, 0xf4, 0x90, 0x24, 0x81, 0x27, 0xef,
    0x8, 0x48, 0x42, 0x5f, 0xd2, 0x0, 0x10, 0x0,
    0x6, 0x10, 0x31, 0xc3, 0xca, 0x33, 0x8c, 0x0,
    0x0,

    /* U+B418 "되" */
    0x0, 0x2f, 0xe5, 0x0, 0xa0, 0x14, 0x2, 0x80,
    0x5f, 0xc8, 0x41, 0x8, 0x21, 0x7, 0xfe, 0x80,
    0x10, 0x2, 0x0, 0x40,

    /* U+B41C "된" */
    0x0, 0x27, 0xf2, 0x40, 0x24, 0x2, 0x40, 0x27,
    0xf2, 0x8, 0x20, 0x82, 0xff, 0xa0, 0x2, 0x30,
    0x23, 0x0, 0x30, 0x3, 0xff,

    /* U+B420 "될" */
    0x7f, 0x24, 0x2, 0x40, 0x24, 0x2, 0x7f, 0x20,
    0x82, 0xff, 0xaf, 0xc2, 0x3f, 0xe0, 0x2, 0x0,
    0x23, 0xfe, 0x20, 0x3, 0xff,

    /* U+B428 "됨" */
    0x7f, 0x28, 0x5, 0x0, 0xa0, 0x17, 0xf2, 0x10,
    0x42, 0xf, 0xfd, 0x0, 0x27, 0xfc, 0x80, 0x90,
    0x12, 0x2, 0x7f, 0xc0,

    /* U+B429 "됩" */
    0x7f, 0x28, 0x5, 0x0, 0xa0, 0x17, 0xf2, 0x10,
    0x42, 0x2f, 0xfd, 0x0, 0x4, 0x4, 0xff, 0x90,
    0x12, 0x2, 0x7f, 0xc0,

    /* U+B42B "됫" */
    0x7f, 0x24, 0x2, 0x40, 0x24, 0x2, 0x7f, 0x20,
    0x82, 0x8, 0x2f, 0xfa, 0x0, 0x20, 0x22, 0x2,
    0x0, 0x50, 0x1d, 0x87, 0x7,

    /* U+B434 "됴" */
    0x3f, 0xe1, 0x0, 0x8, 0x0, 0x40, 0x2, 0x0,
    0x10, 0x0, 0xff, 0x81, 0x10, 0x8, 0x80, 0x44,
    0x3f, 0xfe,

    /* U+B450 "두" */
    0x3f, 0xe1, 0x0, 0x8, 0x0, 0x40, 0x2, 0x0,
    0x1f, 0xf0, 0x0, 0x0, 0x0, 0xff, 0xf8, 0x10,
    0x0, 0x80, 0x4, 0x0, 0x20, 0x1, 0x0,

    /* U+B451 "둑" */
    0x7f, 0xe3, 0x0, 0x18, 0x0, 0xc0, 0x7, 0xfe,
    0x0, 0x0, 0x0, 0x1f, 0xff, 0x2, 0x0, 0x10,
    0x1f, 0xf8, 0x0, 0x40, 0x2, 0x0, 0x10,

    /* U+B454 "둔" */
    0x3f, 0xe1, 0x0, 0x8, 0x0, 0x40, 0x2, 0x0,
    0x1f, 0xf0, 0x0, 0x1f, 0xff, 0x2, 0x0, 0x10,
    0x8, 0x80, 0x40, 0x2, 0x0, 0x1f, 0xf0,

    /* U+B458 "둘" */
    0x3f, 0xe1, 0x0, 0x8, 0x0, 0x40, 0x3, 0xfe,
    0x0, 0x3, 0xff, 0xe0, 0x40, 0x3f, 0xe0, 0x1,
    0x0, 0x8, 0x7f, 0xc2, 0x0, 0x1f, 0xf8,

    /* U+B460 "둠" */
    0x3f, 0xe1, 0x0, 0x8, 0x0, 0x40, 0x3, 0xfe,
    0x0, 0x0, 0x0, 0x1f, 0xff, 0x2, 0x1, 0xff,
    0x8, 0x8, 0x40, 0x42, 0x2, 0x1f, 0xf0,

    /* U+B461 "둡" */
    0x3f, 0xe1, 0x0, 0x8, 0x0, 0x40, 0x3, 0xfe,
    0x0, 0x3, 0xff, 0xe0, 0x40, 0x2, 0x1, 0x1,
    0xf, 0xf8, 0x40, 0x42, 0x2, 0x1f, 0xf0,

    /* U+B463 "둣" */
    0x3f, 0xe1, 0x0, 0x8, 0x0, 0x40, 0x3, 0xfe,
    0x0, 0x3, 0xff, 0xe0, 0x40, 0x2, 0x0, 0x10,
    0x1, 0x80, 0x1a, 0x3, 0x8e, 0x20, 0x8,

    /* U+B465 "둥" */
    0x3f, 0xe1, 0x0, 0x8, 0x0, 0x40, 0x3, 0xfe,
    0x0, 0x0, 0x0, 0x1f, 0xff, 0x2, 0x0, 0xfe,
    0xc, 0x18, 0x40, 0x43, 0x6, 0xf, 0xe0,

    /* U+B46C "둬" */
    0x7f, 0x28, 0x5, 0x0, 0xa0, 0x14, 0x2, 0xfe,
    0x40, 0xf, 0xfd, 0x8, 0x21, 0x4, 0x27, 0x84,
    0x10, 0x82, 0x10, 0x40,

    /* U+B480 "뒀" */
    0x7e, 0x32, 0x1, 0x90, 0xc, 0xfc, 0x60, 0x3,
    0x7f, 0xd8, 0x40, 0xc2, 0x3e, 0x10, 0x30, 0x0,
    0x4, 0x10, 0x31, 0x82, 0x8a, 0x23, 0x8c,

    /* U+B488 "뒈" */
    0x0, 0x97, 0xe9, 0x40, 0x94, 0x9, 0x40, 0x97,
    0xe9, 0x0, 0x9f, 0xe9, 0x10, 0x91, 0x79, 0x10,
    0x91, 0x9, 0x10, 0x90, 0x1,

    /* U+B49D "뒝" */
    0x7c, 0x94, 0x9, 0x40, 0x97, 0xc9, 0x0, 0x90,
    0x29, 0xfe, 0x91, 0x79, 0x10, 0x90, 0xfc, 0x30,
    0x32, 0x1, 0x30, 0x30, 0xfc,

    /* U+B4A4 "뒤" */
    0x7f, 0x28, 0x5, 0x0, 0xa0, 0x14, 0x2, 0xfe,
    0x40, 0x8, 0x1, 0xff, 0xa1, 0x4, 0x20, 0x84,
    0x10, 0x82, 0x10, 0x40,

    /* U+B4A8 "뒨" */
    0x7f, 0x24, 0x2, 0x40, 0x24, 0x2, 0x7f, 0x20,
    0x2, 0x0, 0x2f, 0xfa, 0x8, 0x20, 0x82, 0x60,
    0x26, 0x0, 0x60, 0x7, 0xff,

    /* U+B4AC "뒬" */
    0x7e, 0x24, 0x2, 0x40, 0x27, 0xe2, 0x0, 0x20,
    0xa, 0xff, 0xa0, 0x82, 0x3f, 0xe0, 0x2, 0x0,
    0x23, 0xfe, 0x20, 0x3, 0xff,

    /* U+B4B5 "뒵" */
    0x7e, 0x28, 0x5, 0x0, 0xa0, 0x17, 0xe2, 0x0,
    0x7f, 0xe8, 0x41, 0x8, 0x4, 0x4, 0xff, 0x90,
    0x12, 0x2, 0x7f, 0xc0,

    /* U+B4B7 "뒷" */
    0x7f, 0x24, 0x2, 0x40, 0x27, 0xf2, 0x7f, 0x20,
    0x2, 0xff, 0xa1, 0x2, 0x12, 0x20, 0x22, 0x2,
    0x0, 0x50, 0x18, 0xc3, 0x3,

    /* U+B4B9 "뒹" */
    0x7e, 0x28, 0x5, 0x0, 0xa0, 0x17, 0xe2, 0x0,
    0x7f, 0xe8, 0x41, 0x8, 0x21, 0xf0, 0xc1, 0x90,
    0x13, 0x6, 0x3f, 0x0,

    /* U+B4C0 "듀" */
    0x3f, 0xe1, 0x0, 0x8, 0x0, 0x40, 0x2, 0x0,
    0x1f, 0xf0, 0x0, 0x0, 0x0, 0xff, 0xf8, 0xc6,
    0x6, 0x30, 0x31, 0x81, 0x8c, 0xc, 0x60,

    /* U+B4C4 "듄" */
    0x3f, 0xe1, 0x0, 0x8, 0x0, 0x40, 0x2, 0x0,
    0x1f, 0xf8, 0x0, 0x1f, 0xff, 0xc, 0xc0, 0x66,
    0xb, 0x30, 0x40, 0x2, 0x0, 0x1f, 0xf8,

    /* U+B4C8 "듈" */
    0x3f, 0xe1, 0x0, 0x8, 0x0, 0x40, 0x3, 0xfe,
    0x0, 0x3, 0xff, 0xe1, 0x10, 0x3f, 0xe0, 0x1,
    0x0, 0x8, 0x7f, 0xc2, 0x0, 0x1f, 0xf8,

    /* U+B4D0 "듐" */
    0x3f, 0xe1, 0x0, 0x8, 0x0, 0x40, 0x3, 0xfe,
    0x0, 0x3, 0xff, 0xe1, 0x10, 0x8, 0x81, 0xff,
    0x8, 0x8, 0x40, 0x42, 0x2, 0x1f, 0xf0,

    /* U+B4D5 "듕" */
    0x3f, 0xe1, 0x0, 0x8, 0x0, 0x40, 0x3, 0xfe,
    0x0, 0x0, 0x0, 0x1f, 0xff, 0x18, 0xc0, 0xfe,
    0xc, 0x18, 0x40, 0x43, 0x6, 0xf, 0xe0,

    /* U+B4DC "드" */
    0x3f, 0xe1, 0x0, 0x8, 0x0, 0x40, 0x2, 0x0,
    0x10, 0x0, 0xff, 0x80, 0x0, 0x0, 0x0, 0x0,
    0x3f, 0xfe,

    /* U+B4DD "득" */
    0x7f, 0xe3, 0x0, 0x18, 0x0, 0xc0, 0x7, 0xfe,
    0x0, 0x0, 0x0, 0x1f, 0xff, 0x0, 0x0, 0x0,
    0x1f, 0xf8, 0x0, 0x40, 0x2, 0x0, 0x10,

    /* U+B4E0 "든" */
    0x3f, 0xe1, 0x0, 0x8, 0x0, 0x40, 0x3, 0xfe,
    0x0, 0x0, 0x0, 0x1f, 0xff, 0x0, 0x0, 0x0,
    0x8, 0x0, 0x40, 0x2, 0x0, 0x1f, 0xf0,

    /* U+B4E3 "듣" */
    0x3f, 0xe1, 0x0, 0x8, 0x0, 0x40, 0x3, 0xfe,
    0x0, 0x0, 0x0, 0x1f, 0xff, 0x0, 0x1, 0xff,
    0x8, 0x0, 0x40, 0x2, 0x0, 0x1f, 0xf0,

    /* U+B4E4 "들" */
    0x3f, 0xe1, 0x0, 0x8, 0x0, 0x40, 0x3, 0xfe,
    0x0, 0x3, 0xff, 0xe0, 0x0, 0x3f, 0xe0, 0x1,
    0x0, 0x8, 0x7f, 0xc2, 0x0, 0x1f, 0xf8,

    /* U+B4E6 "듦" */
    0x3f, 0xf1, 0x0, 0x8, 0x0, 0x40, 0x3, 0xff,
    0x0, 0x3, 0xff, 0xe0, 0x0, 0x7d, 0xf0, 0x29,
    0x81, 0x4c, 0xfa, 0x66, 0x13, 0x3e, 0xf8,

    /* U+B4EC "듬" */
    0x3f, 0xe1, 0x0, 0x8, 0x0, 0x40, 0x3, 0xfe,
    0x0, 0x0, 0x0, 0x1f, 0xff, 0x0, 0x1, 0xff,
    0x8, 0x8, 0x40, 0x42, 0x2, 0x1f, 0xf0,

    /* U+B4ED "듭" */
    0x3f, 0xe1, 0x0, 0x8, 0x0, 0x40, 0x3, 0xfe,
    0x0, 0x3, 0xff, 0xe0, 0x0, 0x0, 0x1, 0x1,
    0xf, 0xf8, 0x40, 0x42, 0x2, 0x1f, 0xf0,

    /* U+B4EF "듯" */
    0x3f, 0xe1, 0x0, 0x8, 0x0, 0x40, 0x3, 0xfe,
    0x0, 0x0, 0x0, 0x1f, 0xff, 0x0, 0x0, 0x10,
    0x0, 0x80, 0xe, 0x1, 0xd8, 0x38, 0x38,

    /* U+B4F1 "등" */
    0x3f, 0xe1, 0x0, 0x8, 0x0, 0x40, 0x3, 0xfe,
    0x0, 0x0, 0x0, 0x1f, 0xff, 0x0, 0x0, 0xfe,
    0xc, 0x18, 0x40, 0x43, 0x6, 0xf, 0xe0,

    /* U+B4F8 "듸" */
    0x0, 0x2f, 0xe5, 0x0, 0xa0, 0x14, 0x2, 0x80,
    0x5f, 0xc8, 0x1, 0x0, 0x20, 0x7, 0xfe, 0x80,
    0x10, 0x2, 0x0, 0x40,

    /* U+B514 "디" */
    0x0, 0x3f, 0xc6, 0x0, 0xc0, 0x18, 0x3, 0x0,
    0x60, 0xc, 0x1, 0x80, 0x30, 0x7, 0xfc, 0x80,
    0x10, 0x2, 0x0, 0x40,

    /* U+B515 "딕" */
    0x0, 0x3f, 0xc6, 0x0, 0xc0, 0x18, 0x3, 0x0,
    0x7f, 0xc8, 0x1, 0x0, 0x7, 0xfc, 0x0, 0x80,
    0x10, 0x2, 0x0, 0x40,

    /* U+B518 "딘" */
    0x0, 0x3f, 0x86, 0x0, 0xc0, 0x18, 0x3, 0x0,
    0x60, 0xf, 0xf9, 0x0, 0x20, 0x5, 0x80, 0x30,
    0x6, 0x0, 0xff, 0xc0,

    /* U+B51B "딛" */
    0x0, 0x3f, 0xc6, 0x0, 0xc0, 0x18, 0x3, 0x0,
    0x7f, 0xc8, 0x1, 0x0, 0xf, 0xfd, 0x80, 0x30,
    0x6, 0x0, 0xff, 0xc0,

    /* U+B51C "딜" */
    0xfc, 0x30, 0x6, 0x0, 0xc0, 0x18, 0x3, 0xfe,
    0x40, 0x8, 0x0, 0x7f, 0xe0, 0x5, 0xff, 0xb0,
    0x6, 0x0, 0xff, 0xc0,

    /* U+B524 "딤" */
    0x0, 0x3f, 0xc6, 0x0, 0xc0, 0x18, 0x3, 0x0,
    0x7f, 0xc8, 0x1, 0x0, 0xf, 0xfd, 0x80, 0xb0,
    0x16, 0x2, 0xff, 0xc0,

    /* U+B525 "딥" */
    0x0, 0x3f, 0xc6, 0x0, 0xc0, 0x18, 0x3, 0x0,
    0x7f, 0xc8, 0x1, 0x60, 0x2c, 0x5, 0xff, 0xb0,
    0x16, 0x2, 0xff, 0xc0,

    /* U+B527 "딧" */
    0x0, 0x2f, 0xe2, 0x80, 0x28, 0x2, 0x80, 0x28,
    0x2, 0xff, 0xa0, 0x2, 0x2, 0x20, 0x22, 0x2,
    0x0, 0x50, 0xd, 0x87, 0xe, 0x40, 0x0,

    /* U+B528 "딨" */
    0x0, 0x6f, 0xe6, 0x80, 0x68, 0x6, 0x80, 0x68,
    0x6, 0xff, 0x60, 0x6, 0x10, 0x81, 0x8, 0x10,
    0x82, 0x94, 0x6f, 0x68, 0x62,

    /* U+B529 "딩" */
    0x0, 0x3f, 0xc6, 0x0, 0xc0, 0x18, 0x3, 0x0,
    0x7f, 0xc8, 0x1, 0x0, 0x23, 0xf1, 0x81, 0xa0,
    0x16, 0x6, 0x3f, 0x0,

    /* U+B52A "딪" */
    0x0, 0x2f, 0xe2, 0x80, 0x28, 0x2, 0x80, 0x28,
    0x2, 0xff, 0x20, 0x2, 0x0, 0x7, 0xfe, 0x6,
    0x0, 0x70, 0x19, 0x87, 0x7,

    /* U+B530 "따" */
    0x0, 0x27, 0x79, 0x22, 0x9, 0x10, 0x48, 0x82,
    0x44, 0x12, 0x20, 0xf1, 0x4, 0x88, 0x27, 0xfd,
    0x0, 0x8, 0x0, 0x40, 0x2, 0x0, 0x10,

    /* U+B531 "딱" */
    0x0, 0x27, 0x79, 0x22, 0x9, 0x10, 0x48, 0x83,
    0xc4, 0x13, 0xfe, 0x80, 0x4, 0x0, 0x1, 0xff,
    0x0, 0x8, 0x0, 0x40, 0x2, 0x0, 0x10,

    /* U+B534 "딴" */
    0x0, 0x27, 0x79, 0x22, 0x9, 0x10, 0x48, 0x83,
    0xc4, 0x12, 0x20, 0x9f, 0xf4, 0x0, 0x20, 0x1,
    0x8, 0x0, 0x40, 0x2, 0x0, 0x1f, 0xf0,

    /* U+B538 "딸" */
    0x0, 0x27, 0x79, 0x22, 0x9, 0x10, 0x78, 0x82,
    0x7f, 0xd0, 0x0, 0x80, 0x0, 0x7f, 0xe0, 0x1,
    0x1f, 0xf8, 0xc0, 0x6, 0x0, 0x3f, 0xf8,

    /* U+B540 "땀" */
    0x0, 0x27, 0x79, 0x22, 0x9, 0x10, 0x78, 0x82,
    0x44, 0x13, 0xfe, 0x80, 0x4, 0x0, 0x3, 0xff,
    0x18, 0x8, 0xc0, 0x46, 0x2, 0x3f, 0xf0,

    /* U+B541 "땁" */
    0x0, 0x27, 0x79, 0x22, 0x9, 0x10, 0x78, 0x82,
    0x44, 0x13, 0xfe, 0x80, 0x4, 0x60, 0x23, 0x1,
    0x1f, 0xf8, 0xc0, 0x46, 0x2, 0x3f, 0xf0,

    /* U+B543 "땃" */
    0x0, 0x27, 0x79, 0x22, 0x9, 0x10, 0x48, 0x83,
    0xc4, 0x13, 0xfe, 0x80, 0x4, 0x0, 0x20, 0x11,
    0x0, 0x80, 0xe, 0x0, 0x98, 0x38, 0x78, 0x0,
    0x40,

    /* U+B544 "땄" */
    0x0, 0x67, 0x7f, 0x23, 0x19, 0x18, 0xf8, 0xc6,
    0x46, 0x33, 0xfd, 0x80, 0xc, 0x10, 0x80, 0x84,
    0x4, 0x20, 0x72, 0x86, 0xd6, 0x63, 0x8,

    /* U+B545 "땅" */
    0x0, 0x27, 0x79, 0x22, 0x9, 0x10, 0x48, 0x83,
    0xc4, 0x13, 0xfe, 0x80, 0x4, 0x0, 0x0, 0xfc,
    0x18, 0x18, 0xc0, 0x46, 0x6, 0xf, 0xc0,

    /* U+B54B "땋" */
    0x0, 0x67, 0x7b, 0x22, 0x19, 0x10, 0xf8, 0x86,
    0x77, 0xf0, 0x1, 0x80, 0x80, 0x7f, 0xe0, 0x0,
    0x7, 0xe0, 0x40, 0x82, 0x4, 0xf, 0xc0,

    /* U+B54C "때" */
    0x0, 0x90, 0x9, 0xee, 0x98, 0x89, 0x88, 0x98,
    0x89, 0x88, 0xf8, 0x89, 0x88, 0x9e, 0xe9, 0x0,
    0x90, 0x9, 0x0, 0x90, 0x1,

    /* U+B54D "땍" */
    0x0, 0x9e, 0xe9, 0x88, 0x98, 0x89, 0x88, 0xf8,
    0x89, 0xee, 0x90, 0x9, 0x0, 0x3, 0xff, 0x0,
    0x10, 0x1, 0x0, 0x10, 0x1,

    /* U+B550 "땐" */
    0x0, 0x9f, 0xe9, 0x98, 0x99, 0x89, 0x98, 0xf9,
    0x89, 0x98, 0x9f, 0xe9, 0x0, 0x92, 0x9, 0x20,
    0x12, 0x0, 0x20, 0x3, 0xff,

    /* U+B554 "땔" */
    0xfe, 0x99, 0x89, 0x98, 0x99, 0x8f, 0x98, 0x99,
    0x89, 0xfe, 0x90, 0x0, 0x3f, 0xf0, 0x1, 0x3f,
    0xf2, 0x0, 0x20, 0x3, 0xff,

    /* U+B55C "땜" */
    0x0, 0x9f, 0xe9, 0x98, 0x99, 0x8f, 0x98, 0x99,
    0x89, 0xfe, 0x90, 0x9, 0x0, 0x3, 0xff, 0x20,
    0x12, 0x1, 0x20, 0x13, 0xff,

    /* U+B55D "땝" */
    0x0, 0x9f, 0xe9, 0x98, 0x99, 0x8f, 0x98, 0x99,
    0x89, 0xfe, 0x90, 0x1, 0x20, 0x12, 0x1, 0x3f,
    0xf2, 0x1, 0x20, 0x13, 0xff,

    /* U+B55F "땟" */
    0x0, 0x97, 0x74, 0xa2, 0x25, 0x11, 0x28, 0x8f,
    0x44, 0x4b, 0xba, 0x40, 0x12, 0x0, 0x10, 0x10,
    0x80, 0x80, 0xe, 0x0, 0xc8, 0x3c, 0x38, 0x0,
    0x40,

    /* U+B560 "땠" */
    0x0, 0x97, 0xf4, 0xa4, 0x25, 0x21, 0xe9, 0x9,
    0x48, 0x4b, 0xfa, 0x40, 0x12, 0x0, 0x0, 0x82,
    0x4, 0x10, 0x51, 0x46, 0xdb, 0x21, 0x8c,

    /* U+B561 "땡" */
    0x0, 0x9f, 0xe9, 0x98, 0x99, 0x89, 0x98, 0xf9,
    0x89, 0xfe, 0x90, 0x9, 0x0, 0x10, 0xfc, 0x30,
    0x32, 0x1, 0x30, 0x30, 0xfc,

    /* U+B5A0 "떠" */
    0x0, 0x3d, 0xe6, 0x20, 0xc4, 0x18, 0x83, 0x13,
    0xe2, 0xc, 0x41, 0x88, 0x3d, 0xe4, 0x0, 0x80,
    0x10, 0x2, 0x0, 0x40,

    /* U+B5A1 "떡" */
    0x0, 0x3d, 0xe6, 0x20, 0xc4, 0x18, 0x9f, 0x10,
    0x7f, 0xc8, 0x1, 0x0, 0xf, 0xfc, 0x0, 0x80,
    0x10, 0x2, 0x0, 0x40,

    /* U+B5A4 "떤" */
    0x0, 0x2e, 0xf2, 0x88, 0x28, 0x82, 0x89, 0xe8,
    0x82, 0x88, 0x2f, 0xf2, 0x0, 0x20, 0x2, 0x20,
    0x2, 0x0, 0x20, 0x3, 0xff,

    /* U+B5A8 "떨" */
    0xef, 0x28, 0x82, 0x88, 0x28, 0x9e, 0x88, 0x28,
    0x82, 0xff, 0x20, 0x0, 0x3f, 0xe0, 0x2, 0x3f,
    0xe2, 0x0, 0x20, 0x3, 0xff,

    /* U+B5AA "떪" */
    0xef, 0x31, 0x6, 0x20, 0xc4, 0xf8, 0x83, 0x10,
    0x7f, 0xc8, 0x0, 0x7d, 0xe1, 0xa5, 0xf4, 0xa0,
    0x94, 0x12, 0xfb, 0xc0,

    /* U+B5AB "떫" */
    0xef, 0x31, 0x6, 0x20, 0xc4, 0xf8, 0x83, 0x10,
    0x7f, 0xe8, 0x0, 0x7d, 0x21, 0xbd, 0xf4, 0xa0,
    0x94, 0x12, 0xfb, 0xc0,

    /* U+B5B0 "떰" */
    0x0, 0x3d, 0xe6, 0x20, 0xc4, 0xf8, 0x83, 0x10,
    0x7f, 0xc8, 0x1, 0x0, 0x7, 0xfc, 0x80, 0x90,
    0x12, 0x2, 0x7f, 0xc0,

    /* U+B5B1 "떱" */
    0x0, 0x3d, 0xe6, 0x20, 0xc4, 0xf8, 0x83, 0x10,
    0x7f, 0xc8, 0x1, 0x20, 0x24, 0x4, 0xff, 0x90,
    0x12, 0x2, 0x7f, 0xc0,

    /* U+B5B3 "떳" */
    0x0, 0x2e, 0xf2, 0x88, 0x28, 0x82, 0x89, 0xe8,
    0x82, 0x88, 0x2f, 0xf2, 0x0, 0x20, 0x22, 0x2,
    0x0, 0x50, 0xd, 0x87, 0xf, 0x40, 0x0,

    /* U+B5B4 "떴" */
    0x0, 0x37, 0x7d, 0xa2, 0xd, 0x11, 0xe8, 0x83,
    0x44, 0x1b, 0xfe, 0xc0, 0x6, 0x0, 0x0, 0x82,
    0x4, 0x10, 0x51, 0x46, 0xdb, 0x23, 0x8c,

    /* U+B5B5 "떵" */
    0x0, 0x3d, 0xe6, 0x20, 0xc4, 0xf8, 0x83, 0x10,
    0x7f, 0xc8, 0x1, 0x0, 0x21, 0xf0, 0xc1, 0x90,
    0x13, 0x6, 0x1f, 0x80,

    /* U+B5BB "떻" */
    0xef, 0x98, 0xc1, 0x8c, 0x18, 0xcf, 0x8c, 0x1f,
    0xf9, 0x0, 0x10, 0x20, 0x7f, 0xf0, 0x0, 0xf,
    0xc1, 0x2, 0x10, 0x20, 0xfc,

    /* U+B5BC "떼" */
    0x0, 0x90, 0x9, 0xee, 0x98, 0x89, 0x88, 0x98,
    0xb9, 0x88, 0x98, 0x89, 0x88, 0x9e, 0xe9, 0x0,
    0x90, 0x9, 0x0, 0x90, 0x1,

    /* U+B5BD "떽" */
    0x0, 0x9e, 0xe9, 0x88, 0x98, 0xb9, 0x88, 0x98,
    0x89, 0xee, 0x90, 0x9, 0x0, 0x3, 0xff, 0x0,
    0x10, 0x1, 0x0, 0x10, 0x1,

    /* U+B5C0 "뗀" */
    0x0, 0x9f, 0xe9, 0x90, 0x99, 0x9, 0x93, 0x99,
    0x9, 0x90, 0x9f, 0xe9, 0x0, 0x92, 0x9, 0x20,
    0x12, 0x0, 0x20, 0x3, 0xff,

    /* U+B5C4 "뗄" */
    0x0, 0x9f, 0xe9, 0x90, 0x99, 0x39, 0x90, 0x99,
    0x9, 0xfe, 0x90, 0x0, 0x3f, 0xf0, 0x1, 0x3f,
    0xf2, 0x0, 0x20, 0x3, 0xff,

    /* U+B5CC "뗌" */
    0x0, 0x9f, 0xe9, 0x98, 0x99, 0xb9, 0x98, 0x99,
    0x89, 0xfe, 0x90, 0x9, 0x0, 0x3, 0xff, 0x20,
    0x12, 0x1, 0x20, 0x13, 0xff,

    /* U+B5CD "뗍" */
    0x0, 0x9f, 0xe9, 0x90, 0x99, 0x39, 0x90, 0x99,
    0x9, 0xfe, 0x90, 0x1, 0x20, 0x12, 0x1, 0x3f,
    0xf2, 0x1, 0x20, 0x13, 0xff,

    /* U+B5CF "뗏" */
    0x0, 0xd7, 0x76, 0xa2, 0x35, 0x11, 0xa8, 0xbd,
    0x44, 0x6a, 0x23, 0x5d, 0xfa, 0x0, 0x10, 0x18,
    0x80, 0xc0, 0xf, 0x0, 0xcc, 0x3c, 0x38, 0x0,
    0x0,

    /* U+B5D0 "뗐" */
    0x0, 0x97, 0x74, 0xa2, 0x25, 0x17, 0x28, 0x89,
    0x44, 0x4b, 0xba, 0x40, 0x12, 0x0, 0x0, 0x42,
    0x2, 0x30, 0x39, 0xc6, 0x5b, 0x21, 0x8c,

    /* U+B5D1 "뗑" */
    0x0, 0x9f, 0xe9, 0x98, 0x99, 0x89, 0x9b, 0x99,
    0x89, 0xfe, 0x90, 0x9, 0x0, 0x10, 0xfc, 0x30,
    0x32, 0x1, 0x30, 0x30, 0xfc,

    /* U+B5D8 "뗘" */
    0x0, 0x3d, 0xe6, 0x20, 0xc4, 0x18, 0x9f, 0x10,
    0x62, 0xc, 0x4f, 0x88, 0x31, 0x7, 0xbc, 0x80,
    0x10, 0x2, 0x0, 0x40,

    /* U+B5EC "뗬" */
    0x0, 0x37, 0x79, 0xa2, 0x3d, 0x10, 0x68, 0x83,
    0x44, 0x7a, 0x20, 0xdd, 0xf6, 0x10, 0x40, 0x82,
    0x4, 0x10, 0x51, 0x46, 0xdb, 0x1, 0x0,

    /* U+B610 "또" */
    0x7d, 0xf2, 0x8, 0x10, 0x40, 0x82, 0x4, 0x10,
    0x3e, 0xf8, 0x0, 0x0, 0x40, 0x2, 0x0, 0x10,
    0x3f, 0xfe,

    /* U+B611 "똑" */
    0x7d, 0xf2, 0x8, 0x10, 0x40, 0x82, 0x7, 0xdf,
    0x1, 0x0, 0x8, 0x1f, 0xff, 0x0, 0x0, 0x0,
    0x1f, 0xf8, 0x0, 0x40, 0x2, 0x0, 0x10,

    /* U+B614 "똔" */
    0x7d, 0xf2, 0x8, 0x10, 0x40, 0x82, 0x7, 0xdf,
    0x1, 0x0, 0x8, 0x1f, 0xff, 0x0, 0x0, 0x0,
    0x8, 0x0, 0x40, 0x2, 0x0, 0x1f, 0xf0,

    /* U+B618 "똘" */
    0x7d, 0xf2, 0x8, 0x10, 0x40, 0xfb, 0xe0, 0x20,
    0x1, 0x3, 0xff, 0xe0, 0x0, 0x3f, 0xe0, 0x1,
    0x0, 0x8, 0x7f, 0xc2, 0x0, 0x1f, 0xf8,

    /* U+B625 "똥" */
    0x7d, 0xf2, 0x8, 0x10, 0x40, 0x82, 0x7, 0xdf,
    0x1, 0x0, 0x8, 0x1f, 0xff, 0x0, 0x0, 0xfc,
    0xc, 0x18, 0x40, 0x43, 0x6, 0xf, 0xe0,

    /* U+B62C "똬" */
    0x0, 0x11, 0xdf, 0x44, 0x41, 0x11, 0x4, 0x44,
    0x11, 0x10, 0x47, 0x7d, 0xc2, 0x4, 0x8, 0x10,
    0x20, 0x4f, 0xfd, 0x0, 0x4, 0x0, 0x10, 0x0,
    0x40,

    /* U+B634 "똴" */
    0x77, 0xa2, 0x21, 0x11, 0x8, 0x88, 0x77, 0xfa,
    0x4, 0x10, 0x2f, 0x9f, 0xc4, 0x3f, 0xe0, 0x1,
    0x0, 0x8, 0x7f, 0xc2, 0x0, 0x1f, 0xfc,

    /* U+B648 "뙈" */
    0x0, 0x4b, 0xba, 0x51, 0x12, 0x88, 0x94, 0x44,
    0xa2, 0x25, 0xdd, 0xe0, 0x9, 0x8, 0x48, 0x42,
    0x7f, 0xd2, 0x0, 0x90, 0x4, 0x80, 0x4,

    /* U+B664 "뙤" */
    0x0, 0x17, 0x79, 0x46, 0x14, 0x61, 0x46, 0x14,
    0x61, 0x7f, 0x90, 0x41, 0x4, 0x10, 0x41, 0xff,
    0xd0, 0x1, 0x0, 0x10, 0x1,

    /* U+B668 "뙨" */
    0x0, 0x17, 0x79, 0x44, 0x14, 0x41, 0x44, 0x17,
    0x79, 0x8, 0x10, 0x81, 0xff, 0xd0, 0x1, 0x20,
    0x2, 0x0, 0x20, 0x3, 0xff,

    /* U+B69C "뚜" */
    0x7d, 0xf2, 0x8, 0x10, 0x40, 0x82, 0x4, 0x10,
    0x3e, 0xf8, 0x0, 0x0, 0x0, 0xff, 0xf8, 0x10,
    0x0, 0x80, 0x4, 0x0, 0x20, 0x1, 0x0,

    /* U+B69D "뚝" */
    0x7d, 0xf3, 0x8, 0x18, 0x40, 0xc2, 0x7, 0xdf,
    0x0, 0x0, 0x0, 0x1f, 0xff, 0x2, 0x0, 0x10,
    0x1f, 0xf8, 0x0, 0x40, 0x2, 0x0, 0x10,

    /* U+B6A0 "뚠" */
    0x7d, 0xf2, 0x8, 0x10, 0x40, 0x82, 0x4, 0x10,
    0x3e, 0xf8, 0x0, 0x1f, 0xff, 0x2, 0x0, 0x10,
    0x8, 0x80, 0x40, 0x2, 0x0, 0x1f, 0xf0,

    /* U+B6A4 "뚤" */
    0x7d, 0xf2, 0x8, 0x10, 0x40, 0x82, 0x7, 0xdf,
    0x0, 0x3, 0xff, 0xe0, 0x40, 0x3f, 0xe0, 0x1,
    0x0, 0x8, 0x7f, 0xc2, 0x0, 0x1f, 0xf8,

    /* U+B6AB "뚫" */
    0x7d, 0xf3, 0x8, 0x18, 0x40, 0xc2, 0x7, 0xdf,
    0x0, 0x3, 0xff, 0xe0, 0x40, 0x7e, 0x40, 0x3f,
    0x81, 0x0, 0xfb, 0xc6, 0x11, 0x3f, 0x70,

    /* U+B6AC "뚬" */
    0x7d, 0xf2, 0x8, 0x10, 0x40, 0x9a, 0x7, 0x5f,
    0x0, 0x3, 0xff, 0xe0, 0x40, 0x2, 0x1, 0xff,
    0x8, 0x8, 0x40, 0x42, 0x2, 0x1f, 0xf0,

    /* U+B6B1 "뚱" */
    0x7d, 0xf2, 0x8, 0x10, 0x40, 0x9a, 0x7, 0x1f,
    0x0, 0x3, 0xff, 0xe0, 0x40, 0x2, 0x0, 0xfe,
    0xc, 0x18, 0x40, 0x43, 0x6, 0xf, 0xe0,

    /* U+B6D4 "뛔" */
    0x0, 0x4b, 0xba, 0x51, 0x12, 0x88, 0x94, 0x44,
    0xbb, 0xa4, 0x1, 0x3f, 0xf9, 0x8, 0x48, 0x5e,
    0x42, 0x12, 0x10, 0x90, 0x84, 0x80, 0x4,

    /* U+B6F0 "뛰" */
    0x0, 0x17, 0x79, 0x44, 0x14, 0x41, 0x44, 0x17,
    0xf9, 0x0, 0x10, 0x1, 0xff, 0xd0, 0x81, 0x8,
    0x10, 0x81, 0x8, 0x10, 0x81,

    /* U+B6F4 "뛴" */
    0x0, 0x17, 0x79, 0x46, 0x14, 0x61, 0x7f, 0x90,
    0x1, 0x0, 0x5f, 0xfd, 0x4, 0x10, 0x41, 0x20,
    0x12, 0x0, 0x20, 0x3, 0xff,

    /* U+B6F8 "뛸" */
    0x77, 0x94, 0x41, 0x44, 0x17, 0x79, 0x0, 0x10,
    0x5, 0xff, 0xd0, 0x80, 0x3f, 0xf0, 0x1, 0x0,
    0x13, 0xff, 0x20, 0x3, 0xff,

    /* U+B700 "뜀" */
    0x77, 0x94, 0x41, 0x44, 0x17, 0x41, 0x77, 0x90,
    0x1, 0xff, 0xd0, 0x81, 0x8, 0x13, 0xff, 0x20,
    0x12, 0x1, 0x20, 0x13, 0xff,

    /* U+B701 "뜁" */
    0x77, 0x94, 0x61, 0x46, 0x14, 0x61, 0x7f, 0x90,
    0x1, 0xff, 0xd0, 0x41, 0x4, 0x3, 0x1, 0x3f,
    0xf3, 0x1, 0x30, 0x13, 0xff,

    /* U+B705 "뜅" */
    0x0, 0x17, 0x79, 0x44, 0x14, 0x41, 0x77, 0x90,
    0x1, 0xff, 0xd0, 0x81, 0x8, 0x10, 0xfc, 0x30,
    0x32, 0x1, 0x30, 0x30, 0xfc,

    /* U+B728 "뜨" */
    0x7d, 0xf2, 0x8, 0x10, 0x40, 0x82, 0x4, 0x10,
    0x20, 0x81, 0xf7, 0xc0, 0x0, 0x0, 0x0, 0x0,
    0x3f, 0xfe,

    /* U+B729 "뜩" */
    0x7d, 0xf3, 0x8, 0x18, 0x40, 0xc2, 0x7, 0xdf,
    0x0, 0x0, 0x0, 0x1f, 0xff, 0x0, 0x3, 0xff,
    0x0, 0x8, 0x0, 0x40, 0x2, 0x0, 0x10,

    /* U+B72C "뜬" */
    0x7d, 0xf3, 0x8, 0x18, 0x40, 0xc2, 0x6, 0x10,
    0x3e, 0xf8, 0x0, 0x1f, 0xff, 0x0, 0x0, 0x0,
    0x8, 0x0, 0x40, 0x2, 0x0, 0x1f, 0xf0,

    /* U+B72F "뜯" */
    0x7d, 0xf3, 0x8, 0x18, 0x40, 0xc2, 0x7, 0xdf,
    0x0, 0x0, 0x0, 0x1f, 0xff, 0x0, 0x1, 0xff,
    0x8, 0x0, 0x40, 0x2, 0x0, 0x1f, 0xf0,

    /* U+B730 "뜰" */
    0x7d, 0xf2, 0x8, 0x10, 0x40, 0x82, 0x7, 0xdf,
    0x0, 0x3, 0xff, 0xe0, 0x0, 0x3f, 0xe0, 0x1,
    0x0, 0x8, 0x7f, 0xc2, 0x0, 0x1f, 0xf8,

    /* U+B738 "뜸" */
    0x7d, 0xf2, 0x8, 0x10, 0x40, 0x82, 0x7, 0xdf,
    0x0, 0x0, 0x0, 0x1f, 0xff, 0x0, 0x1, 0xff,
    0x8, 0x8, 0x40, 0x42, 0x2, 0x1f, 0xf0,

    /* U+B739 "뜹" */
    0x7d, 0xf2, 0x8, 0x10, 0x40, 0x9a, 0x7, 0x1f,
    0x0, 0x3, 0xff, 0xe0, 0x0, 0x0, 0x1, 0x1,
    0xf, 0xf8, 0x40, 0x42, 0x2, 0x1f, 0xf0,

    /* U+B73B "뜻" */
    0x7d, 0xf2, 0x8, 0x10, 0x40, 0x82, 0x7, 0xdf,
    0x0, 0x0, 0x0, 0x1f, 0xff, 0x0, 0x0, 0x10,
    0x1, 0x80, 0xe, 0x0, 0xd8, 0x38, 0x38,

    /* U+B744 "띄" */
    0x0, 0x17, 0x3d, 0x42, 0x14, 0x21, 0x42, 0x14,
    0x21, 0x7b, 0xd0, 0x1, 0x0, 0x10, 0x1, 0xff,
    0xd0, 0x1, 0x0, 0x10, 0x1,

    /* U+B748 "띈" */
    0x0, 0x17, 0x79, 0x44, 0x14, 0x41, 0x44, 0x17,
    0xf9, 0x0, 0x1f, 0xfd, 0x0, 0x10, 0x1, 0x30,
    0x3, 0x0, 0x30, 0x3, 0xff,

    /* U+B74C "띌" */
    0x77, 0x94, 0x41, 0x44, 0x14, 0x41, 0x7f, 0x90,
    0x1, 0xff, 0xd0, 0x0, 0x3f, 0xf0, 0x1, 0x0,
    0x13, 0xff, 0x20, 0x3, 0xff,

    /* U+B754 "띔" */
    0x77, 0x94, 0x41, 0x44, 0x14, 0x41, 0x7f, 0x90,
    0x1, 0x0, 0x1f, 0xfd, 0x0, 0x13, 0xff, 0x20,
    0x12, 0x1, 0x20, 0x13, 0xff,

    /* U+B755 "띕" */
    0x77, 0x94, 0x41, 0x44, 0x17, 0xc1, 0x67, 0x90,
    0x1, 0xff, 0xd0, 0x1, 0x0, 0x2, 0x1, 0x3f,
    0xf2, 0x1, 0x20, 0x13, 0xff,

    /* U+B760 "띠" */
    0x0, 0x3e, 0xf6, 0x10, 0xc2, 0x18, 0x43, 0x8,
    0x61, 0xc, 0x21, 0x84, 0x3e, 0xf4, 0x0, 0x80,
    0x10, 0x2, 0x0, 0x40,

    /* U+B764 "띤" */
    0x0, 0x3e, 0xf6, 0x10, 0xc2, 0x18, 0x43, 0x8,
    0x61, 0xf, 0xbd, 0x0, 0x24, 0x4, 0x80, 0x10,
    0x2, 0x0, 0x7f, 0xc0,

    /* U+B768 "띨" */
    0x0, 0x3e, 0xf6, 0x10, 0xc2, 0x18, 0x43, 0xef,
    0x40, 0x8, 0x0, 0x3f, 0xe0, 0x4, 0xff, 0x90,
    0x2, 0x0, 0x7f, 0xc0,

    /* U+B770 "띰" */
    0x0, 0x3e, 0xf6, 0x10, 0xc2, 0x18, 0x43, 0x8,
    0x7d, 0xe8, 0x1, 0x0, 0x7, 0xfc, 0x80, 0x90,
    0x12, 0x2, 0x7f, 0xc0,

    /* U+B771 "띱" */
    0x0, 0x3e, 0xf6, 0x10, 0xc2, 0x18, 0x43, 0x8,
    0x7d, 0xe8, 0x0, 0x20, 0x24, 0x4, 0xff, 0x90,
    0x12, 0x2, 0x7f, 0xc0,

    /* U+B773 "띳" */
    0x0, 0x2f, 0x7a, 0x84, 0x28, 0x42, 0x84, 0x28,
    0x42, 0xf7, 0xa0, 0x2, 0x0, 0x20, 0x22, 0x2,
    0x0, 0x70, 0xd, 0x87, 0x8e, 0x40, 0x0,

    /* U+B775 "띵" */
    0x0, 0x3e, 0xf6, 0x10, 0xc2, 0x18, 0x43, 0x8,
    0x7d, 0xe8, 0x1, 0x0, 0x1, 0xf0, 0xc1, 0x90,
    0x13, 0x6, 0x1f, 0x80,

    /* U+B77C "라" */
    0x0, 0x4f, 0xc4, 0x4, 0x40, 0x44, 0x4, 0x40,
    0x44, 0xfc, 0x78, 0x4, 0x80, 0x48, 0x4, 0xff,
    0x40, 0x4, 0x0, 0x40, 0x4,

    /* U+B77D "락" */
    0xfc, 0x40, 0x44, 0x4, 0x40, 0x44, 0xfc, 0x78,
    0x4, 0x80, 0x4f, 0xf4, 0x0, 0x47, 0xfc, 0x0,
    0x40, 0x4, 0x0, 0x40, 0x4,

    /* U+B780 "란" */
    0x0, 0x4f, 0xc4, 0x4, 0x40, 0x44, 0xfc, 0x78,
    0x4, 0x81, 0x4f, 0xf4, 0x0, 0x40, 0x4, 0x60,
    0x6, 0x0, 0x60, 0x7, 0xfe,

    /* U+B784 "랄" */
    0xfc, 0x40, 0x44, 0x4, 0x4f, 0xc7, 0x80, 0x48,
    0x4, 0xff, 0x40, 0x0, 0x7f, 0xc0, 0x4, 0x7f,
    0xc6, 0x0, 0x60, 0x7, 0xfe,

    /* U+B78C "람" */
    0xfc, 0x40, 0x44, 0x4, 0x40, 0x44, 0xfc, 0x78,
    0x4, 0x80, 0x4f, 0xf4, 0x0, 0x7, 0xfc, 0x60,
    0x46, 0x4, 0x60, 0x47, 0xfc,

    /* U+B78D "랍" */
    0xfc, 0x40, 0x44, 0x4, 0x4f, 0xc7, 0x80, 0x48,
    0x4, 0xff, 0x40, 0x4, 0x60, 0x46, 0x4, 0x7f,
    0xc6, 0x4, 0x60, 0x47, 0xfc,

    /* U+B78F "랏" */
    0x0, 0x4f, 0xc4, 0x4, 0x40, 0x44, 0xfc, 0x78,
    0x4, 0x80, 0x4f, 0xf4, 0x0, 0x40, 0x40, 0x6,
    0x0, 0xb0, 0x70, 0xe4, 0x2,

    /* U+B790 "랐" */
    0xfc, 0x40, 0x44, 0x4, 0x4f, 0xc7, 0x80, 0x48,
    0x4, 0xff, 0x40, 0x4, 0x0, 0x1, 0x8, 0x10,
    0x82, 0x94, 0x6f, 0x68, 0x60,

    /* U+B791 "랑" */
    0x0, 0x4f, 0xc4, 0x4, 0x4f, 0xc7, 0x80, 0x48,
    0x4, 0x80, 0x4f, 0xf4, 0x0, 0x3, 0xf0, 0x60,
    0xc4, 0x4, 0x60, 0xc1, 0xf8,

    /* U+B792 "랒" */
    0xfc, 0x40, 0x44, 0x4, 0x4f, 0xc7, 0x80, 0x48,
    0x4, 0xff, 0x40, 0x4, 0x0, 0x7, 0xfc, 0x4,
    0x0, 0xe0, 0x19, 0x86, 0xe,

    /* U+B796 "랖" */
    0xfc, 0x40, 0x44, 0x4, 0x4f, 0xc7, 0x80, 0x48,
    0x4, 0xff, 0x40, 0x4, 0x0, 0x7, 0xfe, 0x10,
    0x81, 0x8, 0x10, 0x87, 0xfe,

    /* U+B797 "랗" */
    0xfc, 0x40, 0x44, 0x4, 0x4f, 0xc7, 0x80, 0x48,
    0x4, 0xff, 0x40, 0x44, 0x4, 0x7, 0xbc, 0x1f,
    0x83, 0x4, 0x20, 0x41, 0xf8,

    /* U+B798 "래" */
    0x1, 0x1f, 0x91, 0x9, 0x10, 0x91, 0x9, 0x1f,
    0x9f, 0x81, 0x18, 0x11, 0x81, 0x18, 0x11, 0xfd,
    0x10, 0x11, 0x1, 0x10, 0x1,

    /* U+B799 "랙" */
    0x1, 0x3f, 0x24, 0x24, 0x84, 0x9f, 0x9f, 0x2,
    0x60, 0x4f, 0xe9, 0x0, 0x20, 0x0, 0xff, 0x80,
    0x10, 0x2, 0x0, 0x40,

    /* U+B79C "랜" */
    0x1, 0x3f, 0x24, 0x24, 0x84, 0x9f, 0x9f, 0x2,
    0x60, 0x4f, 0xe9, 0x1, 0x20, 0x24, 0x80, 0x90,
    0x2, 0x0, 0x7f, 0xc0,

    /* U+B7A0 "랠" */
    0xf9, 0x20, 0x92, 0x9, 0x2f, 0x9e, 0x81, 0x28,
    0x12, 0xfd, 0x20, 0x0, 0x3f, 0xe0, 0x2, 0x0,
    0x23, 0xfe, 0x20, 0x3, 0xff,

    /* U+B7A8 "램" */
    0x1, 0x3f, 0x24, 0x24, 0xfc, 0xf8, 0x13, 0x2,
    0x60, 0x4f, 0xe9, 0x0, 0x7, 0xfc, 0x80, 0x90,
    0x12, 0x2, 0x7f, 0xc0,

    /* U+B7A9 "랩" */
    0xf9, 0x21, 0x24, 0x24, 0xfc, 0xf8, 0x13, 0x2,
    0x7f, 0x48, 0x1, 0x20, 0x24, 0x4, 0xff, 0x90,
    0x12, 0x2, 0x7f, 0xc0,

    /* U+B7AB "랫" */
    0x1, 0x2f, 0x92, 0x9, 0x20, 0x92, 0xf9, 0xe8,
    0x12, 0x81, 0x2f, 0xd2, 0x0, 0x20, 0x22, 0x2,
    0x0, 0x70, 0xd, 0x87, 0x8f, 0x40, 0x0,

    /* U+B7AC "랬" */
    0x1, 0x2f, 0x92, 0x9, 0x20, 0x92, 0xf9, 0xe8,
    0x12, 0x81, 0x2f, 0xd2, 0x0, 0x1, 0xc, 0x10,
    0xc2, 0x9c, 0x6f, 0x30, 0x21,

    /* U+B7AD "랭" */
    0x1, 0x3f, 0x24, 0x24, 0x84, 0x9f, 0x9f, 0x2,
    0x60, 0x4f, 0xe9, 0x0, 0x23, 0xf0, 0xc1, 0x90,
    0x13, 0x6, 0x3f, 0x0,

    /* U+B7B4 "랴" */
    0x0, 0x4f, 0xc4, 0x4, 0x40, 0x47, 0x4, 0x4f,
    0xc4, 0x80, 0x48, 0x4, 0x80, 0x78, 0x14, 0xff,
    0x40, 0x4, 0x0, 0x40, 0x4,

    /* U+B7B5 "략" */
    0xfc, 0x40, 0x44, 0x4, 0x70, 0x44, 0xfc, 0x48,
    0x7, 0x80, 0x7f, 0xf4, 0x0, 0x47, 0xfc, 0x0,
    0x40, 0x4, 0x0, 0x40, 0x4,

    /* U+B7B8 "랸" */
    0x0, 0x4f, 0xc4, 0x4, 0x40, 0x47, 0xfc, 0x48,
    0x4, 0x80, 0x7f, 0xf4, 0x0, 0x40, 0x4, 0x60,
    0x6, 0x0, 0x60, 0x7, 0xfe,

    /* U+B7C7 "럇" */
    0x0, 0x4f, 0xc4, 0x4, 0x40, 0x47, 0xfc, 0x48,
    0x4, 0x80, 0x7f, 0xf4, 0x0, 0x40, 0x40, 0x6,
    0x0, 0xb0, 0x70, 0xe4, 0x2,

    /* U+B7C9 "량" */
    0x0, 0x4f, 0xc4, 0x4, 0x70, 0x47, 0xfc, 0x48,
    0x7, 0x80, 0x7f, 0xf4, 0x0, 0x43, 0xf0, 0x60,
    0xc4, 0x4, 0x60, 0xc1, 0xf8,

    /* U+B7EC "러" */
    0x0, 0x3f, 0x84, 0x10, 0x82, 0x10, 0x43, 0xfb,
    0xe0, 0xc, 0x1, 0x80, 0x30, 0x27, 0xfc, 0x80,
    0x10, 0x2, 0x0, 0x40,

    /* U+B7ED "럭" */
    0x0, 0x3f, 0x84, 0x10, 0x82, 0x1f, 0xdf, 0x0,
    0x60, 0xf, 0xf9, 0x0, 0x27, 0xfc, 0x0, 0x80,
    0x10, 0x2, 0x0, 0x40,

    /* U+B7F0 "런" */
    0x0, 0x3f, 0x84, 0x10, 0x82, 0x1f, 0xdf, 0x0,
    0x60, 0xf, 0xf9, 0x0, 0x20, 0x4, 0x80, 0x10,
    0x2, 0x0, 0x7f, 0xc0,

    /* U+B7F4 "럴" */
    0xfc, 0x20, 0x84, 0x17, 0xfe, 0xf8, 0x3, 0x0,
    0x7f, 0xc8, 0x0, 0x3f, 0xe0, 0x4, 0x0, 0x9f,
    0xf2, 0x0, 0x7f, 0xc0,

    /* U+B7FC "럼" */
    0xfc, 0x20, 0x84, 0x10, 0x82, 0xff, 0xdf, 0x0,
    0x60, 0xf, 0xf9, 0x0, 0x7, 0xfc, 0x80, 0x90,
    0x12, 0x2, 0x7f, 0xc0,

    /* U+B7FD "럽" */
    0xfc, 0x20, 0x84, 0x17, 0xfe, 0xf8, 0x3, 0x0,
    0x7f, 0xc8, 0x1, 0x20, 0x24, 0x4, 0xff, 0x90,
    0x12, 0x2, 0x7f, 0xc0,

    /* U+B7FF "럿" */
    0x0, 0x2f, 0xc2, 0x4, 0x20, 0x5e, 0xfc, 0x28,
    0x2, 0x80, 0x2f, 0xf2, 0x0, 0x20, 0x22, 0x7,
    0x0, 0x70, 0x1d, 0x87, 0x7,

    /* U+B800 "렀" */
    0xfc, 0x60, 0x46, 0x5, 0xef, 0xde, 0x80, 0x68,
    0x6, 0x80, 0x6f, 0xe6, 0x10, 0x81, 0x8, 0x10,
    0x82, 0x94, 0x6f, 0x68, 0x60,

    /* U+B801 "렁" */
    0xfc, 0x20, 0x84, 0x10, 0x82, 0xff, 0xdf, 0x0,
    0x60, 0xf, 0xf9, 0x0, 0x23, 0xf0, 0xc1, 0xb0,
    0x13, 0x6, 0x3f, 0x0,

    /* U+B807 "렇" */
    0xfc, 0x60, 0x8c, 0x17, 0xfe, 0xf8, 0x7, 0x0,
    0xff, 0x98, 0x13, 0x2, 0xf, 0xfc, 0x7e, 0x18,
    0x23, 0x4, 0x3f, 0x0,

    /* U+B808 "레" */
    0x0, 0x9f, 0x89, 0x8, 0x90, 0x89, 0x8, 0x9f,
    0xb9, 0x80, 0x98, 0x9, 0x80, 0x98, 0x9, 0xfe,
    0x90, 0x9, 0x0, 0x90, 0x1,

    /* U+B809 "렉" */
    0x1, 0x3f, 0x24, 0x24, 0x84, 0x9f, 0xf3, 0x2,
    0x60, 0x4f, 0xe9, 0x0, 0x20, 0x0, 0xff, 0x80,
    0x10, 0x2, 0x0, 0x40,

    /* U+B80C "렌" */
    0x1, 0x3f, 0x24, 0x24, 0x84, 0x9f, 0xf3, 0x2,
    0x60, 0x4f, 0xe9, 0x1, 0x20, 0x24, 0xc0, 0x98,
    0x3, 0x0, 0x7f, 0xc0,

    /* U+B810 "렐" */
    0xf9, 0x20, 0x92, 0xf, 0x2f, 0xf2, 0x81, 0x28,
    0x12, 0xfd, 0x20, 0x0, 0x3f, 0xe0, 0x2, 0x0,
    0x23, 0xfe, 0x20, 0x3, 0xff,

    /* U+B818 "렘" */
    0x1, 0x3f, 0x24, 0x24, 0x87, 0x9f, 0xf3, 0x2,
    0x60, 0x4f, 0xe9, 0x0, 0x7, 0xfc, 0x80, 0x90,
    0x12, 0x2, 0x7f, 0xc0,

    /* U+B819 "렙" */
    0x1, 0x3f, 0x24, 0x24, 0x87, 0x9f, 0xf3, 0x2,
    0x7f, 0x48, 0x1, 0x0, 0x4, 0x4, 0xff, 0x90,
    0x12, 0x2, 0x7f, 0xc0,

    /* U+B81B "렛" */
    0x1, 0x2f, 0x92, 0x9, 0x20, 0x92, 0xff, 0x28,
    0x12, 0x81, 0x2f, 0xd2, 0x0, 0x20, 0x22, 0x6,
    0x0, 0x70, 0x1d, 0x87, 0xf, 0x40, 0x0,

    /* U+B81D "렝" */
    0x1, 0x3f, 0x24, 0x24, 0x87, 0x9f, 0xf3, 0x2,
    0x61, 0x4f, 0xa9, 0x0, 0x23, 0xf0, 0xc1, 0x90,
    0x13, 0x6, 0x3f, 0x0,

    /* U+B824 "려" */
    0x0, 0x3f, 0x84, 0x10, 0x82, 0xf0, 0x43, 0xf8,
    0x60, 0xc, 0xf, 0x80, 0x30, 0x7, 0xf8, 0x80,
    0x10, 0x2, 0x0, 0x40,

    /* U+B825 "력" */
    0x0, 0x3f, 0x84, 0x17, 0x82, 0x1f, 0xc3, 0x3,
    0xe0, 0xf, 0xf1, 0x0, 0x27, 0xfc, 0x0, 0x80,
    0x10, 0x2, 0x0, 0x40,

    /* U+B828 "련" */
    0x0, 0x3f, 0x84, 0x17, 0x82, 0x1f, 0xc3, 0x3,
    0xe0, 0xf, 0xf1, 0x0, 0x20, 0x4, 0x80, 0x10,
    0x2, 0x0, 0x7f, 0xc0,

    /* U+B82C "렬" */
    0xfc, 0x20, 0xbc, 0x10, 0xfe, 0x18, 0x1f, 0x0,
    0x7f, 0x88, 0x0, 0x3f, 0xe0, 0x4, 0x0, 0x9f,
    0xf2, 0x0, 0x7f, 0xc0,

    /* U+B834 "렴" */
    0xfc, 0x20, 0x84, 0x17, 0x82, 0x1f, 0xc3, 0x3,
    0xe0, 0xf, 0xf1, 0x0, 0x7, 0xfc, 0x80, 0x90,
    0x12, 0x2, 0x7f, 0xc0,

    /* U+B835 "렵" */
    0xfc, 0x20, 0xbc, 0x10, 0xfe, 0x18, 0x1f, 0x0,
    0x7f, 0x88, 0x1, 0x20, 0x24, 0x4, 0xff, 0x90,
    0x12, 0x2, 0x7f, 0xc0,

    /* U+B837 "렷" */
    0x0, 0x2f, 0xc2, 0x5, 0xe0, 0x42, 0xfc, 0x28,
    0x1e, 0x80, 0x2f, 0xe2, 0x0, 0x20, 0x22, 0x3,
    0x0, 0x50, 0x1d, 0x87, 0x7,

    /* U+B838 "렸" */
    0xfc, 0x60, 0xc6, 0xd, 0xe0, 0xc6, 0xfc, 0x68,
    0x1e, 0x80, 0x6f, 0xe6, 0x10, 0x81, 0x8, 0x10,
    0x82, 0x94, 0x6f, 0x68, 0x60,

    /* U+B839 "령" */
    0xfc, 0x20, 0x84, 0x17, 0x82, 0x1f, 0xc3, 0x3,
    0xe0, 0xf, 0xf1, 0x0, 0x23, 0xf0, 0xc1, 0xb0,
    0x13, 0x6, 0x3f, 0x0,

    /* U+B840 "례" */
    0x0, 0x9f, 0x89, 0x8, 0x90, 0x89, 0xb, 0x90,
    0x89, 0xf0, 0x98, 0x39, 0x80, 0x98, 0x9, 0xfc,
    0x90, 0x9, 0x0, 0x90, 0x1,

    /* U+B844 "롄" */
    0x0, 0xbf, 0x14, 0x2e, 0x84, 0x5f, 0x8b, 0x7,
    0x60, 0x2f, 0xe5, 0x0, 0xa0, 0x14, 0xc0, 0x98,
    0x3, 0x0, 0x7f, 0xc0,

    /* U+B851 "롑" */
    0x0, 0xbf, 0x8b, 0xb, 0xb0, 0x8b, 0xf8, 0xb8,
    0x3b, 0x80, 0xbf, 0xcb, 0x0, 0x3, 0x3, 0x3f,
    0xf3, 0x3, 0x30, 0x33, 0xff,

    /* U+B853 "롓" */
    0x0, 0xb7, 0xc5, 0x82, 0xec, 0x11, 0x6f, 0x8b,
    0x41, 0xda, 0x2, 0xdf, 0x96, 0x0, 0x30, 0x19,
    0x80, 0xc0, 0xf, 0x0, 0xcc, 0x3c, 0x38,

    /* U+B85C "로" */
    0x3f, 0xe0, 0x1, 0x0, 0x8, 0x7f, 0xc2, 0x0,
    0x10, 0x0, 0x80, 0x7, 0xfe, 0x2, 0x0, 0x10,
    0x3f, 0xfe,

    /* U+B85D "록" */
    0x7f, 0xe0, 0x1, 0x0, 0x8, 0xff, 0xc6, 0x0,
    0x3f, 0xf0, 0x8, 0x0, 0x40, 0xff, 0xf8, 0x0,
    0x1f, 0xf8, 0x0, 0x40, 0x2, 0x0, 0x10,

    /* U+B860 "론" */
    0x3f, 0xe0, 0x1, 0x0, 0x8, 0x7f, 0xc2, 0x0,
    0x1f, 0xf8, 0x8, 0x0, 0x40, 0xff, 0xf8, 0x0,
    0x8, 0x0, 0x40, 0x2, 0x0, 0x1f, 0xf8,

    /* U+B864 "롤" */
    0x3f, 0xe0, 0x1, 0xf, 0xf8, 0x40, 0x3, 0xfe,
    0x1, 0x0, 0x8, 0x1f, 0xff, 0x0, 0x1, 0xff,
    0x0, 0x8, 0x7f, 0xc2, 0x0, 0x1f, 0xf8,

    /* U+B86C "롬" */
    0x3f, 0xe0, 0x1, 0x0, 0x8, 0x7f, 0xc2, 0x0,
    0x1f, 0xf8, 0x8, 0x1f, 0xff, 0x0, 0x0, 0x0,
    0xf, 0xf8, 0x40, 0x42, 0x2, 0x1f, 0xf0,

    /* U+B86D "롭" */
    0x3f, 0xe0, 0x1, 0xf, 0xf8, 0x40, 0x2, 0x0,
    0x1f, 0xf8, 0x8, 0x1f, 0xff, 0x0, 0x1, 0x1,
    0xf, 0xf8, 0x40, 0x42, 0x2, 0x1f, 0xf0,

    /* U+B86F "롯" */
    0x3f, 0xe0, 0x1, 0x0, 0x8, 0x7f, 0xc2, 0x0,
    0x1f, 0xf8, 0x8, 0x0, 0x40, 0xff, 0xf8, 0x0,
    0x0, 0x80, 0xe, 0x0, 0xd8, 0x3c, 0x79, 0x0,
    0x0,

    /* U+B871 "롱" */
    0x3f, 0xe0, 0x1, 0x0, 0x8, 0x7f, 0xc2, 0x0,
    0x1f, 0xf0, 0x8, 0x0, 0x40, 0xff, 0xf8, 0x0,
    0x7, 0xf0, 0x40, 0x42, 0x2, 0xf, 0xe0,

    /* U+B878 "롸" */
    0x0, 0x23, 0xf9, 0x0, 0x48, 0x2, 0x47, 0xf2,
    0x20, 0x11, 0x0, 0xef, 0xe4, 0x8, 0x20, 0x41,
    0x3f, 0xe8, 0x0, 0x40, 0x2, 0x0, 0x10,

    /* U+B87C "롼" */
    0x7e, 0x20, 0x11, 0x0, 0x88, 0xfc, 0x44, 0x2,
    0x20, 0x1d, 0xfc, 0x81, 0x4, 0xff, 0xa0, 0x1,
    0x8, 0x8, 0x40, 0x2, 0x0, 0x1f, 0xf8,

    /* U+B88D "뢍" */
    0x7e, 0x20, 0x11, 0x0, 0x88, 0xfc, 0x44, 0x3,
    0xbf, 0x90, 0x20, 0x81, 0x4, 0xff, 0xa0, 0x0,
    0x7, 0xf0, 0x40, 0x42, 0x2, 0xf, 0xe0,

    /* U+B8A8 "뢨" */
    0x7e, 0x90, 0x34, 0x81, 0xa4, 0xfd, 0x24, 0xf,
    0x3f, 0x48, 0x62, 0x5f, 0xd2, 0x0, 0x10, 0x42,
    0x2, 0x10, 0x31, 0xc3, 0x4b, 0x31, 0x8c,

    /* U+B8B0 "뢰" */
    0x0, 0x2f, 0xe4, 0x4, 0x80, 0x97, 0xf2, 0x80,
    0x50, 0xb, 0xf9, 0x8, 0x21, 0x7, 0xfe, 0x80,
    0x10, 0x2, 0x0, 0x40,

    /* U+B8B4 "뢴" */
    0x7e, 0x20, 0x22, 0x2, 0x27, 0xe2, 0x40, 0x24,
    0x2, 0x7f, 0x20, 0x82, 0xff, 0xa0, 0x2, 0x30,
    0x23, 0x0, 0x30, 0x3, 0xff,

    /* U+B8B8 "뢸" */
    0x7e, 0x20, 0x22, 0x7e, 0x24, 0x2, 0x7f, 0x20,
    0x82, 0x8, 0xaf, 0xfa, 0x0, 0x3, 0xfe, 0x0,
    0x23, 0xfe, 0x20, 0x3, 0xff,

    /* U+B8C0 "룀" */
    0x7f, 0x20, 0x24, 0x4, 0xbf, 0x94, 0x2, 0xfe,
    0x42, 0xf, 0xfd, 0x0, 0x20, 0x0, 0xff, 0x90,
    0x12, 0x2, 0x7f, 0xc0,

    /* U+B8C1 "룁" */
    0x7f, 0x20, 0x25, 0xfc, 0xa0, 0x14, 0x2, 0xfe,
    0x42, 0xf, 0xfd, 0x0, 0x6, 0x4, 0xff, 0x98,
    0x13, 0x2, 0x7f, 0xc0,

    /* U+B8C3 "룃" */
    0x7e, 0x20, 0x22, 0x2, 0x27, 0xe2, 0x40, 0x27,
    0xf2, 0x8, 0x2f, 0xfa, 0x0, 0x20, 0x22, 0x2,
    0x0, 0x50, 0x18, 0xc7, 0x6,

    /* U+B8C5 "룅" */
    0x7f, 0x20, 0x24, 0x4, 0xbf, 0x94, 0x2, 0xfe,
    0x42, 0xf, 0xfd, 0x0, 0x23, 0xf0, 0xc1, 0x90,
    0x13, 0x6, 0x3f, 0x0,

    /* U+B8CC "료" */
    0x3f, 0xe0, 0x1, 0x0, 0x8, 0x7f, 0xc2, 0x0,
    0x10, 0x0, 0x80, 0x7, 0xfe, 0x8, 0x80, 0x44,
    0x3f, 0xfe,

    /* U+B8D0 "룐" */
    0x3f, 0xe0, 0x1, 0x0, 0x8, 0x7f, 0xc2, 0x0,
    0x1f, 0xf8, 0x22, 0x1, 0x10, 0xff, 0xf8, 0x0,
    0x8, 0x0, 0x40, 0x2, 0x0, 0x1f, 0xf8,

    /* U+B8D4 "룔" */
    0x3f, 0xe0, 0x1, 0xf, 0xf8, 0x40, 0x3, 0xfe,
    0x4, 0x40, 0x22, 0x1f, 0xff, 0x0, 0x1, 0xff,
    0x0, 0x8, 0x7f, 0xc2, 0x0, 0x1f, 0xf8,

    /* U+B8DD "룝" */
    0x3f, 0xe0, 0x1, 0xf, 0xf8, 0x40, 0x2, 0x0,
    0x1f, 0xf8, 0x22, 0x1f, 0xff, 0x0, 0x1, 0x1,
    0xf, 0xf8, 0x40, 0x42, 0x2, 0x1f, 0xf0,

    /* U+B8DF "룟" */
    0x3f, 0xe0, 0x1, 0x0, 0x8, 0x7f, 0xc2, 0x0,
    0x1f, 0xf8, 0x22, 0x1, 0x10, 0xff, 0xf8, 0x0,
    0x0, 0x80, 0xe, 0x0, 0xd8, 0x3c, 0x78,

    /* U+B8E1 "룡" */
    0x3f, 0xe0, 0x1, 0x0, 0x8, 0x7f, 0xc2, 0x0,
    0x1f, 0xf0, 0x22, 0x1, 0x10, 0xff, 0xf8, 0x0,
    0x7, 0xf0, 0x40, 0x42, 0x2, 0xf, 0xe0,

    /* U+B8E8 "루" */
    0x3f, 0xe0, 0x1, 0x0, 0x8, 0x7f, 0xc2, 0x0,
    0x10, 0x0, 0xff, 0xc0, 0x0, 0x0, 0x7, 0xff,
    0xc0, 0x80, 0x4, 0x0, 0x20, 0x1, 0x0,

    /* U+B8E9 "룩" */
    0x7f, 0xe0, 0x1, 0x0, 0x8, 0xff, 0xc6, 0x0,
    0x3f, 0xf0, 0x0, 0x1f, 0xff, 0x2, 0x0, 0x10,
    0x1f, 0xf8, 0x0, 0x40, 0x2, 0x0, 0x10,

    /* U+B8EC "룬" */
    0x3f, 0xe0, 0x1, 0x0, 0x8, 0x7f, 0xc2, 0x0,
    0x1f, 0xf8, 0x0, 0x0, 0x0, 0xff, 0xf8, 0x10,
    0x8, 0x80, 0x44, 0x2, 0x0, 0x1f, 0xf8,

    /* U+B8F0 "룰" */
    0x3f, 0xe0, 0x1, 0xf, 0xf8, 0x40, 0x3, 0xfe,
    0x0, 0x3, 0xff, 0xe0, 0x40, 0x2, 0x1, 0xff,
    0x0, 0x8, 0x7f, 0xc2, 0x0, 0x1f, 0xf8,

    /* U+B8F8 "룸" */
    0x3f, 0xe0, 0x1, 0x0, 0x8, 0x7f, 0xc2, 0x0,
    0x1f, 0xf8, 0x0, 0x1f, 0xff, 0x2, 0x0, 0x10,
    0xf, 0xf8, 0x40, 0x42, 0x2, 0x1f, 0xf0,

    /* U+B8F9 "룹" */
    0x3f, 0xe0, 0x1, 0xf, 0xf8, 0x40, 0x2, 0x0,
    0x1f, 0xf8, 0x0, 0x1f, 0xff, 0x2, 0x1, 0x11,
    0x8, 0x8, 0x7f, 0xc2, 0x2, 0x1f, 0xf0,

    /* U+B8FB "룻" */
    0x3f, 0xe0, 0x1, 0x0, 0x8, 0x7f, 0xc2, 0x0,
    0x1f, 0xf8, 0x0, 0x1f, 0xff, 0x2, 0x0, 0x0,
    0x0, 0x80, 0xe, 0x0, 0xd8, 0x38, 0x38,

    /* U+B8FD "룽" */
    0x3f, 0xe0, 0x1, 0x0, 0x8, 0x7f, 0xc2, 0x0,
    0x1f, 0xf0, 0x0, 0x1f, 0xff, 0x2, 0x0, 0x10,
    0x7, 0xf0, 0x40, 0x42, 0x2, 0xf, 0xe0,

    /* U+B904 "뤄" */
    0x7f, 0x20, 0x24, 0x4, 0xbf, 0x94, 0x2, 0xfe,
    0x40, 0x8, 0xfd, 0xff, 0x21, 0x4, 0x27, 0x84,
    0x10, 0x82, 0x10, 0x40,

    /* U+B918 "뤘" */
    0x7f, 0x20, 0x32, 0x7f, 0x24, 0x2, 0x7f, 0x20,
    0x2, 0xff, 0xa1, 0x2, 0x11, 0xe0, 0x0, 0x10,
    0xc3, 0x8c, 0x6d, 0xa4, 0x61,

    /* U+B920 "뤠" */
    0x0, 0x5b, 0xf2, 0xc1, 0x96, 0xfc, 0xb4, 0x5,
    0xbf, 0x2c, 0x1, 0x60, 0xb, 0xff, 0x58, 0x82,
    0xc4, 0xf6, 0x20, 0xb1, 0x5, 0x80, 0xc,

    /* U+B93C "뤼" */
    0x0, 0x2f, 0xe4, 0x4, 0xbf, 0x94, 0x2, 0x80,
    0x5f, 0xc8, 0x1, 0xff, 0xa1, 0x4, 0x20, 0x84,
    0x10, 0x82, 0x10, 0x40,

    /* U+B93D "뤽" */
    0x7f, 0x20, 0x24, 0x4, 0xbf, 0x94, 0x2, 0xfe,
    0x40, 0xf, 0xfd, 0x8, 0x21, 0x0, 0xff, 0x80,
    0x10, 0x2, 0x0, 0x40,

    /* U+B940 "륀" */
    0x7f, 0x20, 0x12, 0x1, 0x27, 0xf2, 0x40, 0x27,
    0xf2, 0x0, 0x2f, 0xfa, 0x8, 0x20, 0x82, 0x28,
    0x22, 0x0, 0x20, 0x3, 0xff,

    /* U+B944 "륄" */
    0x7e, 0x20, 0x22, 0x7e, 0x24, 0x2, 0x7f, 0x20,
    0x2, 0xff, 0xa0, 0x82, 0x8, 0x3, 0xfe, 0x0,
    0x23, 0xfe, 0x20, 0x3, 0xff,

    /* U+B94C "륌" */
    0x7f, 0x20, 0x25, 0xfc, 0xa0, 0x14, 0x2, 0xfe,
    0x40, 0xf, 0xfd, 0x8, 0x27, 0xfc, 0x80, 0x90,
    0x12, 0x2, 0x7f, 0xc0,

    /* U+B94F "륏" */
    0x7f, 0x20, 0x12, 0x1, 0x27, 0xf2, 0x40, 0x27,
    0xf2, 0x0, 0x2f, 0xfa, 0x10, 0x21, 0x12, 0x1,
    0x0, 0x28, 0x1c, 0x62, 0x3,

    /* U+B951 "륑" */
    0x7f, 0x20, 0x24, 0x4, 0xbf, 0x94, 0x2, 0xfe,
    0x40, 0xf, 0xfd, 0x8, 0x21, 0xf0, 0xc1, 0x90,
    0x13, 0x6, 0x3f, 0x80,

    /* U+B958 "류" */
    0x3f, 0xe0, 0x1, 0x0, 0x8, 0x7f, 0xc2, 0x0,
    0x10, 0x0, 0xff, 0xc0, 0x0, 0xff, 0xf8, 0xc6,
    0x6, 0x30, 0x31, 0x81, 0x8c, 0xc, 0x60,

    /* U+B959 "륙" */
    0x7f, 0xe0, 0x1, 0x0, 0x8, 0xff, 0xc6, 0x0,
    0x3f, 0xf0, 0x0, 0x1f, 0xff, 0x18, 0xc0, 0xc6,
    0x1f, 0xf8, 0x0, 0x40, 0x2, 0x0, 0x10,

    /* U+B95C "륜" */
    0x3f, 0xe0, 0x1, 0x0, 0x8, 0x7f, 0xc2, 0x0,
    0x1f, 0xf8, 0x0, 0x0, 0x0, 0xff, 0xf8, 0x64,
    0xb, 0x20, 0x40, 0x2, 0x0, 0x1f, 0xf8,

    /* U+B960 "률" */
    0x3f, 0xe0, 0x1, 0xf, 0xf8, 0x40, 0x3, 0xfe,
    0x0, 0x3, 0xff, 0xe3, 0x10, 0x18, 0x81, 0xff,
    0x0, 0x8, 0x7f, 0xc2, 0x0, 0x1f, 0xf8,

    /* U+B968 "륨" */
    0x3f, 0xe0, 0x1, 0x0, 0x8, 0x7f, 0xc2, 0x0,
    0x1f, 0xf8, 0x0, 0x1f, 0xff, 0x18, 0x80, 0xc4,
    0xf, 0xf8, 0x40, 0x42, 0x2, 0x1f, 0xf0,

    /* U+B969 "륩" */
    0x3f, 0xe0, 0x1, 0xf, 0xf8, 0x40, 0x2, 0x0,
    0x1f, 0xf8, 0x0, 0x1f, 0xff, 0x8, 0x81, 0x45,
    0x8, 0x8, 0x7f, 0xc2, 0x2, 0x1f, 0xf0,

    /* U+B96B "륫" */
    0x3f, 0xe0, 0x1, 0x0, 0x8, 0x7f, 0xc2, 0x0,
    0x1f, 0xf8, 0x0, 0x1f, 0xff, 0x10, 0x40, 0x92,
    0x1, 0x80, 0xa, 0x1, 0x8c, 0x30, 0x18,

    /* U+B96D "륭" */
    0x3f, 0xe0, 0x1, 0x0, 0x8, 0x7f, 0xc2, 0x0,
    0x1f, 0xf0, 0x0, 0x1f, 0xff, 0x18, 0xc0, 0xc6,
    0x7, 0xf0, 0x40, 0x42, 0x2, 0xf, 0xe0,

    /* U+B974 "르" */
    0x3f, 0xe0, 0x1, 0x0, 0x8, 0x7f, 0xc2, 0x0,
    0x10, 0x0, 0x80, 0x7, 0xfe, 0x0, 0x0, 0x0,
    0x3f, 0xfe,

    /* U+B975 "륵" */
    0x7f, 0xe0, 0x1, 0x0, 0x8, 0xff, 0xc6, 0x0,
    0x3f, 0xf0, 0x0, 0x0, 0x0, 0xff, 0xf8, 0x0,
    0x1f, 0xf8, 0x0, 0x40, 0x2, 0x0, 0x10,

    /* U+B978 "른" */
    0x3f, 0xe0, 0x1, 0x0, 0x8, 0x7f, 0xc2, 0x0,
    0x1f, 0xf8, 0x0, 0x0, 0x0, 0xff, 0xf8, 0x0,
    0x8, 0x0, 0x40, 0x2, 0x0, 0x1f, 0xf8,

    /* U+B97C "를" */
    0x3f, 0xe0, 0x1, 0xf, 0xf8, 0x40, 0x3, 0xfe,
    0x0, 0x3, 0xff, 0xe0, 0x0, 0x0, 0x1, 0xff,
    0x0, 0x8, 0x7f, 0xc2, 0x0, 0x1f, 0xf8,

    /* U+B984 "름" */
    0x3f, 0xe0, 0x1, 0x0, 0x8, 0x7f, 0xc2, 0x0,
    0x1f, 0xf8, 0x0, 0x1f, 0xff, 0x0, 0x0, 0x0,
    0xf, 0xf8, 0x40, 0x42, 0x2, 0x1f, 0xf0,

    /* U+B985 "릅" */
    0x3f, 0xe0, 0x1, 0xf, 0xf8, 0x40, 0x2, 0x0,
    0x1f, 0xf8, 0x0, 0x1f, 0xff, 0x0, 0x1, 0x1,
    0xf, 0xf8, 0x40, 0x42, 0x2, 0x1f, 0xf0,

    /* U+B987 "릇" */
    0x3f, 0xe0, 0x1, 0x0, 0x8, 0x7f, 0xc2, 0x0,
    0x1f, 0xf8, 0x0, 0x1f, 0xff, 0x0, 0x0, 0x10,
    0x1, 0x80, 0x1a, 0x3, 0x8e, 0x30, 0x18,

    /* U+B989 "릉" */
    0x3f, 0xe0, 0x1, 0x0, 0x8, 0x7f, 0xc2, 0x0,
    0x1f, 0xf0, 0x0, 0x1f, 0xff, 0x0, 0x0, 0x0,
    0x7, 0xf0, 0x40, 0x42, 0x2, 0xf, 0xe0,

    /* U+B98A "릊" */
    0x3f, 0xe0, 0x1, 0x0, 0x8, 0x7f, 0xc2, 0x0,
    0x1f, 0xf8, 0x0, 0x1f, 0xff, 0x0, 0x1, 0xff,
    0x80, 0x80, 0xa, 0x3, 0x8e, 0x20, 0x18,

    /* U+B98D "릍" */
    0x3f, 0xe0, 0x1, 0xf, 0xf8, 0x40, 0x3, 0xff,
    0x0, 0x0, 0x0, 0x1f, 0xff, 0x0, 0x1, 0xff,
    0x8, 0x0, 0x7f, 0xc2, 0x0, 0x1f, 0xf8,

    /* U+B98E "릎" */
    0x3f, 0xe0, 0x1, 0x0, 0x8, 0x7f, 0xc2, 0x0,
    0x1f, 0xf8, 0x0, 0x1f, 0xff, 0x0, 0x3, 0xff,
    0x82, 0x20, 0x11, 0x0, 0x88, 0x3f, 0xf8,

    /* U+B9AC "리" */
    0x0, 0x3f, 0x84, 0x10, 0x82, 0x10, 0x43, 0xf8,
    0x60, 0xc, 0x1, 0x80, 0x30, 0x7, 0xfc, 0x80,
    0x10, 0x2, 0x0, 0x40,

    /* U+B9AD "릭" */
    0xfc, 0x20, 0x84, 0x10, 0x82, 0x1f, 0xc3, 0x0,
    0x60, 0xf, 0xf9, 0x0, 0x27, 0xfc, 0x0, 0x80,
    0x10, 0x2, 0x0, 0x40,

    /* U+B9B0 "린" */
    0x0, 0x3f, 0x84, 0x10, 0x82, 0x1f, 0xc3, 0x0,
    0x60, 0xf, 0xf9, 0x0, 0x20, 0x5, 0x80, 0x30,
    0x6, 0x0, 0xff, 0xc0,

    /* U+B9B4 "릴" */
    0xfc, 0x20, 0x84, 0x10, 0xfe, 0x18, 0x3, 0x0,
    0x7f, 0xc8, 0x0, 0x3f, 0xe0, 0x4, 0xff, 0x90,
    0x2, 0x0, 0x7f, 0xc0,

    /* U+B9BC "림" */
    0x0, 0x3f, 0x84, 0x10, 0x82, 0x1f, 0xc3, 0x0,
    0x60, 0xf, 0xf9, 0x0, 0xf, 0xfd, 0x80, 0xb0,
    0x16, 0x2, 0xff, 0xc0,

    /* U+B9BD "립" */
    0xfc, 0x20, 0x84, 0x10, 0xfe, 0x18, 0x3, 0x0,
    0x7f, 0xc8, 0x1, 0x60, 0x2c, 0x5, 0xff, 0xb0,
    0x16, 0x2, 0xff, 0xc0,

    /* U+B9BF "릿" */
    0x0, 0x2f, 0xc2, 0x4, 0x20, 0x42, 0xfc, 0x28,
    0x2, 0x80, 0x2f, 0xf2, 0x0, 0x20, 0x62, 0x6,
    0x0, 0x70, 0x19, 0x87, 0xe, 0x40, 0x0,

    /* U+B9C1 "링" */
    0x0, 0x3f, 0x84, 0x10, 0x82, 0x1f, 0xc3, 0x0,
    0x60, 0xf, 0xf9, 0x0, 0x23, 0xf1, 0x81, 0xb0,
    0x16, 0x6, 0x3f, 0x0,

    /* U+B9C8 "마" */
    0x0, 0x4f, 0xc4, 0x84, 0x48, 0x44, 0x84, 0x48,
    0x44, 0x84, 0x78, 0x44, 0x84, 0x48, 0x44, 0xfc,
    0x40, 0x4, 0x0, 0x40, 0x4,

    /* U+B9C9 "막" */
    0x0, 0x4f, 0xc4, 0x84, 0x48, 0x44, 0x84, 0x78,
    0x44, 0xfc, 0x40, 0x4, 0x0, 0x7, 0xfc, 0x0,
    0x40, 0x4, 0x0, 0x40, 0x4,

    /* U+B9CC "만" */
    0x0, 0x4f, 0xc4, 0x84, 0x48, 0x44, 0x84, 0x78,
    0x44, 0x84, 0x4f, 0xc4, 0x0, 0x40, 0x4, 0x60,
    0x6, 0x0, 0x60, 0x7, 0xfe,

    /* U+B9CE "많" */
    0x0, 0x6f, 0xe6, 0x82, 0x68, 0x27, 0x82, 0x68,
    0x26, 0xfe, 0x60, 0x8, 0x47, 0xf4, 0x7f, 0x41,
    0xc4, 0x22, 0x42, 0x27, 0x9c,

    /* U+B9CF "맏" */
    0x0, 0x4f, 0xc4, 0x84, 0x48, 0x47, 0x84, 0x48,
    0x44, 0xfc, 0x40, 0x4, 0x0, 0x7, 0xfc, 0x60,
    0x6, 0x0, 0x60, 0x7, 0xfc,

    /* U+B9D0 "말" */
    0xfc, 0x48, 0x44, 0x84, 0x48, 0x47, 0x84, 0x4f,
    0xc4, 0x0, 0x40, 0x0, 0x7f, 0xc0, 0x4, 0x7f,
    0xc4, 0x0, 0x40, 0x7, 0xfe,

    /* U+B9D1 "맑" */
    0xfc, 0x48, 0x44, 0x84, 0x48, 0x47, 0x84, 0x48,
    0x44, 0xfc, 0x40, 0x0, 0x7b, 0xc0, 0x84, 0x8,
    0x47, 0x84, 0x40, 0x47, 0xc4,

    /* U+B9D2 "맒" */
    0xfc, 0x48, 0x44, 0x84, 0x48, 0x47, 0x84, 0x48,
    0x44, 0xfc, 0x40, 0x0, 0x7b, 0xc0, 0xa4, 0x7a,
    0x44, 0x24, 0x42, 0x47, 0xbc,

    /* U+B9D8 "맘" */
    0x0, 0x4f, 0xc4, 0x84, 0x48, 0x47, 0x84, 0x48,
    0x44, 0xfc, 0x40, 0x4, 0x0, 0x7, 0xfc, 0x60,
    0x46, 0x4, 0x60, 0x47, 0xfc,

    /* U+B9D9 "맙" */
    0x0, 0x4f, 0xc4, 0x84, 0x48, 0x47, 0x84, 0x48,
    0x44, 0xfc, 0x40, 0x4, 0x60, 0x46, 0x4, 0x7f,
    0xc6, 0x4, 0x60, 0x47, 0xfc,

    /* U+B9DB "맛" */
    0x0, 0x4f, 0xc4, 0x84, 0x48, 0x44, 0x84, 0x78,
    0x44, 0xfc, 0x40, 0x4, 0x4, 0x40, 0x60, 0x6,
    0x0, 0xb0, 0x31, 0xc4, 0x2,

    /* U+B9DD "망" */
    0x0, 0x4f, 0xc4, 0x84, 0x48, 0x47, 0x84, 0x48,
    0x44, 0xfc, 0x40, 0x4, 0x0, 0x1, 0xf0, 0x60,
    0xc4, 0x4, 0x60, 0xc3, 0xf8,

    /* U+B9DE "맞" */
    0x0, 0x4f, 0xc4, 0x84, 0x48, 0x47, 0x84, 0x48,
    0x44, 0xfc, 0x40, 0x4, 0x0, 0x7, 0xfc, 0x4,
    0x0, 0xe0, 0x1b, 0x6, 0xe,

    /* U+B9E1 "맡" */
    0x0, 0x4f, 0xc4, 0x84, 0x48, 0x47, 0x84, 0x48,
    0x44, 0xfc, 0x40, 0x4, 0x7f, 0xc6, 0x0, 0x60,
    0x7, 0xfc, 0x60, 0x7, 0xfc,

    /* U+B9E3 "맣" */
    0xfc, 0x48, 0x44, 0x84, 0x78, 0x47, 0x84, 0x4f,
    0xc4, 0x0, 0x40, 0x40, 0x7f, 0xe0, 0x0, 0x1f,
    0x83, 0x4, 0x20, 0x41, 0xf8,

    /* U+B9E4 "매" */
    0x1, 0x1f, 0x91, 0x89, 0x18, 0x91, 0x89, 0x18,
    0x91, 0x89, 0xf8, 0x91, 0x89, 0x1f, 0x91, 0x1,
    0x10, 0x11, 0x1, 0x10, 0x1,

    /* U+B9E5 "맥" */
    0x1, 0x3f, 0x26, 0x24, 0xc4, 0x98, 0x9f, 0x12,
    0x7e, 0x48, 0x9, 0x0, 0x7, 0xfc, 0x0, 0x80,
    0x10, 0x2, 0x0, 0x40,

    /* U+B9E8 "맨" */
    0x1, 0x3f, 0x26, 0x24, 0xc4, 0x98, 0x9f, 0x12,
    0x62, 0x4f, 0xc9, 0x1, 0x24, 0x24, 0x80, 0x90,
    0x2, 0x0, 0x7f, 0xc0,

    /* U+B9EC "맬" */
    0x1, 0x2f, 0x92, 0x89, 0x28, 0x9e, 0x89, 0x2f,
    0x92, 0x1, 0x20, 0x0, 0x3f, 0xe0, 0x2, 0x3f,
    0xe2, 0x0, 0x20, 0x3, 0xff,

    /* U+B9F4 "맴" */
    0x1, 0x3f, 0x26, 0x24, 0xc4, 0xf8, 0x93, 0x12,
    0x7e, 0x48, 0x9, 0x0, 0x7, 0xfc, 0x80, 0x90,
    0x12, 0x2, 0x7f, 0xc0,

    /* U+B9F5 "맵" */
    0x1, 0x3f, 0x26, 0x24, 0xc4, 0xf8, 0x93, 0x12,
    0x7e, 0x48, 0x1, 0x20, 0x24, 0x4, 0xff, 0x90,
    0x12, 0x2, 0x7f, 0xc0,

    /* U+B9F7 "맷" */
    0x1, 0x2f, 0x92, 0x89, 0x28, 0x9e, 0x89, 0x28,
    0x92, 0xf9, 0x20, 0x12, 0x0, 0x20, 0x22, 0x6,
    0x0, 0x70, 0xd, 0x87, 0x8e, 0x40, 0x20,

    /* U+B9F8 "맸" */
    0x1, 0x2f, 0x92, 0x89, 0x28, 0x9e, 0x89, 0x28,
    0x92, 0xf9, 0x20, 0x12, 0x0, 0x1, 0xc, 0x10,
    0xc2, 0x9c, 0x6f, 0x6c, 0x61,

    /* U+B9F9 "맹" */
    0x1, 0x3f, 0x26, 0x24, 0xc4, 0x98, 0x9f, 0x12,
    0x7e, 0x48, 0x9, 0x0, 0x23, 0xf0, 0xc1, 0x90,
    0x13, 0x6, 0x3f, 0x0,

    /* U+B9FA "맺" */
    0x1, 0x2f, 0x92, 0x89, 0x28, 0x9e, 0x89, 0x28,
    0x92, 0xf9, 0x20, 0x12, 0x0, 0x3, 0xfe, 0x2,
    0x0, 0x70, 0xd, 0x87, 0x7,

    /* U+BA00 "먀" */
    0x0, 0x4f, 0xc4, 0x84, 0x48, 0x47, 0x84, 0x48,
    0x44, 0x84, 0x48, 0x44, 0x84, 0x78, 0x44, 0xfc,
    0x40, 0x4, 0x0, 0x40, 0x4,

    /* U+BA01 "먁" */
    0x0, 0x4f, 0xc4, 0x84, 0x78, 0x44, 0x84, 0x48,
    0x47, 0xfc, 0x40, 0x4, 0x0, 0x7, 0xfc, 0x0,
    0x40, 0x4, 0x0, 0x40, 0x4,

    /* U+BA08 "먈" */
    0xfc, 0x48, 0x44, 0x84, 0x78, 0x44, 0x84, 0x7f,
    0xc4, 0x0, 0x40, 0x0, 0x7f, 0xc0, 0x4, 0x7f,
    0xc4, 0x0, 0x40, 0x7, 0xfe,

    /* U+BA15 "먕" */
    0x0, 0x4f, 0xc4, 0x84, 0x78, 0x44, 0x84, 0x48,
    0x47, 0xfc, 0x40, 0x4, 0x0, 0x1, 0xf0, 0x60,
    0xc4, 0x4, 0x60, 0xc3, 0xf8,

    /* U+BA38 "머" */
    0x0, 0x3f, 0x86, 0x10, 0xc2, 0x18, 0x43, 0xf,
    0xe1, 0xc, 0x21, 0x84, 0x30, 0x87, 0xf0, 0x80,
    0x10, 0x2, 0x0, 0x40,

    /* U+BA39 "먹" */
    0x0, 0x3f, 0x86, 0x10, 0xc3, 0xf8, 0x43, 0x8,
    0x7f, 0x8, 0x1, 0x0, 0x7, 0xfc, 0x0, 0x80,
    0x10, 0x2, 0x0, 0x40,

    /* U+BA3C "먼" */
    0x0, 0x3f, 0x86, 0x10, 0xc2, 0x18, 0x7f, 0x8,
    0x61, 0xf, 0xe1, 0x0, 0x20, 0x4, 0x80, 0x10,
    0x2, 0x0, 0x7f, 0xc0,

    /* U+BA40 "멀" */
    0xfc, 0x30, 0x86, 0x10, 0xc3, 0xf8, 0x43, 0xf8,
    0x40, 0x8, 0x0, 0x3f, 0xe0, 0x4, 0xff, 0x90,
    0x2, 0x0, 0x7f, 0xc0,

    /* U+BA42 "멂" */
    0xfe, 0x30, 0xc6, 0x18, 0xc3, 0xf8, 0x63, 0xc,
    0x7f, 0x88, 0x0, 0x79, 0xe1, 0x25, 0xe4, 0xa0,
    0x94, 0x12, 0xfb, 0xc0,

    /* U+BA48 "멈" */
    0x0, 0x3f, 0x86, 0x10, 0xc3, 0xf8, 0x43, 0x8,
    0x7f, 0x8, 0x1, 0x0, 0x7, 0xfc, 0x80, 0x90,
    0x12, 0x2, 0x7f, 0xc0,

    /* U+BA49 "멉" */
    0x0, 0x3f, 0x86, 0x10, 0xc3, 0xf8, 0x43, 0x8,
    0x7f, 0x8, 0x1, 0x20, 0x24, 0x4, 0xff, 0x90,
    0x12, 0x2, 0x7f, 0xc0,

    /* U+BA4B "멋" */
    0x0, 0x2f, 0xc2, 0x84, 0x28, 0x7e, 0x84, 0x28,
    0x42, 0xfc, 0x20, 0x2, 0x0, 0x20, 0x62, 0x6,
    0x0, 0xf0, 0x19, 0x87, 0xf, 0x40, 0x0,

    /* U+BA4D "멍" */
    0x0, 0x3f, 0x86, 0x10, 0xc3, 0xf8, 0x43, 0x8,
    0x7f, 0x8, 0x1, 0x0, 0x3, 0xf0, 0x81, 0xb0,
    0x12, 0x6, 0x3f, 0x0,

    /* U+BA4E "멎" */
    0x0, 0x2f, 0xc2, 0x84, 0x28, 0x7e, 0x84, 0x28,
    0x42, 0xfc, 0x20, 0x2, 0x0, 0x3, 0xfe, 0x6,
    0x0, 0x70, 0x19, 0x87, 0x7,

    /* U+BA53 "멓" */
    0xfc, 0x30, 0x86, 0x10, 0xc3, 0xf8, 0x43, 0xf8,
    0x40, 0x8, 0x30, 0x7f, 0xe0, 0x0, 0x7e, 0x18,
    0x23, 0x4, 0x3f, 0x0,

    /* U+BA54 "메" */
    0x0, 0x9f, 0x89, 0x88, 0x98, 0x89, 0x88, 0x98,
    0xf9, 0x88, 0x98, 0x89, 0x88, 0x9f, 0x89, 0x0,
    0x90, 0x9, 0x0, 0x90, 0x1,

    /* U+BA55 "멕" */
    0x0, 0x9f, 0x89, 0x88, 0x98, 0x89, 0x8f, 0x98,
    0x89, 0xf8, 0x90, 0x9, 0x0, 0x7, 0xff, 0x0,
    0x10, 0x1, 0x0, 0x10, 0x1,

    /* U+BA58 "멘" */
    0x0, 0xbf, 0x16, 0x22, 0xc4, 0x58, 0xfb, 0x11,
    0x62, 0x2f, 0xc5, 0x0, 0xa4, 0x14, 0x80, 0x90,
    0x2, 0x0, 0x7f, 0xc0,

    /* U+BA5C "멜" */
    0x0, 0xaf, 0x8a, 0x88, 0xa8, 0xfa, 0x88, 0xaf,
    0x8a, 0x0, 0xa0, 0x0, 0x3f, 0xe0, 0x2, 0x3f,
    0xe2, 0x0, 0x20, 0x3, 0xff,

    /* U+BA64 "멤" */
    0x0, 0x9f, 0x89, 0x88, 0x98, 0xf9, 0x88, 0x98,
    0x89, 0xf8, 0x90, 0x9, 0x0, 0x3, 0xff, 0x20,
    0x12, 0x1, 0x20, 0x13, 0xff,

    /* U+BA65 "멥" */
    0x0, 0x9f, 0x89, 0x88, 0x98, 0xf9, 0x88, 0x98,
    0x89, 0xf8, 0x90, 0x1, 0x20, 0x12, 0x1, 0x3f,
    0xf2, 0x1, 0x20, 0x13, 0xff,

    /* U+BA67 "멧" */
    0x0, 0x97, 0xc4, 0xa2, 0x25, 0x11, 0x28, 0xf9,
    0x44, 0x4b, 0xe2, 0x40, 0x12, 0x0, 0x10, 0x18,
    0x80, 0xc0, 0xf, 0x0, 0xdc, 0x3c, 0x39, 0x0,
    0x40,

    /* U+BA68 "멨" */
    0x0, 0x97, 0xe4, 0xa3, 0x25, 0x1f, 0x28, 0xc9,
    0x46, 0x4b, 0xf2, 0x40, 0x12, 0x0, 0x0, 0x82,
    0x4, 0x10, 0x51, 0xc6, 0xdb, 0x63, 0x8c,

    /* U+BA69 "멩" */
    0x0, 0x9f, 0x89, 0x88, 0x98, 0x89, 0x8f, 0x98,
    0x89, 0xf8, 0x90, 0x9, 0x0, 0x11, 0xfc, 0x30,
    0x22, 0x1, 0x30, 0x20, 0xfc,

    /* U+BA70 "며" */
    0x0, 0x3f, 0x86, 0x10, 0xc3, 0xf8, 0x43, 0x8,
    0x61, 0xc, 0x3f, 0x84, 0x30, 0x87, 0xf0, 0x80,
    0x10, 0x2, 0x0, 0x40,

    /* U+BA71 "멱" */
    0x0, 0x3f, 0x86, 0x1f, 0xc2, 0x18, 0x43, 0xf,
    0xff, 0x8, 0x1, 0x0, 0x7, 0xfc, 0x0, 0x80,
    0x10, 0x2, 0x0, 0x40,

    /* U+BA74 "면" */
    0x0, 0x3f, 0x86, 0x1f, 0xc2, 0x18, 0x43, 0xf,
    0xe1, 0xff, 0xe1, 0x0, 0x20, 0x4, 0x80, 0x10,
    0x2, 0x0, 0x7f, 0xc0,

    /* U+BA78 "멸" */
    0xfc, 0x30, 0x86, 0x1f, 0xc2, 0x18, 0x7f, 0xf8,
    0x40, 0x8, 0x0, 0x3f, 0xe0, 0x4, 0xff, 0x90,
    0x2, 0x0, 0x7f, 0xc0,

    /* U+BA83 "몃" */
    0x0, 0x2f, 0xc2, 0x87, 0xe8, 0x42, 0x84, 0x28,
    0x7e, 0xfc, 0x20, 0x2, 0x0, 0x20, 0x62, 0x6,
    0x0, 0xf0, 0x19, 0x87, 0xf, 0x40, 0x0,

    /* U+BA84 "몄" */
    0x0, 0x6f, 0xc6, 0x87, 0xe8, 0x46, 0x84, 0x68,
    0x7e, 0xfc, 0x60, 0x6, 0x10, 0x81, 0x8, 0x10,
    0x82, 0x94, 0x6f, 0x6c, 0x63,

    /* U+BA85 "명" */
    0x0, 0x3f, 0x86, 0x1f, 0xc2, 0x18, 0x43, 0xf,
    0xff, 0x8, 0x1, 0x0, 0x3, 0xf0, 0x81, 0xb0,
    0x12, 0x6, 0x3f, 0x0,

    /* U+BA87 "몇" */
    0x0, 0x2f, 0xc2, 0x87, 0xe8, 0x42, 0x84, 0x28,
    0x7e, 0xfc, 0x20, 0x2, 0x6, 0x7, 0xfe, 0x6,
    0x0, 0x70, 0x19, 0x87, 0x7,

    /* U+BA8C "몌" */
    0x0, 0x9f, 0x89, 0x88, 0x98, 0xf9, 0x88, 0x98,
    0x89, 0x88, 0x98, 0xf9, 0x88, 0x9f, 0x89, 0x0,
    0x90, 0x9, 0x0, 0x90, 0x1,

    /* U+BAA8 "모" */
    0x3f, 0xe1, 0x1, 0x8, 0x8, 0x40, 0x42, 0x2,
    0x10, 0x10, 0xff, 0x80, 0x40, 0x2, 0x0, 0x10,
    0x3f, 0xfe,

    /* U+BAA9 "목" */
    0x7f, 0xe3, 0x1, 0x18, 0x8, 0xc0, 0x47, 0xfe,
    0x1, 0x0, 0x8, 0x1f, 0xff, 0x0, 0x0, 0x0,
    0x1f, 0xf8, 0x0, 0x40, 0x2, 0x0, 0x10,

    /* U+BAAB "몫" */
    0x7f, 0xe3, 0x1, 0x18, 0x8, 0xc0, 0x47, 0xfe,
    0x1, 0x0, 0x8, 0x1f, 0xff, 0x0, 0x3, 0xe2,
    0x3, 0x30, 0x19, 0x80, 0xda, 0x7, 0x88,

    /* U+BAAC "몬" */
    0x3f, 0xe1, 0x1, 0x8, 0x8, 0x40, 0x42, 0x2,
    0x1f, 0xf0, 0x8, 0x0, 0x40, 0xff, 0xf8, 0x0,
    0x8, 0x0, 0x40, 0x2, 0x0, 0x1f, 0xf0,

    /* U+BAB0 "몰" */
    0x3f, 0xe1, 0x1, 0x8, 0x8, 0x40, 0x43, 0xfe,
    0x1, 0x3, 0xff, 0xe0, 0x0, 0x3f, 0xe0, 0x1,
    0x0, 0x8, 0x7f, 0xc2, 0x0, 0x1f, 0xf8,

    /* U+BAB2 "몲" */
    0x3f, 0xe1, 0x1, 0x8, 0x8, 0x40, 0x43, 0xfe,
    0x1, 0x3, 0xff, 0xe0, 0x0, 0x7d, 0xf0, 0x29,
    0x81, 0x4c, 0xfa, 0x66, 0x13, 0x3e, 0xf8,

    /* U+BAB8 "몸" */
    0x3f, 0xe1, 0x1, 0x8, 0x8, 0x40, 0x43, 0xfe,
    0x1, 0x0, 0x8, 0x1f, 0xff, 0x0, 0x1, 0xff,
    0x8, 0x8, 0x40, 0x42, 0x2, 0x1f, 0xf0,

    /* U+BAB9 "몹" */
    0x3f, 0xe1, 0x1, 0x8, 0x8, 0x40, 0x43, 0xfe,
    0x1, 0x0, 0x8, 0x1f, 0xff, 0x0, 0x1, 0x1,
    0xf, 0xf8, 0x40, 0x42, 0x2, 0x1f, 0xf0,

    /* U+BABB "못" */
    0x3f, 0xe1, 0x1, 0x8, 0x8, 0x40, 0x43, 0xfe,
    0x1, 0x0, 0x8, 0x1f, 0xff, 0x0, 0x0, 0x10,
    0x0, 0x80, 0xa, 0x1, 0x8c, 0x38, 0x38,

    /* U+BABD "몽" */
    0x3f, 0xe1, 0x1, 0x8, 0x8, 0x40, 0x43, 0xfe,
    0x1, 0x0, 0x8, 0x1f, 0xff, 0x0, 0x0, 0xfe,
    0xc, 0x18, 0x40, 0x43, 0x6, 0xf, 0xe0,

    /* U+BAC4 "뫄" */
    0x0, 0x23, 0xf9, 0x10, 0x48, 0x82, 0x44, 0x12,
    0x20, 0x91, 0xfc, 0xe1, 0x4, 0x8, 0x20, 0x41,
    0x3f, 0xe8, 0x0, 0x40, 0x2, 0x0, 0x10,

    /* U+BAC8 "뫈" */
    0x0, 0x23, 0xf9, 0x10, 0x48, 0x82, 0x44, 0x12,
    0x3f, 0x9c, 0x20, 0x81, 0x4, 0xff, 0xa0, 0x1,
    0x8, 0x8, 0x40, 0x2, 0x0, 0x1f, 0xf8,

    /* U+BAD8 "뫘" */
    0x7f, 0x22, 0x9, 0x10, 0x48, 0x82, 0x47, 0xf3,
    0x8c, 0x10, 0x60, 0x9f, 0xf4, 0x0, 0x20, 0x0,
    0x4, 0x10, 0x31, 0x82, 0x8a, 0x63, 0xdc, 0x0,
    0x0,

    /* U+BAD9 "뫙" */
    0x0, 0x23, 0xf9, 0x10, 0x48, 0x82, 0x47, 0xf3,
    0x84, 0x10, 0x22, 0x9f, 0xf4, 0x0, 0x20, 0xfc,
    0xc, 0x18, 0x40, 0x43, 0x6, 0xf, 0xc0,

    /* U+BAFC "뫼" */
    0x0, 0x2f, 0xe5, 0x4, 0xa0, 0x94, 0x12, 0x82,
    0x5f, 0xc8, 0x41, 0x8, 0x21, 0x7, 0xfe, 0x80,
    0x10, 0x2, 0x0, 0x40,

    /* U+BB00 "묀" */
    0x0, 0x27, 0xf2, 0x41, 0x24, 0x12, 0x41, 0x27,
    0xf2, 0x8, 0x20, 0x82, 0xff, 0xa0, 0x2, 0x30,
    0x23, 0x0, 0x30, 0x3, 0xff,

    /* U+BB04 "묄" */
    0x7f, 0x24, 0x12, 0x41, 0x24, 0x12, 0x7f, 0x20,
    0x82, 0xff, 0xaf, 0xc2, 0x3f, 0xe0, 0x2, 0x0,
    0x23, 0xfe, 0x20, 0x3, 0xff,

    /* U+BB0D "묍" */
    0x7f, 0x28, 0x25, 0x4, 0xa0, 0x97, 0xf2, 0x10,
    0x42, 0xf, 0xfd, 0x0, 0x4, 0x4, 0xff, 0x90,
    0x12, 0x2, 0x7f, 0xc0,

    /* U+BB0F "묏" */
    0x7f, 0x24, 0x32, 0x43, 0x24, 0x32, 0x7f, 0x20,
    0x82, 0x8, 0x2f, 0xfa, 0x0, 0x20, 0x22, 0x2,
    0x0, 0x50, 0x18, 0xc7, 0x6,

    /* U+BB11 "묑" */
    0x7f, 0x28, 0x25, 0x4, 0xa0, 0x97, 0xf2, 0x10,
    0x42, 0x2f, 0xfd, 0x0, 0x23, 0xf0, 0xc1, 0x90,
    0x13, 0x6, 0x3f, 0x80,

    /* U+BB18 "묘" */
    0x3f, 0xe1, 0x1, 0x8, 0x8, 0x40, 0x42, 0x2,
    0x10, 0x10, 0xff, 0x81, 0x10, 0x8, 0x80, 0x44,
    0x3f, 0xfe,

    /* U+BB1C "묜" */
    0x3f, 0xe1, 0x1, 0x8, 0x8, 0x40, 0x42, 0x2,
    0x1f, 0xf0, 0x22, 0x1, 0x10, 0xff, 0xf8, 0x0,
    0x8, 0x0, 0x40, 0x2, 0x0, 0x1f, 0xf0,

    /* U+BB20 "묠" */
    0x3f, 0xe1, 0x1, 0x8, 0x8, 0x40, 0x43, 0xfe,
    0x4, 0x43, 0xff, 0xe0, 0x0, 0x3f, 0xe0, 0x1,
    0x0, 0x8, 0x7f, 0xc2, 0x0, 0x1f, 0xf8,

    /* U+BB29 "묩" */
    0x3f, 0xe1, 0x1, 0x8, 0x8, 0x40, 0x43, 0xfe,
    0x4, 0x40, 0x22, 0x1f, 0xff, 0x0, 0x1, 0x1,
    0xf, 0xf8, 0x40, 0x42, 0x2, 0x1f, 0xf0,

    /* U+BB2B "묫" */
    0x3f, 0xe1, 0x1, 0x8, 0x8, 0x40, 0x43, 0xfe,
    0x4, 0x40, 0x22, 0x1f, 0xff, 0x0, 0x0, 0x10,
    0x1, 0x80, 0xa, 0x1, 0x9c, 0x30, 0x38,

    /* U+BB34 "무" */
    0x3f, 0xe1, 0x1, 0x8, 0x8, 0x40, 0x42, 0x2,
    0x1f, 0xf0, 0x0, 0x0, 0x0, 0xff, 0xf8, 0x10,
    0x0, 0x80, 0x4, 0x0, 0x20, 0x1, 0x0,

    /* U+BB35 "묵" */
    0x3f, 0xe1, 0x1, 0x8, 0x8, 0x40, 0x43, 0xfe,
    0x0, 0x0, 0x0, 0x1f, 0xff, 0x2, 0x0, 0x10,
    0xf, 0xf8, 0x0, 0x40, 0x2, 0x0, 0x10,

    /* U+BB36 "묶" */
    0x7f, 0xe3, 0x1, 0x18, 0x8, 0xc0, 0x47, 0xfe,
    0x0, 0x0, 0x0, 0x1f, 0xff, 0x2, 0x3, 0xff,
    0x1, 0x8, 0x8, 0x40, 0x42, 0x2, 0x10,

    /* U+BB38 "문" */
    0x3f, 0xe1, 0x1, 0x8, 0x8, 0x40, 0x43, 0xfe,
    0x0, 0x0, 0x0, 0x1f, 0xff, 0x2, 0x0, 0x10,
    0x8, 0x80, 0x40, 0x2, 0x0, 0x1f, 0xf0,

    /* U+BB3B "묻" */
    0x3f, 0xe1, 0x1, 0x8, 0x8, 0x40, 0x43, 0xfe,
    0x0, 0x0, 0x0, 0x1f, 0xff, 0x2, 0x1, 0xff,
    0x8, 0x0, 0x40, 0x2, 0x0, 0x1f, 0xf0,

    /* U+BB3C "물" */
    0x3f, 0xe1, 0x1, 0x8, 0x8, 0x40, 0x43, 0xfe,
    0x0, 0x3, 0xff, 0xe0, 0x40, 0x3f, 0xe0, 0x1,
    0x0, 0x8, 0x7f, 0xc2, 0x0, 0x1f, 0xf8,

    /* U+BB3D "묽" */
    0x3f, 0xe1, 0x1, 0x8, 0x8, 0x40, 0x43, 0xfe,
    0x0, 0x3, 0xff, 0xe0, 0x40, 0x7f, 0xe0, 0x21,
    0x1, 0x8, 0xf8, 0x46, 0x2, 0x3f, 0x10,

    /* U+BB3E "묾" */
    0x3f, 0xe1, 0x1, 0x8, 0x8, 0x40, 0x43, 0xfe,
    0x0, 0x3, 0xff, 0xe0, 0x40, 0x7f, 0xf0, 0x29,
    0x81, 0x4c, 0xfa, 0x66, 0x13, 0x3e, 0xf8,

    /* U+BB44 "뭄" */
    0x3f, 0xe1, 0x1, 0x8, 0x8, 0x40, 0x43, 0xfe,
    0x0, 0x0, 0x0, 0x1f, 0xff, 0x2, 0x1, 0xff,
    0x8, 0x8, 0x40, 0x42, 0x2, 0x1f, 0xf0,

    /* U+BB45 "뭅" */
    0x3f, 0xe1, 0x1, 0x8, 0x8, 0x40, 0x43, 0xfe,
    0x0, 0x3, 0xff, 0xe0, 0x40, 0x2, 0x1, 0x1,
    0xf, 0xf8, 0x40, 0x42, 0x2, 0x1f, 0xf0,

    /* U+BB47 "뭇" */
    0x3f, 0xe1, 0x1, 0x8, 0x8, 0x40, 0x43, 0xfe,
    0x0, 0x3, 0xff, 0xe0, 0x40, 0x2, 0x0, 0x10,
    0x0, 0x80, 0xa, 0x3, 0x8e, 0x20, 0x8,

    /* U+BB49 "뭉" */
    0x3f, 0xe1, 0x1, 0x8, 0x8, 0x40, 0x43, 0xfe,
    0x0, 0x0, 0x0, 0x1f, 0xff, 0x2, 0x0, 0xfe,
    0xc, 0x18, 0x40, 0x43, 0x6, 0xf, 0xe0,

    /* U+BB4D "뭍" */
    0x3f, 0xe1, 0x1, 0x8, 0x8, 0x40, 0x43, 0xfe,
    0x0, 0x3, 0xff, 0xe0, 0x40, 0x2, 0x1, 0xff,
    0x8, 0x0, 0x7f, 0xc2, 0x0, 0x1f, 0xf8,

    /* U+BB4F "뭏" */
    0x3f, 0xe1, 0x1, 0x8, 0x8, 0x7f, 0xc0, 0x0,
    0x0, 0x3, 0xff, 0xe0, 0x40, 0x2, 0x3, 0xff,
    0x80, 0x0, 0x3f, 0x82, 0x2, 0xf, 0xe0,

    /* U+BB50 "뭐" */
    0x7f, 0x28, 0x25, 0x4, 0xa0, 0x94, 0x12, 0xfe,
    0x40, 0xf, 0xfd, 0x8, 0x21, 0x4, 0x27, 0x84,
    0x10, 0x82, 0x10, 0x40,

    /* U+BB54 "뭔" */
    0x7e, 0x24, 0x22, 0x42, 0x24, 0x22, 0x7e, 0x20,
    0x2, 0xff, 0xa0, 0x82, 0x9, 0xe0, 0x82, 0x60,
    0x26, 0x0, 0x60, 0x7, 0xff,

    /* U+BB58 "뭘" */
    0x7e, 0x24, 0x22, 0x42, 0x27, 0xe2, 0x0, 0x2f,
    0xfa, 0x8, 0x20, 0x9e, 0x0, 0x3, 0xfe, 0x0,
    0x23, 0xfe, 0x20, 0x3, 0xff,

    /* U+BB61 "뭡" */
    0x7e, 0x28, 0x45, 0x8, 0xbf, 0x10, 0x3, 0xff,
    0x42, 0x8, 0x4f, 0x8, 0x24, 0x4, 0x80, 0x9f,
    0xf2, 0x2, 0x7f, 0xc0,

    /* U+BB63 "뭣" */
    0x7e, 0x24, 0x22, 0x42, 0x24, 0x22, 0x7e, 0x20,
    0x2, 0xfb, 0x21, 0x1e, 0x10, 0x21, 0x22, 0x2,
    0x0, 0x50, 0x18, 0xc7, 0x7,

    /* U+BB6C "뭬" */
    0x0, 0x5b, 0xf2, 0xd0, 0x96, 0x84, 0xb4, 0x25,
    0xbf, 0x2c, 0x1, 0x7f, 0xeb, 0x18, 0x58, 0xde,
    0xc6, 0x16, 0x30, 0xb1, 0x85, 0x80, 0xc,

    /* U+BB88 "뮈" */
    0x0, 0x2f, 0xe5, 0x4, 0xa0, 0x94, 0x12, 0xfe,
    0x40, 0x8, 0x1, 0xff, 0xa1, 0x4, 0x20, 0x84,
    0x10, 0x82, 0x10, 0x40,

    /* U+BB8C "뮌" */
    0x7e, 0x24, 0x22, 0x42, 0x24, 0x22, 0x7e, 0x20,
    0x2, 0x0, 0xaf, 0xfa, 0x8, 0x20, 0x82, 0x20,
    0x22, 0x0, 0x20, 0x3, 0xff,

    /* U+BB90 "뮐" */
    0x7e, 0x24, 0x22, 0x42, 0x24, 0x22, 0x7e, 0x20,
    0x2, 0xff, 0xa0, 0x82, 0x3f, 0xe0, 0x2, 0x0,
    0x23, 0xfe, 0x20, 0x3, 0xff,

    /* U+BBA4 "뮤" */
    0x3f, 0xe1, 0x1, 0x8, 0x8, 0x40, 0x42, 0x2,
    0x1f, 0xf0, 0x0, 0x0, 0x0, 0xff, 0xf8, 0xc6,
    0x6, 0x30, 0x31, 0x81, 0x8c, 0xc, 0x60,

    /* U+BBA8 "뮨" */
    0x3f, 0xe1, 0x1, 0x8, 0x8, 0x40, 0x43, 0xfe,
    0x0, 0x0, 0x0, 0x1f, 0xff, 0xc, 0xc0, 0x66,
    0xb, 0x30, 0x40, 0x2, 0x0, 0x1f, 0xf8,

    /* U+BBAC "뮬" */
    0x3f, 0xe1, 0x1, 0x8, 0x8, 0x40, 0x43, 0xfe,
    0x0, 0x3, 0xff, 0xe1, 0x10, 0x3f, 0xe0, 0x1,
    0x0, 0x8, 0x7f, 0xc2, 0x0, 0x1f, 0xf8,

    /* U+BBB4 "뮴" */
    0x3f, 0xe1, 0x1, 0x8, 0x8, 0x40, 0x43, 0xfe,
    0x0, 0x0, 0x0, 0x1f, 0xff, 0x8, 0xc1, 0xff,
    0x8, 0x8, 0x40, 0x42, 0x2, 0x1f, 0xf0,

    /* U+BBB7 "뮷" */
    0x3f, 0xe1, 0x1, 0x8, 0x8, 0x40, 0x43, 0xfe,
    0x0, 0x0, 0x0, 0x1f, 0xff, 0x10, 0x40, 0x92,
    0x4, 0x90, 0xe, 0x0, 0xd8, 0x38, 0x38,

    /* U+BBC0 "므" */
    0x3f, 0xe1, 0x1, 0x8, 0x8, 0x40, 0x42, 0x2,
    0x10, 0x10, 0xff, 0x80, 0x0, 0x0, 0x0, 0x0,
    0x3f, 0xfe,

    /* U+BBC4 "믄" */
    0x3f, 0xe1, 0x1, 0x8, 0x8, 0x40, 0x42, 0x2,
    0x1f, 0xf0, 0x0, 0x1f, 0xff, 0x0, 0x0, 0x0,
    0x8, 0x0, 0x40, 0x2, 0x0, 0x1f, 0xf0,

    /* U+BBC8 "믈" */
    0x3f, 0xe1, 0x1, 0x8, 0x8, 0x40, 0x43, 0xfe,
    0x0, 0x3, 0xff, 0xe0, 0x0, 0x3f, 0xe0, 0x1,
    0x0, 0x8, 0x7f, 0xc2, 0x0, 0x1f, 0xf8,

    /* U+BBD0 "믐" */
    0x3f, 0xe1, 0x1, 0x8, 0x8, 0x40, 0x43, 0xfe,
    0x0, 0x0, 0x0, 0x1f, 0xff, 0x0, 0x1, 0xff,
    0x8, 0x8, 0x40, 0x42, 0x2, 0x1f, 0xf0,

    /* U+BBD3 "믓" */
    0x3f, 0xe1, 0x1, 0x8, 0x8, 0x40, 0x43, 0xfe,
    0x0, 0x0, 0x0, 0x1f, 0xff, 0x0, 0x0, 0x10,
    0x0, 0x80, 0xa, 0x0, 0xd8, 0x38, 0x38,

    /* U+BBF8 "미" */
    0x0, 0x3f, 0x86, 0x10, 0xc2, 0x18, 0x43, 0x8,
    0x61, 0xc, 0x21, 0x84, 0x30, 0x87, 0xf0, 0x80,
    0x10, 0x2, 0x0, 0x40,

    /* U+BBF9 "믹" */
    0x0, 0x3f, 0x86, 0x10, 0xc2, 0x18, 0x43, 0x8,
    0x7f, 0x8, 0x1, 0x0, 0x7, 0xfc, 0x0, 0x80,
    0x10, 0x2, 0x0, 0x40,

    /* U+BBFC "민" */
    0x0, 0x3f, 0x86, 0x10, 0xc2, 0x18, 0x43, 0x8,
    0x61, 0xf, 0xe1, 0x0, 0x2c, 0x5, 0x80, 0x30,
    0x6, 0x0, 0xff, 0xc0,

    /* U+BBFF "믿" */
    0x0, 0x3f, 0x86, 0x10, 0xc2, 0x18, 0x43, 0x8,
    0x7f, 0x8, 0x1, 0x0, 0xf, 0xfd, 0x80, 0x30,
    0x6, 0x0, 0xff, 0xc0,

    /* U+BC00 "밀" */
    0xfc, 0x30, 0x86, 0x10, 0xc2, 0x18, 0x43, 0xf8,
    0x40, 0x8, 0x0, 0x7f, 0xe0, 0x5, 0xff, 0xb0,
    0x6, 0x0, 0xff, 0xc0,

    /* U+BC02 "밂" */
    0xfc, 0x30, 0x86, 0x10, 0xc2, 0x18, 0x43, 0x8,
    0x7f, 0x8, 0x0, 0x7b, 0xe1, 0x45, 0xe8, 0xa1,
    0x14, 0x22, 0xf7, 0xc0,

    /* U+BC08 "밈" */
    0x0, 0x3f, 0x86, 0x10, 0xc2, 0x18, 0x43, 0x8,
    0x7f, 0x8, 0x1, 0x0, 0xf, 0xfd, 0x80, 0xb0,
    0x16, 0x2, 0xff, 0xc0,

    /* U+BC09 "밉" */
    0xfc, 0x30, 0x86, 0x10, 0xc2, 0x18, 0x43, 0x8,
    0x7f, 0x8, 0x1, 0x60, 0x2c, 0x5, 0xff, 0xb0,
    0x16, 0x2, 0xff, 0xc0,

    /* U+BC0B "밋" */
    0x0, 0x2f, 0xc2, 0x84, 0x28, 0x42, 0x84, 0x28,
    0x42, 0xfc, 0x20, 0x2, 0x4, 0x20, 0x60, 0x6,
    0x1, 0x90, 0x70, 0xe4, 0x2,

    /* U+BC0C "밌" */
    0x0, 0x6f, 0xc6, 0x84, 0x68, 0x46, 0x84, 0x68,
    0x46, 0xfc, 0x60, 0x6, 0x10, 0x81, 0x8, 0x10,
    0x83, 0x14, 0x6b, 0x6c, 0x63,

    /* U+BC0D "밍" */
    0x0, 0x3f, 0x86, 0x10, 0xc2, 0x18, 0x43, 0x8,
    0x7f, 0x8, 0x1, 0x0, 0x3, 0xf1, 0x81, 0xa0,
    0x16, 0x6, 0x3f, 0x0,

    /* U+BC0F "및" */
    0x0, 0x2f, 0xc2, 0x84, 0x28, 0x42, 0x84, 0x28,
    0x42, 0xfc, 0x20, 0x2, 0x6, 0x7, 0xfe, 0x6,
    0x0, 0xf0, 0x19, 0x86, 0x7,

    /* U+BC11 "밑" */
    0x0, 0x3f, 0x86, 0x10, 0xc2, 0x18, 0x43, 0x8,
    0x7f, 0x8, 0x0, 0x7f, 0xec, 0x1, 0x80, 0x3f,
    0xf6, 0x0, 0xff, 0xc0,

    /* U+BC14 "바" */
    0x0, 0x48, 0x44, 0x84, 0x48, 0x44, 0x84, 0x4f,
    0xc4, 0x84, 0x78, 0x44, 0x84, 0x48, 0x44, 0xfc,
    0x40, 0x4, 0x0, 0x40, 0x4,

    /* U+BC15 "박" */
    0x84, 0x48, 0x44, 0x84, 0x4f, 0xc4, 0x84, 0x78,
    0x44, 0xfc, 0x40, 0x4, 0x0, 0x7, 0xfc, 0x0,
    0x40, 0x4, 0x0, 0x40, 0x4,

    /* U+BC16 "밖" */
    0x84, 0x48, 0x44, 0xfc, 0x48, 0x47, 0x84, 0x48,
    0x44, 0xfc, 0x40, 0x4, 0x0, 0x7, 0xbc, 0x8,
    0x40, 0x84, 0x8, 0x40, 0x84,

    /* U+BC17 "밗" */
    0x84, 0x48, 0x44, 0xfc, 0x48, 0x47, 0x84, 0x48,
    0x44, 0xfc, 0x40, 0x4, 0x0, 0x7, 0x88, 0x8,
    0x80, 0x98, 0xb, 0x40, 0xe2,

    /* U+BC18 "반" */
    0x0, 0x48, 0x44, 0x84, 0x4f, 0xc4, 0x84, 0x78,
    0x44, 0x84, 0x4f, 0xc4, 0x0, 0x40, 0x4, 0x60,
    0x6, 0x0, 0x60, 0x7, 0xfe,

    /* U+BC1B "받" */
    0x84, 0x48, 0x44, 0xfc, 0x4f, 0xc7, 0x84, 0x48,
    0x44, 0xfc, 0x40, 0x4, 0x0, 0x7, 0xfc, 0x60,
    0x6, 0x0, 0x60, 0x7, 0xfc,

    /* U+BC1C "발" */
    0x84, 0x48, 0x44, 0xfc, 0x4f, 0xc7, 0x84, 0x48,
    0x44, 0xfc, 0x40, 0x0, 0x7f, 0xc0, 0x4, 0x7f,
    0xc4, 0x0, 0x40, 0x7, 0xfe,

    /* U+BC1D "밝" */
    0x84, 0x48, 0x44, 0x84, 0x4f, 0xc7, 0x84, 0x48,
    0x44, 0xfc, 0x40, 0x0, 0x7b, 0xc0, 0x84, 0x8,
    0x47, 0x84, 0x40, 0x47, 0xc4,

    /* U+BC1E "밞" */
    0x84, 0x48, 0x44, 0x84, 0x4f, 0xc7, 0x84, 0x48,
    0x44, 0xfc, 0x40, 0x0, 0x7b, 0xc0, 0xa4, 0xa,
    0x47, 0xa4, 0x42, 0x47, 0xbc,

    /* U+BC1F "밟" */
    0x84, 0x48, 0x44, 0x84, 0x4f, 0xc7, 0x84, 0x48,
    0x44, 0xfc, 0x40, 0x0, 0x7a, 0x40, 0xa4, 0xb,
    0xc7, 0xa4, 0x42, 0x47, 0xbc,

    /* U+BC24 "밤" */
    0x84, 0x48, 0x44, 0xfc, 0x48, 0x47, 0x84, 0x48,
    0x44, 0xfc, 0x40, 0x4, 0x0, 0x7, 0xfc, 0x60,
    0x46, 0x4, 0x60, 0x47, 0xfc,

    /* U+BC25 "밥" */
    0x84, 0x48, 0x44, 0xfc, 0x4f, 0xc7, 0x84, 0x48,
    0x44, 0xfc, 0x40, 0x4, 0x40, 0x44, 0x4, 0x7f,
    0xc4, 0x4, 0x40, 0x47, 0xfc,

    /* U+BC27 "밧" */
    0x0, 0x48, 0x44, 0x84, 0x4f, 0xc4, 0x84, 0x78,
    0x44, 0x84, 0x4f, 0xc4, 0x0, 0x40, 0x40, 0xe,
    0x0, 0xb0, 0x71, 0xc4, 0x2,

    /* U+BC29 "방" */
    0x84, 0x48, 0x44, 0xfc, 0x48, 0x47, 0x84, 0x48,
    0x44, 0xfc, 0x40, 0x4, 0x0, 0x1, 0xf0, 0x60,
    0xc4, 0x4, 0x60, 0xc3, 0xf8,

    /* U+BC2D "밭" */
    0x84, 0x48, 0x44, 0x84, 0x4f, 0xc7, 0x84, 0x48,
    0x44, 0xfc, 0x40, 0x4, 0x7f, 0xc6, 0x0, 0x60,
    0x7, 0xfc, 0x60, 0x7, 0xfc,

    /* U+BC30 "배" */
    0x1, 0x10, 0x11, 0x89, 0x18, 0x91, 0x89, 0x1f,
    0x91, 0x89, 0xf8, 0x91, 0x89, 0x18, 0x91, 0xf9,
    0x10, 0x11, 0x1, 0x10, 0x1,

    /* U+BC31 "백" */
    0x89, 0x31, 0x26, 0x24, 0xfc, 0x98, 0x9f, 0x12,
    0x7e, 0x48, 0x9, 0x0, 0x7, 0xfc, 0x0, 0x80,
    0x10, 0x2, 0x0, 0x40,

    /* U+BC34 "밴" */
    0x1, 0x31, 0x26, 0x24, 0xfc, 0x98, 0x9f, 0x12,
    0x62, 0x4f, 0xc9, 0x1, 0x24, 0x24, 0x80, 0x90,
    0x2, 0x0, 0x7f, 0xc0,

    /* U+BC38 "밸" */
    0x89, 0x28, 0x92, 0xf9, 0x28, 0x9e, 0x89, 0x28,
    0x92, 0xf9, 0x20, 0x0, 0x3f, 0xe0, 0x2, 0x3f,
    0xe2, 0x0, 0x20, 0x3, 0xff,

    /* U+BC40 "뱀" */
    0x89, 0x31, 0x26, 0x24, 0xfc, 0xf8, 0x93, 0x12,
    0x7e, 0x48, 0x9, 0x0, 0x7, 0xfc, 0x80, 0x90,
    0x12, 0x2, 0x7f, 0xc0,

    /* U+BC41 "뱁" */
    0x89, 0x31, 0x26, 0x24, 0xfc, 0xf8, 0x93, 0x12,
    0x7e, 0x48, 0x1, 0x20, 0x24, 0x4, 0xff, 0x90,
    0x12, 0x2, 0x7f, 0xc0,

    /* U+BC43 "뱃" */
    0x89, 0x28, 0x92, 0x89, 0x2f, 0x92, 0xf9, 0xe8,
    0x92, 0xf9, 0x20, 0x12, 0x0, 0x20, 0x22, 0x6,
    0x0, 0x70, 0xd, 0x87, 0x8f, 0x40, 0x0,

    /* U+BC44 "뱄" */
    0x89, 0x28, 0x92, 0x89, 0x2f, 0x9e, 0x89, 0x28,
    0x92, 0xf9, 0x20, 0x12, 0x0, 0x1, 0x8, 0x10,
    0xc2, 0x9c, 0x6f, 0x6c, 0x61,

    /* U+BC45 "뱅" */
    0x89, 0x31, 0x26, 0x24, 0xfc, 0x98, 0x9f, 0x12,
    0x7e, 0x48, 0x9, 0x0, 0x23, 0xf0, 0xc1, 0x90,
    0x13, 0x6, 0x3f, 0x0,

    /* U+BC49 "뱉" */
    0x89, 0x31, 0x27, 0xe4, 0xfc, 0xf8, 0x93, 0x12,
    0x7e, 0x48, 0x1, 0x3f, 0xe4, 0x0, 0x80, 0x1f,
    0xf2, 0x0, 0x7f, 0xc0,

    /* U+BC4C "뱌" */
    0x0, 0x48, 0x44, 0x84, 0x48, 0x44, 0x84, 0x7f,
    0xc4, 0x84, 0x48, 0x44, 0x84, 0x78, 0x44, 0xfc,
    0x40, 0x4, 0x0, 0x40, 0x4,

    /* U+BC4D "뱍" */
    0x84, 0x48, 0x44, 0x84, 0x7f, 0xc4, 0x84, 0x48,
    0x47, 0xfc, 0x40, 0x4, 0x0, 0x7, 0xfc, 0x0,
    0x40, 0x4, 0x0, 0x40, 0x4,

    /* U+BC50 "뱐" */
    0x0, 0x48, 0x44, 0x84, 0x7f, 0xc4, 0x84, 0x48,
    0x44, 0x84, 0x7f, 0xc4, 0x0, 0x40, 0x4, 0x60,
    0x6, 0x0, 0x60, 0x7, 0xfe,

    /* U+BC5D "뱝" */
    0x84, 0x48, 0x44, 0x84, 0x7f, 0xc4, 0x84, 0x48,
    0x47, 0xfc, 0x40, 0x4, 0x40, 0x44, 0x4, 0x7f,
    0xc4, 0x4, 0x40, 0x47, 0xfc,

    /* U+BC84 "버" */
    0x0, 0x30, 0x86, 0x10, 0xc2, 0x18, 0x43, 0xff,
    0xe1, 0xc, 0x21, 0x84, 0x30, 0x87, 0xf0, 0x80,
    0x10, 0x2, 0x0, 0x40,

    /* U+BC85 "벅" */
    0x84, 0x30, 0x86, 0x10, 0xfe, 0x18, 0x7f, 0x8,
    0x61, 0xf, 0xe1, 0x0, 0x7, 0xfc, 0x0, 0x80,
    0x10, 0x2, 0x0, 0x40,

    /* U+BC88 "번" */
    0x0, 0x30, 0x86, 0x10, 0xfe, 0x18, 0x7f, 0x8,
    0x61, 0xf, 0xe1, 0x0, 0x20, 0x4, 0x80, 0x10,
    0x2, 0x0, 0x7f, 0xc0,

    /* U+BC8B "벋" */
    0x84, 0x30, 0x86, 0x10, 0xfe, 0x18, 0x7f, 0x8,
    0x7f, 0x8, 0x1, 0x0, 0xf, 0xfd, 0x80, 0x30,
    0x6, 0x0, 0xff, 0xc0,

    /* U+BC8C "벌" */
    0x84, 0x30, 0x87, 0xf0, 0xff, 0xf8, 0x43, 0x8,
    0x7f, 0x8, 0x0, 0x3f, 0xe0, 0x4, 0xff, 0x90,
    0x2, 0x0, 0x7f, 0xc0,

    /* U+BC8E "벎" */
    0x86, 0x30, 0xc7, 0xf8, 0xff, 0xf8, 0x63, 0xc,
    0x7f, 0x88, 0x0, 0x79, 0xe1, 0x25, 0xe4, 0xa0,
    0x94, 0x12, 0xfb, 0xc0,

    /* U+BC94 "범" */
    0x84, 0x30, 0x87, 0xf0, 0xc3, 0xf8, 0x43, 0x8,
    0x7f, 0x8, 0x1, 0x0, 0xf, 0xfd, 0x80, 0xb0,
    0x16, 0x2, 0xff, 0xc0,

    /* U+BC95 "법" */
    0x84, 0x30, 0x87, 0xf0, 0xc3, 0xf8, 0x43, 0x8,
    0x7f, 0x8, 0x1, 0x20, 0x24, 0x4, 0xff, 0x90,
    0x12, 0x2, 0x7f, 0xc0,

    /* U+BC97 "벗" */
    0x84, 0x28, 0x42, 0x84, 0x2f, 0xc2, 0x87, 0xe8,
    0x42, 0xfc, 0x20, 0x2, 0x0, 0x20, 0x62, 0x6,
    0x0, 0xf0, 0x19, 0x87, 0x7,

    /* U+BC99 "벙" */
    0x84, 0x30, 0x86, 0x10, 0xfe, 0x1f, 0xff, 0x8,
    0x7f, 0x8, 0x1, 0x0, 0x23, 0xf0, 0x81, 0xb0,
    0x12, 0x6, 0x3f, 0x0,

    /* U+BC9A "벚" */
    0x84, 0x28, 0x42, 0x84, 0x2f, 0xc2, 0x87, 0xe8,
    0x42, 0xfc, 0x20, 0x2, 0x0, 0x3, 0xfe, 0x6,
    0x0, 0x70, 0x19, 0x87, 0x7,

    /* U+BCA0 "베" */
    0x0, 0x90, 0x9, 0x88, 0x98, 0x89, 0x88, 0x9f,
    0xf9, 0x88, 0x98, 0x89, 0x88, 0x98, 0x89, 0xf8,
    0x90, 0x9, 0x0, 0x90, 0x1,

    /* U+BCA1 "벡" */
    0x1, 0x31, 0x26, 0x24, 0xfc, 0x98, 0xf3, 0x12,
    0x62, 0x4f, 0xc9, 0x0, 0x27, 0xfc, 0x0, 0x80,
    0x10, 0x2, 0x0, 0x40,

    /* U+BCA4 "벤" */
    0x0, 0xb1, 0x16, 0x22, 0xfc, 0x58, 0xfb, 0x11,
    0x62, 0x2f, 0xc5, 0x0, 0xa4, 0x14, 0x80, 0x90,
    0x2, 0x0, 0x7f, 0xc0,

    /* U+BCA7 "벧" */
    0x89, 0x31, 0x27, 0xe4, 0xc7, 0x98, 0x93, 0x12,
    0x7e, 0x48, 0x9, 0x0, 0x7, 0xfc, 0x80, 0x10,
    0x2, 0x0, 0x7f, 0xc0,

    /* U+BCA8 "벨" */
    0x89, 0x28, 0x92, 0xf9, 0x28, 0xf2, 0x89, 0x28,
    0x92, 0xf9, 0x20, 0x0, 0x3f, 0xe0, 0x2, 0x3f,
    0xe2, 0x0, 0x20, 0x3, 0xff,

    /* U+BCB0 "벰" */
    0x89, 0x31, 0x27, 0xe4, 0xc7, 0x98, 0x93, 0x12,
    0x7e, 0x48, 0x9, 0x0, 0x7, 0xfc, 0x80, 0x90,
    0x12, 0x2, 0x7f, 0xc0,

    /* U+BCB1 "벱" */
    0x89, 0x31, 0x27, 0xe4, 0xc7, 0x98, 0x93, 0x12,
    0x7e, 0x48, 0x1, 0x20, 0x24, 0x4, 0xff, 0x90,
    0x12, 0x2, 0x7f, 0xc0,

    /* U+BCB3 "벳" */
    0x88, 0x94, 0x44, 0xa2, 0x25, 0xf1, 0x28, 0xf9,
    0x44, 0x4b, 0xe2, 0x40, 0x12, 0x0, 0x10, 0x18,
    0x80, 0xc0, 0xf, 0x0, 0xdc, 0x3c, 0x39, 0x0,
    0x40,

    /* U+BCB4 "벴" */
    0x89, 0x28, 0x92, 0xf9, 0x28, 0xf2, 0x89, 0x28,
    0x92, 0xf9, 0x20, 0x12, 0x0, 0x1, 0x8, 0x10,
    0xc2, 0x94, 0x6f, 0x6c, 0x61,

    /* U+BCB5 "벵" */
    0x1, 0x31, 0x26, 0x24, 0xc4, 0x9f, 0xf3, 0x12,
    0x62, 0x4f, 0xc9, 0x0, 0x23, 0xf0, 0xc1, 0x90,
    0x13, 0x6, 0x3f, 0x0,

    /* U+BCBC "벼" */
    0x0, 0x30, 0x86, 0x10, 0xc2, 0x18, 0x7f, 0xf8,
    0x61, 0xc, 0x3f, 0x84, 0x30, 0x87, 0xf0, 0x80,
    0x10, 0x2, 0x0, 0x40,

    /* U+BCBD "벽" */
    0x84, 0x30, 0x86, 0x1f, 0xfe, 0x18, 0x43, 0xf,
    0xe1, 0xff, 0xe1, 0x0, 0x7, 0xfc, 0x0, 0x80,
    0x10, 0x2, 0x0, 0x40,

    /* U+BCC0 "변" */
    0x0, 0x30, 0x86, 0x1f, 0xfe, 0x18, 0x43, 0xf,
    0xe1, 0xff, 0xe1, 0x0, 0x20, 0x4, 0x80, 0x10,
    0x2, 0x0, 0x7f, 0xc0,

    /* U+BCC4 "별" */
    0x84, 0x30, 0x86, 0x1f, 0xfe, 0x18, 0x43, 0xf,
    0xff, 0x8, 0x0, 0x3f, 0xe0, 0x4, 0xff, 0x90,
    0x2, 0x0, 0x7f, 0xc0,

    /* U+BCCD "볍" */
    0x84, 0x30, 0x86, 0x1f, 0xfe, 0x18, 0x43, 0xf,
    0xff, 0x8, 0x1, 0x20, 0x24, 0x4, 0xff, 0x90,
    0x12, 0x2, 0x7f, 0xc0,

    /* U+BCCF "볏" */
    0x84, 0x28, 0x42, 0x87, 0xef, 0xc2, 0x84, 0x28,
    0x7e, 0x87, 0xef, 0xc2, 0x0, 0x20, 0x62, 0x6,
    0x0, 0x70, 0x19, 0x87, 0x7,

    /* U+BCD0 "볐" */
    0x84, 0x68, 0x46, 0x87, 0xef, 0xc6, 0x84, 0x68,
    0x7e, 0xfc, 0x60, 0x6, 0x10, 0x81, 0x8, 0x10,
    0x82, 0x94, 0x6f, 0x68, 0x63,

    /* U+BCD1 "병" */
    0x84, 0x30, 0x86, 0x1f, 0xfe, 0x18, 0x43, 0xf,
    0xff, 0x8, 0x1, 0x0, 0x23, 0xf0, 0x81, 0xb0,
    0x12, 0x6, 0x3f, 0x0,

    /* U+BCD5 "볕" */
    0x84, 0x30, 0x86, 0x1f, 0xfe, 0x18, 0x43, 0xf,
    0xff, 0x8, 0x1, 0x3f, 0xe4, 0x0, 0x80, 0x1f,
    0xf2, 0x0, 0x7f, 0xc0,

    /* U+BCD8 "볘" */
    0x0, 0x90, 0x9, 0x88, 0x98, 0x89, 0x8f, 0x9f,
    0x89, 0x88, 0x98, 0xf9, 0x88, 0x98, 0x89, 0xf8,
    0x90, 0x9, 0x0, 0x90, 0x1,

    /* U+BCDC "볜" */
    0x0, 0xb1, 0x16, 0x3e, 0xfc, 0x58, 0x8b, 0x1f,
    0x63, 0xef, 0xc5, 0x0, 0xa4, 0x14, 0x80, 0x90,
    0x2, 0x0, 0x7f, 0xc0,

    /* U+BCF4 "보" */
    0x20, 0x21, 0x1, 0xf, 0xf8, 0x40, 0x42, 0x2,
    0x10, 0x10, 0xff, 0x80, 0x40, 0x2, 0x0, 0x10,
    0x3f, 0xfe,

    /* U+BCF5 "복" */
    0x20, 0x21, 0x1, 0xf, 0xf8, 0x40, 0x43, 0xfe,
    0x1, 0x0, 0x8, 0x1f, 0xff, 0x0, 0x0, 0x0,
    0x1f, 0xf8, 0x0, 0x40, 0x2, 0x0, 0x10,

    /* U+BCF6 "볶" */
    0x20, 0x21, 0x1, 0xf, 0xf8, 0x40, 0x43, 0xfe,
    0x1, 0x0, 0x8, 0x1f, 0xff, 0x0, 0x3, 0xef,
    0x1, 0x8, 0x8, 0x40, 0x42, 0x2, 0x10,

    /* U+BCF8 "본" */
    0x20, 0x21, 0x1, 0xf, 0xf8, 0x40, 0x42, 0x2,
    0x1f, 0xf0, 0x8, 0x0, 0x40, 0xff, 0xf8, 0x0,
    0x8, 0x0, 0x40, 0x2, 0x0, 0x1f, 0xf0,

    /* U+BCFC "볼" */
    0x20, 0x21, 0xff, 0x8, 0x8, 0x40, 0x43, 0xfe,
    0x1, 0x3, 0xff, 0xe0, 0x0, 0x3f, 0xe0, 0x1,
    0x0, 0x8, 0x7f, 0xc2, 0x0, 0x1f, 0xf8,

    /* U+BD04 "봄" */
    0x20, 0x21, 0x1, 0xf, 0xf8, 0x40, 0x43, 0xfe,
    0x1, 0x0, 0x8, 0x1f, 0xff, 0x0, 0x1, 0xff,
    0x8, 0x8, 0x40, 0x42, 0x2, 0x1f, 0xf0,

    /* U+BD05 "봅" */
    0x20, 0x21, 0x1, 0xf, 0xf8, 0x40, 0x43, 0xfe,
    0x1, 0x0, 0x8, 0x1f, 0xff, 0x0, 0x1, 0x1,
    0xf, 0xf8, 0x40, 0x42, 0x2, 0x1f, 0xf0,

    /* U+BD07 "봇" */
    0x20, 0x21, 0x1, 0xf, 0xf8, 0x40, 0x43, 0xfe,
    0x1, 0x0, 0x8, 0x1f, 0xff, 0x0, 0x0, 0x10,
    0x0, 0xc0, 0xa, 0x1, 0x8c, 0x38, 0x38,

    /* U+BD09 "봉" */
    0x20, 0x21, 0x1, 0xf, 0xf8, 0x40, 0x43, 0xfe,
    0x1, 0x0, 0x8, 0x1f, 0xff, 0x0, 0x0, 0xfe,
    0xc, 0x18, 0x40, 0x43, 0x6, 0xf, 0xe0,

    /* U+BD10 "봐" */
    0x0, 0x22, 0x9, 0x10, 0x48, 0xfe, 0x44, 0x12,
    0x20, 0x9d, 0xfc, 0xe1, 0x4, 0x8, 0x20, 0x41,
    0x3f, 0xe8, 0x0, 0x40, 0x2, 0x0, 0x10,

    /* U+BD14 "봔" */
    0x41, 0x22, 0x9, 0x1f, 0xc8, 0x82, 0x44, 0x12,
    0x3f, 0x9c, 0x20, 0x81, 0x4, 0xff, 0xa0, 0x1,
    0x8, 0x8, 0x40, 0x2, 0x0, 0x1f, 0xf8,

    /* U+BD24 "봤" */
    0x41, 0x22, 0x9, 0x1f, 0xc8, 0x82, 0x47, 0xf3,
    0x8c, 0x10, 0x60, 0x9f, 0xf4, 0x0, 0x20, 0x0,
    0x4, 0x10, 0x31, 0x82, 0xca, 0x63, 0x8c, 0x0,
    0x0,

    /* U+BD2C "봬" */
    0x0, 0x94, 0x29, 0x42, 0x97, 0xe9, 0x42, 0x94,
    0x2f, 0x7e, 0x91, 0x89, 0x18, 0x91, 0x89, 0xff,
    0x90, 0x9, 0x0, 0x90, 0x1,

    /* U+BD40 "뵀" */
    0x46, 0x92, 0x34, 0x9f, 0xa4, 0x8d, 0x24, 0x6f,
    0x3f, 0x48, 0x42, 0x5f, 0xd2, 0x0, 0x10, 0x42,
    0x2, 0x10, 0x31, 0xc3, 0x4b, 0x31, 0x8c,

    /* U+BD48 "뵈" */
    0x0, 0x28, 0x25, 0x4, 0xbf, 0x94, 0x12, 0x82,
    0x5f, 0xc8, 0x41, 0x8, 0x21, 0x7, 0xfe, 0x80,
    0x10, 0x2, 0x0, 0x40,

    /* U+BD49 "뵉" */
    0x41, 0x28, 0x25, 0xfc, 0xa0, 0x94, 0x12, 0xfe,
    0x42, 0xf, 0xfd, 0x0, 0x20, 0x0, 0xff, 0x80,
    0x10, 0x2, 0x0, 0x40,

    /* U+BD4C "뵌" */
    0x41, 0x24, 0x12, 0x7f, 0x24, 0x12, 0x41, 0x27,
    0xf2, 0x8, 0x20, 0x82, 0xff, 0xa0, 0x2, 0x30,
    0x23, 0x0, 0x30, 0x3, 0xff,

    /* U+BD50 "뵐" */
    0x41, 0x24, 0x12, 0x7f, 0x24, 0x12, 0x7f, 0x20,
    0x82, 0xff, 0xaf, 0x82, 0x3f, 0xe0, 0x2, 0x0,
    0x23, 0xfe, 0x20, 0x3, 0xff,

    /* U+BD58 "뵘" */
    0x41, 0x28, 0x25, 0xfc, 0xa0, 0x97, 0xf2, 0x10,
    0x42, 0xf, 0xfd, 0x0, 0x27, 0xfc, 0x80, 0x90,
    0x12, 0x2, 0x7f, 0xc0,

    /* U+BD59 "뵙" */
    0x41, 0x28, 0x25, 0xfc, 0xa0, 0x97, 0xf2, 0x10,
    0x42, 0xf, 0xfd, 0x0, 0x4, 0x4, 0xff, 0x90,
    0x12, 0x2, 0x7f, 0xc0,

    /* U+BD64 "뵤" */
    0x20, 0x21, 0x1, 0x8, 0x8, 0x7f, 0xc2, 0x2,
    0x10, 0x10, 0x80, 0x87, 0xfc, 0x18, 0x80, 0xc4,
    0x6, 0x21, 0xff, 0xf0,

    /* U+BD68 "뵨" */
    0x20, 0x21, 0x1, 0xf, 0xf8, 0x40, 0x42, 0x2,
    0x1f, 0xf0, 0x22, 0x1, 0x10, 0xff, 0xf8, 0x0,
    0x8, 0x0, 0x40, 0x2, 0x0, 0x1f, 0xf0,

    /* U+BD80 "부" */
    0x20, 0x21, 0x1, 0xf, 0xf8, 0x40, 0x42, 0x2,
    0x10, 0x10, 0xff, 0x80, 0x0, 0xff, 0xf8, 0x10,
    0x0, 0x80, 0x4, 0x0, 0x20, 0x1, 0x0,

    /* U+BD81 "북" */
    0x20, 0x21, 0x1, 0xf, 0xf8, 0x40, 0x43, 0xfe,
    0x0, 0x0, 0x0, 0x1f, 0xff, 0x2, 0x0, 0x10,
    0x1f, 0xf8, 0x0, 0x40, 0x2, 0x0, 0x10,

    /* U+BD84 "분" */
    0x20, 0x21, 0x1, 0xf, 0xf8, 0x40, 0x42, 0x2,
    0x1f, 0xf0, 0x0, 0x1f, 0xff, 0x2, 0x0, 0x10,
    0x8, 0x80, 0x40, 0x2, 0x0, 0x1f, 0xf0,

    /* U+BD87 "붇" */
    0x20, 0x21, 0x1, 0xf, 0xf8, 0x40, 0x43, 0xfe,
    0x0, 0x0, 0x0, 0x1f, 0xff, 0x2, 0x0, 0x10,
    0xf, 0xf8, 0x40, 0x2, 0x0, 0x1f, 0xf0,

    /* U+BD88 "불" */
    0x20, 0x21, 0xff, 0x8, 0x8, 0x40, 0x43, 0xfe,
    0x0, 0x3, 0xff, 0xe0, 0x40, 0x3f, 0xe0, 0x1,
    0x0, 0x8, 0x7f, 0xc2, 0x0, 0x1f, 0xf8,

    /* U+BD89 "붉" */
    0x20, 0x21, 0xff, 0x8, 0x8, 0x40, 0x43, 0xfe,
    0x0, 0x3, 0xff, 0xe0, 0x40, 0x2, 0x3, 0xef,
    0x1, 0x8, 0xf8, 0x46, 0x2, 0x3f, 0x10,

    /* U+BD8A "붊" */
    0x20, 0x21, 0xff, 0x8, 0x8, 0x40, 0x43, 0xfe,
    0x0, 0x3, 0xff, 0xe0, 0x40, 0x2, 0x3, 0xef,
    0x81, 0x4c, 0xfa, 0x66, 0x13, 0x3e, 0xf8,

    /* U+BD90 "붐" */
    0x20, 0x21, 0x1, 0xf, 0xf8, 0x40, 0x43, 0xfe,
    0x0, 0x0, 0x0, 0x1f, 0xff, 0x2, 0x1, 0xff,
    0x8, 0x8, 0x40, 0x42, 0x2, 0x1f, 0xf0,

    /* U+BD91 "붑" */
    0x20, 0x21, 0x1, 0xf, 0xf8, 0x40, 0x43, 0xfe,
    0x0, 0x0, 0x0, 0x1f, 0xff, 0x2, 0x1, 0x11,
    0xf, 0xf8, 0x40, 0x42, 0x2, 0x1f, 0xf0,

    /* U+BD93 "붓" */
    0x20, 0x21, 0x1, 0xf, 0xf8, 0x40, 0x43, 0xfe,
    0x0, 0x0, 0x0, 0x1f, 0xff, 0x2, 0x0, 0x10,
    0x0, 0x80, 0xc, 0x0, 0xd0, 0x3c, 0x79, 0x0,
    0x40,

    /* U+BD95 "붕" */
    0x20, 0x21, 0x1, 0xf, 0xf8, 0x40, 0x43, 0xfe,
    0x0, 0x0, 0x0, 0x1f, 0xff, 0x2, 0x0, 0xfe,
    0xc, 0x18, 0x40, 0x43, 0x6, 0xf, 0xe0,

    /* U+BD99 "붙" */
    0x20, 0x21, 0xff, 0x8, 0x8, 0x40, 0x43, 0xfe,
    0x0, 0x3, 0xff, 0xe0, 0x40, 0x2, 0x1, 0xff,
    0x8, 0x0, 0x7f, 0xc2, 0x0, 0x1f, 0xf8,

    /* U+BD9A "붚" */
    0x20, 0x21, 0x1, 0xf, 0xf8, 0x40, 0x43, 0xfe,
    0x0, 0x0, 0x0, 0x1f, 0xff, 0x2, 0x3, 0xff,
    0x82, 0x20, 0x11, 0x0, 0x88, 0x3f, 0xf8,

    /* U+BD9C "붜" */
    0x41, 0x28, 0x25, 0xfc, 0xa0, 0x94, 0x12, 0xfe,
    0x40, 0x8, 0x1, 0xff, 0xa1, 0x4, 0x27, 0x84,
    0x10, 0x82, 0x10, 0x40,

    /* U+BDA4 "붤" */
    0x42, 0x27, 0xe2, 0x42, 0x27, 0xe2, 0x0, 0x2f,
    0xfa, 0x8, 0x20, 0x9e, 0x0, 0x3, 0xfe, 0x0,
    0x23, 0xfe, 0x20, 0x3, 0xff,

    /* U+BDB0 "붰" */
    0x42, 0x33, 0xf1, 0x90, 0x8c, 0x84, 0x67, 0xe3,
    0x0, 0x1b, 0xf6, 0xc2, 0x3e, 0x10, 0x30, 0x0,
    0x4, 0x10, 0x71, 0xc2, 0x9b, 0x23, 0x8c,

    /* U+BDB8 "붸" */
    0x0, 0x5a, 0x12, 0xdf, 0x96, 0x84, 0xb4, 0x25,
    0xbf, 0x2c, 0x1, 0x7f, 0xeb, 0x18, 0x58, 0xde,
    0xc6, 0x16, 0x30, 0xb1, 0x85, 0x80, 0xc,

    /* U+BDD4 "뷔" */
    0x41, 0x28, 0x25, 0xfc, 0xa0, 0x94, 0x12, 0xfe,
    0x40, 0x8, 0x1, 0xff, 0xa1, 0x4, 0x20, 0x84,
    0x10, 0x82, 0x10, 0x40,

    /* U+BDD5 "뷕" */
    0x41, 0x28, 0x25, 0xfc, 0xa0, 0x97, 0xf2, 0x0,
    0x40, 0x2f, 0xfd, 0x8, 0x21, 0x0, 0xff, 0x80,
    0x10, 0x2, 0x0, 0x40,

    /* U+BDD8 "뷘" */
    0x41, 0x24, 0x12, 0x7f, 0x24, 0x12, 0x41, 0x27,
    0xf2, 0x0, 0x2f, 0xfa, 0x8, 0x20, 0x82, 0x20,
    0x22, 0x0, 0x20, 0x3, 0xff,

    /* U+BDDC "뷜" */
    0x41, 0x24, 0x12, 0x7f, 0x24, 0x12, 0x7f, 0x20,
    0x2, 0xff, 0xa0, 0x82, 0x3f, 0xe0, 0x2, 0x0,
    0x23, 0xfe, 0x20, 0x3, 0xff,

    /* U+BDE9 "뷩" */
    0x41, 0x28, 0x25, 0xfc, 0xa0, 0x97, 0xf2, 0x0,
    0x40, 0xf, 0xfd, 0x8, 0x21, 0xf0, 0xc1, 0x90,
    0x13, 0x6, 0x3f, 0x0,

    /* U+BDF0 "뷰" */
    0x20, 0x21, 0x1, 0xf, 0xf8, 0x40, 0x42, 0x2,
    0x1f, 0xf0, 0x0, 0x0, 0x0, 0xff, 0xf8, 0xc6,
    0x6, 0x30, 0x31, 0x81, 0x8c, 0xc, 0x60,

    /* U+BDF4 "뷴" */
    0x20, 0x21, 0x1, 0xf, 0xf8, 0x40, 0x42, 0x2,
    0x1f, 0xf0, 0x0, 0x1f, 0xff, 0xc, 0xc0, 0x66,
    0xb, 0x30, 0x40, 0x2, 0x0, 0x1f, 0xf8,

    /* U+BDF8 "뷸" */
    0x20, 0x21, 0xff, 0x8, 0x8, 0x40, 0x43, 0xfe,
    0x0, 0x3, 0xff, 0xe1, 0x10, 0x3f, 0xe0, 0x1,
    0x0, 0x8, 0x7f, 0xc2, 0x0, 0x1f, 0xf8,

    /* U+BE00 "븀" */
    0x20, 0x21, 0x1, 0xf, 0xf8, 0x40, 0x43, 0xfe,
    0x0, 0x0, 0x0, 0x1f, 0xff, 0x8, 0xc1, 0xff,
    0x8, 0x8, 0x40, 0x42, 0x2, 0x1f, 0xf0,

    /* U+BE03 "븃" */
    0x20, 0x21, 0x1, 0xf, 0xf8, 0x40, 0x43, 0xfe,
    0x0, 0x0, 0x0, 0x1f, 0xff, 0x10, 0x40, 0x92,
    0x4, 0x90, 0xe, 0x0, 0xd8, 0x38, 0x38,

    /* U+BE05 "븅" */
    0x20, 0x21, 0x1, 0xf, 0xf8, 0x40, 0x43, 0xfe,
    0x0, 0x0, 0x0, 0x1f, 0xff, 0x18, 0xc0, 0xfe,
    0xc, 0x18, 0x40, 0x43, 0x6, 0xf, 0xe0,

    /* U+BE0C "브" */
    0x20, 0x21, 0x1, 0x8, 0x8, 0x7f, 0xc2, 0x2,
    0x10, 0x10, 0xff, 0x80, 0x0, 0x0, 0x0, 0x0,
    0x3f, 0xfe,

    /* U+BE0D "븍" */
    0x20, 0x21, 0x1, 0xf, 0xf8, 0x40, 0x42, 0x2,
    0x1f, 0xf0, 0x0, 0x1f, 0xff, 0x0, 0x0, 0x0,
    0x1f, 0xf8, 0x0, 0x40, 0x2, 0x0, 0x10,

    /* U+BE10 "븐" */
    0x20, 0x21, 0x1, 0xf, 0xf8, 0x40, 0x42, 0x2,
    0x1f, 0xf0, 0x0, 0x0, 0x0, 0xff, 0xf8, 0x0,
    0x8, 0x0, 0x40, 0x2, 0x0, 0x1f, 0xf0,

    /* U+BE14 "블" */
    0x20, 0x21, 0xff, 0x8, 0x8, 0x40, 0x43, 0xfe,
    0x0, 0x3, 0xff, 0xe0, 0x0, 0x3f, 0xe0, 0x1,
    0x0, 0x8, 0x7f, 0xc2, 0x0, 0x1f, 0xf8,

    /* U+BE1C "븜" */
    0x20, 0x21, 0x1, 0xf, 0xf8, 0x40, 0x43, 0xfe,
    0x0, 0x0, 0x0, 0x1f, 0xff, 0x0, 0x1, 0xff,
    0x8, 0x8, 0x40, 0x42, 0x2, 0x1f, 0xf0,

    /* U+BE1D "븝" */
    0x20, 0x21, 0x1, 0xf, 0xf8, 0x40, 0x43, 0xfe,
    0x0, 0x0, 0x0, 0x1f, 0xff, 0x0, 0x1, 0x1,
    0xf, 0xf8, 0x40, 0x42, 0x2, 0x1f, 0xf0,

    /* U+BE1F "븟" */
    0x20, 0x21, 0x1, 0xf, 0xf8, 0x40, 0x43, 0xfe,
    0x0, 0x0, 0x0, 0x1f, 0xff, 0x0, 0x0, 0x10,
    0x0, 0x80, 0xa, 0x1, 0x9c, 0x38, 0x38,

    /* U+BE44 "비" */
    0x0, 0x30, 0x46, 0x8, 0xc1, 0x18, 0x23, 0xfc,
    0x60, 0x8c, 0x11, 0x82, 0x30, 0x47, 0xf8, 0x80,
    0x10, 0x2, 0x0, 0x40,

    /* U+BE45 "빅" */
    0x84, 0x30, 0x86, 0x10, 0xfe, 0x18, 0x43, 0x8,
    0x7f, 0x8, 0x1, 0x0, 0x27, 0xfc, 0x0, 0x80,
    0x10, 0x2, 0x0, 0x40,

    /* U+BE48 "빈" */
    0x0, 0x30, 0x86, 0x10, 0xfe, 0x18, 0x43, 0x8,
    0x61, 0xf, 0xe1, 0x0, 0x20, 0x5, 0x80, 0x30,
    0x6, 0x0, 0xff, 0xc0,

    /* U+BE4C "빌" */
    0x84, 0x30, 0x87, 0xf0, 0xc2, 0x18, 0x43, 0x8,
    0x7f, 0x8, 0x0, 0x7f, 0xe0, 0x4, 0x0, 0xbf,
    0xf6, 0x0, 0xff, 0xc0,

    /* U+BE4E "빎" */
    0x84, 0x30, 0x86, 0x10, 0xfe, 0x18, 0x43, 0x8,
    0x7f, 0x8, 0x1, 0x7b, 0xe1, 0x44, 0x28, 0xbd,
    0x14, 0x22, 0xf7, 0xc0,

    /* U+BE54 "빔" */
    0x84, 0x30, 0x86, 0x10, 0xfe, 0x18, 0x43, 0x8,
    0x7f, 0x8, 0x1, 0x0, 0xf, 0xfd, 0x80, 0xb0,
    0x16, 0x2, 0xff, 0xc0,

    /* U+BE55 "빕" */
    0x84, 0x30, 0x86, 0x10, 0xfe, 0x18, 0x43, 0x8,
    0x7f, 0x8, 0x1, 0x60, 0x2c, 0x5, 0xff, 0xb0,
    0x16, 0x2, 0xff, 0xc0,

    /* U+BE57 "빗" */
    0x0, 0x28, 0x42, 0x84, 0x2f, 0xc2, 0x84, 0x28,
    0x42, 0x84, 0x2f, 0xc2, 0x0, 0x20, 0x42, 0x6,
    0x0, 0xe0, 0x19, 0x87, 0xf, 0x0, 0x0,

    /* U+BE59 "빙" */
    0x84, 0x30, 0x86, 0x10, 0xfe, 0x18, 0x43, 0x8,
    0x7f, 0x8, 0x1, 0x0, 0x23, 0xf1, 0x81, 0xa0,
    0x16, 0x6, 0x3f, 0x0,

    /* U+BE5A "빚" */
    0x84, 0x28, 0x42, 0x84, 0x2f, 0xc2, 0x84, 0x28,
    0x42, 0xfc, 0x20, 0x2, 0x0, 0x7, 0xfe, 0x6,
    0x0, 0x60, 0x19, 0x87, 0xf,

    /* U+BE5B "빛" */
    0x84, 0x28, 0x42, 0x84, 0x2f, 0xc2, 0x84, 0x28,
    0x42, 0xfc, 0x20, 0x2, 0x6, 0x7, 0xfe, 0x6,
    0x0, 0xf0, 0x19, 0xc6, 0x7,

    /* U+BE60 "빠" */
    0x0, 0x24, 0xa5, 0x25, 0x29, 0x29, 0x49, 0x4a,
    0x7b, 0xde, 0x52, 0x92, 0x94, 0x94, 0xa4, 0xa5,
    0x3d, 0xe8, 0x0, 0x40, 0x2, 0x0, 0x10,

    /* U+BE61 "빡" */
    0x0, 0x24, 0xa5, 0x25, 0x29, 0x29, 0x4f, 0x7b,
    0xca, 0x52, 0x52, 0x9e, 0xf4, 0x0, 0x3, 0xff,
    0x0, 0x8, 0x0, 0x40, 0x2, 0x0, 0x10,

    /* U+BE64 "빤" */
    0x0, 0x24, 0xa5, 0x25, 0x29, 0xef, 0x49, 0x4b,
    0xca, 0x52, 0x52, 0x9e, 0xf4, 0x0, 0x20, 0x1,
    0x8, 0x0, 0x40, 0x2, 0x0, 0x1f, 0xf8,

    /* U+BE68 "빨" */
    0x94, 0xa4, 0xa5, 0x3d, 0xe9, 0xef, 0x79, 0x4a,
    0x4a, 0x53, 0xde, 0x80, 0x0, 0x3f, 0xe0, 0x1,
    0xf, 0xf8, 0x40, 0x2, 0x0, 0x1f, 0xf8,

    /* U+BE6A "빪" */
    0x94, 0xa4, 0xa5, 0x25, 0x29, 0xef, 0x79, 0x4a,
    0x4a, 0x53, 0xde, 0x80, 0x4, 0x7d, 0xe0, 0x29,
    0x1, 0x48, 0xfa, 0x46, 0x12, 0x3f, 0xf0,

    /* U+BE70 "빰" */
    0x94, 0xa4, 0xa5, 0x25, 0x29, 0xef, 0x79, 0x4a,
    0x4a, 0x53, 0xde, 0x80, 0x4, 0x0, 0x1, 0xff,
    0x8, 0x8, 0x40, 0x42, 0x2, 0x1f, 0xf0,

    /* U+BE71 "빱" */
    0x94, 0xa4, 0xa5, 0x3d, 0xe9, 0xef, 0x79, 0x4a,
    0x4a, 0x53, 0xde, 0x80, 0x4, 0x20, 0x21, 0x1,
    0xf, 0xf8, 0x40, 0x42, 0x2, 0x1f, 0xf0,

    /* U+BE73 "빳" */
    0x0, 0x24, 0xa9, 0x25, 0x49, 0xee, 0x49, 0x53,
    0xca, 0x92, 0x54, 0x9e, 0xe4, 0x0, 0x20, 0x11,
    0x0, 0x80, 0xa, 0x0, 0xd8, 0x38, 0x38,

    /* U+BE74 "빴" */
    0x94, 0xa4, 0xa5, 0x25, 0x29, 0xef, 0x79, 0x4a,
    0x4a, 0x53, 0xde, 0x80, 0x4, 0x0, 0x0, 0xc2,
    0x6, 0x10, 0x71, 0x46, 0x7b, 0x21, 0x88,

    /* U+BE75 "빵" */
    0x94, 0xa4, 0xa5, 0x25, 0x29, 0xef, 0x4f, 0x7b,
    0xca, 0x53, 0xde, 0x80, 0x4, 0x0, 0x20, 0xfc,
    0xc, 0x18, 0x40, 0x43, 0x6, 0xf, 0xc0,

    /* U+BE7B "빻" */
    0x95, 0x64, 0xab, 0x3d, 0xd9, 0x2a, 0xf9, 0x56,
    0x4a, 0xb3, 0xdd, 0x80, 0x4c, 0x2, 0x1, 0xef,
    0x3, 0xe0, 0x20, 0x81, 0x4, 0x7, 0xc0,

    /* U+BE7C "빼" */
    0x0, 0x50, 0x5, 0xa9, 0x5a, 0x95, 0xa9, 0x5e,
    0xf5, 0xa9, 0x7a, 0x95, 0xa9, 0x5a, 0x95, 0xef,
    0x50, 0x5, 0x0, 0x50, 0x1,

    /* U+BE7D "빽" */
    0xa9, 0x5a, 0x95, 0xa9, 0x5e, 0xf5, 0xef, 0x7a,
    0x95, 0xef, 0x50, 0x5, 0x0, 0x3, 0xff, 0x0,
    0x10, 0x1, 0x0, 0x10, 0x1,

    /* U+BE80 "뺀" */
    0x0, 0x5a, 0x95, 0xa9, 0x5e, 0xf5, 0xa9, 0x7a,
    0x95, 0xa9, 0x5e, 0xf5, 0x0, 0x50, 0x5, 0x20,
    0x12, 0x0, 0x20, 0x3, 0xff,

    /* U+BE84 "뺄" */
    0xa9, 0x5a, 0x95, 0xa9, 0x5e, 0xf7, 0xa9, 0x5a,
    0x95, 0xef, 0x50, 0x1, 0x3f, 0xf0, 0x1, 0x0,
    0x13, 0xff, 0x20, 0x3, 0xff,

    /* U+BE8C "뺌" */
    0xa9, 0x5a, 0x95, 0xa9, 0x5e, 0xf5, 0xef, 0x7a,
    0x95, 0xef, 0x50, 0x5, 0x0, 0x3, 0xff, 0x20,
    0x12, 0x1, 0x20, 0x13, 0xff,

    /* U+BE8D "뺍" */
    0xa9, 0x5a, 0x95, 0xef, 0x5e, 0xf7, 0xa9, 0x5a,
    0x95, 0xef, 0x50, 0x1, 0x20, 0x12, 0x1, 0x3f,
    0xf2, 0x1, 0x20, 0x13, 0xff,

    /* U+BE8F "뺏" */
    0x0, 0x55, 0x4a, 0xaa, 0x55, 0x52, 0xae, 0xf7,
    0x54, 0xaa, 0xa5, 0x5d, 0xea, 0x0, 0x10, 0x8,
    0x80, 0x40, 0x7, 0x0, 0xec, 0x3c, 0x3c, 0x0,
    0x0,

    /* U+BE90 "뺐" */
    0xa9, 0x55, 0x4a, 0xaa, 0x55, 0xde, 0xae, 0xf7,
    0x54, 0xab, 0xbd, 0x40, 0xa, 0x0, 0x0, 0xc2,
    0x6, 0x10, 0x39, 0x46, 0x6b, 0x21, 0x84,

    /* U+BE91 "뺑" */
    0x0, 0x5a, 0x95, 0xa9, 0x5a, 0x95, 0xef, 0x7a,
    0x95, 0xa9, 0x5e, 0xf5, 0x0, 0x10, 0xfc, 0x30,
    0x32, 0x1, 0x30, 0x30, 0xfc,

    /* U+BE98 "뺘" */
    0x0, 0x24, 0xa5, 0x25, 0x29, 0x29, 0x49, 0x4b,
    0xfb, 0xd2, 0x52, 0x92, 0x94, 0x94, 0xbc, 0xa5,
    0x3d, 0xe8, 0x0, 0x40, 0x2, 0x0, 0x10,

    /* U+BE99 "뺙" */
    0x0, 0x24, 0xa5, 0x25, 0x2f, 0xef, 0x49, 0x4a,
    0x4a, 0x5e, 0x52, 0xfe, 0xf4, 0x0, 0x3, 0xff,
    0x0, 0x8, 0x0, 0x40, 0x2, 0x0, 0x10,

    /* U+BEA8 "뺨" */
    0x94, 0xa4, 0xa5, 0x25, 0x2f, 0xef, 0x49, 0x4a,
    0x4a, 0x5f, 0xde, 0x80, 0x4, 0x0, 0x1, 0xff,
    0x8, 0x8, 0x40, 0x42, 0x2, 0x1f, 0xf0,

    /* U+BED0 "뻐" */
    0x0, 0x19, 0x49, 0x94, 0x99, 0x49, 0x94, 0x9f,
    0x7f, 0x94, 0x99, 0x49, 0x94, 0x99, 0x49, 0xf7,
    0x90, 0x1, 0x0, 0x10, 0x1,

    /* U+BED1 "뻑" */
    0x94, 0x99, 0x49, 0x94, 0x9f, 0x79, 0xf7, 0xf9,
    0x49, 0x94, 0x9f, 0x79, 0x0, 0x3, 0xff, 0x0,
    0x10, 0x1, 0x0, 0x10, 0x1,

    /* U+BED4 "뻔" */
    0x0, 0x19, 0x49, 0x94, 0x9f, 0x79, 0x94, 0xf9,
    0x49, 0x94, 0x9f, 0x79, 0x0, 0x10, 0x1, 0x20,
    0x12, 0x0, 0x20, 0x3, 0xff,

    /* U+BED7 "뻗" */
    0x94, 0x99, 0x49, 0x94, 0x9f, 0x7f, 0x94, 0x99,
    0x49, 0xf7, 0x90, 0x1, 0x0, 0x3, 0xff, 0x20,
    0x2, 0x0, 0x20, 0x3, 0xff,

    /* U+BED8 "뻘" */
    0x94, 0x99, 0x49, 0x94, 0x9f, 0x7f, 0x94, 0x99,
    0x49, 0xf7, 0x90, 0x0, 0x3f, 0xf0, 0x1, 0x0,
    0x13, 0xff, 0x20, 0x3, 0xff,

    /* U+BEE0 "뻠" */
    0x94, 0x99, 0x49, 0x94, 0x9f, 0x7f, 0x94, 0x99,
    0x49, 0xf7, 0x90, 0x1, 0x0, 0x3, 0xff, 0x20,
    0x12, 0x1, 0x20, 0x13, 0xff,

    /* U+BEE3 "뻣" */
    0x0, 0x14, 0xa4, 0xa5, 0x25, 0x29, 0x2f, 0x7f,
    0x4a, 0x4a, 0x52, 0x5e, 0xf2, 0x0, 0x10, 0x18,
    0x80, 0xc0, 0xf, 0x0, 0xcc, 0x3c, 0x1c,

    /* U+BEE4 "뻤" */
    0x94, 0x94, 0xa4, 0xa5, 0x25, 0xef, 0xe9, 0x49,
    0x4a, 0x4b, 0xde, 0x40, 0x2, 0x0, 0x0, 0xc2,
    0x6, 0x18, 0x71, 0xc6, 0x5b, 0x21, 0x84,

    /* U+BEE5 "뻥" */
    0x0, 0x19, 0x49, 0x94, 0x99, 0x49, 0xf7, 0xf9,
    0x49, 0x94, 0x9f, 0x79, 0x0, 0x10, 0xfc, 0x30,
    0x32, 0x1, 0x30, 0x30, 0xfc,

    /* U+BEEC "뻬" */
    0x0, 0x50, 0x5, 0xa9, 0x5a, 0x95, 0xa9, 0x5e,
    0xfd, 0xa9, 0x5a, 0x95, 0xa9, 0x5a, 0x95, 0xef,
    0x50, 0x5, 0x0, 0x50, 0x1,

    /* U+BF01 "뼁" */
    0x0, 0x5a, 0x95, 0xa9, 0x5a, 0x95, 0xef, 0xda,
    0x95, 0xa9, 0x5e, 0xf5, 0x0, 0x10, 0xfc, 0x30,
    0x32, 0x1, 0x30, 0x30, 0xfc,

    /* U+BF08 "뼈" */
    0x0, 0x19, 0x49, 0x94, 0x99, 0x49, 0x94, 0xff,
    0x79, 0x94, 0x99, 0x4f, 0x94, 0x99, 0x49, 0xf7,
    0x90, 0x1, 0x0, 0x10, 0x1,

    /* U+BF09 "뼉" */
    0x94, 0x99, 0x49, 0x94, 0xff, 0x79, 0x94, 0x99,
    0x4f, 0x94, 0x9f, 0x79, 0x0, 0x3, 0xff, 0x0,
    0x10, 0x1, 0x0, 0x10, 0x1,

    /* U+BF18 "뼘" */
    0x94, 0x99, 0x49, 0x94, 0xff, 0x79, 0x94, 0x99,
    0x4f, 0xf7, 0x90, 0x1, 0x0, 0x3, 0xff, 0x20,
    0x12, 0x1, 0x20, 0x13, 0xff,

    /* U+BF19 "뼙" */
    0x94, 0x99, 0x49, 0x94, 0xff, 0x79, 0x94, 0x99,
    0x4f, 0xf7, 0x90, 0x1, 0x0, 0x2, 0x1, 0x3f,
    0xf2, 0x1, 0x20, 0x13, 0xff,

    /* U+BF1B "뼛" */
    0x0, 0x14, 0xa4, 0xa5, 0x3d, 0xef, 0x29, 0x49,
    0x4a, 0x7a, 0x53, 0xde, 0xf2, 0x0, 0x10, 0x18,
    0x80, 0xc0, 0xf, 0x0, 0xcc, 0x3c, 0x1c,

    /* U+BF1C "뼜" */
    0x94, 0x94, 0xa4, 0xa5, 0x3d, 0xef, 0x29, 0x49,
    0x4a, 0x7b, 0xde, 0x40, 0x2, 0x0, 0x0, 0xc2,
    0x6, 0x18, 0x79, 0x46, 0x79, 0x21, 0x84,

    /* U+BF1D "뼝" */
    0x0, 0x19, 0x49, 0x94, 0xff, 0x79, 0x94, 0x99,
    0x4f, 0x94, 0x9f, 0x79, 0x0, 0x10, 0xfc, 0x30,
    0x32, 0x1, 0x30, 0x30, 0xfc,

    /* U+BF40 "뽀" */
    0x45, 0x12, 0x28, 0x9f, 0x7c, 0x8a, 0x24, 0x51,
    0x22, 0x89, 0xf7, 0xc0, 0x40, 0x2, 0x0, 0x10,
    0x3f, 0xfe,

    /* U+BF41 "뽁" */
    0x45, 0x12, 0x28, 0x9f, 0x7c, 0x8a, 0x27, 0xdf,
    0x1, 0x0, 0x8, 0x1f, 0xff, 0x0, 0x0, 0x0,
    0x1f, 0xf8, 0x0, 0x40, 0x2, 0x0, 0x10,

    /* U+BF44 "뽄" */
    0x45, 0x12, 0x28, 0x9f, 0x7c, 0x8a, 0x24, 0x51,
    0x3e, 0xf8, 0x8, 0x0, 0x40, 0xff, 0xf8, 0x0,
    0x8, 0x0, 0x40, 0x2, 0x0, 0x1f, 0xf8,

    /* U+BF48 "뽈" */
    0x45, 0x13, 0xef, 0x91, 0x44, 0x8a, 0x27, 0xdf,
    0x1, 0x3, 0xff, 0xe0, 0x0, 0x3f, 0xe0, 0x1,
    0x0, 0x8, 0x7f, 0xc2, 0x0, 0x1f, 0xf8,

    /* U+BF50 "뽐" */
    0x45, 0x12, 0x28, 0x9f, 0x7c, 0x8a, 0x27, 0xdf,
    0x1, 0x0, 0x8, 0x1f, 0xff, 0x0, 0x0, 0x0,
    0xf, 0xf8, 0x40, 0x42, 0x2, 0x1f, 0xf0,

    /* U+BF51 "뽑" */
    0x45, 0x12, 0x28, 0x9f, 0x7c, 0x8a, 0x27, 0xdf,
    0x1, 0x0, 0x8, 0x1f, 0xff, 0x0, 0x1, 0x1,
    0xf, 0xf8, 0x40, 0x42, 0x2, 0x1f, 0xf0,

    /* U+BF55 "뽕" */
    0x45, 0x12, 0x28, 0x9f, 0x7c, 0x8a, 0x24, 0x51,
    0x3f, 0xf8, 0x8, 0x1f, 0xff, 0x0, 0x0, 0xfe,
    0xc, 0x18, 0x40, 0x43, 0x6, 0xf, 0xe0,

    /* U+BF94 "뾔" */
    0x0, 0x14, 0xa5, 0x4a, 0x57, 0xbd, 0x4a, 0x54,
    0xa5, 0x7b, 0xd0, 0x1, 0x4, 0x10, 0x41, 0x7f,
    0xf0, 0x1, 0x0, 0x10, 0x1,

    /* U+BFB0 "뾰" */
    0x45, 0x12, 0x28, 0x9f, 0x7c, 0x8a, 0x24, 0x51,
    0x22, 0x89, 0xf7, 0xc3, 0x18, 0x18, 0xc0, 0xc6,
    0x3f, 0xfe,

    /* U+BFC5 "뿅" */
    0x45, 0x12, 0x28, 0x9f, 0x7c, 0x8a, 0x24, 0x51,
    0x3c, 0x78, 0x63, 0x1f, 0xff, 0x0, 0x0, 0xfe,
    0xc, 0x18, 0x40, 0x43, 0x6, 0xf, 0xe0,

    /* U+BFCC "뿌" */
    0x45, 0x12, 0x28, 0x9f, 0x7c, 0x8a, 0x24, 0x51,
    0x22, 0x89, 0xf7, 0xc0, 0x0, 0xff, 0xf8, 0x10,
    0x0, 0x80, 0x4, 0x0, 0x20, 0x1, 0x0,

    /* U+BFCD "뿍" */
    0x45, 0x32, 0x29, 0x9f, 0x7c, 0x8a, 0x64, 0x53,
    0x3e, 0xf8, 0x0, 0x1f, 0xff, 0x2, 0x0, 0x10,
    0x1f, 0xf8, 0x0, 0x40, 0x2, 0x0, 0x10,

    /* U+BFD0 "뿐" */
    0x45, 0x12, 0x28, 0x9f, 0x7c, 0x8a, 0x24, 0x51,
    0x3e, 0xf8, 0x0, 0x1f, 0xff, 0x2, 0x0, 0x10,
    0x8, 0x80, 0x40, 0x2, 0x0, 0x1f, 0xf8,

    /* U+BFD4 "뿔" */
    0x45, 0x13, 0xef, 0x91, 0x44, 0x8a, 0x27, 0xdf,
    0x0, 0x3, 0xff, 0xe0, 0x40, 0x3f, 0xe0, 0x1,
    0x0, 0x8, 0x7f, 0xc2, 0x0, 0x1f, 0xf8,

    /* U+BFDC "뿜" */
    0x45, 0x12, 0x28, 0x9f, 0x7c, 0x8a, 0x24, 0x51,
    0x3e, 0xf8, 0x0, 0x1f, 0xff, 0x2, 0x0, 0x10,
    0xf, 0xf8, 0x40, 0x42, 0x2, 0x1f, 0xf0,

    /* U+BFDF "뿟" */
    0x45, 0x12, 0x28, 0x9f, 0x7c, 0x8a, 0x27, 0xdf,
    0x0, 0x0, 0x0, 0x1f, 0xff, 0x2, 0x0, 0x10,
    0x0, 0x80, 0xc, 0x0, 0xd8, 0x3c, 0x78,

    /* U+BFE1 "뿡" */
    0x45, 0x12, 0x28, 0x9f, 0x7c, 0x8a, 0x24, 0x51,
    0x3e, 0xf8, 0x0, 0x1f, 0xff, 0x2, 0x0, 0xfe,
    0xc, 0x18, 0x40, 0x43, 0x6, 0xf, 0xe0,

    /* U+C03C "쀼" */
    0x45, 0x12, 0x28, 0x9f, 0x7c, 0x8a, 0x24, 0x51,
    0x22, 0x89, 0xf7, 0xc0, 0x0, 0xff, 0xf8, 0xc6,
    0x6, 0x30, 0x31, 0x81, 0x8c, 0xc, 0x60,

    /* U+C051 "쁑" */
    0x45, 0x12, 0x28, 0x9f, 0x7c, 0x8a, 0x24, 0x51,
    0x3e, 0xf8, 0x0, 0x1f, 0xff, 0x18, 0xc0, 0xfe,
    0xc, 0x18, 0x40, 0x43, 0x6, 0xf, 0xe0,

    /* U+C058 "쁘" */
    0x45, 0x12, 0x28, 0x91, 0x44, 0xfb, 0xe4, 0x51,
    0x22, 0x89, 0xf7, 0xc0, 0x0, 0x0, 0x0, 0x0,
    0x3f, 0xfe,

    /* U+C05C "쁜" */
    0x45, 0x12, 0x28, 0x9f, 0x7c, 0x8a, 0x24, 0x51,
    0x3e, 0xf8, 0x0, 0x1f, 0xff, 0x0, 0x0, 0x0,
    0x8, 0x0, 0x40, 0x2, 0x0, 0x1f, 0xf8,

    /* U+C060 "쁠" */
    0x45, 0x13, 0xef, 0x91, 0x44, 0x8a, 0x27, 0xdf,
    0x0, 0x3, 0xff, 0xe0, 0x0, 0x3f, 0xe0, 0x1,
    0x0, 0x8, 0x7f, 0xc2, 0x0, 0x1f, 0xf8,

    /* U+C068 "쁨" */
    0x45, 0x12, 0x28, 0x9f, 0x7c, 0x8a, 0x24, 0x51,
    0x3e, 0xf8, 0x0, 0x1f, 0xff, 0x0, 0x0, 0x0,
    0xf, 0xf8, 0x40, 0x42, 0x2, 0x1f, 0xf0,

    /* U+C069 "쁩" */
    0x45, 0x12, 0x28, 0x9f, 0x7c, 0x8a, 0x24, 0x51,
    0x3e, 0xf8, 0x0, 0x1f, 0xff, 0x0, 0x1, 0x1,
    0xf, 0xf8, 0x40, 0x42, 0x2, 0x1f, 0xf0,

    /* U+C090 "삐" */
    0x0, 0x19, 0x49, 0x94, 0x99, 0x49, 0x94, 0x9f,
    0x79, 0x94, 0x99, 0x49, 0x94, 0x99, 0x49, 0xf7,
    0x90, 0x1, 0x0, 0x10, 0x1,

    /* U+C091 "삑" */
    0x94, 0xb2, 0x96, 0x52, 0xfb, 0xd9, 0x4b, 0x29,
    0x7d, 0xe8, 0x1, 0x0, 0xf, 0xfc, 0x0, 0x80,
    0x10, 0x2, 0x0, 0x40,

    /* U+C094 "삔" */
    0x0, 0x29, 0x4a, 0x94, 0xaf, 0x7a, 0x94, 0xa9,
    0x4a, 0x94, 0xaf, 0x7a, 0x0, 0x20, 0x2, 0x20,
    0x2, 0x0, 0x20, 0x3, 0xff,

    /* U+C098 "삘" */
    0x94, 0xa9, 0x4a, 0x94, 0xaf, 0x7a, 0x94, 0xa9,
    0x4a, 0xf7, 0xa0, 0x0, 0x3f, 0xe0, 0x2, 0x3f,
    0xe2, 0x0, 0x20, 0x3, 0xff,

    /* U+C0A0 "삠" */
    0x94, 0xb2, 0x96, 0x52, 0xfb, 0xd9, 0x4b, 0x29,
    0x7d, 0xe8, 0x1, 0x0, 0x7, 0xfc, 0x80, 0x90,
    0x12, 0x2, 0x7f, 0xc0,

    /* U+C0A1 "삡" */
    0x94, 0xb2, 0x96, 0x52, 0xfb, 0xd9, 0x4b, 0x29,
    0x7d, 0xe8, 0x1, 0x20, 0x24, 0x4, 0xff, 0x90,
    0x12, 0x2, 0x7f, 0xc0,

    /* U+C0A3 "삣" */
    0x0, 0x29, 0x4a, 0x94, 0xaf, 0x7a, 0x94, 0xa9,
    0x4a, 0x94, 0xaf, 0x7a, 0x0, 0x20, 0x32, 0x3,
    0x0, 0x70, 0x1c, 0xc7, 0x7,

    /* U+C0A5 "삥" */
    0x0, 0x32, 0x96, 0x52, 0xfb, 0xd9, 0x4b, 0x29,
    0x65, 0x2f, 0xbd, 0x0, 0x23, 0xf0, 0xc1, 0x90,
    0x13, 0x6, 0x3f, 0x0,

    /* U+C0AC "사" */
    0x0, 0x20, 0x41, 0x2, 0x8, 0x10, 0x40, 0x82,
    0x4, 0x10, 0x70, 0xe2, 0x84, 0x36, 0x23, 0x19,
    0x10, 0x48, 0x0, 0x40, 0x2, 0x0, 0x10,

    /* U+C0AD "삭" */
    0x8, 0x20, 0x41, 0x2, 0x8, 0x10, 0x41, 0xc3,
    0x8a, 0x11, 0x8c, 0x98, 0x24, 0x0, 0x21, 0xff,
    0x0, 0x8, 0x0, 0x40, 0x2, 0x0, 0x10,

    /* U+C0AF "삯" */
    0x8, 0x20, 0x41, 0x2, 0x8, 0x38, 0x71, 0x42,
    0x11, 0x13, 0x4, 0x90, 0x4, 0x0, 0x3, 0xe2,
    0x1, 0x10, 0x9, 0xc0, 0x5a, 0x2, 0x88,

    /* U+C0B0 "산" */
    0x0, 0x20, 0x81, 0x4, 0x8, 0x30, 0x41, 0x83,
    0x96, 0x11, 0x98, 0x98, 0x64, 0x0, 0x20, 0x1,
    0x8, 0x0, 0x40, 0x2, 0x0, 0x1f, 0xf0,

    /* U+C0B3 "삳" */
    0x10, 0x20, 0x81, 0x6, 0x8, 0x30, 0x73, 0xc2,
    0x33, 0x13, 0xc, 0x90, 0x4, 0x0, 0x1, 0xff,
    0x8, 0x0, 0x40, 0x2, 0x0, 0x1f, 0xf0,

    /* U+C0B4 "살" */
    0x18, 0x20, 0xc1, 0x6, 0x8, 0x30, 0x72, 0xc2,
    0x31, 0x92, 0x0, 0x80, 0x0, 0x3f, 0xe0, 0x1,
    0xf, 0xf8, 0x40, 0x2, 0x0, 0x1f, 0xf0,

    /* U+C0B5 "삵" */
    0x8, 0x20, 0x41, 0x2, 0x8, 0x10, 0x71, 0x42,
    0x1b, 0x11, 0x8c, 0x88, 0x4, 0x3d, 0xe0, 0x21,
    0x1, 0x8, 0x78, 0x42, 0x2, 0x1f, 0x10,

    /* U+C0B6 "삶" */
    0x10, 0x20, 0x81, 0x4, 0x8, 0x70, 0x72, 0xc2,
    0x23, 0x12, 0x0, 0x80, 0x0, 0x7b, 0xe0, 0x51,
    0x2, 0x88, 0xf4, 0x44, 0x22, 0x3d, 0xf0,

    /* U+C0BC "삼" */
    0x18, 0x20, 0xc1, 0x6, 0x8, 0x30, 0x73, 0xc2,
    0x33, 0x13, 0xc, 0x90, 0x4, 0x0, 0x1, 0xff,
    0x8, 0x8, 0x40, 0x42, 0x2, 0x1f, 0xf0,

    /* U+C0BD "삽" */
    0x18, 0x20, 0xc1, 0x6, 0x8, 0x30, 0x73, 0xc2,
    0x13, 0x13, 0xc, 0x90, 0x24, 0x20, 0x21, 0x1,
    0xf, 0xf8, 0x40, 0x42, 0x2, 0x1f, 0xf0,

    /* U+C0BF "삿" */
    0x8, 0x20, 0x41, 0x2, 0x8, 0x10, 0x41, 0xc3,
    0x9b, 0x11, 0x8c, 0x88, 0x4, 0x3, 0x20, 0x18,
    0x0, 0xc0, 0x9, 0x3, 0x87, 0x10, 0x8,

    /* U+C0C0 "샀" */
    0x8, 0x20, 0x20, 0x80, 0x82, 0x3, 0xf, 0x14,
    0x20, 0xd8, 0x86, 0x32, 0x10, 0x8, 0x0, 0x0,
    0x21, 0x0, 0x84, 0x7, 0x28, 0x35, 0xb1, 0x8c,
    0x20,

    /* U+C0C1 "상" */
    0x18, 0x20, 0xc1, 0x6, 0x8, 0x30, 0x41, 0x83,
    0x9e, 0x11, 0x98, 0x98, 0x64, 0x0, 0x20, 0x7c,
    0xc, 0x18, 0x40, 0x43, 0x6, 0x7, 0xe0,

    /* U+C0C5 "샅" */
    0x18, 0x20, 0xc1, 0x6, 0x8, 0x30, 0x73, 0xc2,
    0x33, 0x13, 0xc, 0x90, 0x4, 0x3f, 0xe1, 0x0,
    0x8, 0x0, 0x7f, 0xc2, 0x0, 0x1f, 0xf0,

    /* U+C0C8 "새" */
    0x0, 0x91, 0x9, 0x10, 0x91, 0x9, 0x10, 0x91,
    0x9, 0x18, 0xf2, 0x89, 0x6c, 0x94, 0x69, 0x82,
    0x90, 0x9, 0x0, 0x90, 0x1,

    /* U+C0C9 "색" */
    0x10, 0x91, 0x9, 0x10, 0x91, 0x9, 0x38, 0xf2,
    0xc9, 0x66, 0x90, 0x9, 0x0, 0x1, 0xff, 0x0,
    0x10, 0x1, 0x0, 0x10, 0x1,

    /* U+C0CC "샌" */
    0x0, 0x90, 0x84, 0x84, 0x24, 0x21, 0x21, 0x8f,
    0x1c, 0x48, 0xb2, 0x58, 0x52, 0x0, 0x90, 0x84,
    0x84, 0x4, 0x20, 0x1, 0x0, 0xf, 0xfc,

    /* U+C0D0 "샐" */
    0x10, 0x90, 0x84, 0x84, 0x24, 0x31, 0xe2, 0xc9,
    0x33, 0x49, 0xa, 0x40, 0x0, 0x1f, 0xf0, 0x0,
    0x80, 0x4, 0x3f, 0xe1, 0x0, 0xf, 0xfc,

    /* U+C0D8 "샘" */
    0x10, 0x91, 0x9, 0x10, 0x91, 0x8f, 0x18, 0x92,
    0xc9, 0x66, 0x94, 0x9, 0x0, 0x1, 0xff, 0x10,
    0x11, 0x1, 0x10, 0x11, 0xff,

    /* U+C0D9 "샙" */
    0x10, 0x91, 0x9, 0x10, 0x91, 0x8f, 0x38, 0x96,
    0x69, 0x42, 0x90, 0x1, 0x10, 0x11, 0x1, 0x1f,
    0xf1, 0x1, 0x10, 0x11, 0xff,

    /* U+C0DB "샛" */
    0x10, 0x90, 0x84, 0x84, 0x24, 0x21, 0x23, 0x8f,
    0x16, 0x49, 0x9a, 0x50, 0x12, 0x0, 0x10, 0x8,
    0x80, 0x40, 0x7, 0x0, 0x6c, 0x1c, 0x3c, 0x80,
    0x0,

    /* U+C0DC "샜" */
    0x10, 0x90, 0x84, 0x84, 0x24, 0x21, 0xe2, 0x89,
    0x36, 0x4b, 0x1a, 0x50, 0x12, 0x0, 0x0, 0x42,
    0x6, 0x18, 0x39, 0xc6, 0x79, 0xa1, 0x84,

    /* U+C0DD "생" */
    0x0, 0x91, 0x9, 0x10, 0x91, 0x9, 0x18, 0xf3,
    0xc9, 0x66, 0x94, 0x9, 0x0, 0x10, 0x7c, 0x18,
    0x31, 0x1, 0x18, 0x30, 0xfc,

    /* U+C0E4 "샤" */
    0x0, 0x20, 0x41, 0x2, 0x8, 0x10, 0x70, 0x82,
    0x4, 0x10, 0x50, 0x82, 0x84, 0x36, 0x3b, 0x19,
    0x30, 0x48, 0x0, 0x40, 0x2, 0x0, 0x10,

    /* U+C0E5 "샥" */
    0x8, 0x20, 0x41, 0x2, 0xe, 0x10, 0x41, 0x42,
    0x1b, 0x1d, 0x8e, 0x98, 0x24, 0x0, 0x21, 0xff,
    0x0, 0x8, 0x0, 0x40, 0x2, 0x0, 0x10,

    /* U+C0E8 "샨" */
    0x0, 0x20, 0x81, 0x4, 0x8, 0x30, 0x71, 0x82,
    0x1e, 0x11, 0x98, 0xf8, 0x64, 0x80, 0x20, 0x1,
    0x8, 0x0, 0x40, 0x2, 0x0, 0x1f, 0xf0,

    /* U+C0EC "샬" */
    0x18, 0x20, 0xc1, 0x6, 0xe, 0x30, 0x42, 0x63,
    0xf1, 0x92, 0x0, 0x80, 0x0, 0x3f, 0xe0, 0x1,
    0xf, 0xf8, 0x40, 0x2, 0x0, 0x1f, 0xf0,

    /* U+C0F4 "샴" */
    0x18, 0x20, 0xc1, 0x6, 0xe, 0x30, 0x43, 0xc2,
    0x13, 0x1f, 0x8c, 0x90, 0x4, 0x0, 0x1, 0xff,
    0x8, 0x8, 0x40, 0x42, 0x2, 0x1f, 0xf0,

    /* U+C0F5 "샵" */
    0x18, 0x20, 0xc1, 0x6, 0xe, 0x30, 0x43, 0xc2,
    0x13, 0x1d, 0x8c, 0x90, 0x24, 0x20, 0x21, 0x1,
    0xf, 0xf8, 0x40, 0x42, 0x2, 0x1f, 0xf0,

    /* U+C0F7 "샷" */
    0x8, 0x20, 0x41, 0x2, 0xe, 0x10, 0x41, 0xc2,
    0xa, 0x10, 0x8c, 0xe8, 0x24, 0x3, 0x20, 0x18,
    0x0, 0xc0, 0x9, 0x3, 0x87, 0x10, 0x8,

    /* U+C0F9 "샹" */
    0x18, 0x20, 0xc1, 0x6, 0xe, 0x30, 0x41, 0xc2,
    0x1a, 0x1d, 0x9c, 0x98, 0x24, 0x0, 0x20, 0x7c,
    0xc, 0x18, 0x40, 0x43, 0x6, 0x7, 0xe0,

    /* U+C100 "섀" */
    0x0, 0x91, 0x9, 0x10, 0x91, 0x9, 0x10, 0xf1,
    0x9, 0x10, 0x92, 0x89, 0x2c, 0xf4, 0x69, 0x82,
    0x90, 0x9, 0x0, 0x90, 0x1,

    /* U+C104 "섄" */
    0x0, 0x90, 0x84, 0x84, 0x24, 0x21, 0xe1, 0x89,
    0x1c, 0x48, 0xb3, 0xd8, 0xd2, 0x0, 0x90, 0x84,
    0x84, 0x4, 0x20, 0x1, 0x0, 0xf, 0xfc,

    /* U+C108 "섈" */
    0x10, 0x90, 0x84, 0x84, 0x3c, 0x31, 0x23, 0x89,
    0x12, 0x7b, 0xa, 0x40, 0x0, 0x1f, 0xf0, 0x0,
    0x80, 0x4, 0x3f, 0xe1, 0x0, 0xf, 0xfc,

    /* U+C110 "섐" */
    0x10, 0x91, 0x9, 0x10, 0xf1, 0x89, 0x18, 0x92,
    0xcf, 0x66, 0x94, 0x9, 0x0, 0x1, 0xff, 0x10,
    0x11, 0x1, 0x10, 0x11, 0xff,

    /* U+C115 "섕" */
    0x0, 0x91, 0x9, 0x10, 0xf1, 0x89, 0x18, 0x92,
    0xcf, 0x66, 0x94, 0x9, 0x0, 0x10, 0x7c, 0x18,
    0x31, 0x1, 0x18, 0x30, 0xfc,

    /* U+C11C "서" */
    0x0, 0x10, 0x81, 0x8, 0x10, 0x81, 0x8, 0x10,
    0x8f, 0x1c, 0x11, 0x41, 0x32, 0x16, 0x31, 0x40,
    0x90, 0x1, 0x0, 0x10, 0x1,

    /* U+C11D "석" */
    0x8, 0x10, 0x81, 0x8, 0x10, 0x8f, 0x1c, 0x13,
    0x61, 0x63, 0x94, 0x1, 0x0, 0x1, 0xff, 0x0,
    0x10, 0x1, 0x0, 0x10, 0x1,

    /* U+C11E "섞" */
    0x8, 0x10, 0x81, 0x8, 0x10, 0x8f, 0x14, 0x13,
    0x61, 0xe3, 0x98, 0x1, 0x0, 0x3, 0xef, 0x6,
    0x10, 0x61, 0x6, 0x10, 0x61,

    /* U+C11F "섟" */
    0x8, 0x10, 0x20, 0x40, 0x81, 0x2, 0x7c, 0x14,
    0x10, 0xd8, 0x4e, 0x39, 0x20, 0x4, 0x0, 0x1,
    0xf0, 0x80, 0x42, 0x1, 0x18, 0x4, 0xd0, 0x16,
    0x20,

    /* U+C120 "선" */
    0x0, 0x10, 0x81, 0x8, 0x10, 0x8f, 0x1c, 0x11,
    0x41, 0x23, 0x1e, 0x19, 0x0, 0x10, 0x1, 0x10,
    0x11, 0x0, 0x10, 0x1, 0xff,

    /* U+C123 "섣" */
    0x8, 0x10, 0x81, 0x8, 0x11, 0x8f, 0x1c, 0x13,
    0x61, 0x63, 0x90, 0x1, 0x0, 0x1, 0xff, 0x10,
    0x1, 0x0, 0x10, 0x1, 0xff,

    /* U+C124 "설" */
    0x8, 0x10, 0x40, 0x82, 0x3c, 0x38, 0x23, 0x61,
    0x31, 0xc9, 0x0, 0x40, 0x0, 0x1f, 0xf0, 0x0,
    0x87, 0xfc, 0x20, 0x1, 0x0, 0xf, 0xfc,

    /* U+C126 "섦" */
    0x8, 0x10, 0x81, 0x19, 0xf1, 0x81, 0x34, 0x16,
    0x31, 0x40, 0x10, 0x0, 0x3d, 0xf0, 0x51, 0x3d,
    0x12, 0x11, 0x21, 0x13, 0xdf,

    /* U+C127 "섧" */
    0x8, 0x10, 0x81, 0x19, 0xf1, 0x81, 0x34, 0x16,
    0x31, 0x40, 0x10, 0x0, 0x3d, 0x10, 0x5f, 0x3d,
    0x12, 0x11, 0x21, 0x13, 0xdf,

    /* U+C12C "섬" */
    0x8, 0x10, 0x81, 0x8, 0x10, 0xcf, 0x1c, 0x13,
    0x61, 0x63, 0x94, 0x1, 0x0, 0x1, 0xff, 0x10,
    0x11, 0x1, 0x10, 0x11, 0xff,

    /* U+C12D "섭" */
    0x8, 0x10, 0x81, 0x8, 0x11, 0x8f, 0x1c, 0x13,
    0x61, 0x63, 0x94, 0x1, 0x10, 0x11, 0x1, 0x1f,
    0xf1, 0x1, 0x10, 0x11, 0xff,

    /* U+C12F "섯" */
    0x8, 0x10, 0x40, 0x82, 0x4, 0x11, 0xe1, 0xc1,
    0xb, 0x8, 0x8c, 0x48, 0x22, 0x0, 0x10, 0x8,
    0x80, 0x40, 0x7, 0x0, 0x64, 0x1c, 0x1c,

    /* U+C130 "섰" */
    0x8, 0x30, 0x41, 0x82, 0xc, 0x13, 0xe1, 0x43,
    0x1b, 0x19, 0x8c, 0xc8, 0x6, 0x0, 0x0, 0x42,
    0x2, 0x10, 0x29, 0x43, 0x5b, 0x11, 0x8c,

    /* U+C131 "성" */
    0x10, 0x22, 0x4, 0x40, 0x8c, 0xf3, 0x82, 0xd8,
    0x71, 0xcc, 0x1, 0x0, 0x1, 0xf0, 0xc1, 0x90,
    0x13, 0x6, 0x1f, 0x80,

    /* U+C136 "섶" */
    0x18, 0x31, 0x83, 0x18, 0x31, 0x9f, 0x1c, 0x32,
    0x63, 0xe3, 0x38, 0x3, 0x0, 0x3, 0xff, 0x8,
    0xc0, 0x8c, 0x8, 0xc3, 0xff,

    /* U+C138 "세" */
    0x0, 0x91, 0x9, 0x10, 0x91, 0x9, 0x10, 0x91,
    0x39, 0x38, 0x92, 0x89, 0x6c, 0x9c, 0x69, 0x80,
    0x90, 0x9, 0x0, 0x90, 0x1,

    /* U+C139 "섹" */
    0x10, 0x91, 0x9, 0x10, 0x91, 0x39, 0x38, 0x92,
    0xc9, 0xc6, 0x90, 0x9, 0x0, 0x11, 0xff, 0x0,
    0x10, 0x1, 0x0, 0x10, 0x1,

    /* U+C13C "센" */
    0x0, 0x90, 0x84, 0x84, 0x24, 0x27, 0x21, 0x9,
    0x14, 0x48, 0xb2, 0x58, 0xd2, 0x0, 0x90, 0x84,
    0x84, 0x4, 0x20, 0x1, 0x0, 0xf, 0xfc,

    /* U+C140 "셀" */
    0x10, 0x90, 0x84, 0x84, 0x24, 0x37, 0x23, 0x89,
    0x36, 0x49, 0xa, 0x40, 0x0, 0x1f, 0xf0, 0x0,
    0x80, 0x4, 0x3f, 0xe1, 0x0, 0xf, 0xfc,

    /* U+C148 "셈" */
    0x10, 0x91, 0x9, 0x10, 0x91, 0x39, 0x18, 0x92,
    0xc9, 0x66, 0x94, 0x9, 0x0, 0x1, 0xff, 0x10,
    0x11, 0x1, 0x10, 0x11, 0xff,

    /* U+C149 "셉" */
    0x10, 0x91, 0x9, 0x10, 0x91, 0xb9, 0x38, 0x96,
    0xc9, 0x42, 0x90, 0x1, 0x10, 0x11, 0x1, 0x1f,
    0xf1, 0x1, 0x10, 0x11, 0xff,

    /* U+C14B "셋" */
    0x0, 0x90, 0x84, 0x84, 0x24, 0x27, 0x23, 0x89,
    0x16, 0x4b, 0x1a, 0x40, 0x12, 0x0, 0x10, 0x8,
    0x80, 0x40, 0x7, 0x0, 0x6c, 0x1c, 0x3c, 0x80,
    0x0,

    /* U+C14C "셌" */
    0x10, 0x90, 0x84, 0x84, 0x24, 0x27, 0x23, 0x89,
    0x16, 0x4b, 0x1a, 0x40, 0x12, 0x0, 0x0, 0x42,
    0x6, 0x18, 0x39, 0x46, 0x7b, 0xa1, 0x84,

    /* U+C14D "셍" */
    0x0, 0x91, 0x9, 0x10, 0x91, 0x39, 0x18, 0x92,
    0xc9, 0x66, 0x94, 0x9, 0x0, 0x10, 0x7c, 0x18,
    0x31, 0x1, 0x18, 0x30, 0x7e,

    /* U+C154 "셔" */
    0x0, 0x10, 0x81, 0x8, 0x10, 0x8f, 0x8, 0x10,
    0x81, 0x1c, 0x11, 0x4f, 0x36, 0x16, 0x31, 0xc1,
    0x90, 0x1, 0x0, 0x10, 0x1,

    /* U+C155 "셕" */
    0x8, 0x10, 0x81, 0x8, 0xf0, 0x81, 0x14, 0xf3,
    0x61, 0x63, 0x94, 0x1, 0x0, 0x1, 0xff, 0x0,
    0x10, 0x1, 0x0, 0x10, 0x1,

    /* U+C158 "션" */
    0x8, 0x10, 0x81, 0x8, 0xf0, 0x81, 0x1c, 0x11,
    0x4f, 0x36, 0x16, 0x39, 0x40, 0x10, 0x1, 0x10,
    0x11, 0x0, 0x10, 0x1, 0xff,

    /* U+C15C "셜" */
    0x8, 0x10, 0x47, 0x82, 0x4, 0x38, 0x21, 0x4f,
    0x11, 0x89, 0x4, 0x40, 0x0, 0x1f, 0xf0, 0x0,
    0x87, 0xfc, 0x20, 0x1, 0x0, 0xf, 0xfc,

    /* U+C164 "셤" */
    0x8, 0x10, 0x81, 0x8, 0xf1, 0xc1, 0x14, 0xf3,
    0x61, 0x61, 0x90, 0x1, 0x0, 0x1, 0xff, 0x10,
    0x11, 0x1, 0x10, 0x11, 0xff,

    /* U+C165 "셥" */
    0x8, 0x10, 0x81, 0x8, 0xf1, 0x81, 0x14, 0xf3,
    0x61, 0x63, 0x94, 0x1, 0x0, 0x1, 0x1, 0x1f,
    0xf1, 0x1, 0x10, 0x11, 0xff,

    /* U+C167 "셧" */
    0x8, 0x10, 0x40, 0x82, 0x3c, 0x10, 0x21, 0xc1,
    0xa, 0x78, 0xc8, 0x5c, 0x22, 0x0, 0x10, 0x8,
    0x80, 0x40, 0x5, 0x0, 0xe4, 0x1c, 0x1c,

    /* U+C168 "셨" */
    0x8, 0x30, 0x41, 0x82, 0x3c, 0x10, 0x61, 0x4f,
    0x1b, 0x19, 0x8c, 0xc8, 0x6, 0x0, 0x0, 0x42,
    0x2, 0x10, 0x29, 0x43, 0x7b, 0x1, 0x80,

    /* U+C169 "셩" */
    0x10, 0x22, 0x4, 0x47, 0x8c, 0x13, 0x82, 0x5b,
    0xd9, 0x8e, 0x19, 0x80, 0x21, 0xf0, 0xc1, 0x90,
    0x13, 0x6, 0x1f, 0x80,

    /* U+C170 "셰" */
    0x0, 0x91, 0x9, 0x10, 0x91, 0x39, 0x10, 0x91,
    0x9, 0x2b, 0x92, 0x89, 0x6c, 0x9c, 0x69, 0x80,
    0x90, 0x9, 0x0, 0x90, 0x1,

    /* U+C174 "셴" */
    0x0, 0x90, 0x84, 0x84, 0xe4, 0x21, 0x21, 0x9,
    0x1d, 0xc8, 0xa2, 0x4c, 0xd2, 0x40, 0x90, 0x4,
    0x84, 0x4, 0x20, 0x1, 0x0, 0xf, 0xfc,

    /* U+C178 "셸" */
    0x10, 0x90, 0x84, 0x84, 0xe4, 0x31, 0x23, 0xb9,
    0x36, 0x49, 0xa, 0x40, 0x2, 0x1f, 0xf0, 0x0,
    0x80, 0x4, 0x3f, 0xe1, 0x0, 0xf, 0xfc,

    /* U+C185 "솅" */
    0x0, 0x91, 0x9, 0x13, 0x91, 0x9, 0x1b, 0x92,
    0x89, 0x66, 0x94, 0x9, 0x0, 0x10, 0x7c, 0x18,
    0x31, 0x1, 0x18, 0x30, 0x7e,

    /* U+C18C "소" */
    0x2, 0x0, 0x10, 0x0, 0x80, 0xe, 0x0, 0xd0,
    0xc, 0x61, 0xc1, 0xc8, 0x42, 0x2, 0x0, 0x10,
    0x0, 0x81, 0xff, 0xf0,

    /* U+C18D "속" */
    0x2, 0x0, 0x10, 0x1, 0xc0, 0x1b, 0x7, 0x7,
    0x21, 0x8, 0x8, 0x1f, 0xff, 0x0, 0x0, 0x0,
    0x1f, 0xf8, 0x0, 0x40, 0x2, 0x0, 0x10,

    /* U+C18E "솎" */
    0x2, 0x0, 0x30, 0x1, 0xc0, 0x1b, 0x7, 0xf,
    0x21, 0x8, 0x8, 0x1f, 0xff, 0x0, 0x3, 0xef,
    0x1, 0x8, 0x8, 0x40, 0x42, 0x2, 0x10,

    /* U+C190 "손" */
    0x2, 0x0, 0x10, 0x1, 0xc0, 0x1a, 0x1, 0x8c,
    0x38, 0x38, 0x8, 0x0, 0x40, 0xff, 0xf8, 0x0,
    0x8, 0x0, 0x40, 0x2, 0x0, 0x1f, 0xf0,

    /* U+C194 "솔" */
    0x2, 0x0, 0x30, 0x1, 0x40, 0x31, 0x86, 0x23,
    0x1, 0x3, 0xff, 0xe0, 0x0, 0x3f, 0xe0, 0x1,
    0x0, 0x8, 0x7f, 0xc2, 0x0, 0x1f, 0xf8,

    /* U+C196 "솖" */
    0x2, 0x0, 0x10, 0x1, 0x40, 0x31, 0x86, 0x23,
    0x1, 0x3, 0xff, 0xe0, 0x0, 0x7d, 0xf0, 0x29,
    0x81, 0x4c, 0xfa, 0x66, 0x13, 0x3e, 0xf8,

    /* U+C19C "솜" */
    0x2, 0x0, 0x10, 0x1, 0xc0, 0x1b, 0x7, 0x7,
    0x21, 0x8, 0x8, 0x1f, 0xff, 0x0, 0x1, 0xff,
    0x8, 0x8, 0x40, 0x42, 0x2, 0x1f, 0xf0,

    /* U+C19D "솝" */
    0x2, 0x0, 0x10, 0x1, 0xc0, 0x1b, 0x7, 0x8f,
    0x21, 0x8, 0x8, 0x1f, 0xff, 0x0, 0x1, 0x1,
    0xf, 0xf8, 0x40, 0x42, 0x2, 0x1f, 0xf0,

    /* U+C19F "솟" */
    0x2, 0x0, 0x10, 0x1, 0x40, 0x1b, 0x7, 0x7,
    0x21, 0x8, 0x8, 0x1f, 0xff, 0x0, 0x0, 0x10,
    0x0, 0x80, 0xa, 0x1, 0x8c, 0x38, 0x38,

    /* U+C1A1 "송" */
    0x2, 0x0, 0x10, 0x1, 0x40, 0x1b, 0x7, 0x7,
    0x21, 0x8, 0x8, 0x1f, 0xff, 0x0, 0x0, 0xfe,
    0xc, 0x18, 0x40, 0x43, 0x6, 0xf, 0xe0,

    /* U+C1A5 "솥" */
    0x2, 0x0, 0x30, 0x3, 0x40, 0x71, 0xc6, 0x23,
    0x1, 0x3, 0xff, 0xe0, 0x0, 0x0, 0x1, 0xff,
    0x88, 0x0, 0x7f, 0xc2, 0x0, 0x1f, 0xf8,

    /* U+C1A8 "솨" */
    0x0, 0x20, 0x41, 0x2, 0x8, 0x10, 0x41, 0x42,
    0x1b, 0x13, 0x86, 0xe1, 0x4, 0x8, 0x20, 0x41,
    0x3f, 0xe8, 0x0, 0x40, 0x2, 0x0, 0x10,

    /* U+C1A9 "솩" */
    0x8, 0x20, 0x41, 0x2, 0x8, 0x28, 0x46, 0x3b,
    0xa4, 0x10, 0x20, 0x9f, 0xf4, 0x0, 0x20, 0x0,
    0xf, 0xf8, 0x0, 0x40, 0x2, 0x0, 0x10,

    /* U+C1AC "솬" */
    0x18, 0x20, 0xc1, 0x6, 0x8, 0x38, 0x42, 0x62,
    0x70, 0x9c, 0x60, 0x83, 0x4, 0xff, 0xa0, 0x1,
    0x8, 0x8, 0x40, 0x2, 0x0, 0x1f, 0xf0,

    /* U+C1B0 "솰" */
    0x8, 0x20, 0xc1, 0x7, 0x8, 0xee, 0x76, 0x12,
    0x4, 0x13, 0xfe, 0x92, 0x4, 0x3f, 0xe0, 0x1,
    0x0, 0x8, 0x7f, 0xc2, 0x0, 0x1f, 0xf8,

    /* U+C1BD "솽" */
    0x8, 0x20, 0x41, 0x6, 0x8, 0x2c, 0x46, 0x3b,
    0x84, 0x10, 0x20, 0x9f, 0xf4, 0x0, 0x20, 0x7c,
    0xc, 0x18, 0x40, 0x43, 0x6, 0x7, 0xe0,

    /* U+C1C4 "쇄" */
    0x0, 0x91, 0x9, 0x10, 0x91, 0x9, 0x38, 0x92,
    0xc9, 0xc6, 0xf1, 0x9, 0x10, 0x91, 0x9, 0xfe,
    0x90, 0x9, 0x0, 0x90, 0x1,

    /* U+C1C8 "쇈" */
    0x18, 0x90, 0xc4, 0x86, 0x24, 0x31, 0x22, 0x49,
    0x2d, 0x78, 0x62, 0x5f, 0xd2, 0x0, 0x90, 0x4,
    0x84, 0x4, 0x20, 0x1, 0x0, 0xf, 0xfc,

    /* U+C1CC "쇌" */
    0x18, 0x90, 0xc4, 0x86, 0x24, 0xcd, 0xe4, 0x29,
    0xc, 0x4b, 0xf2, 0x40, 0x2, 0x1f, 0xf0, 0x0,
    0x80, 0x4, 0x3f, 0xe1, 0x0, 0xf, 0xfc,

    /* U+C1D4 "쇔" */
    0x8, 0x50, 0x85, 0x18, 0x51, 0xc5, 0x67, 0x74,
    0x85, 0x8, 0x57, 0xf5, 0x0, 0x11, 0xff, 0x10,
    0x11, 0x1, 0x10, 0x11, 0xff,

    /* U+C1D7 "쇗" */
    0x11, 0x90, 0x8c, 0x84, 0x64, 0x53, 0x2e, 0x5f,
    0x48, 0xc8, 0x46, 0x5f, 0xf2, 0x0, 0x10, 0x10,
    0x80, 0x80, 0xa, 0x1, 0xcc, 0x18, 0x38,

    /* U+C1D8 "쇘" */
    0x10, 0x90, 0x84, 0x84, 0x24, 0x51, 0x26, 0x6f,
    0x48, 0x48, 0x42, 0x5f, 0xd2, 0x0, 0x10, 0x0,
    0x6, 0x10, 0x31, 0xc3, 0xca, 0x33, 0x8c, 0x0,
    0x0,

    /* U+C1E0 "쇠" */
    0x0, 0x21, 0x4, 0x20, 0x84, 0x11, 0x42, 0x6c,
    0x78, 0xc8, 0x41, 0x8, 0x21, 0x7, 0xfe, 0x80,
    0x10, 0x2, 0x0, 0x40,

    /* U+C1E4 "쇤" */
    0x18, 0x21, 0x82, 0x18, 0x21, 0xc2, 0x26, 0x2c,
    0x32, 0x18, 0x21, 0x82, 0xff, 0xa0, 0x2, 0x20,
    0x22, 0x0, 0x20, 0x3, 0xff,

    /* U+C1E8 "쇨" */
    0x18, 0x21, 0x82, 0x1c, 0x26, 0x72, 0x59, 0x21,
    0x82, 0xff, 0xac, 0x2, 0x3f, 0xe0, 0x2, 0x0,
    0x23, 0xfe, 0x20, 0x3, 0xff,

    /* U+C1F0 "쇰" */
    0x18, 0x23, 0x4, 0x60, 0x9b, 0x1e, 0x32, 0x30,
    0x46, 0xf, 0xfd, 0x0, 0x27, 0xfc, 0x80, 0x90,
    0x12, 0x2, 0x7f, 0xc0,

    /* U+C1F1 "쇱" */
    0x18, 0x23, 0x4, 0x60, 0x9a, 0x16, 0x32, 0x30,
    0x46, 0xf, 0xfd, 0x0, 0x4, 0x4, 0xff, 0x90,
    0x12, 0x2, 0x7f, 0xc0,

    /* U+C1F3 "쇳" */
    0x8, 0x20, 0x82, 0x1c, 0x21, 0x62, 0x63, 0x20,
    0x82, 0x8, 0x2f, 0xfa, 0x0, 0x20, 0x22, 0x2,
    0x0, 0x50, 0x18, 0xc3, 0x6,

    /* U+C1FC "쇼" */
    0x2, 0x0, 0x10, 0x0, 0x80, 0xe, 0x0, 0xd8,
    0xc, 0x61, 0xc1, 0xc0, 0x0, 0x8, 0x80, 0x44,
    0x2, 0x21, 0xff, 0xf0,

    /* U+C1FD "쇽" */
    0x2, 0x0, 0x30, 0x1, 0xc0, 0x33, 0x7, 0x7,
    0xc, 0x40, 0x62, 0x1f, 0xff, 0x0, 0x0, 0x0,
    0x1f, 0xf8, 0x0, 0x40, 0x2, 0x0, 0x10,

    /* U+C200 "숀" */
    0x2, 0x0, 0x10, 0x1, 0xc0, 0x1b, 0x1, 0x8c,
    0x38, 0x38, 0x22, 0x1, 0x10, 0xff, 0xf8, 0x0,
    0x8, 0x0, 0x40, 0x2, 0x0, 0x1f, 0xf0,

    /* U+C204 "숄" */
    0x2, 0x0, 0x30, 0x3, 0x40, 0x71, 0xc6, 0x89,
    0x4, 0x43, 0xff, 0xe0, 0x0, 0x3f, 0xe0, 0x1,
    0x0, 0x8, 0x7f, 0xc2, 0x0, 0x1f, 0xf8,

    /* U+C20C "숌" */
    0x2, 0x0, 0x10, 0x1, 0xc0, 0x33, 0x7, 0x7,
    0xc, 0x40, 0x62, 0x1f, 0xff, 0x0, 0x1, 0xff,
    0x8, 0x8, 0x40, 0x42, 0x2, 0x1f, 0xf0,

    /* U+C20D "숍" */
    0x2, 0x0, 0x10, 0x1, 0xc0, 0x33, 0x7, 0x7,
    0x4, 0x40, 0x22, 0x1f, 0xff, 0x0, 0x1, 0x1,
    0xf, 0xf8, 0x40, 0x42, 0x2, 0x1f, 0xf0,

    /* U+C20F "숏" */
    0x2, 0x0, 0x10, 0x1, 0x40, 0x39, 0x87, 0x7,
    0x4, 0x40, 0x22, 0x1f, 0xff, 0x0, 0x0, 0x10,
    0x1, 0x80, 0xa, 0x1, 0x8c, 0x38, 0x18,

    /* U+C211 "숑" */
    0x2, 0x0, 0x10, 0x1, 0xc0, 0x33, 0x7, 0x7,
    0x4, 0x40, 0x22, 0x1f, 0xff, 0x0, 0x0, 0xfe,
    0xc, 0x18, 0x40, 0x43, 0x6, 0xf, 0xe0,

    /* U+C218 "수" */
    0x2, 0x0, 0x10, 0x1, 0xc0, 0x1b, 0x1, 0x8c,
    0x38, 0x38, 0x0, 0x0, 0x0, 0xff, 0xf8, 0x10,
    0x0, 0x80, 0x4, 0x0, 0x20, 0x1, 0x0,

    /* U+C219 "숙" */
    0x2, 0x0, 0x10, 0x1, 0xc0, 0x1b, 0x3, 0x8e,
    0x20, 0x8, 0x0, 0x1f, 0xff, 0x2, 0x0, 0x10,
    0x1f, 0xf8, 0x0, 0x40, 0x2, 0x0, 0x10,

    /* U+C21C "순" */
    0x2, 0x0, 0x10, 0x1, 0xc0, 0x1b, 0x3, 0x8e,
    0x20, 0x8, 0x0, 0x1f, 0xff, 0x2, 0x0, 0x10,
    0x8, 0x80, 0x40, 0x2, 0x0, 0x1f, 0xf0,

    /* U+C21F "숟" */
    0x2, 0x0, 0x10, 0x1, 0xc0, 0x1b, 0x3, 0x8e,
    0x20, 0x18, 0x0, 0x1f, 0xff, 0x2, 0x1, 0xff,
    0x8, 0x0, 0x40, 0x2, 0x0, 0x1f, 0xf0,

    /* U+C220 "술" */
    0x2, 0x0, 0x30, 0x1, 0x40, 0x31, 0x86, 0x3,
    0x0, 0x3, 0xff, 0xe0, 0x40, 0x3f, 0xe0, 0x1,
    0x0, 0x8, 0x7f, 0xc2, 0x0, 0x1f, 0xf8,

    /* U+C228 "숨" */
    0x2, 0x0, 0x10, 0x1, 0x40, 0x31, 0x86, 0x3,
    0x0, 0x3, 0xff, 0xe0, 0x40, 0x2, 0x1, 0xff,
    0x8, 0x8, 0x40, 0x42, 0x2, 0x1f, 0xf0,

    /* U+C229 "숩" */
    0x2, 0x0, 0x10, 0x1, 0x40, 0x31, 0x86, 0x3,
    0x0, 0x3, 0xff, 0xe0, 0x40, 0x22, 0x21, 0x1,
    0xf, 0xf8, 0x40, 0x42, 0x2, 0x1f, 0xf0,

    /* U+C22B "숫" */
    0x2, 0x0, 0x30, 0x1, 0x40, 0x31, 0x86, 0x3,
    0x0, 0x3, 0xff, 0xe0, 0x40, 0x2, 0x0, 0x10,
    0x0, 0x80, 0xa, 0x3, 0x8e, 0x30, 0x18,

    /* U+C22D "숭" */
    0x2, 0x0, 0x10, 0x1, 0xc0, 0x1b, 0x3, 0x8e,
    0x30, 0x18, 0x0, 0x1f, 0xff, 0x2, 0x0, 0xfe,
    0xc, 0x18, 0x40, 0x43, 0x6, 0xf, 0xe0,

    /* U+C22F "숯" */
    0x2, 0x0, 0x10, 0x1, 0x40, 0x31, 0x87, 0x3,
    0x0, 0x3, 0xff, 0xe0, 0x40, 0x0, 0x0, 0x10,
    0xf, 0xf8, 0x4, 0x0, 0xd8, 0x3c, 0x78,

    /* U+C231 "숱" */
    0x2, 0x0, 0x30, 0x1, 0x40, 0x31, 0x86, 0x7,
    0x0, 0x3, 0xff, 0xe0, 0x40, 0x3f, 0xf1, 0x0,
    0x8, 0x0, 0x7f, 0xc2, 0x0, 0x1f, 0xf8,

    /* U+C232 "숲" */
    0x2, 0x0, 0x10, 0x1, 0x40, 0x31, 0x86, 0x3,
    0x0, 0x3, 0xff, 0xe0, 0x40, 0x2, 0x3, 0xff,
    0x82, 0x20, 0x11, 0x0, 0x88, 0x3f, 0xf8,

    /* U+C234 "숴" */
    0x8, 0x10, 0x81, 0x1c, 0x11, 0x61, 0x63, 0x90,
    0x1, 0x0, 0x1f, 0xfd, 0x8, 0x10, 0x81, 0x8,
    0xf0, 0x81, 0x8, 0x10, 0x81,

    /* U+C248 "쉈" */
    0x8, 0x30, 0x61, 0x85, 0xc, 0xe7, 0x64, 0x3,
    0x7f, 0xd8, 0x20, 0xc1, 0x3e, 0x8, 0x30, 0x0,
    0x2, 0x10, 0x30, 0x83, 0x4a, 0x33, 0x8c,

    /* U+C250 "쉐" */
    0x0, 0x91, 0x9, 0x10, 0x93, 0x89, 0x6c, 0x9c,
    0x49, 0x0, 0x9f, 0xe9, 0x10, 0x91, 0x79, 0x10,
    0x91, 0x9, 0x10, 0x90, 0x1,

    /* U+C251 "쉑" */
    0x10, 0x91, 0x9, 0x28, 0x96, 0xe9, 0x0, 0x9f,
    0xe9, 0x10, 0x91, 0x79, 0x10, 0x90, 0x0, 0x3f,
    0xf0, 0x1, 0x0, 0x10, 0x1,

    /* U+C254 "쉔" */
    0x18, 0x50, 0xc2, 0x86, 0x14, 0x6c, 0xa6, 0x35,
    0x0, 0x2b, 0xfd, 0x43, 0xa, 0x1b, 0xd0, 0x2,
    0x84, 0x4, 0x20, 0x1, 0x0, 0xf, 0xfc,

    /* U+C258 "쉘" */
    0x8, 0x50, 0xc2, 0x87, 0x14, 0xce, 0xa4, 0x5,
    0x7f, 0xa9, 0xe1, 0x41, 0x7a, 0x0, 0x0, 0xff,
    0x80, 0x4, 0x3f, 0xe1, 0x0, 0xf, 0xfc,

    /* U+C260 "쉠" */
    0x8, 0x51, 0x85, 0x1c, 0x56, 0x75, 0x40, 0x5f,
    0xf5, 0x8, 0x50, 0xbd, 0x8, 0x50, 0x0, 0x1f,
    0xf1, 0x1, 0x10, 0x11, 0xff,

    /* U+C265 "쉥" */
    0x10, 0x93, 0x9, 0x38, 0x9c, 0xe9, 0x80, 0x9f,
    0xe9, 0x10, 0x91, 0x79, 0x10, 0x90, 0x0, 0x1f,
    0xe2, 0x1, 0x20, 0x11, 0xfe,

    /* U+C26C "쉬" */
    0x8, 0x10, 0x81, 0x8, 0x11, 0x41, 0x37, 0x1e,
    0x19, 0x0, 0x10, 0x1, 0xff, 0xd0, 0x81, 0x8,
    0x10, 0x81, 0x8, 0x10, 0x81,

    /* U+C26D "쉭" */
    0x8, 0x21, 0x4, 0x50, 0x9b, 0x1e, 0x12, 0x0,
    0x7f, 0xe8, 0x41, 0x8, 0x21, 0x0, 0xff, 0x80,
    0x10, 0x2, 0x0, 0x40,

    /* U+C270 "쉰" */
    0x8, 0x20, 0x82, 0x1c, 0x21, 0x62, 0x63, 0xa4,
    0x2, 0x0, 0x2f, 0xfa, 0x8, 0x20, 0x82, 0x20,
    0x22, 0x0, 0x20, 0x3, 0xff,

    /* U+C274 "쉴" */
    0x8, 0x21, 0x82, 0x1c, 0x23, 0x72, 0x41, 0x20,
    0x2, 0xff, 0xa0, 0x82, 0x3f, 0xe0, 0x2, 0x0,
    0x23, 0xfe, 0x20, 0x3, 0xff,

    /* U+C27C "쉼" */
    0x8, 0x23, 0x4, 0x70, 0x9b, 0x14, 0x12, 0x0,
    0x7f, 0xe8, 0x41, 0x8, 0x7, 0xfc, 0x80, 0x90,
    0x12, 0x2, 0x7f, 0xc0,

    /* U+C27D "쉽" */
    0x8, 0x21, 0x4, 0x70, 0x9b, 0x16, 0x12, 0x0,
    0x7f, 0xe8, 0x41, 0x8, 0x4, 0x4, 0xff, 0x90,
    0x12, 0x2, 0x7f, 0xc0,

    /* U+C27F "쉿" */
    0x8, 0x10, 0x60, 0x83, 0x4, 0x2c, 0x27, 0x39,
    0x20, 0x48, 0x0, 0x5f, 0xfa, 0x8, 0x10, 0x48,
    0x80, 0x40, 0x5, 0x0, 0xc6, 0x18, 0xc,

    /* U+C281 "슁" */
    0x8, 0x23, 0x4, 0x70, 0x9b, 0x94, 0x12, 0x0,
    0x7f, 0xe8, 0x41, 0x8, 0x23, 0xf0, 0xc1, 0x90,
    0x13, 0x6, 0x1f, 0x0,

    /* U+C288 "슈" */
    0x2, 0x0, 0x10, 0x1, 0xc0, 0x1b, 0x1, 0x8c,
    0x38, 0x38, 0x0, 0x0, 0x0, 0xff, 0xf8, 0xc6,
    0x6, 0x30, 0x31, 0x81, 0x8c, 0xc, 0x60,

    /* U+C289 "슉" */
    0x2, 0x0, 0x10, 0x1, 0xc0, 0x1b, 0x3, 0xe,
    0x20, 0x8, 0x0, 0x1f, 0xff, 0x18, 0x80, 0xc4,
    0x1f, 0xf8, 0x0, 0x40, 0x2, 0x0, 0x10,

    /* U+C290 "슐" */
    0x2, 0x0, 0x30, 0x1, 0x40, 0x31, 0x86, 0x3,
    0x0, 0x3, 0xff, 0xe3, 0x10, 0x3f, 0xe0, 0x1,
    0x0, 0x8, 0x7f, 0xc2, 0x0, 0x1f, 0xf8,

    /* U+C298 "슘" */
    0x2, 0x0, 0x30, 0x1, 0x40, 0x31, 0x86, 0x3,
    0x0, 0x3, 0xff, 0xe3, 0x10, 0x18, 0x81, 0xff,
    0x8, 0x8, 0x40, 0x42, 0x2, 0x1f, 0xf0,

    /* U+C29B "슛" */
    0x2, 0x0, 0x10, 0x1, 0xc0, 0x1b, 0x3, 0x8f,
    0x20, 0x18, 0x0, 0x1f, 0xff, 0x10, 0x40, 0x92,
    0x4, 0x90, 0xe, 0x0, 0xd8, 0x3c, 0x79, 0x0,
    0x40,

    /* U+C29D "슝" */
    0x2, 0x0, 0x30, 0x1, 0x40, 0x31, 0x86, 0x3,
    0x0, 0x3, 0xff, 0xe3, 0x18, 0x18, 0xc0, 0xfe,
    0xc, 0x18, 0x40, 0x43, 0x6, 0xf, 0xe0,

    /* U+C2A4 "스" */
    0x2, 0x0, 0x10, 0x1, 0xc0, 0xa, 0x1, 0x88,
    0x18, 0x31, 0x80, 0xc0, 0x0, 0x0, 0x0, 0x0,
    0x3f, 0xfe,

    /* U+C2A5 "슥" */
    0x2, 0x0, 0x10, 0x1, 0xc0, 0x1b, 0x7, 0xe,
    0x20, 0x8, 0x0, 0x1f, 0xff, 0x0, 0x0, 0x0,
    0x1f, 0xf8, 0x0, 0x40, 0x2, 0x0, 0x10,

    /* U+C2A8 "슨" */
    0x2, 0x0, 0x10, 0x1, 0xc0, 0x1b, 0x3, 0x8e,
    0x20, 0x8, 0x0, 0x1f, 0xff, 0x0, 0x0, 0x0,
    0x8, 0x0, 0x40, 0x2, 0x0, 0x1f, 0xf0,

    /* U+C2AC "슬" */
    0x2, 0x0, 0x30, 0x1, 0x40, 0x31, 0x86, 0x7,
    0x0, 0x3, 0xff, 0xe0, 0x0, 0x3f, 0xe0, 0x1,
    0x0, 0x8, 0x7f, 0xc2, 0x0, 0x1f, 0xf8,

    /* U+C2AD "슭" */
    0x2, 0x0, 0x30, 0x3, 0x40, 0x71, 0x86, 0x3,
    0x0, 0x3, 0xff, 0xe0, 0x0, 0x7d, 0xe0, 0x21,
    0x1, 0x8, 0xf8, 0x46, 0x2, 0x3f, 0x10,

    /* U+C2B4 "슴" */
    0x2, 0x0, 0x10, 0x1, 0xc0, 0x1b, 0x7, 0x8f,
    0x20, 0x8, 0x0, 0x1f, 0xff, 0x0, 0x1, 0xff,
    0x8, 0x8, 0x40, 0x42, 0x2, 0x1f, 0xf0,

    /* U+C2B5 "습" */
    0x2, 0x0, 0x10, 0x1, 0x40, 0x31, 0x86, 0x3,
    0x0, 0x3, 0xff, 0xe0, 0x0, 0x20, 0x21, 0x1,
    0xf, 0xf8, 0x40, 0x42, 0x2, 0x1f, 0xf0,

    /* U+C2B7 "슷" */
    0x2, 0x0, 0x10, 0x1, 0xc0, 0x1b, 0x3, 0x8e,
    0x20, 0x8, 0x0, 0x1f, 0xff, 0x0, 0x0, 0x10,
    0x0, 0x80, 0xa, 0x1, 0xd8, 0x38, 0x38,

    /* U+C2B9 "승" */
    0x2, 0x0, 0x10, 0x1, 0xc0, 0x1b, 0x3, 0x8f,
    0x20, 0x8, 0x0, 0x1f, 0xff, 0x0, 0x0, 0xfe,
    0xc, 0x18, 0x40, 0x43, 0x6, 0xf, 0xe0,

    /* U+C2DC "시" */
    0x0, 0x10, 0x81, 0x8, 0x10, 0x81, 0x8, 0x10,
    0x81, 0x14, 0x11, 0x41, 0x32, 0x16, 0x19, 0xc0,
    0x90, 0x1, 0x0, 0x10, 0x1,

    /* U+C2DD "식" */
    0x10, 0x22, 0x4, 0x40, 0x8c, 0x12, 0x82, 0xcc,
    0x70, 0xc8, 0x1, 0x0, 0x7, 0xfc, 0x0, 0x80,
    0x10, 0x2, 0x0, 0x40,

    /* U+C2E0 "신" */
    0x10, 0x22, 0x4, 0x40, 0x8c, 0x12, 0x82, 0x58,
    0x51, 0x8e, 0x19, 0x0, 0x20, 0x4, 0x80, 0x10,
    0x2, 0x0, 0x7f, 0xc0,

    /* U+C2E3 "싣" */
    0x10, 0x22, 0x4, 0x40, 0x8c, 0x12, 0xc2, 0xcc,
    0x70, 0xc8, 0x1, 0x0, 0x7, 0xfc, 0x80, 0x10,
    0x2, 0x0, 0x7f, 0xc0,

    /* U+C2E4 "실" */
    0x10, 0x21, 0x2, 0x18, 0x23, 0x82, 0x2c, 0x2c,
    0x72, 0x81, 0x20, 0x0, 0x3f, 0xe0, 0x2, 0x3f,
    0xe2, 0x0, 0x20, 0x3, 0xff,

    /* U+C2EB "싫" */
    0x8, 0x10, 0x40, 0x86, 0x4, 0x38, 0x23, 0x61,
    0x31, 0x89, 0x4, 0x40, 0xc, 0x3f, 0xf8, 0x20,
    0xf, 0x3c, 0x42, 0x22, 0x11, 0x1f, 0x78,

    /* U+C2EC "심" */
    0x10, 0x22, 0x4, 0x40, 0x8c, 0x12, 0xc2, 0xcc,
    0x70, 0xcc, 0x1, 0x0, 0x7, 0xfc, 0x80, 0x90,
    0x12, 0x2, 0x7f, 0xc0,

    /* U+C2ED "십" */
    0x10, 0x22, 0x4, 0x40, 0x8c, 0x12, 0x82, 0xc8,
    0x70, 0xcc, 0x9, 0x20, 0x24, 0x4, 0xff, 0x90,
    0x12, 0x2, 0x7f, 0xc0,

    /* U+C2EF "싯" */
    0x8, 0x10, 0x40, 0x82, 0x4, 0x38, 0x21, 0x41,
    0x19, 0x8b, 0x86, 0x40, 0x2, 0x1, 0x10, 0x8,
    0x0, 0xe0, 0xd, 0x83, 0xc7, 0x10, 0x0,

    /* U+C2F1 "싱" */
    0x18, 0x23, 0x4, 0x60, 0x8c, 0x13, 0xc2, 0xcc,
    0x70, 0xc8, 0x1, 0x0, 0x1, 0xf0, 0xc1, 0x90,
    0x13, 0x6, 0x3f, 0x0,

    /* U+C2F6 "싶" */
    0x8, 0x30, 0x83, 0x18, 0x31, 0x83, 0x14, 0x32,
    0x63, 0xe3, 0xb8, 0x3, 0x0, 0x3, 0xff, 0x8,
    0x40, 0x84, 0x8, 0x43, 0xff,

    /* U+C2F8 "싸" */
    0x0, 0x21, 0x11, 0x8, 0x88, 0x44, 0x42, 0x22,
    0x11, 0x10, 0x88, 0xe4, 0x44, 0x55, 0x26, 0xed,
    0x22, 0x28, 0x0, 0x40, 0x2, 0x0, 0x10,

    /* U+C2F9 "싹" */
    0x22, 0x21, 0x11, 0x8, 0x88, 0x44, 0x46, 0x73,
    0xaa, 0x93, 0x76, 0x80, 0x4, 0x0, 0x1, 0xff,
    0x0, 0x8, 0x0, 0x40, 0x2, 0x0, 0x10,

    /* U+C2FB "싻" */
    0x22, 0x21, 0x11, 0x8, 0x88, 0x46, 0x75, 0x32,
    0x2e, 0xd3, 0x32, 0x80, 0x4, 0x0, 0x1, 0xe2,
    0x1, 0x10, 0x9, 0xc0, 0x5b, 0x3, 0x88,

    /* U+C2FC "싼" */
    0x0, 0x21, 0x11, 0x8, 0x88, 0x44, 0x42, 0x23,
    0xaa, 0x93, 0x56, 0x91, 0x14, 0x0, 0x20, 0x1,
    0x8, 0x0, 0x40, 0x2, 0x0, 0x1f, 0xf8,

    /* U+C300 "쌀" */
    0x22, 0x21, 0x11, 0x8, 0x88, 0xe6, 0x75, 0x52,
    0x6e, 0xd0, 0x20, 0x80, 0x0, 0x3f, 0xe0, 0x1,
    0xf, 0xf8, 0x40, 0x2, 0x0, 0x1f, 0xf8,

    /* U+C308 "쌈" */
    0x22, 0x21, 0x11, 0x8, 0x88, 0x44, 0x75, 0x52,
    0x6a, 0x92, 0x22, 0x80, 0x4, 0x0, 0x1, 0xff,
    0x8, 0x8, 0x40, 0x42, 0x2, 0x1f, 0xf0,

    /* U+C309 "쌉" */
    0x22, 0x21, 0x11, 0x8, 0x88, 0x44, 0x75, 0x52,
    0x2a, 0x92, 0x62, 0x81, 0x4, 0x20, 0x21, 0x1,
    0xf, 0xf8, 0x40, 0x42, 0x2, 0x1f, 0xf0,

    /* U+C30C "쌌" */
    0x22, 0x21, 0x11, 0x8, 0x88, 0x44, 0x75, 0x52,
    0x2a, 0xd2, 0x22, 0x80, 0x4, 0x0, 0x0, 0xc2,
    0x6, 0x10, 0x31, 0x46, 0x5b, 0x21, 0x8c,

    /* U+C30D "쌍" */
    0x0, 0x21, 0x11, 0x8, 0x88, 0x44, 0x42, 0x23,
    0xaa, 0x93, 0x76, 0x91, 0x14, 0x0, 0x20, 0x7c,
    0xc, 0x18, 0x40, 0x43, 0x6, 0xf, 0xc0,

    /* U+C313 "쌓" */
    0x22, 0x21, 0x11, 0xc, 0x88, 0x66, 0x75, 0x52,
    0x66, 0x50, 0x20, 0x80, 0x60, 0x3f, 0xf0, 0x0,
    0x3, 0xf0, 0x20, 0x41, 0x2, 0x7, 0xe0,

    /* U+C314 "쌔" */
    0x0, 0x49, 0x22, 0x49, 0x12, 0x48, 0x92, 0x44,
    0x92, 0x24, 0x91, 0xec, 0xc9, 0x5b, 0x4e, 0xce,
    0x40, 0x12, 0x0, 0x90, 0x4, 0x80, 0x4,

    /* U+C315 "쌕" */
    0x0, 0x49, 0x22, 0x49, 0x12, 0x48, 0xf2, 0x64,
    0xbd, 0x26, 0x67, 0x20, 0x9, 0x0, 0x1, 0xff,
    0xc0, 0x2, 0x0, 0x10, 0x0, 0x80, 0x4,

    /* U+C318 "쌘" */
    0x0, 0x49, 0x22, 0x49, 0x12, 0x48, 0x92, 0x47,
    0xb5, 0x25, 0x6d, 0x33, 0x29, 0x0, 0x48, 0x2,
    0x44, 0x0, 0x20, 0x1, 0x0, 0xf, 0xfc,

    /* U+C31C "쌜" */
    0x24, 0x49, 0x22, 0x49, 0x12, 0x48, 0xf5, 0xa4,
    0xad, 0xa4, 0x5, 0x20, 0x0, 0x1f, 0xf8, 0x0,
    0x47, 0xfe, 0x20, 0x1, 0x0, 0xf, 0xfc,

    /* U+C324 "쌤" */
    0x24, 0x49, 0x22, 0x49, 0x12, 0x48, 0xf6, 0x64,
    0xad, 0x27, 0x65, 0x20, 0x9, 0x0, 0x0, 0xff,
    0xc4, 0x2, 0x20, 0x11, 0x0, 0x8f, 0xfc,

    /* U+C325 "쌥" */
    0x24, 0x49, 0x22, 0x49, 0x12, 0x48, 0xf5, 0xa4,
    0xad, 0xa4, 0x5, 0x20, 0x1, 0x10, 0x8, 0x80,
    0x47, 0xfe, 0x20, 0x11, 0x0, 0x8f, 0xfc,

    /* U+C328 "쌨" */
    0x24, 0x48, 0x91, 0x22, 0x44, 0x89, 0x1e, 0x6a,
    0x49, 0x6d, 0x2d, 0x94, 0x80, 0x12, 0x0, 0x0,
    0x20, 0x80, 0x86, 0x5, 0x1c, 0x36, 0x98, 0x8c,
    0x30,

    /* U+C329 "쌩" */
    0x0, 0x49, 0x22, 0x49, 0x12, 0x48, 0xf2, 0x64,
    0xad, 0x27, 0x67, 0x20, 0x9, 0x0, 0x8, 0x3f,
    0x6, 0x6, 0x20, 0x11, 0x81, 0x83, 0xf0,

    /* U+C345 "썅" */
    0x0, 0x21, 0x11, 0x8, 0x8e, 0x44, 0x45, 0x52,
    0x2a, 0x9f, 0x76, 0x81, 0x4, 0x0, 0x20, 0x7c,
    0xc, 0x18, 0x40, 0x43, 0x6, 0x7, 0xe0,

    /* U+C368 "써" */
    0x0, 0x12, 0x21, 0x22, 0x12, 0x21, 0x22, 0x12,
    0x27, 0x22, 0x15, 0x51, 0x55, 0x1d, 0xc9, 0x88,
    0x10, 0x1, 0x0, 0x10, 0x1,

    /* U+C369 "썩" */
    0x22, 0x12, 0x21, 0x22, 0x12, 0x27, 0x77, 0x15,
    0x51, 0x9c, 0xd0, 0x1, 0x0, 0x3, 0xff, 0x0,
    0x10, 0x1, 0x0, 0x10, 0x1,

    /* U+C36C "썬" */
    0x0, 0x12, 0x21, 0x22, 0x12, 0x27, 0x22, 0x15,
    0x51, 0x55, 0x98, 0x8d, 0x0, 0x10, 0x1, 0x30,
    0x3, 0x0, 0x30, 0x3, 0xff,

    /* U+C370 "썰" */
    0x22, 0x12, 0x21, 0x22, 0x75, 0x51, 0x55, 0x19,
    0xcd, 0x8, 0x10, 0x0, 0x3f, 0xf0, 0x1, 0x3f,
    0xf2, 0x0, 0x20, 0x3, 0xff,

    /* U+C372 "썲" */
    0x23, 0x12, 0x31, 0x23, 0x13, 0x37, 0x37, 0x15,
    0x59, 0xcc, 0xd0, 0x1, 0x3c, 0xf0, 0x49, 0x4,
    0x93, 0xc9, 0x20, 0x93, 0xef,

    /* U+C378 "썸" */
    0x22, 0x12, 0x21, 0x22, 0x12, 0x27, 0x77, 0x15,
    0x59, 0x9c, 0xd0, 0x1, 0x0, 0x3, 0xff, 0x20,
    0x12, 0x1, 0x20, 0x13, 0xff,

    /* U+C379 "썹" */
    0x22, 0x12, 0x21, 0x22, 0x12, 0x27, 0x77, 0x15,
    0x51, 0xdc, 0xd8, 0x81, 0x30, 0x13, 0x1, 0x3f,
    0xf3, 0x1, 0x30, 0x13, 0xff,

    /* U+C37C "썼" */
    0x22, 0x31, 0x11, 0x88, 0x8c, 0x45, 0xe7, 0x73,
    0x2a, 0x9a, 0x72, 0xc0, 0x6, 0x18, 0x40, 0xc2,
    0x6, 0x10, 0x71, 0x46, 0x5b, 0x21, 0x88,

    /* U+C37D "썽" */
    0x0, 0x12, 0x21, 0x22, 0x12, 0x27, 0x22, 0x15,
    0x51, 0xdc, 0x98, 0x81, 0x0, 0x10, 0xfc, 0x30,
    0x32, 0x1, 0x30, 0x30, 0xfc,

    /* U+C384 "쎄" */
    0x0, 0x49, 0x22, 0x49, 0x12, 0x48, 0x92, 0x44,
    0x92, 0xe4, 0x91, 0x2c, 0xc9, 0x5b, 0x4c, 0xca,
    0x40, 0x12, 0x0, 0x90, 0x4, 0x80, 0x4,

    /* U+C388 "쎈" */
    0x0, 0x49, 0x22, 0x49, 0x12, 0x4b, 0x92, 0x44,
    0xb5, 0x25, 0x6d, 0x33, 0x29, 0x0, 0x48, 0x2,
    0x44, 0x2, 0x20, 0x1, 0x0, 0xf, 0xfc,

    /* U+C38C "쎌" */
    0x24, 0x49, 0x22, 0x49, 0x72, 0x48, 0x95, 0xa4,
    0xed, 0xa4, 0x1, 0x20, 0x0, 0x1f, 0xf8, 0x0,
    0x47, 0xfe, 0x20, 0x1, 0x0, 0xf, 0xfc,

    /* U+C3C0 "쏀" */
    0x0, 0x49, 0x22, 0x49, 0x72, 0x48, 0x92, 0x44,
    0x92, 0xe5, 0x69, 0x3b, 0x69, 0x0, 0x48, 0x2,
    0x44, 0x2, 0x20, 0x1, 0x0, 0xf, 0xfc,

    /* U+C3D8 "쏘" */
    0x10, 0x40, 0x82, 0x4, 0x30, 0x71, 0xc6, 0xda,
    0x63, 0x8c, 0x0, 0x0, 0x40, 0x2, 0x0, 0x10,
    0x3f, 0xfe,

    /* U+C3D9 "쏙" */
    0x10, 0xc0, 0x86, 0xe, 0x30, 0x5b, 0x4c, 0x73,
    0x81, 0x0, 0x8, 0x1f, 0xff, 0x0, 0x0, 0x0,
    0x1f, 0xf8, 0x0, 0x40, 0x2, 0x0, 0x10,

    /* U+C3DC "쏜" */
    0x10, 0xc0, 0x86, 0x6, 0x30, 0x71, 0x86, 0xd2,
    0x23, 0x8, 0x8, 0x0, 0x40, 0xff, 0xf8, 0x0,
    0x8, 0x0, 0x40, 0x2, 0x0, 0x1f, 0xf0,

    /* U+C3DF "쏟" */
    0x10, 0xc0, 0x86, 0x6, 0x30, 0x5b, 0xcc, 0x73,
    0x80, 0x0, 0x8, 0x1f, 0xff, 0x0, 0x1, 0xff,
    0x8, 0x0, 0x40, 0x2, 0x0, 0x1f, 0xf0,

    /* U+C3E0 "쏠" */
    0x10, 0xc0, 0x86, 0xe, 0x30, 0xde, 0x64, 0x21,
    0x1, 0x3, 0xff, 0xe0, 0x0, 0x3f, 0xe0, 0x1,
    0x0, 0x8, 0x7f, 0xc2, 0x0, 0x1f, 0xf8,

    /* U+C3E2 "쏢" */
    0x10, 0x40, 0x86, 0xe, 0x38, 0xdb, 0x64, 0x21,
    0x1, 0x3, 0xff, 0xe0, 0x0, 0x7d, 0xf0, 0x29,
    0x81, 0x4c, 0xfa, 0x66, 0x13, 0x3e, 0xf8,

    /* U+C3E8 "쏨" */
    0x10, 0xc0, 0x86, 0x6, 0x30, 0x5b, 0xce, 0x73,
    0x80, 0x0, 0x8, 0x1f, 0xff, 0x0, 0x1, 0xff,
    0x8, 0x8, 0x40, 0x42, 0x2, 0x1f, 0xf0,

    /* U+C3E9 "쏩" */
    0x10, 0xc0, 0x86, 0x6, 0x30, 0x5b, 0xce, 0x73,
    0x80, 0x0, 0x8, 0x1f, 0xff, 0x0, 0x1, 0x1,
    0xf, 0xf8, 0x40, 0x42, 0x2, 0x1f, 0xf0,

    /* U+C3ED "쏭" */
    0x10, 0xc0, 0x86, 0x6, 0x30, 0x5b, 0x4c, 0x73,
    0x81, 0x0, 0x8, 0x1f, 0xff, 0x0, 0x0, 0xfe,
    0xc, 0x18, 0x40, 0x43, 0x6, 0xf, 0xe0,

    /* U+C3F4 "쏴" */
    0x0, 0x21, 0x11, 0x8, 0x88, 0x44, 0x42, 0x22,
    0x2a, 0x93, 0x76, 0xf0, 0x4, 0x8, 0x20, 0x41,
    0x3f, 0xe8, 0x0, 0x40, 0x2, 0x0, 0x10,

    /* U+C3F5 "쏵" */
    0x22, 0x21, 0x11, 0x8, 0x88, 0xaa, 0x4d, 0xdb,
    0x80, 0x50, 0x20, 0x9f, 0xf4, 0x0, 0x20, 0x0,
    0x1f, 0xf8, 0x0, 0x40, 0x2, 0x0, 0x10,

    /* U+C3F8 "쏸" */
    0x22, 0x21, 0x11, 0x8, 0x88, 0x44, 0x45, 0x52,
    0x66, 0xdc, 0x0, 0x81, 0x4, 0xff, 0xa0, 0x1,
    0x8, 0x8, 0x40, 0x2, 0x0, 0x1f, 0xf8,

    /* U+C408 "쐈" */
    0x22, 0x21, 0x11, 0x8, 0x88, 0xaa, 0x4d, 0xdb,
    0xc4, 0x10, 0x20, 0x9f, 0xfc, 0x0, 0x0, 0x82,
    0x6, 0x10, 0x51, 0x46, 0x7b, 0x1, 0x0,

    /* U+C410 "쐐" */
    0x0, 0x49, 0x22, 0x49, 0x12, 0x48, 0x92, 0x44,
    0xad, 0x27, 0x6d, 0xe0, 0x9, 0x18, 0x48, 0xc2,
    0x7f, 0xd2, 0x0, 0x90, 0x4, 0x80, 0x4,

    /* U+C424 "쐤" */
    0x24, 0x48, 0x91, 0x22, 0x44, 0x9d, 0x92, 0x5b,
    0x78, 0x5, 0x21, 0x84, 0xbf, 0xd2, 0x0, 0x8,
    0x0, 0x0, 0x82, 0x6, 0x18, 0x14, 0xd1, 0x8e,
    0x70,

    /* U+C42C "쐬" */
    0x0, 0x24, 0x44, 0x88, 0x91, 0x15, 0x52, 0xaa,
    0x62, 0x28, 0x41, 0x8, 0x21, 0x7, 0xfe, 0x80,
    0x10, 0x2, 0x0, 0x40,

    /* U+C430 "쐰" */
    0x22, 0x22, 0x22, 0x22, 0x22, 0x62, 0x55, 0x2c,
    0x9a, 0x8, 0x20, 0x82, 0xff, 0xa0, 0x2, 0x20,
    0x22, 0x0, 0x20, 0x3, 0xff,

    /* U+C434 "쐴" */
    0x22, 0x22, 0x22, 0x77, 0x2d, 0xda, 0x88, 0xa0,
    0x82, 0xff, 0xa0, 0x2, 0x3f, 0xe0, 0x2, 0x0,
    0x23, 0xfe, 0x20, 0x3, 0xff,

    /* U+C43C "쐼" */
    0x22, 0x24, 0x44, 0x88, 0xaa, 0x9d, 0xda, 0x0,
    0x42, 0xf, 0xfd, 0x0, 0x27, 0xfc, 0x80, 0x90,
    0x12, 0x2, 0x7f, 0xc0,

    /* U+C43D "쐽" */
    0x22, 0x24, 0x44, 0x88, 0xaa, 0x9d, 0xda, 0x10,
    0x42, 0xf, 0xfd, 0x0, 0x4, 0x4, 0xff, 0x90,
    0x12, 0x2, 0x7f, 0xc0,

    /* U+C448 "쑈" */
    0x10, 0x40, 0x82, 0x6, 0x30, 0x71, 0xc6, 0xda,
    0x63, 0x8c, 0x0, 0x3, 0x18, 0x18, 0xc0, 0xc6,
    0x3f, 0xfe,

    /* U+C464 "쑤" */
    0x10, 0x40, 0x82, 0x6, 0x30, 0x71, 0x82, 0xda,
    0x63, 0x8c, 0x0, 0x0, 0x0, 0xff, 0xf8, 0x10,
    0x0, 0x80, 0x4, 0x0, 0x20, 0x1, 0x0,

    /* U+C465 "쑥" */
    0x10, 0xc0, 0x86, 0x6, 0x30, 0x51, 0xc6, 0xd3,
    0x23, 0x8, 0x0, 0x1f, 0xff, 0x2, 0x0, 0x10,
    0x1f, 0xf8, 0x0, 0x40, 0x2, 0x0, 0x10,

    /* U+C468 "쑨" */
    0x10, 0xc0, 0x86, 0x6, 0x30, 0x71, 0xc6, 0xd3,
    0x23, 0x8, 0x0, 0x1f, 0xff, 0x2, 0x0, 0x10,
    0x8, 0x80, 0x40, 0x2, 0x0, 0x1f, 0xf0,

    /* U+C46C "쑬" */
    0x10, 0xc0, 0x86, 0xe, 0x30, 0xdb, 0x44, 0x71,
    0x0, 0x3, 0xff, 0xe0, 0x40, 0x3f, 0xe0, 0x1,
    0x0, 0x8, 0x7f, 0xc2, 0x0, 0x1f, 0xf8,

    /* U+C474 "쑴" */
    0x10, 0xc0, 0x86, 0xe, 0x30, 0xdb, 0x44, 0x71,
    0x0, 0x3, 0xff, 0xe0, 0x40, 0x2, 0x1, 0xff,
    0x8, 0x8, 0x40, 0x42, 0x2, 0x1f, 0xf0,

    /* U+C475 "쑵" */
    0x10, 0xc0, 0x86, 0xe, 0x30, 0xdb, 0x44, 0x71,
    0x0, 0x3, 0xff, 0xe0, 0x40, 0x2, 0x1, 0x1,
    0xf, 0xf8, 0x40, 0x42, 0x2, 0x1f, 0xf0,

    /* U+C479 "쑹" */
    0x10, 0xc0, 0x86, 0x6, 0x30, 0x51, 0xc6, 0xd3,
    0x23, 0x8, 0x0, 0x1f, 0xff, 0x2, 0x0, 0xfe,
    0xc, 0x18, 0x40, 0x43, 0x6, 0xf, 0xe0,

    /* U+C480 "쒀" */
    0x22, 0x24, 0x44, 0x88, 0xab, 0x9d, 0xdb, 0x11,
    0x40, 0xf, 0xfd, 0x8, 0x21, 0x4, 0x27, 0x84,
    0x10, 0x82, 0x10, 0x40,

    /* U+C494 "쒔" */
    0x22, 0x31, 0x11, 0x95, 0x4d, 0xbb, 0x68, 0x83,
    0x7f, 0xfb, 0xf0, 0xc1, 0x3e, 0x8, 0x30, 0x0,
    0x6, 0x10, 0x31, 0x82, 0xca, 0x23, 0x8c,

    /* U+C49C "쒜" */
    0x0, 0x49, 0x22, 0x49, 0x12, 0x48, 0x95, 0xe4,
    0xec, 0xa4, 0x1, 0x3f, 0xe9, 0x18, 0x48, 0xde,
    0x46, 0x12, 0x30, 0x91, 0x84, 0x80, 0x4,

    /* U+C4B8 "쒸" */
    0x22, 0x24, 0x44, 0x88, 0x91, 0x15, 0x53, 0xbb,
    0x40, 0x8, 0x1, 0xff, 0xa1, 0x4, 0x20, 0x84,
    0x10, 0x82, 0x10, 0x40,

    /* U+C4BC "쒼" */
    0x22, 0x22, 0x22, 0x33, 0x23, 0x32, 0x5d, 0xa0,
    0x4a, 0x0, 0x2f, 0xfa, 0x4, 0x20, 0x42, 0x20,
    0x22, 0x0, 0x20, 0x3, 0xff,

    /* U+C4E9 "쓩" */
    0x18, 0xc0, 0xc6, 0x6, 0x30, 0x5b, 0x44, 0x71,
    0x0, 0x3, 0xff, 0xe3, 0x18, 0x18, 0xc0, 0xfe,
    0xc, 0x18, 0x40, 0x43, 0x6, 0xf, 0xe0,

    /* U+C4F0 "쓰" */
    0x10, 0x40, 0x82, 0x4, 0x10, 0x31, 0x82, 0x8a,
    0x32, 0x9b, 0x1c, 0x40, 0x0, 0x0, 0x0, 0x0,
    0x3f, 0xfe,

    /* U+C4F1 "쓱" */
    0x10, 0xc0, 0x86, 0x6, 0x30, 0x51, 0xc6, 0xf3,
    0x1, 0x8, 0x0, 0x1f, 0xff, 0x0, 0x3, 0xff,
    0x0, 0x8, 0x0, 0x40, 0x2, 0x0, 0x10,

    /* U+C4F4 "쓴" */
    0x10, 0xc0, 0x86, 0x6, 0x30, 0x51, 0xc6, 0xd3,
    0x21, 0x8, 0x0, 0x1f, 0xff, 0x0, 0x0, 0x0,
    0x8, 0x0, 0x40, 0x2, 0x0, 0x1f, 0xf0,

    /* U+C4F8 "쓸" */
    0x10, 0xc0, 0x86, 0xe, 0x30, 0xdb, 0x44, 0x71,
    0x0, 0x3, 0xff, 0xe0, 0x0, 0x3f, 0xe0, 0x1,
    0x0, 0x8, 0x7f, 0xc2, 0x0, 0x1f, 0xf8,

    /* U+C4FA "쓺" */
    0x10, 0x40, 0xc6, 0xe, 0x38, 0xdb, 0x64, 0x21,
    0x0, 0x3, 0xff, 0xe0, 0x0, 0x7d, 0xf0, 0x29,
    0x81, 0x4c, 0xfa, 0x66, 0x13, 0x3e, 0xf8,

    /* U+C4FF "쓿" */
    0x10, 0x40, 0x86, 0xe, 0x30, 0xdb, 0x44, 0x71,
    0x0, 0x3, 0xff, 0xe0, 0x8, 0x7c, 0x40, 0x3f,
    0x9f, 0x38, 0xc2, 0x66, 0x11, 0x3f, 0x70,

    /* U+C500 "씀" */
    0x10, 0x40, 0x82, 0x6, 0x30, 0x51, 0xc6, 0x53,
    0x1, 0x8, 0x0, 0x1f, 0xff, 0x0, 0x1, 0xff,
    0x8, 0x8, 0x40, 0x42, 0x2, 0x1f, 0xf0,

    /* U+C501 "씁" */
    0x10, 0x40, 0x86, 0xe, 0x30, 0xdb, 0x44, 0x71,
    0x0, 0x3, 0xff, 0xe0, 0x0, 0x0, 0x1, 0x1,
    0xf, 0xf8, 0x40, 0x42, 0x2, 0x1f, 0xf0,

    /* U+C50C "씌" */
    0x0, 0x24, 0x44, 0x88, 0x91, 0x12, 0x22, 0xaa,
    0x77, 0x6c, 0x45, 0x0, 0x20, 0x7, 0xfe, 0x80,
    0x10, 0x2, 0x0, 0x40,

    /* U+C510 "씐" */
    0x22, 0x22, 0x22, 0x22, 0x25, 0x52, 0xdd, 0xa8,
    0x82, 0x0, 0x2f, 0xfa, 0x0, 0x20, 0x2, 0x20,
    0x22, 0x0, 0x20, 0x3, 0xff,

    /* U+C514 "씔" */
    0x22, 0x22, 0x22, 0x67, 0x25, 0x52, 0x88, 0xa0,
    0x2, 0xff, 0xa0, 0x2, 0x3f, 0xe0, 0x2, 0x0,
    0x23, 0xfe, 0x20, 0x3, 0xff,

    /* U+C51C "씜" */
    0x22, 0x24, 0x44, 0x88, 0xaa, 0x9d, 0xda, 0x10,
    0x40, 0xf, 0xfd, 0x0, 0x27, 0xfc, 0x80, 0x90,
    0x12, 0x2, 0x7f, 0xc0,

    /* U+C528 "씨" */
    0x0, 0x12, 0x21, 0x22, 0x12, 0x21, 0x22, 0x12,
    0x21, 0x22, 0x17, 0x51, 0x55, 0x1d, 0xd9, 0x88,
    0x90, 0x1, 0x0, 0x10, 0x1,

    /* U+C529 "씩" */
    0x22, 0x12, 0x21, 0x22, 0x12, 0x21, 0x55, 0x15,
    0x59, 0x88, 0xd0, 0x1, 0x0, 0x3, 0xff, 0x0,
    0x10, 0x1, 0x0, 0x10, 0x1,

    /* U+C52C "씬" */
    0x0, 0x12, 0x21, 0x22, 0x12, 0x21, 0x22, 0x15,
    0x51, 0x55, 0x99, 0xcd, 0x0, 0x10, 0x1, 0x20,
    0x2, 0x0, 0x20, 0x3, 0xff,

    /* U+C530 "씰" */
    0x22, 0x12, 0x21, 0x22, 0x15, 0x51, 0x55, 0x19,
    0xcd, 0x8, 0x10, 0x0, 0x3f, 0xf0, 0x1, 0x3f,
    0xf2, 0x0, 0x20, 0x3, 0xff,

    /* U+C538 "씸" */
    0x22, 0x12, 0x21, 0x22, 0x12, 0x21, 0x55, 0x15,
    0x59, 0x88, 0x90, 0x1, 0x0, 0x3, 0xff, 0x20,
    0x12, 0x1, 0x20, 0x13, 0xff,

    /* U+C539 "씹" */
    0x22, 0x12, 0x21, 0x22, 0x12, 0x21, 0x55, 0x15,
    0x59, 0x9c, 0xd0, 0x81, 0x20, 0x12, 0x1, 0x3f,
    0xf2, 0x1, 0x20, 0x13, 0xff,

    /* U+C53B "씻" */
    0x0, 0x11, 0x10, 0x88, 0x84, 0x44, 0x22, 0x21,
    0x2a, 0x8b, 0x76, 0x51, 0x12, 0x0, 0x10, 0x18,
    0x80, 0xc0, 0xf, 0x0, 0xcc, 0x1c, 0x3c,

    /* U+C53D "씽" */
    0x0, 0x12, 0x21, 0x22, 0x12, 0x21, 0x23, 0x15,
    0x51, 0xdd, 0x98, 0x89, 0x0, 0x10, 0xfc, 0x30,
    0x32, 0x1, 0x30, 0x30, 0xfc,

    /* U+C544 "아" */
    0x0, 0x21, 0xc1, 0x11, 0x9, 0xc, 0x48, 0x22,
    0x41, 0x12, 0x8, 0xf0, 0x44, 0xc6, 0x22, 0x21,
    0xe, 0x8, 0x0, 0x40, 0x2, 0x0, 0x10,

    /* U+C545 "악" */
    0x38, 0x22, 0x21, 0x20, 0x89, 0x4, 0x48, 0x23,
    0xa2, 0x10, 0xe0, 0x80, 0x4, 0x0, 0x1, 0xff,
    0x0, 0x8, 0x0, 0x40, 0x2, 0x0, 0x10,

    /* U+C548 "안" */
    0x0, 0x21, 0xc1, 0x11, 0x9, 0x4, 0x48, 0x23,
    0xc1, 0x11, 0x10, 0x87, 0x4, 0x0, 0x21, 0x1,
    0x8, 0x0, 0x40, 0x2, 0x0, 0x1f, 0xf0,

    /* U+C549 "앉" */
    0x38, 0x42, 0x22, 0x21, 0x91, 0x4, 0xf8, 0x64,
    0x63, 0x21, 0xf1, 0x3, 0x8, 0x7, 0xe2, 0xc,
    0x10, 0x60, 0x83, 0x4, 0xbc, 0x3f, 0x38,

    /* U+C54A "않" */
    0x3c, 0x62, 0x33, 0x20, 0x99, 0x4, 0xf8, 0x26,
    0x23, 0x30, 0xf1, 0x80, 0x10, 0x47, 0xf2, 0x3f,
    0x90, 0x70, 0x84, 0x44, 0x22, 0x3c, 0xe0,

    /* U+C54C "알" */
    0x38, 0x22, 0x21, 0x20, 0x89, 0x4, 0x78, 0x22,
    0x22, 0x10, 0xe0, 0x80, 0x0, 0x3f, 0xe0, 0x1,
    0xf, 0xf8, 0x40, 0x2, 0x0, 0x1f, 0xf8,

    /* U+C54D "앍" */
    0x3c, 0x22, 0x31, 0x20, 0xc9, 0x6, 0x78, 0x22,
    0x33, 0x10, 0x60, 0x80, 0x0, 0x7d, 0xe0, 0x21,
    0x1, 0x8, 0xf8, 0x44, 0x2, 0x3f, 0x10,

    /* U+C54E "앎" */
    0x38, 0x22, 0x21, 0x20, 0x89, 0x4, 0x78, 0x22,
    0x22, 0x10, 0xe0, 0x80, 0x0, 0x7b, 0xe0, 0x51,
    0x1e, 0x88, 0x84, 0x44, 0x22, 0x3f, 0xf0,

    /* U+C553 "앓" */
    0x3c, 0x22, 0x31, 0x20, 0x89, 0x6, 0x78, 0x22,
    0x23, 0x10, 0xf0, 0x80, 0x18, 0x7b, 0xf0, 0x40,
    0x1e, 0x78, 0x86, 0x44, 0x12, 0x3e, 0xf0,

    /* U+C554 "암" */
    0x38, 0x22, 0x21, 0x20, 0x89, 0x4, 0x78, 0x22,
    0x22, 0x10, 0xe0, 0x80, 0x4, 0x0, 0x1, 0xff,
    0x8, 0x8, 0x40, 0x42, 0x2, 0x1f, 0xf0,

    /* U+C555 "압" */
    0x38, 0x22, 0x21, 0x20, 0x89, 0x4, 0x78, 0x22,
    0x22, 0x10, 0xe0, 0x80, 0x4, 0x20, 0x21, 0x1,
    0xf, 0xf8, 0x40, 0x42, 0x2, 0x1f, 0xf0,

    /* U+C557 "앗" */
    0x0, 0x21, 0xe1, 0x11, 0x89, 0x4, 0x48, 0x23,
    0xc1, 0x11, 0x18, 0x87, 0x84, 0x0, 0x20, 0x10,
    0x1, 0xc0, 0x1b, 0x3, 0x8e, 0x30, 0x18,

    /* U+C558 "았" */
    0x38, 0x22, 0x21, 0x20, 0x89, 0x4, 0x78, 0x22,
    0x22, 0x10, 0xe0, 0x80, 0x4, 0x0, 0x0, 0x82,
    0x4, 0x10, 0x51, 0x46, 0xdb, 0x63, 0x8c,

    /* U+C559 "앙" */
    0x38, 0x22, 0x21, 0x20, 0x89, 0x4, 0x78, 0x22,
    0x22, 0x10, 0xe0, 0x80, 0x4, 0x0, 0x0, 0xfc,
    0x8, 0x18, 0xc0, 0x42, 0x6, 0xf, 0xc0,

    /* U+C55D "앝" */
    0x38, 0x22, 0x21, 0x20, 0x89, 0x4, 0x78, 0x22,
    0x63, 0x11, 0xf0, 0x80, 0x4, 0x3f, 0xe1, 0x0,
    0x8, 0x0, 0x7f, 0xc2, 0x0, 0x1f, 0xf0,

    /* U+C55E "앞" */
    0x38, 0x62, 0x23, 0x20, 0x99, 0x4, 0xf8, 0x26,
    0x22, 0x30, 0xe1, 0x80, 0xc, 0x0, 0x3, 0xff,
    0x2, 0x20, 0x11, 0x0, 0x88, 0x3f, 0xf0,

    /* U+C560 "애" */
    0x0, 0x93, 0x9, 0x48, 0x98, 0x49, 0x84, 0x98,
    0x49, 0x84, 0xf8, 0x49, 0x84, 0x94, 0x89, 0x30,
    0x90, 0x9, 0x0, 0x90, 0x1,

    /* U+C561 "액" */
    0x0, 0x97, 0x89, 0xcc, 0x98, 0x49, 0x84, 0xfc,
    0xc9, 0x78, 0x90, 0x9, 0x0, 0x1, 0xff, 0x0,
    0x10, 0x1, 0x0, 0x10, 0x1,

    /* U+C564 "앤" */
    0x0, 0x93, 0xc4, 0xb2, 0x25, 0x9, 0x28, 0x4f,
    0x42, 0x4b, 0x32, 0x4f, 0x12, 0x0, 0x90, 0x84,
    0x84, 0x4, 0x20, 0x1, 0x0, 0xf, 0xfc,

    /* U+C568 "앨" */
    0x78, 0x96, 0x64, 0xa1, 0x25, 0x9, 0xe8, 0x49,
    0x66, 0x49, 0xe2, 0x40, 0x0, 0x1f, 0xf0, 0x0,
    0x87, 0xfc, 0x20, 0x1, 0x0, 0xf, 0xfc,

    /* U+C570 "앰" */
    0x0, 0x97, 0x89, 0xcc, 0x98, 0x4f, 0x84, 0x9c,
    0xc9, 0x78, 0x90, 0x9, 0x0, 0x1, 0xff, 0x10,
    0x11, 0x1, 0x10, 0x11, 0xff,

    /* U+C571 "앱" */
    0x78, 0x9c, 0xc9, 0x84, 0x98, 0x4f, 0x84, 0x9c,
    0xc9, 0x78, 0x90, 0x1, 0x10, 0x11, 0x1, 0x1f,
    0xf1, 0x1, 0x10, 0x11, 0xff,

    /* U+C573 "앳" */
    0x0, 0x93, 0xc4, 0xb3, 0x25, 0x9, 0xe8, 0x49,
    0x42, 0x4b, 0x32, 0x4f, 0x12, 0x0, 0x10, 0x18,
    0x0, 0xe0, 0xd, 0x1, 0xc6, 0x18, 0x18,

    /* U+C574 "앴" */
    0x0, 0x93, 0xc4, 0xb1, 0x25, 0xd, 0xe8, 0x69,
    0x62, 0x49, 0xe2, 0x40, 0x12, 0x0, 0x0, 0x43,
    0x2, 0x18, 0x29, 0xc3, 0x7b, 0x21, 0x84,

    /* U+C575 "앵" */
    0x0, 0x97, 0x89, 0xc8, 0x98, 0x49, 0x84, 0xf8,
    0x49, 0xcc, 0x97, 0x89, 0x0, 0x10, 0x7c, 0x18,
    0x31, 0x1, 0x18, 0x30, 0x7e,

    /* U+C57C "야" */
    0x0, 0x21, 0xc1, 0x11, 0x9, 0x4, 0x78, 0x22,
    0x41, 0x12, 0x8, 0x90, 0x44, 0xc6, 0x3a, 0x21,
    0xe, 0x8, 0x0, 0x40, 0x2, 0x0, 0x10,

    /* U+C57D "약" */
    0x38, 0x22, 0x21, 0x20, 0x8f, 0x4, 0x48, 0x22,
    0x22, 0x1c, 0xe0, 0x80, 0x4, 0x0, 0x1, 0xff,
    0x0, 0x8, 0x0, 0x40, 0x2, 0x0, 0x10,

    /* U+C580 "얀" */
    0x0, 0x23, 0xe1, 0x31, 0x8f, 0x4, 0x48, 0x22,
    0x41, 0x11, 0x10, 0xe7, 0x4, 0x0, 0x21, 0x1,
    0x8, 0x0, 0x40, 0x2, 0x0, 0x1f, 0xf0,

    /* U+C584 "얄" */
    0x38, 0x22, 0x21, 0x20, 0x8f, 0x4, 0x48, 0x22,
    0x22, 0x1c, 0xe0, 0x80, 0x0, 0x3f, 0xe0, 0x1,
    0xf, 0xf8, 0x40, 0x2, 0x0, 0x1f, 0xf8,

    /* U+C587 "얇" */
    0x38, 0x22, 0x21, 0x20, 0x8f, 0x4, 0x48, 0x23,
    0xa2, 0x1c, 0xe0, 0x80, 0x0, 0x7a, 0x20, 0x51,
    0x2, 0xf8, 0xf4, 0x44, 0x22, 0x3d, 0xf0,

    /* U+C58C "얌" */
    0x38, 0x22, 0x21, 0x20, 0x8f, 0x4, 0x48, 0x22,
    0x22, 0x1c, 0xe0, 0x80, 0x4, 0x0, 0x1, 0xff,
    0x8, 0x8, 0x40, 0x42, 0x2, 0x1f, 0xf0,

    /* U+C58D "얍" */
    0x38, 0x22, 0x21, 0x20, 0x8f, 0x4, 0x48, 0x22,
    0x22, 0x1c, 0xe0, 0x80, 0x4, 0x20, 0x21, 0x1,
    0xf, 0xf8, 0x40, 0x42, 0x2, 0x1f, 0xf0,

    /* U+C58F "얏" */
    0x0, 0x23, 0xe1, 0x11, 0x8f, 0x4, 0x48, 0x22,
    0x41, 0x11, 0x18, 0xe7, 0x84, 0x0, 0x20, 0x10,
    0x1, 0xc0, 0x1b, 0x3, 0x8e, 0x30, 0x18,

    /* U+C591 "양" */
    0x38, 0x22, 0x21, 0x20, 0x8f, 0x4, 0x48, 0x22,
    0x22, 0x1c, 0xe0, 0x80, 0x4, 0x0, 0x0, 0xfc,
    0x8, 0x18, 0xc0, 0x42, 0x6, 0xf, 0xc0,

    /* U+C595 "얕" */
    0x38, 0x22, 0x21, 0x20, 0x8f, 0x4, 0x48, 0x22,
    0x63, 0x1d, 0xf0, 0x82, 0x4, 0x3f, 0xe1, 0x0,
    0x8, 0x0, 0x7f, 0xc2, 0x0, 0x1f, 0xf0,

    /* U+C597 "얗" */
    0x3c, 0x62, 0x33, 0x20, 0x9f, 0x4, 0xc8, 0x26,
    0x23, 0x3c, 0xf1, 0x80, 0x40, 0x7f, 0xe0, 0x0,
    0x3, 0xe0, 0x20, 0x81, 0x4, 0x7, 0xc0,

    /* U+C598 "얘" */
    0x0, 0x97, 0x89, 0x48, 0x98, 0x4f, 0x84, 0x98,
    0x49, 0x84, 0x98, 0x49, 0x84, 0xf4, 0x89, 0x30,
    0x90, 0x9, 0x0, 0x90, 0x1,

    /* U+C59C "얜" */
    0x0, 0x93, 0xc4, 0xb3, 0x3d, 0x9, 0x28, 0x49,
    0x42, 0x4b, 0x23, 0xcf, 0x12, 0x0, 0x90, 0x84,
    0x84, 0x4, 0x20, 0x1, 0x0, 0xf, 0xfc,

    /* U+C5A0 "얠" */
    0x78, 0x96, 0x64, 0xa1, 0x3d, 0x9, 0x28, 0x49,
    0x66, 0x79, 0xe2, 0x40, 0x0, 0x1f, 0xf0, 0x0,
    0x87, 0xfc, 0x20, 0x1, 0x0, 0xf, 0xfc,

    /* U+C5A9 "얩" */
    0x78, 0x9c, 0xc9, 0x84, 0xf8, 0x49, 0x84, 0x9c,
    0xcf, 0x78, 0x90, 0x1, 0x10, 0x11, 0x1, 0x1f,
    0xf1, 0x1, 0x10, 0x11, 0xff,

    /* U+C5B4 "어" */
    0x0, 0x27, 0x5, 0x10, 0xc3, 0x18, 0x23, 0x7,
    0xe0, 0x8c, 0x11, 0xc6, 0x28, 0x84, 0xe0, 0x80,
    0x10, 0x2, 0x0, 0x40,

    /* U+C5B5 "억" */
    0x38, 0x28, 0x86, 0x8, 0xc1, 0x18, 0x3e, 0x8c,
    0x4f, 0x8, 0x1, 0x0, 0x7, 0xfc, 0x0, 0x80,
    0x10, 0x2, 0x0, 0x40,

    /* U+C5B8 "언" */
    0x0, 0x27, 0x5, 0x18, 0xc1, 0x18, 0x3f, 0x4,
    0x51, 0x9, 0xc1, 0x0, 0x20, 0x4, 0x80, 0x10,
    0x2, 0x0, 0x7f, 0xc0,

    /* U+C5B9 "얹" */
    0x3c, 0x34, 0x63, 0x82, 0x38, 0x3f, 0x82, 0x3c,
    0x63, 0x7c, 0x31, 0x3, 0x3, 0xf4, 0xc, 0x40,
    0xc4, 0xc, 0x4d, 0x67, 0xb3,

    /* U+C5BB "얻" */
    0x38, 0x28, 0x86, 0x8, 0xc1, 0xf8, 0x22, 0x88,
    0x4e, 0x8, 0x1, 0x0, 0x7, 0xfc, 0x80, 0x10,
    0x2, 0x0, 0x7f, 0xc0,

    /* U+C5BC "얼" */
    0x38, 0x24, 0x42, 0x82, 0x28, 0x3e, 0x82, 0x24,
    0x42, 0x38, 0x20, 0x0, 0x3f, 0xe0, 0x2, 0x3f,
    0xe2, 0x0, 0x20, 0x3, 0xff,

    /* U+C5BD "얽" */
    0x38, 0x38, 0x86, 0x8, 0xc1, 0xf8, 0x62, 0xd8,
    0x46, 0x8, 0x0, 0x7d, 0xe0, 0x84, 0x10, 0xbe,
    0x16, 0x2, 0xfc, 0x40,

    /* U+C5BE "얾" */
    0x3c, 0x28, 0xc6, 0x18, 0xc1, 0xf8, 0x62, 0x8c,
    0x4f, 0x8, 0x0, 0x7d, 0xe0, 0xa5, 0xf4, 0xb0,
    0x96, 0x12, 0xfb, 0xc0,

    /* U+C5C4 "엄" */
    0x38, 0x28, 0x86, 0x8, 0xc1, 0xf8, 0x22, 0x88,
    0x4e, 0x8, 0x1, 0x0, 0x7, 0xfc, 0x80, 0x90,
    0x12, 0x2, 0x7f, 0xc0,

    /* U+C5C5 "업" */
    0x38, 0x28, 0x86, 0x8, 0xc1, 0xf8, 0x22, 0x88,
    0x4e, 0x8, 0x1, 0x20, 0x24, 0x4, 0xff, 0x90,
    0x12, 0x2, 0x7f, 0xc0,

    /* U+C5C6 "없" */
    0x38, 0x22, 0x21, 0x20, 0x89, 0x7, 0xc8, 0x22,
    0x22, 0x10, 0xe0, 0x80, 0x0, 0x44, 0x42, 0x22,
    0x1f, 0x10, 0x89, 0x44, 0x5a, 0x3f, 0x88,

    /* U+C5C7 "엇" */
    0x0, 0x23, 0xc2, 0x46, 0x28, 0x22, 0x83, 0xe8,
    0x22, 0x46, 0x23, 0xc2, 0x0, 0x20, 0x32, 0x3,
    0x0, 0x78, 0xc, 0xc7, 0x87,

    /* U+C5C8 "었" */
    0x3c, 0x32, 0x31, 0xa0, 0x8d, 0x7, 0xe8, 0x23,
    0x23, 0x18, 0xf0, 0xc0, 0x6, 0x0, 0x0, 0x82,
    0x4, 0x10, 0x51, 0x46, 0xdb, 0x23, 0x8c,

    /* U+C5C9 "엉" */
    0x38, 0x28, 0x86, 0x8, 0xc1, 0x18, 0x3e, 0x8c,
    0x4f, 0x8, 0x1, 0x0, 0x1, 0xf0, 0xc1, 0x90,
    0x13, 0x6, 0x3f, 0x0,

    /* U+C5CA "엊" */
    0x38, 0x24, 0x42, 0x86, 0x28, 0x3e, 0x86, 0x24,
    0x42, 0x78, 0x20, 0x2, 0x0, 0x3, 0xfe, 0x2,
    0x0, 0x70, 0xd, 0x83, 0x6,

    /* U+C5CC "엌" */
    0x38, 0x28, 0x86, 0x8, 0xc1, 0xf8, 0x22, 0x88,
    0x4e, 0x8, 0x1, 0x0, 0x7, 0xfc, 0x0, 0xbf,
    0xf0, 0x2, 0x0, 0x40,

    /* U+C5CE "엎" */
    0x38, 0x28, 0x86, 0x8, 0xc1, 0xf8, 0x22, 0x88,
    0x4e, 0x8, 0x1, 0x0, 0x7, 0xfc, 0x22, 0x4,
    0x40, 0x88, 0x7f, 0xc0,

    /* U+C5D0 "에" */
    0x0, 0x93, 0x89, 0x48, 0x98, 0x49, 0x84, 0x98,
    0x79, 0x84, 0x98, 0x49, 0x84, 0x94, 0x89, 0x30,
    0x90, 0x9, 0x0, 0x90, 0x1,

    /* U+C5D1 "엑" */
    0x0, 0x97, 0x89, 0xc4, 0x98, 0x49, 0x87, 0x9c,
    0x49, 0x78, 0x90, 0x9, 0x0, 0x1, 0xff, 0x0,
    0x10, 0x1, 0x0, 0x10, 0x1,

    /* U+C5D4 "엔" */
    0x0, 0x93, 0xc4, 0xb3, 0x25, 0x9, 0x28, 0x79,
    0x42, 0x49, 0x32, 0x47, 0x12, 0x0, 0x90, 0x84,
    0x84, 0x4, 0x20, 0x1, 0x0, 0xf, 0xfc,

    /* U+C5D8 "엘" */
    0x78, 0x96, 0x64, 0xa1, 0x25, 0xf, 0x28, 0x49,
    0x26, 0x48, 0xe2, 0x40, 0x0, 0x1f, 0xf0, 0x0,
    0x87, 0xfc, 0x20, 0x1, 0x0, 0xf, 0xfc,

    /* U+C5E0 "엠" */
    0x0, 0x97, 0x89, 0xc4, 0x98, 0x79, 0x84, 0x9c,
    0x49, 0x78, 0x90, 0x9, 0x0, 0x1, 0xff, 0x10,
    0x11, 0x1, 0x10, 0x11, 0xff,

    /* U+C5E1 "엡" */
    0x78, 0x9c, 0xc9, 0x84, 0x98, 0x79, 0x84, 0x94,
    0xc9, 0x38, 0x90, 0x1, 0x10, 0x11, 0x1, 0x1f,
    0xf1, 0x1, 0x10, 0x11, 0xff,

    /* U+C5E3 "엣" */
    0x0, 0x91, 0xc4, 0x93, 0x25, 0xd, 0x28, 0x79,
    0x43, 0x49, 0x32, 0x47, 0x12, 0x0, 0x10, 0x8,
    0x80, 0x40, 0x7, 0x0, 0x6c, 0x1c, 0x38, 0x80,
    0x0,

    /* U+C5E5 "엥" */
    0x0, 0x97, 0x89, 0xcc, 0x98, 0x49, 0x87, 0x98,
    0x49, 0x4c, 0x93, 0x89, 0x0, 0x10, 0x7c, 0x18,
    0x31, 0x1, 0x18, 0x30, 0xfc,

    /* U+C5EC "여" */
    0x0, 0x27, 0x5, 0x10, 0xe3, 0xf8, 0x23, 0x4,
    0x60, 0x8c, 0x11, 0x83, 0xe8, 0x84, 0xe0, 0x80,
    0x10, 0x2, 0x0, 0x40,

    /* U+C5ED "역" */
    0x38, 0x28, 0x86, 0xf, 0xc1, 0x18, 0x22, 0x8f,
    0xcf, 0x8, 0x1, 0x0, 0x7, 0xfc, 0x0, 0x80,
    0x10, 0x2, 0x0, 0x40,

    /* U+C5EE "엮" */
    0x38, 0x28, 0x86, 0xf, 0xc1, 0x18, 0x22, 0x8f,
    0xcf, 0x8, 0x1, 0x0, 0x7, 0xbc, 0x10, 0x82,
    0x10, 0x42, 0x8, 0x40,

    /* U+C5F0 "연" */
    0x0, 0x2f, 0x87, 0x1f, 0xc1, 0x18, 0x23, 0x4,
    0x51, 0xf9, 0xe1, 0x0, 0x20, 0x4, 0x80, 0x10,
    0x2, 0x0, 0x7f, 0xc0,

    /* U+C5F4 "열" */
    0x38, 0x24, 0x42, 0x83, 0xe8, 0x22, 0x82, 0x24,
    0x7e, 0x3c, 0x20, 0x0, 0x3f, 0xe0, 0x2, 0x3f,
    0xe2, 0x0, 0x20, 0x3, 0xff,

    /* U+C5F6 "엶" */
    0x38, 0x28, 0x86, 0xf, 0xc1, 0x18, 0x22, 0x8f,
    0xcf, 0x8, 0x0, 0x7d, 0xe0, 0xa5, 0xf4, 0xb0,
    0x96, 0x12, 0xfb, 0xc0,

    /* U+C5F7 "엷" */
    0x38, 0x28, 0x86, 0xf, 0xc1, 0x18, 0x22, 0x8f,
    0xcf, 0x8, 0x0, 0x7d, 0x20, 0xbd, 0xf4, 0xb0,
    0x96, 0x12, 0xfb, 0xc0,

    /* U+C5FC "염" */
    0x38, 0x28, 0x86, 0xf, 0xc1, 0x18, 0x22, 0x8f,
    0xcf, 0x8, 0x1, 0x0, 0x7, 0xfc, 0x80, 0x90,
    0x12, 0x2, 0x7f, 0xc0,

    /* U+C5FD "엽" */
    0x38, 0x28, 0x86, 0xf, 0xc1, 0x18, 0x22, 0x8f,
    0xcf, 0x8, 0x1, 0x20, 0x24, 0x4, 0xff, 0x90,
    0x12, 0x2, 0x7f, 0xc0,

    /* U+C5FE "엾" */
    0x38, 0x22, 0x21, 0x20, 0xf9, 0x4, 0x48, 0x22,
    0x23, 0xf0, 0xe0, 0x80, 0x4, 0x44, 0x42, 0x22,
    0x1f, 0x10, 0x89, 0x44, 0x5a, 0x3f, 0x88,

    /* U+C5FF "엿" */
    0x0, 0x27, 0xc2, 0xc7, 0xe8, 0x22, 0x82, 0x28,
    0x22, 0x47, 0xe3, 0xc2, 0x0, 0x20, 0x22, 0x2,
    0x0, 0x70, 0xc, 0x87, 0x7,

    /* U+C600 "였" */
    0x38, 0x32, 0x21, 0xa0, 0xfd, 0x4, 0x68, 0x23,
    0x23, 0xf8, 0xf0, 0xc0, 0x6, 0x10, 0x40, 0x82,
    0x4, 0x10, 0x51, 0x46, 0xdb, 0x23, 0x8c,

    /* U+C601 "영" */
    0x38, 0x28, 0x86, 0xf, 0xc1, 0x18, 0x22, 0x8f,
    0xcf, 0x8, 0x1, 0x0, 0x1, 0xf0, 0xc1, 0x90,
    0x13, 0x6, 0x3f, 0x0,

    /* U+C605 "옅" */
    0x38, 0x24, 0x42, 0x83, 0xe8, 0x22, 0x82, 0x24,
    0x7e, 0x3c, 0x20, 0x0, 0x3f, 0xe2, 0x0, 0x20,
    0x3, 0xfe, 0x20, 0x3, 0xff,

    /* U+C606 "옆" */
    0x38, 0x28, 0x86, 0xf, 0xc1, 0x18, 0x22, 0x8f,
    0xcf, 0x8, 0x1, 0x0, 0x7, 0xfc, 0x22, 0x4,
    0x40, 0x88, 0x7f, 0xc0,

    /* U+C607 "옇" */
    0x3c, 0x14, 0x7f, 0x82, 0x18, 0x21, 0x83, 0xf4,
    0x7f, 0x3c, 0x10, 0x20, 0x3f, 0xf0, 0x0, 0xf,
    0xc1, 0x2, 0x10, 0x20, 0xfc,

    /* U+C608 "예" */
    0x0, 0x97, 0x89, 0x48, 0x98, 0x79, 0x84, 0x98,
    0x49, 0x84, 0x98, 0x49, 0x87, 0x94, 0x89, 0x38,
    0x90, 0x9, 0x0, 0x90, 0x1,

    /* U+C60C "옌" */
    0x0, 0x93, 0xc4, 0xb3, 0xe5, 0x9, 0x28, 0x49,
    0x42, 0x4b, 0x3e, 0x4f, 0x12, 0x0, 0x90, 0x84,
    0x84, 0x4, 0x20, 0x1, 0x0, 0xf, 0xfc,

    /* U+C610 "옐" */
    0x70, 0x96, 0x44, 0xa1, 0xe5, 0x9, 0x28, 0x49,
    0x67, 0xc9, 0xe2, 0x40, 0x0, 0x1f, 0xf0, 0x0,
    0x87, 0xfc, 0x20, 0x1, 0x0, 0xf, 0xfc,

    /* U+C618 "옘" */
    0x0, 0x97, 0x89, 0xcf, 0x98, 0x49, 0x84, 0x9c,
    0xf9, 0x78, 0x90, 0x9, 0x0, 0x1, 0xff, 0x10,
    0x11, 0x1, 0x10, 0x11, 0xff,

    /* U+C619 "옙" */
    0x70, 0x9c, 0x89, 0x87, 0x98, 0x49, 0x84, 0x9c,
    0xf9, 0x78, 0x90, 0x1, 0x10, 0x11, 0x1, 0x1f,
    0xf1, 0x1, 0x10, 0x11, 0xff,

    /* U+C61B "옛" */
    0x0, 0x93, 0xc4, 0xb3, 0xe5, 0x9, 0x28, 0x49,
    0x42, 0x49, 0x3e, 0x4f, 0x12, 0x0, 0x10, 0x18,
    0x80, 0xc0, 0xf, 0x0, 0xcc, 0x1c, 0x38, 0x0,
    0x40,

    /* U+C61C "옜" */
    0x0, 0x93, 0xc4, 0xb1, 0xe5, 0xd, 0x28, 0x69,
    0x63, 0xc9, 0xe2, 0x40, 0x12, 0x0, 0x0, 0x42,
    0x2, 0x18, 0x29, 0x43, 0x5b, 0x21, 0x8c,

    /* U+C624 "오" */
    0xf, 0x81, 0x83, 0x18, 0x8, 0xc0, 0x66, 0x3,
    0x18, 0x30, 0x7e, 0x0, 0x40, 0x2, 0x0, 0x10,
    0x3f, 0xfe,

    /* U+C625 "옥" */
    0x1f, 0x81, 0x83, 0x8, 0x8, 0xc0, 0x43, 0x6,
    0xf, 0xe0, 0x8, 0x1f, 0xff, 0x0, 0x0, 0x0,
    0x1f, 0xf8, 0x0, 0x40, 0x2, 0x0, 0x10,

    /* U+C628 "온" */
    0x1f, 0xc1, 0x83, 0x18, 0x8, 0xc0, 0x63, 0x6,
    0xf, 0xe0, 0x8, 0x0, 0x40, 0xff, 0xf8, 0x0,
    0x8, 0x0, 0x40, 0x2, 0x0, 0x1f, 0xf8,

    /* U+C62C "올" */
    0x1f, 0xc1, 0x83, 0x18, 0xc, 0x60, 0xc1, 0xfc,
    0x1, 0x3, 0xff, 0xe0, 0x0, 0x7f, 0xf0, 0x1,
    0x80, 0xc, 0xff, 0xe6, 0x0, 0x3f, 0xf8,

    /* U+C62D "옭" */
    0x1f, 0xc1, 0x83, 0x18, 0xc, 0x60, 0xc1, 0xfc,
    0x1, 0x3, 0xff, 0xe0, 0x0, 0x0, 0x3, 0xef,
    0x81, 0xc, 0xf8, 0x66, 0x3, 0x3f, 0x18,

    /* U+C62E "옮" */
    0x1f, 0xc1, 0x81, 0x18, 0xc, 0x60, 0x41, 0xfc,
    0x1, 0x3, 0xff, 0xe0, 0x0, 0x7d, 0xf0, 0x29,
    0x81, 0x4c, 0xfa, 0x66, 0x13, 0x3e, 0xf8,

    /* U+C630 "옰" */
    0x1f, 0xc1, 0x83, 0x18, 0xc, 0x60, 0xc1, 0xfc,
    0x1, 0x3, 0xff, 0xe0, 0x0, 0x7c, 0x40, 0x22,
    0x1, 0x30, 0xf9, 0xc6, 0x1b, 0x3e, 0x88,

    /* U+C633 "옳" */
    0x1f, 0xc1, 0x83, 0x18, 0xc, 0x60, 0xc1, 0xfc,
    0x1, 0x3, 0xff, 0xe0, 0x0, 0x7c, 0x40, 0x3f,
    0x81, 0x0, 0xf9, 0xc6, 0x11, 0x3f, 0xf0,

    /* U+C634 "옴" */
    0x1f, 0xc1, 0x83, 0x8, 0x8, 0x60, 0xc1, 0xfc,
    0x1, 0x0, 0x8, 0x1f, 0xff, 0x0, 0x1, 0xff,
    0x8, 0x8, 0x40, 0x42, 0x2, 0x1f, 0xf0,

    /* U+C635 "옵" */
    0x1f, 0xc1, 0x83, 0x8, 0x8, 0x60, 0xc1, 0xfc,
    0x1, 0x0, 0x8, 0x1f, 0xff, 0x0, 0x1, 0x1,
    0xf, 0xf8, 0x40, 0x42, 0x2, 0x1f, 0xf0,

    /* U+C637 "옷" */
    0x1f, 0xc1, 0x83, 0x18, 0xc, 0x60, 0xc1, 0xfc,
    0x1, 0x0, 0x8, 0x1f, 0xff, 0x0, 0x0, 0x10,
    0x0, 0x80, 0xa, 0x1, 0x8c, 0x38, 0x38,

    /* U+C639 "옹" */
    0x1f, 0xc1, 0x83, 0x8, 0x8, 0x60, 0xc1, 0xfc,
    0x1, 0x0, 0x8, 0x1f, 0xff, 0x0, 0x0, 0xfe,
    0xc, 0x18, 0x40, 0x43, 0x6, 0xf, 0xe0,

    /* U+C63B "옻" */
    0x1f, 0xc1, 0x83, 0x18, 0xc, 0x60, 0xc1, 0xfc,
    0x1, 0x3, 0xff, 0xe0, 0x0, 0x2, 0x1, 0xff,
    0x0, 0x80, 0xa, 0x1, 0x8c, 0x30, 0x18,

    /* U+C640 "와" */
    0x0, 0x20, 0xe1, 0x18, 0x88, 0x82, 0x44, 0x12,
    0x20, 0x90, 0xd8, 0xe1, 0x4, 0x8, 0x20, 0x41,
    0x3f, 0xe8, 0x0, 0x40, 0x2, 0x0, 0x10,

    /* U+C641 "왁" */
    0x3e, 0x23, 0x19, 0x10, 0x48, 0x82, 0x43, 0x63,
    0x8e, 0x10, 0x20, 0x9f, 0xf4, 0x0, 0x20, 0x0,
    0xf, 0xf8, 0x0, 0x40, 0x2, 0x0, 0x10,

    /* U+C644 "완" */
    0x3e, 0x23, 0x19, 0x10, 0x48, 0x82, 0x44, 0x12,
    0x1b, 0x1c, 0x20, 0x81, 0x4, 0xff, 0xa0, 0x1,
    0xc, 0x8, 0x60, 0x3, 0x0, 0x1f, 0xf8,

    /* U+C648 "왈" */
    0x3e, 0x23, 0x19, 0x10, 0x48, 0x82, 0x73, 0xe2,
    0x4, 0x13, 0xfe, 0x9e, 0x4, 0x3f, 0xe0, 0x1,
    0x0, 0x8, 0x7f, 0xc2, 0x0, 0x1f, 0xf8,

    /* U+C650 "왐" */
    0x3e, 0x23, 0x19, 0x10, 0x48, 0x82, 0x43, 0x23,
    0x8e, 0x10, 0x20, 0x9f, 0xf4, 0x0, 0x21, 0xff,
    0x8, 0x8, 0x40, 0x42, 0x2, 0x1f, 0xf0,

    /* U+C651 "왑" */
    0x3e, 0x23, 0x19, 0x10, 0x48, 0x82, 0x46, 0x23,
    0x8e, 0x10, 0x20, 0x9f, 0xf4, 0x0, 0x1, 0x1,
    0xf, 0xf8, 0x40, 0x42, 0x2, 0x1f, 0xf0,

    /* U+C653 "왓" */
    0x3e, 0x23, 0x19, 0x10, 0x48, 0x82, 0x42, 0x23,
    0x8e, 0x10, 0x20, 0x9f, 0xf4, 0x0, 0x20, 0x19,
    0x0, 0xc0, 0xe, 0x0, 0xcc, 0x38, 0x18,

    /* U+C654 "왔" */
    0x3e, 0x23, 0x19, 0x10, 0x48, 0x82, 0x42, 0x33,
    0x8e, 0x10, 0x20, 0x9f, 0xf4, 0x0, 0x20, 0x0,
    0x2, 0x10, 0x11, 0x81, 0x4a, 0x33, 0xdc, 0x0,
    0x0,

    /* U+C655 "왕" */
    0x3e, 0x23, 0x19, 0x10, 0x48, 0x82, 0x42, 0x23,
    0x8e, 0x10, 0x20, 0x9f, 0xf4, 0x0, 0x20, 0xfc,
    0xc, 0x18, 0x40, 0x43, 0x6, 0xf, 0xc0,

    /* U+C65C "왜" */
    0x0, 0x97, 0x89, 0xcc, 0x98, 0x49, 0x84, 0x98,
    0x49, 0x78, 0xf1, 0x9, 0x10, 0x91, 0x9, 0xfe,
    0x90, 0x9, 0x0, 0x90, 0x1,

    /* U+C65D "왝" */
    0x3c, 0x56, 0x65, 0x42, 0x54, 0x25, 0x26, 0x71,
    0x85, 0xb, 0x50, 0x45, 0x0, 0x13, 0xff, 0x0,
    0x10, 0x1, 0x0, 0x10, 0x1,

    /* U+C660 "왠" */
    0x3c, 0x4b, 0x32, 0x50, 0x92, 0x84, 0x92, 0x47,
    0x8c, 0x24, 0x41, 0x2f, 0xe9, 0x0, 0x48, 0x2,
    0x44, 0x2, 0x20, 0x1, 0x0, 0xf, 0xfc,

    /* U+C66C "왬" */
    0x3c, 0x56, 0x65, 0x42, 0x54, 0x25, 0x66, 0x71,
    0xc5, 0x18, 0x57, 0xf5, 0x0, 0x11, 0xff, 0x10,
    0x11, 0x1, 0x10, 0x11, 0xff,

    /* U+C66F "왯" */
    0x3c, 0x49, 0x99, 0x24, 0x24, 0x90, 0x92, 0x26,
    0x78, 0x71, 0x20, 0x84, 0x9f, 0xd2, 0x0, 0x8,
    0x6, 0x20, 0x38, 0x0, 0xf0, 0xe, 0x60, 0xe0,
    0xe0,

    /* U+C671 "왱" */
    0x3c, 0x4b, 0x32, 0x50, 0x92, 0x84, 0x96, 0x67,
    0x8c, 0x24, 0x61, 0x2e, 0x9, 0x0, 0x8, 0x3f,
    0x6, 0x6, 0x20, 0x11, 0x81, 0x83, 0xf0,

    /* U+C678 "외" */
    0x0, 0x11, 0xc1, 0x62, 0x14, 0x11, 0x41, 0x14,
    0x11, 0x3e, 0x11, 0xc1, 0x8, 0x10, 0x81, 0xff,
    0xd0, 0x1, 0x0, 0x10, 0x1,

    /* U+C679 "왹" */
    0x3e, 0x16, 0x31, 0x41, 0x14, 0x11, 0x36, 0x10,
    0xc1, 0x8, 0x1f, 0xf9, 0x0, 0x10, 0x0, 0x1f,
    0xf0, 0x1, 0x0, 0x10, 0x1,

    /* U+C67C "왼" */
    0x1c, 0x16, 0x21, 0x41, 0x14, 0x11, 0x41, 0x12,
    0x21, 0x1c, 0x10, 0x81, 0xff, 0xd0, 0x1, 0x30,
    0x13, 0x0, 0x30, 0x3, 0xff,

    /* U+C680 "욀" */
    0x3e, 0x16, 0x31, 0x41, 0x16, 0x31, 0x3e, 0x10,
    0x81, 0xff, 0x9e, 0x1, 0x3f, 0xf0, 0x1, 0x0,
    0x13, 0xff, 0x30, 0x3, 0xff,

    /* U+C688 "욈" */
    0x3e, 0x16, 0x31, 0x41, 0x14, 0x11, 0x36, 0x10,
    0x81, 0x8, 0x1f, 0xf9, 0x0, 0x13, 0xff, 0x30,
    0x13, 0x1, 0x30, 0x13, 0xff,

    /* U+C689 "욉" */
    0x3e, 0x16, 0x31, 0x41, 0x14, 0x11, 0x22, 0x11,
    0xc1, 0x8, 0x1f, 0xf9, 0x0, 0x3, 0x1, 0x3f,
    0xf3, 0x1, 0x30, 0x13, 0xff,

    /* U+C68B "욋" */
    0x3c, 0x13, 0x18, 0x90, 0xc4, 0x86, 0x23, 0xe1,
    0x4, 0x8, 0x20, 0x5f, 0xf2, 0x0, 0x10, 0x10,
    0x80, 0x80, 0xa, 0x1, 0x8e, 0x18, 0x18,

    /* U+C68D "욍" */
    0x3e, 0x16, 0x31, 0x41, 0x14, 0x11, 0x36, 0x10,
    0x81, 0x8, 0x1f, 0xfd, 0x0, 0x10, 0xfc, 0x30,
    0x33, 0x1, 0x30, 0x30, 0xfc,

    /* U+C694 "요" */
    0xf, 0x81, 0x83, 0x18, 0xc, 0xc0, 0x66, 0x2,
    0x18, 0x30, 0x7f, 0x2, 0x18, 0x10, 0xc0, 0x86,
    0x3f, 0xfe,

    /* U+C695 "욕" */
    0x1f, 0x81, 0x83, 0x8, 0x8, 0xc0, 0x43, 0x6,
    0xf, 0xe0, 0x63, 0x1f, 0xff, 0x0, 0x0, 0x0,
    0x1f, 0xf8, 0x0, 0x40, 0x2, 0x0, 0x10,

    /* U+C698 "욘" */
    0x1f, 0xc1, 0x83, 0x18, 0x8, 0xc0, 0x43, 0x6,
    0xf, 0xe0, 0x63, 0x3, 0x18, 0xff, 0xf8, 0x0,
    0x8, 0x0, 0x40, 0x2, 0x0, 0x1f, 0xf8,

    /* U+C69C "욜" */
    0x1f, 0xc1, 0x83, 0x18, 0xc, 0x60, 0xc1, 0xfc,
    0xc, 0x63, 0xff, 0xe0, 0x0, 0x7f, 0xf0, 0x1,
    0x80, 0xc, 0xff, 0xe6, 0x0, 0x3f, 0xf8,

    /* U+C6A4 "욤" */
    0x1f, 0xc1, 0x83, 0x8, 0x8, 0x60, 0xc1, 0xfc,
    0xc, 0x60, 0x63, 0x1f, 0xff, 0x0, 0x1, 0xff,
    0x8, 0x8, 0x40, 0x42, 0x2, 0x1f, 0xf0,

    /* U+C6A5 "욥" */
    0x1f, 0xc1, 0x83, 0x8, 0x8, 0x60, 0xc1, 0xfc,
    0xc, 0x60, 0x63, 0x1f, 0xff, 0x0, 0x1, 0x1,
    0xf, 0xf8, 0x40, 0x42, 0x2, 0x1f, 0xf0,

    /* U+C6A7 "욧" */
    0x1f, 0xc1, 0x83, 0x18, 0x8, 0x60, 0xc1, 0xfc,
    0x8, 0x60, 0x43, 0x1f, 0xff, 0x0, 0x0, 0x10,
    0x1, 0x80, 0xa, 0x1, 0x8c, 0x38, 0x38,

    /* U+C6A9 "용" */
    0x1f, 0xc1, 0x83, 0x8, 0x8, 0x60, 0xc1, 0xfc,
    0xc, 0x60, 0x63, 0x1f, 0xff, 0x0, 0x0, 0xfe,
    0xc, 0x18, 0x40, 0x43, 0x6, 0xf, 0xe0,

    /* U+C6B0 "우" */
    0xf, 0x81, 0x83, 0x8, 0x8, 0xc0, 0x62, 0x2,
    0x18, 0x30, 0x3e, 0x0, 0x0, 0xff, 0xf8, 0x10,
    0x0, 0x80, 0x4, 0x0, 0x20, 0x1, 0x0,

    /* U+C6B1 "욱" */
    0x1f, 0xc1, 0x83, 0x18, 0x8, 0xc0, 0x43, 0x6,
    0xf, 0xe0, 0x0, 0x1f, 0xff, 0x2, 0x0, 0x10,
    0x1f, 0xfc, 0x0, 0x60, 0x3, 0x0, 0x18,

    /* U+C6B4 "운" */
    0x1f, 0x81, 0x83, 0x18, 0x8, 0xc0, 0x43, 0x6,
    0xf, 0xe0, 0x0, 0x1f, 0xff, 0x2, 0x0, 0x10,
    0x18, 0x80, 0xc0, 0x6, 0x0, 0x3f, 0xf8,

    /* U+C6B8 "울" */
    0x1f, 0xc1, 0x83, 0x18, 0xc, 0x60, 0xc1, 0xfc,
    0x0, 0x3, 0xff, 0xe0, 0x40, 0x7f, 0xf0, 0x1,
    0x80, 0xc, 0xff, 0xe6, 0x0, 0x3f, 0xf8,

    /* U+C6B9 "욹" */
    0x1f, 0xc1, 0x83, 0x18, 0xc, 0x60, 0xc1, 0xfc,
    0x0, 0x3, 0xff, 0xe0, 0x40, 0x7f, 0xf0, 0x21,
    0x81, 0xc, 0xf8, 0x66, 0x3, 0x3f, 0x18,

    /* U+C6BA "욺" */
    0x1f, 0xc1, 0x81, 0x18, 0xc, 0x60, 0x41, 0xfc,
    0x0, 0x3, 0xff, 0xe0, 0x40, 0x7f, 0xf0, 0x29,
    0x81, 0x4c, 0xfa, 0x66, 0x13, 0x3e, 0xf8,

    /* U+C6C0 "움" */
    0x1f, 0xc1, 0x83, 0x18, 0xc, 0x60, 0xc1, 0xfc,
    0x0, 0x0, 0x0, 0x1f, 0xff, 0x2, 0x3, 0xff,
    0x98, 0xc, 0xc0, 0x66, 0x3, 0x3f, 0xf8,

    /* U+C6C1 "웁" */
    0x1f, 0xc1, 0x83, 0x8, 0xc, 0x60, 0xc1, 0xfc,
    0x0, 0x3, 0xff, 0xe0, 0x40, 0x2, 0x1, 0x1,
    0xf, 0xf8, 0x40, 0x42, 0x2, 0x1f, 0xf0,

    /* U+C6C3 "웃" */
    0x1f, 0xc1, 0x83, 0x18, 0xc, 0x60, 0xc1, 0xfc,
    0x0, 0x3, 0xff, 0xe0, 0x40, 0x2, 0x0, 0x10,
    0x0, 0x80, 0xa, 0x3, 0x8e, 0x20, 0x8,

    /* U+C6C5 "웅" */
    0x1f, 0xc1, 0x83, 0x18, 0xc, 0x60, 0xc1, 0xfc,
    0x0, 0x0, 0x0, 0x1f, 0xff, 0x2, 0x0, 0xfe,
    0xc, 0x18, 0xc0, 0x63, 0x6, 0xf, 0xe0,

    /* U+C6CC "워" */
    0x3e, 0x16, 0x31, 0x41, 0x14, 0x11, 0x62, 0x11,
    0xc1, 0x0, 0x1f, 0xfd, 0x8, 0x10, 0x81, 0x8,
    0xf0, 0x81, 0x8, 0x10, 0x81,

    /* U+C6CD "웍" */
    0x3e, 0x2c, 0x65, 0x4, 0xb1, 0x93, 0xe2, 0xf,
    0x7e, 0x8, 0x4f, 0x8, 0x20, 0x1, 0xff, 0x80,
    0x10, 0x2, 0x0, 0x40,

    /* U+C6D0 "원" */
    0x3e, 0x26, 0x32, 0x41, 0x26, 0x32, 0x3e, 0x20,
    0x2, 0xff, 0xa0, 0x82, 0x9, 0xe0, 0x82, 0x20,
    0x22, 0x0, 0x20, 0x3, 0xff,

    /* U+C6D4 "월" */
    0x3e, 0x24, 0x12, 0x41, 0x23, 0xe2, 0x0, 0x2f,
    0xfa, 0x8, 0x20, 0x9e, 0x0, 0x3, 0xfe, 0x0,
    0x23, 0xfe, 0x30, 0x3, 0xff,

    /* U+C6DC "웜" */
    0x3e, 0x16, 0x31, 0x41, 0x16, 0x31, 0x3e, 0x10,
    0x39, 0xfd, 0x10, 0x8f, 0x8, 0x10, 0x0, 0x3f,
    0xf3, 0x1, 0x30, 0x13, 0xff,

    /* U+C6DD "웝" */
    0x3e, 0x16, 0x31, 0x41, 0x16, 0x31, 0x3e, 0x10,
    0x19, 0xfc, 0x10, 0x8f, 0x8, 0x13, 0x1, 0x30,
    0x13, 0xff, 0x30, 0x13, 0xff,

    /* U+C6E0 "웠" */
    0x3e, 0x26, 0x32, 0x41, 0x26, 0x32, 0x3e, 0x20,
    0x7a, 0xfc, 0x20, 0x9e, 0x8, 0x20, 0x0, 0x8,
    0x41, 0x8c, 0x34, 0xa6, 0x33,

    /* U+C6E1 "웡" */
    0x3e, 0x16, 0x31, 0x41, 0x16, 0x31, 0x3e, 0x10,
    0x1, 0xff, 0x90, 0x81, 0x8, 0xf0, 0xfc, 0x30,
    0x33, 0x1, 0x30, 0x31, 0xfc,

    /* U+C6E8 "웨" */
    0x0, 0x49, 0xe2, 0x51, 0x92, 0x84, 0x94, 0x64,
    0x9e, 0x24, 0x1, 0x3f, 0xe9, 0x10, 0x48, 0x9e,
    0x44, 0x12, 0x20, 0x91, 0x4, 0x80, 0x4,

    /* U+C6E9 "웩" */
    0x3c, 0x5b, 0x12, 0xd0, 0xd6, 0xc4, 0xb3, 0xc5,
    0x83, 0xaf, 0xe1, 0x61, 0x7b, 0x8, 0x58, 0x0,
    0xf, 0xfe, 0x0, 0x30, 0x1, 0x80, 0xc,

    /* U+C6EC "웬" */
    0x3c, 0x56, 0x25, 0x43, 0x56, 0x25, 0x3c, 0x50,
    0x5, 0xff, 0x50, 0x85, 0xb, 0xd0, 0x5, 0x10,
    0x11, 0x0, 0x10, 0x1, 0xff,

    /* U+C6F0 "웰" */
    0x3e, 0x54, 0x25, 0x42, 0x53, 0xe5, 0x0, 0x5f,
    0xf5, 0x8, 0x50, 0xbd, 0x0, 0x1, 0xff, 0x0,
    0x11, 0xff, 0x10, 0x1, 0xff,

    /* U+C6F8 "웸" */
    0x3c, 0x5b, 0x12, 0xd0, 0xd6, 0x84, 0xb3, 0xc5,
    0x81, 0xaf, 0xf1, 0x61, 0x7b, 0x8, 0x58, 0x0,
    0x7, 0xfe, 0x20, 0x31, 0x1, 0x8f, 0xfc,

    /* U+C6F9 "웹" */
    0x3c, 0x5b, 0x12, 0xd0, 0xd6, 0x84, 0xb3, 0xc5,
    0x87, 0xaf, 0xe1, 0x61, 0x7b, 0x0, 0x18, 0x80,
    0xc4, 0x6, 0x3f, 0xf1, 0x1, 0x8f, 0xfc,

    /* U+C6FD "웽" */
    0x3c, 0x5b, 0x12, 0xd0, 0xd6, 0xc4, 0xb3, 0xc5,
    0x80, 0x2f, 0xfd, 0x61, 0x7b, 0x8, 0x58, 0x7f,
    0x6, 0x4, 0x60, 0x31, 0x81, 0x7, 0xf0,

    /* U+C704 "위" */
    0x3e, 0x16, 0x31, 0x41, 0x14, 0x11, 0x63, 0x13,
    0xe1, 0x0, 0x10, 0xd, 0xff, 0x90, 0x81, 0x8,
    0x10, 0x81, 0x8, 0x10, 0x81,

    /* U+C705 "윅" */
    0x3e, 0x2c, 0x65, 0x4, 0xb1, 0x93, 0xe2, 0x0,
    0x40, 0x6f, 0xfd, 0x8, 0x21, 0x0, 0xff, 0x80,
    0x10, 0x2, 0x0, 0x40,

    /* U+C708 "윈" */
    0x3e, 0x26, 0x32, 0x41, 0x24, 0x12, 0x63, 0x23,
    0xe2, 0x0, 0x2f, 0xfa, 0x8, 0x20, 0x82, 0x20,
    0x22, 0x0, 0x20, 0x3, 0xff,

    /* U+C70C "윌" */
    0x3e, 0x26, 0x32, 0x41, 0x26, 0x32, 0x3e, 0x20,
    0x2, 0xff, 0xa0, 0x82, 0x3f, 0xe0, 0x2, 0x0,
    0x23, 0xfe, 0x20, 0x3, 0xff,

    /* U+C714 "윔" */
    0x3e, 0x2c, 0x65, 0x4, 0xb1, 0x93, 0xe2, 0x0,
    0x7f, 0xe8, 0x41, 0x8, 0x27, 0xfc, 0x80, 0x90,
    0x12, 0x2, 0x7f, 0xc0,

    /* U+C715 "윕" */
    0x3e, 0x2c, 0x65, 0x4, 0xb1, 0x93, 0xe2, 0x0,
    0x7f, 0xe8, 0x41, 0x8, 0x4, 0x4, 0xff, 0x90,
    0x12, 0x2, 0x7f, 0xc0,

    /* U+C717 "윗" */
    0x3e, 0x26, 0x12, 0x41, 0x26, 0x12, 0x3e, 0x20,
    0x2, 0x1, 0xaf, 0xfa, 0x8, 0x20, 0x92, 0x1,
    0x0, 0x28, 0xc, 0x43, 0x3,

    /* U+C719 "윙" */
    0x3e, 0x2c, 0x65, 0x4, 0xb1, 0x93, 0xe2, 0x0,
    0x7f, 0xe8, 0x41, 0x8, 0x21, 0xf0, 0xc1, 0x90,
    0x13, 0x6, 0x3f, 0x80,

    /* U+C720 "유" */
    0xf, 0x81, 0x83, 0x8, 0x8, 0xc0, 0x62, 0x2,
    0x18, 0x30, 0x3e, 0x0, 0x0, 0xff, 0xf8, 0xc6,
    0x6, 0x30, 0x31, 0x81, 0x8c, 0xc, 0x60,

    /* U+C721 "육" */
    0x1f, 0xc1, 0x83, 0x18, 0xc, 0xc0, 0x43, 0x6,
    0xf, 0xe0, 0x0, 0x1f, 0xff, 0x18, 0xc0, 0xc6,
    0x1f, 0xfc, 0x0, 0x60, 0x3, 0x0, 0x18,

    /* U+C724 "윤" */
    0x1f, 0x81, 0x83, 0x18, 0x8, 0xc0, 0x43, 0x6,
    0xf, 0xe0, 0x0, 0x1f, 0xff, 0x4, 0xc0, 0x26,
    0x19, 0x30, 0xc0, 0x6, 0x0, 0x3f, 0xf8,

    /* U+C728 "율" */
    0x1f, 0xc1, 0x83, 0x18, 0xc, 0x60, 0xc1, 0xfc,
    0x0, 0x3, 0xff, 0xe1, 0x10, 0x7f, 0xf0, 0x1,
    0x80, 0xc, 0xff, 0xe6, 0x0, 0x3f, 0xf8,

    /* U+C730 "윰" */
    0x1f, 0xc1, 0x83, 0x18, 0xc, 0x60, 0xc1, 0xfc,
    0x0, 0x0, 0x0, 0x1f, 0xff, 0x8, 0x83, 0xff,
    0x98, 0xc, 0xc0, 0x66, 0x3, 0x3f, 0xf8,

    /* U+C731 "윱" */
    0x1f, 0xc1, 0x83, 0x8, 0xc, 0x60, 0xc1, 0xfc,
    0x0, 0x3, 0xff, 0xe1, 0x10, 0x8, 0x81, 0x1,
    0xf, 0xf8, 0x40, 0x42, 0x2, 0x1f, 0xf0,

    /* U+C733 "윳" */
    0x1f, 0xc1, 0x83, 0x18, 0x8, 0x60, 0xc1, 0xfc,
    0x0, 0x0, 0x0, 0x1f, 0xff, 0x10, 0x40, 0x92,
    0x4, 0x90, 0xe, 0x0, 0xd8, 0x38, 0x38,

    /* U+C735 "융" */
    0x1f, 0xc1, 0x83, 0x18, 0xc, 0x60, 0xc1, 0xfc,
    0x0, 0x0, 0x0, 0x1f, 0xff, 0x18, 0xc0, 0xfe,
    0xc, 0x18, 0xc0, 0x63, 0x6, 0xf, 0xe0,

    /* U+C737 "윷" */
    0x1f, 0xc1, 0x83, 0x18, 0xc, 0x60, 0xc1, 0xfc,
    0x0, 0x3, 0xff, 0xe2, 0x8, 0x12, 0x41, 0xff,
    0x0, 0x80, 0xa, 0x1, 0x8c, 0x30, 0x18,

    /* U+C73C "으" */
    0xf, 0x81, 0x83, 0x8, 0x8, 0xc0, 0x66, 0x3,
    0x10, 0x10, 0xc1, 0x81, 0xf0, 0x0, 0x0, 0x0,
    0x3f, 0xfe,

    /* U+C73D "윽" */
    0x1f, 0xc1, 0x83, 0x18, 0x8, 0xc0, 0x43, 0x6,
    0xf, 0xe0, 0x0, 0x1f, 0xff, 0x0, 0x0, 0x0,
    0x1f, 0xfc, 0x0, 0x60, 0x3, 0x0, 0x18,

    /* U+C740 "은" */
    0x1f, 0xc1, 0x83, 0x18, 0xc, 0x40, 0x43, 0xde,
    0x7, 0xc0, 0x0, 0x1f, 0xff, 0x0, 0x0, 0x0,
    0x8, 0x0, 0x40, 0x2, 0x0, 0x1f, 0xf8,

    /* U+C744 "을" */
    0x1f, 0xc1, 0x83, 0x18, 0xc, 0x60, 0xc1, 0xfc,
    0x0, 0x3, 0xff, 0xe0, 0x0, 0x7f, 0xf0, 0x1,
    0x80, 0xc, 0xff, 0xe6, 0x0, 0x3f, 0xf8,

    /* U+C74A "읊" */
    0x1f, 0xc1, 0x83, 0x18, 0xc, 0x60, 0xc1, 0xfc,
    0x0, 0x3, 0xff, 0xe0, 0x0, 0x7f, 0xf0, 0x2d,
    0x1, 0x68, 0xfb, 0x46, 0x1a, 0x3f, 0xf8,

    /* U+C74C "음" */
    0x1f, 0xc1, 0x83, 0x18, 0x8, 0xc0, 0x43, 0x6,
    0xf, 0xe0, 0x0, 0x1f, 0xff, 0x0, 0x3, 0xff,
    0x98, 0xc, 0xc0, 0x66, 0x3, 0x3f, 0xf8,

    /* U+C74D "읍" */
    0x1f, 0xc1, 0x83, 0x18, 0xc, 0x60, 0xc1, 0xfc,
    0x0, 0x0, 0x0, 0x1f, 0xff, 0x0, 0x3, 0x1,
    0x9f, 0xfc, 0xc0, 0x66, 0x3, 0x3f, 0xf8,

    /* U+C74F "읏" */
    0x1f, 0xc1, 0x83, 0x18, 0xc, 0xc0, 0x43, 0x6,
    0xf, 0xe0, 0x0, 0x1f, 0xff, 0x0, 0x0, 0x10,
    0x0, 0x80, 0xa, 0x1, 0xdc, 0x38, 0x38,

    /* U+C751 "응" */
    0x1f, 0x81, 0x83, 0x8, 0x8, 0x40, 0x43, 0x6,
    0xf, 0xe0, 0x0, 0x1f, 0xff, 0x0, 0x0, 0xfe,
    0xc, 0x18, 0x40, 0x43, 0x6, 0xf, 0xe0,

    /* U+C752 "읒" */
    0x1f, 0xc1, 0x83, 0x18, 0xc, 0x60, 0xc1, 0xfc,
    0x0, 0x0, 0x0, 0x1f, 0xff, 0x0, 0x1, 0xff,
    0x0, 0x80, 0xa, 0x1, 0x8c, 0x38, 0x38,

    /* U+C753 "읓" */
    0x1f, 0xc1, 0x83, 0x18, 0xc, 0x60, 0xc1, 0xfc,
    0x0, 0x3, 0xff, 0xe0, 0x0, 0x2, 0x1, 0xff,
    0x0, 0x80, 0xa, 0x1, 0x8c, 0x30, 0x18,

    /* U+C754 "읔" */
    0x1f, 0xc1, 0x83, 0x18, 0xc, 0x60, 0xc1, 0xfc,
    0x0, 0x0, 0x0, 0x1f, 0xff, 0x0, 0x3, 0xff,
    0x80, 0xc, 0x0, 0x67, 0xff, 0x0, 0x18,

    /* U+C755 "읕" */
    0x1f, 0xc1, 0x83, 0x18, 0x8, 0x60, 0xc1, 0xfc,
    0x0, 0x3, 0xff, 0xe0, 0x0, 0x0, 0x3, 0xff,
    0x18, 0x0, 0xff, 0xc6, 0x0, 0x3f, 0xf0,

    /* U+C756 "읖" */
    0x1f, 0xc1, 0x83, 0x18, 0x8, 0xc0, 0x43, 0x6,
    0xf, 0xe0, 0x0, 0x1f, 0xff, 0x0, 0x3, 0xff,
    0x82, 0x20, 0x11, 0x0, 0x88, 0x3f, 0xf8,

    /* U+C757 "읗" */
    0x1f, 0xc1, 0x83, 0x18, 0xc, 0x60, 0xc1, 0xfc,
    0x0, 0x3, 0xff, 0xe0, 0x40, 0x2, 0x1, 0xef,
    0x7, 0xf0, 0x60, 0xc3, 0x6, 0xf, 0xe0,

    /* U+C758 "의" */
    0x0, 0x11, 0xc1, 0x22, 0x14, 0x11, 0x41, 0x14,
    0x11, 0x22, 0x11, 0xc1, 0x0, 0x10, 0x1, 0xff,
    0x90, 0x1, 0x0, 0x10, 0x1,

    /* U+C75C "읜" */
    0x3e, 0x16, 0x31, 0x41, 0x14, 0x11, 0x63, 0x11,
    0xc1, 0x0, 0x1f, 0xfd, 0x0, 0x10, 0x1, 0x30,
    0x13, 0x0, 0x30, 0x3, 0xff,

    /* U+C760 "읠" */
    0x3e, 0x16, 0x31, 0x41, 0x16, 0x31, 0x3e, 0x10,
    0x1, 0xff, 0x90, 0x1, 0x3f, 0xf0, 0x1, 0x0,
    0x13, 0xff, 0x20, 0x3, 0xff,

    /* U+C768 "읨" */
    0x3e, 0x16, 0x31, 0x41, 0x14, 0x11, 0x63, 0x13,
    0xe1, 0x0, 0x1f, 0xf9, 0x0, 0x3, 0xff, 0x20,
    0x12, 0x1, 0x20, 0x13, 0xff,

    /* U+C76B "읫" */
    0x3c, 0x13, 0x10, 0x90, 0xc4, 0x86, 0x26, 0x21,
    0x1e, 0x8, 0x0, 0x5f, 0xf2, 0x0, 0x10, 0x10,
    0x80, 0x80, 0xa, 0x1, 0x8c, 0x18, 0x18,

    /* U+C774 "이" */
    0x0, 0x27, 0x5, 0x10, 0xc3, 0x18, 0x23, 0x4,
    0x60, 0x8c, 0x11, 0xc6, 0x28, 0x84, 0xe0, 0x80,
    0x10, 0x2, 0x0, 0x40,

    /* U+C775 "익" */
    0x38, 0x28, 0x86, 0x8, 0xc1, 0x18, 0x22, 0x88,
    0x4e, 0x8, 0x1, 0x0, 0x7, 0xfc, 0x0, 0x80,
    0x10, 0x2, 0x0, 0x40,

    /* U+C778 "인" */
    0x0, 0x27, 0x5, 0x10, 0xc1, 0x18, 0x23, 0x4,
    0x51, 0x9, 0xc1, 0x0, 0x24, 0x4, 0x80, 0x10,
    0x2, 0x0, 0x7f, 0xc0,

    /* U+C77C "일" */
    0x38, 0x24, 0x42, 0x82, 0x28, 0x22, 0x82, 0x24,
    0x42, 0x38, 0x20, 0x0, 0x3f, 0xe0, 0x2, 0x3f,
    0xe2, 0x0, 0x20, 0x3, 0xff,

    /* U+C77D "읽" */
    0x3c, 0x28, 0xc6, 0x8, 0xc1, 0x18, 0x22, 0x8c,
    0x4f, 0x8, 0x0, 0x7d, 0xe0, 0x85, 0xf0, 0xb0,
    0x16, 0x2, 0xfc, 0x40,

    /* U+C77E "읾" */
    0x3c, 0x28, 0xc6, 0x8, 0xc1, 0x18, 0x22, 0x8c,
    0x4f, 0x8, 0x0, 0x7d, 0xe0, 0xa5, 0xf4, 0xb0,
    0x96, 0x12, 0xfb, 0xc0,

    /* U+C783 "잃" */
    0x3c, 0x24, 0x62, 0x82, 0x28, 0x22, 0x82, 0x24,
    0x62, 0x3c, 0x20, 0x4, 0x7c, 0x40, 0x7f, 0x7c,
    0xe6, 0x12, 0x61, 0x27, 0xee,

    /* U+C784 "임" */
    0x38, 0x28, 0x86, 0x8, 0xc1, 0x18, 0x22, 0x88,
    0x4e, 0x8, 0x1, 0x0, 0x7, 0xfc, 0x80, 0x90,
    0x12, 0x2, 0x7f, 0xc0,

    /* U+C785 "입" */
    0x38, 0x28, 0x86, 0x8, 0xc1, 0x18, 0x22, 0x88,
    0x4e, 0x8, 0x1, 0x20, 0x24, 0x4, 0xff, 0x90,
    0x12, 0x2, 0x7f, 0xc0,

    /* U+C787 "잇" */
    0x0, 0x23, 0x82, 0x44, 0x28, 0x22, 0x82, 0x28,
    0x22, 0x44, 0x23, 0x82, 0x0, 0x20, 0x20, 0x7,
    0x0, 0xd8, 0x38, 0xe6, 0x0,

    /* U+C788 "있" */
    0x38, 0x32, 0x21, 0xa0, 0x8d, 0x4, 0x68, 0x23,
    0x22, 0x18, 0xe0, 0xc0, 0x6, 0x0, 0x0, 0x82,
    0x4, 0x10, 0x51, 0x46, 0xdb, 0x23, 0x8c,

    /* U+C789 "잉" */
    0x0, 0x2f, 0x87, 0x18, 0xc1, 0x18, 0x23, 0x8c,
    0x5f, 0x8, 0x1, 0x0, 0x1, 0xf0, 0xc1, 0x90,
    0x13, 0x6, 0x3f, 0x0,

    /* U+C78A "잊" */
    0x38, 0x24, 0x42, 0x82, 0x28, 0x22, 0x82, 0x24,
    0x42, 0x38, 0x20, 0x2, 0x0, 0x3, 0xfe, 0x2,
    0x0, 0x70, 0xd, 0x87, 0x6,

    /* U+C78E "잎" */
    0x38, 0x28, 0x86, 0x8, 0xc1, 0x18, 0x22, 0x88,
    0x4e, 0x8, 0x1, 0x0, 0x7, 0xfc, 0x22, 0x4,
    0x40, 0x88, 0x7f, 0xc0,

    /* U+C790 "자" */
    0x0, 0x11, 0xfe, 0x40, 0xc1, 0x3, 0x4, 0xc,
    0x10, 0x30, 0x40, 0xc1, 0xc7, 0x84, 0x13, 0x10,
    0xc6, 0x46, 0x9, 0x0, 0x4, 0x0, 0x10, 0x0,
    0x40,

    /* U+C791 "작" */
    0x0, 0x27, 0xf9, 0x2, 0x8, 0x30, 0x41, 0x83,
    0x9a, 0x11, 0x8c, 0x90, 0x4, 0x0, 0x1, 0xff,
    0x0, 0x8, 0x0, 0x40, 0x2, 0x0, 0x10,

    /* U+C794 "잔" */
    0x0, 0x27, 0xf9, 0x6, 0x8, 0x30, 0x41, 0x83,
    0x9e, 0x11, 0x98, 0x98, 0x64, 0x80, 0x20, 0x1,
    0x8, 0x0, 0x40, 0x2, 0x0, 0x1f, 0xf8,

    /* U+C796 "잖" */
    0x0, 0x27, 0xf9, 0x6, 0x8, 0x30, 0x71, 0xc2,
    0x33, 0x13, 0xc, 0x90, 0x18, 0x0, 0xc3, 0x3f,
    0x98, 0x78, 0xc6, 0x46, 0x72, 0x3c, 0xf0,

    /* U+C797 "잗" */
    0x0, 0x27, 0xf9, 0x6, 0x8, 0x30, 0x71, 0x82,
    0x12, 0x13, 0x8c, 0x90, 0x24, 0x0, 0x1, 0xff,
    0x8, 0x0, 0x40, 0x2, 0x0, 0x1f, 0xf0,

    /* U+C798 "잘" */
    0xff, 0x20, 0xc1, 0x6, 0x8, 0x30, 0x73, 0xc2,
    0x33, 0x93, 0x4, 0x80, 0x0, 0x3f, 0xe0, 0x1,
    0xf, 0xf8, 0x40, 0x2, 0x0, 0x1f, 0xf8,

    /* U+C79A "잚" */
    0x0, 0x27, 0xf9, 0x6, 0x8, 0x30, 0x73, 0xc2,
    0x33, 0x13, 0x4, 0x80, 0x0, 0x7d, 0xe0, 0x69,
    0x3, 0x48, 0xfa, 0x44, 0x12, 0x3e, 0xf0,

    /* U+C7A0 "잠" */
    0x0, 0x27, 0xf9, 0x6, 0x8, 0x30, 0x71, 0x82,
    0x13, 0x13, 0xc, 0x90, 0x4, 0x0, 0x1, 0xff,
    0x8, 0x8, 0x40, 0x42, 0x2, 0x1f, 0xf0,

    /* U+C7A1 "잡" */
    0x0, 0x27, 0xf9, 0x6, 0x8, 0x30, 0x71, 0x82,
    0x12, 0x11, 0x8c, 0x90, 0x24, 0x20, 0x21, 0x1,
    0xf, 0xf8, 0x40, 0x42, 0x2, 0x1f, 0xf0,

    /* U+C7A3 "잣" */
    0x0, 0x27, 0xf9, 0x6, 0x8, 0x30, 0x41, 0x83,
    0x9e, 0x11, 0x98, 0x98, 0x64, 0x80, 0x20, 0x11,
    0x0, 0xc0, 0xe, 0x0, 0xd8, 0x3c, 0x38, 0x0,
    0x40,

    /* U+C7A4 "잤" */
    0x0, 0x27, 0xf9, 0x6, 0x8, 0x30, 0x71, 0x82,
    0x12, 0x11, 0x8c, 0x98, 0x24, 0x0, 0x0, 0xc2,
    0x6, 0x10, 0x31, 0x46, 0xdb, 0x23, 0x8c,

    /* U+C7A5 "장" */
    0x0, 0x27, 0xf9, 0x6, 0x8, 0x30, 0x71, 0x82,
    0x13, 0x13, 0xc, 0x90, 0x4, 0x0, 0x0, 0xfc,
    0xc, 0x18, 0x40, 0x43, 0x6, 0xf, 0xc0,

    /* U+C7A6 "잦" */
    0x0, 0x27, 0xf9, 0x6, 0x8, 0x30, 0x71, 0x82,
    0x13, 0x13, 0xc, 0x90, 0x4, 0x0, 0x1, 0xff,
    0x0, 0xc0, 0xe, 0x1, 0xcc, 0x38, 0x38,

    /* U+C7AC "재" */
    0x0, 0x90, 0x9, 0xfe, 0x91, 0x9, 0x10, 0x91,
    0x9, 0x18, 0xf2, 0x89, 0x2c, 0x94, 0x69, 0x80,
    0x90, 0x9, 0x0, 0x90, 0x1,

    /* U+C7AD "잭" */
    0x1, 0x3f, 0xa4, 0x84, 0x90, 0x93, 0x1e, 0xf2,
    0x73, 0x4c, 0x29, 0x0, 0x7, 0xfc, 0x0, 0x80,
    0x10, 0x2, 0x0, 0x40,

    /* U+C7B0 "잰" */
    0x1, 0x2f, 0xd2, 0x31, 0x23, 0x12, 0x31, 0xe3,
    0x12, 0x69, 0x2c, 0xd2, 0x81, 0x22, 0x12, 0x20,
    0x22, 0x0, 0x20, 0x3, 0xff,

    /* U+C7B4 "잴" */
    0x1, 0x27, 0xe9, 0xc, 0x48, 0x63, 0xc3, 0x12,
    0x26, 0x92, 0x14, 0x80, 0x0, 0x3f, 0xe0, 0x1,
    0xf, 0xf8, 0x40, 0x2, 0x0, 0x1f, 0xfc,

    /* U+C7BC "잼" */
    0x1, 0x3f, 0xa4, 0xc4, 0x98, 0xf3, 0x12, 0xf2,
    0x73, 0x4c, 0x29, 0x0, 0x7, 0xfc, 0x80, 0x90,
    0x12, 0x2, 0x7f, 0xc0,

    /* U+C7BD "잽" */
    0x1, 0x3f, 0xa4, 0xc4, 0x98, 0xf3, 0x12, 0xd2,
    0x71, 0x4c, 0x1, 0x20, 0x24, 0x4, 0xff, 0x90,
    0x12, 0x2, 0x7f, 0xc0,

    /* U+C7BF "잿" */
    0x1, 0x2f, 0xd2, 0x31, 0x23, 0x12, 0x31, 0xe3,
    0x12, 0x4d, 0x2c, 0x52, 0x0, 0x20, 0x20, 0x7,
    0x0, 0x58, 0x18, 0xe2, 0x2,

    /* U+C7C0 "쟀" */
    0x1, 0x2f, 0xd2, 0x31, 0x23, 0x1e, 0x31, 0x27,
    0x92, 0xcd, 0x28, 0x52, 0x0, 0x1, 0x8, 0x18,
    0xc3, 0x9c, 0x6f, 0x24, 0x61,

    /* U+C7C1 "쟁" */
    0x1, 0x1f, 0xd1, 0x31, 0x13, 0x11, 0x31, 0xf3,
    0x91, 0x4d, 0x18, 0x51, 0x0, 0x10, 0xfc, 0x30,
    0x32, 0x1, 0x30, 0x30, 0xfc,

    /* U+C7C8 "쟈" */
    0x0, 0x11, 0xfe, 0x40, 0xc1, 0x3, 0x7, 0xc,
    0x10, 0x30, 0x40, 0xc1, 0x7, 0x84, 0x13, 0x1c,
    0xc6, 0x46, 0x9, 0x0, 0x4, 0x0, 0x10, 0x0,
    0x40,

    /* U+C7C9 "쟉" */
    0x0, 0x27, 0xf9, 0x2, 0xe, 0x30, 0x41, 0xc2,
    0x1a, 0x1f, 0x8c, 0x90, 0x4, 0x0, 0x1, 0xff,
    0x0, 0x8, 0x0, 0x40, 0x2, 0x0, 0x10,

    /* U+C7CC "쟌" */
    0x0, 0x27, 0xf9, 0x3f, 0xc8, 0x30, 0x71, 0x82,
    0x1e, 0x11, 0x98, 0xf8, 0x64, 0x80, 0x20, 0x1,
    0x8, 0x0, 0x40, 0x2, 0x0, 0x1f, 0xf8,

    /* U+C7CE "쟎" */
    0x0, 0x27, 0xf9, 0x6, 0xe, 0x30, 0x41, 0xc3,
    0x93, 0x13, 0xc, 0x90, 0x18, 0x0, 0xc3, 0x3f,
    0x98, 0x78, 0xc6, 0x46, 0x72, 0x3c, 0xf0,

    /* U+C7D0 "쟐" */
    0xff, 0x20, 0xc1, 0x6, 0xe, 0x30, 0x43, 0xc3,
    0xb3, 0x93, 0x4, 0x80, 0x0, 0x3f, 0xe0, 0x1,
    0xf, 0xf8, 0x40, 0x2, 0x0, 0x1f, 0xf8,

    /* U+C7D8 "쟘" */
    0x0, 0x27, 0xf9, 0x6, 0xe, 0x30, 0x41, 0x82,
    0x1a, 0x1d, 0x8c, 0x90, 0x4, 0x0, 0x1, 0xff,
    0x8, 0x8, 0x40, 0x42, 0x2, 0x1f, 0xf0,

    /* U+C7DD "쟝" */
    0x0, 0x27, 0xf9, 0x6, 0xe, 0x30, 0x41, 0x82,
    0x1a, 0x1f, 0x8c, 0x90, 0x4, 0x0, 0x0, 0xfc,
    0xc, 0x18, 0x40, 0x43, 0x6, 0xf, 0xc0,

    /* U+C7E4 "쟤" */
    0x0, 0x9f, 0xe9, 0x10, 0x91, 0xf, 0x10, 0x91,
    0x9, 0x38, 0x92, 0x89, 0x2c, 0xf4, 0x69, 0x82,
    0x90, 0x9, 0x0, 0x90, 0x1,

    /* U+C7E8 "쟨" */
    0x1, 0x2f, 0xd2, 0xfd, 0x23, 0x1e, 0x31, 0x23,
    0x12, 0x69, 0xec, 0xd2, 0x81, 0x22, 0x12, 0x20,
    0x22, 0x0, 0x20, 0x3, 0xff,

    /* U+C7EC "쟬" */
    0x1, 0x27, 0xe9, 0xc, 0x78, 0x62, 0x43, 0x12,
    0x3c, 0xf2, 0x14, 0x80, 0x0, 0x3f, 0xe0, 0x1,
    0xf, 0xf8, 0x40, 0x2, 0x0, 0x1f, 0xfc,

    /* U+C800 "저" */
    0x0, 0x17, 0xf9, 0x8, 0x10, 0x81, 0xc, 0x10,
    0xcf, 0xc, 0x11, 0x61, 0x33, 0x16, 0x19, 0x40,
    0x90, 0x1, 0x0, 0x10, 0x1,

    /* U+C801 "적" */
    0x0, 0x3f, 0xe4, 0x40, 0x8c, 0x11, 0x9e, 0x58,
    0x59, 0xcc, 0x1, 0x0, 0x7, 0xfc, 0x0, 0x80,
    0x10, 0x2, 0x0, 0x40,

    /* U+C804 "전" */
    0x0, 0x2f, 0xf2, 0x18, 0x21, 0x82, 0x19, 0xe3,
    0xc2, 0x66, 0x2c, 0x32, 0x80, 0x20, 0x2, 0x20,
    0x2, 0x0, 0x20, 0x3, 0xff,

    /* U+C808 "절" */
    0xff, 0x21, 0x2, 0x18, 0x21, 0x9e, 0x3c, 0x26,
    0x62, 0xc1, 0x20, 0x0, 0x3f, 0xe0, 0x2, 0x3f,
    0xe2, 0x0, 0x20, 0x3, 0xff,

    /* U+C80A "젊" */
    0xff, 0x22, 0x4, 0x60, 0x8c, 0xf2, 0xc2, 0xcc,
    0x60, 0x48, 0x0, 0x7d, 0xe1, 0xa5, 0xf4, 0xb0,
    0x96, 0x12, 0xfb, 0xc0,

    /* U+C810 "점" */
    0x0, 0x3f, 0xe4, 0x40, 0x8c, 0xf1, 0x82, 0x48,
    0x70, 0xcc, 0x1, 0x0, 0x7, 0xfc, 0x80, 0x90,
    0x12, 0x2, 0x7f, 0xc0,

    /* U+C811 "접" */
    0xff, 0x23, 0x4, 0x60, 0x8c, 0xf3, 0xc2, 0x48,
    0x71, 0xcc, 0x9, 0x20, 0x24, 0x4, 0xff, 0x90,
    0x12, 0x2, 0x7f, 0xc0,

    /* U+C813 "젓" */
    0x0, 0x2f, 0xf2, 0x18, 0x21, 0x9e, 0x18, 0x22,
    0x42, 0x67, 0x2c, 0x12, 0x0, 0x20, 0x32, 0x3,
    0x0, 0x70, 0xd, 0x87, 0x87, 0x0, 0x0,

    /* U+C815 "정" */
    0x0, 0x3f, 0xe4, 0x40, 0x8c, 0x11, 0x9e, 0x78,
    0x59, 0xcc, 0x1, 0x0, 0x3, 0xf0, 0xc1, 0x90,
    0x13, 0x6, 0x3f, 0x0,

    /* U+C816 "젖" */
    0x0, 0x2f, 0xf2, 0x18, 0x21, 0x9e, 0x18, 0x22,
    0x42, 0xc3, 0x28, 0x2, 0x0, 0x3, 0xfe, 0x3,
    0x0, 0x70, 0xc, 0xc3, 0x87,

    /* U+C81C "제" */
    0x0, 0x90, 0x9, 0xfe, 0x91, 0x9, 0x10, 0x91,
    0x39, 0x30, 0x92, 0x89, 0x6c, 0x9c, 0x69, 0x82,
    0x90, 0x9, 0x0, 0x90, 0x1,

    /* U+C81D "젝" */
    0x0, 0x9f, 0xc9, 0x10, 0x91, 0x9, 0x1b, 0x93,
    0x89, 0x6c, 0x98, 0x9, 0x0, 0x11, 0xff, 0x0,
    0x10, 0x1, 0x0, 0x10, 0x1,

    /* U+C820 "젠" */
    0x0, 0x9f, 0xc9, 0x10, 0x91, 0x9, 0x33, 0x93,
    0x89, 0x6c, 0x9c, 0x49, 0x80, 0x93, 0x9, 0x30,
    0x13, 0x0, 0x30, 0x3, 0xff,

    /* U+C824 "젤" */
    0x0, 0x97, 0xe4, 0x84, 0x24, 0x27, 0x22, 0x89,
    0x36, 0x4a, 0x12, 0x40, 0x0, 0x3f, 0xf0, 0x0,
    0x8f, 0xfc, 0x60, 0x3, 0x0, 0x1f, 0xfc,

    /* U+C82C "젬" */
    0x0, 0x9f, 0xc9, 0x10, 0x91, 0x39, 0x38, 0x92,
    0x89, 0xc4, 0x98, 0x9, 0x0, 0x3, 0xff, 0x30,
    0x13, 0x1, 0x30, 0x13, 0xff,

    /* U+C82D "젭" */
    0x0, 0x9f, 0xc9, 0x10, 0x91, 0x39, 0x28, 0x96,
    0xc9, 0xc4, 0x98, 0x1, 0x30, 0x13, 0x1, 0x3f,
    0xf3, 0x1, 0x30, 0x13, 0xff,

    /* U+C82F "젯" */
    0x0, 0x97, 0xe4, 0x84, 0x24, 0x21, 0x23, 0x39,
    0x1c, 0x49, 0xb2, 0x58, 0x92, 0x0, 0x10, 0x18,
    0x80, 0xc0, 0xf, 0x0, 0xcc, 0x1c, 0x38, 0x80,
    0x40,

    /* U+C831 "젱" */
    0x0, 0x9f, 0xc9, 0x10, 0x91, 0x39, 0x38, 0x92,
    0x89, 0x44, 0x98, 0x9, 0x0, 0x10, 0xfc, 0x18,
    0x33, 0x1, 0x18, 0x30, 0xfc,

    /* U+C838 "져" */
    0x0, 0x17, 0xf9, 0xc, 0x10, 0xc1, 0xc, 0xf0,
    0xc1, 0xc, 0x11, 0xef, 0x33, 0x12, 0x19, 0x40,
    0x90, 0x1, 0x0, 0x10, 0x1,

    /* U+C83C "젼" */
    0x0, 0x2f, 0xf2, 0x10, 0x21, 0x1e, 0x18, 0x21,
    0x82, 0x2d, 0xe6, 0x62, 0x83, 0x20, 0x2, 0x20,
    0x2, 0x0, 0x20, 0x3, 0xff,

    /* U+C840 "졀" */
    0xff, 0x21, 0x82, 0x19, 0xe1, 0x82, 0x2d, 0xe6,
    0x72, 0x81, 0x20, 0x0, 0x3f, 0xe0, 0x2, 0x3f,
    0xe2, 0x0, 0x20, 0x3, 0xff,

    /* U+C848 "졈" */
    0x0, 0x3f, 0xe4, 0x47, 0x8c, 0x13, 0x82, 0x5b,
    0xd9, 0x8c, 0x9, 0x0, 0x7, 0xfc, 0x80, 0x90,
    0x12, 0x2, 0x7f, 0xc0,

    /* U+C849 "졉" */
    0xff, 0x22, 0x4, 0x67, 0x8c, 0x13, 0x82, 0x5b,
    0xd9, 0x8e, 0x19, 0x20, 0x24, 0x4, 0xff, 0x90,
    0x12, 0x2, 0x7f, 0xc0,

    /* U+C84C "졌" */
    0x0, 0x2f, 0xf2, 0x18, 0x21, 0x9e, 0x18, 0x23,
    0xde, 0x66, 0x2c, 0x12, 0x18, 0x41, 0x84, 0x18,
    0xc3, 0x8e, 0x6d, 0x34, 0x21,

    /* U+C84D "졍" */
    0x0, 0x3f, 0xe4, 0x40, 0x8c, 0xf1, 0x82, 0x7b,
    0xd9, 0x8e, 0x19, 0x80, 0x23, 0xf0, 0xc1, 0x90,
    0x13, 0x6, 0x3f, 0x0,

    /* U+C854 "졔" */
    0x0, 0x9f, 0xe9, 0x10, 0x91, 0x9, 0x13, 0x91,
    0x9, 0x38, 0x92, 0xb9, 0x6c, 0x94, 0x69, 0x82,
    0x90, 0x9, 0x0, 0x90, 0x1,

    /* U+C870 "조" */
    0x7f, 0xf0, 0x10, 0x0, 0xc0, 0xa, 0x0, 0xd8,
    0x1c, 0x71, 0x88, 0xc0, 0x40, 0x2, 0x0, 0x10,
    0x3f, 0xfe,

    /* U+C871 "족" */
    0x7f, 0xf0, 0x30, 0x1, 0xc0, 0x1b, 0x7, 0xf,
    0x23, 0x8, 0x18, 0x1f, 0xff, 0x0, 0x0, 0x0,
    0x1f, 0xf8, 0x0, 0x40, 0x2, 0x0, 0x10,

    /* U+C874 "존" */
    0x7f, 0xf0, 0x10, 0x1, 0xc0, 0xa, 0x1, 0x98,
    0x38, 0x39, 0x8, 0x40, 0x40, 0xff, 0xf8, 0x0,
    0x8, 0x0, 0x40, 0x2, 0x0, 0x1f, 0xf0,

    /* U+C878 "졸" */
    0x7f, 0xf0, 0x38, 0x1, 0x40, 0x31, 0x87, 0x23,
    0x1, 0x3, 0xff, 0xe0, 0x0, 0x3f, 0xe0, 0x1,
    0x0, 0x8, 0x7f, 0xc2, 0x0, 0x1f, 0xf8,

    /* U+C87A "졺" */
    0x7f, 0xf0, 0x38, 0x1, 0x40, 0x31, 0x87, 0x27,
    0x1, 0x3, 0xff, 0xe0, 0x0, 0x7d, 0xf0, 0x29,
    0x81, 0x4c, 0xfa, 0x66, 0x13, 0x3e, 0xf8,

    /* U+C880 "좀" */
    0x7f, 0xf0, 0x30, 0x1, 0x40, 0x1b, 0x7, 0x8f,
    0x21, 0x8, 0x8, 0x1f, 0xff, 0x0, 0x1, 0xff,
    0x8, 0x8, 0x40, 0x42, 0x2, 0x1f, 0xf0,

    /* U+C881 "좁" */
    0x7f, 0xf0, 0x10, 0x1, 0x40, 0x1b, 0x7, 0x8f,
    0x21, 0x8, 0x8, 0x1f, 0xff, 0x0, 0x1, 0x1,
    0xf, 0xf8, 0x40, 0x42, 0x2, 0x1f, 0xf0,

    /* U+C883 "좃" */
    0x7f, 0xf0, 0x30, 0x1, 0x40, 0x1b, 0x7, 0x8f,
    0x21, 0x8, 0x8, 0x1f, 0xff, 0x0, 0x0, 0x10,
    0x0, 0x80, 0xa, 0x1, 0x8c, 0x38, 0x38,

    /* U+C885 "종" */
    0x7f, 0xf0, 0x30, 0x1, 0x40, 0x1b, 0x7, 0x8f,
    0x21, 0x8, 0x8, 0x1f, 0xff, 0x0, 0x0, 0xfe,
    0xc, 0x18, 0x40, 0x43, 0x6, 0xf, 0xe0,

    /* U+C886 "좆" */
    0x7f, 0xf0, 0x10, 0x1, 0xc0, 0x1b, 0x3, 0x8e,
    0x31, 0x18, 0x8, 0x1f, 0xff, 0x0, 0x1, 0xff,
    0x0, 0x80, 0xa, 0x1, 0x8c, 0x38, 0x38,

    /* U+C887 "좇" */
    0x7f, 0xf0, 0x30, 0x1, 0x40, 0x31, 0x86, 0x23,
    0x1, 0x3, 0xff, 0xe0, 0x0, 0x2, 0x1, 0xff,
    0x0, 0x80, 0xa, 0x3, 0x8c, 0x30, 0x18,

    /* U+C88B "좋" */
    0x7f, 0xf0, 0x30, 0x1, 0x40, 0x39, 0x87, 0x27,
    0x1, 0x3, 0xff, 0xe0, 0x40, 0x2, 0x1, 0xef,
    0x7, 0xf0, 0x60, 0xc3, 0x6, 0xf, 0xe0,

    /* U+C88C "좌" */
    0x0, 0x11, 0xfe, 0x40, 0xc1, 0x3, 0x4, 0xc,
    0x10, 0x48, 0x47, 0x19, 0xd3, 0x4, 0xc, 0x10,
    0x30, 0x4f, 0xfd, 0x0, 0x4, 0x0, 0x10, 0x0,
    0x40,

    /* U+C88D "좍" */
    0x0, 0x23, 0xf9, 0x2, 0x8, 0x38, 0x43, 0x63,
    0xa4, 0x90, 0x20, 0x9f, 0xf4, 0x0, 0x20, 0x0,
    0xf, 0xf8, 0x0, 0x40, 0x2, 0x0, 0x10,

    /* U+C894 "좔" */
    0x7f, 0x20, 0x41, 0x7, 0x8, 0x6c, 0x76, 0x92,
    0x4, 0x13, 0xfe, 0x80, 0x4, 0x0, 0x1, 0xff,
    0x0, 0x8, 0x7f, 0xc2, 0x0, 0x1f, 0xf8,

    /* U+C89D "좝" */
    0x7f, 0x20, 0x41, 0x3, 0x8, 0x38, 0x43, 0x73,
    0xa4, 0x90, 0x20, 0x9f, 0xf4, 0x0, 0x1, 0x1,
    0xf, 0xf8, 0x40, 0x42, 0x2, 0x1f, 0xf0,

    /* U+C89F "좟" */
    0x7f, 0x20, 0x41, 0x2, 0x8, 0x28, 0x46, 0x33,
    0xa4, 0x10, 0x20, 0x9f, 0xf4, 0x0, 0x20, 0x11,
    0x0, 0xc0, 0xe, 0x0, 0xd8, 0x1c, 0x38,

    /* U+C8A1 "좡" */
    0x7f, 0x20, 0x41, 0x2, 0x8, 0x28, 0x47, 0x73,
    0xa4, 0x90, 0x20, 0x9f, 0xf4, 0x0, 0x20, 0x7c,
    0xc, 0x18, 0x40, 0x43, 0x6, 0x7, 0xc0,

    /* U+C8A8 "좨" */
    0x0, 0x4b, 0xfa, 0x42, 0x12, 0x10, 0x91, 0xc4,
    0x8b, 0x25, 0x8d, 0xe9, 0x9, 0x8, 0x48, 0x42,
    0x5f, 0xd2, 0x0, 0x90, 0x4, 0x80, 0x4,

    /* U+C8BC "좼" */
    0x0, 0x93, 0xf4, 0x86, 0x24, 0x31, 0x22, 0x4f,
    0x2d, 0x48, 0x62, 0x5f, 0xd2, 0x0, 0x10, 0x0,
    0x2, 0x10, 0x19, 0xc1, 0x4b, 0x31, 0x8c,

    /* U+C8BD "좽" */
    0x0, 0x97, 0xe9, 0x18, 0x91, 0x89, 0x26, 0xf5,
    0xa9, 0x18, 0x9f, 0xe9, 0x70, 0x90, 0xfc, 0x18,
    0x31, 0x1, 0x18, 0x30, 0xfe,

    /* U+C8C4 "죄" */
    0x0, 0x17, 0xf9, 0xc, 0x10, 0xc1, 0xe, 0x11,
    0x31, 0x61, 0x94, 0xc1, 0xc, 0x10, 0xc1, 0xff,
    0xd0, 0x1, 0x0, 0x10, 0x1,

    /* U+C8C8 "죈" */
    0x0, 0x17, 0xf9, 0xc, 0x10, 0xc1, 0x1e, 0x17,
    0x39, 0x4c, 0x10, 0xc1, 0xff, 0xd0, 0x1, 0x10,
    0x11, 0x0, 0x10, 0x1, 0xff,

    /* U+C8CC "죌" */
    0x7f, 0x90, 0x60, 0x83, 0x84, 0x66, 0x26, 0xc9,
    0x6, 0xb, 0xff, 0x5d, 0x2, 0x3f, 0xf0, 0x0,
    0x80, 0x4, 0x7f, 0xe3, 0x0, 0x1f, 0xfc,

    /* U+C8D4 "죔" */
    0x7f, 0x90, 0xc1, 0xc, 0x11, 0xe1, 0x33, 0x94,
    0xc1, 0xc, 0x1f, 0xfd, 0x0, 0x10, 0x0, 0x1f,
    0xf1, 0x1, 0x10, 0x11, 0xff,

    /* U+C8D5 "죕" */
    0x7f, 0x90, 0xc1, 0xc, 0x11, 0xe1, 0x33, 0x96,
    0xc9, 0xc, 0x1f, 0xfd, 0x0, 0x1, 0x1, 0x1f,
    0xf1, 0x1, 0x10, 0x11, 0xff,

    /* U+C8D7 "죗" */
    0x0, 0x13, 0xfc, 0x83, 0x4, 0x1c, 0x23, 0x39,
    0x26, 0x8, 0x30, 0x5f, 0xfa, 0x0, 0x10, 0x8,
    0x80, 0xc0, 0x5, 0x0, 0xce, 0x18, 0x18,

    /* U+C8D9 "죙" */
    0x0, 0x17, 0xf9, 0xc, 0x10, 0xe1, 0x33, 0x96,
    0xc9, 0xc, 0x1f, 0xfd, 0x0, 0x10, 0xfc, 0x18,
    0x33, 0x1, 0x18, 0x30, 0xfc,

    /* U+C8E0 "죠" */
    0x7f, 0xf0, 0x10, 0x1, 0x80, 0xa, 0x0, 0xd8,
    0x18, 0x31, 0x0, 0x41, 0x10, 0x8, 0x80, 0x44,
    0x3f, 0xfe,

    /* U+C8E1 "죡" */
    0x7f, 0xf0, 0x30, 0x1, 0xc0, 0x33, 0x7, 0x7,
    0xc, 0x40, 0x62, 0x1f, 0xff, 0x0, 0x0, 0x0,
    0x1f, 0xf8, 0x0, 0x40, 0x2, 0x0, 0x10,

    /* U+C8E4 "죤" */
    0x7f, 0xf0, 0x30, 0x1, 0xc0, 0x1b, 0x1, 0x8c,
    0x38, 0x38, 0x22, 0x1, 0x10, 0xff, 0xf8, 0x0,
    0x8, 0x0, 0x40, 0x2, 0x0, 0x1f, 0xf0,

    /* U+C8F5 "죵" */
    0x7f, 0xf0, 0x10, 0x1, 0x40, 0x1b, 0x7, 0x7,
    0x4, 0x40, 0x22, 0x1f, 0xff, 0x0, 0x0, 0xfe,
    0xc, 0x18, 0x40, 0x43, 0x6, 0xf, 0xe0,

    /* U+C8FC "주" */
    0x7f, 0xf0, 0x10, 0x1, 0xc0, 0x1b, 0x3, 0x8e,
    0x30, 0x18, 0x0, 0x1f, 0xff, 0x2, 0x0, 0x10,
    0x0, 0x80, 0x4, 0x0, 0x20, 0x0,

    /* U+C8FD "죽" */
    0x7f, 0xf0, 0x10, 0x1, 0xc0, 0x1b, 0x7, 0x8e,
    0x30, 0x18, 0x0, 0x1f, 0xff, 0x2, 0x0, 0x10,
    0x1f, 0xf8, 0x0, 0x40, 0x2, 0x0, 0x10,

    /* U+C900 "준" */
    0x7f, 0xf0, 0x10, 0x1, 0xc0, 0x1b, 0x3, 0x8e,
    0x30, 0x18, 0x0, 0x1f, 0xff, 0x2, 0x0, 0x10,
    0x8, 0x80, 0x40, 0x2, 0x0, 0x1f, 0xf0,

    /* U+C904 "줄" */
    0x7f, 0xf0, 0x10, 0x1, 0x40, 0x3b, 0x87, 0x7,
    0x0, 0x3, 0xff, 0xe0, 0x40, 0x3f, 0xe0, 0x1,
    0x0, 0x8, 0x7f, 0xc2, 0x0, 0x1f, 0xf8,

    /* U+C905 "줅" */
    0x7f, 0xf0, 0x30, 0x1, 0xc0, 0x33, 0x87, 0x7,
    0x0, 0x3, 0xff, 0xe0, 0x40, 0x2, 0x3, 0xef,
    0x1, 0x8, 0xf8, 0x46, 0x2, 0x3f, 0x10,

    /* U+C906 "줆" */
    0x7f, 0xf0, 0x10, 0x1, 0x40, 0x39, 0x87, 0x7,
    0x0, 0x3, 0xff, 0xe0, 0x40, 0x2, 0x3, 0xef,
    0x81, 0x4c, 0xfa, 0x66, 0x13, 0x3e, 0xf8,

    /* U+C90C "줌" */
    0x7f, 0xf0, 0x30, 0x1, 0x40, 0x31, 0x87, 0x7,
    0x0, 0x3, 0xff, 0xe0, 0x40, 0x2, 0x1, 0xff,
    0x8, 0x8, 0x40, 0x42, 0x2, 0x1f, 0xf0,

    /* U+C90D "줍" */
    0x7f, 0xf0, 0x38, 0x1, 0x40, 0x31, 0x87, 0x7,
    0x0, 0x3, 0xff, 0xe0, 0x40, 0x2, 0x1, 0x1,
    0xf, 0xf8, 0x40, 0x42, 0x2, 0x1f, 0xf0,

    /* U+C90F "줏" */
    0x7f, 0xf0, 0x10, 0x1, 0x40, 0x33, 0x87, 0x7,
    0x0, 0x3, 0xff, 0xe0, 0x40, 0x2, 0x0, 0x10,
    0x0, 0x80, 0xa, 0x3, 0x8e, 0x30, 0x8,

    /* U+C911 "중" */
    0x7f, 0xf0, 0x30, 0x1, 0xc0, 0x1b, 0x3, 0x8e,
    0x30, 0x18, 0x0, 0x1f, 0xff, 0x2, 0x0, 0xfe,
    0xc, 0x18, 0x40, 0x43, 0x6, 0xf, 0xe0,

    /* U+C918 "줘" */
    0x0, 0x17, 0xf9, 0xc, 0x10, 0xc1, 0x1e, 0x17,
    0x39, 0x40, 0x10, 0x1, 0xff, 0xd0, 0xc1, 0xc,
    0xf0, 0xc1, 0xc, 0x10, 0xc1,

    /* U+C92C "줬" */
    0x7f, 0x90, 0x60, 0x87, 0x84, 0xe7, 0x24, 0x1,
    0x7f, 0xe8, 0x30, 0x41, 0x9e, 0xc, 0x10, 0x0,
    0x2, 0x18, 0x38, 0xc3, 0x6d, 0x31, 0xcc,

    /* U+C934 "줴" */
    0x0, 0x57, 0xe5, 0x8, 0x51, 0x85, 0x34, 0x56,
    0x25, 0x0, 0x5f, 0xf5, 0x8, 0x50, 0xbd, 0x8,
    0x50, 0x85, 0x8, 0x50, 0x1,

    /* U+C950 "쥐" */
    0x0, 0x17, 0xf9, 0xc, 0x10, 0xc1, 0x1e, 0x17,
    0x39, 0x40, 0x10, 0x1, 0xff, 0xd0, 0xc1, 0xc,
    0x10, 0xc1, 0xc, 0x10, 0xc1,

    /* U+C951 "쥑" */
    0x7f, 0x90, 0x41, 0xc, 0x11, 0xa1, 0x73, 0x96,
    0x9, 0x0, 0x1f, 0xfd, 0x4, 0x10, 0x40, 0x1f,
    0xf0, 0x1, 0x0, 0x10, 0x1,

    /* U+C954 "쥔" */
    0x0, 0x17, 0xf9, 0xc, 0x10, 0xc1, 0x33, 0x16,
    0x19, 0x0, 0x1f, 0xfd, 0x4, 0x10, 0x41, 0x30,
    0x13, 0x0, 0x30, 0x3, 0xff,

    /* U+C958 "쥘" */
    0x7f, 0x90, 0xc1, 0xe, 0x13, 0x39, 0x60, 0x90,
    0x1, 0xff, 0xd0, 0xc1, 0x3f, 0xf0, 0x1, 0x0,
    0x13, 0xff, 0x30, 0x3, 0xff,

    /* U+C960 "쥠" */
    0x7f, 0x90, 0xc1, 0xe, 0x13, 0x31, 0x61, 0x90,
    0x1, 0xff, 0xd0, 0xc1, 0xc, 0x13, 0xff, 0x30,
    0x13, 0x1, 0x30, 0x13, 0xff,

    /* U+C961 "쥡" */
    0x7f, 0x90, 0xc1, 0xc, 0x13, 0x31, 0x60, 0x90,
    0x1, 0xff, 0xd0, 0x41, 0x4, 0x3, 0x1, 0x3f,
    0xf3, 0x1, 0x30, 0x13, 0xff,

    /* U+C963 "쥣" */
    0x7f, 0x90, 0x60, 0x83, 0x4, 0x3c, 0x27, 0x39,
    0x20, 0x8, 0x0, 0x5f, 0xfa, 0x8, 0x10, 0x40,
    0x82, 0x60, 0x5, 0x1, 0xc7, 0x18, 0x4,

    /* U+C96C "쥬" */
    0x7f, 0xf0, 0x10, 0x1, 0xc0, 0x1b, 0x3, 0x8e,
    0x30, 0x18, 0x0, 0x1f, 0xff, 0x18, 0xc0, 0xc6,
    0x6, 0x30, 0x31, 0x81, 0x8c, 0x0,

    /* U+C970 "쥰" */
    0x7f, 0xf0, 0x10, 0x1, 0xc0, 0x1b, 0x3, 0x8e,
    0x30, 0x18, 0x0, 0x1f, 0xff, 0x4, 0xc0, 0x26,
    0x9, 0x30, 0x40, 0x2, 0x0, 0x1f, 0xf8,

    /* U+C974 "쥴" */
    0x7f, 0xf0, 0x10, 0x1, 0x40, 0x3b, 0x87, 0x7,
    0x0, 0x3, 0xff, 0xe1, 0x10, 0x3f, 0xe0, 0x1,
    0x0, 0x8, 0x7f, 0xc2, 0x0, 0x1f, 0xf8,

    /* U+C97C "쥼" */
    0x7f, 0xf0, 0x30, 0x1, 0x40, 0x39, 0x87, 0x7,
    0x0, 0x3, 0xff, 0xe1, 0x10, 0x8, 0x81, 0xff,
    0x8, 0x8, 0x40, 0x42, 0x2, 0x1f, 0xf0,

    /* U+C988 "즈" */
    0x7f, 0xf0, 0x10, 0x0, 0x80, 0xe, 0x0, 0xd8,
    0xc, 0x61, 0xc1, 0xc0, 0x0, 0x0, 0x0, 0x0,
    0x3f, 0xfe,

    /* U+C989 "즉" */
    0x7f, 0xf0, 0x30, 0x1, 0xc0, 0x1b, 0x7, 0x8e,
    0x30, 0x18, 0x0, 0x1f, 0xff, 0x0, 0x3, 0xff,
    0x0, 0x8, 0x0, 0x40, 0x2, 0x0, 0x10,

    /* U+C98C "즌" */
    0x7f, 0xf0, 0x10, 0x1, 0xc0, 0x1b, 0x3, 0x8e,
    0x30, 0x18, 0x0, 0x1f, 0xff, 0x0, 0x0, 0x0,
    0x8, 0x0, 0x40, 0x2, 0x0, 0x1f, 0xf0,

    /* U+C990 "즐" */
    0x7f, 0xf0, 0x10, 0x1, 0x40, 0x3b, 0x87, 0x7,
    0x0, 0x3, 0xff, 0xe0, 0x0, 0x3f, 0xe0, 0x1,
    0x0, 0x8, 0x7f, 0xc2, 0x0, 0x1f, 0xf8,

    /* U+C998 "즘" */
    0x7f, 0xf0, 0x10, 0x1, 0xc0, 0x1b, 0x3, 0x8e,
    0x30, 0x18, 0x0, 0x1f, 0xff, 0x0, 0x1, 0xff,
    0x8, 0x8, 0x40, 0x42, 0x2, 0x1f, 0xf0,

    /* U+C999 "즙" */
    0x7f, 0xf0, 0x30, 0x1, 0x40, 0x31, 0x87, 0x3,
    0x0, 0x3, 0xff, 0xe0, 0x0, 0x20, 0x21, 0x1,
    0xf, 0xf8, 0x40, 0x42, 0x2, 0x1f, 0xf0,

    /* U+C99B "즛" */
    0x7f, 0xf0, 0x10, 0x1, 0xc0, 0x1b, 0x7, 0x8f,
    0x30, 0x18, 0x0, 0x1f, 0xff, 0x0, 0x0, 0x10,
    0x0, 0x80, 0xa, 0x0, 0xd8, 0x38, 0x38,

    /* U+C99D "증" */
    0x7f, 0xf0, 0x10, 0x1, 0xc0, 0x1b, 0x3, 0x8e,
    0x30, 0x18, 0x0, 0x1f, 0xff, 0x0, 0x0, 0xfe,
    0xc, 0x18, 0x40, 0x43, 0x6, 0xf, 0xe0,

    /* U+C9C0 "지" */
    0x0, 0x3f, 0xe4, 0x60, 0x8c, 0x11, 0x82, 0x30,
    0x46, 0x9, 0xe1, 0x66, 0x38, 0x66, 0x4, 0x80,
    0x10, 0x2, 0x0, 0x40,

    /* U+C9C1 "직" */
    0x0, 0x3f, 0xe4, 0x60, 0x8c, 0x11, 0x82, 0x78,
    0x59, 0x8e, 0x19, 0x80, 0x27, 0xfc, 0x0, 0x80,
    0x10, 0x2, 0x0, 0x40,

    /* U+C9C4 "진" */
    0x0, 0x2f, 0xf2, 0x18, 0x21, 0x82, 0x18, 0x23,
    0xc2, 0x26, 0x2c, 0x32, 0x80, 0x20, 0x2, 0x20,
    0x2, 0x0, 0x20, 0x3, 0xff,

    /* U+C9C7 "짇" */
    0x0, 0x2f, 0xf2, 0x18, 0x21, 0x82, 0x18, 0x22,
    0x42, 0xe3, 0x28, 0x2, 0x0, 0x3, 0xfe, 0x20,
    0x2, 0x0, 0x20, 0x3, 0xff,

    /* U+C9C8 "질" */
    0xff, 0x21, 0x82, 0x18, 0x21, 0x82, 0x34, 0x26,
    0x32, 0x81, 0x20, 0x0, 0x3f, 0xe0, 0x2, 0x3f,
    0xe2, 0x0, 0x20, 0x3, 0xff,

    /* U+C9CA "짊" */
    0x0, 0x3f, 0xe4, 0x60, 0x8c, 0x13, 0xc2, 0xce,
    0x60, 0x48, 0x0, 0x7d, 0xe0, 0xa5, 0xf4, 0xb0,
    0x96, 0x12, 0xfb, 0xc0,

    /* U+C9D0 "짐" */
    0x0, 0x3f, 0xe4, 0x60, 0x8c, 0x11, 0x82, 0x48,
    0x78, 0xcc, 0x1, 0x0, 0x7, 0xfc, 0x80, 0x90,
    0x12, 0x2, 0x7f, 0xc0,

    /* U+C9D1 "집" */
    0x0, 0x3f, 0xe4, 0x60, 0x8c, 0x11, 0x82, 0x68,
    0x59, 0xcc, 0x9, 0x20, 0x24, 0x4, 0xff, 0x90,
    0x12, 0x2, 0x7f, 0xc0,

    /* U+C9D3 "짓" */
    0x0, 0x2f, 0xf2, 0x18, 0x21, 0x82, 0x18, 0x23,
    0xc2, 0x66, 0x2c, 0x32, 0x0, 0x20, 0x22, 0x3,
    0x0, 0x70, 0xd, 0x87, 0x87, 0x0, 0x0,

    /* U+C9D5 "징" */
    0x0, 0x3f, 0xe4, 0x60, 0x8c, 0x11, 0x82, 0x48,
    0x78, 0xcc, 0x1, 0x0, 0x3, 0xf0, 0xc1, 0x90,
    0x13, 0x6, 0x3f, 0x0,

    /* U+C9D6 "짖" */
    0x0, 0x2f, 0xf2, 0x18, 0x21, 0x82, 0x18, 0x22,
    0x42, 0xe3, 0x28, 0x2, 0x0, 0x3, 0xfe, 0x3,
    0x0, 0x70, 0xc, 0xc3, 0x7,

    /* U+C9D9 "짙" */
    0x0, 0x2f, 0xf2, 0x18, 0x21, 0x82, 0x3c, 0x26,
    0x62, 0xc1, 0x20, 0x0, 0x3f, 0xe2, 0x0, 0x20,
    0x3, 0xfe, 0x20, 0x3, 0xff,

    /* U+C9DA "짚" */
    0x0, 0x3f, 0xe4, 0x60, 0x8c, 0x11, 0x82, 0x68,
    0x58, 0xcc, 0x9, 0x0, 0x7, 0xfc, 0x22, 0x4,
    0x40, 0x88, 0x7f, 0xc0,

    /* U+C9DC "짜" */
    0x0, 0x27, 0xbd, 0x8, 0x88, 0x44, 0x42, 0x22,
    0x11, 0x10, 0x88, 0xee, 0x64, 0x55, 0x26, 0xad,
    0x22, 0x28, 0x0, 0x40, 0x2, 0x0, 0x10,

    /* U+C9DD "짝" */
    0x0, 0x11, 0xef, 0x41, 0x11, 0x4, 0x44, 0x13,
    0x1c, 0xae, 0x46, 0xed, 0x0, 0x4, 0x0, 0x0,
    0x7f, 0xc0, 0x1, 0x0, 0x4, 0x0, 0x10, 0x0,
    0x40,

    /* U+C9E0 "짠" */
    0x0, 0x27, 0xbd, 0x8, 0x88, 0x44, 0x42, 0x33,
    0xab, 0x91, 0x56, 0x93, 0x94, 0x0, 0x20, 0x1,
    0x8, 0x0, 0x40, 0x2, 0x0, 0x1f, 0xf8,

    /* U+C9E2 "짢" */
    0x7f, 0x90, 0xc8, 0x43, 0x21, 0xc, 0xc7, 0x37,
    0x11, 0x76, 0x44, 0xc9, 0x0, 0x0, 0x27, 0xf8,
    0x9f, 0xe2, 0x1e, 0x8, 0xc4, 0x27, 0x10, 0xe7,
    0x80,

    /* U+C9E4 "짤" */
    0x7b, 0xd0, 0x44, 0x41, 0x11, 0xc, 0xc7, 0x3b,
    0x91, 0xbb, 0x40, 0x45, 0x0, 0x0, 0x1f, 0xf0,
    0x0, 0x41, 0xff, 0x4, 0x0, 0x10, 0x0, 0x7f,
    0xe0,

    /* U+C9E7 "짧" */
    0x7b, 0xd0, 0x44, 0x41, 0x11, 0x4, 0xc7, 0x3b,
    0x91, 0xbb, 0x44, 0x45, 0x0, 0x0, 0x3e, 0x90,
    0x1a, 0x40, 0x6f, 0xf, 0xa4, 0x30, 0x90, 0xfb,
    0xc0,

    /* U+C9EC "짬" */
    0x0, 0x11, 0xef, 0x41, 0x11, 0x4, 0x47, 0x33,
    0x10, 0xaa, 0x44, 0xc5, 0x0, 0x4, 0x0, 0x0,
    0x7f, 0xc1, 0x1, 0x4, 0x4, 0x10, 0x10, 0x7f,
    0xc0,

    /* U+C9ED "짭" */
    0x0, 0x11, 0xef, 0x41, 0x11, 0x4, 0x47, 0x33,
    0x10, 0xaa, 0x44, 0xcd, 0x1, 0x4, 0x10, 0x10,
    0x40, 0x41, 0xff, 0x4, 0x4, 0x10, 0x10, 0x7f,
    0xc0,

    /* U+C9EF "짯" */
    0x0, 0x11, 0xef, 0x41, 0x11, 0x4, 0x44, 0x33,
    0x1c, 0xea, 0x46, 0xed, 0x11, 0x14, 0x0, 0x10,
    0x4, 0x40, 0x38, 0x0, 0xe0, 0x6, 0xc0, 0xe0,
    0xe0,

    /* U+C9F0 "짰" */
    0x0, 0x11, 0xef, 0x41, 0x11, 0x4, 0x47, 0x33,
    0x90, 0xaa, 0x44, 0xe5, 0x0, 0x4, 0x0, 0x0,
    0x30, 0x80, 0xc2, 0x7, 0x14, 0x32, 0xd8, 0x86,
    0x30,

    /* U+C9F1 "짱" */
    0x0, 0x11, 0xef, 0x41, 0x11, 0x4, 0x44, 0x33,
    0x1c, 0xee, 0x46, 0xe9, 0x13, 0x14, 0x0, 0x10,
    0x3f, 0x1, 0x83, 0x4, 0x4, 0x18, 0x30, 0x3f,
    0x0,

    /* U+C9F8 "째" */
    0x0, 0x48, 0x2, 0x5f, 0x92, 0x48, 0x92, 0x44,
    0x92, 0x24, 0x91, 0xe4, 0xc9, 0x5a, 0x4e, 0xda,
    0x40, 0x12, 0x0, 0x90, 0x4, 0x80, 0x4,

    /* U+C9F9 "짹" */
    0x0, 0x5f, 0xfa, 0xd9, 0x96, 0xcc, 0xb6, 0x67,
    0xb3, 0x2e, 0x75, 0x61, 0xb, 0x0, 0x19, 0xff,
    0xc0, 0x6, 0x0, 0x30, 0x1, 0x80, 0xc,

    /* U+C9FC "짼" */
    0x0, 0x57, 0xfa, 0x89, 0x94, 0x4c, 0xa6, 0x67,
    0x33, 0x2b, 0x75, 0x53, 0x3a, 0x0, 0x50, 0x2,
    0x84, 0x4, 0x20, 0x1, 0x0, 0xf, 0xfc,

    /* U+CA00 "쨀" */
    0x0, 0x57, 0xfa, 0x89, 0x94, 0xcc, 0xe6, 0x65,
    0x6e, 0xa8, 0x21, 0x40, 0x0, 0x1f, 0xf0, 0x0,
    0x87, 0xfc, 0x20, 0x1, 0x0, 0xf, 0xfc,

    /* U+CA08 "쨈" */
    0x0, 0x4f, 0xfa, 0x49, 0x92, 0x4c, 0xf6, 0x64,
    0xab, 0xa6, 0x67, 0x20, 0x9, 0x0, 0x0, 0xff,
    0xc4, 0x2, 0x20, 0x11, 0x0, 0x8f, 0xfc,

    /* U+CA09 "쨉" */
    0x0, 0x4f, 0xfa, 0x49, 0x92, 0xcc, 0xf6, 0x64,
    0xee, 0xa6, 0x21, 0x20, 0x1, 0x10, 0x8, 0x80,
    0x47, 0xfe, 0x20, 0x11, 0x0, 0x8f, 0xfc,

    /* U+CA0B "쨋" */
    0x0, 0x97, 0xfc, 0x89, 0x24, 0x49, 0x26, 0x6f,
    0x3b, 0x4b, 0x6e, 0x40, 0x12, 0x0, 0x10, 0x8,
    0x80, 0x40, 0x5, 0x0, 0x6c, 0x1c, 0x3c, 0x80,
    0x0,

    /* U+CA0C "쨌" */
    0x0, 0x57, 0xfa, 0x89, 0x94, 0x4c, 0xa6, 0x67,
    0x3b, 0x2b, 0x75, 0x51, 0xa, 0x8, 0x20, 0x61,
    0x3, 0x18, 0x28, 0xc7, 0x39, 0xa0, 0x80,

    /* U+CA0D "쨍" */
    0x0, 0x4f, 0xfa, 0x49, 0x92, 0x4c, 0x96, 0x67,
    0xbb, 0x27, 0x75, 0x21, 0x9, 0x0, 0x8, 0x7f,
    0x6, 0x6, 0x20, 0x11, 0x81, 0x87, 0xf0,

    /* U+CA14 "쨔" */
    0x0, 0x27, 0xbd, 0x8, 0x88, 0x44, 0x42, 0x23,
    0x91, 0x10, 0x88, 0x8c, 0x64, 0x55, 0x3e, 0xad,
    0x22, 0x28, 0x0, 0x40, 0x2, 0x0, 0x10,

    /* U+CA18 "쨘" */
    0x0, 0x27, 0xbd, 0x3d, 0xe8, 0x44, 0x72, 0x22,
    0x31, 0x91, 0x54, 0xf3, 0x94, 0x8, 0x20, 0x1,
    0x8, 0x0, 0x40, 0x2, 0x0, 0x1f, 0xf8,

    /* U+CA29 "쨩" */
    0x0, 0x11, 0xef, 0x41, 0x11, 0xc4, 0x44, 0x33,
    0x10, 0xaa, 0x7e, 0xed, 0x11, 0x14, 0x0, 0x10,
    0x3f, 0x1, 0x83, 0x4, 0x4, 0x18, 0x30, 0x3f,
    0x0,

    /* U+CA4C "쩌" */
    0x0, 0x1f, 0x79, 0x22, 0x12, 0x21, 0x22, 0x12,
    0x27, 0x22, 0x16, 0x71, 0x55, 0x1d, 0xd9, 0x88,
    0x90, 0x1, 0x0, 0x10, 0x1,

    /* U+CA4D "쩍" */
    0x0, 0xb, 0xde, 0x44, 0x42, 0x22, 0x71, 0xb8,
    0x95, 0x65, 0x19, 0xa0, 0x1, 0x0, 0x0, 0xff,
    0xc0, 0x2, 0x0, 0x10, 0x0, 0x80, 0x4,

    /* U+CA50 "쩐" */
    0x0, 0x1f, 0x79, 0x22, 0x12, 0x21, 0x23, 0x76,
    0x31, 0x57, 0x9d, 0xcd, 0x8, 0x10, 0x1, 0x30,
    0x13, 0x0, 0x30, 0x3, 0xff,

    /* U+CA54 "쩔" */
    0x7b, 0xc8, 0x88, 0x44, 0x42, 0x63, 0x73, 0xb8,
    0xb7, 0x65, 0x10, 0x20, 0x0, 0x1f, 0xf8, 0x0,
    0x47, 0xfe, 0x20, 0x1, 0x0, 0xf, 0xfc,

    /* U+CA5C "쩜" */
    0x0, 0xb, 0xde, 0x44, 0x42, 0x22, 0x73, 0x38,
    0x95, 0x45, 0x39, 0xa0, 0x1, 0x0, 0x0, 0xff,
    0xc4, 0x2, 0x20, 0x11, 0x0, 0x8f, 0xfc,

    /* U+CA5D "쩝" */
    0x0, 0xb, 0xde, 0x44, 0x42, 0x22, 0x73, 0x38,
    0x95, 0x45, 0x39, 0xa0, 0x81, 0x10, 0x8, 0x80,
    0x47, 0xfe, 0x20, 0x11, 0x0, 0x8f, 0xfc,

    /* U+CA5F "쩟" */
    0x0, 0x9, 0xef, 0x21, 0x10, 0x84, 0x4e, 0x31,
    0x88, 0xaa, 0x26, 0xec, 0x91, 0x2, 0x0, 0x8,
    0x6, 0x20, 0x18, 0x0, 0xf0, 0x6, 0x60, 0xe0,
    0x70,

    /* U+CA60 "쩠" */
    0x0, 0x19, 0xef, 0x61, 0x11, 0x84, 0x5e, 0x33,
    0x18, 0xaa, 0x64, 0xc5, 0x80, 0x6, 0xc, 0x20,
    0x30, 0x80, 0xc2, 0x7, 0x94, 0x33, 0x8c, 0x4,
    0x0,

    /* U+CA61 "쩡" */
    0x0, 0xb, 0xde, 0x44, 0x42, 0x22, 0x73, 0x18,
    0x95, 0x45, 0xb9, 0x28, 0x81, 0x0, 0x8, 0x3f,
    0x6, 0x6, 0x20, 0x11, 0x81, 0x83, 0xf0,

    /* U+CA68 "쩨" */
    0x0, 0x48, 0x2, 0x5f, 0x92, 0x48, 0x92, 0x44,
    0x92, 0xe4, 0x91, 0x2c, 0xc9, 0x5a, 0x4e, 0xda,
    0x40, 0x12, 0x0, 0x90, 0x4, 0x80, 0x4,

    /* U+CA7D "쩽" */
    0x0, 0x9f, 0xe9, 0x48, 0x94, 0xf9, 0x6c, 0x9e,
    0xc9, 0xb2, 0x91, 0x9, 0x0, 0x10, 0xfc, 0x30,
    0x32, 0x1, 0x30, 0x30, 0xfc,

    /* U+CA84 "쪄" */
    0x0, 0x1f, 0x79, 0x22, 0x12, 0x21, 0x22, 0x72,
    0x21, 0x22, 0x12, 0x37, 0x55, 0x15, 0x59, 0x88,
    0x90, 0x1, 0x0, 0x10, 0x1,

    /* U+CA98 "쪘" */
    0x0, 0x19, 0xef, 0x61, 0x13, 0x84, 0x46, 0x33,
    0x18, 0xee, 0xe6, 0xed, 0x81, 0x6, 0xc, 0x20,
    0x30, 0x80, 0xc2, 0x7, 0x94, 0x33, 0xcc, 0x4,
    0x0,

    /* U+CABC "쪼" */
    0x7d, 0xf0, 0x82, 0x4, 0x10, 0x31, 0x82, 0x8a,
    0x33, 0x98, 0x8, 0x0, 0x40, 0x2, 0x0, 0x10,
    0x3f, 0xfe,

    /* U+CABD "쪽" */
    0x7d, 0xf0, 0x86, 0x6, 0x30, 0x53, 0xce, 0x73,
    0x80, 0x0, 0x8, 0x1f, 0xff, 0x0, 0x0, 0x0,
    0x1f, 0xf8, 0x0, 0x40, 0x2, 0x0, 0x10,

    /* U+CAC0 "쫀" */
    0x7d, 0xf0, 0x86, 0x6, 0x30, 0x5b, 0xce, 0x73,
    0x1, 0x0, 0x8, 0x1f, 0xff, 0x0, 0x0, 0x0,
    0x8, 0x0, 0x40, 0x2, 0x0, 0x1f, 0xf0,

    /* U+CAC4 "쫄" */
    0x7d, 0xf0, 0x86, 0x6, 0x30, 0x5b, 0x44, 0x21,
    0x1, 0x3, 0xff, 0xe0, 0x0, 0x3f, 0xe0, 0x1,
    0x0, 0x8, 0x7f, 0xc2, 0x0, 0x1f, 0xf8,

    /* U+CACC "쫌" */
    0x7d, 0xf0, 0x82, 0x6, 0x30, 0x5b, 0xce, 0x73,
    0x80, 0x0, 0x8, 0x1f, 0xff, 0x0, 0x1, 0xff,
    0x8, 0x8, 0x40, 0x42, 0x2, 0x1f, 0xf0,

    /* U+CACD "쫍" */
    0x7d, 0xf0, 0x82, 0x6, 0x30, 0x5b, 0xc6, 0x73,
    0x21, 0x8, 0x8, 0x1f, 0xff, 0x0, 0x1, 0x1,
    0xf, 0xf8, 0x40, 0x42, 0x2, 0x1f, 0xf0,

    /* U+CACF "쫏" */
    0x7d, 0xf0, 0x82, 0x6, 0x30, 0x5b, 0xce, 0x73,
    0x80, 0x0, 0x8, 0x1f, 0xff, 0x0, 0x0, 0x10,
    0x0, 0x80, 0xa, 0x1, 0x9c, 0x38, 0x38,

    /* U+CAD1 "쫑" */
    0x7d, 0xf0, 0x82, 0x6, 0x30, 0x5b, 0xce, 0x73,
    0x80, 0x0, 0x8, 0x1f, 0xff, 0x0, 0x0, 0xfe,
    0xc, 0x18, 0x40, 0x43, 0x6, 0xf, 0xe0,

    /* U+CAD3 "쫓" */
    0x7d, 0xf0, 0x82, 0xe, 0x30, 0xce, 0x64, 0x21,
    0x1, 0x3, 0xff, 0xe0, 0x0, 0x2, 0x1, 0xff,
    0x0, 0x80, 0xa, 0x1, 0x8c, 0x30, 0x18,

    /* U+CAD8 "쫘" */
    0x0, 0x11, 0xef, 0x41, 0x11, 0x4, 0x44, 0x33,
    0x10, 0xee, 0x46, 0xed, 0xc0, 0x14, 0x4, 0x10,
    0x10, 0x47, 0xfd, 0x0, 0x4, 0x0, 0x10, 0x0,
    0x40,

    /* U+CAD9 "쫙" */
    0x7f, 0xd0, 0x4c, 0x41, 0x31, 0xe, 0xe4, 0x6e,
    0xdd, 0x1, 0x40, 0x41, 0x3f, 0xf4, 0x0, 0x10,
    0x0, 0x3, 0xff, 0x0, 0x4, 0x0, 0x10, 0x0,
    0x40,

    /* U+CAE0 "쫠" */
    0x7f, 0xd0, 0x4c, 0x43, 0x31, 0x1b, 0xb7, 0x44,
    0x50, 0x10, 0x4f, 0xfd, 0x12, 0x4, 0x3f, 0xf0,
    0x0, 0x40, 0x1, 0xf, 0xfc, 0x30, 0x0, 0xff,
    0xe0,

    /* U+CAEC "쫬" */
    0x7f, 0xb0, 0x4c, 0xc1, 0x33, 0xe, 0xcc, 0x6f,
    0xbd, 0x0, 0xc0, 0x43, 0x3f, 0xfc, 0x0, 0x30,
    0x21, 0x0, 0x84, 0x7, 0x18, 0x34, 0xb1, 0x8c,
    0x60,

    /* U+CAF4 "쫴" */
    0x0, 0x4b, 0xfa, 0x44, 0x92, 0x24, 0x93, 0x24,
    0x9f, 0xa5, 0x37, 0xe0, 0x9, 0xc, 0x48, 0x62,
    0x5f, 0xf2, 0x0, 0x90, 0x4, 0x80, 0x4,

    /* U+CB08 "쬈" */
    0xfe, 0x92, 0x64, 0x93, 0x24, 0xd9, 0x2b, 0xef,
    0x1, 0x48, 0x42, 0x5f, 0xd2, 0x0, 0x10, 0x82,
    0x4, 0x30, 0x31, 0x82, 0xde, 0x63, 0x9c, 0x0,
    0x0,

    /* U+CB10 "쬐" */
    0x0, 0x17, 0xb9, 0x11, 0x11, 0x11, 0x33, 0x12,
    0xb9, 0x4c, 0xd0, 0x1, 0x4, 0x10, 0x41, 0x7f,
    0xd0, 0x1, 0x0, 0x10, 0x1,

    /* U+CB14 "쬔" */
    0x0, 0x17, 0xfd, 0x11, 0x13, 0x31, 0x3b, 0x96,
    0xcd, 0x4, 0x10, 0x41, 0xff, 0xd0, 0x1, 0x10,
    0x11, 0x0, 0x10, 0x1, 0xff,

    /* U+CB18 "쬘" */
    0x7f, 0xd0, 0x88, 0x8c, 0xc4, 0x5d, 0x24, 0x45,
    0x2, 0xb, 0xff, 0x5f, 0x82, 0x1f, 0xf0, 0x0,
    0x80, 0x4, 0x3f, 0xe1, 0x0, 0xf, 0xfc,

    /* U+CB20 "쬠" */
    0x7f, 0xd1, 0x11, 0x33, 0x13, 0xb9, 0x6c, 0xd0,
    0x5, 0x4, 0x1f, 0xfd, 0x0, 0x11, 0xff, 0x10,
    0x11, 0x1, 0x10, 0x11, 0xff,

    /* U+CB21 "쬡" */
    0x7f, 0xd1, 0x11, 0x33, 0x13, 0xb9, 0x6c, 0xd0,
    0x5, 0x4, 0x1f, 0xfd, 0x0, 0x1, 0x1, 0x1f,
    0xf1, 0x1, 0x10, 0x11, 0xff,

    /* U+CB41 "쭁" */
    0x7d, 0xf0, 0x82, 0x6, 0x30, 0x5b, 0xce, 0x73,
    0x8c, 0x60, 0x63, 0x1f, 0xff, 0x0, 0x0, 0xfe,
    0xc, 0x18, 0x40, 0x43, 0x6, 0xf, 0xe0,

    /* U+CB48 "쭈" */
    0x7d, 0xf0, 0x82, 0x6, 0x30, 0x71, 0xc6, 0x5b,
    0x1, 0x0, 0x0, 0x1f, 0xff, 0x2, 0x0, 0x10,
    0x0, 0x80, 0x4, 0x0, 0x20, 0x0,

    /* U+CB49 "쭉" */
    0x7d, 0xf0, 0x86, 0x6, 0x30, 0x51, 0xc6, 0xd3,
    0x23, 0x8, 0x0, 0x1f, 0xff, 0x2, 0x0, 0x10,
    0x1f, 0xf8, 0x0, 0x40, 0x2, 0x0, 0x10,

    /* U+CB4C "쭌" */
    0x7d, 0xf0, 0x86, 0x6, 0x30, 0x71, 0xc6, 0xd3,
    0x21, 0x8, 0x0, 0x1f, 0xff, 0x2, 0x0, 0x10,
    0x8, 0x80, 0x40, 0x2, 0x0, 0x1f, 0xf0,

    /* U+CB50 "쭐" */
    0x7d, 0xf0, 0x86, 0x6, 0x30, 0x5b, 0x44, 0x71,
    0x0, 0x3, 0xff, 0xe0, 0x40, 0x3f, 0xe0, 0x1,
    0x0, 0x8, 0x7f, 0xc2, 0x0, 0x1f, 0xf8,

    /* U+CB58 "쭘" */
    0x7d, 0xf0, 0x82, 0x6, 0x30, 0x71, 0xc6, 0xd3,
    0x23, 0x88, 0x0, 0x1f, 0xff, 0x2, 0x1, 0xff,
    0x8, 0x8, 0x40, 0x42, 0x2, 0x1f, 0xf0,

    /* U+CB59 "쭙" */
    0x7d, 0xf0, 0x82, 0x6, 0x30, 0x5b, 0x44, 0x71,
    0x0, 0x3, 0xff, 0xe0, 0x40, 0x2, 0x1, 0x1,
    0xf, 0xf8, 0x40, 0x42, 0x2, 0x1f, 0xf0,

    /* U+CB5D "쭝" */
    0x7d, 0xf0, 0x82, 0x6, 0x30, 0x71, 0xc6, 0xdb,
    0x23, 0x88, 0x0, 0x1f, 0xff, 0x2, 0x0, 0xfe,
    0xc, 0x18, 0x40, 0x43, 0x6, 0xf, 0xe0,

    /* U+CB64 "쭤" */
    0x0, 0x3e, 0xf4, 0x88, 0x91, 0x16, 0x73, 0xba,
    0x66, 0x28, 0x1, 0xff, 0xa1, 0x4, 0x27, 0x84,
    0x10, 0x82, 0x10, 0x40,

    /* U+CB78 "쭸" */
    0x7f, 0x90, 0x88, 0x8c, 0xc4, 0xdd, 0x24, 0x41,
    0x7f, 0xe9, 0xf0, 0x41, 0x9e, 0xc, 0x10, 0x0,
    0x2, 0x10, 0x38, 0xc3, 0x6b, 0x31, 0x8c,

    /* U+CB79 "쭹" */
    0x7f, 0xd1, 0x11, 0x33, 0x16, 0xe9, 0x44, 0x5f,
    0xfd, 0x7c, 0x10, 0xcf, 0xc, 0x10, 0x0, 0xf,
    0xe1, 0x1, 0x10, 0x10, 0xfe,

    /* U+CB9C "쮜" */
    0x0, 0x3e, 0xf4, 0x88, 0x91, 0x16, 0x73, 0xbb,
    0x62, 0x28, 0x1, 0xff, 0xa1, 0x4, 0x20, 0x84,
    0x10, 0x82, 0x10, 0x40,

    /* U+CBB8 "쮸" */
    0x7d, 0xf0, 0x82, 0x6, 0x30, 0x71, 0xc6, 0xdb,
    0x21, 0x8, 0x0, 0x1f, 0xff, 0x18, 0xc0, 0xc6,
    0x6, 0x30, 0x31, 0x81, 0x8c, 0x0,

    /* U+CBD4 "쯔" */
    0x7d, 0xf0, 0x82, 0x4, 0x10, 0x31, 0x82, 0x8e,
    0x36, 0xdb, 0x1c, 0x60, 0x0, 0x0, 0x0, 0x0,
    0x3f, 0xfe,

    /* U+CBE4 "쯤" */
    0x7d, 0xf0, 0x82, 0x6, 0x30, 0x71, 0xc6, 0x53,
    0x21, 0x8, 0x0, 0x1f, 0xff, 0x0, 0x1, 0xff,
    0x8, 0x8, 0x40, 0x42, 0x2, 0x1f, 0xf0,

    /* U+CBE7 "쯧" */
    0x7d, 0xf0, 0x82, 0x6, 0x30, 0x71, 0xc6, 0xd3,
    0x21, 0x8, 0x0, 0x1f, 0xff, 0x0, 0x0, 0x10,
    0x0, 0x80, 0xe, 0x0, 0xd8, 0x38, 0x38,

    /* U+CBE9 "쯩" */
    0x7d, 0xf0, 0x82, 0x6, 0x30, 0x71, 0xc6, 0xd3,
    0x21, 0x8, 0x0, 0x1f, 0xff, 0x0, 0x0, 0xfe,
    0xc, 0x18, 0x40, 0x43, 0x6, 0xf, 0xe0,

    /* U+CC0C "찌" */
    0x0, 0x1f, 0x79, 0x22, 0x12, 0x21, 0x22, 0x12,
    0x21, 0x22, 0x15, 0x51, 0x55, 0x1d, 0xd9, 0x88,
    0x90, 0x1, 0x0, 0x10, 0x1,

    /* U+CC0D "찍" */
    0x0, 0x17, 0xbd, 0x31, 0x13, 0x11, 0x31, 0x93,
    0xa9, 0x4e, 0x50, 0x41, 0x0, 0x3, 0xff, 0x0,
    0x10, 0x1, 0x0, 0x10, 0x1,

    /* U+CC10 "찐" */
    0x0, 0x13, 0xde, 0x84, 0x44, 0x22, 0x21, 0x11,
    0x19, 0xc9, 0xaa, 0x49, 0xca, 0x0, 0x10, 0x0,
    0x84, 0x4, 0x20, 0x1, 0x0, 0xf, 0xfc,

    /* U+CC14 "찔" */
    0xf7, 0xa4, 0x44, 0x88, 0xb1, 0x95, 0x53, 0x39,
    0x42, 0x8, 0x0, 0x3f, 0xe0, 0x4, 0xff, 0x90,
    0x2, 0x0, 0x7f, 0xc0,

    /* U+CC1C "찜" */
    0x0, 0x17, 0xbd, 0x11, 0x11, 0x11, 0x31, 0x92,
    0xa9, 0x4e, 0x50, 0x41, 0x0, 0x1, 0xff, 0x10,
    0x11, 0x1, 0x10, 0x11, 0xff,

    /* U+CC1D "찝" */
    0x0, 0x17, 0xbd, 0x11, 0x11, 0x11, 0x31, 0x92,
    0xa9, 0x4e, 0x50, 0x41, 0x10, 0x11, 0x1, 0x1f,
    0xf1, 0x1, 0x10, 0x11, 0xff,

    /* U+CC21 "찡" */
    0x0, 0x17, 0xbd, 0x11, 0x11, 0x11, 0x31, 0x93,
    0xb9, 0x6a, 0xd4, 0x45, 0x0, 0x10, 0xfc, 0x18,
    0x31, 0x1, 0x18, 0x30, 0xfc,

    /* U+CC22 "찢" */
    0x0, 0x13, 0xde, 0x84, 0x44, 0x22, 0x23, 0x19,
    0x15, 0x49, 0x39, 0x40, 0x2, 0x0, 0x0, 0xff,
    0x80, 0x60, 0x7, 0x0, 0x66, 0xc, 0x18,

    /* U+CC27 "찧" */
    0xf7, 0xa4, 0x44, 0x88, 0xb1, 0x97, 0x73, 0xab,
    0x62, 0x28, 0x19, 0x3, 0x7, 0x9c, 0x3e, 0x8,
    0x21, 0x4, 0x1f, 0x80,

    /* U+CC28 "차" */
    0x18, 0x20, 0xc1, 0x3f, 0xc8, 0x30, 0x41, 0x82,
    0xc, 0x10, 0x60, 0xe7, 0x84, 0x24, 0x23, 0x31,
    0x30, 0xc8, 0x0, 0x40, 0x2, 0x0, 0x10,

    /* U+CC29 "착" */
    0x8, 0x20, 0x41, 0x3f, 0xc8, 0x10, 0x41, 0x83,
    0x8e, 0x10, 0xd8, 0x9c, 0x64, 0x80, 0x21, 0xff,
    0x0, 0x8, 0x0, 0x40, 0x2, 0x0, 0x10,

    /* U+CC2C "찬" */
    0x18, 0x20, 0xc1, 0x3f, 0xc8, 0x30, 0x41, 0x83,
    0x8c, 0x10, 0x98, 0x98, 0x64, 0x80, 0x20, 0x1,
    0x8, 0x0, 0x40, 0x2, 0x0, 0x1f, 0xf8,

    /* U+CC2E "찮" */
    0x18, 0x27, 0xf9, 0x6, 0x8, 0x30, 0x71, 0xc2,
    0x33, 0x93, 0x4, 0x80, 0x0, 0x0, 0xc2, 0x3f,
    0x90, 0x78, 0x86, 0x44, 0x72, 0x3c, 0xf0,

    /* U+CC30 "찰" */
    0x18, 0x27, 0xf9, 0x6, 0x8, 0x30, 0x73, 0xc2,
    0x33, 0x93, 0x4, 0x80, 0x0, 0x3f, 0xe0, 0x1,
    0x0, 0x8, 0x7f, 0xc2, 0x0, 0x1f, 0xf8,

    /* U+CC38 "참" */
    0x18, 0x27, 0xf9, 0x6, 0x8, 0x30, 0x71, 0x82,
    0x13, 0x13, 0xc, 0x90, 0x4, 0x0, 0x1, 0xff,
    0x8, 0x8, 0x40, 0x42, 0x2, 0x1f, 0xf0,

    /* U+CC39 "찹" */
    0x18, 0x27, 0xf9, 0x6, 0x8, 0x30, 0x71, 0x82,
    0x12, 0x13, 0x8c, 0x90, 0x24, 0x0, 0x1, 0x1,
    0xf, 0xf8, 0x40, 0x42, 0x2, 0x1f, 0xf0,

    /* U+CC3B "찻" */
    0x18, 0x20, 0xc1, 0x3f, 0xc8, 0x30, 0x41, 0x83,
    0x8e, 0x10, 0x98, 0x98, 0x64, 0x80, 0x20, 0x11,
    0x0, 0xc0, 0xe, 0x0, 0xd8, 0x3c, 0x39, 0x0,
    0x40,

    /* U+CC3C "찼" */
    0x18, 0x27, 0xf9, 0x6, 0x8, 0x30, 0x71, 0x82,
    0x12, 0x13, 0x8c, 0x90, 0x24, 0x0, 0x0, 0xc2,
    0x6, 0x30, 0x71, 0x46, 0x5b, 0x21, 0x88,

    /* U+CC3D "창" */
    0x18, 0x20, 0xc1, 0x3f, 0xc8, 0x30, 0x41, 0x83,
    0x8e, 0x10, 0x98, 0x98, 0x64, 0x80, 0x20, 0xfc,
    0xc, 0x18, 0xc0, 0x43, 0x6, 0xf, 0xc0,

    /* U+CC3E "찾" */
    0x18, 0x27, 0xf9, 0x6, 0x8, 0x30, 0x71, 0x82,
    0x12, 0x13, 0x8c, 0x90, 0x4, 0x0, 0x1, 0xff,
    0x0, 0x80, 0xa, 0x1, 0xdc, 0x38, 0x38,

    /* U+CC44 "채" */
    0x10, 0x91, 0x9, 0x10, 0x9f, 0xe9, 0x10, 0x91,
    0x9, 0x10, 0xf2, 0x89, 0x6c, 0x9c, 0x69, 0x82,
    0x90, 0x9, 0x0, 0x90, 0x1,

    /* U+CC45 "책" */
    0x21, 0x24, 0x27, 0xf4, 0x90, 0x93, 0x1e, 0xe2,
    0x73, 0x4c, 0x9, 0x0, 0x7, 0xfc, 0x0, 0x80,
    0x10, 0x2, 0x0, 0x40,

    /* U+CC48 "챈" */
    0x31, 0x23, 0x12, 0xfd, 0x23, 0x12, 0x31, 0xe3,
    0x12, 0x49, 0x2c, 0xd2, 0x81, 0x20, 0x12, 0x20,
    0x22, 0x0, 0x20, 0x3, 0xff,

    /* U+CC4C "챌" */
    0x31, 0x27, 0xe9, 0xc, 0x48, 0x63, 0xc3, 0x12,
    0x26, 0x92, 0x14, 0x80, 0x0, 0x3f, 0xe0, 0x1,
    0x0, 0x8, 0x7f, 0xc2, 0x0, 0x1f, 0xfc,

    /* U+CC54 "챔" */
    0x31, 0x26, 0x27, 0xf4, 0x98, 0x93, 0x1e, 0x62,
    0x53, 0x4c, 0x29, 0x0, 0x7, 0xfc, 0x80, 0x90,
    0x12, 0x2, 0x7f, 0xc0,

    /* U+CC55 "챕" */
    0x31, 0x3f, 0xa4, 0xc4, 0x98, 0xf3, 0x12, 0xd2,
    0x73, 0x4c, 0x29, 0x20, 0x24, 0x4, 0xff, 0x90,
    0x12, 0x2, 0x7f, 0xc0,

    /* U+CC57 "챗" */
    0x31, 0x23, 0x12, 0xfd, 0x23, 0x12, 0x31, 0xe3,
    0x92, 0x4d, 0x28, 0x52, 0x0, 0x20, 0x20, 0x7,
    0x0, 0xd8, 0x38, 0xe0, 0x0,

    /* U+CC58 "챘" */
    0x31, 0x23, 0x12, 0xfd, 0x23, 0x12, 0x31, 0xe3,
    0x12, 0x4d, 0x28, 0x52, 0x0, 0x1, 0x8, 0x18,
    0xc3, 0x9c, 0x6f, 0x34, 0x21,

    /* U+CC59 "챙" */
    0x31, 0x13, 0x11, 0xfd, 0x13, 0x11, 0x31, 0xf3,
    0x91, 0x4d, 0x18, 0x51, 0x0, 0x10, 0xfc, 0x30,
    0x32, 0x1, 0x30, 0x30, 0xfc,

    /* U+CC60 "챠" */
    0x18, 0x20, 0xc1, 0x3f, 0xc8, 0x30, 0x71, 0x82,
    0xc, 0x10, 0x60, 0x87, 0x84, 0x24, 0x3b, 0x31,
    0x30, 0x48, 0x0, 0x40, 0x2, 0x0, 0x10,

    /* U+CC64 "챤" */
    0x18, 0x20, 0xc1, 0x3f, 0xc8, 0x30, 0x71, 0x82,
    0xc, 0x10, 0x98, 0xf8, 0x64, 0x80, 0x20, 0x1,
    0x8, 0x0, 0x40, 0x2, 0x0, 0x1f, 0xf8,

    /* U+CC66 "챦" */
    0x18, 0x20, 0xc1, 0x3f, 0xce, 0x30, 0x41, 0xc3,
    0xb3, 0x93, 0x4, 0x80, 0x0, 0x0, 0xc2, 0x3f,
    0x90, 0x78, 0x86, 0x44, 0x72, 0x3c, 0xf0,

    /* U+CC68 "챨" */
    0x18, 0x20, 0xc1, 0x3f, 0xce, 0x30, 0x43, 0xc3,
    0xb3, 0x92, 0x4, 0x80, 0x0, 0x3f, 0xe0, 0x1,
    0x0, 0x8, 0x7f, 0xc2, 0x0, 0x1f, 0xf8,

    /* U+CC70 "챰" */
    0x18, 0x20, 0xc1, 0x3f, 0xce, 0x30, 0x41, 0x82,
    0x1e, 0x1f, 0x9c, 0x90, 0x4, 0x0, 0x1, 0xff,
    0x8, 0x8, 0x40, 0x42, 0x2, 0x1f, 0xf0,

    /* U+CC75 "챵" */
    0x18, 0x20, 0xc1, 0x3f, 0xce, 0x30, 0x41, 0x82,
    0x1e, 0x1d, 0x98, 0x98, 0x64, 0x80, 0x20, 0xfc,
    0xc, 0x18, 0xc0, 0x43, 0x6, 0xf, 0xc0,

    /* U+CC98 "처" */
    0x10, 0x22, 0x7, 0xfc, 0x88, 0x11, 0x2, 0x30,
    0x46, 0x79, 0xc1, 0x2c, 0x2c, 0xc7, 0xc, 0x80,
    0x10, 0x2, 0x0, 0x40,

    /* U+CC99 "척" */
    0x10, 0x22, 0x7, 0xfc, 0x88, 0x11, 0x9e, 0x70,
    0x49, 0xe, 0x19, 0x81, 0x27, 0xfc, 0x0, 0x80,
    0x10, 0x2, 0x0, 0x40,

    /* U+CC9C "천" */
    0x10, 0x21, 0x2, 0xff, 0x21, 0x2, 0x19, 0xe1,
    0x82, 0x24, 0x2c, 0x32, 0x81, 0x20, 0x2, 0x30,
    0x3, 0x0, 0x30, 0x3, 0xff,

    /* U+CCA0 "철" */
    0x10, 0x2f, 0xf2, 0x10, 0x21, 0x9e, 0x3c, 0x26,
    0x72, 0x81, 0x20, 0x0, 0x3f, 0xe0, 0x2, 0x3f,
    0xe2, 0x0, 0x20, 0x3, 0xff,

    /* U+CCA8 "첨" */
    0x10, 0x3f, 0xe4, 0x40, 0x8c, 0x11, 0x9e, 0x58,
    0x79, 0xcc, 0x9, 0x0, 0x7, 0xfc, 0x80, 0x90,
    0x12, 0x2, 0x7f, 0xc0,

    /* U+CCA9 "첩" */
    0x10, 0x3f, 0xe4, 0x40, 0x8c, 0x11, 0x9e, 0x78,
    0x59, 0xce, 0x9, 0x20, 0x24, 0x4, 0xff, 0x90,
    0x12, 0x2, 0x7f, 0xc0,

    /* U+CCAB "첫" */
    0x10, 0x21, 0x2, 0xff, 0x21, 0x2, 0x19, 0xe3,
    0x82, 0x66, 0x2c, 0x32, 0x0, 0x20, 0x32, 0x3,
    0x0, 0x70, 0xc, 0xc7, 0x7,

    /* U+CCAC "첬" */
    0x18, 0x2f, 0xf2, 0x18, 0x21, 0x82, 0x19, 0xe2,
    0xc2, 0xe7, 0x28, 0x2, 0x18, 0x41, 0x84, 0x18,
    0xc3, 0x8e, 0x67, 0x30, 0x21,

    /* U+CCAD "청" */
    0x8, 0x10, 0x81, 0xff, 0x10, 0x81, 0x18, 0xf1,
    0x41, 0x26, 0x1e, 0x31, 0x80, 0x10, 0xfc, 0x30,
    0x33, 0x1, 0x30, 0x30, 0xfc,

    /* U+CCB4 "체" */
    0x10, 0x91, 0x9, 0xfe, 0x91, 0x9, 0x10, 0x91,
    0x9, 0x3b, 0x93, 0x89, 0x6c, 0x9c, 0x69, 0x82,
    0x90, 0x9, 0x0, 0x90, 0x1,

    /* U+CCB5 "첵" */
    0x30, 0xa6, 0x17, 0xf2, 0x98, 0x53, 0x3a, 0xf1,
    0x73, 0x2c, 0x5, 0x0, 0x27, 0xfc, 0x0, 0x80,
    0x10, 0x2, 0x0, 0x40,

    /* U+CCB8 "첸" */
    0x10, 0xa1, 0xa, 0xfc, 0xa1, 0xa, 0x13, 0xa2,
    0x8a, 0x68, 0xac, 0x6a, 0x80, 0xa0, 0xa, 0x30,
    0x23, 0x0, 0x30, 0x3, 0xff,

    /* U+CCBC "첼" */
    0x10, 0xa7, 0xe5, 0x4, 0x28, 0x67, 0x42, 0x8a,
    0x36, 0x53, 0x12, 0x90, 0x4, 0x3f, 0xe0, 0x1,
    0x0, 0x8, 0x7f, 0xc3, 0x0, 0x1f, 0xfc,

    /* U+CCC4 "쳄" */
    0x10, 0xa2, 0x17, 0xf2, 0x88, 0x53, 0x3a, 0x51,
    0x53, 0x2c, 0x5, 0x0, 0x7, 0xfc, 0xc0, 0x98,
    0x13, 0x2, 0x7f, 0xc0,

    /* U+CCC5 "쳅" */
    0x10, 0xa2, 0x17, 0xf2, 0x88, 0x53, 0x3a, 0x51,
    0x5b, 0x2c, 0x25, 0x0, 0x6, 0x4, 0xff, 0x98,
    0x13, 0x2, 0x7f, 0xc0,

    /* U+CCC7 "쳇" */
    0x10, 0xa1, 0xa, 0xfc, 0xa1, 0xa, 0x33, 0xa2,
    0x8a, 0x6c, 0xac, 0x4a, 0x0, 0x20, 0x32, 0x3,
    0x0, 0x78, 0xc, 0xc3, 0x87, 0x0, 0x0,

    /* U+CCC9 "쳉" */
    0x10, 0xa2, 0x17, 0xf2, 0x88, 0x53, 0x3a, 0x51,
    0x5b, 0x2e, 0x5, 0x0, 0x21, 0xf0, 0x41, 0x98,
    0x11, 0x6, 0x1f, 0x0,

    /* U+CCD0 "쳐" */
    0x10, 0x22, 0x7, 0xfc, 0x88, 0x11, 0x1e, 0x30,
    0x46, 0x9, 0xef, 0x26, 0x38, 0x66, 0x4, 0x80,
    0x10, 0x2, 0x0, 0x40,

    /* U+CCD4 "쳔" */
    0x10, 0x21, 0x2, 0xff, 0x21, 0x1e, 0x18, 0x23,
    0x82, 0x2d, 0xe6, 0x72, 0xc3, 0x20, 0x2, 0x30,
    0x23, 0x0, 0x30, 0x3, 0xff,

    /* U+CCE4 "쳤" */
    0x10, 0x2f, 0xf2, 0x11, 0xe1, 0x9e, 0x18, 0x22,
    0xde, 0xc7, 0x28, 0x2, 0x10, 0x41, 0x84, 0x18,
    0xc3, 0x8e, 0x65, 0x30, 0x21,

    /* U+CCEC "쳬" */
    0x10, 0x91, 0x9, 0xfe, 0x91, 0x9, 0x13, 0x91,
    0x9, 0x38, 0x92, 0xb9, 0x6c, 0x9c, 0x69, 0x82,
    0x90, 0x9, 0x0, 0x90, 0x1,

    /* U+CCF0 "쳰" */
    0x10, 0x91, 0x9, 0xfc, 0x91, 0x9, 0x13, 0x93,
    0x9, 0x2b, 0x94, 0xc9, 0x84, 0x90, 0x9, 0x10,
    0x11, 0x0, 0x10, 0x1, 0xff,

    /* U+CD01 "촁" */
    0x10, 0xa2, 0x17, 0xf2, 0x89, 0xd3, 0xa, 0x57,
    0x53, 0x2c, 0x5, 0x0, 0x21, 0xf0, 0x41, 0x98,
    0x11, 0x6, 0x1f, 0x0,

    /* U+CD08 "초" */
    0x2, 0x0, 0x10, 0x1f, 0xfc, 0x4, 0x0, 0x70,
    0x2, 0x80, 0x63, 0xe, 0xe, 0x2, 0x0, 0x10,
    0x0, 0x81, 0xff, 0xf0,

    /* U+CD09 "촉" */
    0x2, 0x3, 0xff, 0x80, 0x80, 0xa, 0x1, 0x8c,
    0x31, 0x18, 0x8, 0x1f, 0xff, 0x0, 0x0, 0x0,
    0x1f, 0xf8, 0x0, 0x40, 0x2, 0x0, 0x10,

    /* U+CD0C "촌" */
    0x2, 0x3, 0xff, 0x80, 0x80, 0xe, 0x0, 0xd8,
    0x1c, 0x71, 0x88, 0xc0, 0x40, 0xff, 0xf8, 0x0,
    0x8, 0x0, 0x40, 0x2, 0x0, 0x1f, 0xf8,

    /* U+CD10 "촐" */
    0x2, 0x3, 0xff, 0x80, 0x80, 0x1b, 0x7, 0x27,
    0x1, 0x3, 0xff, 0xe0, 0x0, 0x0, 0x1, 0xff,
    0x0, 0x8, 0x7f, 0xc2, 0x0, 0x1f, 0xf8,

    /* U+CD18 "촘" */
    0x2, 0x3, 0xff, 0x80, 0x80, 0xa, 0x1, 0x8c,
    0x31, 0x18, 0x8, 0x1f, 0xff, 0x0, 0x0, 0x0,
    0xf, 0xf8, 0x40, 0x42, 0x2, 0x1f, 0xf0,

    /* U+CD19 "촙" */
    0x2, 0x3, 0xff, 0x80, 0x80, 0xa, 0x1, 0x9c,
    0x39, 0x38, 0x8, 0x1f, 0xff, 0x0, 0x1, 0x1,
    0xf, 0xf8, 0x40, 0x42, 0x2, 0x1f, 0xf0,

    /* U+CD1B "촛" */
    0x2, 0x3, 0xff, 0x80, 0x80, 0xa, 0x1, 0x8c,
    0x31, 0x18, 0x8, 0x1f, 0xff, 0x0, 0x0, 0x10,
    0x1, 0xc0, 0x1a, 0x3, 0x8e, 0x30, 0x18,

    /* U+CD1D "총" */
    0x2, 0x3, 0xff, 0x80, 0x80, 0xe, 0x1, 0xdc,
    0x39, 0x38, 0x8, 0x1f, 0xff, 0x0, 0x0, 0xfe,
    0xc, 0x18, 0x40, 0x43, 0x6, 0xf, 0xe0,

    /* U+CD24 "촤" */
    0xc, 0x10, 0x30, 0x47, 0xf9, 0x3, 0x4, 0xc,
    0x10, 0x78, 0x43, 0x39, 0xd3, 0x24, 0xc, 0x10,
    0x30, 0x47, 0xfd, 0x0, 0x4, 0x0, 0x10, 0x0,
    0x40,

    /* U+CD28 "촨" */
    0xc, 0x11, 0xfe, 0x40, 0xc1, 0x3, 0x4, 0x1e,
    0x10, 0xce, 0x76, 0xc9, 0x3, 0x4, 0xff, 0xd0,
    0x0, 0x43, 0x1, 0xc, 0x0, 0x30, 0x0, 0xff,
    0xe0,

    /* U+CD2C "촬" */
    0xc, 0x11, 0xfe, 0x40, 0xc1, 0x7, 0x87, 0x6d,
    0x90, 0x30, 0x4f, 0xfd, 0x0, 0x4, 0x0, 0x0,
    0xff, 0xc0, 0x1, 0xf, 0xfc, 0x30, 0x0, 0xff,
    0xe0,

    /* U+CD39 "촹" */
    0xc, 0x11, 0xfe, 0x40, 0xc1, 0x3, 0x4, 0x1f,
    0x1d, 0x86, 0x40, 0xc1, 0x3f, 0xf4, 0x0, 0x10,
    0x3f, 0x3, 0x3, 0x8, 0x4, 0x30, 0x30, 0x3f,
    0x0,

    /* U+CD5C "최" */
    0xc, 0x10, 0xc1, 0x7f, 0x90, 0xc1, 0xc, 0x11,
    0xe1, 0x33, 0x94, 0xc9, 0xc, 0x10, 0xc1, 0xff,
    0xd0, 0x1, 0x0, 0x10, 0x1,

    /* U+CD60 "쵠" */
    0xc, 0x17, 0xf9, 0xc, 0x10, 0xc1, 0x1e, 0x17,
    0x39, 0x4c, 0x90, 0xc1, 0xff, 0xd0, 0x1, 0x10,
    0x11, 0x0, 0x10, 0x1, 0xff,

    /* U+CD64 "쵤" */
    0xc, 0x17, 0xf9, 0xc, 0x11, 0xe1, 0x73, 0x90,
    0xc1, 0xff, 0xdf, 0x1, 0x3f, 0xf0, 0x1, 0x0,
    0x13, 0xff, 0x30, 0x3, 0xff,

    /* U+CD6C "쵬" */
    0xc, 0x17, 0xf9, 0xc, 0x10, 0xc1, 0x33, 0x16,
    0xd9, 0xc, 0x1f, 0xfd, 0x0, 0x10, 0x0, 0x1f,
    0xf1, 0x1, 0x10, 0x11, 0xff,

    /* U+CD6D "쵭" */
    0xc, 0x17, 0xf9, 0xc, 0x10, 0xc1, 0x33, 0x16,
    0xd9, 0xc, 0x1f, 0xfd, 0x0, 0x1, 0x1, 0x1f,
    0xf1, 0x1, 0x10, 0x11, 0xff,

    /* U+CD6F "쵯" */
    0xc, 0x13, 0xfc, 0x83, 0x4, 0x18, 0x23, 0x39,
    0x36, 0x48, 0x30, 0x5f, 0xfa, 0x0, 0x10, 0x8,
    0x80, 0xc0, 0xd, 0x1, 0xc6, 0x18, 0x18,

    /* U+CD71 "쵱" */
    0xc, 0x17, 0xf9, 0xc, 0x10, 0xc1, 0x33, 0x16,
    0x19, 0xc, 0x1f, 0xfd, 0x0, 0x10, 0xfc, 0x18,
    0x33, 0x1, 0x18, 0x30, 0xfc,

    /* U+CD78 "쵸" */
    0x2, 0x0, 0x10, 0x1f, 0xfc, 0x4, 0x0, 0x70,
    0x6, 0xc0, 0x63, 0xc, 0x6, 0x8, 0x80, 0x44,
    0x2, 0x21, 0xff, 0xf0,

    /* U+CD88 "춈" */
    0x2, 0x3, 0xff, 0x80, 0x80, 0xa, 0x3, 0x8e,
    0x24, 0x58, 0x22, 0x1f, 0xff, 0x0, 0x0, 0x0,
    0xf, 0xf8, 0x40, 0x42, 0x2, 0x1f, 0xf0,

    /* U+CD94 "추" */
    0x2, 0x0, 0x10, 0x1f, 0xfc, 0x4, 0x0, 0x70,
    0x6, 0xc0, 0xe3, 0x8c, 0x6, 0x0, 0x7, 0xff,
    0xc0, 0x80, 0x4, 0x0, 0x20, 0x1, 0x0,

    /* U+CD95 "축" */
    0x2, 0x3, 0xff, 0x80, 0x80, 0xe, 0x1, 0xdc,
    0x38, 0x38, 0x0, 0x1f, 0xff, 0x2, 0x0, 0x10,
    0x1f, 0xf8, 0x0, 0x40, 0x2, 0x0, 0x10,

    /* U+CD98 "춘" */
    0x2, 0x3, 0xff, 0x80, 0x80, 0xe, 0x1, 0xdc,
    0x38, 0x38, 0x0, 0x1f, 0xff, 0x2, 0x0, 0x10,
    0x8, 0x80, 0x40, 0x2, 0x0, 0x1f, 0xf8,

    /* U+CD9C "출" */
    0x2, 0x3, 0xff, 0x80, 0x80, 0x1b, 0x7, 0x8f,
    0x0, 0x3, 0xff, 0xe0, 0x40, 0x2, 0x1, 0xff,
    0x0, 0x8, 0x7f, 0xc2, 0x0, 0x1f, 0xf8,

    /* U+CDA4 "춤" */
    0x2, 0x3, 0xff, 0x80, 0x80, 0xe, 0x1, 0xdc,
    0x38, 0x38, 0x0, 0x1f, 0xff, 0x2, 0x0, 0x10,
    0xf, 0xf8, 0x40, 0x42, 0x2, 0x1f, 0xf0,

    /* U+CDA5 "춥" */
    0x2, 0x3, 0xff, 0x80, 0x80, 0xe, 0x1, 0xdc,
    0x38, 0x38, 0x0, 0x1f, 0xff, 0x2, 0x1, 0x11,
    0xf, 0xf8, 0x40, 0x42, 0x2, 0x1f, 0xf0,

    /* U+CDA7 "춧" */
    0x2, 0x3, 0xff, 0x80, 0x80, 0xe, 0x1, 0xd8,
    0x38, 0x38, 0x0, 0x1f, 0xff, 0x2, 0x0, 0x10,
    0x0, 0x80, 0xc, 0x0, 0xd8, 0x3c, 0x78,

    /* U+CDA9 "충" */
    0x2, 0x3, 0xff, 0x80, 0x80, 0xe, 0x1, 0xdc,
    0x38, 0x38, 0x0, 0x1f, 0xff, 0x2, 0x0, 0xfe,
    0xc, 0x18, 0x40, 0x43, 0x6, 0xf, 0xe0,

    /* U+CDB0 "춰" */
    0xc, 0x17, 0xf9, 0xc, 0x10, 0xc1, 0x1e, 0x13,
    0x39, 0x60, 0x90, 0x1, 0xff, 0xd0, 0xc1, 0xc,
    0xf0, 0xc1, 0xc, 0x10, 0xc1,

    /* U+CDC4 "췄" */
    0xc, 0x13, 0xfc, 0x83, 0x4, 0x3c, 0x27, 0x39,
    0x20, 0xb, 0xff, 0x41, 0x82, 0xc, 0xf0, 0x0,
    0x2, 0x18, 0x38, 0xc3, 0x69, 0x21, 0x84,

    /* U+CDCC "췌" */
    0x8, 0x48, 0x42, 0x5f, 0x92, 0x10, 0x91, 0x84,
    0x9a, 0x25, 0x89, 0x20, 0x9, 0xff, 0x48, 0x42,
    0x42, 0xf2, 0x10, 0x90, 0x84, 0x84, 0x4,

    /* U+CDD0 "췐" */
    0x8, 0x57, 0xe5, 0x8, 0x51, 0xc5, 0x76, 0x54,
    0x5, 0xff, 0x50, 0x85, 0x9, 0xd0, 0x85, 0x0,
    0x51, 0x0, 0x10, 0x1, 0xff,

    /* U+CDE8 "취" */
    0xc, 0x17, 0xf9, 0xc, 0x10, 0xc1, 0x1e, 0x17,
    0x39, 0x40, 0x90, 0x1, 0xff, 0xd0, 0xc1, 0xc,
    0x10, 0xc1, 0xc, 0x10, 0xc1,

    /* U+CDEC "췬" */
    0xc, 0x17, 0xf9, 0xc, 0x10, 0xc1, 0x33, 0x16,
    0x19, 0x0, 0x1f, 0xfd, 0x4, 0x10, 0x41, 0x30,
    0x13, 0x0, 0x30, 0x3, 0xff,

    /* U+CDF0 "췰" */
    0xc, 0x17, 0xf9, 0xc, 0x11, 0xe1, 0x73, 0x90,
    0x1, 0xff, 0xd0, 0xc1, 0x3f, 0xf0, 0x1, 0x0,
    0x13, 0xff, 0x30, 0x3, 0xff,

    /* U+CDF8 "췸" */
    0xc, 0x17, 0xf9, 0xc, 0x10, 0xc1, 0x33, 0x16,
    0x19, 0x0, 0x1f, 0xfd, 0xc, 0x10, 0xc0, 0x3f,
    0xf3, 0x1, 0x30, 0x13, 0xff,

    /* U+CDF9 "췹" */
    0xc, 0x17, 0xf9, 0xc, 0x11, 0xe1, 0x71, 0x90,
    0x1, 0xff, 0xd0, 0xc1, 0xc, 0x3, 0x1, 0x3f,
    0xf3, 0x1, 0x30, 0x13, 0xff,

    /* U+CDFB "췻" */
    0x8, 0x13, 0xfc, 0x83, 0x4, 0x1c, 0x23, 0x31,
    0x30, 0xc8, 0x0, 0x5f, 0xfa, 0x8, 0x10, 0x40,
    0x82, 0x64, 0x7, 0x0, 0x6c, 0x1e, 0x3c, 0x80,
    0x20,

    /* U+CDFD "췽" */
    0xc, 0x17, 0xf9, 0xc, 0x10, 0xe1, 0x33, 0x16,
    0x19, 0x0, 0x1f, 0xfd, 0xc, 0x10, 0xfc, 0x10,
    0x33, 0x1, 0x10, 0x30, 0xfc,

    /* U+CE04 "츄" */
    0x2, 0x0, 0x10, 0x1f, 0xfc, 0x4, 0x0, 0x50,
    0xc, 0x61, 0xc0, 0xc0, 0x0, 0xff, 0xf8, 0xc6,
    0x6, 0x30, 0x31, 0x81, 0x8c, 0xc, 0x60,

    /* U+CE08 "츈" */
    0x2, 0x3, 0xff, 0x80, 0x80, 0xe, 0x1, 0xdc,
    0x38, 0x38, 0x0, 0x1f, 0xff, 0x4, 0xc0, 0x26,
    0x9, 0x30, 0x40, 0x2, 0x0, 0x1f, 0xf8,

    /* U+CE0C "츌" */
    0x2, 0x3, 0xff, 0x80, 0x80, 0x1a, 0x7, 0x8f,
    0x0, 0x3, 0xff, 0xe3, 0x18, 0x18, 0xc1, 0xff,
    0x0, 0x8, 0x7f, 0xc2, 0x0, 0x1f, 0xf8,

    /* U+CE14 "츔" */
    0x2, 0x3, 0xff, 0x80, 0x80, 0xe, 0x1, 0xdc,
    0x38, 0x38, 0x0, 0x1f, 0xff, 0x18, 0xc0, 0xc6,
    0xf, 0xf8, 0x40, 0x42, 0x2, 0x1f, 0xf0,

    /* U+CE19 "츙" */
    0x2, 0x3, 0xff, 0x80, 0x80, 0xe, 0x1, 0xdc,
    0x38, 0x38, 0x0, 0x1f, 0xff, 0x18, 0x40, 0xfe,
    0xc, 0x18, 0x40, 0x43, 0x6, 0xf, 0xe0,

    /* U+CE20 "츠" */
    0x2, 0x0, 0x10, 0x1f, 0xfc, 0x4, 0x0, 0x60,
    0x2, 0x80, 0x36, 0xe, 0xe, 0x40, 0x10, 0x0,
    0x0, 0x1, 0xff, 0xf0,

    /* U+CE21 "측" */
    0x2, 0x3, 0xff, 0x80, 0x80, 0xe, 0x1, 0xdc,
    0x38, 0x38, 0x0, 0x1f, 0xff, 0x0, 0x0, 0x0,
    0x1f, 0xf8, 0x0, 0x40, 0x2, 0x0, 0x10,

    /* U+CE24 "츤" */
    0x2, 0x3, 0xff, 0x80, 0x80, 0xe, 0x0, 0xd8,
    0x3c, 0x79, 0x80, 0xc0, 0x0, 0xff, 0xf8, 0x0,
    0x8, 0x0, 0x40, 0x2, 0x0, 0x1f, 0xf8,

    /* U+CE28 "츨" */
    0x2, 0x3, 0xff, 0x80, 0x80, 0x1b, 0x7, 0x8f,
    0x0, 0x3, 0xff, 0xe0, 0x0, 0x0, 0x1, 0xff,
    0x0, 0x8, 0x7f, 0xc2, 0x0, 0x1f, 0xf8,

    /* U+CE30 "츰" */
    0x2, 0x3, 0xff, 0x80, 0x80, 0xa, 0x1, 0xdc,
    0x38, 0x38, 0x0, 0x1f, 0xff, 0x0, 0x0, 0x0,
    0xf, 0xf8, 0x40, 0x42, 0x2, 0x1f, 0xf0,

    /* U+CE31 "츱" */
    0x2, 0x3, 0xff, 0x80, 0x80, 0xe, 0x1, 0xdc,
    0x38, 0x38, 0x0, 0x1f, 0xff, 0x0, 0x1, 0x1,
    0xf, 0xf8, 0x40, 0x42, 0x2, 0x1f, 0xf0,

    /* U+CE33 "츳" */
    0x2, 0x3, 0xff, 0x80, 0x80, 0xe, 0x1, 0xdc,
    0x38, 0x38, 0x0, 0x1f, 0xff, 0x0, 0x0, 0x10,
    0x0, 0x80, 0xa, 0x1, 0x8c, 0x30, 0x18,

    /* U+CE35 "층" */
    0x2, 0x3, 0xff, 0x80, 0x80, 0xa, 0x1, 0x8c,
    0x30, 0x18, 0x0, 0x1f, 0xff, 0x0, 0x0, 0xfe,
    0xc, 0x18, 0x40, 0x43, 0x6, 0xf, 0xe0,

    /* U+CE58 "치" */
    0x18, 0x23, 0x7, 0xfc, 0x8c, 0x11, 0x82, 0x30,
    0x46, 0x9, 0xe1, 0x26, 0x28, 0x66, 0x4, 0x80,
    0x10, 0x2, 0x0, 0x40,

    /* U+CE59 "칙" */
    0x18, 0x23, 0x7, 0xfc, 0x8c, 0x11, 0x82, 0x30,
    0x4d, 0xf, 0x19, 0x80, 0x27, 0xfc, 0x0, 0x80,
    0x10, 0x2, 0x0, 0x40,

    /* U+CE5C "친" */
    0x18, 0x21, 0x82, 0xff, 0x21, 0x82, 0x18, 0x21,
    0x82, 0x24, 0x2e, 0x32, 0x81, 0x20, 0x2, 0x20,
    0x2, 0x0, 0x20, 0x3, 0xff,

    /* U+CE5F "칟" */
    0x18, 0x2f, 0xf2, 0x18, 0x21, 0x82, 0x18, 0x22,
    0x42, 0xe3, 0x28, 0x2, 0x0, 0x3, 0xfe, 0x20,
    0x2, 0x0, 0x20, 0x3, 0xff,

    /* U+CE60 "칠" */
    0x18, 0x2f, 0xf2, 0x18, 0x21, 0x82, 0x3c, 0x26,
    0x72, 0x81, 0x20, 0x0, 0x3f, 0xe0, 0x2, 0x0,
    0x23, 0xfe, 0x20, 0x3, 0xff,

    /* U+CE61 "칡" */
    0x18, 0x3f, 0xe4, 0x60, 0x8c, 0x13, 0xc2, 0x4c,
    0x70, 0xcc, 0x1, 0x7d, 0xe0, 0x84, 0x10, 0xbe,
    0x16, 0x2, 0xfc, 0x40,

    /* U+CE68 "침" */
    0x18, 0x3f, 0xe4, 0x60, 0x8c, 0x11, 0x82, 0x4c,
    0x78, 0xcc, 0x1, 0x0, 0x7, 0xfc, 0x80, 0x90,
    0x12, 0x2, 0x7f, 0xc0,

    /* U+CE69 "칩" */
    0x18, 0x3f, 0xe4, 0x60, 0x8c, 0x11, 0x82, 0x48,
    0x78, 0xcc, 0x9, 0x20, 0x24, 0x4, 0xff, 0x90,
    0x12, 0x2, 0x7f, 0xc0,

    /* U+CE6B "칫" */
    0x18, 0x21, 0x82, 0xff, 0x21, 0x82, 0x18, 0x21,
    0xc2, 0x26, 0x2c, 0x32, 0x0, 0x20, 0x22, 0x3,
    0x0, 0x70, 0xd, 0x87, 0x7,

    /* U+CE6D "칭" */
    0x18, 0x23, 0x7, 0xfc, 0x8c, 0x11, 0x82, 0x38,
    0x49, 0x8e, 0x19, 0x80, 0x23, 0xf0, 0xc1, 0x90,
    0x13, 0x6, 0x3f, 0x0,

    /* U+CE74 "카" */
    0x0, 0x23, 0xf1, 0x0, 0x88, 0x4, 0x40, 0x22,
    0x7e, 0x13, 0x90, 0xe1, 0x4, 0x8, 0x21, 0x81,
    0x18, 0x8, 0x0, 0x40, 0x2, 0x0, 0x10,

    /* U+CE75 "칵" */
    0x0, 0x23, 0xf1, 0x0, 0x88, 0xc, 0x4f, 0xc3,
    0x84, 0x10, 0xc0, 0x9c, 0x4, 0x0, 0x1, 0xff,
    0x0, 0x8, 0x0, 0x40, 0x2, 0x0, 0x10,

    /* U+CE78 "칸" */
    0x0, 0x23, 0xf1, 0x0, 0x88, 0xc, 0x4f, 0xc3,
    0x86, 0x10, 0x60, 0x8e, 0x4, 0x40, 0x20, 0x1,
    0x8, 0x8, 0x40, 0x2, 0x0, 0x1f, 0xf8,

    /* U+CE7C "칼" */
    0x7e, 0x20, 0x11, 0x1, 0x89, 0xf8, 0x70, 0xc2,
    0xc, 0x13, 0x80, 0x80, 0x0, 0x3f, 0xe0, 0x1,
    0xf, 0xf8, 0x40, 0x2, 0x0, 0x1f, 0xf8,

    /* U+CE84 "캄" */
    0x7e, 0x20, 0x11, 0x1, 0x89, 0xf8, 0x70, 0xc2,
    0xc, 0x10, 0xc0, 0x8c, 0x4, 0x0, 0x1, 0xff,
    0x8, 0x8, 0x40, 0x42, 0x2, 0x1f, 0xf0,

    /* U+CE85 "캅" */
    0x7e, 0x20, 0x11, 0x1, 0x89, 0xf8, 0x70, 0xc2,
    0xc, 0x10, 0xc0, 0x8c, 0x4, 0x20, 0x21, 0x1,
    0xf, 0xf8, 0x40, 0x42, 0x2, 0x1f, 0xf0,

    /* U+CE87 "캇" */
    0x0, 0x23, 0xf1, 0x0, 0x88, 0xc, 0x4f, 0xc3,
    0x86, 0x10, 0x60, 0x8c, 0x4, 0x2, 0x20, 0x10,
    0x1, 0xc0, 0x1b, 0x3, 0x8e, 0x10, 0x8,

    /* U+CE89 "캉" */
    0x0, 0x23, 0xf1, 0x0, 0x88, 0xc, 0x4f, 0xc3,
    0x86, 0x10, 0x60, 0x86, 0x4, 0x40, 0x20, 0x7c,
    0xc, 0x18, 0x40, 0x43, 0x6, 0x7, 0xc0,

    /* U+CE90 "캐" */
    0x0, 0x90, 0x9, 0x7c, 0x90, 0x49, 0x4, 0x9f,
    0xc9, 0xc8, 0xf0, 0x89, 0x10, 0x96, 0x9, 0xc0,
    0x90, 0x9, 0x0, 0x90, 0x1,

    /* U+CE91 "캑" */
    0x0, 0x97, 0xe9, 0x6, 0x90, 0x69, 0xfc, 0xf0,
    0xc9, 0x18, 0x9f, 0x9, 0x40, 0x11, 0xff, 0x0,
    0x10, 0x1, 0x0, 0x10, 0x1,

    /* U+CE94 "캔" */
    0x0, 0x93, 0xf4, 0x80, 0xa4, 0xd, 0x2f, 0xcf,
    0x6, 0x48, 0x62, 0x46, 0x12, 0x40, 0x90, 0x4,
    0x84, 0x4, 0x20, 0x1, 0x0, 0xf, 0xfc,

    /* U+CE98 "캘" */
    0x7e, 0x90, 0xa, 0x40, 0x69, 0x3f, 0x3c, 0xc,
    0x90, 0x62, 0x46, 0x9, 0x0, 0x0, 0x1f, 0xf0,
    0x0, 0x41, 0xff, 0x4, 0x0, 0x10, 0x0, 0x7f,
    0xf0,

    /* U+CEA0 "캠" */
    0x0, 0x97, 0xe9, 0x2, 0x90, 0x69, 0xfc, 0xf0,
    0x89, 0x10, 0x9e, 0x9, 0x0, 0x1, 0xff, 0x10,
    0x11, 0x1, 0x10, 0x11, 0xff,

    /* U+CEA1 "캡" */
    0x0, 0x97, 0xe9, 0x6, 0x9f, 0xef, 0xc, 0x91,
    0x89, 0x70, 0x96, 0x1, 0x10, 0x11, 0x1, 0x1f,
    0xf1, 0x1, 0x10, 0x11, 0xff,

    /* U+CEA3 "캣" */
    0x0, 0x93, 0xf4, 0x80, 0xa4, 0xd, 0x2f, 0xcf,
    0x6, 0x48, 0x62, 0x4c, 0x12, 0x1, 0x10, 0x8,
    0x0, 0x60, 0xd, 0x81, 0xc7, 0x0, 0x8,

    /* U+CEA4 "캤" */
    0x0, 0x93, 0xf4, 0x80, 0xa4, 0xd, 0x2f, 0xcf,
    0x4, 0x48, 0x42, 0x4c, 0x12, 0x0, 0x0, 0x63,
    0x3, 0x18, 0x39, 0xc3, 0x29, 0x10, 0x84,

    /* U+CEA5 "캥" */
    0x0, 0x8b, 0xf4, 0x40, 0xa2, 0xd, 0x1f, 0xcf,
    0x86, 0x44, 0x62, 0x2e, 0x11, 0x40, 0x8, 0x3f,
    0x6, 0x6, 0x20, 0x11, 0x81, 0x83, 0xf0,

    /* U+CEAC "캬" */
    0x0, 0x23, 0xf1, 0x0, 0x88, 0x4, 0x70, 0x22,
    0x7e, 0x10, 0x10, 0x81, 0x4, 0x18, 0x39, 0x81,
    0x18, 0x8, 0x0, 0x40, 0x2, 0x0, 0x10,

    /* U+CEAD "캭" */
    0x0, 0x23, 0xf1, 0x0, 0x8f, 0xfc, 0x4c, 0x42,
    0x4, 0x1c, 0xc0, 0x8c, 0x4, 0x0, 0x1, 0xff,
    0x0, 0x8, 0x0, 0x40, 0x2, 0x0, 0x10,

    /* U+CEC1 "컁" */
    0x0, 0x23, 0xf1, 0x0, 0x8e, 0xc, 0x4f, 0xc2,
    0x6, 0x1c, 0x60, 0x8e, 0x4, 0x40, 0x20, 0x7c,
    0xc, 0x18, 0x40, 0x43, 0x6, 0x7, 0xc0,

    /* U+CEE4 "커" */
    0x0, 0x17, 0xf1, 0x3, 0x10, 0x31, 0x3, 0x1f,
    0xe1, 0xf6, 0xf0, 0x41, 0x8, 0x11, 0x1, 0x60,
    0x14, 0x1, 0x0, 0x10, 0x1,

    /* U+CEE5 "컥" */
    0x0, 0x17, 0xf1, 0x3, 0x1f, 0xe1, 0xff, 0xf0,
    0xc1, 0x38, 0x1c, 0x1, 0x0, 0x1, 0xff, 0x0,
    0x10, 0x1, 0x0, 0x10, 0x1,

    /* U+CEE8 "컨" */
    0x0, 0x17, 0xf1, 0x3, 0x10, 0x71, 0xff, 0xf0,
    0xe1, 0x1c, 0x17, 0x1, 0xc0, 0x10, 0x1, 0x10,
    0x1, 0x0, 0x10, 0x1, 0xff,

    /* U+CEEB "컫" */
    0x7f, 0x10, 0x31, 0x3, 0x1f, 0xe1, 0xf7, 0xf0,
    0xc1, 0x30, 0x1e, 0x1, 0x0, 0x1, 0xff, 0x10,
    0x1, 0x0, 0x10, 0x1, 0xff,

    /* U+CEEC "컬" */
    0x7e, 0x20, 0x22, 0x6, 0x2f, 0xde, 0xc, 0x21,
    0x82, 0xf0, 0x24, 0x0, 0x3f, 0xe0, 0x2, 0x3f,
    0xe3, 0x0, 0x30, 0x3, 0xff,

    /* U+CEF4 "컴" */
    0x7f, 0x10, 0x31, 0x3, 0x1f, 0xe1, 0xff, 0xf0,
    0xc1, 0x38, 0x1e, 0x1, 0x0, 0x1, 0xff, 0x10,
    0x11, 0x1, 0x10, 0x11, 0xff,

    /* U+CEF5 "컵" */
    0x7f, 0x10, 0x31, 0x3, 0x1f, 0xe1, 0xff, 0xf0,
    0xc1, 0x38, 0x1e, 0x1, 0x10, 0x11, 0x1, 0x1f,
    0xf1, 0x1, 0x10, 0x11, 0xff,

    /* U+CEF7 "컷" */
    0x0, 0x13, 0xf0, 0x80, 0x84, 0xc, 0x2f, 0xcf,
    0x6, 0x8, 0x60, 0x4e, 0x2, 0x40, 0x10, 0x18,
    0x80, 0xe0, 0xf, 0x0, 0xce, 0x1c, 0x3c,

    /* U+CEF8 "컸" */
    0x7f, 0x30, 0x19, 0x80, 0xcc, 0x4, 0x6f, 0xdf,
    0x4, 0x18, 0xc0, 0xd8, 0x6, 0x8, 0x40, 0x42,
    0x2, 0x10, 0x29, 0x46, 0x6b, 0x20, 0x80,

    /* U+CEF9 "컹" */
    0x0, 0x17, 0xe1, 0x2, 0x10, 0x61, 0xfc, 0xf0,
    0xc1, 0x18, 0x17, 0x1, 0x40, 0x10, 0xfc, 0x10,
    0x33, 0x1, 0x10, 0x30, 0xfc,

    /* U+CF00 "케" */
    0x0, 0x90, 0x9, 0x7c, 0x90, 0x49, 0x4, 0x9f,
    0xc9, 0xef, 0x90, 0x89, 0x10, 0x96, 0x9, 0xc0,
    0x90, 0x9, 0x0, 0x90, 0x1,

    /* U+CF01 "켁" */
    0x0, 0x4b, 0xf2, 0x40, 0x92, 0x4, 0x9f, 0xfc,
    0x86, 0x24, 0x61, 0x3e, 0x9, 0x40, 0x8, 0x7f,
    0xc0, 0x2, 0x0, 0x10, 0x0, 0x80, 0x4,

    /* U+CF04 "켄" */
    0x0, 0x49, 0xf9, 0x20, 0x24, 0x81, 0x92, 0xff,
    0xc8, 0x31, 0x21, 0x84, 0x8c, 0x12, 0x40, 0x48,
    0x1, 0x21, 0x80, 0x86, 0x0, 0x18, 0x0, 0x7f,
    0xf0,

    /* U+CF08 "켈" */
    0x7e, 0x48, 0x9, 0x20, 0x64, 0xbf, 0xf2, 0xc,
    0x48, 0x61, 0x26, 0x4, 0x80, 0x0, 0x1f, 0xf8,
    0x0, 0x21, 0xff, 0x86, 0x0, 0x18, 0x0, 0x7f,
    0xf0,

    /* U+CF10 "켐" */
    0x0, 0x4b, 0xf2, 0x40, 0x92, 0xc, 0x9f, 0xfc,
    0x86, 0x24, 0x61, 0x2c, 0x9, 0x0, 0x0, 0xff,
    0xc6, 0x2, 0x30, 0x11, 0x80, 0x8f, 0xfc,

    /* U+CF11 "켑" */
    0x0, 0x4b, 0xf2, 0x40, 0x92, 0xc, 0x9f, 0xfc,
    0x86, 0x24, 0x61, 0x2c, 0x9, 0x0, 0x0, 0xc0,
    0x47, 0xfe, 0x30, 0x11, 0x80, 0x8f, 0xfc,

    /* U+CF13 "켓" */
    0x0, 0x49, 0xf9, 0x20, 0x24, 0x81, 0x92, 0xff,
    0xc8, 0x31, 0x21, 0x84, 0x9c, 0x12, 0x60, 0x8,
    0x6, 0x20, 0x18, 0x0, 0xf0, 0x6, 0x60, 0xf0,
    0xf0, 0x0, 0x0,

    /* U+CF15 "켕" */
    0x0, 0x4b, 0xf2, 0x40, 0x92, 0xc, 0x9f, 0xfc,
    0x86, 0x24, 0x61, 0x2e, 0x9, 0x40, 0x8, 0x3f,
    0x6, 0x6, 0x20, 0x11, 0x81, 0x83, 0xf0,

    /* U+CF1C "켜" */
    0x0, 0x17, 0xf1, 0x3, 0x10, 0x31, 0x3, 0xff,
    0xe1, 0xc6, 0x10, 0x41, 0xd, 0xf1, 0x81, 0x60,
    0x14, 0x1, 0x0, 0x10, 0x1,

    /* U+CF20 "켠" */
    0x0, 0x17, 0xe1, 0x2, 0x10, 0x3f, 0xfe, 0x10,
    0x41, 0xd, 0xf3, 0x1, 0x60, 0x10, 0x1, 0x10,
    0x1, 0x0, 0x10, 0x1, 0xff,

    /* U+CF24 "켤" */
    0x7e, 0x20, 0x62, 0x7, 0xef, 0xc2, 0x8c, 0x21,
    0xbe, 0x70, 0x24, 0x0, 0x3f, 0xe0, 0x2, 0x3f,
    0xe3, 0x0, 0x30, 0x3, 0xff,

    /* U+CF2C "켬" */
    0x7e, 0x10, 0x21, 0x3, 0xff, 0xe1, 0x84, 0x10,
    0xdf, 0x30, 0x14, 0x1, 0x0, 0x1, 0xff, 0x10,
    0x11, 0x1, 0x10, 0x11, 0xff,

    /* U+CF2D "켭" */
    0x7e, 0x10, 0x21, 0x3, 0xff, 0xe1, 0x84, 0x10,
    0xdf, 0x38, 0x1e, 0x1, 0x10, 0x11, 0x1, 0x1f,
    0xf1, 0x1, 0x10, 0x11, 0xff,

    /* U+CF2F "켯" */
    0x0, 0x13, 0xf0, 0x80, 0x84, 0x7, 0xef, 0xe1,
    0x2, 0x8, 0x37, 0xc6, 0x2, 0x60, 0x10, 0x8,
    0x80, 0x40, 0x7, 0x0, 0xcc, 0x1c, 0x1c,

    /* U+CF30 "켰" */
    0x7e, 0x30, 0x11, 0x80, 0xfd, 0xfc, 0x60, 0x43,
    0x4, 0xf8, 0xc0, 0xc8, 0x6, 0x8, 0x40, 0x42,
    0x6, 0x10, 0x39, 0x46, 0x7b, 0x21, 0x80,

    /* U+CF31 "켱" */
    0x0, 0x17, 0xe1, 0x3, 0xf0, 0x21, 0xfe, 0x10,
    0x5f, 0x18, 0x17, 0x1, 0x40, 0x10, 0xfc, 0x18,
    0x33, 0x1, 0x18, 0x30, 0xfc,

    /* U+CF38 "켸" */
    0x0, 0x90, 0x9, 0x7c, 0x90, 0x49, 0x7, 0x9f,
    0xc9, 0x8, 0x91, 0xb9, 0x30, 0x96, 0x9, 0x0,
    0x90, 0x9, 0x0, 0x90, 0x1,

    /* U+CF54 "코" */
    0x7f, 0xe0, 0x1, 0x0, 0x8, 0x0, 0x47, 0xfe,
    0x0, 0x10, 0x10, 0x80, 0x84, 0x4, 0x0, 0x20,
    0x3f, 0xfe,

    /* U+CF55 "콕" */
    0x7f, 0xe0, 0x1, 0x0, 0x8, 0xff, 0xc0, 0x2,
    0x3, 0x10, 0x18, 0x1f, 0xff, 0x0, 0x3, 0xff,
    0x0, 0x8, 0x0, 0x40, 0x2, 0x0, 0x10,

    /* U+CF58 "콘" */
    0x3f, 0xe0, 0x1, 0x0, 0x8, 0xff, 0xc0, 0x2,
    0x3, 0x10, 0x18, 0x1f, 0xff, 0x0, 0x0, 0x0,
    0x8, 0x0, 0x40, 0x2, 0x0, 0x1f, 0xf8,

    /* U+CF5C "콜" */
    0x3f, 0xe0, 0x1, 0x0, 0x8, 0xff, 0xc0, 0x62,
    0x3, 0x13, 0xff, 0xe0, 0x0, 0x3f, 0xe0, 0x1,
    0x0, 0x8, 0x7f, 0xc2, 0x0, 0x1f, 0xf8,

    /* U+CF64 "콤" */
    0x3f, 0xe0, 0x1, 0x0, 0x8, 0xff, 0xc0, 0x2,
    0x3, 0x10, 0x18, 0x1f, 0xff, 0x0, 0x1, 0xff,
    0x8, 0x8, 0x40, 0x42, 0x2, 0x1f, 0xf0,

    /* U+CF65 "콥" */
    0x3f, 0xe0, 0x1, 0x0, 0x8, 0xff, 0xc0, 0x2,
    0x3, 0x10, 0x18, 0x1f, 0xff, 0x0, 0x1, 0x1,
    0xf, 0xf8, 0x40, 0x42, 0x2, 0x1f, 0xf0,

    /* U+CF67 "콧" */
    0x7f, 0xe0, 0x1, 0x0, 0x8, 0xff, 0xc0, 0x2,
    0x3, 0x10, 0x18, 0x1f, 0xff, 0x0, 0x0, 0x10,
    0x1, 0x80, 0xa, 0x1, 0x9c, 0x38, 0x38,

    /* U+CF69 "콩" */
    0x3f, 0xe0, 0x1, 0x0, 0x8, 0xff, 0xc0, 0x2,
    0x3, 0x10, 0x18, 0x1f, 0xff, 0x0, 0x0, 0xfe,
    0xc, 0x18, 0x40, 0x43, 0x6, 0xf, 0xe0,

    /* U+CF70 "콰" */
    0x0, 0x23, 0xf9, 0x0, 0x48, 0x2, 0x40, 0x12,
    0x3f, 0x90, 0x4, 0xe2, 0x24, 0x10, 0x20, 0x81,
    0x3f, 0xe8, 0x0, 0x40, 0x2, 0x0, 0x10,

    /* U+CF71 "콱" */
    0x0, 0x23, 0xf9, 0x0, 0x48, 0xfe, 0x40, 0x13,
    0x88, 0x90, 0x40, 0x9f, 0xf4, 0x0, 0x20, 0x0,
    0xf, 0xf8, 0x0, 0x40, 0x2, 0x0, 0x10,

    /* U+CF74 "콴" */
    0x0, 0x23, 0xf9, 0x0, 0x48, 0x2, 0x47, 0xf2,
    0x8, 0x9c, 0x40, 0x9f, 0xf4, 0x0, 0x20, 0x1,
    0x8, 0x8, 0x40, 0x2, 0x0, 0x1f, 0xf0,

    /* U+CF78 "콸" */
    0x7f, 0x20, 0x9, 0x0, 0x48, 0xfe, 0x70, 0x12,
    0x8, 0x93, 0xfe, 0x9c, 0x4, 0x3f, 0xe0, 0x1,
    0x0, 0x8, 0x7f, 0xc2, 0x0, 0x1f, 0xf8,

    /* U+CF80 "쾀" */
    0x7f, 0x20, 0x9, 0x0, 0x48, 0xfe, 0x46, 0x13,
    0x88, 0x90, 0x40, 0x9f, 0xf4, 0x0, 0x21, 0xff,
    0x8, 0x8, 0x40, 0x42, 0x2, 0x1f, 0xf0,

    /* U+CF85 "쾅" */
    0x7f, 0x20, 0x9, 0x0, 0x48, 0xfe, 0x40, 0x13,
    0x88, 0x90, 0x40, 0x9f, 0xf4, 0x0, 0x20, 0x7c,
    0xc, 0x18, 0x40, 0x43, 0x6, 0x7, 0xe0,

    /* U+CF8C "쾌" */
    0x0, 0x4b, 0xf2, 0x40, 0x92, 0x4, 0x90, 0x24,
    0xbf, 0x24, 0x9, 0xe2, 0x49, 0x10, 0x48, 0x82,
    0x5f, 0xd2, 0x0, 0x90, 0x4, 0x80, 0x4,

    /* U+CFA1 "쾡" */
    0x0, 0x4b, 0xf2, 0x40, 0x92, 0xfc, 0x97, 0xe7,
    0x89, 0x24, 0x41, 0x2e, 0x69, 0x0, 0x8, 0x3f,
    0x6, 0x6, 0x20, 0x11, 0x81, 0x83, 0xf0,

    /* U+CFA8 "쾨" */
    0x0, 0x2f, 0xe4, 0x4, 0x80, 0x90, 0x12, 0xfe,
    0x40, 0x48, 0x89, 0x10, 0x22, 0x7, 0xfe, 0x80,
    0x10, 0x2, 0x0, 0x40,

    /* U+CFB0 "쾰" */
    0x7f, 0x20, 0x12, 0x1, 0x27, 0xf2, 0x1, 0x21,
    0x2, 0xff, 0xac, 0x2, 0x3f, 0xe0, 0x2, 0x0,
    0x23, 0xfe, 0x20, 0x3, 0xff,

    /* U+CFC4 "쿄" */
    0x7f, 0xe0, 0x1, 0x0, 0x8, 0x0, 0x47, 0xfe,
    0x0, 0x10, 0x64, 0x83, 0x24, 0x19, 0x0, 0xc8,
    0x3f, 0xfe,

    /* U+CFE0 "쿠" */
    0x7f, 0xe0, 0x1, 0x0, 0x8, 0xff, 0xc0, 0x2,
    0x0, 0x10, 0x0, 0x9f, 0xff, 0x2, 0x0, 0x10,
    0x0, 0x80, 0x4, 0x0, 0x20, 0x0,

    /* U+CFE1 "쿡" */
    0x7f, 0xe0, 0x1, 0x0, 0x8, 0xff, 0xc0, 0x2,
    0x0, 0x13, 0xff, 0xe0, 0x40, 0x2, 0x0, 0x10,
    0x1f, 0xf8, 0x0, 0x40, 0x2, 0x0, 0x10,

    /* U+CFE4 "쿤" */
    0x3f, 0xe0, 0x1, 0x0, 0x8, 0xff, 0xc0, 0x2,
    0x0, 0x10, 0x0, 0x9f, 0xff, 0x2, 0x0, 0x10,
    0x8, 0x80, 0x40, 0x2, 0x0, 0x1f, 0xf8,

    /* U+CFE8 "쿨" */
    0x3f, 0xe0, 0x1, 0x0, 0x8, 0xff, 0xc0, 0x2,
    0x0, 0x13, 0xff, 0xe0, 0x40, 0x3f, 0xe0, 0x1,
    0x0, 0x8, 0x7f, 0xc2, 0x0, 0x1f, 0xf8,

    /* U+CFF0 "쿰" */
    0x3f, 0xe0, 0x1, 0x0, 0x8, 0xff, 0xc0, 0x2,
    0x0, 0x13, 0xff, 0xe0, 0x40, 0x2, 0x1, 0xff,
    0x8, 0x8, 0x40, 0x42, 0x2, 0x1f, 0xf0,

    /* U+CFF1 "쿱" */
    0x3f, 0xe0, 0x1, 0x0, 0x8, 0xff, 0xc0, 0x2,
    0x0, 0x13, 0xff, 0xe0, 0x40, 0x2, 0x1, 0x1,
    0xf, 0xf8, 0x40, 0x42, 0x2, 0x1f, 0xf0,

    /* U+CFF3 "쿳" */
    0x7f, 0xe0, 0x1, 0x0, 0x8, 0xff, 0xc0, 0x2,
    0x0, 0x13, 0xff, 0xe0, 0x40, 0x2, 0x0, 0x10,
    0x0, 0x80, 0xe, 0x1, 0x9c, 0x30, 0x38,

    /* U+CFF5 "쿵" */
    0x3f, 0xe0, 0x1, 0x0, 0x8, 0xff, 0xc0, 0x2,
    0x0, 0x13, 0xff, 0xe0, 0x40, 0x2, 0x0, 0xfe,
    0xc, 0x18, 0x40, 0x43, 0x6, 0xf, 0xe0,

    /* U+CFFC "쿼" */
    0x0, 0x17, 0xf1, 0x1, 0x10, 0x11, 0x7f, 0x10,
    0x11, 0x3, 0x5f, 0xf9, 0x8, 0x10, 0x8f, 0x8,
    0x10, 0x81, 0x8, 0x10, 0x1,

    /* U+D000 "퀀" */
    0x7f, 0x10, 0x11, 0x1, 0x17, 0xf1, 0x1, 0x10,
    0x11, 0xff, 0xd0, 0x81, 0x8, 0xf0, 0x81, 0x20,
    0x12, 0x0, 0x20, 0x3, 0xff,

    /* U+D004 "퀄" */
    0x3f, 0x20, 0x12, 0x1, 0x27, 0xf2, 0x1, 0x2f,
    0xfa, 0xfc, 0x21, 0x9e, 0x0, 0x3, 0xfe, 0x0,
    0x23, 0xfe, 0x20, 0x3, 0xff,

    /* U+D011 "퀑" */
    0x7f, 0x20, 0x24, 0x4, 0xbf, 0x90, 0x12, 0x4,
    0x7f, 0xe8, 0xc1, 0x19, 0xe1, 0xf8, 0xc1, 0x90,
    0x13, 0x6, 0x1f, 0x0,

    /* U+D018 "퀘" */
    0x0, 0x4b, 0xf2, 0x40, 0x92, 0x4, 0x97, 0xe4,
    0x81, 0x24, 0xd, 0x2f, 0xe9, 0x8, 0x48, 0x5e,
    0x42, 0x12, 0x10, 0x90, 0x84, 0x80, 0x4,

    /* U+D02D "퀭" */
    0x0, 0x4b, 0xf2, 0x40, 0x92, 0xfc, 0x90, 0x24,
    0xff, 0xa5, 0xe1, 0x21, 0x79, 0x8, 0x48, 0x0,
    0x43, 0xfc, 0x20, 0x11, 0x0, 0x87, 0xf8,

    /* U+D034 "퀴" */
    0x0, 0x17, 0xf1, 0x1, 0x10, 0x11, 0x7f, 0x10,
    0x11, 0x3, 0x1f, 0xfd, 0x8, 0x10, 0x81, 0x8,
    0x10, 0x81, 0x8, 0x10, 0x1,

    /* U+D035 "퀵" */
    0x7f, 0x20, 0x24, 0x4, 0xbf, 0x90, 0x12, 0x6,
    0x7f, 0xe8, 0x41, 0x8, 0x21, 0x0, 0xff, 0x80,
    0x10, 0x2, 0x0, 0x40,

    /* U+D038 "퀸" */
    0x0, 0x27, 0xf2, 0x1, 0x20, 0x12, 0x7f, 0x20,
    0x12, 0x3, 0x2f, 0xfa, 0x8, 0x20, 0x82, 0x28,
    0x22, 0x0, 0x20, 0x3, 0xff,

    /* U+D03C "퀼" */
    0x3f, 0x20, 0x12, 0x1, 0x27, 0xf2, 0x1, 0x2f,
    0xfa, 0x18, 0x21, 0x80, 0x3f, 0xe0, 0x2, 0x3f,
    0xe2, 0x0, 0x20, 0x3, 0xff,

    /* U+D044 "큄" */
    0x7f, 0x10, 0x11, 0x1, 0x17, 0xf1, 0x1, 0x10,
    0x11, 0xff, 0xd0, 0xc1, 0xc, 0x11, 0xff, 0x10,
    0x11, 0x1, 0x10, 0x11, 0xff,

    /* U+D045 "큅" */
    0x7f, 0x10, 0x11, 0x1, 0x17, 0xf1, 0x1, 0x10,
    0x11, 0xff, 0xd0, 0x41, 0x4, 0x1, 0x1, 0x1f,
    0xf1, 0x1, 0x10, 0x11, 0xff,

    /* U+D047 "큇" */
    0x7f, 0x10, 0x8, 0x80, 0x44, 0xfe, 0x20, 0x11,
    0x0, 0x8b, 0xff, 0x41, 0x2, 0x8, 0x10, 0x48,
    0x80, 0x40, 0x5, 0x0, 0xc6, 0x18, 0xc,

    /* U+D049 "큉" */
    0x7f, 0x20, 0x24, 0x4, 0xbf, 0x90, 0x12, 0x2,
    0x7f, 0xe8, 0x41, 0x8, 0x23, 0xf0, 0xc1, 0x90,
    0x13, 0x6, 0x1f, 0x80,

    /* U+D050 "큐" */
    0x7f, 0xe0, 0x1, 0x0, 0x8, 0xff, 0xc0, 0x2,
    0x0, 0x10, 0x0, 0x9f, 0xff, 0x18, 0xc0, 0xc6,
    0x6, 0x30, 0x31, 0x81, 0x8c, 0x0,

    /* U+D054 "큔" */
    0x3f, 0xe0, 0x1, 0x0, 0x8, 0xff, 0xc0, 0x2,
    0x0, 0x10, 0x0, 0x9f, 0xff, 0xc, 0x80, 0x64,
    0xb, 0x20, 0x40, 0x2, 0x0, 0x1f, 0xf8,

    /* U+D058 "큘" */
    0x3f, 0xe0, 0x1, 0x0, 0x8, 0xff, 0xc0, 0x2,
    0x0, 0x13, 0xff, 0xe3, 0x10, 0x3f, 0xe0, 0x1,
    0x0, 0x8, 0x7f, 0xc2, 0x0, 0x1f, 0xf8,

    /* U+D060 "큠" */
    0x3f, 0xe0, 0x1, 0x0, 0x8, 0xff, 0xc0, 0x2,
    0x0, 0x13, 0xff, 0xe3, 0x10, 0x18, 0x81, 0xff,
    0x8, 0x8, 0x40, 0x42, 0x2, 0x1f, 0xf0,

    /* U+D06C "크" */
    0x7f, 0xe0, 0x1, 0x0, 0x8, 0x0, 0x47, 0xfe,
    0x0, 0x10, 0x0, 0x80, 0x4, 0x0, 0x60, 0x0,
    0x3f, 0xfe,

    /* U+D06D "큭" */
    0x7f, 0xe0, 0x1, 0x0, 0x8, 0xff, 0xc0, 0x2,
    0x0, 0x10, 0x0, 0x9f, 0xff, 0x0, 0x3, 0xff,
    0x0, 0x8, 0x0, 0x40, 0x2, 0x0, 0x10,

    /* U+D070 "큰" */
    0x3f, 0xe0, 0x1, 0x0, 0x8, 0x0, 0x47, 0xfe,
    0x0, 0x10, 0x0, 0x9f, 0xff, 0x0, 0x0, 0x0,
    0x8, 0x0, 0x40, 0x2, 0x0, 0x1f, 0xf8,

    /* U+D074 "클" */
    0x3f, 0xe0, 0x1, 0x0, 0x8, 0xff, 0xc0, 0x2,
    0x0, 0x13, 0xff, 0xe0, 0x0, 0x3f, 0xe0, 0x1,
    0xf, 0xf8, 0x40, 0x2, 0x0, 0x1f, 0xf8,

    /* U+D07C "큼" */
    0x3f, 0xe0, 0x1, 0x0, 0x8, 0xff, 0xc0, 0x2,
    0x0, 0x13, 0xff, 0xe0, 0x0, 0x0, 0x1, 0xff,
    0x8, 0x8, 0x40, 0x42, 0x2, 0x1f, 0xf0,

    /* U+D07D "큽" */
    0x3f, 0xe0, 0x1, 0x0, 0x8, 0xff, 0xc0, 0x2,
    0x0, 0x13, 0xff, 0xe0, 0x0, 0x20, 0x21, 0x1,
    0xf, 0xf8, 0x40, 0x42, 0x2, 0x1f, 0xf0,

    /* U+D081 "킁" */
    0x3f, 0xe0, 0x1, 0x0, 0x8, 0xff, 0xc0, 0x2,
    0x0, 0x10, 0x0, 0x9f, 0xff, 0x0, 0x0, 0xfe,
    0xc, 0x18, 0x40, 0x43, 0x6, 0xf, 0xe0,

    /* U+D0A4 "키" */
    0x0, 0x17, 0xf1, 0x1, 0x10, 0x31, 0x3, 0x1f,
    0xe1, 0x6, 0x10, 0xc1, 0x18, 0x13, 0x1, 0xe0,
    0x10, 0x1, 0x0, 0x10, 0x1,

    /* U+D0A5 "킥" */
    0x0, 0x17, 0xf1, 0x1, 0x1f, 0xf1, 0x6, 0x10,
    0xc1, 0x38, 0x16, 0x1, 0x0, 0x1, 0xff, 0x0,
    0x10, 0x1, 0x0, 0x10, 0x1,

    /* U+D0A8 "킨" */
    0x0, 0x17, 0xf1, 0x3, 0x10, 0x31, 0xfe, 0x10,
    0x61, 0xc, 0x13, 0x1, 0x60, 0x10, 0x1, 0x10,
    0x1, 0x0, 0x10, 0x1, 0xff,

    /* U+D0AC "킬" */
    0x7f, 0x10, 0x31, 0x3, 0x1f, 0xe1, 0x4, 0x11,
    0x81, 0xe0, 0x10, 0x0, 0x1f, 0xf0, 0x1, 0x1f,
    0xf1, 0x0, 0x10, 0x1, 0xff,

    /* U+D0B4 "킴" */
    0x7e, 0x20, 0x44, 0x8, 0xfe, 0x1c, 0x42, 0x10,
    0x4c, 0xf, 0x1, 0x0, 0x7, 0xfc, 0x80, 0x90,
    0x12, 0x2, 0x7f, 0xc0,

    /* U+D0B5 "킵" */
    0x7f, 0x10, 0x31, 0x3, 0x1f, 0xe1, 0x6, 0x10,
    0xc1, 0x38, 0x16, 0x1, 0x10, 0x11, 0x1, 0x1f,
    0xf1, 0x1, 0x10, 0x11, 0xff,

    /* U+D0B7 "킷" */
    0x0, 0x13, 0xf8, 0x80, 0xc4, 0x6, 0x2f, 0xe1,
    0x3, 0x8, 0x30, 0x47, 0x2, 0x60, 0x10, 0x8,
    0x80, 0x40, 0x5, 0x0, 0x6c, 0x1c, 0x3c, 0x80,
    0x0,

    /* U+D0B9 "킹" */
    0x0, 0x17, 0xf1, 0x3, 0x10, 0x31, 0xfe, 0x10,
    0xc1, 0x18, 0x16, 0x1, 0x0, 0x0, 0xfc, 0x10,
    0x33, 0x1, 0x10, 0x30, 0xfc,

    /* U+D0C0 "타" */
    0x0, 0x4f, 0xc4, 0x80, 0x48, 0x4, 0x80, 0x4f,
    0xc4, 0xfc, 0x78, 0x4, 0x80, 0x48, 0x4, 0xff,
    0x40, 0x4, 0x0, 0x40, 0x4,

    /* U+D0C1 "탁" */
    0x0, 0x4f, 0xc4, 0x80, 0x48, 0x4, 0xfc, 0x78,
    0x4, 0x80, 0x4f, 0xe4, 0x0, 0x47, 0xfc, 0x0,
    0x40, 0x4, 0x0, 0x40, 0x4,

    /* U+D0C4 "탄" */
    0x0, 0x4f, 0xc4, 0x80, 0x48, 0x4, 0xfc, 0x78,
    0x4, 0x80, 0x4f, 0xe4, 0x0, 0x40, 0x4, 0x60,
    0x6, 0x0, 0x60, 0x7, 0xfe,

    /* U+D0C8 "탈" */
    0xfc, 0x48, 0x4, 0x80, 0x4f, 0xc7, 0x80, 0x48,
    0x4, 0xfe, 0x40, 0x0, 0x7f, 0xc0, 0x4, 0x7f,
    0xc4, 0x0, 0x40, 0x7, 0xfe,

    /* U+D0C9 "탉" */
    0xfc, 0x48, 0x4, 0x80, 0x4f, 0xc7, 0x80, 0x48,
    0x4, 0xfe, 0x40, 0x0, 0x7b, 0xc0, 0x84, 0x8,
    0x47, 0x84, 0x40, 0x47, 0xc4,

    /* U+D0D0 "탐" */
    0x0, 0x4f, 0xc4, 0x80, 0x48, 0x4, 0xfc, 0x78,
    0x4, 0x80, 0x4f, 0xe4, 0x0, 0x7, 0xfc, 0x40,
    0x44, 0x4, 0x40, 0x47, 0xfc,

    /* U+D0D1 "탑" */
    0xfc, 0x48, 0x4, 0x80, 0x4f, 0xc7, 0x80, 0x48,
    0x4, 0xfe, 0x40, 0x4, 0x40, 0x44, 0x4, 0x7f,
    0xc4, 0x4, 0x40, 0x47, 0xfc,

    /* U+D0D3 "탓" */
    0x0, 0x4f, 0xc4, 0x80, 0x48, 0x4, 0xfc, 0x78,
    0x4, 0x80, 0x4f, 0xf4, 0x0, 0x40, 0x24, 0x2,
    0x0, 0x70, 0x9, 0x87, 0xe, 0x0, 0x20,

    /* U+D0D4 "탔" */
    0x0, 0x4f, 0xc4, 0x80, 0x48, 0x4, 0xfc, 0x78,
    0x4, 0x80, 0x4f, 0xe4, 0x0, 0x1, 0x8, 0x10,
    0x82, 0x94, 0x6f, 0x68, 0x62,

    /* U+D0D5 "탕" */
    0x0, 0x4f, 0xc4, 0x80, 0x48, 0x4, 0xfc, 0x78,
    0x4, 0x80, 0x4f, 0xe4, 0x0, 0x41, 0xf0, 0x60,
    0xc4, 0x4, 0x60, 0xc1, 0xf8,

    /* U+D0DC "태" */
    0x1, 0x3f, 0x26, 0x4, 0xc0, 0x98, 0x13, 0x2,
    0x7e, 0x7c, 0x9, 0x81, 0x30, 0x27, 0xf4, 0x80,
    0x90, 0x12, 0x0, 0x40,

    /* U+D0DD "택" */
    0x1, 0x3f, 0x26, 0x4, 0xc0, 0x9f, 0x9f, 0x2,
    0x60, 0x4f, 0xe9, 0x0, 0x27, 0xfc, 0x0, 0x80,
    0x10, 0x2, 0x0, 0x40,

    /* U+D0E0 "탠" */
    0x1, 0x3f, 0x26, 0x4, 0xc0, 0x9f, 0x9f, 0x2,
    0x60, 0x4f, 0xe9, 0x1, 0x24, 0x24, 0x80, 0x90,
    0x2, 0x0, 0x7f, 0xc0,

    /* U+D0E4 "탤" */
    0xf9, 0x28, 0x12, 0x81, 0x2f, 0x9e, 0x81, 0x28,
    0x12, 0xfd, 0x20, 0x0, 0x3f, 0xe0, 0x2, 0x0,
    0x23, 0xfe, 0x20, 0x3, 0xff,

    /* U+D0EC "탬" */
    0x1, 0x3f, 0x26, 0x4, 0xc0, 0x9f, 0x9f, 0x2,
    0x7f, 0x48, 0x9, 0x0, 0x7, 0xfc, 0x80, 0x90,
    0x12, 0x2, 0x7f, 0xc0,

    /* U+D0ED "탭" */
    0x1, 0x3f, 0x26, 0x4, 0xfc, 0xf8, 0x13, 0x2,
    0x7f, 0x48, 0x9, 0x0, 0x4, 0x4, 0xff, 0x90,
    0x12, 0x2, 0x7f, 0xc0,

    /* U+D0EF "탯" */
    0x1, 0x2f, 0x92, 0x81, 0x28, 0x12, 0xf9, 0xe8,
    0x12, 0x81, 0x2f, 0xd2, 0x0, 0x20, 0x22, 0x2,
    0x0, 0x70, 0xd, 0x87, 0x7,

    /* U+D0F0 "탰" */
    0x1, 0x2f, 0x92, 0x81, 0x28, 0x12, 0xf9, 0xe8,
    0x12, 0x81, 0x2f, 0xd2, 0x0, 0x1, 0xc, 0x10,
    0xc2, 0x9c, 0x6f, 0x30, 0x61,

    /* U+D0F1 "탱" */
    0x1, 0x3f, 0x26, 0x4, 0xc0, 0x9f, 0x9f, 0x2,
    0x60, 0x4f, 0xe9, 0x0, 0x23, 0xf0, 0xc1, 0x90,
    0x13, 0x6, 0x3f, 0x0,

    /* U+D0F8 "탸" */
    0x0, 0x4f, 0xc4, 0x80, 0x48, 0x7, 0x80, 0x4f,
    0xc4, 0x80, 0x48, 0x4, 0x80, 0x78, 0x14, 0xff,
    0x40, 0x4, 0x0, 0x40, 0x4,

    /* U+D10D "턍" */
    0x0, 0x4f, 0xc4, 0x80, 0x78, 0x4, 0xfc, 0x48,
    0x7, 0x80, 0x7f, 0xe4, 0x0, 0x41, 0xf0, 0x60,
    0xc4, 0x4, 0x60, 0xc1, 0xf8,

    /* U+D130 "터" */
    0x0, 0x3f, 0x86, 0x0, 0xc0, 0x18, 0x3, 0xfb,
    0xe0, 0xc, 0x1, 0x80, 0x30, 0x7, 0xfc, 0x80,
    0x10, 0x2, 0x0, 0x40,

    /* U+D131 "턱" */
    0x0, 0x3f, 0x86, 0x0, 0xc0, 0x1f, 0xdf, 0x0,
    0x60, 0xf, 0xf1, 0x0, 0x27, 0xfc, 0x0, 0x80,
    0x10, 0x2, 0x0, 0x40,

    /* U+D134 "턴" */
    0x0, 0x3f, 0x86, 0x0, 0xc0, 0x1f, 0xdf, 0x0,
    0x60, 0xf, 0xf1, 0x0, 0x20, 0x4, 0x80, 0x10,
    0x2, 0x0, 0x7f, 0xc0,

    /* U+D138 "털" */
    0x0, 0x3f, 0x86, 0x0, 0xfe, 0xf8, 0x3, 0x0,
    0x7f, 0xc8, 0x1, 0x3f, 0xe0, 0x4, 0x0, 0x9f,
    0xf2, 0x0, 0x7f, 0xc0,

    /* U+D13A "턺" */
    0x0, 0x3f, 0x86, 0x0, 0xfe, 0xf8, 0x3, 0x0,
    0x7f, 0x88, 0x1, 0x7b, 0xe1, 0x44, 0x28, 0xbd,
    0x14, 0x22, 0xff, 0xc0,

    /* U+D140 "텀" */
    0xfc, 0x30, 0x6, 0x0, 0xfe, 0xf8, 0x3, 0x0,
    0x60, 0xf, 0xf1, 0x0, 0xf, 0xfd, 0x80, 0xb0,
    0x16, 0x2, 0xff, 0xc0,

    /* U+D141 "텁" */
    0xfc, 0x30, 0x6, 0x0, 0xfe, 0xf8, 0x3, 0x0,
    0x7f, 0x88, 0x1, 0x0, 0x4, 0x4, 0xff, 0x90,
    0x12, 0x2, 0x7f, 0xc0,

    /* U+D143 "텃" */
    0x0, 0x2f, 0xc2, 0x80, 0x28, 0x2, 0xfd, 0xe8,
    0x2, 0x80, 0x2f, 0xe2, 0x0, 0x20, 0x22, 0x2,
    0x0, 0x70, 0x19, 0xc7, 0x7,

    /* U+D144 "텄" */
    0xfc, 0x68, 0x6, 0x80, 0x6f, 0xde, 0x80, 0x68,
    0x6, 0x80, 0x6f, 0xe6, 0x0, 0x1, 0x8, 0x10,
    0x82, 0x94, 0xcf, 0x30, 0x40,

    /* U+D145 "텅" */
    0x0, 0x3f, 0x86, 0x0, 0xc0, 0x1f, 0xdf, 0x0,
    0x60, 0xf, 0xf1, 0x0, 0x23, 0xf0, 0x81, 0xb0,
    0x12, 0x6, 0x3f, 0x0,

    /* U+D14C "테" */
    0x0, 0xa0, 0x17, 0xe2, 0xc0, 0x58, 0xb, 0xe7,
    0x60, 0x2c, 0x5, 0x80, 0xb0, 0x17, 0xfa, 0x80,
    0x50, 0xa, 0x0, 0x40,

    /* U+D14D "텍" */
    0x1, 0x3f, 0x26, 0x4, 0xc0, 0x9f, 0xf3, 0x2,
    0x60, 0x4f, 0xe9, 0x0, 0x27, 0xfc, 0x0, 0x80,
    0x10, 0x2, 0x0, 0x40,

    /* U+D150 "텐" */
    0x1, 0x3f, 0x26, 0x4, 0xc0, 0x9f, 0xf3, 0x2,
    0x60, 0x4f, 0xe9, 0x1, 0x20, 0x24, 0x80, 0x90,
    0x2, 0x0, 0x7f, 0xc0,

    /* U+D154 "텔" */
    0x1, 0x2f, 0x92, 0x81, 0x2f, 0xf2, 0x81, 0x28,
    0x12, 0xfd, 0x20, 0x2, 0x3f, 0xe0, 0x2, 0x0,
    0x23, 0xfe, 0x20, 0x3, 0xff,

    /* U+D15C "템" */
    0x1, 0x3f, 0x26, 0x4, 0xff, 0x98, 0x13, 0x2,
    0x60, 0x4f, 0xe9, 0x0, 0x7, 0xfc, 0x80, 0x90,
    0x12, 0x2, 0x7f, 0xc0,

    /* U+D15D "텝" */
    0x1, 0x3f, 0x26, 0x4, 0xff, 0x98, 0x13, 0x2,
    0x7f, 0x48, 0x1, 0x0, 0x4, 0x4, 0xff, 0x90,
    0x12, 0x2, 0x7f, 0xc0,

    /* U+D15F "텟" */
    0x1, 0x2f, 0x92, 0x81, 0x28, 0x12, 0xff, 0x28,
    0x12, 0x81, 0x2f, 0xd2, 0x0, 0x20, 0x22, 0x2,
    0x0, 0x50, 0xd, 0x87, 0xf, 0x40, 0x0,

    /* U+D161 "텡" */
    0x1, 0x3f, 0x26, 0x4, 0xc0, 0x9f, 0xf3, 0x2,
    0x60, 0x4f, 0xe9, 0x0, 0x23, 0xf0, 0xc1, 0x90,
    0x13, 0x6, 0x3f, 0x0,

    /* U+D168 "텨" */
    0x0, 0x3f, 0x86, 0x0, 0xc0, 0xf8, 0x3, 0xf8,
    0x60, 0xc, 0xf, 0x80, 0x30, 0x7, 0xfc, 0x80,
    0x10, 0x2, 0x0, 0x40,

    /* U+D16C "텬" */
    0x0, 0x3f, 0x86, 0x7, 0xc0, 0xff, 0xc3, 0x3,
    0xe0, 0xf, 0xf1, 0x0, 0x20, 0x4, 0x80, 0x90,
    0x2, 0x0, 0x7f, 0xc0,

    /* U+D17C "텼" */
    0x0, 0x6f, 0xc6, 0x83, 0xe8, 0x3e, 0xfc, 0x68,
    0x3e, 0x80, 0x6f, 0xe6, 0x0, 0x1, 0x8, 0x10,
    0x82, 0x94, 0xcf, 0x30, 0x40,

    /* U+D184 "톄" */
    0x0, 0xa0, 0x17, 0xe2, 0xc0, 0x58, 0x3b, 0x1,
    0x7c, 0x2c, 0x1d, 0x80, 0xb0, 0x17, 0xf2, 0x80,
    0x50, 0xa, 0x0, 0x40,

    /* U+D188 "톈" */
    0x1, 0x3f, 0x26, 0x1c, 0xc3, 0x9f, 0x13, 0xe,
    0x60, 0x4f, 0xe9, 0x1, 0x20, 0x24, 0x80, 0x90,
    0x2, 0x0, 0x7f, 0xc0,

    /* U+D1A0 "토" */
    0x3f, 0xe1, 0x0, 0x8, 0x0, 0x7f, 0xc2, 0x0,
    0x10, 0x0, 0xff, 0x80, 0x40, 0x2, 0x0, 0x10,
    0x3f, 0xfe,

    /* U+D1A1 "톡" */
    0x7f, 0xe3, 0x0, 0x18, 0x0, 0xff, 0xc6, 0x0,
    0x3f, 0xf0, 0x8, 0x0, 0x40, 0xff, 0xf8, 0x0,
    0x1f, 0xf8, 0x0, 0x40, 0x2, 0x0, 0x10,

    /* U+D1A4 "톤" */
    0x3f, 0xe1, 0x0, 0x8, 0x0, 0x7f, 0xc2, 0x0,
    0x1f, 0xf0, 0x8, 0x0, 0x40, 0xff, 0xf8, 0x0,
    0x8, 0x0, 0x40, 0x2, 0x0, 0x1f, 0xf0,

    /* U+D1A8 "톨" */
    0x3f, 0xe1, 0x0, 0xf, 0xf8, 0x40, 0x3, 0xfe,
    0x1, 0x0, 0x8, 0x1f, 0xff, 0x0, 0x1, 0xff,
    0x0, 0x8, 0x7f, 0xc2, 0x0, 0x1f, 0xf8,

    /* U+D1B0 "톰" */
    0x3f, 0xe1, 0x0, 0xf, 0xf8, 0x40, 0x2, 0x0,
    0x1f, 0xf0, 0x8, 0x1f, 0xff, 0x0, 0x0, 0x0,
    0xf, 0xf8, 0x40, 0x42, 0x2, 0x1f, 0xf0,

    /* U+D1B1 "톱" */
    0x3f, 0xe1, 0x0, 0xf, 0xf8, 0x40, 0x2, 0x0,
    0x1f, 0xf0, 0x8, 0x1f, 0xff, 0x0, 0x1, 0x1,
    0xf, 0xf8, 0x40, 0x42, 0x2, 0x1f, 0xf0,

    /* U+D1B3 "톳" */
    0x3f, 0xe1, 0x0, 0x8, 0x0, 0x7f, 0xc2, 0x0,
    0x1f, 0xf0, 0x8, 0x1f, 0xff, 0x0, 0x0, 0x10,
    0x1, 0xc0, 0x1b, 0x3, 0x8e, 0x20, 0x10,

    /* U+D1B5 "통" */
    0x3f, 0xe1, 0x0, 0x8, 0x0, 0x7f, 0xc2, 0x0,
    0x1f, 0xf0, 0x8, 0x1f, 0xff, 0x0, 0x0, 0x0,
    0x7, 0xf0, 0x40, 0x42, 0x2, 0xf, 0xe0,

    /* U+D1BA "톺" */
    0x3f, 0xe1, 0x0, 0xf, 0xf8, 0x40, 0x2, 0x0,
    0x1f, 0xf8, 0x8, 0x1f, 0xff, 0x0, 0x0, 0x0,
    0x1f, 0xfc, 0x11, 0x0, 0x88, 0x3f, 0xf8,

    /* U+D1BC "톼" */
    0x0, 0x23, 0xf9, 0x10, 0x8, 0x80, 0x47, 0xf2,
    0x20, 0x11, 0x0, 0xef, 0xe4, 0x8, 0x20, 0x41,
    0x3f, 0xe8, 0x0, 0x40, 0x2, 0x0, 0x10,

    /* U+D1C0 "퇀" */
    0x7f, 0x22, 0x1, 0x1f, 0x88, 0xfc, 0x44, 0x3,
    0xbf, 0x90, 0x20, 0x81, 0x4, 0xff, 0xa0, 0x1,
    0x8, 0x8, 0x40, 0x2, 0x0, 0x1f, 0xf8,

    /* U+D1D8 "퇘" */
    0x0, 0x97, 0xe9, 0x40, 0x94, 0x9, 0x7e, 0x94,
    0x9, 0x40, 0xf7, 0xe9, 0x10, 0x91, 0x9, 0xfe,
    0x90, 0x9, 0x0, 0x90, 0x1,

    /* U+D1F4 "퇴" */
    0x0, 0x2f, 0xe5, 0x0, 0xa0, 0x17, 0xf2, 0x80,
    0x50, 0xb, 0xf9, 0x8, 0x21, 0x7, 0xfe, 0x80,
    0x10, 0x2, 0x0, 0x40,

    /* U+D1F8 "퇸" */
    0x0, 0x27, 0xf2, 0x40, 0x27, 0xe2, 0x40, 0x27,
    0xf2, 0x8, 0x20, 0x82, 0xff, 0xa0, 0x2, 0x30,
    0x23, 0x0, 0x30, 0x3, 0xff,

    /* U+D207 "툇" */
    0x7f, 0x24, 0x2, 0x40, 0x27, 0xe2, 0x40, 0x27,
    0xf2, 0x8, 0x20, 0x82, 0xff, 0xa0, 0x22, 0x2,
    0x0, 0x50, 0x38, 0xc6, 0x2,

    /* U+D209 "툉" */
    0x7f, 0x28, 0x5, 0x0, 0xbf, 0x14, 0x2, 0xfe,
    0x42, 0xf, 0xfd, 0x0, 0x23, 0xf0, 0xc1, 0x90,
    0x13, 0x6, 0x3f, 0x0,

    /* U+D210 "툐" */
    0x3f, 0xe1, 0x0, 0x8, 0x0, 0x7f, 0xc2, 0x0,
    0x10, 0x0, 0xff, 0x81, 0x10, 0x8, 0x80, 0x44,
    0x3f, 0xfe,

    /* U+D22C "투" */
    0x3f, 0xe1, 0x0, 0x8, 0x0, 0x7f, 0xc2, 0x0,
    0x10, 0x0, 0xff, 0x80, 0x0, 0x0, 0x7, 0xff,
    0xc0, 0x80, 0x4, 0x0, 0x20, 0x1, 0x0,

    /* U+D22D "툭" */
    0x7f, 0xe3, 0x0, 0x18, 0x0, 0xff, 0xc6, 0x0,
    0x3f, 0xf0, 0x0, 0x1f, 0xff, 0x2, 0x0, 0x10,
    0x1f, 0xf8, 0x0, 0x40, 0x2, 0x0, 0x10,

    /* U+D230 "툰" */
    0x3f, 0xe1, 0x0, 0x8, 0x0, 0x7f, 0xc2, 0x0,
    0x1f, 0xf0, 0x0, 0x0, 0x0, 0xff, 0xf8, 0x10,
    0x8, 0x80, 0x44, 0x2, 0x0, 0x1f, 0xf0,

    /* U+D234 "툴" */
    0x3f, 0xe1, 0x0, 0xf, 0xf8, 0x40, 0x3, 0xfe,
    0x0, 0x3, 0xff, 0xe0, 0x40, 0x2, 0x1, 0xff,
    0x0, 0x8, 0x7f, 0xc2, 0x0, 0x1f, 0xf8,

    /* U+D23C "툼" */
    0x3f, 0xe1, 0x0, 0xf, 0xf8, 0x40, 0x2, 0x0,
    0x1f, 0xf0, 0x0, 0x1f, 0xff, 0x2, 0x0, 0x10,
    0xf, 0xf8, 0x40, 0x42, 0x2, 0x1f, 0xf0,

    /* U+D23D "툽" */
    0x3f, 0xe1, 0x0, 0xf, 0xf8, 0x40, 0x2, 0x0,
    0x1f, 0xf0, 0x0, 0x1f, 0xff, 0x2, 0x1, 0x11,
    0xf, 0xf8, 0x40, 0x42, 0x2, 0x1f, 0xf0,

    /* U+D23F "툿" */
    0x3f, 0xe1, 0x0, 0xf, 0xf8, 0x40, 0x2, 0x0,
    0x1f, 0xf0, 0x0, 0x1f, 0xff, 0x2, 0x0, 0x0,
    0x0, 0x80, 0xe, 0x1, 0xd8, 0x38, 0x38,

    /* U+D241 "퉁" */
    0x3f, 0xe1, 0x0, 0x8, 0x0, 0x7f, 0xc2, 0x0,
    0x1f, 0xf0, 0x0, 0x1f, 0xff, 0x2, 0x0, 0x10,
    0x7, 0xf0, 0x40, 0x42, 0x2, 0xf, 0xe0,

    /* U+D248 "퉈" */
    0x7f, 0x28, 0x5, 0xfc, 0xbf, 0x94, 0x2, 0xfe,
    0x40, 0x8, 0xfd, 0xff, 0x21, 0x4, 0x27, 0x84,
    0x10, 0x82, 0x10, 0x40,

    /* U+D25C "퉜" */
    0x7f, 0x32, 0x1, 0x9f, 0x8c, 0x80, 0x67, 0xf3,
    0x0, 0x1b, 0xf6, 0xc2, 0x3e, 0x10, 0x30, 0x0,
    0x4, 0x10, 0x71, 0xc6, 0xdb, 0x23, 0x8c,

    /* U+D264 "퉤" */
    0x0, 0x97, 0xe9, 0x40, 0x97, 0xc9, 0x40, 0x97,
    0xe9, 0x0, 0x90, 0x9, 0xfe, 0x91, 0x9, 0x17,
    0x91, 0x9, 0x10, 0x90, 0x1,

    /* U+D280 "튀" */
    0x0, 0x2f, 0xe5, 0x0, 0xbf, 0x94, 0x2, 0x80,
    0x5f, 0xc8, 0x1, 0xff, 0xa1, 0x4, 0x20, 0x84,
    0x10, 0x82, 0x10, 0x40,

    /* U+D281 "튁" */
    0x7f, 0x28, 0x5, 0x0, 0xbf, 0x14, 0x2, 0xfe,
    0x40, 0xf, 0xfd, 0x8, 0x21, 0x0, 0xff, 0x80,
    0x10, 0x2, 0x0, 0x40,

    /* U+D284 "튄" */
    0x7f, 0x24, 0x2, 0x40, 0x27, 0xe2, 0x40, 0x27,
    0xf2, 0x0, 0x2f, 0xfa, 0x8, 0x20, 0x82, 0x20,
    0x22, 0x0, 0x20, 0x3, 0xff,

    /* U+D288 "튈" */
    0x7f, 0x24, 0x2, 0x7e, 0x24, 0x2, 0x7f, 0x20,
    0x2, 0xff, 0xa0, 0x82, 0x8, 0x3, 0xfe, 0x0,
    0x23, 0xfe, 0x20, 0x3, 0xff,

    /* U+D290 "튐" */
    0x7f, 0x28, 0x5, 0xf8, 0xa0, 0x14, 0x2, 0xfe,
    0x40, 0xf, 0xfd, 0x8, 0x27, 0xfc, 0x80, 0x90,
    0x12, 0x2, 0x7f, 0xc0,

    /* U+D291 "튑" */
    0x7f, 0x28, 0x5, 0xf8, 0xa0, 0x14, 0x2, 0xfe,
    0x40, 0xf, 0xfd, 0x8, 0x5, 0x4, 0x80, 0x9f,
    0xf2, 0x2, 0x7f, 0xc0,

    /* U+D295 "튕" */
    0x7f, 0x28, 0x5, 0x0, 0xbf, 0x14, 0x2, 0xfe,
    0x40, 0xf, 0xfd, 0x8, 0x21, 0xf8, 0xc1, 0x90,
    0x13, 0x6, 0x3f, 0x80,

    /* U+D29C "튜" */
    0x3f, 0xe1, 0x0, 0x8, 0x0, 0x7f, 0xc2, 0x0,
    0x10, 0x0, 0xff, 0x80, 0x0, 0x0, 0x7, 0xff,
    0xc6, 0x30, 0x31, 0x81, 0x8c, 0xc, 0x60,

    /* U+D2A0 "튠" */
    0x3f, 0xe1, 0x0, 0x8, 0x0, 0x7f, 0xc2, 0x0,
    0x1f, 0xf0, 0x0, 0x0, 0x0, 0xff, 0xf8, 0x64,
    0xb, 0x20, 0x59, 0x2, 0x0, 0x1f, 0xf8,

    /* U+D2A4 "튤" */
    0x3f, 0xe1, 0x0, 0xf, 0xf8, 0x40, 0x3, 0xfe,
    0x0, 0x3, 0xff, 0xe3, 0x10, 0x18, 0x81, 0xff,
    0x0, 0x8, 0x7f, 0xc2, 0x0, 0x1f, 0xf8,

    /* U+D2AC "튬" */
    0x3f, 0xe1, 0x0, 0xf, 0xf8, 0x40, 0x2, 0x0,
    0x1f, 0xf0, 0x0, 0x1f, 0xff, 0x18, 0x80, 0xc4,
    0xf, 0xf8, 0x40, 0x42, 0x2, 0x1f, 0xf0,

    /* U+D2B1 "튱" */
    0x3f, 0xe1, 0x0, 0x8, 0x0, 0x7f, 0xc2, 0x0,
    0x1f, 0xf0, 0x0, 0x1f, 0xff, 0x18, 0xc0, 0xc6,
    0x7, 0xf0, 0x40, 0x42, 0x2, 0xf, 0xe0,

    /* U+D2B8 "트" */
    0x3f, 0xe1, 0x0, 0x8, 0x0, 0x7f, 0xc2, 0x0,
    0x10, 0x0, 0x80, 0x7, 0xfc, 0x0, 0x0, 0x0,
    0x3f, 0xfe,

    /* U+D2B9 "특" */
    0x7f, 0xe3, 0x0, 0x18, 0x0, 0xff, 0xc6, 0x0,
    0x3f, 0xf0, 0x0, 0x1f, 0xff, 0x0, 0x0, 0x0,
    0x1f, 0xf8, 0x0, 0x40, 0x2, 0x0, 0x10,

    /* U+D2BC "튼" */
    0x3f, 0xe1, 0x0, 0x8, 0x0, 0x7f, 0xc2, 0x0,
    0x1f, 0xf8, 0x0, 0x0, 0x0, 0xff, 0xf8, 0x0,
    0x8, 0x0, 0x40, 0x2, 0x0, 0x1f, 0xf8,

    /* U+D2BF "튿" */
    0x3f, 0xe1, 0x0, 0x8, 0x0, 0x7f, 0xc2, 0x0,
    0x1f, 0xf0, 0x0, 0x1f, 0xff, 0x0, 0x0, 0x0,
    0xf, 0xf8, 0x40, 0x2, 0x0, 0x1f, 0xf0,

    /* U+D2C0 "틀" */
    0x3f, 0xe1, 0x0, 0xf, 0xf8, 0x40, 0x3, 0xfe,
    0x0, 0x3, 0xff, 0xe0, 0x0, 0x0, 0x1, 0xff,
    0x0, 0x8, 0x7f, 0xc2, 0x0, 0x1f, 0xf8,

    /* U+D2C2 "틂" */
    0x3f, 0xe1, 0x0, 0xf, 0xf8, 0x40, 0x2, 0x0,
    0x1f, 0xf0, 0x0, 0x1f, 0xff, 0x0, 0x3, 0xef,
    0x1, 0x48, 0xfa, 0x46, 0x12, 0x3e, 0xf0,

    /* U+D2C8 "틈" */
    0x3f, 0xe1, 0x0, 0x8, 0x0, 0x7f, 0xc2, 0x0,
    0x1f, 0xf0, 0x0, 0x1f, 0xff, 0x0, 0x0, 0x0,
    0xf, 0xf8, 0x40, 0x42, 0x2, 0x1f, 0xf0,

    /* U+D2C9 "틉" */
    0x3f, 0xe1, 0x0, 0xf, 0xf8, 0x40, 0x2, 0x0,
    0x1f, 0xf0, 0x0, 0x1f, 0xff, 0x0, 0x1, 0x1,
    0xf, 0xf8, 0x40, 0x42, 0x2, 0x1f, 0xf0,

    /* U+D2CB "틋" */
    0x3f, 0xe1, 0x0, 0x8, 0x0, 0x7f, 0xc2, 0x0,
    0x1f, 0xf0, 0x0, 0x1f, 0xff, 0x0, 0x0, 0x10,
    0x1, 0x80, 0x1a, 0x3, 0x8e, 0x30, 0x18,

    /* U+D2D4 "틔" */
    0x0, 0x2f, 0xe5, 0x0, 0xa0, 0x17, 0xf2, 0x80,
    0x50, 0xb, 0xf9, 0x0, 0x20, 0x7, 0xfe, 0x80,
    0x10, 0x2, 0x0, 0x40,

    /* U+D2D8 "틘" */
    0x0, 0x27, 0xf2, 0x40, 0x27, 0xe2, 0x40, 0x27,
    0xf2, 0x0, 0x20, 0xa, 0xff, 0xa0, 0x2, 0x20,
    0x22, 0x0, 0x20, 0x3, 0xff,

    /* U+D2DC "틜" */
    0x7f, 0x24, 0x2, 0x7e, 0x24, 0x2, 0x7f, 0x20,
    0x2, 0xff, 0xa0, 0x2, 0x0, 0x3, 0xfe, 0x0,
    0x23, 0xfe, 0x20, 0x3, 0xff,

    /* U+D2E4 "틤" */
    0x7f, 0x28, 0x5, 0x0, 0xbf, 0x14, 0x2, 0xfe,
    0x40, 0xf, 0xfd, 0x0, 0x27, 0xfc, 0x80, 0x90,
    0x12, 0x2, 0x7f, 0xc0,

    /* U+D2E5 "틥" */
    0x7f, 0x28, 0x5, 0xf8, 0xa0, 0x14, 0x2, 0xfe,
    0x40, 0xf, 0xfd, 0x0, 0x4, 0x4, 0x80, 0x9f,
    0xf2, 0x2, 0x7f, 0xc0,

    /* U+D2F0 "티" */
    0x0, 0x3f, 0xc6, 0x0, 0xc0, 0x18, 0x3, 0xf8,
    0x60, 0xc, 0x1, 0x80, 0x30, 0x7, 0xfc, 0x80,
    0x10, 0x2, 0x0, 0x40,

    /* U+D2F1 "틱" */
    0x0, 0x3f, 0xc6, 0x0, 0xc0, 0x1f, 0xc3, 0x0,
    0x60, 0xf, 0xf9, 0x0, 0x27, 0xfc, 0x0, 0x80,
    0x10, 0x2, 0x0, 0x40,

    /* U+D2F4 "틴" */
    0x0, 0x3f, 0xc6, 0x0, 0xc0, 0x1f, 0xc3, 0x0,
    0x60, 0xf, 0xf9, 0x0, 0x20, 0x5, 0x80, 0xb0,
    0x6, 0x0, 0xff, 0xc0,

    /* U+D2F8 "틸" */
    0xfe, 0x30, 0x6, 0x0, 0xfe, 0x18, 0x3, 0x0,
    0x7f, 0xc8, 0x0, 0x7f, 0xe0, 0x5, 0xff, 0xb0,
    0x6, 0x0, 0xff, 0xc0,

    /* U+D300 "팀" */
    0x0, 0x3f, 0xc6, 0x0, 0xc0, 0x1f, 0xc3, 0x0,
    0x7f, 0xc8, 0x1, 0x0, 0xf, 0xfd, 0x80, 0xb0,
    0x16, 0x2, 0xff, 0xc0,

    /* U+D301 "팁" */
    0xfe, 0x30, 0x6, 0x0, 0xfe, 0x18, 0x3, 0x0,
    0x7f, 0xc8, 0x1, 0x0, 0xc, 0x5, 0xff, 0xb0,
    0x16, 0x2, 0xff, 0xc0,

    /* U+D303 "팃" */
    0x0, 0x2f, 0xe2, 0x80, 0x28, 0x2, 0xfc, 0x28,
    0x2, 0x80, 0x2f, 0xf2, 0x0, 0x20, 0x22, 0x2,
    0x0, 0x70, 0x19, 0x87, 0x7,

    /* U+D305 "팅" */
    0x0, 0x3f, 0xc6, 0x0, 0xc0, 0x1f, 0xc3, 0x0,
    0x60, 0xf, 0xf9, 0x0, 0x23, 0xf1, 0x81, 0xa0,
    0x16, 0x6, 0x3f, 0x0,

    /* U+D30C "파" */
    0x0, 0x27, 0xf9, 0x9, 0x8, 0x48, 0x42, 0x42,
    0x12, 0x10, 0x90, 0xe4, 0x84, 0x24, 0x27, 0xfd,
    0x0, 0x8, 0x0, 0x40, 0x2, 0x0, 0x10,

    /* U+D30D "팍" */
    0x0, 0x27, 0xf9, 0x19, 0x88, 0xcc, 0x46, 0x63,
    0xb3, 0x13, 0xfe, 0x80, 0x4, 0x0, 0x23, 0xff,
    0x0, 0x8, 0x0, 0x40, 0x2, 0x0, 0x10,

    /* U+D30E "팎" */
    0x0, 0x27, 0xf9, 0x9, 0x88, 0x4c, 0x42, 0x63,
    0x93, 0x13, 0xfe, 0x80, 0x4, 0x0, 0x3, 0xef,
    0x1, 0x8, 0x8, 0x40, 0x42, 0x2, 0x10,

    /* U+D310 "판" */
    0x0, 0x27, 0xf9, 0x19, 0x88, 0xcc, 0x46, 0x63,
    0xb3, 0x11, 0x98, 0x9f, 0xf4, 0x0, 0x20, 0x1,
    0x8, 0x0, 0x40, 0x2, 0x0, 0x1f, 0xf8,

    /* U+D314 "팔" */
    0x0, 0x27, 0xf9, 0x19, 0x88, 0xcc, 0x76, 0x62,
    0x33, 0x13, 0xfe, 0x80, 0x0, 0x7f, 0xe0, 0x1,
    0x1f, 0xf8, 0xc0, 0x6, 0x0, 0x3f, 0xf8,

    /* U+D316 "팖" */
    0x0, 0x27, 0xf9, 0x19, 0x88, 0xcc, 0x76, 0x62,
    0x33, 0x13, 0xfe, 0x80, 0x0, 0x7f, 0xe0, 0x79,
    0x3, 0xc8, 0xfe, 0x44, 0x32, 0x3f, 0xf0,

    /* U+D31C "팜" */
    0x0, 0x27, 0xf9, 0x19, 0x88, 0xcc, 0x76, 0x62,
    0x33, 0x13, 0xfe, 0x80, 0x4, 0x0, 0x1, 0xff,
    0x8, 0x8, 0x40, 0x42, 0x2, 0x1f, 0xf0,

    /* U+D31D "팝" */
    0x0, 0x27, 0xf9, 0x19, 0x88, 0xcc, 0x76, 0x62,
    0x33, 0x13, 0xfe, 0x80, 0x4, 0x20, 0x21, 0x1,
    0xf, 0xf8, 0x40, 0x42, 0x2, 0x1f, 0xf0,

    /* U+D31F "팟" */
    0x0, 0x27, 0xf9, 0x19, 0x88, 0xcc, 0x46, 0x63,
    0xb3, 0x11, 0x98, 0x9f, 0xf4, 0x0, 0x20, 0x10,
    0x1, 0xc0, 0x1b, 0x7, 0x8f, 0x20, 0x8,

    /* U+D320 "팠" */
    0x0, 0x27, 0xf9, 0x19, 0x88, 0xcc, 0x76, 0x62,
    0x33, 0x13, 0xfe, 0x80, 0x4, 0x0, 0x0, 0x82,
    0x6, 0x30, 0x71, 0x46, 0xdb, 0x63, 0x88,

    /* U+D321 "팡" */
    0x0, 0x27, 0xf9, 0x19, 0x88, 0xcc, 0x46, 0x63,
    0xb3, 0x11, 0x9e, 0x9f, 0xf4, 0x0, 0x20, 0xfc,
    0xc, 0x18, 0xc0, 0x43, 0x6, 0xf, 0xc0,

    /* U+D325 "팥" */
    0x0, 0x27, 0xf9, 0x19, 0x88, 0xcc, 0x76, 0x62,
    0x33, 0x13, 0xfe, 0x80, 0x4, 0x3f, 0xe1, 0x0,
    0x8, 0x0, 0x7f, 0xc2, 0x0, 0x1f, 0xf0,

    /* U+D328 "패" */
    0x0, 0x90, 0x9, 0xfe, 0x96, 0xc9, 0x6c, 0x96,
    0xc9, 0x6c, 0xf6, 0xc9, 0x6c, 0x96, 0xc9, 0xfe,
    0x90, 0x9, 0x0, 0x90, 0x1,

    /* U+D329 "팩" */
    0x0, 0x9f, 0xe9, 0x64, 0x96, 0x49, 0x64, 0xf6,
    0x49, 0x64, 0x9f, 0xe9, 0x0, 0x13, 0xff, 0x0,
    0x10, 0x1, 0x0, 0x10, 0x1,

    /* U+D32C "팬" */
    0x0, 0x9f, 0xe9, 0x6c, 0x96, 0xc9, 0x6c, 0xf6,
    0xc9, 0x6c, 0x9f, 0xe9, 0x0, 0x90, 0x9, 0x10,
    0x11, 0x0, 0x10, 0x1, 0xff,

    /* U+D330 "팰" */
    0x0, 0x97, 0xf4, 0x9b, 0x24, 0xd9, 0xe6, 0xc9,
    0x36, 0x4b, 0xfa, 0x40, 0x0, 0x1f, 0xf0, 0x0,
    0x80, 0x4, 0x3f, 0xe1, 0x0, 0xf, 0xfc,

    /* U+D338 "팸" */
    0x0, 0x9f, 0xe9, 0x6c, 0x96, 0xcf, 0x6c, 0x96,
    0xc9, 0xfe, 0x90, 0x9, 0x0, 0x1, 0xff, 0x10,
    0x11, 0x1, 0x10, 0x11, 0xff,

    /* U+D339 "팹" */
    0x0, 0x9f, 0xe9, 0x6c, 0x96, 0xcf, 0x6c, 0x96,
    0xc9, 0xfe, 0x90, 0x9, 0x10, 0x11, 0x1, 0x1f,
    0xf1, 0x1, 0x10, 0x11, 0xff,

    /* U+D33B "팻" */
    0x0, 0x97, 0xf4, 0x9b, 0x24, 0xd9, 0x26, 0xcf,
    0x36, 0x49, 0xb2, 0x5f, 0xd2, 0x0, 0x10, 0x8,
    0x80, 0x40, 0x7, 0x0, 0x6c, 0x1c, 0x3c, 0x80,
    0x0,

    /* U+D33C "팼" */
    0x0, 0xb7, 0xf5, 0x9b, 0x2c, 0xd9, 0xe6, 0xcb,
    0x36, 0x5b, 0xfa, 0xc0, 0x16, 0x0, 0x0, 0x42,
    0x6, 0x10, 0x29, 0x46, 0x7b, 0x21, 0x80,

    /* U+D33D "팽" */
    0x0, 0x9f, 0xe9, 0x6c, 0x96, 0xc9, 0x6c, 0xf6,
    0xc9, 0x6c, 0x9f, 0xe9, 0x0, 0x10, 0xfc, 0x18,
    0x31, 0x1, 0x18, 0x30, 0xfc,

    /* U+D344 "퍄" */
    0x0, 0x27, 0xf9, 0x9, 0x8, 0x48, 0x72, 0x42,
    0x12, 0x10, 0x90, 0x84, 0x87, 0x24, 0x27, 0xfd,
    0x0, 0x8, 0x0, 0x40, 0x2, 0x0, 0x10,

    /* U+D345 "퍅" */
    0x0, 0x27, 0xf9, 0x19, 0x8e, 0xcc, 0x46, 0x62,
    0x33, 0x1f, 0xfe, 0x80, 0x4, 0x0, 0x23, 0xff,
    0x0, 0x8, 0x0, 0x40, 0x2, 0x0, 0x10,

    /* U+D37C "퍼" */
    0x0, 0x3f, 0xe5, 0x90, 0xb2, 0x16, 0x42, 0xcb,
    0xd9, 0xb, 0x21, 0x64, 0x3f, 0xe4, 0x0, 0x80,
    0x10, 0x2, 0x0, 0x40,

    /* U+D37D "퍽" */
    0x0, 0x3f, 0xe5, 0x90, 0xb2, 0x16, 0x5e, 0xc8,
    0x59, 0xf, 0xfd, 0x0, 0x27, 0xfc, 0x0, 0x80,
    0x10, 0x2, 0x0, 0x40,

    /* U+D380 "펀" */
    0x0, 0x2f, 0xf2, 0x64, 0x26, 0x42, 0x65, 0xe6,
    0x42, 0x64, 0x2f, 0xfa, 0x0, 0x20, 0x2, 0x20,
    0x2, 0x0, 0x20, 0x3, 0xff,

    /* U+D384 "펄" */
    0x0, 0x2f, 0xf2, 0x64, 0x26, 0x5e, 0x64, 0x26,
    0x42, 0xff, 0xa0, 0x0, 0x3f, 0xe0, 0x2, 0x0,
    0x23, 0xfe, 0x20, 0x3, 0xff,

    /* U+D38C "펌" */
    0x0, 0x1f, 0xf1, 0x26, 0x12, 0x6f, 0x26, 0x12,
    0x61, 0xff, 0x90, 0x1, 0x0, 0x3, 0xff, 0x30,
    0x13, 0x1, 0x30, 0x13, 0xff,

    /* U+D38D "펍" */
    0x0, 0x3f, 0xe5, 0x90, 0xb2, 0xf6, 0x42, 0xc8,
    0x7f, 0xe8, 0x1, 0x20, 0x24, 0x4, 0xff, 0x90,
    0x12, 0x2, 0x7f, 0xc0,

    /* U+D38F "펏" */
    0x0, 0x2f, 0xf2, 0x64, 0x26, 0x42, 0x65, 0xe6,
    0x42, 0x64, 0x2f, 0xfa, 0x0, 0x20, 0x22, 0x3,
    0x0, 0x70, 0xc, 0x87, 0x7,

    /* U+D390 "펐" */
    0x0, 0x2f, 0xf2, 0x64, 0x26, 0x42, 0x65, 0xe6,
    0x42, 0xff, 0xa0, 0x2, 0x10, 0x41, 0x4, 0x18,
    0xc3, 0x8e, 0x65, 0x34, 0x21,

    /* U+D391 "펑" */
    0x0, 0x1f, 0xf1, 0x26, 0x12, 0x61, 0x26, 0xf2,
    0x61, 0x26, 0x1f, 0xf9, 0x0, 0x10, 0xfc, 0x30,
    0x33, 0x1, 0x30, 0x30, 0xfc,

    /* U+D398 "페" */
    0x0, 0x90, 0x9, 0xfe, 0x94, 0x89, 0x48, 0x94,
    0xb9, 0x48, 0x94, 0x89, 0x48, 0x94, 0x89, 0xfe,
    0x90, 0x9, 0x0, 0x90, 0x1,

    /* U+D399 "펙" */
    0x0, 0x9f, 0xe9, 0x68, 0x96, 0x89, 0x6b, 0x96,
    0x89, 0x68, 0x9f, 0xe9, 0x0, 0x13, 0xff, 0x0,
    0x10, 0x1, 0x0, 0x10, 0x1,

    /* U+D39C "펜" */
    0x0, 0x9f, 0xe9, 0x48, 0x94, 0x89, 0x4b, 0x94,
    0x89, 0x48, 0x9f, 0xe9, 0x0, 0x90, 0x9, 0x10,
    0x11, 0x0, 0x10, 0x1, 0xff,

    /* U+D3A0 "펠" */
    0x0, 0x97, 0xf4, 0x92, 0x24, 0x97, 0x24, 0x89,
    0x24, 0x4b, 0xfa, 0x40, 0x0, 0x3f, 0xf0, 0x0,
    0x80, 0x4, 0x7f, 0xe3, 0x0, 0x1f, 0xfc,

    /* U+D3A8 "펨" */
    0x0, 0x9f, 0xe9, 0x48, 0x94, 0x89, 0x4b, 0x94,
    0x89, 0xfe, 0x90, 0x9, 0x0, 0x3, 0xff, 0x30,
    0x13, 0x1, 0x30, 0x13, 0xff,

    /* U+D3A9 "펩" */
    0x0, 0x9f, 0xe9, 0x48, 0x94, 0xb9, 0x48, 0x94,
    0x89, 0xfe, 0x90, 0x1, 0x0, 0x1, 0x1, 0x1f,
    0xf1, 0x1, 0x10, 0x11, 0xff,

    /* U+D3AB "펫" */
    0x0, 0x97, 0xf4, 0x92, 0x24, 0x91, 0x24, 0xb9,
    0x24, 0x49, 0x22, 0x5f, 0xd2, 0x0, 0x10, 0x8,
    0x80, 0xc0, 0x7, 0x0, 0xcc, 0x1c, 0x3c,

    /* U+D3AD "펭" */
    0x0, 0x9f, 0xe9, 0x48, 0x94, 0x89, 0x4b, 0x94,
    0x89, 0x48, 0x9f, 0xe9, 0x0, 0x10, 0xfc, 0x18,
    0x33, 0x1, 0x18, 0x30, 0xfc,

    /* U+D3B4 "펴" */
    0x0, 0x3f, 0xe5, 0x90, 0xb2, 0x16, 0x5e, 0xc8,
    0x59, 0xb, 0x2f, 0x64, 0x2c, 0x87, 0xfc, 0x80,
    0x10, 0x2, 0x0, 0x40,

    /* U+D3B8 "편" */
    0x0, 0x1f, 0xf1, 0x64, 0x16, 0x47, 0x64, 0x16,
    0x47, 0x64, 0x1f, 0xf1, 0x0, 0x10, 0x1, 0x30,
    0x13, 0x0, 0x30, 0x3, 0xff,

    /* U+D3BC "펼" */
    0x0, 0x1f, 0xf1, 0x64, 0x76, 0x41, 0x64, 0x76,
    0x71, 0x80, 0x10, 0x0, 0x3f, 0xf0, 0x1, 0x0,
    0x13, 0xff, 0x30, 0x3, 0xff,

    /* U+D3C4 "폄" */
    0x0, 0x1f, 0xf1, 0x64, 0x76, 0x41, 0x64, 0x16,
    0x47, 0x64, 0x1f, 0xf1, 0x0, 0x3, 0xff, 0x30,
    0x13, 0x1, 0x30, 0x13, 0xff,

    /* U+D3C5 "폅" */
    0xff, 0x16, 0x41, 0x64, 0x76, 0x41, 0x64, 0x16,
    0x47, 0x64, 0x1f, 0xf1, 0x0, 0x3, 0x1, 0x3f,
    0xf3, 0x1, 0x30, 0x13, 0xff,

    /* U+D3C8 "폈" */
    0x0, 0x17, 0xf8, 0x99, 0x1c, 0xc8, 0x26, 0x41,
    0x32, 0x39, 0x90, 0x5f, 0xe2, 0x0, 0x10, 0xc3,
    0x6, 0x18, 0x30, 0xc3, 0xcb, 0x33, 0xcc, 0x8,
    0x0,

    /* U+D3C9 "평" */
    0x0, 0x1f, 0xf1, 0x64, 0x76, 0x41, 0x64, 0x16,
    0x47, 0x64, 0x1f, 0xf1, 0x0, 0x10, 0xfc, 0x30,
    0x32, 0x1, 0x30, 0x30, 0xfc,

    /* U+D3D0 "폐" */
    0x0, 0x48, 0x2, 0x7f, 0x92, 0xc8, 0x96, 0x5c,
    0xb2, 0x25, 0x91, 0x2c, 0xb9, 0x64, 0x4b, 0x22,
    0x7f, 0x92, 0x0, 0x90, 0x4, 0x80, 0x4,

    /* U+D3D8 "폘" */
    0x0, 0x97, 0xf4, 0x92, 0xe4, 0x91, 0x24, 0xb9,
    0x24, 0x4b, 0xca, 0x40, 0x2, 0x3f, 0xf0, 0x0,
    0x80, 0x4, 0x7f, 0xe3, 0x0, 0x1f, 0xfc,

    /* U+D3E1 "폡" */
    0x0, 0x9f, 0xe9, 0x4b, 0x94, 0x89, 0x4b, 0x94,
    0x89, 0xfe, 0x90, 0x9, 0x0, 0x3, 0x1, 0x3f,
    0xf3, 0x1, 0x30, 0x13, 0xff,

    /* U+D3E3 "폣" */
    0x0, 0x97, 0xf4, 0x9b, 0x24, 0xdb, 0x26, 0xc9,
    0x36, 0xc9, 0xb2, 0x5f, 0xd2, 0x0, 0x10, 0x8,
    0x80, 0xc0, 0x7, 0x0, 0xec, 0x1c, 0x1c,

    /* U+D3EC "포" */
    0x7f, 0xf0, 0xc6, 0x6, 0x30, 0x31, 0x81, 0x8c,
    0xc, 0x61, 0xff, 0xc0, 0x40, 0x2, 0x0, 0x10,
    0x3f, 0xfe,

    /* U+D3ED "폭" */
    0x7f, 0xf0, 0xc6, 0x6, 0x30, 0x31, 0x81, 0x8c,
    0x3f, 0xf8, 0x8, 0x1f, 0xff, 0x0, 0x0, 0x0,
    0x1f, 0xf8, 0x0, 0x40, 0x2, 0x0, 0x10,

    /* U+D3F0 "폰" */
    0x7f, 0xf0, 0xc6, 0x6, 0x30, 0x31, 0x81, 0x8c,
    0x3f, 0xf8, 0x8, 0x0, 0x40, 0xff, 0xf8, 0x0,
    0x8, 0x0, 0x40, 0x2, 0x0, 0x1f, 0xf8,

    /* U+D3F4 "폴" */
    0x7f, 0xf0, 0xc6, 0x6, 0x30, 0x31, 0x87, 0xff,
    0x1, 0x3, 0xff, 0xe0, 0x0, 0x0, 0x1, 0xff,
    0x0, 0x8, 0x7f, 0xc2, 0x0, 0x1f, 0xf8,

    /* U+D3FC "폼" */
    0x7f, 0xf0, 0xc6, 0x6, 0x30, 0x31, 0x87, 0xff,
    0x1, 0x0, 0x8, 0x1f, 0xff, 0x0, 0x0, 0x0,
    0xf, 0xf8, 0x40, 0x42, 0x2, 0x1f, 0xf0,

    /* U+D3FD "폽" */
    0x7f, 0xf0, 0xc6, 0x6, 0x30, 0x31, 0x87, 0xff,
    0x1, 0x0, 0x8, 0x1f, 0xff, 0x0, 0x1, 0x1,
    0xf, 0xf8, 0x40, 0x42, 0x2, 0x1f, 0xf0,

    /* U+D3FF "폿" */
    0x7f, 0xf0, 0xc6, 0x6, 0x30, 0x31, 0x87, 0xff,
    0x1, 0x0, 0x8, 0x1f, 0xff, 0x0, 0x0, 0x10,
    0x1, 0x80, 0xa, 0x1, 0x8c, 0x30, 0x18,

    /* U+D401 "퐁" */
    0x7f, 0xf0, 0xc6, 0x6, 0x30, 0x31, 0x87, 0xff,
    0x1, 0x0, 0x8, 0x1f, 0xff, 0x0, 0x0, 0xfe,
    0xc, 0x18, 0x40, 0x43, 0x6, 0xf, 0xe0,

    /* U+D408 "퐈" */
    0x0, 0x11, 0xfe, 0x41, 0x31, 0x4, 0xc4, 0x13,
    0x10, 0x4c, 0x77, 0xf9, 0xc3, 0x4, 0xc, 0x10,
    0x30, 0x47, 0xfd, 0x0, 0x4, 0x0, 0x10, 0x0,
    0x40,

    /* U+D41D "퐝" */
    0x0, 0x11, 0xfe, 0x41, 0x31, 0x4, 0xc4, 0x13,
    0x1d, 0xfe, 0x40, 0xc1, 0x3f, 0xf4, 0x0, 0x10,
    0x3f, 0x3, 0x3, 0xc, 0x4, 0x30, 0x30, 0x3f,
    0x0,

    /* U+D440 "푀" */
    0x0, 0x17, 0xf9, 0x12, 0x11, 0x21, 0x12, 0x11,
    0x21, 0x7f, 0x90, 0xc1, 0xc, 0x10, 0xc1, 0x7f,
    0xd0, 0x1, 0x0, 0x10, 0x1,

    /* U+D444 "푄" */
    0x0, 0x13, 0xfc, 0x8c, 0x84, 0x64, 0x23, 0x21,
    0x3f, 0xc8, 0x30, 0x41, 0x82, 0xff, 0xd0, 0x0,
    0x84, 0x4, 0x20, 0x1, 0x0, 0xf, 0xfc,

    /* U+D45C "표" */
    0x7f, 0xf0, 0xc6, 0x6, 0x30, 0x31, 0x81, 0x8c,
    0xc, 0x61, 0xff, 0xc1, 0x10, 0x8, 0x80, 0x44,
    0x3f, 0xfe,

    /* U+D460 "푠" */
    0x7f, 0xf0, 0xc4, 0x6, 0x20, 0x31, 0x1, 0x88,
    0x3f, 0xf8, 0x62, 0x3, 0x10, 0xff, 0xf8, 0x0,
    0x8, 0x0, 0x40, 0x2, 0x0, 0x1f, 0xf8,

    /* U+D464 "푤" */
    0x7f, 0xf0, 0xc4, 0x6, 0x20, 0x31, 0x7, 0xff,
    0xc, 0x43, 0xff, 0xe0, 0x0, 0x0, 0x1, 0xff,
    0x0, 0x8, 0x7f, 0xc2, 0x0, 0x1f, 0xf8,

    /* U+D46D "푭" */
    0x7f, 0xf0, 0x44, 0x2, 0x20, 0x11, 0x7, 0xff,
    0x4, 0x40, 0x22, 0x1f, 0xff, 0x0, 0x1, 0x1,
    0xf, 0xf8, 0x40, 0x42, 0x2, 0x1f, 0xf0,

    /* U+D46F "푯" */
    0x7f, 0xf0, 0x44, 0x2, 0x20, 0x11, 0x7, 0xff,
    0x4, 0x40, 0x22, 0x1f, 0xff, 0x0, 0x0, 0x10,
    0x1, 0xc0, 0xa, 0x3, 0x8e, 0x30, 0x18,

    /* U+D478 "푸" */
    0x7f, 0xf0, 0xc6, 0x6, 0x30, 0x31, 0x81, 0x8c,
    0xc, 0x61, 0xff, 0xc0, 0x0, 0xff, 0xf8, 0x10,
    0x0, 0x80, 0x4, 0x0, 0x20, 0x1, 0x0,

    /* U+D479 "푹" */
    0x7f, 0xf0, 0xc6, 0x6, 0x30, 0x31, 0x81, 0x8c,
    0x3f, 0xf8, 0x0, 0x1f, 0xff, 0x2, 0x0, 0x10,
    0x1f, 0xf8, 0x0, 0x40, 0x2, 0x0, 0x10,

    /* U+D47C "푼" */
    0x7f, 0xf0, 0xc6, 0x6, 0x30, 0x31, 0x81, 0x8c,
    0x3f, 0xf8, 0x0, 0x1f, 0xff, 0x2, 0x0, 0x10,
    0x8, 0x80, 0x40, 0x2, 0x0, 0x1f, 0xf8,

    /* U+D47F "푿" */
    0x7f, 0xf0, 0xc6, 0x6, 0x30, 0x31, 0x87, 0xff,
    0x0, 0x0, 0x0, 0x1f, 0xff, 0x2, 0x0, 0x10,
    0xf, 0xfc, 0x40, 0x2, 0x0, 0x1f, 0xf8,

    /* U+D480 "풀" */
    0x7f, 0xf0, 0xc6, 0x6, 0x30, 0x31, 0x87, 0xff,
    0x0, 0x3, 0xff, 0xe0, 0x40, 0x2, 0x1, 0xff,
    0x0, 0x8, 0x7f, 0xc2, 0x0, 0x1f, 0xf8,

    /* U+D482 "풂" */
    0x7f, 0xf0, 0xc6, 0x6, 0x30, 0x31, 0x87, 0xff,
    0x0, 0x3, 0xff, 0xe0, 0x40, 0x2, 0x3, 0xef,
    0x81, 0x4c, 0xfa, 0x66, 0x13, 0x3e, 0xf8,

    /* U+D488 "품" */
    0x7f, 0xf0, 0xc6, 0x6, 0x30, 0x31, 0x87, 0xff,
    0x0, 0x0, 0x0, 0x1f, 0xff, 0x2, 0x0, 0x10,
    0xf, 0xf8, 0x40, 0x42, 0x2, 0x1f, 0xf0,

    /* U+D489 "풉" */
    0x7f, 0xf0, 0xc6, 0x6, 0x30, 0x31, 0x87, 0xff,
    0x0, 0x0, 0x0, 0x1f, 0xff, 0x2, 0x1, 0x11,
    0xf, 0xf8, 0x40, 0x42, 0x2, 0x1f, 0xf0,

    /* U+D48B "풋" */
    0x7f, 0xf0, 0xc6, 0x6, 0x30, 0x31, 0x87, 0xff,
    0x0, 0x0, 0x0, 0x1f, 0xff, 0x2, 0x0, 0x10,
    0x0, 0x80, 0xc, 0x0, 0xd8, 0x3c, 0x78,

    /* U+D48D "풍" */
    0x7f, 0xf0, 0xc6, 0x6, 0x30, 0x31, 0x87, 0xff,
    0x0, 0x0, 0x0, 0x1f, 0xff, 0x2, 0x0, 0xfe,
    0xc, 0x18, 0x40, 0x43, 0x6, 0xf, 0xe0,

    /* U+D494 "풔" */
    0x0, 0x17, 0xf9, 0x13, 0x11, 0x31, 0x13, 0x17,
    0xf9, 0x0, 0x10, 0x1, 0xff, 0xd0, 0xc1, 0xc,
    0xf0, 0xc1, 0xc, 0x10, 0xc1,

    /* U+D4A9 "풩" */
    0x7f, 0x93, 0x31, 0x33, 0x13, 0x31, 0x7f, 0x90,
    0x1, 0xff, 0xd0, 0x81, 0x8, 0xf0, 0x1, 0xf,
    0xe3, 0x1, 0x30, 0x10, 0xfe,

    /* U+D4CC "퓌" */
    0x0, 0x17, 0xf9, 0x33, 0x13, 0x31, 0x33, 0x17,
    0xf9, 0x0, 0x10, 0x1, 0xff, 0xd0, 0xc1, 0xc,
    0x10, 0xc1, 0xc, 0x10, 0xc1,

    /* U+D4D0 "퓐" */
    0x0, 0x17, 0xf9, 0x32, 0x13, 0x21, 0x32, 0x17,
    0xf9, 0x0, 0x1f, 0xfd, 0xc, 0x10, 0xc1, 0x2c,
    0x12, 0x0, 0x20, 0x3, 0xff,

    /* U+D4D4 "퓔" */
    0x7f, 0x93, 0x31, 0x33, 0x13, 0x31, 0x7f, 0x90,
    0x1, 0xff, 0xd0, 0x81, 0x8, 0x3, 0xff, 0x0,
    0x13, 0xff, 0x30, 0x3, 0xff,

    /* U+D4DC "퓜" */
    0x7f, 0x93, 0x21, 0x32, 0x13, 0x21, 0x7f, 0x90,
    0x1, 0x0, 0x1f, 0xfd, 0xc, 0x13, 0xff, 0x30,
    0x13, 0x1, 0x30, 0x13, 0xff,

    /* U+D4DF "퓟" */
    0x7f, 0x91, 0x90, 0x8c, 0x84, 0x64, 0x23, 0x21,
    0x3f, 0xc8, 0x0, 0x5f, 0xfa, 0x8, 0x10, 0x48,
    0x80, 0x44, 0x7, 0x0, 0x6c, 0xe, 0x3c, 0x0,
    0x20,

    /* U+D4E8 "퓨" */
    0x7f, 0xf0, 0xc6, 0x6, 0x30, 0x31, 0x81, 0x8c,
    0xc, 0x61, 0xff, 0xc0, 0x0, 0xff, 0xf8, 0xc6,
    0x6, 0x30, 0x31, 0x81, 0x8c, 0xc, 0x60,

    /* U+D4EC "퓬" */
    0x7f, 0xf0, 0xc6, 0x6, 0x30, 0x31, 0x81, 0x8c,
    0x3f, 0xf8, 0x0, 0x1f, 0xff, 0x4, 0xc0, 0x26,
    0x9, 0x30, 0x40, 0x2, 0x0, 0x1f, 0xf8,

    /* U+D4F0 "퓰" */
    0x7f, 0xf0, 0xc6, 0x6, 0x30, 0x31, 0x87, 0xff,
    0x0, 0x3, 0xff, 0xe3, 0x18, 0x18, 0xc1, 0xff,
    0x0, 0x8, 0x7f, 0xc2, 0x0, 0x1f, 0xf8,

    /* U+D4F8 "퓸" */
    0x7f, 0xf0, 0x44, 0x2, 0x20, 0x11, 0x7, 0xff,
    0x0, 0x0, 0x0, 0x1f, 0xff, 0x8, 0x80, 0x44,
    0xf, 0xf8, 0x40, 0x42, 0x2, 0x1f, 0xf0,

    /* U+D4FB "퓻" */
    0x7f, 0xf0, 0xc6, 0x6, 0x30, 0x31, 0x87, 0xff,
    0x0, 0x0, 0x0, 0x1f, 0xff, 0x10, 0x40, 0x92,
    0x4, 0x90, 0xa, 0x1, 0xd8, 0x38, 0x38,

    /* U+D4FD "퓽" */
    0x7f, 0xf0, 0xc6, 0x6, 0x30, 0x31, 0x87, 0xff,
    0x0, 0x0, 0x0, 0x1f, 0xff, 0x18, 0xc0, 0xfe,
    0xc, 0x18, 0x40, 0x43, 0x6, 0xf, 0xe0,

    /* U+D504 "프" */
    0x7f, 0xf0, 0xc6, 0x6, 0x30, 0x31, 0x81, 0x8c,
    0xc, 0x61, 0xff, 0xc0, 0x0, 0x0, 0x0, 0x0,
    0x3f, 0xfe,

    /* U+D508 "픈" */
    0x7f, 0xf0, 0xc6, 0x6, 0x30, 0x31, 0x81, 0x8c,
    0x3f, 0xf8, 0x0, 0x0, 0x0, 0xff, 0xf8, 0x0,
    0x8, 0x0, 0x40, 0x2, 0x0, 0x1f, 0xf8,

    /* U+D50C "플" */
    0x7f, 0xf0, 0xc6, 0x6, 0x30, 0x31, 0x87, 0xff,
    0x0, 0x3, 0xff, 0xe0, 0x0, 0x0, 0x1, 0xff,
    0x0, 0x8, 0x7f, 0xc2, 0x0, 0x1f, 0xf8,

    /* U+D514 "픔" */
    0x7f, 0xf0, 0xc6, 0x6, 0x30, 0x31, 0x87, 0xff,
    0x0, 0x0, 0x0, 0x1f, 0xff, 0x0, 0x0, 0x0,
    0xf, 0xf8, 0x40, 0x42, 0x2, 0x1f, 0xf0,

    /* U+D515 "픕" */
    0x7f, 0xf0, 0xc6, 0x6, 0x30, 0x31, 0x87, 0xff,
    0x0, 0x0, 0x0, 0x1f, 0xff, 0x0, 0x1, 0x1,
    0xf, 0xf8, 0x40, 0x42, 0x2, 0x1f, 0xf0,

    /* U+D517 "픗" */
    0x7f, 0xf0, 0xc6, 0x6, 0x30, 0x31, 0x81, 0x8c,
    0x3f, 0xf8, 0x0, 0x1f, 0xff, 0x0, 0x0, 0x10,
    0x0, 0x80, 0xa, 0x1, 0x8c, 0x38, 0x38,

    /* U+D53C "피" */
    0x0, 0x3f, 0xe4, 0x90, 0x92, 0x12, 0x42, 0x48,
    0x49, 0x9, 0x21, 0x24, 0x24, 0x87, 0xfe, 0x80,
    0x10, 0x2, 0x0, 0x40,

    /* U+D53D "픽" */
    0x0, 0x3f, 0xe4, 0x98, 0x93, 0x12, 0x62, 0x4c,
    0x49, 0x8f, 0xfd, 0x0, 0x27, 0xfc, 0x0, 0x80,
    0x10, 0x2, 0x0, 0x40,

    /* U+D540 "핀" */
    0x0, 0x2f, 0xf2, 0x66, 0x26, 0x62, 0x66, 0x26,
    0x62, 0x66, 0x2f, 0xfa, 0x0, 0x20, 0x2, 0x20,
    0x2, 0x0, 0x20, 0x3, 0xff,

    /* U+D544 "필" */
    0x0, 0x2f, 0xf2, 0x66, 0x26, 0x62, 0x66, 0x26,
    0x7a, 0xff, 0xa0, 0x0, 0x3f, 0xe0, 0x2, 0x3f,
    0xe2, 0x0, 0x20, 0x3, 0xff,

    /* U+D54C "핌" */
    0x0, 0x3f, 0xe5, 0x98, 0xb3, 0x16, 0x62, 0xcc,
    0x7f, 0xe8, 0x1, 0x0, 0x7, 0xfc, 0x80, 0x90,
    0x12, 0x2, 0x7f, 0xc0,

    /* U+D54D "핍" */
    0x0, 0x3f, 0xe5, 0x98, 0xb3, 0x16, 0x62, 0xcc,
    0x7f, 0xe8, 0x1, 0x20, 0x24, 0x4, 0xff, 0x90,
    0x12, 0x2, 0x7f, 0xc0,

    /* U+D54F "핏" */
    0x0, 0x2f, 0xf2, 0x66, 0x26, 0x62, 0x66, 0x26,
    0x62, 0x66, 0x2f, 0xfa, 0x0, 0x20, 0x22, 0x3,
    0x0, 0x70, 0xd, 0x83, 0x8e, 0x40, 0x0,

    /* U+D551 "핑" */
    0x0, 0x3f, 0xe4, 0x98, 0x93, 0x12, 0x62, 0x4c,
    0x49, 0xef, 0xfd, 0x0, 0x23, 0xf0, 0xc1, 0x90,
    0x13, 0x6, 0x3f, 0x0,

    /* U+D558 "하" */
    0x8, 0x20, 0x41, 0x3f, 0xe8, 0x0, 0x40, 0xc2,
    0x1f, 0x11, 0x8c, 0xe8, 0x24, 0x41, 0x23, 0x19,
    0x7, 0x88, 0x0, 0x40, 0x2, 0x0, 0x10,

    /* U+D559 "학" */
    0x8, 0x27, 0xfd, 0x0, 0x8, 0x7c, 0x47, 0x73,
    0xa0, 0x91, 0xc, 0x87, 0xc4, 0x0, 0x20, 0x0,
    0xf, 0xf8, 0x0, 0x40, 0x2, 0x0, 0x10,

    /* U+D55C "한" */
    0x8, 0x20, 0x41, 0x3f, 0xe8, 0x0, 0x43, 0xe2,
    0x31, 0x9d, 0x4, 0x8c, 0x64, 0x3e, 0x20, 0x1,
    0xc, 0x8, 0x60, 0x3, 0x0, 0x1f, 0xf8,

    /* U+D560 "할" */
    0x8, 0x27, 0xfd, 0x0, 0x8, 0x7c, 0x74, 0x12,
    0x20, 0x91, 0xdc, 0x83, 0x84, 0x3f, 0xe0, 0x1,
    0x0, 0x8, 0x7f, 0xc3, 0x0, 0x1f, 0xf8,

    /* U+D565 "핥" */
    0x8, 0x27, 0xfd, 0x0, 0x8, 0x7c, 0x74, 0x12,
    0x20, 0x91, 0x8c, 0x87, 0xc4, 0x0, 0x3, 0xef,
    0x1, 0x40, 0xfb, 0xc6, 0x10, 0x3f, 0xf0,

    /* U+D568 "함" */
    0x8, 0x27, 0xfd, 0x0, 0x8, 0x38, 0x47, 0x73,
    0xa0, 0x91, 0x8c, 0x87, 0x84, 0x0, 0x1, 0xff,
    0xc, 0x8, 0x60, 0x43, 0x2, 0x1f, 0xf0,

    /* U+D569 "합" */
    0x8, 0x27, 0xfd, 0x0, 0x8, 0x38, 0x47, 0xf3,
    0xa0, 0x91, 0x8c, 0x87, 0xc4, 0x0, 0x1, 0x81,
    0xf, 0xf8, 0x60, 0x43, 0x2, 0x1f, 0xf0,

    /* U+D56B "핫" */
    0x8, 0x27, 0xfd, 0x0, 0x8, 0x7c, 0x46, 0x33,
    0xa0, 0x91, 0x8c, 0x87, 0xc4, 0x0, 0x20, 0x19,
    0x0, 0xc0, 0xf, 0x0, 0xcc, 0x1c, 0x38,

    /* U+D56D "항" */
    0x8, 0x27, 0xfd, 0x0, 0x8, 0x7c, 0x47, 0x73,
    0xa0, 0x91, 0x4, 0x87, 0xc4, 0x0, 0x20, 0x7e,
    0xc, 0x8, 0x40, 0x43, 0x2, 0x7, 0xe0,

    /* U+D574 "해" */
    0x10, 0x91, 0x9, 0xfe, 0x90, 0x9, 0x38, 0x96,
    0xc9, 0x44, 0xfc, 0x69, 0x44, 0x94, 0x49, 0x38,
    0x90, 0x9, 0x0, 0x90, 0x1,

    /* U+D575 "핵" */
    0x10, 0x9f, 0xe9, 0x0, 0x93, 0x89, 0x6c, 0xf4,
    0x49, 0x44, 0x93, 0x89, 0x0, 0x90, 0x0, 0x1f,
    0xf0, 0x1, 0x0, 0x10, 0x1,

    /* U+D578 "핸" */
    0x10, 0x91, 0x9, 0xfe, 0x90, 0x9, 0x7c, 0x94,
    0x4f, 0x44, 0x94, 0x49, 0x38, 0x90, 0x9, 0x10,
    0x11, 0x0, 0x10, 0x1, 0xff,

    /* U+D57C "핼" */
    0x10, 0x97, 0xf4, 0x80, 0x24, 0xf9, 0xe4, 0x49,
    0x22, 0x48, 0xe2, 0x40, 0x2, 0x1f, 0xf0, 0x0,
    0x80, 0x4, 0x3f, 0xe1, 0x0, 0xf, 0xfc,

    /* U+D584 "햄" */
    0x10, 0x9f, 0xe9, 0x0, 0x93, 0x89, 0x6c, 0xf4,
    0x49, 0x44, 0x93, 0x89, 0x0, 0x11, 0xff, 0x10,
    0x11, 0x1, 0x10, 0x11, 0xff,

    /* U+D585 "햅" */
    0x10, 0x9f, 0xe9, 0x0, 0x97, 0xcf, 0x44, 0x94,
    0x49, 0x44, 0x93, 0x89, 0x0, 0x1, 0x1, 0x1f,
    0xf1, 0x1, 0x10, 0x11, 0xff,

    /* U+D587 "햇" */
    0x10, 0x90, 0x84, 0xbf, 0xa4, 0x1, 0x27, 0xcf,
    0x22, 0x49, 0x12, 0x47, 0x92, 0x0, 0x10, 0x18,
    0x80, 0xc0, 0x7, 0x0, 0xcc, 0x1c, 0x1c,

    /* U+D588 "했" */
    0x10, 0xb7, 0xf5, 0x80, 0x2c, 0x71, 0x66, 0xcf,
    0x22, 0x59, 0x12, 0xc7, 0x16, 0x0, 0x30, 0x42,
    0x2, 0x10, 0x30, 0x83, 0x4a, 0x33, 0x8c,

    /* U+D589 "행" */
    0x10, 0x91, 0x9, 0xfe, 0x90, 0x9, 0x7c, 0xf4,
    0x49, 0x44, 0x93, 0x89, 0x0, 0x10, 0xfc, 0x18,
    0x31, 0x1, 0x18, 0x30, 0xfc,

    /* U+D590 "햐" */
    0x8, 0x20, 0x41, 0x3f, 0xe8, 0x0, 0x71, 0xe2,
    0x31, 0x91, 0x4, 0x88, 0x24, 0x41, 0x3b, 0x19,
    0x7, 0x88, 0x0, 0x40, 0x2, 0x0, 0x10,

    /* U+D5A5 "향" */
    0x8, 0x27, 0xfd, 0x0, 0xe, 0x7c, 0x46, 0x32,
    0x20, 0x9d, 0x8c, 0x87, 0xc4, 0x0, 0x20, 0x7e,
    0xc, 0x8, 0x40, 0x43, 0x2, 0x7, 0xe0,

    /* U+D5C8 "허" */
    0x8, 0x10, 0x81, 0xff, 0x90, 0x1, 0xc, 0x13,
    0xe1, 0x63, 0x74, 0x11, 0x41, 0x16, 0x21, 0x3c,
    0x10, 0x1, 0x0, 0x10, 0x1,

    /* U+D5C9 "헉" */
    0x8, 0x1f, 0xf1, 0x0, 0x13, 0xe1, 0x63, 0x76,
    0x11, 0x63, 0x13, 0xe1, 0x0, 0x10, 0x0, 0x1f,
    0xf0, 0x1, 0x0, 0x10, 0x1,

    /* U+D5CC "헌" */
    0x8, 0x10, 0x81, 0xff, 0x10, 0x1, 0x3e, 0x14,
    0x37, 0x41, 0x16, 0x31, 0x3e, 0x10, 0x1, 0x10,
    0x11, 0x0, 0x10, 0x1, 0xff,

    /* U+D5D0 "헐" */
    0x8, 0x1f, 0xf1, 0x0, 0x13, 0xe1, 0x63, 0xf4,
    0x11, 0x63, 0x11, 0xc1, 0x1f, 0xf0, 0x1, 0x0,
    0x11, 0xff, 0x10, 0x1, 0xff,

    /* U+D5D2 "헒" */
    0x8, 0x1f, 0xf1, 0x0, 0x13, 0xe1, 0x63, 0xf4,
    0x31, 0x63, 0x13, 0xe1, 0x0, 0x3, 0xef, 0x7,
    0x13, 0xf1, 0x21, 0x13, 0xef,

    /* U+D5D8 "험" */
    0x8, 0x1f, 0xf1, 0x0, 0x13, 0xe1, 0x63, 0x74,
    0x11, 0x43, 0x13, 0xe1, 0x18, 0x11, 0xff, 0x10,
    0x11, 0x1, 0x10, 0x11, 0xff,

    /* U+D5D9 "헙" */
    0x8, 0x1f, 0xf1, 0x0, 0x13, 0xe1, 0x63, 0x74,
    0x11, 0x63, 0x13, 0xe1, 0x0, 0x1, 0x1, 0x1f,
    0xf1, 0x1, 0x10, 0x11, 0xff,

    /* U+D5DB "헛" */
    0x8, 0x17, 0xf8, 0x80, 0x4, 0x7c, 0x26, 0x37,
    0x20, 0x89, 0xc, 0x4c, 0x42, 0x3c, 0x10, 0x8,
    0x80, 0x60, 0x5, 0x0, 0xc6, 0x1c, 0x1c,

    /* U+D5DD "헝" */
    0x8, 0x1f, 0xf1, 0x0, 0x13, 0xe1, 0x63, 0x74,
    0x11, 0x63, 0x13, 0xe1, 0x0, 0x10, 0xfc, 0x18,
    0x33, 0x1, 0x18, 0x30, 0xfc,

    /* U+D5E4 "헤" */
    0x10, 0x91, 0x9, 0xfe, 0x90, 0x9, 0x38, 0x94,
    0xf9, 0x44, 0x9c, 0x49, 0x44, 0x94, 0xc9, 0x38,
    0x90, 0x9, 0x0, 0x90, 0x1,

    /* U+D5E5 "헥" */
    0x10, 0x9f, 0xe9, 0x0, 0x93, 0x89, 0x6f, 0x94,
    0x49, 0x44, 0x93, 0x89, 0x0, 0x90, 0x0, 0x1f,
    0xf0, 0x1, 0x0, 0x10, 0x1,

    /* U+D5E8 "헨" */
    0x10, 0x91, 0x9, 0xfe, 0x91, 0x9, 0x6f, 0x94,
    0x49, 0x44, 0x94, 0x49, 0x38, 0x90, 0x9, 0x10,
    0x11, 0x0, 0x10, 0x1, 0xff,

    /* U+D5EC "헬" */
    0x10, 0x97, 0xf4, 0x80, 0x24, 0xf9, 0x24, 0x79,
    0x22, 0x48, 0xe2, 0x40, 0x2, 0x1f, 0xf0, 0x0,
    0x80, 0x4, 0x3f, 0xe1, 0x0, 0xf, 0xfc,

    /* U+D5F4 "헴" */
    0x10, 0x9f, 0xe9, 0x0, 0x93, 0x89, 0x6f, 0x94,
    0x49, 0x44, 0x96, 0xc9, 0x38, 0x91, 0xff, 0x10,
    0x11, 0x1, 0x10, 0x11, 0xff,

    /* U+D5F5 "헵" */
    0x10, 0x9f, 0xe9, 0x0, 0x97, 0x89, 0x4f, 0x94,
    0x49, 0x44, 0x93, 0x89, 0x0, 0x1, 0x1, 0x1f,
    0xf1, 0x1, 0x10, 0x11, 0xff,

    /* U+D5F7 "헷" */
    0x10, 0x90, 0x84, 0xbf, 0xa4, 0x21, 0x26, 0xd9,
    0x22, 0x49, 0x12, 0x48, 0x92, 0x38, 0x90, 0x8,
    0x80, 0xc0, 0x7, 0x0, 0xcc, 0x1c, 0x1c,

    /* U+D5F9 "헹" */
    0x10, 0x91, 0x9, 0xfe, 0x90, 0x9, 0x7f, 0x94,
    0x49, 0x44, 0x93, 0x89, 0x0, 0x10, 0xfc, 0x18,
    0x31, 0x1, 0x18, 0x30, 0xfc,

    /* U+D600 "혀" */
    0x8, 0x10, 0x81, 0xff, 0x10, 0x1, 0x0, 0x13,
    0xe7, 0x63, 0x14, 0x11, 0x41, 0x76, 0x31, 0x3e,
    0x10, 0x1, 0x0, 0x10, 0x1,

    /* U+D601 "혁" */
    0x8, 0x1f, 0xf1, 0x0, 0x13, 0xe7, 0x62, 0x16,
    0x11, 0x63, 0x76, 0x27, 0x3c, 0x10, 0x0, 0x1f,
    0xf0, 0x1, 0x0, 0x10, 0x1,

    /* U+D604 "현" */
    0x18, 0x11, 0x81, 0xff, 0x10, 0x1, 0x3c, 0x74,
    0x21, 0x42, 0x16, 0x27, 0x3c, 0x10, 0x1, 0x10,
    0x11, 0x0, 0x10, 0x1, 0xff,

    /* U+D608 "혈" */
    0x18, 0x1f, 0xf1, 0x0, 0x13, 0xc7, 0x42, 0x14,
    0x21, 0x62, 0x73, 0xc1, 0x0, 0x1, 0xff, 0x0,
    0x11, 0xff, 0x10, 0x1, 0xff,

    /* U+D610 "혐" */
    0x18, 0x1f, 0xf1, 0x0, 0x13, 0xc7, 0x42, 0x14,
    0x21, 0x42, 0x77, 0xe1, 0x18, 0x13, 0xff, 0x30,
    0x13, 0x1, 0x30, 0x13, 0xff,

    /* U+D611 "협" */
    0x18, 0x1f, 0xf1, 0x0, 0x13, 0xc7, 0x62, 0x14,
    0x21, 0x62, 0x73, 0xc1, 0x0, 0x3, 0x1, 0x3f,
    0xf3, 0x1, 0x30, 0x13, 0xff,

    /* U+D613 "혓" */
    0x18, 0x17, 0xf8, 0x80, 0x4, 0x78, 0xe4, 0x21,
    0x21, 0x9, 0x9, 0xcc, 0xce, 0x3c, 0x10, 0x18,
    0x80, 0xc0, 0xf, 0x0, 0xc6, 0x18, 0x1c,

    /* U+D614 "혔" */
    0x8, 0x17, 0xf8, 0x80, 0x4, 0x7c, 0xe4, 0x31,
    0x21, 0x89, 0x89, 0xc7, 0xc2, 0x0, 0x10, 0x43,
    0x2, 0x18, 0x38, 0xc3, 0x6b, 0x31, 0xcc,

    /* U+D615 "형" */
    0x18, 0x1f, 0xf1, 0x0, 0x13, 0xc7, 0x62, 0x14,
    0x21, 0x42, 0x73, 0xe1, 0x0, 0x10, 0xfc, 0x10,
    0x33, 0x1, 0x10, 0x30, 0xfc,

    /* U+D61C "혜" */
    0x10, 0x91, 0x9, 0xfe, 0x90, 0x9, 0x10, 0x97,
    0xf9, 0x44, 0x9c, 0x49, 0x47, 0x94, 0x49, 0x38,
    0x90, 0x9, 0x0, 0x90, 0x1,

    /* U+D620 "혠" */
    0x10, 0x91, 0x9, 0xfe, 0x90, 0x9, 0x7f, 0x94,
    0x49, 0x44, 0x94, 0x79, 0x38, 0x90, 0x9, 0x10,
    0x11, 0x0, 0x10, 0x1, 0xff,

    /* U+D624 "혤" */
    0x10, 0x97, 0xf4, 0x80, 0x24, 0xff, 0x24, 0x49,
    0x22, 0x49, 0x1e, 0x47, 0x12, 0x0, 0x0, 0xff,
    0x80, 0x4, 0x3f, 0xe1, 0x0, 0xf, 0xfc,

    /* U+D62D "혭" */
    0x10, 0x9f, 0xe9, 0x0, 0x97, 0xf9, 0x44, 0x94,
    0x49, 0x47, 0x93, 0x89, 0x0, 0x1, 0x1, 0x1f,
    0xf1, 0x1, 0x10, 0x11, 0xff,

    /* U+D638 "호" */
    0x2, 0x0, 0x10, 0x1f, 0xfc, 0x0, 0x1, 0xf8,
    0x18, 0x30, 0x80, 0x86, 0xc, 0x1f, 0xc0, 0x10,
    0x0, 0x80, 0x4, 0xf, 0xff, 0x80,

    /* U+D639 "혹" */
    0x2, 0x3, 0xff, 0x80, 0x0, 0x3f, 0x82, 0x6,
    0x10, 0x30, 0x7f, 0x0, 0x40, 0xff, 0xf8, 0x0,
    0x1f, 0xf8, 0x0, 0x40, 0x2, 0x0, 0x10,

    /* U+D63C "혼" */
    0x2, 0x3, 0xff, 0x80, 0x0, 0x3f, 0x83, 0x6,
    0x10, 0x30, 0x7f, 0x0, 0x40, 0xff, 0xf8, 0x0,
    0x8, 0x0, 0x40, 0x2, 0x0, 0x1f, 0xf0,

    /* U+D640 "홀" */
    0x2, 0x3, 0xff, 0x87, 0xf0, 0x60, 0xc3, 0x6,
    0xf, 0xe0, 0x8, 0x1f, 0xff, 0x0, 0x1, 0xff,
    0x0, 0x8, 0x7f, 0xc2, 0x0, 0x1f, 0xf8,

    /* U+D645 "홅" */
    0x2, 0x3, 0xff, 0x87, 0xf0, 0x60, 0xc2, 0x6,
    0xf, 0xe0, 0x8, 0x1f, 0xff, 0x0, 0x3, 0xef,
    0x1, 0x40, 0xfb, 0xc6, 0x10, 0x3e, 0xf8,

    /* U+D648 "홈" */
    0x2, 0x3, 0xff, 0x80, 0x0, 0x3f, 0x83, 0x6,
    0x18, 0x30, 0x7f, 0x0, 0x40, 0xff, 0xf8, 0x0,
    0xf, 0xf8, 0x40, 0x42, 0x2, 0x1f, 0xf0,

    /* U+D649 "홉" */
    0x2, 0x3, 0xff, 0x87, 0xe0, 0x60, 0xc2, 0x2,
    0x18, 0x30, 0x7f, 0x0, 0x40, 0xff, 0xf9, 0x1,
    0x8, 0x8, 0x7f, 0xc2, 0x2, 0x1f, 0xf0,

    /* U+D64B "홋" */
    0x2, 0x3, 0xff, 0x80, 0x0, 0x3f, 0x83, 0x6,
    0x18, 0x30, 0x7f, 0x0, 0x40, 0xff, 0xf8, 0x0,
    0x0, 0x80, 0xe, 0x0, 0xd8, 0x38, 0x38,

    /* U+D64D "홍" */
    0x2, 0x3, 0xff, 0x80, 0x0, 0x3f, 0x83, 0x6,
    0x18, 0x30, 0x7f, 0x0, 0x40, 0xff, 0xf8, 0x0,
    0x7, 0xf0, 0x40, 0x42, 0x2, 0xf, 0xe0,

    /* U+D651 "홑" */
    0x2, 0x3, 0xff, 0x87, 0xf0, 0x60, 0xc2, 0x6,
    0xf, 0xe0, 0x8, 0x1f, 0xff, 0x0, 0x1, 0xff,
    0x88, 0x0, 0x7f, 0xc2, 0x0, 0x1f, 0xf8,

    /* U+D654 "화" */
    0x8, 0x27, 0xfd, 0x0, 0x8, 0x7c, 0x46, 0x32,
    0x20, 0x91, 0x8c, 0xe7, 0xc4, 0x8, 0x20, 0x41,
    0x3f, 0xe8, 0x0, 0x40, 0x2, 0x0, 0x10,

    /* U+D655 "확" */
    0x8, 0x27, 0xf9, 0x0, 0x8, 0xfc, 0x44, 0x23,
    0xb1, 0x10, 0xf0, 0x81, 0x34, 0xfa, 0x20, 0x0,
    0xf, 0xf8, 0x0, 0x40, 0x2, 0x0, 0x10,

    /* U+D658 "환" */
    0x18, 0x27, 0xf9, 0x0, 0x8, 0x78, 0x44, 0x22,
    0x21, 0x1c, 0xf0, 0x83, 0x4, 0xff, 0x20, 0x1,
    0x8, 0x8, 0x40, 0x2, 0x0, 0x1f, 0xf8,

    /* U+D65C "활" */
    0x18, 0x27, 0xf9, 0x0, 0x8, 0xfc, 0x44, 0x23,
    0xbf, 0x10, 0x60, 0x9f, 0xe4, 0x0, 0x1, 0xff,
    0x0, 0x8, 0x7f, 0xc2, 0x0, 0x1f, 0xf8,

    /* U+D667 "홧" */
    0x18, 0x27, 0xf9, 0x0, 0x8, 0xfc, 0x44, 0x23,
    0xa1, 0x10, 0xf0, 0x83, 0x4, 0xff, 0xa0, 0x11,
    0x1, 0x80, 0x1e, 0x3, 0x8e, 0x30, 0x18,

    /* U+D669 "황" */
    0x18, 0x27, 0xf9, 0x0, 0x8, 0xfc, 0x44, 0x23,
    0xa1, 0x10, 0xf0, 0x83, 0x4, 0xff, 0x20, 0x1,
    0x7, 0xf0, 0x40, 0x42, 0x2, 0xf, 0xe0,

    /* U+D670 "홰" */
    0x10, 0x9f, 0xe9, 0x0, 0x93, 0x89, 0x44, 0x94,
    0x69, 0x44, 0xf7, 0xc9, 0x10, 0x91, 0x9, 0xfe,
    0x90, 0x9, 0x0, 0x90, 0x1,

    /* U+D671 "홱" */
    0x10, 0x9f, 0xe9, 0x10, 0x96, 0xc9, 0x46, 0xf4,
    0x49, 0x38, 0x91, 0x9, 0xfe, 0x90, 0x0, 0x3f,
    0xf0, 0x1, 0x0, 0x10, 0x1,

    /* U+D674 "홴" */
    0x10, 0x9f, 0xe9, 0x0, 0x97, 0xc9, 0x44, 0x94,
    0x4f, 0x38, 0x91, 0x9, 0xfe, 0x90, 0x9, 0x30,
    0x13, 0x0, 0x30, 0x3, 0xff,

    /* U+D683 "횃" */
    0x10, 0x97, 0xf4, 0x80, 0x24, 0xf9, 0x24, 0x4f,
    0x22, 0x48, 0xe2, 0x42, 0x12, 0xfe, 0x90, 0x18,
    0x80, 0xc0, 0xf, 0x1, 0xce, 0x18, 0x18,

    /* U+D685 "횅" */
    0x10, 0x9f, 0xe9, 0x10, 0x96, 0xc9, 0x44, 0xf4,
    0x49, 0x38, 0x91, 0x9, 0xfe, 0x90, 0x0, 0x1f,
    0xe3, 0x1, 0x30, 0x11, 0xfe,

    /* U+D68C "회" */
    0x8, 0x3f, 0xf4, 0x0, 0x9f, 0x16, 0x32, 0x82,
    0x50, 0x49, 0xf1, 0x8, 0x21, 0x7, 0xfe, 0x80,
    0x10, 0x2, 0x0, 0x40,

    /* U+D68D "획" */
    0x18, 0x3f, 0xe4, 0x0, 0x9e, 0x14, 0x22, 0x84,
    0x4f, 0x88, 0xc1, 0xff, 0xa0, 0x0, 0xff, 0x80,
    0x10, 0x2, 0x0, 0x40,

    /* U+D690 "횐" */
    0x18, 0x3f, 0xe4, 0x0, 0x9e, 0x14, 0x22, 0x84,
    0x4f, 0x8, 0xc1, 0xff, 0xa0, 0x4, 0x0, 0x90,
    0x2, 0x0, 0x7f, 0xc0,

    /* U+D694 "횔" */
    0x18, 0x3f, 0xe4, 0xf0, 0xa1, 0x14, 0x22, 0x78,
    0x46, 0xf, 0x89, 0x0, 0x7, 0xfc, 0x0, 0x9f,
    0xf2, 0x0, 0x7f, 0xc0,

    /* U+D69D "횝" */
    0x18, 0x3f, 0xe4, 0xf0, 0xa1, 0x14, 0x22, 0x7c,
    0x46, 0xf, 0xfd, 0x0, 0x24, 0x4, 0x80, 0x9f,
    0xf2, 0x2, 0x7f, 0xc0,

    /* U+D69F "횟" */
    0x18, 0x2f, 0xf2, 0x0, 0x23, 0xc2, 0x42, 0x24,
    0x22, 0x3c, 0x21, 0x82, 0xff, 0xa0, 0x62, 0x6,
    0x0, 0xf0, 0x39, 0xc6, 0x2,

    /* U+D6A1 "횡" */
    0x18, 0x3f, 0xe4, 0xf0, 0xa1, 0x14, 0x22, 0x84,
    0x4f, 0x8, 0xc1, 0xff, 0xa0, 0x4, 0x7f, 0x10,
    0x12, 0x2, 0x3f, 0x80,

    /* U+D6A8 "효" */
    0x2, 0x0, 0x10, 0x1f, 0xfc, 0x0, 0x1, 0xfc,
    0x18, 0x30, 0x80, 0x86, 0xc, 0x1f, 0xc0, 0xc6,
    0x6, 0x30, 0x31, 0x8f, 0xff, 0x80,

    /* U+D6AC "횬" */
    0x2, 0x3, 0xff, 0x80, 0x0, 0x3f, 0x83, 0x6,
    0x10, 0x30, 0x7f, 0x1, 0x10, 0xff, 0xf8, 0x0,
    0x8, 0x0, 0x40, 0x2, 0x0, 0x1f, 0xf0,

    /* U+D6B0 "횰" */
    0x2, 0x3, 0xff, 0x87, 0xf0, 0x60, 0xc3, 0x6,
    0xf, 0xe0, 0x22, 0x1f, 0xff, 0x0, 0x1, 0xff,
    0x0, 0x8, 0x7f, 0xc2, 0x0, 0x1f, 0xf8,

    /* U+D6B9 "횹" */
    0x2, 0x3, 0xff, 0x87, 0xf0, 0x60, 0xc3, 0x6,
    0xf, 0xe0, 0x22, 0x1, 0x10, 0xff, 0xf9, 0x1,
    0x8, 0x8, 0x7f, 0xc2, 0x2, 0x1f, 0xf0,

    /* U+D6BB "횻" */
    0x2, 0x3, 0xff, 0x80, 0x0, 0x3f, 0x83, 0x6,
    0x18, 0x30, 0x7f, 0x1, 0x10, 0xff, 0xf8, 0x0,
    0x0, 0x80, 0xe, 0x0, 0xd8, 0x38, 0x38,

    /* U+D6C4 "후" */
    0x2, 0x3, 0xff, 0x80, 0x0, 0x3f, 0x83, 0x6,
    0x10, 0x10, 0xc1, 0x81, 0xf8, 0x0, 0x7, 0xff,
    0xc0, 0x80, 0x4, 0x0, 0x20, 0x1, 0x0,

    /* U+D6C5 "훅" */
    0x2, 0x3, 0xff, 0x80, 0x0, 0x3f, 0x82, 0x6,
    0x10, 0x30, 0x7f, 0x0, 0x0, 0xff, 0xf8, 0x10,
    0x1f, 0xf8, 0x0, 0x40, 0x2, 0x0, 0x10,

    /* U+D6C8 "훈" */
    0x2, 0x3, 0xff, 0x80, 0x0, 0x3f, 0x83, 0x6,
    0x10, 0x10, 0x7f, 0x0, 0x0, 0xff, 0xf8, 0x10,
    0x8, 0x80, 0x40, 0x2, 0x0, 0x1f, 0xf0,

    /* U+D6CC "훌" */
    0x2, 0x3, 0xff, 0x87, 0xf0, 0x60, 0xc2, 0x6,
    0xf, 0xe0, 0x0, 0x1f, 0xff, 0x2, 0x1, 0xff,
    0x0, 0x8, 0x7f, 0xc2, 0x0, 0x1f, 0xf8,

    /* U+D6D1 "훑" */
    0x2, 0x3, 0xff, 0x87, 0xf0, 0x60, 0xc2, 0x6,
    0xf, 0xe0, 0x0, 0x1f, 0xff, 0x2, 0x3, 0xef,
    0x1, 0x40, 0xfb, 0xc6, 0x10, 0x3e, 0xf8,

    /* U+D6D4 "훔" */
    0x2, 0x3, 0xff, 0x80, 0x0, 0x3f, 0x83, 0x6,
    0x18, 0x30, 0x7f, 0x0, 0x0, 0xff, 0xf8, 0x10,
    0xf, 0xf8, 0x40, 0x42, 0x2, 0x1f, 0xf0,

    /* U+D6D7 "훗" */
    0x2, 0x3, 0xff, 0x87, 0xf0, 0x60, 0xc2, 0x2,
    0xf, 0xe0, 0x0, 0x1f, 0xff, 0x2, 0x0, 0x0,
    0x0, 0x80, 0xe, 0x3, 0x8e, 0x30, 0x18,

    /* U+D6D9 "훙" */
    0x2, 0x3, 0xff, 0x80, 0x0, 0x3f, 0x83, 0x6,
    0x18, 0x30, 0x7f, 0x0, 0x0, 0xff, 0xf8, 0x10,
    0x7, 0xf0, 0x40, 0x42, 0x2, 0xf, 0xe0,

    /* U+D6E0 "훠" */
    0x8, 0x1f, 0xf9, 0x0, 0x13, 0xe1, 0x61, 0x14,
    0x11, 0x61, 0x13, 0xe1, 0x0, 0x1f, 0xfd, 0x8,
    0x10, 0x8f, 0x8, 0x10, 0x81,

    /* U+D6E4 "훤" */
    0x6, 0xb, 0xfe, 0x40, 0x2, 0x3e, 0x13, 0x8,
    0x98, 0x44, 0x7c, 0x20, 0xfd, 0x7e, 0x8, 0x33,
    0xc5, 0x82, 0x20, 0x1, 0x0, 0xf, 0xfc,

    /* U+D6E8 "훨" */
    0x6, 0xb, 0xfe, 0x47, 0xc2, 0x61, 0x13, 0x8,
    0x8f, 0x85, 0xff, 0xa0, 0xcf, 0x6, 0x8, 0xff,
    0xc0, 0x2, 0x3f, 0xf1, 0x0, 0xf, 0xfc,

    /* U+D6F0 "훰" */
    0x6, 0xb, 0xfe, 0x47, 0xc2, 0x61, 0x13, 0x8,
    0x8f, 0x84, 0x1f, 0xaf, 0xf1, 0x6, 0x78, 0x30,
    0x47, 0xfe, 0x30, 0x11, 0x80, 0x8f, 0xfc,

    /* U+D6F5 "훵" */
    0x6, 0xb, 0xfe, 0x47, 0xc2, 0x61, 0x13, 0x8,
    0x8f, 0xc4, 0x0, 0x2f, 0xf9, 0x6, 0x78, 0x30,
    0x43, 0xfc, 0x30, 0x11, 0x80, 0x87, 0xf8,

    /* U+D6FC "훼" */
    0x10, 0x9f, 0xe9, 0x0, 0x97, 0xc9, 0x44, 0x94,
    0x49, 0x7c, 0x90, 0x9, 0xfe, 0x91, 0x9, 0x17,
    0x91, 0x9, 0x10, 0x90, 0x1,

    /* U+D6FD "훽" */
    0x10, 0x9f, 0xe9, 0x7c, 0x94, 0x49, 0x44, 0x97,
    0xc9, 0xe, 0x9f, 0x89, 0x17, 0x91, 0x9, 0x0,
    0x3, 0xff, 0x0, 0x10, 0x1,

    /* U+D700 "휀" */
    0x10, 0x9f, 0xe9, 0x0, 0x97, 0xc9, 0x44, 0x94,
    0x49, 0x7c, 0x91, 0xe9, 0xf0, 0x91, 0x79, 0x0,
    0x92, 0x0, 0x20, 0x3, 0xff,

    /* U+D704 "휄" */
    0x10, 0x9f, 0xe9, 0x7c, 0x94, 0x49, 0x44, 0x97,
    0xc9, 0xfe, 0x91, 0x79, 0x10, 0x93, 0xff, 0x0,
    0x13, 0xff, 0x20, 0x3, 0xff,

    /* U+D711 "휑" */
    0x10, 0x9f, 0xe9, 0x7c, 0x94, 0x49, 0x44, 0x97,
    0xc9, 0xe, 0x9f, 0x89, 0x17, 0x90, 0x1, 0x1f,
    0xe3, 0x1, 0x30, 0x11, 0xfe,

    /* U+D718 "휘" */
    0x4, 0x17, 0xfd, 0x0, 0x11, 0xf1, 0x31, 0x92,
    0x9, 0x31, 0x91, 0xf1, 0x0, 0x17, 0xfd, 0x4,
    0x10, 0x41, 0x4, 0x10, 0x41,

    /* U+D719 "휙" */
    0xc, 0x17, 0xf9, 0x0, 0x11, 0xe1, 0x21, 0x13,
    0x31, 0xc, 0x1f, 0xfd, 0xc, 0x10, 0xc0, 0x1f,
    0xf0, 0x1, 0x0, 0x10, 0x1,

    /* U+D71C "휜" */
    0xc, 0x17, 0xf9, 0x0, 0x11, 0xe1, 0x21, 0x12,
    0x11, 0x1e, 0x10, 0x5, 0xff, 0xd0, 0xc1, 0xc,
    0x13, 0x0, 0x30, 0x3, 0xff,

    /* U+D720 "휠" */
    0xc, 0x17, 0xf9, 0x1e, 0x12, 0x11, 0x21, 0x13,
    0xf1, 0x0, 0x17, 0xfd, 0xc, 0x1, 0xff, 0x0,
    0x11, 0xff, 0x10, 0x1, 0xff,

    /* U+D728 "휨" */
    0xc, 0x17, 0xf9, 0x1e, 0x12, 0x11, 0x21, 0x13,
    0xf1, 0x0, 0x1f, 0xfd, 0xc, 0x10, 0xc0, 0x1f,
    0xf1, 0x1, 0x10, 0x11, 0xff,

    /* U+D729 "휩" */
    0xc, 0x17, 0xf9, 0x1e, 0x12, 0x11, 0x21, 0x13,
    0xf1, 0x0, 0x1f, 0xfd, 0xc, 0x11, 0xc1, 0x10,
    0x11, 0xff, 0x10, 0x11, 0xff,

    /* U+D72B "휫" */
    0x8, 0x13, 0xfc, 0x80, 0x4, 0x3c, 0x22, 0x11,
    0x10, 0x88, 0x78, 0x40, 0xa, 0xff, 0x90, 0x40,
    0x82, 0x44, 0x3, 0x0, 0x2c, 0x1e, 0x3c, 0x0,
    0x20,

    /* U+D72D "휭" */
    0xc, 0x17, 0xf9, 0x0, 0x11, 0xe1, 0x21, 0x13,
    0x31, 0xc, 0x1f, 0xfd, 0xc, 0x10, 0xc1, 0xf,
    0xe1, 0x1, 0x10, 0x10, 0xfe,

    /* U+D734 "휴" */
    0x2, 0x3, 0xff, 0x80, 0x0, 0x3f, 0x83, 0x6,
    0x10, 0x10, 0xc1, 0x81, 0xf0, 0x0, 0x7, 0xff,
    0xc6, 0x30, 0x31, 0x81, 0x8c, 0xc, 0x60,

    /* U+D735 "휵" */
    0x2, 0x3, 0xff, 0x80, 0x0, 0x3f, 0x82, 0x6,
    0x10, 0x30, 0x7f, 0x0, 0x0, 0xff, 0xf8, 0xc4,
    0x1f, 0xf8, 0x0, 0x40, 0x2, 0x0, 0x10,

    /* U+D738 "휸" */
    0x2, 0x3, 0xff, 0x80, 0x0, 0x3f, 0x83, 0x6,
    0x10, 0x10, 0x7f, 0x0, 0x0, 0xff, 0xf8, 0x64,
    0xb, 0x20, 0x40, 0x2, 0x0, 0x1f, 0xf0,

    /* U+D73C "휼" */
    0x2, 0x3, 0xff, 0x87, 0xf0, 0x60, 0xc2, 0x6,
    0xf, 0xe0, 0x0, 0x1f, 0xff, 0x18, 0x81, 0xff,
    0x0, 0x8, 0x7f, 0xc2, 0x0, 0x1f, 0xf8,

    /* U+D744 "흄" */
    0x2, 0x3, 0xff, 0x80, 0x0, 0x3f, 0x83, 0x6,
    0x18, 0x30, 0x7f, 0x0, 0x0, 0xff, 0xf8, 0xc6,
    0xf, 0xf8, 0x40, 0x42, 0x2, 0x1f, 0xf0,

    /* U+D747 "흇" */
    0x2, 0x3, 0xff, 0x80, 0x0, 0x3f, 0x83, 0x6,
    0x18, 0x30, 0x7f, 0x0, 0x0, 0xff, 0xf8, 0x82,
    0x4, 0x90, 0xe, 0x0, 0xd8, 0x3c, 0x78,

    /* U+D749 "흉" */
    0x2, 0x3, 0xff, 0x80, 0x0, 0x3f, 0x83, 0x6,
    0x18, 0x30, 0x7f, 0x0, 0x0, 0xff, 0xf8, 0xc6,
    0x7, 0xf0, 0x40, 0x42, 0x2, 0xf, 0xe0,

    /* U+D750 "흐" */
    0x2, 0x0, 0x10, 0x1f, 0xfc, 0x0, 0x0, 0xf8,
    0x18, 0x30, 0x80, 0x84, 0x4, 0x30, 0x60, 0x7c,
    0x0, 0x1, 0xff, 0xf0,

    /* U+D751 "흑" */
    0x2, 0x3, 0xff, 0x80, 0x0, 0x3f, 0x82, 0x6,
    0x10, 0x30, 0x7f, 0x0, 0x0, 0xff, 0xf8, 0x0,
    0x1f, 0xf8, 0x0, 0x40, 0x2, 0x0, 0x10,

    /* U+D754 "흔" */
    0x2, 0x3, 0xff, 0x80, 0x0, 0x3f, 0x83, 0x6,
    0x10, 0x10, 0x7f, 0x0, 0x0, 0xff, 0xf8, 0x0,
    0x8, 0x0, 0x40, 0x2, 0x0, 0x1f, 0xf0,

    /* U+D756 "흖" */
    0x2, 0x3, 0xff, 0x87, 0xf0, 0x60, 0xc2, 0x2,
    0xf, 0xe0, 0x0, 0x1f, 0xff, 0x0, 0x83, 0x4,
    0x18, 0xfc, 0xc3, 0xc6, 0x22, 0x3c, 0xf0,

    /* U+D757 "흗" */
    0x2, 0x3, 0xff, 0x80, 0x0, 0x3f, 0x83, 0x6,
    0x18, 0x30, 0x7f, 0x0, 0x0, 0xff, 0xf8, 0x0,
    0xf, 0xf8, 0x40, 0x2, 0x0, 0x1f, 0xf0,

    /* U+D758 "흘" */
    0x2, 0x3, 0xff, 0x87, 0xf0, 0x60, 0xc2, 0x6,
    0xf, 0xe0, 0x0, 0x1f, 0xff, 0x0, 0x1, 0xff,
    0x0, 0x8, 0x7f, 0xc2, 0x0, 0x1f, 0xf8,

    /* U+D759 "흙" */
    0x2, 0x3, 0xff, 0x87, 0xf0, 0x60, 0xc2, 0x6,
    0xf, 0xe0, 0x0, 0x1f, 0xff, 0x0, 0x3, 0xef,
    0x1, 0x8, 0xf8, 0x46, 0x2, 0x3f, 0x10,

    /* U+D760 "흠" */
    0x2, 0x3, 0xff, 0x80, 0x0, 0x3f, 0x83, 0x6,
    0x18, 0x30, 0x7f, 0x0, 0x0, 0xff, 0xf8, 0x0,
    0xf, 0xf8, 0x40, 0x42, 0x2, 0x1f, 0xf0,

    /* U+D761 "흡" */
    0x2, 0x3, 0xff, 0x87, 0xf0, 0x60, 0xc2, 0x2,
    0xf, 0xe0, 0x0, 0x1f, 0xff, 0x0, 0x1, 0x1,
    0x8, 0x8, 0x7f, 0xc2, 0x2, 0x1f, 0xf0,

    /* U+D763 "흣" */
    0x2, 0x3, 0xff, 0x80, 0x0, 0x3f, 0x83, 0x6,
    0x18, 0x30, 0x7f, 0x0, 0x0, 0xff, 0xf8, 0x0,
    0x0, 0x80, 0xe, 0x0, 0xd8, 0x3c, 0x38,

    /* U+D765 "흥" */
    0x2, 0x3, 0xff, 0x80, 0x0, 0x3f, 0x83, 0x6,
    0x18, 0x30, 0x7f, 0x0, 0x0, 0xff, 0xf8, 0x0,
    0x7, 0xf0, 0x40, 0x42, 0x2, 0xf, 0xe0,

    /* U+D769 "흩" */
    0x2, 0x3, 0xff, 0x87, 0xf0, 0x60, 0xc3, 0x6,
    0xf, 0xe0, 0x0, 0x1f, 0xff, 0x0, 0x1, 0xff,
    0x88, 0x0, 0x7f, 0xc2, 0x0, 0x1f, 0xf8,

    /* U+D76C "희" */
    0x8, 0x21, 0x7, 0xfe, 0x80, 0x13, 0xe2, 0xc6,
    0x50, 0x4b, 0x19, 0x3e, 0x20, 0x7, 0xfe, 0x80,
    0x10, 0x2, 0x0, 0x40,

    /* U+D770 "흰" */
    0x18, 0x3f, 0xe4, 0x0, 0x9e, 0x14, 0x22, 0x84,
    0x5f, 0x88, 0x1, 0xff, 0xa0, 0x4, 0x80, 0x90,
    0x2, 0x0, 0x7f, 0xc0,

    /* U+D774 "흴" */
    0x18, 0x3f, 0xe4, 0xf0, 0xa1, 0x14, 0x22, 0x78,
    0x40, 0xef, 0x1, 0x0, 0x7, 0xfc, 0x0, 0x9f,
    0xf2, 0x0, 0x7f, 0xc0,

    /* U+D77C "흼" */
    0x18, 0x3f, 0xe4, 0x0, 0x9e, 0x14, 0x22, 0x84,
    0x4f, 0x8, 0x1, 0xff, 0xa0, 0x0, 0xff, 0x90,
    0x12, 0x2, 0x7f, 0xc0,

    /* U+D77D "흽" */
    0x18, 0x3f, 0xe4, 0xf0, 0xa1, 0x14, 0x22, 0xfc,
    0x40, 0xf, 0xfd, 0x0, 0x24, 0x4, 0x80, 0x9f,
    0xf2, 0x2, 0x7f, 0xc0,

    /* U+D781 "힁" */
    0x18, 0x3f, 0xe4, 0x0, 0x9e, 0x14, 0x22, 0x84,
    0x4f, 0x8, 0x1, 0xff, 0xa0, 0x4, 0x7f, 0x10,
    0x12, 0x2, 0x3f, 0x80,

    /* U+D788 "히" */
    0x8, 0x10, 0x81, 0xff, 0x90, 0x1, 0x3e, 0x16,
    0x31, 0x41, 0x14, 0x11, 0x41, 0x16, 0x31, 0x1e,
    0x10, 0x1, 0x0, 0x10, 0x1,

    /* U+D789 "힉" */
    0xc, 0x1f, 0xf9, 0x0, 0x13, 0xe1, 0x63, 0x16,
    0x11, 0x61, 0x13, 0xe1, 0x0, 0x10, 0x0, 0x1f,
    0xf0, 0x1, 0x0, 0x10, 0x1,

    /* U+D78C "힌" */
    0x8, 0x1f, 0xf9, 0x0, 0x13, 0xe1, 0x63, 0x14,
    0x11, 0x41, 0x16, 0x31, 0x3e, 0x10, 0x1, 0x30,
    0x13, 0x0, 0x30, 0x3, 0xff,

    /* U+D790 "힐" */
    0x8, 0x1f, 0xf9, 0x0, 0x13, 0xe1, 0x63, 0x14,
    0x11, 0x63, 0x11, 0xe1, 0x3f, 0xf0, 0x1, 0x0,
    0x13, 0xff, 0x30, 0x3, 0xff,

    /* U+D798 "힘" */
    0x8, 0x1f, 0xf9, 0x0, 0x13, 0xe1, 0x63, 0x14,
    0x11, 0x41, 0x17, 0x71, 0x1c, 0x13, 0xff, 0x30,
    0x13, 0x1, 0x30, 0x13, 0xff,

    /* U+D799 "힙" */
    0x8, 0x1f, 0xf9, 0x0, 0x13, 0xe1, 0x63, 0x14,
    0x11, 0x63, 0x13, 0xe1, 0x0, 0x3, 0x1, 0x3f,
    0xf3, 0x1, 0x30, 0x13, 0xff,

    /* U+D79B "힛" */
    0x8, 0x17, 0xfc, 0x80, 0x4, 0x7c, 0x26, 0x31,
    0x20, 0x89, 0x8c, 0x47, 0xc2, 0x0, 0x10, 0x18,
    0x80, 0xc0, 0xf, 0x0, 0xcc, 0x1c, 0x1c,

    /* U+D79D "힝" */
    0x8, 0x1f, 0xf9, 0x0, 0x13, 0xe1, 0x63, 0x14,
    0x11, 0x63, 0x13, 0xe1, 0x0, 0x10, 0xfc, 0x30,
    0x33, 0x1, 0x30, 0x30, 0xfc
};


/*---------------------
 *  GLYPH DESCRIPTION
 *--------------------*/

static const lv_font_fmt_txt_glyph_dsc_t glyph_dsc[] = {
    {.bitmap_index = 0, .adv_w = 0, .box_w = 0, .box_h = 0, .ofs_x = 0, .ofs_y = 0} /* id = 0 reserved */,
    {.bitmap_index = 0, .adv_w = 57, .box_w = 1, .box_h = 1, .ofs_x = 0, .ofs_y = 0},
    {.bitmap_index = 1, .adv_w = 83, .box_w = 2, .box_h = 12, .ofs_x = 2, .ofs_y = 0},
    {.bitmap_index = 4, .adv_w = 121, .box_w = 4, .box_h = 4, .ofs_x = 1, .ofs_y = 9},
    {.bitmap_index = 6, .adv_w = 142, .box_w = 8, .box_h = 12, .ofs_x = 1, .ofs_y = 0},
    {.bitmap_index = 18, .adv_w = 142, .box_w = 6, .box_h = 16, .ofs_x = 1, .ofs_y = -2},
    {.bitmap_index = 30, .adv_w = 236, .box_w = 13, .box_h = 12, .ofs_x = 1, .ofs_y = 0},
    {.bitmap_index = 50, .adv_w = 174, .box_w = 9, .box_h = 12, .ofs_x = 1, .ofs_y = 0},
    {.bitmap_index = 64, .adv_w = 71, .box_w = 1, .box_h = 4, .ofs_x = 1, .ofs_y = 9},
    {.bitmap_index = 65, .adv_w = 87, .box_w = 3, .box_h = 16, .ofs_x = 1, .ofs_y = -3},
    {.bitmap_index = 71, .adv_w = 87, .box_w = 3, .box_h = 16, .ofs_x = 1, .ofs_y = -3},
    {.bitmap_index = 77, .adv_w = 120, .box_w = 5, .box_h = 5, .ofs_x = 1, .ofs_y = 8},
    {.bitmap_index = 81, .adv_w = 142, .box_w = 8, .box_h = 8, .ofs_x = 1, .ofs_y = 2},
    {.bitmap_index = 89, .adv_w = 71, .box_w = 3, .box_h = 5, .ofs_x = 0, .ofs_y = -3},
    {.bitmap_index = 91, .adv_w = 89, .box_w = 4, .box_h = 1, .ofs_x = 1, .ofs_y = 4},
    {.bitmap_index = 92, .adv_w = 71, .box_w = 2, .box_h = 2, .ofs_x = 1, .ofs_y = 0},
    {.bitmap_index = 93, .adv_w = 100, .box_w = 6, .box_h = 16, .ofs_x = 0, .ofs_y = -3},
    {.bitmap_index = 105, .adv_w = 142, .box_w = 7, .box_h = 12, .ofs_x = 1, .ofs_y = 0},
    {.bitmap_index = 116, .adv_w = 142, .box_w = 6, .box_h = 12, .ofs_x = 1, .ofs_y = 0},
    {.bitmap_index = 125, .adv_w = 142, .box_w = 7, .box_h = 12, .ofs_x = 1, .ofs_y = 0},
    {.bitmap_index = 136, .adv_w = 142, .box_w = 7, .box_h = 12, .ofs_x = 1, .ofs_y = 0},
    {.bitmap_index = 147, .adv_w = 142, .box_w = 8, .box_h = 12, .ofs_x = 1, .ofs_y = 0},
    {.bitmap_index = 159, .adv_w = 142, .box_w = 7, .box_h = 12, .ofs_x = 1, .ofs_y = 0},
    {.bitmap_index = 170, .adv_w = 142, .box_w = 7, .box_h = 12, .ofs_x = 1, .ofs_y = 0},
    {.bitmap_index = 181, .adv_w = 142, .box_w = 7, .box_h = 12, .ofs_x = 1, .ofs_y = 0},
    {.bitmap_index = 192, .adv_w = 142, .box_w = 7, .box_h = 12, .ofs_x = 1, .ofs_y = 0},
    {.bitmap_index = 203, .adv_w = 142, .box_w = 7, .box_h = 12, .ofs_x = 1, .ofs_y = 0},
    {.bitmap_index = 214, .adv_w = 71, .box_w = 2, .box_h = 9, .ofs_x = 1, .ofs_y = 0},
    {.bitmap_index = 217, .adv_w = 71, .box_w = 2, .box_h = 12, .ofs_x = 1, .ofs_y = -3},
    {.bitmap_index = 220, .adv_w = 142, .box_w = 8, .box_h = 8, .ofs_x = 1, .ofs_y = 2},
    {.bitmap_index = 228, .adv_w = 142, .box_w = 8, .box_h = 5, .ofs_x = 1, .ofs_y = 4},
    {.bitmap_index = 233, .adv_w = 142, .box_w = 8, .box_h = 8, .ofs_x = 1, .ofs_y = 2},
    {.bitmap_index = 241, .adv_w = 121, .box_w = 6, .box_h = 12, .ofs_x = 0, .ofs_y = 0},
    {.bitmap_index = 250, .adv_w = 242, .box_w = 13, .box_h = 14, .ofs_x = 1, .ofs_y = -2},
    {.bitmap_index = 273, .adv_w = 156, .box_w = 10, .box_h = 12, .ofs_x = 0, .ofs_y = 0},
    {.bitmap_index = 288, .adv_w = 168, .box_w = 8, .box_h = 12, .ofs_x = 2, .ofs_y = 0},
    {.bitmap_index = 300, .adv_w = 163, .box_w = 8, .box_h = 12, .ofs_x = 1, .ofs_y = 0},
    {.bitmap_index = 312, .adv_w = 176, .box_w = 8, .box_h = 12, .ofs_x = 2, .ofs_y = 0},
    {.bitmap_index = 324, .adv_w = 151, .box_w = 6, .box_h = 12, .ofs_x = 2, .ofs_y = 0},
    {.bitmap_index = 333, .adv_w = 141, .box_w = 6, .box_h = 12, .ofs_x = 2, .ofs_y = 0},
    {.bitmap_index = 342, .adv_w = 176, .box_w = 9, .box_h = 12, .ofs_x = 1, .ofs_y = 0},
    {.bitmap_index = 356, .adv_w = 186, .box_w = 8, .box_h = 12, .ofs_x = 2, .ofs_y = 0},
    {.bitmap_index = 368, .adv_w = 75, .box_w = 1, .box_h = 12, .ofs_x = 2, .ofs_y = 0},
    {.bitmap_index = 370, .adv_w = 137, .box_w = 6, .box_h = 12, .ofs_x = 1, .ofs_y = 0},
    {.bitmap_index = 379, .adv_w = 165, .box_w = 8, .box_h = 12, .ofs_x = 2, .ofs_y = 0},
    {.bitmap_index = 391, .adv_w = 139, .box_w = 6, .box_h = 12, .ofs_x = 2, .ofs_y = 0},
    {.bitmap_index = 400, .adv_w = 208, .box_w = 10, .box_h = 12, .ofs_x = 2, .ofs_y = 0},
    {.bitmap_index = 415, .adv_w = 185, .box_w = 8, .box_h = 12, .ofs_x = 2, .ofs_y = 0},
    {.bitmap_index = 427, .adv_w = 190, .box_w = 10, .box_h = 12, .ofs_x = 1, .ofs_y = 0},
    {.bitmap_index = 442, .adv_w = 162, .box_w = 8, .box_h = 12, .ofs_x = 2, .ofs_y = 0},
    {.bitmap_index = 454, .adv_w = 190, .box_w = 10, .box_h = 15, .ofs_x = 1, .ofs_y = -3},
    {.bitmap_index = 473, .adv_w = 163, .box_w = 8, .box_h = 12, .ofs_x = 2, .ofs_y = 0},
    {.bitmap_index = 485, .adv_w = 153, .box_w = 8, .box_h = 12, .ofs_x = 0, .ofs_y = 0},
    {.bitmap_index = 497, .adv_w = 153, .box_w = 9, .box_h = 12, .ofs_x = 1, .ofs_y = 0},
    {.bitmap_index = 511, .adv_w = 185, .box_w = 8, .box_h = 12, .ofs_x = 2, .ofs_y = 0},
    {.bitmap_index = 523, .adv_w = 147, .box_w = 9, .box_h = 12, .ofs_x = 0, .ofs_y = 0},
    {.bitmap_index = 537, .adv_w = 225, .box_w = 14, .box_h = 12, .ofs_x = 0, .ofs_y = 0},
    {.bitmap_index = 558, .adv_w = 147, .box_w = 9, .box_h = 12, .ofs_x = 0, .ofs_y = 0},
    {.bitmap_index = 572, .adv_w = 136, .box_w = 9, .box_h = 12, .ofs_x = -1, .ofs_y = 0},
    {.bitmap_index = 586, .adv_w = 154, .box_w = 8, .box_h = 12, .ofs_x = 1, .ofs_y = 0},
    {.bitmap_index = 598, .adv_w = 87, .box_w = 3, .box_h = 16, .ofs_x = 2, .ofs_y = -3},
    {.bitmap_index = 604, .adv_w = 100, .box_w = 6, .box_h = 16, .ofs_x = 0, .ofs_y = -3},
    {.bitmap_index = 616, .adv_w = 87, .box_w = 3, .box_h = 16, .ofs_x = 1, .ofs_y = -3},
    {.bitmap_index = 622, .adv_w = 142, .box_w = 7, .box_h = 7, .ofs_x = 1, .ofs_y = 5},
    {.bitmap_index = 629, .adv_w = 143, .box_w = 9, .box_h = 1, .ofs_x = 0, .ofs_y = -2},
    {.bitmap_index = 631, .adv_w = 155, .box_w = 4, .box_h = 4, .ofs_x = 2, .ofs_y = 10},
    {.bitmap_index = 633, .adv_w = 144, .box_w = 7, .box_h = 9, .ofs_x = 1, .ofs_y = 0},
    {.bitmap_index = 641, .adv_w = 158, .box_w = 7, .box_h = 13, .ofs_x = 1, .ofs_y = 0},
    {.bitmap_index = 653, .adv_w = 131, .box_w = 6, .box_h = 9, .ofs_x = 1, .ofs_y = 0},
    {.bitmap_index = 660, .adv_w = 159, .box_w = 7, .box_h = 13, .ofs_x = 1, .ofs_y = 0},
    {.bitmap_index = 672, .adv_w = 142, .box_w = 7, .box_h = 9, .ofs_x = 1, .ofs_y = 0},
    {.bitmap_index = 680, .adv_w = 83, .box_w = 5, .box_h = 13, .ofs_x = 1, .ofs_y = 0},
    {.bitmap_index = 689, .adv_w = 144, .box_w = 8, .box_h = 13, .ofs_x = 1, .ofs_y = -4},
    {.bitmap_index = 702, .adv_w = 155, .box_w = 7, .box_h = 13, .ofs_x = 1, .ofs_y = 0},
    {.bitmap_index = 714, .adv_w = 70, .box_w = 1, .box_h = 13, .ofs_x = 1, .ofs_y = 0},
    {.bitmap_index = 716, .adv_w = 70, .box_w = 3, .box_h = 17, .ofs_x = -1, .ofs_y = -4},
    {.bitmap_index = 723, .adv_w = 141, .box_w = 7, .box_h = 13, .ofs_x = 1, .ofs_y = 0},
    {.bitmap_index = 735, .adv_w = 73, .box_w = 2, .box_h = 13, .ofs_x = 1, .ofs_y = 0},
    {.bitmap_index = 739, .adv_w = 237, .box_w = 11, .box_h = 9, .ofs_x = 1, .ofs_y = 0},
    {.bitmap_index = 752, .adv_w = 156, .box_w = 7, .box_h = 9, .ofs_x = 1, .ofs_y = 0},
    {.bitmap_index = 760, .adv_w = 155, .box_w = 8, .box_h = 9, .ofs_x = 1, .ofs_y = 0},
    {.bitmap_index = 769, .adv_w = 159, .box_w = 7, .box_h = 13, .ofs_x = 1, .ofs_y = -4},
    {.bitmap_index = 781, .adv_w = 159, .box_w = 7, .box_h = 13, .ofs_x = 1, .ofs_y = -4},
    {.bitmap_index = 793, .adv_w = 99, .box_w = 4, .box_h = 9, .ofs_x = 1, .ofs_y = 0},
    {.bitmap_index = 798, .adv_w = 120, .box_w = 6, .box_h = 9, .ofs_x = 1, .ofs_y = 0},
    {.bitmap_index = 805, .adv_w = 97, .box_w = 5, .box_h = 12, .ofs_x = 1, .ofs_y = 0},
    {.bitmap_index = 813, .adv_w = 155, .box_w = 7, .box_h = 9, .ofs_x = 1, .ofs_y = 0},
    {.bitmap_index = 821, .adv_w = 133, .box_w = 8, .box_h = 9, .ofs_x = 0, .ofs_y = 0},
    {.bitmap_index = 830, .adv_w = 205, .box_w = 12, .box_h = 9, .ofs_x = 0, .ofs_y = 0},
    {.bitmap_index = 844, .adv_w = 127, .box_w = 8, .box_h = 9, .ofs_x = 0, .ofs_y = 0},
    {.bitmap_index = 853, .adv_w = 133, .box_w = 8, .box_h = 13, .ofs_x = 0, .ofs_y = -4},
    {.bitmap_index = 866, .adv_w = 122, .box_w = 7, .box_h = 9, .ofs_x = 1, .ofs_y = 0},
    {.bitmap_index = 874, .adv_w = 87, .box_w = 4, .box_h = 16, .ofs_x = 1, .ofs_y = -3},
    {.bitmap_index = 882, .adv_w = 69, .box_w = 1, .box_h = 18, .ofs_x = 2, .ofs_y = -5},
    {.bitmap_index = 885, .adv_w = 87, .box_w = 4, .box_h = 16, .ofs_x = 0, .ofs_y = -3},
    {.bitmap_index = 893, .adv_w = 142, .box_w = 7, .box_h = 3, .ofs_x = 1, .ofs_y = 5},
    {.bitmap_index = 896, .adv_w = 142, .box_w = 7, .box_h = 12, .ofs_x = 1, .ofs_y = 0},
    {.bitmap_index = 907, .adv_w = 142, .box_w = 7, .box_h = 12, .ofs_x = 1, .ofs_y = 0},
    {.bitmap_index = 918, .adv_w = 256, .box_w = 7, .box_h = 14, .ofs_x = 4, .ofs_y = -1},
    {.bitmap_index = 931, .adv_w = 213, .box_w = 12, .box_h = 12, .ofs_x = 1, .ofs_y = 0},
    {.bitmap_index = 949, .adv_w = 121, .box_w = 7, .box_h = 7, .ofs_x = 1, .ofs_y = 6},
    {.bitmap_index = 956, .adv_w = 95, .box_w = 5, .box_h = 5, .ofs_x = 1, .ofs_y = 8},
    {.bitmap_index = 960, .adv_w = 256, .box_w = 12, .box_h = 13, .ofs_x = 2, .ofs_y = 0},
    {.bitmap_index = 980, .adv_w = 256, .box_w = 7, .box_h = 13, .ofs_x = 4, .ofs_y = -1},
    {.bitmap_index = 992, .adv_w = 144, .box_w = 2, .box_h = 2, .ofs_x = 3, .ofs_y = 5},
    {.bitmap_index = 993, .adv_w = 256, .box_w = 10, .box_h = 10, .ofs_x = 3, .ofs_y = 1},
    {.bitmap_index = 1006, .adv_w = 256, .box_w = 12, .box_h = 10, .ofs_x = 2, .ofs_y = 1},
    {.bitmap_index = 1021, .adv_w = 256, .box_w = 4, .box_h = 1, .ofs_x = 6, .ofs_y = 6},
    {.bitmap_index = 1022, .adv_w = 137, .box_w = 7, .box_h = 1, .ofs_x = 1, .ofs_y = 4},
    {.bitmap_index = 1023, .adv_w = 229, .box_w = 13, .box_h = 1, .ofs_x = 1, .ofs_y = 4},
    {.bitmap_index = 1025, .adv_w = 71, .box_w = 2, .box_h = 5, .ofs_x = 1, .ofs_y = 8},
    {.bitmap_index = 1027, .adv_w = 71, .box_w = 2, .box_h = 5, .ofs_x = 1, .ofs_y = 8},
    {.bitmap_index = 1029, .adv_w = 121, .box_w = 5, .box_h = 5, .ofs_x = 1, .ofs_y = 8},
    {.bitmap_index = 1033, .adv_w = 121, .box_w = 5, .box_h = 5, .ofs_x = 1, .ofs_y = 8},
    {.bitmap_index = 1037, .adv_w = 87, .box_w = 4, .box_h = 4, .ofs_x = 1, .ofs_y = 3},
    {.bitmap_index = 1039, .adv_w = 256, .box_w = 12, .box_h = 2, .ofs_x = 2, .ofs_y = 5},
    {.bitmap_index = 1042, .adv_w = 256, .box_w = 12, .box_h = 12, .ofs_x = 2, .ofs_y = 0},
    {.bitmap_index = 1060, .adv_w = 142, .box_w = 8, .box_h = 12, .ofs_x = 0, .ofs_y = 0},
    {.bitmap_index = 1072, .adv_w = 255, .box_w = 15, .box_h = 12, .ofs_x = 1, .ofs_y = 0},
    {.bitmap_index = 1095, .adv_w = 182, .box_w = 11, .box_h = 5, .ofs_x = 0, .ofs_y = 7},
    {.bitmap_index = 1102, .adv_w = 256, .box_w = 14, .box_h = 7, .ofs_x = 1, .ofs_y = 3},
    {.bitmap_index = 1115, .adv_w = 256, .box_w = 7, .box_h = 15, .ofs_x = 5, .ofs_y = -1},
    {.bitmap_index = 1129, .adv_w = 256, .box_w = 14, .box_h = 7, .ofs_x = 1, .ofs_y = 3},
    {.bitmap_index = 1142, .adv_w = 256, .box_w = 7, .box_h = 15, .ofs_x = 5, .ofs_y = -2},
    {.bitmap_index = 1156, .adv_w = 256, .box_w = 14, .box_h = 7, .ofs_x = 1, .ofs_y = 3},
    {.bitmap_index = 1169, .adv_w = 256, .box_w = 12, .box_h = 7, .ofs_x = 2, .ofs_y = 3},
    {.bitmap_index = 1180, .adv_w = 256, .box_w = 12, .box_h = 10, .ofs_x = 2, .ofs_y = 1},
    {.bitmap_index = 1195, .adv_w = 256, .box_w = 12, .box_h = 12, .ofs_x = 2, .ofs_y = 0},
    {.bitmap_index = 1213, .adv_w = 256, .box_w = 12, .box_h = 12, .ofs_x = 2, .ofs_y = 0},
    {.bitmap_index = 1231, .adv_w = 256, .box_w = 6, .box_h = 15, .ofs_x = 9, .ofs_y = -1},
    {.bitmap_index = 1243, .adv_w = 256, .box_w = 6, .box_h = 15, .ofs_x = 1, .ofs_y = -1},
    {.bitmap_index = 1255, .adv_w = 256, .box_w = 7, .box_h = 15, .ofs_x = 8, .ofs_y = -1},
    {.bitmap_index = 1269, .adv_w = 256, .box_w = 7, .box_h = 15, .ofs_x = 1, .ofs_y = -1},
    {.bitmap_index = 1283, .adv_w = 256, .box_w = 5, .box_h = 10, .ofs_x = 10, .ofs_y = 3},
    {.bitmap_index = 1290, .adv_w = 256, .box_w = 5, .box_h = 10, .ofs_x = 1, .ofs_y = -1},
    {.bitmap_index = 1297, .adv_w = 256, .box_w = 6, .box_h = 10, .ofs_x = 9, .ofs_y = 3},
    {.bitmap_index = 1305, .adv_w = 256, .box_w = 6, .box_h = 10, .ofs_x = 0, .ofs_y = -1},
    {.bitmap_index = 1313, .adv_w = 236, .box_w = 13, .box_h = 14, .ofs_x = 0, .ofs_y = -1},
    {.bitmap_index = 1336, .adv_w = 236, .box_w = 14, .box_h = 14, .ofs_x = 0, .ofs_y = -1},
    {.bitmap_index = 1361, .adv_w = 236, .box_w = 14, .box_h = 14, .ofs_x = 0, .ofs_y = -1},
    {.bitmap_index = 1386, .adv_w = 236, .box_w = 14, .box_h = 14, .ofs_x = 0, .ofs_y = -1},
    {.bitmap_index = 1411, .adv_w = 236, .box_w = 14, .box_h = 14, .ofs_x = 0, .ofs_y = -1},
    {.bitmap_index = 1436, .adv_w = 236, .box_w = 14, .box_h = 14, .ofs_x = 0, .ofs_y = -1},
    {.bitmap_index = 1461, .adv_w = 236, .box_w = 14, .box_h = 14, .ofs_x = 0, .ofs_y = -1},
    {.bitmap_index = 1486, .adv_w = 236, .box_w = 14, .box_h = 14, .ofs_x = 0, .ofs_y = -1},
    {.bitmap_index = 1511, .adv_w = 236, .box_w = 14, .box_h = 14, .ofs_x = 0, .ofs_y = -1},
    {.bitmap_index = 1536, .adv_w = 236, .box_w = 14, .box_h = 14, .ofs_x = 0, .ofs_y = -1},
    {.bitmap_index = 1561, .adv_w = 236, .box_w = 14, .box_h = 14, .ofs_x = 0, .ofs_y = -1},
    {.bitmap_index = 1586, .adv_w = 236, .box_w = 14, .box_h = 14, .ofs_x = 0, .ofs_y = -1},
    {.bitmap_index = 1611, .adv_w = 236, .box_w = 14, .box_h = 14, .ofs_x = 0, .ofs_y = -1},
    {.bitmap_index = 1636, .adv_w = 236, .box_w = 14, .box_h = 14, .ofs_x = 0, .ofs_y = -1},
    {.bitmap_index = 1661, .adv_w = 236, .box_w = 14, .box_h = 14, .ofs_x = 0, .ofs_y = -1},
    {.bitmap_index = 1686, .adv_w = 236, .box_w = 14, .box_h = 14, .ofs_x = 0, .ofs_y = -1},
    {.bitmap_index = 1711, .adv_w = 236, .box_w = 14, .box_h = 14, .ofs_x = 0, .ofs_y = -1},
    {.bitmap_index = 1736, .adv_w = 236, .box_w = 14, .box_h = 14, .ofs_x = 0, .ofs_y = -1},
    {.bitmap_index = 1761, .adv_w = 236, .box_w = 12, .box_h = 14, .ofs_x = 1, .ofs_y = -1},
    {.bitmap_index = 1782, .adv_w = 236, .box_w = 13, .box_h = 14, .ofs_x = 0, .ofs_y = -1},
    {.bitmap_index = 1805, .adv_w = 236, .box_w = 13, .box_h = 14, .ofs_x = 0, .ofs_y = -1},
    {.bitmap_index = 1828, .adv_w = 236, .box_w = 14, .box_h = 14, .ofs_x = 0, .ofs_y = -1},
    {.bitmap_index = 1853, .adv_w = 236, .box_w = 13, .box_h = 14, .ofs_x = 0, .ofs_y = -1},
    {.bitmap_index = 1876, .adv_w = 236, .box_w = 13, .box_h = 14, .ofs_x = 0, .ofs_y = -1},
    {.bitmap_index = 1899, .adv_w = 236, .box_w = 14, .box_h = 14, .ofs_x = 0, .ofs_y = -1},
    {.bitmap_index = 1924, .adv_w = 236, .box_w = 14, .box_h = 14, .ofs_x = 0, .ofs_y = -1},
    {.bitmap_index = 1949, .adv_w = 236, .box_w = 13, .box_h = 14, .ofs_x = 0, .ofs_y = -1},
    {.bitmap_index = 1972, .adv_w = 236, .box_w = 13, .box_h = 14, .ofs_x = 0, .ofs_y = -1},
    {.bitmap_index = 1995, .adv_w = 236, .box_w = 14, .box_h = 14, .ofs_x = 0, .ofs_y = -1},
    {.bitmap_index = 2020, .adv_w = 236, .box_w = 14, .box_h = 14, .ofs_x = 0, .ofs_y = -1},
    {.bitmap_index = 2045, .adv_w = 236, .box_w = 14, .box_h = 14, .ofs_x = 0, .ofs_y = -1},
    {.bitmap_index = 2070, .adv_w = 236, .box_w = 14, .box_h = 14, .ofs_x = 0, .ofs_y = -1},
    {.bitmap_index = 2095, .adv_w = 236, .box_w = 14, .box_h = 14, .ofs_x = 0, .ofs_y = -1},
    {.bitmap_index = 2120, .adv_w = 236, .box_w = 12, .box_h = 14, .ofs_x = 1, .ofs_y = -1},
    {.bitmap_index = 2141, .adv_w = 236, .box_w = 13, .box_h = 14, .ofs_x = 0, .ofs_y = -1},
    {.bitmap_index = 2164, .adv_w = 236, .box_w = 14, .box_h = 14, .ofs_x = 0, .ofs_y = -1},
    {.bitmap_index = 2189, .adv_w = 236, .box_w = 12, .box_h = 14, .ofs_x = 0, .ofs_y = -1},
    {.bitmap_index = 2210, .adv_w = 236, .box_w = 12, .box_h = 14, .ofs_x = 0, .ofs_y = -1},
    {.bitmap_index = 2231, .adv_w = 236, .box_w = 12, .box_h = 14, .ofs_x = 1, .ofs_y = -1},
    {.bitmap_index = 2252, .adv_w = 236, .box_w = 13, .box_h = 14, .ofs_x = 0, .ofs_y = -1},
    {.bitmap_index = 2275, .adv_w = 236, .box_w = 12, .box_h = 14, .ofs_x = 1, .ofs_y = -1},
    {.bitmap_index = 2296, .adv_w = 236, .box_w = 12, .box_h = 14, .ofs_x = 1, .ofs_y = -1},
    {.bitmap_index = 2317, .adv_w = 236, .box_w = 12, .box_h = 14, .ofs_x = 0, .ofs_y = -1},
    {.bitmap_index = 2338, .adv_w = 236, .box_w = 12, .box_h = 14, .ofs_x = 1, .ofs_y = -1},
    {.bitmap_index = 2359, .adv_w = 236, .box_w = 13, .box_h = 15, .ofs_x = 1, .ofs_y = -2},
    {.bitmap_index = 2384, .adv_w = 236, .box_w = 13, .box_h = 14, .ofs_x = 1, .ofs_y = -1},
    {.bitmap_index = 2407, .adv_w = 236, .box_w = 12, .box_h = 14, .ofs_x = 0, .ofs_y = -1},
    {.bitmap_index = 2428, .adv_w = 236, .box_w = 13, .box_h = 14, .ofs_x = 1, .ofs_y = -1},
    {.bitmap_index = 2451, .adv_w = 236, .box_w = 13, .box_h = 14, .ofs_x = 0, .ofs_y = -1},
    {.bitmap_index = 2474, .adv_w = 236, .box_w = 12, .box_h = 14, .ofs_x = 1, .ofs_y = -1},
    {.bitmap_index = 2495, .adv_w = 236, .box_w = 12, .box_h = 14, .ofs_x = 1, .ofs_y = -1},
    {.bitmap_index = 2516, .adv_w = 236, .box_w = 13, .box_h = 14, .ofs_x = 0, .ofs_y = -1},
    {.bitmap_index = 2539, .adv_w = 236, .box_w = 14, .box_h = 14, .ofs_x = 0, .ofs_y = -1},
    {.bitmap_index = 2564, .adv_w = 236, .box_w = 14, .box_h = 14, .ofs_x = 0, .ofs_y = -1},
    {.bitmap_index = 2589, .adv_w = 236, .box_w = 13, .box_h = 14, .ofs_x = 0, .ofs_y = -1},
    {.bitmap_index = 2612, .adv_w = 236, .box_w = 13, .box_h = 14, .ofs_x = 0, .ofs_y = -1},
    {.bitmap_index = 2635, .adv_w = 236, .box_w = 14, .box_h = 14, .ofs_x = 0, .ofs_y = -1},
    {.bitmap_index = 2660, .adv_w = 236, .box_w = 14, .box_h = 14, .ofs_x = 0, .ofs_y = -1},
    {.bitmap_index = 2685, .adv_w = 236, .box_w = 13, .box_h = 14, .ofs_x = 0, .ofs_y = -1},
    {.bitmap_index = 2708, .adv_w = 236, .box_w = 12, .box_h = 14, .ofs_x = 0, .ofs_y = -1},
    {.bitmap_index = 2729, .adv_w = 236, .box_w = 12, .box_h = 14, .ofs_x = 1, .ofs_y = -1},
    {.bitmap_index = 2750, .adv_w = 236, .box_w = 12, .box_h = 14, .ofs_x = 1, .ofs_y = -1},
    {.bitmap_index = 2771, .adv_w = 236, .box_w = 12, .box_h = 14, .ofs_x = 1, .ofs_y = -1},
    {.bitmap_index = 2792, .adv_w = 236, .box_w = 13, .box_h = 14, .ofs_x = 0, .ofs_y = -1},
    {.bitmap_index = 2815, .adv_w = 236, .box_w = 12, .box_h = 14, .ofs_x = 1, .ofs_y = -1},
    {.bitmap_index = 2836, .adv_w = 236, .box_w = 12, .box_h = 14, .ofs_x = 0, .ofs_y = -1},
    {.bitmap_index = 2857, .adv_w = 236, .box_w = 12, .box_h = 14, .ofs_x = 0, .ofs_y = -1},
    {.bitmap_index = 2878, .adv_w = 236, .box_w = 13, .box_h = 15, .ofs_x = 1, .ofs_y = -2},
    {.bitmap_index = 2903, .adv_w = 236, .box_w = 13, .box_h = 14, .ofs_x = 1, .ofs_y = -1},
    {.bitmap_index = 2926, .adv_w = 236, .box_w = 12, .box_h = 14, .ofs_x = 0, .ofs_y = -1},
    {.bitmap_index = 2947, .adv_w = 236, .box_w = 13, .box_h = 14, .ofs_x = 0, .ofs_y = -1},
    {.bitmap_index = 2970, .adv_w = 236, .box_w = 13, .box_h = 14, .ofs_x = 0, .ofs_y = -1},
    {.bitmap_index = 2993, .adv_w = 236, .box_w = 13, .box_h = 14, .ofs_x = 0, .ofs_y = -1},
    {.bitmap_index = 3016, .adv_w = 236, .box_w = 14, .box_h = 14, .ofs_x = 0, .ofs_y = -1},
    {.bitmap_index = 3041, .adv_w = 236, .box_w = 12, .box_h = 14, .ofs_x = 1, .ofs_y = -1},
    {.bitmap_index = 3062, .adv_w = 236, .box_w = 14, .box_h = 15, .ofs_x = 0, .ofs_y = -2},
    {.bitmap_index = 3089, .adv_w = 236, .box_w = 13, .box_h = 11, .ofs_x = 1, .ofs_y = 1},
    {.bitmap_index = 3107, .adv_w = 236, .box_w = 13, .box_h = 14, .ofs_x = 1, .ofs_y = -1},
    {.bitmap_index = 3130, .adv_w = 236, .box_w = 13, .box_h = 14, .ofs_x = 1, .ofs_y = -1},
    {.bitmap_index = 3153, .adv_w = 236, .box_w = 13, .box_h = 14, .ofs_x = 1, .ofs_y = -1},
    {.bitmap_index = 3176, .adv_w = 236, .box_w = 13, .box_h = 14, .ofs_x = 1, .ofs_y = -1},
    {.bitmap_index = 3199, .adv_w = 236, .box_w = 13, .box_h = 14, .ofs_x = 1, .ofs_y = -1},
    {.bitmap_index = 3222, .adv_w = 236, .box_w = 13, .box_h = 14, .ofs_x = 1, .ofs_y = -1},
    {.bitmap_index = 3245, .adv_w = 236, .box_w = 13, .box_h = 14, .ofs_x = 1, .ofs_y = -1},
    {.bitmap_index = 3268, .adv_w = 236, .box_w = 13, .box_h = 14, .ofs_x = 1, .ofs_y = -1},
    {.bitmap_index = 3291, .adv_w = 236, .box_w = 13, .box_h = 14, .ofs_x = 1, .ofs_y = -1},
    {.bitmap_index = 3314, .adv_w = 236, .box_w = 13, .box_h = 15, .ofs_x = 1, .ofs_y = -2},
    {.bitmap_index = 3339, .adv_w = 236, .box_w = 13, .box_h = 14, .ofs_x = 1, .ofs_y = -1},
    {.bitmap_index = 3362, .adv_w = 236, .box_w = 13, .box_h = 14, .ofs_x = 1, .ofs_y = -1},
    {.bitmap_index = 3385, .adv_w = 236, .box_w = 13, .box_h = 14, .ofs_x = 1, .ofs_y = -1},
    {.bitmap_index = 3408, .adv_w = 236, .box_w = 13, .box_h = 14, .ofs_x = 1, .ofs_y = -1},
    {.bitmap_index = 3431, .adv_w = 236, .box_w = 13, .box_h = 14, .ofs_x = 1, .ofs_y = -1},
    {.bitmap_index = 3454, .adv_w = 236, .box_w = 13, .box_h = 14, .ofs_x = 1, .ofs_y = -1},
    {.bitmap_index = 3477, .adv_w = 236, .box_w = 14, .box_h = 14, .ofs_x = 0, .ofs_y = -1},
    {.bitmap_index = 3502, .adv_w = 236, .box_w = 13, .box_h = 14, .ofs_x = 1, .ofs_y = -1},
    {.bitmap_index = 3525, .adv_w = 236, .box_w = 13, .box_h = 14, .ofs_x = 1, .ofs_y = -1},
    {.bitmap_index = 3548, .adv_w = 236, .box_w = 13, .box_h = 15, .ofs_x = 1, .ofs_y = -2},
    {.bitmap_index = 3573, .adv_w = 236, .box_w = 13, .box_h = 14, .ofs_x = 1, .ofs_y = -1},
    {.bitmap_index = 3596, .adv_w = 236, .box_w = 13, .box_h = 14, .ofs_x = 0, .ofs_y = -1},
    {.bitmap_index = 3619, .adv_w = 236, .box_w = 13, .box_h = 14, .ofs_x = 0, .ofs_y = -1},
    {.bitmap_index = 3642, .adv_w = 236, .box_w = 13, .box_h = 14, .ofs_x = 0, .ofs_y = -1},
    {.bitmap_index = 3665, .adv_w = 236, .box_w = 12, .box_h = 14, .ofs_x = 0, .ofs_y = -1},
    {.bitmap_index = 3686, .adv_w = 236, .box_w = 14, .box_h = 14, .ofs_x = 0, .ofs_y = -1},
    {.bitmap_index = 3711, .adv_w = 236, .box_w = 13, .box_h = 14, .ofs_x = 0, .ofs_y = -1},
    {.bitmap_index = 3734, .adv_w = 236, .box_w = 11, .box_h = 14, .ofs_x = 1, .ofs_y = -1},
    {.bitmap_index = 3754, .adv_w = 236, .box_w = 11, .box_h = 14, .ofs_x = 1, .ofs_y = -1},
    {.bitmap_index = 3774, .adv_w = 236, .box_w = 12, .box_h = 14, .ofs_x = 1, .ofs_y = -1},
    {.bitmap_index = 3795, .adv_w = 236, .box_w = 12, .box_h = 14, .ofs_x = 1, .ofs_y = -1},
    {.bitmap_index = 3816, .adv_w = 236, .box_w = 12, .box_h = 14, .ofs_x = 0, .ofs_y = -1},
    {.bitmap_index = 3837, .adv_w = 236, .box_w = 11, .box_h = 14, .ofs_x = 1, .ofs_y = -1},
    {.bitmap_index = 3857, .adv_w = 236, .box_w = 12, .box_h = 14, .ofs_x = 1, .ofs_y = -1},
    {.bitmap_index = 3878, .adv_w = 236, .box_w = 11, .box_h = 14, .ofs_x = 1, .ofs_y = -1},
    {.bitmap_index = 3898, .adv_w = 236, .box_w = 13, .box_h = 11, .ofs_x = 1, .ofs_y = 1},
    {.bitmap_index = 3916, .adv_w = 236, .box_w = 13, .box_h = 14, .ofs_x = 1, .ofs_y = -1},
    {.bitmap_index = 3939, .adv_w = 236, .box_w = 13, .box_h = 14, .ofs_x = 1, .ofs_y = -1},
    {.bitmap_index = 3962, .adv_w = 236, .box_w = 13, .box_h = 14, .ofs_x = 1, .ofs_y = -1},
    {.bitmap_index = 3985, .adv_w = 236, .box_w = 13, .box_h = 14, .ofs_x = 1, .ofs_y = -1},
    {.bitmap_index = 4008, .adv_w = 236, .box_w = 13, .box_h = 13, .ofs_x = 1, .ofs_y = -1},
    {.bitmap_index = 4030, .adv_w = 236, .box_w = 13, .box_h = 14, .ofs_x = 1, .ofs_y = -1},
    {.bitmap_index = 4053, .adv_w = 236, .box_w = 13, .box_h = 14, .ofs_x = 1, .ofs_y = -1},
    {.bitmap_index = 4076, .adv_w = 236, .box_w = 13, .box_h = 14, .ofs_x = 1, .ofs_y = -1},
    {.bitmap_index = 4099, .adv_w = 236, .box_w = 13, .box_h = 14, .ofs_x = 1, .ofs_y = -1},
    {.bitmap_index = 4122, .adv_w = 236, .box_w = 13, .box_h = 14, .ofs_x = 1, .ofs_y = -1},
    {.bitmap_index = 4145, .adv_w = 236, .box_w = 13, .box_h = 14, .ofs_x = 1, .ofs_y = -1},
    {.bitmap_index = 4168, .adv_w = 236, .box_w = 13, .box_h = 14, .ofs_x = 1, .ofs_y = -1},
    {.bitmap_index = 4191, .adv_w = 236, .box_w = 13, .box_h = 14, .ofs_x = 1, .ofs_y = -1},
    {.bitmap_index = 4214, .adv_w = 236, .box_w = 13, .box_h = 14, .ofs_x = 1, .ofs_y = -1},
    {.bitmap_index = 4237, .adv_w = 236, .box_w = 13, .box_h = 15, .ofs_x = 1, .ofs_y = -2},
    {.bitmap_index = 4262, .adv_w = 236, .box_w = 13, .box_h = 14, .ofs_x = 1, .ofs_y = -1},
    {.bitmap_index = 4285, .adv_w = 236, .box_w = 13, .box_h = 14, .ofs_x = 1, .ofs_y = -1},
    {.bitmap_index = 4308, .adv_w = 236, .box_w = 12, .box_h = 14, .ofs_x = 1, .ofs_y = -1},
    {.bitmap_index = 4329, .adv_w = 236, .box_w = 12, .box_h = 14, .ofs_x = 1, .ofs_y = -1},
    {.bitmap_index = 4350, .adv_w = 236, .box_w = 12, .box_h = 14, .ofs_x = 1, .ofs_y = -1},
    {.bitmap_index = 4371, .adv_w = 236, .box_w = 13, .box_h = 14, .ofs_x = 0, .ofs_y = -1},
    {.bitmap_index = 4394, .adv_w = 236, .box_w = 13, .box_h = 14, .ofs_x = 1, .ofs_y = -1},
    {.bitmap_index = 4417, .adv_w = 236, .box_w = 12, .box_h = 14, .ofs_x = 0, .ofs_y = -1},
    {.bitmap_index = 4438, .adv_w = 236, .box_w = 12, .box_h = 14, .ofs_x = 1, .ofs_y = -1},
    {.bitmap_index = 4459, .adv_w = 236, .box_w = 12, .box_h = 14, .ofs_x = 1, .ofs_y = -1},
    {.bitmap_index = 4480, .adv_w = 236, .box_w = 12, .box_h = 14, .ofs_x = 1, .ofs_y = -1},
    {.bitmap_index = 4501, .adv_w = 236, .box_w = 11, .box_h = 14, .ofs_x = 1, .ofs_y = -1},
    {.bitmap_index = 4521, .adv_w = 236, .box_w = 12, .box_h = 14, .ofs_x = 1, .ofs_y = -1},
    {.bitmap_index = 4542, .adv_w = 236, .box_w = 13, .box_h = 14, .ofs_x = 0, .ofs_y = -1},
    {.bitmap_index = 4565, .adv_w = 236, .box_w = 12, .box_h = 14, .ofs_x = 0, .ofs_y = -1},
    {.bitmap_index = 4586, .adv_w = 236, .box_w = 12, .box_h = 14, .ofs_x = 0, .ofs_y = -1},
    {.bitmap_index = 4607, .adv_w = 236, .box_w = 13, .box_h = 14, .ofs_x = 1, .ofs_y = -1},
    {.bitmap_index = 4630, .adv_w = 236, .box_w = 13, .box_h = 13, .ofs_x = 1, .ofs_y = -1},
    {.bitmap_index = 4652, .adv_w = 236, .box_w = 13, .box_h = 14, .ofs_x = 1, .ofs_y = -1},
    {.bitmap_index = 4675, .adv_w = 236, .box_w = 13, .box_h = 14, .ofs_x = 1, .ofs_y = -1},
    {.bitmap_index = 4698, .adv_w = 236, .box_w = 13, .box_h = 11, .ofs_x = 1, .ofs_y = 1},
    {.bitmap_index = 4716, .adv_w = 236, .box_w = 13, .box_h = 14, .ofs_x = 1, .ofs_y = -1},
    {.bitmap_index = 4739, .adv_w = 236, .box_w = 13, .box_h = 14, .ofs_x = 1, .ofs_y = -1},
    {.bitmap_index = 4762, .adv_w = 236, .box_w = 13, .box_h = 14, .ofs_x = 1, .ofs_y = -1},
    {.bitmap_index = 4785, .adv_w = 236, .box_w = 13, .box_h = 14, .ofs_x = 1, .ofs_y = -1},
    {.bitmap_index = 4808, .adv_w = 236, .box_w = 13, .box_h = 14, .ofs_x = 1, .ofs_y = -1},
    {.bitmap_index = 4831, .adv_w = 236, .box_w = 13, .box_h = 14, .ofs_x = 1, .ofs_y = -1},
    {.bitmap_index = 4854, .adv_w = 236, .box_w = 13, .box_h = 14, .ofs_x = 1, .ofs_y = -1},
    {.bitmap_index = 4877, .adv_w = 236, .box_w = 13, .box_h = 14, .ofs_x = 1, .ofs_y = -1},
    {.bitmap_index = 4900, .adv_w = 236, .box_w = 13, .box_h = 14, .ofs_x = 1, .ofs_y = -1},
    {.bitmap_index = 4923, .adv_w = 236, .box_w = 11, .box_h = 14, .ofs_x = 1, .ofs_y = -1},
    {.bitmap_index = 4943, .adv_w = 236, .box_w = 12, .box_h = 14, .ofs_x = 1, .ofs_y = -1},
    {.bitmap_index = 4964, .adv_w = 236, .box_w = 12, .box_h = 14, .ofs_x = 1, .ofs_y = -1},
    {.bitmap_index = 4985, .adv_w = 236, .box_w = 12, .box_h = 14, .ofs_x = 1, .ofs_y = -1},
    {.bitmap_index = 5006, .adv_w = 236, .box_w = 13, .box_h = 14, .ofs_x = 0, .ofs_y = -1},
    {.bitmap_index = 5029, .adv_w = 236, .box_w = 12, .box_h = 14, .ofs_x = 1, .ofs_y = -1},
    {.bitmap_index = 5050, .adv_w = 236, .box_w = 12, .box_h = 14, .ofs_x = 1, .ofs_y = -1},
    {.bitmap_index = 5071, .adv_w = 236, .box_w = 12, .box_h = 14, .ofs_x = 1, .ofs_y = -1},
    {.bitmap_index = 5092, .adv_w = 236, .box_w = 12, .box_h = 14, .ofs_x = 1, .ofs_y = -1},
    {.bitmap_index = 5113, .adv_w = 236, .box_w = 13, .box_h = 14, .ofs_x = 1, .ofs_y = -1},
    {.bitmap_index = 5136, .adv_w = 236, .box_w = 12, .box_h = 14, .ofs_x = 1, .ofs_y = -1},
    {.bitmap_index = 5157, .adv_w = 236, .box_w = 13, .box_h = 14, .ofs_x = 1, .ofs_y = -1},
    {.bitmap_index = 5180, .adv_w = 236, .box_w = 12, .box_h = 14, .ofs_x = 1, .ofs_y = -1},
    {.bitmap_index = 5201, .adv_w = 236, .box_w = 13, .box_h = 14, .ofs_x = 1, .ofs_y = -1},
    {.bitmap_index = 5224, .adv_w = 236, .box_w = 13, .box_h = 14, .ofs_x = 1, .ofs_y = -1},
    {.bitmap_index = 5247, .adv_w = 236, .box_w = 13, .box_h = 14, .ofs_x = 1, .ofs_y = -1},
    {.bitmap_index = 5270, .adv_w = 236, .box_w = 13, .box_h = 14, .ofs_x = 1, .ofs_y = -1},
    {.bitmap_index = 5293, .adv_w = 236, .box_w = 13, .box_h = 14, .ofs_x = 1, .ofs_y = -1},
    {.bitmap_index = 5316, .adv_w = 236, .box_w = 13, .box_h = 14, .ofs_x = 1, .ofs_y = -1},
    {.bitmap_index = 5339, .adv_w = 236, .box_w = 13, .box_h = 14, .ofs_x = 1, .ofs_y = -1},
    {.bitmap_index = 5362, .adv_w = 236, .box_w = 13, .box_h = 14, .ofs_x = 1, .ofs_y = -1},
    {.bitmap_index = 5385, .adv_w = 236, .box_w = 13, .box_h = 14, .ofs_x = 1, .ofs_y = -1},
    {.bitmap_index = 5408, .adv_w = 236, .box_w = 13, .box_h = 14, .ofs_x = 1, .ofs_y = -1},
    {.bitmap_index = 5431, .adv_w = 236, .box_w = 13, .box_h = 14, .ofs_x = 1, .ofs_y = -1},
    {.bitmap_index = 5454, .adv_w = 236, .box_w = 13, .box_h = 14, .ofs_x = 1, .ofs_y = -1},
    {.bitmap_index = 5477, .adv_w = 236, .box_w = 12, .box_h = 14, .ofs_x = 1, .ofs_y = -1},
    {.bitmap_index = 5498, .adv_w = 236, .box_w = 12, .box_h = 14, .ofs_x = 1, .ofs_y = -1},
    {.bitmap_index = 5519, .adv_w = 236, .box_w = 13, .box_h = 14, .ofs_x = 1, .ofs_y = -1},
    {.bitmap_index = 5542, .adv_w = 236, .box_w = 13, .box_h = 14, .ofs_x = 1, .ofs_y = -1},
    {.bitmap_index = 5565, .adv_w = 236, .box_w = 12, .box_h = 14, .ofs_x = 1, .ofs_y = -1},
    {.bitmap_index = 5586, .adv_w = 236, .box_w = 12, .box_h = 14, .ofs_x = 1, .ofs_y = -1},
    {.bitmap_index = 5607, .adv_w = 236, .box_w = 13, .box_h = 14, .ofs_x = 1, .ofs_y = -1},
    {.bitmap_index = 5630, .adv_w = 236, .box_w = 13, .box_h = 14, .ofs_x = 1, .ofs_y = -1},
    {.bitmap_index = 5653, .adv_w = 236, .box_w = 12, .box_h = 14, .ofs_x = 1, .ofs_y = -1},
    {.bitmap_index = 5674, .adv_w = 236, .box_w = 13, .box_h = 14, .ofs_x = 1, .ofs_y = -1},
    {.bitmap_index = 5697, .adv_w = 236, .box_w = 13, .box_h = 14, .ofs_x = 1, .ofs_y = -1},
    {.bitmap_index = 5720, .adv_w = 236, .box_w = 13, .box_h = 14, .ofs_x = 1, .ofs_y = -1},
    {.bitmap_index = 5743, .adv_w = 236, .box_w = 12, .box_h = 14, .ofs_x = 1, .ofs_y = -1},
    {.bitmap_index = 5764, .adv_w = 236, .box_w = 11, .box_h = 14, .ofs_x = 1, .ofs_y = -1},
    {.bitmap_index = 5784, .adv_w = 236, .box_w = 11, .box_h = 14, .ofs_x = 1, .ofs_y = -1},
    {.bitmap_index = 5804, .adv_w = 236, .box_w = 11, .box_h = 14, .ofs_x = 1, .ofs_y = -1},
    {.bitmap_index = 5824, .adv_w = 236, .box_w = 11, .box_h = 14, .ofs_x = 1, .ofs_y = -1},
    {.bitmap_index = 5844, .adv_w = 236, .box_w = 11, .box_h = 14, .ofs_x = 1, .ofs_y = -1},
    {.bitmap_index = 5864, .adv_w = 236, .box_w = 11, .box_h = 14, .ofs_x = 1, .ofs_y = -1},
    {.bitmap_index = 5884, .adv_w = 236, .box_w = 12, .box_h = 15, .ofs_x = 1, .ofs_y = -2},
    {.bitmap_index = 5907, .adv_w = 236, .box_w = 13, .box_h = 14, .ofs_x = 1, .ofs_y = -1},
    {.bitmap_index = 5930, .adv_w = 236, .box_w = 11, .box_h = 14, .ofs_x = 1, .ofs_y = -1},
    {.bitmap_index = 5950, .adv_w = 236, .box_w = 12, .box_h = 14, .ofs_x = 1, .ofs_y = -1},
    {.bitmap_index = 5971, .adv_w = 236, .box_w = 12, .box_h = 14, .ofs_x = 1, .ofs_y = -1},
    {.bitmap_index = 5992, .adv_w = 236, .box_w = 12, .box_h = 14, .ofs_x = 1, .ofs_y = -1},
    {.bitmap_index = 6013, .adv_w = 236, .box_w = 12, .box_h = 14, .ofs_x = 1, .ofs_y = -1},
    {.bitmap_index = 6034, .adv_w = 236, .box_w = 13, .box_h = 14, .ofs_x = 1, .ofs_y = -1},
    {.bitmap_index = 6057, .adv_w = 236, .box_w = 12, .box_h = 14, .ofs_x = 1, .ofs_y = -1},
    {.bitmap_index = 6078, .adv_w = 236, .box_w = 12, .box_h = 14, .ofs_x = 1, .ofs_y = -1},
    {.bitmap_index = 6099, .adv_w = 236, .box_w = 11, .box_h = 14, .ofs_x = 1, .ofs_y = -1},
    {.bitmap_index = 6119, .adv_w = 236, .box_w = 11, .box_h = 14, .ofs_x = 1, .ofs_y = -1},
    {.bitmap_index = 6139, .adv_w = 236, .box_w = 12, .box_h = 14, .ofs_x = 1, .ofs_y = -1},
    {.bitmap_index = 6160, .adv_w = 236, .box_w = 13, .box_h = 14, .ofs_x = 1, .ofs_y = -1},
    {.bitmap_index = 6183, .adv_w = 236, .box_w = 11, .box_h = 14, .ofs_x = 1, .ofs_y = -1},
    {.bitmap_index = 6203, .adv_w = 236, .box_w = 12, .box_h = 14, .ofs_x = 1, .ofs_y = -1},
    {.bitmap_index = 6224, .adv_w = 236, .box_w = 13, .box_h = 11, .ofs_x = 1, .ofs_y = 1},
    {.bitmap_index = 6242, .adv_w = 236, .box_w = 13, .box_h = 14, .ofs_x = 1, .ofs_y = -1},
    {.bitmap_index = 6265, .adv_w = 236, .box_w = 13, .box_h = 14, .ofs_x = 1, .ofs_y = -1},
    {.bitmap_index = 6288, .adv_w = 236, .box_w = 13, .box_h = 14, .ofs_x = 1, .ofs_y = -1},
    {.bitmap_index = 6311, .adv_w = 236, .box_w = 13, .box_h = 14, .ofs_x = 1, .ofs_y = -1},
    {.bitmap_index = 6334, .adv_w = 236, .box_w = 13, .box_h = 14, .ofs_x = 1, .ofs_y = -1},
    {.bitmap_index = 6357, .adv_w = 236, .box_w = 13, .box_h = 14, .ofs_x = 1, .ofs_y = -1},
    {.bitmap_index = 6380, .adv_w = 236, .box_w = 13, .box_h = 15, .ofs_x = 1, .ofs_y = -2},
    {.bitmap_index = 6405, .adv_w = 236, .box_w = 13, .box_h = 14, .ofs_x = 1, .ofs_y = -1},
    {.bitmap_index = 6428, .adv_w = 236, .box_w = 13, .box_h = 14, .ofs_x = 1, .ofs_y = -1},
    {.bitmap_index = 6451, .adv_w = 236, .box_w = 13, .box_h = 14, .ofs_x = 1, .ofs_y = -1},
    {.bitmap_index = 6474, .adv_w = 236, .box_w = 14, .box_h = 14, .ofs_x = 0, .ofs_y = -1},
    {.bitmap_index = 6499, .adv_w = 236, .box_w = 13, .box_h = 14, .ofs_x = 1, .ofs_y = -1},
    {.bitmap_index = 6522, .adv_w = 236, .box_w = 13, .box_h = 14, .ofs_x = 1, .ofs_y = -1},
    {.bitmap_index = 6545, .adv_w = 236, .box_w = 13, .box_h = 14, .ofs_x = 1, .ofs_y = -1},
    {.bitmap_index = 6568, .adv_w = 236, .box_w = 13, .box_h = 14, .ofs_x = 1, .ofs_y = -1},
    {.bitmap_index = 6591, .adv_w = 236, .box_w = 12, .box_h = 14, .ofs_x = 1, .ofs_y = -1},
    {.bitmap_index = 6612, .adv_w = 236, .box_w = 12, .box_h = 14, .ofs_x = 1, .ofs_y = -1},
    {.bitmap_index = 6633, .adv_w = 236, .box_w = 12, .box_h = 14, .ofs_x = 1, .ofs_y = -1},
    {.bitmap_index = 6654, .adv_w = 236, .box_w = 12, .box_h = 14, .ofs_x = 0, .ofs_y = -1},
    {.bitmap_index = 6675, .adv_w = 236, .box_w = 12, .box_h = 14, .ofs_x = 1, .ofs_y = -1},
    {.bitmap_index = 6696, .adv_w = 236, .box_w = 12, .box_h = 14, .ofs_x = 1, .ofs_y = -1},
    {.bitmap_index = 6717, .adv_w = 236, .box_w = 11, .box_h = 14, .ofs_x = 1, .ofs_y = -1},
    {.bitmap_index = 6737, .adv_w = 236, .box_w = 11, .box_h = 14, .ofs_x = 1, .ofs_y = -1},
    {.bitmap_index = 6757, .adv_w = 236, .box_w = 11, .box_h = 14, .ofs_x = 1, .ofs_y = -1},
    {.bitmap_index = 6777, .adv_w = 236, .box_w = 13, .box_h = 11, .ofs_x = 1, .ofs_y = 1},
    {.bitmap_index = 6795, .adv_w = 236, .box_w = 13, .box_h = 13, .ofs_x = 1, .ofs_y = -1},
    {.bitmap_index = 6817, .adv_w = 236, .box_w = 13, .box_h = 14, .ofs_x = 1, .ofs_y = -1},
    {.bitmap_index = 6840, .adv_w = 236, .box_w = 13, .box_h = 13, .ofs_x = 1, .ofs_y = -1},
    {.bitmap_index = 6862, .adv_w = 236, .box_w = 13, .box_h = 14, .ofs_x = 1, .ofs_y = -1},
    {.bitmap_index = 6885, .adv_w = 236, .box_w = 13, .box_h = 14, .ofs_x = 1, .ofs_y = -1},
    {.bitmap_index = 6908, .adv_w = 236, .box_w = 13, .box_h = 14, .ofs_x = 1, .ofs_y = -1},
    {.bitmap_index = 6931, .adv_w = 236, .box_w = 13, .box_h = 14, .ofs_x = 1, .ofs_y = -1},
    {.bitmap_index = 6954, .adv_w = 236, .box_w = 13, .box_h = 15, .ofs_x = 1, .ofs_y = -2},
    {.bitmap_index = 6979, .adv_w = 236, .box_w = 13, .box_h = 14, .ofs_x = 1, .ofs_y = -1},
    {.bitmap_index = 7002, .adv_w = 236, .box_w = 13, .box_h = 14, .ofs_x = 1, .ofs_y = -1},
    {.bitmap_index = 7025, .adv_w = 236, .box_w = 12, .box_h = 14, .ofs_x = 1, .ofs_y = -1},
    {.bitmap_index = 7046, .adv_w = 236, .box_w = 12, .box_h = 14, .ofs_x = 1, .ofs_y = -1},
    {.bitmap_index = 7067, .adv_w = 236, .box_w = 13, .box_h = 15, .ofs_x = 1, .ofs_y = -2},
    {.bitmap_index = 7092, .adv_w = 236, .box_w = 11, .box_h = 14, .ofs_x = 1, .ofs_y = -1},
    {.bitmap_index = 7112, .adv_w = 236, .box_w = 12, .box_h = 14, .ofs_x = 1, .ofs_y = -1},
    {.bitmap_index = 7133, .adv_w = 236, .box_w = 12, .box_h = 14, .ofs_x = 1, .ofs_y = -1},
    {.bitmap_index = 7154, .adv_w = 236, .box_w = 12, .box_h = 14, .ofs_x = 1, .ofs_y = -1},
    {.bitmap_index = 7175, .adv_w = 236, .box_w = 12, .box_h = 14, .ofs_x = 1, .ofs_y = -1},
    {.bitmap_index = 7196, .adv_w = 236, .box_w = 12, .box_h = 14, .ofs_x = 1, .ofs_y = -1},
    {.bitmap_index = 7217, .adv_w = 236, .box_w = 12, .box_h = 14, .ofs_x = 1, .ofs_y = -1},
    {.bitmap_index = 7238, .adv_w = 236, .box_w = 13, .box_h = 14, .ofs_x = 1, .ofs_y = -1},
    {.bitmap_index = 7261, .adv_w = 236, .box_w = 11, .box_h = 14, .ofs_x = 1, .ofs_y = -1},
    {.bitmap_index = 7281, .adv_w = 236, .box_w = 12, .box_h = 14, .ofs_x = 1, .ofs_y = -1},
    {.bitmap_index = 7302, .adv_w = 236, .box_w = 12, .box_h = 14, .ofs_x = 1, .ofs_y = -1},
    {.bitmap_index = 7323, .adv_w = 236, .box_w = 11, .box_h = 14, .ofs_x = 1, .ofs_y = -1},
    {.bitmap_index = 7343, .adv_w = 236, .box_w = 11, .box_h = 14, .ofs_x = 1, .ofs_y = -1},
    {.bitmap_index = 7363, .adv_w = 236, .box_w = 13, .box_h = 13, .ofs_x = 1, .ofs_y = -1},
    {.bitmap_index = 7385, .adv_w = 236, .box_w = 13, .box_h = 11, .ofs_x = 1, .ofs_y = 1},
    {.bitmap_index = 7403, .adv_w = 236, .box_w = 13, .box_h = 14, .ofs_x = 1, .ofs_y = -1},
    {.bitmap_index = 7426, .adv_w = 236, .box_w = 13, .box_h = 13, .ofs_x = 1, .ofs_y = -1},
    {.bitmap_index = 7448, .adv_w = 236, .box_w = 13, .box_h = 14, .ofs_x = 1, .ofs_y = -1},
    {.bitmap_index = 7471, .adv_w = 236, .box_w = 13, .box_h = 14, .ofs_x = 1, .ofs_y = -1},
    {.bitmap_index = 7494, .adv_w = 236, .box_w = 13, .box_h = 14, .ofs_x = 1, .ofs_y = -1},
    {.bitmap_index = 7517, .adv_w = 236, .box_w = 13, .box_h = 14, .ofs_x = 1, .ofs_y = -1},
    {.bitmap_index = 7540, .adv_w = 236, .box_w = 13, .box_h = 14, .ofs_x = 1, .ofs_y = -1},
    {.bitmap_index = 7563, .adv_w = 236, .box_w = 13, .box_h = 14, .ofs_x = 1, .ofs_y = -1},
    {.bitmap_index = 7586, .adv_w = 236, .box_w = 13, .box_h = 14, .ofs_x = 1, .ofs_y = -1},
    {.bitmap_index = 7609, .adv_w = 236, .box_w = 13, .box_h = 14, .ofs_x = 1, .ofs_y = -1},
    {.bitmap_index = 7632, .adv_w = 236, .box_w = 13, .box_h = 14, .ofs_x = 1, .ofs_y = -1},
    {.bitmap_index = 7655, .adv_w = 236, .box_w = 11, .box_h = 14, .ofs_x = 1, .ofs_y = -1},
    {.bitmap_index = 7675, .adv_w = 236, .box_w = 11, .box_h = 14, .ofs_x = 1, .ofs_y = -1},
    {.bitmap_index = 7695, .adv_w = 236, .box_w = 12, .box_h = 14, .ofs_x = 1, .ofs_y = -1},
    {.bitmap_index = 7716, .adv_w = 236, .box_w = 12, .box_h = 14, .ofs_x = 1, .ofs_y = -1},
    {.bitmap_index = 7737, .adv_w = 236, .box_w = 11, .box_h = 14, .ofs_x = 1, .ofs_y = -1},
    {.bitmap_index = 7757, .adv_w = 236, .box_w = 11, .box_h = 14, .ofs_x = 1, .ofs_y = -1},
    {.bitmap_index = 7777, .adv_w = 236, .box_w = 12, .box_h = 15, .ofs_x = 1, .ofs_y = -2},
    {.bitmap_index = 7800, .adv_w = 236, .box_w = 11, .box_h = 14, .ofs_x = 1, .ofs_y = -1},
    {.bitmap_index = 7820, .adv_w = 236, .box_w = 12, .box_h = 14, .ofs_x = 2, .ofs_y = -1},
    {.bitmap_index = 7841, .adv_w = 236, .box_w = 12, .box_h = 14, .ofs_x = 2, .ofs_y = -1},
    {.bitmap_index = 7862, .adv_w = 236, .box_w = 12, .box_h = 14, .ofs_x = 2, .ofs_y = -1},
    {.bitmap_index = 7883, .adv_w = 236, .box_w = 12, .box_h = 14, .ofs_x = 2, .ofs_y = -1},
    {.bitmap_index = 7904, .adv_w = 236, .box_w = 12, .box_h = 14, .ofs_x = 2, .ofs_y = -1},
    {.bitmap_index = 7925, .adv_w = 236, .box_w = 12, .box_h = 14, .ofs_x = 2, .ofs_y = -1},
    {.bitmap_index = 7946, .adv_w = 236, .box_w = 12, .box_h = 14, .ofs_x = 2, .ofs_y = -1},
    {.bitmap_index = 7967, .adv_w = 236, .box_w = 12, .box_h = 14, .ofs_x = 2, .ofs_y = -1},
    {.bitmap_index = 7988, .adv_w = 236, .box_w = 12, .box_h = 14, .ofs_x = 2, .ofs_y = -1},
    {.bitmap_index = 8009, .adv_w = 236, .box_w = 12, .box_h = 14, .ofs_x = 2, .ofs_y = -1},
    {.bitmap_index = 8030, .adv_w = 236, .box_w = 12, .box_h = 14, .ofs_x = 2, .ofs_y = -1},
    {.bitmap_index = 8051, .adv_w = 236, .box_w = 12, .box_h = 14, .ofs_x = 2, .ofs_y = -1},
    {.bitmap_index = 8072, .adv_w = 236, .box_w = 12, .box_h = 14, .ofs_x = 2, .ofs_y = -1},
    {.bitmap_index = 8093, .adv_w = 236, .box_w = 12, .box_h = 14, .ofs_x = 2, .ofs_y = -1},
    {.bitmap_index = 8114, .adv_w = 236, .box_w = 12, .box_h = 14, .ofs_x = 2, .ofs_y = -1},
    {.bitmap_index = 8135, .adv_w = 236, .box_w = 12, .box_h = 14, .ofs_x = 2, .ofs_y = -1},
    {.bitmap_index = 8156, .adv_w = 236, .box_w = 12, .box_h = 14, .ofs_x = 2, .ofs_y = -1},
    {.bitmap_index = 8177, .adv_w = 236, .box_w = 11, .box_h = 14, .ofs_x = 2, .ofs_y = -1},
    {.bitmap_index = 8197, .adv_w = 236, .box_w = 11, .box_h = 14, .ofs_x = 2, .ofs_y = -1},
    {.bitmap_index = 8217, .adv_w = 236, .box_w = 11, .box_h = 14, .ofs_x = 2, .ofs_y = -1},
    {.bitmap_index = 8237, .adv_w = 236, .box_w = 12, .box_h = 14, .ofs_x = 2, .ofs_y = -1},
    {.bitmap_index = 8258, .adv_w = 236, .box_w = 11, .box_h = 14, .ofs_x = 2, .ofs_y = -1},
    {.bitmap_index = 8278, .adv_w = 236, .box_w = 11, .box_h = 14, .ofs_x = 2, .ofs_y = -1},
    {.bitmap_index = 8298, .adv_w = 236, .box_w = 12, .box_h = 14, .ofs_x = 2, .ofs_y = -1},
    {.bitmap_index = 8319, .adv_w = 236, .box_w = 12, .box_h = 14, .ofs_x = 2, .ofs_y = -1},
    {.bitmap_index = 8340, .adv_w = 236, .box_w = 11, .box_h = 14, .ofs_x = 2, .ofs_y = -1},
    {.bitmap_index = 8360, .adv_w = 236, .box_w = 12, .box_h = 14, .ofs_x = 2, .ofs_y = -1},
    {.bitmap_index = 8381, .adv_w = 236, .box_w = 12, .box_h = 14, .ofs_x = 2, .ofs_y = -1},
    {.bitmap_index = 8402, .adv_w = 236, .box_w = 12, .box_h = 14, .ofs_x = 2, .ofs_y = -1},
    {.bitmap_index = 8423, .adv_w = 236, .box_w = 12, .box_h = 14, .ofs_x = 2, .ofs_y = -1},
    {.bitmap_index = 8444, .adv_w = 236, .box_w = 12, .box_h = 14, .ofs_x = 2, .ofs_y = -1},
    {.bitmap_index = 8465, .adv_w = 236, .box_w = 12, .box_h = 14, .ofs_x = 2, .ofs_y = -1},
    {.bitmap_index = 8486, .adv_w = 236, .box_w = 11, .box_h = 14, .ofs_x = 2, .ofs_y = -1},
    {.bitmap_index = 8506, .adv_w = 236, .box_w = 11, .box_h = 14, .ofs_x = 2, .ofs_y = -1},
    {.bitmap_index = 8526, .adv_w = 236, .box_w = 12, .box_h = 14, .ofs_x = 2, .ofs_y = -1},
    {.bitmap_index = 8547, .adv_w = 236, .box_w = 11, .box_h = 14, .ofs_x = 2, .ofs_y = -1},
    {.bitmap_index = 8567, .adv_w = 236, .box_w = 11, .box_h = 14, .ofs_x = 2, .ofs_y = -1},
    {.bitmap_index = 8587, .adv_w = 236, .box_w = 11, .box_h = 14, .ofs_x = 2, .ofs_y = -1},
    {.bitmap_index = 8607, .adv_w = 236, .box_w = 11, .box_h = 14, .ofs_x = 2, .ofs_y = -1},
    {.bitmap_index = 8627, .adv_w = 236, .box_w = 11, .box_h = 14, .ofs_x = 2, .ofs_y = -1},
    {.bitmap_index = 8647, .adv_w = 236, .box_w = 11, .box_h = 14, .ofs_x = 2, .ofs_y = -1},
    {.bitmap_index = 8667, .adv_w = 236, .box_w = 12, .box_h = 15, .ofs_x = 2, .ofs_y = -2},
    {.bitmap_index = 8690, .adv_w = 236, .box_w = 12, .box_h = 14, .ofs_x = 2, .ofs_y = -1},
    {.bitmap_index = 8711, .adv_w = 236, .box_w = 11, .box_h = 14, .ofs_x = 2, .ofs_y = -1},
    {.bitmap_index = 8731, .adv_w = 236, .box_w = 11, .box_h = 14, .ofs_x = 2, .ofs_y = -1},
    {.bitmap_index = 8751, .adv_w = 236, .box_w = 11, .box_h = 14, .ofs_x = 2, .ofs_y = -1},
    {.bitmap_index = 8771, .adv_w = 236, .box_w = 11, .box_h = 14, .ofs_x = 2, .ofs_y = -1},
    {.bitmap_index = 8791, .adv_w = 236, .box_w = 12, .box_h = 14, .ofs_x = 2, .ofs_y = -1},
    {.bitmap_index = 8812, .adv_w = 236, .box_w = 12, .box_h = 14, .ofs_x = 2, .ofs_y = -1},
    {.bitmap_index = 8833, .adv_w = 236, .box_w = 11, .box_h = 14, .ofs_x = 2, .ofs_y = -1},
    {.bitmap_index = 8853, .adv_w = 236, .box_w = 11, .box_h = 14, .ofs_x = 2, .ofs_y = -1},
    {.bitmap_index = 8873, .adv_w = 236, .box_w = 12, .box_h = 15, .ofs_x = 2, .ofs_y = -2},
    {.bitmap_index = 8896, .adv_w = 236, .box_w = 12, .box_h = 14, .ofs_x = 2, .ofs_y = -1},
    {.bitmap_index = 8917, .adv_w = 236, .box_w = 11, .box_h = 14, .ofs_x = 2, .ofs_y = -1},
    {.bitmap_index = 8937, .adv_w = 236, .box_w = 11, .box_h = 14, .ofs_x = 2, .ofs_y = -1},
    {.bitmap_index = 8957, .adv_w = 236, .box_w = 11, .box_h = 14, .ofs_x = 2, .ofs_y = -1},
    {.bitmap_index = 8977, .adv_w = 236, .box_w = 11, .box_h = 14, .ofs_x = 2, .ofs_y = -1},
    {.bitmap_index = 8997, .adv_w = 236, .box_w = 11, .box_h = 14, .ofs_x = 2, .ofs_y = -1},
    {.bitmap_index = 9017, .adv_w = 236, .box_w = 11, .box_h = 14, .ofs_x = 2, .ofs_y = -1},
    {.bitmap_index = 9037, .adv_w = 236, .box_w = 11, .box_h = 14, .ofs_x = 2, .ofs_y = -1},
    {.bitmap_index = 9057, .adv_w = 236, .box_w = 12, .box_h = 14, .ofs_x = 2, .ofs_y = -1},
    {.bitmap_index = 9078, .adv_w = 236, .box_w = 11, .box_h = 14, .ofs_x = 2, .ofs_y = -1},
    {.bitmap_index = 9098, .adv_w = 236, .box_w = 11, .box_h = 14, .ofs_x = 2, .ofs_y = -1},
    {.bitmap_index = 9118, .adv_w = 236, .box_w = 11, .box_h = 14, .ofs_x = 2, .ofs_y = -1},
    {.bitmap_index = 9138, .adv_w = 236, .box_w = 12, .box_h = 14, .ofs_x = 2, .ofs_y = -1},
    {.bitmap_index = 9159, .adv_w = 236, .box_w = 13, .box_h = 11, .ofs_x = 1, .ofs_y = 1},
    {.bitmap_index = 9177, .adv_w = 236, .box_w = 13, .box_h = 14, .ofs_x = 1, .ofs_y = -1},
    {.bitmap_index = 9200, .adv_w = 236, .box_w = 13, .box_h = 14, .ofs_x = 1, .ofs_y = -1},
    {.bitmap_index = 9223, .adv_w = 236, .box_w = 13, .box_h = 14, .ofs_x = 1, .ofs_y = -1},
    {.bitmap_index = 9246, .adv_w = 236, .box_w = 13, .box_h = 14, .ofs_x = 1, .ofs_y = -1},
    {.bitmap_index = 9269, .adv_w = 236, .box_w = 13, .box_h = 14, .ofs_x = 1, .ofs_y = -1},
    {.bitmap_index = 9292, .adv_w = 236, .box_w = 13, .box_h = 14, .ofs_x = 1, .ofs_y = -1},
    {.bitmap_index = 9315, .adv_w = 236, .box_w = 13, .box_h = 14, .ofs_x = 1, .ofs_y = -1},
    {.bitmap_index = 9338, .adv_w = 236, .box_w = 13, .box_h = 14, .ofs_x = 1, .ofs_y = -1},
    {.bitmap_index = 9361, .adv_w = 236, .box_w = 13, .box_h = 14, .ofs_x = 1, .ofs_y = -1},
    {.bitmap_index = 9384, .adv_w = 236, .box_w = 13, .box_h = 14, .ofs_x = 1, .ofs_y = -1},
    {.bitmap_index = 9407, .adv_w = 236, .box_w = 13, .box_h = 14, .ofs_x = 1, .ofs_y = -1},
    {.bitmap_index = 9430, .adv_w = 236, .box_w = 13, .box_h = 14, .ofs_x = 1, .ofs_y = -1},
    {.bitmap_index = 9453, .adv_w = 236, .box_w = 13, .box_h = 14, .ofs_x = 1, .ofs_y = -1},
    {.bitmap_index = 9476, .adv_w = 236, .box_w = 13, .box_h = 14, .ofs_x = 1, .ofs_y = -1},
    {.bitmap_index = 9499, .adv_w = 236, .box_w = 11, .box_h = 14, .ofs_x = 1, .ofs_y = -1},
    {.bitmap_index = 9519, .adv_w = 236, .box_w = 12, .box_h = 14, .ofs_x = 1, .ofs_y = -1},
    {.bitmap_index = 9540, .adv_w = 236, .box_w = 12, .box_h = 14, .ofs_x = 1, .ofs_y = -1},
    {.bitmap_index = 9561, .adv_w = 236, .box_w = 11, .box_h = 14, .ofs_x = 1, .ofs_y = -1},
    {.bitmap_index = 9581, .adv_w = 236, .box_w = 11, .box_h = 14, .ofs_x = 1, .ofs_y = -1},
    {.bitmap_index = 9601, .adv_w = 236, .box_w = 12, .box_h = 14, .ofs_x = 1, .ofs_y = -1},
    {.bitmap_index = 9622, .adv_w = 236, .box_w = 13, .box_h = 11, .ofs_x = 1, .ofs_y = 1},
    {.bitmap_index = 9640, .adv_w = 236, .box_w = 13, .box_h = 14, .ofs_x = 1, .ofs_y = -1},
    {.bitmap_index = 9663, .adv_w = 236, .box_w = 13, .box_h = 14, .ofs_x = 1, .ofs_y = -1},
    {.bitmap_index = 9686, .adv_w = 236, .box_w = 13, .box_h = 14, .ofs_x = 1, .ofs_y = -1},
    {.bitmap_index = 9709, .adv_w = 236, .box_w = 13, .box_h = 14, .ofs_x = 1, .ofs_y = -1},
    {.bitmap_index = 9732, .adv_w = 236, .box_w = 13, .box_h = 14, .ofs_x = 1, .ofs_y = -1},
    {.bitmap_index = 9755, .adv_w = 236, .box_w = 13, .box_h = 14, .ofs_x = 1, .ofs_y = -1},
    {.bitmap_index = 9778, .adv_w = 236, .box_w = 13, .box_h = 14, .ofs_x = 1, .ofs_y = -1},
    {.bitmap_index = 9801, .adv_w = 236, .box_w = 13, .box_h = 14, .ofs_x = 1, .ofs_y = -1},
    {.bitmap_index = 9824, .adv_w = 236, .box_w = 13, .box_h = 14, .ofs_x = 1, .ofs_y = -1},
    {.bitmap_index = 9847, .adv_w = 236, .box_w = 13, .box_h = 14, .ofs_x = 1, .ofs_y = -1},
    {.bitmap_index = 9870, .adv_w = 236, .box_w = 13, .box_h = 14, .ofs_x = 1, .ofs_y = -1},
    {.bitmap_index = 9893, .adv_w = 236, .box_w = 13, .box_h = 14, .ofs_x = 1, .ofs_y = -1},
    {.bitmap_index = 9916, .adv_w = 236, .box_w = 13, .box_h = 14, .ofs_x = 1, .ofs_y = -1},
    {.bitmap_index = 9939, .adv_w = 236, .box_w = 13, .box_h = 14, .ofs_x = 1, .ofs_y = -1},
    {.bitmap_index = 9962, .adv_w = 236, .box_w = 13, .box_h = 14, .ofs_x = 1, .ofs_y = -1},
    {.bitmap_index = 9985, .adv_w = 236, .box_w = 11, .box_h = 14, .ofs_x = 1, .ofs_y = -1},
    {.bitmap_index = 10005, .adv_w = 236, .box_w = 13, .box_h = 14, .ofs_x = 1, .ofs_y = -1},
    {.bitmap_index = 10028, .adv_w = 236, .box_w = 12, .box_h = 14, .ofs_x = 1, .ofs_y = -1},
    {.bitmap_index = 10049, .adv_w = 236, .box_w = 11, .box_h = 14, .ofs_x = 1, .ofs_y = -1},
    {.bitmap_index = 10069, .adv_w = 236, .box_w = 12, .box_h = 14, .ofs_x = 1, .ofs_y = -1},
    {.bitmap_index = 10090, .adv_w = 236, .box_w = 12, .box_h = 14, .ofs_x = 1, .ofs_y = -1},
    {.bitmap_index = 10111, .adv_w = 236, .box_w = 11, .box_h = 14, .ofs_x = 1, .ofs_y = -1},
    {.bitmap_index = 10131, .adv_w = 236, .box_w = 11, .box_h = 14, .ofs_x = 1, .ofs_y = -1},
    {.bitmap_index = 10151, .adv_w = 236, .box_w = 13, .box_h = 14, .ofs_x = 1, .ofs_y = -1},
    {.bitmap_index = 10174, .adv_w = 236, .box_w = 13, .box_h = 14, .ofs_x = 1, .ofs_y = -1},
    {.bitmap_index = 10197, .adv_w = 236, .box_w = 13, .box_h = 14, .ofs_x = 1, .ofs_y = -1},
    {.bitmap_index = 10220, .adv_w = 236, .box_w = 13, .box_h = 14, .ofs_x = 1, .ofs_y = -1},
    {.bitmap_index = 10243, .adv_w = 236, .box_w = 13, .box_h = 14, .ofs_x = 1, .ofs_y = -1},
    {.bitmap_index = 10266, .adv_w = 236, .box_w = 13, .box_h = 14, .ofs_x = 1, .ofs_y = -1},
    {.bitmap_index = 10289, .adv_w = 236, .box_w = 13, .box_h = 11, .ofs_x = 1, .ofs_y = 1},
    {.bitmap_index = 10307, .adv_w = 236, .box_w = 13, .box_h = 14, .ofs_x = 1, .ofs_y = -1},
    {.bitmap_index = 10330, .adv_w = 236, .box_w = 13, .box_h = 14, .ofs_x = 1, .ofs_y = -1},
    {.bitmap_index = 10353, .adv_w = 236, .box_w = 13, .box_h = 14, .ofs_x = 1, .ofs_y = -1},
    {.bitmap_index = 10376, .adv_w = 236, .box_w = 13, .box_h = 14, .ofs_x = 1, .ofs_y = -1},
    {.bitmap_index = 10399, .adv_w = 236, .box_w = 13, .box_h = 14, .ofs_x = 1, .ofs_y = -1},
    {.bitmap_index = 10422, .adv_w = 236, .box_w = 13, .box_h = 14, .ofs_x = 1, .ofs_y = -1},
    {.bitmap_index = 10445, .adv_w = 236, .box_w = 13, .box_h = 14, .ofs_x = 1, .ofs_y = -1},
    {.bitmap_index = 10468, .adv_w = 236, .box_w = 13, .box_h = 14, .ofs_x = 1, .ofs_y = -1},
    {.bitmap_index = 10491, .adv_w = 236, .box_w = 13, .box_h = 14, .ofs_x = 1, .ofs_y = -1},
    {.bitmap_index = 10514, .adv_w = 236, .box_w = 13, .box_h = 14, .ofs_x = 1, .ofs_y = -1},
    {.bitmap_index = 10537, .adv_w = 236, .box_w = 13, .box_h = 14, .ofs_x = 1, .ofs_y = -1},
    {.bitmap_index = 10560, .adv_w = 236, .box_w = 11, .box_h = 14, .ofs_x = 1, .ofs_y = -1},
    {.bitmap_index = 10580, .adv_w = 236, .box_w = 12, .box_h = 14, .ofs_x = 1, .ofs_y = -1},
    {.bitmap_index = 10601, .adv_w = 236, .box_w = 12, .box_h = 14, .ofs_x = 1, .ofs_y = -1},
    {.bitmap_index = 10622, .adv_w = 236, .box_w = 11, .box_h = 14, .ofs_x = 2, .ofs_y = -1},
    {.bitmap_index = 10642, .adv_w = 236, .box_w = 11, .box_h = 14, .ofs_x = 2, .ofs_y = -1},
    {.bitmap_index = 10662, .adv_w = 236, .box_w = 11, .box_h = 14, .ofs_x = 2, .ofs_y = -1},
    {.bitmap_index = 10682, .adv_w = 236, .box_w = 11, .box_h = 14, .ofs_x = 2, .ofs_y = -1},
    {.bitmap_index = 10702, .adv_w = 236, .box_w = 11, .box_h = 14, .ofs_x = 2, .ofs_y = -1},
    {.bitmap_index = 10722, .adv_w = 236, .box_w = 11, .box_h = 14, .ofs_x = 2, .ofs_y = -1},
    {.bitmap_index = 10742, .adv_w = 236, .box_w = 11, .box_h = 14, .ofs_x = 2, .ofs_y = -1},
    {.bitmap_index = 10762, .adv_w = 236, .box_w = 12, .box_h = 15, .ofs_x = 2, .ofs_y = -2},
    {.bitmap_index = 10785, .adv_w = 236, .box_w = 11, .box_h = 14, .ofs_x = 2, .ofs_y = -1},
    {.bitmap_index = 10805, .adv_w = 236, .box_w = 11, .box_h = 14, .ofs_x = 2, .ofs_y = -1},
    {.bitmap_index = 10825, .adv_w = 236, .box_w = 12, .box_h = 14, .ofs_x = 2, .ofs_y = -1},
    {.bitmap_index = 10846, .adv_w = 236, .box_w = 12, .box_h = 14, .ofs_x = 2, .ofs_y = -1},
    {.bitmap_index = 10867, .adv_w = 236, .box_w = 12, .box_h = 14, .ofs_x = 2, .ofs_y = -1},
    {.bitmap_index = 10888, .adv_w = 236, .box_w = 12, .box_h = 14, .ofs_x = 2, .ofs_y = -1},
    {.bitmap_index = 10909, .adv_w = 236, .box_w = 12, .box_h = 14, .ofs_x = 2, .ofs_y = -1},
    {.bitmap_index = 10930, .adv_w = 236, .box_w = 12, .box_h = 14, .ofs_x = 2, .ofs_y = -1},
    {.bitmap_index = 10951, .adv_w = 236, .box_w = 12, .box_h = 14, .ofs_x = 2, .ofs_y = -1},
    {.bitmap_index = 10972, .adv_w = 236, .box_w = 12, .box_h = 14, .ofs_x = 2, .ofs_y = -1},
    {.bitmap_index = 10993, .adv_w = 236, .box_w = 12, .box_h = 14, .ofs_x = 2, .ofs_y = -1},
    {.bitmap_index = 11014, .adv_w = 236, .box_w = 12, .box_h = 14, .ofs_x = 2, .ofs_y = -1},
    {.bitmap_index = 11035, .adv_w = 236, .box_w = 12, .box_h = 14, .ofs_x = 2, .ofs_y = -1},
    {.bitmap_index = 11056, .adv_w = 236, .box_w = 12, .box_h = 14, .ofs_x = 2, .ofs_y = -1},
    {.bitmap_index = 11077, .adv_w = 236, .box_w = 12, .box_h = 14, .ofs_x = 2, .ofs_y = -1},
    {.bitmap_index = 11098, .adv_w = 236, .box_w = 12, .box_h = 14, .ofs_x = 2, .ofs_y = -1},
    {.bitmap_index = 11119, .adv_w = 236, .box_w = 12, .box_h = 14, .ofs_x = 2, .ofs_y = -1},
    {.bitmap_index = 11140, .adv_w = 236, .box_w = 12, .box_h = 14, .ofs_x = 2, .ofs_y = -1},
    {.bitmap_index = 11161, .adv_w = 236, .box_w = 12, .box_h = 14, .ofs_x = 2, .ofs_y = -1},
    {.bitmap_index = 11182, .adv_w = 236, .box_w = 12, .box_h = 14, .ofs_x = 2, .ofs_y = -1},
    {.bitmap_index = 11203, .adv_w = 236, .box_w = 11, .box_h = 14, .ofs_x = 1, .ofs_y = -1},
    {.bitmap_index = 11223, .adv_w = 236, .box_w = 11, .box_h = 14, .ofs_x = 2, .ofs_y = -1},
    {.bitmap_index = 11243, .adv_w = 236, .box_w = 11, .box_h = 14, .ofs_x = 2, .ofs_y = -1},
    {.bitmap_index = 11263, .adv_w = 236, .box_w = 12, .box_h = 14, .ofs_x = 2, .ofs_y = -1},
    {.bitmap_index = 11284, .adv_w = 236, .box_w = 11, .box_h = 14, .ofs_x = 2, .ofs_y = -1},
    {.bitmap_index = 11304, .adv_w = 236, .box_w = 11, .box_h = 14, .ofs_x = 2, .ofs_y = -1},
    {.bitmap_index = 11324, .adv_w = 236, .box_w = 12, .box_h = 14, .ofs_x = 2, .ofs_y = -1},
    {.bitmap_index = 11345, .adv_w = 236, .box_w = 12, .box_h = 14, .ofs_x = 2, .ofs_y = -1},
    {.bitmap_index = 11366, .adv_w = 236, .box_w = 11, .box_h = 14, .ofs_x = 2, .ofs_y = -1},
    {.bitmap_index = 11386, .adv_w = 236, .box_w = 12, .box_h = 14, .ofs_x = 2, .ofs_y = -1},
    {.bitmap_index = 11407, .adv_w = 236, .box_w = 11, .box_h = 14, .ofs_x = 2, .ofs_y = -1},
    {.bitmap_index = 11427, .adv_w = 236, .box_w = 11, .box_h = 14, .ofs_x = 2, .ofs_y = -1},
    {.bitmap_index = 11447, .adv_w = 236, .box_w = 11, .box_h = 14, .ofs_x = 2, .ofs_y = -1},
    {.bitmap_index = 11467, .adv_w = 236, .box_w = 11, .box_h = 14, .ofs_x = 2, .ofs_y = -1},
    {.bitmap_index = 11487, .adv_w = 236, .box_w = 11, .box_h = 14, .ofs_x = 2, .ofs_y = -1},
    {.bitmap_index = 11507, .adv_w = 236, .box_w = 11, .box_h = 14, .ofs_x = 2, .ofs_y = -1},
    {.bitmap_index = 11527, .adv_w = 236, .box_w = 11, .box_h = 14, .ofs_x = 2, .ofs_y = -1},
    {.bitmap_index = 11547, .adv_w = 236, .box_w = 11, .box_h = 14, .ofs_x = 2, .ofs_y = -1},
    {.bitmap_index = 11567, .adv_w = 236, .box_w = 11, .box_h = 14, .ofs_x = 2, .ofs_y = -1},
    {.bitmap_index = 11587, .adv_w = 236, .box_w = 11, .box_h = 14, .ofs_x = 2, .ofs_y = -1},
    {.bitmap_index = 11607, .adv_w = 236, .box_w = 12, .box_h = 15, .ofs_x = 2, .ofs_y = -2},
    {.bitmap_index = 11630, .adv_w = 236, .box_w = 11, .box_h = 14, .ofs_x = 2, .ofs_y = -1},
    {.bitmap_index = 11650, .adv_w = 236, .box_w = 12, .box_h = 14, .ofs_x = 2, .ofs_y = -1},
    {.bitmap_index = 11671, .adv_w = 236, .box_w = 11, .box_h = 14, .ofs_x = 2, .ofs_y = -1},
    {.bitmap_index = 11691, .adv_w = 236, .box_w = 11, .box_h = 14, .ofs_x = 1, .ofs_y = -1},
    {.bitmap_index = 11711, .adv_w = 236, .box_w = 11, .box_h = 14, .ofs_x = 2, .ofs_y = -1},
    {.bitmap_index = 11731, .adv_w = 236, .box_w = 11, .box_h = 14, .ofs_x = 2, .ofs_y = -1},
    {.bitmap_index = 11751, .adv_w = 236, .box_w = 12, .box_h = 14, .ofs_x = 2, .ofs_y = -1},
    {.bitmap_index = 11772, .adv_w = 236, .box_w = 11, .box_h = 14, .ofs_x = 2, .ofs_y = -1},
    {.bitmap_index = 11792, .adv_w = 236, .box_w = 11, .box_h = 14, .ofs_x = 2, .ofs_y = -1},
    {.bitmap_index = 11812, .adv_w = 236, .box_w = 12, .box_h = 14, .ofs_x = 2, .ofs_y = -1},
    {.bitmap_index = 11833, .adv_w = 236, .box_w = 12, .box_h = 14, .ofs_x = 2, .ofs_y = -1},
    {.bitmap_index = 11854, .adv_w = 236, .box_w = 11, .box_h = 14, .ofs_x = 2, .ofs_y = -1},
    {.bitmap_index = 11874, .adv_w = 236, .box_w = 11, .box_h = 14, .ofs_x = 2, .ofs_y = -1},
    {.bitmap_index = 11894, .adv_w = 236, .box_w = 11, .box_h = 14, .ofs_x = 2, .ofs_y = -1},
    {.bitmap_index = 11914, .adv_w = 236, .box_w = 11, .box_h = 14, .ofs_x = 2, .ofs_y = -1},
    {.bitmap_index = 11934, .adv_w = 236, .box_w = 12, .box_h = 14, .ofs_x = 2, .ofs_y = -1},
    {.bitmap_index = 11955, .adv_w = 236, .box_w = 11, .box_h = 14, .ofs_x = 2, .ofs_y = -1},
    {.bitmap_index = 11975, .adv_w = 236, .box_w = 11, .box_h = 14, .ofs_x = 1, .ofs_y = -1},
    {.bitmap_index = 11995, .adv_w = 236, .box_w = 11, .box_h = 14, .ofs_x = 2, .ofs_y = -1},
    {.bitmap_index = 12015, .adv_w = 236, .box_w = 13, .box_h = 11, .ofs_x = 1, .ofs_y = 1},
    {.bitmap_index = 12033, .adv_w = 236, .box_w = 13, .box_h = 14, .ofs_x = 1, .ofs_y = -1},
    {.bitmap_index = 12056, .adv_w = 236, .box_w = 13, .box_h = 14, .ofs_x = 1, .ofs_y = -1},
    {.bitmap_index = 12079, .adv_w = 236, .box_w = 13, .box_h = 14, .ofs_x = 1, .ofs_y = -1},
    {.bitmap_index = 12102, .adv_w = 236, .box_w = 13, .box_h = 14, .ofs_x = 1, .ofs_y = -1},
    {.bitmap_index = 12125, .adv_w = 236, .box_w = 13, .box_h = 14, .ofs_x = 1, .ofs_y = -1},
    {.bitmap_index = 12148, .adv_w = 236, .box_w = 13, .box_h = 14, .ofs_x = 1, .ofs_y = -1},
    {.bitmap_index = 12171, .adv_w = 236, .box_w = 13, .box_h = 14, .ofs_x = 1, .ofs_y = -1},
    {.bitmap_index = 12194, .adv_w = 236, .box_w = 13, .box_h = 14, .ofs_x = 1, .ofs_y = -1},
    {.bitmap_index = 12217, .adv_w = 236, .box_w = 13, .box_h = 14, .ofs_x = 1, .ofs_y = -1},
    {.bitmap_index = 12240, .adv_w = 236, .box_w = 13, .box_h = 14, .ofs_x = 1, .ofs_y = -1},
    {.bitmap_index = 12263, .adv_w = 236, .box_w = 13, .box_h = 14, .ofs_x = 1, .ofs_y = -1},
    {.bitmap_index = 12286, .adv_w = 236, .box_w = 13, .box_h = 14, .ofs_x = 1, .ofs_y = -1},
    {.bitmap_index = 12309, .adv_w = 236, .box_w = 13, .box_h = 14, .ofs_x = 1, .ofs_y = -1},
    {.bitmap_index = 12332, .adv_w = 236, .box_w = 13, .box_h = 14, .ofs_x = 1, .ofs_y = -1},
    {.bitmap_index = 12355, .adv_w = 236, .box_w = 13, .box_h = 14, .ofs_x = 1, .ofs_y = -1},
    {.bitmap_index = 12378, .adv_w = 236, .box_w = 12, .box_h = 14, .ofs_x = 1, .ofs_y = -1},
    {.bitmap_index = 12399, .adv_w = 236, .box_w = 13, .box_h = 15, .ofs_x = 1, .ofs_y = -2},
    {.bitmap_index = 12424, .adv_w = 236, .box_w = 11, .box_h = 14, .ofs_x = 1, .ofs_y = -1},
    {.bitmap_index = 12444, .adv_w = 236, .box_w = 12, .box_h = 14, .ofs_x = 1, .ofs_y = -1},
    {.bitmap_index = 12465, .adv_w = 236, .box_w = 12, .box_h = 14, .ofs_x = 1, .ofs_y = -1},
    {.bitmap_index = 12486, .adv_w = 236, .box_w = 11, .box_h = 14, .ofs_x = 1, .ofs_y = -1},
    {.bitmap_index = 12506, .adv_w = 236, .box_w = 11, .box_h = 14, .ofs_x = 1, .ofs_y = -1},
    {.bitmap_index = 12526, .adv_w = 236, .box_w = 12, .box_h = 14, .ofs_x = 1, .ofs_y = -1},
    {.bitmap_index = 12547, .adv_w = 236, .box_w = 13, .box_h = 11, .ofs_x = 1, .ofs_y = 1},
    {.bitmap_index = 12565, .adv_w = 236, .box_w = 13, .box_h = 14, .ofs_x = 1, .ofs_y = -1},
    {.bitmap_index = 12588, .adv_w = 236, .box_w = 13, .box_h = 14, .ofs_x = 1, .ofs_y = -1},
    {.bitmap_index = 12611, .adv_w = 236, .box_w = 13, .box_h = 14, .ofs_x = 1, .ofs_y = -1},
    {.bitmap_index = 12634, .adv_w = 236, .box_w = 13, .box_h = 14, .ofs_x = 1, .ofs_y = -1},
    {.bitmap_index = 12657, .adv_w = 236, .box_w = 13, .box_h = 14, .ofs_x = 1, .ofs_y = -1},
    {.bitmap_index = 12680, .adv_w = 236, .box_w = 13, .box_h = 14, .ofs_x = 1, .ofs_y = -1},
    {.bitmap_index = 12703, .adv_w = 236, .box_w = 13, .box_h = 14, .ofs_x = 1, .ofs_y = -1},
    {.bitmap_index = 12726, .adv_w = 236, .box_w = 13, .box_h = 14, .ofs_x = 1, .ofs_y = -1},
    {.bitmap_index = 12749, .adv_w = 236, .box_w = 11, .box_h = 14, .ofs_x = 1, .ofs_y = -1},
    {.bitmap_index = 12769, .adv_w = 236, .box_w = 13, .box_h = 14, .ofs_x = 1, .ofs_y = -1},
    {.bitmap_index = 12792, .adv_w = 236, .box_w = 12, .box_h = 14, .ofs_x = 1, .ofs_y = -1},
    {.bitmap_index = 12813, .adv_w = 236, .box_w = 12, .box_h = 14, .ofs_x = 1, .ofs_y = -1},
    {.bitmap_index = 12834, .adv_w = 236, .box_w = 11, .box_h = 14, .ofs_x = 1, .ofs_y = -1},
    {.bitmap_index = 12854, .adv_w = 236, .box_w = 12, .box_h = 14, .ofs_x = 1, .ofs_y = -1},
    {.bitmap_index = 12875, .adv_w = 236, .box_w = 12, .box_h = 14, .ofs_x = 1, .ofs_y = -1},
    {.bitmap_index = 12896, .adv_w = 236, .box_w = 11, .box_h = 14, .ofs_x = 1, .ofs_y = -1},
    {.bitmap_index = 12916, .adv_w = 236, .box_w = 12, .box_h = 14, .ofs_x = 1, .ofs_y = -1},
    {.bitmap_index = 12937, .adv_w = 236, .box_w = 11, .box_h = 14, .ofs_x = 1, .ofs_y = -1},
    {.bitmap_index = 12957, .adv_w = 236, .box_w = 13, .box_h = 14, .ofs_x = 1, .ofs_y = -1},
    {.bitmap_index = 12980, .adv_w = 236, .box_w = 13, .box_h = 14, .ofs_x = 1, .ofs_y = -1},
    {.bitmap_index = 13003, .adv_w = 236, .box_w = 13, .box_h = 14, .ofs_x = 1, .ofs_y = -1},
    {.bitmap_index = 13026, .adv_w = 236, .box_w = 13, .box_h = 14, .ofs_x = 1, .ofs_y = -1},
    {.bitmap_index = 13049, .adv_w = 236, .box_w = 13, .box_h = 14, .ofs_x = 1, .ofs_y = -1},
    {.bitmap_index = 13072, .adv_w = 236, .box_w = 13, .box_h = 11, .ofs_x = 1, .ofs_y = 1},
    {.bitmap_index = 13090, .adv_w = 236, .box_w = 13, .box_h = 14, .ofs_x = 1, .ofs_y = -1},
    {.bitmap_index = 13113, .adv_w = 236, .box_w = 13, .box_h = 14, .ofs_x = 1, .ofs_y = -1},
    {.bitmap_index = 13136, .adv_w = 236, .box_w = 13, .box_h = 14, .ofs_x = 1, .ofs_y = -1},
    {.bitmap_index = 13159, .adv_w = 236, .box_w = 13, .box_h = 14, .ofs_x = 1, .ofs_y = -1},
    {.bitmap_index = 13182, .adv_w = 236, .box_w = 13, .box_h = 14, .ofs_x = 1, .ofs_y = -1},
    {.bitmap_index = 13205, .adv_w = 236, .box_w = 13, .box_h = 14, .ofs_x = 1, .ofs_y = -1},
    {.bitmap_index = 13228, .adv_w = 236, .box_w = 13, .box_h = 14, .ofs_x = 1, .ofs_y = -1},
    {.bitmap_index = 13251, .adv_w = 236, .box_w = 13, .box_h = 14, .ofs_x = 1, .ofs_y = -1},
    {.bitmap_index = 13274, .adv_w = 236, .box_w = 13, .box_h = 14, .ofs_x = 1, .ofs_y = -1},
    {.bitmap_index = 13297, .adv_w = 236, .box_w = 11, .box_h = 14, .ofs_x = 1, .ofs_y = -1},
    {.bitmap_index = 13317, .adv_w = 236, .box_w = 11, .box_h = 14, .ofs_x = 2, .ofs_y = -1},
    {.bitmap_index = 13337, .adv_w = 236, .box_w = 11, .box_h = 14, .ofs_x = 2, .ofs_y = -1},
    {.bitmap_index = 13357, .adv_w = 236, .box_w = 11, .box_h = 14, .ofs_x = 2, .ofs_y = -1},
    {.bitmap_index = 13377, .adv_w = 236, .box_w = 11, .box_h = 14, .ofs_x = 2, .ofs_y = -1},
    {.bitmap_index = 13397, .adv_w = 236, .box_w = 11, .box_h = 14, .ofs_x = 2, .ofs_y = -1},
    {.bitmap_index = 13417, .adv_w = 236, .box_w = 11, .box_h = 14, .ofs_x = 2, .ofs_y = -1},
    {.bitmap_index = 13437, .adv_w = 236, .box_w = 11, .box_h = 14, .ofs_x = 2, .ofs_y = -1},
    {.bitmap_index = 13457, .adv_w = 236, .box_w = 12, .box_h = 15, .ofs_x = 2, .ofs_y = -2},
    {.bitmap_index = 13480, .adv_w = 236, .box_w = 12, .box_h = 14, .ofs_x = 2, .ofs_y = -1},
    {.bitmap_index = 13501, .adv_w = 236, .box_w = 11, .box_h = 14, .ofs_x = 2, .ofs_y = -1},
    {.bitmap_index = 13521, .adv_w = 236, .box_w = 12, .box_h = 14, .ofs_x = 2, .ofs_y = -1},
    {.bitmap_index = 13542, .adv_w = 236, .box_w = 13, .box_h = 14, .ofs_x = 1, .ofs_y = -1},
    {.bitmap_index = 13565, .adv_w = 236, .box_w = 13, .box_h = 14, .ofs_x = 1, .ofs_y = -1},
    {.bitmap_index = 13588, .adv_w = 236, .box_w = 13, .box_h = 14, .ofs_x = 1, .ofs_y = -1},
    {.bitmap_index = 13611, .adv_w = 236, .box_w = 13, .box_h = 14, .ofs_x = 1, .ofs_y = -1},
    {.bitmap_index = 13634, .adv_w = 236, .box_w = 13, .box_h = 14, .ofs_x = 1, .ofs_y = -1},
    {.bitmap_index = 13657, .adv_w = 236, .box_w = 13, .box_h = 14, .ofs_x = 1, .ofs_y = -1},
    {.bitmap_index = 13680, .adv_w = 236, .box_w = 13, .box_h = 15, .ofs_x = 1, .ofs_y = -2},
    {.bitmap_index = 13705, .adv_w = 236, .box_w = 13, .box_h = 14, .ofs_x = 1, .ofs_y = -1},
    {.bitmap_index = 13728, .adv_w = 236, .box_w = 13, .box_h = 14, .ofs_x = 1, .ofs_y = -1},
    {.bitmap_index = 13751, .adv_w = 236, .box_w = 13, .box_h = 14, .ofs_x = 1, .ofs_y = -1},
    {.bitmap_index = 13774, .adv_w = 236, .box_w = 12, .box_h = 14, .ofs_x = 1, .ofs_y = -1},
    {.bitmap_index = 13795, .adv_w = 236, .box_w = 12, .box_h = 14, .ofs_x = 1, .ofs_y = -1},
    {.bitmap_index = 13816, .adv_w = 236, .box_w = 12, .box_h = 14, .ofs_x = 1, .ofs_y = -1},
    {.bitmap_index = 13837, .adv_w = 236, .box_w = 12, .box_h = 14, .ofs_x = 1, .ofs_y = -1},
    {.bitmap_index = 13858, .adv_w = 236, .box_w = 12, .box_h = 14, .ofs_x = 1, .ofs_y = -1},
    {.bitmap_index = 13879, .adv_w = 236, .box_w = 12, .box_h = 14, .ofs_x = 1, .ofs_y = -1},
    {.bitmap_index = 13900, .adv_w = 236, .box_w = 13, .box_h = 15, .ofs_x = 1, .ofs_y = -2},
    {.bitmap_index = 13925, .adv_w = 236, .box_w = 13, .box_h = 14, .ofs_x = 1, .ofs_y = -1},
    {.bitmap_index = 13948, .adv_w = 236, .box_w = 12, .box_h = 14, .ofs_x = 1, .ofs_y = -1},
    {.bitmap_index = 13969, .adv_w = 236, .box_w = 11, .box_h = 14, .ofs_x = 1, .ofs_y = -1},
    {.bitmap_index = 13989, .adv_w = 236, .box_w = 11, .box_h = 14, .ofs_x = 1, .ofs_y = -1},
    {.bitmap_index = 14009, .adv_w = 236, .box_w = 12, .box_h = 14, .ofs_x = 1, .ofs_y = -1},
    {.bitmap_index = 14030, .adv_w = 236, .box_w = 12, .box_h = 14, .ofs_x = 1, .ofs_y = -1},
    {.bitmap_index = 14051, .adv_w = 236, .box_w = 11, .box_h = 14, .ofs_x = 1, .ofs_y = -1},
    {.bitmap_index = 14071, .adv_w = 236, .box_w = 11, .box_h = 14, .ofs_x = 1, .ofs_y = -1},
    {.bitmap_index = 14091, .adv_w = 236, .box_w = 11, .box_h = 14, .ofs_x = 1, .ofs_y = -1},
    {.bitmap_index = 14111, .adv_w = 236, .box_w = 11, .box_h = 14, .ofs_x = 1, .ofs_y = -1},
    {.bitmap_index = 14131, .adv_w = 236, .box_w = 12, .box_h = 15, .ofs_x = 1, .ofs_y = -2},
    {.bitmap_index = 14154, .adv_w = 236, .box_w = 13, .box_h = 14, .ofs_x = 1, .ofs_y = -1},
    {.bitmap_index = 14177, .adv_w = 236, .box_w = 11, .box_h = 14, .ofs_x = 1, .ofs_y = -1},
    {.bitmap_index = 14197, .adv_w = 236, .box_w = 12, .box_h = 14, .ofs_x = 1, .ofs_y = -1},
    {.bitmap_index = 14218, .adv_w = 236, .box_w = 12, .box_h = 14, .ofs_x = 1, .ofs_y = -1},
    {.bitmap_index = 14239, .adv_w = 236, .box_w = 12, .box_h = 14, .ofs_x = 1, .ofs_y = -1},
    {.bitmap_index = 14260, .adv_w = 236, .box_w = 12, .box_h = 14, .ofs_x = 1, .ofs_y = -1},
    {.bitmap_index = 14281, .adv_w = 236, .box_w = 12, .box_h = 14, .ofs_x = 1, .ofs_y = -1},
    {.bitmap_index = 14302, .adv_w = 236, .box_w = 12, .box_h = 14, .ofs_x = 1, .ofs_y = -1},
    {.bitmap_index = 14323, .adv_w = 236, .box_w = 12, .box_h = 14, .ofs_x = 1, .ofs_y = -1},
    {.bitmap_index = 14344, .adv_w = 236, .box_w = 13, .box_h = 15, .ofs_x = 1, .ofs_y = -2},
    {.bitmap_index = 14369, .adv_w = 236, .box_w = 13, .box_h = 14, .ofs_x = 1, .ofs_y = -1},
    {.bitmap_index = 14392, .adv_w = 236, .box_w = 12, .box_h = 14, .ofs_x = 1, .ofs_y = -1},
    {.bitmap_index = 14413, .adv_w = 236, .box_w = 11, .box_h = 14, .ofs_x = 1, .ofs_y = -1},
    {.bitmap_index = 14433, .adv_w = 236, .box_w = 13, .box_h = 14, .ofs_x = 1, .ofs_y = -1},
    {.bitmap_index = 14456, .adv_w = 236, .box_w = 13, .box_h = 11, .ofs_x = 1, .ofs_y = 1},
    {.bitmap_index = 14474, .adv_w = 236, .box_w = 13, .box_h = 14, .ofs_x = 1, .ofs_y = -1},
    {.bitmap_index = 14497, .adv_w = 236, .box_w = 13, .box_h = 14, .ofs_x = 1, .ofs_y = -1},
    {.bitmap_index = 14520, .adv_w = 236, .box_w = 13, .box_h = 14, .ofs_x = 1, .ofs_y = -1},
    {.bitmap_index = 14543, .adv_w = 236, .box_w = 13, .box_h = 14, .ofs_x = 1, .ofs_y = -1},
    {.bitmap_index = 14566, .adv_w = 236, .box_w = 14, .box_h = 14, .ofs_x = 0, .ofs_y = -1},
    {.bitmap_index = 14591, .adv_w = 236, .box_w = 13, .box_h = 14, .ofs_x = 0, .ofs_y = -1},
    {.bitmap_index = 14614, .adv_w = 236, .box_w = 13, .box_h = 14, .ofs_x = 0, .ofs_y = -1},
    {.bitmap_index = 14637, .adv_w = 236, .box_w = 12, .box_h = 14, .ofs_x = 1, .ofs_y = -1},
    {.bitmap_index = 14658, .adv_w = 236, .box_w = 12, .box_h = 14, .ofs_x = 1, .ofs_y = -1},
    {.bitmap_index = 14679, .adv_w = 236, .box_w = 13, .box_h = 14, .ofs_x = 1, .ofs_y = -1},
    {.bitmap_index = 14702, .adv_w = 236, .box_w = 13, .box_h = 14, .ofs_x = 1, .ofs_y = -1},
    {.bitmap_index = 14725, .adv_w = 236, .box_w = 13, .box_h = 14, .ofs_x = 1, .ofs_y = -1},
    {.bitmap_index = 14748, .adv_w = 236, .box_w = 13, .box_h = 14, .ofs_x = 1, .ofs_y = -1},
    {.bitmap_index = 14771, .adv_w = 236, .box_w = 13, .box_h = 14, .ofs_x = 1, .ofs_y = -1},
    {.bitmap_index = 14794, .adv_w = 236, .box_w = 13, .box_h = 14, .ofs_x = 1, .ofs_y = -1},
    {.bitmap_index = 14817, .adv_w = 236, .box_w = 13, .box_h = 14, .ofs_x = 1, .ofs_y = -1},
    {.bitmap_index = 14840, .adv_w = 236, .box_w = 13, .box_h = 14, .ofs_x = 0, .ofs_y = -1},
    {.bitmap_index = 14863, .adv_w = 236, .box_w = 12, .box_h = 14, .ofs_x = 1, .ofs_y = -1},
    {.bitmap_index = 14884, .adv_w = 236, .box_w = 12, .box_h = 14, .ofs_x = 1, .ofs_y = -1},
    {.bitmap_index = 14905, .adv_w = 236, .box_w = 12, .box_h = 14, .ofs_x = 1, .ofs_y = -1},
    {.bitmap_index = 14926, .adv_w = 236, .box_w = 12, .box_h = 14, .ofs_x = 1, .ofs_y = -1},
    {.bitmap_index = 14947, .adv_w = 236, .box_w = 12, .box_h = 14, .ofs_x = 1, .ofs_y = -1},
    {.bitmap_index = 14968, .adv_w = 236, .box_w = 12, .box_h = 14, .ofs_x = 1, .ofs_y = -1},
    {.bitmap_index = 14989, .adv_w = 236, .box_w = 13, .box_h = 11, .ofs_x = 1, .ofs_y = 1},
    {.bitmap_index = 15007, .adv_w = 236, .box_w = 13, .box_h = 14, .ofs_x = 1, .ofs_y = -1},
    {.bitmap_index = 15030, .adv_w = 236, .box_w = 13, .box_h = 14, .ofs_x = 1, .ofs_y = -1},
    {.bitmap_index = 15053, .adv_w = 236, .box_w = 13, .box_h = 14, .ofs_x = 1, .ofs_y = -1},
    {.bitmap_index = 15076, .adv_w = 236, .box_w = 13, .box_h = 14, .ofs_x = 1, .ofs_y = -1},
    {.bitmap_index = 15099, .adv_w = 236, .box_w = 13, .box_h = 14, .ofs_x = 1, .ofs_y = -1},
    {.bitmap_index = 15122, .adv_w = 236, .box_w = 13, .box_h = 14, .ofs_x = 1, .ofs_y = -1},
    {.bitmap_index = 15145, .adv_w = 236, .box_w = 13, .box_h = 14, .ofs_x = 1, .ofs_y = -1},
    {.bitmap_index = 15168, .adv_w = 236, .box_w = 12, .box_h = 14, .ofs_x = 1, .ofs_y = -1},
    {.bitmap_index = 15189, .adv_w = 236, .box_w = 12, .box_h = 14, .ofs_x = 1, .ofs_y = -1},
    {.bitmap_index = 15210, .adv_w = 236, .box_w = 12, .box_h = 14, .ofs_x = 1, .ofs_y = -1},
    {.bitmap_index = 15231, .adv_w = 236, .box_w = 12, .box_h = 14, .ofs_x = 1, .ofs_y = -1},
    {.bitmap_index = 15252, .adv_w = 236, .box_w = 12, .box_h = 14, .ofs_x = 1, .ofs_y = -1},
    {.bitmap_index = 15273, .adv_w = 236, .box_w = 11, .box_h = 14, .ofs_x = 2, .ofs_y = -1},
    {.bitmap_index = 15293, .adv_w = 236, .box_w = 11, .box_h = 14, .ofs_x = 2, .ofs_y = -1},
    {.bitmap_index = 15313, .adv_w = 236, .box_w = 11, .box_h = 14, .ofs_x = 2, .ofs_y = -1},
    {.bitmap_index = 15333, .adv_w = 236, .box_w = 11, .box_h = 14, .ofs_x = 2, .ofs_y = -1},
    {.bitmap_index = 15353, .adv_w = 236, .box_w = 11, .box_h = 14, .ofs_x = 2, .ofs_y = -1},
    {.bitmap_index = 15373, .adv_w = 236, .box_w = 12, .box_h = 15, .ofs_x = 2, .ofs_y = -2},
    {.bitmap_index = 15396, .adv_w = 236, .box_w = 11, .box_h = 14, .ofs_x = 1, .ofs_y = -1},
    {.bitmap_index = 15416, .adv_w = 236, .box_w = 12, .box_h = 14, .ofs_x = 2, .ofs_y = -1},
    {.bitmap_index = 15437, .adv_w = 236, .box_w = 12, .box_h = 14, .ofs_x = 2, .ofs_y = -1},
    {.bitmap_index = 15458, .adv_w = 236, .box_w = 12, .box_h = 14, .ofs_x = 2, .ofs_y = -1},
    {.bitmap_index = 15479, .adv_w = 236, .box_w = 12, .box_h = 14, .ofs_x = 2, .ofs_y = -1},
    {.bitmap_index = 15500, .adv_w = 236, .box_w = 12, .box_h = 14, .ofs_x = 2, .ofs_y = -1},
    {.bitmap_index = 15521, .adv_w = 236, .box_w = 12, .box_h = 14, .ofs_x = 2, .ofs_y = -1},
    {.bitmap_index = 15542, .adv_w = 236, .box_w = 12, .box_h = 14, .ofs_x = 2, .ofs_y = -1},
    {.bitmap_index = 15563, .adv_w = 236, .box_w = 12, .box_h = 14, .ofs_x = 2, .ofs_y = -1},
    {.bitmap_index = 15584, .adv_w = 236, .box_w = 12, .box_h = 14, .ofs_x = 2, .ofs_y = -1},
    {.bitmap_index = 15605, .adv_w = 236, .box_w = 12, .box_h = 14, .ofs_x = 2, .ofs_y = -1},
    {.bitmap_index = 15626, .adv_w = 236, .box_w = 12, .box_h = 14, .ofs_x = 2, .ofs_y = -1},
    {.bitmap_index = 15647, .adv_w = 236, .box_w = 12, .box_h = 14, .ofs_x = 2, .ofs_y = -1},
    {.bitmap_index = 15668, .adv_w = 236, .box_w = 12, .box_h = 14, .ofs_x = 1, .ofs_y = -1},
    {.bitmap_index = 15689, .adv_w = 236, .box_w = 11, .box_h = 14, .ofs_x = 2, .ofs_y = -1},
    {.bitmap_index = 15709, .adv_w = 236, .box_w = 11, .box_h = 14, .ofs_x = 2, .ofs_y = -1},
    {.bitmap_index = 15729, .adv_w = 236, .box_w = 12, .box_h = 14, .ofs_x = 2, .ofs_y = -1},
    {.bitmap_index = 15750, .adv_w = 236, .box_w = 11, .box_h = 14, .ofs_x = 2, .ofs_y = -1},
    {.bitmap_index = 15770, .adv_w = 236, .box_w = 11, .box_h = 14, .ofs_x = 2, .ofs_y = -1},
    {.bitmap_index = 15790, .adv_w = 236, .box_w = 12, .box_h = 15, .ofs_x = 2, .ofs_y = -2},
    {.bitmap_index = 15813, .adv_w = 236, .box_w = 12, .box_h = 14, .ofs_x = 2, .ofs_y = -1},
    {.bitmap_index = 15834, .adv_w = 236, .box_w = 11, .box_h = 14, .ofs_x = 2, .ofs_y = -1},
    {.bitmap_index = 15854, .adv_w = 236, .box_w = 12, .box_h = 14, .ofs_x = 2, .ofs_y = -1},
    {.bitmap_index = 15875, .adv_w = 236, .box_w = 12, .box_h = 14, .ofs_x = 2, .ofs_y = -1},
    {.bitmap_index = 15896, .adv_w = 236, .box_w = 12, .box_h = 14, .ofs_x = 2, .ofs_y = -1},
    {.bitmap_index = 15917, .adv_w = 236, .box_w = 12, .box_h = 14, .ofs_x = 2, .ofs_y = -1},
    {.bitmap_index = 15938, .adv_w = 236, .box_w = 12, .box_h = 14, .ofs_x = 2, .ofs_y = -1},
    {.bitmap_index = 15959, .adv_w = 236, .box_w = 11, .box_h = 14, .ofs_x = 1, .ofs_y = -1},
    {.bitmap_index = 15979, .adv_w = 236, .box_w = 11, .box_h = 14, .ofs_x = 2, .ofs_y = -1},
    {.bitmap_index = 15999, .adv_w = 236, .box_w = 11, .box_h = 14, .ofs_x = 2, .ofs_y = -1},
    {.bitmap_index = 16019, .adv_w = 236, .box_w = 11, .box_h = 14, .ofs_x = 2, .ofs_y = -1},
    {.bitmap_index = 16039, .adv_w = 236, .box_w = 11, .box_h = 14, .ofs_x = 2, .ofs_y = -1},
    {.bitmap_index = 16059, .adv_w = 236, .box_w = 11, .box_h = 14, .ofs_x = 2, .ofs_y = -1},
    {.bitmap_index = 16079, .adv_w = 236, .box_w = 12, .box_h = 14, .ofs_x = 2, .ofs_y = -1},
    {.bitmap_index = 16100, .adv_w = 236, .box_w = 12, .box_h = 14, .ofs_x = 2, .ofs_y = -1},
    {.bitmap_index = 16121, .adv_w = 236, .box_w = 11, .box_h = 14, .ofs_x = 2, .ofs_y = -1},
    {.bitmap_index = 16141, .adv_w = 236, .box_w = 11, .box_h = 14, .ofs_x = 2, .ofs_y = -1},
    {.bitmap_index = 16161, .adv_w = 236, .box_w = 12, .box_h = 14, .ofs_x = 1, .ofs_y = -1},
    {.bitmap_index = 16182, .adv_w = 236, .box_w = 11, .box_h = 14, .ofs_x = 2, .ofs_y = -1},
    {.bitmap_index = 16202, .adv_w = 236, .box_w = 11, .box_h = 14, .ofs_x = 2, .ofs_y = -1},
    {.bitmap_index = 16222, .adv_w = 236, .box_w = 12, .box_h = 14, .ofs_x = 2, .ofs_y = -1},
    {.bitmap_index = 16243, .adv_w = 236, .box_w = 11, .box_h = 14, .ofs_x = 2, .ofs_y = -1},
    {.bitmap_index = 16263, .adv_w = 236, .box_w = 11, .box_h = 14, .ofs_x = 2, .ofs_y = -1},
    {.bitmap_index = 16283, .adv_w = 236, .box_w = 12, .box_h = 15, .ofs_x = 2, .ofs_y = -2},
    {.bitmap_index = 16306, .adv_w = 236, .box_w = 11, .box_h = 14, .ofs_x = 2, .ofs_y = -1},
    {.bitmap_index = 16326, .adv_w = 236, .box_w = 11, .box_h = 14, .ofs_x = 1, .ofs_y = -1},
    {.bitmap_index = 16346, .adv_w = 236, .box_w = 11, .box_h = 14, .ofs_x = 2, .ofs_y = -1},
    {.bitmap_index = 16366, .adv_w = 236, .box_w = 11, .box_h = 14, .ofs_x = 2, .ofs_y = -1},
    {.bitmap_index = 16386, .adv_w = 236, .box_w = 11, .box_h = 14, .ofs_x = 2, .ofs_y = -1},
    {.bitmap_index = 16406, .adv_w = 236, .box_w = 11, .box_h = 14, .ofs_x = 2, .ofs_y = -1},
    {.bitmap_index = 16426, .adv_w = 236, .box_w = 11, .box_h = 14, .ofs_x = 2, .ofs_y = -1},
    {.bitmap_index = 16446, .adv_w = 236, .box_w = 12, .box_h = 14, .ofs_x = 2, .ofs_y = -1},
    {.bitmap_index = 16467, .adv_w = 236, .box_w = 12, .box_h = 14, .ofs_x = 2, .ofs_y = -1},
    {.bitmap_index = 16488, .adv_w = 236, .box_w = 11, .box_h = 14, .ofs_x = 2, .ofs_y = -1},
    {.bitmap_index = 16508, .adv_w = 236, .box_w = 12, .box_h = 14, .ofs_x = 1, .ofs_y = -1},
    {.bitmap_index = 16529, .adv_w = 236, .box_w = 11, .box_h = 14, .ofs_x = 2, .ofs_y = -1},
    {.bitmap_index = 16549, .adv_w = 236, .box_w = 12, .box_h = 14, .ofs_x = 2, .ofs_y = -1},
    {.bitmap_index = 16570, .adv_w = 236, .box_w = 13, .box_h = 14, .ofs_x = 2, .ofs_y = -1},
    {.bitmap_index = 16593, .adv_w = 236, .box_w = 13, .box_h = 11, .ofs_x = 1, .ofs_y = 1},
    {.bitmap_index = 16611, .adv_w = 236, .box_w = 13, .box_h = 14, .ofs_x = 1, .ofs_y = -1},
    {.bitmap_index = 16634, .adv_w = 236, .box_w = 13, .box_h = 14, .ofs_x = 1, .ofs_y = -1},
    {.bitmap_index = 16657, .adv_w = 236, .box_w = 13, .box_h = 14, .ofs_x = 1, .ofs_y = -1},
    {.bitmap_index = 16680, .adv_w = 236, .box_w = 13, .box_h = 14, .ofs_x = 1, .ofs_y = -1},
    {.bitmap_index = 16703, .adv_w = 236, .box_w = 13, .box_h = 14, .ofs_x = 1, .ofs_y = -1},
    {.bitmap_index = 16726, .adv_w = 236, .box_w = 13, .box_h = 15, .ofs_x = 1, .ofs_y = -2},
    {.bitmap_index = 16751, .adv_w = 236, .box_w = 13, .box_h = 14, .ofs_x = 1, .ofs_y = -1},
    {.bitmap_index = 16774, .adv_w = 236, .box_w = 13, .box_h = 14, .ofs_x = 1, .ofs_y = -1},
    {.bitmap_index = 16797, .adv_w = 236, .box_w = 13, .box_h = 14, .ofs_x = 1, .ofs_y = -1},
    {.bitmap_index = 16820, .adv_w = 236, .box_w = 13, .box_h = 14, .ofs_x = 1, .ofs_y = -1},
    {.bitmap_index = 16843, .adv_w = 236, .box_w = 13, .box_h = 14, .ofs_x = 1, .ofs_y = -1},
    {.bitmap_index = 16866, .adv_w = 236, .box_w = 11, .box_h = 14, .ofs_x = 1, .ofs_y = -1},
    {.bitmap_index = 16886, .adv_w = 236, .box_w = 12, .box_h = 14, .ofs_x = 1, .ofs_y = -1},
    {.bitmap_index = 16907, .adv_w = 236, .box_w = 12, .box_h = 14, .ofs_x = 1, .ofs_y = -1},
    {.bitmap_index = 16928, .adv_w = 236, .box_w = 11, .box_h = 14, .ofs_x = 1, .ofs_y = -1},
    {.bitmap_index = 16948, .adv_w = 236, .box_w = 11, .box_h = 14, .ofs_x = 1, .ofs_y = -1},
    {.bitmap_index = 16968, .adv_w = 236, .box_w = 12, .box_h = 14, .ofs_x = 1, .ofs_y = -1},
    {.bitmap_index = 16989, .adv_w = 236, .box_w = 11, .box_h = 14, .ofs_x = 1, .ofs_y = -1},
    {.bitmap_index = 17009, .adv_w = 236, .box_w = 13, .box_h = 11, .ofs_x = 1, .ofs_y = 1},
    {.bitmap_index = 17027, .adv_w = 236, .box_w = 13, .box_h = 14, .ofs_x = 1, .ofs_y = -1},
    {.bitmap_index = 17050, .adv_w = 236, .box_w = 13, .box_h = 14, .ofs_x = 1, .ofs_y = -1},
    {.bitmap_index = 17073, .adv_w = 236, .box_w = 13, .box_h = 14, .ofs_x = 1, .ofs_y = -1},
    {.bitmap_index = 17096, .adv_w = 236, .box_w = 13, .box_h = 14, .ofs_x = 1, .ofs_y = -1},
    {.bitmap_index = 17119, .adv_w = 236, .box_w = 13, .box_h = 14, .ofs_x = 1, .ofs_y = -1},
    {.bitmap_index = 17142, .adv_w = 236, .box_w = 13, .box_h = 14, .ofs_x = 1, .ofs_y = -1},
    {.bitmap_index = 17165, .adv_w = 236, .box_w = 13, .box_h = 14, .ofs_x = 1, .ofs_y = -1},
    {.bitmap_index = 17188, .adv_w = 236, .box_w = 13, .box_h = 14, .ofs_x = 1, .ofs_y = -1},
    {.bitmap_index = 17211, .adv_w = 236, .box_w = 13, .box_h = 14, .ofs_x = 1, .ofs_y = -1},
    {.bitmap_index = 17234, .adv_w = 236, .box_w = 13, .box_h = 14, .ofs_x = 1, .ofs_y = -1},
    {.bitmap_index = 17257, .adv_w = 236, .box_w = 13, .box_h = 14, .ofs_x = 1, .ofs_y = -1},
    {.bitmap_index = 17280, .adv_w = 236, .box_w = 13, .box_h = 14, .ofs_x = 1, .ofs_y = -1},
    {.bitmap_index = 17303, .adv_w = 236, .box_w = 13, .box_h = 14, .ofs_x = 1, .ofs_y = -1},
    {.bitmap_index = 17326, .adv_w = 236, .box_w = 11, .box_h = 14, .ofs_x = 1, .ofs_y = -1},
    {.bitmap_index = 17346, .adv_w = 236, .box_w = 12, .box_h = 14, .ofs_x = 1, .ofs_y = -1},
    {.bitmap_index = 17367, .adv_w = 236, .box_w = 13, .box_h = 14, .ofs_x = 1, .ofs_y = -1},
    {.bitmap_index = 17390, .adv_w = 236, .box_w = 11, .box_h = 14, .ofs_x = 1, .ofs_y = -1},
    {.bitmap_index = 17410, .adv_w = 236, .box_w = 11, .box_h = 14, .ofs_x = 1, .ofs_y = -1},
    {.bitmap_index = 17430, .adv_w = 236, .box_w = 12, .box_h = 14, .ofs_x = 1, .ofs_y = -1},
    {.bitmap_index = 17451, .adv_w = 236, .box_w = 12, .box_h = 14, .ofs_x = 1, .ofs_y = -1},
    {.bitmap_index = 17472, .adv_w = 236, .box_w = 11, .box_h = 14, .ofs_x = 1, .ofs_y = -1},
    {.bitmap_index = 17492, .adv_w = 236, .box_w = 12, .box_h = 14, .ofs_x = 1, .ofs_y = -1},
    {.bitmap_index = 17513, .adv_w = 236, .box_w = 11, .box_h = 14, .ofs_x = 1, .ofs_y = -1},
    {.bitmap_index = 17533, .adv_w = 236, .box_w = 13, .box_h = 14, .ofs_x = 1, .ofs_y = -1},
    {.bitmap_index = 17556, .adv_w = 236, .box_w = 13, .box_h = 14, .ofs_x = 1, .ofs_y = -1},
    {.bitmap_index = 17579, .adv_w = 236, .box_w = 13, .box_h = 14, .ofs_x = 1, .ofs_y = -1},
    {.bitmap_index = 17602, .adv_w = 236, .box_w = 13, .box_h = 14, .ofs_x = 1, .ofs_y = -1},
    {.bitmap_index = 17625, .adv_w = 236, .box_w = 13, .box_h = 14, .ofs_x = 1, .ofs_y = -1},
    {.bitmap_index = 17648, .adv_w = 236, .box_w = 13, .box_h = 14, .ofs_x = 1, .ofs_y = -1},
    {.bitmap_index = 17671, .adv_w = 236, .box_w = 13, .box_h = 14, .ofs_x = 1, .ofs_y = -1},
    {.bitmap_index = 17694, .adv_w = 236, .box_w = 13, .box_h = 14, .ofs_x = 1, .ofs_y = -1},
    {.bitmap_index = 17717, .adv_w = 236, .box_w = 13, .box_h = 11, .ofs_x = 1, .ofs_y = 1},
    {.bitmap_index = 17735, .adv_w = 236, .box_w = 13, .box_h = 14, .ofs_x = 1, .ofs_y = -1},
    {.bitmap_index = 17758, .adv_w = 236, .box_w = 13, .box_h = 14, .ofs_x = 1, .ofs_y = -1},
    {.bitmap_index = 17781, .adv_w = 236, .box_w = 13, .box_h = 14, .ofs_x = 1, .ofs_y = -1},
    {.bitmap_index = 17804, .adv_w = 236, .box_w = 13, .box_h = 14, .ofs_x = 1, .ofs_y = -1},
    {.bitmap_index = 17827, .adv_w = 236, .box_w = 13, .box_h = 14, .ofs_x = 1, .ofs_y = -1},
    {.bitmap_index = 17850, .adv_w = 236, .box_w = 13, .box_h = 14, .ofs_x = 1, .ofs_y = -1},
    {.bitmap_index = 17873, .adv_w = 236, .box_w = 13, .box_h = 14, .ofs_x = 1, .ofs_y = -1},
    {.bitmap_index = 17896, .adv_w = 236, .box_w = 13, .box_h = 14, .ofs_x = 1, .ofs_y = -1},
    {.bitmap_index = 17919, .adv_w = 236, .box_w = 13, .box_h = 14, .ofs_x = 1, .ofs_y = -1},
    {.bitmap_index = 17942, .adv_w = 236, .box_w = 13, .box_h = 14, .ofs_x = 1, .ofs_y = -1},
    {.bitmap_index = 17965, .adv_w = 236, .box_w = 11, .box_h = 14, .ofs_x = 2, .ofs_y = -1},
    {.bitmap_index = 17985, .adv_w = 236, .box_w = 11, .box_h = 14, .ofs_x = 2, .ofs_y = -1},
    {.bitmap_index = 18005, .adv_w = 236, .box_w = 11, .box_h = 14, .ofs_x = 2, .ofs_y = -1},
    {.bitmap_index = 18025, .adv_w = 236, .box_w = 11, .box_h = 14, .ofs_x = 2, .ofs_y = -1},
    {.bitmap_index = 18045, .adv_w = 236, .box_w = 11, .box_h = 14, .ofs_x = 2, .ofs_y = -1},
    {.bitmap_index = 18065, .adv_w = 236, .box_w = 11, .box_h = 14, .ofs_x = 2, .ofs_y = -1},
    {.bitmap_index = 18085, .adv_w = 236, .box_w = 12, .box_h = 15, .ofs_x = 2, .ofs_y = -2},
    {.bitmap_index = 18108, .adv_w = 236, .box_w = 11, .box_h = 14, .ofs_x = 2, .ofs_y = -1},
    {.bitmap_index = 18128, .adv_w = 236, .box_w = 12, .box_h = 14, .ofs_x = 2, .ofs_y = -1},
    {.bitmap_index = 18149, .adv_w = 236, .box_w = 12, .box_h = 14, .ofs_x = 2, .ofs_y = -1},
    {.bitmap_index = 18170, .adv_w = 236, .box_w = 12, .box_h = 14, .ofs_x = 2, .ofs_y = -1},
    {.bitmap_index = 18191, .adv_w = 236, .box_w = 12, .box_h = 14, .ofs_x = 2, .ofs_y = -1},
    {.bitmap_index = 18212, .adv_w = 236, .box_w = 12, .box_h = 14, .ofs_x = 2, .ofs_y = -1},
    {.bitmap_index = 18233, .adv_w = 236, .box_w = 12, .box_h = 14, .ofs_x = 2, .ofs_y = -1},
    {.bitmap_index = 18254, .adv_w = 236, .box_w = 12, .box_h = 14, .ofs_x = 2, .ofs_y = -1},
    {.bitmap_index = 18275, .adv_w = 236, .box_w = 12, .box_h = 14, .ofs_x = 2, .ofs_y = -1},
    {.bitmap_index = 18296, .adv_w = 236, .box_w = 12, .box_h = 14, .ofs_x = 2, .ofs_y = -1},
    {.bitmap_index = 18317, .adv_w = 236, .box_w = 12, .box_h = 14, .ofs_x = 2, .ofs_y = -1},
    {.bitmap_index = 18338, .adv_w = 236, .box_w = 12, .box_h = 14, .ofs_x = 2, .ofs_y = -1},
    {.bitmap_index = 18359, .adv_w = 236, .box_w = 12, .box_h = 14, .ofs_x = 2, .ofs_y = -1},
    {.bitmap_index = 18380, .adv_w = 236, .box_w = 12, .box_h = 14, .ofs_x = 2, .ofs_y = -1},
    {.bitmap_index = 18401, .adv_w = 236, .box_w = 12, .box_h = 14, .ofs_x = 2, .ofs_y = -1},
    {.bitmap_index = 18422, .adv_w = 236, .box_w = 12, .box_h = 14, .ofs_x = 2, .ofs_y = -1},
    {.bitmap_index = 18443, .adv_w = 236, .box_w = 12, .box_h = 14, .ofs_x = 1, .ofs_y = -1},
    {.bitmap_index = 18464, .adv_w = 236, .box_w = 11, .box_h = 14, .ofs_x = 2, .ofs_y = -1},
    {.bitmap_index = 18484, .adv_w = 236, .box_w = 11, .box_h = 14, .ofs_x = 2, .ofs_y = -1},
    {.bitmap_index = 18504, .adv_w = 236, .box_w = 12, .box_h = 14, .ofs_x = 2, .ofs_y = -1},
    {.bitmap_index = 18525, .adv_w = 236, .box_w = 11, .box_h = 14, .ofs_x = 2, .ofs_y = -1},
    {.bitmap_index = 18545, .adv_w = 236, .box_w = 11, .box_h = 14, .ofs_x = 2, .ofs_y = -1},
    {.bitmap_index = 18565, .adv_w = 236, .box_w = 12, .box_h = 15, .ofs_x = 2, .ofs_y = -2},
    {.bitmap_index = 18588, .adv_w = 236, .box_w = 12, .box_h = 14, .ofs_x = 2, .ofs_y = -1},
    {.bitmap_index = 18609, .adv_w = 236, .box_w = 11, .box_h = 14, .ofs_x = 2, .ofs_y = -1},
    {.bitmap_index = 18629, .adv_w = 236, .box_w = 12, .box_h = 14, .ofs_x = 2, .ofs_y = -1},
    {.bitmap_index = 18650, .adv_w = 236, .box_w = 12, .box_h = 14, .ofs_x = 2, .ofs_y = -1},
    {.bitmap_index = 18671, .adv_w = 236, .box_w = 12, .box_h = 14, .ofs_x = 2, .ofs_y = -1},
    {.bitmap_index = 18692, .adv_w = 236, .box_w = 12, .box_h = 14, .ofs_x = 2, .ofs_y = -1},
    {.bitmap_index = 18713, .adv_w = 236, .box_w = 12, .box_h = 14, .ofs_x = 2, .ofs_y = -1},
    {.bitmap_index = 18734, .adv_w = 236, .box_w = 11, .box_h = 14, .ofs_x = 2, .ofs_y = -1},
    {.bitmap_index = 18754, .adv_w = 236, .box_w = 11, .box_h = 14, .ofs_x = 2, .ofs_y = -1},
    {.bitmap_index = 18774, .adv_w = 236, .box_w = 11, .box_h = 14, .ofs_x = 2, .ofs_y = -1},
    {.bitmap_index = 18794, .adv_w = 236, .box_w = 11, .box_h = 14, .ofs_x = 2, .ofs_y = -1},
    {.bitmap_index = 18814, .adv_w = 236, .box_w = 11, .box_h = 14, .ofs_x = 2, .ofs_y = -1},
    {.bitmap_index = 18834, .adv_w = 236, .box_w = 11, .box_h = 14, .ofs_x = 2, .ofs_y = -1},
    {.bitmap_index = 18854, .adv_w = 236, .box_w = 11, .box_h = 14, .ofs_x = 2, .ofs_y = -1},
    {.bitmap_index = 18874, .adv_w = 236, .box_w = 12, .box_h = 15, .ofs_x = 2, .ofs_y = -2},
    {.bitmap_index = 18897, .adv_w = 236, .box_w = 11, .box_h = 14, .ofs_x = 2, .ofs_y = -1},
    {.bitmap_index = 18917, .adv_w = 236, .box_w = 12, .box_h = 14, .ofs_x = 2, .ofs_y = -1},
    {.bitmap_index = 18938, .adv_w = 236, .box_w = 11, .box_h = 14, .ofs_x = 2, .ofs_y = -1},
    {.bitmap_index = 18958, .adv_w = 236, .box_w = 12, .box_h = 14, .ofs_x = 1, .ofs_y = -1},
    {.bitmap_index = 18979, .adv_w = 236, .box_w = 12, .box_h = 14, .ofs_x = 2, .ofs_y = -1},
    {.bitmap_index = 19000, .adv_w = 236, .box_w = 11, .box_h = 14, .ofs_x = 2, .ofs_y = -1},
    {.bitmap_index = 19020, .adv_w = 236, .box_w = 12, .box_h = 14, .ofs_x = 2, .ofs_y = -1},
    {.bitmap_index = 19041, .adv_w = 236, .box_w = 12, .box_h = 14, .ofs_x = 2, .ofs_y = -1},
    {.bitmap_index = 19062, .adv_w = 236, .box_w = 12, .box_h = 14, .ofs_x = 2, .ofs_y = -1},
    {.bitmap_index = 19083, .adv_w = 236, .box_w = 13, .box_h = 15, .ofs_x = 2, .ofs_y = -2},
    {.bitmap_index = 19108, .adv_w = 236, .box_w = 13, .box_h = 14, .ofs_x = 2, .ofs_y = -1},
    {.bitmap_index = 19131, .adv_w = 236, .box_w = 12, .box_h = 14, .ofs_x = 2, .ofs_y = -1},
    {.bitmap_index = 19152, .adv_w = 236, .box_w = 11, .box_h = 14, .ofs_x = 2, .ofs_y = -1},
    {.bitmap_index = 19172, .adv_w = 236, .box_w = 11, .box_h = 14, .ofs_x = 2, .ofs_y = -1},
    {.bitmap_index = 19192, .adv_w = 236, .box_w = 11, .box_h = 14, .ofs_x = 2, .ofs_y = -1},
    {.bitmap_index = 19212, .adv_w = 236, .box_w = 11, .box_h = 14, .ofs_x = 2, .ofs_y = -1},
    {.bitmap_index = 19232, .adv_w = 236, .box_w = 12, .box_h = 15, .ofs_x = 2, .ofs_y = -2},
    {.bitmap_index = 19255, .adv_w = 236, .box_w = 12, .box_h = 14, .ofs_x = 2, .ofs_y = -1},
    {.bitmap_index = 19276, .adv_w = 236, .box_w = 11, .box_h = 14, .ofs_x = 2, .ofs_y = -1},
    {.bitmap_index = 19296, .adv_w = 236, .box_w = 12, .box_h = 14, .ofs_x = 2, .ofs_y = -1},
    {.bitmap_index = 19317, .adv_w = 236, .box_w = 12, .box_h = 14, .ofs_x = 1, .ofs_y = -1},
    {.bitmap_index = 19338, .adv_w = 236, .box_w = 13, .box_h = 11, .ofs_x = 1, .ofs_y = 1},
    {.bitmap_index = 19356, .adv_w = 236, .box_w = 13, .box_h = 14, .ofs_x = 1, .ofs_y = -1},
    {.bitmap_index = 19379, .adv_w = 236, .box_w = 13, .box_h = 14, .ofs_x = 1, .ofs_y = -1},
    {.bitmap_index = 19402, .adv_w = 236, .box_w = 13, .box_h = 14, .ofs_x = 1, .ofs_y = -1},
    {.bitmap_index = 19425, .adv_w = 236, .box_w = 13, .box_h = 14, .ofs_x = 1, .ofs_y = -1},
    {.bitmap_index = 19448, .adv_w = 236, .box_w = 13, .box_h = 14, .ofs_x = 1, .ofs_y = -1},
    {.bitmap_index = 19471, .adv_w = 236, .box_w = 13, .box_h = 14, .ofs_x = 1, .ofs_y = -1},
    {.bitmap_index = 19494, .adv_w = 236, .box_w = 13, .box_h = 14, .ofs_x = 1, .ofs_y = -1},
    {.bitmap_index = 19517, .adv_w = 236, .box_w = 13, .box_h = 14, .ofs_x = 1, .ofs_y = -1},
    {.bitmap_index = 19540, .adv_w = 236, .box_w = 13, .box_h = 14, .ofs_x = 1, .ofs_y = -1},
    {.bitmap_index = 19563, .adv_w = 236, .box_w = 13, .box_h = 14, .ofs_x = 1, .ofs_y = -1},
    {.bitmap_index = 19586, .adv_w = 236, .box_w = 13, .box_h = 14, .ofs_x = 1, .ofs_y = -1},
    {.bitmap_index = 19609, .adv_w = 236, .box_w = 13, .box_h = 15, .ofs_x = 1, .ofs_y = -2},
    {.bitmap_index = 19634, .adv_w = 236, .box_w = 13, .box_h = 14, .ofs_x = 1, .ofs_y = -1},
    {.bitmap_index = 19657, .adv_w = 236, .box_w = 11, .box_h = 14, .ofs_x = 1, .ofs_y = -1},
    {.bitmap_index = 19677, .adv_w = 236, .box_w = 12, .box_h = 14, .ofs_x = 1, .ofs_y = -1},
    {.bitmap_index = 19698, .adv_w = 236, .box_w = 12, .box_h = 14, .ofs_x = 1, .ofs_y = -1},
    {.bitmap_index = 19719, .adv_w = 236, .box_w = 11, .box_h = 14, .ofs_x = 1, .ofs_y = -1},
    {.bitmap_index = 19739, .adv_w = 236, .box_w = 12, .box_h = 14, .ofs_x = 1, .ofs_y = -1},
    {.bitmap_index = 19760, .adv_w = 236, .box_w = 11, .box_h = 14, .ofs_x = 1, .ofs_y = -1},
    {.bitmap_index = 19780, .adv_w = 236, .box_w = 13, .box_h = 11, .ofs_x = 1, .ofs_y = 1},
    {.bitmap_index = 19798, .adv_w = 236, .box_w = 13, .box_h = 14, .ofs_x = 1, .ofs_y = -1},
    {.bitmap_index = 19821, .adv_w = 236, .box_w = 13, .box_h = 14, .ofs_x = 1, .ofs_y = -1},
    {.bitmap_index = 19844, .adv_w = 236, .box_w = 13, .box_h = 14, .ofs_x = 1, .ofs_y = -1},
    {.bitmap_index = 19867, .adv_w = 236, .box_w = 13, .box_h = 14, .ofs_x = 1, .ofs_y = -1},
    {.bitmap_index = 19890, .adv_w = 236, .box_w = 13, .box_h = 14, .ofs_x = 1, .ofs_y = -1},
    {.bitmap_index = 19913, .adv_w = 236, .box_w = 13, .box_h = 14, .ofs_x = 1, .ofs_y = -1},
    {.bitmap_index = 19936, .adv_w = 236, .box_w = 13, .box_h = 14, .ofs_x = 1, .ofs_y = -1},
    {.bitmap_index = 19959, .adv_w = 236, .box_w = 13, .box_h = 14, .ofs_x = 1, .ofs_y = -1},
    {.bitmap_index = 19982, .adv_w = 236, .box_w = 13, .box_h = 14, .ofs_x = 1, .ofs_y = -1},
    {.bitmap_index = 20005, .adv_w = 236, .box_w = 13, .box_h = 14, .ofs_x = 1, .ofs_y = -1},
    {.bitmap_index = 20028, .adv_w = 236, .box_w = 13, .box_h = 14, .ofs_x = 1, .ofs_y = -1},
    {.bitmap_index = 20051, .adv_w = 236, .box_w = 13, .box_h = 14, .ofs_x = 1, .ofs_y = -1},
    {.bitmap_index = 20074, .adv_w = 236, .box_w = 13, .box_h = 14, .ofs_x = 1, .ofs_y = -1},
    {.bitmap_index = 20097, .adv_w = 236, .box_w = 13, .box_h = 14, .ofs_x = 1, .ofs_y = -1},
    {.bitmap_index = 20120, .adv_w = 236, .box_w = 13, .box_h = 14, .ofs_x = 1, .ofs_y = -1},
    {.bitmap_index = 20143, .adv_w = 236, .box_w = 13, .box_h = 14, .ofs_x = 1, .ofs_y = -1},
    {.bitmap_index = 20166, .adv_w = 236, .box_w = 13, .box_h = 14, .ofs_x = 1, .ofs_y = -1},
    {.bitmap_index = 20189, .adv_w = 236, .box_w = 13, .box_h = 14, .ofs_x = 1, .ofs_y = -1},
    {.bitmap_index = 20212, .adv_w = 236, .box_w = 11, .box_h = 14, .ofs_x = 1, .ofs_y = -1},
    {.bitmap_index = 20232, .adv_w = 236, .box_w = 12, .box_h = 14, .ofs_x = 1, .ofs_y = -1},
    {.bitmap_index = 20253, .adv_w = 236, .box_w = 12, .box_h = 14, .ofs_x = 1, .ofs_y = -1},
    {.bitmap_index = 20274, .adv_w = 236, .box_w = 11, .box_h = 14, .ofs_x = 1, .ofs_y = -1},
    {.bitmap_index = 20294, .adv_w = 236, .box_w = 12, .box_h = 14, .ofs_x = 1, .ofs_y = -1},
    {.bitmap_index = 20315, .adv_w = 236, .box_w = 13, .box_h = 14, .ofs_x = 1, .ofs_y = -1},
    {.bitmap_index = 20338, .adv_w = 236, .box_w = 11, .box_h = 14, .ofs_x = 1, .ofs_y = -1},
    {.bitmap_index = 20358, .adv_w = 236, .box_w = 12, .box_h = 14, .ofs_x = 1, .ofs_y = -1},
    {.bitmap_index = 20379, .adv_w = 236, .box_w = 12, .box_h = 14, .ofs_x = 1, .ofs_y = -1},
    {.bitmap_index = 20400, .adv_w = 236, .box_w = 13, .box_h = 14, .ofs_x = 1, .ofs_y = -1},
    {.bitmap_index = 20423, .adv_w = 236, .box_w = 13, .box_h = 14, .ofs_x = 1, .ofs_y = -1},
    {.bitmap_index = 20446, .adv_w = 236, .box_w = 13, .box_h = 14, .ofs_x = 1, .ofs_y = -1},
    {.bitmap_index = 20469, .adv_w = 236, .box_w = 13, .box_h = 14, .ofs_x = 1, .ofs_y = -1},
    {.bitmap_index = 20492, .adv_w = 236, .box_w = 13, .box_h = 14, .ofs_x = 1, .ofs_y = -1},
    {.bitmap_index = 20515, .adv_w = 236, .box_w = 13, .box_h = 11, .ofs_x = 1, .ofs_y = 1},
    {.bitmap_index = 20533, .adv_w = 236, .box_w = 13, .box_h = 14, .ofs_x = 1, .ofs_y = -1},
    {.bitmap_index = 20556, .adv_w = 236, .box_w = 13, .box_h = 14, .ofs_x = 1, .ofs_y = -1},
    {.bitmap_index = 20579, .adv_w = 236, .box_w = 13, .box_h = 14, .ofs_x = 1, .ofs_y = -1},
    {.bitmap_index = 20602, .adv_w = 236, .box_w = 13, .box_h = 14, .ofs_x = 1, .ofs_y = -1},
    {.bitmap_index = 20625, .adv_w = 236, .box_w = 11, .box_h = 14, .ofs_x = 2, .ofs_y = -1},
    {.bitmap_index = 20645, .adv_w = 236, .box_w = 11, .box_h = 14, .ofs_x = 2, .ofs_y = -1},
    {.bitmap_index = 20665, .adv_w = 236, .box_w = 11, .box_h = 14, .ofs_x = 2, .ofs_y = -1},
    {.bitmap_index = 20685, .adv_w = 236, .box_w = 11, .box_h = 14, .ofs_x = 2, .ofs_y = -1},
    {.bitmap_index = 20705, .adv_w = 236, .box_w = 11, .box_h = 14, .ofs_x = 2, .ofs_y = -1},
    {.bitmap_index = 20725, .adv_w = 236, .box_w = 11, .box_h = 14, .ofs_x = 2, .ofs_y = -1},
    {.bitmap_index = 20745, .adv_w = 236, .box_w = 11, .box_h = 14, .ofs_x = 2, .ofs_y = -1},
    {.bitmap_index = 20765, .adv_w = 236, .box_w = 11, .box_h = 14, .ofs_x = 2, .ofs_y = -1},
    {.bitmap_index = 20785, .adv_w = 236, .box_w = 12, .box_h = 14, .ofs_x = 2, .ofs_y = -1},
    {.bitmap_index = 20806, .adv_w = 236, .box_w = 12, .box_h = 14, .ofs_x = 2, .ofs_y = -1},
    {.bitmap_index = 20827, .adv_w = 236, .box_w = 11, .box_h = 14, .ofs_x = 2, .ofs_y = -1},
    {.bitmap_index = 20847, .adv_w = 236, .box_w = 12, .box_h = 14, .ofs_x = 2, .ofs_y = -1},
    {.bitmap_index = 20868, .adv_w = 236, .box_w = 11, .box_h = 14, .ofs_x = 2, .ofs_y = -1},
    {.bitmap_index = 20888, .adv_w = 236, .box_w = 12, .box_h = 14, .ofs_x = 2, .ofs_y = -1},
    {.bitmap_index = 20909, .adv_w = 236, .box_w = 12, .box_h = 14, .ofs_x = 2, .ofs_y = -1},
    {.bitmap_index = 20930, .adv_w = 236, .box_w = 12, .box_h = 14, .ofs_x = 2, .ofs_y = -1},
    {.bitmap_index = 20951, .adv_w = 236, .box_w = 12, .box_h = 14, .ofs_x = 2, .ofs_y = -1},
    {.bitmap_index = 20972, .adv_w = 236, .box_w = 12, .box_h = 14, .ofs_x = 2, .ofs_y = -1},
    {.bitmap_index = 20993, .adv_w = 236, .box_w = 12, .box_h = 14, .ofs_x = 2, .ofs_y = -1},
    {.bitmap_index = 21014, .adv_w = 236, .box_w = 12, .box_h = 14, .ofs_x = 2, .ofs_y = -1},
    {.bitmap_index = 21035, .adv_w = 236, .box_w = 12, .box_h = 14, .ofs_x = 2, .ofs_y = -1},
    {.bitmap_index = 21056, .adv_w = 236, .box_w = 12, .box_h = 14, .ofs_x = 2, .ofs_y = -1},
    {.bitmap_index = 21077, .adv_w = 236, .box_w = 12, .box_h = 14, .ofs_x = 2, .ofs_y = -1},
    {.bitmap_index = 21098, .adv_w = 236, .box_w = 12, .box_h = 14, .ofs_x = 2, .ofs_y = -1},
    {.bitmap_index = 21119, .adv_w = 236, .box_w = 12, .box_h = 14, .ofs_x = 2, .ofs_y = -1},
    {.bitmap_index = 21140, .adv_w = 236, .box_w = 12, .box_h = 14, .ofs_x = 2, .ofs_y = -1},
    {.bitmap_index = 21161, .adv_w = 236, .box_w = 12, .box_h = 14, .ofs_x = 2, .ofs_y = -1},
    {.bitmap_index = 21182, .adv_w = 236, .box_w = 12, .box_h = 14, .ofs_x = 2, .ofs_y = -1},
    {.bitmap_index = 21203, .adv_w = 236, .box_w = 12, .box_h = 14, .ofs_x = 1, .ofs_y = -1},
    {.bitmap_index = 21224, .adv_w = 236, .box_w = 11, .box_h = 14, .ofs_x = 2, .ofs_y = -1},
    {.bitmap_index = 21244, .adv_w = 236, .box_w = 11, .box_h = 14, .ofs_x = 2, .ofs_y = -1},
    {.bitmap_index = 21264, .adv_w = 236, .box_w = 12, .box_h = 14, .ofs_x = 2, .ofs_y = -1},
    {.bitmap_index = 21285, .adv_w = 236, .box_w = 11, .box_h = 14, .ofs_x = 2, .ofs_y = -1},
    {.bitmap_index = 21305, .adv_w = 236, .box_w = 11, .box_h = 14, .ofs_x = 2, .ofs_y = -1},
    {.bitmap_index = 21325, .adv_w = 236, .box_w = 12, .box_h = 15, .ofs_x = 2, .ofs_y = -2},
    {.bitmap_index = 21348, .adv_w = 236, .box_w = 12, .box_h = 14, .ofs_x = 2, .ofs_y = -1},
    {.bitmap_index = 21369, .adv_w = 236, .box_w = 11, .box_h = 14, .ofs_x = 2, .ofs_y = -1},
    {.bitmap_index = 21389, .adv_w = 236, .box_w = 11, .box_h = 14, .ofs_x = 2, .ofs_y = -1},
    {.bitmap_index = 21409, .adv_w = 236, .box_w = 12, .box_h = 14, .ofs_x = 2, .ofs_y = -1},
    {.bitmap_index = 21430, .adv_w = 236, .box_w = 12, .box_h = 14, .ofs_x = 2, .ofs_y = -1},
    {.bitmap_index = 21451, .adv_w = 236, .box_w = 12, .box_h = 14, .ofs_x = 2, .ofs_y = -1},
    {.bitmap_index = 21472, .adv_w = 236, .box_w = 12, .box_h = 14, .ofs_x = 2, .ofs_y = -1},
    {.bitmap_index = 21493, .adv_w = 236, .box_w = 11, .box_h = 14, .ofs_x = 2, .ofs_y = -1},
    {.bitmap_index = 21513, .adv_w = 236, .box_w = 11, .box_h = 14, .ofs_x = 2, .ofs_y = -1},
    {.bitmap_index = 21533, .adv_w = 236, .box_w = 11, .box_h = 14, .ofs_x = 2, .ofs_y = -1},
    {.bitmap_index = 21553, .adv_w = 236, .box_w = 11, .box_h = 14, .ofs_x = 2, .ofs_y = -1},
    {.bitmap_index = 21573, .adv_w = 236, .box_w = 11, .box_h = 14, .ofs_x = 2, .ofs_y = -1},
    {.bitmap_index = 21593, .adv_w = 236, .box_w = 11, .box_h = 14, .ofs_x = 2, .ofs_y = -1},
    {.bitmap_index = 21613, .adv_w = 236, .box_w = 11, .box_h = 14, .ofs_x = 2, .ofs_y = -1},
    {.bitmap_index = 21633, .adv_w = 236, .box_w = 11, .box_h = 14, .ofs_x = 2, .ofs_y = -1},
    {.bitmap_index = 21653, .adv_w = 236, .box_w = 12, .box_h = 14, .ofs_x = 2, .ofs_y = -1},
    {.bitmap_index = 21674, .adv_w = 236, .box_w = 11, .box_h = 14, .ofs_x = 2, .ofs_y = -1},
    {.bitmap_index = 21694, .adv_w = 236, .box_w = 12, .box_h = 14, .ofs_x = 2, .ofs_y = -1},
    {.bitmap_index = 21715, .adv_w = 236, .box_w = 12, .box_h = 14, .ofs_x = 1, .ofs_y = -1},
    {.bitmap_index = 21736, .adv_w = 236, .box_w = 11, .box_h = 14, .ofs_x = 2, .ofs_y = -1},
    {.bitmap_index = 21756, .adv_w = 236, .box_w = 11, .box_h = 14, .ofs_x = 2, .ofs_y = -1},
    {.bitmap_index = 21776, .adv_w = 236, .box_w = 11, .box_h = 14, .ofs_x = 2, .ofs_y = -1},
    {.bitmap_index = 21796, .adv_w = 236, .box_w = 12, .box_h = 14, .ofs_x = 2, .ofs_y = -1},
    {.bitmap_index = 21817, .adv_w = 236, .box_w = 11, .box_h = 14, .ofs_x = 2, .ofs_y = -1},
    {.bitmap_index = 21837, .adv_w = 236, .box_w = 11, .box_h = 14, .ofs_x = 2, .ofs_y = -1},
    {.bitmap_index = 21857, .adv_w = 236, .box_w = 13, .box_h = 15, .ofs_x = 2, .ofs_y = -2},
    {.bitmap_index = 21882, .adv_w = 236, .box_w = 12, .box_h = 14, .ofs_x = 2, .ofs_y = -1},
    {.bitmap_index = 21903, .adv_w = 236, .box_w = 11, .box_h = 14, .ofs_x = 2, .ofs_y = -1},
    {.bitmap_index = 21923, .adv_w = 236, .box_w = 11, .box_h = 14, .ofs_x = 2, .ofs_y = -1},
    {.bitmap_index = 21943, .adv_w = 236, .box_w = 11, .box_h = 14, .ofs_x = 2, .ofs_y = -1},
    {.bitmap_index = 21963, .adv_w = 236, .box_w = 11, .box_h = 14, .ofs_x = 2, .ofs_y = -1},
    {.bitmap_index = 21983, .adv_w = 236, .box_w = 11, .box_h = 14, .ofs_x = 2, .ofs_y = -1},
    {.bitmap_index = 22003, .adv_w = 236, .box_w = 11, .box_h = 14, .ofs_x = 2, .ofs_y = -1},
    {.bitmap_index = 22023, .adv_w = 236, .box_w = 12, .box_h = 14, .ofs_x = 2, .ofs_y = -1},
    {.bitmap_index = 22044, .adv_w = 236, .box_w = 12, .box_h = 14, .ofs_x = 2, .ofs_y = -1},
    {.bitmap_index = 22065, .adv_w = 236, .box_w = 11, .box_h = 14, .ofs_x = 2, .ofs_y = -1},
    {.bitmap_index = 22085, .adv_w = 236, .box_w = 11, .box_h = 14, .ofs_x = 2, .ofs_y = -1},
    {.bitmap_index = 22105, .adv_w = 236, .box_w = 12, .box_h = 14, .ofs_x = 1, .ofs_y = -1},
    {.bitmap_index = 22126, .adv_w = 236, .box_w = 11, .box_h = 14, .ofs_x = 2, .ofs_y = -1},
    {.bitmap_index = 22146, .adv_w = 236, .box_w = 13, .box_h = 11, .ofs_x = 1, .ofs_y = 1},
    {.bitmap_index = 22164, .adv_w = 236, .box_w = 13, .box_h = 14, .ofs_x = 1, .ofs_y = -1},
    {.bitmap_index = 22187, .adv_w = 236, .box_w = 13, .box_h = 14, .ofs_x = 1, .ofs_y = -1},
    {.bitmap_index = 22210, .adv_w = 236, .box_w = 13, .box_h = 14, .ofs_x = 1, .ofs_y = -1},
    {.bitmap_index = 22233, .adv_w = 236, .box_w = 13, .box_h = 14, .ofs_x = 1, .ofs_y = -1},
    {.bitmap_index = 22256, .adv_w = 236, .box_w = 13, .box_h = 14, .ofs_x = 1, .ofs_y = -1},
    {.bitmap_index = 22279, .adv_w = 236, .box_w = 13, .box_h = 14, .ofs_x = 1, .ofs_y = -1},
    {.bitmap_index = 22302, .adv_w = 236, .box_w = 13, .box_h = 14, .ofs_x = 1, .ofs_y = -1},
    {.bitmap_index = 22325, .adv_w = 236, .box_w = 13, .box_h = 14, .ofs_x = 1, .ofs_y = -1},
    {.bitmap_index = 22348, .adv_w = 236, .box_w = 13, .box_h = 14, .ofs_x = 1, .ofs_y = -1},
    {.bitmap_index = 22371, .adv_w = 236, .box_w = 13, .box_h = 14, .ofs_x = 1, .ofs_y = -1},
    {.bitmap_index = 22394, .adv_w = 236, .box_w = 13, .box_h = 15, .ofs_x = 1, .ofs_y = -2},
    {.bitmap_index = 22419, .adv_w = 236, .box_w = 12, .box_h = 14, .ofs_x = 1, .ofs_y = -1},
    {.bitmap_index = 22440, .adv_w = 236, .box_w = 13, .box_h = 14, .ofs_x = 1, .ofs_y = -1},
    {.bitmap_index = 22463, .adv_w = 236, .box_w = 11, .box_h = 14, .ofs_x = 1, .ofs_y = -1},
    {.bitmap_index = 22483, .adv_w = 236, .box_w = 11, .box_h = 14, .ofs_x = 1, .ofs_y = -1},
    {.bitmap_index = 22503, .adv_w = 236, .box_w = 12, .box_h = 14, .ofs_x = 1, .ofs_y = -1},
    {.bitmap_index = 22524, .adv_w = 236, .box_w = 12, .box_h = 14, .ofs_x = 1, .ofs_y = -1},
    {.bitmap_index = 22545, .adv_w = 236, .box_w = 11, .box_h = 14, .ofs_x = 1, .ofs_y = -1},
    {.bitmap_index = 22565, .adv_w = 236, .box_w = 11, .box_h = 14, .ofs_x = 1, .ofs_y = -1},
    {.bitmap_index = 22585, .adv_w = 236, .box_w = 13, .box_h = 12, .ofs_x = 1, .ofs_y = 1},
    {.bitmap_index = 22605, .adv_w = 236, .box_w = 13, .box_h = 14, .ofs_x = 1, .ofs_y = -1},
    {.bitmap_index = 22628, .adv_w = 236, .box_w = 13, .box_h = 14, .ofs_x = 1, .ofs_y = -1},
    {.bitmap_index = 22651, .adv_w = 236, .box_w = 13, .box_h = 14, .ofs_x = 1, .ofs_y = -1},
    {.bitmap_index = 22674, .adv_w = 236, .box_w = 13, .box_h = 14, .ofs_x = 1, .ofs_y = -1},
    {.bitmap_index = 22697, .adv_w = 236, .box_w = 13, .box_h = 14, .ofs_x = 1, .ofs_y = -1},
    {.bitmap_index = 22720, .adv_w = 236, .box_w = 13, .box_h = 14, .ofs_x = 1, .ofs_y = -1},
    {.bitmap_index = 22743, .adv_w = 236, .box_w = 13, .box_h = 14, .ofs_x = 1, .ofs_y = -1},
    {.bitmap_index = 22766, .adv_w = 236, .box_w = 13, .box_h = 14, .ofs_x = 1, .ofs_y = -1},
    {.bitmap_index = 22789, .adv_w = 236, .box_w = 13, .box_h = 14, .ofs_x = 1, .ofs_y = -1},
    {.bitmap_index = 22812, .adv_w = 236, .box_w = 13, .box_h = 14, .ofs_x = 1, .ofs_y = -1},
    {.bitmap_index = 22835, .adv_w = 236, .box_w = 13, .box_h = 15, .ofs_x = 1, .ofs_y = -2},
    {.bitmap_index = 22860, .adv_w = 236, .box_w = 13, .box_h = 14, .ofs_x = 1, .ofs_y = -1},
    {.bitmap_index = 22883, .adv_w = 236, .box_w = 13, .box_h = 14, .ofs_x = 1, .ofs_y = -1},
    {.bitmap_index = 22906, .adv_w = 236, .box_w = 13, .box_h = 14, .ofs_x = 1, .ofs_y = -1},
    {.bitmap_index = 22929, .adv_w = 236, .box_w = 11, .box_h = 14, .ofs_x = 1, .ofs_y = -1},
    {.bitmap_index = 22949, .adv_w = 236, .box_w = 12, .box_h = 14, .ofs_x = 1, .ofs_y = -1},
    {.bitmap_index = 22970, .adv_w = 236, .box_w = 13, .box_h = 14, .ofs_x = 1, .ofs_y = -1},
    {.bitmap_index = 22993, .adv_w = 236, .box_w = 13, .box_h = 14, .ofs_x = 1, .ofs_y = -1},
    {.bitmap_index = 23016, .adv_w = 236, .box_w = 11, .box_h = 14, .ofs_x = 1, .ofs_y = -1},
    {.bitmap_index = 23036, .adv_w = 236, .box_w = 11, .box_h = 14, .ofs_x = 1, .ofs_y = -1},
    {.bitmap_index = 23056, .adv_w = 236, .box_w = 12, .box_h = 14, .ofs_x = 1, .ofs_y = -1},
    {.bitmap_index = 23077, .adv_w = 236, .box_w = 12, .box_h = 14, .ofs_x = 1, .ofs_y = -1},
    {.bitmap_index = 23098, .adv_w = 236, .box_w = 11, .box_h = 14, .ofs_x = 1, .ofs_y = -1},
    {.bitmap_index = 23118, .adv_w = 236, .box_w = 13, .box_h = 14, .ofs_x = 1, .ofs_y = -1},
    {.bitmap_index = 23141, .adv_w = 236, .box_w = 13, .box_h = 14, .ofs_x = 1, .ofs_y = -1},
    {.bitmap_index = 23164, .adv_w = 236, .box_w = 13, .box_h = 14, .ofs_x = 1, .ofs_y = -1},
    {.bitmap_index = 23187, .adv_w = 236, .box_w = 13, .box_h = 14, .ofs_x = 1, .ofs_y = -1},
    {.bitmap_index = 23210, .adv_w = 236, .box_w = 13, .box_h = 14, .ofs_x = 1, .ofs_y = -1},
    {.bitmap_index = 23233, .adv_w = 236, .box_w = 13, .box_h = 14, .ofs_x = 1, .ofs_y = -1},
    {.bitmap_index = 23256, .adv_w = 236, .box_w = 13, .box_h = 11, .ofs_x = 1, .ofs_y = 1},
    {.bitmap_index = 23274, .adv_w = 236, .box_w = 13, .box_h = 14, .ofs_x = 1, .ofs_y = -1},
    {.bitmap_index = 23297, .adv_w = 236, .box_w = 13, .box_h = 14, .ofs_x = 1, .ofs_y = -1},
    {.bitmap_index = 23320, .adv_w = 236, .box_w = 13, .box_h = 14, .ofs_x = 1, .ofs_y = -1},
    {.bitmap_index = 23343, .adv_w = 236, .box_w = 13, .box_h = 14, .ofs_x = 1, .ofs_y = -1},
    {.bitmap_index = 23366, .adv_w = 236, .box_w = 13, .box_h = 14, .ofs_x = 1, .ofs_y = -1},
    {.bitmap_index = 23389, .adv_w = 236, .box_w = 13, .box_h = 14, .ofs_x = 1, .ofs_y = -1},
    {.bitmap_index = 23412, .adv_w = 236, .box_w = 11, .box_h = 14, .ofs_x = 2, .ofs_y = -1},
    {.bitmap_index = 23432, .adv_w = 236, .box_w = 11, .box_h = 14, .ofs_x = 2, .ofs_y = -1},
    {.bitmap_index = 23452, .adv_w = 236, .box_w = 11, .box_h = 14, .ofs_x = 2, .ofs_y = -1},
    {.bitmap_index = 23472, .adv_w = 236, .box_w = 11, .box_h = 14, .ofs_x = 2, .ofs_y = -1},
    {.bitmap_index = 23492, .adv_w = 236, .box_w = 11, .box_h = 14, .ofs_x = 2, .ofs_y = -1},
    {.bitmap_index = 23512, .adv_w = 236, .box_w = 11, .box_h = 14, .ofs_x = 2, .ofs_y = -1},
    {.bitmap_index = 23532, .adv_w = 236, .box_w = 11, .box_h = 14, .ofs_x = 2, .ofs_y = -1},
    {.bitmap_index = 23552, .adv_w = 236, .box_w = 12, .box_h = 15, .ofs_x = 2, .ofs_y = -2},
    {.bitmap_index = 23575, .adv_w = 236, .box_w = 11, .box_h = 14, .ofs_x = 2, .ofs_y = -1},
    {.bitmap_index = 23595, .adv_w = 236, .box_w = 12, .box_h = 14, .ofs_x = 2, .ofs_y = -1},
    {.bitmap_index = 23616, .adv_w = 236, .box_w = 12, .box_h = 14, .ofs_x = 2, .ofs_y = -1},
    {.bitmap_index = 23637, .adv_w = 236, .box_w = 13, .box_h = 14, .ofs_x = 1, .ofs_y = -1},
    {.bitmap_index = 23660, .adv_w = 236, .box_w = 13, .box_h = 14, .ofs_x = 1, .ofs_y = -1},
    {.bitmap_index = 23683, .adv_w = 236, .box_w = 13, .box_h = 14, .ofs_x = 1, .ofs_y = -1},
    {.bitmap_index = 23706, .adv_w = 236, .box_w = 13, .box_h = 14, .ofs_x = 1, .ofs_y = -1},
    {.bitmap_index = 23729, .adv_w = 236, .box_w = 13, .box_h = 14, .ofs_x = 1, .ofs_y = -1},
    {.bitmap_index = 23752, .adv_w = 236, .box_w = 13, .box_h = 14, .ofs_x = 1, .ofs_y = -1},
    {.bitmap_index = 23775, .adv_w = 236, .box_w = 13, .box_h = 14, .ofs_x = 1, .ofs_y = -1},
    {.bitmap_index = 23798, .adv_w = 236, .box_w = 13, .box_h = 14, .ofs_x = 1, .ofs_y = -1},
    {.bitmap_index = 23821, .adv_w = 236, .box_w = 13, .box_h = 14, .ofs_x = 1, .ofs_y = -1},
    {.bitmap_index = 23844, .adv_w = 236, .box_w = 13, .box_h = 14, .ofs_x = 1, .ofs_y = -1},
    {.bitmap_index = 23867, .adv_w = 236, .box_w = 13, .box_h = 14, .ofs_x = 1, .ofs_y = -1},
    {.bitmap_index = 23890, .adv_w = 236, .box_w = 12, .box_h = 14, .ofs_x = 1, .ofs_y = -1},
    {.bitmap_index = 23911, .adv_w = 236, .box_w = 12, .box_h = 14, .ofs_x = 1, .ofs_y = -1},
    {.bitmap_index = 23932, .adv_w = 236, .box_w = 12, .box_h = 14, .ofs_x = 1, .ofs_y = -1},
    {.bitmap_index = 23953, .adv_w = 236, .box_w = 12, .box_h = 14, .ofs_x = 1, .ofs_y = -1},
    {.bitmap_index = 23974, .adv_w = 236, .box_w = 12, .box_h = 14, .ofs_x = 1, .ofs_y = -1},
    {.bitmap_index = 23995, .adv_w = 236, .box_w = 12, .box_h = 14, .ofs_x = 1, .ofs_y = -1},
    {.bitmap_index = 24016, .adv_w = 236, .box_w = 13, .box_h = 15, .ofs_x = 1, .ofs_y = -2},
    {.bitmap_index = 24041, .adv_w = 236, .box_w = 13, .box_h = 14, .ofs_x = 1, .ofs_y = -1},
    {.bitmap_index = 24064, .adv_w = 236, .box_w = 12, .box_h = 14, .ofs_x = 1, .ofs_y = -1},
    {.bitmap_index = 24085, .adv_w = 236, .box_w = 13, .box_h = 14, .ofs_x = 1, .ofs_y = -1},
    {.bitmap_index = 24108, .adv_w = 236, .box_w = 13, .box_h = 14, .ofs_x = 1, .ofs_y = -1},
    {.bitmap_index = 24131, .adv_w = 236, .box_w = 13, .box_h = 14, .ofs_x = 1, .ofs_y = -1},
    {.bitmap_index = 24154, .adv_w = 236, .box_w = 12, .box_h = 14, .ofs_x = 1, .ofs_y = -1},
    {.bitmap_index = 24175, .adv_w = 236, .box_w = 12, .box_h = 14, .ofs_x = 1, .ofs_y = -1},
    {.bitmap_index = 24196, .adv_w = 236, .box_w = 12, .box_h = 14, .ofs_x = 1, .ofs_y = -1},
    {.bitmap_index = 24217, .adv_w = 236, .box_w = 12, .box_h = 14, .ofs_x = 1, .ofs_y = -1},
    {.bitmap_index = 24238, .adv_w = 236, .box_w = 12, .box_h = 14, .ofs_x = 1, .ofs_y = -1},
    {.bitmap_index = 24259, .adv_w = 236, .box_w = 12, .box_h = 14, .ofs_x = 1, .ofs_y = -1},
    {.bitmap_index = 24280, .adv_w = 236, .box_w = 13, .box_h = 14, .ofs_x = 1, .ofs_y = -1},
    {.bitmap_index = 24303, .adv_w = 236, .box_w = 13, .box_h = 14, .ofs_x = 1, .ofs_y = -1},
    {.bitmap_index = 24326, .adv_w = 236, .box_w = 12, .box_h = 14, .ofs_x = 1, .ofs_y = -1},
    {.bitmap_index = 24347, .adv_w = 236, .box_w = 12, .box_h = 14, .ofs_x = 1, .ofs_y = -1},
    {.bitmap_index = 24368, .adv_w = 236, .box_w = 12, .box_h = 14, .ofs_x = 1, .ofs_y = -1},
    {.bitmap_index = 24389, .adv_w = 236, .box_w = 12, .box_h = 14, .ofs_x = 1, .ofs_y = -1},
    {.bitmap_index = 24410, .adv_w = 236, .box_w = 12, .box_h = 14, .ofs_x = 1, .ofs_y = -1},
    {.bitmap_index = 24431, .adv_w = 236, .box_w = 12, .box_h = 14, .ofs_x = 1, .ofs_y = -1},
    {.bitmap_index = 24452, .adv_w = 236, .box_w = 12, .box_h = 14, .ofs_x = 1, .ofs_y = -1},
    {.bitmap_index = 24473, .adv_w = 236, .box_w = 13, .box_h = 14, .ofs_x = 1, .ofs_y = -1},
    {.bitmap_index = 24496, .adv_w = 236, .box_w = 13, .box_h = 14, .ofs_x = 1, .ofs_y = -1},
    {.bitmap_index = 24519, .adv_w = 236, .box_w = 12, .box_h = 14, .ofs_x = 1, .ofs_y = -1},
    {.bitmap_index = 24540, .adv_w = 236, .box_w = 13, .box_h = 11, .ofs_x = 1, .ofs_y = 1},
    {.bitmap_index = 24558, .adv_w = 236, .box_w = 13, .box_h = 14, .ofs_x = 1, .ofs_y = -1},
    {.bitmap_index = 24581, .adv_w = 236, .box_w = 13, .box_h = 14, .ofs_x = 1, .ofs_y = -1},
    {.bitmap_index = 24604, .adv_w = 236, .box_w = 13, .box_h = 14, .ofs_x = 1, .ofs_y = -1},
    {.bitmap_index = 24627, .adv_w = 236, .box_w = 13, .box_h = 14, .ofs_x = 1, .ofs_y = -1},
    {.bitmap_index = 24650, .adv_w = 236, .box_w = 13, .box_h = 14, .ofs_x = 1, .ofs_y = -1},
    {.bitmap_index = 24673, .adv_w = 236, .box_w = 13, .box_h = 14, .ofs_x = 1, .ofs_y = -1},
    {.bitmap_index = 24696, .adv_w = 236, .box_w = 12, .box_h = 14, .ofs_x = 0, .ofs_y = -1},
    {.bitmap_index = 24717, .adv_w = 236, .box_w = 13, .box_h = 11, .ofs_x = 1, .ofs_y = 1},
    {.bitmap_index = 24735, .adv_w = 236, .box_w = 13, .box_h = 14, .ofs_x = 1, .ofs_y = -1},
    {.bitmap_index = 24758, .adv_w = 236, .box_w = 13, .box_h = 14, .ofs_x = 1, .ofs_y = -1},
    {.bitmap_index = 24781, .adv_w = 236, .box_w = 13, .box_h = 14, .ofs_x = 1, .ofs_y = -1},
    {.bitmap_index = 24804, .adv_w = 236, .box_w = 13, .box_h = 14, .ofs_x = 1, .ofs_y = -1},
    {.bitmap_index = 24827, .adv_w = 236, .box_w = 13, .box_h = 14, .ofs_x = 1, .ofs_y = -1},
    {.bitmap_index = 24850, .adv_w = 236, .box_w = 13, .box_h = 14, .ofs_x = 1, .ofs_y = -1},
    {.bitmap_index = 24873, .adv_w = 236, .box_w = 13, .box_h = 14, .ofs_x = 1, .ofs_y = -1},
    {.bitmap_index = 24896, .adv_w = 236, .box_w = 13, .box_h = 14, .ofs_x = 1, .ofs_y = -1},
    {.bitmap_index = 24919, .adv_w = 236, .box_w = 13, .box_h = 14, .ofs_x = 1, .ofs_y = -1},
    {.bitmap_index = 24942, .adv_w = 236, .box_w = 13, .box_h = 14, .ofs_x = 1, .ofs_y = -1},
    {.bitmap_index = 24965, .adv_w = 236, .box_w = 13, .box_h = 11, .ofs_x = 1, .ofs_y = 1},
    {.bitmap_index = 24983, .adv_w = 236, .box_w = 13, .box_h = 14, .ofs_x = 1, .ofs_y = -1},
    {.bitmap_index = 25006, .adv_w = 236, .box_w = 13, .box_h = 14, .ofs_x = 1, .ofs_y = -1},
    {.bitmap_index = 25029, .adv_w = 236, .box_w = 13, .box_h = 14, .ofs_x = 1, .ofs_y = -1},
    {.bitmap_index = 25052, .adv_w = 236, .box_w = 13, .box_h = 14, .ofs_x = 1, .ofs_y = -1},
    {.bitmap_index = 25075, .adv_w = 236, .box_w = 12, .box_h = 14, .ofs_x = 1, .ofs_y = -1},
    {.bitmap_index = 25096, .adv_w = 236, .box_w = 11, .box_h = 14, .ofs_x = 1, .ofs_y = -1},
    {.bitmap_index = 25116, .adv_w = 236, .box_w = 12, .box_h = 14, .ofs_x = 1, .ofs_y = -1},
    {.bitmap_index = 25137, .adv_w = 236, .box_w = 12, .box_h = 14, .ofs_x = 1, .ofs_y = -1},
    {.bitmap_index = 25158, .adv_w = 236, .box_w = 11, .box_h = 14, .ofs_x = 1, .ofs_y = -1},
    {.bitmap_index = 25178, .adv_w = 236, .box_w = 11, .box_h = 14, .ofs_x = 1, .ofs_y = -1},
    {.bitmap_index = 25198, .adv_w = 236, .box_w = 12, .box_h = 14, .ofs_x = 1, .ofs_y = -1},
    {.bitmap_index = 25219, .adv_w = 236, .box_w = 11, .box_h = 14, .ofs_x = 1, .ofs_y = -1},
    {.bitmap_index = 25239, .adv_w = 236, .box_w = 13, .box_h = 14, .ofs_x = 0, .ofs_y = -1},
    {.bitmap_index = 25262, .adv_w = 236, .box_w = 13, .box_h = 14, .ofs_x = 1, .ofs_y = -1},
    {.bitmap_index = 25285, .adv_w = 236, .box_w = 13, .box_h = 14, .ofs_x = 1, .ofs_y = -1},
    {.bitmap_index = 25308, .adv_w = 236, .box_w = 13, .box_h = 14, .ofs_x = 1, .ofs_y = -1},
    {.bitmap_index = 25331, .adv_w = 236, .box_w = 13, .box_h = 14, .ofs_x = 1, .ofs_y = -1},
    {.bitmap_index = 25354, .adv_w = 236, .box_w = 13, .box_h = 14, .ofs_x = 1, .ofs_y = -1},
    {.bitmap_index = 25377, .adv_w = 236, .box_w = 13, .box_h = 14, .ofs_x = 0, .ofs_y = -1},
    {.bitmap_index = 25400, .adv_w = 236, .box_w = 13, .box_h = 14, .ofs_x = 1, .ofs_y = -1},
    {.bitmap_index = 25423, .adv_w = 236, .box_w = 13, .box_h = 14, .ofs_x = 1, .ofs_y = -1},
    {.bitmap_index = 25446, .adv_w = 236, .box_w = 13, .box_h = 14, .ofs_x = 1, .ofs_y = -1},
    {.bitmap_index = 25469, .adv_w = 236, .box_w = 13, .box_h = 14, .ofs_x = 1, .ofs_y = -1},
    {.bitmap_index = 25492, .adv_w = 236, .box_w = 14, .box_h = 14, .ofs_x = 0, .ofs_y = -1},
    {.bitmap_index = 25517, .adv_w = 236, .box_w = 13, .box_h = 14, .ofs_x = 1, .ofs_y = -1},
    {.bitmap_index = 25540, .adv_w = 236, .box_w = 13, .box_h = 14, .ofs_x = 1, .ofs_y = -1},
    {.bitmap_index = 25563, .adv_w = 236, .box_w = 12, .box_h = 14, .ofs_x = 1, .ofs_y = -1},
    {.bitmap_index = 25584, .adv_w = 236, .box_w = 12, .box_h = 14, .ofs_x = 1, .ofs_y = -1},
    {.bitmap_index = 25605, .adv_w = 236, .box_w = 13, .box_h = 14, .ofs_x = 1, .ofs_y = -1},
    {.bitmap_index = 25628, .adv_w = 236, .box_w = 13, .box_h = 14, .ofs_x = 1, .ofs_y = -1},
    {.bitmap_index = 25651, .adv_w = 236, .box_w = 12, .box_h = 14, .ofs_x = 1, .ofs_y = -1},
    {.bitmap_index = 25672, .adv_w = 236, .box_w = 12, .box_h = 14, .ofs_x = 1, .ofs_y = -1},
    {.bitmap_index = 25693, .adv_w = 236, .box_w = 13, .box_h = 15, .ofs_x = 1, .ofs_y = -2},
    {.bitmap_index = 25718, .adv_w = 236, .box_w = 13, .box_h = 14, .ofs_x = 1, .ofs_y = -1},
    {.bitmap_index = 25741, .adv_w = 236, .box_w = 12, .box_h = 14, .ofs_x = 1, .ofs_y = -1},
    {.bitmap_index = 25762, .adv_w = 236, .box_w = 13, .box_h = 14, .ofs_x = 0, .ofs_y = -1},
    {.bitmap_index = 25785, .adv_w = 236, .box_w = 13, .box_h = 14, .ofs_x = 1, .ofs_y = -1},
    {.bitmap_index = 25808, .adv_w = 236, .box_w = 13, .box_h = 14, .ofs_x = 1, .ofs_y = -1},
    {.bitmap_index = 25831, .adv_w = 236, .box_w = 13, .box_h = 14, .ofs_x = 1, .ofs_y = -1},
    {.bitmap_index = 25854, .adv_w = 236, .box_w = 13, .box_h = 14, .ofs_x = 1, .ofs_y = -1},
    {.bitmap_index = 25877, .adv_w = 236, .box_w = 13, .box_h = 14, .ofs_x = 1, .ofs_y = -1},
    {.bitmap_index = 25900, .adv_w = 236, .box_w = 13, .box_h = 14, .ofs_x = 1, .ofs_y = -1},
    {.bitmap_index = 25923, .adv_w = 236, .box_w = 13, .box_h = 14, .ofs_x = 1, .ofs_y = -1},
    {.bitmap_index = 25946, .adv_w = 236, .box_w = 12, .box_h = 14, .ofs_x = 1, .ofs_y = -1},
    {.bitmap_index = 25967, .adv_w = 236, .box_w = 13, .box_h = 14, .ofs_x = 1, .ofs_y = -1},
    {.bitmap_index = 25990, .adv_w = 236, .box_w = 13, .box_h = 14, .ofs_x = 1, .ofs_y = -1},
    {.bitmap_index = 26013, .adv_w = 236, .box_w = 12, .box_h = 14, .ofs_x = 1, .ofs_y = -1},
    {.bitmap_index = 26034, .adv_w = 236, .box_w = 12, .box_h = 14, .ofs_x = 1, .ofs_y = -1},
    {.bitmap_index = 26055, .adv_w = 236, .box_w = 12, .box_h = 14, .ofs_x = 1, .ofs_y = -1},
    {.bitmap_index = 26076, .adv_w = 236, .box_w = 12, .box_h = 14, .ofs_x = 1, .ofs_y = -1},
    {.bitmap_index = 26097, .adv_w = 236, .box_w = 12, .box_h = 14, .ofs_x = 1, .ofs_y = -1},
    {.bitmap_index = 26118, .adv_w = 236, .box_w = 14, .box_h = 14, .ofs_x = 1, .ofs_y = -1},
    {.bitmap_index = 26143, .adv_w = 236, .box_w = 12, .box_h = 14, .ofs_x = 1, .ofs_y = -1},
    {.bitmap_index = 26164, .adv_w = 236, .box_w = 12, .box_h = 14, .ofs_x = 1, .ofs_y = -1},
    {.bitmap_index = 26185, .adv_w = 236, .box_w = 13, .box_h = 14, .ofs_x = 1, .ofs_y = -1},
    {.bitmap_index = 26208, .adv_w = 236, .box_w = 12, .box_h = 14, .ofs_x = 1, .ofs_y = -1},
    {.bitmap_index = 26229, .adv_w = 236, .box_w = 12, .box_h = 14, .ofs_x = 1, .ofs_y = -1},
    {.bitmap_index = 26250, .adv_w = 236, .box_w = 12, .box_h = 14, .ofs_x = 0, .ofs_y = -1},
    {.bitmap_index = 26271, .adv_w = 236, .box_w = 12, .box_h = 14, .ofs_x = 1, .ofs_y = -1},
    {.bitmap_index = 26292, .adv_w = 236, .box_w = 13, .box_h = 14, .ofs_x = 1, .ofs_y = -1},
    {.bitmap_index = 26315, .adv_w = 236, .box_w = 13, .box_h = 14, .ofs_x = 1, .ofs_y = -1},
    {.bitmap_index = 26338, .adv_w = 236, .box_w = 11, .box_h = 14, .ofs_x = 1, .ofs_y = -1},
    {.bitmap_index = 26358, .adv_w = 236, .box_w = 12, .box_h = 14, .ofs_x = 1, .ofs_y = -1},
    {.bitmap_index = 26379, .adv_w = 236, .box_w = 12, .box_h = 14, .ofs_x = 1, .ofs_y = -1},
    {.bitmap_index = 26400, .adv_w = 236, .box_w = 12, .box_h = 14, .ofs_x = 1, .ofs_y = -1},
    {.bitmap_index = 26421, .adv_w = 236, .box_w = 13, .box_h = 14, .ofs_x = 1, .ofs_y = -1},
    {.bitmap_index = 26444, .adv_w = 236, .box_w = 13, .box_h = 14, .ofs_x = 1, .ofs_y = -1},
    {.bitmap_index = 26467, .adv_w = 236, .box_w = 12, .box_h = 14, .ofs_x = 1, .ofs_y = -1},
    {.bitmap_index = 26488, .adv_w = 236, .box_w = 12, .box_h = 14, .ofs_x = 1, .ofs_y = -1},
    {.bitmap_index = 26509, .adv_w = 236, .box_w = 13, .box_h = 15, .ofs_x = 1, .ofs_y = -2},
    {.bitmap_index = 26534, .adv_w = 236, .box_w = 13, .box_h = 14, .ofs_x = 1, .ofs_y = -1},
    {.bitmap_index = 26557, .adv_w = 236, .box_w = 12, .box_h = 14, .ofs_x = 1, .ofs_y = -1},
    {.bitmap_index = 26578, .adv_w = 236, .box_w = 12, .box_h = 14, .ofs_x = 1, .ofs_y = -1},
    {.bitmap_index = 26599, .adv_w = 236, .box_w = 12, .box_h = 14, .ofs_x = 1, .ofs_y = -1},
    {.bitmap_index = 26620, .adv_w = 236, .box_w = 12, .box_h = 14, .ofs_x = 1, .ofs_y = -1},
    {.bitmap_index = 26641, .adv_w = 236, .box_w = 13, .box_h = 14, .ofs_x = 1, .ofs_y = -1},
    {.bitmap_index = 26664, .adv_w = 236, .box_w = 12, .box_h = 14, .ofs_x = 0, .ofs_y = -1},
    {.bitmap_index = 26685, .adv_w = 236, .box_w = 12, .box_h = 14, .ofs_x = 1, .ofs_y = -1},
    {.bitmap_index = 26706, .adv_w = 236, .box_w = 13, .box_h = 14, .ofs_x = 1, .ofs_y = -1},
    {.bitmap_index = 26729, .adv_w = 236, .box_w = 13, .box_h = 14, .ofs_x = 1, .ofs_y = -1},
    {.bitmap_index = 26752, .adv_w = 236, .box_w = 11, .box_h = 14, .ofs_x = 1, .ofs_y = -1},
    {.bitmap_index = 26772, .adv_w = 236, .box_w = 12, .box_h = 14, .ofs_x = 1, .ofs_y = -1},
    {.bitmap_index = 26793, .adv_w = 236, .box_w = 13, .box_h = 14, .ofs_x = 1, .ofs_y = -1},
    {.bitmap_index = 26816, .adv_w = 236, .box_w = 13, .box_h = 14, .ofs_x = 1, .ofs_y = -1},
    {.bitmap_index = 26839, .adv_w = 236, .box_w = 12, .box_h = 14, .ofs_x = 1, .ofs_y = -1},
    {.bitmap_index = 26860, .adv_w = 236, .box_w = 13, .box_h = 12, .ofs_x = 1, .ofs_y = 1},
    {.bitmap_index = 26880, .adv_w = 236, .box_w = 13, .box_h = 14, .ofs_x = 1, .ofs_y = -1},
    {.bitmap_index = 26903, .adv_w = 236, .box_w = 13, .box_h = 14, .ofs_x = 1, .ofs_y = -1},
    {.bitmap_index = 26926, .adv_w = 236, .box_w = 13, .box_h = 14, .ofs_x = 1, .ofs_y = -1},
    {.bitmap_index = 26949, .adv_w = 236, .box_w = 13, .box_h = 14, .ofs_x = 1, .ofs_y = -1},
    {.bitmap_index = 26972, .adv_w = 236, .box_w = 13, .box_h = 14, .ofs_x = 1, .ofs_y = -1},
    {.bitmap_index = 26995, .adv_w = 236, .box_w = 13, .box_h = 14, .ofs_x = 1, .ofs_y = -1},
    {.bitmap_index = 27018, .adv_w = 236, .box_w = 13, .box_h = 14, .ofs_x = 1, .ofs_y = -1},
    {.bitmap_index = 27041, .adv_w = 236, .box_w = 13, .box_h = 14, .ofs_x = 1, .ofs_y = -1},
    {.bitmap_index = 27064, .adv_w = 236, .box_w = 13, .box_h = 14, .ofs_x = 1, .ofs_y = -1},
    {.bitmap_index = 27087, .adv_w = 236, .box_w = 13, .box_h = 14, .ofs_x = 1, .ofs_y = -1},
    {.bitmap_index = 27110, .adv_w = 236, .box_w = 13, .box_h = 14, .ofs_x = 1, .ofs_y = -1},
    {.bitmap_index = 27133, .adv_w = 236, .box_w = 13, .box_h = 14, .ofs_x = 1, .ofs_y = -1},
    {.bitmap_index = 27156, .adv_w = 236, .box_w = 13, .box_h = 14, .ofs_x = 1, .ofs_y = -1},
    {.bitmap_index = 27179, .adv_w = 236, .box_w = 13, .box_h = 14, .ofs_x = 1, .ofs_y = -1},
    {.bitmap_index = 27202, .adv_w = 236, .box_w = 13, .box_h = 14, .ofs_x = 1, .ofs_y = -1},
    {.bitmap_index = 27225, .adv_w = 236, .box_w = 12, .box_h = 14, .ofs_x = 1, .ofs_y = -1},
    {.bitmap_index = 27246, .adv_w = 236, .box_w = 13, .box_h = 14, .ofs_x = 0, .ofs_y = -1},
    {.bitmap_index = 27269, .adv_w = 236, .box_w = 13, .box_h = 14, .ofs_x = 0, .ofs_y = -1},
    {.bitmap_index = 27292, .adv_w = 236, .box_w = 12, .box_h = 14, .ofs_x = 0, .ofs_y = -1},
    {.bitmap_index = 27313, .adv_w = 236, .box_w = 13, .box_h = 14, .ofs_x = 1, .ofs_y = -1},
    {.bitmap_index = 27336, .adv_w = 236, .box_w = 13, .box_h = 15, .ofs_x = 1, .ofs_y = -2},
    {.bitmap_index = 27361, .adv_w = 236, .box_w = 11, .box_h = 14, .ofs_x = 1, .ofs_y = -1},
    {.bitmap_index = 27381, .adv_w = 236, .box_w = 12, .box_h = 14, .ofs_x = 1, .ofs_y = -1},
    {.bitmap_index = 27402, .adv_w = 236, .box_w = 12, .box_h = 14, .ofs_x = 1, .ofs_y = -1},
    {.bitmap_index = 27423, .adv_w = 236, .box_w = 11, .box_h = 14, .ofs_x = 1, .ofs_y = -1},
    {.bitmap_index = 27443, .adv_w = 236, .box_w = 11, .box_h = 14, .ofs_x = 1, .ofs_y = -1},
    {.bitmap_index = 27463, .adv_w = 236, .box_w = 12, .box_h = 14, .ofs_x = 1, .ofs_y = -1},
    {.bitmap_index = 27484, .adv_w = 236, .box_w = 13, .box_h = 12, .ofs_x = 1, .ofs_y = 1},
    {.bitmap_index = 27504, .adv_w = 236, .box_w = 13, .box_h = 14, .ofs_x = 1, .ofs_y = -1},
    {.bitmap_index = 27527, .adv_w = 236, .box_w = 13, .box_h = 14, .ofs_x = 1, .ofs_y = -1},
    {.bitmap_index = 27550, .adv_w = 236, .box_w = 13, .box_h = 14, .ofs_x = 1, .ofs_y = -1},
    {.bitmap_index = 27573, .adv_w = 236, .box_w = 13, .box_h = 14, .ofs_x = 1, .ofs_y = -1},
    {.bitmap_index = 27596, .adv_w = 236, .box_w = 13, .box_h = 14, .ofs_x = 1, .ofs_y = -1},
    {.bitmap_index = 27619, .adv_w = 236, .box_w = 13, .box_h = 14, .ofs_x = 1, .ofs_y = -1},
    {.bitmap_index = 27642, .adv_w = 236, .box_w = 13, .box_h = 14, .ofs_x = 1, .ofs_y = -1},
    {.bitmap_index = 27665, .adv_w = 236, .box_w = 13, .box_h = 14, .ofs_x = 1, .ofs_y = -1},
    {.bitmap_index = 27688, .adv_w = 236, .box_w = 13, .box_h = 14, .ofs_x = 1, .ofs_y = -1},
    {.bitmap_index = 27711, .adv_w = 236, .box_w = 13, .box_h = 14, .ofs_x = 1, .ofs_y = -1},
    {.bitmap_index = 27734, .adv_w = 236, .box_w = 13, .box_h = 14, .ofs_x = 1, .ofs_y = -1},
    {.bitmap_index = 27757, .adv_w = 236, .box_w = 13, .box_h = 14, .ofs_x = 1, .ofs_y = -1},
    {.bitmap_index = 27780, .adv_w = 236, .box_w = 13, .box_h = 14, .ofs_x = 1, .ofs_y = -1},
    {.bitmap_index = 27803, .adv_w = 236, .box_w = 13, .box_h = 14, .ofs_x = 1, .ofs_y = -1},
    {.bitmap_index = 27826, .adv_w = 236, .box_w = 13, .box_h = 14, .ofs_x = 1, .ofs_y = -1},
    {.bitmap_index = 27849, .adv_w = 236, .box_w = 13, .box_h = 14, .ofs_x = 1, .ofs_y = -1},
    {.bitmap_index = 27872, .adv_w = 236, .box_w = 13, .box_h = 14, .ofs_x = 1, .ofs_y = -1},
    {.bitmap_index = 27895, .adv_w = 236, .box_w = 13, .box_h = 14, .ofs_x = 1, .ofs_y = -1},
    {.bitmap_index = 27918, .adv_w = 236, .box_w = 13, .box_h = 14, .ofs_x = 1, .ofs_y = -1},
    {.bitmap_index = 27941, .adv_w = 236, .box_w = 12, .box_h = 14, .ofs_x = 1, .ofs_y = -1},
    {.bitmap_index = 27962, .adv_w = 236, .box_w = 13, .box_h = 14, .ofs_x = 1, .ofs_y = -1},
    {.bitmap_index = 27985, .adv_w = 236, .box_w = 12, .box_h = 14, .ofs_x = 1, .ofs_y = -1},
    {.bitmap_index = 28006, .adv_w = 236, .box_w = 12, .box_h = 14, .ofs_x = 1, .ofs_y = -1},
    {.bitmap_index = 28027, .adv_w = 236, .box_w = 13, .box_h = 14, .ofs_x = 0, .ofs_y = -1},
    {.bitmap_index = 28050, .adv_w = 236, .box_w = 13, .box_h = 14, .ofs_x = 0, .ofs_y = -1},
    {.bitmap_index = 28073, .adv_w = 236, .box_w = 12, .box_h = 14, .ofs_x = 0, .ofs_y = -1},
    {.bitmap_index = 28094, .adv_w = 236, .box_w = 12, .box_h = 14, .ofs_x = 1, .ofs_y = -1},
    {.bitmap_index = 28115, .adv_w = 236, .box_w = 12, .box_h = 14, .ofs_x = 1, .ofs_y = -1},
    {.bitmap_index = 28136, .adv_w = 236, .box_w = 11, .box_h = 14, .ofs_x = 1, .ofs_y = -1},
    {.bitmap_index = 28156, .adv_w = 236, .box_w = 12, .box_h = 14, .ofs_x = 1, .ofs_y = -1},
    {.bitmap_index = 28177, .adv_w = 236, .box_w = 12, .box_h = 14, .ofs_x = 1, .ofs_y = -1},
    {.bitmap_index = 28198, .adv_w = 236, .box_w = 11, .box_h = 14, .ofs_x = 1, .ofs_y = -1},
    {.bitmap_index = 28218, .adv_w = 236, .box_w = 11, .box_h = 14, .ofs_x = 1, .ofs_y = -1},
    {.bitmap_index = 28238, .adv_w = 236, .box_w = 13, .box_h = 14, .ofs_x = 1, .ofs_y = -1},
    {.bitmap_index = 28261, .adv_w = 236, .box_w = 11, .box_h = 14, .ofs_x = 1, .ofs_y = -1},
    {.bitmap_index = 28281, .adv_w = 236, .box_w = 13, .box_h = 14, .ofs_x = 1, .ofs_y = -1},
    {.bitmap_index = 28304, .adv_w = 236, .box_w = 13, .box_h = 14, .ofs_x = 1, .ofs_y = -1},
    {.bitmap_index = 28327, .adv_w = 236, .box_w = 13, .box_h = 14, .ofs_x = 1, .ofs_y = -1},
    {.bitmap_index = 28350, .adv_w = 236, .box_w = 13, .box_h = 14, .ofs_x = 1, .ofs_y = -1},
    {.bitmap_index = 28373, .adv_w = 236, .box_w = 13, .box_h = 15, .ofs_x = 1, .ofs_y = -2},
    {.bitmap_index = 28398, .adv_w = 236, .box_w = 13, .box_h = 14, .ofs_x = 1, .ofs_y = -1},
    {.bitmap_index = 28421, .adv_w = 236, .box_w = 13, .box_h = 11, .ofs_x = 1, .ofs_y = 1},
    {.bitmap_index = 28439, .adv_w = 236, .box_w = 13, .box_h = 14, .ofs_x = 1, .ofs_y = -1},
    {.bitmap_index = 28462, .adv_w = 236, .box_w = 13, .box_h = 14, .ofs_x = 1, .ofs_y = -1},
    {.bitmap_index = 28485, .adv_w = 236, .box_w = 13, .box_h = 14, .ofs_x = 1, .ofs_y = -1},
    {.bitmap_index = 28508, .adv_w = 236, .box_w = 13, .box_h = 14, .ofs_x = 1, .ofs_y = -1},
    {.bitmap_index = 28531, .adv_w = 236, .box_w = 13, .box_h = 14, .ofs_x = 1, .ofs_y = -1},
    {.bitmap_index = 28554, .adv_w = 236, .box_w = 13, .box_h = 14, .ofs_x = 1, .ofs_y = -1},
    {.bitmap_index = 28577, .adv_w = 236, .box_w = 13, .box_h = 14, .ofs_x = 1, .ofs_y = -1},
    {.bitmap_index = 28600, .adv_w = 236, .box_w = 13, .box_h = 14, .ofs_x = 1, .ofs_y = -1},
    {.bitmap_index = 28623, .adv_w = 236, .box_w = 12, .box_h = 14, .ofs_x = 1, .ofs_y = -1},
    {.bitmap_index = 28644, .adv_w = 236, .box_w = 11, .box_h = 14, .ofs_x = 2, .ofs_y = -1},
    {.bitmap_index = 28664, .adv_w = 236, .box_w = 11, .box_h = 14, .ofs_x = 2, .ofs_y = -1},
    {.bitmap_index = 28684, .adv_w = 236, .box_w = 11, .box_h = 14, .ofs_x = 1, .ofs_y = -1},
    {.bitmap_index = 28704, .adv_w = 236, .box_w = 12, .box_h = 14, .ofs_x = 1, .ofs_y = -1},
    {.bitmap_index = 28725, .adv_w = 236, .box_w = 13, .box_h = 14, .ofs_x = 1, .ofs_y = -1},
    {.bitmap_index = 28748, .adv_w = 236, .box_w = 11, .box_h = 14, .ofs_x = 1, .ofs_y = -1},
    {.bitmap_index = 28768, .adv_w = 236, .box_w = 11, .box_h = 14, .ofs_x = 1, .ofs_y = -1},
    {.bitmap_index = 28788, .adv_w = 236, .box_w = 13, .box_h = 14, .ofs_x = 1, .ofs_y = -1},
    {.bitmap_index = 28811, .adv_w = 236, .box_w = 11, .box_h = 14, .ofs_x = 1, .ofs_y = -1},
    {.bitmap_index = 28831, .adv_w = 236, .box_w = 12, .box_h = 14, .ofs_x = 1, .ofs_y = -1},
    {.bitmap_index = 28852, .adv_w = 236, .box_w = 13, .box_h = 14, .ofs_x = 1, .ofs_y = -1},
    {.bitmap_index = 28875, .adv_w = 236, .box_w = 13, .box_h = 14, .ofs_x = 1, .ofs_y = -1},
    {.bitmap_index = 28898, .adv_w = 236, .box_w = 13, .box_h = 14, .ofs_x = 1, .ofs_y = -1},
    {.bitmap_index = 28921, .adv_w = 236, .box_w = 13, .box_h = 14, .ofs_x = 1, .ofs_y = -1},
    {.bitmap_index = 28944, .adv_w = 236, .box_w = 13, .box_h = 14, .ofs_x = 1, .ofs_y = -1},
    {.bitmap_index = 28967, .adv_w = 236, .box_w = 13, .box_h = 14, .ofs_x = 1, .ofs_y = -1},
    {.bitmap_index = 28990, .adv_w = 236, .box_w = 13, .box_h = 14, .ofs_x = 1, .ofs_y = -1},
    {.bitmap_index = 29013, .adv_w = 236, .box_w = 13, .box_h = 14, .ofs_x = 1, .ofs_y = -1},
    {.bitmap_index = 29036, .adv_w = 236, .box_w = 13, .box_h = 14, .ofs_x = 1, .ofs_y = -1},
    {.bitmap_index = 29059, .adv_w = 236, .box_w = 13, .box_h = 14, .ofs_x = 1, .ofs_y = -1},
    {.bitmap_index = 29082, .adv_w = 236, .box_w = 13, .box_h = 14, .ofs_x = 1, .ofs_y = -1},
    {.bitmap_index = 29105, .adv_w = 236, .box_w = 13, .box_h = 14, .ofs_x = 1, .ofs_y = -1},
    {.bitmap_index = 29128, .adv_w = 236, .box_w = 13, .box_h = 14, .ofs_x = 1, .ofs_y = -1},
    {.bitmap_index = 29151, .adv_w = 236, .box_w = 13, .box_h = 14, .ofs_x = 1, .ofs_y = -1},
    {.bitmap_index = 29174, .adv_w = 236, .box_w = 13, .box_h = 14, .ofs_x = 1, .ofs_y = -1},
    {.bitmap_index = 29197, .adv_w = 236, .box_w = 13, .box_h = 14, .ofs_x = 1, .ofs_y = -1},
    {.bitmap_index = 29220, .adv_w = 236, .box_w = 14, .box_h = 14, .ofs_x = 1, .ofs_y = -1},
    {.bitmap_index = 29245, .adv_w = 236, .box_w = 13, .box_h = 14, .ofs_x = 1, .ofs_y = -1},
    {.bitmap_index = 29268, .adv_w = 236, .box_w = 13, .box_h = 14, .ofs_x = 1, .ofs_y = -1},
    {.bitmap_index = 29291, .adv_w = 236, .box_w = 12, .box_h = 14, .ofs_x = 1, .ofs_y = -1},
    {.bitmap_index = 29312, .adv_w = 236, .box_w = 12, .box_h = 14, .ofs_x = 1, .ofs_y = -1},
    {.bitmap_index = 29333, .adv_w = 236, .box_w = 12, .box_h = 14, .ofs_x = 1, .ofs_y = -1},
    {.bitmap_index = 29354, .adv_w = 236, .box_w = 12, .box_h = 14, .ofs_x = 1, .ofs_y = -1},
    {.bitmap_index = 29375, .adv_w = 236, .box_w = 12, .box_h = 14, .ofs_x = 1, .ofs_y = -1},
    {.bitmap_index = 29396, .adv_w = 236, .box_w = 12, .box_h = 14, .ofs_x = 1, .ofs_y = -1},
    {.bitmap_index = 29417, .adv_w = 236, .box_w = 12, .box_h = 14, .ofs_x = 1, .ofs_y = -1},
    {.bitmap_index = 29438, .adv_w = 236, .box_w = 13, .box_h = 14, .ofs_x = 1, .ofs_y = -1},
    {.bitmap_index = 29461, .adv_w = 236, .box_w = 12, .box_h = 14, .ofs_x = 1, .ofs_y = -1},
    {.bitmap_index = 29482, .adv_w = 236, .box_w = 13, .box_h = 14, .ofs_x = 1, .ofs_y = -1},
    {.bitmap_index = 29505, .adv_w = 236, .box_w = 13, .box_h = 14, .ofs_x = 1, .ofs_y = -1},
    {.bitmap_index = 29528, .adv_w = 236, .box_w = 13, .box_h = 14, .ofs_x = 1, .ofs_y = -1},
    {.bitmap_index = 29551, .adv_w = 236, .box_w = 13, .box_h = 14, .ofs_x = 1, .ofs_y = -1},
    {.bitmap_index = 29574, .adv_w = 236, .box_w = 13, .box_h = 11, .ofs_x = 1, .ofs_y = 1},
    {.bitmap_index = 29592, .adv_w = 236, .box_w = 13, .box_h = 14, .ofs_x = 1, .ofs_y = -1},
    {.bitmap_index = 29615, .adv_w = 236, .box_w = 13, .box_h = 14, .ofs_x = 1, .ofs_y = -1},
    {.bitmap_index = 29638, .adv_w = 236, .box_w = 13, .box_h = 14, .ofs_x = 1, .ofs_y = -1},
    {.bitmap_index = 29661, .adv_w = 236, .box_w = 13, .box_h = 14, .ofs_x = 1, .ofs_y = -1},
    {.bitmap_index = 29684, .adv_w = 236, .box_w = 13, .box_h = 14, .ofs_x = 1, .ofs_y = -1},
    {.bitmap_index = 29707, .adv_w = 236, .box_w = 13, .box_h = 14, .ofs_x = 1, .ofs_y = -1},
    {.bitmap_index = 29730, .adv_w = 236, .box_w = 13, .box_h = 14, .ofs_x = 1, .ofs_y = -1},
    {.bitmap_index = 29753, .adv_w = 236, .box_w = 13, .box_h = 14, .ofs_x = 1, .ofs_y = -1},
    {.bitmap_index = 29776, .adv_w = 236, .box_w = 13, .box_h = 14, .ofs_x = 1, .ofs_y = -1},
    {.bitmap_index = 29799, .adv_w = 236, .box_w = 13, .box_h = 14, .ofs_x = 1, .ofs_y = -1},
    {.bitmap_index = 29822, .adv_w = 236, .box_w = 13, .box_h = 14, .ofs_x = 1, .ofs_y = -1},
    {.bitmap_index = 29845, .adv_w = 236, .box_w = 13, .box_h = 14, .ofs_x = 1, .ofs_y = -1},
    {.bitmap_index = 29868, .adv_w = 236, .box_w = 13, .box_h = 14, .ofs_x = 0, .ofs_y = -1},
    {.bitmap_index = 29891, .adv_w = 236, .box_w = 14, .box_h = 14, .ofs_x = 1, .ofs_y = -1},
    {.bitmap_index = 29916, .adv_w = 236, .box_w = 11, .box_h = 14, .ofs_x = 1, .ofs_y = -1},
    {.bitmap_index = 29936, .adv_w = 236, .box_w = 12, .box_h = 14, .ofs_x = 1, .ofs_y = -1},
    {.bitmap_index = 29957, .adv_w = 236, .box_w = 12, .box_h = 14, .ofs_x = 1, .ofs_y = -1},
    {.bitmap_index = 29978, .adv_w = 236, .box_w = 11, .box_h = 14, .ofs_x = 1, .ofs_y = -1},
    {.bitmap_index = 29998, .adv_w = 236, .box_w = 11, .box_h = 14, .ofs_x = 1, .ofs_y = -1},
    {.bitmap_index = 30018, .adv_w = 236, .box_w = 13, .box_h = 11, .ofs_x = 1, .ofs_y = 1},
    {.bitmap_index = 30036, .adv_w = 236, .box_w = 13, .box_h = 14, .ofs_x = 1, .ofs_y = -1},
    {.bitmap_index = 30059, .adv_w = 236, .box_w = 13, .box_h = 14, .ofs_x = 1, .ofs_y = -1},
    {.bitmap_index = 30082, .adv_w = 236, .box_w = 13, .box_h = 14, .ofs_x = 1, .ofs_y = -1},
    {.bitmap_index = 30105, .adv_w = 236, .box_w = 13, .box_h = 14, .ofs_x = 1, .ofs_y = -1},
    {.bitmap_index = 30128, .adv_w = 236, .box_w = 13, .box_h = 14, .ofs_x = 1, .ofs_y = -1},
    {.bitmap_index = 30151, .adv_w = 236, .box_w = 13, .box_h = 14, .ofs_x = 1, .ofs_y = -1},
    {.bitmap_index = 30174, .adv_w = 236, .box_w = 13, .box_h = 14, .ofs_x = 1, .ofs_y = -1},
    {.bitmap_index = 30197, .adv_w = 236, .box_w = 11, .box_h = 14, .ofs_x = 1, .ofs_y = -1},
    {.bitmap_index = 30217, .adv_w = 236, .box_w = 13, .box_h = 14, .ofs_x = 1, .ofs_y = -1},
    {.bitmap_index = 30240, .adv_w = 236, .box_w = 13, .box_h = 14, .ofs_x = 0, .ofs_y = -1},
    {.bitmap_index = 30263, .adv_w = 236, .box_w = 11, .box_h = 14, .ofs_x = 1, .ofs_y = -1},
    {.bitmap_index = 30283, .adv_w = 236, .box_w = 12, .box_h = 14, .ofs_x = 1, .ofs_y = -1},
    {.bitmap_index = 30304, .adv_w = 236, .box_w = 13, .box_h = 14, .ofs_x = 1, .ofs_y = -1},
    {.bitmap_index = 30327, .adv_w = 236, .box_w = 13, .box_h = 11, .ofs_x = 1, .ofs_y = 1},
    {.bitmap_index = 30345, .adv_w = 236, .box_w = 13, .box_h = 14, .ofs_x = 1, .ofs_y = -1},
    {.bitmap_index = 30368, .adv_w = 236, .box_w = 13, .box_h = 14, .ofs_x = 1, .ofs_y = -1},
    {.bitmap_index = 30391, .adv_w = 236, .box_w = 13, .box_h = 14, .ofs_x = 1, .ofs_y = -1},
    {.bitmap_index = 30414, .adv_w = 236, .box_w = 13, .box_h = 14, .ofs_x = 1, .ofs_y = -1},
    {.bitmap_index = 30437, .adv_w = 236, .box_w = 13, .box_h = 14, .ofs_x = 1, .ofs_y = -1},
    {.bitmap_index = 30460, .adv_w = 236, .box_w = 13, .box_h = 14, .ofs_x = 1, .ofs_y = -1},
    {.bitmap_index = 30483, .adv_w = 236, .box_w = 13, .box_h = 14, .ofs_x = 1, .ofs_y = -1},
    {.bitmap_index = 30506, .adv_w = 236, .box_w = 11, .box_h = 14, .ofs_x = 1, .ofs_y = -1},
    {.bitmap_index = 30526, .adv_w = 236, .box_w = 12, .box_h = 14, .ofs_x = 1, .ofs_y = -1},
    {.bitmap_index = 30547, .adv_w = 236, .box_w = 12, .box_h = 14, .ofs_x = 1, .ofs_y = -1},
    {.bitmap_index = 30568, .adv_w = 236, .box_w = 11, .box_h = 14, .ofs_x = 1, .ofs_y = -1},
    {.bitmap_index = 30588, .adv_w = 236, .box_w = 12, .box_h = 14, .ofs_x = 1, .ofs_y = -1},
    {.bitmap_index = 30609, .adv_w = 236, .box_w = 12, .box_h = 14, .ofs_x = 1, .ofs_y = -1},
    {.bitmap_index = 30630, .adv_w = 236, .box_w = 12, .box_h = 14, .ofs_x = 1, .ofs_y = -1},
    {.bitmap_index = 30651, .adv_w = 236, .box_w = 12, .box_h = 14, .ofs_x = 1, .ofs_y = -1},
    {.bitmap_index = 30672, .adv_w = 236, .box_w = 12, .box_h = 14, .ofs_x = 1, .ofs_y = -1},
    {.bitmap_index = 30693, .adv_w = 236, .box_w = 12, .box_h = 14, .ofs_x = 1, .ofs_y = -1},
    {.bitmap_index = 30714, .adv_w = 236, .box_w = 13, .box_h = 14, .ofs_x = 1, .ofs_y = -1},
    {.bitmap_index = 30737, .adv_w = 236, .box_w = 12, .box_h = 14, .ofs_x = 1, .ofs_y = -1},
    {.bitmap_index = 30758, .adv_w = 236, .box_w = 13, .box_h = 14, .ofs_x = 1, .ofs_y = -1},
    {.bitmap_index = 30781, .adv_w = 236, .box_w = 13, .box_h = 14, .ofs_x = 1, .ofs_y = -1},
    {.bitmap_index = 30804, .adv_w = 236, .box_w = 13, .box_h = 14, .ofs_x = 1, .ofs_y = -1},
    {.bitmap_index = 30827, .adv_w = 236, .box_w = 13, .box_h = 14, .ofs_x = 1, .ofs_y = -1},
    {.bitmap_index = 30850, .adv_w = 236, .box_w = 13, .box_h = 14, .ofs_x = 1, .ofs_y = -1},
    {.bitmap_index = 30873, .adv_w = 236, .box_w = 13, .box_h = 14, .ofs_x = 1, .ofs_y = -1},
    {.bitmap_index = 30896, .adv_w = 236, .box_w = 13, .box_h = 14, .ofs_x = 1, .ofs_y = -1},
    {.bitmap_index = 30919, .adv_w = 236, .box_w = 13, .box_h = 14, .ofs_x = 1, .ofs_y = -1},
    {.bitmap_index = 30942, .adv_w = 236, .box_w = 13, .box_h = 14, .ofs_x = 1, .ofs_y = -1},
    {.bitmap_index = 30965, .adv_w = 236, .box_w = 13, .box_h = 14, .ofs_x = 1, .ofs_y = -1},
    {.bitmap_index = 30988, .adv_w = 236, .box_w = 13, .box_h = 14, .ofs_x = 1, .ofs_y = -1},
    {.bitmap_index = 31011, .adv_w = 236, .box_w = 13, .box_h = 14, .ofs_x = 1, .ofs_y = -1},
    {.bitmap_index = 31034, .adv_w = 236, .box_w = 13, .box_h = 14, .ofs_x = 1, .ofs_y = -1},
    {.bitmap_index = 31057, .adv_w = 236, .box_w = 13, .box_h = 14, .ofs_x = 1, .ofs_y = -1},
    {.bitmap_index = 31080, .adv_w = 236, .box_w = 13, .box_h = 14, .ofs_x = 1, .ofs_y = -1},
    {.bitmap_index = 31103, .adv_w = 236, .box_w = 13, .box_h = 14, .ofs_x = 1, .ofs_y = -1},
    {.bitmap_index = 31126, .adv_w = 236, .box_w = 12, .box_h = 14, .ofs_x = 1, .ofs_y = -1},
    {.bitmap_index = 31147, .adv_w = 236, .box_w = 12, .box_h = 14, .ofs_x = 1, .ofs_y = -1},
    {.bitmap_index = 31168, .adv_w = 236, .box_w = 13, .box_h = 14, .ofs_x = 1, .ofs_y = -1},
    {.bitmap_index = 31191, .adv_w = 236, .box_w = 13, .box_h = 14, .ofs_x = 1, .ofs_y = -1},
    {.bitmap_index = 31214, .adv_w = 236, .box_w = 12, .box_h = 14, .ofs_x = 1, .ofs_y = -1},
    {.bitmap_index = 31235, .adv_w = 236, .box_w = 12, .box_h = 14, .ofs_x = 1, .ofs_y = -1},
    {.bitmap_index = 31256, .adv_w = 236, .box_w = 13, .box_h = 14, .ofs_x = 1, .ofs_y = -1},
    {.bitmap_index = 31279, .adv_w = 236, .box_w = 13, .box_h = 14, .ofs_x = 1, .ofs_y = -1},
    {.bitmap_index = 31302, .adv_w = 236, .box_w = 12, .box_h = 14, .ofs_x = 1, .ofs_y = -1},
    {.bitmap_index = 31323, .adv_w = 236, .box_w = 13, .box_h = 14, .ofs_x = 1, .ofs_y = -1},
    {.bitmap_index = 31346, .adv_w = 236, .box_w = 13, .box_h = 14, .ofs_x = 1, .ofs_y = -1},
    {.bitmap_index = 31369, .adv_w = 236, .box_w = 13, .box_h = 14, .ofs_x = 1, .ofs_y = -1},
    {.bitmap_index = 31392, .adv_w = 236, .box_w = 13, .box_h = 14, .ofs_x = 1, .ofs_y = -1},
    {.bitmap_index = 31415, .adv_w = 236, .box_w = 13, .box_h = 14, .ofs_x = 1, .ofs_y = -1},
    {.bitmap_index = 31438, .adv_w = 236, .box_w = 13, .box_h = 14, .ofs_x = 1, .ofs_y = -1},
    {.bitmap_index = 31461, .adv_w = 236, .box_w = 13, .box_h = 14, .ofs_x = 1, .ofs_y = -1},
    {.bitmap_index = 31484, .adv_w = 236, .box_w = 13, .box_h = 14, .ofs_x = 1, .ofs_y = -1},
    {.bitmap_index = 31507, .adv_w = 236, .box_w = 13, .box_h = 14, .ofs_x = 1, .ofs_y = -1},
    {.bitmap_index = 31530, .adv_w = 236, .box_w = 13, .box_h = 14, .ofs_x = 1, .ofs_y = -1},
    {.bitmap_index = 31553, .adv_w = 236, .box_w = 13, .box_h = 14, .ofs_x = 1, .ofs_y = -1},
    {.bitmap_index = 31576, .adv_w = 236, .box_w = 12, .box_h = 14, .ofs_x = 1, .ofs_y = -1},
    {.bitmap_index = 31597, .adv_w = 236, .box_w = 13, .box_h = 14, .ofs_x = 1, .ofs_y = -1},
    {.bitmap_index = 31620, .adv_w = 236, .box_w = 13, .box_h = 14, .ofs_x = 1, .ofs_y = -1},
    {.bitmap_index = 31643, .adv_w = 236, .box_w = 12, .box_h = 14, .ofs_x = 1, .ofs_y = -1},
    {.bitmap_index = 31664, .adv_w = 236, .box_w = 11, .box_h = 14, .ofs_x = 1, .ofs_y = -1},
    {.bitmap_index = 31684, .adv_w = 236, .box_w = 11, .box_h = 14, .ofs_x = 1, .ofs_y = -1},
    {.bitmap_index = 31704, .adv_w = 236, .box_w = 11, .box_h = 14, .ofs_x = 1, .ofs_y = -1},
    {.bitmap_index = 31724, .adv_w = 236, .box_w = 12, .box_h = 14, .ofs_x = 1, .ofs_y = -1},
    {.bitmap_index = 31745, .adv_w = 236, .box_w = 11, .box_h = 14, .ofs_x = 1, .ofs_y = -1},
    {.bitmap_index = 31765, .adv_w = 236, .box_w = 12, .box_h = 14, .ofs_x = 1, .ofs_y = -1},
    {.bitmap_index = 31786, .adv_w = 236, .box_w = 11, .box_h = 14, .ofs_x = 1, .ofs_y = -1},
    {.bitmap_index = 31806, .adv_w = 236, .box_w = 11, .box_h = 14, .ofs_x = 1, .ofs_y = -1},
    {.bitmap_index = 31826, .adv_w = 236, .box_w = 11, .box_h = 14, .ofs_x = 1, .ofs_y = -1},
    {.bitmap_index = 31846, .adv_w = 236, .box_w = 11, .box_h = 14, .ofs_x = 1, .ofs_y = -1},
    {.bitmap_index = 31866, .adv_w = 236, .box_w = 13, .box_h = 14, .ofs_x = 1, .ofs_y = -1},
    {.bitmap_index = 31889, .adv_w = 236, .box_w = 12, .box_h = 14, .ofs_x = 1, .ofs_y = -1},
    {.bitmap_index = 31910, .adv_w = 236, .box_w = 13, .box_h = 14, .ofs_x = 1, .ofs_y = -1},
    {.bitmap_index = 31933, .adv_w = 236, .box_w = 11, .box_h = 14, .ofs_x = 1, .ofs_y = -1},
    {.bitmap_index = 31953, .adv_w = 236, .box_w = 12, .box_h = 14, .ofs_x = 1, .ofs_y = -1},
    {.bitmap_index = 31974, .adv_w = 236, .box_w = 11, .box_h = 14, .ofs_x = 1, .ofs_y = -1},
    {.bitmap_index = 31994, .adv_w = 236, .box_w = 11, .box_h = 14, .ofs_x = 1, .ofs_y = -1},
    {.bitmap_index = 32014, .adv_w = 236, .box_w = 12, .box_h = 14, .ofs_x = 1, .ofs_y = -1},
    {.bitmap_index = 32035, .adv_w = 236, .box_w = 12, .box_h = 14, .ofs_x = 1, .ofs_y = -1},
    {.bitmap_index = 32056, .adv_w = 236, .box_w = 13, .box_h = 14, .ofs_x = 1, .ofs_y = -1},
    {.bitmap_index = 32079, .adv_w = 236, .box_w = 13, .box_h = 14, .ofs_x = 1, .ofs_y = -1},
    {.bitmap_index = 32102, .adv_w = 236, .box_w = 12, .box_h = 14, .ofs_x = 1, .ofs_y = -1},
    {.bitmap_index = 32123, .adv_w = 236, .box_w = 12, .box_h = 14, .ofs_x = 1, .ofs_y = -1},
    {.bitmap_index = 32144, .adv_w = 236, .box_w = 13, .box_h = 15, .ofs_x = 1, .ofs_y = -2},
    {.bitmap_index = 32169, .adv_w = 236, .box_w = 12, .box_h = 14, .ofs_x = 1, .ofs_y = -1},
    {.bitmap_index = 32190, .adv_w = 236, .box_w = 11, .box_h = 14, .ofs_x = 1, .ofs_y = -1},
    {.bitmap_index = 32210, .adv_w = 236, .box_w = 11, .box_h = 14, .ofs_x = 1, .ofs_y = -1},
    {.bitmap_index = 32230, .adv_w = 236, .box_w = 11, .box_h = 14, .ofs_x = 1, .ofs_y = -1},
    {.bitmap_index = 32250, .adv_w = 236, .box_w = 11, .box_h = 14, .ofs_x = 1, .ofs_y = -1},
    {.bitmap_index = 32270, .adv_w = 236, .box_w = 12, .box_h = 14, .ofs_x = 1, .ofs_y = -1},
    {.bitmap_index = 32291, .adv_w = 236, .box_w = 11, .box_h = 14, .ofs_x = 1, .ofs_y = -1},
    {.bitmap_index = 32311, .adv_w = 236, .box_w = 11, .box_h = 14, .ofs_x = 1, .ofs_y = -1},
    {.bitmap_index = 32331, .adv_w = 236, .box_w = 11, .box_h = 14, .ofs_x = 1, .ofs_y = -1},
    {.bitmap_index = 32351, .adv_w = 236, .box_w = 11, .box_h = 14, .ofs_x = 1, .ofs_y = -1},
    {.bitmap_index = 32371, .adv_w = 236, .box_w = 13, .box_h = 14, .ofs_x = 1, .ofs_y = -1},
    {.bitmap_index = 32394, .adv_w = 236, .box_w = 12, .box_h = 14, .ofs_x = 1, .ofs_y = -1},
    {.bitmap_index = 32415, .adv_w = 236, .box_w = 13, .box_h = 14, .ofs_x = 1, .ofs_y = -1},
    {.bitmap_index = 32438, .adv_w = 236, .box_w = 11, .box_h = 14, .ofs_x = 1, .ofs_y = -1},
    {.bitmap_index = 32458, .adv_w = 236, .box_w = 12, .box_h = 14, .ofs_x = 1, .ofs_y = -1},
    {.bitmap_index = 32479, .adv_w = 236, .box_w = 11, .box_h = 14, .ofs_x = 1, .ofs_y = -1},
    {.bitmap_index = 32499, .adv_w = 236, .box_w = 12, .box_h = 14, .ofs_x = 1, .ofs_y = -1},
    {.bitmap_index = 32520, .adv_w = 236, .box_w = 12, .box_h = 14, .ofs_x = 1, .ofs_y = -1},
    {.bitmap_index = 32541, .adv_w = 236, .box_w = 13, .box_h = 14, .ofs_x = 1, .ofs_y = -1},
    {.bitmap_index = 32564, .adv_w = 236, .box_w = 13, .box_h = 14, .ofs_x = 1, .ofs_y = -1},
    {.bitmap_index = 32587, .adv_w = 236, .box_w = 12, .box_h = 14, .ofs_x = 1, .ofs_y = -1},
    {.bitmap_index = 32608, .adv_w = 236, .box_w = 12, .box_h = 14, .ofs_x = 1, .ofs_y = -1},
    {.bitmap_index = 32629, .adv_w = 236, .box_w = 13, .box_h = 15, .ofs_x = 1, .ofs_y = -2},
    {.bitmap_index = 32654, .adv_w = 236, .box_w = 13, .box_h = 14, .ofs_x = 1, .ofs_y = -1},
    {.bitmap_index = 32677, .adv_w = 236, .box_w = 13, .box_h = 11, .ofs_x = 1, .ofs_y = 1},
    {.bitmap_index = 32695, .adv_w = 236, .box_w = 13, .box_h = 14, .ofs_x = 1, .ofs_y = -1},
    {.bitmap_index = 32718, .adv_w = 236, .box_w = 13, .box_h = 14, .ofs_x = 1, .ofs_y = -1},
    {.bitmap_index = 32741, .adv_w = 236, .box_w = 13, .box_h = 14, .ofs_x = 1, .ofs_y = -1},
    {.bitmap_index = 32764, .adv_w = 236, .box_w = 13, .box_h = 14, .ofs_x = 1, .ofs_y = -1},
    {.bitmap_index = 32787, .adv_w = 236, .box_w = 13, .box_h = 14, .ofs_x = 1, .ofs_y = -1},
    {.bitmap_index = 32810, .adv_w = 236, .box_w = 13, .box_h = 14, .ofs_x = 1, .ofs_y = -1},
    {.bitmap_index = 32833, .adv_w = 236, .box_w = 13, .box_h = 14, .ofs_x = 1, .ofs_y = -1},
    {.bitmap_index = 32856, .adv_w = 236, .box_w = 13, .box_h = 14, .ofs_x = 1, .ofs_y = -1},
    {.bitmap_index = 32879, .adv_w = 236, .box_w = 13, .box_h = 14, .ofs_x = 1, .ofs_y = -1},
    {.bitmap_index = 32902, .adv_w = 236, .box_w = 13, .box_h = 14, .ofs_x = 1, .ofs_y = -1},
    {.bitmap_index = 32925, .adv_w = 236, .box_w = 13, .box_h = 14, .ofs_x = 1, .ofs_y = -1},
    {.bitmap_index = 32948, .adv_w = 236, .box_w = 13, .box_h = 14, .ofs_x = 1, .ofs_y = -1},
    {.bitmap_index = 32971, .adv_w = 236, .box_w = 13, .box_h = 14, .ofs_x = 0, .ofs_y = -1},
    {.bitmap_index = 32994, .adv_w = 236, .box_w = 13, .box_h = 14, .ofs_x = 1, .ofs_y = -1},
    {.bitmap_index = 33017, .adv_w = 236, .box_w = 13, .box_h = 14, .ofs_x = 1, .ofs_y = -1},
    {.bitmap_index = 33040, .adv_w = 236, .box_w = 13, .box_h = 14, .ofs_x = 1, .ofs_y = -1},
    {.bitmap_index = 33063, .adv_w = 236, .box_w = 13, .box_h = 14, .ofs_x = 1, .ofs_y = -1},
    {.bitmap_index = 33086, .adv_w = 236, .box_w = 13, .box_h = 14, .ofs_x = 1, .ofs_y = -1},
    {.bitmap_index = 33109, .adv_w = 236, .box_w = 13, .box_h = 14, .ofs_x = 1, .ofs_y = -1},
    {.bitmap_index = 33132, .adv_w = 236, .box_w = 13, .box_h = 15, .ofs_x = 1, .ofs_y = -2},
    {.bitmap_index = 33157, .adv_w = 236, .box_w = 13, .box_h = 14, .ofs_x = 1, .ofs_y = -1},
    {.bitmap_index = 33180, .adv_w = 236, .box_w = 12, .box_h = 14, .ofs_x = 1, .ofs_y = -1},
    {.bitmap_index = 33201, .adv_w = 236, .box_w = 12, .box_h = 14, .ofs_x = 0, .ofs_y = -1},
    {.bitmap_index = 33222, .adv_w = 236, .box_w = 13, .box_h = 14, .ofs_x = 0, .ofs_y = -1},
    {.bitmap_index = 33245, .adv_w = 236, .box_w = 12, .box_h = 14, .ofs_x = 0, .ofs_y = -1},
    {.bitmap_index = 33266, .adv_w = 236, .box_w = 14, .box_h = 14, .ofs_x = 0, .ofs_y = -1},
    {.bitmap_index = 33291, .adv_w = 236, .box_w = 13, .box_h = 14, .ofs_x = 0, .ofs_y = -1},
    {.bitmap_index = 33314, .adv_w = 236, .box_w = 12, .box_h = 14, .ofs_x = 1, .ofs_y = -1},
    {.bitmap_index = 33335, .adv_w = 236, .box_w = 12, .box_h = 14, .ofs_x = 1, .ofs_y = -1},
    {.bitmap_index = 33356, .adv_w = 236, .box_w = 12, .box_h = 14, .ofs_x = 1, .ofs_y = -1},
    {.bitmap_index = 33377, .adv_w = 236, .box_w = 12, .box_h = 14, .ofs_x = 1, .ofs_y = -1},
    {.bitmap_index = 33398, .adv_w = 236, .box_w = 12, .box_h = 14, .ofs_x = 1, .ofs_y = -1},
    {.bitmap_index = 33419, .adv_w = 236, .box_w = 12, .box_h = 14, .ofs_x = 1, .ofs_y = -1},
    {.bitmap_index = 33440, .adv_w = 236, .box_w = 13, .box_h = 14, .ofs_x = 1, .ofs_y = -1},
    {.bitmap_index = 33463, .adv_w = 236, .box_w = 12, .box_h = 14, .ofs_x = 1, .ofs_y = -1},
    {.bitmap_index = 33484, .adv_w = 236, .box_w = 13, .box_h = 11, .ofs_x = 1, .ofs_y = 1},
    {.bitmap_index = 33502, .adv_w = 236, .box_w = 13, .box_h = 14, .ofs_x = 1, .ofs_y = -1},
    {.bitmap_index = 33525, .adv_w = 236, .box_w = 13, .box_h = 14, .ofs_x = 1, .ofs_y = -1},
    {.bitmap_index = 33548, .adv_w = 236, .box_w = 13, .box_h = 14, .ofs_x = 1, .ofs_y = -1},
    {.bitmap_index = 33571, .adv_w = 236, .box_w = 13, .box_h = 14, .ofs_x = 1, .ofs_y = -1},
    {.bitmap_index = 33594, .adv_w = 236, .box_w = 13, .box_h = 14, .ofs_x = 1, .ofs_y = -1},
    {.bitmap_index = 33617, .adv_w = 236, .box_w = 13, .box_h = 14, .ofs_x = 1, .ofs_y = -1},
    {.bitmap_index = 33640, .adv_w = 236, .box_w = 13, .box_h = 14, .ofs_x = 1, .ofs_y = -1},
    {.bitmap_index = 33663, .adv_w = 236, .box_w = 13, .box_h = 14, .ofs_x = 1, .ofs_y = -1},
    {.bitmap_index = 33686, .adv_w = 236, .box_w = 13, .box_h = 14, .ofs_x = 1, .ofs_y = -1},
    {.bitmap_index = 33709, .adv_w = 236, .box_w = 13, .box_h = 14, .ofs_x = 1, .ofs_y = -1},
    {.bitmap_index = 33732, .adv_w = 236, .box_w = 13, .box_h = 14, .ofs_x = 1, .ofs_y = -1},
    {.bitmap_index = 33755, .adv_w = 236, .box_w = 13, .box_h = 14, .ofs_x = 1, .ofs_y = -1},
    {.bitmap_index = 33778, .adv_w = 236, .box_w = 13, .box_h = 14, .ofs_x = 1, .ofs_y = -1},
    {.bitmap_index = 33801, .adv_w = 236, .box_w = 13, .box_h = 14, .ofs_x = 1, .ofs_y = -1},
    {.bitmap_index = 33824, .adv_w = 236, .box_w = 13, .box_h = 14, .ofs_x = 1, .ofs_y = -1},
    {.bitmap_index = 33847, .adv_w = 236, .box_w = 13, .box_h = 14, .ofs_x = 1, .ofs_y = -1},
    {.bitmap_index = 33870, .adv_w = 236, .box_w = 13, .box_h = 14, .ofs_x = 1, .ofs_y = -1},
    {.bitmap_index = 33893, .adv_w = 236, .box_w = 12, .box_h = 14, .ofs_x = 1, .ofs_y = -1},
    {.bitmap_index = 33914, .adv_w = 236, .box_w = 11, .box_h = 14, .ofs_x = 1, .ofs_y = -1},
    {.bitmap_index = 33934, .adv_w = 236, .box_w = 12, .box_h = 14, .ofs_x = 1, .ofs_y = -1},
    {.bitmap_index = 33955, .adv_w = 236, .box_w = 12, .box_h = 14, .ofs_x = 1, .ofs_y = -1},
    {.bitmap_index = 33976, .adv_w = 236, .box_w = 12, .box_h = 14, .ofs_x = 1, .ofs_y = -1},
    {.bitmap_index = 33997, .adv_w = 236, .box_w = 12, .box_h = 14, .ofs_x = 1, .ofs_y = -1},
    {.bitmap_index = 34018, .adv_w = 236, .box_w = 12, .box_h = 14, .ofs_x = 1, .ofs_y = -1},
    {.bitmap_index = 34039, .adv_w = 236, .box_w = 12, .box_h = 14, .ofs_x = 1, .ofs_y = -1},
    {.bitmap_index = 34060, .adv_w = 236, .box_w = 13, .box_h = 14, .ofs_x = 0, .ofs_y = -1},
    {.bitmap_index = 34083, .adv_w = 236, .box_w = 13, .box_h = 14, .ofs_x = 1, .ofs_y = -1},
    {.bitmap_index = 34106, .adv_w = 236, .box_w = 12, .box_h = 14, .ofs_x = 1, .ofs_y = -1},
    {.bitmap_index = 34127, .adv_w = 236, .box_w = 12, .box_h = 14, .ofs_x = 1, .ofs_y = -1},
    {.bitmap_index = 34148, .adv_w = 236, .box_w = 13, .box_h = 14, .ofs_x = 1, .ofs_y = -1},
    {.bitmap_index = 34171, .adv_w = 236, .box_w = 13, .box_h = 14, .ofs_x = 1, .ofs_y = -1},
    {.bitmap_index = 34194, .adv_w = 236, .box_w = 13, .box_h = 14, .ofs_x = 1, .ofs_y = -1},
    {.bitmap_index = 34217, .adv_w = 236, .box_w = 12, .box_h = 14, .ofs_x = 1, .ofs_y = -1},
    {.bitmap_index = 34238, .adv_w = 236, .box_w = 11, .box_h = 14, .ofs_x = 1, .ofs_y = -1},
    {.bitmap_index = 34258, .adv_w = 236, .box_w = 12, .box_h = 14, .ofs_x = 1, .ofs_y = -1},
    {.bitmap_index = 34279, .adv_w = 236, .box_w = 12, .box_h = 14, .ofs_x = 1, .ofs_y = -1},
    {.bitmap_index = 34300, .adv_w = 236, .box_w = 11, .box_h = 14, .ofs_x = 1, .ofs_y = -1},
    {.bitmap_index = 34320, .adv_w = 236, .box_w = 11, .box_h = 14, .ofs_x = 1, .ofs_y = -1},
    {.bitmap_index = 34340, .adv_w = 236, .box_w = 12, .box_h = 14, .ofs_x = 1, .ofs_y = -1},
    {.bitmap_index = 34361, .adv_w = 236, .box_w = 11, .box_h = 14, .ofs_x = 1, .ofs_y = -1},
    {.bitmap_index = 34381, .adv_w = 236, .box_w = 13, .box_h = 14, .ofs_x = 1, .ofs_y = -1},
    {.bitmap_index = 34404, .adv_w = 236, .box_w = 13, .box_h = 14, .ofs_x = 1, .ofs_y = -1},
    {.bitmap_index = 34427, .adv_w = 236, .box_w = 13, .box_h = 14, .ofs_x = 1, .ofs_y = -1},
    {.bitmap_index = 34450, .adv_w = 236, .box_w = 13, .box_h = 14, .ofs_x = 1, .ofs_y = -1},
    {.bitmap_index = 34473, .adv_w = 236, .box_w = 13, .box_h = 14, .ofs_x = 1, .ofs_y = -1},
    {.bitmap_index = 34496, .adv_w = 236, .box_w = 13, .box_h = 14, .ofs_x = 1, .ofs_y = -1},
    {.bitmap_index = 34519, .adv_w = 236, .box_w = 13, .box_h = 14, .ofs_x = 1, .ofs_y = -1},
    {.bitmap_index = 34542, .adv_w = 236, .box_w = 13, .box_h = 14, .ofs_x = 1, .ofs_y = -1},
    {.bitmap_index = 34565, .adv_w = 236, .box_w = 13, .box_h = 14, .ofs_x = 1, .ofs_y = -1},
    {.bitmap_index = 34588, .adv_w = 236, .box_w = 13, .box_h = 11, .ofs_x = 1, .ofs_y = 1},
    {.bitmap_index = 34606, .adv_w = 236, .box_w = 13, .box_h = 14, .ofs_x = 1, .ofs_y = -1},
    {.bitmap_index = 34629, .adv_w = 236, .box_w = 13, .box_h = 14, .ofs_x = 1, .ofs_y = -1},
    {.bitmap_index = 34652, .adv_w = 236, .box_w = 13, .box_h = 14, .ofs_x = 1, .ofs_y = -1},
    {.bitmap_index = 34675, .adv_w = 236, .box_w = 13, .box_h = 14, .ofs_x = 1, .ofs_y = -1},
    {.bitmap_index = 34698, .adv_w = 236, .box_w = 13, .box_h = 14, .ofs_x = 1, .ofs_y = -1},
    {.bitmap_index = 34721, .adv_w = 236, .box_w = 13, .box_h = 14, .ofs_x = 1, .ofs_y = -1},
    {.bitmap_index = 34744, .adv_w = 236, .box_w = 13, .box_h = 14, .ofs_x = 1, .ofs_y = -1},
    {.bitmap_index = 34767, .adv_w = 236, .box_w = 13, .box_h = 14, .ofs_x = 1, .ofs_y = -1},
    {.bitmap_index = 34790, .adv_w = 236, .box_w = 13, .box_h = 14, .ofs_x = 1, .ofs_y = -1},
    {.bitmap_index = 34813, .adv_w = 236, .box_w = 13, .box_h = 14, .ofs_x = 1, .ofs_y = -1},
    {.bitmap_index = 34836, .adv_w = 236, .box_w = 13, .box_h = 14, .ofs_x = 1, .ofs_y = -1},
    {.bitmap_index = 34859, .adv_w = 236, .box_w = 13, .box_h = 14, .ofs_x = 1, .ofs_y = -1},
    {.bitmap_index = 34882, .adv_w = 236, .box_w = 13, .box_h = 14, .ofs_x = 1, .ofs_y = -1},
    {.bitmap_index = 34905, .adv_w = 236, .box_w = 13, .box_h = 14, .ofs_x = 1, .ofs_y = -1},
    {.bitmap_index = 34928, .adv_w = 236, .box_w = 12, .box_h = 14, .ofs_x = 1, .ofs_y = -1},
    {.bitmap_index = 34949, .adv_w = 236, .box_w = 12, .box_h = 14, .ofs_x = 1, .ofs_y = -1},
    {.bitmap_index = 34970, .adv_w = 236, .box_w = 12, .box_h = 14, .ofs_x = 1, .ofs_y = -1},
    {.bitmap_index = 34991, .adv_w = 236, .box_w = 12, .box_h = 14, .ofs_x = 1, .ofs_y = -1},
    {.bitmap_index = 35012, .adv_w = 236, .box_w = 13, .box_h = 14, .ofs_x = 1, .ofs_y = -1},
    {.bitmap_index = 35035, .adv_w = 236, .box_w = 11, .box_h = 14, .ofs_x = 1, .ofs_y = -1},
    {.bitmap_index = 35055, .adv_w = 236, .box_w = 11, .box_h = 14, .ofs_x = 1, .ofs_y = -1},
    {.bitmap_index = 35075, .adv_w = 236, .box_w = 11, .box_h = 14, .ofs_x = 1, .ofs_y = -1},
    {.bitmap_index = 35095, .adv_w = 236, .box_w = 12, .box_h = 14, .ofs_x = 1, .ofs_y = -1},
    {.bitmap_index = 35116, .adv_w = 236, .box_w = 11, .box_h = 14, .ofs_x = 1, .ofs_y = -1},
    {.bitmap_index = 35136, .adv_w = 236, .box_w = 11, .box_h = 14, .ofs_x = 1, .ofs_y = -1},
    {.bitmap_index = 35156, .adv_w = 236, .box_w = 12, .box_h = 14, .ofs_x = 1, .ofs_y = -1},
    {.bitmap_index = 35177, .adv_w = 236, .box_w = 11, .box_h = 14, .ofs_x = 1, .ofs_y = -1},
    {.bitmap_index = 35197, .adv_w = 236, .box_w = 11, .box_h = 14, .ofs_x = 1, .ofs_y = -1},
    {.bitmap_index = 35217, .adv_w = 236, .box_w = 12, .box_h = 14, .ofs_x = 1, .ofs_y = -1},
    {.bitmap_index = 35238, .adv_w = 236, .box_w = 13, .box_h = 14, .ofs_x = 1, .ofs_y = -1},
    {.bitmap_index = 35261, .adv_w = 236, .box_w = 11, .box_h = 14, .ofs_x = 1, .ofs_y = -1},
    {.bitmap_index = 35281, .adv_w = 236, .box_w = 12, .box_h = 14, .ofs_x = 1, .ofs_y = -1},
    {.bitmap_index = 35302, .adv_w = 236, .box_w = 11, .box_h = 14, .ofs_x = 1, .ofs_y = -1},
    {.bitmap_index = 35322, .adv_w = 236, .box_w = 14, .box_h = 14, .ofs_x = 0, .ofs_y = -1},
    {.bitmap_index = 35347, .adv_w = 236, .box_w = 13, .box_h = 14, .ofs_x = 1, .ofs_y = -1},
    {.bitmap_index = 35370, .adv_w = 236, .box_w = 13, .box_h = 14, .ofs_x = 1, .ofs_y = -1},
    {.bitmap_index = 35393, .adv_w = 236, .box_w = 13, .box_h = 14, .ofs_x = 1, .ofs_y = -1},
    {.bitmap_index = 35416, .adv_w = 236, .box_w = 13, .box_h = 14, .ofs_x = 1, .ofs_y = -1},
    {.bitmap_index = 35439, .adv_w = 236, .box_w = 13, .box_h = 14, .ofs_x = 1, .ofs_y = -1},
    {.bitmap_index = 35462, .adv_w = 236, .box_w = 13, .box_h = 14, .ofs_x = 1, .ofs_y = -1},
    {.bitmap_index = 35485, .adv_w = 236, .box_w = 13, .box_h = 14, .ofs_x = 1, .ofs_y = -1},
    {.bitmap_index = 35508, .adv_w = 236, .box_w = 13, .box_h = 14, .ofs_x = 1, .ofs_y = -1},
    {.bitmap_index = 35531, .adv_w = 236, .box_w = 13, .box_h = 15, .ofs_x = 1, .ofs_y = -2},
    {.bitmap_index = 35556, .adv_w = 236, .box_w = 13, .box_h = 14, .ofs_x = 1, .ofs_y = -1},
    {.bitmap_index = 35579, .adv_w = 236, .box_w = 13, .box_h = 14, .ofs_x = 1, .ofs_y = -1},
    {.bitmap_index = 35602, .adv_w = 236, .box_w = 13, .box_h = 14, .ofs_x = 1, .ofs_y = -1},
    {.bitmap_index = 35625, .adv_w = 236, .box_w = 12, .box_h = 14, .ofs_x = 1, .ofs_y = -1},
    {.bitmap_index = 35646, .adv_w = 236, .box_w = 11, .box_h = 14, .ofs_x = 1, .ofs_y = -1},
    {.bitmap_index = 35666, .adv_w = 236, .box_w = 12, .box_h = 14, .ofs_x = 1, .ofs_y = -1},
    {.bitmap_index = 35687, .adv_w = 236, .box_w = 13, .box_h = 14, .ofs_x = 1, .ofs_y = -1},
    {.bitmap_index = 35710, .adv_w = 236, .box_w = 11, .box_h = 14, .ofs_x = 1, .ofs_y = -1},
    {.bitmap_index = 35730, .adv_w = 236, .box_w = 11, .box_h = 14, .ofs_x = 1, .ofs_y = -1},
    {.bitmap_index = 35750, .adv_w = 236, .box_w = 12, .box_h = 14, .ofs_x = 1, .ofs_y = -1},
    {.bitmap_index = 35771, .adv_w = 236, .box_w = 12, .box_h = 14, .ofs_x = 1, .ofs_y = -1},
    {.bitmap_index = 35792, .adv_w = 236, .box_w = 12, .box_h = 14, .ofs_x = 1, .ofs_y = -1},
    {.bitmap_index = 35813, .adv_w = 236, .box_w = 14, .box_h = 14, .ofs_x = 0, .ofs_y = -1},
    {.bitmap_index = 35838, .adv_w = 236, .box_w = 13, .box_h = 14, .ofs_x = 1, .ofs_y = -1},
    {.bitmap_index = 35861, .adv_w = 236, .box_w = 13, .box_h = 14, .ofs_x = 1, .ofs_y = -1},
    {.bitmap_index = 35884, .adv_w = 236, .box_w = 13, .box_h = 14, .ofs_x = 1, .ofs_y = -1},
    {.bitmap_index = 35907, .adv_w = 236, .box_w = 13, .box_h = 14, .ofs_x = 1, .ofs_y = -1},
    {.bitmap_index = 35930, .adv_w = 236, .box_w = 13, .box_h = 14, .ofs_x = 1, .ofs_y = -1},
    {.bitmap_index = 35953, .adv_w = 236, .box_w = 13, .box_h = 14, .ofs_x = 1, .ofs_y = -1},
    {.bitmap_index = 35976, .adv_w = 236, .box_w = 12, .box_h = 14, .ofs_x = 1, .ofs_y = -1},
    {.bitmap_index = 35997, .adv_w = 236, .box_w = 12, .box_h = 14, .ofs_x = 1, .ofs_y = -1},
    {.bitmap_index = 36018, .adv_w = 236, .box_w = 13, .box_h = 14, .ofs_x = 1, .ofs_y = -1},
    {.bitmap_index = 36041, .adv_w = 236, .box_w = 12, .box_h = 14, .ofs_x = 0, .ofs_y = -1},
    {.bitmap_index = 36062, .adv_w = 236, .box_w = 11, .box_h = 14, .ofs_x = 1, .ofs_y = -1},
    {.bitmap_index = 36082, .adv_w = 236, .box_w = 12, .box_h = 14, .ofs_x = 1, .ofs_y = -1},
    {.bitmap_index = 36103, .adv_w = 236, .box_w = 12, .box_h = 14, .ofs_x = 1, .ofs_y = -1},
    {.bitmap_index = 36124, .adv_w = 236, .box_w = 11, .box_h = 14, .ofs_x = 1, .ofs_y = -1},
    {.bitmap_index = 36144, .adv_w = 236, .box_w = 11, .box_h = 14, .ofs_x = 1, .ofs_y = -1},
    {.bitmap_index = 36164, .adv_w = 236, .box_w = 11, .box_h = 14, .ofs_x = 1, .ofs_y = -1},
    {.bitmap_index = 36184, .adv_w = 236, .box_w = 12, .box_h = 15, .ofs_x = 1, .ofs_y = -2},
    {.bitmap_index = 36207, .adv_w = 236, .box_w = 11, .box_h = 14, .ofs_x = 1, .ofs_y = -1},
    {.bitmap_index = 36227, .adv_w = 236, .box_w = 12, .box_h = 14, .ofs_x = 1, .ofs_y = -1},
    {.bitmap_index = 36248, .adv_w = 236, .box_w = 12, .box_h = 14, .ofs_x = 1, .ofs_y = -1},
    {.bitmap_index = 36269, .adv_w = 236, .box_w = 12, .box_h = 14, .ofs_x = 1, .ofs_y = -1},
    {.bitmap_index = 36290, .adv_w = 236, .box_w = 12, .box_h = 14, .ofs_x = 1, .ofs_y = -1},
    {.bitmap_index = 36311, .adv_w = 236, .box_w = 13, .box_h = 14, .ofs_x = 1, .ofs_y = -1},
    {.bitmap_index = 36334, .adv_w = 236, .box_w = 12, .box_h = 14, .ofs_x = 1, .ofs_y = -1},
    {.bitmap_index = 36355, .adv_w = 236, .box_w = 12, .box_h = 14, .ofs_x = 1, .ofs_y = -1},
    {.bitmap_index = 36376, .adv_w = 236, .box_w = 13, .box_h = 15, .ofs_x = 1, .ofs_y = -2},
    {.bitmap_index = 36401, .adv_w = 236, .box_w = 12, .box_h = 14, .ofs_x = 1, .ofs_y = -1},
    {.bitmap_index = 36422, .adv_w = 236, .box_w = 12, .box_h = 14, .ofs_x = 0, .ofs_y = -1},
    {.bitmap_index = 36443, .adv_w = 236, .box_w = 12, .box_h = 14, .ofs_x = 1, .ofs_y = -1},
    {.bitmap_index = 36464, .adv_w = 236, .box_w = 12, .box_h = 14, .ofs_x = 1, .ofs_y = -1},
    {.bitmap_index = 36485, .adv_w = 236, .box_w = 11, .box_h = 14, .ofs_x = 1, .ofs_y = -1},
    {.bitmap_index = 36505, .adv_w = 236, .box_w = 11, .box_h = 14, .ofs_x = 1, .ofs_y = -1},
    {.bitmap_index = 36525, .adv_w = 236, .box_w = 12, .box_h = 14, .ofs_x = 1, .ofs_y = -1},
    {.bitmap_index = 36546, .adv_w = 236, .box_w = 11, .box_h = 14, .ofs_x = 1, .ofs_y = -1},
    {.bitmap_index = 36566, .adv_w = 236, .box_w = 12, .box_h = 14, .ofs_x = 1, .ofs_y = -1},
    {.bitmap_index = 36587, .adv_w = 236, .box_w = 13, .box_h = 11, .ofs_x = 1, .ofs_y = 1},
    {.bitmap_index = 36605, .adv_w = 236, .box_w = 13, .box_h = 14, .ofs_x = 1, .ofs_y = -1},
    {.bitmap_index = 36628, .adv_w = 236, .box_w = 13, .box_h = 14, .ofs_x = 1, .ofs_y = -1},
    {.bitmap_index = 36651, .adv_w = 236, .box_w = 13, .box_h = 14, .ofs_x = 1, .ofs_y = -1},
    {.bitmap_index = 36674, .adv_w = 236, .box_w = 13, .box_h = 14, .ofs_x = 1, .ofs_y = -1},
    {.bitmap_index = 36697, .adv_w = 236, .box_w = 13, .box_h = 14, .ofs_x = 1, .ofs_y = -1},
    {.bitmap_index = 36720, .adv_w = 236, .box_w = 13, .box_h = 14, .ofs_x = 1, .ofs_y = -1},
    {.bitmap_index = 36743, .adv_w = 236, .box_w = 13, .box_h = 14, .ofs_x = 1, .ofs_y = -1},
    {.bitmap_index = 36766, .adv_w = 236, .box_w = 13, .box_h = 14, .ofs_x = 1, .ofs_y = -1},
    {.bitmap_index = 36789, .adv_w = 236, .box_w = 13, .box_h = 14, .ofs_x = 1, .ofs_y = -1},
    {.bitmap_index = 36812, .adv_w = 236, .box_w = 13, .box_h = 14, .ofs_x = 1, .ofs_y = -1},
    {.bitmap_index = 36835, .adv_w = 236, .box_w = 13, .box_h = 14, .ofs_x = 1, .ofs_y = -1},
    {.bitmap_index = 36858, .adv_w = 236, .box_w = 14, .box_h = 14, .ofs_x = 0, .ofs_y = -1},
    {.bitmap_index = 36883, .adv_w = 236, .box_w = 13, .box_h = 14, .ofs_x = 1, .ofs_y = -1},
    {.bitmap_index = 36906, .adv_w = 236, .box_w = 13, .box_h = 14, .ofs_x = 1, .ofs_y = -1},
    {.bitmap_index = 36929, .adv_w = 236, .box_w = 13, .box_h = 14, .ofs_x = 1, .ofs_y = -1},
    {.bitmap_index = 36952, .adv_w = 236, .box_w = 13, .box_h = 14, .ofs_x = 1, .ofs_y = -1},
    {.bitmap_index = 36975, .adv_w = 236, .box_w = 13, .box_h = 14, .ofs_x = 1, .ofs_y = -1},
    {.bitmap_index = 36998, .adv_w = 236, .box_w = 13, .box_h = 14, .ofs_x = 0, .ofs_y = -1},
    {.bitmap_index = 37021, .adv_w = 236, .box_w = 13, .box_h = 14, .ofs_x = 0, .ofs_y = -1},
    {.bitmap_index = 37044, .adv_w = 236, .box_w = 12, .box_h = 14, .ofs_x = 0, .ofs_y = -1},
    {.bitmap_index = 37065, .adv_w = 236, .box_w = 12, .box_h = 14, .ofs_x = 1, .ofs_y = -1},
    {.bitmap_index = 37086, .adv_w = 236, .box_w = 12, .box_h = 14, .ofs_x = 1, .ofs_y = -1},
    {.bitmap_index = 37107, .adv_w = 236, .box_w = 13, .box_h = 14, .ofs_x = 0, .ofs_y = -1},
    {.bitmap_index = 37130, .adv_w = 236, .box_w = 12, .box_h = 14, .ofs_x = 1, .ofs_y = -1},
    {.bitmap_index = 37151, .adv_w = 236, .box_w = 12, .box_h = 14, .ofs_x = 1, .ofs_y = -1},
    {.bitmap_index = 37172, .adv_w = 236, .box_w = 13, .box_h = 14, .ofs_x = 1, .ofs_y = -1},
    {.bitmap_index = 37195, .adv_w = 236, .box_w = 12, .box_h = 14, .ofs_x = 1, .ofs_y = -1},
    {.bitmap_index = 37216, .adv_w = 236, .box_w = 13, .box_h = 11, .ofs_x = 1, .ofs_y = 1},
    {.bitmap_index = 37234, .adv_w = 236, .box_w = 13, .box_h = 14, .ofs_x = 1, .ofs_y = -1},
    {.bitmap_index = 37257, .adv_w = 236, .box_w = 13, .box_h = 14, .ofs_x = 1, .ofs_y = -1},
    {.bitmap_index = 37280, .adv_w = 236, .box_w = 13, .box_h = 14, .ofs_x = 1, .ofs_y = -1},
    {.bitmap_index = 37303, .adv_w = 236, .box_w = 13, .box_h = 13, .ofs_x = 1, .ofs_y = -1},
    {.bitmap_index = 37325, .adv_w = 236, .box_w = 13, .box_h = 14, .ofs_x = 1, .ofs_y = -1},
    {.bitmap_index = 37348, .adv_w = 236, .box_w = 13, .box_h = 14, .ofs_x = 1, .ofs_y = -1},
    {.bitmap_index = 37371, .adv_w = 236, .box_w = 13, .box_h = 14, .ofs_x = 1, .ofs_y = -1},
    {.bitmap_index = 37394, .adv_w = 236, .box_w = 13, .box_h = 14, .ofs_x = 1, .ofs_y = -1},
    {.bitmap_index = 37417, .adv_w = 236, .box_w = 13, .box_h = 14, .ofs_x = 1, .ofs_y = -1},
    {.bitmap_index = 37440, .adv_w = 236, .box_w = 13, .box_h = 14, .ofs_x = 1, .ofs_y = -1},
    {.bitmap_index = 37463, .adv_w = 236, .box_w = 13, .box_h = 14, .ofs_x = 1, .ofs_y = -1},
    {.bitmap_index = 37486, .adv_w = 236, .box_w = 13, .box_h = 14, .ofs_x = 1, .ofs_y = -1},
    {.bitmap_index = 37509, .adv_w = 236, .box_w = 13, .box_h = 14, .ofs_x = 1, .ofs_y = -1},
    {.bitmap_index = 37532, .adv_w = 236, .box_w = 12, .box_h = 14, .ofs_x = 0, .ofs_y = -1},
    {.bitmap_index = 37553, .adv_w = 236, .box_w = 13, .box_h = 14, .ofs_x = 0, .ofs_y = -1},
    {.bitmap_index = 37576, .adv_w = 236, .box_w = 12, .box_h = 14, .ofs_x = 0, .ofs_y = -1},
    {.bitmap_index = 37597, .adv_w = 236, .box_w = 12, .box_h = 14, .ofs_x = 1, .ofs_y = -1},
    {.bitmap_index = 37618, .adv_w = 236, .box_w = 12, .box_h = 14, .ofs_x = 1, .ofs_y = -1},
    {.bitmap_index = 37639, .adv_w = 236, .box_w = 12, .box_h = 14, .ofs_x = 1, .ofs_y = -1},
    {.bitmap_index = 37660, .adv_w = 236, .box_w = 12, .box_h = 14, .ofs_x = 1, .ofs_y = -1},
    {.bitmap_index = 37681, .adv_w = 236, .box_w = 12, .box_h = 14, .ofs_x = 1, .ofs_y = -1},
    {.bitmap_index = 37702, .adv_w = 236, .box_w = 12, .box_h = 14, .ofs_x = 1, .ofs_y = -1},
    {.bitmap_index = 37723, .adv_w = 236, .box_w = 13, .box_h = 14, .ofs_x = 1, .ofs_y = -1},
    {.bitmap_index = 37746, .adv_w = 236, .box_w = 13, .box_h = 13, .ofs_x = 1, .ofs_y = -1},
    {.bitmap_index = 37768, .adv_w = 236, .box_w = 13, .box_h = 14, .ofs_x = 1, .ofs_y = -1},
    {.bitmap_index = 37791, .adv_w = 236, .box_w = 13, .box_h = 14, .ofs_x = 1, .ofs_y = -1},
    {.bitmap_index = 37814, .adv_w = 236, .box_w = 13, .box_h = 14, .ofs_x = 1, .ofs_y = -1},
    {.bitmap_index = 37837, .adv_w = 236, .box_w = 13, .box_h = 11, .ofs_x = 1, .ofs_y = 1},
    {.bitmap_index = 37855, .adv_w = 236, .box_w = 13, .box_h = 14, .ofs_x = 1, .ofs_y = -1},
    {.bitmap_index = 37878, .adv_w = 236, .box_w = 13, .box_h = 14, .ofs_x = 1, .ofs_y = -1},
    {.bitmap_index = 37901, .adv_w = 236, .box_w = 13, .box_h = 14, .ofs_x = 1, .ofs_y = -1},
    {.bitmap_index = 37924, .adv_w = 236, .box_w = 13, .box_h = 14, .ofs_x = 1, .ofs_y = -1},
    {.bitmap_index = 37947, .adv_w = 236, .box_w = 13, .box_h = 14, .ofs_x = 1, .ofs_y = -1},
    {.bitmap_index = 37970, .adv_w = 236, .box_w = 13, .box_h = 14, .ofs_x = 1, .ofs_y = -1},
    {.bitmap_index = 37993, .adv_w = 236, .box_w = 13, .box_h = 14, .ofs_x = 1, .ofs_y = -1},
    {.bitmap_index = 38016, .adv_w = 236, .box_w = 11, .box_h = 14, .ofs_x = 1, .ofs_y = -1},
    {.bitmap_index = 38036, .adv_w = 236, .box_w = 11, .box_h = 14, .ofs_x = 1, .ofs_y = -1},
    {.bitmap_index = 38056, .adv_w = 236, .box_w = 12, .box_h = 14, .ofs_x = 1, .ofs_y = -1},
    {.bitmap_index = 38077, .adv_w = 236, .box_w = 12, .box_h = 14, .ofs_x = 1, .ofs_y = -1},
    {.bitmap_index = 38098, .adv_w = 236, .box_w = 12, .box_h = 14, .ofs_x = 1, .ofs_y = -1},
    {.bitmap_index = 38119, .adv_w = 236, .box_w = 11, .box_h = 14, .ofs_x = 1, .ofs_y = -1},
    {.bitmap_index = 38139, .adv_w = 236, .box_w = 11, .box_h = 14, .ofs_x = 1, .ofs_y = -1},
    {.bitmap_index = 38159, .adv_w = 236, .box_w = 11, .box_h = 14, .ofs_x = 1, .ofs_y = -1},
    {.bitmap_index = 38179, .adv_w = 236, .box_w = 12, .box_h = 15, .ofs_x = 1, .ofs_y = -2},
    {.bitmap_index = 38202, .adv_w = 236, .box_w = 11, .box_h = 14, .ofs_x = 1, .ofs_y = -1},
    {.bitmap_index = 38222, .adv_w = 236, .box_w = 12, .box_h = 14, .ofs_x = 1, .ofs_y = -1},
    {.bitmap_index = 38243, .adv_w = 236, .box_w = 12, .box_h = 14, .ofs_x = 1, .ofs_y = -1},
    {.bitmap_index = 38264, .adv_w = 236, .box_w = 11, .box_h = 14, .ofs_x = 1, .ofs_y = -1},
    {.bitmap_index = 38284, .adv_w = 236, .box_w = 13, .box_h = 14, .ofs_x = 1, .ofs_y = -1},
    {.bitmap_index = 38307, .adv_w = 236, .box_w = 14, .box_h = 14, .ofs_x = 0, .ofs_y = -1},
    {.bitmap_index = 38332, .adv_w = 236, .box_w = 13, .box_h = 14, .ofs_x = 1, .ofs_y = -1},
    {.bitmap_index = 38355, .adv_w = 236, .box_w = 14, .box_h = 14, .ofs_x = 1, .ofs_y = -1},
    {.bitmap_index = 38380, .adv_w = 236, .box_w = 14, .box_h = 14, .ofs_x = 0, .ofs_y = -1},
    {.bitmap_index = 38405, .adv_w = 236, .box_w = 14, .box_h = 14, .ofs_x = 0, .ofs_y = -1},
    {.bitmap_index = 38430, .adv_w = 236, .box_w = 14, .box_h = 14, .ofs_x = 0, .ofs_y = -1},
    {.bitmap_index = 38455, .adv_w = 236, .box_w = 14, .box_h = 14, .ofs_x = 0, .ofs_y = -1},
    {.bitmap_index = 38480, .adv_w = 236, .box_w = 14, .box_h = 14, .ofs_x = 0, .ofs_y = -1},
    {.bitmap_index = 38505, .adv_w = 236, .box_w = 14, .box_h = 14, .ofs_x = 0, .ofs_y = -1},
    {.bitmap_index = 38530, .adv_w = 236, .box_w = 14, .box_h = 14, .ofs_x = 0, .ofs_y = -1},
    {.bitmap_index = 38555, .adv_w = 236, .box_w = 13, .box_h = 14, .ofs_x = 1, .ofs_y = -1},
    {.bitmap_index = 38578, .adv_w = 236, .box_w = 13, .box_h = 14, .ofs_x = 1, .ofs_y = -1},
    {.bitmap_index = 38601, .adv_w = 236, .box_w = 13, .box_h = 14, .ofs_x = 1, .ofs_y = -1},
    {.bitmap_index = 38624, .adv_w = 236, .box_w = 13, .box_h = 14, .ofs_x = 1, .ofs_y = -1},
    {.bitmap_index = 38647, .adv_w = 236, .box_w = 13, .box_h = 14, .ofs_x = 1, .ofs_y = -1},
    {.bitmap_index = 38670, .adv_w = 236, .box_w = 13, .box_h = 14, .ofs_x = 1, .ofs_y = -1},
    {.bitmap_index = 38693, .adv_w = 236, .box_w = 13, .box_h = 15, .ofs_x = 1, .ofs_y = -2},
    {.bitmap_index = 38718, .adv_w = 236, .box_w = 13, .box_h = 14, .ofs_x = 1, .ofs_y = -1},
    {.bitmap_index = 38741, .adv_w = 236, .box_w = 13, .box_h = 14, .ofs_x = 1, .ofs_y = -1},
    {.bitmap_index = 38764, .adv_w = 236, .box_w = 13, .box_h = 14, .ofs_x = 1, .ofs_y = -1},
    {.bitmap_index = 38787, .adv_w = 236, .box_w = 13, .box_h = 14, .ofs_x = 1, .ofs_y = -1},
    {.bitmap_index = 38810, .adv_w = 236, .box_w = 14, .box_h = 14, .ofs_x = 0, .ofs_y = -1},
    {.bitmap_index = 38835, .adv_w = 236, .box_w = 12, .box_h = 14, .ofs_x = 1, .ofs_y = -1},
    {.bitmap_index = 38856, .adv_w = 236, .box_w = 13, .box_h = 14, .ofs_x = 0, .ofs_y = -1},
    {.bitmap_index = 38879, .adv_w = 236, .box_w = 12, .box_h = 14, .ofs_x = 1, .ofs_y = -1},
    {.bitmap_index = 38900, .adv_w = 236, .box_w = 13, .box_h = 14, .ofs_x = 0, .ofs_y = -1},
    {.bitmap_index = 38923, .adv_w = 236, .box_w = 13, .box_h = 14, .ofs_x = 0, .ofs_y = -1},
    {.bitmap_index = 38946, .adv_w = 236, .box_w = 13, .box_h = 14, .ofs_x = 0, .ofs_y = -1},
    {.bitmap_index = 38969, .adv_w = 236, .box_w = 14, .box_h = 14, .ofs_x = 0, .ofs_y = -1},
    {.bitmap_index = 38994, .adv_w = 236, .box_w = 14, .box_h = 14, .ofs_x = 0, .ofs_y = -1},
    {.bitmap_index = 39019, .adv_w = 236, .box_w = 13, .box_h = 14, .ofs_x = 0, .ofs_y = -1},
    {.bitmap_index = 39042, .adv_w = 236, .box_w = 13, .box_h = 14, .ofs_x = 1, .ofs_y = -1},
    {.bitmap_index = 39065, .adv_w = 236, .box_w = 12, .box_h = 14, .ofs_x = 1, .ofs_y = -1},
    {.bitmap_index = 39086, .adv_w = 236, .box_w = 12, .box_h = 14, .ofs_x = 1, .ofs_y = -1},
    {.bitmap_index = 39107, .adv_w = 236, .box_w = 14, .box_h = 14, .ofs_x = 0, .ofs_y = -1},
    {.bitmap_index = 39132, .adv_w = 236, .box_w = 13, .box_h = 11, .ofs_x = 1, .ofs_y = 1},
    {.bitmap_index = 39150, .adv_w = 236, .box_w = 13, .box_h = 14, .ofs_x = 1, .ofs_y = -1},
    {.bitmap_index = 39173, .adv_w = 236, .box_w = 13, .box_h = 14, .ofs_x = 1, .ofs_y = -1},
    {.bitmap_index = 39196, .adv_w = 236, .box_w = 13, .box_h = 14, .ofs_x = 1, .ofs_y = -1},
    {.bitmap_index = 39219, .adv_w = 236, .box_w = 13, .box_h = 14, .ofs_x = 1, .ofs_y = -1},
    {.bitmap_index = 39242, .adv_w = 236, .box_w = 13, .box_h = 14, .ofs_x = 1, .ofs_y = -1},
    {.bitmap_index = 39265, .adv_w = 236, .box_w = 13, .box_h = 14, .ofs_x = 1, .ofs_y = -1},
    {.bitmap_index = 39288, .adv_w = 236, .box_w = 13, .box_h = 14, .ofs_x = 1, .ofs_y = -1},
    {.bitmap_index = 39311, .adv_w = 236, .box_w = 13, .box_h = 14, .ofs_x = 1, .ofs_y = -1},
    {.bitmap_index = 39334, .adv_w = 236, .box_w = 14, .box_h = 14, .ofs_x = 0, .ofs_y = -1},
    {.bitmap_index = 39359, .adv_w = 236, .box_w = 14, .box_h = 14, .ofs_x = 0, .ofs_y = -1},
    {.bitmap_index = 39384, .adv_w = 236, .box_w = 14, .box_h = 14, .ofs_x = 0, .ofs_y = -1},
    {.bitmap_index = 39409, .adv_w = 236, .box_w = 14, .box_h = 14, .ofs_x = 0, .ofs_y = -1},
    {.bitmap_index = 39434, .adv_w = 236, .box_w = 13, .box_h = 14, .ofs_x = 0, .ofs_y = -1},
    {.bitmap_index = 39457, .adv_w = 236, .box_w = 13, .box_h = 15, .ofs_x = 1, .ofs_y = -2},
    {.bitmap_index = 39482, .adv_w = 236, .box_w = 12, .box_h = 14, .ofs_x = 0, .ofs_y = -1},
    {.bitmap_index = 39503, .adv_w = 236, .box_w = 12, .box_h = 14, .ofs_x = 1, .ofs_y = -1},
    {.bitmap_index = 39524, .adv_w = 236, .box_w = 13, .box_h = 14, .ofs_x = 1, .ofs_y = -1},
    {.bitmap_index = 39547, .adv_w = 236, .box_w = 12, .box_h = 14, .ofs_x = 1, .ofs_y = -1},
    {.bitmap_index = 39568, .adv_w = 236, .box_w = 12, .box_h = 14, .ofs_x = 1, .ofs_y = -1},
    {.bitmap_index = 39589, .adv_w = 236, .box_w = 13, .box_h = 14, .ofs_x = 1, .ofs_y = -1},
    {.bitmap_index = 39612, .adv_w = 236, .box_w = 13, .box_h = 13, .ofs_x = 1, .ofs_y = -1},
    {.bitmap_index = 39634, .adv_w = 236, .box_w = 13, .box_h = 14, .ofs_x = 1, .ofs_y = -1},
    {.bitmap_index = 39657, .adv_w = 236, .box_w = 13, .box_h = 14, .ofs_x = 1, .ofs_y = -1},
    {.bitmap_index = 39680, .adv_w = 236, .box_w = 13, .box_h = 14, .ofs_x = 1, .ofs_y = -1},
    {.bitmap_index = 39703, .adv_w = 236, .box_w = 13, .box_h = 14, .ofs_x = 1, .ofs_y = -1},
    {.bitmap_index = 39726, .adv_w = 236, .box_w = 13, .box_h = 14, .ofs_x = 1, .ofs_y = -1},
    {.bitmap_index = 39749, .adv_w = 236, .box_w = 13, .box_h = 14, .ofs_x = 1, .ofs_y = -1},
    {.bitmap_index = 39772, .adv_w = 236, .box_w = 11, .box_h = 14, .ofs_x = 1, .ofs_y = -1},
    {.bitmap_index = 39792, .adv_w = 236, .box_w = 13, .box_h = 14, .ofs_x = 0, .ofs_y = -1},
    {.bitmap_index = 39815, .adv_w = 236, .box_w = 12, .box_h = 14, .ofs_x = 0, .ofs_y = -1},
    {.bitmap_index = 39836, .adv_w = 236, .box_w = 11, .box_h = 14, .ofs_x = 1, .ofs_y = -1},
    {.bitmap_index = 39856, .adv_w = 236, .box_w = 13, .box_h = 13, .ofs_x = 1, .ofs_y = -1},
    {.bitmap_index = 39878, .adv_w = 236, .box_w = 13, .box_h = 11, .ofs_x = 1, .ofs_y = 1},
    {.bitmap_index = 39896, .adv_w = 236, .box_w = 13, .box_h = 14, .ofs_x = 1, .ofs_y = -1},
    {.bitmap_index = 39919, .adv_w = 236, .box_w = 13, .box_h = 14, .ofs_x = 1, .ofs_y = -1},
    {.bitmap_index = 39942, .adv_w = 236, .box_w = 13, .box_h = 14, .ofs_x = 1, .ofs_y = -1},
    {.bitmap_index = 39965, .adv_w = 236, .box_w = 12, .box_h = 14, .ofs_x = 1, .ofs_y = -1},
    {.bitmap_index = 39986, .adv_w = 236, .box_w = 12, .box_h = 14, .ofs_x = 0, .ofs_y = -1},
    {.bitmap_index = 40007, .adv_w = 236, .box_w = 13, .box_h = 14, .ofs_x = 0, .ofs_y = -1},
    {.bitmap_index = 40030, .adv_w = 236, .box_w = 11, .box_h = 14, .ofs_x = 1, .ofs_y = -1},
    {.bitmap_index = 40050, .adv_w = 236, .box_w = 12, .box_h = 14, .ofs_x = 0, .ofs_y = -1},
    {.bitmap_index = 40071, .adv_w = 236, .box_w = 12, .box_h = 14, .ofs_x = 0, .ofs_y = -1},
    {.bitmap_index = 40092, .adv_w = 236, .box_w = 12, .box_h = 14, .ofs_x = 0, .ofs_y = -1},
    {.bitmap_index = 40113, .adv_w = 236, .box_w = 13, .box_h = 14, .ofs_x = 0, .ofs_y = -1},
    {.bitmap_index = 40136, .adv_w = 236, .box_w = 11, .box_h = 14, .ofs_x = 1, .ofs_y = -1},
    {.bitmap_index = 40156, .adv_w = 236, .box_w = 13, .box_h = 14, .ofs_x = 1, .ofs_y = -1},
    {.bitmap_index = 40179, .adv_w = 236, .box_w = 13, .box_h = 14, .ofs_x = 1, .ofs_y = -1},
    {.bitmap_index = 40202, .adv_w = 236, .box_w = 13, .box_h = 14, .ofs_x = 1, .ofs_y = -1},
    {.bitmap_index = 40225, .adv_w = 236, .box_w = 13, .box_h = 14, .ofs_x = 1, .ofs_y = -1},
    {.bitmap_index = 40248, .adv_w = 236, .box_w = 13, .box_h = 14, .ofs_x = 1, .ofs_y = -1},
    {.bitmap_index = 40271, .adv_w = 236, .box_w = 13, .box_h = 14, .ofs_x = 1, .ofs_y = -1},
    {.bitmap_index = 40294, .adv_w = 236, .box_w = 13, .box_h = 14, .ofs_x = 1, .ofs_y = -1},
    {.bitmap_index = 40317, .adv_w = 236, .box_w = 13, .box_h = 15, .ofs_x = 1, .ofs_y = -2},
    {.bitmap_index = 40342, .adv_w = 236, .box_w = 13, .box_h = 14, .ofs_x = 1, .ofs_y = -1},
    {.bitmap_index = 40365, .adv_w = 236, .box_w = 13, .box_h = 14, .ofs_x = 1, .ofs_y = -1},
    {.bitmap_index = 40388, .adv_w = 236, .box_w = 13, .box_h = 14, .ofs_x = 1, .ofs_y = -1},
    {.bitmap_index = 40411, .adv_w = 236, .box_w = 12, .box_h = 14, .ofs_x = 1, .ofs_y = -1},
    {.bitmap_index = 40432, .adv_w = 236, .box_w = 11, .box_h = 14, .ofs_x = 1, .ofs_y = -1},
    {.bitmap_index = 40452, .adv_w = 236, .box_w = 12, .box_h = 14, .ofs_x = 1, .ofs_y = -1},
    {.bitmap_index = 40473, .adv_w = 236, .box_w = 13, .box_h = 14, .ofs_x = 1, .ofs_y = -1},
    {.bitmap_index = 40496, .adv_w = 236, .box_w = 11, .box_h = 14, .ofs_x = 1, .ofs_y = -1},
    {.bitmap_index = 40516, .adv_w = 236, .box_w = 11, .box_h = 14, .ofs_x = 1, .ofs_y = -1},
    {.bitmap_index = 40536, .adv_w = 236, .box_w = 12, .box_h = 14, .ofs_x = 1, .ofs_y = -1},
    {.bitmap_index = 40557, .adv_w = 236, .box_w = 12, .box_h = 14, .ofs_x = 1, .ofs_y = -1},
    {.bitmap_index = 40578, .adv_w = 236, .box_w = 12, .box_h = 14, .ofs_x = 1, .ofs_y = -1},
    {.bitmap_index = 40599, .adv_w = 236, .box_w = 13, .box_h = 14, .ofs_x = 1, .ofs_y = -1},
    {.bitmap_index = 40622, .adv_w = 236, .box_w = 13, .box_h = 14, .ofs_x = 1, .ofs_y = -1},
    {.bitmap_index = 40645, .adv_w = 236, .box_w = 13, .box_h = 14, .ofs_x = 1, .ofs_y = -1},
    {.bitmap_index = 40668, .adv_w = 236, .box_w = 13, .box_h = 14, .ofs_x = 1, .ofs_y = -1},
    {.bitmap_index = 40691, .adv_w = 236, .box_w = 13, .box_h = 14, .ofs_x = 1, .ofs_y = -1},
    {.bitmap_index = 40714, .adv_w = 236, .box_w = 13, .box_h = 14, .ofs_x = 1, .ofs_y = -1},
    {.bitmap_index = 40737, .adv_w = 236, .box_w = 11, .box_h = 14, .ofs_x = 1, .ofs_y = -1},
    {.bitmap_index = 40757, .adv_w = 236, .box_w = 11, .box_h = 14, .ofs_x = 1, .ofs_y = -1},
    {.bitmap_index = 40777, .adv_w = 236, .box_w = 12, .box_h = 14, .ofs_x = 1, .ofs_y = -1},
    {.bitmap_index = 40798, .adv_w = 236, .box_w = 12, .box_h = 14, .ofs_x = 1, .ofs_y = -1},
    {.bitmap_index = 40819, .adv_w = 236, .box_w = 11, .box_h = 14, .ofs_x = 1, .ofs_y = -1},
    {.bitmap_index = 40839, .adv_w = 236, .box_w = 11, .box_h = 14, .ofs_x = 1, .ofs_y = -1},
    {.bitmap_index = 40859, .adv_w = 236, .box_w = 12, .box_h = 14, .ofs_x = 1, .ofs_y = -1},
    {.bitmap_index = 40880, .adv_w = 236, .box_w = 12, .box_h = 14, .ofs_x = 1, .ofs_y = -1},
    {.bitmap_index = 40901, .adv_w = 236, .box_w = 12, .box_h = 14, .ofs_x = 1, .ofs_y = -1},
    {.bitmap_index = 40922, .adv_w = 236, .box_w = 12, .box_h = 14, .ofs_x = 1, .ofs_y = -1},
    {.bitmap_index = 40943, .adv_w = 236, .box_w = 11, .box_h = 14, .ofs_x = 1, .ofs_y = -1},
    {.bitmap_index = 40963, .adv_w = 236, .box_w = 12, .box_h = 14, .ofs_x = 1, .ofs_y = -1},
    {.bitmap_index = 40984, .adv_w = 236, .box_w = 13, .box_h = 14, .ofs_x = 1, .ofs_y = -1},
    {.bitmap_index = 41007, .adv_w = 236, .box_w = 11, .box_h = 14, .ofs_x = 1, .ofs_y = -1},
    {.bitmap_index = 41027, .adv_w = 236, .box_w = 11, .box_h = 14, .ofs_x = 1, .ofs_y = -1},
    {.bitmap_index = 41047, .adv_w = 236, .box_w = 12, .box_h = 15, .ofs_x = 1, .ofs_y = -2},
    {.bitmap_index = 41070, .adv_w = 236, .box_w = 11, .box_h = 14, .ofs_x = 1, .ofs_y = -1},
    {.bitmap_index = 41090, .adv_w = 236, .box_w = 11, .box_h = 14, .ofs_x = 1, .ofs_y = -1},
    {.bitmap_index = 41110, .adv_w = 236, .box_w = 12, .box_h = 14, .ofs_x = 1, .ofs_y = -1},
    {.bitmap_index = 41131, .adv_w = 236, .box_w = 12, .box_h = 14, .ofs_x = 1, .ofs_y = -1},
    {.bitmap_index = 41152, .adv_w = 236, .box_w = 12, .box_h = 14, .ofs_x = 1, .ofs_y = -1},
    {.bitmap_index = 41173, .adv_w = 236, .box_w = 12, .box_h = 14, .ofs_x = 1, .ofs_y = -1},
    {.bitmap_index = 41194, .adv_w = 236, .box_w = 11, .box_h = 14, .ofs_x = 1, .ofs_y = -1},
    {.bitmap_index = 41214, .adv_w = 236, .box_w = 13, .box_h = 12, .ofs_x = 1, .ofs_y = 1},
    {.bitmap_index = 41234, .adv_w = 236, .box_w = 13, .box_h = 14, .ofs_x = 1, .ofs_y = -1},
    {.bitmap_index = 41257, .adv_w = 236, .box_w = 13, .box_h = 14, .ofs_x = 1, .ofs_y = -1},
    {.bitmap_index = 41280, .adv_w = 236, .box_w = 13, .box_h = 14, .ofs_x = 1, .ofs_y = -1},
    {.bitmap_index = 41303, .adv_w = 236, .box_w = 13, .box_h = 14, .ofs_x = 1, .ofs_y = -1},
    {.bitmap_index = 41326, .adv_w = 236, .box_w = 13, .box_h = 14, .ofs_x = 1, .ofs_y = -1},
    {.bitmap_index = 41349, .adv_w = 236, .box_w = 13, .box_h = 14, .ofs_x = 1, .ofs_y = -1},
    {.bitmap_index = 41372, .adv_w = 236, .box_w = 13, .box_h = 14, .ofs_x = 1, .ofs_y = -1},
    {.bitmap_index = 41395, .adv_w = 236, .box_w = 14, .box_h = 14, .ofs_x = 0, .ofs_y = -1},
    {.bitmap_index = 41420, .adv_w = 236, .box_w = 14, .box_h = 14, .ofs_x = 0, .ofs_y = -1},
    {.bitmap_index = 41445, .adv_w = 236, .box_w = 14, .box_h = 14, .ofs_x = 0, .ofs_y = -1},
    {.bitmap_index = 41470, .adv_w = 236, .box_w = 14, .box_h = 14, .ofs_x = 0, .ofs_y = -1},
    {.bitmap_index = 41495, .adv_w = 236, .box_w = 12, .box_h = 14, .ofs_x = 1, .ofs_y = -1},
    {.bitmap_index = 41516, .adv_w = 236, .box_w = 12, .box_h = 14, .ofs_x = 1, .ofs_y = -1},
    {.bitmap_index = 41537, .adv_w = 236, .box_w = 12, .box_h = 14, .ofs_x = 1, .ofs_y = -1},
    {.bitmap_index = 41558, .adv_w = 236, .box_w = 12, .box_h = 14, .ofs_x = 1, .ofs_y = -1},
    {.bitmap_index = 41579, .adv_w = 236, .box_w = 12, .box_h = 14, .ofs_x = 1, .ofs_y = -1},
    {.bitmap_index = 41600, .adv_w = 236, .box_w = 13, .box_h = 14, .ofs_x = 1, .ofs_y = -1},
    {.bitmap_index = 41623, .adv_w = 236, .box_w = 12, .box_h = 14, .ofs_x = 1, .ofs_y = -1},
    {.bitmap_index = 41644, .adv_w = 236, .box_w = 13, .box_h = 12, .ofs_x = 1, .ofs_y = 1},
    {.bitmap_index = 41664, .adv_w = 236, .box_w = 13, .box_h = 14, .ofs_x = 1, .ofs_y = -1},
    {.bitmap_index = 41687, .adv_w = 236, .box_w = 13, .box_h = 14, .ofs_x = 1, .ofs_y = -1},
    {.bitmap_index = 41710, .adv_w = 236, .box_w = 13, .box_h = 14, .ofs_x = 1, .ofs_y = -1},
    {.bitmap_index = 41733, .adv_w = 236, .box_w = 13, .box_h = 14, .ofs_x = 1, .ofs_y = -1},
    {.bitmap_index = 41756, .adv_w = 236, .box_w = 13, .box_h = 14, .ofs_x = 1, .ofs_y = -1},
    {.bitmap_index = 41779, .adv_w = 236, .box_w = 13, .box_h = 14, .ofs_x = 1, .ofs_y = -1},
    {.bitmap_index = 41802, .adv_w = 236, .box_w = 13, .box_h = 14, .ofs_x = 1, .ofs_y = -1},
    {.bitmap_index = 41825, .adv_w = 236, .box_w = 13, .box_h = 14, .ofs_x = 1, .ofs_y = -1},
    {.bitmap_index = 41848, .adv_w = 236, .box_w = 13, .box_h = 14, .ofs_x = 1, .ofs_y = -1},
    {.bitmap_index = 41871, .adv_w = 236, .box_w = 12, .box_h = 14, .ofs_x = 0, .ofs_y = -1},
    {.bitmap_index = 41892, .adv_w = 236, .box_w = 13, .box_h = 14, .ofs_x = 0, .ofs_y = -1},
    {.bitmap_index = 41915, .adv_w = 236, .box_w = 13, .box_h = 14, .ofs_x = 0, .ofs_y = -1},
    {.bitmap_index = 41938, .adv_w = 236, .box_w = 12, .box_h = 14, .ofs_x = 1, .ofs_y = -1},
    {.bitmap_index = 41959, .adv_w = 236, .box_w = 12, .box_h = 14, .ofs_x = 1, .ofs_y = -1},
    {.bitmap_index = 41980, .adv_w = 236, .box_w = 12, .box_h = 14, .ofs_x = 1, .ofs_y = -1},
    {.bitmap_index = 42001, .adv_w = 236, .box_w = 12, .box_h = 14, .ofs_x = 1, .ofs_y = -1},
    {.bitmap_index = 42022, .adv_w = 236, .box_w = 12, .box_h = 14, .ofs_x = 1, .ofs_y = -1},
    {.bitmap_index = 42043, .adv_w = 236, .box_w = 12, .box_h = 14, .ofs_x = 1, .ofs_y = -1},
    {.bitmap_index = 42064, .adv_w = 236, .box_w = 13, .box_h = 15, .ofs_x = 1, .ofs_y = -2},
    {.bitmap_index = 42089, .adv_w = 236, .box_w = 12, .box_h = 14, .ofs_x = 1, .ofs_y = -1},
    {.bitmap_index = 42110, .adv_w = 236, .box_w = 13, .box_h = 14, .ofs_x = 1, .ofs_y = -1},
    {.bitmap_index = 42133, .adv_w = 236, .box_w = 13, .box_h = 14, .ofs_x = 1, .ofs_y = -1},
    {.bitmap_index = 42156, .adv_w = 236, .box_w = 13, .box_h = 14, .ofs_x = 1, .ofs_y = -1},
    {.bitmap_index = 42179, .adv_w = 236, .box_w = 13, .box_h = 14, .ofs_x = 1, .ofs_y = -1},
    {.bitmap_index = 42202, .adv_w = 236, .box_w = 13, .box_h = 14, .ofs_x = 1, .ofs_y = -1},
    {.bitmap_index = 42225, .adv_w = 236, .box_w = 13, .box_h = 12, .ofs_x = 1, .ofs_y = 1},
    {.bitmap_index = 42245, .adv_w = 236, .box_w = 13, .box_h = 14, .ofs_x = 1, .ofs_y = -1},
    {.bitmap_index = 42268, .adv_w = 236, .box_w = 13, .box_h = 14, .ofs_x = 1, .ofs_y = -1},
    {.bitmap_index = 42291, .adv_w = 236, .box_w = 13, .box_h = 14, .ofs_x = 1, .ofs_y = -1},
    {.bitmap_index = 42314, .adv_w = 236, .box_w = 13, .box_h = 14, .ofs_x = 1, .ofs_y = -1},
    {.bitmap_index = 42337, .adv_w = 236, .box_w = 13, .box_h = 14, .ofs_x = 1, .ofs_y = -1},
    {.bitmap_index = 42360, .adv_w = 236, .box_w = 13, .box_h = 14, .ofs_x = 1, .ofs_y = -1},
    {.bitmap_index = 42383, .adv_w = 236, .box_w = 13, .box_h = 14, .ofs_x = 1, .ofs_y = -1},
    {.bitmap_index = 42406, .adv_w = 236, .box_w = 11, .box_h = 14, .ofs_x = 1, .ofs_y = -1},
    {.bitmap_index = 42426, .adv_w = 236, .box_w = 11, .box_h = 14, .ofs_x = 1, .ofs_y = -1},
    {.bitmap_index = 42446, .adv_w = 236, .box_w = 12, .box_h = 14, .ofs_x = 1, .ofs_y = -1},
    {.bitmap_index = 42467, .adv_w = 236, .box_w = 12, .box_h = 14, .ofs_x = 1, .ofs_y = -1},
    {.bitmap_index = 42488, .adv_w = 236, .box_w = 12, .box_h = 14, .ofs_x = 1, .ofs_y = -1},
    {.bitmap_index = 42509, .adv_w = 236, .box_w = 11, .box_h = 14, .ofs_x = 1, .ofs_y = -1},
    {.bitmap_index = 42529, .adv_w = 236, .box_w = 11, .box_h = 14, .ofs_x = 1, .ofs_y = -1},
    {.bitmap_index = 42549, .adv_w = 236, .box_w = 11, .box_h = 14, .ofs_x = 1, .ofs_y = -1},
    {.bitmap_index = 42569, .adv_w = 236, .box_w = 12, .box_h = 14, .ofs_x = 1, .ofs_y = -1},
    {.bitmap_index = 42590, .adv_w = 236, .box_w = 11, .box_h = 14, .ofs_x = 1, .ofs_y = -1},
    {.bitmap_index = 42610, .adv_w = 236, .box_w = 13, .box_h = 14, .ofs_x = 1, .ofs_y = -1},
    {.bitmap_index = 42633, .adv_w = 236, .box_w = 13, .box_h = 14, .ofs_x = 1, .ofs_y = -1},
    {.bitmap_index = 42656, .adv_w = 236, .box_w = 13, .box_h = 14, .ofs_x = 1, .ofs_y = -1},
    {.bitmap_index = 42679, .adv_w = 236, .box_w = 13, .box_h = 14, .ofs_x = 1, .ofs_y = -1},
    {.bitmap_index = 42702, .adv_w = 236, .box_w = 13, .box_h = 14, .ofs_x = 1, .ofs_y = -1},
    {.bitmap_index = 42725, .adv_w = 236, .box_w = 13, .box_h = 14, .ofs_x = 1, .ofs_y = -1},
    {.bitmap_index = 42748, .adv_w = 236, .box_w = 13, .box_h = 14, .ofs_x = 1, .ofs_y = -1},
    {.bitmap_index = 42771, .adv_w = 236, .box_w = 13, .box_h = 14, .ofs_x = 1, .ofs_y = -1},
    {.bitmap_index = 42794, .adv_w = 236, .box_w = 12, .box_h = 14, .ofs_x = 1, .ofs_y = -1},
    {.bitmap_index = 42815, .adv_w = 236, .box_w = 12, .box_h = 14, .ofs_x = 0, .ofs_y = -1},
    {.bitmap_index = 42836, .adv_w = 236, .box_w = 13, .box_h = 14, .ofs_x = 0, .ofs_y = -1},
    {.bitmap_index = 42859, .adv_w = 236, .box_w = 14, .box_h = 14, .ofs_x = 0, .ofs_y = -1},
    {.bitmap_index = 42884, .adv_w = 236, .box_w = 12, .box_h = 14, .ofs_x = 0, .ofs_y = -1},
    {.bitmap_index = 42905, .adv_w = 236, .box_w = 12, .box_h = 14, .ofs_x = 0, .ofs_y = -1},
    {.bitmap_index = 42926, .adv_w = 236, .box_w = 13, .box_h = 14, .ofs_x = 0, .ofs_y = -1},
    {.bitmap_index = 42949, .adv_w = 236, .box_w = 13, .box_h = 14, .ofs_x = 0, .ofs_y = -1},
    {.bitmap_index = 42972, .adv_w = 236, .box_w = 13, .box_h = 14, .ofs_x = 0, .ofs_y = -1},
    {.bitmap_index = 42995, .adv_w = 236, .box_w = 13, .box_h = 14, .ofs_x = 1, .ofs_y = -1},
    {.bitmap_index = 43018, .adv_w = 236, .box_w = 13, .box_h = 14, .ofs_x = 1, .ofs_y = -1},
    {.bitmap_index = 43041, .adv_w = 236, .box_w = 13, .box_h = 14, .ofs_x = 1, .ofs_y = -1},
    {.bitmap_index = 43064, .adv_w = 236, .box_w = 12, .box_h = 14, .ofs_x = 0, .ofs_y = -1},
    {.bitmap_index = 43085, .adv_w = 236, .box_w = 12, .box_h = 14, .ofs_x = 1, .ofs_y = -1},
    {.bitmap_index = 43106, .adv_w = 236, .box_w = 12, .box_h = 14, .ofs_x = 1, .ofs_y = -1},
    {.bitmap_index = 43127, .adv_w = 236, .box_w = 12, .box_h = 14, .ofs_x = 1, .ofs_y = -1},
    {.bitmap_index = 43148, .adv_w = 236, .box_w = 12, .box_h = 14, .ofs_x = 1, .ofs_y = -1},
    {.bitmap_index = 43169, .adv_w = 236, .box_w = 12, .box_h = 14, .ofs_x = 1, .ofs_y = -1},
    {.bitmap_index = 43190, .adv_w = 236, .box_w = 12, .box_h = 14, .ofs_x = 1, .ofs_y = -1},
    {.bitmap_index = 43211, .adv_w = 236, .box_w = 13, .box_h = 14, .ofs_x = 1, .ofs_y = -1},
    {.bitmap_index = 43234, .adv_w = 236, .box_w = 13, .box_h = 14, .ofs_x = 1, .ofs_y = -1},
    {.bitmap_index = 43257, .adv_w = 236, .box_w = 12, .box_h = 14, .ofs_x = 1, .ofs_y = -1},
    {.bitmap_index = 43278, .adv_w = 236, .box_w = 12, .box_h = 14, .ofs_x = 1, .ofs_y = -1},
    {.bitmap_index = 43299, .adv_w = 236, .box_w = 13, .box_h = 14, .ofs_x = 0, .ofs_y = -1},
    {.bitmap_index = 43322, .adv_w = 236, .box_w = 14, .box_h = 14, .ofs_x = 0, .ofs_y = -1},
    {.bitmap_index = 43347, .adv_w = 236, .box_w = 14, .box_h = 14, .ofs_x = 0, .ofs_y = -1},
    {.bitmap_index = 43372, .adv_w = 236, .box_w = 13, .box_h = 14, .ofs_x = 0, .ofs_y = -1},
    {.bitmap_index = 43395, .adv_w = 236, .box_w = 13, .box_h = 14, .ofs_x = 0, .ofs_y = -1},
    {.bitmap_index = 43418, .adv_w = 236, .box_w = 14, .box_h = 15, .ofs_x = 0, .ofs_y = -2},
    {.bitmap_index = 43445, .adv_w = 236, .box_w = 13, .box_h = 14, .ofs_x = 0, .ofs_y = -1},
    {.bitmap_index = 43468, .adv_w = 236, .box_w = 12, .box_h = 14, .ofs_x = 0, .ofs_y = -1},
    {.bitmap_index = 43489, .adv_w = 236, .box_w = 12, .box_h = 14, .ofs_x = 1, .ofs_y = -1},
    {.bitmap_index = 43510, .adv_w = 236, .box_w = 12, .box_h = 14, .ofs_x = 1, .ofs_y = -1},
    {.bitmap_index = 43531, .adv_w = 236, .box_w = 12, .box_h = 14, .ofs_x = 1, .ofs_y = -1},
    {.bitmap_index = 43552, .adv_w = 236, .box_w = 12, .box_h = 14, .ofs_x = 1, .ofs_y = -1},
    {.bitmap_index = 43573, .adv_w = 236, .box_w = 13, .box_h = 14, .ofs_x = 1, .ofs_y = -1},
    {.bitmap_index = 43596, .adv_w = 236, .box_w = 13, .box_h = 14, .ofs_x = 1, .ofs_y = -1},
    {.bitmap_index = 43619, .adv_w = 236, .box_w = 12, .box_h = 14, .ofs_x = 1, .ofs_y = -1},
    {.bitmap_index = 43640, .adv_w = 236, .box_w = 12, .box_h = 14, .ofs_x = 1, .ofs_y = -1},
    {.bitmap_index = 43661, .adv_w = 236, .box_w = 13, .box_h = 11, .ofs_x = 1, .ofs_y = 1},
    {.bitmap_index = 43679, .adv_w = 236, .box_w = 13, .box_h = 14, .ofs_x = 1, .ofs_y = -1},
    {.bitmap_index = 43702, .adv_w = 236, .box_w = 13, .box_h = 14, .ofs_x = 1, .ofs_y = -1},
    {.bitmap_index = 43725, .adv_w = 236, .box_w = 13, .box_h = 14, .ofs_x = 1, .ofs_y = -1},
    {.bitmap_index = 43748, .adv_w = 236, .box_w = 13, .box_h = 14, .ofs_x = 1, .ofs_y = -1},
    {.bitmap_index = 43771, .adv_w = 236, .box_w = 13, .box_h = 14, .ofs_x = 1, .ofs_y = -1},
    {.bitmap_index = 43794, .adv_w = 236, .box_w = 13, .box_h = 14, .ofs_x = 1, .ofs_y = -1},
    {.bitmap_index = 43817, .adv_w = 236, .box_w = 13, .box_h = 14, .ofs_x = 1, .ofs_y = -1},
    {.bitmap_index = 43840, .adv_w = 236, .box_w = 13, .box_h = 14, .ofs_x = 1, .ofs_y = -1},
    {.bitmap_index = 43863, .adv_w = 236, .box_w = 13, .box_h = 14, .ofs_x = 1, .ofs_y = -1},
    {.bitmap_index = 43886, .adv_w = 236, .box_w = 13, .box_h = 14, .ofs_x = 1, .ofs_y = -1},
    {.bitmap_index = 43909, .adv_w = 236, .box_w = 13, .box_h = 14, .ofs_x = 1, .ofs_y = -1},
    {.bitmap_index = 43932, .adv_w = 236, .box_w = 13, .box_h = 14, .ofs_x = 1, .ofs_y = -1},
    {.bitmap_index = 43955, .adv_w = 236, .box_w = 13, .box_h = 14, .ofs_x = 1, .ofs_y = -1},
    {.bitmap_index = 43978, .adv_w = 236, .box_w = 13, .box_h = 14, .ofs_x = 0, .ofs_y = -1},
    {.bitmap_index = 44001, .adv_w = 236, .box_w = 13, .box_h = 14, .ofs_x = 0, .ofs_y = -1},
    {.bitmap_index = 44024, .adv_w = 236, .box_w = 11, .box_h = 14, .ofs_x = 1, .ofs_y = -1},
    {.bitmap_index = 44044, .adv_w = 236, .box_w = 12, .box_h = 14, .ofs_x = 1, .ofs_y = -1},
    {.bitmap_index = 44065, .adv_w = 236, .box_w = 13, .box_h = 11, .ofs_x = 1, .ofs_y = 1},
    {.bitmap_index = 44083, .adv_w = 236, .box_w = 13, .box_h = 13, .ofs_x = 1, .ofs_y = -1},
    {.bitmap_index = 44105, .adv_w = 236, .box_w = 13, .box_h = 14, .ofs_x = 1, .ofs_y = -1},
    {.bitmap_index = 44128, .adv_w = 236, .box_w = 13, .box_h = 14, .ofs_x = 1, .ofs_y = -1},
    {.bitmap_index = 44151, .adv_w = 236, .box_w = 13, .box_h = 14, .ofs_x = 1, .ofs_y = -1},
    {.bitmap_index = 44174, .adv_w = 236, .box_w = 13, .box_h = 14, .ofs_x = 1, .ofs_y = -1},
    {.bitmap_index = 44197, .adv_w = 236, .box_w = 13, .box_h = 14, .ofs_x = 1, .ofs_y = -1},
    {.bitmap_index = 44220, .adv_w = 236, .box_w = 13, .box_h = 14, .ofs_x = 1, .ofs_y = -1},
    {.bitmap_index = 44243, .adv_w = 236, .box_w = 13, .box_h = 14, .ofs_x = 1, .ofs_y = -1},
    {.bitmap_index = 44266, .adv_w = 236, .box_w = 12, .box_h = 14, .ofs_x = 1, .ofs_y = -1},
    {.bitmap_index = 44287, .adv_w = 236, .box_w = 12, .box_h = 14, .ofs_x = 1, .ofs_y = -1},
    {.bitmap_index = 44308, .adv_w = 236, .box_w = 12, .box_h = 14, .ofs_x = 1, .ofs_y = -1},
    {.bitmap_index = 44329, .adv_w = 236, .box_w = 11, .box_h = 14, .ofs_x = 1, .ofs_y = -1},
    {.bitmap_index = 44349, .adv_w = 236, .box_w = 13, .box_h = 14, .ofs_x = 0, .ofs_y = -1},
    {.bitmap_index = 44372, .adv_w = 236, .box_w = 13, .box_h = 14, .ofs_x = 0, .ofs_y = -1},
    {.bitmap_index = 44395, .adv_w = 236, .box_w = 12, .box_h = 14, .ofs_x = 1, .ofs_y = -1},
    {.bitmap_index = 44416, .adv_w = 236, .box_w = 11, .box_h = 14, .ofs_x = 1, .ofs_y = -1},
    {.bitmap_index = 44436, .adv_w = 236, .box_w = 12, .box_h = 14, .ofs_x = 1, .ofs_y = -1},
    {.bitmap_index = 44457, .adv_w = 236, .box_w = 12, .box_h = 14, .ofs_x = 1, .ofs_y = -1},
    {.bitmap_index = 44478, .adv_w = 236, .box_w = 12, .box_h = 14, .ofs_x = 0, .ofs_y = -1},
    {.bitmap_index = 44499, .adv_w = 236, .box_w = 12, .box_h = 14, .ofs_x = 0, .ofs_y = -1},
    {.bitmap_index = 44520, .adv_w = 236, .box_w = 13, .box_h = 14, .ofs_x = 1, .ofs_y = -1},
    {.bitmap_index = 44543, .adv_w = 236, .box_w = 11, .box_h = 14, .ofs_x = 1, .ofs_y = -1},
    {.bitmap_index = 44563, .adv_w = 236, .box_w = 13, .box_h = 13, .ofs_x = 1, .ofs_y = -1},
    {.bitmap_index = 44585, .adv_w = 236, .box_w = 13, .box_h = 14, .ofs_x = 1, .ofs_y = -1},
    {.bitmap_index = 44608, .adv_w = 236, .box_w = 13, .box_h = 14, .ofs_x = 1, .ofs_y = -1},
    {.bitmap_index = 44631, .adv_w = 236, .box_w = 13, .box_h = 14, .ofs_x = 1, .ofs_y = -1},
    {.bitmap_index = 44654, .adv_w = 236, .box_w = 13, .box_h = 11, .ofs_x = 1, .ofs_y = 1},
    {.bitmap_index = 44672, .adv_w = 236, .box_w = 13, .box_h = 14, .ofs_x = 1, .ofs_y = -1},
    {.bitmap_index = 44695, .adv_w = 236, .box_w = 13, .box_h = 14, .ofs_x = 1, .ofs_y = -1},
    {.bitmap_index = 44718, .adv_w = 236, .box_w = 13, .box_h = 14, .ofs_x = 1, .ofs_y = -1},
    {.bitmap_index = 44741, .adv_w = 236, .box_w = 13, .box_h = 14, .ofs_x = 1, .ofs_y = -1},
    {.bitmap_index = 44764, .adv_w = 236, .box_w = 13, .box_h = 14, .ofs_x = 1, .ofs_y = -1},
    {.bitmap_index = 44787, .adv_w = 236, .box_w = 13, .box_h = 14, .ofs_x = 1, .ofs_y = -1},
    {.bitmap_index = 44810, .adv_w = 236, .box_w = 12, .box_h = 14, .ofs_x = 1, .ofs_y = -1},
    {.bitmap_index = 44831, .adv_w = 236, .box_w = 12, .box_h = 14, .ofs_x = 1, .ofs_y = -1},
    {.bitmap_index = 44852, .adv_w = 236, .box_w = 12, .box_h = 14, .ofs_x = 1, .ofs_y = -1},
    {.bitmap_index = 44873, .adv_w = 236, .box_w = 12, .box_h = 14, .ofs_x = 1, .ofs_y = -1},
    {.bitmap_index = 44894, .adv_w = 236, .box_w = 11, .box_h = 14, .ofs_x = 2, .ofs_y = -1},
    {.bitmap_index = 44914, .adv_w = 236, .box_w = 12, .box_h = 14, .ofs_x = 1, .ofs_y = -1},
    {.bitmap_index = 44935, .adv_w = 236, .box_w = 13, .box_h = 15, .ofs_x = 1, .ofs_y = -2},
    {.bitmap_index = 44960, .adv_w = 236, .box_w = 12, .box_h = 14, .ofs_x = 1, .ofs_y = -1},
    {.bitmap_index = 44981, .adv_w = 236, .box_w = 12, .box_h = 14, .ofs_x = 2, .ofs_y = -1},
    {.bitmap_index = 45002, .adv_w = 236, .box_w = 12, .box_h = 14, .ofs_x = 2, .ofs_y = -1},
    {.bitmap_index = 45023, .adv_w = 236, .box_w = 12, .box_h = 14, .ofs_x = 2, .ofs_y = -1},
    {.bitmap_index = 45044, .adv_w = 236, .box_w = 12, .box_h = 14, .ofs_x = 2, .ofs_y = -1},
    {.bitmap_index = 45065, .adv_w = 236, .box_w = 12, .box_h = 14, .ofs_x = 2, .ofs_y = -1},
    {.bitmap_index = 45086, .adv_w = 236, .box_w = 12, .box_h = 14, .ofs_x = 2, .ofs_y = -1},
    {.bitmap_index = 45107, .adv_w = 236, .box_w = 12, .box_h = 14, .ofs_x = 2, .ofs_y = -1},
    {.bitmap_index = 45128, .adv_w = 236, .box_w = 12, .box_h = 15, .ofs_x = 2, .ofs_y = -2},
    {.bitmap_index = 45151, .adv_w = 236, .box_w = 12, .box_h = 14, .ofs_x = 2, .ofs_y = -1},
    {.bitmap_index = 45172, .adv_w = 236, .box_w = 12, .box_h = 14, .ofs_x = 2, .ofs_y = -1},
    {.bitmap_index = 45193, .adv_w = 236, .box_w = 11, .box_h = 14, .ofs_x = 2, .ofs_y = -1},
    {.bitmap_index = 45213, .adv_w = 236, .box_w = 11, .box_h = 14, .ofs_x = 2, .ofs_y = -1},
    {.bitmap_index = 45233, .adv_w = 236, .box_w = 11, .box_h = 14, .ofs_x = 2, .ofs_y = -1},
    {.bitmap_index = 45253, .adv_w = 236, .box_w = 12, .box_h = 14, .ofs_x = 2, .ofs_y = -1},
    {.bitmap_index = 45274, .adv_w = 236, .box_w = 11, .box_h = 14, .ofs_x = 2, .ofs_y = -1},
    {.bitmap_index = 45294, .adv_w = 236, .box_w = 11, .box_h = 14, .ofs_x = 2, .ofs_y = -1},
    {.bitmap_index = 45314, .adv_w = 236, .box_w = 12, .box_h = 14, .ofs_x = 2, .ofs_y = -1},
    {.bitmap_index = 45335, .adv_w = 236, .box_w = 12, .box_h = 14, .ofs_x = 2, .ofs_y = -1},
    {.bitmap_index = 45356, .adv_w = 236, .box_w = 11, .box_h = 14, .ofs_x = 2, .ofs_y = -1},
    {.bitmap_index = 45376, .adv_w = 236, .box_w = 12, .box_h = 14, .ofs_x = 2, .ofs_y = -1},
    {.bitmap_index = 45397, .adv_w = 236, .box_w = 12, .box_h = 14, .ofs_x = 2, .ofs_y = -1},
    {.bitmap_index = 45418, .adv_w = 236, .box_w = 11, .box_h = 14, .ofs_x = 2, .ofs_y = -1},
    {.bitmap_index = 45438, .adv_w = 236, .box_w = 11, .box_h = 14, .ofs_x = 2, .ofs_y = -1},
    {.bitmap_index = 45458, .adv_w = 236, .box_w = 11, .box_h = 14, .ofs_x = 2, .ofs_y = -1},
    {.bitmap_index = 45478, .adv_w = 236, .box_w = 11, .box_h = 14, .ofs_x = 2, .ofs_y = -1},
    {.bitmap_index = 45498, .adv_w = 236, .box_w = 11, .box_h = 14, .ofs_x = 2, .ofs_y = -1},
    {.bitmap_index = 45518, .adv_w = 236, .box_w = 11, .box_h = 14, .ofs_x = 2, .ofs_y = -1},
    {.bitmap_index = 45538, .adv_w = 236, .box_w = 11, .box_h = 14, .ofs_x = 2, .ofs_y = -1},
    {.bitmap_index = 45558, .adv_w = 236, .box_w = 12, .box_h = 14, .ofs_x = 2, .ofs_y = -1},
    {.bitmap_index = 45579, .adv_w = 236, .box_w = 12, .box_h = 14, .ofs_x = 2, .ofs_y = -1},
    {.bitmap_index = 45600, .adv_w = 236, .box_w = 11, .box_h = 14, .ofs_x = 2, .ofs_y = -1},
    {.bitmap_index = 45620, .adv_w = 236, .box_w = 11, .box_h = 14, .ofs_x = 1, .ofs_y = -1},
    {.bitmap_index = 45640, .adv_w = 236, .box_w = 11, .box_h = 14, .ofs_x = 2, .ofs_y = -1},
    {.bitmap_index = 45660, .adv_w = 236, .box_w = 11, .box_h = 14, .ofs_x = 2, .ofs_y = -1},
    {.bitmap_index = 45680, .adv_w = 236, .box_w = 12, .box_h = 14, .ofs_x = 2, .ofs_y = -1},
    {.bitmap_index = 45701, .adv_w = 236, .box_w = 11, .box_h = 14, .ofs_x = 2, .ofs_y = -1},
    {.bitmap_index = 45721, .adv_w = 236, .box_w = 11, .box_h = 14, .ofs_x = 2, .ofs_y = -1},
    {.bitmap_index = 45741, .adv_w = 236, .box_w = 12, .box_h = 15, .ofs_x = 2, .ofs_y = -2},
    {.bitmap_index = 45764, .adv_w = 236, .box_w = 11, .box_h = 14, .ofs_x = 2, .ofs_y = -1},
    {.bitmap_index = 45784, .adv_w = 236, .box_w = 11, .box_h = 14, .ofs_x = 2, .ofs_y = -1},
    {.bitmap_index = 45804, .adv_w = 236, .box_w = 11, .box_h = 14, .ofs_x = 2, .ofs_y = -1},
    {.bitmap_index = 45824, .adv_w = 236, .box_w = 12, .box_h = 14, .ofs_x = 2, .ofs_y = -1},
    {.bitmap_index = 45845, .adv_w = 236, .box_w = 11, .box_h = 14, .ofs_x = 1, .ofs_y = -1},
    {.bitmap_index = 45865, .adv_w = 236, .box_w = 11, .box_h = 14, .ofs_x = 2, .ofs_y = -1},
    {.bitmap_index = 45885, .adv_w = 236, .box_w = 13, .box_h = 11, .ofs_x = 1, .ofs_y = 1},
    {.bitmap_index = 45903, .adv_w = 236, .box_w = 13, .box_h = 14, .ofs_x = 1, .ofs_y = -1},
    {.bitmap_index = 45926, .adv_w = 236, .box_w = 13, .box_h = 14, .ofs_x = 1, .ofs_y = -1},
    {.bitmap_index = 45949, .adv_w = 236, .box_w = 13, .box_h = 14, .ofs_x = 1, .ofs_y = -1},
    {.bitmap_index = 45972, .adv_w = 236, .box_w = 13, .box_h = 14, .ofs_x = 1, .ofs_y = -1},
    {.bitmap_index = 45995, .adv_w = 236, .box_w = 13, .box_h = 14, .ofs_x = 1, .ofs_y = -1},
    {.bitmap_index = 46018, .adv_w = 236, .box_w = 13, .box_h = 14, .ofs_x = 1, .ofs_y = -1},
    {.bitmap_index = 46041, .adv_w = 236, .box_w = 13, .box_h = 14, .ofs_x = 1, .ofs_y = -1},
    {.bitmap_index = 46064, .adv_w = 236, .box_w = 13, .box_h = 14, .ofs_x = 1, .ofs_y = -1},
    {.bitmap_index = 46087, .adv_w = 236, .box_w = 13, .box_h = 14, .ofs_x = 1, .ofs_y = -1},
    {.bitmap_index = 46110, .adv_w = 236, .box_w = 13, .box_h = 14, .ofs_x = 1, .ofs_y = -1},
    {.bitmap_index = 46133, .adv_w = 236, .box_w = 12, .box_h = 14, .ofs_x = 1, .ofs_y = -1},
    {.bitmap_index = 46154, .adv_w = 236, .box_w = 11, .box_h = 14, .ofs_x = 1, .ofs_y = -1},
    {.bitmap_index = 46174, .adv_w = 236, .box_w = 12, .box_h = 14, .ofs_x = 1, .ofs_y = -1},
    {.bitmap_index = 46195, .adv_w = 236, .box_w = 12, .box_h = 14, .ofs_x = 1, .ofs_y = -1},
    {.bitmap_index = 46216, .adv_w = 236, .box_w = 11, .box_h = 14, .ofs_x = 1, .ofs_y = -1},
    {.bitmap_index = 46236, .adv_w = 236, .box_w = 13, .box_h = 11, .ofs_x = 1, .ofs_y = 1},
    {.bitmap_index = 46254, .adv_w = 236, .box_w = 13, .box_h = 14, .ofs_x = 1, .ofs_y = -1},
    {.bitmap_index = 46277, .adv_w = 236, .box_w = 13, .box_h = 14, .ofs_x = 1, .ofs_y = -1},
    {.bitmap_index = 46300, .adv_w = 236, .box_w = 13, .box_h = 14, .ofs_x = 1, .ofs_y = -1},
    {.bitmap_index = 46323, .adv_w = 236, .box_w = 13, .box_h = 14, .ofs_x = 1, .ofs_y = -1},
    {.bitmap_index = 46346, .adv_w = 236, .box_w = 13, .box_h = 14, .ofs_x = 1, .ofs_y = -1},
    {.bitmap_index = 46369, .adv_w = 236, .box_w = 13, .box_h = 14, .ofs_x = 1, .ofs_y = -1},
    {.bitmap_index = 46392, .adv_w = 236, .box_w = 13, .box_h = 14, .ofs_x = 1, .ofs_y = -1},
    {.bitmap_index = 46415, .adv_w = 236, .box_w = 13, .box_h = 14, .ofs_x = 1, .ofs_y = -1},
    {.bitmap_index = 46438, .adv_w = 236, .box_w = 11, .box_h = 14, .ofs_x = 1, .ofs_y = -1},
    {.bitmap_index = 46458, .adv_w = 236, .box_w = 13, .box_h = 14, .ofs_x = 1, .ofs_y = -1},
    {.bitmap_index = 46481, .adv_w = 236, .box_w = 12, .box_h = 14, .ofs_x = 1, .ofs_y = -1},
    {.bitmap_index = 46502, .adv_w = 236, .box_w = 11, .box_h = 14, .ofs_x = 1, .ofs_y = -1},
    {.bitmap_index = 46522, .adv_w = 236, .box_w = 11, .box_h = 14, .ofs_x = 1, .ofs_y = -1},
    {.bitmap_index = 46542, .adv_w = 236, .box_w = 12, .box_h = 14, .ofs_x = 1, .ofs_y = -1},
    {.bitmap_index = 46563, .adv_w = 236, .box_w = 12, .box_h = 14, .ofs_x = 1, .ofs_y = -1},
    {.bitmap_index = 46584, .adv_w = 236, .box_w = 11, .box_h = 14, .ofs_x = 1, .ofs_y = -1},
    {.bitmap_index = 46604, .adv_w = 236, .box_w = 11, .box_h = 14, .ofs_x = 1, .ofs_y = -1},
    {.bitmap_index = 46624, .adv_w = 236, .box_w = 11, .box_h = 14, .ofs_x = 1, .ofs_y = -1},
    {.bitmap_index = 46644, .adv_w = 236, .box_w = 13, .box_h = 14, .ofs_x = 1, .ofs_y = -1},
    {.bitmap_index = 46667, .adv_w = 236, .box_w = 13, .box_h = 14, .ofs_x = 1, .ofs_y = -1},
    {.bitmap_index = 46690, .adv_w = 236, .box_w = 13, .box_h = 14, .ofs_x = 1, .ofs_y = -1},
    {.bitmap_index = 46713, .adv_w = 236, .box_w = 13, .box_h = 14, .ofs_x = 1, .ofs_y = -1},
    {.bitmap_index = 46736, .adv_w = 236, .box_w = 13, .box_h = 14, .ofs_x = 1, .ofs_y = -1},
    {.bitmap_index = 46759, .adv_w = 236, .box_w = 13, .box_h = 11, .ofs_x = 1, .ofs_y = 1},
    {.bitmap_index = 46777, .adv_w = 236, .box_w = 13, .box_h = 14, .ofs_x = 1, .ofs_y = -1},
    {.bitmap_index = 46800, .adv_w = 236, .box_w = 13, .box_h = 14, .ofs_x = 1, .ofs_y = -1},
    {.bitmap_index = 46823, .adv_w = 236, .box_w = 13, .box_h = 14, .ofs_x = 1, .ofs_y = -1},
    {.bitmap_index = 46846, .adv_w = 236, .box_w = 13, .box_h = 14, .ofs_x = 1, .ofs_y = -1},
    {.bitmap_index = 46869, .adv_w = 236, .box_w = 13, .box_h = 14, .ofs_x = 1, .ofs_y = -1},
    {.bitmap_index = 46892, .adv_w = 236, .box_w = 13, .box_h = 14, .ofs_x = 1, .ofs_y = -1},
    {.bitmap_index = 46915, .adv_w = 236, .box_w = 13, .box_h = 14, .ofs_x = 1, .ofs_y = -1},
    {.bitmap_index = 46938, .adv_w = 236, .box_w = 13, .box_h = 14, .ofs_x = 1, .ofs_y = -1},
    {.bitmap_index = 46961, .adv_w = 236, .box_w = 11, .box_h = 14, .ofs_x = 1, .ofs_y = -1},
    {.bitmap_index = 46981, .adv_w = 236, .box_w = 12, .box_h = 14, .ofs_x = 1, .ofs_y = -1},
    {.bitmap_index = 47002, .adv_w = 236, .box_w = 12, .box_h = 14, .ofs_x = 1, .ofs_y = -1},
    {.bitmap_index = 47023, .adv_w = 236, .box_w = 11, .box_h = 14, .ofs_x = 1, .ofs_y = -1},
    {.bitmap_index = 47043, .adv_w = 236, .box_w = 11, .box_h = 14, .ofs_x = 1, .ofs_y = -1},
    {.bitmap_index = 47063, .adv_w = 236, .box_w = 11, .box_h = 14, .ofs_x = 2, .ofs_y = -1},
    {.bitmap_index = 47083, .adv_w = 236, .box_w = 11, .box_h = 14, .ofs_x = 2, .ofs_y = -1},
    {.bitmap_index = 47103, .adv_w = 236, .box_w = 11, .box_h = 14, .ofs_x = 2, .ofs_y = -1},
    {.bitmap_index = 47123, .adv_w = 236, .box_w = 11, .box_h = 14, .ofs_x = 2, .ofs_y = -1},
    {.bitmap_index = 47143, .adv_w = 236, .box_w = 11, .box_h = 14, .ofs_x = 2, .ofs_y = -1},
    {.bitmap_index = 47163, .adv_w = 236, .box_w = 11, .box_h = 14, .ofs_x = 2, .ofs_y = -1},
    {.bitmap_index = 47183, .adv_w = 236, .box_w = 12, .box_h = 14, .ofs_x = 2, .ofs_y = -1},
    {.bitmap_index = 47204, .adv_w = 236, .box_w = 11, .box_h = 14, .ofs_x = 2, .ofs_y = -1},
    {.bitmap_index = 47224, .adv_w = 236, .box_w = 13, .box_h = 14, .ofs_x = 1, .ofs_y = -1},
    {.bitmap_index = 47247, .adv_w = 236, .box_w = 13, .box_h = 14, .ofs_x = 1, .ofs_y = -1},
    {.bitmap_index = 47270, .adv_w = 236, .box_w = 13, .box_h = 14, .ofs_x = 1, .ofs_y = -1},
    {.bitmap_index = 47293, .adv_w = 236, .box_w = 13, .box_h = 14, .ofs_x = 1, .ofs_y = -1},
    {.bitmap_index = 47316, .adv_w = 236, .box_w = 13, .box_h = 14, .ofs_x = 1, .ofs_y = -1},
    {.bitmap_index = 47339, .adv_w = 236, .box_w = 13, .box_h = 14, .ofs_x = 1, .ofs_y = -1},
    {.bitmap_index = 47362, .adv_w = 236, .box_w = 13, .box_h = 14, .ofs_x = 1, .ofs_y = -1},
    {.bitmap_index = 47385, .adv_w = 236, .box_w = 13, .box_h = 14, .ofs_x = 1, .ofs_y = -1},
    {.bitmap_index = 47408, .adv_w = 236, .box_w = 13, .box_h = 14, .ofs_x = 1, .ofs_y = -1},
    {.bitmap_index = 47431, .adv_w = 236, .box_w = 13, .box_h = 14, .ofs_x = 1, .ofs_y = -1},
    {.bitmap_index = 47454, .adv_w = 236, .box_w = 13, .box_h = 14, .ofs_x = 1, .ofs_y = -1},
    {.bitmap_index = 47477, .adv_w = 236, .box_w = 13, .box_h = 14, .ofs_x = 1, .ofs_y = -1},
    {.bitmap_index = 47500, .adv_w = 236, .box_w = 12, .box_h = 14, .ofs_x = 1, .ofs_y = -1},
    {.bitmap_index = 47521, .adv_w = 236, .box_w = 12, .box_h = 14, .ofs_x = 1, .ofs_y = -1},
    {.bitmap_index = 47542, .adv_w = 236, .box_w = 12, .box_h = 14, .ofs_x = 1, .ofs_y = -1},
    {.bitmap_index = 47563, .adv_w = 236, .box_w = 13, .box_h = 14, .ofs_x = 1, .ofs_y = -1},
    {.bitmap_index = 47586, .adv_w = 236, .box_w = 12, .box_h = 14, .ofs_x = 1, .ofs_y = -1},
    {.bitmap_index = 47607, .adv_w = 236, .box_w = 12, .box_h = 14, .ofs_x = 1, .ofs_y = -1},
    {.bitmap_index = 47628, .adv_w = 236, .box_w = 13, .box_h = 15, .ofs_x = 1, .ofs_y = -2},
    {.bitmap_index = 47653, .adv_w = 236, .box_w = 13, .box_h = 14, .ofs_x = 1, .ofs_y = -1},
    {.bitmap_index = 47676, .adv_w = 236, .box_w = 12, .box_h = 14, .ofs_x = 1, .ofs_y = -1},
    {.bitmap_index = 47697, .adv_w = 236, .box_w = 13, .box_h = 14, .ofs_x = 1, .ofs_y = -1},
    {.bitmap_index = 47720, .adv_w = 236, .box_w = 13, .box_h = 14, .ofs_x = 1, .ofs_y = -1},
    {.bitmap_index = 47743, .adv_w = 236, .box_w = 11, .box_h = 14, .ofs_x = 1, .ofs_y = -1},
    {.bitmap_index = 47763, .adv_w = 236, .box_w = 11, .box_h = 14, .ofs_x = 1, .ofs_y = -1},
    {.bitmap_index = 47783, .adv_w = 236, .box_w = 12, .box_h = 14, .ofs_x = 1, .ofs_y = -1},
    {.bitmap_index = 47804, .adv_w = 236, .box_w = 12, .box_h = 14, .ofs_x = 1, .ofs_y = -1},
    {.bitmap_index = 47825, .adv_w = 236, .box_w = 12, .box_h = 14, .ofs_x = 1, .ofs_y = -1},
    {.bitmap_index = 47846, .adv_w = 236, .box_w = 11, .box_h = 14, .ofs_x = 1, .ofs_y = -1},
    {.bitmap_index = 47866, .adv_w = 236, .box_w = 12, .box_h = 14, .ofs_x = 1, .ofs_y = -1},
    {.bitmap_index = 47887, .adv_w = 236, .box_w = 12, .box_h = 14, .ofs_x = 1, .ofs_y = -1},
    {.bitmap_index = 47908, .adv_w = 236, .box_w = 12, .box_h = 14, .ofs_x = 1, .ofs_y = -1},
    {.bitmap_index = 47929, .adv_w = 236, .box_w = 12, .box_h = 14, .ofs_x = 1, .ofs_y = -1},
    {.bitmap_index = 47950, .adv_w = 236, .box_w = 12, .box_h = 14, .ofs_x = 1, .ofs_y = -1},
    {.bitmap_index = 47971, .adv_w = 236, .box_w = 12, .box_h = 14, .ofs_x = 1, .ofs_y = -1},
    {.bitmap_index = 47992, .adv_w = 236, .box_w = 13, .box_h = 14, .ofs_x = 1, .ofs_y = -1},
    {.bitmap_index = 48015, .adv_w = 236, .box_w = 12, .box_h = 14, .ofs_x = 1, .ofs_y = -1},
    {.bitmap_index = 48036, .adv_w = 236, .box_w = 12, .box_h = 14, .ofs_x = 1, .ofs_y = -1},
    {.bitmap_index = 48057, .adv_w = 236, .box_w = 13, .box_h = 14, .ofs_x = 1, .ofs_y = -1},
    {.bitmap_index = 48080, .adv_w = 236, .box_w = 12, .box_h = 14, .ofs_x = 1, .ofs_y = -1},
    {.bitmap_index = 48101, .adv_w = 236, .box_w = 11, .box_h = 14, .ofs_x = 1, .ofs_y = -1},
    {.bitmap_index = 48121, .adv_w = 236, .box_w = 12, .box_h = 14, .ofs_x = 1, .ofs_y = -1},
    {.bitmap_index = 48142, .adv_w = 236, .box_w = 12, .box_h = 14, .ofs_x = 1, .ofs_y = -1},
    {.bitmap_index = 48163, .adv_w = 236, .box_w = 12, .box_h = 14, .ofs_x = 1, .ofs_y = -1},
    {.bitmap_index = 48184, .adv_w = 236, .box_w = 12, .box_h = 14, .ofs_x = 1, .ofs_y = -1},
    {.bitmap_index = 48205, .adv_w = 236, .box_w = 13, .box_h = 15, .ofs_x = 1, .ofs_y = -2},
    {.bitmap_index = 48230, .adv_w = 236, .box_w = 12, .box_h = 14, .ofs_x = 1, .ofs_y = -1},
    {.bitmap_index = 48251, .adv_w = 236, .box_w = 13, .box_h = 14, .ofs_x = 1, .ofs_y = -1},
    {.bitmap_index = 48274, .adv_w = 236, .box_w = 13, .box_h = 14, .ofs_x = 1, .ofs_y = -1},
    {.bitmap_index = 48297, .adv_w = 236, .box_w = 12, .box_h = 14, .ofs_x = 1, .ofs_y = -1},
    {.bitmap_index = 48318, .adv_w = 236, .box_w = 13, .box_h = 14, .ofs_x = 1, .ofs_y = -1},
    {.bitmap_index = 48341, .adv_w = 236, .box_w = 13, .box_h = 11, .ofs_x = 1, .ofs_y = 1},
    {.bitmap_index = 48359, .adv_w = 236, .box_w = 13, .box_h = 14, .ofs_x = 1, .ofs_y = -1},
    {.bitmap_index = 48382, .adv_w = 236, .box_w = 13, .box_h = 14, .ofs_x = 1, .ofs_y = -1},
    {.bitmap_index = 48405, .adv_w = 236, .box_w = 13, .box_h = 14, .ofs_x = 1, .ofs_y = -1},
    {.bitmap_index = 48428, .adv_w = 236, .box_w = 13, .box_h = 14, .ofs_x = 1, .ofs_y = -1},
    {.bitmap_index = 48451, .adv_w = 236, .box_w = 13, .box_h = 14, .ofs_x = 1, .ofs_y = -1},
    {.bitmap_index = 48474, .adv_w = 236, .box_w = 13, .box_h = 14, .ofs_x = 1, .ofs_y = -1},
    {.bitmap_index = 48497, .adv_w = 236, .box_w = 13, .box_h = 14, .ofs_x = 1, .ofs_y = -1},
    {.bitmap_index = 48520, .adv_w = 236, .box_w = 14, .box_h = 14, .ofs_x = 0, .ofs_y = -1},
    {.bitmap_index = 48545, .adv_w = 236, .box_w = 14, .box_h = 14, .ofs_x = 0, .ofs_y = -1},
    {.bitmap_index = 48570, .adv_w = 236, .box_w = 12, .box_h = 14, .ofs_x = 1, .ofs_y = -1},
    {.bitmap_index = 48591, .adv_w = 236, .box_w = 13, .box_h = 14, .ofs_x = 0, .ofs_y = -1},
    {.bitmap_index = 48614, .adv_w = 236, .box_w = 13, .box_h = 11, .ofs_x = 1, .ofs_y = 1},
    {.bitmap_index = 48632, .adv_w = 236, .box_w = 13, .box_h = 14, .ofs_x = 1, .ofs_y = -1},
    {.bitmap_index = 48655, .adv_w = 236, .box_w = 13, .box_h = 14, .ofs_x = 1, .ofs_y = -1},
    {.bitmap_index = 48678, .adv_w = 236, .box_w = 13, .box_h = 14, .ofs_x = 1, .ofs_y = -1},
    {.bitmap_index = 48701, .adv_w = 236, .box_w = 13, .box_h = 14, .ofs_x = 1, .ofs_y = -1},
    {.bitmap_index = 48724, .adv_w = 236, .box_w = 13, .box_h = 14, .ofs_x = 1, .ofs_y = -1},
    {.bitmap_index = 48747, .adv_w = 236, .box_w = 13, .box_h = 14, .ofs_x = 1, .ofs_y = -1},
    {.bitmap_index = 48770, .adv_w = 236, .box_w = 13, .box_h = 14, .ofs_x = 1, .ofs_y = -1},
    {.bitmap_index = 48793, .adv_w = 236, .box_w = 13, .box_h = 14, .ofs_x = 1, .ofs_y = -1},
    {.bitmap_index = 48816, .adv_w = 236, .box_w = 13, .box_h = 14, .ofs_x = 1, .ofs_y = -1},
    {.bitmap_index = 48839, .adv_w = 236, .box_w = 13, .box_h = 14, .ofs_x = 1, .ofs_y = -1},
    {.bitmap_index = 48862, .adv_w = 236, .box_w = 13, .box_h = 14, .ofs_x = 1, .ofs_y = -1},
    {.bitmap_index = 48885, .adv_w = 236, .box_w = 13, .box_h = 14, .ofs_x = 1, .ofs_y = -1},
    {.bitmap_index = 48908, .adv_w = 236, .box_w = 13, .box_h = 14, .ofs_x = 1, .ofs_y = -1},
    {.bitmap_index = 48931, .adv_w = 236, .box_w = 13, .box_h = 14, .ofs_x = 1, .ofs_y = -1},
    {.bitmap_index = 48954, .adv_w = 236, .box_w = 12, .box_h = 14, .ofs_x = 1, .ofs_y = -1},
    {.bitmap_index = 48975, .adv_w = 236, .box_w = 12, .box_h = 14, .ofs_x = 0, .ofs_y = -1},
    {.bitmap_index = 48996, .adv_w = 236, .box_w = 12, .box_h = 14, .ofs_x = 1, .ofs_y = -1},
    {.bitmap_index = 49017, .adv_w = 236, .box_w = 12, .box_h = 14, .ofs_x = 1, .ofs_y = -1},
    {.bitmap_index = 49038, .adv_w = 236, .box_w = 12, .box_h = 14, .ofs_x = 1, .ofs_y = -1},
    {.bitmap_index = 49059, .adv_w = 236, .box_w = 12, .box_h = 14, .ofs_x = 1, .ofs_y = -1},
    {.bitmap_index = 49080, .adv_w = 236, .box_w = 13, .box_h = 15, .ofs_x = 1, .ofs_y = -2},
    {.bitmap_index = 49105, .adv_w = 236, .box_w = 13, .box_h = 14, .ofs_x = 1, .ofs_y = -1},
    {.bitmap_index = 49128, .adv_w = 236, .box_w = 13, .box_h = 14, .ofs_x = 1, .ofs_y = -1},
    {.bitmap_index = 49151, .adv_w = 236, .box_w = 13, .box_h = 14, .ofs_x = 1, .ofs_y = -1},
    {.bitmap_index = 49174, .adv_w = 236, .box_w = 13, .box_h = 14, .ofs_x = 1, .ofs_y = -1},
    {.bitmap_index = 49197, .adv_w = 236, .box_w = 13, .box_h = 14, .ofs_x = 1, .ofs_y = -1},
    {.bitmap_index = 49220, .adv_w = 236, .box_w = 13, .box_h = 14, .ofs_x = 1, .ofs_y = -1},
    {.bitmap_index = 49243, .adv_w = 236, .box_w = 13, .box_h = 11, .ofs_x = 1, .ofs_y = 1},
    {.bitmap_index = 49261, .adv_w = 236, .box_w = 13, .box_h = 14, .ofs_x = 1, .ofs_y = -1},
    {.bitmap_index = 49284, .adv_w = 236, .box_w = 13, .box_h = 14, .ofs_x = 1, .ofs_y = -1},
    {.bitmap_index = 49307, .adv_w = 236, .box_w = 13, .box_h = 14, .ofs_x = 1, .ofs_y = -1},
    {.bitmap_index = 49330, .adv_w = 236, .box_w = 13, .box_h = 14, .ofs_x = 1, .ofs_y = -1},
    {.bitmap_index = 49353, .adv_w = 236, .box_w = 13, .box_h = 14, .ofs_x = 1, .ofs_y = -1},
    {.bitmap_index = 49376, .adv_w = 236, .box_w = 11, .box_h = 14, .ofs_x = 1, .ofs_y = -1},
    {.bitmap_index = 49396, .adv_w = 236, .box_w = 11, .box_h = 14, .ofs_x = 1, .ofs_y = -1},
    {.bitmap_index = 49416, .adv_w = 236, .box_w = 12, .box_h = 14, .ofs_x = 1, .ofs_y = -1},
    {.bitmap_index = 49437, .adv_w = 236, .box_w = 12, .box_h = 14, .ofs_x = 1, .ofs_y = -1},
    {.bitmap_index = 49458, .adv_w = 236, .box_w = 11, .box_h = 14, .ofs_x = 1, .ofs_y = -1},
    {.bitmap_index = 49478, .adv_w = 236, .box_w = 11, .box_h = 14, .ofs_x = 1, .ofs_y = -1},
    {.bitmap_index = 49498, .adv_w = 236, .box_w = 12, .box_h = 15, .ofs_x = 1, .ofs_y = -2},
    {.bitmap_index = 49521, .adv_w = 236, .box_w = 11, .box_h = 14, .ofs_x = 1, .ofs_y = -1},
    {.bitmap_index = 49541, .adv_w = 236, .box_w = 13, .box_h = 14, .ofs_x = 0, .ofs_y = -1},
    {.bitmap_index = 49564, .adv_w = 236, .box_w = 13, .box_h = 14, .ofs_x = 1, .ofs_y = -1},
    {.bitmap_index = 49587, .adv_w = 236, .box_w = 13, .box_h = 14, .ofs_x = 1, .ofs_y = -1},
    {.bitmap_index = 49610, .adv_w = 236, .box_w = 13, .box_h = 14, .ofs_x = 1, .ofs_y = -1},
    {.bitmap_index = 49633, .adv_w = 236, .box_w = 13, .box_h = 14, .ofs_x = 1, .ofs_y = -1},
    {.bitmap_index = 49656, .adv_w = 236, .box_w = 13, .box_h = 14, .ofs_x = 1, .ofs_y = -1},
    {.bitmap_index = 49679, .adv_w = 236, .box_w = 13, .box_h = 14, .ofs_x = 1, .ofs_y = -1},
    {.bitmap_index = 49702, .adv_w = 236, .box_w = 13, .box_h = 14, .ofs_x = 1, .ofs_y = -1},
    {.bitmap_index = 49725, .adv_w = 236, .box_w = 13, .box_h = 14, .ofs_x = 1, .ofs_y = -1},
    {.bitmap_index = 49748, .adv_w = 236, .box_w = 12, .box_h = 14, .ofs_x = 1, .ofs_y = -1},
    {.bitmap_index = 49769, .adv_w = 236, .box_w = 12, .box_h = 14, .ofs_x = 1, .ofs_y = -1},
    {.bitmap_index = 49790, .adv_w = 236, .box_w = 12, .box_h = 14, .ofs_x = 1, .ofs_y = -1},
    {.bitmap_index = 49811, .adv_w = 236, .box_w = 13, .box_h = 14, .ofs_x = 1, .ofs_y = -1},
    {.bitmap_index = 49834, .adv_w = 236, .box_w = 12, .box_h = 14, .ofs_x = 1, .ofs_y = -1},
    {.bitmap_index = 49855, .adv_w = 236, .box_w = 12, .box_h = 14, .ofs_x = 1, .ofs_y = -1},
    {.bitmap_index = 49876, .adv_w = 236, .box_w = 13, .box_h = 14, .ofs_x = 1, .ofs_y = -1},
    {.bitmap_index = 49899, .adv_w = 236, .box_w = 13, .box_h = 14, .ofs_x = 1, .ofs_y = -1},
    {.bitmap_index = 49922, .adv_w = 236, .box_w = 12, .box_h = 14, .ofs_x = 1, .ofs_y = -1},
    {.bitmap_index = 49943, .adv_w = 236, .box_w = 13, .box_h = 14, .ofs_x = 0, .ofs_y = -1},
    {.bitmap_index = 49966, .adv_w = 236, .box_w = 13, .box_h = 14, .ofs_x = 1, .ofs_y = -1},
    {.bitmap_index = 49989, .adv_w = 236, .box_w = 12, .box_h = 14, .ofs_x = 1, .ofs_y = -1},
    {.bitmap_index = 50010, .adv_w = 236, .box_w = 12, .box_h = 14, .ofs_x = 1, .ofs_y = -1},
    {.bitmap_index = 50031, .adv_w = 236, .box_w = 12, .box_h = 14, .ofs_x = 1, .ofs_y = -1},
    {.bitmap_index = 50052, .adv_w = 236, .box_w = 12, .box_h = 14, .ofs_x = 1, .ofs_y = -1},
    {.bitmap_index = 50073, .adv_w = 236, .box_w = 12, .box_h = 14, .ofs_x = 1, .ofs_y = -1},
    {.bitmap_index = 50094, .adv_w = 236, .box_w = 12, .box_h = 14, .ofs_x = 1, .ofs_y = -1},
    {.bitmap_index = 50115, .adv_w = 236, .box_w = 12, .box_h = 14, .ofs_x = 1, .ofs_y = -1},
    {.bitmap_index = 50136, .adv_w = 236, .box_w = 13, .box_h = 14, .ofs_x = 1, .ofs_y = -1},
    {.bitmap_index = 50159, .adv_w = 236, .box_w = 12, .box_h = 14, .ofs_x = 1, .ofs_y = -1},
    {.bitmap_index = 50180, .adv_w = 236, .box_w = 12, .box_h = 14, .ofs_x = 1, .ofs_y = -1},
    {.bitmap_index = 50201, .adv_w = 236, .box_w = 12, .box_h = 14, .ofs_x = 1, .ofs_y = -1},
    {.bitmap_index = 50222, .adv_w = 236, .box_w = 12, .box_h = 14, .ofs_x = 1, .ofs_y = -1},
    {.bitmap_index = 50243, .adv_w = 236, .box_w = 13, .box_h = 14, .ofs_x = 1, .ofs_y = -1},
    {.bitmap_index = 50266, .adv_w = 236, .box_w = 12, .box_h = 14, .ofs_x = 1, .ofs_y = -1},
    {.bitmap_index = 50287, .adv_w = 236, .box_w = 12, .box_h = 14, .ofs_x = 1, .ofs_y = -1},
    {.bitmap_index = 50308, .adv_w = 236, .box_w = 13, .box_h = 14, .ofs_x = 1, .ofs_y = -1},
    {.bitmap_index = 50331, .adv_w = 236, .box_w = 12, .box_h = 14, .ofs_x = 1, .ofs_y = -1},
    {.bitmap_index = 50352, .adv_w = 236, .box_w = 12, .box_h = 14, .ofs_x = 1, .ofs_y = -1},
    {.bitmap_index = 50373, .adv_w = 236, .box_w = 12, .box_h = 14, .ofs_x = 1, .ofs_y = -1},
    {.bitmap_index = 50394, .adv_w = 236, .box_w = 12, .box_h = 14, .ofs_x = 1, .ofs_y = -1},
    {.bitmap_index = 50415, .adv_w = 236, .box_w = 12, .box_h = 14, .ofs_x = 1, .ofs_y = -1},
    {.bitmap_index = 50436, .adv_w = 236, .box_w = 12, .box_h = 14, .ofs_x = 1, .ofs_y = -1},
    {.bitmap_index = 50457, .adv_w = 236, .box_w = 12, .box_h = 14, .ofs_x = 1, .ofs_y = -1},
    {.bitmap_index = 50478, .adv_w = 236, .box_w = 13, .box_h = 14, .ofs_x = 1, .ofs_y = -1},
    {.bitmap_index = 50501, .adv_w = 236, .box_w = 13, .box_h = 14, .ofs_x = 1, .ofs_y = -1},
    {.bitmap_index = 50524, .adv_w = 236, .box_w = 12, .box_h = 14, .ofs_x = 1, .ofs_y = -1},
    {.bitmap_index = 50545, .adv_w = 236, .box_w = 12, .box_h = 14, .ofs_x = 1, .ofs_y = -1},
    {.bitmap_index = 50566, .adv_w = 236, .box_w = 12, .box_h = 14, .ofs_x = 1, .ofs_y = -1},
    {.bitmap_index = 50587, .adv_w = 236, .box_w = 13, .box_h = 14, .ofs_x = 1, .ofs_y = -1},
    {.bitmap_index = 50610, .adv_w = 236, .box_w = 12, .box_h = 14, .ofs_x = 1, .ofs_y = -1},
    {.bitmap_index = 50631, .adv_w = 236, .box_w = 13, .box_h = 13, .ofs_x = 1, .ofs_y = 0},
    {.bitmap_index = 50653, .adv_w = 236, .box_w = 13, .box_h = 14, .ofs_x = 1, .ofs_y = -1},
    {.bitmap_index = 50676, .adv_w = 236, .box_w = 13, .box_h = 14, .ofs_x = 1, .ofs_y = -1},
    {.bitmap_index = 50699, .adv_w = 236, .box_w = 13, .box_h = 14, .ofs_x = 1, .ofs_y = -1},
    {.bitmap_index = 50722, .adv_w = 236, .box_w = 13, .box_h = 14, .ofs_x = 1, .ofs_y = -1},
    {.bitmap_index = 50745, .adv_w = 236, .box_w = 13, .box_h = 14, .ofs_x = 1, .ofs_y = -1},
    {.bitmap_index = 50768, .adv_w = 236, .box_w = 13, .box_h = 14, .ofs_x = 1, .ofs_y = -1},
    {.bitmap_index = 50791, .adv_w = 236, .box_w = 13, .box_h = 14, .ofs_x = 1, .ofs_y = -1},
    {.bitmap_index = 50814, .adv_w = 236, .box_w = 13, .box_h = 14, .ofs_x = 1, .ofs_y = -1},
    {.bitmap_index = 50837, .adv_w = 236, .box_w = 13, .box_h = 14, .ofs_x = 1, .ofs_y = -1},
    {.bitmap_index = 50860, .adv_w = 236, .box_w = 13, .box_h = 14, .ofs_x = 1, .ofs_y = -1},
    {.bitmap_index = 50883, .adv_w = 236, .box_w = 13, .box_h = 14, .ofs_x = 1, .ofs_y = -1},
    {.bitmap_index = 50906, .adv_w = 236, .box_w = 13, .box_h = 14, .ofs_x = 1, .ofs_y = -1},
    {.bitmap_index = 50929, .adv_w = 236, .box_w = 13, .box_h = 14, .ofs_x = 1, .ofs_y = -1},
    {.bitmap_index = 50952, .adv_w = 236, .box_w = 13, .box_h = 14, .ofs_x = 1, .ofs_y = -1},
    {.bitmap_index = 50975, .adv_w = 236, .box_w = 13, .box_h = 14, .ofs_x = 1, .ofs_y = -1},
    {.bitmap_index = 50998, .adv_w = 236, .box_w = 12, .box_h = 14, .ofs_x = 1, .ofs_y = -1},
    {.bitmap_index = 51019, .adv_w = 236, .box_w = 12, .box_h = 14, .ofs_x = 1, .ofs_y = -1},
    {.bitmap_index = 51040, .adv_w = 236, .box_w = 12, .box_h = 14, .ofs_x = 1, .ofs_y = -1},
    {.bitmap_index = 51061, .adv_w = 236, .box_w = 13, .box_h = 14, .ofs_x = 1, .ofs_y = -1},
    {.bitmap_index = 51084, .adv_w = 236, .box_w = 12, .box_h = 14, .ofs_x = 1, .ofs_y = -1},
    {.bitmap_index = 51105, .adv_w = 236, .box_w = 11, .box_h = 14, .ofs_x = 1, .ofs_y = -1},
    {.bitmap_index = 51125, .adv_w = 236, .box_w = 11, .box_h = 14, .ofs_x = 2, .ofs_y = -1},
    {.bitmap_index = 51145, .adv_w = 236, .box_w = 11, .box_h = 14, .ofs_x = 2, .ofs_y = -1},
    {.bitmap_index = 51165, .adv_w = 236, .box_w = 11, .box_h = 14, .ofs_x = 2, .ofs_y = -1},
    {.bitmap_index = 51185, .adv_w = 236, .box_w = 11, .box_h = 14, .ofs_x = 2, .ofs_y = -1},
    {.bitmap_index = 51205, .adv_w = 236, .box_w = 12, .box_h = 14, .ofs_x = 2, .ofs_y = -1},
    {.bitmap_index = 51226, .adv_w = 236, .box_w = 11, .box_h = 14, .ofs_x = 2, .ofs_y = -1},
    {.bitmap_index = 51246, .adv_w = 236, .box_w = 13, .box_h = 13, .ofs_x = 1, .ofs_y = 0},
    {.bitmap_index = 51268, .adv_w = 236, .box_w = 13, .box_h = 14, .ofs_x = 1, .ofs_y = -1},
    {.bitmap_index = 51291, .adv_w = 236, .box_w = 13, .box_h = 14, .ofs_x = 1, .ofs_y = -1},
    {.bitmap_index = 51314, .adv_w = 236, .box_w = 13, .box_h = 14, .ofs_x = 1, .ofs_y = -1},
    {.bitmap_index = 51337, .adv_w = 236, .box_w = 13, .box_h = 14, .ofs_x = 1, .ofs_y = -1},
    {.bitmap_index = 51360, .adv_w = 236, .box_w = 13, .box_h = 14, .ofs_x = 1, .ofs_y = -1},
    {.bitmap_index = 51383, .adv_w = 236, .box_w = 13, .box_h = 14, .ofs_x = 1, .ofs_y = -1},
    {.bitmap_index = 51406, .adv_w = 236, .box_w = 13, .box_h = 14, .ofs_x = 1, .ofs_y = -1},
    {.bitmap_index = 51429, .adv_w = 236, .box_w = 13, .box_h = 14, .ofs_x = 1, .ofs_y = -1},
    {.bitmap_index = 51452, .adv_w = 236, .box_w = 13, .box_h = 14, .ofs_x = 1, .ofs_y = -1},
    {.bitmap_index = 51475, .adv_w = 236, .box_w = 13, .box_h = 14, .ofs_x = 1, .ofs_y = -1},
    {.bitmap_index = 51498, .adv_w = 236, .box_w = 13, .box_h = 14, .ofs_x = 1, .ofs_y = -1},
    {.bitmap_index = 51521, .adv_w = 236, .box_w = 13, .box_h = 14, .ofs_x = 1, .ofs_y = -1},
    {.bitmap_index = 51544, .adv_w = 236, .box_w = 12, .box_h = 14, .ofs_x = 1, .ofs_y = -1},
    {.bitmap_index = 51565, .adv_w = 236, .box_w = 13, .box_h = 14, .ofs_x = 0, .ofs_y = -1},
    {.bitmap_index = 51588, .adv_w = 236, .box_w = 13, .box_h = 14, .ofs_x = 0, .ofs_y = -1},
    {.bitmap_index = 51611, .adv_w = 236, .box_w = 13, .box_h = 14, .ofs_x = 0, .ofs_y = -1},
    {.bitmap_index = 51634, .adv_w = 236, .box_w = 13, .box_h = 14, .ofs_x = 0, .ofs_y = -1},
    {.bitmap_index = 51657, .adv_w = 236, .box_w = 12, .box_h = 14, .ofs_x = 1, .ofs_y = -1},
    {.bitmap_index = 51678, .adv_w = 236, .box_w = 12, .box_h = 14, .ofs_x = 1, .ofs_y = -1},
    {.bitmap_index = 51699, .adv_w = 236, .box_w = 12, .box_h = 14, .ofs_x = 1, .ofs_y = -1},
    {.bitmap_index = 51720, .adv_w = 236, .box_w = 12, .box_h = 14, .ofs_x = 1, .ofs_y = -1},
    {.bitmap_index = 51741, .adv_w = 236, .box_w = 12, .box_h = 14, .ofs_x = 1, .ofs_y = -1},
    {.bitmap_index = 51762, .adv_w = 236, .box_w = 12, .box_h = 14, .ofs_x = 0, .ofs_y = -1},
    {.bitmap_index = 51783, .adv_w = 236, .box_w = 12, .box_h = 14, .ofs_x = 1, .ofs_y = -1},
    {.bitmap_index = 51804, .adv_w = 236, .box_w = 12, .box_h = 14, .ofs_x = 1, .ofs_y = -1},
    {.bitmap_index = 51825, .adv_w = 236, .box_w = 12, .box_h = 14, .ofs_x = 1, .ofs_y = -1},
    {.bitmap_index = 51846, .adv_w = 236, .box_w = 12, .box_h = 14, .ofs_x = 1, .ofs_y = -1},
    {.bitmap_index = 51867, .adv_w = 236, .box_w = 12, .box_h = 14, .ofs_x = 1, .ofs_y = -1},
    {.bitmap_index = 51888, .adv_w = 236, .box_w = 13, .box_h = 15, .ofs_x = 1, .ofs_y = -2},
    {.bitmap_index = 51913, .adv_w = 236, .box_w = 12, .box_h = 14, .ofs_x = 1, .ofs_y = -1},
    {.bitmap_index = 51934, .adv_w = 236, .box_w = 13, .box_h = 14, .ofs_x = 1, .ofs_y = -1},
    {.bitmap_index = 51957, .adv_w = 236, .box_w = 13, .box_h = 14, .ofs_x = 1, .ofs_y = -1},
    {.bitmap_index = 51980, .adv_w = 236, .box_w = 13, .box_h = 14, .ofs_x = 1, .ofs_y = -1},
    {.bitmap_index = 52003, .adv_w = 236, .box_w = 13, .box_h = 14, .ofs_x = 1, .ofs_y = -1},
    {.bitmap_index = 52026, .adv_w = 236, .box_w = 13, .box_h = 14, .ofs_x = 1, .ofs_y = -1},
    {.bitmap_index = 52049, .adv_w = 236, .box_w = 13, .box_h = 14, .ofs_x = 1, .ofs_y = -1},
    {.bitmap_index = 52072, .adv_w = 236, .box_w = 13, .box_h = 14, .ofs_x = 1, .ofs_y = -1},
    {.bitmap_index = 52095, .adv_w = 236, .box_w = 13, .box_h = 12, .ofs_x = 1, .ofs_y = 1},
    {.bitmap_index = 52115, .adv_w = 236, .box_w = 13, .box_h = 14, .ofs_x = 1, .ofs_y = -1},
    {.bitmap_index = 52138, .adv_w = 236, .box_w = 13, .box_h = 14, .ofs_x = 1, .ofs_y = -1},
    {.bitmap_index = 52161, .adv_w = 236, .box_w = 13, .box_h = 14, .ofs_x = 1, .ofs_y = -1},
    {.bitmap_index = 52184, .adv_w = 236, .box_w = 13, .box_h = 14, .ofs_x = 1, .ofs_y = -1},
    {.bitmap_index = 52207, .adv_w = 236, .box_w = 13, .box_h = 14, .ofs_x = 1, .ofs_y = -1},
    {.bitmap_index = 52230, .adv_w = 236, .box_w = 13, .box_h = 14, .ofs_x = 1, .ofs_y = -1},
    {.bitmap_index = 52253, .adv_w = 236, .box_w = 13, .box_h = 14, .ofs_x = 1, .ofs_y = -1},
    {.bitmap_index = 52276, .adv_w = 236, .box_w = 13, .box_h = 14, .ofs_x = 1, .ofs_y = -1},
    {.bitmap_index = 52299, .adv_w = 236, .box_w = 13, .box_h = 14, .ofs_x = 1, .ofs_y = -1},
    {.bitmap_index = 52322, .adv_w = 236, .box_w = 13, .box_h = 14, .ofs_x = 1, .ofs_y = -1},
    {.bitmap_index = 52345, .adv_w = 236, .box_w = 13, .box_h = 14, .ofs_x = 1, .ofs_y = -1},
    {.bitmap_index = 52368, .adv_w = 236, .box_w = 11, .box_h = 14, .ofs_x = 1, .ofs_y = -1},
    {.bitmap_index = 52388, .adv_w = 236, .box_w = 11, .box_h = 14, .ofs_x = 2, .ofs_y = -1},
    {.bitmap_index = 52408, .adv_w = 236, .box_w = 11, .box_h = 14, .ofs_x = 2, .ofs_y = -1},
    {.bitmap_index = 52428, .adv_w = 236, .box_w = 11, .box_h = 14, .ofs_x = 2, .ofs_y = -1},
    {.bitmap_index = 52448, .adv_w = 236, .box_w = 11, .box_h = 14, .ofs_x = 2, .ofs_y = -1},
    {.bitmap_index = 52468, .adv_w = 236, .box_w = 11, .box_h = 14, .ofs_x = 2, .ofs_y = -1},
    {.bitmap_index = 52488, .adv_w = 236, .box_w = 12, .box_h = 14, .ofs_x = 1, .ofs_y = -1},
    {.bitmap_index = 52509, .adv_w = 236, .box_w = 12, .box_h = 14, .ofs_x = 1, .ofs_y = -1},
    {.bitmap_index = 52530, .adv_w = 236, .box_w = 12, .box_h = 14, .ofs_x = 1, .ofs_y = -1},
    {.bitmap_index = 52551, .adv_w = 236, .box_w = 12, .box_h = 14, .ofs_x = 1, .ofs_y = -1},
    {.bitmap_index = 52572, .adv_w = 236, .box_w = 12, .box_h = 14, .ofs_x = 1, .ofs_y = -1},
    {.bitmap_index = 52593, .adv_w = 236, .box_w = 12, .box_h = 14, .ofs_x = 1, .ofs_y = -1},
    {.bitmap_index = 52614, .adv_w = 236, .box_w = 13, .box_h = 14, .ofs_x = 1, .ofs_y = -1},
    {.bitmap_index = 52637, .adv_w = 236, .box_w = 12, .box_h = 14, .ofs_x = 1, .ofs_y = -1}
};

/*---------------------
 *  CHARACTER MAPPING
 *--------------------*/

static const uint16_t unicode_list_1[] = {
    0x0, 0x2, 0x4, 0x6, 0xb, 0xd, 0xe, 0x13,
    0x14, 0x34, 0x54, 0x1f6d, 0x1f70, 0x1f71, 0x1f75, 0x1f76,
    0x1f79, 0x1f7a, 0x1f7f, 0x1f83, 0x1f98, 0x2009, 0x2073, 0x207f,
    0x20ed, 0x20ee, 0x20ef, 0x20f0, 0x20f1, 0x21a5, 0x21bd, 0x21c1,
    0x21c2, 0x2f65, 0x2f66, 0x2f67, 0x2f68, 0x2f69, 0x2f6a, 0x2f6b,
    0x2f6c, 0xab5d, 0xab5e, 0xab61, 0xab64, 0xab65, 0xab66, 0xab67,
    0xab6d, 0xab6e, 0xab6f, 0xab70, 0xab71, 0xab72, 0xab73, 0xab74,
    0xab76, 0xab77, 0xab78, 0xab79, 0xab7a, 0xab7d, 0xab81, 0xab89,
    0xab8a, 0xab8c, 0xab8d, 0xab8e, 0xab95, 0xab96, 0xab99, 0xab9d,
    0xaba8, 0xabaa, 0xabb1, 0xabb5, 0xabb9, 0xabcd, 0xabce, 0xabd1,
    0xabd4, 0xabd5, 0xabd7, 0xabdd, 0xabde, 0xabe0, 0xabe1, 0xabe2,
    0xabe3, 0xabe6, 0xabe7, 0xabe8, 0xabe9, 0xabed, 0xabf1, 0xabf9,
    0xabfa, 0xabfc, 0xabfd, 0xabfe, 0xac05, 0xac06, 0xac07, 0xac09,
    0xac0c, 0xac0d, 0xac15, 0xac16, 0xac18, 0xac19, 0xac1a, 0xac1e,
    0xac21, 0xac25, 0xac29, 0xac32, 0xac34, 0xac3d, 0xac3e, 0xac41,
    0xac44, 0xac45, 0xac47, 0xac49, 0xac4c, 0xac4d, 0xac4e, 0xac50,
    0xac52, 0xac53, 0xac59, 0xac5a, 0xac5d, 0xac61, 0xac63, 0xac69,
    0xac6a, 0xac6c, 0xac6e, 0xac75, 0xac79, 0xac7d, 0xac86, 0xac89,
    0xac8a, 0xac91, 0xac92, 0xac95, 0xac99, 0xaca1, 0xaca2, 0xaca4,
    0xaca6, 0xacad, 0xacb1, 0xacb5, 0xacbe, 0xacc0, 0xacc9, 0xacca,
    0xaccd, 0xacd0, 0xacd1, 0xacd2, 0xacd3, 0xacd8, 0xacd9, 0xacda,
    0xacdc, 0xacde, 0xacdf, 0xace5, 0xace6, 0xace9, 0xaced, 0xacf9,
    0xacfa, 0xad01, 0xad14, 0xad1d, 0xad1e, 0xad21, 0xad25, 0xad2d,
    0xad2e, 0xad30, 0xad39, 0xad3d, 0xad41, 0xad55, 0xad56, 0xad59,
    0xad5c, 0xad5d, 0xad5e, 0xad65, 0xad66, 0xad68, 0xad6a, 0xad71,
    0xad8d, 0xad8e, 0xad91, 0xad94, 0xad95, 0xad97, 0xad9d, 0xad9e,
    0xada0, 0xada2, 0xada3, 0xada7, 0xada9, 0xadaa, 0xadab, 0xadad,
    0xadb1, 0xadb3, 0xadb9, 0xadba, 0xadbc, 0xadbd, 0xadbe, 0xadc2,
    0xadc5, 0xadc6, 0xadc9, 0xadcd, 0xadd5, 0xadd6, 0xadd8, 0xadd9,
    0xadda, 0xade1, 0xade2, 0xade9, 0xae19, 0xae1a, 0xae1b, 0xae1d,
    0xae21, 0xae29, 0xae2a, 0xae2c, 0xae2d, 0xae2e, 0xae35, 0xae36,
    0xae39, 0xae45, 0xae48, 0xae4a, 0xae51, 0xae55, 0xae59, 0xae64,
    0xae65, 0xae6a, 0xae6d, 0xae89, 0xae8a, 0xae8d, 0xae8f, 0xae91,
    0xae99, 0xae9a, 0xae9c, 0xae9e, 0xae9f, 0xaea0, 0xaea5, 0xaea6,
    0xaead, 0xaeb9, 0xaeba, 0xaec1, 0xaec2, 0xaed6, 0xaedd, 0xaee1,
    0xaee5, 0xaeed, 0xaeee, 0xaef2, 0xaef9, 0xaf15, 0xaf16, 0xaf19,
    0xaf1d, 0xaf24, 0xaf25, 0xaf26, 0xaf28, 0xaf2a, 0xaf2b, 0xaf31,
    0xaf39, 0xaf45, 0xaf46, 0xaf4d, 0xaf4e, 0xaf51, 0xaf55, 0xaf5d,
    0xaf5e, 0xaf61, 0xaf69, 0xaf6d, 0xaf71, 0xaf79, 0xaf7a, 0xaf85,
    0xafa1, 0xafa2, 0xafa5, 0xafa7, 0xafa9, 0xafab, 0xafb0, 0xafb1,
    0xafb2, 0xafb4, 0xafb6, 0xafba, 0xafd9, 0xafda, 0xafdd, 0xafe1,
    0xafe9, 0xafea, 0xafec, 0xafee, 0xaff5, 0xaff6, 0xaff7, 0xaff9,
    0xaffc, 0xaffd, 0xaffe, 0xafff, 0xb005, 0xb006, 0xb008, 0xb009,
    0xb00a, 0xb00b, 0xb00c, 0xb00e, 0xb010, 0xb011, 0xb012, 0xb015,
    0xb019, 0xb021, 0xb022, 0xb024, 0xb025, 0xb026, 0xb02d, 0xb02e,
    0xb031, 0xb035, 0xb03d, 0xb042, 0xb065, 0xb066, 0xb068, 0xb069,
    0xb06d, 0xb06f, 0xb070, 0xb075, 0xb076, 0xb078, 0xb079, 0xb07a,
    0xb080, 0xb081, 0xb082, 0xb085, 0xb089, 0xb091, 0xb092, 0xb094,
    0xb095, 0xb096, 0xb09d, 0xb09e, 0xb0a1, 0xb0a5, 0xb0ad, 0xb0ae,
    0xb0b1, 0xb0b2, 0xb0b5, 0xb0b9, 0xb0bd, 0xb0d5, 0xb0d6, 0xb0d9,
    0xb0dd, 0xb0df, 0xb0e5, 0xb0e6, 0xb0e8, 0xb0ea, 0xb0ef, 0xb0f0,
    0xb0f1, 0xb0f5, 0xb0f9, 0xb105, 0xb129, 0xb12d, 0xb131, 0xb139,
    0xb13a, 0xb13c, 0xb145, 0xb146, 0xb149, 0xb14d, 0xb156, 0xb158,
    0xb15a, 0xb161, 0xb162, 0xb165, 0xb168, 0xb169, 0xb171, 0xb172,
    0xb174, 0xb176, 0xb17d, 0xb191, 0xb199, 0xb1b5, 0xb1b9, 0xb1bd,
    0xb1c5, 0xb1c6, 0xb1d1, 0xb1d2, 0xb1d9, 0xb1e1, 0xb1e2, 0xb1e6,
    0xb1ed, 0xb1ee, 0xb1f1, 0xb1f5, 0xb1f6, 0xb1f7, 0xb1fd, 0xb1fe,
    0xb200, 0xb202, 0xb203, 0xb207, 0xb209, 0xb20d, 0xb211, 0xb225,
    0xb226, 0xb229, 0xb22d, 0xb22f, 0xb235, 0xb236, 0xb238, 0xb23a,
    0xb23f, 0xb241, 0xb242, 0xb243, 0xb245, 0xb248, 0xb249, 0xb24a,
    0xb24b, 0xb24c, 0xb250, 0xb251, 0xb252, 0xb254, 0xb255, 0xb256,
    0xb257, 0xb258, 0xb25c, 0xb25d, 0xb25e, 0xb261, 0xb265, 0xb26d,
    0xb26e, 0xb270, 0xb271, 0xb272, 0xb279, 0xb2b1, 0xb2b2, 0xb2b3,
    0xb2b5, 0xb2b8, 0xb2b9, 0xb2bb, 0xb2bc, 0xb2c1, 0xb2c2, 0xb2c4,
    0xb2c6, 0xb2c8, 0xb2cb, 0xb2cd, 0xb2ce, 0xb2d1, 0xb2d5, 0xb2dd,
    0xb2de, 0xb2e0, 0xb2e1, 0xb2e2, 0xb2e9, 0xb2ed, 0xb2f1, 0xb2fd,
    0xb2fe, 0xb305, 0xb309, 0xb321, 0xb322, 0xb325, 0xb328, 0xb329,
    0xb32b, 0xb32d, 0xb331, 0xb332, 0xb334, 0xb336, 0xb338, 0xb33a,
    0xb33d, 0xb341, 0xb345, 0xb359, 0xb36d, 0xb375, 0xb379, 0xb37d,
    0xb385, 0xb386, 0xb388, 0xb391, 0xb3ad, 0xb3ae, 0xb3b1, 0xb3b5,
    0xb3bd, 0xb3be, 0xb3c0, 0xb3c2, 0xb3c9, 0xb3dd, 0xb3e5, 0xb3fa,
    0xb401, 0xb405, 0xb409, 0xb412, 0xb414, 0xb416, 0xb41d, 0xb421,
    0xb425, 0xb42d, 0xb432, 0xb439, 0xb43a, 0xb43d, 0xb440, 0xb441,
    0xb443, 0xb449, 0xb44a, 0xb44c, 0xb44e, 0xb455, 0xb471, 0xb472,
    0xb475, 0xb478, 0xb479, 0xb481, 0xb482, 0xb484, 0xb485, 0xb486,
    0xb487, 0xb48d, 0xb48e, 0xb491, 0xb495, 0xb49d, 0xb49e, 0xb4a0,
    0xb4a1, 0xb4a2, 0xb4a8, 0xb4a9, 0xb4aa, 0xb4ad, 0xb4b1, 0xb4b9,
    0xb4ba, 0xb4bc, 0xb4bd, 0xb4be, 0xb4fd, 0xb4fe, 0xb501, 0xb505,
    0xb507, 0xb508, 0xb50d, 0xb50e, 0xb510, 0xb511, 0xb512, 0xb518,
    0xb519, 0xb51a, 0xb51d, 0xb521, 0xb529, 0xb52a, 0xb52c, 0xb52d,
    0xb52e, 0xb535, 0xb549, 0xb56d, 0xb56e, 0xb571, 0xb575, 0xb582,
    0xb589, 0xb591, 0xb5a5, 0xb5c1, 0xb5c5, 0xb5f9, 0xb5fa, 0xb5fd,
    0xb601, 0xb608, 0xb609, 0xb60e, 0xb631, 0xb64d, 0xb651, 0xb655,
    0xb65d, 0xb65e, 0xb662, 0xb685, 0xb686, 0xb689, 0xb68c, 0xb68d,
    0xb695, 0xb696, 0xb698, 0xb6a1, 0xb6a5, 0xb6a9, 0xb6b1, 0xb6b2,
    0xb6bd, 0xb6c1, 0xb6c5, 0xb6cd, 0xb6ce, 0xb6d0, 0xb6d2, 0xb6d9,
    0xb6da, 0xb6dd, 0xb6e1, 0xb6e9, 0xb6ea, 0xb6ec, 0xb6ed, 0xb6ee,
    0xb6ef, 0xb6f3, 0xb6f4, 0xb6f5, 0xb6f6, 0xb6f9, 0xb6fd, 0xb705,
    0xb706, 0xb708, 0xb709, 0xb70a, 0xb711, 0xb712, 0xb715, 0xb724,
    0xb726, 0xb749, 0xb74a, 0xb74d, 0xb751, 0xb759, 0xb75a, 0xb75c,
    0xb75d, 0xb75e, 0xb764, 0xb765, 0xb766, 0xb769, 0xb76d, 0xb775,
    0xb776, 0xb778, 0xb77a, 0xb781, 0xb782, 0xb785, 0xb789, 0xb791,
    0xb792, 0xb794, 0xb795, 0xb796, 0xb79d, 0xb7a1, 0xb7ae, 0xb7b0,
    0xb7b9, 0xb7ba, 0xb7bd, 0xb7c1, 0xb7c9, 0xb7ca, 0xb7cc, 0xb7ce,
    0xb7d5, 0xb7d9, 0xb7ea, 0xb805, 0xb80d, 0xb811, 0xb815, 0xb81d,
    0xb81e, 0xb820, 0xb822, 0xb829, 0xb82d, 0xb831, 0xb83a, 0xb83c,
    0xb83e, 0xb845, 0xb846, 0xb849, 0xb84d, 0xb855, 0xb856, 0xb858,
    0xb85a, 0xb861, 0xb875, 0xb87d, 0xb899, 0xb89a, 0xb89d, 0xb8a1,
    0xb8a9, 0xb8ac, 0xb8ae, 0xb8b5, 0xb8b6, 0xb8b9, 0xb8bd, 0xb8c5,
    0xb8c6, 0xb8c8, 0xb8ca, 0xb8d1, 0xb8d2, 0xb8d5, 0xb8d9, 0xb8e1,
    0xb8e2, 0xb8e4, 0xb8e6, 0xb8e7, 0xb8ea, 0xb8eb, 0xb909, 0xb90a,
    0xb90d, 0xb911, 0xb919, 0xb91a, 0xb91c, 0xb91e, 0xb925, 0xb926,
    0xb929, 0xb92b, 0xb92c, 0xb92d, 0xb92e, 0xb92f, 0xb935, 0xb936,
    0xb938, 0xb93a, 0xb93b, 0xb93e, 0xb940, 0xb941, 0xb942, 0xb945,
    0xb949, 0xb951, 0xb952, 0xb954, 0xb955, 0xb956, 0xb957, 0xb95d,
    0xb95e, 0xb965, 0xb972, 0xb995, 0xb996, 0xb999, 0xb99d, 0xb99f,
    0xb9a5, 0xb9a6, 0xb9a8, 0xb9aa, 0xb9ab, 0xb9b0, 0xb9b1, 0xb9b2,
    0xb9b5, 0xb9b9, 0xb9c1, 0xb9c2, 0xb9c4, 0xb9c5, 0xb9c6, 0xb9cd,
    0xb9ce, 0xb9d1, 0xb9d5, 0xb9e0, 0xb9e1, 0xb9e2, 0xb9e4, 0xb9e9,
    0xba05, 0xba06, 0xba08, 0xba09, 0xba0d, 0xba0f, 0xba15, 0xba16,
    0xba18, 0xba1a, 0xba21, 0xba25, 0xba35, 0xba36, 0xba59, 0xba5d,
    0xba61, 0xba6a, 0xba6c, 0xba6e, 0xba75, 0xba79, 0xba7d, 0xba86,
    0xba88, 0xba91, 0xba92, 0xba93, 0xba95, 0xba98, 0xba99, 0xba9a,
    0xba9b, 0xbaa1, 0xbaa2, 0xbaa4, 0xbaa6, 0xbaaa, 0xbaac, 0xbaad,
    0xbab1, 0xbab5, 0xbabe, 0xbac0, 0xbac9, 0xbae5, 0xbae9, 0xbaed,
    0xbb01, 0xbb05, 0xbb09, 0xbb11, 0xbb14, 0xbb1d, 0xbb21, 0xbb25,
    0xbb2d, 0xbb30, 0xbb55, 0xbb56, 0xbb59, 0xbb5c, 0xbb5d, 0xbb5f,
    0xbb65, 0xbb66, 0xbb68, 0xbb69, 0xbb6a, 0xbb6c, 0xbb6e, 0xbb71,
    0xbb72, 0xbb73, 0xbb74, 0xbb75, 0xbb78, 0xbb79, 0xbb7a, 0xbb7b,
    0xbb7c, 0xbb81, 0xbb82, 0xbb84, 0xbb86, 0xbb8a, 0xbb8d, 0xbb8e,
    0xbb91, 0xbb95, 0xbb9d, 0xbb9e, 0xbba0, 0xbba1, 0xbba2, 0xbba6,
    0xbba9, 0xbbaa, 0xbbad, 0xbbba, 0xbbe1, 0xbbe2, 0xbbe5, 0xbbe8,
    0xbbe9, 0xbbeb, 0xbbf1, 0xbbf2, 0xbbf4, 0xbbf6, 0xbbf7, 0xbbfd,
    0xbbfe, 0xbc01, 0xbc04, 0xbc05, 0xbc0d, 0xbc0e, 0xbc10, 0xbc11,
    0xbc12, 0xbc19, 0xbc1a, 0xbc1d, 0xbc21, 0xbc2a, 0xbc2c, 0xbc2d,
    0xbc2e, 0xbc32, 0xbc35, 0xbc39, 0xbc51, 0xbc52, 0xbc53, 0xbc55,
    0xbc59, 0xbc61, 0xbc62, 0xbc64, 0xbc66, 0xbc6d, 0xbc71, 0xbc81,
    0xbc89, 0xbc9d, 0xbca5, 0xbca6, 0xbca9, 0xbcad, 0xbcb5, 0xbcb6,
    0xbcc1, 0xbcc5, 0xbcdd, 0xbcde, 0xbce1, 0xbce4, 0xbce5, 0xbce6,
    0xbce7, 0xbced, 0xbcee, 0xbcf0, 0xbcf2, 0xbcf6, 0xbcf7, 0xbcf9,
    0xbd01, 0xbd0d, 0xbd15, 0xbd31, 0xbd32, 0xbd35, 0xbd39, 0xbd46,
    0xbd4d, 0xbd51, 0xbd55, 0xbd5d, 0xbd60, 0xbd62, 0xbd69, 0xbd6a,
    0xbd6d, 0xbd71, 0xbd79, 0xbd7a, 0xbd7c, 0xbda1, 0xbda2, 0xbda5,
    0xbda9, 0xbdab, 0xbdb1, 0xbdb2, 0xbdb4, 0xbdb6, 0xbdb7, 0xbdb8,
    0xbdbd, 0xbdbe, 0xbdc1, 0xbdc5, 0xbdc7, 0xbdcd, 0xbdce, 0xbdd0,
    0xbdd1, 0xbdd2, 0xbdd8, 0xbdd9, 0xbdda, 0xbddd, 0xbde1, 0xbde9,
    0xbdea, 0xbdec, 0xbded, 0xbdee, 0xbdf5, 0xbdf6, 0xbe05, 0xbe2d,
    0xbe2e, 0xbe31, 0xbe34, 0xbe35, 0xbe3d, 0xbe40, 0xbe41, 0xbe42,
    0xbe49, 0xbe5e, 0xbe65, 0xbe66, 0xbe75, 0xbe76, 0xbe78, 0xbe79,
    0xbe7a, 0xbe9d, 0xbe9e, 0xbea1, 0xbea5, 0xbead, 0xbeae, 0xbeb2,
    0xbef1, 0xbf0d, 0xbf22, 0xbf29, 0xbf2a, 0xbf2d, 0xbf31, 0xbf39,
    0xbf3c, 0xbf3e, 0xbf99, 0xbfae, 0xbfb5, 0xbfb9, 0xbfbd, 0xbfc5,
    0xbfc6, 0xbfed, 0xbfee, 0xbff1, 0xbff5, 0xbffd, 0xbffe, 0xc000,
    0xc002, 0xc009, 0xc00a, 0xc00c, 0xc00d, 0xc010, 0xc011, 0xc012,
    0xc013, 0xc019, 0xc01a, 0xc01c, 0xc01d, 0xc01e, 0xc022, 0xc025,
    0xc026, 0xc029, 0xc02d, 0xc035, 0xc036, 0xc038, 0xc039, 0xc03a,
    0xc041, 0xc042, 0xc045, 0xc049, 0xc051, 0xc052, 0xc054, 0xc056,
    0xc05d, 0xc061, 0xc065, 0xc06d, 0xc072, 0xc079, 0xc07a, 0xc07b,
    0xc07c, 0xc07d, 0xc080, 0xc081, 0xc083, 0xc084, 0xc089, 0xc08a,
    0xc08c, 0xc08d, 0xc08e, 0xc093, 0xc095, 0xc096, 0xc099, 0xc09d,
    0xc0a5, 0xc0a6, 0xc0a8, 0xc0a9, 0xc0aa, 0xc0b1, 0xc0b2, 0xc0b5,
    0xc0b9, 0xc0c1, 0xc0c2, 0xc0c4, 0xc0c5, 0xc0c6, 0xc0cd, 0xc0d1,
    0xc0d5, 0xc0e2, 0xc0e9, 0xc0ea, 0xc0eb, 0xc0ed, 0xc0f1, 0xc0f3,
    0xc0f9, 0xc0fa, 0xc0fc, 0xc0fe, 0xc102, 0xc105, 0xc106, 0xc109,
    0xc10d, 0xc11a, 0xc121, 0xc125, 0xc129, 0xc131, 0xc134, 0xc135,
    0xc13d, 0xc141, 0xc145, 0xc14d, 0xc14e, 0xc150, 0xc159, 0xc15a,
    0xc15d, 0xc161, 0xc169, 0xc16a, 0xc16c, 0xc16e, 0xc175, 0xc176,
    0xc179, 0xc17c, 0xc17d, 0xc185, 0xc186, 0xc188, 0xc18a, 0xc18c,
    0xc18e, 0xc18f, 0xc191, 0xc1a5, 0xc1ad, 0xc1ae, 0xc1b1, 0xc1b5,
    0xc1bd, 0xc1c2, 0xc1c9, 0xc1ca, 0xc1cd, 0xc1d1, 0xc1d9, 0xc1da,
    0xc1dc, 0xc1de, 0xc1e5, 0xc1e6, 0xc1ed, 0xc1f5, 0xc1f8, 0xc1fa,
    0xc201, 0xc202, 0xc205, 0xc209, 0xc20a, 0xc211, 0xc212, 0xc214,
    0xc216, 0xc239, 0xc23a, 0xc23d, 0xc240, 0xc241, 0xc248, 0xc249,
    0xc24a, 0xc24c, 0xc24e, 0xc253, 0xc255, 0xc256, 0xc258, 0xc259,
    0xc25d, 0xc265, 0xc266, 0xc269, 0xc26a, 0xc270, 0xc271, 0xc272,
    0xc275, 0xc279, 0xc281, 0xc282, 0xc285, 0xc286, 0xc2a2, 0xc2c5,
    0xc2c6, 0xc2c9, 0xc2cd, 0xc2cf, 0xc2d5, 0xc2d6, 0xc2d9, 0xc2da,
    0xc2e1, 0xc2e5, 0xc2e9, 0xc31d, 0xc335, 0xc336, 0xc339, 0xc33c,
    0xc33d, 0xc33f, 0xc345, 0xc346, 0xc34a, 0xc351, 0xc352, 0xc355,
    0xc365, 0xc36d, 0xc381, 0xc389, 0xc38d, 0xc391, 0xc399, 0xc39a,
    0xc3a5, 0xc3c1, 0xc3c2, 0xc3c5, 0xc3c9, 0xc3d1, 0xc3d2, 0xc3d6,
    0xc3dd, 0xc3f1, 0xc3f9, 0xc415, 0xc419, 0xc446, 0xc44d, 0xc44e,
    0xc451, 0xc455, 0xc457, 0xc45c, 0xc45d, 0xc45e, 0xc469, 0xc46d,
    0xc471, 0xc479, 0xc485, 0xc486, 0xc489, 0xc48d, 0xc495, 0xc496,
    0xc498, 0xc49a, 0xc4a1, 0xc4a2, 0xc4a5, 0xc4a6, 0xc4a7, 0xc4a9,
    0xc4aa, 0xc4ab, 0xc4b0, 0xc4b1, 0xc4b2, 0xc4b4, 0xc4b5, 0xc4b6,
    0xc4ba, 0xc4bb, 0xc4bd, 0xc4be, 0xc4c1, 0xc4c5, 0xc4cd, 0xc4ce,
    0xc4d0, 0xc4d1, 0xc4d2, 0xc4d9, 0xc4da, 0xc4dd, 0xc4e1, 0xc4e4,
    0xc4e9, 0xc4ea, 0xc4ec, 0xc4ee, 0xc4f2, 0xc4f4, 0xc4f5, 0xc4f9,
    0xc4fd, 0xc506, 0xc511, 0xc512, 0xc515, 0xc516, 0xc518, 0xc519,
    0xc51a, 0xc51b, 0xc521, 0xc522, 0xc523, 0xc524, 0xc525, 0xc526,
    0xc527, 0xc529, 0xc52b, 0xc52d, 0xc52e, 0xc531, 0xc535, 0xc53d,
    0xc53e, 0xc540, 0xc542, 0xc549, 0xc54a, 0xc54b, 0xc54d, 0xc551,
    0xc553, 0xc554, 0xc559, 0xc55a, 0xc55b, 0xc55c, 0xc55d, 0xc55e,
    0xc562, 0xc563, 0xc564, 0xc565, 0xc569, 0xc56d, 0xc575, 0xc576,
    0xc578, 0xc579, 0xc581, 0xc582, 0xc585, 0xc589, 0xc58a, 0xc58b,
    0xc58d, 0xc590, 0xc591, 0xc592, 0xc594, 0xc596, 0xc598, 0xc59d,
    0xc59e, 0xc5a1, 0xc5a5, 0xc5ad, 0xc5ae, 0xc5b0, 0xc5b1, 0xc5b2,
    0xc5b9, 0xc5ba, 0xc5bd, 0xc5c9, 0xc5cc, 0xc5ce, 0xc5d5, 0xc5d6,
    0xc5d9, 0xc5dd, 0xc5e5, 0xc5e6, 0xc5e8, 0xc5ea, 0xc5f1, 0xc5f2,
    0xc5f5, 0xc5f9, 0xc601, 0xc602, 0xc604, 0xc606, 0xc60d, 0xc60e,
    0xc611, 0xc615, 0xc616, 0xc617, 0xc61d, 0xc61e, 0xc620, 0xc622,
    0xc629, 0xc62a, 0xc62d, 0xc631, 0xc639, 0xc63a, 0xc63d, 0xc63e,
    0xc645, 0xc646, 0xc649, 0xc64d, 0xc655, 0xc656, 0xc65a, 0xc661,
    0xc662, 0xc665, 0xc669, 0xc671, 0xc672, 0xc674, 0xc676, 0xc67d,
    0xc67e, 0xc681, 0xc685, 0xc68d, 0xc68e, 0xc690, 0xc692, 0xc694,
    0xc699, 0xc69a, 0xc69d, 0xc6a1, 0xc6a7, 0xc6a9, 0xc6aa, 0xc6ac,
    0xc6ae, 0xc6af, 0xc6b0, 0xc6b1, 0xc6b2, 0xc6b3, 0xc6b4, 0xc6b5,
    0xc6b9, 0xc6bd, 0xc6c5, 0xc6c8, 0xc6d1, 0xc6d2, 0xc6d5, 0xc6d9,
    0xc6da, 0xc6db, 0xc6e0, 0xc6e1, 0xc6e2, 0xc6e4, 0xc6e5, 0xc6e6,
    0xc6e7, 0xc6eb, 0xc6ed, 0xc6ee, 0xc6f1, 0xc6f3, 0xc6f4, 0xc6f5,
    0xc6f7, 0xc6fd, 0xc6fe, 0xc700, 0xc701, 0xc702, 0xc703, 0xc709,
    0xc70a, 0xc70d, 0xc711, 0xc719, 0xc71a, 0xc71c, 0xc71d, 0xc71e,
    0xc725, 0xc726, 0xc729, 0xc72b, 0xc72d, 0xc735, 0xc73a, 0xc741,
    0xc745, 0xc749, 0xc75d, 0xc75e, 0xc761, 0xc765, 0xc767, 0xc76d,
    0xc76e, 0xc770, 0xc772, 0xc773, 0xc779, 0xc77a, 0xc77d, 0xc781,
    0xc789, 0xc78a, 0xc78c, 0xc78e, 0xc795, 0xc799, 0xc79d, 0xc7a5,
    0xc7a6, 0xc7a9, 0xc7aa, 0xc7b1, 0xc7cd, 0xc7ce, 0xc7d1, 0xc7d5,
    0xc7d7, 0xc7dd, 0xc7de, 0xc7e0, 0xc7e2, 0xc7e3, 0xc7e4, 0xc7e8,
    0xc7e9, 0xc7ea, 0xc7f1, 0xc7fa, 0xc7fc, 0xc7fe, 0xc805, 0xc819,
    0xc81a, 0xc821, 0xc825, 0xc829, 0xc831, 0xc832, 0xc834, 0xc836,
    0xc83d, 0xc83e, 0xc841, 0xc852, 0xc859, 0xc85a, 0xc85d, 0xc861,
    0xc862, 0xc863, 0xc869, 0xc86a, 0xc86c, 0xc86e, 0xc875, 0xc889,
    0xc891, 0xc8ad, 0xc8ae, 0xc8b1, 0xc8b5, 0xc8bd, 0xc8be, 0xc8c0,
    0xc8c9, 0xc8cd, 0xc8d1, 0xc8d9, 0xc8e5, 0xc8e6, 0xc8e9, 0xc8ed,
    0xc8f5, 0xc8f6, 0xc8f8, 0xc8fa, 0xc91d, 0xc91e, 0xc921, 0xc924,
    0xc925, 0xc927, 0xc92d, 0xc92e, 0xc930, 0xc932, 0xc933, 0xc936,
    0xc937, 0xc939, 0xc93a, 0xc93d, 0xc93f, 0xc941, 0xc944, 0xc949,
    0xc94a, 0xc94c, 0xc94d, 0xc94e, 0xc955, 0xc956, 0xc959, 0xc95d,
    0xc965, 0xc966, 0xc968, 0xc969, 0xc96a, 0xc971, 0xc975, 0xc986,
    0xc9a9, 0xc9aa, 0xc9ad, 0xc9b1, 0xc9b9, 0xc9ba, 0xc9bc, 0xc9bd,
    0xc9be, 0xc9c5, 0xc9da, 0xc9e1, 0xc9f5, 0xca19, 0xca1a, 0xca1d,
    0xca21, 0xca29, 0xca2a, 0xca2c, 0xca2e, 0xca30, 0xca35, 0xca36,
    0xca3d, 0xca49, 0xca51, 0xca65, 0xca6d, 0xca71, 0xca75, 0xca7d,
    0xca7e, 0xca9e, 0xcaa5, 0xcaa6, 0xcaa9, 0xcaad, 0xcab5, 0xcab6,
    0xcaba, 0xcac1, 0xcad5, 0xcad6, 0xcaf9, 0xcb15, 0xcb31, 0xcb41,
    0xcb44, 0xcb46, 0xcb69, 0xcb6a, 0xcb6d, 0xcb71, 0xcb79, 0xcb7a,
    0xcb7e, 0xcb7f, 0xcb84, 0xcb85, 0xcb86, 0xcb89, 0xcb8b, 0xcb8d,
    0xcb95, 0xcb96, 0xcb98, 0xcb99, 0xcb9a, 0xcb9b, 0xcba1, 0xcba2,
    0xcba5, 0xcba9, 0xcbb1, 0xcbb2, 0xcbb4, 0xcbb5, 0xcbb6, 0xcbbd,
    0xcbc1, 0xcbc3, 0xcbc5, 0xcbcd, 0xcbd2, 0xcbf5, 0xcbf6, 0xcbf9,
    0xcbfd, 0xcc05, 0xcc06, 0xcc08, 0xcc09, 0xcc0a, 0xcc11, 0xcc12,
    0xcc15, 0xcc19, 0xcc21, 0xcc22, 0xcc24, 0xcc26, 0xcc2d, 0xcc31,
    0xcc41, 0xcc49, 0xcc4d, 0xcc5e, 0xcc65, 0xcc66, 0xcc69, 0xcc6d,
    0xcc75, 0xcc76, 0xcc78, 0xcc7a, 0xcc81, 0xcc85, 0xcc89, 0xcc96,
    0xccb9, 0xccbd, 0xccc1, 0xccc9, 0xccca, 0xcccc, 0xccce, 0xccd5,
    0xcce5, 0xccf1, 0xccf2, 0xccf5, 0xccf9, 0xcd01, 0xcd02, 0xcd04,
    0xcd06, 0xcd0d, 0xcd21, 0xcd29, 0xcd2d, 0xcd45, 0xcd49, 0xcd4d,
    0xcd55, 0xcd56, 0xcd58, 0xcd5a, 0xcd61, 0xcd65, 0xcd69, 0xcd71,
    0xcd76, 0xcd7d, 0xcd7e, 0xcd81, 0xcd85, 0xcd8d, 0xcd8e, 0xcd90,
    0xcd92, 0xcdb5, 0xcdb6, 0xcdb9, 0xcdbc, 0xcdbd, 0xcdbe, 0xcdc5,
    0xcdc6, 0xcdc8, 0xcdca, 0xcdd1, 0xcdd2, 0xcdd5, 0xcdd9, 0xcde1,
    0xcde2, 0xcde4, 0xcde6, 0xcded, 0xcdee, 0xcdf1, 0xcdf5, 0xcdfd,
    0xcdfe, 0xce00, 0xce01, 0xce02, 0xce09, 0xce0a, 0xce1e, 0xce41,
    0xce42, 0xce45, 0xce48, 0xce49, 0xce51, 0xce52, 0xce54, 0xce55,
    0xce56, 0xce5d, 0xce5e, 0xce61, 0xce65, 0xce6d, 0xce6e, 0xce70,
    0xce72, 0xce79, 0xce7d, 0xce81, 0xce89, 0xce8a, 0xce8c, 0xce8d,
    0xce8e, 0xce95, 0xceb1, 0xceb2, 0xceb5, 0xceb9, 0xcec1, 0xcec2,
    0xcec4, 0xcec6, 0xcecd, 0xcece, 0xced1, 0xced5, 0xcedd, 0xcee2,
    0xcee9, 0xcefe, 0xcf05, 0xcf0d, 0xcf21, 0xcf3d, 0xcf3e, 0xcf41,
    0xcf45, 0xcf4d, 0xcf4e, 0xcf50, 0xcf52, 0xcf59, 0xcf5d, 0xcf61,
    0xcf6e, 0xcf75, 0xcf8a, 0xcf91, 0xcf92, 0xcf95, 0xcf99, 0xcfa1,
    0xcfa2, 0xcfa4, 0xcfa6, 0xcfad, 0xcfb1, 0xcfb5, 0xcfbd, 0xcfc9,
    0xcfca, 0xcfcd, 0xcfd1, 0xcfd9, 0xcfda, 0xcfde, 0xd001, 0xd002,
    0xd005, 0xd009, 0xd011, 0xd012, 0xd014, 0xd016, 0xd01d, 0xd01e,
    0xd021, 0xd025, 0xd026, 0xd02d, 0xd02e, 0xd030, 0xd031, 0xd032,
    0xd039, 0xd03a, 0xd03d, 0xd041, 0xd049, 0xd04a, 0xd04c, 0xd04d,
    0xd04e, 0xd055, 0xd06a, 0xd08d, 0xd08e, 0xd091, 0xd095, 0xd097,
    0xd09d, 0xd09e, 0xd0a0, 0xd0a1, 0xd0a2, 0xd0a9, 0xd0aa, 0xd0ad,
    0xd0b1, 0xd0b9, 0xd0ba, 0xd0bc, 0xd0be, 0xd0c5, 0xd0c9, 0xd0d9,
    0xd0e1, 0xd0e5, 0xd0fd, 0xd0fe, 0xd101, 0xd105, 0xd10d, 0xd10e,
    0xd110, 0xd112, 0xd117, 0xd119, 0xd11d, 0xd135, 0xd151, 0xd155,
    0xd164, 0xd166, 0xd16d, 0xd189, 0xd18a, 0xd18d, 0xd191, 0xd199,
    0xd19a, 0xd19c, 0xd19e, 0xd1a5, 0xd1b9, 0xd1c1, 0xd1dd, 0xd1de,
    0xd1e1, 0xd1e5, 0xd1ed, 0xd1ee, 0xd1f2, 0xd1f9, 0xd1fd, 0xd201,
    0xd209, 0xd20e, 0xd215, 0xd216, 0xd219, 0xd21c, 0xd21d, 0xd21f,
    0xd225, 0xd226, 0xd228, 0xd231, 0xd235, 0xd239, 0xd241, 0xd242,
    0xd24d, 0xd24e, 0xd251, 0xd255, 0xd25d, 0xd25e, 0xd260, 0xd262,
    0xd269, 0xd26a, 0xd26b, 0xd26d, 0xd271, 0xd273, 0xd279, 0xd27a,
    0xd27c, 0xd27d, 0xd27e, 0xd282, 0xd285, 0xd286, 0xd289, 0xd28d,
    0xd295, 0xd296, 0xd298, 0xd299, 0xd29a, 0xd2a1, 0xd2a2, 0xd2d9,
    0xd2da, 0xd2dd, 0xd2e1, 0xd2e9, 0xd2ea, 0xd2ec, 0xd2ed, 0xd2ee,
    0xd2f5, 0xd2f6, 0xd2f9, 0xd2fd, 0xd305, 0xd306, 0xd308, 0xd30a,
    0xd311, 0xd315, 0xd319, 0xd321, 0xd322, 0xd325, 0xd326, 0xd32d,
    0xd335, 0xd33e, 0xd340, 0xd349, 0xd34a, 0xd34d, 0xd351, 0xd359,
    0xd35a, 0xd35c, 0xd35e, 0xd365, 0xd37a, 0xd39d, 0xd3a1, 0xd3b9,
    0xd3bd, 0xd3c1, 0xd3ca, 0xd3cc, 0xd3d5, 0xd3d6, 0xd3d9, 0xd3dc,
    0xd3dd, 0xd3df, 0xd3e5, 0xd3e6, 0xd3e8, 0xd3ea, 0xd3f1, 0xd406,
    0xd429, 0xd42d, 0xd431, 0xd439, 0xd43c, 0xd445, 0xd449, 0xd44d,
    0xd455, 0xd458, 0xd45a, 0xd461, 0xd465, 0xd469, 0xd471, 0xd472,
    0xd474, 0xd499, 0xd49a, 0xd49d, 0xd4a1, 0xd4a9, 0xd4aa, 0xd4ac,
    0xd4ae, 0xd4b5, 0xd4b6, 0xd4b9, 0xd4bd, 0xd4c2, 0xd4c5, 0xd4c6,
    0xd4c8, 0xd4ca, 0xd4d1, 0xd4d2, 0xd4d5, 0xd4d9, 0xd4e1, 0xd4e2,
    0xd4e4, 0xd4e5, 0xd4e6, 0xd4ed, 0xd502, 0xd525, 0xd526, 0xd529,
    0xd52d, 0xd52f, 0xd535, 0xd536, 0xd538, 0xd53a, 0xd541, 0xd542,
    0xd545, 0xd549, 0xd551, 0xd552, 0xd554, 0xd556, 0xd55d, 0xd55e,
    0xd561, 0xd565, 0xd56d, 0xd56e, 0xd570, 0xd571, 0xd572, 0xd579,
    0xd57d, 0xd581, 0xd58a, 0xd595, 0xd596, 0xd599, 0xd59d, 0xd5a2,
    0xd5a5, 0xd5a6, 0xd5a8, 0xd5aa, 0xd5ae, 0xd5b1, 0xd5b2, 0xd5b5,
    0xd5b9, 0xd5c4, 0xd5c6, 0xd5cd, 0xd5ce, 0xd5d1, 0xd5e0, 0xd5e2,
    0xd5e9, 0xd5ea, 0xd5ed, 0xd5f1, 0xd5fa, 0xd5fc, 0xd5fe, 0xd605,
    0xd609, 0xd60d, 0xd616, 0xd618, 0xd621, 0xd622, 0xd625, 0xd629,
    0xd62e, 0xd631, 0xd634, 0xd636, 0xd63d, 0xd641, 0xd645, 0xd64d,
    0xd652, 0xd659, 0xd65a, 0xd65d, 0xd661, 0xd66e, 0xd675, 0xd676,
    0xd679, 0xd67d, 0xd685, 0xd686, 0xd688, 0xd68a, 0xd691, 0xd692,
    0xd695, 0xd699, 0xd6a1, 0xd6a4, 0xd6a6, 0xd6ad, 0xd6ae, 0xd6b1,
    0xd6b3, 0xd6b4, 0xd6b5, 0xd6b6, 0xd6bd, 0xd6be, 0xd6c0, 0xd6c2,
    0xd6c6, 0xd6c9, 0xd6cd, 0xd6d1, 0xd6d9, 0xd6da, 0xd6de, 0xd6e5,
    0xd6e6, 0xd6e9, 0xd6ed, 0xd6f5, 0xd6f6, 0xd6f8, 0xd6fa
};

/*Collect the unicode lists and glyph_id offsets*/
static const lv_font_fmt_txt_cmap_t cmaps[] =
{
    {
        .range_start = 32, .range_length = 95, .glyph_id_start = 1,
        .unicode_list = NULL, .glyph_id_ofs_list = NULL, .list_length = 0, .type = LV_FONT_FMT_TXT_CMAP_FORMAT0_TINY
    },
    {
        .range_start = 163, .range_length = 55035, .glyph_id_start = 96,
        .unicode_list = unicode_list_1, .glyph_id_ofs_list = NULL, .list_length = 2391, .type = LV_FONT_FMT_TXT_CMAP_SPARSE_TINY
    }
};

/*-----------------
 *    KERNING
 *----------------*/


/*Pair left and right glyphs for kerning*/
static const uint16_t kern_pair_glyph_ids[] =
{
    2, 111,
    2, 113,
    3, 13,
    3, 15,
    3, 34,
    3, 43,
    3, 52,
    3, 57,
    3, 68,
    3, 69,
    3, 70,
    3, 80,
    3, 82,
    3, 84,
    8, 13,
    8, 15,
    8, 34,
    8, 43,
    8, 52,
    8, 57,
    8, 68,
    8, 69,
    8, 70,
    8, 80,
    8, 82,
    8, 84,
    9, 43,
    9, 75,
    13, 3,
    13, 8,
    13, 11,
    13, 53,
    13, 54,
    13, 55,
    13, 56,
    13, 58,
    13, 68,
    13, 69,
    13, 70,
    13, 75,
    13, 80,
    13, 82,
    13, 85,
    13, 87,
    13, 88,
    13, 90,
    13, 110,
    13, 111,
    13, 112,
    13, 113,
    14, 43,
    14, 52,
    14, 53,
    14, 55,
    14, 56,
    14, 57,
    14, 58,
    14, 59,
    14, 85,
    14, 87,
    14, 89,
    15, 3,
    15, 8,
    15, 11,
    15, 53,
    15, 54,
    15, 55,
    15, 56,
    15, 58,
    15, 68,
    15, 69,
    15, 70,
    15, 75,
    15, 80,
    15, 82,
    15, 85,
    15, 87,
    15, 88,
    15, 90,
    15, 110,
    15, 111,
    15, 112,
    15, 113,
    16, 34,
    16, 36,
    16, 40,
    16, 43,
    16, 48,
    16, 50,
    16, 66,
    16, 68,
    16, 69,
    16, 70,
    16, 72,
    16, 74,
    16, 75,
    16, 80,
    16, 82,
    16, 85,
    16, 86,
    27, 11,
    27, 58,
    27, 75,
    28, 11,
    28, 58,
    28, 75,
    32, 111,
    32, 113,
    34, 3,
    34, 8,
    34, 11,
    34, 32,
    34, 34,
    34, 36,
    34, 40,
    34, 48,
    34, 50,
    34, 53,
    34, 54,
    34, 55,
    34, 57,
    34, 58,
    34, 59,
    34, 61,
    34, 66,
    34, 71,
    34, 84,
    34, 85,
    34, 86,
    34, 87,
    34, 88,
    34, 89,
    34, 90,
    34, 100,
    34, 104,
    34, 110,
    34, 111,
    34, 112,
    34, 113,
    34, 119,
    35, 11,
    35, 43,
    35, 52,
    35, 53,
    35, 55,
    35, 56,
    35, 57,
    35, 58,
    35, 59,
    35, 85,
    35, 87,
    35, 88,
    35, 89,
    35, 90,
    35, 104,
    35, 110,
    35, 111,
    35, 112,
    35, 113,
    35, 119,
    36, 14,
    36, 36,
    36, 40,
    36, 43,
    36, 48,
    36, 50,
    36, 52,
    36, 53,
    36, 54,
    36, 55,
    36, 56,
    36, 57,
    36, 58,
    36, 59,
    36, 72,
    36, 85,
    36, 86,
    36, 87,
    36, 88,
    36, 90,
    36, 100,
    36, 104,
    36, 108,
    36, 109,
    36, 119,
    37, 11,
    37, 16,
    37, 34,
    37, 43,
    37, 53,
    37, 55,
    37, 56,
    37, 57,
    37, 58,
    37, 59,
    37, 89,
    37, 91,
    37, 100,
    37, 119,
    38, 68,
    38, 69,
    38, 70,
    38, 80,
    38, 82,
    38, 85,
    38, 87,
    38, 89,
    38, 90,
    39, 13,
    39, 15,
    39, 16,
    39, 34,
    39, 36,
    39, 40,
    39, 43,
    39, 48,
    39, 50,
    39, 52,
    39, 55,
    39, 56,
    39, 57,
    39, 59,
    39, 66,
    39, 68,
    39, 69,
    39, 70,
    39, 72,
    39, 78,
    39, 79,
    39, 80,
    39, 81,
    39, 82,
    39, 83,
    39, 84,
    39, 85,
    39, 86,
    39, 87,
    39, 88,
    39, 89,
    39, 90,
    39, 91,
    39, 100,
    39, 104,
    39, 119,
    40, 11,
    40, 34,
    40, 53,
    40, 55,
    40, 56,
    40, 100,
    40, 119,
    43, 13,
    43, 15,
    43, 43,
    44, 3,
    44, 8,
    44, 11,
    44, 14,
    44, 32,
    44, 34,
    44, 36,
    44, 40,
    44, 48,
    44, 50,
    44, 52,
    44, 53,
    44, 54,
    44, 55,
    44, 56,
    44, 58,
    44, 68,
    44, 69,
    44, 70,
    44, 75,
    44, 80,
    44, 82,
    44, 85,
    44, 86,
    44, 87,
    44, 88,
    44, 89,
    44, 90,
    44, 91,
    44, 100,
    44, 104,
    44, 108,
    44, 109,
    44, 110,
    44, 111,
    44, 112,
    44, 113,
    44, 119,
    45, 3,
    45, 8,
    45, 11,
    45, 14,
    45, 32,
    45, 34,
    45, 36,
    45, 40,
    45, 48,
    45, 50,
    45, 52,
    45, 53,
    45, 54,
    45, 55,
    45, 56,
    45, 58,
    45, 61,
    45, 68,
    45, 69,
    45, 70,
    45, 71,
    45, 72,
    45, 80,
    45, 82,
    45, 85,
    45, 86,
    45, 87,
    45, 88,
    45, 90,
    45, 100,
    45, 104,
    45, 108,
    45, 109,
    45, 110,
    45, 111,
    45, 112,
    45, 113,
    45, 119,
    48, 11,
    48, 16,
    48, 34,
    48, 43,
    48, 53,
    48, 55,
    48, 56,
    48, 57,
    48, 58,
    48, 59,
    48, 89,
    48, 91,
    48, 100,
    48, 119,
    49, 13,
    49, 14,
    49, 15,
    49, 16,
    49, 34,
    49, 43,
    49, 52,
    49, 53,
    49, 57,
    49, 58,
    49, 59,
    49, 66,
    49, 68,
    49, 69,
    49, 70,
    49, 72,
    49, 80,
    49, 82,
    49, 84,
    49, 89,
    49, 91,
    49, 100,
    49, 104,
    49, 108,
    49, 109,
    50, 11,
    50, 16,
    50, 34,
    50, 43,
    50, 53,
    50, 55,
    50, 56,
    50, 57,
    50, 58,
    50, 59,
    50, 89,
    50, 91,
    50, 100,
    50, 119,
    51, 11,
    51, 14,
    51, 34,
    51, 43,
    51, 52,
    51, 53,
    51, 55,
    51, 56,
    51, 57,
    51, 59,
    51, 66,
    51, 68,
    51, 69,
    51, 70,
    51, 72,
    51, 80,
    51, 82,
    51, 89,
    51, 91,
    51, 100,
    51, 104,
    51, 108,
    51, 109,
    52, 11,
    52, 14,
    52, 43,
    52, 52,
    52, 53,
    52, 58,
    52, 85,
    52, 100,
    52, 104,
    52, 108,
    52, 109,
    52, 111,
    52, 113,
    53, 13,
    53, 14,
    53, 15,
    53, 16,
    53, 27,
    53, 28,
    53, 34,
    53, 36,
    53, 40,
    53, 43,
    53, 48,
    53, 50,
    53, 52,
    53, 57,
    53, 58,
    53, 59,
    53, 66,
    53, 68,
    53, 69,
    53, 70,
    53, 71,
    53, 72,
    53, 78,
    53, 79,
    53, 80,
    53, 81,
    53, 82,
    53, 83,
    53, 84,
    53, 85,
    53, 86,
    53, 87,
    53, 88,
    53, 89,
    53, 90,
    53, 91,
    53, 100,
    53, 104,
    53, 108,
    53, 109,
    53, 119,
    54, 13,
    54, 15,
    54, 16,
    54, 34,
    54, 43,
    54, 52,
    54, 55,
    54, 57,
    54, 58,
    54, 66,
    54, 72,
    54, 84,
    54, 89,
    55, 13,
    55, 14,
    55, 15,
    55, 16,
    55, 34,
    55, 36,
    55, 40,
    55, 43,
    55, 48,
    55, 50,
    55, 52,
    55, 54,
    55, 55,
    55, 59,
    55, 66,
    55, 68,
    55, 69,
    55, 70,
    55, 72,
    55, 78,
    55, 79,
    55, 80,
    55, 81,
    55, 82,
    55, 83,
    55, 84,
    55, 86,
    55, 87,
    55, 88,
    55, 89,
    55, 90,
    55, 91,
    55, 100,
    55, 104,
    55, 108,
    55, 109,
    55, 111,
    55, 113,
    55, 119,
    56, 13,
    56, 14,
    56, 15,
    56, 16,
    56, 36,
    56, 40,
    56, 43,
    56, 48,
    56, 50,
    56, 52,
    56, 59,
    56, 66,
    56, 72,
    56, 91,
    56, 100,
    56, 108,
    56, 109,
    56, 111,
    56, 113,
    56, 119,
    57, 3,
    57, 8,
    57, 11,
    57, 14,
    57, 34,
    57, 36,
    57, 40,
    57, 48,
    57, 50,
    57, 52,
    57, 53,
    57, 54,
    57, 66,
    57, 68,
    57, 69,
    57, 70,
    57, 71,
    57, 80,
    57, 82,
    57, 85,
    57, 86,
    57, 87,
    57, 88,
    57, 89,
    57, 90,
    57, 91,
    57, 100,
    57, 104,
    57, 108,
    57, 109,
    57, 110,
    57, 111,
    57, 112,
    57, 113,
    57, 119,
    58, 13,
    58, 14,
    58, 15,
    58, 16,
    58, 27,
    58, 28,
    58, 32,
    58, 34,
    58, 36,
    58, 40,
    58, 43,
    58, 48,
    58, 50,
    58, 52,
    58, 53,
    58, 54,
    58, 59,
    58, 66,
    58, 68,
    58, 69,
    58, 70,
    58, 72,
    58, 78,
    58, 79,
    58, 80,
    58, 81,
    58, 82,
    58, 83,
    58, 84,
    58, 85,
    58, 86,
    58, 87,
    58, 88,
    58, 89,
    58, 90,
    58, 91,
    58, 100,
    58, 104,
    58, 108,
    58, 109,
    58, 111,
    58, 113,
    58, 119,
    59, 14,
    59, 34,
    59, 36,
    59, 40,
    59, 43,
    59, 48,
    59, 50,
    59, 52,
    59, 54,
    59, 55,
    59, 56,
    59, 58,
    59, 59,
    59, 66,
    59, 68,
    59, 69,
    59, 70,
    59, 71,
    59, 72,
    59, 80,
    59, 82,
    59, 85,
    59, 86,
    59, 87,
    59, 88,
    59, 89,
    59, 90,
    59, 100,
    59, 104,
    59, 108,
    59, 109,
    59, 119,
    60, 43,
    60, 75,
    61, 53,
    61, 54,
    61, 55,
    61, 56,
    61, 58,
    61, 72,
    61, 75,
    61, 87,
    61, 88,
    61, 90,
    66, 11,
    66, 32,
    66, 53,
    66, 55,
    66, 56,
    66, 58,
    66, 85,
    66, 111,
    66, 113,
    67, 3,
    67, 8,
    67, 11,
    67, 13,
    67, 14,
    67, 15,
    67, 32,
    67, 53,
    67, 55,
    67, 57,
    67, 58,
    67, 61,
    67, 66,
    67, 85,
    67, 87,
    67, 88,
    67, 89,
    67, 90,
    67, 91,
    67, 100,
    67, 108,
    67, 109,
    67, 110,
    67, 111,
    67, 112,
    67, 113,
    68, 14,
    68, 53,
    68, 55,
    68, 58,
    68, 66,
    68, 68,
    68, 69,
    68, 70,
    68, 72,
    68, 80,
    68, 82,
    68, 85,
    68, 87,
    68, 88,
    68, 89,
    68, 90,
    68, 100,
    68, 104,
    68, 108,
    68, 109,
    70, 11,
    70, 14,
    70, 32,
    70, 43,
    70, 52,
    70, 53,
    70, 55,
    70, 56,
    70, 58,
    70, 61,
    70, 66,
    70, 72,
    70, 85,
    70, 87,
    70, 88,
    70, 89,
    70, 90,
    70, 104,
    70, 108,
    70, 109,
    70, 111,
    70, 113,
    70, 119,
    71, 2,
    71, 3,
    71, 8,
    71, 10,
    71, 13,
    71, 14,
    71, 15,
    71, 16,
    71, 32,
    71, 53,
    71, 55,
    71, 56,
    71, 57,
    71, 58,
    71, 61,
    71, 62,
    71, 66,
    71, 68,
    71, 69,
    71, 70,
    71, 72,
    71, 75,
    71, 80,
    71, 82,
    71, 84,
    71, 87,
    71, 89,
    71, 91,
    71, 94,
    71, 100,
    71, 104,
    71, 108,
    71, 109,
    71, 110,
    71, 111,
    71, 112,
    71, 113,
    71, 119,
    72, 10,
    72, 11,
    72, 16,
    72, 32,
    72, 53,
    72, 58,
    72, 62,
    72, 66,
    72, 68,
    72, 69,
    72, 70,
    72, 75,
    72, 80,
    72, 82,
    72, 87,
    72, 88,
    72, 90,
    72, 91,
    72, 94,
    72, 100,
    72, 104,
    73, 11,
    73, 32,
    73, 53,
    73, 55,
    73, 58,
    73, 111,
    73, 113,
    73, 119,
    76, 11,
    76, 13,
    76, 14,
    76, 15,
    76, 27,
    76, 28,
    76, 32,
    76, 53,
    76, 58,
    76, 66,
    76, 68,
    76, 69,
    76, 70,
    76, 72,
    76, 75,
    76, 80,
    76, 82,
    76, 85,
    76, 86,
    76, 89,
    76, 91,
    76, 104,
    76, 108,
    76, 109,
    76, 111,
    76, 113,
    76, 119,
    77, 75,
    78, 11,
    78, 32,
    78, 53,
    78, 55,
    78, 58,
    78, 111,
    78, 113,
    78, 119,
    79, 11,
    79, 32,
    79, 53,
    79, 55,
    79, 58,
    79, 111,
    79, 113,
    79, 119,
    80, 3,
    80, 8,
    80, 11,
    80, 13,
    80, 14,
    80, 15,
    80, 32,
    80, 53,
    80, 55,
    80, 57,
    80, 58,
    80, 61,
    80, 66,
    80, 85,
    80, 87,
    80, 88,
    80, 89,
    80, 90,
    80, 91,
    80, 100,
    80, 108,
    80, 109,
    80, 110,
    80, 111,
    80, 112,
    80, 113,
    81, 3,
    81, 8,
    81, 11,
    81, 13,
    81, 14,
    81, 15,
    81, 32,
    81, 53,
    81, 55,
    81, 57,
    81, 58,
    81, 61,
    81, 66,
    81, 85,
    81, 87,
    81, 88,
    81, 89,
    81, 90,
    81, 91,
    81, 100,
    81, 108,
    81, 109,
    81, 110,
    81, 111,
    81, 112,
    81, 113,
    82, 11,
    82, 53,
    82, 55,
    82, 58,
    83, 13,
    83, 14,
    83, 15,
    83, 16,
    83, 27,
    83, 28,
    83, 34,
    83, 43,
    83, 59,
    83, 61,
    83, 66,
    83, 68,
    83, 69,
    83, 70,
    83, 72,
    83, 80,
    83, 82,
    83, 84,
    83, 87,
    83, 88,
    83, 90,
    83, 91,
    83, 100,
    83, 104,
    83, 108,
    83, 109,
    83, 110,
    83, 111,
    83, 112,
    83, 113,
    84, 11,
    84, 14,
    84, 32,
    84, 53,
    84, 55,
    84, 58,
    84, 85,
    84, 108,
    84, 109,
    84, 111,
    84, 113,
    85, 13,
    85, 14,
    85, 15,
    85, 16,
    85, 27,
    85, 28,
    85, 32,
    85, 53,
    85, 58,
    85, 66,
    85, 68,
    85, 69,
    85, 70,
    85, 72,
    85, 80,
    85, 82,
    85, 84,
    85, 85,
    85, 89,
    85, 100,
    85, 104,
    85, 108,
    85, 109,
    86, 11,
    86, 53,
    86, 55,
    86, 58,
    87, 11,
    87, 13,
    87, 14,
    87, 15,
    87, 16,
    87, 34,
    87, 43,
    87, 53,
    87, 55,
    87, 58,
    87, 59,
    87, 66,
    87, 68,
    87, 69,
    87, 70,
    87, 75,
    87, 80,
    87, 82,
    87, 91,
    87, 100,
    87, 108,
    87, 109,
    87, 119,
    88, 11,
    88, 13,
    88, 15,
    88, 16,
    88, 34,
    88, 43,
    88, 53,
    88, 55,
    88, 57,
    88, 58,
    88, 66,
    88, 68,
    88, 69,
    88, 70,
    88, 75,
    88, 80,
    88, 82,
    88, 91,
    88, 100,
    88, 119,
    89, 2,
    89, 11,
    89, 13,
    89, 14,
    89, 15,
    89, 28,
    89, 36,
    89, 40,
    89, 48,
    89, 50,
    89, 52,
    89, 53,
    89, 55,
    89, 57,
    89, 58,
    89, 66,
    89, 68,
    89, 69,
    89, 70,
    89, 80,
    89, 82,
    89, 85,
    89, 100,
    89, 104,
    89, 108,
    89, 109,
    89, 119,
    90, 13,
    90, 15,
    90, 16,
    90, 43,
    90, 53,
    90, 55,
    90, 57,
    90, 58,
    90, 66,
    90, 68,
    90, 69,
    90, 70,
    90, 75,
    90, 80,
    90, 82,
    90, 89,
    90, 91,
    90, 100,
    90, 119,
    91, 14,
    91, 53,
    91, 58,
    91, 66,
    91, 68,
    91, 69,
    91, 70,
    91, 72,
    91, 80,
    91, 82,
    91, 86,
    91, 87,
    91, 90,
    91, 100,
    91, 104,
    91, 108,
    91, 109,
    91, 119,
    92, 43,
    92, 75,
    104, 34,
    104, 52,
    104, 53,
    104, 55,
    104, 57,
    104, 58,
    104, 59,
    104, 89,
    108, 43,
    108, 52,
    108, 53,
    108, 55,
    108, 56,
    108, 57,
    108, 58,
    108, 59,
    108, 85,
    108, 87,
    108, 89,
    109, 43,
    109, 52,
    109, 53,
    109, 55,
    109, 56,
    109, 57,
    109, 58,
    109, 59,
    109, 85,
    109, 87,
    109, 89,
    110, 13,
    110, 15,
    110, 34,
    110, 43,
    110, 52,
    110, 55,
    110, 56,
    110, 57,
    110, 58,
    110, 66,
    110, 68,
    110, 69,
    110, 70,
    110, 71,
    110, 72,
    110, 80,
    110, 82,
    110, 84,
    111, 13,
    111, 15,
    111, 34,
    111, 43,
    111, 57,
    111, 66,
    111, 68,
    111, 69,
    111, 70,
    111, 71,
    111, 72,
    111, 78,
    111, 79,
    111, 80,
    111, 81,
    111, 82,
    111, 83,
    111, 84,
    111, 91,
    112, 13,
    112, 15,
    112, 34,
    112, 43,
    112, 52,
    112, 55,
    112, 56,
    112, 57,
    112, 58,
    112, 66,
    112, 68,
    112, 69,
    112, 70,
    112, 71,
    112, 72,
    112, 80,
    112, 82,
    112, 84,
    113, 13,
    113, 15,
    113, 34,
    113, 43,
    113, 57,
    113, 66,
    113, 68,
    113, 69,
    113, 70,
    113, 71,
    113, 72,
    113, 78,
    113, 79,
    113, 80,
    113, 81,
    113, 82,
    113, 83,
    113, 84,
    113, 91
};

/* Kerning between the respective left and right glyphs
 * 4.4 format which needs to scaled with `kern_scale`*/
static const int8_t kern_pair_values[] =
{
    -9, -9, -33, -33, -16, -27, -3, -3,
    -8, -8, -8, -8, -8, -6, -33, -33,
    -16, -27, -3, -3, -8, -8, -8, -8,
    -8, -6, -6, 23, -27, -27, -39, -28,
    -6, -19, -10, -26, -3, -3, -3, 7,
    -3, -3, -13, -10, -6, -6, -24, -30,
    -24, -30, -6, -5, -14, -5, -3, -8,
    -19, -6, -7, -2, -4, -27, -27, -39,
    -28, -6, -19, -10, -26, -3, -3, -3,
    7, -3, -3, -13, -10, -6, -6, -24,
    -30, -24, -30, -12, -3, -3, -23, -3,
    -3, -7, -9, -9, -9, -3, 7, 7,
    -9, -9, 3, -6, -14, -7, 1, -14,
    -7, 1, -6, -6, -16, -16, -27, -7,
    -2, -3, -3, -3, -3, -16, -4, -4,
    1, -4, -2, -12, 7, -3, 7, -4,
    -2, -2, -1, -1, -2, -23, -7, -19,
    -16, -19, -16, -15, -9, -5, -4, -7,
    -2, -1, -1, -4, -1, -3, -4, -3,
    -3, -4, -6, -4, -6, -4, -6, -6,
    -7, -8, -8, -3, -8, -8, -7, -5,
    -4, -1, -1, -1, -2, -3, -6, -8,
    -3, -4, -3, -4, 3, -15, -7, -7,
    7, -10, -5, -3, -11, -7, -3, -2,
    -5, -6, -6, -4, -2, 2, -7, -3,
    -3, -3, -3, -3, -7, -3, -9, -3,
    -21, -21, -20, -11, -3, -3, -40, -3,
    -3, -6, 1, 1, -7, -9, -10, -4,
    -4, -4, -7, -6, -6, -4, -6, -4,
    -6, -6, -3, -5, -6, -5, -7, -5,
    -8, 6, -4, 11, -8, -1, -6, -4,
    -1, 2, 3, -7, -7, -12, -6, -6,
    -12, -8, -2, -3, -6, -6, -6, -6,
    -3, -5, -4, -4, -3, -5, -2, -2,
    -2, -3, -2, -2, -9, -4, -6, -5,
    -5, -6, -4, 1, -13, -8, -8, -5,
    -5, -5, -5, 3, -25, -25, -44, -15,
    -9, 1, -7, -7, -7, -7, -6, -34,
    -8, -22, -16, -22, -23, -3, -3, -3,
    -4, -1, -3, -3, -6, -3, -10, -10,
    -10, -26, -26, -15, -15, -22, -22, -22,
    -22, -28, -10, -5, -3, -11, -7, -3,
    -2, -5, -6, -6, -4, -2, 2, -7,
    -32, -9, -32, -22, -14, -42, -3, -7,
    -7, -3, -22, -12, -7, -7, -7, -9,
    -7, -7, -3, -4, -6, 9, -2, -9,
    -9, -10, -5, -3, -11, -7, -3, -2,
    -5, -6, -6, -4, -2, 2, -7, -3,
    -9, -1, -5, -4, -4, 2, 2, -1,
    -3, -1, -3, -3, -3, -1, -3, -3,
    -2, -2, 7, -3, -9, -9, -5, 4,
    -4, -4, -6, -4, -7, 1, -3, 4,
    4, -3, -3, -30, -21, -30, -26, -6,
    -6, -12, -7, -7, -36, -7, -7, -11,
    -6, -4, -15, -21, -19, -19, -19, -5,
    -21, -13, -13, -19, -13, -19, -13, -17,
    -5, -13, -9, -10, -11, -9, -22, 6,
    -18, -21, -21, 10, -5, -5, -9, -5,
    -14, -3, -1, -3, -4, -1, -3, -1,
    -2, -19, -5, -19, -13, -4, -3, -3,
    -21, -3, -3, -3, -3, 3, -5, -6,
    -4, -4, -4, -6, -6, -6, -4, -6,
    -4, -6, -4, -9, -3, -3, -4, -3,
    -7, 15, -3, -5, -5, 4, 4, 15,
    -10, -3, -10, -8, -2, -2, -19, -2,
    -2, -2, -2, -5, -4, -3, 11, -3,
    -3, 4, 4, 10, -3, -3, -3, -8,
    1, -5, -5, -5, -5, -4, -6, -3,
    -3, -2, -2, -2, -5, -2, -2, -5,
    -3, -5, -4, -3, -5, -4, 2, -12,
    -8, -8, -2, -2, -2, -2, 6, -26,
    -19, -26, -19, -7, -7, -2, -4, -4,
    -4, -29, -4, -4, -5, -4, -3, -7,
    -19, -12, -12, -12, -17, -12, -12, -12,
    -12, -12, -12, -12, -8, -10, -4, -7,
    -10, -4, -14, 9, -13, -19, -19, 3,
    3, 13, -10, -2, -6, -6, -9, -6,
    -6, -9, -3, -2, -2, -4, -5, -5,
    -6, -6, -6, -6, -4, -6, -6, -4,
    -7, -5, -5, -7, -5, 6, -17, -10,
    -10, 6, -6, 23, -25, -8, -15, -8,
    -21, 9, 21, -6, -3, 4, -15, -4,
    -7, -5, -1, -7, -4, -5, -5, -8,
    -8, -7, -3, 2, -3, -4, -16, -5,
    -1, -13, -7, -4, -5, -1, -1, -5,
    -1, -2, -2, 2, 2, -4, -7, -4,
    -7, -6, -6, -4, -7, -3, -6, -6,
    -6, -3, -6, -6, -3, 2, 2, 2,
    2, 6, -4, -6, -6, -10, 3, -2,
    -6, -6, -7, -5, -3, -7, -6, -4,
    -3, -3, 1, 1, -2, 1, -1, 3,
    3, -3, -3, -5, 4, 12, 12, 14,
    -14, -4, -14, -4, 7, 13, 19, 13,
    9, 17, 18, 14, -6, -3, -3, -3,
    -4, -3, -3, -3, -1, 4, -1, -4,
    14, 22, -6, -4, -4, 10, 10, 10,
    10, 22, 4, -9, 14, -10, -7, -4,
    4, -5, -4, -4, -4, 10, -4, -4,
    -1, -1, 4, -4, 4, 4, -2, -10,
    -2, -7, -3, -5, -6, -6, -6, -6,
    4, -13, 4, 4, 4, -4, -10, -3,
    -3, -5, -5, -5, -3, -3, -5, -5,
    -6, -4, -2, -2, -7, -13, -13, -7,
    -7, -6, 2, -10, -2, -7, -3, -5,
    -6, -6, -6, -10, -2, -7, -3, -5,
    -6, -6, -6, -8, -8, -7, -3, 2,
    -3, -4, -16, -5, -1, -13, -7, -4,
    -5, -1, -1, -5, -1, -2, -2, 2,
    2, -4, -7, -4, -7, -8, -8, -7,
    -3, 2, -3, -4, -16, -5, -1, -13,
    -7, -4, -5, -1, -1, -5, -1, -2,
    -2, 2, 2, -4, -7, -4, -7, -7,
    -6, -4, -9, -16, -7, -16, -10, 7,
    7, -4, -16, -3, 4, -7, -3, -3,
    -3, -3, -3, -3, -1, 7, 5, 7,
    -1, 18, -5, -7, -7, 9, 5, 9,
    5, -14, 3, -3, -7, -3, -6, -6,
    3, 3, -3, -3, 2, -7, 2, 3,
    4, 4, -7, -4, -1, -6, -4, -4,
    -4, -3, -4, -4, -3, -6, -5, 10,
    -6, -7, -7, -7, -6, -4, -9, -3,
    -10, -2, -10, -6, -3, -12, -6, -3,
    -4, -3, -6, -1, -1, -1, -3, -1,
    -1, -7, 13, -2, -2, 3, -3, -12,
    -12, -2, -1, -9, -7, -3, -4, -7,
    -3, -1, -1, -1, -3, -1, -1, -5,
    11, 3, -4, -6, 2, -4, -2, 2,
    -3, -3, -3, -3, -1, -9, -4, -3,
    -10, -3, -5, -5, -5, -5, -5, -7,
    11, -6, -4, -4, 3, -10, -10, -4,
    -12, -6, -1, -1, -2, -6, -1, -1,
    -1, -3, -1, -1, -4, -7, 13, 4,
    -5, -7, -8, -7, -3, -3, -3, -2,
    -3, -3, -3, -1, -1, 7, -3, -5,
    -5, 4, -6, 23, -7, -7, -18, -7,
    -7, -16, -11, -6, -6, -5, -14, -5,
    -3, -8, -19, -6, -7, -2, -4, -6,
    -5, -14, -5, -3, -8, -19, -6, -7,
    -2, -4, -24, -24, -16, -21, -4, 4,
    4, -2, 3, -12, -9, -9, -9, -4,
    -9, -9, -9, -3, -38, -38, -17, -23,
    -2, -19, -17, -17, -17, -5, -13, -4,
    -4, -17, -4, -17, -4, -14, -7, -24,
    -24, -16, -21, -4, 4, 4, -2, 3,
    -12, -9, -9, -9, -4, -9, -9, -9,
    -3, -38, -38, -17, -23, -2, -19, -17,
    -17, -17, -5, -13, -4, -4, -17, -4,
    -17, -4, -14, -7
};

/*Collect the kern pair's data in one place*/
static const lv_font_fmt_txt_kern_pair_t kern_pairs =
{
    .glyph_ids = kern_pair_glyph_ids,
    .values = kern_pair_values,
    .pair_cnt = 1180,
    .glyph_ids_size = 1
};

/*--------------------
 *  ALL CUSTOM DATA
 *--------------------*/

#if LVGL_VERSION_MAJOR == 8
/*Store all the custom data of the font*/
static  lv_font_fmt_txt_glyph_cache_t cache;
#endif

#if LVGL_VERSION_MAJOR >= 8
static const lv_font_fmt_txt_dsc_t font_dsc = {
#else
static lv_font_fmt_txt_dsc_t font_dsc = {
#endif
    .glyph_bitmap = glyph_bitmap,
    .glyph_dsc = glyph_dsc,
    .cmaps = cmaps,
    .kern_dsc = &kern_pairs,
    .kern_scale = 16,
    .cmap_num = 2,
    .bpp = 1,
    .kern_classes = 0,
    .bitmap_format = 0,
#if LVGL_VERSION_MAJOR == 8
    .cache = &cache
#endif
};



/*-----------------
 *  PUBLIC FONT
 *----------------*/

/*Initialize a public general font descriptor*/
#if LVGL_VERSION_MAJOR >= 8
const lv_font_t ui_font_kr_16 = {
#else
lv_font_t ui_font_kr_16 = {
#endif
    .get_glyph_dsc = lv_font_get_glyph_dsc_fmt_txt,    /*Function pointer to get glyph's data*/
    .get_glyph_bitmap = lv_font_get_bitmap_fmt_txt,    /*Function pointer to get glyph's bitmap*/
    .line_height = 19,          /*The maximum line height required by the font*/
    .base_line = 5,             /*Baseline measured from the bottom of the line*/
#if !(LVGL_VERSION_MAJOR == 6 && LVGL_VERSION_MINOR == 0)
    .subpx = LV_FONT_SUBPX_NONE,
#endif
#if LV_VERSION_CHECK(7, 4, 0) || LVGL_VERSION_MAJOR >= 8
    .underline_position = -2,
    .underline_thickness = 1,
#endif
    .dsc = &font_dsc,          /*The custom font data. Will be accessed by `get_glyph_bitmap/dsc` */
#if LV_VERSION_CHECK(8, 2, 0) || LVGL_VERSION_MAJOR >= 9
    .fallback = NULL,
#endif
    .user_data = NULL,
};



#endif /*#if UI_FONT_KR_16*/

