/*******************************************************************************
 * Size: 20 px
 * Bpp: 1
 * Opts: --font /var/folders/vq/wgynxhps1qx10w5dvkw64wmr0000gn/T/tmpw4eoj3_i/NotoSansKR-Medium.otf --size 20 --bpp 1 --format lvgl --symbols  !"#$%&'()*+,-./0123456789:;<=>?@ABCDEFGHIJKLMNOPQRSTUVWXYZ[\]^_`abcdefghijklmnopqrstuvwxyz{|}~£¥§©®°±¶·×÷‐–—‘’“”•…※€№™←↑→↓↔≈≠≤≥〈〉《》「」『』가각간갇갈갉갊감갑값갓갔강갖갗같갚갛개객갠갤갬갭갯갰갱갸갹갼걀걋걍걔걘걜거걱건걷걸걺검겁것겄겅겆겉겊겋게겐겔겜겝겟겠겡겨격겪견겯결겸겹겻겼경곁계곈곌곕곗고곡곤곧골곪곬곯곰곱곳공곶과곽관괄괆괌괍괏광괘괜괠괩괬괭괴괵괸괼굄굅굇굉교굔굘굡굣구국군굳굴굵굶굻굼굽굿궁궂궈궉권궐궜궝궤궷귀귁귄귈귐귑귓규균귤그극근귿글긁금급긋긍긔기긱긴긷길긺김깁깃깅깆깊까깍깎깐깔깖깜깝깟깠깡깥깨깩깬깰깸깹깻깼깽꺄꺅꺌꺼꺽꺾껀껄껌껍껏껐껑께껙껜껨껫껭껴껸껼꼇꼈꼍꼐꼬꼭꼰꼲꼴꼼꼽꼿꽁꽂꽃꽈꽉꽐꽜꽝꽤꽥꽹꾀꾄꾈꾐꾑꾕꾜꾸꾹꾼꿀꿇꿈꿉꿋꿍꿎꿔꿜꿨꿩꿰꿱꿴꿸뀀뀁뀄뀌뀐뀔뀜뀝뀨끄끅끈끊끌끎끓끔끕끗끙끝끼끽낀낄낌낍낏낑나낙낚난낟날낡낢남납낫났낭낮낯낱낳내낵낸낼냄냅냇냈냉냐냑냔냘냠냥너넉넋넌널넒넓넘넙넛넜넝넣네넥넨넬넴넵넷넸넹녀녁년녈념녑녔녕녘녜녠노녹논놀놂놈놉놋농높놓놔놘놜놨뇌뇐뇔뇜뇝뇟뇨뇩뇬뇰뇹뇻뇽누눅눈눋눌눔눕눗눙눠눴눼뉘뉜뉠뉨뉩뉴뉵뉼늄늅늉느늑는늘늙늚늠늡늣능늦늪늬늰늴니닉닌닐닒님닙닛닝닢다닥닦단닫달닭닮닯닳담답닷닸당닺닻닿대댁댄댈댐댑댓댔댕댜더덕덖던덛덜덞덟덤덥덧덩덫덮데덱덴델뎀뎁뎃뎄뎅뎌뎐뎔뎠뎡뎨뎬도독돈돋돌돎돐돔돕돗동돛돝돠돤돨돼됐되된될됨됩됫됴두둑둔둘둠둡둣둥둬뒀뒈뒝뒤뒨뒬뒵뒷뒹듀듄듈듐듕드득든듣들듦듬듭듯등듸디딕딘딛딜딤딥딧딨딩딪따딱딴딸땀땁땃땄땅땋때땍땐땔땜땝땟땠땡떠떡떤떨떪떫떰떱떳떴떵떻떼떽뗀뗄뗌뗍뗏뗐뗑뗘뗬또똑똔똘똥똬똴뙈뙤뙨뚜뚝뚠뚤뚫뚬뚱뛔뛰뛴뛸뜀뜁뜅뜨뜩뜬뜯뜰뜸뜹뜻띄띈띌띔띕띠띤띨띰띱띳띵라락란랄람랍랏랐랑랒랖랗래랙랜랠램랩랫랬랭랴략랸럇량러럭런럴럼럽럿렀렁렇레렉렌렐렘렙렛렝려력련렬렴렵렷렸령례롄롑롓로록론롤롬롭롯롱롸롼뢍뢨뢰뢴뢸룀룁룃룅료룐룔룝룟룡루룩룬룰룸룹룻룽뤄뤘뤠뤼뤽륀륄륌륏륑류륙륜률륨륩륫륭르륵른를름릅릇릉릊릍릎리릭린릴림립릿링마막만많맏말맑맒맘맙맛망맞맡맣매맥맨맬맴맵맷맸맹맺먀먁먈먕머먹먼멀멂멈멉멋멍멎멓메멕멘멜멤멥멧멨멩며멱면멸몃몄명몇몌모목몫몬몰몲몸몹못몽뫄뫈뫘뫙뫼묀묄묍묏묑묘묜묠묩묫무묵묶문묻물묽묾뭄뭅뭇뭉뭍뭏뭐뭔뭘뭡뭣뭬뮈뮌뮐뮤뮨뮬뮴뮷므믄믈믐믓미믹민믿밀밂밈밉밋밌밍및밑바박밖밗반받발밝밞밟밤밥밧방밭배백밴밸뱀뱁뱃뱄뱅뱉뱌뱍뱐뱝버벅번벋벌벎범법벗벙벚베벡벤벧벨벰벱벳벴벵벼벽변별볍볏볐병볕볘볜보복볶본볼봄봅봇봉봐봔봤봬뵀뵈뵉뵌뵐뵘뵙뵤뵨부북분붇불붉붊붐붑붓붕붙붚붜붤붰붸뷔뷕뷘뷜뷩뷰뷴뷸븀븃븅브븍븐블븜븝븟비빅빈빌빎빔빕빗빙빚빛빠빡빤빨빪빰빱빳빴빵빻빼빽뺀뺄뺌뺍뺏뺐뺑뺘뺙뺨뻐뻑뻔뻗뻘뻠뻣뻤뻥뻬뼁뼈뼉뼘뼙뼛뼜뼝뽀뽁뽄뽈뽐뽑뽕뾔뾰뿅뿌뿍뿐뿔뿜뿟뿡쀼쁑쁘쁜쁠쁨쁩삐삑삔삘삠삡삣삥사삭삯산삳살삵삶삼삽삿샀상샅새색샌샐샘샙샛샜생샤샥샨샬샴샵샷샹섀섄섈섐섕서석섞섟선섣설섦섧섬섭섯섰성섶세섹센셀셈셉셋셌셍셔셕션셜셤셥셧셨셩셰셴셸솅소속솎손솔솖솜솝솟송솥솨솩솬솰솽쇄쇈쇌쇔쇗쇘쇠쇤쇨쇰쇱쇳쇼쇽숀숄숌숍숏숑수숙순숟술숨숩숫숭숯숱숲숴쉈쉐쉑쉔쉘쉠쉥쉬쉭쉰쉴쉼쉽쉿슁슈슉슐슘슛슝스슥슨슬슭슴습슷승시식신싣실싫심십싯싱싶싸싹싻싼쌀쌈쌉쌌쌍쌓쌔쌕쌘쌜쌤쌥쌨쌩썅써썩썬썰썲썸썹썼썽쎄쎈쎌쏀쏘쏙쏜쏟쏠쏢쏨쏩쏭쏴쏵쏸쐈쐐쐤쐬쐰쐴쐼쐽쑈쑤쑥쑨쑬쑴쑵쑹쒀쒔쒜쒸쒼쓩쓰쓱쓴쓸쓺쓿씀씁씌씐씔씜씨씩씬씰씸씹씻씽아악안앉않알앍앎앓암압앗았앙앝앞애액앤앨앰앱앳앴앵야약얀얄얇얌얍얏양얕얗얘얜얠얩어억언얹얻얼얽얾엄업없엇었엉엊엌엎에엑엔엘엠엡엣엥여역엮연열엶엷염엽엾엿였영옅옆옇예옌옐옘옙옛옜오옥온올옭옮옰옳옴옵옷옹옻와왁완왈왐왑왓왔왕왜왝왠왬왯왱외왹왼욀욈욉욋욍요욕욘욜욤욥욧용우욱운울욹욺움웁웃웅워웍원월웜웝웠웡웨웩웬웰웸웹웽위윅윈윌윔윕윗윙유육윤율윰윱윳융윷으윽은을읊음읍읏응읒읓읔읕읖읗의읜읠읨읫이익인일읽읾잃임입잇있잉잊잎자작잔잖잗잘잚잠잡잣잤장잦재잭잰잴잼잽잿쟀쟁쟈쟉쟌쟎쟐쟘쟝쟤쟨쟬저적전절젊점접젓정젖제젝젠젤젬젭젯젱져젼졀졈졉졌졍졔조족존졸졺좀좁좃종좆좇좋좌좍좔좝좟좡좨좼좽죄죈죌죔죕죗죙죠죡죤죵주죽준줄줅줆줌줍줏중줘줬줴쥐쥑쥔쥘쥠쥡쥣쥬쥰쥴쥼즈즉즌즐즘즙즛증지직진짇질짊짐집짓징짖짙짚짜짝짠짢짤짧짬짭짯짰짱째짹짼쨀쨈쨉쨋쨌쨍쨔쨘쨩쩌쩍쩐쩔쩜쩝쩟쩠쩡쩨쩽쪄쪘쪼쪽쫀쫄쫌쫍쫏쫑쫓쫘쫙쫠쫬쫴쬈쬐쬔쬘쬠쬡쭁쭈쭉쭌쭐쭘쭙쭝쭤쭸쭹쮜쮸쯔쯤쯧쯩찌찍찐찔찜찝찡찢찧차착찬찮찰참찹찻찼창찾채책챈챌챔챕챗챘챙챠챤챦챨챰챵처척천철첨첩첫첬청체첵첸첼쳄쳅쳇쳉쳐쳔쳤쳬쳰촁초촉촌촐촘촙촛총촤촨촬촹최쵠쵤쵬쵭쵯쵱쵸춈추축춘출춤춥춧충춰췄췌췐취췬췰췸췹췻췽츄츈츌츔츙츠측츤츨츰츱츳층치칙친칟칠칡침칩칫칭카칵칸칼캄캅캇캉캐캑캔캘캠캡캣캤캥캬캭컁커컥컨컫컬컴컵컷컸컹케켁켄켈켐켑켓켕켜켠켤켬켭켯켰켱켸코콕콘콜콤콥콧콩콰콱콴콸쾀쾅쾌쾡쾨쾰쿄쿠쿡쿤쿨쿰쿱쿳쿵쿼퀀퀄퀑퀘퀭퀴퀵퀸퀼큄큅큇큉큐큔큘큠크큭큰클큼큽킁키킥킨킬킴킵킷킹타탁탄탈탉탐탑탓탔탕태택탠탤탬탭탯탰탱탸턍터턱턴털턺텀텁텃텄텅테텍텐텔템텝텟텡텨텬텼톄톈토톡톤톨톰톱톳통톺톼퇀퇘퇴퇸툇툉툐투툭툰툴툼툽툿퉁퉈퉜퉤튀튁튄튈튐튑튕튜튠튤튬튱트특튼튿틀틂틈틉틋틔틘틜틤틥티틱틴틸팀팁팃팅파팍팎판팔팖팜팝팟팠팡팥패팩팬팰팸팹팻팼팽퍄퍅퍼퍽펀펄펌펍펏펐펑페펙펜펠펨펩펫펭펴편펼폄폅폈평폐폘폡폣포폭폰폴폼폽폿퐁퐈퐝푀푄표푠푤푭푯푸푹푼푿풀풂품풉풋풍풔풩퓌퓐퓔퓜퓟퓨퓬퓰퓸퓻퓽프픈플픔픕픗피픽핀필핌핍핏핑하학한할핥함합핫항해핵핸핼햄햅햇했행햐향허헉헌헐헒험헙헛헝헤헥헨헬헴헵헷헹혀혁현혈혐협혓혔형혜혠혤혭호혹혼홀홅홈홉홋홍홑화확환활홧황홰홱홴횃횅회획횐횔횝횟횡효횬횰횹횻후훅훈훌훑훔훗훙훠훤훨훰훵훼훽휀휄휑휘휙휜휠휨휩휫휭휴휵휸휼흄흇흉흐흑흔흖흗흘흙흠흡흣흥흩희흰흴흼흽힁히힉힌힐힘힙힛힝 --no-compress --lv-font-name ui_font_kr_20 -o /Users/ggrrm/Documents/obsidian_board_esp32/components/vault_core/fonts/ui_font_kr_20.c
 ******************************************************************************/

#ifdef LV_LVGL_H_INCLUDE_SIMPLE
#include "lvgl.h"
#else
#include "lvgl/lvgl.h"
#endif

#ifndef UI_FONT_KR_20
#define UI_FONT_KR_20 1
#endif

#if UI_FONT_KR_20

/*-----------------
 *    BITMAPS
 *----------------*/

/*Store the image of the glyphs*/
static LV_ATTRIBUTE_LARGE_CONST const uint8_t glyph_bitmap[] = {
    /* U+0020 " " */
    0x0,

    /* U+0021 "!" */
    0x6d, 0xb6, 0xdb, 0x6c, 0x7f, 0xc0,

    /* U+0022 "\"" */
    0xc7, 0x8f, 0x1e, 0x3c, 0x78, 0xc0,

    /* U+0023 "#" */
    0x11, 0x84, 0x63, 0x1b, 0xff, 0xff, 0xcc, 0x42,
    0x30, 0x8c, 0xff, 0xff, 0xf6, 0x31, 0x88, 0x62,
    0x10, 0x80,

    /* U+0024 "$" */
    0xc, 0x6, 0x7, 0x87, 0xe7, 0x13, 0x1, 0x80,
    0xe0, 0x3c, 0xf, 0x1, 0xc0, 0x70, 0x18, 0xd,
    0x8e, 0xfe, 0x1e, 0x6, 0x3, 0x0,

    /* U+0025 "%" */
    0x38, 0x18, 0x1f, 0x6, 0xe, 0xe3, 0x3, 0x18,
    0x80, 0xc6, 0x60, 0x31, 0x93, 0xce, 0xed, 0xf9,
    0xf2, 0xe7, 0x39, 0x30, 0xc0, 0xcc, 0x30, 0x23,
    0xc, 0x18, 0xe7, 0x4, 0x1f, 0x82, 0x3, 0xc0,

    /* U+0026 "&" */
    0xf, 0x0, 0xfc, 0xe, 0x60, 0x63, 0x3, 0x10,
    0x19, 0x80, 0x70, 0x6f, 0x83, 0xe6, 0x36, 0x1d,
    0xb0, 0x79, 0xc3, 0xe7, 0xfb, 0x9f, 0x4,

    /* U+0027 "'" */
    0xff, 0xf0,

    /* U+0028 "(" */
    0x11, 0x88, 0xc6, 0x23, 0x18, 0xc6, 0x31, 0x8c,
    0x61, 0x8c, 0x61, 0x8c, 0x20,

    /* U+0029 ")" */
    0x43, 0x18, 0x63, 0x18, 0x63, 0x18, 0xc6, 0x31,
    0x8c, 0xc6, 0x33, 0x18, 0x80,

    /* U+002A "*" */
    0x18, 0x18, 0xfe, 0x7e, 0x3c, 0x2c, 0x24,

    /* U+002B "+" */
    0xc, 0x3, 0x0, 0xc0, 0x30, 0xff, 0xff, 0xf0,
    0xc0, 0x30, 0xc, 0x3, 0x0,

    /* U+002C "," */
    0x6f, 0x73, 0x3e, 0xc0,

    /* U+002D "-" */
    0xff, 0xc0,

    /* U+002E "." */
    0xff, 0x80,

    /* U+002F "/" */
    0x2, 0xc, 0x18, 0x20, 0xc1, 0x82, 0x4, 0x18,
    0x30, 0x41, 0x83, 0x4, 0x8, 0x30, 0x60, 0x83,
    0x0,

    /* U+0030 "0" */
    0x3c, 0x3f, 0x98, 0xdc, 0x7c, 0x1e, 0xf, 0x7,
    0x83, 0xc1, 0xe0, 0xf8, 0xec, 0x67, 0xf0, 0xe0,

    /* U+0031 "1" */
    0x18, 0x78, 0x18, 0x18, 0x18, 0x18, 0x18, 0x18,
    0x18, 0x18, 0x18, 0x18, 0xff, 0xff,

    /* U+0032 "2" */
    0x3e, 0x1f, 0xce, 0x38, 0x6, 0x1, 0x80, 0x60,
    0x30, 0xc, 0x6, 0x3, 0x1, 0x81, 0xc0, 0xff,
    0xff, 0xf0,

    /* U+0033 "3" */
    0x3e, 0x1f, 0xc4, 0x18, 0x6, 0x3, 0x87, 0xc1,
    0xf0, 0xe, 0x0, 0xc0, 0x30, 0xf, 0x87, 0x7f,
    0x8f, 0xc0,

    /* U+0034 "4" */
    0x7, 0x1, 0xc0, 0xf0, 0x6c, 0x1b, 0xc, 0xc6,
    0x31, 0x8c, 0xff, 0xff, 0xf0, 0x30, 0xc, 0x3,
    0x0, 0xc0,

    /* U+0035 "5" */
    0x7f, 0xbf, 0xd8, 0xc, 0x7, 0xe3, 0xf8, 0xe,
    0x3, 0x1, 0x80, 0xc0, 0x78, 0x6f, 0xf1, 0xe0,

    /* U+0036 "6" */
    0x1e, 0x1f, 0xdc, 0x4c, 0xc, 0x6, 0xf3, 0xfd,
    0xc7, 0xc1, 0xe0, 0xf0, 0x6c, 0x73, 0xf0, 0xf0,

    /* U+0037 "7" */
    0xff, 0xff, 0xc0, 0xc0, 0x40, 0x60, 0x60, 0x30,
    0x18, 0x18, 0xc, 0x6, 0x3, 0x1, 0x80, 0xc0,

    /* U+0038 "8" */
    0x1e, 0x1f, 0x9c, 0xec, 0x36, 0x19, 0x8, 0x68,
    0x7e, 0x63, 0xe0, 0xf0, 0x7c, 0x77, 0xf1, 0xf0,

    /* U+0039 "9" */
    0x3c, 0x3f, 0x38, 0xd8, 0x3c, 0x1e, 0xf, 0x8e,
    0xff, 0x3d, 0x80, 0xc0, 0xc8, 0xef, 0xe1, 0xe0,

    /* U+003A ":" */
    0xff, 0x80, 0x0, 0xff, 0x80,

    /* U+003B ";" */
    0xee, 0xe0, 0x0, 0x0, 0xef, 0xf3, 0x6e, 0x80,

    /* U+003C "<" */
    0x0, 0x40, 0xf0, 0xf9, 0xf0, 0xe0, 0x3c, 0x3,
    0xe0, 0x1f, 0x0, 0xc0,

    /* U+003D "=" */
    0xff, 0xff, 0xf0, 0x0, 0x0, 0x0, 0x3f, 0xff,
    0xfc,

    /* U+003E ">" */
    0x80, 0x3c, 0x7, 0xc0, 0x3e, 0x1, 0xc0, 0xf1,
    0xf3, 0xe0, 0xc0, 0x0,

    /* U+003F "?" */
    0x3c, 0xfe, 0xc7, 0x3, 0x3, 0x6, 0xc, 0x18,
    0x38, 0x30, 0x0, 0x38, 0x38, 0x38,

    /* U+0040 "@" */
    0x3, 0xf0, 0x7, 0xfe, 0x7, 0x83, 0x87, 0x0,
    0xe3, 0x0, 0x33, 0xf, 0x8d, 0x9f, 0xc7, 0x8c,
    0x43, 0xcc, 0x21, 0xe6, 0x30, 0xf3, 0x18, 0xf9,
    0x8c, 0xec, 0xfb, 0xe7, 0x38, 0xe1, 0x80, 0x0,
    0xe0, 0x0, 0x3c, 0x10, 0xf, 0xf8, 0x1, 0xf0,
    0x0,

    /* U+0041 "A" */
    0x7, 0x0, 0xf0, 0xf, 0x0, 0xd8, 0x19, 0x81,
    0x98, 0x18, 0xc3, 0xc, 0x3f, 0xe3, 0xfe, 0x60,
    0x66, 0x7, 0x60, 0x3e, 0x3,

    /* U+0042 "B" */
    0xff, 0x3f, 0xec, 0x1f, 0x3, 0xc0, 0xf0, 0x6f,
    0xf3, 0xfe, 0xc1, 0xf0, 0x3c, 0xf, 0x7, 0xff,
    0xbf, 0xc0,

    /* U+0043 "C" */
    0xf, 0x87, 0xf9, 0xc3, 0x30, 0xc, 0x1, 0x80,
    0x30, 0x6, 0x0, 0xc0, 0x18, 0x1, 0x80, 0x38,
    0x63, 0xfc, 0x1f, 0x0,

    /* U+0044 "D" */
    0xfe, 0x1f, 0xf3, 0xf, 0x60, 0x6c, 0xf, 0x80,
    0xf0, 0x1e, 0x3, 0xc0, 0x78, 0x1f, 0x3, 0x61,
    0xef, 0xf9, 0xfc, 0x0,

    /* U+0045 "E" */
    0xff, 0xff, 0xf0, 0x18, 0xc, 0x6, 0x3, 0xfd,
    0xfe, 0xc0, 0x60, 0x30, 0x18, 0xf, 0xff, 0xfc,

    /* U+0046 "F" */
    0xff, 0xff, 0xf0, 0x18, 0xc, 0x6, 0x3, 0xfd,
    0xfe, 0xc0, 0x60, 0x30, 0x18, 0xc, 0x6, 0x0,

    /* U+0047 "G" */
    0xf, 0x87, 0xf9, 0xc1, 0x30, 0xc, 0x1, 0x80,
    0x30, 0xfe, 0x1f, 0xc0, 0x78, 0xd, 0x81, 0xb8,
    0x33, 0xfe, 0x1f, 0x0,

    /* U+0048 "H" */
    0xc0, 0x78, 0xf, 0x1, 0xe0, 0x3c, 0x7, 0xff,
    0xff, 0xfe, 0x3, 0xc0, 0x78, 0xf, 0x1, 0xe0,
    0x3c, 0x7, 0x80, 0xc0,

    /* U+0049 "I" */
    0xff, 0xff, 0xff, 0xf0,

    /* U+004A "J" */
    0x3, 0x3, 0x3, 0x3, 0x3, 0x3, 0x3, 0x3,
    0x3, 0x3, 0x3, 0xc7, 0xfe, 0x3c,

    /* U+004B "K" */
    0xc1, 0xd8, 0x73, 0xc, 0x63, 0xc, 0xc1, 0xb8,
    0x3f, 0x7, 0xf0, 0xe7, 0x18, 0x63, 0xe, 0x60,
    0xcc, 0x1d, 0x81, 0xc0,

    /* U+004C "L" */
    0xc0, 0x60, 0x30, 0x18, 0xc, 0x6, 0x3, 0x1,
    0x80, 0xc0, 0x60, 0x30, 0x18, 0xf, 0xff, 0xfc,

    /* U+004D "M" */
    0xe0, 0x3f, 0x1, 0xfc, 0x1f, 0xe0, 0xff, 0xd,
    0xec, 0x6f, 0x63, 0x79, 0xb3, 0xcd, 0x9e, 0x68,
    0xf1, 0xc7, 0x8e, 0x3c, 0x21, 0xe0, 0xc,

    /* U+004E "N" */
    0xe0, 0x7c, 0xf, 0xc1, 0xf8, 0x3d, 0x87, 0x98,
    0xf3, 0x1e, 0x33, 0xc7, 0x78, 0x6f, 0x7, 0xe0,
    0xfc, 0xf, 0x80, 0xc0,

    /* U+004F "O" */
    0xf, 0x81, 0xff, 0x1c, 0x1c, 0xc0, 0x6c, 0x1,
    0xe0, 0xf, 0x0, 0x78, 0x3, 0xc0, 0x1e, 0x1,
    0xd8, 0xc, 0xe0, 0xe3, 0xfe, 0x7, 0xc0,

    /* U+0050 "P" */
    0xff, 0x3f, 0xec, 0x1f, 0x3, 0xc0, 0xf0, 0x3c,
    0x1f, 0xfe, 0xfe, 0x30, 0xc, 0x3, 0x0, 0xc0,
    0x30, 0x0,

    /* U+0051 "Q" */
    0xf, 0x81, 0xff, 0x1c, 0x1c, 0xc0, 0x6e, 0x3,
    0xe0, 0xf, 0x0, 0x78, 0x3, 0xc0, 0x1e, 0x0,
    0xd8, 0xc, 0xe0, 0xe3, 0xde, 0xf, 0xe0, 0x1c,
    0x0, 0x70, 0x1, 0xf8, 0x3, 0xc0,

    /* U+0052 "R" */
    0xff, 0x1f, 0xf3, 0x7, 0x60, 0x6c, 0xd, 0x83,
    0xbf, 0xe7, 0xf8, 0xc7, 0x18, 0xe3, 0xe, 0x60,
    0xcc, 0x1d, 0x81, 0x80,

    /* U+0053 "S" */
    0x1f, 0x87, 0xf9, 0xc3, 0x30, 0x6, 0x0, 0x70,
    0x7, 0xc0, 0x3e, 0x0, 0xe0, 0xc, 0x1, 0xb0,
    0x77, 0xfc, 0x3f, 0x0,

    /* U+0054 "T" */
    0xff, 0xff, 0xfc, 0x30, 0x6, 0x0, 0xc0, 0x18,
    0x3, 0x0, 0x60, 0xc, 0x1, 0x80, 0x30, 0x6,
    0x0, 0xc0, 0x18, 0x0,

    /* U+0055 "U" */
    0xc0, 0x78, 0xf, 0x1, 0xe0, 0x3c, 0x7, 0x80,
    0xf0, 0x1e, 0x3, 0xc0, 0x78, 0xf, 0x83, 0xb0,
    0xe7, 0xfc, 0x3e, 0x0,

    /* U+0056 "V" */
    0xe0, 0x7e, 0x6, 0x60, 0x66, 0x6, 0x70, 0xc3,
    0xc, 0x30, 0xc3, 0x98, 0x19, 0x81, 0x98, 0x1f,
    0x0, 0xf0, 0xf, 0x0, 0xe0,

    /* U+0057 "W" */
    0x60, 0xc1, 0xb0, 0x60, 0xd8, 0x78, 0x6e, 0x3c,
    0x37, 0x1e, 0x31, 0x8b, 0x18, 0xcc, 0xcc, 0x66,
    0x66, 0x33, 0x33, 0x1d, 0x1b, 0x7, 0x87, 0x83,
    0xc3, 0xc1, 0xe1, 0xe0, 0xe0, 0xf0,

    /* U+0058 "X" */
    0x60, 0x67, 0xc, 0x38, 0xc1, 0x98, 0x1d, 0x80,
    0xf0, 0xf, 0x0, 0xf0, 0xf, 0x1, 0x98, 0x39,
    0xc3, 0xc, 0x70, 0xe6, 0x6,

    /* U+0059 "Y" */
    0xc0, 0xf8, 0x76, 0x19, 0xce, 0x33, 0xc, 0xc1,
    0xe0, 0x78, 0xc, 0x3, 0x0, 0xc0, 0x30, 0xc,
    0x3, 0x0,

    /* U+005A "Z" */
    0xff, 0xff, 0xf0, 0x18, 0xc, 0x7, 0x1, 0x80,
    0xc0, 0x70, 0x18, 0xc, 0x6, 0x1, 0x80, 0xff,
    0xff, 0xf0,

    /* U+005B "[" */
    0xfe, 0x31, 0x8c, 0x63, 0x18, 0xc6, 0x31, 0x8c,
    0x63, 0x18, 0xc6, 0x3e,

    /* U+005C "\\" */
    0x40, 0x40, 0x60, 0x60, 0x20, 0x30, 0x30, 0x10,
    0x18, 0x18, 0x18, 0x8, 0xc, 0xc, 0x4, 0x6,
    0x6, 0x6, 0x2,

    /* U+005D "]" */
    0xf8, 0xc6, 0x31, 0x8c, 0x63, 0x18, 0xc6, 0x31,
    0x8c, 0x63, 0x18, 0xfe,

    /* U+005E "^" */
    0xc, 0xe, 0x7, 0x82, 0xc3, 0x61, 0x99, 0x8c,
    0xc3, 0xc1, 0x80,

    /* U+005F "_" */
    0xff, 0xff, 0xfc,

    /* U+0060 "`" */
    0xce, 0x73,

    /* U+0061 "a" */
    0x3e, 0x7f, 0x90, 0xe0, 0x30, 0xfb, 0xff, 0x87,
    0x83, 0xc3, 0xff, 0xdf, 0x60,

    /* U+0062 "b" */
    0xc0, 0x30, 0xc, 0x3, 0x0, 0xdf, 0x3f, 0xee,
    0x1b, 0x3, 0xc0, 0xf0, 0x3c, 0xf, 0x7, 0xe3,
    0xbf, 0xed, 0xe0,

    /* U+0063 "c" */
    0x1e, 0x7f, 0x60, 0xc0, 0xc0, 0xc0, 0xc0, 0xc0,
    0x61, 0x7f, 0x1e,

    /* U+0064 "d" */
    0x0, 0xc0, 0x30, 0xc, 0x3, 0x1e, 0xdf, 0xf6,
    0x1f, 0x83, 0xc0, 0xf0, 0x3c, 0xf, 0x3, 0x61,
    0xdf, 0xf1, 0xec,

    /* U+0065 "e" */
    0x1f, 0xf, 0xe7, 0x1d, 0x83, 0x7f, 0xff, 0xf6,
    0x1, 0x80, 0x70, 0x8f, 0xe1, 0xf0,

    /* U+0066 "f" */
    0x1e, 0x7c, 0xc1, 0x8f, 0xdf, 0x8c, 0x18, 0x30,
    0x60, 0xc1, 0x83, 0x6, 0xc, 0x0,

    /* U+0067 "g" */
    0x3f, 0xdf, 0xfe, 0x3b, 0x6, 0xe3, 0x9f, 0xc7,
    0xe3, 0x0, 0xc0, 0x1f, 0xe7, 0xff, 0x3, 0xc1,
    0xff, 0xe3, 0xe0,

    /* U+0068 "h" */
    0xc0, 0x60, 0x30, 0x18, 0xc, 0xf7, 0xfb, 0x8f,
    0x83, 0xc1, 0xe0, 0xf0, 0x78, 0x3c, 0x1e, 0xf,
    0x6,

    /* U+0069 "i" */
    0xfc, 0xd, 0xb6, 0xdb, 0x6d, 0xb0,

    /* U+006A "j" */
    0x39, 0xc0, 0x3, 0x18, 0xc6, 0x31, 0x8c, 0x63,
    0x18, 0xc6, 0x37, 0xb8,

    /* U+006B "k" */
    0xc0, 0x60, 0x30, 0x18, 0xc, 0x3e, 0x3b, 0x39,
    0xb8, 0xd8, 0x7e, 0x3b, 0x1c, 0xcc, 0x76, 0x1b,
    0xe,

    /* U+006C "l" */
    0xdb, 0x6d, 0xb6, 0xdb, 0x6d, 0xd8,

    /* U+006D "m" */
    0xce, 0x1c, 0xff, 0x7e, 0xe3, 0xc7, 0xc1, 0x83,
    0xc1, 0x83, 0xc1, 0x83, 0xc1, 0x83, 0xc1, 0x83,
    0xc1, 0x83, 0xc1, 0x83, 0xc1, 0x83,

    /* U+006E "n" */
    0xdf, 0x7f, 0xb8, 0xf8, 0x3c, 0x1e, 0xf, 0x7,
    0x83, 0xc1, 0xe0, 0xf0, 0x60,

    /* U+006F "o" */
    0x1e, 0x1f, 0xe6, 0x1b, 0x3, 0xc0, 0xf0, 0x3c,
    0xf, 0x3, 0x61, 0x9f, 0xe1, 0xe0,

    /* U+0070 "p" */
    0xdf, 0x3f, 0xee, 0x1b, 0x3, 0xc0, 0xf0, 0x3c,
    0xf, 0x7, 0xe3, 0xbf, 0xed, 0xe3, 0x0, 0xc0,
    0x30, 0xc, 0x0,

    /* U+0071 "q" */
    0x1e, 0xdf, 0xf6, 0x1f, 0x83, 0xc0, 0xf0, 0x3c,
    0xf, 0x3, 0x61, 0xdf, 0xf1, 0xec, 0x3, 0x0,
    0xc0, 0x30, 0xc,

    /* U+0072 "r" */
    0xdf, 0xfe, 0x30, 0xc3, 0xc, 0x30, 0xc3, 0xc,
    0x0,

    /* U+0073 "s" */
    0x1e, 0x3f, 0xd8, 0x4c, 0x3, 0x0, 0xf0, 0xe,
    0x3, 0x61, 0xbf, 0x8f, 0x80,

    /* U+0074 "t" */
    0x30, 0x60, 0xc7, 0xff, 0xe6, 0xc, 0x18, 0x30,
    0x60, 0xc1, 0x83, 0xe3, 0xc0,

    /* U+0075 "u" */
    0xc1, 0xe0, 0xf0, 0x78, 0x3c, 0x1e, 0xf, 0x7,
    0x83, 0xe3, 0xbf, 0xce, 0x60,

    /* U+0076 "v" */
    0xe0, 0xcc, 0x19, 0x83, 0x38, 0xc3, 0x18, 0x63,
    0x6, 0xc0, 0xd8, 0x1b, 0x1, 0xc0, 0x38, 0x0,

    /* U+0077 "w" */
    0xc3, 0x87, 0x87, 0x1f, 0xe, 0x37, 0x34, 0x66,
    0x6c, 0xcc, 0xd9, 0x99, 0x36, 0x1e, 0x6c, 0x3c,
    0x78, 0x78, 0xf0, 0xe1, 0xc0,

    /* U+0078 "x" */
    0x61, 0xdc, 0x63, 0xb0, 0x6c, 0x1e, 0x3, 0x81,
    0xe0, 0xec, 0x33, 0x9c, 0x66, 0x1c,

    /* U+0079 "y" */
    0xe0, 0xcc, 0x19, 0xc3, 0x18, 0xc3, 0x18, 0x33,
    0x6, 0xc0, 0xd8, 0xf, 0x1, 0xc0, 0x18, 0x6,
    0x1, 0xc0, 0xf0, 0x1c, 0x0,

    /* U+007A "z" */
    0x7f, 0xbf, 0xc1, 0xc0, 0xc0, 0xe0, 0xe0, 0xe0,
    0x60, 0x70, 0x7f, 0xff, 0xe0,

    /* U+007B "{" */
    0x1c, 0xc3, 0xc, 0x30, 0xc3, 0xc, 0xe3, 0x83,
    0xc, 0x30, 0xc3, 0xc, 0x30, 0xc1, 0xc0,

    /* U+007C "|" */
    0xff, 0xff, 0xff, 0xff, 0xff, 0xf0,

    /* U+007D "}" */
    0xe0, 0xc3, 0xc, 0x30, 0xc3, 0xc, 0x1c, 0x73,
    0xc, 0x30, 0xc3, 0xc, 0x30, 0xce, 0x0,

    /* U+007E "~" */
    0x70, 0x3f, 0x2c, 0xf8, 0x1c,

    /* U+00A3 "£" */
    0x1e, 0x1f, 0xdc, 0x2c, 0x6, 0x3, 0x3, 0xfd,
    0xfe, 0x30, 0x18, 0xc, 0xc, 0xf, 0xff, 0xfc,

    /* U+00A5 "¥" */
    0x60, 0xce, 0x18, 0xc2, 0x1c, 0xc1, 0x98, 0x1e,
    0x3, 0xc3, 0xfe, 0x6, 0x0, 0xc1, 0xff, 0x3,
    0x0, 0x60, 0xc, 0x0,

    /* U+00A7 "§" */
    0x1f, 0xf, 0xe7, 0x1, 0x80, 0x70, 0xf, 0x86,
    0xfb, 0x7, 0xc0, 0xdc, 0x33, 0xf8, 0x1e, 0x1,
    0x80, 0x64, 0x39, 0xfc, 0x3e, 0x0,

    /* U+00A9 "©" */
    0x7, 0xc0, 0x30, 0x60, 0x80, 0x22, 0x3c, 0x24,
    0xfe, 0x53, 0x88, 0x66, 0x0, 0xcc, 0x1, 0x98,
    0x3, 0x38, 0x85, 0x3f, 0x92, 0x3c, 0x22, 0x0,
    0x83, 0x6, 0x1, 0xf0, 0x0,

    /* U+00AE "®" */
    0x3e, 0x31, 0xb7, 0x72, 0x99, 0x8c, 0xa7, 0x56,
    0xc6, 0x3e, 0x0,

    /* U+00B0 "°" */
    0x7b, 0x3c, 0xf3, 0xcd, 0xe0,

    /* U+00B1 "±" */
    0x3, 0x0, 0xc, 0x0, 0x30, 0x0, 0xc0, 0xff,
    0xff, 0xff, 0xf0, 0x30, 0x0, 0xc0, 0x3, 0x0,
    0xc, 0x0, 0x30, 0x0, 0xc0, 0x0, 0x3, 0xff,
    0xff, 0xff, 0xc0,

    /* U+00B6 "¶" */
    0xf, 0xcf, 0xf7, 0xed, 0xfb, 0x7e, 0xff, 0xb7,
    0xed, 0xfb, 0x3e, 0xc3, 0xb0, 0x6c, 0x1b, 0x6,
    0xc1, 0xb0, 0x6c, 0x1b, 0x6, 0xc0,

    /* U+00B7 "·" */
    0xff, 0x80,

    /* U+00D7 "×" */
    0x40, 0x9, 0x80, 0x63, 0x3, 0x6, 0x18, 0xc,
    0xc0, 0x1e, 0x0, 0x30, 0x1, 0xe0, 0xc, 0xc0,
    0x61, 0x83, 0x3, 0x18, 0x6, 0x40, 0x8,

    /* U+00F7 "÷" */
    0x3, 0x80, 0xe, 0x0, 0x38, 0x0, 0x0, 0x0,
    0x0, 0x0, 0xf, 0xff, 0xff, 0xff, 0x0, 0x0,
    0x0, 0x0, 0x38, 0x0, 0xe0, 0x3, 0x80,

    /* U+2010 "‐" */
    0xfc,

    /* U+2013 "–" */
    0xff, 0xff, 0xc0,

    /* U+2014 "—" */
    0xff, 0xff, 0xff, 0xff,

    /* U+2018 "‘" */
    0x2f, 0x6f, 0xc0,

    /* U+2019 "’" */
    0x67, 0x33, 0x60,

    /* U+201C "“" */
    0x20, 0x66, 0xcc, 0xcc, 0xee, 0xe6,

    /* U+201D "”" */
    0x63, 0xb9, 0xcc, 0x66, 0x36, 0x30, 0x10,

    /* U+2022 "•" */
    0x77, 0xff, 0xf7, 0x0,

    /* U+2026 "…" */
    0xe1, 0xc3, 0xf0, 0xe1, 0xf8, 0x70, 0xe0,

    /* U+203B "※" */
    0x83, 0x82, 0x87, 0x8, 0x8e, 0x20, 0x80, 0x80,
    0x86, 0x1c, 0x91, 0xf8, 0xc3, 0xf1, 0x47, 0x4,
    0x40, 0x10, 0x40, 0x40, 0x41, 0x1c, 0x44, 0x38,
    0x50, 0x70, 0x40,

    /* U+20AC "€" */
    0xf, 0x83, 0xf8, 0xe3, 0x18, 0x6, 0x1, 0xff,
    0x18, 0x3, 0x0, 0xff, 0xc, 0x0, 0xc0, 0x1c,
    0x61, 0xfc, 0x1f, 0x0,

    /* U+2116 "№" */
    0x70, 0xe0, 0xe, 0x1c, 0xf9, 0xe3, 0x3b, 0xbc,
    0x66, 0x36, 0x8c, 0xc6, 0xd9, 0x98, 0xdb, 0x31,
    0xf3, 0x36, 0x1c, 0x66, 0xc0, 0xc, 0x58, 0x1,
    0x8f, 0x1f, 0x31, 0xe0, 0xe, 0x1c, 0x1, 0x83,
    0x80, 0x0,

    /* U+2122 "™" */
    0xfd, 0x8c, 0xc6, 0x33, 0x1d, 0xcc, 0x55, 0x31,
    0x74, 0xc4, 0x93, 0x10, 0x40,

    /* U+2190 "←" */
    0x4, 0x0, 0x3, 0x0, 0x3, 0x80, 0x1, 0xc0,
    0x0, 0xff, 0xff, 0xdc, 0x0, 0x3, 0x80, 0x0,
    0x30, 0x0, 0x4, 0x0, 0x0,

    /* U+2191 "↑" */
    0x0, 0x3, 0x1, 0xc0, 0x78, 0x3f, 0x3b, 0x74,
    0xc8, 0x30, 0xc, 0x3, 0x0, 0xc0, 0x30, 0xc,
    0x3, 0x0, 0xc0, 0x30, 0xc, 0x3, 0x0, 0xc0,

    /* U+2192 "→" */
    0x0, 0x8, 0x0, 0x3, 0x0, 0x0, 0x70, 0x0,
    0xe, 0xff, 0xff, 0xc0, 0x0, 0xe0, 0x0, 0x70,
    0x0, 0x30, 0x0, 0x8, 0x0,

    /* U+2193 "↓" */
    0xc, 0x3, 0x0, 0xc0, 0x30, 0xc, 0x3, 0x0,
    0xc0, 0x30, 0xc, 0x3, 0x0, 0xc0, 0x30, 0x4c,
    0xbb, 0x77, 0xf8, 0xfc, 0x1e, 0x3, 0x0, 0x0,

    /* U+2194 "↔" */
    0xc, 0x8, 0x3, 0x3, 0x3, 0x80, 0x71, 0xc0,
    0xe, 0xff, 0xff, 0xdc, 0x0, 0xe3, 0x80, 0x70,
    0x30, 0x30, 0x4, 0x8, 0x0,

    /* U+2248 "≈" */
    0x3c, 0x5, 0x88, 0x3c, 0x11, 0xa0, 0x3c, 0x0,
    0x0, 0xf8, 0x1f, 0x71, 0xe0, 0x7c,

    /* U+2260 "≠" */
    0x0, 0xc0, 0x3, 0x0, 0x8, 0x0, 0x60, 0xff,
    0xfc, 0xc, 0x0, 0x30, 0x0, 0xc0, 0xff, 0xfc,
    0x18, 0x0, 0x40, 0x3, 0x0, 0xc, 0x0,

    /* U+2264 "≤" */
    0x0, 0x3, 0x0, 0xf, 0x0, 0x7c, 0x1, 0xf0,
    0xf, 0x80, 0x3e, 0x0, 0x7c, 0x0, 0xf, 0x0,
    0x3, 0xe0, 0x0, 0x78, 0x0, 0x1f, 0x0, 0x3,
    0x0, 0x0, 0x0, 0x0, 0x7f, 0xff,

    /* U+2265 "≥" */
    0xc0, 0x0, 0xf0, 0x0, 0x3e, 0x0, 0x7, 0x80,
    0x1, 0xf0, 0x0, 0x7c, 0x0, 0x3e, 0x0, 0xf0,
    0x7, 0xc0, 0x1e, 0x0, 0xf8, 0x0, 0xc0, 0x0,
    0x0, 0x0, 0x0, 0x0, 0xff, 0xfe,

    /* U+3008 "〈" */
    0x4, 0x18, 0x30, 0xc1, 0x86, 0x18, 0x30, 0xc1,
    0x83, 0x3, 0x6, 0x6, 0x6, 0xc, 0xc, 0xc,
    0x10,

    /* U+3009 "〉" */
    0x40, 0xc1, 0x81, 0x83, 0x3, 0x3, 0x6, 0x6,
    0xc, 0x18, 0x60, 0xc3, 0xc, 0x18, 0x61, 0x81,
    0x0,

    /* U+300A "《" */
    0x4, 0x86, 0xc2, 0x43, 0x61, 0x31, 0x90, 0x98,
    0xc8, 0x4c, 0x24, 0x13, 0xc, 0x82, 0x61, 0x90,
    0x4c, 0x32, 0x9, 0x86, 0xc1, 0x20,

    /* U+300B "》" */
    0x90, 0x6c, 0x12, 0xd, 0x86, 0x41, 0x30, 0xc8,
    0x26, 0x19, 0x4, 0x86, 0xc2, 0x63, 0x21, 0x31,
    0x90, 0x98, 0xc8, 0x6c, 0x24, 0x0,

    /* U+300C "「" */
    0xff, 0x83, 0x6, 0xc, 0x18, 0x30, 0x60, 0xc1,
    0x83, 0x6, 0x0,

    /* U+300D "」" */
    0x6, 0xc, 0x18, 0x30, 0x60, 0xc1, 0x83, 0x6,
    0xc, 0x1f, 0xf0,

    /* U+300E "『" */
    0xff, 0x81, 0x9f, 0x90, 0x90, 0x90, 0x90, 0x90,
    0x90, 0x90, 0x90, 0x90, 0xf0,

    /* U+300F "』" */
    0xf, 0x9, 0x9, 0x9, 0x9, 0x9, 0x9, 0x9,
    0x9, 0x9, 0xf9, 0x81, 0x81, 0xff,

    /* U+AC00 "가" */
    0x0, 0xc, 0x0, 0x6, 0x1f, 0xe3, 0x0, 0x31,
    0x80, 0x18, 0xc0, 0x1c, 0x60, 0xc, 0x30, 0x6,
    0x1f, 0x7, 0xc, 0x7, 0x6, 0x7, 0x3, 0x7,
    0x1, 0x8f, 0x0, 0xc3, 0x0, 0x60, 0x0, 0x30,
    0x0, 0x18, 0x0, 0xc, 0x0, 0x6, 0x0,

    /* U+AC01 "각" */
    0x0, 0x6, 0x1f, 0xf1, 0x80, 0xc, 0x60, 0x7,
    0x18, 0x1, 0x87, 0xc0, 0xe1, 0xf0, 0x70, 0x60,
    0x78, 0x18, 0xf8, 0x6, 0x18, 0x1, 0x80, 0x0,
    0x0, 0x7f, 0xf8, 0x0, 0x6, 0x0, 0x1, 0x80,
    0x0, 0x60, 0x0, 0x18, 0x0, 0x6, 0x0, 0x1,
    0x80,

    /* U+AC04 "간" */
    0x0, 0x6, 0x0, 0x1, 0x87, 0xfc, 0x61, 0xff,
    0x18, 0x1, 0xc6, 0x0, 0x61, 0x80, 0x18, 0x7c,
    0xc, 0x1f, 0x7, 0x6, 0x3, 0x81, 0x83, 0xc0,
    0x63, 0xc0, 0x18, 0x60, 0x6, 0x0, 0x0, 0x1,
    0x80, 0x0, 0x60, 0x0, 0x18, 0x0, 0x6, 0x0,
    0x1, 0xff, 0xf0,

    /* U+AC07 "갇" */
    0x0, 0x6, 0x1f, 0xf1, 0x87, 0xfc, 0x60, 0x7,
    0x18, 0x1, 0x87, 0xc0, 0xe1, 0xf0, 0x70, 0x60,
    0x78, 0x18, 0x7c, 0x6, 0x1c, 0x1, 0x80, 0x0,
    0x0, 0x7f, 0xf8, 0x18, 0x0, 0x6, 0x0, 0x1,
    0x80, 0x0, 0x60, 0x0, 0x18, 0x0, 0x7, 0xff,
    0xc0,

    /* U+AC08 "갈" */
    0x0, 0x6, 0x1f, 0xf1, 0x80, 0xc, 0x60, 0x7,
    0x18, 0x1, 0x87, 0xc0, 0xe1, 0x80, 0xf0, 0x61,
    0xf8, 0x18, 0xfc, 0x6, 0x1c, 0x0, 0x0, 0x0,
    0x0, 0x7f, 0xf8, 0x0, 0x6, 0x0, 0x1, 0x81,
    0xff, 0xe0, 0x60, 0x0, 0x18, 0x0, 0x6, 0x0,
    0x1, 0xff, 0xf0,

    /* U+AC09 "갉" */
    0x0, 0x6, 0x1f, 0xf1, 0x80, 0x1c, 0x60, 0x7,
    0x18, 0x3, 0x87, 0xc1, 0xc1, 0x81, 0xf0, 0x63,
    0xf0, 0x18, 0x70, 0x6, 0x0, 0x0, 0x3, 0xf7,
    0xe0, 0xc, 0x18, 0x3, 0x6, 0xf, 0xc1, 0x83,
    0x0, 0x60, 0xc0, 0x18, 0x30, 0x46, 0xf, 0xf1,
    0x80,

    /* U+AC0A "갊" */
    0x0, 0x6, 0x1f, 0xf1, 0x80, 0x1c, 0x60, 0x7,
    0x18, 0x1, 0x87, 0xc1, 0xc1, 0x80, 0xe0, 0x63,
    0xf0, 0x18, 0x70, 0x6, 0x0, 0x0, 0x3, 0xf7,
    0xe0, 0xd, 0x98, 0x3, 0x66, 0xf, 0xd9, 0x83,
    0x6, 0x60, 0xc1, 0x98, 0x30, 0x66, 0xf, 0xdf,
    0x80,

    /* U+AC10 "감" */
    0x0, 0x6, 0x1f, 0xf1, 0x87, 0xfc, 0x60, 0x7,
    0x18, 0x1, 0x87, 0xc0, 0xe1, 0xf0, 0x70, 0x60,
    0x78, 0x18, 0x7c, 0x6, 0x1c, 0x1, 0x80, 0x0,
    0x0, 0x7f, 0xf8, 0x18, 0x6, 0x6, 0x1, 0x81,
    0x80, 0x60, 0x60, 0x18, 0x18, 0x6, 0x7, 0xff,
    0x80,

    /* U+AC11 "갑" */
    0x0, 0xc, 0x3f, 0xc6, 0x1f, 0xe3, 0x0, 0x31,
    0x80, 0x30, 0xf8, 0x18, 0x7c, 0x18, 0x30, 0x3c,
    0x18, 0xfc, 0xc, 0x78, 0x6, 0x10, 0x0, 0x0,
    0x0, 0x1, 0x80, 0xc0, 0xff, 0xe0, 0x60, 0x30,
    0x30, 0x18, 0x18, 0xc, 0xc, 0x6, 0x7, 0xff,
    0x0,

    /* U+AC12 "값" */
    0x0, 0xc, 0x3f, 0xc6, 0x1f, 0xe3, 0x0, 0x31,
    0x80, 0x30, 0xf8, 0x18, 0x7c, 0x18, 0x30, 0x3c,
    0x18, 0xf8, 0xc, 0x38, 0x6, 0x0, 0x0, 0x0,
    0x0, 0x3, 0x31, 0x81, 0xf8, 0xc0, 0xcc, 0x60,
    0x66, 0x30, 0x33, 0x3c, 0x19, 0xb3, 0xf, 0xf0,
    0xc0,

    /* U+AC13 "갓" */
    0x0, 0x6, 0x3f, 0xe3, 0x1f, 0xf1, 0x80, 0x18,
    0xc0, 0x18, 0x60, 0xc, 0x3c, 0xc, 0x1e, 0xe,
    0xc, 0x1e, 0x6, 0x7c, 0x3, 0x18, 0x1, 0x80,
    0x18, 0xc0, 0xc, 0x0, 0xf, 0x0, 0x7, 0xc0,
    0xe, 0x70, 0x3e, 0x1f, 0x1c, 0x3, 0x0,

    /* U+AC14 "갔" */
    0x0, 0xc, 0x3f, 0xc6, 0x1f, 0xe3, 0x0, 0x31,
    0x80, 0x30, 0xf8, 0x18, 0x7c, 0x18, 0x30, 0x38,
    0x18, 0x78, 0xc, 0x78, 0x6, 0x0, 0x0, 0x1,
    0x83, 0x0, 0xc1, 0x80, 0x60, 0xc0, 0x78, 0xf0,
    0x7e, 0xdc, 0x73, 0xe7, 0x10, 0xc1, 0x80,

    /* U+AC15 "강" */
    0x0, 0x6, 0x3f, 0xe3, 0x0, 0x71, 0x80, 0x38,
    0xc0, 0x18, 0x78, 0x1c, 0x3c, 0x1c, 0x18, 0x1c,
    0xc, 0x3c, 0x6, 0x7c, 0x3, 0x18, 0x1, 0x80,
    0xfe, 0x0, 0xc0, 0xc0, 0xc0, 0x30, 0x60, 0x18,
    0x30, 0xc, 0xc, 0x1c, 0x3, 0xf8, 0x0,

    /* U+AC16 "갖" */
    0x0, 0x6, 0x1f, 0xf1, 0x87, 0xfc, 0x60, 0x7,
    0x18, 0x1, 0x87, 0xc0, 0xe1, 0xf0, 0x70, 0x60,
    0x78, 0x18, 0xf8, 0x6, 0x18, 0x1, 0x80, 0x0,
    0x0, 0x7f, 0xf8, 0x0, 0xc0, 0x0, 0x78, 0x0,
    0x3f, 0x0, 0x7c, 0xf8, 0x3c, 0xf, 0x0,

    /* U+AC17 "갗" */
    0x0, 0xc, 0x3f, 0xc6, 0x1f, 0xe3, 0x0, 0x31,
    0x80, 0x30, 0xf8, 0x18, 0x7c, 0x18, 0x30, 0x38,
    0x18, 0xf8, 0xc, 0x30, 0xc6, 0x0, 0x60, 0x0,
    0x30, 0x3, 0xff, 0xc0, 0xc, 0x0, 0xf, 0x0,
    0xe, 0xc0, 0x1e, 0x3c, 0x1c, 0x7, 0x0,

    /* U+AC19 "같" */
    0x0, 0x6, 0x1f, 0xf1, 0x87, 0xfc, 0x60, 0x7,
    0x18, 0x1, 0x87, 0xc0, 0xe1, 0xf0, 0x70, 0x60,
    0x38, 0x18, 0x7c, 0x6, 0x1c, 0x1, 0x80, 0x0,
    0x0, 0x7f, 0xf8, 0x18, 0x0, 0x6, 0x0, 0x1,
    0xff, 0xe0, 0x60, 0x0, 0x18, 0x0, 0x6, 0x0,
    0x1, 0xff, 0xe0,

    /* U+AC1A "갚" */
    0x0, 0xc, 0x3f, 0xc6, 0x1f, 0xe3, 0x0, 0x31,
    0x80, 0x30, 0xf8, 0x18, 0x7c, 0x38, 0x30, 0x38,
    0x18, 0xf8, 0xc, 0x78, 0x6, 0x0, 0x0, 0x0,
    0x0, 0x3, 0xff, 0xe0, 0x31, 0x80, 0x18, 0xc0,
    0xc, 0x60, 0x6, 0x30, 0x3, 0x18, 0xf, 0xff,
    0x80,

    /* U+AC1B "갛" */
    0x0, 0x6, 0x1f, 0xf1, 0x80, 0xc, 0x60, 0x7,
    0x18, 0x1, 0x87, 0xc0, 0xe1, 0x80, 0xf0, 0x61,
    0xf0, 0x18, 0x70, 0xc6, 0x0, 0x30, 0x3, 0xff,
    0xf0, 0x0, 0x0, 0x0, 0x0, 0x0, 0xfc, 0x0,
    0xe1, 0xc0, 0x30, 0x30, 0xc, 0x1c, 0x0, 0xfc,
    0x0,

    /* U+AC1C "개" */
    0x0, 0x33, 0x0, 0x33, 0x7f, 0x33, 0x7f, 0x33,
    0x3, 0x33, 0x3, 0x33, 0x6, 0x33, 0x6, 0x3f,
    0xe, 0x33, 0xc, 0x33, 0x18, 0x33, 0x38, 0x33,
    0xf0, 0x33, 0x40, 0x33, 0x0, 0x33, 0x0, 0x33,
    0x0, 0x33, 0x0, 0x3,

    /* U+AC1D "객" */
    0x0, 0x33, 0x7f, 0x33, 0x3, 0x33, 0x3, 0x33,
    0x6, 0x3f, 0x6, 0x33, 0xc, 0x33, 0x3c, 0x33,
    0xf0, 0x33, 0x60, 0x33, 0x0, 0x0, 0xf, 0xff,
    0x0, 0x3, 0x0, 0x3, 0x0, 0x3, 0x0, 0x3,
    0x0, 0x3, 0x0, 0x3,

    /* U+AC20 "갠" */
    0x0, 0x33, 0x0, 0x19, 0x9f, 0xcc, 0xcf, 0xe6,
    0x60, 0x33, 0x30, 0x39, 0x98, 0x18, 0xfc, 0x1c,
    0x7e, 0xc, 0x33, 0x1c, 0x19, 0x9c, 0xc, 0xcc,
    0x6, 0x60, 0x3, 0x30, 0xe0, 0x0, 0x70, 0x0,
    0x38, 0x0, 0x1c, 0x0, 0xf, 0xff, 0xc0,

    /* U+AC24 "갤" */
    0x0, 0x33, 0x3f, 0x99, 0x9f, 0xcc, 0xc0, 0x66,
    0x60, 0x63, 0xf0, 0x31, 0x98, 0x30, 0xcc, 0x70,
    0x66, 0xf0, 0x33, 0x20, 0x0, 0x3, 0xff, 0xc0,
    0x0, 0x60, 0x0, 0x30, 0x7f, 0xf8, 0x30, 0x0,
    0x18, 0x0, 0xc, 0x0, 0x7, 0xff, 0xc0,

    /* U+AC2C "갬" */
    0x0, 0x33, 0x7f, 0x33, 0x7f, 0x33, 0x3, 0x33,
    0x7, 0x3f, 0x6, 0x3f, 0xe, 0x33, 0x1c, 0x33,
    0x78, 0x33, 0x60, 0x33, 0x0, 0x0, 0x1f, 0xff,
    0x18, 0x3, 0x18, 0x3, 0x18, 0x3, 0x18, 0x3,
    0x18, 0x3, 0x1f, 0xff,

    /* U+AC2D "갭" */
    0x0, 0x33, 0x7f, 0x33, 0x7f, 0x33, 0x3, 0x33,
    0x7, 0x3f, 0x6, 0x3f, 0xe, 0x33, 0x1c, 0x33,
    0x7c, 0x33, 0xf8, 0x33, 0x70, 0x0, 0x40, 0x0,
    0x1c, 0x3, 0x1f, 0xff, 0x1c, 0x3, 0x1c, 0x3,
    0x1c, 0x3, 0x1c, 0x3, 0x1f, 0xff,

    /* U+AC2F "갯" */
    0x0, 0x33, 0x0, 0x19, 0x9f, 0xcc, 0xc0, 0x66,
    0x60, 0x33, 0x30, 0x31, 0xf8, 0x18, 0xcc, 0x18,
    0x66, 0x1c, 0x33, 0x3c, 0x19, 0xb8, 0x0, 0xc0,
    0x1c, 0x60, 0xe, 0x0, 0x7, 0x0, 0x7, 0xc0,
    0x7, 0x38, 0x1f, 0xf, 0xe, 0x3, 0xc0,

    /* U+AC30 "갰" */
    0x0, 0x33, 0x3f, 0x99, 0x9f, 0xcc, 0xc0, 0x66,
    0x60, 0x63, 0xf0, 0x31, 0xf8, 0x38, 0xcc, 0x38,
    0x66, 0x78, 0x33, 0x30, 0x19, 0x80, 0x0, 0x0,
    0xc1, 0x80, 0x60, 0xc0, 0x70, 0xe0, 0x3c, 0x78,
    0x37, 0x6e, 0x71, 0xe3, 0x90, 0x60, 0xc0,

    /* U+AC31 "갱" */
    0x0, 0x33, 0x7f, 0x33, 0x7f, 0x33, 0x3, 0x33,
    0x6, 0x3f, 0x6, 0x3f, 0xe, 0x33, 0x1c, 0x33,
    0x78, 0x33, 0xf0, 0x33, 0x40, 0x3, 0x3, 0xf8,
    0xe, 0xe, 0x1c, 0x3, 0x18, 0x3, 0x1c, 0x3,
    0xe, 0xe, 0x3, 0xf8,

    /* U+AC38 "갸" */
    0x0, 0xc, 0x0, 0x6, 0x1f, 0xe3, 0x0, 0x31,
    0x80, 0x18, 0xf8, 0x1c, 0x7c, 0xc, 0x30, 0x6,
    0x18, 0x7, 0xc, 0x7, 0x6, 0x7, 0x3, 0xe7,
    0x1, 0x8f, 0x0, 0xc3, 0x0, 0x60, 0x0, 0x30,
    0x0, 0x18, 0x0, 0xc, 0x0, 0x6, 0x0,

    /* U+AC39 "갹" */
    0x0, 0x6, 0x1f, 0xf1, 0x87, 0xfc, 0x60, 0x3,
    0x1f, 0x1, 0x86, 0x0, 0x61, 0x80, 0x30, 0x60,
    0x3c, 0x1f, 0x7c, 0x6, 0x3e, 0x1, 0x84, 0x0,
    0x60, 0x0, 0x0, 0x1f, 0xfe, 0x0, 0x1, 0x80,
    0x0, 0x60, 0x0, 0x18, 0x0, 0x6, 0x0, 0x1,
    0x80, 0x0, 0x60,

    /* U+AC3C "갼" */
    0x0, 0x6, 0x0, 0x1, 0x87, 0xfc, 0x61, 0xff,
    0x18, 0x1, 0xc7, 0xc0, 0x61, 0xf0, 0x18, 0x60,
    0xc, 0x18, 0x7, 0x6, 0x3, 0x81, 0xf3, 0xc0,
    0x7f, 0xc0, 0x18, 0x60, 0x6, 0x0, 0x0, 0x1,
    0x80, 0x0, 0x60, 0x0, 0x18, 0x0, 0x6, 0x0,
    0x1, 0xff, 0xf0,

    /* U+AC40 "걀" */
    0x0, 0x6, 0x1f, 0xf1, 0x80, 0xc, 0x7c, 0x7,
    0x1f, 0x1, 0x86, 0x0, 0xe1, 0x80, 0xf0, 0x7d,
    0xf8, 0x18, 0xfc, 0x6, 0x1c, 0x0, 0x0, 0x0,
    0x0, 0x7f, 0xf8, 0x0, 0x6, 0x0, 0x1, 0x81,
    0xff, 0xe0, 0x60, 0x0, 0x18, 0x0, 0x6, 0x0,
    0x1, 0xff, 0xf0,

    /* U+AC4B "걋" */
    0x0, 0x6, 0x1f, 0xf1, 0x87, 0xfc, 0x60, 0x7,
    0x1f, 0x1, 0x87, 0xc0, 0x61, 0x80, 0x30, 0x60,
    0x1c, 0x1f, 0x1e, 0x7, 0xfe, 0x1, 0x86, 0x0,
    0x60, 0x3, 0x18, 0x0, 0xc0, 0x0, 0x78, 0x0,
    0x1f, 0x0, 0x1c, 0xe0, 0x3e, 0x1f, 0xe, 0x1,
    0xc0,

    /* U+AC4D "걍" */
    0x0, 0x6, 0x0, 0x3, 0x1f, 0xf1, 0x80, 0x38,
    0xf0, 0x1c, 0x60, 0xc, 0x30, 0xe, 0x18, 0xe,
    0xf, 0x1e, 0x6, 0x7e, 0x3, 0x3e, 0x1, 0x88,
    0x0, 0xc0, 0x7f, 0x0, 0x60, 0x60, 0x60, 0x18,
    0x30, 0xc, 0x18, 0x6, 0x6, 0xe, 0x1, 0xfc,
    0x0,

    /* U+AC54 "걔" */
    0x0, 0x33, 0x0, 0x33, 0x7f, 0x33, 0x7f, 0x33,
    0x3, 0x3f, 0x3, 0x3f, 0x6, 0x33, 0x6, 0x33,
    0xe, 0x33, 0xc, 0x3f, 0x18, 0x3f, 0x38, 0x33,
    0xf0, 0x33, 0x40, 0x33, 0x0, 0x33, 0x0, 0x33,
    0x0, 0x33, 0x0, 0x3,

    /* U+AC58 "걘" */
    0x0, 0x33, 0x0, 0x19, 0x9f, 0xcc, 0xcf, 0xe6,
    0x60, 0x33, 0xf0, 0x39, 0x98, 0x18, 0xcc, 0x1c,
    0x66, 0xc, 0x3f, 0x1c, 0x1f, 0x9c, 0xc, 0xcc,
    0x6, 0x60, 0x3, 0x30, 0xe0, 0x0, 0x70, 0x0,
    0x38, 0x0, 0x1c, 0x0, 0xf, 0xff, 0xc0,

    /* U+AC5C "걜" */
    0x0, 0x33, 0x3f, 0x99, 0x9f, 0xcf, 0xc0, 0x67,
    0xe0, 0x63, 0x30, 0x31, 0x98, 0x30, 0xfc, 0x70,
    0x66, 0xf0, 0x33, 0x20, 0x0, 0x3, 0xff, 0xc0,
    0x0, 0x60, 0x0, 0x30, 0x7f, 0xf8, 0x30, 0x0,
    0x18, 0x0, 0xc, 0x0, 0x7, 0xff, 0xc0,

    /* U+AC70 "거" */
    0x0, 0x6, 0x0, 0xd, 0xff, 0x18, 0xe, 0x30,
    0x1c, 0x60, 0x78, 0xc0, 0xe1, 0x81, 0xff, 0x7,
    0x6, 0x1e, 0xc, 0x78, 0x19, 0xe0, 0x3f, 0x80,
    0x7c, 0x0, 0xc0, 0x1, 0x80, 0x3, 0x0, 0x6,
    0x0, 0xc,

    /* U+AC71 "걱" */
    0x0, 0x6, 0xff, 0xc, 0x6, 0x18, 0x1c, 0x30,
    0x37, 0xe0, 0xe0, 0xc3, 0x81, 0x9e, 0x3, 0xf8,
    0x6, 0x80, 0xc, 0x0, 0x0, 0xff, 0xf0, 0x0,
    0x60, 0x0, 0xc0, 0x1, 0x80, 0x3, 0x0, 0x6,
    0x0, 0xc,

    /* U+AC74 "건" */
    0x0, 0x6, 0xff, 0x8d, 0xff, 0x18, 0xe, 0x30,
    0x1c, 0x60, 0x70, 0xc1, 0xff, 0x83, 0xbf, 0x1e,
    0x6, 0x78, 0xf, 0xe0, 0x1f, 0x0, 0x30, 0x0,
    0x63, 0x0, 0x6, 0x0, 0xc, 0x0, 0x18, 0x0,
    0x3f, 0xfc,

    /* U+AC77 "걷" */
    0x0, 0x6, 0xff, 0xd, 0xfe, 0x18, 0xc, 0x30,
    0x30, 0x60, 0x6f, 0xc1, 0x81, 0x8e, 0x3, 0x78,
    0x7, 0xc0, 0xc, 0x0, 0x0, 0xff, 0xf1, 0x80,
    0x3, 0x0, 0x6, 0x0, 0xc, 0x0, 0x18, 0x0,
    0x3f, 0xfc,

    /* U+AC78 "걸" */
    0x0, 0x6, 0x7f, 0x86, 0x1, 0x86, 0x3, 0x86,
    0x3, 0x7e, 0x7, 0x7e, 0xe, 0x6, 0x7c, 0x6,
    0xf0, 0x6, 0x0, 0x0, 0x1f, 0xfe, 0x0, 0x6,
    0x0, 0x6, 0x1f, 0xfe, 0x18, 0x0, 0x18, 0x0,
    0x18, 0x0, 0x1f, 0xff,

    /* U+AC7A "걺" */
    0x0, 0x6, 0xff, 0xc, 0x6, 0x18, 0x1c, 0x30,
    0x37, 0xe0, 0xef, 0xc7, 0x81, 0xbc, 0x3, 0xe0,
    0x6, 0x0, 0x0, 0xfd, 0xf8, 0x1b, 0x30, 0x36,
    0x67, 0xec, 0xcc, 0x19, 0x98, 0x33, 0x30, 0x66,
    0x7e, 0xfc,

    /* U+AC80 "검" */
    0x0, 0x6, 0xff, 0xd, 0xfe, 0x18, 0xc, 0x30,
    0x37, 0xe0, 0x6f, 0xc1, 0x81, 0x8e, 0x3, 0x78,
    0x7, 0xc0, 0xc, 0x0, 0x0, 0xff, 0xf1, 0x80,
    0x63, 0x0, 0xc6, 0x1, 0x8c, 0x3, 0x18, 0x6,
    0x3f, 0xfc,

    /* U+AC81 "겁" */
    0x0, 0x6, 0xff, 0xd, 0xfe, 0x18, 0xc, 0x30,
    0x37, 0xe0, 0x6f, 0xc1, 0xc1, 0x8f, 0x3, 0x7c,
    0x7, 0xf0, 0xd, 0x80, 0x0, 0x0, 0x1, 0x80,
    0x63, 0xff, 0xc6, 0x1, 0x8c, 0x3, 0x18, 0x6,
    0x30, 0xc, 0x7f, 0xf8,

    /* U+AC83 "것" */
    0x0, 0x6, 0x7f, 0x86, 0x7f, 0x86, 0x1, 0x86,
    0x3, 0x86, 0x3, 0x7e, 0x7, 0x7e, 0xe, 0x6,
    0x3c, 0x6, 0xf0, 0x6, 0x40, 0x6, 0x0, 0xc6,
    0x1, 0xc0, 0x1, 0xe0, 0x3, 0xf0, 0xf, 0x38,
    0x3e, 0x1f, 0x18, 0x6,

    /* U+AC84 "겄" */
    0x0, 0x6, 0x3f, 0xc3, 0x1f, 0xe1, 0x80, 0x30,
    0xc0, 0x37, 0xe0, 0x1b, 0xf0, 0x18, 0x18, 0x38,
    0xc, 0x78, 0x6, 0x70, 0x3, 0x0, 0x0, 0x1,
    0x83, 0x0, 0xc1, 0x80, 0x60, 0xc0, 0x78, 0xf0,
    0x76, 0xcc, 0x73, 0xe7, 0x0, 0x40, 0x80,

    /* U+AC85 "겅" */
    0x0, 0x6, 0xff, 0xc, 0x6, 0x18, 0x1c, 0x30,
    0x30, 0x60, 0xef, 0xc1, 0x81, 0x8f, 0x3, 0x3c,
    0x7, 0xe0, 0xd, 0x0, 0x18, 0x3f, 0x80, 0xc0,
    0xc3, 0x0, 0xc6, 0x1, 0x8c, 0x3, 0xc, 0x1c,
    0x7, 0xe0,

    /* U+AC86 "겆" */
    0x0, 0x6, 0x7f, 0x86, 0x7f, 0x86, 0x1, 0x86,
    0x1, 0x86, 0x3, 0x7e, 0x6, 0x6, 0x1c, 0x6,
    0xf8, 0x6, 0x60, 0x6, 0x0, 0x0, 0x1f, 0xfe,
    0x0, 0xc0, 0x1, 0xe0, 0x3, 0xf0, 0xf, 0x3c,
    0x1c, 0xe,

    /* U+AC89 "겉" */
    0x0, 0x6, 0xff, 0xc, 0x6, 0x18, 0x1c, 0x30,
    0x37, 0xe0, 0xe0, 0xc7, 0x81, 0xbe, 0x3, 0xf0,
    0x6, 0x0, 0x0, 0x7f, 0xf8, 0xc0, 0x1, 0x80,
    0x3, 0xff, 0xc6, 0x0, 0xc, 0x0, 0x18, 0x0,
    0x3f, 0xfc,

    /* U+AC8A "겊" */
    0x0, 0x6, 0x7f, 0x86, 0x7f, 0x86, 0x1, 0x86,
    0x3, 0x6, 0x3, 0x7e, 0x6, 0x6, 0x1e, 0x6,
    0x7c, 0x6, 0xf0, 0x6, 0x40, 0x0, 0x0, 0x0,
    0x3f, 0xff, 0x6, 0x18, 0x6, 0x18, 0x6, 0x18,
    0x6, 0x18, 0x6, 0x18, 0x3f, 0xff,

    /* U+AC8B "겋" */
    0x0, 0x6, 0xff, 0xc, 0x6, 0x18, 0x1c, 0x30,
    0x37, 0xe0, 0xe0, 0xc7, 0x81, 0xfc, 0x3, 0xe0,
    0xc6, 0x1, 0x80, 0xff, 0xf8, 0x0, 0x0, 0x0,
    0x0, 0x7e, 0x3, 0x87, 0x6, 0x6, 0xe, 0x1c,
    0x7, 0xe0,

    /* U+AC8C "게" */
    0x0, 0x33, 0x0, 0x33, 0x7f, 0x33, 0x7f, 0x33,
    0x3, 0x33, 0x3, 0x33, 0x6, 0x33, 0x7, 0xf3,
    0xf, 0xf3, 0xc, 0x33, 0x18, 0x33, 0x38, 0x33,
    0xe0, 0x33, 0x40, 0x33, 0x0, 0x33, 0x0, 0x33,
    0x0, 0x33, 0x0, 0x3,

    /* U+AC90 "겐" */
    0x0, 0x33, 0x0, 0x19, 0x9f, 0xcc, 0xcf, 0xe6,
    0x60, 0x33, 0x30, 0x31, 0x98, 0x1f, 0xcc, 0x1f,
    0xe6, 0x1c, 0x33, 0x1c, 0x19, 0xbc, 0xc, 0xcc,
    0x6, 0x60, 0x3, 0x30, 0x60, 0x0, 0x30, 0x0,
    0x18, 0x0, 0xc, 0x0, 0x7, 0xff, 0xc0,

    /* U+AC94 "겔" */
    0x0, 0x36, 0x7f, 0x36, 0x7f, 0x36, 0x7, 0x36,
    0x7, 0xf6, 0xf, 0xf6, 0x1c, 0x36, 0x38, 0x36,
    0xf0, 0x36, 0x40, 0x0, 0x1f, 0xfe, 0x0, 0x6,
    0x0, 0x6, 0x1f, 0xfe, 0x18, 0x0, 0x18, 0x0,
    0x18, 0x0, 0x1f, 0xff,

    /* U+AC9C "겜" */
    0x0, 0x36, 0xfe, 0x6d, 0xfc, 0xd8, 0x19, 0xb0,
    0x63, 0x60, 0xfe, 0xc3, 0xd, 0x8e, 0x1b, 0x78,
    0x36, 0xc0, 0x6c, 0x0, 0x0, 0xff, 0xf1, 0x80,
    0x63, 0x0, 0xc6, 0x1, 0x8c, 0x3, 0x18, 0x6,
    0x3f, 0xfc,

    /* U+AC9D "겝" */
    0x0, 0x36, 0xfe, 0x6d, 0xfc, 0xd8, 0x19, 0xb0,
    0x73, 0x60, 0xfe, 0xc3, 0x8d, 0x8e, 0x1b, 0x78,
    0x37, 0xe0, 0x6d, 0x80, 0x0, 0x0, 0x1, 0x80,
    0x63, 0xff, 0xc6, 0x1, 0x8c, 0x3, 0x18, 0x6,
    0x30, 0xc, 0x7f, 0xf8,

    /* U+AC9F "겟" */
    0x0, 0x33, 0x0, 0x19, 0x9f, 0xcc, 0xc0, 0x66,
    0x60, 0x33, 0x30, 0x3f, 0x98, 0x1f, 0xcc, 0x18,
    0x66, 0x1c, 0x33, 0x3c, 0x19, 0x98, 0x0, 0xc0,
    0x18, 0x60, 0xe, 0x0, 0x7, 0x0, 0x7, 0xc0,
    0xf, 0x70, 0x3e, 0xf, 0x8e, 0x1, 0x80,

    /* U+ACA0 "겠" */
    0x0, 0x33, 0x3f, 0x99, 0x9f, 0xcc, 0xc0, 0x66,
    0x60, 0x63, 0x30, 0x3f, 0x98, 0x38, 0xcc, 0x38,
    0x66, 0x78, 0x33, 0x30, 0x19, 0x80, 0x0, 0x0,
    0xc3, 0x80, 0xe1, 0xc0, 0x70, 0xe0, 0x78, 0xf8,
    0x76, 0xee, 0x71, 0xe3, 0x90, 0x60, 0x0,

    /* U+ACA1 "겡" */
    0x0, 0x33, 0x7f, 0x33, 0x7f, 0x33, 0x3, 0x33,
    0x6, 0x33, 0x7, 0xf3, 0xe, 0x33, 0x1c, 0x33,
    0x78, 0x33, 0xf0, 0x33, 0x40, 0x3, 0x3, 0xf8,
    0xe, 0xe, 0x1c, 0x3, 0x18, 0x3, 0x1c, 0x3,
    0xe, 0xe, 0x3, 0xf8,

    /* U+ACA8 "겨" */
    0x0, 0x6, 0x0, 0xd, 0xfe, 0x18, 0xc, 0x30,
    0x18, 0x60, 0x3f, 0xc0, 0xc1, 0x81, 0x83, 0x7,
    0x6, 0xc, 0xc, 0x33, 0xf9, 0xc0, 0x37, 0x0,
    0x6c, 0x0, 0xc0, 0x1, 0x80, 0x3, 0x0, 0x6,
    0x0, 0xc,

    /* U+ACA9 "격" */
    0x0, 0x6, 0xff, 0xd, 0xfe, 0x18, 0xf, 0xf0,
    0x10, 0x60, 0x60, 0xc1, 0x81, 0x8e, 0x3f, 0xf8,
    0x6, 0xc0, 0xc, 0x0, 0x0, 0xff, 0xf0, 0x0,
    0x60, 0x0, 0xc0, 0x1, 0x80, 0x3, 0x0, 0x6,
    0x0, 0xc,

    /* U+ACAA "겪" */
    0x0, 0x6, 0xff, 0xd, 0xfe, 0x18, 0xf, 0xf0,
    0x18, 0x60, 0x60, 0xc1, 0x9f, 0x8e, 0x3f, 0xf8,
    0x6, 0xc0, 0xc, 0x0, 0x1, 0xfb, 0xf0, 0x30,
    0x60, 0x60, 0xc0, 0xc1, 0x81, 0x83, 0x3, 0x6,
    0x6, 0xc,

    /* U+ACAC "견" */
    0x0, 0x6, 0xff, 0xd, 0xfe, 0x18, 0xc, 0x30,
    0x1f, 0xe0, 0x7f, 0xc0, 0xc1, 0x83, 0x83, 0xe,
    0x7e, 0x78, 0xff, 0xc0, 0x1f, 0x0, 0x30, 0x0,
    0x63, 0x0, 0x6, 0x0, 0xc, 0x0, 0x18, 0x0,
    0x3f, 0xfc,

    /* U+ACAF "겯" */
    0x0, 0x6, 0xff, 0xd, 0xfe, 0x18, 0xf, 0xf0,
    0x18, 0x60, 0x60, 0xc1, 0x81, 0x8e, 0x3f, 0x78,
    0x6, 0xc0, 0xc, 0x0, 0x0, 0xff, 0xf1, 0x80,
    0x3, 0x0, 0x6, 0x0, 0xc, 0x0, 0x18, 0x0,
    0x3f, 0xfc,

    /* U+ACB0 "결" */
    0x0, 0x6, 0x7f, 0x86, 0x1, 0xfe, 0x1, 0xfe,
    0x3, 0x6, 0x7, 0x6, 0xe, 0x7e, 0x7c, 0x6,
    0xf0, 0x6, 0x0, 0x0, 0x1f, 0xfe, 0x0, 0x6,
    0x0, 0x6, 0x1f, 0xfe, 0x18, 0x0, 0x18, 0x0,
    0x18, 0x0, 0x1f, 0xff,

    /* U+ACB8 "겸" */
    0x0, 0x6, 0xff, 0xd, 0xfe, 0x18, 0xf, 0xf0,
    0x38, 0x60, 0x60, 0xc1, 0x9f, 0x8e, 0x3f, 0x78,
    0x7, 0xc0, 0xc, 0x0, 0x0, 0xff, 0xf1, 0x80,
    0x63, 0x0, 0xc6, 0x1, 0x8c, 0x3, 0x18, 0x6,
    0x3f, 0xfc,

    /* U+ACB9 "겹" */
    0x0, 0x6, 0xff, 0xd, 0xfe, 0x18, 0xf, 0xf0,
    0x18, 0x60, 0x60, 0xc1, 0xc1, 0x8f, 0x3f, 0x7c,
    0x7, 0xf0, 0xd, 0x80, 0x0, 0x0, 0x1, 0x80,
    0x63, 0xff, 0xc6, 0x1, 0x8c, 0x3, 0x18, 0x6,
    0x30, 0xc, 0x7f, 0xf8,

    /* U+ACBB "겻" */
    0x0, 0x6, 0x7f, 0x86, 0x7f, 0x86, 0x1, 0xfe,
    0x1, 0xfe, 0x3, 0x6, 0x7, 0x6, 0xe, 0x7e,
    0x3c, 0x7e, 0xf8, 0x6, 0x60, 0x6, 0x0, 0xc6,
    0x0, 0xc0, 0x1, 0xe0, 0x3, 0xf0, 0x7, 0x38,
    0x3e, 0x1f, 0x10, 0x6,

    /* U+ACBC "겼" */
    0x0, 0x6, 0x3f, 0xc3, 0x1f, 0xe1, 0x80, 0x3f,
    0xc0, 0x38, 0x60, 0x18, 0x30, 0x19, 0xf8, 0x38,
    0xfc, 0x78, 0x6, 0x70, 0x3, 0x0, 0x0, 0x1,
    0x83, 0x0, 0xc1, 0x80, 0x70, 0xc0, 0x78, 0xf0,
    0x76, 0xcc, 0x71, 0xe7, 0x0, 0x40, 0x80,

    /* U+ACBD "경" */
    0x0, 0x6, 0xff, 0xd, 0xfe, 0x18, 0xf, 0xf0,
    0x10, 0x60, 0x60, 0xc1, 0x81, 0x8f, 0x7f, 0x7c,
    0x7, 0xe0, 0xd, 0x0, 0x18, 0x1f, 0x80, 0xc0,
    0xc3, 0x0, 0xc6, 0x1, 0x8c, 0x3, 0xc, 0xc,
    0x7, 0xe0,

    /* U+ACC1 "곁" */
    0x0, 0x6, 0xff, 0xd, 0xfe, 0x18, 0xf, 0xf0,
    0x18, 0x60, 0x60, 0xc1, 0x81, 0x87, 0x3f, 0x78,
    0x7, 0xe0, 0xc, 0x0, 0x0, 0xff, 0xf1, 0x80,
    0x3, 0x0, 0x7, 0xff, 0x8c, 0x0, 0x18, 0x0,
    0x30, 0x0, 0x7f, 0xf8,

    /* U+ACC4 "계" */
    0x0, 0x33, 0x0, 0x33, 0x7f, 0x33, 0x7f, 0x33,
    0x3, 0x33, 0x3, 0xf3, 0x6, 0x33, 0x6, 0x33,
    0xe, 0x33, 0xd, 0xf3, 0x19, 0xf3, 0x30, 0x33,
    0xe0, 0x33, 0x40, 0x33, 0x0, 0x33, 0x0, 0x33,
    0x0, 0x33, 0x0, 0x3,

    /* U+ACC8 "곈" */
    0x0, 0x66, 0x0, 0x66, 0x7e, 0x66, 0x7e, 0x66,
    0x7, 0xe6, 0x7, 0xe6, 0xc, 0x66, 0xc, 0x66,
    0x1b, 0xe6, 0x33, 0xe6, 0xe0, 0x66, 0xc0, 0x66,
    0x0, 0x66, 0x18, 0x0, 0x18, 0x0, 0x18, 0x0,
    0x18, 0x0, 0x1f, 0xff,

    /* U+ACCC "곌" */
    0x0, 0x36, 0x7f, 0x36, 0x7f, 0x36, 0x7, 0xf6,
    0x6, 0x36, 0xe, 0x36, 0x1d, 0xf6, 0x78, 0x36,
    0xf0, 0x36, 0x40, 0x0, 0x1f, 0xfe, 0x0, 0x6,
    0x0, 0x6, 0x1f, 0xfe, 0x18, 0x0, 0x18, 0x0,
    0x18, 0x0, 0x1f, 0xff,

    /* U+ACD5 "곕" */
    0x0, 0x33, 0x7f, 0x33, 0x7f, 0x33, 0x3, 0xf3,
    0x7, 0xf3, 0x6, 0x33, 0xf, 0xf3, 0x1d, 0xf3,
    0x78, 0x33, 0xf0, 0x33, 0x60, 0x0, 0x0, 0x0,
    0x18, 0x3, 0x1f, 0xff, 0x18, 0x3, 0x18, 0x3,
    0x18, 0x3, 0x18, 0x3, 0x1f, 0xff,

    /* U+ACD7 "곗" */
    0x0, 0x33, 0x0, 0x19, 0x9f, 0xcc, 0xc0, 0x7e,
    0x60, 0x3f, 0x30, 0x31, 0x98, 0x18, 0xcc, 0x1b,
    0xe6, 0x18, 0x33, 0x38, 0x19, 0x98, 0x0, 0xc0,
    0x18, 0x60, 0xe, 0x0, 0x7, 0x0, 0x6, 0xc0,
    0xe, 0x78, 0x3e, 0xf, 0x8c, 0x1, 0x80,

    /* U+ACE0 "고" */
    0x3f, 0xfe, 0x0, 0x3, 0x0, 0x1, 0x80, 0x0,
    0xc0, 0x0, 0x60, 0x0, 0x30, 0x0, 0x18, 0x6,
    0xc, 0x3, 0x6, 0x1, 0x87, 0x0, 0xc3, 0x0,
    0x60, 0x0, 0x30, 0x7, 0xff, 0xfc,

    /* U+ACE1 "곡" */
    0x3f, 0xfc, 0x0, 0xc, 0x0, 0xc, 0x3, 0xc,
    0x3, 0xc, 0x3, 0xc, 0x3, 0x0, 0xff, 0xff,
    0x0, 0x0, 0x0, 0x0, 0x0, 0x0, 0x3f, 0xfc,
    0x0, 0xc, 0x0, 0xc, 0x0, 0xc, 0x0, 0xc,
    0x0, 0xc,

    /* U+ACE4 "곤" */
    0x3f, 0xfc, 0x0, 0xc, 0x0, 0xc, 0x0, 0xc,
    0x3, 0x8c, 0x3, 0x8c, 0x3, 0x8c, 0x3, 0x80,
    0xff, 0xff, 0x0, 0x0, 0x0, 0x0, 0x0, 0x0,
    0x30, 0x0, 0x30, 0x0, 0x30, 0x0, 0x30, 0x0,
    0x3f, 0xfe,

    /* U+ACE7 "곧" */
    0x3f, 0xfc, 0x0, 0xc, 0x0, 0xc, 0x0, 0xc,
    0x3, 0xc, 0x3, 0xc, 0x3, 0x0, 0xff, 0xff,
    0x0, 0x0, 0x0, 0x0, 0x3f, 0xfc, 0x30, 0x0,
    0x30, 0x0, 0x30, 0x0, 0x30, 0x0, 0x30, 0x0,
    0x3f, 0xfc,

    /* U+ACE8 "골" */
    0x3f, 0xfc, 0x0, 0xc, 0x0, 0xc, 0x0, 0xc,
    0x3, 0x8c, 0x3, 0x8c, 0x3, 0x80, 0xff, 0xff,
    0x0, 0x0, 0x0, 0x0, 0x3f, 0xfc, 0x0, 0xc,
    0x0, 0xc, 0x3f, 0xfc, 0x30, 0x0, 0x30, 0x0,
    0x30, 0x0, 0x3f, 0xfe,

    /* U+ACEA "곪" */
    0x3f, 0xfc, 0x0, 0xc, 0x0, 0xc, 0x3, 0xc,
    0x3, 0xc, 0x3, 0x0, 0xff, 0xff, 0x0, 0x0,
    0x0, 0x0, 0x3e, 0xfc, 0x6, 0xcc, 0x6, 0xcc,
    0x3e, 0xcc, 0x30, 0xcc, 0x30, 0xcc, 0x31, 0xcc,
    0x3f, 0xfc,

    /* U+ACEC "곬" */
    0x3f, 0xfc, 0x0, 0xc, 0x0, 0xc, 0x0, 0xc,
    0x3, 0xc, 0x3, 0xc, 0x3, 0x0, 0xff, 0xff,
    0x0, 0x0, 0x0, 0x0, 0x3e, 0x10, 0x6, 0x10,
    0x6, 0x38, 0x3e, 0x38, 0x30, 0x28, 0x30, 0x6c,
    0x31, 0xc6, 0x3f, 0x82,

    /* U+ACEF "곯" */
    0x3f, 0xfc, 0x0, 0xc, 0x0, 0xc, 0x0, 0xc,
    0x3, 0xc, 0x3, 0xc, 0x3, 0x0, 0xff, 0xff,
    0x0, 0x0, 0x0, 0x18, 0x3e, 0x18, 0x6, 0xfe,
    0x6, 0x0, 0x3e, 0x38, 0x30, 0x44, 0x30, 0xc6,
    0x30, 0x4c, 0x3f, 0x38,

    /* U+ACF0 "곰" */
    0x3f, 0xfc, 0x0, 0xc, 0x0, 0xc, 0x0, 0xc,
    0x0, 0xc, 0x3, 0xc, 0x3, 0xc, 0x3, 0x0,
    0xff, 0xff, 0x0, 0x0, 0x0, 0x0, 0x3f, 0xfc,
    0x30, 0xc, 0x30, 0xc, 0x30, 0xc, 0x30, 0xc,
    0x30, 0xc, 0x3f, 0xfc,

    /* U+ACF1 "곱" */
    0x3f, 0xfc, 0x0, 0xc, 0x0, 0xc, 0x0, 0xc,
    0x3, 0xc, 0x3, 0xc, 0x3, 0x0, 0xff, 0xff,
    0x0, 0x0, 0x0, 0x0, 0x0, 0x0, 0x30, 0xc,
    0x3f, 0xfc, 0x30, 0xc, 0x30, 0xc, 0x30, 0xc,
    0x30, 0xc, 0x3f, 0xfc,

    /* U+ACF3 "곳" */
    0x3f, 0xfc, 0x0, 0xc, 0x0, 0xc, 0x3, 0xc,
    0x3, 0xc, 0x3, 0xc, 0x3, 0x0, 0xff, 0xff,
    0x0, 0x0, 0x1, 0x80, 0x1, 0x80, 0x3, 0x80,
    0x3, 0xc0, 0xe, 0x70, 0x7c, 0x3e, 0x70, 0xc,

    /* U+ACF5 "공" */
    0x3f, 0xfc, 0x0, 0xc, 0x0, 0xc, 0x0, 0xc,
    0x3, 0xc, 0x3, 0xc, 0x3, 0x0, 0xff, 0xff,
    0x0, 0x0, 0x0, 0x0, 0xf, 0xe0, 0x18, 0x18,
    0x30, 0xc, 0x30, 0xc, 0x30, 0xc, 0x18, 0x18,
    0xf, 0xe0,

    /* U+ACF6 "곶" */
    0x3f, 0xfc, 0x0, 0xc, 0x0, 0xc, 0x0, 0xc,
    0x0, 0xc, 0x3, 0xc, 0x3, 0xc, 0x3, 0x0,
    0xff, 0xff, 0x0, 0x0, 0x0, 0x0, 0x3f, 0xfc,
    0x1, 0x80, 0x3, 0xc0, 0x7, 0xe0, 0x3e, 0x7c,
    0x78, 0x1e,

    /* U+ACFC "과" */
    0x0, 0xc, 0x0, 0x6, 0x1f, 0xf3, 0x0, 0x19,
    0x80, 0xc, 0xc0, 0x6, 0x60, 0x3, 0x30, 0x31,
    0x9f, 0x18, 0xcf, 0x8c, 0xe6, 0x6, 0x3, 0x3,
    0x1, 0x8f, 0xfe, 0xc7, 0xfe, 0x60, 0x0, 0x30,
    0x0, 0x18, 0x0, 0xc, 0x0, 0x6, 0x0,

    /* U+ACFD "곽" */
    0x0, 0xc, 0x7f, 0xcc, 0x7f, 0xcc, 0x0, 0xcc,
    0x0, 0xcf, 0x18, 0xcf, 0x18, 0xcc, 0x18, 0xc,
    0xff, 0xec, 0xff, 0xcc, 0x0, 0xc, 0x0, 0x0,
    0x3f, 0xfc, 0x0, 0xc, 0x0, 0xc, 0x0, 0xc,
    0x0, 0xc, 0x0, 0xc,

    /* U+AD00 "관" */
    0x0, 0x6, 0x3f, 0xe3, 0x1f, 0xf1, 0x80, 0x18,
    0xc0, 0xc, 0x60, 0x6, 0x30, 0x33, 0x1e, 0x19,
    0x8f, 0xc, 0x6, 0x6, 0x33, 0x3f, 0xfd, 0x9f,
    0xe0, 0xc0, 0x0, 0x60, 0xc0, 0x0, 0x60, 0x0,
    0x30, 0x0, 0x18, 0x0, 0xf, 0xff, 0x0,

    /* U+AD04 "괄" */
    0x0, 0xc, 0x7f, 0xcc, 0x0, 0xcc, 0x0, 0xcc,
    0x18, 0xcf, 0x18, 0xcc, 0x18, 0xc, 0xff, 0xec,
    0xff, 0xcc, 0x0, 0x0, 0x3f, 0xfc, 0x0, 0xc,
    0x0, 0xc, 0x3f, 0xfc, 0x30, 0x0, 0x30, 0x0,
    0x30, 0x0, 0x3f, 0xfe,

    /* U+AD06 "괆" */
    0x0, 0x6, 0x3f, 0xf3, 0x1f, 0xf9, 0x80, 0x1c,
    0xc0, 0xe, 0x60, 0x66, 0x3c, 0x33, 0x18, 0x18,
    0x6c, 0xff, 0xf6, 0x0, 0x3, 0x0, 0x0, 0x0,
    0x0, 0x3, 0xf7, 0xe0, 0x1b, 0x30, 0xfd, 0x98,
    0x60, 0xcc, 0x30, 0x66, 0x18, 0x33, 0xf, 0xdf,
    0x80,

    /* U+AD0C "괌" */
    0x0, 0xc, 0x7f, 0xcc, 0x0, 0xcc, 0x0, 0xcc,
    0x0, 0xcf, 0x18, 0xcf, 0x18, 0x4c, 0x18, 0xc,
    0xff, 0xec, 0xff, 0x8c, 0x0, 0x0, 0x3f, 0xfc,
    0x30, 0xc, 0x30, 0xc, 0x30, 0xc, 0x30, 0xc,
    0x30, 0xc, 0x3f, 0xfc,

    /* U+AD0D "괍" */
    0x0, 0xc, 0x7f, 0xcc, 0x0, 0xcc, 0x0, 0xcc,
    0x18, 0xcf, 0x18, 0xcf, 0x18, 0xc, 0xff, 0xec,
    0xff, 0xec, 0x0, 0xc, 0x0, 0x0, 0x0, 0x0,
    0x3f, 0xfc, 0x30, 0xc, 0x30, 0xc, 0x30, 0xc,
    0x30, 0xc, 0x3f, 0xfc,

    /* U+AD0F "괏" */
    0x0, 0xc, 0x7f, 0x8c, 0x7f, 0x8c, 0x1, 0x8c,
    0x1, 0x8c, 0x19, 0x8f, 0x19, 0x8f, 0x18, 0xc,
    0xff, 0xec, 0xff, 0xcc, 0x0, 0xc, 0x1, 0x8c,
    0x1, 0x80, 0x3, 0xc0, 0x3, 0xe0, 0xe, 0x78,
    0x3c, 0x3e, 0x20, 0x6,

    /* U+AD11 "광" */
    0x0, 0xc, 0x7f, 0xcc, 0x0, 0xcc, 0x0, 0xcc,
    0x0, 0xcf, 0x18, 0xcf, 0x18, 0x4c, 0x18, 0xc,
    0xff, 0xec, 0xff, 0xcc, 0x0, 0xc, 0xf, 0xe0,
    0x18, 0x18, 0x30, 0xc, 0x30, 0xc, 0x30, 0xc,
    0x18, 0x18, 0x7, 0xe0,

    /* U+AD18 "괘" */
    0x0, 0x33, 0x0, 0x33, 0x7f, 0xb3, 0x1, 0xb3,
    0x1, 0xb3, 0x1, 0xb3, 0x19, 0xb3, 0x19, 0xbf,
    0x19, 0xbf, 0x18, 0x33, 0x18, 0x33, 0x19, 0xf3,
    0xff, 0xf3, 0x68, 0x33, 0x0, 0x33, 0x0, 0x33,
    0x0, 0x33, 0x0, 0x3,

    /* U+AD1C "괜" */
    0x0, 0x33, 0x0, 0x33, 0x7f, 0xb3, 0x7f, 0xb3,
    0x1, 0xb3, 0x1, 0xb3, 0x19, 0xbf, 0x19, 0xbf,
    0x19, 0xb3, 0x18, 0x33, 0xff, 0xf3, 0xff, 0xf3,
    0x48, 0x33, 0x0, 0x33, 0x1c, 0x0, 0x1c, 0x0,
    0x1c, 0x0, 0x1c, 0x0, 0x1f, 0xff,

    /* U+AD20 "괠" */
    0x0, 0x33, 0x7f, 0xb3, 0x1, 0xb3, 0x1, 0xb3,
    0x19, 0xbf, 0x19, 0xb3, 0x18, 0x33, 0x7f, 0xf3,
    0x0, 0x33, 0x0, 0x0, 0x1f, 0xff, 0x0, 0x3,
    0x0, 0x3, 0x1f, 0xff, 0x18, 0x0, 0x18, 0x0,
    0x18, 0x0, 0x1f, 0xff,

    /* U+AD29 "괩" */
    0x0, 0x33, 0x7f, 0xb3, 0x1, 0xb3, 0x1, 0xb3,
    0x19, 0xbf, 0x19, 0xbf, 0x18, 0x33, 0x18, 0xf3,
    0xff, 0xf3, 0x0, 0x33, 0x0, 0x0, 0x0, 0x0,
    0x18, 0x3, 0x1f, 0xff, 0x18, 0x3, 0x18, 0x3,
    0x18, 0x3, 0x1f, 0xff,

    /* U+AD2C "괬" */
    0x0, 0x1b, 0x1f, 0xe6, 0xc7, 0xf9, 0xb0, 0x6,
    0x6c, 0x1, 0x9b, 0x0, 0x67, 0xc1, 0x99, 0xf0,
    0x60, 0x6c, 0x18, 0xdb, 0x3f, 0xf6, 0xc0, 0x1,
    0xb0, 0x0, 0x0, 0x6, 0xc, 0x1, 0x83, 0x0,
    0xf1, 0xe0, 0x7c, 0xf8, 0x39, 0xf3, 0x8c, 0x38,
    0x60,

    /* U+AD2D "괭" */
    0x0, 0x33, 0x7f, 0xb3, 0x1, 0xb3, 0x1, 0xb3,
    0x1, 0xb3, 0x19, 0xbf, 0x19, 0xb3, 0x18, 0x33,
    0xff, 0xf3, 0x7f, 0x33, 0x0, 0x3, 0x3, 0xf8,
    0xe, 0x6, 0x1c, 0x3, 0x18, 0x3, 0x1c, 0x3,
    0xe, 0xe, 0x3, 0xf8,

    /* U+AD34 "괴" */
    0x0, 0xc, 0x0, 0x37, 0xfc, 0xc0, 0x33, 0x0,
    0xcc, 0x3, 0x30, 0xc, 0xc6, 0x33, 0x18, 0xcc,
    0x60, 0x31, 0x80, 0xc6, 0x3, 0xff, 0xef, 0xff,
    0x30, 0x0, 0xc0, 0x3, 0x0, 0xc, 0x0, 0x30,

    /* U+AD35 "괵" */
    0x0, 0x6, 0xff, 0x8d, 0xff, 0x18, 0x6, 0x30,
    0xc, 0x61, 0x98, 0xc3, 0x31, 0x86, 0x3, 0xff,
    0xf7, 0xff, 0xec, 0x0, 0x18, 0x0, 0x1, 0xff,
    0xe0, 0x0, 0xc0, 0x1, 0x80, 0x3, 0x0, 0x6,
    0x0, 0xc,

    /* U+AD38 "괸" */
    0x0, 0x6, 0xff, 0x8d, 0xff, 0x18, 0x6, 0x30,
    0xc, 0x60, 0x18, 0xc3, 0x31, 0x86, 0x63, 0xc,
    0x46, 0x18, 0xf, 0xff, 0xdf, 0xff, 0xb8, 0x0,
    0x60, 0x0, 0xc6, 0x0, 0xc, 0x0, 0x18, 0x0,
    0x30, 0x0, 0x7f, 0xf8,

    /* U+AD3C "괼" */
    0x0, 0x6, 0x7f, 0xc6, 0x0, 0xc6, 0x0, 0xc6,
    0xc, 0xc6, 0xc, 0xc6, 0xc, 0x6, 0xff, 0xf6,
    0xff, 0xc6, 0x0, 0x0, 0x1f, 0xfe, 0x0, 0x6,
    0x0, 0x6, 0x1f, 0xfe, 0x18, 0x0, 0x18, 0x0,
    0x18, 0x0, 0x1f, 0xff,

    /* U+AD44 "굄" */
    0x0, 0x6, 0xff, 0x8d, 0xff, 0x18, 0x6, 0x30,
    0xc, 0x60, 0x18, 0xc3, 0x31, 0x86, 0x3, 0xf,
    0xf7, 0xff, 0xec, 0x0, 0x18, 0x0, 0x0, 0x0,
    0x3, 0xff, 0xc6, 0x1, 0x8c, 0x3, 0x18, 0x6,
    0x30, 0xc, 0x7f, 0xf8,

    /* U+AD45 "굅" */
    0x0, 0x6, 0xff, 0x8c, 0x3, 0x18, 0x6, 0x30,
    0xcc, 0x61, 0x98, 0xc3, 0x1, 0x86, 0x7b, 0xff,
    0xf7, 0x80, 0xc, 0x0, 0x0, 0x0, 0x1, 0x80,
    0x63, 0xff, 0xc6, 0x1, 0x8c, 0x3, 0x18, 0x6,
    0x3f, 0xfc,

    /* U+AD47 "굇" */
    0x0, 0x6, 0x7f, 0xc6, 0x0, 0xc6, 0x0, 0xc6,
    0x0, 0xc6, 0xc, 0xc6, 0xc, 0x46, 0xc, 0x6,
    0xff, 0xf6, 0xff, 0x6, 0x0, 0x6, 0x0, 0xc6,
    0x0, 0xc0, 0x1, 0xe0, 0x3, 0xf0, 0xf, 0x3c,
    0x3c, 0xf, 0x0, 0x0,

    /* U+AD49 "굉" */
    0x0, 0xd, 0xff, 0x30, 0xc, 0xc0, 0x33, 0x0,
    0xcc, 0x63, 0x31, 0x8c, 0xc6, 0x3, 0xff, 0xef,
    0xfe, 0x30, 0x0, 0xc3, 0xf8, 0x18, 0x18, 0xc0,
    0x33, 0x0, 0xcc, 0x3, 0x18, 0x18, 0x1f, 0xc0,

    /* U+AD50 "교" */
    0x3f, 0xfe, 0x0, 0x3, 0x0, 0x1, 0x80, 0x0,
    0xc0, 0x0, 0x60, 0x0, 0x30, 0x0, 0x18, 0x19,
    0xcc, 0xc, 0xe6, 0x6, 0x73, 0x3, 0x3b, 0x81,
    0x9c, 0x0, 0xce, 0x7, 0xff, 0xfc,

    /* U+AD54 "굔" */
    0x3f, 0xfe, 0x0, 0xe, 0x0, 0xe, 0x0, 0xc,
    0xc, 0xec, 0xc, 0xec, 0xc, 0xec, 0xc, 0xe0,
    0xff, 0xff, 0x0, 0x0, 0x0, 0x0, 0x0, 0x0,
    0x30, 0x0, 0x30, 0x0, 0x30, 0x0, 0x30, 0x0,
    0x3f, 0xfe,

    /* U+AD58 "굘" */
    0x3f, 0xfe, 0x0, 0xe, 0x0, 0xe, 0x0, 0xe,
    0xc, 0xcc, 0xc, 0xcc, 0xc, 0xc0, 0xff, 0xff,
    0x0, 0x0, 0x0, 0x0, 0x3f, 0xfe, 0x0, 0xe,
    0x0, 0xe, 0x3f, 0xfe, 0x30, 0x0, 0x30, 0x0,
    0x30, 0x0, 0x3f, 0xfe,

    /* U+AD61 "굡" */
    0x3f, 0xfc, 0x0, 0xc, 0x0, 0xc, 0x0, 0xc,
    0x0, 0xc, 0xc, 0xcc, 0xc, 0xcc, 0xc, 0xc0,
    0xff, 0xff, 0x0, 0x0, 0x0, 0x0, 0x30, 0xc,
    0x3f, 0xfc, 0x30, 0xc, 0x30, 0xc, 0x30, 0xc,
    0x30, 0xc, 0x3f, 0xfc,

    /* U+AD63 "굣" */
    0x3f, 0xfe, 0x0, 0x3, 0x0, 0x1, 0x80, 0x0,
    0xc0, 0xc6, 0x60, 0x63, 0x30, 0x31, 0x98, 0x18,
    0xc0, 0xff, 0xff, 0x80, 0x0, 0x0, 0x60, 0x0,
    0x38, 0x0, 0x1c, 0x0, 0x1f, 0x0, 0x3d, 0xe0,
    0xf8, 0x7e, 0x30, 0x6, 0x0,

    /* U+AD6C "구" */
    0x3f, 0xfe, 0x0, 0x3, 0x0, 0x1, 0x80, 0x0,
    0xc0, 0x0, 0x60, 0x0, 0x30, 0x0, 0x38, 0x0,
    0x18, 0xff, 0xff, 0x80, 0xc0, 0x0, 0x60, 0x0,
    0x30, 0x0, 0x18, 0x0, 0xc, 0x0, 0x6, 0x0,
    0x3, 0x0, 0x1, 0x80, 0x0,

    /* U+AD6D "국" */
    0x3f, 0xfe, 0x0, 0x3, 0x0, 0x1, 0x80, 0x0,
    0xc0, 0x0, 0x60, 0x0, 0x73, 0xff, 0xfe, 0x3,
    0x0, 0x1, 0x80, 0x0, 0xc0, 0x0, 0x60, 0x7,
    0xff, 0xc0, 0x0, 0x60, 0x0, 0x30, 0x0, 0x18,
    0x0, 0xc, 0x0, 0x6, 0x0,

    /* U+AD70 "군" */
    0x3f, 0xfc, 0x0, 0x6, 0x0, 0x3, 0x0, 0x1,
    0x80, 0x0, 0xc0, 0x0, 0x60, 0x0, 0x31, 0xff,
    0xff, 0x1, 0x80, 0x0, 0xc0, 0x0, 0x60, 0x0,
    0x30, 0x3, 0x0, 0x1, 0x80, 0x0, 0xc0, 0x0,
    0x60, 0x0, 0x3f, 0xfe, 0x0,

    /* U+AD73 "굳" */
    0x3f, 0xfc, 0x0, 0x6, 0x0, 0x3, 0x0, 0x1,
    0x80, 0x0, 0xc0, 0x0, 0x63, 0xff, 0xfe, 0x3,
    0x0, 0x1, 0x80, 0x0, 0xc0, 0xf, 0xff, 0x86,
    0x0, 0x3, 0x0, 0x1, 0x80, 0x0, 0xc0, 0x0,
    0x60, 0x0, 0x3f, 0xfe, 0x0,

    /* U+AD74 "굴" */
    0x3f, 0xfc, 0x0, 0x6, 0x0, 0x3, 0x0, 0x1,
    0x80, 0x0, 0xc0, 0x0, 0x63, 0xff, 0xfe, 0x3,
    0x0, 0x1, 0x80, 0x0, 0xc0, 0xf, 0xff, 0x0,
    0x1, 0x80, 0x0, 0xc1, 0xff, 0xe0, 0xc0, 0x0,
    0x60, 0x0, 0x30, 0x0, 0x1f, 0xff, 0x0,

    /* U+AD75 "굵" */
    0x3f, 0xfe, 0x0, 0x3, 0x0, 0x1, 0x80, 0x0,
    0xc0, 0x0, 0xe0, 0x0, 0x73, 0xff, 0xfe, 0x3,
    0x0, 0x1, 0x80, 0x0, 0xc0, 0xf, 0xdf, 0x80,
    0x60, 0xc0, 0x30, 0x61, 0xf8, 0x30, 0xc0, 0x18,
    0x60, 0xc, 0x30, 0x86, 0x1f, 0xc3, 0x0,

    /* U+AD76 "굶" */
    0x3f, 0xfe, 0x0, 0x3, 0x0, 0x1, 0x80, 0x0,
    0xc0, 0x0, 0x60, 0x0, 0x73, 0xff, 0xfe, 0x3,
    0x0, 0x1, 0x80, 0x0, 0xc0, 0xf, 0xdf, 0x80,
    0x6c, 0xc0, 0x36, 0x61, 0xfb, 0x30, 0xc1, 0x98,
    0x60, 0xcc, 0x30, 0x66, 0x1f, 0xbf, 0x0,

    /* U+AD7B "굻" */
    0x3f, 0xfe, 0x0, 0x3, 0x0, 0x1, 0x80, 0x0,
    0xc0, 0x0, 0x60, 0x0, 0x73, 0xff, 0xfe, 0x3,
    0x0, 0x1, 0x80, 0x0, 0x8c, 0xf, 0xff, 0xc0,
    0x7f, 0xe0, 0x30, 0x1, 0xf9, 0xe0, 0xc1, 0x98,
    0x60, 0xc4, 0x30, 0x66, 0x1f, 0x9e, 0x0,

    /* U+AD7C "굼" */
    0x3f, 0xfe, 0x0, 0x3, 0x0, 0x1, 0x80, 0x0,
    0xc0, 0x0, 0x60, 0x0, 0x30, 0x0, 0x39, 0xff,
    0xff, 0x1, 0xc0, 0x0, 0xe0, 0x0, 0x70, 0x7,
    0xff, 0xc3, 0x0, 0x61, 0x80, 0x30, 0xc0, 0x18,
    0x60, 0xc, 0x30, 0x6, 0x1f, 0xff, 0x0,

    /* U+AD7D "굽" */
    0x3f, 0xfe, 0x0, 0x3, 0x0, 0x1, 0x80, 0x0,
    0xc0, 0x0, 0x60, 0x0, 0x70, 0x0, 0x39, 0xff,
    0xff, 0x1, 0x80, 0x0, 0xc0, 0x0, 0x60, 0x6,
    0x0, 0xc3, 0xff, 0xe1, 0x80, 0x30, 0xc0, 0x18,
    0x60, 0xc, 0x30, 0x6, 0x1f, 0xff, 0x0,

    /* U+AD7F "굿" */
    0x3f, 0xfe, 0x0, 0x3, 0x0, 0x1, 0x80, 0x0,
    0xc0, 0x0, 0x60, 0x0, 0x70, 0x0, 0x31, 0xff,
    0xff, 0x1, 0x80, 0x0, 0xc0, 0x0, 0x60, 0x0,
    0x30, 0x0, 0x1c, 0x0, 0xe, 0x0, 0x1f, 0x80,
    0x3c, 0xf8, 0x78, 0x1e, 0x0,

    /* U+AD81 "궁" */
    0x3f, 0xfe, 0x0, 0x3, 0x0, 0x1, 0x80, 0x0,
    0xc0, 0x0, 0x60, 0x0, 0x30, 0x0, 0x39, 0xff,
    0xff, 0x1, 0xc0, 0x0, 0xe0, 0x0, 0x70, 0x1,
    0xff, 0x1, 0xc1, 0xc1, 0x80, 0x30, 0xc0, 0x18,
    0x60, 0xc, 0x1c, 0x1c, 0x3, 0xf8, 0x0,

    /* U+AD82 "궂" */
    0x3f, 0xfe, 0x0, 0x3, 0x0, 0x1, 0x80, 0x0,
    0xc0, 0x0, 0x60, 0x0, 0x30, 0x0, 0x39, 0xff,
    0xff, 0x1, 0xc0, 0x0, 0xe0, 0x0, 0x70, 0x7,
    0xff, 0xc0, 0x1c, 0x0, 0xe, 0x0, 0x1d, 0xc0,
    0x3c, 0x78, 0x38, 0xe, 0x0,

    /* U+AD88 "궈" */
    0x0, 0x3, 0x7f, 0xc3, 0x0, 0xc3, 0x0, 0xc3,
    0x0, 0xc3, 0x0, 0xc3, 0x0, 0xc3, 0x0, 0xc3,
    0xff, 0xf3, 0xff, 0xe3, 0x6, 0x3, 0x6, 0x3f,
    0x6, 0x3, 0x6, 0x3, 0x6, 0x3, 0x6, 0x3,
    0x6, 0x3, 0x0, 0x3,

    /* U+AD89 "궉" */
    0x0, 0x3, 0x3f, 0xc3, 0x0, 0xc3, 0x0, 0xc3,
    0x0, 0xc3, 0x0, 0xf3, 0xff, 0xf3, 0x6, 0x3,
    0x6, 0x3f, 0x6, 0x3, 0x6, 0x3, 0x0, 0x0,
    0x1f, 0xff, 0x0, 0x3, 0x0, 0x3, 0x0, 0x3,
    0x0, 0x3, 0x0, 0x3,

    /* U+AD8C "권" */
    0x0, 0x6, 0x7f, 0x8c, 0xff, 0x18, 0x6, 0x30,
    0xc, 0x60, 0x18, 0xc0, 0x31, 0x80, 0x6b, 0xff,
    0xf7, 0xff, 0xc, 0x38, 0x18, 0x73, 0xf0, 0xe7,
    0xe0, 0x0, 0xcc, 0x0, 0x18, 0x0, 0x30, 0x0,
    0x60, 0x0, 0xff, 0xf8,

    /* U+AD90 "궐" */
    0x0, 0x6, 0x3f, 0xc6, 0x0, 0xc6, 0x0, 0xc6,
    0x0, 0xc6, 0x0, 0xf6, 0xff, 0xf6, 0x6, 0x6,
    0x6, 0x7e, 0x6, 0x6, 0x0, 0x0, 0x1f, 0xfe,
    0x0, 0x6, 0x1f, 0xfe, 0x18, 0x0, 0x18, 0x0,
    0x18, 0x0, 0x1f, 0xff,

    /* U+AD9C "궜" */
    0x0, 0x6, 0x3f, 0xc6, 0x0, 0xc6, 0x0, 0xc6,
    0x0, 0xc6, 0x0, 0xd6, 0xff, 0xf6, 0xff, 0xc6,
    0xc, 0x7e, 0xc, 0x7e, 0xc, 0x6, 0x0, 0x0,
    0xc, 0x18, 0xc, 0x18, 0x1e, 0x3c, 0x1f, 0x3e,
    0x73, 0xe7, 0x21, 0xc3,

    /* U+AD9D "궝" */
    0x0, 0x6, 0x7f, 0x8c, 0x3, 0x18, 0x6, 0x30,
    0xc, 0x60, 0x1e, 0xff, 0xfd, 0x83, 0x3, 0x6,
    0x7e, 0xc, 0xc, 0x18, 0x18, 0x3f, 0x80, 0xc0,
    0xc3, 0x0, 0xc6, 0x1, 0x8c, 0x3, 0xc, 0xc,
    0x7, 0xf0,

    /* U+ADA4 "궤" */
    0x0, 0x36, 0x0, 0x6d, 0xfc, 0xd8, 0x19, 0xb0,
    0x33, 0x60, 0x66, 0xc0, 0xcd, 0x83, 0xdb, 0xff,
    0xb6, 0x30, 0x6c, 0x60, 0xd8, 0xcf, 0xb1, 0x9f,
    0x63, 0x6, 0xc6, 0xd, 0x8c, 0x1b, 0x0, 0x36,
    0x0, 0xc,

    /* U+ADB7 "궷" */
    0x0, 0x66, 0x7e, 0x66, 0x7e, 0x66, 0x6, 0x66,
    0x6, 0x66, 0x6, 0x66, 0x7, 0x66, 0xff, 0x66,
    0xf8, 0x66, 0x1b, 0xe6, 0x1b, 0xe6, 0x18, 0x66,
    0x18, 0x66, 0x1, 0x80, 0x3, 0xc0, 0x7, 0xe0,
    0x3e, 0x3e, 0x38, 0xe,

    /* U+ADC0 "귀" */
    0x0, 0x6, 0xff, 0x8c, 0x3, 0x18, 0x6, 0x30,
    0xc, 0x60, 0x18, 0xc0, 0x31, 0x80, 0x63, 0xff,
    0xf7, 0xff, 0xcc, 0x18, 0x18, 0x30, 0x30, 0x60,
    0x60, 0xc0, 0xc1, 0x81, 0x83, 0x3, 0x6, 0x6,
    0x0, 0xc,

    /* U+ADC1 "귁" */
    0x0, 0x6, 0xff, 0x8c, 0x3, 0x18, 0x6, 0x30,
    0xc, 0x60, 0x18, 0xff, 0xfd, 0xff, 0xe3, 0x6,
    0x6, 0xc, 0xc, 0x18, 0x0, 0xff, 0xf0, 0x0,
    0x60, 0x0, 0xc0, 0x1, 0x80, 0x3, 0x0, 0x6,
    0x0, 0xc,

    /* U+ADC4 "귄" */
    0x0, 0xc, 0xff, 0x99, 0xff, 0x30, 0x6, 0x60,
    0xc, 0xc0, 0x19, 0x80, 0x33, 0x0, 0x66, 0xff,
    0xed, 0xfe, 0x18, 0x18, 0x30, 0x30, 0x60, 0x0,
    0xc6, 0x0, 0xc, 0x0, 0x18, 0x0, 0x30, 0x0,
    0x7f, 0xfc,

    /* U+ADC8 "귈" */
    0x0, 0x6, 0x3f, 0xc6, 0x0, 0xc6, 0x0, 0xc6,
    0x0, 0xc6, 0x0, 0xc6, 0xff, 0xf6, 0x6, 0x6,
    0x6, 0x6, 0x6, 0x0, 0x1f, 0xfe, 0x0, 0x6,
    0x0, 0x6, 0x1f, 0xfe, 0x18, 0x0, 0x18, 0x0,
    0x18, 0x0, 0x1f, 0xff,

    /* U+ADD0 "귐" */
    0x0, 0x6, 0x7f, 0x8c, 0xff, 0x18, 0x6, 0x30,
    0xc, 0x60, 0x18, 0xc0, 0x3d, 0xff, 0xfb, 0x6,
    0x6, 0xc, 0xc, 0x18, 0x0, 0xff, 0xf1, 0x80,
    0x63, 0x0, 0xc6, 0x1, 0x8c, 0x3, 0x18, 0x6,
    0x3f, 0xfc,

    /* U+ADD1 "귑" */
    0x0, 0x6, 0x7f, 0x8c, 0x3, 0x18, 0x6, 0x30,
    0xc, 0x60, 0x18, 0xff, 0xfd, 0xff, 0xe3, 0x6,
    0x6, 0xc, 0xc, 0x0, 0x0, 0x0, 0x1, 0x80,
    0x63, 0xff, 0xc6, 0x1, 0x8c, 0x3, 0x18, 0x6,
    0x3f, 0xfc,

    /* U+ADD3 "귓" */
    0x0, 0x6, 0x3f, 0xe6, 0x3f, 0xe6, 0x0, 0x66,
    0x0, 0xe6, 0x0, 0xc6, 0x0, 0xc6, 0xff, 0xf6,
    0xff, 0xf6, 0x6, 0x6, 0x6, 0x6, 0x6, 0x6,
    0x6, 0x66, 0x0, 0x60, 0x0, 0xf0, 0x1, 0xb8,
    0x1f, 0x1e, 0x1e, 0x7,

    /* U+ADDC "규" */
    0x3f, 0xfe, 0x0, 0x3, 0x0, 0x1, 0x80, 0x1,
    0xc0, 0x0, 0xe0, 0x0, 0x70, 0x0, 0x30, 0x0,
    0x18, 0xff, 0xff, 0x86, 0xc, 0x3, 0x6, 0x1,
    0x83, 0x0, 0xc1, 0x80, 0x60, 0xc0, 0x30, 0x60,
    0x18, 0x30, 0xc, 0x18, 0x0,

    /* U+ADE0 "균" */
    0x3f, 0xfc, 0x0, 0x6, 0x0, 0x3, 0x0, 0x1,
    0x80, 0x0, 0xc0, 0x0, 0x63, 0xff, 0xfe, 0xe,
    0x60, 0x7, 0x30, 0x3, 0x98, 0x1, 0xcc, 0x0,
    0x0, 0x3, 0x0, 0x1, 0x80, 0x0, 0xc0, 0x0,
    0x60, 0x0, 0x3f, 0xfe, 0x0,

    /* U+ADE4 "귤" */
    0x3f, 0xfc, 0x0, 0x6, 0x0, 0x3, 0x0, 0x1,
    0x80, 0x0, 0xc0, 0x0, 0x63, 0xff, 0xfe, 0x18,
    0x60, 0xc, 0x30, 0x6, 0x18, 0xf, 0xff, 0x0,
    0x1, 0x80, 0x0, 0xc1, 0xff, 0xe0, 0xc0, 0x0,
    0x60, 0x0, 0x30, 0x0, 0x1f, 0xff, 0x0,

    /* U+ADF8 "그" */
    0x3f, 0xfe, 0x0, 0x3, 0x0, 0x1, 0x80, 0x0,
    0xc0, 0x0, 0x60, 0x0, 0x30, 0x0, 0x38, 0x0,
    0x1c, 0x0, 0xc, 0x0, 0x6, 0x0, 0x1, 0x0,
    0x0, 0xf, 0xff, 0xf8,

    /* U+ADF9 "극" */
    0x3f, 0xfe, 0x0, 0x3, 0x0, 0x1, 0x80, 0x0,
    0xc0, 0x0, 0x60, 0x0, 0x73, 0xff, 0xfe, 0x0,
    0x0, 0x0, 0x0, 0x0, 0x0, 0xf, 0xff, 0x80,
    0x0, 0xc0, 0x0, 0x60, 0x0, 0x30, 0x0, 0x18,
    0x0, 0xc, 0x0, 0x6, 0x0,

    /* U+ADFC "근" */
    0x3f, 0xfc, 0x0, 0x6, 0x0, 0x3, 0x0, 0x1,
    0x80, 0x0, 0xc0, 0x0, 0x60, 0x0, 0x31, 0xff,
    0xff, 0x0, 0x0, 0x0, 0x0, 0x0, 0x0, 0x0,
    0x0, 0x3, 0x0, 0x1, 0x80, 0x0, 0xc0, 0x0,
    0x60, 0x0, 0x3f, 0xfe, 0x0,

    /* U+ADFF "귿" */
    0x3f, 0xfc, 0x0, 0x6, 0x0, 0x3, 0x0, 0x1,
    0x80, 0x0, 0xc0, 0x0, 0x63, 0xff, 0xfe, 0x0,
    0x0, 0x0, 0x0, 0x0, 0x0, 0xf, 0xff, 0x6,
    0x0, 0x3, 0x0, 0x1, 0x80, 0x0, 0xc0, 0x0,
    0x60, 0x0, 0x3f, 0xfe, 0x0,

    /* U+AE00 "글" */
    0x3f, 0xfc, 0x0, 0x6, 0x0, 0x3, 0x0, 0x1,
    0x80, 0x0, 0xc0, 0x0, 0x63, 0xff, 0xfe, 0x0,
    0x0, 0x0, 0x0, 0x0, 0x0, 0xf, 0xff, 0x0,
    0x1, 0x80, 0x0, 0xc1, 0xff, 0xe0, 0xc0, 0x0,
    0x60, 0x0, 0x30, 0x0, 0x1f, 0xff, 0x0,

    /* U+AE01 "긁" */
    0x3f, 0xfe, 0x0, 0x3, 0x0, 0x1, 0x80, 0x0,
    0xc0, 0x0, 0xe0, 0x0, 0x63, 0xff, 0xfe, 0x0,
    0x0, 0x0, 0x0, 0x1f, 0xbf, 0x0, 0xc1, 0x80,
    0x60, 0xc3, 0xf0, 0x61, 0x80, 0x30, 0xc0, 0x18,
    0x61, 0xc, 0x3f, 0x86, 0x0,

    /* U+AE08 "금" */
    0x3f, 0xfe, 0x0, 0x3, 0x0, 0x1, 0x80, 0x0,
    0xc0, 0x0, 0x60, 0x0, 0x73, 0xff, 0xfe, 0x0,
    0x0, 0x0, 0x0, 0x0, 0x0, 0xf, 0xff, 0x86,
    0x0, 0xc3, 0x0, 0x61, 0x80, 0x30, 0xc0, 0x18,
    0x60, 0xc, 0x3f, 0xfe, 0x0,

    /* U+AE09 "급" */
    0x3f, 0xfe, 0x0, 0x3, 0x0, 0x1, 0x80, 0x0,
    0xc0, 0x0, 0x60, 0x0, 0x30, 0x0, 0x39, 0xff,
    0xff, 0x0, 0x0, 0x0, 0x0, 0x0, 0x0, 0x6,
    0x0, 0xc3, 0xff, 0xe1, 0x80, 0x30, 0xc0, 0x18,
    0x60, 0xc, 0x30, 0x6, 0x1f, 0xff, 0x0,

    /* U+AE0B "긋" */
    0x3f, 0xfc, 0x0, 0xc, 0x0, 0xc, 0x0, 0xc,
    0x0, 0xc, 0x0, 0xc, 0x0, 0xc, 0xff, 0xff,
    0x0, 0x0, 0x0, 0x0, 0x1, 0x80, 0x1, 0x80,
    0x3, 0xc0, 0x7, 0xe0, 0x1e, 0x78, 0x78, 0x1e,

    /* U+AE0D "긍" */
    0x3f, 0xfe, 0x0, 0x3, 0x0, 0x1, 0x80, 0x0,
    0xc0, 0x0, 0x60, 0x0, 0x73, 0xff, 0xfe, 0x0,
    0x0, 0x0, 0x0, 0x0, 0x0, 0x1, 0xfc, 0x3,
    0x83, 0x83, 0x0, 0x61, 0x80, 0x30, 0xc0, 0x18,
    0x38, 0x38, 0x7, 0xf0, 0x0,

    /* U+AE14 "긔" */
    0x0, 0xc, 0x0, 0x37, 0xfc, 0xc0, 0x33, 0x0,
    0xcc, 0x3, 0x30, 0xc, 0xc0, 0x33, 0x0, 0xcc,
    0x7, 0x30, 0x0, 0xc0, 0xb, 0xff, 0xec, 0x0,
    0x30, 0x0, 0xc0, 0x3, 0x0, 0xc, 0x0, 0x30,

    /* U+AE30 "기" */
    0x0, 0x6, 0x0, 0xd, 0xff, 0x18, 0x6, 0x30,
    0xc, 0x60, 0x38, 0xc0, 0x61, 0x81, 0xc3, 0x3,
    0x6, 0xe, 0xc, 0x38, 0x18, 0xe0, 0x37, 0x80,
    0x7e, 0x0, 0xd0, 0x1, 0x80, 0x3, 0x0, 0x6,
    0x0, 0xc,

    /* U+AE31 "긱" */
    0x0, 0x6, 0xff, 0xc, 0x6, 0x18, 0xc, 0x30,
    0x30, 0x60, 0xe0, 0xc3, 0x81, 0x9e, 0x3, 0xf8,
    0x7, 0xc0, 0xc, 0x0, 0x0, 0xff, 0xf0, 0x0,
    0x60, 0x0, 0xc0, 0x1, 0x80, 0x3, 0x0, 0x6,
    0x0, 0xc,

    /* U+AE34 "긴" */
    0x0, 0xc, 0xff, 0x19, 0xfe, 0x30, 0xc, 0x60,
    0x18, 0xc0, 0x61, 0x80, 0xc3, 0x3, 0x6, 0xc,
    0xc, 0x70, 0x1b, 0xc0, 0x32, 0x0, 0x60, 0x0,
    0xc3, 0x0, 0x6, 0x0, 0xc, 0x0, 0x18, 0x0,
    0x3f, 0xfc,

    /* U+AE37 "긷" */
    0x0, 0x6, 0xff, 0xd, 0xfe, 0x18, 0xc, 0x30,
    0x30, 0x60, 0x60, 0xc1, 0x81, 0x8e, 0x3, 0x78,
    0x7, 0xc0, 0xc, 0x0, 0x0, 0xff, 0xf1, 0x80,
    0x3, 0x0, 0x6, 0x0, 0xc, 0x0, 0x18, 0x0,
    0x3f, 0xfc,

    /* U+AE38 "길" */
    0x0, 0x6, 0x7f, 0x86, 0x1, 0x86, 0x1, 0x86,
    0x3, 0x6, 0x7, 0x6, 0xe, 0x6, 0x7c, 0x6,
    0xf0, 0x6, 0x0, 0x0, 0x1f, 0xfe, 0x0, 0x6,
    0x0, 0x6, 0x1f, 0xfe, 0x18, 0x0, 0x18, 0x0,
    0x18, 0x0, 0x1f, 0xff,

    /* U+AE3A "긺" */
    0x0, 0x6, 0xff, 0xc, 0x6, 0x18, 0xc, 0x30,
    0x30, 0x60, 0xe0, 0xc7, 0x81, 0xfc, 0x3, 0xe0,
    0x6, 0x0, 0x0, 0xfd, 0xf8, 0x1b, 0x30, 0x36,
    0x67, 0xec, 0xcc, 0x19, 0x98, 0x33, 0x30, 0x66,
    0x7e, 0xfc,

    /* U+AE40 "김" */
    0x0, 0x6, 0xff, 0xd, 0xfe, 0x18, 0xc, 0x30,
    0x30, 0x60, 0x60, 0xc1, 0x81, 0x8e, 0x3, 0x78,
    0x7, 0xc0, 0xc, 0x0, 0x0, 0xff, 0xf1, 0x80,
    0x63, 0x0, 0xc6, 0x1, 0x8c, 0x3, 0x18, 0x6,
    0x3f, 0xfc,

    /* U+AE41 "깁" */
    0x0, 0x6, 0xff, 0xd, 0xfe, 0x18, 0xc, 0x30,
    0x30, 0x60, 0x60, 0xc1, 0x81, 0x8f, 0x3, 0xf8,
    0x7, 0xe0, 0xc, 0x0, 0x0, 0x0, 0x1, 0x80,
    0x63, 0xff, 0xc6, 0x1, 0x8c, 0x3, 0x18, 0x6,
    0x30, 0xc, 0x7f, 0xf8,

    /* U+AE43 "깃" */
    0x0, 0x6, 0x7f, 0x86, 0x7f, 0x86, 0x1, 0x86,
    0x1, 0x86, 0x3, 0x6, 0x7, 0x6, 0xe, 0x6,
    0x3c, 0x6, 0xf8, 0x6, 0x60, 0x6, 0x1, 0xc6,
    0x1, 0xc0, 0x1, 0xc0, 0x3, 0x60, 0xe, 0x78,
    0x3c, 0x1f, 0x30, 0x6,

    /* U+AE45 "깅" */
    0x0, 0x6, 0xff, 0xc, 0x6, 0x18, 0x1c, 0x30,
    0x30, 0x60, 0xe0, 0xc1, 0x81, 0x8f, 0x3, 0x3c,
    0x7, 0xe0, 0xd, 0x0, 0x18, 0x3f, 0x81, 0xc1,
    0xc3, 0x0, 0xc6, 0x1, 0x8c, 0x3, 0x1c, 0x1c,
    0xf, 0xe0,

    /* U+AE46 "깆" */
    0x0, 0x6, 0x7f, 0x86, 0x7f, 0x86, 0x1, 0x86,
    0x3, 0x6, 0x3, 0x6, 0x6, 0x6, 0x1c, 0x6,
    0xf8, 0x6, 0xf0, 0x6, 0x0, 0x0, 0x0, 0x0,
    0x1f, 0xfe, 0x1, 0xc0, 0x1, 0xc0, 0x3, 0x70,
    0xf, 0x3c, 0x3c, 0xf,

    /* U+AE4A "깊" */
    0x0, 0x6, 0xff, 0x8d, 0xff, 0x18, 0xe, 0x30,
    0x18, 0x60, 0x70, 0xc1, 0xc1, 0x87, 0x3, 0x7c,
    0x7, 0xf0, 0xd, 0x0, 0x0, 0x0, 0x1, 0xff,
    0xe0, 0xc3, 0x1, 0x86, 0x3, 0xc, 0x6, 0x18,
    0xc, 0x30, 0x7f, 0xf8,

    /* U+AE4C "까" */
    0x0, 0x6, 0x0, 0x1, 0x87, 0xde, 0x60, 0x31,
    0x98, 0xc, 0x66, 0x3, 0x19, 0x80, 0xc6, 0x60,
    0x61, 0x9f, 0x18, 0xc6, 0xe, 0x31, 0x83, 0xc,
    0x61, 0xc6, 0x18, 0x63, 0x86, 0x0, 0xc1, 0x80,
    0x10, 0x60, 0x0, 0x18, 0x0, 0x6, 0x0, 0x1,
    0x80,

    /* U+AE4D "깍" */
    0x0, 0x6, 0x1f, 0x79, 0x80, 0xc6, 0x60, 0x31,
    0x98, 0x1c, 0x66, 0x6, 0x31, 0xf3, 0x8c, 0x61,
    0xc6, 0x18, 0x63, 0x86, 0x0, 0x41, 0x80, 0x0,
    0x0, 0x7f, 0xf8, 0x0, 0x6, 0x0, 0x1, 0x80,
    0x0, 0x60, 0x0, 0x18, 0x0, 0x6, 0x0, 0x1,
    0x80,

    /* U+AE4E "깎" */
    0x0, 0x6, 0x1f, 0x79, 0x87, 0xde, 0x60, 0x31,
    0x98, 0xc, 0x67, 0xc6, 0x31, 0xf3, 0x8c, 0x61,
    0xc6, 0x18, 0x63, 0x86, 0x0, 0x41, 0x80, 0x0,
    0x0, 0x7d, 0xf8, 0x3, 0x6, 0x0, 0xc1, 0x80,
    0x30, 0x60, 0xc, 0x18, 0x3, 0x6, 0x0, 0xc1,
    0x80,

    /* U+AE50 "깐" */
    0x0, 0x6, 0x0, 0x1, 0x87, 0xde, 0x60, 0x31,
    0x98, 0xc, 0x66, 0x3, 0x19, 0x81, 0x84, 0x7c,
    0x63, 0x1f, 0x30, 0xc6, 0x1c, 0x61, 0x86, 0x38,
    0x60, 0xc, 0x18, 0x0, 0x6, 0x6, 0x0, 0x1,
    0x80, 0x0, 0x60, 0x0, 0x18, 0x0, 0x7, 0xff,
    0xc0,

    /* U+AE54 "깔" */
    0x0, 0x6, 0x1f, 0x79, 0x87, 0xde, 0x60, 0x31,
    0x98, 0x18, 0x67, 0xc6, 0x31, 0x83, 0xc, 0x61,
    0x8e, 0x18, 0x3, 0x6, 0x0, 0x0, 0x1, 0xff,
    0xe0, 0x0, 0x18, 0x0, 0x6, 0x7, 0xff, 0x81,
    0x80, 0x0, 0x60, 0x0, 0x18, 0x0, 0x7, 0xff,
    0xc0,

    /* U+AE56 "깖" */
    0x0, 0x6, 0x1f, 0x79, 0x87, 0xde, 0x60, 0x31,
    0x98, 0x18, 0x67, 0xc6, 0x31, 0x87, 0x1c, 0x61,
    0x8e, 0x18, 0x1, 0x6, 0x0, 0x0, 0x3, 0xf7,
    0xe0, 0xd, 0x98, 0x3, 0x66, 0xf, 0xd9, 0x83,
    0x6, 0x60, 0xc1, 0x98, 0x30, 0x66, 0xf, 0xff,
    0x80,

    /* U+AE5C "깜" */
    0x0, 0x6, 0x1f, 0x79, 0x87, 0xde, 0x60, 0x31,
    0x98, 0xc, 0x67, 0xc6, 0x39, 0xf3, 0x8c, 0x61,
    0xc7, 0x18, 0x63, 0x86, 0x0, 0xc1, 0x80, 0x0,
    0x0, 0x7f, 0xf8, 0x18, 0x6, 0x6, 0x1, 0x81,
    0x80, 0x60, 0x60, 0x18, 0x18, 0x6, 0x7, 0xff,
    0x80,

    /* U+AE5D "깝" */
    0x0, 0x6, 0x1f, 0x79, 0x87, 0xde, 0x60, 0x31,
    0x98, 0xc, 0x67, 0xc6, 0x19, 0xf3, 0x8c, 0x61,
    0xc7, 0x18, 0x63, 0x86, 0x0, 0xe1, 0x80, 0x10,
    0x0, 0x0, 0x0, 0x18, 0x6, 0x7, 0xff, 0x81,
    0x80, 0x60, 0x60, 0x18, 0x18, 0x6, 0x6, 0x1,
    0x81, 0xff, 0xe0,

    /* U+AE5F "깟" */
    0x0, 0x6, 0x1f, 0x79, 0x87, 0xde, 0x60, 0x31,
    0x98, 0xc, 0x66, 0x6, 0x19, 0xf1, 0x8c, 0x7c,
    0xc3, 0x18, 0x61, 0x86, 0x0, 0xc1, 0x80, 0x0,
    0x60, 0x3, 0x18, 0x0, 0xe0, 0x0, 0x38, 0x0,
    0x1f, 0x0, 0x1c, 0xe0, 0x3e, 0x1f, 0x6, 0x0,
    0xc0,

    /* U+AE60 "깠" */
    0x0, 0x6, 0x1f, 0x79, 0x87, 0xde, 0x60, 0x31,
    0x98, 0xc, 0x67, 0xc6, 0x11, 0xf3, 0x8c, 0x61,
    0xc7, 0x18, 0x63, 0x86, 0x0, 0xc1, 0x80, 0x0,
    0x0, 0x18, 0x70, 0x6, 0x1c, 0x3, 0x87, 0x0,
    0xf3, 0xe0, 0xee, 0xdc, 0x71, 0xe3, 0x88, 0x30,
    0x40,

    /* U+AE61 "깡" */
    0x0, 0x6, 0x3e, 0xf3, 0x3, 0x19, 0x81, 0x8c,
    0xc1, 0xc6, 0x78, 0xc6, 0x30, 0xe3, 0x18, 0xe3,
    0xc, 0x63, 0x86, 0x0, 0x83, 0x0, 0x0, 0x0,
    0xfe, 0x0, 0xc0, 0xc0, 0xc0, 0x30, 0x60, 0x18,
    0x30, 0xc, 0xc, 0xc, 0x3, 0xf8, 0x0,

    /* U+AE65 "깥" */
    0x0, 0x6, 0x1f, 0x79, 0x80, 0xc6, 0x60, 0x31,
    0x98, 0x18, 0x67, 0xce, 0x31, 0x87, 0x1c, 0x61,
    0x8e, 0x18, 0x1, 0x6, 0x0, 0x0, 0x1, 0xff,
    0xe0, 0x60, 0x0, 0x18, 0x0, 0x7, 0xff, 0x81,
    0x80, 0x0, 0x60, 0x0, 0x18, 0x0, 0x7, 0xff,
    0xc0,

    /* U+AE68 "깨" */
    0x0, 0x1b, 0x0, 0x1b, 0x7f, 0x9b, 0x19, 0x9b,
    0x19, 0x9b, 0x19, 0x9b, 0x19, 0x9b, 0x11, 0x9f,
    0x31, 0x9b, 0x33, 0x1b, 0x73, 0x1b, 0x63, 0x1b,
    0xe6, 0x1b, 0x6, 0x1b, 0x0, 0x1b, 0x0, 0x1b,
    0x0, 0x1b, 0x0, 0x3,

    /* U+AE69 "깩" */
    0x0, 0x33, 0x7f, 0xb3, 0x7f, 0xb3, 0x19, 0xb3,
    0x19, 0xbf, 0x31, 0x3f, 0x33, 0x33, 0x63, 0x33,
    0x66, 0x33, 0x4, 0x33, 0x0, 0x0, 0x1f, 0xff,
    0x0, 0x3, 0x0, 0x3, 0x0, 0x3, 0x0, 0x3,
    0x0, 0x3, 0x0, 0x3,

    /* U+AE6C "깬" */
    0x0, 0x66, 0x0, 0x66, 0xff, 0x66, 0x33, 0x66,
    0x33, 0x66, 0x33, 0x66, 0x23, 0x7e, 0x66, 0x7e,
    0xe6, 0x66, 0xce, 0x66, 0xc, 0x66, 0x0, 0x66,
    0x0, 0x66, 0x10, 0x0, 0x10, 0x0, 0x10, 0x0,
    0x10, 0x0, 0x1f, 0xff,

    /* U+AE70 "깰" */
    0x0, 0x66, 0xff, 0x66, 0xff, 0x66, 0x33, 0x66,
    0x33, 0x7e, 0x62, 0x66, 0xe6, 0x66, 0xce, 0x66,
    0xc, 0x66, 0x0, 0x0, 0x1f, 0xfe, 0x0, 0x6,
    0x0, 0x6, 0x1f, 0xfe, 0x18, 0x0, 0x18, 0x0,
    0x18, 0x0, 0x1f, 0xff,

    /* U+AE78 "깸" */
    0x0, 0x67, 0xfe, 0xcf, 0xfd, 0x99, 0x9b, 0x33,
    0x37, 0xec, 0x6f, 0xd9, 0x99, 0xe3, 0x33, 0xcc,
    0x66, 0x18, 0xcc, 0x0, 0x0, 0xff, 0xf1, 0x80,
    0x63, 0x0, 0xc6, 0x1, 0x8c, 0x3, 0x18, 0x6,
    0x3f, 0xfc,

    /* U+AE79 "깹" */
    0x0, 0x67, 0xfe, 0xcf, 0xfd, 0x99, 0x9b, 0x33,
    0x37, 0xec, 0x6f, 0xd9, 0x99, 0xf3, 0x33, 0xcc,
    0x66, 0x18, 0xcc, 0x0, 0x0, 0x0, 0x1, 0x80,
    0x63, 0xff, 0xc6, 0x1, 0x8c, 0x3, 0x18, 0x6,
    0x30, 0xc, 0x7f, 0xf8,

    /* U+AE7B "깻" */
    0x0, 0x66, 0xff, 0x66, 0xff, 0x66, 0x33, 0x66,
    0x33, 0x66, 0x33, 0x7e, 0x62, 0x66, 0x66, 0x66,
    0xc6, 0x66, 0xcc, 0x66, 0xc, 0x6, 0x0, 0xc6,
    0x1, 0xc0, 0x1, 0xc0, 0x3, 0xe0, 0x7, 0x70,
    0x1e, 0x1e, 0x38, 0xf,

    /* U+AE7C "깼" */
    0x0, 0x66, 0xff, 0x66, 0xff, 0x66, 0x33, 0x66,
    0x33, 0x7e, 0x63, 0x7e, 0x66, 0x66, 0xc6, 0x66,
    0xcc, 0x66, 0x8, 0x66, 0x0, 0x0, 0xc, 0x38,
    0xc, 0x38, 0xc, 0x38, 0x1e, 0x6c, 0x37, 0xee,
    0x63, 0xc7, 0x0, 0x80,

    /* U+AE7D "깽" */
    0x0, 0x67, 0xfe, 0xcf, 0xfd, 0x99, 0x9b, 0x33,
    0x37, 0xe4, 0x6f, 0xd9, 0x99, 0xf3, 0x33, 0xcc,
    0x66, 0x18, 0xcc, 0x0, 0x18, 0x3f, 0x80, 0xc1,
    0xc3, 0x0, 0xc6, 0x1, 0x8c, 0x3, 0xc, 0x1c,
    0xf, 0xe0,

    /* U+AE84 "꺄" */
    0x0, 0x6, 0x0, 0x1, 0x87, 0xde, 0x60, 0x31,
    0x98, 0xc, 0x67, 0xc3, 0x19, 0x80, 0xc6, 0x60,
    0x61, 0x98, 0x18, 0xc6, 0xe, 0x31, 0x83, 0xc,
    0x7d, 0xc6, 0x18, 0x63, 0x86, 0x0, 0xc1, 0x80,
    0x10, 0x60, 0x0, 0x18, 0x0, 0x6, 0x0, 0x1,
    0x80,

    /* U+AE85 "꺅" */
    0x0, 0x6, 0x0, 0x1, 0x87, 0xde, 0x60, 0x31,
    0x9f, 0xc, 0x66, 0x3, 0x19, 0x81, 0x8c, 0x60,
    0xe3, 0x1f, 0x71, 0x87, 0xd8, 0xe1, 0x80, 0x30,
    0x60, 0x0, 0x0, 0x1f, 0xfe, 0x0, 0x1, 0x80,
    0x0, 0x60, 0x0, 0x18, 0x0, 0x6, 0x0, 0x1,
    0x80, 0x0, 0x60,

    /* U+AE8C "꺌" */
    0x0, 0x6, 0x3e, 0xf3, 0x1f, 0x79, 0xe1, 0x8c,
    0xf1, 0x86, 0x60, 0xc6, 0x3c, 0xc3, 0x1e, 0xc7,
    0xc, 0x3, 0x6, 0x0, 0x0, 0x7, 0xff, 0x80,
    0x0, 0xc0, 0x0, 0x60, 0xff, 0xf0, 0x60, 0x0,
    0x30, 0x0, 0x18, 0x0, 0xf, 0xff, 0x80,

    /* U+AEBC "꺼" */
    0x0, 0x3, 0x0, 0x3, 0x7d, 0xe3, 0xc, 0x63,
    0xc, 0x63, 0xc, 0x63, 0xc, 0x63, 0x18, 0x7f,
    0x18, 0xc3, 0x18, 0xc3, 0x30, 0xc3, 0x71, 0x83,
    0x61, 0x83, 0x3, 0x3, 0x3, 0x3, 0x0, 0x3,
    0x0, 0x3, 0x0, 0x3,

    /* U+AEBD "꺽" */
    0x0, 0x3, 0x7d, 0xe3, 0xc, 0x63, 0xc, 0x63,
    0xc, 0x7f, 0x18, 0xc3, 0x38, 0xc3, 0xf1, 0x83,
    0x23, 0x83, 0x1, 0x3, 0x0, 0x0, 0xf, 0xff,
    0x0, 0x3, 0x0, 0x3, 0x0, 0x3, 0x0, 0x3,
    0x0, 0x3, 0x0, 0x3,

    /* U+AEBE "꺾" */
    0x0, 0x3, 0x7d, 0xe3, 0x7d, 0xe3, 0xc, 0x63,
    0xc, 0x7f, 0x18, 0xff, 0x38, 0xc3, 0x71, 0xc3,
    0x63, 0x83, 0x1, 0x3, 0x0, 0x0, 0x1f, 0xbf,
    0x1, 0x83, 0x1, 0x83, 0x1, 0x83, 0x1, 0x83,
    0x1, 0x83, 0x1, 0x83,

    /* U+AEC0 "껀" */
    0x0, 0x6, 0xfb, 0xcd, 0xf7, 0x98, 0x63, 0x30,
    0xce, 0x63, 0x9c, 0xc6, 0x3f, 0x8c, 0x63, 0x31,
    0xc6, 0xe3, 0xd, 0x8e, 0x18, 0x8, 0x30, 0x0,
    0x63, 0x80, 0x7, 0x0, 0xe, 0x0, 0x1c, 0x0,
    0x3f, 0xfc,

    /* U+AEC4 "껄" */
    0x0, 0x6, 0x7d, 0xe6, 0xc, 0x66, 0x1c, 0x66,
    0x18, 0xfe, 0x38, 0xfe, 0x71, 0x86, 0x63, 0x86,
    0x3, 0x6, 0x0, 0x0, 0x1f, 0xfe, 0x0, 0x6,
    0x0, 0x6, 0x1f, 0xfe, 0x1c, 0x0, 0x1c, 0x0,
    0x1c, 0x0, 0x1f, 0xff,

    /* U+AECC "껌" */
    0x0, 0x3, 0x7d, 0xe3, 0x7d, 0xe3, 0xc, 0x63,
    0xc, 0x7f, 0x18, 0x7f, 0x38, 0xc3, 0x71, 0xc3,
    0x63, 0x83, 0x3, 0x3, 0x0, 0x0, 0xf, 0xff,
    0xc, 0x3, 0xc, 0x3, 0xc, 0x3, 0xc, 0x3,
    0xc, 0x3, 0xf, 0xff,

    /* U+AECD "껍" */
    0x0, 0x6, 0xfb, 0xcd, 0xf7, 0x98, 0x63, 0x30,
    0xc7, 0xe3, 0xf, 0xce, 0x31, 0xb8, 0xe3, 0x63,
    0x86, 0x7, 0xc, 0x4, 0x0, 0x0, 0x0, 0xc0,
    0x61, 0xff, 0xc3, 0x1, 0x86, 0x3, 0xc, 0x6,
    0x18, 0xc, 0x3f, 0xf8,

    /* U+AECF "껏" */
    0x0, 0x6, 0x7d, 0xe6, 0x7d, 0xe6, 0xc, 0x66,
    0xc, 0x66, 0x18, 0x7e, 0x38, 0xc6, 0x71, 0xc6,
    0x61, 0x86, 0x3, 0x6, 0x0, 0x6, 0x0, 0x66,
    0x0, 0xe0, 0x0, 0xe0, 0x1, 0xb0, 0x7, 0x1c,
    0x1e, 0xf, 0x18, 0x2,

    /* U+AED0 "껐" */
    0x0, 0x3, 0x1f, 0x78, 0xc7, 0xde, 0x30, 0x31,
    0x8c, 0xc, 0x7f, 0x6, 0x1f, 0xc3, 0x8c, 0x31,
    0xc7, 0xc, 0x63, 0x83, 0x0, 0x40, 0xc0, 0x0,
    0x0, 0x18, 0x30, 0x6, 0xc, 0x3, 0x83, 0x0,
    0xf1, 0xe0, 0x66, 0xcc, 0x31, 0xf1, 0x88, 0x10,
    0x20,

    /* U+AED1 "껑" */
    0x0, 0x3, 0x7d, 0xe3, 0xc, 0x63, 0xc, 0x63,
    0x1c, 0x7f, 0x18, 0xc3, 0x38, 0xc3, 0xf1, 0x83,
    0x63, 0x83, 0x1, 0x3, 0x0, 0x3, 0x3, 0xf8,
    0xe, 0xe, 0xc, 0x3, 0x1c, 0x3, 0xc, 0x3,
    0xe, 0xe, 0x3, 0xf8,

    /* U+AED8 "께" */
    0x0, 0x1b, 0x0, 0x1b, 0x7f, 0x9b, 0x19, 0x9b,
    0x19, 0x9b, 0x19, 0x9b, 0x19, 0x9b, 0x19, 0xfb,
    0x31, 0x1b, 0x33, 0x1b, 0x33, 0x1b, 0x63, 0x1b,
    0xe6, 0x1b, 0x46, 0x1b, 0x4, 0x1b, 0x0, 0x1b,
    0x0, 0x1b, 0x0, 0x3,

    /* U+AED9 "껙" */
    0x0, 0x37, 0xfe, 0x6c, 0xcc, 0xd9, 0x99, 0xb7,
    0x3f, 0x6c, 0xc6, 0xf9, 0x8d, 0xe7, 0x1b, 0xc,
    0x36, 0x10, 0x6c, 0x0, 0x1, 0xff, 0xf0, 0x0,
    0x60, 0x0, 0xc0, 0x1, 0x80, 0x3, 0x0, 0x6,
    0x0, 0xc,

    /* U+AEDC "껜" */
    0x0, 0x1b, 0x0, 0xd, 0x9f, 0xe6, 0xc3, 0x33,
    0x61, 0x99, 0xb0, 0xcc, 0xd8, 0x47, 0xec, 0x66,
    0x36, 0x73, 0x1b, 0x31, 0x8d, 0x91, 0x86, 0xc0,
    0x83, 0x60, 0x1, 0xb0, 0x60, 0x0, 0x30, 0x0,
    0x18, 0x0, 0xc, 0x0, 0x7, 0xff, 0xc0,

    /* U+AEE8 "껨" */
    0x0, 0x37, 0xfe, 0x6f, 0xfc, 0xd9, 0x99, 0xb3,
    0x3f, 0x6c, 0x7e, 0xd9, 0x8d, 0xe3, 0x1b, 0xcc,
    0x36, 0x10, 0x6c, 0x0, 0x0, 0xff, 0xf1, 0x80,
    0x63, 0x0, 0xc6, 0x1, 0x8c, 0x3, 0x18, 0x6,
    0x3f, 0xfc,

    /* U+AEEB "껫" */
    0x0, 0x1b, 0x3f, 0xcd, 0x9f, 0xe6, 0xc3, 0x33,
    0x61, 0x99, 0xb0, 0xcf, 0xd8, 0xcc, 0x6c, 0x66,
    0x36, 0x67, 0x1b, 0x3, 0xd, 0x80, 0x0, 0xc0,
    0xc, 0x60, 0x6, 0x0, 0x7, 0x80, 0x7, 0xe0,
    0x7, 0x38, 0x1f, 0xf, 0x8e, 0x1, 0x80,

    /* U+AEED "껭" */
    0x0, 0x1b, 0x7f, 0x9b, 0x7f, 0x9b, 0x19, 0x9b,
    0x19, 0xfb, 0x31, 0xfb, 0x33, 0x1b, 0x63, 0x1b,
    0x66, 0x1b, 0x6, 0x1b, 0x0, 0x3, 0x3, 0xf8,
    0xe, 0xe, 0x18, 0x3, 0x18, 0x3, 0x18, 0x3,
    0xe, 0xe, 0x3, 0xf8,

    /* U+AEF4 "껴" */
    0x0, 0x3, 0x0, 0x3, 0x7d, 0xe3, 0xc, 0x63,
    0xc, 0x7f, 0xc, 0x63, 0xc, 0x63, 0x18, 0xc3,
    0x18, 0xc3, 0x38, 0xff, 0x31, 0x83, 0x61, 0x83,
    0x63, 0x83, 0x3, 0x3, 0x0, 0x3, 0x0, 0x3,
    0x0, 0x3, 0x0, 0x3,

    /* U+AEF8 "껸" */
    0x0, 0x6, 0xfb, 0xcd, 0xf7, 0x98, 0x67, 0x30,
    0xcf, 0xe3, 0x98, 0xc6, 0x31, 0x8c, 0x63, 0x31,
    0xfe, 0xe3, 0x7d, 0x8e, 0x18, 0x8, 0x30, 0x0,
    0x63, 0x80, 0x7, 0x0, 0xe, 0x0, 0x1c, 0x0,
    0x3f, 0xfc,

    /* U+AEFC "껼" */
    0x0, 0x6, 0x7d, 0xc6, 0xc, 0x7e, 0x1c, 0xfe,
    0x18, 0xc6, 0x38, 0xc6, 0x71, 0xbe, 0x63, 0x86,
    0x3, 0x6, 0x0, 0x0, 0x1f, 0xfe, 0x0, 0x6,
    0x0, 0x6, 0x1f, 0xfe, 0x1c, 0x0, 0x1c, 0x0,
    0x1c, 0x0, 0x1f, 0xff,

    /* U+AF07 "꼇" */
    0x0, 0x6, 0x7d, 0xe6, 0x7d, 0xe6, 0xc, 0x7e,
    0xc, 0x7e, 0x18, 0xc6, 0x38, 0xc6, 0x71, 0xbe,
    0x63, 0xbe, 0x3, 0x6, 0x0, 0x6, 0x0, 0xc6,
    0x0, 0xe0, 0x0, 0xe0, 0x1, 0xb0, 0x7, 0x3c,
    0x1e, 0xf, 0x10, 0x2,

    /* U+AF08 "꼈" */
    0x0, 0x3, 0x1f, 0x78, 0xc7, 0xde, 0x30, 0x31,
    0xfc, 0xc, 0x63, 0x6, 0x38, 0xc3, 0x8d, 0xf1,
    0xc7, 0x7c, 0x63, 0x83, 0x0, 0x40, 0xc0, 0x0,
    0x0, 0x18, 0x30, 0x6, 0xc, 0x3, 0x83, 0x0,
    0xf1, 0xe0, 0x66, 0xcc, 0x31, 0xf1, 0x88, 0x10,
    0x20,

    /* U+AF0D "꼍" */
    0x0, 0x6, 0x7d, 0xc6, 0x7d, 0xc6, 0xc, 0x7e,
    0xc, 0xc6, 0x18, 0xc6, 0x38, 0x86, 0x71, 0xbe,
    0x63, 0x6, 0x3, 0x6, 0x0, 0x0, 0xf, 0xfe,
    0xc, 0x0, 0xc, 0x0, 0xf, 0xfe, 0xc, 0x0,
    0xc, 0x0, 0xc, 0x0, 0xf, 0xff,

    /* U+AF10 "꼐" */
    0x0, 0x1b, 0x0, 0x1b, 0x7f, 0x9b, 0x19, 0x9b,
    0x19, 0xfb, 0x19, 0xfb, 0x19, 0x9b, 0x19, 0x9b,
    0x31, 0x1b, 0x33, 0xfb, 0x33, 0xfb, 0x63, 0x1b,
    0xe6, 0x1b, 0x46, 0x1b, 0x4, 0x1b, 0x0, 0x1b,
    0x0, 0x1b, 0x0, 0x3,

    /* U+AF2C "꼬" */
    0x7e, 0xfe, 0x3, 0x3, 0x1, 0x81, 0x80, 0xc0,
    0xc0, 0x60, 0x60, 0x70, 0x30, 0x30, 0x18, 0x1b,
    0x9c, 0xd, 0xce, 0x6, 0xe6, 0x0, 0x70, 0x0,
    0x38, 0x0, 0x1c, 0x7, 0xff, 0xfc,

    /* U+AF2D "꼭" */
    0x7e, 0xfc, 0x6, 0xc, 0x6, 0xc, 0x6, 0xc,
    0xe, 0xc, 0xd, 0x8c, 0x5, 0x84, 0x1, 0x80,
    0xff, 0xff, 0x0, 0x0, 0x0, 0x0, 0x0, 0x0,
    0x3f, 0xfc, 0x0, 0xc, 0x0, 0xc, 0x0, 0xc,
    0x0, 0xc, 0x0, 0xc,

    /* U+AF30 "꼰" */
    0x7e, 0xfc, 0x6, 0xc, 0x6, 0xc, 0x6, 0xc,
    0xe, 0xc, 0xd, 0x8c, 0x5, 0x84, 0x1, 0x80,
    0xff, 0xff, 0x0, 0x0, 0x0, 0x0, 0x0, 0x0,
    0x30, 0x0, 0x30, 0x0, 0x30, 0x0, 0x30, 0x0,
    0x3f, 0xfc,

    /* U+AF32 "꼲" */
    0x7e, 0xfc, 0x6, 0x4, 0x6, 0xc, 0x6, 0xc,
    0xf, 0x8c, 0xd, 0x8c, 0x1, 0x80, 0xff, 0xff,
    0x0, 0x0, 0x0, 0x30, 0x0, 0x30, 0x31, 0xfe,
    0x30, 0x0, 0x30, 0x78, 0x30, 0xcc, 0x30, 0xc4,
    0x33, 0xcc, 0x3e, 0x78,

    /* U+AF34 "꼴" */
    0x7e, 0xfe, 0x6, 0x6, 0x6, 0x6, 0x6, 0xe,
    0xf, 0xcc, 0xd, 0xcc, 0x1, 0xc0, 0xff, 0xff,
    0x0, 0x0, 0x0, 0x0, 0x3f, 0xfc, 0x0, 0xc,
    0x0, 0xc, 0x3f, 0xfc, 0x30, 0x0, 0x30, 0x0,
    0x30, 0x0, 0x3f, 0xfe,

    /* U+AF3C "꼼" */
    0x7e, 0xfc, 0x6, 0xc, 0x6, 0xc, 0x6, 0xc,
    0xe, 0xc, 0xd, 0x8c, 0xd, 0x8c, 0x1, 0x80,
    0xff, 0xff, 0x0, 0x0, 0x0, 0x0, 0x3f, 0xfc,
    0x30, 0xc, 0x30, 0xc, 0x30, 0xc, 0x30, 0xc,
    0x30, 0xc, 0x3f, 0xfc,

    /* U+AF3D "꼽" */
    0x7e, 0xfc, 0x6, 0xc, 0x6, 0xc, 0x6, 0xc,
    0xe, 0xc, 0xd, 0x8c, 0xd, 0x8c, 0x1, 0x80,
    0xff, 0xff, 0x0, 0x0, 0x0, 0x0, 0x0, 0x0,
    0x3f, 0xfc, 0x30, 0xc, 0x30, 0xc, 0x30, 0xc,
    0x30, 0xc, 0x3f, 0xfc,

    /* U+AF3F "꼿" */
    0x7e, 0xfc, 0x6, 0xc, 0x6, 0xc, 0x6, 0xc,
    0xd, 0x8c, 0xd, 0x8c, 0x1, 0x80, 0xff, 0xff,
    0x0, 0x0, 0x1, 0x80, 0x1, 0x80, 0x1, 0xc0,
    0x3, 0xc0, 0xe, 0x70, 0x7c, 0x3e, 0x30, 0xc,

    /* U+AF41 "꽁" */
    0x7e, 0xfc, 0x6, 0xc, 0x6, 0xc, 0x6, 0xc,
    0xe, 0xc, 0xd, 0x8c, 0xd, 0x8c, 0x1, 0x80,
    0xff, 0xff, 0x0, 0x0, 0x0, 0x0, 0xf, 0xf0,
    0x18, 0x18, 0x30, 0xc, 0x30, 0xc, 0x30, 0xc,
    0x18, 0x18, 0xf, 0xf0,

    /* U+AF42 "꽂" */
    0x7e, 0xfc, 0x6, 0xc, 0x6, 0xc, 0x6, 0xc,
    0xe, 0xc, 0xd, 0x8c, 0xd, 0x8c, 0x1, 0x80,
    0xff, 0xff, 0x0, 0x0, 0x0, 0x0, 0x3f, 0xfc,
    0x1, 0xc0, 0x3, 0xc0, 0xe, 0x70, 0x7c, 0x3e,
    0x30, 0xc,

    /* U+AF43 "꽃" */
    0x7e, 0xfc, 0x6, 0xc, 0x6, 0xc, 0x6, 0xc,
    0xf, 0x8c, 0xd, 0x8c, 0x1, 0x80, 0xff, 0xff,
    0x0, 0x0, 0x1, 0x80, 0x1, 0x80, 0x3f, 0xfc,
    0x1, 0x80, 0x3, 0xc0, 0x7, 0x70, 0x7c, 0x3e,
    0x30, 0xc,

    /* U+AF48 "꽈" */
    0x0, 0x6, 0x0, 0x1, 0x87, 0xbe, 0x60, 0x61,
    0x98, 0x18, 0x66, 0x6, 0x19, 0x81, 0x86, 0x60,
    0xf9, 0x9f, 0x36, 0x66, 0x1, 0x81, 0x80, 0x60,
    0x60, 0x18, 0x18, 0xff, 0xf6, 0x3f, 0xf9, 0x80,
    0x0, 0x60, 0x0, 0x18, 0x0, 0x6, 0x0, 0x1,
    0x80,

    /* U+AF49 "꽉" */
    0x0, 0x6, 0x3d, 0xf3, 0x1e, 0xf9, 0x83, 0xc,
    0xc1, 0x86, 0x78, 0xf3, 0x3c, 0x59, 0x98, 0xc,
    0xc, 0xff, 0xf6, 0x7f, 0xfb, 0x0, 0x1, 0x80,
    0x0, 0x1, 0xff, 0xe0, 0x0, 0x30, 0x0, 0x18,
    0x0, 0xc, 0x0, 0x6, 0x0, 0x3, 0x0,

    /* U+AF50 "꽐" */
    0x0, 0xc, 0xf7, 0xcc, 0x30, 0xcc, 0x30, 0xcc,
    0x3c, 0xcf, 0x3c, 0xcc, 0xc, 0xc, 0xff, 0xec,
    0xff, 0xcc, 0x0, 0x0, 0x3f, 0xfc, 0x0, 0xc,
    0x0, 0xc, 0x3f, 0xfc, 0x30, 0x0, 0x30, 0x0,
    0x30, 0x0, 0x3f, 0xfe,

    /* U+AF5C "꽜" */
    0x0, 0x6, 0x3d, 0xf3, 0x1e, 0xf9, 0x83, 0xc,
    0xc1, 0x86, 0x60, 0xc3, 0x3c, 0x79, 0x9e, 0x2c,
    0xcc, 0x6, 0x6, 0x7f, 0xfb, 0x39, 0x1, 0x80,
    0x0, 0x0, 0xe1, 0x80, 0x70, 0xe0, 0x38, 0x70,
    0x36, 0x6c, 0x7b, 0xf7, 0x90, 0xf1, 0x80,

    /* U+AF5D "꽝" */
    0x0, 0xc, 0xf7, 0xcc, 0x30, 0xcc, 0x30, 0xcc,
    0x30, 0xcc, 0x3c, 0xcf, 0x3c, 0xcc, 0xc, 0xc,
    0xff, 0xec, 0xff, 0xcc, 0x0, 0xc, 0xf, 0xe0,
    0x18, 0x18, 0x30, 0xc, 0x30, 0xc, 0x30, 0xc,
    0x18, 0x18, 0x7, 0xf0,

    /* U+AF64 "꽤" */
    0x0, 0x33, 0x0, 0x33, 0xf7, 0xb3, 0x31, 0xb3,
    0x31, 0xb3, 0x31, 0xb3, 0x31, 0xb3, 0x3d, 0xbf,
    0x6d, 0xb3, 0xc, 0x33, 0xc, 0x33, 0xd, 0xb3,
    0xff, 0xb3, 0xc0, 0x33, 0x0, 0x33, 0x0, 0x33,
    0x0, 0x33, 0x0, 0x3,

    /* U+AF65 "꽥" */
    0x0, 0x33, 0xf7, 0xb3, 0xf7, 0xb3, 0x31, 0xb3,
    0x31, 0xb3, 0x31, 0xbf, 0x7d, 0xbf, 0x1c, 0x33,
    0xc, 0xb3, 0xff, 0xb3, 0x0, 0x33, 0x0, 0x0,
    0x0, 0x0, 0x1f, 0xff, 0x0, 0x3, 0x0, 0x3,
    0x0, 0x3, 0x0, 0x3, 0x0, 0x3,

    /* U+AF79 "꽹" */
    0x0, 0x33, 0xf7, 0xb3, 0x31, 0xb3, 0x31, 0xb3,
    0x31, 0xb3, 0x3d, 0xbf, 0x2d, 0xb3, 0xc, 0x33,
    0xff, 0xb3, 0xff, 0xb3, 0x0, 0x3, 0x3, 0xf8,
    0xe, 0xe, 0x18, 0x3, 0x18, 0x3, 0x18, 0x3,
    0xe, 0xe, 0x3, 0xf8,

    /* U+AF80 "꾀" */
    0x0, 0x6, 0x0, 0xd, 0xef, 0x98, 0xc3, 0x31,
    0x86, 0x63, 0xc, 0xc6, 0x19, 0x8f, 0x33, 0x36,
    0x66, 0x2c, 0xc, 0x18, 0x18, 0x30, 0x3f, 0xff,
    0x7f, 0xf8, 0xc0, 0x1, 0x80, 0x3, 0x0, 0x6,
    0x0, 0xc,

    /* U+AF84 "꾄" */
    0x0, 0x6, 0x7b, 0xe6, 0x7b, 0xe6, 0x18, 0x66,
    0x18, 0x66, 0x1e, 0x66, 0x1e, 0x66, 0x16, 0x6,
    0x6, 0x6, 0xff, 0xf6, 0xff, 0xf6, 0xf0, 0x6,
    0x0, 0x6, 0x18, 0x0, 0x18, 0x0, 0x18, 0x0,
    0x18, 0x0, 0x1f, 0xff,

    /* U+AF88 "꾈" */
    0x0, 0x6, 0x7b, 0xe6, 0x18, 0x66, 0x18, 0x66,
    0x1e, 0x66, 0x1e, 0x66, 0x6, 0x6, 0xff, 0xf6,
    0xff, 0xc6, 0x0, 0x0, 0x1f, 0xfe, 0x0, 0x6,
    0x0, 0x6, 0x1f, 0xfe, 0x18, 0x0, 0x18, 0x0,
    0x18, 0x0, 0x1f, 0xff,

    /* U+AF90 "꾐" */
    0x0, 0x6, 0xf7, 0xcd, 0xef, 0x98, 0xc3, 0x31,
    0x86, 0x63, 0xc, 0xc7, 0x99, 0x83, 0x3, 0x6,
    0x37, 0xff, 0xec, 0x0, 0x18, 0x0, 0x0, 0x0,
    0x3, 0xff, 0xc6, 0x1, 0x8c, 0x3, 0x18, 0x6,
    0x30, 0xc, 0x7f, 0xf8,

    /* U+AF91 "꾑" */
    0x0, 0x6, 0xf7, 0xcc, 0x61, 0x98, 0xc3, 0x31,
    0xe6, 0x63, 0xcc, 0xc1, 0x81, 0x83, 0x3b, 0xff,
    0xf7, 0xf8, 0xc, 0x0, 0x0, 0x0, 0x1, 0x80,
    0x63, 0xff, 0xc6, 0x1, 0x8c, 0x3, 0x18, 0x6,
    0x3f, 0xfc,

    /* U+AF95 "꾕" */
    0x0, 0x6, 0xf7, 0xcc, 0x61, 0x98, 0xc3, 0x31,
    0x86, 0x63, 0xcc, 0xc5, 0x99, 0x83, 0x3, 0xff,
    0xf7, 0xff, 0xcc, 0x0, 0x18, 0x3f, 0x80, 0xc0,
    0xc3, 0x0, 0xc6, 0x1, 0x8c, 0x3, 0xc, 0xc,
    0x7, 0xf0,

    /* U+AF9C "꾜" */
    0x7c, 0xfe, 0x6, 0x3, 0x3, 0x1, 0x81, 0x80,
    0xc0, 0xc0, 0x60, 0x60, 0x30, 0x30, 0x18, 0x38,
    0xc, 0x1f, 0x3e, 0xf, 0x9f, 0x1, 0xcc, 0x0,
    0xe6, 0x0, 0x73, 0x7, 0xff, 0xfc,

    /* U+AFB8 "꾸" */
    0x7e, 0xfe, 0x3, 0x3, 0x1, 0x81, 0x80, 0xc0,
    0xc0, 0x60, 0x60, 0x30, 0x70, 0x38, 0x31, 0xff,
    0xff, 0x1, 0x80, 0x0, 0xc0, 0x0, 0x60, 0x0,
    0x30, 0x0, 0x18, 0x0, 0xc, 0x0, 0x6, 0x0,
    0x3, 0x0, 0x1, 0x80, 0x0,

    /* U+AFB9 "꾹" */
    0x7e, 0x7e, 0x3, 0x7, 0x1, 0x83, 0x80, 0xc1,
    0xc0, 0x60, 0xe0, 0x30, 0x60, 0x18, 0x31, 0xff,
    0xff, 0x1, 0x80, 0x0, 0xc0, 0x0, 0x60, 0x0,
    0x30, 0x3, 0xff, 0xe0, 0x0, 0x70, 0x0, 0x38,
    0x0, 0x1c, 0x0, 0xe, 0x0, 0x7, 0x0,

    /* U+AFBC "꾼" */
    0x7e, 0x7e, 0x3, 0x3, 0x1, 0x81, 0x80, 0xc0,
    0xc0, 0x60, 0xe0, 0x30, 0x70, 0x18, 0x31, 0xff,
    0xff, 0x1, 0xc0, 0x0, 0xe0, 0x0, 0x70, 0x0,
    0x38, 0x3, 0x1c, 0x1, 0x8e, 0x0, 0xc0, 0x0,
    0x60, 0x0, 0x3f, 0xfe, 0x0,

    /* U+AFC0 "꿀" */
    0x7e, 0x7c, 0x3, 0x6, 0x1, 0x83, 0x0, 0xc1,
    0x80, 0x60, 0xc0, 0x30, 0x63, 0xff, 0xfe, 0x3,
    0x0, 0x1, 0x80, 0x0, 0xc0, 0xf, 0xff, 0x0,
    0x1, 0x80, 0x0, 0xc1, 0xff, 0xe0, 0xc0, 0x0,
    0x60, 0x0, 0x30, 0x0, 0x1f, 0xff, 0x0,

    /* U+AFC7 "꿇" */
    0x3f, 0x7e, 0x1, 0x83, 0x1, 0xc1, 0x80, 0xe0,
    0xc0, 0x60, 0x60, 0x30, 0x73, 0xff, 0xfe, 0x3,
    0x0, 0x1, 0x80, 0x0, 0x8c, 0xf, 0xff, 0xc0,
    0x7f, 0xe0, 0x30, 0x1, 0xf9, 0xe0, 0xc1, 0x98,
    0x60, 0xc6, 0x30, 0x66, 0x1f, 0xde, 0x0,

    /* U+AFC8 "꿈" */
    0x7e, 0x7e, 0x3, 0x3, 0x1, 0x81, 0x80, 0xc1,
    0xc0, 0x60, 0xe0, 0x30, 0x63, 0xff, 0xfe, 0x3,
    0x0, 0x1, 0x80, 0x0, 0xc0, 0xf, 0xff, 0x86,
    0x0, 0xc3, 0x0, 0x61, 0x80, 0x30, 0xc0, 0x18,
    0x60, 0xc, 0x3f, 0xfe, 0x0,

    /* U+AFC9 "꿉" */
    0x7e, 0x7e, 0x3, 0x7, 0x1, 0x83, 0x80, 0xc1,
    0xc0, 0x60, 0xe0, 0x30, 0x70, 0x18, 0x31, 0xff,
    0xff, 0x1, 0x80, 0x0, 0xc0, 0x0, 0x60, 0x6,
    0x1, 0xc3, 0xff, 0xe1, 0x80, 0x70, 0xc0, 0x38,
    0x60, 0x1c, 0x30, 0xe, 0x1f, 0xff, 0x0,

    /* U+AFCB "꿋" */
    0x7e, 0x7e, 0x3, 0x3, 0x1, 0x81, 0x80, 0xc0,
    0xc0, 0x60, 0xe0, 0x30, 0x63, 0xff, 0xfe, 0x3,
    0x0, 0x1, 0x80, 0x0, 0xc0, 0x0, 0x60, 0x0,
    0x30, 0x0, 0x3c, 0x0, 0x3f, 0x0, 0xf8, 0xf8,
    0xf0, 0x1c,

    /* U+AFCD "꿍" */
    0x7e, 0x7e, 0x3, 0x3, 0x1, 0x81, 0x80, 0xc0,
    0xc0, 0x60, 0xe0, 0x30, 0x63, 0xff, 0xfe, 0x3,
    0x0, 0x1, 0x80, 0x0, 0xc0, 0x3, 0xfc, 0x7,
    0x3, 0x83, 0x0, 0xe1, 0x80, 0x30, 0xc0, 0x38,
    0x30, 0x38, 0x7, 0xf0, 0x0,

    /* U+AFCE "꿎" */
    0x7e, 0x7e, 0x3, 0x3, 0x1, 0x81, 0x80, 0xc0,
    0xc0, 0x60, 0xe0, 0x30, 0x63, 0xff, 0xfe, 0x3,
    0x0, 0x1, 0x80, 0x0, 0xc0, 0xf, 0xff, 0x80,
    0x38, 0x0, 0x3c, 0x0, 0x3b, 0x81, 0xf0, 0xf8,
    0x70, 0x1c,

    /* U+AFD4 "꿔" */
    0x0, 0x3, 0x7d, 0xe3, 0xc, 0x63, 0xc, 0x63,
    0xc, 0x63, 0xc, 0x63, 0xc, 0x63, 0x1c, 0x63,
    0xff, 0xfb, 0x7f, 0xf3, 0x6, 0x3, 0x6, 0x3f,
    0x6, 0x3, 0x6, 0x3, 0x6, 0x3, 0x6, 0x3,
    0x6, 0x3, 0x6, 0x3,

    /* U+AFDC "꿜" */
    0x0, 0x6, 0x7d, 0xe6, 0xc, 0x66, 0xc, 0x66,
    0x18, 0x66, 0x18, 0x76, 0xff, 0xf6, 0x6, 0x6,
    0x6, 0x7e, 0x6, 0x6, 0x0, 0x0, 0x1f, 0xfe,
    0x0, 0x6, 0x0, 0x6, 0x1f, 0xfe, 0x18, 0x0,
    0x18, 0x0, 0x18, 0x0, 0x1f, 0xff,

    /* U+AFE8 "꿨" */
    0x0, 0x3, 0x1f, 0x78, 0xc7, 0xde, 0x30, 0x31,
    0x8c, 0xc, 0x63, 0x3, 0x18, 0xcf, 0xff, 0xb1,
    0xff, 0xcc, 0x6, 0x3, 0x1, 0x8f, 0xc0, 0x60,
    0x30, 0x0, 0x0, 0x6, 0xc, 0x1, 0x83, 0x0,
    0xf1, 0xe0, 0x7c, 0xfc, 0x79, 0xf3, 0xcc, 0x38,
    0x60,

    /* U+AFE9 "꿩" */
    0x0, 0x6, 0xfb, 0xcc, 0x31, 0x98, 0x63, 0x31,
    0x86, 0x63, 0xe, 0xff, 0xfd, 0x83, 0x3, 0x6,
    0x7e, 0xc, 0xc, 0x0, 0x0, 0x3f, 0x80, 0xc0,
    0xc3, 0x0, 0xc6, 0x1, 0x8c, 0x3, 0xc, 0xc,
    0x7, 0xf0,

    /* U+AFF0 "꿰" */
    0x0, 0x1b, 0x7f, 0x9b, 0x7f, 0x9b, 0x19, 0x9b,
    0x19, 0x9b, 0x19, 0x9b, 0x19, 0x9b, 0x11, 0x9b,
    0xff, 0xdb, 0xfc, 0x1b, 0xc, 0x1b, 0xc, 0xfb,
    0xc, 0xfb, 0xc, 0x1b, 0xc, 0x1b, 0xc, 0x1b,
    0x0, 0x1b, 0x0, 0x3,

    /* U+AFF1 "꿱" */
    0x0, 0x1b, 0x7f, 0x9b, 0x7f, 0x9b, 0x19, 0x9b,
    0x19, 0x9b, 0x19, 0x9b, 0xff, 0xdb, 0x7f, 0x1b,
    0x4, 0xfb, 0x4, 0xfb, 0x4, 0x1b, 0x0, 0x0,
    0x1f, 0xff, 0x0, 0x3, 0x0, 0x3, 0x0, 0x3,
    0x0, 0x3, 0x0, 0x3,

    /* U+AFF4 "꿴" */
    0x0, 0x1b, 0x0, 0xd, 0x9f, 0xe6, 0xcf, 0xf3,
    0x61, 0x99, 0xb0, 0xcc, 0xd8, 0x66, 0x6c, 0x33,
    0x36, 0xff, 0xdb, 0x3f, 0xcd, 0x81, 0x6, 0xc0,
    0x9f, 0x60, 0x4f, 0xb0, 0x20, 0xd8, 0x60, 0x0,
    0x30, 0x0, 0x18, 0x0, 0xc, 0x0, 0x7, 0xff,
    0xe0,

    /* U+AFF8 "꿸" */
    0x0, 0x1b, 0x3f, 0xcd, 0x9f, 0xe6, 0xc3, 0x33,
    0x61, 0x99, 0xb0, 0xce, 0xdb, 0xff, 0x6c, 0x8,
    0x36, 0x4, 0xfb, 0x2, 0xd, 0x80, 0x0, 0x3,
    0xff, 0xe0, 0x0, 0x30, 0xff, 0xf8, 0x60, 0x0,
    0x30, 0x0, 0x18, 0x0, 0xf, 0xff, 0xc0,

    /* U+B000 "뀀" */
    0x0, 0x1b, 0x7f, 0x9b, 0x7f, 0x9b, 0x19, 0x9b,
    0x19, 0x9b, 0x19, 0x9b, 0xff, 0xdb, 0x7f, 0x1b,
    0x4, 0xfb, 0x4, 0xfb, 0x4, 0x1b, 0x0, 0x0,
    0x1f, 0xff, 0x18, 0x3, 0x18, 0x3, 0x18, 0x3,
    0x18, 0x3, 0x1f, 0xff,

    /* U+B001 "뀁" */
    0x0, 0x1b, 0x7f, 0x9b, 0x7f, 0x9b, 0x19, 0x9b,
    0x19, 0x9b, 0x19, 0x9b, 0xff, 0xdb, 0x7f, 0x9b,
    0x4, 0xfb, 0x4, 0xfb, 0x4, 0x1b, 0x0, 0x0,
    0x0, 0x0, 0x18, 0x3, 0x1f, 0xff, 0x18, 0x3,
    0x18, 0x3, 0x18, 0x3, 0x1f, 0xff,

    /* U+B004 "뀄" */
    0x0, 0x1b, 0x3f, 0xcd, 0x9f, 0xe6, 0xc3, 0x33,
    0x61, 0x99, 0xb0, 0xcc, 0xdb, 0xff, 0x6c, 0xfe,
    0x36, 0x4, 0xfb, 0x2, 0x7d, 0x81, 0x6, 0xc0,
    0x0, 0x0, 0x60, 0xc0, 0x30, 0x60, 0x3c, 0x78,
    0x36, 0x7e, 0x39, 0xf3, 0x90, 0x60, 0x80,

    /* U+B00C "뀌" */
    0x0, 0x3, 0x7f, 0xe3, 0xc, 0x63, 0xc, 0x63,
    0xc, 0x63, 0xc, 0x63, 0xc, 0x63, 0x1c, 0x63,
    0xff, 0xfb, 0xff, 0xe3, 0x6, 0x3, 0x6, 0x3,
    0x6, 0x3, 0x6, 0x3, 0x6, 0x3, 0x6, 0x3,
    0x6, 0x3, 0x0, 0x3,

    /* U+B010 "뀐" */
    0x0, 0x6, 0xf7, 0x8d, 0xef, 0x18, 0xc6, 0x31,
    0x8c, 0x63, 0x18, 0xc6, 0x31, 0x8c, 0x63, 0xff,
    0xf7, 0xff, 0x8c, 0x18, 0x18, 0x30, 0x30, 0x60,
    0x66, 0x0, 0xc, 0x0, 0x18, 0x0, 0x30, 0x0,
    0x7f, 0xfc,

    /* U+B014 "뀔" */
    0x0, 0x6, 0x7d, 0xe6, 0x7d, 0xe6, 0xc, 0x66,
    0xc, 0x66, 0x18, 0x66, 0xff, 0xf6, 0xff, 0x6,
    0x6, 0x6, 0x6, 0x0, 0x1f, 0xfe, 0x0, 0x6,
    0x0, 0x6, 0x1f, 0xfe, 0x18, 0x0, 0x18, 0x0,
    0x18, 0x0, 0x1f, 0xff,

    /* U+B01C "뀜" */
    0x0, 0x6, 0xfb, 0xcc, 0x31, 0x98, 0x63, 0x30,
    0xc6, 0x63, 0xc, 0xff, 0xfd, 0xff, 0xe3, 0x6,
    0x6, 0xc, 0xc, 0x18, 0x0, 0xff, 0xf1, 0x80,
    0x63, 0x0, 0xc6, 0x1, 0x8c, 0x3, 0x18, 0x6,
    0x3f, 0xfc,

    /* U+B01D "뀝" */
    0x0, 0x6, 0xf7, 0x8c, 0x63, 0x18, 0xc6, 0x31,
    0x8c, 0x63, 0x18, 0xc6, 0x35, 0xff, 0xfb, 0x6,
    0x6, 0xc, 0xc, 0x18, 0x0, 0x0, 0x3, 0x0,
    0x67, 0xff, 0xcc, 0x1, 0x98, 0x3, 0x30, 0x6,
    0x7f, 0xfc,

    /* U+B028 "뀨" */
    0x7e, 0xfe, 0x3, 0x3, 0x1, 0x81, 0x80, 0xc0,
    0xc0, 0x60, 0x60, 0x30, 0x70, 0x38, 0x31, 0xff,
    0xff, 0xc, 0x38, 0x6, 0x1c, 0x3, 0xe, 0x1,
    0x87, 0x0, 0xc3, 0x80, 0x61, 0xc0, 0x30, 0xe0,
    0x18, 0x70, 0xc, 0x38, 0x0,

    /* U+B044 "끄" */
    0x7e, 0xfe, 0x3, 0x3, 0x1, 0x81, 0x80, 0xc0,
    0xc0, 0x60, 0x60, 0x30, 0x30, 0x18, 0x18, 0x1c,
    0x1c, 0xc, 0xe, 0x6, 0x6, 0x0, 0x0, 0x0,
    0x0, 0xf, 0xff, 0xf8,

    /* U+B045 "끅" */
    0x3e, 0x7e, 0x3, 0x3, 0x1, 0x81, 0x80, 0xc1,
    0xc0, 0x60, 0xe0, 0x30, 0x63, 0xff, 0xfe, 0x0,
    0x0, 0x0, 0x0, 0x0, 0x0, 0xf, 0xff, 0x80,
    0x0, 0xc0, 0x0, 0x60, 0x0, 0x30, 0x0, 0x18,
    0x0, 0xc, 0x0, 0x6, 0x0,

    /* U+B048 "끈" */
    0x7e, 0x7e, 0x3, 0x7, 0x1, 0x83, 0x0, 0xc1,
    0x80, 0x60, 0xc0, 0x30, 0x60, 0x18, 0x31, 0xff,
    0xff, 0x0, 0x0, 0x0, 0x0, 0x0, 0x0, 0x0,
    0x0, 0x3, 0x0, 0x1, 0x80, 0x0, 0xc0, 0x0,
    0x60, 0x0, 0x3f, 0xfe, 0x0,

    /* U+B04A "끊" */
    0x7f, 0x7e, 0x3, 0x83, 0x1, 0xc1, 0x80, 0xe0,
    0xc0, 0x60, 0x60, 0x30, 0x70, 0x18, 0x39, 0xff,
    0xff, 0x0, 0x0, 0x0, 0xc, 0x0, 0x6, 0x6,
    0x3f, 0xe3, 0x0, 0x1, 0x81, 0xe0, 0xc1, 0x98,
    0x61, 0x8c, 0x33, 0x66, 0x1f, 0x1e, 0x0,

    /* U+B04C "끌" */
    0x7e, 0xfc, 0x3, 0x6, 0x1, 0x83, 0x0, 0xc1,
    0x80, 0x60, 0xc0, 0x30, 0x63, 0xff, 0xfe, 0x0,
    0x0, 0x0, 0x0, 0x0, 0x0, 0xf, 0xff, 0x0,
    0x1, 0x80, 0x0, 0xc1, 0xff, 0xe0, 0xc0, 0x0,
    0x60, 0x0, 0x30, 0x0, 0x1f, 0xff, 0x0,

    /* U+B04E "끎" */
    0x7f, 0x7e, 0x3, 0x83, 0x1, 0xc1, 0x80, 0xe0,
    0xc0, 0x60, 0x60, 0x30, 0x70, 0x18, 0x31, 0xff,
    0xff, 0x0, 0x0, 0x0, 0x0, 0xf, 0xdf, 0x80,
    0x6c, 0xc0, 0x36, 0x61, 0xfb, 0x30, 0xc1, 0x98,
    0x60, 0xcc, 0x30, 0x66, 0x1f, 0xbf, 0x0,

    /* U+B053 "끓" */
    0x3f, 0x7e, 0x1, 0x83, 0x0, 0xc1, 0x80, 0xe0,
    0xc0, 0x70, 0x60, 0x30, 0x70, 0x18, 0x39, 0xff,
    0xff, 0x0, 0x0, 0x0, 0xc, 0xf, 0xc6, 0x0,
    0x7f, 0xe0, 0x30, 0x1, 0xf9, 0xe0, 0xc1, 0x98,
    0x60, 0xc6, 0x30, 0x66, 0x1f, 0xde, 0x0,

    /* U+B054 "끔" */
    0x7e, 0x7e, 0x3, 0x3, 0x1, 0x81, 0x80, 0xc0,
    0xc0, 0x60, 0xe0, 0x30, 0x70, 0x18, 0x31, 0xff,
    0xff, 0x0, 0x0, 0x0, 0x0, 0x0, 0x0, 0x7,
    0xff, 0xc3, 0x0, 0x61, 0x80, 0x30, 0xc0, 0x18,
    0x60, 0xc, 0x30, 0x6, 0x1f, 0xff, 0x0,

    /* U+B055 "끕" */
    0x7e, 0x7e, 0x3, 0x3, 0x1, 0x81, 0x80, 0xc1,
    0xc0, 0x60, 0xe0, 0x30, 0x70, 0x18, 0x31, 0xff,
    0xff, 0x0, 0x0, 0x0, 0x0, 0x0, 0x0, 0x6,
    0x0, 0xc3, 0xff, 0xe1, 0x80, 0x30, 0xc0, 0x18,
    0x60, 0xc, 0x30, 0x6, 0x1f, 0xff, 0x0,

    /* U+B057 "끗" */
    0x7e, 0x7e, 0x3, 0x3, 0x1, 0x81, 0x80, 0xc0,
    0xc0, 0x60, 0xe0, 0x30, 0x70, 0x18, 0x31, 0xff,
    0xff, 0x0, 0x0, 0x0, 0x0, 0x0, 0x60, 0x0,
    0x30, 0x0, 0x3c, 0x0, 0x3f, 0x0, 0x79, 0xe0,
    0xf8, 0x3c, 0x20, 0x2, 0x0,

    /* U+B059 "끙" */
    0x7f, 0x7e, 0x3, 0x83, 0x1, 0xc1, 0x80, 0xc0,
    0xc0, 0x60, 0xe0, 0x30, 0x63, 0xff, 0xfe, 0x0,
    0x0, 0x0, 0x0, 0x0, 0x0, 0x1, 0xfc, 0x3,
    0x83, 0x83, 0x0, 0xe1, 0x80, 0x30, 0xc0, 0x38,
    0x38, 0x38, 0x7, 0xf0, 0x0,

    /* U+B05D "끝" */
    0x7e, 0x7e, 0x3, 0x7, 0x1, 0x83, 0x80, 0xc1,
    0xc0, 0x60, 0xc0, 0x30, 0x60, 0x18, 0x31, 0xff,
    0xff, 0x0, 0x0, 0x0, 0x0, 0xf, 0xff, 0x86,
    0x0, 0x3, 0x0, 0x1, 0xff, 0xe0, 0xc0, 0x0,
    0x60, 0x0, 0x30, 0x0, 0x1f, 0xff, 0x0,

    /* U+B07C "끼" */
    0x0, 0x6, 0x0, 0xd, 0xf7, 0x98, 0x63, 0x30,
    0xc6, 0x61, 0x8c, 0xc3, 0x19, 0x8c, 0x33, 0x18,
    0xc6, 0x31, 0x8c, 0xc3, 0x1b, 0x8c, 0x3e, 0x18,
    0x60, 0x60, 0xc0, 0xc1, 0x80, 0x3, 0x0, 0x6,
    0x0, 0xc,

    /* U+B07D "끽" */
    0x0, 0x6, 0xfb, 0xcc, 0x31, 0x98, 0xe3, 0x31,
    0x86, 0x63, 0x18, 0xcc, 0x31, 0xb8, 0xc3, 0x63,
    0x86, 0x2, 0xc, 0x0, 0x0, 0xff, 0xf0, 0x0,
    0x60, 0x0, 0xc0, 0x1, 0x80, 0x3, 0x0, 0x6,
    0x0, 0xc,

    /* U+B080 "낀" */
    0x0, 0x6, 0x0, 0x6, 0x7d, 0xe6, 0xc, 0x66,
    0xc, 0x66, 0xc, 0x66, 0x18, 0x46, 0x18, 0xc6,
    0x30, 0xc6, 0x71, 0x86, 0x63, 0x86, 0x1, 0x6,
    0x0, 0x6, 0x18, 0x0, 0x18, 0x0, 0x18, 0x0,
    0x18, 0x0, 0x1f, 0xff,

    /* U+B084 "낄" */
    0x0, 0x6, 0x7d, 0xe6, 0x7d, 0xe6, 0x1c, 0x66,
    0x18, 0x46, 0x38, 0xc6, 0x71, 0xc6, 0x63, 0x86,
    0x3, 0x6, 0x0, 0x0, 0x1f, 0xfe, 0x0, 0x6,
    0x0, 0x6, 0x1f, 0xfe, 0x18, 0x0, 0x18, 0x0,
    0x18, 0x0, 0x1f, 0xff,

    /* U+B08C "낌" */
    0x0, 0x6, 0xfb, 0xcd, 0xf7, 0x98, 0x63, 0x31,
    0xc6, 0x63, 0x18, 0xce, 0x31, 0xb8, 0xc3, 0x63,
    0x86, 0x2, 0xc, 0x0, 0x0, 0xff, 0xf1, 0x80,
    0x63, 0x0, 0xc6, 0x1, 0x8c, 0x3, 0x18, 0x6,
    0x3f, 0xfc,

    /* U+B08D "낍" */
    0x0, 0x6, 0xfb, 0xcd, 0xf7, 0x98, 0x63, 0x30,
    0xc6, 0x63, 0x18, 0xce, 0x31, 0xb8, 0xe3, 0x63,
    0x86, 0x7, 0xc, 0x4, 0x0, 0x0, 0x1, 0xc0,
    0x63, 0xff, 0xc7, 0x1, 0x8e, 0x3, 0x1c, 0x6,
    0x38, 0xc, 0x7f, 0xf8,

    /* U+B08F "낏" */
    0x0, 0x6, 0x7d, 0xe6, 0x7d, 0xe6, 0xc, 0x66,
    0xc, 0x66, 0x18, 0x46, 0x18, 0xc6, 0x30, 0xc6,
    0xe1, 0x86, 0x3, 0x6, 0x0, 0x6, 0x0, 0xc6,
    0x0, 0xe0, 0x0, 0xe0, 0x1, 0xb0, 0x7, 0x3c,
    0x1e, 0xf, 0x18, 0x3,

    /* U+B091 "낑" */
    0x0, 0x6, 0xfb, 0xcc, 0x31, 0x98, 0x63, 0x31,
    0xc6, 0x63, 0x18, 0xce, 0x31, 0xb8, 0xc3, 0x63,
    0x86, 0x2, 0xc, 0x0, 0x18, 0x3f, 0x80, 0xc0,
    0xc3, 0x0, 0xc6, 0x1, 0x8c, 0x3, 0xc, 0xc,
    0x7, 0xf0,

    /* U+B098 "나" */
    0x0, 0x18, 0x0, 0x18, 0xc0, 0x18, 0xc0, 0x18,
    0xc0, 0x18, 0xc0, 0x18, 0xc0, 0x18, 0xc0, 0x1f,
    0xc0, 0x18, 0xc0, 0x18, 0xc0, 0x18, 0xc1, 0xd8,
    0xff, 0xd8, 0x0, 0x18, 0x0, 0x18, 0x0, 0x18,
    0x0, 0x18, 0x0, 0x18,

    /* U+B099 "낙" */
    0xc0, 0x18, 0xc0, 0x18, 0xc0, 0x18, 0xc0, 0x18,
    0xc0, 0x1f, 0xc0, 0x1f, 0xc0, 0x98, 0xff, 0xd8,
    0xfe, 0x18, 0x0, 0x18, 0x0, 0x0, 0x7f, 0xf8,
    0x0, 0x18, 0x0, 0x18, 0x0, 0x18, 0x0, 0x18,
    0x0, 0x18, 0x0, 0x18,

    /* U+B09A "낚" */
    0x0, 0x18, 0xc0, 0x18, 0xc0, 0x18, 0xc0, 0x18,
    0xc0, 0x1f, 0xc0, 0x1f, 0xc0, 0x18, 0xff, 0xd8,
    0xff, 0x18, 0x0, 0x18, 0x0, 0x0, 0x0, 0x0,
    0x7e, 0xf8, 0x6, 0x18, 0x6, 0x18, 0x6, 0x18,
    0x6, 0x18, 0x6, 0x18, 0x6, 0x18,

    /* U+B09C "난" */
    0x0, 0x18, 0x0, 0x18, 0xc0, 0x18, 0xc0, 0x18,
    0xc0, 0x18, 0xc0, 0x18, 0xc0, 0x1f, 0xc0, 0x1f,
    0xc0, 0x18, 0xcf, 0xd8, 0xff, 0xd8, 0x0, 0x18,
    0x0, 0x18, 0x0, 0x0, 0x30, 0x0, 0x30, 0x0,
    0x30, 0x0, 0x30, 0x0, 0x3f, 0xfc,

    /* U+B09F "낟" */
    0x0, 0x18, 0xc0, 0x18, 0xc0, 0x18, 0xc0, 0x18,
    0xc0, 0x1f, 0xc0, 0x1f, 0xc0, 0x18, 0xff, 0x98,
    0xff, 0x98, 0x0, 0x18, 0x0, 0x0, 0x0, 0x0,
    0x3f, 0xf8, 0x30, 0x0, 0x30, 0x0, 0x30, 0x0,
    0x30, 0x0, 0x30, 0x0, 0x3f, 0xfc,

    /* U+B0A0 "날" */
    0x0, 0x18, 0xc0, 0x18, 0xc0, 0x18, 0xc0, 0x18,
    0xc0, 0x1f, 0xc0, 0x18, 0xc3, 0x98, 0xff, 0xd8,
    0x0, 0x18, 0x0, 0x0, 0x0, 0x0, 0x3f, 0xf8,
    0x0, 0x18, 0x0, 0x18, 0x3f, 0xf8, 0x30, 0x0,
    0x30, 0x0, 0x30, 0x0, 0x3f, 0xfc,

    /* U+B0A1 "낡" */
    0xc0, 0x18, 0xc0, 0x18, 0xc0, 0x18, 0xc0, 0x1f,
    0xc0, 0x1f, 0xc0, 0x18, 0xff, 0xd8, 0xff, 0x98,
    0x0, 0x18, 0x0, 0x0, 0x7e, 0xf8, 0x6, 0x18,
    0x6, 0x18, 0x7e, 0x18, 0x60, 0x18, 0x60, 0x18,
    0x7f, 0x18, 0x7f, 0x18,

    /* U+B0A2 "낢" */
    0xc0, 0x18, 0xc0, 0x18, 0xc0, 0x18, 0xc0, 0x1f,
    0xc0, 0x1f, 0xc0, 0x18, 0xff, 0x98, 0xff, 0x18,
    0x0, 0x18, 0x0, 0x0, 0x7d, 0xf8, 0xd, 0x98,
    0xd, 0x98, 0x7d, 0x98, 0x61, 0x98, 0x61, 0x98,
    0x61, 0x98, 0x7d, 0xf8,

    /* U+B0A8 "남" */
    0xc0, 0x18, 0xc0, 0x18, 0xc0, 0x18, 0xc0, 0x18,
    0xc0, 0x1f, 0xc0, 0x18, 0xc0, 0x98, 0xff, 0xd8,
    0xfe, 0x18, 0x0, 0x18, 0x0, 0x0, 0x3f, 0xf8,
    0x30, 0x18, 0x30, 0x18, 0x30, 0x18, 0x30, 0x18,
    0x30, 0x18, 0x3f, 0xf8,

    /* U+B0A9 "납" */
    0xc0, 0x18, 0xc0, 0x18, 0xc0, 0x18, 0xc0, 0x1f,
    0xc0, 0x1f, 0xc0, 0x18, 0xdf, 0x98, 0xff, 0xd8,
    0x0, 0x18, 0x0, 0x0, 0x0, 0x0, 0x30, 0x18,
    0x3f, 0xf8, 0x30, 0x18, 0x30, 0x18, 0x30, 0x18,
    0x30, 0x18, 0x3f, 0xf8,

    /* U+B0AB "낫" */
    0x0, 0x18, 0x0, 0x18, 0xc0, 0x18, 0xc0, 0x18,
    0xc0, 0x18, 0xc0, 0x1f, 0xc0, 0x1f, 0xc0, 0xd8,
    0xff, 0xd8, 0xfc, 0x18, 0x0, 0x18, 0x1, 0x98,
    0x1, 0x80, 0x3, 0x80, 0x3, 0xc0, 0xe, 0x60,
    0x7c, 0x3c, 0x70, 0x1c,

    /* U+B0AC "났" */
    0x0, 0x18, 0xc0, 0x18, 0xc0, 0x18, 0xc0, 0x18,
    0xc0, 0x1f, 0xc0, 0x1f, 0xc0, 0x18, 0xff, 0xd8,
    0xff, 0x98, 0x0, 0x18, 0x0, 0x0, 0x18, 0x30,
    0x18, 0x30, 0x18, 0x30, 0x3c, 0x78, 0x7e, 0xfc,
    0xe7, 0xce, 0x43, 0x86,

    /* U+B0AD "낭" */
    0x0, 0xc, 0xc0, 0xc, 0xc0, 0xc, 0xc0, 0xc,
    0xc0, 0xc, 0xc0, 0xf, 0xc0, 0xc, 0xc0, 0xcc,
    0xff, 0xcc, 0x0, 0xc, 0x0, 0xc, 0x0, 0xc,
    0xf, 0xe0, 0x38, 0x38, 0x30, 0xc, 0x70, 0xc,
    0x30, 0xc, 0x38, 0x38, 0xf, 0xe0,

    /* U+B0AE "낮" */
    0x0, 0x18, 0xc0, 0x18, 0xc0, 0x18, 0xc0, 0x18,
    0xc0, 0x1f, 0xc0, 0x1f, 0xc0, 0x18, 0xff, 0xd8,
    0xff, 0x18, 0x0, 0x18, 0x0, 0x0, 0x0, 0x0,
    0x3f, 0xf8, 0x3, 0x80, 0x3, 0x80, 0x6, 0xc0,
    0x3c, 0x70, 0x78, 0x3c,

    /* U+B0AF "낯" */
    0x0, 0x18, 0xc0, 0x18, 0xc0, 0x18, 0xc0, 0x18,
    0xc0, 0x1f, 0xc0, 0x1f, 0xc0, 0xd8, 0xff, 0xd8,
    0xe0, 0x18, 0x0, 0x18, 0x1, 0x80, 0x1, 0x80,
    0x7f, 0xf8, 0x1, 0x80, 0x3, 0xc0, 0x7, 0xe0,
    0x7c, 0x7c, 0x70, 0x1c,

    /* U+B0B1 "낱" */
    0xc0, 0x18, 0xc0, 0x18, 0xc0, 0x18, 0xc0, 0x1f,
    0xc0, 0x1f, 0xc0, 0x18, 0xff, 0x98, 0xff, 0x98,
    0x0, 0x18, 0x0, 0x0, 0x3f, 0xf8, 0x30, 0x0,
    0x30, 0x0, 0x3f, 0xf8, 0x30, 0x0, 0x30, 0x0,
    0x30, 0x0, 0x3f, 0xfc,

    /* U+B0B3 "낳" */
    0xc0, 0xc, 0xc0, 0xc, 0xc0, 0xc, 0xc0, 0xf,
    0xc0, 0xf, 0xc3, 0xcc, 0xff, 0xcc, 0x0, 0xc,
    0x1, 0x8c, 0x1, 0x80, 0x7f, 0xfc, 0x0, 0x0,
    0x7, 0xe0, 0x1c, 0x30, 0x18, 0x18, 0x18, 0x18,
    0x1c, 0x30, 0xf, 0xe0,

    /* U+B0B4 "내" */
    0x0, 0x67, 0x80, 0xcf, 0x1, 0x9e, 0x3, 0x3c,
    0x6, 0x78, 0xc, 0xf0, 0x19, 0xe0, 0x3f, 0xc0,
    0x67, 0x80, 0xcf, 0x1, 0x9f, 0xfb, 0x3f, 0xf6,
    0x60, 0xc, 0xc0, 0x19, 0x80, 0x33, 0x0, 0x66,
    0x0, 0xc,

    /* U+B0B5 "낵" */
    0x0, 0x67, 0x80, 0xcf, 0x1, 0x9e, 0x3, 0x3c,
    0x7, 0xf8, 0xf, 0xf0, 0xd9, 0xff, 0xb3, 0xf8,
    0x66, 0x0, 0xcc, 0x0, 0x0, 0xff, 0xf0, 0x0,
    0x60, 0x0, 0xc0, 0x1, 0x80, 0x3, 0x0, 0x6,
    0x0, 0xc,

    /* U+B0B8 "낸" */
    0x0, 0x67, 0x80, 0xcf, 0x1, 0x9e, 0x3, 0x3c,
    0x6, 0x78, 0xf, 0xf0, 0x1f, 0xe0, 0x33, 0xc7,
    0x67, 0xfe, 0xcf, 0xe1, 0x98, 0x3, 0x30, 0x6,
    0x67, 0x0, 0xe, 0x0, 0x1c, 0x0, 0x38, 0x0,
    0x7f, 0xfc,

    /* U+B0BC "낼" */
    0xc0, 0x67, 0x80, 0xcf, 0x1, 0x9e, 0x3, 0xfc,
    0x7, 0xf8, 0xc, 0xff, 0xd9, 0xff, 0xb3, 0x0,
    0x66, 0x0, 0x0, 0xff, 0xf8, 0x0, 0x30, 0x0,
    0x67, 0xff, 0xce, 0x0, 0x1c, 0x0, 0x38, 0x0,
    0x7f, 0xfc,

    /* U+B0C4 "냄" */
    0x0, 0x67, 0x80, 0xcf, 0x1, 0x9e, 0x3, 0x3c,
    0x7, 0xf8, 0xf, 0xf0, 0x19, 0xff, 0xb3, 0xfc,
    0x66, 0x0, 0xcc, 0x0, 0x1, 0xff, 0xf3, 0x80,
    0x67, 0x0, 0xce, 0x1, 0x9c, 0x3, 0x38, 0x6,
    0x7f, 0xfc,

    /* U+B0C5 "냅" */
    0x0, 0x66, 0x0, 0xcf, 0x1, 0x9e, 0x3, 0x3c,
    0x6, 0x78, 0xf, 0xf0, 0x19, 0xff, 0xb3, 0xff,
    0x66, 0x0, 0xcc, 0x0, 0x0, 0x0, 0x3, 0x80,
    0x67, 0xff, 0xce, 0x1, 0x9c, 0x3, 0x38, 0x6,
    0x70, 0xc, 0xff, 0xf8,

    /* U+B0C7 "냇" */
    0x0, 0xc6, 0x0, 0xc6, 0xc0, 0xc6, 0xc0, 0xc6,
    0xc0, 0xc6, 0xc0, 0xfe, 0xc0, 0xfe, 0xc0, 0xc6,
    0xfe, 0xc6, 0xfc, 0xc6, 0x0, 0x6, 0x1, 0x86,
    0x1, 0x80, 0x1, 0xc0, 0x3, 0xc0, 0x6, 0x70,
    0x3c, 0x3e, 0x38, 0xf,

    /* U+B0C8 "냈" */
    0x0, 0x66, 0xc0, 0x66, 0xc0, 0x66, 0xc0, 0x66,
    0xc0, 0x7e, 0xc0, 0x7e, 0xc0, 0x66, 0xff, 0x66,
    0xfe, 0x66, 0x0, 0x66, 0x0, 0x0, 0xc, 0x18,
    0xc, 0x18, 0xc, 0x38, 0x1e, 0x3c, 0x33, 0x6e,
    0xe3, 0xe7, 0x40, 0x81,

    /* U+B0C9 "냉" */
    0x0, 0x67, 0x80, 0xcf, 0x1, 0x9e, 0x3, 0x3c,
    0x7, 0xf8, 0xf, 0xf0, 0x19, 0xff, 0xb3, 0xff,
    0x66, 0x0, 0xcc, 0x0, 0x18, 0x3f, 0x81, 0xc1,
    0xc3, 0x0, 0xce, 0x1, 0x9c, 0x3, 0x1c, 0x1c,
    0xf, 0xe0,

    /* U+B0D0 "냐" */
    0x0, 0x18, 0x0, 0x18, 0xc0, 0x18, 0xc0, 0x18,
    0xc0, 0x1f, 0xc0, 0x1f, 0xc0, 0x18, 0xc0, 0x18,
    0xc0, 0x18, 0xc0, 0x18, 0xc0, 0x1f, 0xc1, 0xd8,
    0xff, 0xd8, 0x0, 0x18, 0x0, 0x18, 0x0, 0x18,
    0x0, 0x18, 0x0, 0x18,

    /* U+B0D1 "냑" */
    0xc0, 0x18, 0xc0, 0x18, 0xc0, 0x1f, 0xc0, 0x1f,
    0xc0, 0x18, 0xc0, 0x18, 0xc0, 0x9f, 0xff, 0xdf,
    0xfe, 0x18, 0x0, 0x18, 0x0, 0x0, 0x7f, 0xf8,
    0x0, 0x18, 0x0, 0x18, 0x0, 0x18, 0x0, 0x18,
    0x0, 0x18, 0x0, 0x18,

    /* U+B0D4 "냔" */
    0x0, 0x18, 0x0, 0x18, 0xc0, 0x18, 0xc0, 0x18,
    0xc0, 0x1f, 0xc0, 0x1f, 0xc0, 0x18, 0xc0, 0x18,
    0xc0, 0x18, 0xcf, 0xdf, 0xff, 0xdf, 0x0, 0x18,
    0x0, 0x18, 0x0, 0x0, 0x30, 0x0, 0x30, 0x0,
    0x30, 0x0, 0x30, 0x0, 0x3f, 0xfc,

    /* U+B0D8 "냘" */
    0x0, 0x18, 0xc0, 0x18, 0xc0, 0x1f, 0xc0, 0x1f,
    0xc0, 0x18, 0xc0, 0x18, 0xc3, 0x9f, 0xff, 0xd8,
    0x0, 0x18, 0x0, 0x0, 0x0, 0x0, 0x3f, 0xf8,
    0x0, 0x18, 0x0, 0x18, 0x3f, 0xf8, 0x30, 0x0,
    0x30, 0x0, 0x30, 0x0, 0x3f, 0xfc,

    /* U+B0E0 "냠" */
    0xc0, 0x18, 0xc0, 0x18, 0xc0, 0x1f, 0xc0, 0x1f,
    0xc0, 0x18, 0xc0, 0x18, 0xc0, 0x9f, 0xff, 0xdf,
    0xfe, 0x18, 0x0, 0x18, 0x0, 0x0, 0x3f, 0xf8,
    0x30, 0x18, 0x30, 0x18, 0x30, 0x18, 0x30, 0x18,
    0x30, 0x18, 0x3f, 0xf8,

    /* U+B0E5 "냥" */
    0x0, 0xc, 0xc0, 0xc, 0xc0, 0xc, 0xc0, 0xf,
    0xc0, 0xc, 0xc0, 0xc, 0xc0, 0xc, 0xc0, 0xcf,
    0xff, 0xcc, 0x0, 0xc, 0x0, 0xc, 0x0, 0xc,
    0xf, 0xe0, 0x38, 0x38, 0x30, 0xc, 0x70, 0xc,
    0x30, 0xc, 0x38, 0x38, 0xf, 0xe0,

    /* U+B108 "너" */
    0x0, 0xc, 0x0, 0x3c, 0x0, 0xf0, 0x3, 0xc0,
    0xf, 0x0, 0x3c, 0x1f, 0xf0, 0x3, 0xc0, 0xf,
    0x0, 0x3c, 0x0, 0xf0, 0x33, 0xff, 0xcc, 0x0,
    0x30, 0x0, 0xc0, 0x3, 0x0, 0xc, 0x0, 0x30,

    /* U+B109 "넉" */
    0x0, 0xf, 0x0, 0x3c, 0x0, 0xf0, 0x3, 0xc1,
    0xff, 0x0, 0x3c, 0x0, 0xf0, 0x13, 0xff, 0xcf,
    0xfe, 0x30, 0x0, 0xc0, 0x0, 0x3f, 0xfc, 0x0,
    0x30, 0x0, 0xc0, 0x3, 0x0, 0xc, 0x0, 0x30,
    0x0, 0xc0,

    /* U+B10B "넋" */
    0x0, 0x1d, 0x80, 0x3b, 0x0, 0x76, 0xf, 0xec,
    0x1f, 0xd8, 0x3, 0xb0, 0x7, 0x6f, 0xce, 0xff,
    0x9c, 0x0, 0x38, 0x0, 0x0, 0x1, 0x87, 0xe3,
    0x0, 0xc6, 0x1, 0x8c, 0x3, 0x3c, 0x6, 0xfc,
    0xf, 0x9c, 0x1a, 0x10,

    /* U+B10C "넌" */
    0x0, 0xc, 0x0, 0x1b, 0x0, 0x36, 0x0, 0x6c,
    0x1f, 0xd8, 0x3f, 0xb0, 0x3, 0x60, 0x6, 0xc0,
    0xd, 0x81, 0x9b, 0xff, 0x37, 0xf8, 0x60, 0x0,
    0xc0, 0x0, 0xc, 0x0, 0x18, 0x0, 0x30, 0x0,
    0x60, 0x0, 0xff, 0xf8,

    /* U+B110 "널" */
    0xc0, 0xd, 0x80, 0x1b, 0x7, 0xf6, 0xf, 0xec,
    0x0, 0xd8, 0x1, 0xbf, 0xf3, 0x7f, 0xe6, 0x0,
    0xc, 0x0, 0x0, 0xff, 0xf0, 0x0, 0x60, 0x0,
    0xc7, 0xff, 0x8c, 0x0, 0x18, 0x0, 0x30, 0x0,
    0x7f, 0xfc,

    /* U+B112 "넒" */
    0x0, 0xf, 0x0, 0x3c, 0x0, 0xf0, 0x3, 0xc1,
    0xff, 0x0, 0x3c, 0x0, 0xff, 0xf3, 0xff, 0x8c,
    0x0, 0x30, 0x0, 0x1f, 0xbf, 0x6, 0xcc, 0x1b,
    0x37, 0xec, 0xd8, 0x33, 0x60, 0xcd, 0x83, 0x37,
    0xff, 0xc0,

    /* U+B113 "넓" */
    0xc0, 0xf, 0x0, 0x3c, 0x1f, 0xf0, 0x7f, 0xc0,
    0xf, 0x0, 0x3f, 0xfc, 0xff, 0xf3, 0x0, 0xc,
    0x0, 0x7, 0xec, 0xdf, 0xb3, 0x6, 0xfd, 0xfb,
    0x36, 0xc, 0xd8, 0x33, 0x60, 0xcd, 0xfb, 0xf0,

    /* U+B118 "넘" */
    0xc0, 0xf, 0x0, 0x3c, 0x0, 0xf0, 0x7f, 0xc0,
    0xf, 0x0, 0x3c, 0x0, 0xff, 0xf3, 0xff, 0x8c,
    0x0, 0x30, 0x0, 0xf, 0xff, 0x30, 0xc, 0xc0,
    0x33, 0x0, 0xcc, 0x3, 0x30, 0xc, 0xff, 0xf0,

    /* U+B119 "넙" */
    0x0, 0xf, 0x0, 0x3c, 0x0, 0xf0, 0x7f, 0xc1,
    0xff, 0x0, 0x3c, 0x0, 0xff, 0xf3, 0xff, 0xcc,
    0x0, 0x30, 0x0, 0x0, 0x0, 0x30, 0xc, 0xff,
    0xf3, 0x0, 0xcc, 0x3, 0x30, 0xc, 0xc0, 0x33,
    0xff, 0xc0,

    /* U+B11B "넛" */
    0xc0, 0xd, 0x80, 0x1b, 0x0, 0x36, 0xf, 0xec,
    0x1f, 0xd8, 0x1, 0xb0, 0x3, 0x61, 0xc6, 0xff,
    0xcc, 0x0, 0x18, 0x0, 0x30, 0xc, 0x60, 0x18,
    0x0, 0x78, 0x1, 0xf8, 0x7, 0x38, 0x7c, 0x3e,
    0x40, 0x8,

    /* U+B11C "넜" */
    0xc0, 0xc, 0xc0, 0xc, 0xc0, 0xc, 0xc1, 0xfc,
    0xc0, 0xc, 0xc0, 0xc, 0xc0, 0xc, 0xff, 0x8c,
    0xff, 0xc, 0x0, 0xc, 0x18, 0x30, 0x18, 0x30,
    0x18, 0x30, 0x1c, 0x30, 0x3c, 0x78, 0x66, 0xcc,
    0xe3, 0xc6, 0x1, 0x2,

    /* U+B11D "넝" */
    0x0, 0xf, 0x0, 0x3c, 0x0, 0xf0, 0x3, 0xc1,
    0xff, 0x0, 0x3c, 0x0, 0xf0, 0x23, 0xff, 0xcf,
    0xfe, 0x30, 0x0, 0xc0, 0x3, 0xf, 0xe0, 0x60,
    0x63, 0x0, 0xcc, 0x3, 0x30, 0xc, 0x60, 0x60,
    0xfe, 0x0,

    /* U+B123 "넣" */
    0xc0, 0xf, 0x0, 0x3c, 0x1f, 0xf0, 0x7f, 0xc0,
    0xf, 0x3, 0x3f, 0xfc, 0xfc, 0x3, 0x1, 0x8c,
    0x6, 0x7, 0xff, 0xc0, 0x0, 0x7, 0xe0, 0x70,
    0xc1, 0x81, 0x86, 0x6, 0x1c, 0x30, 0x1f, 0x80,

    /* U+B124 "네" */
    0x0, 0x67, 0x80, 0xcf, 0x1, 0x9e, 0x3, 0x3c,
    0x6, 0x78, 0xfc, 0xf1, 0xf9, 0xe0, 0x33, 0xc0,
    0x67, 0x80, 0xcf, 0x1, 0x9f, 0xfb, 0x3f, 0xf6,
    0x60, 0xc, 0xc0, 0x19, 0x80, 0x33, 0x0, 0x66,
    0x0, 0xc,

    /* U+B125 "넥" */
    0x0, 0x67, 0x80, 0xcf, 0x1, 0x9e, 0x3f, 0x3c,
    0x7e, 0x78, 0xc, 0xf0, 0x19, 0xff, 0xb3, 0xff,
    0x66, 0x0, 0xcc, 0x0, 0x0, 0xff, 0xf0, 0x0,
    0x60, 0x0, 0xc0, 0x1, 0x80, 0x3, 0x0, 0x6,
    0x0, 0xc,

    /* U+B128 "넨" */
    0x0, 0x67, 0x80, 0xcf, 0x1, 0x9e, 0x3, 0x3c,
    0x7e, 0x78, 0xfc, 0xf0, 0x19, 0xe0, 0x33, 0xc1,
    0x67, 0xfe, 0xcf, 0xf9, 0x98, 0x3, 0x30, 0x6,
    0x63, 0x0, 0x6, 0x0, 0xc, 0x0, 0x18, 0x0,
    0x3f, 0xfc,

    /* U+B12C "넬" */
    0xc0, 0x67, 0x80, 0xcf, 0x1f, 0x9e, 0x3f, 0x3c,
    0x6, 0x78, 0xc, 0xff, 0xd9, 0xff, 0xb3, 0x0,
    0x66, 0x0, 0x0, 0xff, 0xf8, 0x0, 0x30, 0x0,
    0x67, 0xff, 0xce, 0x0, 0x1c, 0x0, 0x38, 0x0,
    0x7f, 0xfc,

    /* U+B134 "넴" */
    0x0, 0x67, 0x80, 0xcf, 0x1, 0x9e, 0x3f, 0x3c,
    0x7e, 0x78, 0xc, 0xf0, 0x19, 0xff, 0xb3, 0xfc,
    0x66, 0x0, 0xcc, 0x0, 0x0, 0xff, 0xf1, 0x80,
    0x63, 0x0, 0xc6, 0x1, 0x8c, 0x3, 0x18, 0x6,
    0x3f, 0xfc,

    /* U+B135 "넵" */
    0x0, 0x66, 0x0, 0xcf, 0x1, 0x9e, 0x3, 0x3c,
    0x7e, 0x78, 0xc, 0xf0, 0x19, 0xe3, 0xb3, 0xff,
    0x66, 0x0, 0xcc, 0x0, 0x0, 0x0, 0x1, 0x80,
    0x63, 0xff, 0xc6, 0x1, 0x8c, 0x3, 0x18, 0x6,
    0x30, 0xc, 0x7f, 0xf8,

    /* U+B137 "넷" */
    0x0, 0x66, 0xc0, 0x66, 0xc0, 0x66, 0xc7, 0xe6,
    0xc7, 0xe6, 0xc0, 0x66, 0xc0, 0x66, 0xc0, 0x66,
    0xfe, 0x66, 0xfc, 0x66, 0x0, 0x6, 0x1, 0x86,
    0x1, 0x80, 0x3, 0xc0, 0x7, 0xe0, 0xe, 0x78,
    0x7c, 0x1f, 0x20, 0x6,

    /* U+B138 "넸" */
    0x0, 0x66, 0xc0, 0x66, 0xc0, 0x66, 0xc7, 0xe6,
    0xc7, 0xe6, 0xc0, 0x66, 0xc0, 0x66, 0xff, 0x66,
    0xfe, 0x66, 0x0, 0x66, 0x0, 0x0, 0xc, 0x38,
    0xc, 0x38, 0x1c, 0x38, 0x3e, 0x6c, 0x77, 0xee,
    0x63, 0xc7, 0x0, 0x0,

    /* U+B139 "넹" */
    0x0, 0x67, 0x80, 0xcf, 0x1, 0x9e, 0x3f, 0x3c,
    0x7e, 0x78, 0xc, 0xf0, 0x19, 0xe3, 0xb3, 0xff,
    0x66, 0x0, 0xcc, 0x0, 0x18, 0x3f, 0x81, 0xc1,
    0xc7, 0x0, 0xcc, 0x1, 0x9c, 0x3, 0x1c, 0x1c,
    0xf, 0xe0,

    /* U+B140 "녀" */
    0x0, 0xc, 0x0, 0x3c, 0x0, 0xf0, 0x3, 0xc1,
    0xff, 0x0, 0x3c, 0x0, 0xf0, 0x3, 0xc1, 0xff,
    0x0, 0x3c, 0x0, 0xf0, 0x3, 0xff, 0x8f, 0xfe,
    0x30, 0x0, 0xc0, 0x3, 0x0, 0xc, 0x0, 0x30,

    /* U+B141 "녁" */
    0x0, 0xf, 0x0, 0x3c, 0x1f, 0xf0, 0x7f, 0xc0,
    0xf, 0x0, 0x3c, 0x1f, 0xf0, 0x3, 0xc3, 0x8f,
    0xfe, 0x30, 0x0, 0xc0, 0x0, 0x0, 0x0, 0xff,
    0xf0, 0x0, 0xc0, 0x3, 0x0, 0xc, 0x0, 0x30,
    0x0, 0xc0,

    /* U+B144 "년" */
    0x0, 0xd, 0x80, 0x1b, 0x7, 0xf6, 0xf, 0xec,
    0x0, 0xd8, 0x1, 0xb0, 0x7f, 0x60, 0xfe, 0xc0,
    0xd, 0xbf, 0x1b, 0xfe, 0x37, 0x80, 0x60, 0x0,
    0xc6, 0x0, 0xc, 0x0, 0x18, 0x0, 0x30, 0x0,
    0x7f, 0xfc,

    /* U+B148 "녈" */
    0xc0, 0xd, 0x83, 0xfb, 0x7, 0xf6, 0x0, 0x6c,
    0x1f, 0xd8, 0x3f, 0xb0, 0x23, 0x7f, 0xc6, 0xfc,
    0xc, 0x0, 0x0, 0xff, 0xf0, 0x0, 0x60, 0x0,
    0xc7, 0xff, 0x8c, 0x0, 0x18, 0x0, 0x30, 0x0,
    0x7f, 0xfc,

    /* U+B150 "념" */
    0x0, 0xf, 0x0, 0x3c, 0x1f, 0xf0, 0x3, 0xc0,
    0xf, 0x7, 0xfc, 0x0, 0xf0, 0x23, 0xff, 0x8c,
    0x0, 0x30, 0x0, 0xf, 0xff, 0x30, 0xc, 0xc0,
    0x33, 0x0, 0xcc, 0x3, 0x30, 0xc, 0xff, 0xf0,

    /* U+B151 "녑" */
    0x0, 0xf, 0x0, 0x3c, 0x1f, 0xf0, 0x7f, 0xc0,
    0xf, 0x7, 0xfc, 0x1f, 0xf0, 0x3, 0xff, 0x8f,
    0xf0, 0x30, 0x0, 0x0, 0x0, 0x30, 0xc, 0xff,
    0xf3, 0x0, 0xcc, 0x3, 0x30, 0xc, 0xc0, 0x33,
    0xff, 0xc0,

    /* U+B154 "녔" */
    0xc0, 0xc, 0xc1, 0xfc, 0xc1, 0xfc, 0xc0, 0xc,
    0xc1, 0xfc, 0xc1, 0xfc, 0xc0, 0xc, 0xc3, 0x8c,
    0xff, 0x8c, 0x0, 0xc, 0x0, 0x0, 0x18, 0x30,
    0x18, 0x30, 0x3c, 0x78, 0x3c, 0x78, 0x67, 0xce,
    0xc3, 0x86, 0x0, 0x0,

    /* U+B155 "녕" */
    0x0, 0xf, 0x0, 0x3c, 0x1f, 0xf0, 0x3, 0xc0,
    0xf, 0x7, 0xfc, 0x0, 0xf0, 0x23, 0xff, 0x8f,
    0xfe, 0x30, 0x0, 0xc3, 0xf8, 0x18, 0x18, 0xc0,
    0x33, 0x0, 0xcc, 0x3, 0x18, 0x18, 0x3f, 0x80,

    /* U+B158 "녘" */
    0xc0, 0xf, 0x7, 0xfc, 0x1f, 0xf0, 0x3, 0xc1,
    0xff, 0x7, 0xfc, 0x0, 0xf0, 0xe3, 0xff, 0x8c,
    0x0, 0x30, 0x0, 0xf, 0xff, 0x0, 0xc, 0x0,
    0x37, 0xff, 0xc0, 0x3, 0x0, 0xc, 0x0, 0x30,

    /* U+B15C "녜" */
    0x0, 0x67, 0x80, 0xcf, 0x1, 0x9e, 0x3f, 0x3c,
    0x7e, 0x78, 0xc, 0xf0, 0x19, 0xe3, 0xf3, 0xc7,
    0xe7, 0x80, 0xcf, 0x1, 0x9e, 0x7b, 0x3f, 0xf6,
    0x60, 0xc, 0xc0, 0x19, 0x80, 0x33, 0x0, 0x66,
    0x0, 0xc,

    /* U+B160 "녠" */
    0x0, 0x67, 0x80, 0xcf, 0xf, 0x9e, 0x1f, 0x3c,
    0x6, 0x78, 0xc, 0xf0, 0xf9, 0xe1, 0xf3, 0xc0,
    0x67, 0x8c, 0xcf, 0xfd, 0x9f, 0xc3, 0x30, 0x6,
    0x63, 0x0, 0x6, 0x0, 0xc, 0x0, 0x18, 0x0,
    0x3f, 0xfc,

    /* U+B178 "노" */
    0x30, 0x0, 0x18, 0x0, 0xc, 0x0, 0x6, 0x0,
    0x3, 0x0, 0x1, 0x80, 0x0, 0xc0, 0x0, 0x7f,
    0xfc, 0x1, 0x80, 0x0, 0xc0, 0x0, 0x60, 0x0,
    0x30, 0x0, 0x18, 0x7, 0xff, 0xfc,

    /* U+B179 "녹" */
    0x30, 0x0, 0x18, 0x0, 0xc, 0x0, 0x6, 0x0,
    0x3, 0x0, 0x1, 0xff, 0xf0, 0x7, 0x0, 0x3,
    0x80, 0xff, 0xff, 0x80, 0x0, 0x0, 0x0, 0x0,
    0x0, 0x3, 0xff, 0xe0, 0x0, 0x30, 0x0, 0x18,
    0x0, 0xc, 0x0, 0x6, 0x0, 0x3, 0x0,

    /* U+B17C "논" */
    0x30, 0x0, 0x18, 0x0, 0xc, 0x0, 0x6, 0x0,
    0x3, 0x0, 0x1, 0xff, 0xf0, 0x6, 0x0, 0x3,
    0x0, 0x1, 0x80, 0x7f, 0xff, 0xc0, 0x0, 0x0,
    0x0, 0x0, 0x0, 0x1, 0x80, 0x0, 0xc0, 0x0,
    0x60, 0x0, 0x30, 0x0, 0x1f, 0xff, 0x0,

    /* U+B180 "놀" */
    0x30, 0x0, 0x18, 0x0, 0xc, 0x0, 0x6, 0x0,
    0x3, 0xff, 0xe0, 0xc, 0x0, 0x6, 0x1, 0xff,
    0xff, 0x0, 0x0, 0x0, 0x0, 0xf, 0xff, 0x80,
    0x1, 0xc0, 0x0, 0xe1, 0xff, 0xf0, 0xc0, 0x0,
    0x60, 0x0, 0x30, 0x0, 0x1f, 0xff, 0x0,

    /* U+B182 "놂" */
    0x30, 0x0, 0x18, 0x0, 0xc, 0x0, 0x6, 0x0,
    0x3, 0xff, 0xe0, 0xe, 0x0, 0x7, 0x1, 0xff,
    0xff, 0x0, 0x0, 0x0, 0x0, 0xf, 0xdf, 0x80,
    0x6c, 0xc0, 0x36, 0x61, 0xfb, 0x30, 0xc1, 0x98,
    0x60, 0xcc, 0x30, 0x66, 0x1f, 0xbf, 0x0,

    /* U+B188 "놈" */
    0x30, 0x0, 0x18, 0x0, 0xc, 0x0, 0x6, 0x0,
    0x3, 0xff, 0xe0, 0xe, 0x0, 0x7, 0x0, 0x3,
    0x80, 0xff, 0xff, 0x80, 0x0, 0x0, 0x0, 0x7,
    0xff, 0xc3, 0x0, 0x61, 0x80, 0x30, 0xc0, 0x18,
    0x60, 0xc, 0x30, 0x6, 0x1f, 0xff, 0x0,

    /* U+B189 "놉" */
    0x30, 0x0, 0x18, 0x0, 0xc, 0x0, 0x6, 0x0,
    0x3, 0xff, 0xe0, 0xe, 0x0, 0x7, 0x0, 0x3,
    0x80, 0xff, 0xff, 0x80, 0x0, 0x0, 0x0, 0x0,
    0x0, 0x3, 0x0, 0x61, 0xff, 0xf0, 0xc0, 0x18,
    0x60, 0xc, 0x30, 0x6, 0x1f, 0xff, 0x0,

    /* U+B18B "놋" */
    0x30, 0x0, 0x18, 0x0, 0xc, 0x0, 0x6, 0x0,
    0x3, 0x0, 0x1, 0xff, 0xe0, 0x6, 0x0, 0x3,
    0x0, 0xff, 0xff, 0x80, 0x0, 0x0, 0x60, 0x0,
    0x30, 0x0, 0x1c, 0x0, 0x1f, 0x0, 0x39, 0xe0,
    0xf8, 0x3c, 0x30, 0x6, 0x0,

    /* U+B18D "농" */
    0x30, 0x0, 0x18, 0x0, 0xc, 0x0, 0x6, 0x0,
    0x3, 0x0, 0x1, 0xff, 0xf0, 0x7, 0x0, 0x3,
    0x80, 0xff, 0xff, 0x80, 0x0, 0x0, 0x0, 0x0,
    0xfe, 0x1, 0xc1, 0xc1, 0x80, 0x70, 0xc0, 0x18,
    0x60, 0x1c, 0x1c, 0x1c, 0x3, 0xf8, 0x0,

    /* U+B192 "높" */
    0x30, 0x0, 0x18, 0x0, 0xc, 0x0, 0x6, 0x0,
    0x3, 0xff, 0xe0, 0xe, 0x0, 0x7, 0x0, 0x3,
    0x80, 0xff, 0xff, 0x80, 0x0, 0x0, 0x0, 0x7,
    0xff, 0xc0, 0x63, 0x0, 0x31, 0x80, 0x18, 0xc0,
    0xc, 0x60, 0x6, 0x30, 0x1f, 0xff, 0x0,

    /* U+B193 "놓" */
    0x30, 0x0, 0x18, 0x0, 0xc, 0x0, 0x6, 0x0,
    0x3, 0xff, 0xe0, 0xc, 0x0, 0x6, 0x1, 0xff,
    0xff, 0x0, 0x0, 0x0, 0x0, 0x0, 0x60, 0xf,
    0xff, 0xc0, 0x0, 0x0, 0x3f, 0x80, 0x70, 0x60,
    0x30, 0x18, 0x1c, 0x18, 0x3, 0xf8, 0x0,

    /* U+B194 "놔" */
    0x0, 0xc, 0x0, 0x6, 0x18, 0x3, 0xc, 0x1,
    0x86, 0x0, 0xc3, 0x0, 0x61, 0x80, 0x30, 0xff,
    0x9f, 0x7f, 0xcf, 0x83, 0x6, 0x1, 0x83, 0x0,
    0xc1, 0x80, 0x60, 0xc7, 0xff, 0x60, 0x0, 0x30,
    0x0, 0x18, 0x0, 0xc, 0x0, 0x6, 0x0,

    /* U+B198 "놘" */
    0x0, 0xc, 0x60, 0xc, 0x60, 0xc, 0x60, 0xc,
    0x60, 0xc, 0x60, 0xc, 0x7f, 0xcc, 0x7f, 0xcf,
    0xc, 0xf, 0xc, 0xc, 0xc, 0x2c, 0xff, 0xec,
    0xff, 0x8c, 0x0, 0xc, 0x30, 0x0, 0x30, 0x0,
    0x30, 0x0, 0x30, 0x0, 0x3f, 0xfe,

    /* U+B19C "놜" */
    0x0, 0xc, 0x60, 0xc, 0x60, 0xc, 0x60, 0xc,
    0x7f, 0xcf, 0xc, 0xc, 0xc, 0xc, 0xff, 0xec,
    0x0, 0xc, 0x0, 0x0, 0x3f, 0xfc, 0x0, 0xc,
    0x0, 0xc, 0x3f, 0xfc, 0x30, 0x0, 0x30, 0x0,
    0x30, 0x0, 0x3f, 0xfe,

    /* U+B1A8 "놨" */
    0x0, 0x6, 0x30, 0x3, 0x18, 0x1, 0x8c, 0x0,
    0xc6, 0x0, 0x63, 0xfe, 0x3d, 0xff, 0x1e, 0x18,
    0xc, 0xc, 0x36, 0x7f, 0xfb, 0x0, 0x1, 0x80,
    0x0, 0x0, 0x81, 0x80, 0xe0, 0xc0, 0x70, 0xf0,
    0x6c, 0xf8, 0xf7, 0xe7, 0x21, 0xe1, 0x80,

    /* U+B1CC "뇌" */
    0x0, 0x6, 0x0, 0xd, 0x80, 0x1b, 0x0, 0x36,
    0x0, 0x6c, 0x0, 0xd8, 0x1, 0xbf, 0xe3, 0x6,
    0x6, 0xc, 0xc, 0x18, 0x18, 0x30, 0xbf, 0xff,
    0x60, 0x0, 0xc0, 0x1, 0x80, 0x3, 0x0, 0x6,
    0x0, 0xc,

    /* U+B1D0 "뇐" */
    0x0, 0x6, 0x60, 0xc, 0xc0, 0x19, 0x80, 0x33,
    0x0, 0x66, 0x0, 0xcf, 0xf9, 0x83, 0x3, 0x6,
    0x6, 0xc, 0xd, 0xff, 0xdb, 0xfe, 0x30, 0x0,
    0x63, 0x0, 0x6, 0x0, 0xc, 0x0, 0x18, 0x0,
    0x3f, 0xfc,

    /* U+B1D4 "뇔" */
    0x0, 0x6, 0x60, 0xc, 0xc0, 0x19, 0x80, 0x33,
    0xfe, 0x60, 0xc0, 0xc1, 0x81, 0xff, 0xfb, 0x7e,
    0x6, 0x0, 0x0, 0x7f, 0xf8, 0x0, 0x30, 0x0,
    0x63, 0xff, 0xc6, 0x0, 0xc, 0x0, 0x18, 0x0,
    0x3f, 0xfc,

    /* U+B1DC "뇜" */
    0x0, 0x6, 0x60, 0xc, 0xc0, 0x19, 0x80, 0x33,
    0x0, 0x67, 0xfc, 0xc1, 0x81, 0x83, 0x3, 0x6,
    0x16, 0xff, 0xec, 0x0, 0x18, 0x0, 0x1, 0xff,
    0xe3, 0x0, 0xc6, 0x1, 0x8c, 0x3, 0x18, 0x6,
    0x30, 0xc, 0x7f, 0xf8,

    /* U+B1DD "뇝" */
    0x0, 0x6, 0x60, 0xc, 0xc0, 0x19, 0x80, 0x33,
    0xfe, 0x67, 0xfc, 0xc1, 0x81, 0x83, 0x3, 0xff,
    0xf6, 0xfe, 0xc, 0x0, 0x0, 0x0, 0x1, 0x80,
    0x63, 0xff, 0xc6, 0x1, 0x8c, 0x3, 0x18, 0x6,
    0x3f, 0xfc,

    /* U+B1DF "뇟" */
    0x0, 0x6, 0x30, 0x6, 0x30, 0x6, 0x30, 0x6,
    0x30, 0x6, 0x3f, 0xe6, 0x6, 0x6, 0x6, 0x6,
    0x6, 0xf6, 0x7f, 0xf6, 0x0, 0x6, 0x0, 0xc6,
    0x0, 0xc0, 0x1, 0xe0, 0x3, 0xf0, 0xf, 0x3c,
    0x1c, 0xf, 0x0, 0x0,

    /* U+B1E8 "뇨" */
    0x30, 0x0, 0x18, 0x0, 0xc, 0x0, 0x6, 0x0,
    0x3, 0x0, 0x1, 0x80, 0x0, 0xc0, 0x0, 0x7f,
    0xfc, 0xc, 0x30, 0x6, 0x18, 0x3, 0xc, 0x1,
    0x86, 0x0, 0xc3, 0x7, 0xff, 0xfc,

    /* U+B1E9 "뇩" */
    0x30, 0x0, 0x18, 0x0, 0xc, 0x0, 0x6, 0x0,
    0x3, 0x0, 0x1, 0xff, 0xf0, 0x38, 0xe0, 0x1c,
    0x70, 0xe, 0x38, 0x7f, 0xff, 0xc0, 0x0, 0x0,
    0x0, 0x3, 0xff, 0xe0, 0x0, 0x30, 0x0, 0x18,
    0x0, 0xc, 0x0, 0x6, 0x0, 0x3, 0x0,

    /* U+B1EC "뇬" */
    0x30, 0x0, 0x18, 0x0, 0xc, 0x0, 0x6, 0x0,
    0x3, 0x0, 0x1, 0xff, 0xf0, 0x30, 0xc0, 0x18,
    0x60, 0xc, 0x30, 0x7f, 0xff, 0xc0, 0x0, 0x0,
    0x0, 0x0, 0x0, 0x1, 0x80, 0x0, 0xc0, 0x0,
    0x60, 0x0, 0x30, 0x0, 0x1f, 0xff, 0x0,

    /* U+B1F0 "뇰" */
    0x30, 0x0, 0x18, 0x0, 0xc, 0x0, 0x6, 0x0,
    0x3, 0xff, 0xe0, 0x61, 0x80, 0x30, 0xc1, 0xff,
    0xff, 0x0, 0x0, 0x0, 0x0, 0xf, 0xff, 0x80,
    0x1, 0xc0, 0x0, 0xe1, 0xff, 0xf0, 0xc0, 0x0,
    0x60, 0x0, 0x30, 0x0, 0x1f, 0xff, 0x0,

    /* U+B1F9 "뇹" */
    0x30, 0x0, 0x18, 0x0, 0xc, 0x0, 0x6, 0x0,
    0x3, 0xff, 0xe0, 0x71, 0xc0, 0x38, 0xe0, 0x1c,
    0x70, 0xff, 0xff, 0x80, 0x0, 0x0, 0x0, 0x0,
    0x0, 0x3, 0x0, 0x61, 0xff, 0xf0, 0xc0, 0x18,
    0x60, 0xc, 0x30, 0x6, 0x1f, 0xff, 0x0,

    /* U+B1FB "뇻" */
    0x30, 0x0, 0x18, 0x0, 0xc, 0x0, 0x6, 0x0,
    0x3, 0xff, 0xc0, 0x61, 0x80, 0x30, 0xc0, 0x18,
    0x60, 0xff, 0xff, 0x80, 0x0, 0x0, 0x60, 0x0,
    0x30, 0x0, 0x3c, 0x0, 0x1f, 0x0, 0x39, 0xe0,
    0xf8, 0x3c, 0x20, 0x6, 0x0,

    /* U+B1FD "뇽" */
    0x30, 0x0, 0x18, 0x0, 0xc, 0x0, 0x6, 0x0,
    0x3, 0xff, 0xe0, 0x71, 0xc0, 0x38, 0xe1, 0xff,
    0xff, 0x0, 0x0, 0x0, 0x0, 0x1, 0xfc, 0x3,
    0x83, 0x83, 0x0, 0xe1, 0x80, 0x30, 0xc0, 0x38,
    0x38, 0x38, 0x7, 0xf0, 0x0,

    /* U+B204 "누" */
    0x30, 0x0, 0x18, 0x0, 0xc, 0x0, 0x6, 0x0,
    0x3, 0x0, 0x1, 0xff, 0xf0, 0x0, 0x0, 0x0,
    0x0, 0x0, 0x0, 0x7f, 0xff, 0xc0, 0x60, 0x0,
    0x30, 0x0, 0x18, 0x0, 0xc, 0x0, 0x6, 0x0,
    0x3, 0x0, 0x1, 0x80, 0x0,

    /* U+B205 "눅" */
    0x30, 0x0, 0x18, 0x0, 0xc, 0x0, 0x6, 0x0,
    0x3, 0x0, 0x1, 0xff, 0xf0, 0x0, 0x0, 0x0,
    0x0, 0xff, 0xff, 0x80, 0xe0, 0x0, 0x70, 0x0,
    0x38, 0x3, 0xff, 0xe0, 0x0, 0x30, 0x0, 0x18,
    0x0, 0xc, 0x0, 0x6, 0x0, 0x3, 0x0,

    /* U+B208 "눈" */
    0x30, 0x0, 0x18, 0x0, 0xc, 0x0, 0x6, 0x0,
    0x3, 0x0, 0x1, 0xff, 0xf0, 0x0, 0x0, 0x0,
    0x0, 0x0, 0x0, 0x7f, 0xff, 0xc0, 0x60, 0x0,
    0x30, 0x0, 0x18, 0x1, 0x8c, 0x0, 0xc0, 0x0,
    0x60, 0x0, 0x30, 0x0, 0x1f, 0xff, 0x0,

    /* U+B20B "눋" */
    0x30, 0x0, 0x18, 0x0, 0xc, 0x0, 0x6, 0x0,
    0x3, 0xff, 0xe0, 0x0, 0x0, 0x0, 0x0, 0x0,
    0x0, 0xff, 0xff, 0x80, 0xc0, 0x0, 0x60, 0x0,
    0x30, 0x3, 0xff, 0xe1, 0x80, 0x0, 0xc0, 0x0,
    0x60, 0x0, 0x30, 0x0, 0x1f, 0xff, 0x0,

    /* U+B20C "눌" */
    0x30, 0x0, 0x18, 0x0, 0xc, 0x0, 0x6, 0x0,
    0x3, 0xff, 0xc0, 0x0, 0x0, 0x0, 0x1, 0xff,
    0xff, 0x1, 0x80, 0x0, 0xc0, 0xf, 0xff, 0x0,
    0x1, 0x80, 0x0, 0xc1, 0xff, 0xe0, 0xc0, 0x0,
    0x60, 0x0, 0x30, 0x0, 0x1f, 0xff, 0x0,

    /* U+B214 "눔" */
    0x30, 0x0, 0x18, 0x0, 0xc, 0x0, 0x6, 0x0,
    0x3, 0xff, 0xe0, 0x0, 0x0, 0x0, 0x0, 0x0,
    0x0, 0xff, 0xff, 0x80, 0xe0, 0x0, 0x70, 0x7,
    0xff, 0xc3, 0x0, 0x61, 0x80, 0x30, 0xc0, 0x18,
    0x60, 0xc, 0x30, 0x6, 0x1f, 0xff, 0x0,

    /* U+B215 "눕" */
    0x30, 0x0, 0x18, 0x0, 0xc, 0x0, 0x6, 0x0,
    0x3, 0xff, 0xe0, 0x0, 0x0, 0x0, 0x0, 0x0,
    0x0, 0xff, 0xff, 0x80, 0xe0, 0x0, 0x70, 0x0,
    0x0, 0x3, 0x0, 0x61, 0xff, 0xf0, 0xc0, 0x18,
    0x60, 0xc, 0x30, 0x6, 0x1f, 0xff, 0x0,

    /* U+B217 "눗" */
    0x30, 0x0, 0x18, 0x0, 0xc, 0x0, 0x6, 0x0,
    0x3, 0xff, 0xe0, 0x0, 0x0, 0x0, 0x0, 0x0,
    0x0, 0xff, 0xff, 0x80, 0xc0, 0x0, 0x60, 0x0,
    0x0, 0x0, 0x18, 0x0, 0xe, 0x0, 0xf, 0x80,
    0x1c, 0xe0, 0x7c, 0x3e, 0x10, 0x3, 0x0,

    /* U+B219 "눙" */
    0x30, 0x0, 0x18, 0x0, 0xc, 0x0, 0x6, 0x0,
    0x3, 0x0, 0x1, 0xff, 0xf0, 0x0, 0x0, 0x0,
    0x0, 0xff, 0xff, 0x80, 0xe0, 0x0, 0x70, 0x1,
    0xff, 0x1, 0xc1, 0xc1, 0x80, 0x70, 0xc0, 0x18,
    0x60, 0x1c, 0x1c, 0x1c, 0x3, 0xf8, 0x0,

    /* U+B220 "눠" */
    0x30, 0x3, 0x30, 0x3, 0x30, 0x3, 0x30, 0x3,
    0x30, 0x3, 0x3f, 0xe3, 0x0, 0x3, 0x0, 0x3,
    0x0, 0x13, 0xff, 0xf3, 0x6, 0x3, 0x6, 0x3,
    0x6, 0x3f, 0x6, 0x3, 0x6, 0x3, 0x6, 0x3,
    0x6, 0x3, 0x6, 0x3,

    /* U+B234 "눴" */
    0x0, 0x3, 0xc, 0x0, 0xc3, 0x0, 0x30, 0xc0,
    0xc, 0x3f, 0xe3, 0x0, 0x0, 0xc0, 0x7, 0x33,
    0xff, 0xec, 0x6, 0x3, 0x1, 0x9f, 0xc0, 0x60,
    0x30, 0x0, 0x0, 0x6, 0xc, 0x3, 0x83, 0x0,
    0xe1, 0xe0, 0x6c, 0xfc, 0x71, 0xf3, 0x88, 0x30,
    0x20,

    /* U+B23C "눼" */
    0x0, 0x33, 0x60, 0x33, 0x60, 0x33, 0x60, 0x33,
    0x60, 0x33, 0x7f, 0x33, 0x0, 0x33, 0x0, 0x33,
    0xff, 0xb3, 0xff, 0x33, 0x18, 0x33, 0x19, 0xf3,
    0x19, 0xf3, 0x18, 0x33, 0x18, 0x33, 0x18, 0x33,
    0x0, 0x33, 0x0, 0x3,

    /* U+B258 "뉘" */
    0x0, 0x6, 0x60, 0xc, 0xc0, 0x19, 0x80, 0x33,
    0x0, 0x67, 0xfc, 0xc0, 0x1, 0x80, 0x3, 0x0,
    0x17, 0xff, 0xec, 0x18, 0x18, 0x30, 0x30, 0x60,
    0x60, 0xc0, 0xc1, 0x81, 0x83, 0x3, 0x6, 0x6,
    0xc, 0xc,

    /* U+B25C "뉜" */
    0x0, 0x6, 0x60, 0xc, 0xc0, 0x19, 0x80, 0x33,
    0x0, 0x66, 0x0, 0xcf, 0xf9, 0x9f, 0xf3, 0x0,
    0x6, 0x3, 0xef, 0xff, 0xdf, 0xfe, 0x30, 0x60,
    0x60, 0xc0, 0xc6, 0x0, 0xc, 0x0, 0x18, 0x0,
    0x30, 0x0, 0x7f, 0xf8,

    /* U+B260 "뉠" */
    0x0, 0x6, 0x60, 0xc, 0xc0, 0x19, 0x80, 0x33,
    0xfe, 0x60, 0x0, 0xc0, 0x5, 0xff, 0xfb, 0x6,
    0x6, 0xc, 0x0, 0x7f, 0xf8, 0x0, 0x30, 0x0,
    0x63, 0xff, 0xc6, 0x0, 0xc, 0x0, 0x18, 0x0,
    0x3f, 0xfc,

    /* U+B268 "뉨" */
    0x0, 0x6, 0x60, 0xc, 0xc0, 0x19, 0x80, 0x33,
    0x0, 0x67, 0xfc, 0xc0, 0x1, 0x80, 0x3, 0xff,
    0xf6, 0xfc, 0xc, 0x18, 0x18, 0x30, 0x0, 0x60,
    0x3, 0xff, 0xc6, 0x1, 0x8c, 0x3, 0x18, 0x6,
    0x30, 0xc, 0x7f, 0xf8,

    /* U+B269 "뉩" */
    0x30, 0x6, 0x60, 0xc, 0xc0, 0x19, 0x80, 0x33,
    0xfe, 0x60, 0x0, 0xc0, 0x5, 0xff, 0xfb, 0x7f,
    0x6, 0x6, 0xc, 0xc, 0x0, 0x0, 0x1, 0x80,
    0x63, 0xff, 0xc6, 0x1, 0x8c, 0x3, 0x18, 0x6,
    0x3f, 0xfc,

    /* U+B274 "뉴" */
    0x30, 0x0, 0x18, 0x0, 0xc, 0x0, 0x6, 0x0,
    0x3, 0x0, 0x1, 0xff, 0xf0, 0x0, 0x0, 0x0,
    0x0, 0x0, 0x0, 0x7f, 0xff, 0xc3, 0xc, 0x1,
    0x86, 0x0, 0xc3, 0x0, 0x61, 0x80, 0x30, 0xc0,
    0x18, 0x60, 0xc, 0x30, 0x0,

    /* U+B275 "뉵" */
    0x30, 0x0, 0x18, 0x0, 0xc, 0x0, 0x6, 0x0,
    0x3, 0xff, 0xe0, 0x0, 0x0, 0x0, 0x1, 0xff,
    0xff, 0xc, 0x38, 0x6, 0x1c, 0x3, 0xe, 0x7,
    0xff, 0xc0, 0x0, 0x60, 0x0, 0x30, 0x0, 0x18,
    0x0, 0xc, 0x0, 0x6, 0x0,

    /* U+B27C "뉼" */
    0x30, 0x0, 0x18, 0x0, 0xc, 0x0, 0x6, 0x0,
    0x3, 0xff, 0xc0, 0x0, 0x0, 0x0, 0x1, 0xff,
    0xff, 0xc, 0x30, 0x6, 0x18, 0xf, 0xff, 0x0,
    0x1, 0x80, 0x0, 0xc1, 0xff, 0xe0, 0xc0, 0x0,
    0x60, 0x0, 0x30, 0x0, 0x1f, 0xff, 0x0,

    /* U+B284 "늄" */
    0x30, 0x0, 0x18, 0x0, 0xc, 0x0, 0x6, 0x0,
    0x3, 0xff, 0xe0, 0x0, 0x0, 0x0, 0x0, 0x0,
    0x0, 0xff, 0xff, 0x87, 0x1c, 0x3, 0x8e, 0x7,
    0xff, 0xc3, 0x0, 0x61, 0x80, 0x30, 0xc0, 0x18,
    0x60, 0xc, 0x30, 0x6, 0x1f, 0xff, 0x0,

    /* U+B285 "늅" */
    0x30, 0x0, 0x18, 0x0, 0xc, 0x0, 0x6, 0x0,
    0x3, 0xff, 0xe0, 0x0, 0x0, 0x0, 0x1, 0xff,
    0xff, 0x6, 0x30, 0x3, 0x18, 0x1, 0x8c, 0x0,
    0x0, 0x3, 0x0, 0x61, 0xff, 0xf0, 0xc0, 0x18,
    0x60, 0xc, 0x30, 0x6, 0x1f, 0xff, 0x0,

    /* U+B289 "늉" */
    0x30, 0x0, 0x18, 0x0, 0xc, 0x0, 0x6, 0x0,
    0x3, 0xff, 0xe0, 0x0, 0x0, 0x0, 0x1, 0xff,
    0xff, 0xc, 0x18, 0x6, 0xc, 0x3, 0xfe, 0x3,
    0x83, 0x83, 0x0, 0xe1, 0x80, 0x30, 0xc0, 0x38,
    0x38, 0x38, 0x7, 0xf0, 0x0,

    /* U+B290 "느" */
    0x30, 0x0, 0x18, 0x0, 0xc, 0x0, 0x6, 0x0,
    0x3, 0x0, 0x1, 0x80, 0x0, 0xc0, 0x0, 0x7f,
    0xfc, 0x0, 0x0, 0x0, 0x0, 0x0, 0x0, 0x0,
    0x0, 0x0, 0x0, 0x7, 0xff, 0xfc,

    /* U+B291 "늑" */
    0x30, 0x0, 0x18, 0x0, 0xc, 0x0, 0x6, 0x0,
    0x3, 0x0, 0x1, 0xff, 0xf0, 0x0, 0x0, 0x0,
    0x0, 0xff, 0xff, 0x80, 0x0, 0x0, 0x0, 0x0,
    0x0, 0x3, 0xff, 0xe0, 0x0, 0x30, 0x0, 0x18,
    0x0, 0xc, 0x0, 0x6, 0x0, 0x3, 0x0,

    /* U+B294 "는" */
    0x30, 0x0, 0x18, 0x0, 0xc, 0x0, 0x6, 0x0,
    0x3, 0x0, 0x1, 0xff, 0xf0, 0x0, 0x0, 0x0,
    0x0, 0x0, 0x0, 0x7f, 0xff, 0xc0, 0x0, 0x0,
    0x0, 0x0, 0x0, 0x1, 0x80, 0x0, 0xc0, 0x0,
    0x60, 0x0, 0x30, 0x0, 0x1f, 0xff, 0x0,

    /* U+B298 "늘" */
    0x30, 0x0, 0x18, 0x0, 0xc, 0x0, 0x6, 0x0,
    0x3, 0xff, 0xe0, 0x0, 0x0, 0x0, 0x1, 0xff,
    0xff, 0x0, 0x0, 0x0, 0x0, 0xf, 0xff, 0x80,
    0x1, 0xc0, 0x0, 0xe1, 0xff, 0xf0, 0xc0, 0x0,
    0x60, 0x0, 0x30, 0x0, 0x1f, 0xff, 0x0,

    /* U+B299 "늙" */
    0x30, 0x0, 0x18, 0x0, 0xc, 0x0, 0x6, 0x0,
    0x3, 0xff, 0xe0, 0x0, 0x0, 0x0, 0x1, 0xff,
    0xff, 0x0, 0x0, 0x0, 0x0, 0xf, 0xdf, 0x80,
    0x60, 0xc0, 0x30, 0x61, 0xf8, 0x30, 0xc0, 0x18,
    0x60, 0xc, 0x30, 0x86, 0x1f, 0xc3, 0x0,

    /* U+B29A "늚" */
    0x30, 0x0, 0x18, 0x0, 0xc, 0x0, 0x6, 0x0,
    0x3, 0xff, 0xe0, 0x0, 0x0, 0x0, 0x1, 0xff,
    0xff, 0x0, 0x0, 0x0, 0x0, 0xf, 0xdf, 0x80,
    0x6c, 0xc0, 0x36, 0x61, 0xfb, 0x30, 0xc1, 0x98,
    0x60, 0xcc, 0x30, 0x66, 0x1f, 0xbf, 0x0,

    /* U+B2A0 "늠" */
    0x30, 0x0, 0x18, 0x0, 0xc, 0x0, 0x6, 0x0,
    0x3, 0xff, 0xe0, 0x0, 0x0, 0x0, 0x0, 0x0,
    0x0, 0xff, 0xff, 0x80, 0x0, 0x0, 0x0, 0x7,
    0xff, 0xc3, 0x0, 0x61, 0x80, 0x30, 0xc0, 0x18,
    0x60, 0xc, 0x30, 0x6, 0x1f, 0xff, 0x0,

    /* U+B2A1 "늡" */
    0x30, 0x0, 0x18, 0x0, 0xc, 0x0, 0x6, 0x0,
    0x3, 0xff, 0xe0, 0x0, 0x0, 0x0, 0x0, 0x0,
    0x0, 0xff, 0xff, 0x80, 0x0, 0x0, 0x0, 0x0,
    0x0, 0x3, 0x0, 0x61, 0xff, 0xf0, 0xc0, 0x18,
    0x60, 0xc, 0x30, 0x6, 0x1f, 0xff, 0x0,

    /* U+B2A3 "늣" */
    0x30, 0x0, 0x18, 0x0, 0xc, 0x0, 0x6, 0x0,
    0x3, 0x0, 0x1, 0xff, 0xe0, 0x0, 0x0, 0x0,
    0x0, 0xff, 0xff, 0x80, 0x0, 0x0, 0x60, 0x0,
    0x30, 0x0, 0x1c, 0x0, 0x1f, 0x0, 0x39, 0xc0,
    0xf8, 0x7c, 0x30, 0xe, 0x0,

    /* U+B2A5 "능" */
    0x30, 0x0, 0x18, 0x0, 0xc, 0x0, 0x6, 0x0,
    0x3, 0x0, 0x1, 0xff, 0xf0, 0x0, 0x0, 0x0,
    0x0, 0xff, 0xff, 0x80, 0x0, 0x0, 0x0, 0x0,
    0xfe, 0x1, 0xc1, 0xc1, 0x80, 0x70, 0xc0, 0x18,
    0x60, 0x1c, 0x1c, 0x1c, 0x3, 0xf8, 0x0,

    /* U+B2A6 "늦" */
    0x30, 0x0, 0x18, 0x0, 0xc, 0x0, 0x6, 0x0,
    0x3, 0xff, 0xe0, 0x0, 0x0, 0x0, 0x1, 0xff,
    0xff, 0x0, 0x0, 0x0, 0x0, 0xf, 0xff, 0x80,
    0x38, 0x0, 0x3e, 0x0, 0x3b, 0x81, 0xf8, 0xfc,
    0x70, 0x1c,

    /* U+B2AA "늪" */
    0x30, 0x0, 0x18, 0x0, 0xc, 0x0, 0x6, 0x0,
    0x3, 0xff, 0xe0, 0x0, 0x0, 0x0, 0x0, 0x0,
    0x0, 0xff, 0xff, 0x80, 0x0, 0x0, 0x0, 0x7,
    0xff, 0xc0, 0x63, 0x0, 0x31, 0x80, 0x18, 0xc0,
    0xc, 0x60, 0x6, 0x30, 0x1f, 0xff, 0x0,

    /* U+B2AC "늬" */
    0x0, 0x6, 0x0, 0xd, 0x80, 0x1b, 0x0, 0x36,
    0x0, 0x6c, 0x0, 0xd8, 0x1, 0xbf, 0xe3, 0x0,
    0x6, 0x0, 0xc, 0x0, 0x18, 0x0, 0xbf, 0xff,
    0x7f, 0xf8, 0xc0, 0x1, 0x80, 0x3, 0x0, 0x6,
    0x0, 0xc,

    /* U+B2B0 "늰" */
    0x30, 0x6, 0x60, 0xc, 0xc0, 0x19, 0x80, 0x33,
    0x0, 0x67, 0xfc, 0xcf, 0xf9, 0x80, 0x3, 0x0,
    0x7, 0xff, 0xef, 0xff, 0xd8, 0x0, 0x30, 0x0,
    0x63, 0x0, 0x6, 0x0, 0xc, 0x0, 0x18, 0x0,
    0x3f, 0xfc,

    /* U+B2B4 "늴" */
    0x30, 0x6, 0x60, 0xc, 0xc0, 0x19, 0xff, 0x33,
    0xfe, 0x60, 0x0, 0xc0, 0xfd, 0xbf, 0xfb, 0x0,
    0x6, 0x0, 0x0, 0x7f, 0xf8, 0x0, 0x30, 0x0,
    0x63, 0xff, 0xc6, 0x0, 0xc, 0x0, 0x18, 0x0,
    0x3f, 0xfc,

    /* U+B2C8 "니" */
    0x0, 0xc, 0x0, 0x3c, 0x0, 0xf0, 0x3, 0xc0,
    0xf, 0x0, 0x3c, 0x0, 0xf0, 0x3, 0xc0, 0xf,
    0x0, 0x3c, 0x0, 0xf0, 0x33, 0xff, 0xec, 0x0,
    0x30, 0x0, 0xc0, 0x3, 0x0, 0xc, 0x0, 0x30,

    /* U+B2C9 "닉" */
    0xc0, 0xf, 0x0, 0x3c, 0x0, 0xf0, 0x3, 0xc0,
    0xf, 0x0, 0x3c, 0xc, 0xff, 0xf3, 0xfe, 0xc,
    0x0, 0x30, 0x0, 0xf, 0xff, 0x0, 0xc, 0x0,
    0x30, 0x0, 0xc0, 0x3, 0x0, 0xc, 0x0, 0x30,

    /* U+B2CC "닌" */
    0x0, 0xd, 0x80, 0x1b, 0x0, 0x36, 0x0, 0x6c,
    0x0, 0xd8, 0x1, 0xb0, 0x3, 0x60, 0x6, 0xff,
    0xcd, 0xff, 0x98, 0x0, 0x30, 0x0, 0x60, 0x0,
    0xc6, 0x0, 0xc, 0x0, 0x18, 0x0, 0x30, 0x0,
    0x7f, 0xfc,

    /* U+B2D0 "닐" */
    0x0, 0xd, 0x80, 0x1b, 0x0, 0x36, 0x0, 0x6c,
    0x0, 0xd8, 0x1, 0xb0, 0x73, 0x7f, 0xe6, 0x0,
    0xc, 0x0, 0x0, 0x0, 0x1, 0xff, 0xe0, 0x0,
    0xc0, 0x1, 0x8f, 0xff, 0x18, 0x0, 0x30, 0x0,
    0x60, 0x0, 0xff, 0xf8,

    /* U+B2D2 "닒" */
    0xc0, 0xf, 0x0, 0x3c, 0x0, 0xf0, 0x3, 0xc0,
    0xf, 0x0, 0x3f, 0xfc, 0xff, 0xe3, 0x0, 0xc,
    0x0, 0x7, 0xef, 0xc1, 0xb3, 0x6, 0xcd, 0xfb,
    0x36, 0xc, 0xd8, 0x33, 0x60, 0xcd, 0xfb, 0xf0,

    /* U+B2D8 "님" */
    0xc0, 0xf, 0x0, 0x3c, 0x0, 0xf0, 0x3, 0xc0,
    0xf, 0x0, 0x3c, 0x4, 0xff, 0xf3, 0xff, 0xc,
    0x0, 0x30, 0x0, 0xf, 0xff, 0x30, 0xc, 0xc0,
    0x33, 0x0, 0xcc, 0x3, 0x30, 0xc, 0xff, 0xf0,

    /* U+B2D9 "닙" */
    0xc0, 0xf, 0x0, 0x3c, 0x0, 0xf0, 0x3, 0xc0,
    0xf, 0x0, 0x3f, 0xfc, 0xff, 0xf3, 0x0, 0xc,
    0x0, 0x0, 0x0, 0xc, 0x3, 0x3f, 0xfc, 0xc0,
    0x33, 0x0, 0xcc, 0x3, 0x30, 0xc, 0xff, 0xf0,

    /* U+B2DB "닛" */
    0x0, 0xd, 0x80, 0x1b, 0x0, 0x36, 0x0, 0x6c,
    0x0, 0xd8, 0x1, 0xb0, 0x3, 0x7f, 0xe6, 0xff,
    0xcc, 0x0, 0x18, 0x0, 0x30, 0xc, 0x60, 0x18,
    0x0, 0x78, 0x1, 0xf8, 0x7, 0x38, 0x7c, 0x3e,
    0xe0, 0x8,

    /* U+B2DD "닝" */
    0x0, 0xf, 0x0, 0x3c, 0x0, 0xf0, 0x3, 0xc0,
    0xf, 0x0, 0x3c, 0x0, 0xf0, 0x13, 0xff, 0xcc,
    0x0, 0x30, 0x0, 0xc0, 0x3, 0xf, 0xe0, 0xe0,
    0x63, 0x0, 0xcc, 0x3, 0x30, 0xc, 0xe0, 0x60,
    0xfe, 0x0,

    /* U+B2E2 "닢" */
    0x0, 0xd, 0x80, 0x1b, 0x0, 0x36, 0x0, 0x6c,
    0x0, 0xd8, 0x1, 0xb0, 0x1b, 0x7f, 0xf6, 0x0,
    0xc, 0x0, 0x0, 0xff, 0xf8, 0x61, 0x80, 0xc3,
    0x1, 0x86, 0x3, 0xc, 0x6, 0x18, 0xc, 0x30,
    0x7f, 0xfc,

    /* U+B2E4 "다" */
    0x0, 0x18, 0xff, 0x18, 0xc0, 0x18, 0xc0, 0x18,
    0xc0, 0x18, 0xc0, 0x18, 0xc0, 0x1f, 0xc0, 0x1f,
    0xc0, 0x18, 0xc0, 0x18, 0xc0, 0x18, 0xff, 0xd8,
    0xff, 0x98, 0x0, 0x18, 0x0, 0x18, 0x0, 0x18,
    0x0, 0x18, 0x0, 0x18,

    /* U+B2E5 "닥" */
    0x0, 0x18, 0xff, 0x18, 0xc0, 0x18, 0xc0, 0x18,
    0xc0, 0x1f, 0xc0, 0x1f, 0xc0, 0x18, 0xff, 0xd8,
    0x0, 0x18, 0x0, 0x18, 0x0, 0x0, 0x7f, 0xf8,
    0x0, 0x18, 0x0, 0x18, 0x0, 0x18, 0x0, 0x18,
    0x0, 0x18, 0x0, 0x18,

    /* U+B2E6 "닦" */
    0x0, 0x18, 0xff, 0x18, 0xff, 0x18, 0xc0, 0x18,
    0xc0, 0x1f, 0xc0, 0x1f, 0xc0, 0x18, 0xff, 0xd8,
    0xff, 0x98, 0x0, 0x18, 0x0, 0x0, 0x7e, 0xf8,
    0x6, 0x18, 0x6, 0x18, 0x6, 0x18, 0x6, 0x18,
    0x6, 0x18, 0x6, 0x18,

    /* U+B2E8 "단" */
    0x0, 0x18, 0x0, 0x18, 0xff, 0x18, 0xff, 0x18,
    0xc0, 0x18, 0xc0, 0x18, 0xc0, 0x1f, 0xc0, 0x1f,
    0xc0, 0x18, 0xc3, 0xd8, 0xff, 0xd8, 0xf8, 0x18,
    0x0, 0x18, 0x0, 0x0, 0x30, 0x0, 0x30, 0x0,
    0x30, 0x0, 0x30, 0x0, 0x3f, 0xfc,

    /* U+B2EB "닫" */
    0x0, 0x18, 0xff, 0x18, 0xff, 0x18, 0xc0, 0x18,
    0xc0, 0x1f, 0xc0, 0x1f, 0xc0, 0x18, 0xff, 0xd8,
    0xff, 0xd8, 0x0, 0x18, 0x0, 0x0, 0x3f, 0xf8,
    0x30, 0x0, 0x30, 0x0, 0x30, 0x0, 0x30, 0x0,
    0x30, 0x0, 0x3f, 0xfc,

    /* U+B2EC "달" */
    0x0, 0x18, 0xff, 0x18, 0xff, 0x18, 0xc0, 0x18,
    0xc0, 0x1f, 0xc0, 0x18, 0xc1, 0xd8, 0xff, 0xd8,
    0x0, 0x18, 0x0, 0x0, 0x0, 0x0, 0x3f, 0xf8,
    0x0, 0x18, 0x0, 0x18, 0x3f, 0xf8, 0x30, 0x0,
    0x30, 0x0, 0x30, 0x0, 0x3f, 0xfc,

    /* U+B2ED "닭" */
    0x0, 0x18, 0xff, 0x18, 0xc0, 0x18, 0xc0, 0x18,
    0xc0, 0x1f, 0xc0, 0x18, 0xc0, 0xd8, 0xff, 0xd8,
    0x0, 0x18, 0x0, 0x0, 0x7e, 0xf8, 0x6, 0x18,
    0x6, 0x18, 0x7e, 0x18, 0x60, 0x18, 0x60, 0x18,
    0x60, 0x18, 0x7f, 0x18,

    /* U+B2EE "닮" */
    0x0, 0x18, 0xff, 0x18, 0xc0, 0x18, 0xc0, 0x18,
    0xc0, 0x1f, 0xc0, 0x18, 0xc0, 0xd8, 0xff, 0xd8,
    0x0, 0x18, 0x0, 0x0, 0x7e, 0xf8, 0x6, 0x98,
    0x6, 0x98, 0x7e, 0x98, 0x60, 0x98, 0x60, 0x98,
    0x60, 0x98, 0x7e, 0xf8,

    /* U+B2EF "닯" */
    0x0, 0xc, 0x7f, 0x86, 0x30, 0x3, 0x18, 0x1,
    0x8c, 0x0, 0xfe, 0x0, 0x63, 0x1, 0x31, 0xff,
    0x98, 0x0, 0xc, 0x0, 0x0, 0x1f, 0xb3, 0xf,
    0xd9, 0x80, 0x6f, 0xc3, 0xf6, 0x61, 0x83, 0x30,
    0xc1, 0x98, 0x60, 0xcc, 0x3f, 0x7e, 0x0,

    /* U+B2F3 "닳" */
    0x0, 0x18, 0xff, 0x18, 0xff, 0x18, 0xc0, 0x18,
    0xc0, 0x1f, 0xc0, 0x18, 0xc0, 0x18, 0xff, 0xd8,
    0xff, 0x18, 0x0, 0x0, 0x0, 0x30, 0x7c, 0x30,
    0x7d, 0xfe, 0xc, 0x0, 0x7c, 0x78, 0x60, 0xcc,
    0x60, 0xcc, 0x60, 0xcc, 0x7e, 0x78,

    /* U+B2F4 "담" */
    0x0, 0x18, 0xff, 0x18, 0xff, 0x18, 0xc0, 0x18,
    0xc0, 0x1f, 0xc0, 0x1f, 0xc0, 0x18, 0xff, 0xd8,
    0xff, 0xd8, 0x0, 0x18, 0x0, 0x0, 0x3f, 0xf8,
    0x30, 0x18, 0x30, 0x18, 0x30, 0x18, 0x30, 0x18,
    0x30, 0x18, 0x3f, 0xf8,

    /* U+B2F5 "답" */
    0x0, 0x18, 0xff, 0x18, 0xff, 0x18, 0xc0, 0x18,
    0xc0, 0x1f, 0xc0, 0x1f, 0xc0, 0x18, 0xc1, 0x98,
    0xff, 0xd8, 0x0, 0x18, 0x0, 0x0, 0x0, 0x0,
    0x30, 0x18, 0x3f, 0xf8, 0x30, 0x18, 0x30, 0x18,
    0x30, 0x18, 0x30, 0x18, 0x3f, 0xf8,

    /* U+B2F7 "닷" */
    0x0, 0x18, 0xff, 0x18, 0xff, 0x18, 0xc0, 0x18,
    0xc0, 0x18, 0xc0, 0x1f, 0xc0, 0x1f, 0xc0, 0x18,
    0xff, 0xd8, 0xfe, 0x18, 0x0, 0x18, 0x1, 0x98,
    0x1, 0x80, 0x3, 0xc0, 0x3, 0xc0, 0xe, 0x60,
    0x7c, 0x3c, 0x70, 0x1c,

    /* U+B2F8 "닸" */
    0x0, 0x18, 0xff, 0x18, 0xff, 0x18, 0xc0, 0x18,
    0xc0, 0x1f, 0xc0, 0x1f, 0xc0, 0x18, 0xff, 0xd8,
    0xff, 0xd8, 0x0, 0x18, 0x0, 0x0, 0x18, 0x30,
    0x18, 0x30, 0x18, 0x30, 0x3c, 0x78, 0x66, 0xcc,
    0xe7, 0xce, 0x1, 0x2,

    /* U+B2F9 "당" */
    0x0, 0xc, 0xff, 0xc, 0xc0, 0xc, 0xc0, 0xc,
    0xc0, 0xf, 0xc0, 0xc, 0xc0, 0x4c, 0xff, 0xcc,
    0x0, 0xc, 0x0, 0xc, 0x0, 0x0, 0xf, 0xe0,
    0x38, 0x18, 0x30, 0xc, 0x30, 0xc, 0x30, 0xc,
    0x38, 0x38, 0xf, 0xe0,

    /* U+B2FA "닺" */
    0x0, 0x18, 0xff, 0x18, 0xff, 0x18, 0xc0, 0x18,
    0xc0, 0x1f, 0xc0, 0x1f, 0xc0, 0x18, 0xff, 0xd8,
    0xff, 0x98, 0x0, 0x18, 0x0, 0x0, 0x3f, 0xf8,
    0x3, 0x80, 0x3, 0x80, 0xe, 0xe0, 0x3c, 0x78,
    0x78, 0x1c,

    /* U+B2FB "닻" */
    0x0, 0x18, 0xff, 0x18, 0xff, 0x18, 0xc0, 0x18,
    0xc0, 0x1f, 0xc0, 0x1f, 0xc0, 0xd8, 0xff, 0xd8,
    0x0, 0x18, 0x1, 0x98, 0x1, 0x80, 0x7f, 0xf8,
    0x1, 0x80, 0x3, 0xc0, 0xe, 0xe0, 0x7c, 0x7c,
    0x70, 0x1c,

    /* U+B2FF "닿" */
    0x0, 0xc, 0xff, 0xc, 0xc0, 0xc, 0xc0, 0xc,
    0xc0, 0xf, 0xc0, 0xc, 0xff, 0xcc, 0xfe, 0xc,
    0x1, 0x8c, 0x1, 0x80, 0x7f, 0xfc, 0x0, 0x0,
    0x0, 0x0, 0xf, 0xe0, 0x1c, 0x38, 0x18, 0x18,
    0x1c, 0x38, 0xf, 0xe0,

    /* U+B300 "대" */
    0x0, 0x66, 0x0, 0xcf, 0xf9, 0x9f, 0xf3, 0x3c,
    0x6, 0x78, 0xc, 0xf0, 0x19, 0xe0, 0x3f, 0xc0,
    0x7f, 0x80, 0xcf, 0x1, 0x9e, 0x1b, 0x3f, 0xf6,
    0x78, 0xc, 0xc0, 0x19, 0x80, 0x33, 0x0, 0x66,
    0x0, 0xc,

    /* U+B301 "댁" */
    0x0, 0x67, 0xfc, 0xcf, 0x1, 0x9e, 0x3, 0x3c,
    0x7, 0xf8, 0xc, 0xf0, 0x19, 0xe0, 0xb3, 0xff,
    0x66, 0x0, 0xcc, 0x0, 0x0, 0xff, 0xf0, 0x0,
    0x60, 0x0, 0xc0, 0x1, 0x80, 0x3, 0x0, 0x6,
    0x0, 0xc,

    /* U+B304 "댄" */
    0x0, 0x66, 0x0, 0xcf, 0xf9, 0x9f, 0xf3, 0x3c,
    0x6, 0x78, 0xf, 0xf0, 0x1f, 0xe0, 0x33, 0xc0,
    0x67, 0xfe, 0xcf, 0xfd, 0x98, 0x3, 0x30, 0x6,
    0x63, 0x0, 0x6, 0x0, 0xc, 0x0, 0x18, 0x0,
    0x3f, 0xfc,

    /* U+B308 "댈" */
    0x0, 0x67, 0xfc, 0xcf, 0xf9, 0x9e, 0x3, 0x3c,
    0x7, 0xf8, 0xc, 0xf1, 0xd9, 0xff, 0xb3, 0x0,
    0x66, 0x0, 0x0, 0x7f, 0xf8, 0x0, 0x30, 0x0,
    0x63, 0xff, 0xc6, 0x0, 0xc, 0x0, 0x18, 0x0,
    0x3f, 0xfc,

    /* U+B310 "댐" */
    0x0, 0x67, 0xfc, 0xcf, 0xf9, 0x9e, 0x3, 0x3c,
    0x7, 0xf8, 0xf, 0xf0, 0x19, 0xff, 0xb3, 0xff,
    0x66, 0x0, 0xcc, 0x0, 0x1, 0xff, 0xf3, 0x0,
    0x66, 0x0, 0xcc, 0x1, 0x98, 0x3, 0x30, 0x6,
    0x7f, 0xfc,

    /* U+B311 "댑" */
    0x0, 0x67, 0xfc, 0xcf, 0xf9, 0x9e, 0x3, 0x3c,
    0x7, 0xf8, 0xf, 0xf0, 0x19, 0xef, 0xb3, 0xff,
    0x66, 0x0, 0xcc, 0x0, 0x0, 0x0, 0x1, 0x80,
    0x63, 0xff, 0xc6, 0x1, 0x8c, 0x3, 0x18, 0x6,
    0x30, 0xc, 0x7f, 0xf8,

    /* U+B313 "댓" */
    0x0, 0x66, 0x0, 0x66, 0xfe, 0x66, 0xc0, 0x66,
    0xc0, 0x66, 0xc0, 0x7e, 0xc0, 0x66, 0xc0, 0x66,
    0xff, 0x66, 0xfc, 0x66, 0x0, 0x6, 0x0, 0xc6,
    0x0, 0xc0, 0x1, 0xe0, 0x3, 0xe0, 0x7, 0x38,
    0x7e, 0x1f, 0x38, 0x6,

    /* U+B314 "댔" */
    0x0, 0x66, 0xfe, 0x66, 0xfe, 0x66, 0xc0, 0x66,
    0xc0, 0x7e, 0xc0, 0x7e, 0xc0, 0x66, 0xff, 0x66,
    0xff, 0x66, 0x0, 0x66, 0x0, 0x0, 0xc, 0x18,
    0xc, 0x18, 0xc, 0x38, 0x1e, 0x3c, 0x37, 0x6e,
    0x73, 0xc7, 0x41, 0x81,

    /* U+B315 "댕" */
    0x0, 0x67, 0xfc, 0xcf, 0xf9, 0x9e, 0x3, 0x3c,
    0x7, 0xf8, 0xf, 0xf0, 0x19, 0xff, 0xb3, 0xff,
    0x66, 0x0, 0xcc, 0x0, 0x18, 0x3f, 0x81, 0xc1,
    0xc3, 0x0, 0xcc, 0x1, 0x8c, 0x3, 0x1c, 0x1c,
    0xf, 0xe0,

    /* U+B31C "댜" */
    0x0, 0x18, 0xff, 0x18, 0xc0, 0x18, 0xc0, 0x18,
    0xc0, 0x1f, 0xc0, 0x1f, 0xc0, 0x18, 0xc0, 0x18,
    0xc0, 0x18, 0xc0, 0x1f, 0xc0, 0x1f, 0xff, 0xd8,
    0xff, 0x98, 0x0, 0x18, 0x0, 0x18, 0x0, 0x18,
    0x0, 0x18, 0x0, 0x18,

    /* U+B354 "더" */
    0x0, 0xf, 0xfc, 0x3c, 0x0, 0xf0, 0x3, 0xc0,
    0xf, 0x0, 0x3c, 0x1f, 0xf0, 0x3, 0xc0, 0xf,
    0x0, 0x3c, 0x0, 0xf0, 0x3, 0xff, 0x8c, 0x0,
    0x30, 0x0, 0xc0, 0x3, 0x0, 0xc, 0x0, 0x30,

    /* U+B355 "덕" */
    0x0, 0xf, 0xfc, 0x3f, 0xf0, 0xf0, 0x3, 0xc0,
    0xf, 0x7, 0xfc, 0x0, 0xf0, 0x3, 0xdf, 0x8f,
    0xfe, 0x30, 0x0, 0xc0, 0x0, 0x0, 0x0, 0xff,
    0xf0, 0x0, 0xc0, 0x3, 0x0, 0xc, 0x0, 0x30,
    0x0, 0xc0,

    /* U+B356 "덖" */
    0x0, 0xf, 0xfc, 0x3f, 0xf0, 0xf0, 0x3, 0xc1,
    0xff, 0x7, 0xfc, 0x0, 0xf0, 0xe3, 0xff, 0x8c,
    0x0, 0x30, 0x0, 0x1f, 0xbf, 0x6, 0xc, 0x18,
    0x30, 0x60, 0xc1, 0x83, 0x6, 0xc, 0x18, 0x30,

    /* U+B358 "던" */
    0x0, 0xd, 0xfe, 0x1b, 0xfc, 0x36, 0x0, 0x6c,
    0x0, 0xd8, 0x3f, 0xb0, 0x7f, 0x60, 0x6, 0xc0,
    0xd, 0xff, 0x1b, 0xfe, 0x30, 0x0, 0x60, 0x0,
    0xc6, 0x0, 0xc, 0x0, 0x18, 0x0, 0x30, 0x0,
    0x7f, 0xfc,

    /* U+B35B "덛" */
    0x0, 0xf, 0xfc, 0x3f, 0xf0, 0xf0, 0x3, 0xc1,
    0xff, 0x7, 0xfc, 0x0, 0xf1, 0xe3, 0xff, 0x8c,
    0x0, 0x30, 0x0, 0xf, 0xff, 0x30, 0x0, 0xc0,
    0x3, 0x0, 0xc, 0x0, 0x30, 0x0, 0xff, 0xf0,

    /* U+B35C "덜" */
    0x0, 0xd, 0xfe, 0x1b, 0xfc, 0x36, 0x0, 0x6c,
    0x1f, 0xd8, 0x1, 0xb0, 0x3, 0x7f, 0xc6, 0xc0,
    0xc, 0x0, 0x0, 0xff, 0xf0, 0x0, 0x60, 0x0,
    0xc7, 0xff, 0x8c, 0x0, 0x18, 0x0, 0x30, 0x0,
    0x7f, 0xfc,

    /* U+B35E "덞" */
    0x0, 0xf, 0xfc, 0x3c, 0x0, 0xf0, 0x3, 0xc1,
    0xff, 0x0, 0x3c, 0x0, 0xff, 0xe3, 0x0, 0xc,
    0x0, 0x7, 0xef, 0xc1, 0xb3, 0x6, 0xcd, 0xfb,
    0x36, 0xc, 0xd8, 0x33, 0x60, 0xcd, 0xff, 0xf0,

    /* U+B35F "덟" */
    0x0, 0xf, 0xfc, 0x3f, 0xf0, 0xf0, 0x3, 0xc1,
    0xff, 0x0, 0x3c, 0x0, 0xff, 0xe3, 0xf8, 0xc,
    0x0, 0x7, 0xec, 0xdf, 0xb3, 0x6, 0xfd, 0xfb,
    0x36, 0xc, 0xd8, 0x33, 0x60, 0xcd, 0xfb, 0xf0,

    /* U+B364 "덤" */
    0x0, 0xf, 0xfc, 0x3f, 0xf0, 0xf0, 0x3, 0xc1,
    0xff, 0x7, 0xfc, 0x0, 0xf3, 0xe3, 0xff, 0x8c,
    0x0, 0x30, 0x0, 0xf, 0xff, 0x30, 0xc, 0xc0,
    0x33, 0x0, 0xcc, 0x3, 0x30, 0xc, 0xff, 0xf0,

    /* U+B365 "덥" */
    0x0, 0xf, 0xfc, 0x3f, 0xf0, 0xf0, 0x3, 0xc1,
    0xff, 0x7, 0xfc, 0x0, 0xf0, 0xe3, 0xff, 0x8f,
    0x0, 0x30, 0x0, 0x0, 0x0, 0x30, 0xc, 0xff,
    0xf3, 0x0, 0xcc, 0x3, 0x30, 0xc, 0xc0, 0x33,
    0xff, 0xc0,

    /* U+B367 "덧" */
    0x0, 0xd, 0xfe, 0x1b, 0xfc, 0x36, 0x0, 0x6c,
    0x1f, 0xd8, 0x3f, 0xb0, 0x3, 0x60, 0x6, 0xff,
    0x8d, 0xfc, 0x18, 0x0, 0x30, 0xc, 0x60, 0x18,
    0x0, 0x78, 0x1, 0xf8, 0xf, 0x3c, 0x7c, 0x1e,
    0x40, 0x8,

    /* U+B369 "덩" */
    0x0, 0xf, 0xfc, 0x3c, 0x0, 0xf0, 0x3, 0xc1,
    0xff, 0x0, 0x3c, 0x0, 0xf0, 0x23, 0xff, 0x8c,
    0x0, 0x30, 0x0, 0xc3, 0xf8, 0x18, 0x18, 0xc0,
    0x33, 0x0, 0xcc, 0x3, 0x18, 0x18, 0x3f, 0xc0,

    /* U+B36B "덫" */
    0x0, 0xd, 0xfe, 0x1b, 0x0, 0x36, 0x0, 0x6c,
    0x1f, 0xd8, 0x1, 0xb0, 0x3, 0x7f, 0xc6, 0xf1,
    0xc, 0x0, 0x18, 0x6, 0x1, 0xff, 0xe0, 0x18,
    0x0, 0x78, 0x3, 0x9c, 0x3e, 0x1f, 0x30, 0xc,

    /* U+B36E "덮" */
    0x0, 0xd, 0xfe, 0x1b, 0xfc, 0x36, 0x0, 0x6c,
    0x1f, 0xd8, 0x3f, 0xb0, 0x3, 0x60, 0x46, 0xff,
    0xcd, 0xe8, 0x18, 0x0, 0x0, 0x0, 0x3, 0xff,
    0xe1, 0x86, 0x3, 0xc, 0x6, 0x18, 0xc, 0x30,
    0x18, 0x60, 0xff, 0xf8,

    /* U+B370 "데" */
    0x0, 0x66, 0x0, 0xcf, 0xf9, 0x9e, 0x3, 0x3c,
    0x6, 0x78, 0xc, 0xf1, 0xf9, 0xe3, 0xf3, 0xc0,
    0x67, 0x80, 0xcf, 0x1, 0x9e, 0x1b, 0x3f, 0xf6,
    0x78, 0xc, 0xc0, 0x19, 0x80, 0x33, 0x0, 0x66,
    0x0, 0xc,

    /* U+B371 "덱" */
    0x0, 0x67, 0xfc, 0xcf, 0xf9, 0x9e, 0x3, 0x3c,
    0x6, 0x78, 0x7c, 0xf0, 0x19, 0xe0, 0x33, 0xff,
    0x67, 0xfe, 0xcc, 0x1, 0x98, 0x0, 0x0, 0x0,
    0x3, 0xff, 0xc0, 0x1, 0x80, 0x3, 0x0, 0x6,
    0x0, 0xc, 0x0, 0x18,

    /* U+B374 "덴" */
    0x0, 0x66, 0x0, 0xcf, 0xf9, 0x9e, 0x3, 0x3c,
    0x6, 0x78, 0x7c, 0xf0, 0xf9, 0xe0, 0x33, 0xc0,
    0x67, 0xbe, 0xcf, 0xfd, 0x98, 0x3, 0x30, 0x6,
    0x63, 0x0, 0x6, 0x0, 0xc, 0x0, 0x18, 0x0,
    0x3f, 0xfc,

    /* U+B378 "델" */
    0x0, 0x67, 0xfc, 0xcf, 0x1, 0x9e, 0x3, 0x3c,
    0x3e, 0x78, 0xc, 0xf0, 0xd9, 0xff, 0xb3, 0x0,
    0x66, 0x0, 0x0, 0xff, 0xf8, 0x0, 0x30, 0x0,
    0x67, 0xff, 0xcc, 0x0, 0x18, 0x0, 0x30, 0x0,
    0x7f, 0xfc,

    /* U+B380 "뎀" */
    0x0, 0x67, 0xfc, 0xcf, 0xf9, 0x9e, 0x3, 0x3c,
    0x3e, 0x78, 0x7c, 0xf0, 0x19, 0xef, 0xb3, 0xff,
    0x66, 0x0, 0xcc, 0x0, 0x0, 0xff, 0xf1, 0x80,
    0x63, 0x0, 0xc6, 0x1, 0x8c, 0x3, 0x18, 0x6,
    0x3f, 0xfc,

    /* U+B381 "뎁" */
    0x0, 0x67, 0xfc, 0xcf, 0xf9, 0x9e, 0x3, 0x3c,
    0x3e, 0x78, 0x7c, 0xf0, 0x19, 0xe3, 0xb3, 0xff,
    0x66, 0x0, 0xcc, 0x0, 0x0, 0x0, 0x1, 0x80,
    0x63, 0xff, 0xc6, 0x1, 0x8c, 0x3, 0x18, 0x6,
    0x30, 0xc, 0x7f, 0xf8,

    /* U+B383 "뎃" */
    0x0, 0x26, 0xfe, 0x26, 0xfe, 0x26, 0xc0, 0x26,
    0xc0, 0x26, 0xc3, 0xe6, 0xc0, 0x26, 0xc0, 0x26,
    0xff, 0x26, 0xff, 0x26, 0x0, 0x6, 0x0, 0xc6,
    0x0, 0xc0, 0x1, 0xe0, 0x3, 0xe0, 0x7, 0x38,
    0x3e, 0x1f, 0x30, 0x6,

    /* U+B384 "뎄" */
    0x0, 0x66, 0xfe, 0x66, 0xfe, 0x66, 0xc0, 0x66,
    0xc3, 0xe6, 0xc3, 0xe6, 0xc0, 0x66, 0xc7, 0x66,
    0xff, 0x66, 0x0, 0x66, 0x0, 0x0, 0xc, 0x38,
    0xc, 0x38, 0x1c, 0x38, 0x1e, 0x6c, 0x73, 0xee,
    0x63, 0xc7, 0x0, 0x0,

    /* U+B385 "뎅" */
    0x0, 0x67, 0xfc, 0xcf, 0xf9, 0x9e, 0x3, 0x3c,
    0x3e, 0x78, 0x7c, 0xf0, 0x19, 0xe0, 0x33, 0xff,
    0x67, 0xc0, 0xcc, 0x0, 0x18, 0x3f, 0x81, 0xc1,
    0xc7, 0x0, 0xcc, 0x1, 0x9c, 0x3, 0x1c, 0x1c,
    0xf, 0xe0,

    /* U+B38C "뎌" */
    0x0, 0xf, 0xfc, 0x3c, 0x0, 0xf0, 0x3, 0xc1,
    0xff, 0x7, 0xfc, 0x0, 0xf0, 0x3, 0xc1, 0xff,
    0x0, 0x3c, 0x0, 0xf0, 0x23, 0xff, 0x8f, 0xfe,
    0x30, 0x0, 0xc0, 0x3, 0x0, 0xc, 0x0, 0x30,

    /* U+B390 "뎐" */
    0x0, 0xd, 0xfe, 0x1b, 0xfc, 0x36, 0x0, 0x6c,
    0xf, 0xd8, 0x1, 0xb0, 0x3, 0x60, 0x7e, 0xc0,
    0xfd, 0x80, 0x1b, 0xfe, 0x37, 0xfc, 0x60, 0x0,
    0xc6, 0x0, 0xc, 0x0, 0x18, 0x0, 0x30, 0x0,
    0x7f, 0xfc,

    /* U+B394 "뎔" */
    0x0, 0xd, 0xfe, 0x1b, 0xfc, 0x36, 0x7, 0xec,
    0x0, 0xd8, 0x1, 0xb0, 0x3f, 0x60, 0x7e, 0xff,
    0x8c, 0x0, 0x18, 0x0, 0x1, 0xff, 0xe0, 0x0,
    0xc0, 0x1, 0x8f, 0xff, 0x18, 0x0, 0x30, 0x0,
    0x60, 0x0, 0xff, 0xf8,

    /* U+B3A0 "뎠" */
    0x0, 0xc, 0xff, 0xc, 0xff, 0xc, 0xc0, 0xfc,
    0xc0, 0xc, 0xc0, 0xc, 0xc0, 0xfc, 0xc0, 0xfc,
    0xff, 0x8c, 0xf8, 0xc, 0x0, 0x0, 0xc, 0x30,
    0xc, 0x30, 0x1c, 0x78, 0x3e, 0x78, 0x73, 0xce,
    0xe3, 0x86, 0x0, 0x0,

    /* U+B3A1 "뎡" */
    0x0, 0xf, 0xfc, 0x3f, 0xf0, 0xf0, 0x3f, 0xc0,
    0xf, 0x0, 0x3c, 0xf, 0xf0, 0x3f, 0xff, 0x8c,
    0x0, 0x30, 0x0, 0xc3, 0xf8, 0x18, 0x18, 0xc0,
    0x33, 0x0, 0xcc, 0x3, 0x18, 0x18, 0x3f, 0x80,

    /* U+B3A8 "뎨" */
    0x0, 0x66, 0x0, 0xcf, 0xf9, 0x9e, 0x3, 0x3c,
    0x6, 0x78, 0x7c, 0xf0, 0x19, 0xe0, 0x33, 0xc3,
    0xe7, 0x87, 0xcf, 0x1, 0x9e, 0x3, 0x3f, 0xf6,
    0x7e, 0xc, 0xc0, 0x19, 0x80, 0x33, 0x0, 0x66,
    0x0, 0xc,

    /* U+B3AC "뎬" */
    0x0, 0x66, 0x0, 0xcf, 0xf1, 0x9e, 0x3, 0x3c,
    0x3e, 0x78, 0x7c, 0xf0, 0x19, 0xe1, 0xf3, 0xc3,
    0xe7, 0x80, 0xcf, 0xf9, 0x9f, 0xe3, 0x30, 0x6,
    0x63, 0x0, 0x6, 0x0, 0xc, 0x0, 0x18, 0x0,
    0x3f, 0xfc,

    /* U+B3C4 "도" */
    0x3f, 0xfe, 0x18, 0x0, 0xc, 0x0, 0x6, 0x0,
    0x3, 0x0, 0x1, 0x80, 0x0, 0xc0, 0x0, 0x7f,
    0xfc, 0x1, 0x80, 0x0, 0xc0, 0x0, 0x60, 0x0,
    0x30, 0x0, 0x18, 0x7, 0xff, 0xfc,

    /* U+B3C5 "독" */
    0x3f, 0xfe, 0x18, 0x0, 0xc, 0x0, 0x6, 0x0,
    0x3, 0x0, 0x1, 0xff, 0xf0, 0x7, 0x0, 0x3,
    0x80, 0x1, 0xc0, 0x7f, 0xff, 0xc0, 0x0, 0x0,
    0x0, 0x3, 0xff, 0xe0, 0x0, 0x30, 0x0, 0x18,
    0x0, 0xc, 0x0, 0x6, 0x0, 0x3, 0x0,

    /* U+B3C8 "돈" */
    0x3f, 0xfe, 0x18, 0x0, 0xc, 0x0, 0x6, 0x0,
    0x3, 0xff, 0xe0, 0xc, 0x0, 0x6, 0x0, 0x3,
    0x0, 0xff, 0xff, 0x80, 0x0, 0x0, 0x0, 0x0,
    0x0, 0x3, 0x0, 0x1, 0x80, 0x0, 0xc0, 0x0,
    0x60, 0x0, 0x3f, 0xfe, 0x0,

    /* U+B3CB "돋" */
    0x3f, 0xfe, 0x18, 0x0, 0xc, 0x0, 0x6, 0x0,
    0x3, 0x0, 0x1, 0xff, 0xf0, 0x6, 0x0, 0x3,
    0x0, 0xff, 0xff, 0x80, 0x0, 0x0, 0x0, 0x0,
    0x0, 0x3, 0xff, 0xe1, 0x80, 0x0, 0xc0, 0x0,
    0x60, 0x0, 0x30, 0x0, 0x1f, 0xff, 0x0,

    /* U+B3CC "돌" */
    0x3f, 0xfe, 0x18, 0x0, 0xc, 0x0, 0x6, 0x0,
    0x3, 0xff, 0xe0, 0xc, 0x0, 0x6, 0x1, 0xff,
    0xff, 0x0, 0x0, 0x0, 0x0, 0xf, 0xff, 0x80,
    0x1, 0xc0, 0x0, 0xe1, 0xff, 0xf0, 0xc0, 0x0,
    0x60, 0x0, 0x30, 0x0, 0x1f, 0xff, 0x0,

    /* U+B3CE "돎" */
    0x3f, 0xfe, 0x18, 0x0, 0xc, 0x0, 0x6, 0x0,
    0x3, 0xff, 0xe0, 0xe, 0x0, 0x7, 0x1, 0xff,
    0xff, 0x0, 0x0, 0x0, 0x0, 0xf, 0xdf, 0x80,
    0x6c, 0xc0, 0x36, 0x61, 0xfb, 0x30, 0xc1, 0x98,
    0x60, 0xcc, 0x30, 0x66, 0x1f, 0xbf, 0x0,

    /* U+B3D0 "돐" */
    0x3f, 0xfe, 0x18, 0x0, 0xc, 0x0, 0x6, 0x0,
    0x3, 0xff, 0xe0, 0xc, 0x0, 0x6, 0x0, 0x3,
    0x0, 0xff, 0xff, 0x80, 0x0, 0xf, 0xc6, 0x0,
    0x63, 0x0, 0x31, 0x81, 0xf8, 0xc0, 0xc0, 0xf0,
    0x60, 0x58, 0x30, 0x66, 0x1f, 0xe1, 0x80,

    /* U+B3D4 "돔" */
    0x3f, 0xfe, 0x18, 0x0, 0xc, 0x0, 0x6, 0x0,
    0x3, 0x0, 0x1, 0xff, 0xf0, 0x7, 0x0, 0x3,
    0x80, 0xff, 0xff, 0x80, 0x0, 0x0, 0x0, 0x0,
    0x0, 0x3, 0xff, 0xe1, 0x80, 0x30, 0xc0, 0x18,
    0x60, 0xc, 0x30, 0x6, 0x1f, 0xff, 0x0,

    /* U+B3D5 "돕" */
    0x3f, 0xfe, 0x18, 0x0, 0xc, 0x0, 0x6, 0x0,
    0x3, 0x0, 0x1, 0xff, 0xf0, 0x7, 0x0, 0x3,
    0x80, 0xff, 0xff, 0x80, 0x0, 0x0, 0x0, 0x0,
    0x0, 0x3, 0x0, 0x61, 0xff, 0xf0, 0xc0, 0x18,
    0x60, 0xc, 0x30, 0x6, 0x1f, 0xff, 0x0,

    /* U+B3D7 "돗" */
    0x3f, 0xfe, 0x18, 0x0, 0xc, 0x0, 0x6, 0x0,
    0x3, 0x0, 0x1, 0xff, 0xf0, 0x6, 0x0, 0x3,
    0x0, 0x1, 0x80, 0x7f, 0xff, 0xc0, 0x0, 0x0,
    0x30, 0x0, 0x18, 0x0, 0x1e, 0x0, 0x1d, 0x80,
    0x3c, 0xf0, 0x78, 0x1e, 0x10, 0x1, 0x0,

    /* U+B3D9 "동" */
    0x3f, 0xfe, 0x18, 0x0, 0xc, 0x0, 0x6, 0x0,
    0x3, 0xff, 0xe0, 0xe, 0x0, 0x7, 0x0, 0x3,
    0x80, 0xff, 0xff, 0x80, 0x0, 0x1, 0xfc, 0x3,
    0x83, 0x83, 0x0, 0xe1, 0x80, 0x30, 0xc0, 0x38,
    0x38, 0x38, 0x7, 0xf0, 0x0,

    /* U+B3DB "돛" */
    0x3f, 0xfe, 0x18, 0x0, 0xc, 0x0, 0x6, 0x0,
    0x3, 0xff, 0xe0, 0xe, 0x0, 0x7, 0x0, 0x3,
    0x80, 0xff, 0xff, 0x80, 0x0, 0x0, 0x70, 0x0,
    0x38, 0x3, 0xff, 0xe0, 0xe, 0x0, 0xf, 0x80,
    0x1e, 0xf0, 0x3c, 0x1e, 0x10, 0x1, 0x0,

    /* U+B3DD "돝" */
    0x3f, 0xfe, 0x18, 0x0, 0xc, 0x0, 0x6, 0x0,
    0x3, 0xff, 0xe0, 0xc, 0x0, 0x6, 0x0, 0x3,
    0x0, 0xff, 0xff, 0x80, 0x0, 0x0, 0x0, 0x7,
    0xff, 0xc3, 0x0, 0x1, 0xff, 0xe0, 0xc0, 0x0,
    0x60, 0x0, 0x30, 0x0, 0x1f, 0xff, 0x0,

    /* U+B3E0 "돠" */
    0x0, 0xc, 0x3f, 0xe6, 0x18, 0x3, 0xc, 0x1,
    0x86, 0x0, 0xc3, 0x0, 0x61, 0x80, 0x30, 0xff,
    0x9f, 0x6, 0xc, 0x3, 0x6, 0x1, 0x83, 0x0,
    0xc1, 0x8f, 0xfe, 0xc7, 0xfc, 0x60, 0x0, 0x30,
    0x0, 0x18, 0x0, 0xc, 0x0, 0x6, 0x0,

    /* U+B3E4 "돤" */
    0x0, 0xc, 0x3f, 0xe6, 0x1f, 0xf3, 0xc, 0x1,
    0x86, 0x0, 0xc3, 0x0, 0x61, 0x80, 0x30, 0xff,
    0x9f, 0x7f, 0xcf, 0x86, 0x6, 0x3, 0x1b, 0x1f,
    0xfd, 0x8f, 0xf8, 0xc0, 0x0, 0x60, 0x0, 0x0,
    0x60, 0x0, 0x30, 0x0, 0x18, 0x0, 0xf, 0xff,
    0x80,

    /* U+B3E8 "돨" */
    0x0, 0xc, 0x7f, 0xcc, 0x60, 0xc, 0x60, 0xc,
    0x7f, 0xcf, 0xc, 0xc, 0xc, 0xc, 0xc, 0x2c,
    0xff, 0xec, 0x0, 0x0, 0x3f, 0xfc, 0x0, 0xc,
    0x0, 0xc, 0x3f, 0xfc, 0x30, 0x0, 0x30, 0x0,
    0x30, 0x0, 0x3f, 0xfe,

    /* U+B3FC "돼" */
    0x0, 0x33, 0x7f, 0xb3, 0x7f, 0xb3, 0x60, 0x33,
    0x60, 0x33, 0x60, 0x33, 0x60, 0x33, 0x7f, 0xbf,
    0x7f, 0xbf, 0xc, 0x33, 0xc, 0x33, 0xc, 0x33,
    0xff, 0xb3, 0xff, 0xb3, 0x0, 0x33, 0x0, 0x33,
    0x0, 0x33, 0x0, 0x3,

    /* U+B410 "됐" */
    0x0, 0x33, 0x3f, 0xd9, 0x9f, 0xec, 0xcc, 0x6,
    0x66, 0x3, 0x33, 0xfd, 0xf9, 0xfe, 0xfc, 0x10,
    0x66, 0x8, 0x33, 0x7f, 0xd9, 0x80, 0xc, 0xc0,
    0x0, 0x0, 0xc1, 0xc0, 0x60, 0xe0, 0x78, 0x70,
    0x7e, 0x6c, 0x73, 0xe3, 0x90, 0x60, 0x80,

    /* U+B418 "되" */
    0x0, 0x6, 0xff, 0x8d, 0x80, 0x1b, 0x0, 0x36,
    0x0, 0x6c, 0x0, 0xd8, 0x1, 0xbf, 0xe3, 0x6,
    0x6, 0xc, 0xc, 0x18, 0x18, 0x30, 0x3f, 0xff,
    0x7f, 0xfc, 0xc0, 0x1, 0x80, 0x3, 0x0, 0x6,
    0x0, 0xc,

    /* U+B41C "된" */
    0x0, 0x6, 0x3f, 0xe6, 0x3f, 0xe6, 0x30, 0x6,
    0x30, 0x6, 0x30, 0x6, 0x3f, 0xe6, 0x3f, 0xe6,
    0x6, 0x6, 0x6, 0x6, 0xff, 0xf6, 0x7f, 0xf6,
    0x0, 0x6, 0x0, 0x0, 0x18, 0x0, 0x18, 0x0,
    0x18, 0x0, 0x1f, 0xff,

    /* U+B420 "될" */
    0x0, 0x6, 0x3f, 0xe6, 0x30, 0x6, 0x30, 0x6,
    0x30, 0x6, 0x3f, 0xe6, 0x6, 0x6, 0x6, 0x6,
    0xff, 0xf6, 0x7f, 0xc6, 0x0, 0x0, 0x1f, 0xfe,
    0x0, 0x6, 0x0, 0x6, 0x1f, 0xfe, 0x18, 0x0,
    0x18, 0x0, 0x18, 0x0, 0x1f, 0xff,

    /* U+B428 "됨" */
    0x0, 0x6, 0x7f, 0xcc, 0xff, 0x99, 0x80, 0x33,
    0x0, 0x67, 0xfc, 0xcf, 0xf9, 0x83, 0x3, 0x6,
    0x36, 0xff, 0xec, 0x0, 0x18, 0x0, 0x0, 0x0,
    0x3, 0xff, 0xc6, 0x1, 0x8c, 0x3, 0x18, 0x6,
    0x30, 0xc, 0x7f, 0xf8,

    /* U+B429 "됩" */
    0x0, 0x6, 0x7f, 0xcc, 0xc0, 0x19, 0x80, 0x33,
    0x0, 0x67, 0xfc, 0xc1, 0x81, 0x83, 0x3, 0xff,
    0xf6, 0xfe, 0xc, 0x0, 0x0, 0x0, 0x1, 0x80,
    0x63, 0xff, 0xc6, 0x1, 0x8c, 0x3, 0x18, 0x6,
    0x3f, 0xfc,

    /* U+B42B "됫" */
    0x0, 0x6, 0x3f, 0xe6, 0x3f, 0xe6, 0x30, 0x6,
    0x30, 0x6, 0x3f, 0xe6, 0x3f, 0xe6, 0x6, 0x6,
    0x6, 0x6, 0xff, 0xf6, 0x7f, 0xc6, 0x0, 0x6,
    0x0, 0xc6, 0x0, 0xc0, 0x1, 0xe0, 0x3, 0xf0,
    0x1f, 0x3e, 0x1c, 0xe,

    /* U+B434 "됴" */
    0x3f, 0xfe, 0x18, 0x0, 0xc, 0x0, 0x6, 0x0,
    0x3, 0x0, 0x1, 0x80, 0x0, 0xc0, 0x0, 0x7f,
    0xfc, 0xe, 0x30, 0x7, 0x18, 0x3, 0x8c, 0x1,
    0xc6, 0x0, 0xe3, 0x7, 0xff, 0xfc,

    /* U+B450 "두" */
    0x3f, 0xfc, 0x18, 0x0, 0xc, 0x0, 0x6, 0x0,
    0x3, 0x0, 0x1, 0xff, 0xe0, 0x0, 0x0, 0x0,
    0x0, 0x0, 0x0, 0x7f, 0xff, 0xc0, 0x60, 0x0,
    0x30, 0x0, 0x18, 0x0, 0xc, 0x0, 0x6, 0x0,
    0x3, 0x0, 0x1, 0x80, 0x0,

    /* U+B451 "둑" */
    0x3f, 0xfe, 0x18, 0x0, 0xc, 0x0, 0x6, 0x0,
    0x3, 0x0, 0x1, 0xff, 0xf0, 0x0, 0x0, 0x0,
    0x0, 0xff, 0xff, 0x80, 0xe0, 0x0, 0x70, 0x0,
    0x38, 0x3, 0xff, 0xe0, 0x0, 0x30, 0x0, 0x18,
    0x0, 0xc, 0x0, 0x6, 0x0, 0x3, 0x0,

    /* U+B454 "둔" */
    0x3f, 0xfe, 0x18, 0x0, 0xc, 0x0, 0x6, 0x0,
    0x3, 0x0, 0x1, 0xff, 0xf0, 0x0, 0x0, 0x0,
    0x0, 0xff, 0xff, 0x80, 0xe0, 0x0, 0x70, 0x0,
    0x38, 0x3, 0x0, 0x1, 0x80, 0x0, 0xc0, 0x0,
    0x60, 0x0, 0x3f, 0xfe, 0x0,

    /* U+B458 "둘" */
    0x3f, 0xfc, 0x18, 0x0, 0xc, 0x0, 0x6, 0x0,
    0x3, 0xff, 0xc0, 0x0, 0x0, 0x0, 0x1, 0xff,
    0xff, 0x1, 0x80, 0x0, 0xc0, 0xf, 0xff, 0x0,
    0x1, 0x80, 0x0, 0xc1, 0xff, 0xe0, 0xc0, 0x0,
    0x60, 0x0, 0x30, 0x0, 0x1f, 0xff, 0x0,

    /* U+B460 "둠" */
    0x3f, 0xfe, 0x18, 0x0, 0xc, 0x0, 0x6, 0x0,
    0x3, 0x0, 0x1, 0xff, 0xf0, 0x0, 0x0, 0x0,
    0x0, 0xff, 0xff, 0x80, 0xe0, 0x0, 0x70, 0x0,
    0x38, 0x3, 0xff, 0xe1, 0x80, 0x30, 0xc0, 0x18,
    0x60, 0xc, 0x30, 0x6, 0x1f, 0xff, 0x0,

    /* U+B461 "둡" */
    0x3f, 0xfe, 0x18, 0x0, 0xc, 0x0, 0x6, 0x0,
    0x3, 0x0, 0x1, 0xff, 0xf0, 0x0, 0x0, 0x0,
    0x0, 0xff, 0xff, 0x80, 0xe0, 0x0, 0x70, 0x0,
    0x0, 0x3, 0x0, 0x61, 0xff, 0xf0, 0xc0, 0x18,
    0x60, 0xc, 0x30, 0x6, 0x1f, 0xff, 0x0,

    /* U+B463 "둣" */
    0x3f, 0xfe, 0x18, 0x0, 0xc, 0x0, 0x6, 0x0,
    0x3, 0x0, 0x1, 0xff, 0xf0, 0x0, 0x0, 0x0,
    0x0, 0xff, 0xff, 0x80, 0xc0, 0x0, 0x60, 0x0,
    0x30, 0x0, 0x18, 0x0, 0xe, 0x0, 0x1f, 0x80,
    0x7c, 0xf8, 0x78, 0x1e, 0x0,

    /* U+B465 "둥" */
    0x3f, 0xfe, 0x18, 0x0, 0xc, 0x0, 0x6, 0x0,
    0x3, 0xff, 0xe0, 0x0, 0x0, 0x0, 0x1, 0xff,
    0xff, 0x1, 0xc0, 0x0, 0xe0, 0x3, 0xfe, 0x3,
    0x83, 0x83, 0x0, 0xe1, 0x80, 0x30, 0xc0, 0x38,
    0x38, 0x38, 0x7, 0xf0, 0x0,

    /* U+B46C "둬" */
    0x0, 0x3, 0x3f, 0xe3, 0x30, 0x3, 0x30, 0x3,
    0x30, 0x3, 0x30, 0x3, 0x3f, 0xe3, 0x0, 0x3,
    0x0, 0x3, 0x7f, 0xfb, 0x6, 0x3, 0x6, 0x3,
    0x6, 0x3f, 0x6, 0x3, 0x6, 0x3, 0x6, 0x3,
    0x6, 0x3, 0x6, 0x3,

    /* U+B480 "뒀" */
    0x3f, 0xc6, 0x1f, 0xe3, 0xc, 0x1, 0x86, 0x0,
    0xc3, 0xfc, 0x61, 0xfe, 0x30, 0x3, 0x99, 0xff,
    0xcc, 0x6, 0x6, 0x3, 0x3f, 0x1, 0x81, 0x80,
    0x0, 0x0, 0x61, 0x80, 0x70, 0xc0, 0x38, 0xf0,
    0x36, 0xfc, 0x71, 0xe7, 0x10, 0x60, 0x80,

    /* U+B488 "뒈" */
    0x0, 0x33, 0x7f, 0x33, 0x7f, 0x33, 0x60, 0x33,
    0x60, 0x33, 0x7f, 0x33, 0x7f, 0x33, 0x0, 0x33,
    0xf, 0xb3, 0xff, 0xb3, 0x8, 0x33, 0x9, 0xf3,
    0x9, 0xf3, 0x8, 0x33, 0x8, 0x33, 0x8, 0x33,
    0x0, 0x33, 0x0, 0x3,

    /* U+B49D "뒝" */
    0x0, 0x36, 0xfe, 0x6d, 0x80, 0xdb, 0x1, 0xb7,
    0xf3, 0x6f, 0xe6, 0xc1, 0xed, 0xff, 0xdb, 0x1c,
    0x36, 0x3b, 0xec, 0x70, 0xd8, 0x0, 0x30, 0x7f,
    0x83, 0x81, 0x86, 0x1, 0x8c, 0x3, 0x1c, 0xc,
    0xf, 0xf0,

    /* U+B4A4 "뒤" */
    0x0, 0x6, 0x7f, 0xcc, 0xc0, 0x19, 0x80, 0x33,
    0x0, 0x66, 0x0, 0xcf, 0xf9, 0x80, 0x3, 0x0,
    0x6, 0x0, 0x2f, 0xff, 0xd8, 0x30, 0x30, 0x60,
    0x60, 0xc0, 0xc1, 0x81, 0x83, 0x3, 0x6, 0x6,
    0xc, 0xc,

    /* U+B4A8 "뒨" */
    0x0, 0x6, 0x7f, 0xcc, 0xff, 0x99, 0x80, 0x33,
    0x0, 0x66, 0x0, 0xcf, 0xf9, 0x9f, 0xf3, 0x0,
    0x6, 0x0, 0xf, 0xff, 0xdf, 0xff, 0x30, 0x60,
    0x60, 0xc0, 0xc6, 0x0, 0xc, 0x0, 0x18, 0x0,
    0x30, 0x0, 0x7f, 0xf8,

    /* U+B4AC "뒬" */
    0x3f, 0xc6, 0x30, 0x6, 0x30, 0x6, 0x30, 0x6,
    0x3f, 0xc6, 0x0, 0x6, 0x0, 0x36, 0xff, 0xf6,
    0x6, 0x6, 0x6, 0x0, 0x1f, 0xfe, 0x0, 0x6,
    0x0, 0x6, 0x1f, 0xfe, 0x18, 0x0, 0x18, 0x0,
    0x18, 0x0, 0x1f, 0xff,

    /* U+B4B5 "뒵" */
    0x0, 0x6, 0x7f, 0x8c, 0xc0, 0x19, 0x80, 0x33,
    0xfc, 0x67, 0xf8, 0xc0, 0x1, 0xff, 0xfb, 0xff,
    0xc6, 0xc, 0xc, 0x18, 0x0, 0x0, 0x1, 0x80,
    0x63, 0xff, 0xc6, 0x1, 0x8c, 0x3, 0x18, 0x6,
    0x3f, 0xfc,

    /* U+B4B7 "뒷" */
    0x0, 0x6, 0x3f, 0xe6, 0x3f, 0xe6, 0x30, 0x6,
    0x30, 0x6, 0x3f, 0xe6, 0x3f, 0xe6, 0x0, 0x6,
    0xff, 0xf6, 0xff, 0xe6, 0x6, 0x6, 0x6, 0x6,
    0x6, 0x66, 0x0, 0x60, 0x0, 0xf0, 0x3, 0xb8,
    0x1f, 0xf, 0x1c, 0x7,

    /* U+B4B9 "뒹" */
    0x0, 0x6, 0x7f, 0x8c, 0xc0, 0x19, 0x80, 0x33,
    0x0, 0x67, 0xf8, 0xc0, 0x1, 0x80, 0xb, 0xff,
    0xf6, 0xc, 0xc, 0x18, 0x18, 0x3f, 0x81, 0xc0,
    0xc3, 0x0, 0xc6, 0x1, 0x8c, 0x3, 0xc, 0xc,
    0x7, 0xf0,

    /* U+B4C0 "듀" */
    0x3f, 0xfc, 0x18, 0x0, 0xc, 0x0, 0x6, 0x0,
    0x3, 0x0, 0x1, 0xff, 0xe0, 0x0, 0x0, 0x0,
    0x0, 0x0, 0x0, 0x7f, 0xff, 0xc3, 0xc, 0x1,
    0x86, 0x0, 0xc3, 0x0, 0x61, 0x80, 0x30, 0xc0,
    0x18, 0x60, 0xc, 0x30, 0x0,

    /* U+B4C4 "듄" */
    0x3f, 0xfc, 0x18, 0x0, 0xc, 0x0, 0x6, 0x0,
    0x3, 0xff, 0xe0, 0x0, 0x0, 0x0, 0x0, 0x0,
    0x0, 0xff, 0xff, 0x81, 0x98, 0x0, 0xcc, 0x0,
    0x66, 0x0, 0x0, 0x1, 0x80, 0x0, 0xc0, 0x0,
    0x60, 0x0, 0x3f, 0xfe, 0x0,

    /* U+B4C8 "듈" */
    0x3f, 0xfc, 0x18, 0x0, 0xc, 0x0, 0x6, 0x0,
    0x3, 0xff, 0xc0, 0x0, 0x0, 0x0, 0x1, 0xff,
    0xff, 0xc, 0x30, 0x6, 0x18, 0xf, 0xff, 0x0,
    0x1, 0x80, 0x0, 0xc1, 0xff, 0xe0, 0xc0, 0x0,
    0x60, 0x0, 0x30, 0x0, 0x1f, 0xff, 0x0,

    /* U+B4D0 "듐" */
    0x3f, 0xfe, 0x18, 0x0, 0xc, 0x0, 0x6, 0x0,
    0x3, 0x0, 0x1, 0xff, 0xf0, 0x0, 0x0, 0x0,
    0x0, 0xff, 0xff, 0x87, 0x1c, 0x3, 0x8e, 0x1,
    0xc7, 0x3, 0xff, 0xe1, 0x80, 0x30, 0xc0, 0x18,
    0x60, 0xc, 0x30, 0x6, 0x1f, 0xff, 0x0,

    /* U+B4D5 "듕" */
    0x3f, 0xfe, 0x18, 0x0, 0xc, 0x0, 0x6, 0x0,
    0x3, 0x0, 0x1, 0xff, 0xf0, 0x0, 0x0, 0x0,
    0x0, 0xff, 0xff, 0x86, 0xc, 0x3, 0x6, 0x1,
    0xff, 0x1, 0xc1, 0xc1, 0x80, 0x70, 0xc0, 0x18,
    0x60, 0x1c, 0x1c, 0x1c, 0x3, 0xf8, 0x0,

    /* U+B4DC "드" */
    0x3f, 0xfe, 0x18, 0x0, 0xc, 0x0, 0x6, 0x0,
    0x3, 0x0, 0x1, 0x80, 0x0, 0xc0, 0x0, 0x7f,
    0xfc, 0x0, 0x0, 0x0, 0x0, 0x0, 0x0, 0x0,
    0x0, 0x0, 0x0, 0x7, 0xff, 0xfc,

    /* U+B4DD "득" */
    0x3f, 0xfe, 0x18, 0x0, 0xc, 0x0, 0x6, 0x0,
    0x3, 0x0, 0x1, 0xff, 0xf0, 0x0, 0x0, 0x0,
    0x0, 0xff, 0xff, 0x80, 0x0, 0x0, 0x0, 0x0,
    0x0, 0x3, 0xff, 0xe0, 0x0, 0x30, 0x0, 0x18,
    0x0, 0xc, 0x0, 0x6, 0x0, 0x3, 0x0,

    /* U+B4E0 "든" */
    0x3f, 0xfe, 0x18, 0x0, 0xc, 0x0, 0x6, 0x0,
    0x3, 0x0, 0x1, 0xff, 0xf0, 0x0, 0x0, 0x0,
    0x0, 0x0, 0x0, 0x7f, 0xff, 0xc0, 0x0, 0x0,
    0x0, 0x0, 0x0, 0x1, 0x80, 0x0, 0xc0, 0x0,
    0x60, 0x0, 0x30, 0x0, 0x1f, 0xff, 0x0,

    /* U+B4E3 "듣" */
    0x3f, 0xfe, 0x18, 0x0, 0xc, 0x0, 0x6, 0x0,
    0x3, 0x0, 0x1, 0xff, 0xf0, 0x0, 0x0, 0x0,
    0x0, 0xff, 0xff, 0x80, 0x0, 0x0, 0x0, 0x7,
    0xff, 0xc3, 0x0, 0x1, 0x80, 0x0, 0xc0, 0x0,
    0x60, 0x0, 0x30, 0x0, 0x1f, 0xff, 0x0,

    /* U+B4E4 "들" */
    0x3f, 0xfe, 0x18, 0x0, 0xc, 0x0, 0x6, 0x0,
    0x3, 0xff, 0xe0, 0x0, 0x0, 0x0, 0x1, 0xff,
    0xff, 0x0, 0x0, 0x0, 0x0, 0xf, 0xff, 0x80,
    0x1, 0xc0, 0x0, 0xe1, 0xff, 0xf0, 0xc0, 0x0,
    0x60, 0x0, 0x30, 0x0, 0x1f, 0xff, 0x0,

    /* U+B4E6 "듦" */
    0x3f, 0xfe, 0x18, 0x0, 0xc, 0x0, 0x6, 0x0,
    0x3, 0xff, 0xe0, 0x0, 0x0, 0x0, 0x1, 0xff,
    0xff, 0x0, 0x0, 0x0, 0x0, 0xf, 0xdf, 0x80,
    0x6c, 0xc0, 0x36, 0x61, 0xfb, 0x30, 0xc1, 0x98,
    0x60, 0xcc, 0x30, 0x66, 0x1f, 0xbf, 0x0,

    /* U+B4EC "듬" */
    0x3f, 0xfe, 0x18, 0x0, 0xc, 0x0, 0x6, 0x0,
    0x3, 0x0, 0x1, 0xff, 0xf0, 0x0, 0x0, 0x0,
    0x0, 0xff, 0xff, 0x80, 0x0, 0x0, 0x0, 0x0,
    0x0, 0x3, 0xff, 0xe1, 0x80, 0x30, 0xc0, 0x18,
    0x60, 0xc, 0x30, 0x6, 0x1f, 0xff, 0x0,

    /* U+B4ED "듭" */
    0x3f, 0xfe, 0x18, 0x0, 0xc, 0x0, 0x6, 0x0,
    0x3, 0x0, 0x1, 0xff, 0xf0, 0x0, 0x0, 0x0,
    0x0, 0xff, 0xff, 0x80, 0x0, 0x0, 0x0, 0x0,
    0x0, 0x3, 0xff, 0xe1, 0x80, 0x30, 0xc0, 0x18,
    0x60, 0xc, 0x30, 0x6, 0x1f, 0xff, 0x0,

    /* U+B4EF "듯" */
    0x3f, 0xfe, 0x18, 0x0, 0xc, 0x0, 0x6, 0x0,
    0x3, 0x0, 0x1, 0xff, 0xf0, 0x0, 0x0, 0x0,
    0x0, 0xff, 0xff, 0x80, 0x0, 0x0, 0x60, 0x0,
    0x30, 0x0, 0x1c, 0x0, 0x1f, 0x0, 0x39, 0xe0,
    0xf8, 0x3c, 0x20, 0x6, 0x0,

    /* U+B4F1 "등" */
    0x3f, 0xfe, 0x18, 0x0, 0xc, 0x0, 0x6, 0x0,
    0x3, 0x0, 0x1, 0xff, 0xf0, 0x0, 0x0, 0x0,
    0x0, 0xff, 0xff, 0x80, 0x0, 0x0, 0x0, 0x0,
    0xfe, 0x1, 0xc1, 0xc1, 0x80, 0x70, 0xc0, 0x18,
    0x60, 0x1c, 0x1c, 0x1c, 0x3, 0xf8, 0x0,

    /* U+B4F8 "듸" */
    0x0, 0xd, 0xff, 0x36, 0x0, 0xd8, 0x3, 0x60,
    0xd, 0x80, 0x36, 0x0, 0xdf, 0xf3, 0x0, 0xc,
    0x0, 0x30, 0x0, 0xc0, 0xb, 0xff, 0xef, 0xff,
    0x30, 0x0, 0xc0, 0x3, 0x0, 0xc, 0x0, 0x30,

    /* U+B514 "디" */
    0x0, 0xf, 0xfe, 0x3c, 0x0, 0xf0, 0x3, 0xc0,
    0xf, 0x0, 0x3c, 0x0, 0xf0, 0x3, 0xc0, 0xf,
    0x0, 0x3c, 0x0, 0xff, 0xf3, 0xff, 0xcc, 0x0,
    0x30, 0x0, 0xc0, 0x3, 0x0, 0xc, 0x0, 0x30,

    /* U+B515 "딕" */
    0x0, 0xf, 0xfe, 0x3c, 0x0, 0xf0, 0x3, 0xc0,
    0xf, 0x0, 0x3c, 0x0, 0xf0, 0x3, 0xff, 0xcc,
    0x0, 0x30, 0x0, 0xf, 0xff, 0x0, 0xc, 0x0,
    0x30, 0x0, 0xc0, 0x3, 0x0, 0xc, 0x0, 0x30,

    /* U+B518 "딘" */
    0x0, 0xd, 0xfe, 0x1b, 0xfc, 0x36, 0x0, 0x6c,
    0x0, 0xd8, 0x1, 0xb0, 0x3, 0x60, 0x6, 0xc0,
    0xd, 0xff, 0x9b, 0xff, 0x30, 0x0, 0x60, 0x0,
    0xc6, 0x0, 0xc, 0x0, 0x18, 0x0, 0x30, 0x0,
    0x7f, 0xfc,

    /* U+B51B "딛" */
    0x0, 0xf, 0xfe, 0x3f, 0xf8, 0xf0, 0x3, 0xc0,
    0xf, 0x0, 0x3c, 0x0, 0xff, 0xf3, 0xff, 0xcc,
    0x0, 0x30, 0x0, 0xf, 0xff, 0x30, 0x0, 0xc0,
    0x3, 0x0, 0xc, 0x0, 0x30, 0x0, 0xff, 0xf0,

    /* U+B51C "딜" */
    0x0, 0xd, 0xff, 0x1b, 0xfe, 0x36, 0x0, 0x6c,
    0x0, 0xd8, 0x1, 0xb0, 0x73, 0x7f, 0xe6, 0x0,
    0xc, 0x0, 0x0, 0xff, 0xf0, 0x0, 0x60, 0x0,
    0xc7, 0xff, 0x8c, 0x0, 0x18, 0x0, 0x30, 0x0,
    0x7f, 0xfc,

    /* U+B524 "딤" */
    0x0, 0xf, 0xfe, 0x3f, 0xf8, 0xf0, 0x3, 0xc0,
    0xf, 0x0, 0x3c, 0x0, 0xff, 0xf3, 0xff, 0x8c,
    0x0, 0x30, 0x0, 0xf, 0xff, 0x30, 0xc, 0xc0,
    0x33, 0x0, 0xcc, 0x3, 0x30, 0xc, 0xff, 0xf0,

    /* U+B525 "딥" */
    0x0, 0xf, 0xfe, 0x3f, 0xf8, 0xf0, 0x3, 0xc0,
    0xf, 0x0, 0x3c, 0x0, 0xf3, 0xf3, 0xff, 0xcc,
    0x0, 0x30, 0x0, 0x0, 0x0, 0x30, 0xc, 0xff,
    0xf3, 0x0, 0xcc, 0x3, 0x30, 0xc, 0xc0, 0x33,
    0xff, 0xc0,

    /* U+B527 "딧" */
    0x0, 0xd, 0xfe, 0x1b, 0xfc, 0x36, 0x0, 0x6c,
    0x0, 0xd8, 0x1, 0xb0, 0x3, 0x60, 0x26, 0xff,
    0xcd, 0xfc, 0x18, 0x0, 0x30, 0xc, 0x60, 0x18,
    0x0, 0x78, 0x1, 0xf8, 0xf, 0x38, 0x78, 0x3e,
    0xc0, 0x8,

    /* U+B528 "딨" */
    0x0, 0xc, 0xff, 0x8c, 0xff, 0x8c, 0xc0, 0xc,
    0xc0, 0xc, 0xc0, 0xc, 0xc0, 0xc, 0xff, 0xcc,
    0xff, 0x8c, 0x0, 0xc, 0x0, 0x0, 0x18, 0x30,
    0x18, 0x30, 0x3c, 0x78, 0x3c, 0x78, 0x66, 0xcc,
    0xc3, 0x86, 0x1, 0x0,

    /* U+B529 "딩" */
    0x0, 0xf, 0xfe, 0x3c, 0x0, 0xf0, 0x3, 0xc0,
    0xf, 0x0, 0x3c, 0x0, 0xf0, 0x13, 0xff, 0xcc,
    0x0, 0x30, 0x0, 0xc3, 0xf8, 0x38, 0x18, 0xc0,
    0x33, 0x0, 0xcc, 0x3, 0x38, 0x18, 0x3f, 0x80,

    /* U+B52A "딪" */
    0x0, 0xd, 0xff, 0x1b, 0xfe, 0x36, 0x0, 0x6c,
    0x0, 0xd8, 0x1, 0xb0, 0x3, 0x7f, 0xe6, 0xff,
    0x8c, 0x0, 0x18, 0x0, 0x1, 0xff, 0xe0, 0x18,
    0x0, 0x78, 0x1, 0xf8, 0x1e, 0x1e, 0x38, 0x1e,

    /* U+B530 "따" */
    0x0, 0xc, 0x0, 0xc, 0xfb, 0xec, 0xc3, 0xc,
    0xc3, 0xc, 0xc3, 0xc, 0xc3, 0xf, 0xc3, 0xf,
    0xc3, 0xc, 0xc3, 0xc, 0xc3, 0xc, 0xfb, 0xec,
    0xfb, 0xec, 0x0, 0xc, 0x0, 0xc, 0x0, 0xc,
    0x0, 0xc, 0x0, 0xc,

    /* U+B531 "딱" */
    0x0, 0xc, 0xfb, 0xec, 0xc3, 0xc, 0xc3, 0xc,
    0xc3, 0xf, 0xc3, 0xc, 0xc3, 0xc, 0xcb, 0xc,
    0xfb, 0xec, 0x0, 0xc, 0x0, 0x0, 0x3f, 0xfc,
    0x0, 0xc, 0x0, 0xc, 0x0, 0xc, 0x0, 0xc,
    0x0, 0xc, 0x0, 0xc,

    /* U+B534 "딴" */
    0x0, 0xc, 0x0, 0xc, 0xfb, 0xec, 0xfb, 0xec,
    0xc3, 0xc, 0xc3, 0xc, 0xc3, 0xf, 0xc3, 0xc,
    0xc3, 0xc, 0xfb, 0xec, 0xfb, 0xec, 0x0, 0xc,
    0x0, 0xc, 0x30, 0x0, 0x30, 0x0, 0x30, 0x0,
    0x30, 0x0, 0x3f, 0xfe,

    /* U+B538 "딸" */
    0x0, 0xc, 0xfb, 0xec, 0xfb, 0xec, 0xc3, 0xc,
    0xc3, 0xf, 0xc3, 0xc, 0xfb, 0xec, 0xfb, 0xec,
    0x0, 0xc, 0x0, 0x0, 0x3f, 0xfc, 0x0, 0xc,
    0x0, 0xc, 0x3f, 0xfc, 0x30, 0x0, 0x30, 0x0,
    0x30, 0x0, 0x3f, 0xfe,

    /* U+B540 "땀" */
    0x0, 0xc, 0xfb, 0xec, 0xfb, 0xec, 0xc3, 0xc,
    0xc3, 0xf, 0xc3, 0xf, 0xc3, 0xc, 0xfb, 0xec,
    0xfb, 0xec, 0x0, 0xc, 0x0, 0x0, 0x3f, 0xfc,
    0x30, 0xc, 0x30, 0xc, 0x30, 0xc, 0x30, 0xc,
    0x30, 0xc, 0x3f, 0xfc,

    /* U+B541 "땁" */
    0x0, 0xc, 0xfb, 0xec, 0xfb, 0xec, 0xc3, 0xc,
    0xc3, 0xf, 0xc3, 0xf, 0xc3, 0xc, 0xdb, 0x6c,
    0xfb, 0xec, 0x0, 0xc, 0x0, 0x0, 0x0, 0x0,
    0x30, 0xc, 0x3f, 0xfc, 0x30, 0xc, 0x30, 0xc,
    0x30, 0xc, 0x30, 0xc, 0x3f, 0xfc,

    /* U+B543 "땃" */
    0x0, 0xc, 0xfb, 0xec, 0xfb, 0xec, 0xc3, 0xc,
    0xc3, 0xc, 0xc3, 0xf, 0xc3, 0xf, 0xc3, 0xc,
    0xfb, 0xec, 0xc3, 0xc, 0x0, 0xc, 0x1, 0xcc,
    0x1, 0xc0, 0x1, 0xc0, 0x3, 0x60, 0xe, 0x38,
    0x7c, 0x1e, 0x20, 0x4,

    /* U+B544 "땄" */
    0x0, 0xc, 0x7d, 0xf6, 0x3e, 0xfb, 0x18, 0x61,
    0x8c, 0x30, 0xfe, 0x18, 0x7f, 0xc, 0x31, 0xf7,
    0xd8, 0xfb, 0xec, 0x0, 0x6, 0x0, 0x0, 0x1,
    0x86, 0x0, 0xc3, 0x0, 0xe1, 0xc0, 0x79, 0xe0,
    0xef, 0xdc, 0xe3, 0xc7, 0x0, 0xc0, 0x0,

    /* U+B545 "땅" */
    0x0, 0xc, 0xfb, 0xec, 0xc3, 0xc, 0xc3, 0xc,
    0xc3, 0xf, 0xc3, 0xc, 0xc3, 0xc, 0xfb, 0xec,
    0xfb, 0xec, 0x0, 0xc, 0x0, 0xc, 0xf, 0xe0,
    0x18, 0x18, 0x30, 0xc, 0x30, 0xc, 0x30, 0xc,
    0x18, 0x18, 0xf, 0xf0,

    /* U+B54B "땋" */
    0x0, 0xc, 0x7d, 0xf6, 0x3e, 0xfb, 0x18, 0x61,
    0x8c, 0x30, 0xfe, 0x18, 0x63, 0xef, 0xb1, 0x86,
    0x18, 0x1, 0x8c, 0x0, 0xc0, 0xf, 0xff, 0x80,
    0x0, 0x0, 0x0, 0x0, 0x3f, 0x0, 0x70, 0xe0,
    0x30, 0x30, 0x1c, 0x38, 0x3, 0xf0, 0x0,

    /* U+B54C "때" */
    0x0, 0x36, 0x0, 0x6f, 0xde, 0xdf, 0xbd, 0xbc,
    0x63, 0x78, 0xc6, 0xf1, 0x8d, 0xe3, 0x1f, 0xc6,
    0x3f, 0x8c, 0x6f, 0x18, 0xdf, 0xbd, 0xbf, 0x7b,
    0x60, 0x6, 0xc0, 0xd, 0x80, 0x1b, 0x0, 0x36,
    0x0, 0xc,

    /* U+B54D "땍" */
    0x0, 0x37, 0xef, 0x6f, 0x18, 0xde, 0x31, 0xbc,
    0x63, 0xf8, 0xc6, 0xf1, 0x8d, 0xe3, 0x1b, 0xf7,
    0xb6, 0x0, 0x6c, 0x0, 0x1, 0xff, 0xf0, 0x0,
    0x60, 0x0, 0xc0, 0x1, 0x80, 0x3, 0x0, 0x6,
    0x0, 0xc,

    /* U+B550 "땐" */
    0x0, 0x36, 0x0, 0x36, 0xf7, 0xb6, 0xf7, 0xb6,
    0xc6, 0x36, 0xc6, 0x36, 0xc6, 0x3e, 0xc6, 0x36,
    0xc6, 0x36, 0xf7, 0xb6, 0xf7, 0xb6, 0x0, 0x36,
    0x0, 0x36, 0x18, 0x0, 0x18, 0x0, 0x18, 0x0,
    0x18, 0x0, 0x1f, 0xff,

    /* U+B554 "땔" */
    0x0, 0x36, 0xf7, 0xb6, 0xf7, 0xb6, 0xc6, 0x36,
    0xc6, 0x3e, 0xc6, 0x36, 0xc6, 0x36, 0xf7, 0xb6,
    0x0, 0x36, 0x0, 0x0, 0x1f, 0xfe, 0x0, 0x6,
    0x0, 0x6, 0x1f, 0xfe, 0x18, 0x0, 0x18, 0x0,
    0x18, 0x0, 0x1f, 0xff,

    /* U+B55C "땜" */
    0x0, 0x37, 0xef, 0x6f, 0xde, 0xde, 0x31, 0xbc,
    0x63, 0xf8, 0xc7, 0xf1, 0x8d, 0xfb, 0xdb, 0xf7,
    0xb6, 0x0, 0x6c, 0x0, 0x0, 0xff, 0xf1, 0x80,
    0x63, 0x0, 0xc6, 0x1, 0x8c, 0x3, 0x18, 0x6,
    0x3f, 0xfc,

    /* U+B55D "땝" */
    0x0, 0x37, 0xef, 0x6f, 0xde, 0xde, 0x31, 0xbc,
    0x63, 0xf8, 0xc7, 0xf1, 0x8d, 0xfb, 0xdb, 0xf7,
    0xb6, 0x0, 0x6c, 0x0, 0x0, 0x0, 0x1, 0x80,
    0x63, 0xff, 0xc6, 0x1, 0x8c, 0x3, 0x18, 0x6,
    0x30, 0xc, 0x7f, 0xf8,

    /* U+B55F "땟" */
    0x0, 0x36, 0xf7, 0xb6, 0xf7, 0xb6, 0xc6, 0x36,
    0xc6, 0x36, 0xc6, 0x3e, 0xc6, 0x36, 0xc6, 0x36,
    0xf7, 0xb6, 0xe7, 0x36, 0x0, 0x6, 0x0, 0xc6,
    0x0, 0xc0, 0x1, 0xe0, 0x3, 0xf0, 0x7, 0x38,
    0x3e, 0x1f, 0x10, 0x6,

    /* U+B560 "땠" */
    0x0, 0x36, 0xff, 0xb6, 0xff, 0xb6, 0xcc, 0x36,
    0xcc, 0x3e, 0xcc, 0x3e, 0xcc, 0x36, 0xff, 0xb6,
    0xff, 0xb6, 0x0, 0x36, 0x0, 0x0, 0xc, 0x18,
    0xc, 0x18, 0xc, 0x18, 0x1e, 0x3c, 0x33, 0xf6,
    0x61, 0xe3, 0x0, 0x80,

    /* U+B561 "땡" */
    0x0, 0x37, 0xef, 0x6f, 0xde, 0xde, 0x31, 0xbc,
    0x63, 0xf8, 0xc7, 0xf1, 0x8d, 0xfb, 0xdb, 0xf7,
    0xb6, 0x0, 0x6c, 0x0, 0x18, 0x3f, 0x80, 0xc0,
    0xc3, 0x0, 0xc6, 0x1, 0x8c, 0x3, 0xc, 0xc,
    0xf, 0xe0,

    /* U+B5A0 "떠" */
    0x0, 0x7, 0xf7, 0xcf, 0xc, 0x1e, 0x18, 0x3c,
    0x30, 0x78, 0x60, 0xf0, 0xcf, 0xe1, 0x83, 0xc3,
    0x7, 0x86, 0xf, 0xc, 0x1f, 0xdf, 0xbf, 0xbf,
    0x60, 0x0, 0xc0, 0x1, 0x80, 0x3, 0x0, 0x6,
    0x0, 0xc,

    /* U+B5A1 "떡" */
    0x0, 0x7, 0xf7, 0xcf, 0xc, 0x1e, 0x18, 0x3c,
    0x33, 0xf8, 0x60, 0xf0, 0xc1, 0xe1, 0x8b, 0xfb,
    0xf6, 0x0, 0xc, 0x0, 0x1, 0xff, 0xf0, 0x0,
    0x60, 0x0, 0xc0, 0x1, 0x80, 0x3, 0x0, 0x6,
    0x0, 0xc,

    /* U+B5A4 "떤" */
    0x0, 0x6, 0x0, 0x6, 0xfb, 0xe6, 0xc3, 0x6,
    0xc3, 0x6, 0xc3, 0x3e, 0xc3, 0x3e, 0xc3, 0x6,
    0xc3, 0x6, 0xfb, 0xf6, 0xfb, 0xf6, 0x0, 0x6,
    0x0, 0x6, 0x18, 0x0, 0x18, 0x0, 0x18, 0x0,
    0x18, 0x0, 0x1f, 0xff,

    /* U+B5A8 "떨" */
    0x0, 0x6, 0xfb, 0xe6, 0xfb, 0xe6, 0xc3, 0x6,
    0xc3, 0x3e, 0xc3, 0x6, 0xc3, 0x16, 0xfb, 0xf6,
    0x0, 0x6, 0x0, 0x0, 0x1f, 0xfe, 0x0, 0x6,
    0x0, 0x6, 0x1f, 0xfe, 0x18, 0x0, 0x18, 0x0,
    0x18, 0x0, 0x1f, 0xff,

    /* U+B5AA "떪" */
    0x0, 0x7, 0xf7, 0xcf, 0xef, 0x9e, 0x18, 0x3c,
    0x33, 0xf8, 0x60, 0xf0, 0xc1, 0xfd, 0xfb, 0x0,
    0x6, 0x0, 0x0, 0xfd, 0xf8, 0x1b, 0x30, 0x36,
    0x67, 0xec, 0xcc, 0x19, 0x98, 0x33, 0x30, 0x66,
    0x7f, 0xfc,

    /* U+B5AB "떫" */
    0x0, 0x7, 0xf7, 0xcf, 0xef, 0x9e, 0x18, 0x3c,
    0x33, 0xf8, 0x60, 0xf0, 0xc1, 0xfd, 0xfb, 0x0,
    0x6, 0x0, 0x0, 0xfd, 0x99, 0xfb, 0x30, 0x37,
    0xe7, 0xec, 0xcc, 0x19, 0x98, 0x33, 0x30, 0x66,
    0x7f, 0xfc,

    /* U+B5B0 "떰" */
    0x0, 0x7, 0xf7, 0xcf, 0xef, 0x9e, 0x18, 0x3c,
    0x33, 0xf8, 0x67, 0xf0, 0xc1, 0xed, 0xbb, 0xfb,
    0xf6, 0x0, 0xc, 0x0, 0x0, 0xff, 0xf1, 0x80,
    0x63, 0x0, 0xc6, 0x1, 0x8c, 0x3, 0x18, 0x6,
    0x3f, 0xfc,

    /* U+B5B1 "떱" */
    0x0, 0x7, 0xf7, 0xcf, 0xef, 0x9e, 0x18, 0x3c,
    0x33, 0xf8, 0x67, 0xf0, 0xc1, 0xe1, 0x8b, 0xfb,
    0xf7, 0x4, 0xc, 0x0, 0x0, 0x0, 0x1, 0x80,
    0x63, 0xff, 0xc6, 0x1, 0x8c, 0x3, 0x18, 0x6,
    0x30, 0xc, 0x7f, 0xf8,

    /* U+B5B3 "떳" */
    0x0, 0x6, 0xfb, 0xe6, 0xfb, 0xe6, 0xc3, 0x6,
    0xc3, 0x3e, 0xc3, 0x3e, 0xc3, 0x6, 0xc3, 0x6,
    0xfb, 0xf6, 0xe3, 0x86, 0x0, 0x6, 0x0, 0xc6,
    0x0, 0xc0, 0x1, 0xe0, 0x3, 0xf0, 0xf, 0x38,
    0x3c, 0x1f, 0x30, 0x2,

    /* U+B5B4 "떴" */
    0x0, 0x6, 0x7d, 0xf3, 0x3e, 0xf9, 0x98, 0x60,
    0xcc, 0x33, 0xe6, 0x19, 0xf3, 0xc, 0x19, 0x96,
    0x6c, 0xfb, 0xf6, 0x0, 0x3, 0x0, 0x0, 0x1,
    0x83, 0x0, 0xc1, 0x80, 0xe1, 0xc0, 0x78, 0xf0,
    0x66, 0xcc, 0x63, 0xe3, 0x20, 0x40, 0x80,

    /* U+B5B5 "떵" */
    0x0, 0x7, 0xf7, 0xcf, 0xc, 0x1e, 0x18, 0x3c,
    0x33, 0xf8, 0x60, 0xf0, 0xc1, 0xe1, 0x8b, 0xfb,
    0xf6, 0x0, 0xc, 0x0, 0x18, 0x3f, 0x81, 0xc0,
    0xc3, 0x0, 0xce, 0x1, 0x8c, 0x3, 0x1c, 0xc,
    0xf, 0xe0,

    /* U+B5BB "떻" */
    0x0, 0x7, 0xff, 0xcf, 0x1c, 0x1e, 0x39, 0xfc,
    0x70, 0x78, 0xe0, 0xf3, 0xc5, 0xff, 0xfb, 0x0,
    0xc6, 0x1, 0x80, 0xff, 0xf8, 0x0, 0x0, 0x0,
    0x0, 0xfe, 0x7, 0x7, 0xc, 0x6, 0x1c, 0x1c,
    0xf, 0xe0,

    /* U+B5BC "떼" */
    0x0, 0x36, 0x0, 0x6f, 0xde, 0xdf, 0xbd, 0xbc,
    0x63, 0x78, 0xc6, 0xf1, 0xbd, 0xe3, 0x7b, 0xc6,
    0x37, 0x8c, 0x6f, 0x18, 0xdf, 0xbd, 0xbf, 0x7f,
    0x60, 0x6, 0xc0, 0xd, 0x80, 0x1b, 0x0, 0x36,
    0x0, 0xc,

    /* U+B5BD "떽" */
    0x0, 0x37, 0xef, 0x6f, 0x18, 0xde, 0x31, 0xbc,
    0x6f, 0x78, 0xc6, 0xf1, 0x8d, 0xe3, 0x1b, 0xf7,
    0xf6, 0x0, 0x6c, 0x0, 0x1, 0xff, 0xf0, 0x0,
    0x60, 0x0, 0xc0, 0x1, 0x80, 0x3, 0x0, 0x6,
    0x0, 0xc,

    /* U+B5C0 "뗀" */
    0x0, 0x36, 0x0, 0x36, 0xf7, 0xb6, 0xf7, 0xb6,
    0xc4, 0x36, 0xc4, 0xf6, 0xc4, 0xf6, 0xc4, 0x36,
    0xc4, 0x36, 0xf5, 0xb6, 0xf7, 0xb6, 0x0, 0x36,
    0x0, 0x36, 0x18, 0x0, 0x18, 0x0, 0x18, 0x0,
    0x18, 0x0, 0x1f, 0xff,

    /* U+B5C4 "뗄" */
    0x0, 0x36, 0xf7, 0xb6, 0xf7, 0xb6, 0xc4, 0x36,
    0xc4, 0xf6, 0xc4, 0x36, 0xc4, 0xb6, 0xf7, 0xb6,
    0x0, 0x36, 0x0, 0x0, 0x1f, 0xfe, 0x0, 0x6,
    0x0, 0x6, 0x1f, 0xfe, 0x18, 0x0, 0x18, 0x0,
    0x18, 0x0, 0x1f, 0xff,

    /* U+B5CC "뗌" */
    0x0, 0x37, 0xef, 0x6f, 0xde, 0xde, 0x21, 0xbc,
    0x4f, 0x78, 0x9e, 0xf1, 0xd, 0xfb, 0xdb, 0xf7,
    0xb6, 0x0, 0x6c, 0x0, 0x0, 0xff, 0xf1, 0x80,
    0x63, 0x0, 0xc6, 0x1, 0x8c, 0x3, 0x18, 0x6,
    0x3f, 0xfc,

    /* U+B5CD "뗍" */
    0x0, 0x37, 0xef, 0x6f, 0xde, 0xde, 0x21, 0xbc,
    0x4f, 0x78, 0x9e, 0xf1, 0xd, 0xfa, 0xdb, 0xf7,
    0xb6, 0x0, 0x6c, 0x0, 0x0, 0x0, 0x1, 0x80,
    0x63, 0xff, 0xc6, 0x1, 0x8c, 0x3, 0x18, 0x6,
    0x30, 0xc, 0x7f, 0xf8,

    /* U+B5CF "뗏" */
    0x0, 0x36, 0xf7, 0xb6, 0xf7, 0xb6, 0xc6, 0x36,
    0xc6, 0xf6, 0xc6, 0xf6, 0xc6, 0x36, 0xc6, 0x36,
    0xf7, 0xb6, 0xf7, 0x36, 0x0, 0x6, 0x0, 0xc6,
    0x0, 0xc0, 0x1, 0xe0, 0x3, 0xb0, 0x7, 0x38,
    0x3e, 0x1f, 0x10, 0x2,

    /* U+B5D0 "뗐" */
    0x0, 0x36, 0xff, 0xb6, 0xff, 0xb6, 0xcc, 0x36,
    0xcc, 0xf6, 0xcc, 0xf6, 0xcc, 0x36, 0xdc, 0xb6,
    0xff, 0xb6, 0x0, 0x36, 0x0, 0x0, 0xc, 0x18,
    0xc, 0x18, 0xc, 0x18, 0x1e, 0x3c, 0x33, 0xe6,
    0x71, 0xe7, 0x0, 0x80,

    /* U+B5D1 "뗑" */
    0x0, 0x37, 0xef, 0x6f, 0x18, 0xde, 0x31, 0xbc,
    0x6f, 0x78, 0xc6, 0xf1, 0x8d, 0xe3, 0x1b, 0xf7,
    0xf6, 0x0, 0x6c, 0x0, 0x18, 0x3f, 0x81, 0xe0,
    0xc3, 0x0, 0xc6, 0x1, 0x8c, 0x3, 0xe, 0xc,
    0xf, 0xe0,

    /* U+B5D8 "뗘" */
    0x0, 0x7, 0xef, 0x8f, 0x18, 0x1e, 0x30, 0x3c,
    0x63, 0xf8, 0xc0, 0xf1, 0x81, 0xe3, 0x3, 0xc6,
    0x3f, 0x8c, 0xf, 0x18, 0x1f, 0xff, 0x3f, 0xfe,
    0x60, 0x0, 0xc0, 0x1, 0x80, 0x3, 0x0, 0x6,
    0x0, 0xc,

    /* U+B5EC "뗬" */
    0x0, 0x6, 0x7b, 0xf3, 0x3d, 0xf9, 0x98, 0xe3,
    0xcc, 0x71, 0xe6, 0x38, 0x33, 0x1c, 0x79, 0x9e,
    0x4c, 0xff, 0xe6, 0x0, 0x3, 0x0, 0x0, 0x1,
    0x83, 0x0, 0xc1, 0x80, 0xf1, 0xe0, 0x78, 0xf0,
    0xe7, 0xce, 0x61, 0xc3, 0x0, 0x40, 0x0,

    /* U+B610 "또" */
    0x7f, 0x7e, 0x30, 0x30, 0x18, 0x18, 0xc, 0xc,
    0x6, 0x6, 0x3, 0x3, 0x1, 0x85, 0x80, 0xfe,
    0xfc, 0x0, 0x0, 0x0, 0xc0, 0x0, 0x60, 0x0,
    0x30, 0x0, 0x18, 0x7, 0xff, 0xfc,

    /* U+B611 "똑" */
    0x7f, 0x7e, 0x38, 0x30, 0x1c, 0x18, 0xe, 0xc,
    0x7, 0x16, 0x3, 0xfb, 0xf0, 0x6, 0x0, 0x3,
    0x0, 0x1, 0x80, 0x7f, 0xff, 0xc0, 0x0, 0x0,
    0x0, 0x3, 0xff, 0xc0, 0x0, 0x60, 0x0, 0x30,
    0x0, 0x18, 0x0, 0xc, 0x0, 0x6, 0x0,

    /* U+B614 "똔" */
    0x7f, 0x7e, 0x38, 0x30, 0x1c, 0x18, 0xe, 0xc,
    0x7, 0xf7, 0xe0, 0xc, 0x0, 0x6, 0x0, 0x3,
    0x0, 0xff, 0xff, 0x80, 0x0, 0x0, 0x0, 0x0,
    0x0, 0x3, 0x0, 0x1, 0x80, 0x0, 0xc0, 0x0,
    0x60, 0x0, 0x3f, 0xfe, 0x0,

    /* U+B618 "똘" */
    0x7f, 0x7e, 0x38, 0x30, 0x1c, 0x18, 0xe, 0x2c,
    0x7, 0xf7, 0xe0, 0xc, 0x0, 0x6, 0x1, 0xff,
    0xff, 0x0, 0x0, 0x0, 0x0, 0xf, 0xff, 0x0,
    0x1, 0x80, 0x0, 0xc1, 0xff, 0xe0, 0xc0, 0x0,
    0x60, 0x0, 0x30, 0x0, 0x1f, 0xff, 0x0,

    /* U+B625 "똥" */
    0x7f, 0x7e, 0x38, 0x30, 0x1c, 0x18, 0xe, 0xc,
    0x7, 0x16, 0x3, 0xfb, 0xf0, 0x6, 0x0, 0x3,
    0x0, 0x1, 0x80, 0x7f, 0xff, 0xc0, 0x0, 0x1,
    0xfe, 0x1, 0x81, 0xc1, 0x80, 0x60, 0xc0, 0x30,
    0x60, 0x18, 0x18, 0x1c, 0x7, 0xf8, 0x0,

    /* U+B62C "똬" */
    0x0, 0x6, 0x0, 0x3, 0x1f, 0xf9, 0x8c, 0x60,
    0xc6, 0x30, 0x63, 0x18, 0x31, 0x8c, 0x18, 0xff,
    0xcf, 0x0, 0x6, 0x3, 0x3, 0x1, 0x81, 0x80,
    0xc0, 0xcf, 0xff, 0x67, 0xfe, 0x30, 0x0, 0x18,
    0x0, 0xc, 0x0, 0x6, 0x0, 0x3, 0x0,

    /* U+B634 "똴" */
    0x0, 0x6, 0x3d, 0xf3, 0x18, 0xc1, 0x8c, 0x60,
    0xf7, 0xfe, 0x78, 0x30, 0x30, 0x18, 0x59, 0xff,
    0xec, 0x0, 0x6, 0x0, 0x0, 0xf, 0xff, 0x80,
    0x0, 0xc0, 0x0, 0x61, 0xff, 0xf0, 0xe0, 0x0,
    0x70, 0x0, 0x38, 0x0, 0x1f, 0xff, 0x0,

    /* U+B648 "뙈" */
    0x0, 0x1b, 0x7b, 0xdb, 0x7b, 0xdb, 0x63, 0x1b,
    0x63, 0x1b, 0x63, 0x1b, 0x6b, 0x1b, 0x7b, 0xdf,
    0x0, 0x1b, 0xc, 0x1b, 0xc, 0x1b, 0xc, 0xdb,
    0xff, 0xdb, 0xf0, 0x1b, 0x0, 0x1b, 0x0, 0x1b,
    0x0, 0x1b, 0x0, 0x3,

    /* U+B664 "뙤" */
    0x0, 0x6, 0x0, 0xd, 0xff, 0xdb, 0x18, 0x36,
    0x30, 0x6c, 0x60, 0xd8, 0xc1, 0xbf, 0xfb, 0x0,
    0x6, 0xc, 0xc, 0x18, 0x18, 0x30, 0x3f, 0xff,
    0x7f, 0xfc, 0xc0, 0x1, 0x80, 0x3, 0x0, 0x6,
    0x0, 0xc,

    /* U+B668 "뙨" */
    0x0, 0x6, 0x7b, 0xe6, 0x7b, 0xe6, 0x63, 0x6,
    0x63, 0x6, 0x7f, 0xe6, 0x7f, 0xe6, 0x6, 0x6,
    0x6, 0x6, 0x6, 0x36, 0xff, 0xf6, 0xff, 0x6,
    0x0, 0x6, 0x18, 0x0, 0x18, 0x0, 0x18, 0x0,
    0x18, 0x0, 0x1f, 0xff,

    /* U+B69C "뚜" */
    0x7f, 0x7e, 0x38, 0x30, 0x1c, 0x18, 0xe, 0xc,
    0x7, 0x6, 0x3, 0xfb, 0xf0, 0x0, 0x0, 0x0,
    0x0, 0x0, 0x0, 0x7f, 0xff, 0xc0, 0x60, 0x0,
    0x30, 0x0, 0x18, 0x0, 0xc, 0x0, 0x6, 0x0,
    0x3, 0x0, 0x1, 0x80, 0x0,

    /* U+B69D "뚝" */
    0x3f, 0x7e, 0x18, 0x30, 0xc, 0x18, 0x6, 0xc,
    0x3, 0x16, 0x1, 0xfb, 0xf0, 0x0, 0x0, 0x0,
    0x0, 0xff, 0xff, 0x80, 0xc0, 0x0, 0x60, 0x0,
    0x30, 0x3, 0xff, 0xc0, 0x0, 0x60, 0x0, 0x30,
    0x0, 0x18, 0x0, 0xc, 0x0, 0x6, 0x0,

    /* U+B6A0 "뚠" */
    0x3f, 0x7e, 0x18, 0x30, 0xc, 0x18, 0x6, 0xc,
    0x3, 0xf7, 0xe0, 0x0, 0x0, 0x0, 0x0, 0x0,
    0x0, 0xff, 0xff, 0x80, 0xc0, 0x0, 0x60, 0x0,
    0x30, 0x3, 0x0, 0x1, 0x80, 0x0, 0xc0, 0x0,
    0x60, 0x0, 0x3f, 0xfe, 0x0,

    /* U+B6A4 "뚤" */
    0x3f, 0x7e, 0x18, 0x30, 0xc, 0x18, 0x6, 0x2c,
    0x3, 0xf7, 0xe0, 0x0, 0x0, 0x0, 0x1, 0xff,
    0xff, 0x1, 0x80, 0x0, 0xc0, 0xf, 0xff, 0x0,
    0x1, 0x80, 0x0, 0xc1, 0xff, 0xe0, 0xc0, 0x0,
    0x60, 0x0, 0x30, 0x0, 0x1f, 0xff, 0x0,

    /* U+B6AB "뚫" */
    0x3f, 0x7e, 0x18, 0x30, 0xc, 0x18, 0x6, 0x2c,
    0x3, 0xf7, 0xe0, 0x0, 0x0, 0x0, 0x1, 0xff,
    0xff, 0x1, 0x80, 0x0, 0xcc, 0xf, 0xbf, 0xc0,
    0xdf, 0xe0, 0x60, 0x1, 0xf1, 0xe0, 0xc1, 0x98,
    0x60, 0xc4, 0x30, 0x66, 0x1f, 0x9e, 0x0,

    /* U+B6AC "뚬" */
    0x3f, 0x7e, 0x18, 0x30, 0xc, 0x18, 0x6, 0xc,
    0x3, 0x16, 0x1, 0xfb, 0xf0, 0x0, 0x0, 0x0,
    0x0, 0xff, 0xff, 0x80, 0xc0, 0x0, 0x60, 0x0,
    0x30, 0x3, 0xff, 0xc1, 0x80, 0x60, 0xc0, 0x30,
    0x60, 0x18, 0x30, 0xc, 0x1f, 0xfe, 0x0,

    /* U+B6B1 "뚱" */
    0x3f, 0x7e, 0x18, 0x30, 0xc, 0x18, 0x6, 0xc,
    0x3, 0x16, 0x1, 0xfb, 0xf0, 0x0, 0x0, 0x0,
    0x0, 0xff, 0xff, 0x80, 0xc0, 0x0, 0x60, 0x1,
    0xfe, 0x1, 0x81, 0xc1, 0x80, 0x60, 0xc0, 0x30,
    0x60, 0x18, 0x18, 0x1c, 0x3, 0xf8, 0x0,

    /* U+B6D4 "뛔" */
    0x0, 0x1b, 0x7b, 0xdb, 0x7b, 0xdb, 0x62, 0x1b,
    0x62, 0x1b, 0x6a, 0x1b, 0x7b, 0xdb, 0x0, 0x1b,
    0x0, 0xdb, 0xff, 0xdb, 0xc, 0x1b, 0xc, 0xfb,
    0xc, 0xfb, 0xc, 0x1b, 0xc, 0x1b, 0xc, 0x1b,
    0x0, 0x1b, 0x0, 0x3,

    /* U+B6F0 "뛰" */
    0x0, 0x6, 0xff, 0xed, 0x8e, 0x1b, 0x1c, 0x36,
    0x38, 0x6c, 0x70, 0xdf, 0xfd, 0x80, 0x3, 0x0,
    0x6, 0x0, 0x6f, 0xff, 0xd8, 0x30, 0x30, 0x60,
    0x60, 0xc0, 0xc1, 0x81, 0x83, 0x3, 0x6, 0x6,
    0xc, 0xc,

    /* U+B6F4 "뛴" */
    0x0, 0x6, 0x7f, 0xf6, 0x7f, 0xf6, 0x63, 0x6,
    0x63, 0x6, 0x63, 0x6, 0x7f, 0xf6, 0x7f, 0xf6,
    0x0, 0x6, 0x0, 0x6, 0xff, 0xf6, 0xff, 0xe6,
    0x6, 0x6, 0x6, 0x6, 0x30, 0x0, 0x30, 0x0,
    0x30, 0x0, 0x30, 0x0, 0x3f, 0xff,

    /* U+B6F8 "뛸" */
    0x0, 0x6, 0x7f, 0xe6, 0x63, 0x6, 0x63, 0x6,
    0x63, 0x6, 0x7f, 0xe6, 0x0, 0x6, 0x0, 0x16,
    0xff, 0xf6, 0x6, 0x6, 0x6, 0x0, 0x1f, 0xfe,
    0x0, 0x6, 0x0, 0x6, 0x1f, 0xfe, 0x10, 0x0,
    0x10, 0x0, 0x10, 0x0, 0x1f, 0xff,

    /* U+B700 "뜀" */
    0x0, 0x6, 0xff, 0xcd, 0xff, 0x9b, 0x18, 0x36,
    0x30, 0x6f, 0xfc, 0xdc, 0xf9, 0x80, 0x3, 0xff,
    0xf7, 0xfe, 0xc, 0x18, 0x18, 0x30, 0x0, 0x60,
    0x3, 0xff, 0xc6, 0x1, 0x8c, 0x3, 0x18, 0x6,
    0x30, 0xc, 0x7f, 0xf8,

    /* U+B701 "뜁" */
    0x0, 0x6, 0xff, 0xed, 0xff, 0xdb, 0x18, 0x37,
    0xf0, 0x6f, 0xfe, 0xc0, 0x1, 0xff, 0xfb, 0xff,
    0xf6, 0xc, 0xc, 0x18, 0x0, 0x0, 0x1, 0x80,
    0x63, 0xff, 0xc6, 0x1, 0x8c, 0x3, 0x18, 0x6,
    0x3f, 0xfc,

    /* U+B705 "뜅" */
    0x0, 0x6, 0xff, 0xcd, 0x8c, 0x1b, 0x18, 0x36,
    0x30, 0x6f, 0xfc, 0xc0, 0x1, 0x80, 0x3, 0xff,
    0xf6, 0xc, 0xc, 0x18, 0x18, 0x3f, 0x81, 0xc0,
    0xc3, 0x0, 0xc6, 0x1, 0x8c, 0x3, 0xc, 0x1c,
    0xf, 0xe0,

    /* U+B728 "뜨" */
    0x7f, 0x7e, 0x30, 0x30, 0x18, 0x18, 0xc, 0xc,
    0x6, 0x6, 0x3, 0x3, 0x1, 0xfd, 0xf8, 0x0,
    0x0, 0x0, 0x0, 0x0, 0x0, 0x0, 0x0, 0x0,
    0x0, 0xf, 0xff, 0xf8,

    /* U+B729 "뜩" */
    0x3f, 0x7e, 0x18, 0x30, 0xc, 0x18, 0x6, 0xc,
    0x3, 0x16, 0x1, 0xfb, 0xf0, 0x0, 0x0, 0x0,
    0x0, 0xff, 0xff, 0x80, 0x0, 0x0, 0x0, 0x0,
    0x0, 0x3, 0xff, 0xc0, 0x0, 0x60, 0x0, 0x30,
    0x0, 0x18, 0x0, 0xc, 0x0, 0x6, 0x0,

    /* U+B72C "뜬" */
    0x3f, 0x7e, 0x18, 0x30, 0xc, 0x18, 0x6, 0xc,
    0x3, 0x6, 0x1, 0xfb, 0xf0, 0x0, 0x0, 0x0,
    0x0, 0xff, 0xff, 0x80, 0x0, 0x0, 0x0, 0x0,
    0x0, 0x3, 0x0, 0x1, 0x80, 0x0, 0xc0, 0x0,
    0x60, 0x0, 0x3f, 0xfe, 0x0,

    /* U+B72F "뜯" */
    0x3f, 0x7e, 0x18, 0x30, 0xc, 0x18, 0x6, 0xc,
    0x3, 0x16, 0x1, 0xfb, 0xf0, 0x0, 0x0, 0x0,
    0x0, 0xff, 0xff, 0x80, 0x0, 0x0, 0x0, 0x0,
    0x0, 0x3, 0xff, 0xe1, 0x80, 0x0, 0xc0, 0x0,
    0x60, 0x0, 0x30, 0x0, 0x1f, 0xff, 0x0,

    /* U+B730 "뜰" */
    0x3f, 0x7e, 0x18, 0x30, 0xc, 0x18, 0x6, 0x2c,
    0x3, 0xf7, 0xe0, 0x0, 0x0, 0x0, 0x1, 0xff,
    0xff, 0x0, 0x0, 0x0, 0x0, 0xf, 0xff, 0x0,
    0x1, 0x80, 0x0, 0xc1, 0xff, 0xe0, 0xc0, 0x0,
    0x60, 0x0, 0x30, 0x0, 0x1f, 0xff, 0x0,

    /* U+B738 "뜸" */
    0x3f, 0x7e, 0x18, 0x30, 0xc, 0x18, 0x6, 0xc,
    0x3, 0x16, 0x1, 0xfb, 0xf0, 0x0, 0x0, 0x0,
    0x0, 0xff, 0xff, 0x80, 0x0, 0x0, 0x0, 0x0,
    0x0, 0x3, 0xff, 0xc1, 0x80, 0x60, 0xc0, 0x30,
    0x60, 0x18, 0x30, 0xc, 0x1f, 0xfe, 0x0,

    /* U+B739 "뜹" */
    0x3f, 0x7e, 0x18, 0x30, 0xc, 0x18, 0x6, 0xc,
    0x3, 0x16, 0x1, 0xfb, 0xf0, 0x0, 0x0, 0x0,
    0x0, 0xff, 0xff, 0x80, 0x0, 0x0, 0x0, 0x0,
    0x0, 0x3, 0x0, 0xc1, 0xff, 0xe0, 0xc0, 0x30,
    0x60, 0x18, 0x30, 0xc, 0x1f, 0xfe, 0x0,

    /* U+B73B "뜻" */
    0x3f, 0x7e, 0x18, 0x30, 0xc, 0x18, 0x6, 0xc,
    0x3, 0xf7, 0xe0, 0x0, 0x0, 0x0, 0x1, 0xff,
    0xff, 0x0, 0x0, 0x0, 0xc0, 0x0, 0x60, 0x0,
    0x38, 0x0, 0x3e, 0x0, 0x73, 0xc1, 0xf0, 0xf8,
    0x60, 0xc,

    /* U+B744 "띄" */
    0x0, 0x6, 0x0, 0xd, 0xf7, 0xdb, 0xc, 0x36,
    0x18, 0x6c, 0x30, 0xd8, 0x61, 0xbe, 0xfb, 0x0,
    0x6, 0x0, 0xc, 0x0, 0x18, 0x0, 0xbf, 0xff,
    0x7f, 0xf8, 0xc0, 0x1, 0x80, 0x3, 0x0, 0x6,
    0x0, 0xc,

    /* U+B748 "띈" */
    0x0, 0x6, 0x7f, 0xe6, 0x7f, 0xe6, 0x63, 0x6,
    0x63, 0x6, 0x63, 0x6, 0x7f, 0xe6, 0x7f, 0xe6,
    0x0, 0x6, 0x0, 0x16, 0xff, 0xf6, 0xff, 0x6,
    0x0, 0x6, 0x18, 0x0, 0x18, 0x0, 0x18, 0x0,
    0x18, 0x0, 0x1f, 0xff,

    /* U+B74C "띌" */
    0x0, 0x6, 0x7d, 0xf6, 0x61, 0x86, 0x61, 0x86,
    0x7d, 0xf6, 0x79, 0xf6, 0x0, 0x6, 0xff, 0xf6,
    0x0, 0x6, 0x0, 0x0, 0x3f, 0xfe, 0x0, 0x6,
    0x0, 0x6, 0x3f, 0xfe, 0x38, 0x0, 0x38, 0x0,
    0x38, 0x0, 0x3f, 0xff,

    /* U+B754 "띔" */
    0x0, 0x6, 0xfb, 0xed, 0xf7, 0xdb, 0xc, 0x36,
    0x18, 0x6f, 0xbe, 0xdf, 0x7d, 0x80, 0x3, 0x7f,
    0xf7, 0xff, 0xec, 0x0, 0x18, 0x0, 0x0, 0x0,
    0x3, 0xff, 0xc6, 0x1, 0x8c, 0x3, 0x18, 0x6,
    0x30, 0xc, 0x7f, 0xf8,

    /* U+B755 "띕" */
    0x0, 0x6, 0xfb, 0xed, 0x86, 0x1b, 0xc, 0x36,
    0x18, 0x6f, 0xbe, 0xc0, 0x1, 0x80, 0x3b, 0xff,
    0xf6, 0x0, 0xc, 0x0, 0x0, 0x0, 0x1, 0x80,
    0x63, 0xff, 0xc6, 0x1, 0x8c, 0x3, 0x18, 0x6,
    0x3f, 0xfc,

    /* U+B760 "띠" */
    0x0, 0xc, 0x0, 0x3f, 0xbe, 0xf0, 0xc3, 0xc3,
    0xf, 0xc, 0x3c, 0x30, 0xf0, 0xc3, 0xc3, 0xf,
    0xc, 0x3c, 0x30, 0xfe, 0xfb, 0xfb, 0xfc, 0x0,
    0x30, 0x0, 0xc0, 0x3, 0x0, 0xc, 0x0, 0x30,

    /* U+B764 "띤" */
    0x0, 0x6, 0x0, 0xf, 0xef, 0x9f, 0xdf, 0x3c,
    0x30, 0x78, 0x60, 0xf0, 0xc1, 0xe1, 0x83, 0xc3,
    0x7, 0x96, 0x6f, 0xef, 0xdf, 0x1c, 0x30, 0x0,
    0x60, 0x0, 0xe, 0x0, 0x1c, 0x0, 0x38, 0x0,
    0x70, 0x0, 0xff, 0xf8,

    /* U+B768 "띨" */
    0x0, 0x7, 0xf7, 0xcf, 0xef, 0x9e, 0x18, 0x3c,
    0x30, 0x78, 0x60, 0xf6, 0xdd, 0xfd, 0xfb, 0x0,
    0x6, 0x0, 0x0, 0x0, 0x1, 0xff, 0xf0, 0x0,
    0x60, 0x0, 0xcf, 0xff, 0x98, 0x0, 0x30, 0x0,
    0x60, 0x0, 0xff, 0xf8,

    /* U+B770 "띰" */
    0x0, 0x7, 0xf7, 0xcf, 0xef, 0x9e, 0x18, 0x3c,
    0x30, 0x78, 0x60, 0xf0, 0xc1, 0xfd, 0xfb, 0xfb,
    0xf6, 0x0, 0xc, 0x0, 0x1, 0xff, 0xf3, 0x0,
    0x66, 0x0, 0xcc, 0x1, 0x98, 0x3, 0x30, 0x6,
    0x7f, 0xfc,

    /* U+B771 "띱" */
    0x0, 0x7, 0xf7, 0xcf, 0xef, 0x9e, 0x18, 0x3c,
    0x30, 0x78, 0x60, 0xf0, 0xc1, 0xfd, 0xfb, 0xfb,
    0xf6, 0x0, 0xc, 0x0, 0x0, 0x0, 0x3, 0x0,
    0x67, 0xff, 0xcc, 0x1, 0x98, 0x3, 0x30, 0x6,
    0x60, 0xc, 0xff, 0xf8,

    /* U+B773 "띳" */
    0x0, 0x6, 0xfb, 0xe6, 0xfb, 0xe6, 0xc3, 0x6,
    0xc3, 0x6, 0xc3, 0x6, 0xc3, 0x6, 0xc3, 0x16,
    0xfb, 0xf6, 0x0, 0x6, 0x0, 0x6, 0x1, 0x86,
    0x1, 0xc0, 0x1, 0xc0, 0x3, 0x60, 0xe, 0x78,
    0x7c, 0x1f, 0x30, 0x6,

    /* U+B775 "띵" */
    0x0, 0x6, 0x0, 0xf, 0xef, 0x9e, 0x18, 0x3c,
    0x30, 0x78, 0x60, 0xf0, 0xc1, 0xe1, 0x83, 0xc3,
    0x7, 0xf7, 0xec, 0x0, 0x18, 0x0, 0x30, 0x7f,
    0x3, 0x83, 0x8e, 0x1, 0x98, 0x3, 0x38, 0x6,
    0x38, 0x38, 0x1f, 0xc0,

    /* U+B77C "라" */
    0x0, 0x18, 0xff, 0x18, 0x3, 0x18, 0x3, 0x18,
    0x3, 0x18, 0x3, 0x18, 0xff, 0x1f, 0xff, 0x1f,
    0xc0, 0x18, 0xc0, 0x18, 0xc0, 0x18, 0xc0, 0x58,
    0xff, 0xd8, 0x0, 0x18, 0x0, 0x18, 0x0, 0x18,
    0x0, 0x18, 0x0, 0x18,

    /* U+B77D "락" */
    0x0, 0x18, 0xff, 0x18, 0xff, 0x18, 0x3, 0x18,
    0x3, 0x18, 0xff, 0x1f, 0xc0, 0x18, 0xc0, 0x18,
    0xff, 0xd8, 0xff, 0xd8, 0x0, 0x18, 0x0, 0x0,
    0x0, 0x0, 0x7f, 0xf8, 0x0, 0x18, 0x0, 0x18,
    0x0, 0x18, 0x0, 0x18, 0x0, 0x18,

    /* U+B780 "란" */
    0x0, 0x18, 0xff, 0x18, 0xff, 0x18, 0x3, 0x18,
    0x3, 0x18, 0xff, 0x18, 0xff, 0x1f, 0xc0, 0x1f,
    0xc0, 0x18, 0xc7, 0xd8, 0xff, 0xd8, 0x0, 0x18,
    0x0, 0x18, 0x30, 0x0, 0x30, 0x0, 0x30, 0x0,
    0x30, 0x0, 0x3f, 0xfc,

    /* U+B784 "랄" */
    0x0, 0x18, 0xff, 0x18, 0x3, 0x18, 0x3, 0x18,
    0xff, 0x1f, 0xc0, 0x18, 0xc0, 0x58, 0xff, 0xd8,
    0x0, 0x18, 0x0, 0x0, 0x3f, 0xf8, 0x0, 0x18,
    0x0, 0x18, 0x3f, 0xf8, 0x30, 0x0, 0x30, 0x0,
    0x30, 0x0, 0x3f, 0xfc,

    /* U+B78C "람" */
    0x0, 0x18, 0xff, 0x18, 0x3, 0x18, 0x3, 0x18,
    0xff, 0x1f, 0xff, 0x1f, 0xc0, 0x18, 0xc0, 0x58,
    0xff, 0xd8, 0x0, 0x18, 0x0, 0x0, 0x3f, 0xf8,
    0x30, 0x18, 0x30, 0x18, 0x30, 0x18, 0x30, 0x18,
    0x30, 0x18, 0x3f, 0xf8,

    /* U+B78D "랍" */
    0x0, 0x18, 0xff, 0x18, 0xff, 0x18, 0x3, 0x18,
    0xff, 0x1f, 0xff, 0x1f, 0xc0, 0x18, 0xc0, 0x58,
    0xff, 0xd8, 0xfc, 0x18, 0x0, 0x0, 0x0, 0x0,
    0x0, 0x0, 0x30, 0x18, 0x3f, 0xf8, 0x30, 0x18,
    0x30, 0x18, 0x30, 0x18, 0x3f, 0xf8,

    /* U+B78F "랏" */
    0x0, 0x18, 0xff, 0x18, 0xff, 0x18, 0x3, 0x18,
    0x3, 0x18, 0xff, 0x1f, 0xc0, 0x18, 0xc0, 0x18,
    0xff, 0xd8, 0xff, 0xd8, 0x0, 0x18, 0x1, 0x98,
    0x1, 0x80, 0x3, 0x80, 0x7, 0xc0, 0xe, 0xf0,
    0x7c, 0x3c, 0x60, 0xc,

    /* U+B790 "랐" */
    0x0, 0x18, 0xff, 0x18, 0x3, 0x18, 0x3, 0x18,
    0xff, 0x1f, 0xff, 0x1f, 0xc0, 0x18, 0xcf, 0xd8,
    0xff, 0xd8, 0x0, 0x18, 0x0, 0x0, 0x18, 0x30,
    0x18, 0x30, 0x3c, 0x78, 0x3c, 0x78, 0x66, 0xce,
    0xc3, 0x86, 0x1, 0x0,

    /* U+B791 "랑" */
    0x0, 0xc, 0xff, 0xc, 0x3, 0xc, 0x3, 0xc,
    0xff, 0xf, 0xc0, 0xc, 0xc0, 0xc, 0xc0, 0x4c,
    0xff, 0xcc, 0x0, 0xc, 0x0, 0x0, 0xf, 0xe0,
    0x38, 0x18, 0x30, 0xc, 0x60, 0xc, 0x30, 0xc,
    0x38, 0x38, 0xf, 0xe0,

    /* U+B792 "랒" */
    0x0, 0x18, 0xff, 0x18, 0x3, 0x18, 0x3, 0x18,
    0xff, 0x1f, 0xff, 0x1f, 0xc0, 0x18, 0xc3, 0xd8,
    0xff, 0xd8, 0x0, 0x18, 0x0, 0x0, 0x3f, 0xf8,
    0x3, 0x80, 0x7, 0xc0, 0xe, 0xe0, 0x7c, 0x7c,
    0x70, 0x1c,

    /* U+B796 "랖" */
    0x0, 0xc, 0xff, 0xc, 0xff, 0xc, 0x3, 0xc,
    0xff, 0xf, 0xff, 0xf, 0xc0, 0xc, 0xc0, 0xcc,
    0xff, 0xcc, 0x0, 0xc, 0x0, 0x0, 0x3f, 0xfc,
    0xc, 0x30, 0xc, 0x30, 0xc, 0x30, 0xc, 0x30,
    0xc, 0x30, 0x3f, 0xfc,

    /* U+B797 "랗" */
    0x0, 0xc, 0xff, 0xc, 0xff, 0xc, 0x3, 0xc,
    0xff, 0xf, 0xff, 0xf, 0xc0, 0xc, 0xc0, 0x4c,
    0xff, 0xcc, 0xff, 0x8c, 0x1, 0x80, 0x1, 0x80,
    0x7f, 0xfc, 0x0, 0x0, 0xf, 0xe0, 0x18, 0x38,
    0x18, 0x18, 0x18, 0x38, 0xf, 0xe0,

    /* U+B798 "래" */
    0x0, 0x66, 0x0, 0xcf, 0xf9, 0x98, 0x33, 0x30,
    0x66, 0x60, 0xcc, 0xc1, 0x99, 0xff, 0x3f, 0xc0,
    0x67, 0x80, 0xcf, 0x1, 0x9e, 0x3, 0x3f, 0xf6,
    0x7e, 0xc, 0xc0, 0x19, 0x80, 0x33, 0x0, 0x66,
    0x0, 0xc,

    /* U+B799 "랙" */
    0x0, 0x67, 0xfc, 0xcf, 0xf9, 0x98, 0x33, 0x30,
    0x66, 0x7f, 0xcf, 0xf0, 0x19, 0xe0, 0x33, 0xff,
    0x67, 0xfe, 0xcc, 0x1, 0x98, 0x0, 0x1, 0xff,
    0xe0, 0x0, 0xc0, 0x1, 0x80, 0x3, 0x0, 0x6,
    0x0, 0xc,

    /* U+B79C "랜" */
    0x0, 0x66, 0x0, 0xcf, 0xf9, 0x98, 0x33, 0x30,
    0x66, 0x60, 0xcc, 0xff, 0x9f, 0xff, 0x3f, 0xc0,
    0x67, 0x86, 0xcf, 0xfd, 0x9f, 0x3, 0x30, 0x6,
    0x63, 0x0, 0x6, 0x0, 0xc, 0x0, 0x18, 0x0,
    0x3f, 0xfc,

    /* U+B7A0 "랠" */
    0x0, 0x67, 0xfc, 0xcc, 0x19, 0x98, 0x33, 0x3f,
    0xe7, 0xf8, 0xc, 0xf0, 0x19, 0xff, 0xb3, 0xc0,
    0x66, 0x0, 0x0, 0x7f, 0xf8, 0x0, 0x30, 0x0,
    0x63, 0xff, 0xc6, 0x0, 0xc, 0x0, 0x18, 0x0,
    0x3f, 0xfc,

    /* U+B7A8 "램" */
    0x0, 0x67, 0xfc, 0xcc, 0x19, 0x98, 0x33, 0x3f,
    0xe7, 0xf8, 0xc, 0xf0, 0x19, 0xe0, 0xb3, 0xff,
    0x66, 0x0, 0xcc, 0x0, 0x0, 0xff, 0xf1, 0x80,
    0x63, 0x0, 0xc6, 0x1, 0x8c, 0x3, 0x18, 0x6,
    0x3f, 0xfc,

    /* U+B7A9 "랩" */
    0x0, 0x67, 0xfc, 0xcf, 0xf9, 0x98, 0x33, 0x3f,
    0xe7, 0xff, 0xcf, 0xf0, 0x19, 0xe3, 0xb3, 0xff,
    0x66, 0x0, 0xcc, 0x0, 0x0, 0x0, 0x0, 0x0,
    0x3, 0xff, 0xc6, 0x1, 0x8c, 0x3, 0x18, 0x6,
    0x30, 0xc, 0x7f, 0xf8,

    /* U+B7AB "랫" */
    0x0, 0x66, 0xfe, 0x66, 0xfe, 0x66, 0x6, 0x66,
    0x6, 0x7e, 0xfe, 0x7e, 0xc0, 0x66, 0xc0, 0x66,
    0xcf, 0x66, 0xff, 0x66, 0x0, 0x66, 0x0, 0xc6,
    0x1, 0xc0, 0x1, 0xe0, 0x3, 0xf0, 0xf, 0x38,
    0x3c, 0x1f, 0x30, 0x2,

    /* U+B7AC "랬" */
    0x0, 0x66, 0xfe, 0x66, 0xfe, 0x66, 0x6, 0x66,
    0x6, 0x66, 0xfe, 0x7e, 0xc0, 0x66, 0xc0, 0x66,
    0xff, 0x66, 0xff, 0x66, 0x0, 0x66, 0x0, 0x0,
    0xc, 0x18, 0xc, 0x18, 0x1e, 0x3c, 0x3e, 0x7c,
    0x73, 0xe7, 0x61, 0xc3,

    /* U+B7AD "랭" */
    0x0, 0x67, 0xfc, 0xcf, 0xf9, 0x98, 0x33, 0x3f,
    0xe7, 0xff, 0xcf, 0xf0, 0x19, 0xe0, 0x33, 0xff,
    0x67, 0xc0, 0xcc, 0x0, 0x18, 0x3f, 0x81, 0xc1,
    0xc3, 0x0, 0xce, 0x1, 0x8c, 0x3, 0x1c, 0x1c,
    0xf, 0xe0,

    /* U+B7B4 "랴" */
    0x0, 0x18, 0xff, 0x18, 0x3, 0x18, 0x3, 0x1f,
    0x3, 0x1f, 0x3, 0x1f, 0xff, 0x18, 0xc0, 0x18,
    0xc0, 0x18, 0xc0, 0x18, 0xc0, 0x1f, 0xc0, 0xd8,
    0xff, 0xd8, 0x0, 0x18, 0x0, 0x18, 0x0, 0x18,
    0x0, 0x18, 0x0, 0x18,

    /* U+B7B5 "략" */
    0x0, 0x18, 0xff, 0x18, 0xff, 0x18, 0x3, 0x1f,
    0x3, 0x18, 0xff, 0x18, 0xc0, 0x18, 0xc0, 0x1f,
    0xff, 0xd8, 0xff, 0xd8, 0x0, 0x18, 0x0, 0x0,
    0x0, 0x0, 0x7f, 0xf8, 0x0, 0x18, 0x0, 0x18,
    0x0, 0x18, 0x0, 0x18, 0x0, 0x18,

    /* U+B7B8 "랸" */
    0x0, 0x18, 0xff, 0x18, 0xff, 0x18, 0x3, 0x1f,
    0x3, 0x1f, 0xff, 0x18, 0xff, 0x18, 0xc0, 0x18,
    0xc0, 0x1f, 0xc3, 0xdf, 0xff, 0xd8, 0x0, 0x18,
    0x0, 0x18, 0x30, 0x0, 0x30, 0x0, 0x30, 0x0,
    0x30, 0x0, 0x3f, 0xfc,

    /* U+B7C7 "럇" */
    0x0, 0x18, 0xff, 0x18, 0xff, 0x18, 0x3, 0x1f,
    0x3, 0x1f, 0xff, 0x18, 0xc0, 0x18, 0xc0, 0x1f,
    0xff, 0xdf, 0xff, 0xd8, 0x0, 0x18, 0x1, 0x98,
    0x1, 0x80, 0x3, 0x80, 0x7, 0xc0, 0xe, 0xf0,
    0x7c, 0x3c, 0x60, 0xc,

    /* U+B7C9 "량" */
    0x0, 0xc, 0xff, 0xc, 0x3, 0xf, 0x3, 0xf,
    0xff, 0xc, 0xc0, 0xf, 0xc0, 0xf, 0xc0, 0x4f,
    0xff, 0xcc, 0x0, 0xc, 0x0, 0x0, 0xf, 0xe0,
    0x38, 0x18, 0x30, 0xc, 0x60, 0xc, 0x30, 0xc,
    0x38, 0x38, 0xf, 0xe0,

    /* U+B7EC "러" */
    0x0, 0xf, 0xfc, 0x30, 0x30, 0xc0, 0xc3, 0x3,
    0xc, 0xc, 0x30, 0x30, 0xff, 0xdf, 0xc0, 0xf,
    0x0, 0x3c, 0x0, 0xff, 0xe3, 0xff, 0x8c, 0x0,
    0x30, 0x0, 0xc0, 0x3, 0x0, 0xc, 0x0, 0x30,

    /* U+B7ED "럭" */
    0x0, 0xf, 0xfc, 0x3f, 0xf0, 0xc0, 0xc3, 0x3,
    0x7f, 0xfd, 0xfc, 0x0, 0xf0, 0x3, 0xdf, 0x8f,
    0xfe, 0x30, 0x0, 0xc0, 0x0, 0x0, 0x0, 0xff,
    0xf0, 0x0, 0xc0, 0x3, 0x0, 0xc, 0x0, 0x30,
    0x0, 0xc0,

    /* U+B7F0 "런" */
    0x0, 0xd, 0xfe, 0x1b, 0xfc, 0x30, 0x18, 0x60,
    0x30, 0xc0, 0x6f, 0xbf, 0xdf, 0x60, 0x6, 0xc0,
    0xd, 0x81, 0x1b, 0xfe, 0x37, 0x80, 0x60, 0x0,
    0xc7, 0x0, 0xe, 0x0, 0x1c, 0x0, 0x38, 0x0,
    0x7f, 0xfc,

    /* U+B7F4 "럴" */
    0x0, 0xd, 0xfe, 0x18, 0xc, 0x30, 0x1b, 0xef,
    0xf7, 0xd8, 0x1, 0xb0, 0x3, 0x7f, 0xc6, 0x0,
    0xc, 0x0, 0x0, 0xff, 0xf0, 0x0, 0x60, 0x0,
    0xc7, 0xff, 0x8c, 0x0, 0x18, 0x0, 0x30, 0x0,
    0x7f, 0xfc,

    /* U+B7FC "럼" */
    0x0, 0xf, 0xfc, 0x30, 0x30, 0xc0, 0xdf, 0xff,
    0x7f, 0x0, 0x3c, 0x0, 0xf0, 0x3, 0xff, 0x8c,
    0x0, 0x30, 0x0, 0xf, 0xff, 0x30, 0xc, 0xc0,
    0x33, 0x0, 0xcc, 0x3, 0x30, 0xc, 0xff, 0xf0,

    /* U+B7FD "럽" */
    0x0, 0xf, 0xfc, 0x30, 0x30, 0xc0, 0xc3, 0xff,
    0x7f, 0xfc, 0x3c, 0x0, 0xf0, 0x63, 0xff, 0x8f,
    0x0, 0x30, 0x0, 0x0, 0x0, 0x0, 0x0, 0xc0,
    0x33, 0xff, 0xcc, 0x3, 0x30, 0xc, 0xc0, 0x33,
    0xff, 0xc0,

    /* U+B7FF "럿" */
    0x0, 0xd, 0xfe, 0x1b, 0xfc, 0x30, 0x18, 0x60,
    0x37, 0xdf, 0xef, 0xb0, 0x3, 0x60, 0x6, 0xff,
    0x8d, 0xff, 0x18, 0x0, 0x30, 0xc, 0x60, 0x18,
    0x0, 0x78, 0x1, 0xf8, 0xf, 0x3c, 0x3c, 0x1e,
    0x40, 0x8,

    /* U+B800 "렀" */
    0x0, 0xc, 0xff, 0xc, 0x3, 0xc, 0x3, 0xc,
    0xff, 0x7c, 0xff, 0xc, 0xc0, 0xc, 0xc7, 0x8c,
    0xff, 0x8c, 0x0, 0xc, 0x0, 0x0, 0xc, 0x30,
    0xc, 0x30, 0x1c, 0x78, 0x3e, 0x78, 0x73, 0xce,
    0x63, 0x86, 0x0, 0x0,

    /* U+B801 "렁" */
    0x0, 0xf, 0xfc, 0x30, 0x30, 0xc0, 0xdf, 0xff,
    0x7f, 0x0, 0x3c, 0x0, 0xf0, 0x3, 0xff, 0x8c,
    0x0, 0x30, 0x0, 0xc1, 0xf8, 0x1c, 0x18, 0xc0,
    0x33, 0x0, 0xcc, 0x3, 0x1c, 0x18, 0x1f, 0xc0,

    /* U+B807 "렇" */
    0x0, 0x7, 0xfe, 0xf, 0xfc, 0x18, 0x18, 0x30,
    0x37, 0xff, 0xef, 0xf0, 0x1, 0xe0, 0x3, 0xff,
    0x87, 0xff, 0xc, 0x6, 0x0, 0xc, 0x3, 0xff,
    0xe0, 0x0, 0x1, 0xfc, 0xe, 0xe, 0x18, 0xc,
    0x38, 0x38, 0x1f, 0xc0,

    /* U+B808 "레" */
    0x0, 0x66, 0x0, 0xcf, 0xf1, 0x98, 0x63, 0x30,
    0xc6, 0x61, 0x8c, 0xc3, 0x79, 0xfe, 0xf3, 0xc0,
    0x67, 0x80, 0xcf, 0x1, 0x9e, 0x3b, 0x3f, 0xf6,
    0x60, 0xc, 0xc0, 0x19, 0x80, 0x33, 0x0, 0x66,
    0x0, 0xc,

    /* U+B809 "렉" */
    0x0, 0x67, 0xf8, 0xcf, 0xf1, 0x98, 0x63, 0x30,
    0xde, 0x7f, 0xbc, 0xf0, 0x19, 0xe0, 0x33, 0xdf,
    0x67, 0xfe, 0xcc, 0x1, 0x98, 0x0, 0x1, 0xff,
    0xe0, 0x0, 0xc0, 0x1, 0x80, 0x3, 0x0, 0x6,
    0x0, 0xc,

    /* U+B80C "렌" */
    0x0, 0x66, 0x0, 0xcf, 0xf1, 0x9f, 0xe3, 0x30,
    0xc6, 0x61, 0x8c, 0xff, 0x79, 0xfe, 0x33, 0xc0,
    0x67, 0x80, 0xcf, 0x3d, 0x9f, 0xfb, 0x3f, 0x86,
    0x60, 0xc, 0xcc, 0x0, 0x18, 0x0, 0x30, 0x0,
    0x60, 0x0, 0xff, 0xf8,

    /* U+B810 "렐" */
    0x0, 0x67, 0xf8, 0xcc, 0x31, 0x98, 0x6f, 0x3f,
    0xde, 0x78, 0xc, 0xf0, 0x19, 0xff, 0xb3, 0xe0,
    0x66, 0x0, 0x0, 0xff, 0xf8, 0x0, 0x30, 0x0,
    0x67, 0xff, 0xcc, 0x0, 0x18, 0x0, 0x30, 0x0,
    0x7f, 0xfc,

    /* U+B818 "렘" */
    0x0, 0x67, 0xf8, 0xcc, 0x31, 0x98, 0x63, 0x30,
    0xde, 0x7f, 0xbc, 0xf0, 0x19, 0xe0, 0x33, 0xff,
    0x66, 0x0, 0xcc, 0x0, 0x1, 0xff, 0xf3, 0x0,
    0x66, 0x0, 0xcc, 0x1, 0x98, 0x3, 0x30, 0x6,
    0x7f, 0xfc,

    /* U+B819 "렙" */
    0x0, 0x67, 0xf8, 0xcf, 0xf1, 0x98, 0x63, 0x30,
    0xde, 0x7f, 0xbc, 0xf0, 0x19, 0xe0, 0x33, 0xff,
    0x67, 0xc8, 0xcc, 0x0, 0x0, 0x0, 0x0, 0x0,
    0x7, 0xff, 0xcc, 0x1, 0x98, 0x3, 0x30, 0x6,
    0x60, 0xc, 0xff, 0xf8,

    /* U+B81B "렛" */
    0x0, 0x26, 0xfc, 0x26, 0xfc, 0x26, 0xc, 0x26,
    0xd, 0xe6, 0xfd, 0xe6, 0xc0, 0x26, 0xc0, 0x26,
    0xdf, 0x26, 0xff, 0x26, 0x0, 0x26, 0x0, 0xc6,
    0x0, 0xc0, 0x1, 0xe0, 0x3, 0xf0, 0xf, 0x38,
    0x3c, 0x1f, 0x20, 0x2,

    /* U+B81D "렝" */
    0x0, 0x67, 0xf8, 0xcc, 0x31, 0x98, 0x63, 0x30,
    0xde, 0x7f, 0xbc, 0xf0, 0x19, 0xe0, 0x33, 0xc1,
    0x67, 0xfe, 0xcc, 0x0, 0x18, 0x3f, 0x81, 0xc1,
    0xc2, 0x0, 0xcc, 0x1, 0x88, 0x3, 0x1c, 0x1c,
    0xf, 0xe0,

    /* U+B824 "려" */
    0x0, 0xf, 0xfc, 0x30, 0x30, 0xc0, 0xdf, 0x3,
    0x7c, 0xc, 0x3f, 0xf0, 0xf0, 0x3, 0xc0, 0xf,
    0x1, 0xfc, 0x0, 0xf0, 0x23, 0xff, 0x8f, 0xfe,
    0x30, 0x0, 0xc0, 0x3, 0x0, 0xc, 0x0, 0x30,

    /* U+B825 "력" */
    0x0, 0xf, 0xfc, 0x3f, 0xf0, 0xc0, 0xdf, 0x3,
    0xf, 0xfc, 0x3c, 0x7, 0xf0, 0x1f, 0xc7, 0x8f,
    0xfe, 0x30, 0x0, 0xc0, 0x0, 0x3f, 0xfc, 0x0,
    0x30, 0x0, 0xc0, 0x3, 0x0, 0xc, 0x0, 0x30,

    /* U+B828 "련" */
    0x0, 0xd, 0xfe, 0x1b, 0xfc, 0x30, 0x1b, 0xe0,
    0x37, 0xc0, 0x61, 0xbf, 0xc3, 0x60, 0x6, 0xc0,
    0x7d, 0x80, 0x1b, 0xfe, 0x37, 0xf8, 0x60, 0x0,
    0xc7, 0x0, 0xe, 0x0, 0x1c, 0x0, 0x38, 0x0,
    0x7f, 0xfc,

    /* U+B82C "렬" */
    0x0, 0xd, 0xfe, 0x18, 0xd, 0xf0, 0x1b, 0xef,
    0xf0, 0xd8, 0xf, 0xb0, 0x1f, 0x7f, 0xc6, 0xc0,
    0xc, 0x0, 0x0, 0xff, 0xf0, 0x0, 0x60, 0x0,
    0xc7, 0xff, 0x8e, 0x0, 0x1c, 0x0, 0x38, 0x0,
    0x7f, 0xfc,

    /* U+B834 "렴" */
    0x0, 0xf, 0xfc, 0x30, 0x37, 0xc0, 0xdf, 0xff,
    0xf, 0x1, 0xfc, 0x7, 0xf0, 0x23, 0xff, 0x8c,
    0x0, 0x30, 0x0, 0xf, 0xff, 0x30, 0xc, 0xc0,
    0x33, 0x0, 0xcc, 0x3, 0x30, 0xc, 0xff, 0xf0,

    /* U+B835 "렵" */
    0x0, 0xf, 0xfc, 0x30, 0x37, 0xc0, 0xdf, 0xff,
    0xf, 0xfc, 0x3c, 0x7, 0xf0, 0x23, 0xff, 0x8f,
    0x0, 0x30, 0x0, 0x0, 0x0, 0x0, 0x0, 0xe0,
    0x33, 0xff, 0xce, 0x3, 0x38, 0xc, 0xe0, 0x33,
    0xff, 0xc0,

    /* U+B837 "렷" */
    0x0, 0xd, 0xfe, 0x1b, 0xfc, 0x30, 0x1b, 0xe0,
    0x30, 0xdf, 0xe1, 0xb0, 0x1f, 0x60, 0x3e, 0xff,
    0x8d, 0xff, 0x18, 0x0, 0x30, 0xc, 0x60, 0x18,
    0x0, 0x38, 0x1, 0xd8, 0xf, 0x3c, 0x3c, 0x1e,
    0x40, 0x0,

    /* U+B838 "렸" */
    0x0, 0xc, 0xff, 0xc, 0xff, 0x7c, 0x3, 0x7c,
    0x3, 0xc, 0xff, 0xc, 0xc0, 0x7c, 0xc0, 0x7c,
    0xdf, 0x8c, 0xff, 0x8c, 0x0, 0xc, 0x0, 0x0,
    0xc, 0x30, 0xc, 0x30, 0x1c, 0x78, 0x1e, 0x78,
    0x73, 0xce, 0x63, 0x86, 0x0, 0x0,

    /* U+B839 "령" */
    0x0, 0xf, 0xfc, 0x30, 0x37, 0xc0, 0xdf, 0xff,
    0xf, 0x1, 0xfc, 0x7, 0xf0, 0x3, 0xff, 0x8c,
    0x0, 0x30, 0x0, 0x1, 0xf8, 0x1c, 0x18, 0xe0,
    0x33, 0x0, 0xce, 0x3, 0x1c, 0x18, 0x1f, 0xc0,

    /* U+B840 "례" */
    0x0, 0x66, 0x0, 0xcf, 0xf1, 0x98, 0x63, 0x30,
    0xde, 0x61, 0xbc, 0xc3, 0x19, 0xfe, 0x33, 0xc0,
    0x67, 0x83, 0xcf, 0x7, 0x9e, 0x13, 0x3f, 0xe6,
    0x7c, 0xc, 0xc0, 0x19, 0x80, 0x33, 0x0, 0x66,
    0x0, 0xc,

    /* U+B844 "롄" */
    0x0, 0x66, 0x0, 0xcf, 0xf1, 0x9f, 0xe3, 0x30,
    0xde, 0x61, 0xbc, 0xff, 0x19, 0xfe, 0x33, 0xc1,
    0xe7, 0x83, 0xcf, 0x9, 0x9f, 0xf3, 0x3f, 0xa6,
    0x60, 0xc, 0xc6, 0x0, 0xc, 0x0, 0x18, 0x0,
    0x30, 0x0, 0x7f, 0xf8,

    /* U+B851 "롑" */
    0x0, 0x67, 0xf8, 0xcf, 0xf7, 0x98, 0x6f, 0x30,
    0xc6, 0x7f, 0x8c, 0xf0, 0x79, 0xe0, 0x33, 0xfe,
    0x67, 0xc0, 0xcc, 0x0, 0x0, 0x0, 0x3, 0x0,
    0x67, 0xff, 0xcc, 0x1, 0x98, 0x3, 0x30, 0x6,
    0x7f, 0xfc,

    /* U+B853 "롓" */
    0x0, 0x36, 0xfc, 0x36, 0xfc, 0x36, 0xd, 0xf6,
    0xc, 0x36, 0xfc, 0x36, 0xc1, 0xf6, 0xc1, 0xf6,
    0xce, 0x36, 0xff, 0x36, 0x0, 0x6, 0x0, 0xc6,
    0x0, 0xc0, 0x1, 0xe0, 0x3, 0xf0, 0x1f, 0x3c,
    0x3c, 0xf, 0x0, 0x0,

    /* U+B85C "로" */
    0x3f, 0xfe, 0x0, 0x7, 0x0, 0x3, 0x80, 0x1,
    0xc3, 0xff, 0xe1, 0x80, 0x0, 0xc0, 0x0, 0x60,
    0x0, 0x3f, 0xfe, 0x0, 0xc0, 0x0, 0x60, 0x0,
    0x30, 0x0, 0x18, 0x7, 0xff, 0xfc,

    /* U+B85D "록" */
    0x3f, 0xfe, 0x0, 0x7, 0x0, 0x3, 0x87, 0xff,
    0xc3, 0x0, 0x1, 0x80, 0x0, 0xff, 0xf8, 0x3,
    0x0, 0x1, 0x80, 0x0, 0xc0, 0x3f, 0xff, 0xe0,
    0x0, 0x0, 0x0, 0x1, 0xff, 0xf0, 0x0, 0x38,
    0x0, 0x1c, 0x0, 0xe, 0x0, 0x7, 0x0,

    /* U+B860 "론" */
    0x3f, 0xfc, 0x0, 0x6, 0x0, 0x3, 0x7, 0xff,
    0x83, 0x0, 0x1, 0x80, 0x0, 0xc0, 0x0, 0x7f,
    0xfc, 0x1, 0x80, 0x0, 0xc0, 0x3f, 0xff, 0xe0,
    0x0, 0x0, 0x0, 0x0, 0x0, 0x0, 0xc0, 0x0,
    0x60, 0x0, 0x30, 0x0, 0x1f, 0xff, 0x0,

    /* U+B864 "롤" */
    0x3f, 0xfc, 0x0, 0x6, 0x0, 0x3, 0x7, 0xff,
    0x83, 0x0, 0x1, 0xff, 0xf0, 0x6, 0x0, 0x3,
    0x0, 0xff, 0xff, 0x80, 0x0, 0x0, 0x0, 0x7,
    0xff, 0x80, 0x0, 0xc1, 0xff, 0xe0, 0xc0, 0x0,
    0x60, 0x0, 0x30, 0x0, 0x1f, 0xff, 0x0,

    /* U+B86C "롬" */
    0x3f, 0xfc, 0x0, 0x6, 0x0, 0x3, 0x7, 0xff,
    0x83, 0x0, 0x1, 0x80, 0x0, 0xff, 0xf8, 0x3,
    0x0, 0x1, 0x80, 0x7f, 0xff, 0xc0, 0x0, 0x0,
    0x0, 0x3, 0xff, 0xc1, 0x80, 0x60, 0xc0, 0x30,
    0x60, 0x18, 0x30, 0xc, 0x1f, 0xfe, 0x0,

    /* U+B86D "롭" */
    0x3f, 0xfc, 0x0, 0x6, 0x0, 0x3, 0x7, 0xff,
    0x83, 0x0, 0x1, 0x80, 0x0, 0xff, 0xf8, 0x3,
    0x0, 0x1, 0x80, 0x7f, 0xff, 0xc0, 0x0, 0x0,
    0x0, 0x3, 0x0, 0xc1, 0xff, 0xe0, 0xc0, 0x30,
    0x60, 0x18, 0x30, 0xc, 0x1f, 0xfe, 0x0,

    /* U+B86F "롯" */
    0x3f, 0xfc, 0x0, 0x6, 0x0, 0x3, 0x7, 0xff,
    0x83, 0x0, 0x1, 0x80, 0x0, 0xff, 0xf8, 0x3,
    0x0, 0x1, 0x80, 0x7f, 0xff, 0xc0, 0x0, 0x0,
    0x30, 0x0, 0x1c, 0x0, 0x1f, 0x0, 0x3d, 0xc0,
    0xf8, 0x7c, 0x30, 0x6, 0x0,

    /* U+B871 "롱" */
    0x3f, 0xfe, 0x0, 0x7, 0x0, 0x3, 0x87, 0xff,
    0xc3, 0x0, 0x1, 0x80, 0x0, 0xff, 0xf8, 0x3,
    0x0, 0x1, 0x80, 0x7f, 0xff, 0xc0, 0x0, 0x0,
    0x0, 0x0, 0xff, 0x1, 0xc0, 0xe0, 0xc0, 0x30,
    0x60, 0x18, 0x38, 0x1c, 0x7, 0xf8, 0x0,

    /* U+B878 "롸" */
    0x0, 0xc, 0x3f, 0xe6, 0x0, 0x33, 0x0, 0x19,
    0x80, 0xc, 0xc3, 0xfe, 0x61, 0x80, 0x30, 0xc0,
    0x1f, 0x7f, 0xcc, 0x3, 0x6, 0x1, 0x83, 0x0,
    0xc1, 0x8f, 0xfe, 0xc7, 0xfc, 0x60, 0x0, 0x30,
    0x0, 0x18, 0x0, 0xc, 0x0, 0x6, 0x0,

    /* U+B87C "롼" */
    0x0, 0xc, 0x3f, 0xc6, 0x1f, 0xe3, 0x0, 0x31,
    0x80, 0x18, 0xc3, 0xfc, 0x61, 0x80, 0x30, 0xc0,
    0x1f, 0x7f, 0xcf, 0xbf, 0xe6, 0x3, 0x3, 0x1,
    0x9d, 0x8f, 0xfe, 0xc7, 0xf0, 0x60, 0x0, 0x0,
    0x60, 0x0, 0x30, 0x0, 0x18, 0x0, 0xf, 0xff,
    0x80,

    /* U+B88D "뢍" */
    0x0, 0xc, 0x7f, 0x8c, 0x1, 0x8c, 0x1, 0x8c,
    0x7f, 0x8c, 0x60, 0xf, 0x60, 0xf, 0x7f, 0xcc,
    0xc, 0xc, 0xc, 0xc, 0xff, 0xec, 0xff, 0x8c,
    0x0, 0xc, 0xf, 0xf0, 0x18, 0x18, 0x30, 0xc,
    0x30, 0xc, 0x18, 0x18, 0xf, 0xf0,

    /* U+B8A8 "뢨" */
    0x0, 0x33, 0x3f, 0x99, 0x80, 0x4c, 0xcf, 0xe6,
    0x67, 0xf3, 0x33, 0x1, 0xf9, 0xfe, 0xcc, 0xff,
    0x66, 0xc, 0x33, 0x7f, 0xd9, 0xbe, 0xc, 0xc0,
    0x0, 0x0, 0x61, 0xc0, 0x30, 0xe0, 0x3c, 0xf8,
    0x76, 0xee, 0x71, 0xe3, 0x80, 0x60, 0x0,

    /* U+B8B0 "뢰" */
    0x0, 0x6, 0xff, 0x8c, 0x3, 0x18, 0x6, 0x30,
    0xc, 0x6f, 0xf8, 0xd8, 0x1, 0xb0, 0x3, 0x7f,
    0xe6, 0xc, 0xc, 0x18, 0x18, 0x30, 0x3f, 0xff,
    0x7f, 0xf8, 0xc0, 0x1, 0x80, 0x3, 0x0, 0x6,
    0x0, 0xc,

    /* U+B8B4 "뢴" */
    0x0, 0x6, 0x3f, 0xe6, 0x3f, 0xe6, 0x0, 0x66,
    0x0, 0x66, 0x3f, 0xe6, 0x30, 0x6, 0x30, 0x6,
    0x3f, 0xe6, 0x3f, 0xe6, 0x7, 0x6, 0x7, 0x36,
    0x7f, 0xf6, 0x7c, 0x6, 0x0, 0x0, 0x1c, 0x0,
    0x1c, 0x0, 0x1c, 0x0, 0x1f, 0xff,

    /* U+B8B8 "뢸" */
    0x3f, 0xc6, 0x3f, 0xc6, 0x0, 0xc6, 0x3f, 0xc6,
    0x30, 0x6, 0x30, 0x6, 0x3f, 0xe6, 0x6, 0x6,
    0xff, 0xf6, 0x7e, 0x6, 0x0, 0x0, 0x0, 0x0,
    0x1f, 0xfe, 0x0, 0x6, 0x1f, 0xfe, 0x18, 0x0,
    0x18, 0x0, 0x18, 0x0, 0x1f, 0xff,

    /* U+B8C0 "룀" */
    0x0, 0xd, 0xff, 0x30, 0xc, 0xdf, 0xf3, 0x7f,
    0xcd, 0x80, 0x37, 0xfc, 0xdf, 0xf3, 0xe, 0xf,
    0xff, 0xbf, 0xf8, 0xc0, 0x0, 0x3f, 0xfc, 0xe0,
    0x33, 0x80, 0xce, 0x3, 0x38, 0xc, 0xff, 0xf0,

    /* U+B8C1 "룁" */
    0x0, 0xd, 0xff, 0x30, 0xc, 0xdf, 0xf3, 0x7f,
    0xcd, 0x80, 0x37, 0xfc, 0xdf, 0xf3, 0xe, 0xf,
    0xff, 0xbf, 0xc0, 0xc0, 0x0, 0x0, 0x0, 0xe0,
    0x33, 0xff, 0xce, 0x3, 0x38, 0xc, 0xe0, 0x33,
    0xff, 0xc0,

    /* U+B8C3 "룃" */
    0x0, 0xc, 0xff, 0x18, 0x6, 0x30, 0xc, 0x67,
    0xf8, 0xcc, 0x1, 0x9f, 0xf3, 0x3f, 0xe6, 0xc,
    0xd, 0xff, 0xdb, 0xff, 0xb0, 0x0, 0x60, 0x18,
    0xc0, 0x30, 0x0, 0xf0, 0x3, 0xf0, 0x3e, 0x7e,
    0x70, 0x18,

    /* U+B8C5 "룅" */
    0x0, 0xd, 0xff, 0x30, 0xc, 0xc0, 0x33, 0x7f,
    0xcd, 0x80, 0x36, 0x0, 0xdf, 0xf3, 0xe, 0xc,
    0x38, 0x3f, 0xfe, 0xff, 0xe3, 0x0, 0xc, 0x3f,
    0xc1, 0x81, 0x8c, 0x3, 0x30, 0xc, 0x60, 0x60,
    0xff, 0x0,

    /* U+B8CC "료" */
    0x3f, 0xfe, 0x0, 0x7, 0x0, 0x3, 0x80, 0x1,
    0xc3, 0xff, 0xe1, 0x80, 0x0, 0xc0, 0x0, 0x60,
    0x0, 0x3f, 0xfe, 0x6, 0x18, 0x3, 0xc, 0x1,
    0x86, 0x0, 0xc3, 0x7, 0xff, 0xfc,

    /* U+B8D0 "룐" */
    0x3f, 0xfc, 0x0, 0x6, 0x0, 0x3, 0x7, 0xff,
    0x83, 0x0, 0x1, 0x80, 0x0, 0xc0, 0x0, 0x7f,
    0xfc, 0xe, 0x30, 0x7, 0x18, 0x3f, 0xff, 0xe0,
    0x0, 0x0, 0x0, 0x0, 0x0, 0x0, 0xc0, 0x0,
    0x60, 0x0, 0x30, 0x0, 0x1f, 0xff, 0x0,

    /* U+B8D4 "룔" */
    0x3f, 0xfc, 0x0, 0x6, 0x0, 0x3, 0x7, 0xff,
    0x83, 0x0, 0x1, 0xff, 0xf0, 0x38, 0xc0, 0x1c,
    0x60, 0xff, 0xff, 0x80, 0x0, 0x0, 0x0, 0x7,
    0xff, 0x80, 0x0, 0xc1, 0xff, 0xe0, 0xc0, 0x0,
    0x60, 0x0, 0x30, 0x0, 0x1f, 0xff, 0x0,

    /* U+B8DD "룝" */
    0x3f, 0xfc, 0x0, 0x6, 0x0, 0x3, 0x7, 0xff,
    0x83, 0x0, 0x1, 0x80, 0x0, 0xff, 0xf8, 0x1c,
    0x60, 0xe, 0x30, 0x7f, 0xff, 0xc0, 0x0, 0x0,
    0x0, 0x3, 0x0, 0xc1, 0xff, 0xe0, 0xc0, 0x30,
    0x60, 0x18, 0x30, 0xc, 0x1f, 0xfe, 0x0,

    /* U+B8DF "룟" */
    0x3f, 0xfc, 0x0, 0x6, 0x0, 0x3, 0x7, 0xff,
    0x83, 0x0, 0x1, 0x80, 0x0, 0xff, 0xf8, 0x1c,
    0x60, 0xe, 0x30, 0x7, 0x18, 0x3f, 0xff, 0xe0,
    0x0, 0x0, 0x18, 0x0, 0xe, 0x0, 0xf, 0x80,
    0x1c, 0xf0, 0x7c, 0x3e, 0x10, 0x3, 0x0,

    /* U+B8E1 "룡" */
    0x3f, 0xfe, 0x0, 0x7, 0x0, 0x3, 0x87, 0xff,
    0xc3, 0x0, 0x1, 0x80, 0x0, 0xff, 0xf8, 0x1c,
    0x60, 0xe, 0x30, 0x7f, 0xff, 0xc0, 0x0, 0x0,
    0x0, 0x0, 0xff, 0x1, 0xc0, 0xe0, 0xc0, 0x30,
    0x60, 0x18, 0x38, 0x1c, 0x7, 0xf8, 0x0,

    /* U+B8E8 "루" */
    0x3f, 0xfe, 0x0, 0x7, 0x0, 0x3, 0x80, 0x1,
    0xc3, 0xff, 0xe1, 0x80, 0x0, 0xc0, 0x0, 0x7f,
    0xfc, 0x0, 0x0, 0x0, 0x0, 0x0, 0x0, 0x1f,
    0xff, 0xf0, 0x18, 0x0, 0xc, 0x0, 0x6, 0x0,
    0x3, 0x0, 0x1, 0x80, 0x0, 0xc0, 0x0,

    /* U+B8E9 "룩" */
    0x3f, 0xfe, 0x0, 0x7, 0x0, 0x3, 0x87, 0xff,
    0xc3, 0x0, 0x1, 0x80, 0x0, 0xff, 0xf8, 0x0,
    0x0, 0x0, 0x0, 0x7f, 0xff, 0xc0, 0x60, 0x0,
    0x30, 0x0, 0x18, 0x1, 0xff, 0xf0, 0x0, 0x38,
    0x0, 0x1c, 0x0, 0xe, 0x0, 0x7, 0x0,

    /* U+B8EC "룬" */
    0x3f, 0xfc, 0x0, 0x6, 0x0, 0x3, 0x7, 0xff,
    0x83, 0x0, 0x1, 0x80, 0x0, 0xc0, 0x0, 0x7f,
    0xfc, 0x0, 0x0, 0x0, 0x0, 0x3f, 0xff, 0xe0,
    0x30, 0x0, 0x18, 0x0, 0xc, 0x0, 0xc0, 0x0,
    0x60, 0x0, 0x30, 0x0, 0x1f, 0xff, 0x0,

    /* U+B8F0 "룰" */
    0x3f, 0xfc, 0x0, 0x6, 0x0, 0x3, 0x7, 0xff,
    0x83, 0x0, 0x1, 0xff, 0xf0, 0x0, 0x0, 0x0,
    0x0, 0xff, 0xff, 0x80, 0xc0, 0x0, 0x60, 0x7,
    0xff, 0x80, 0x0, 0xc1, 0xff, 0xe0, 0xc0, 0x0,
    0x60, 0x0, 0x30, 0x0, 0x1f, 0xff, 0x0,

    /* U+B8F8 "룸" */
    0x3f, 0xfc, 0x0, 0x6, 0x0, 0x3, 0x7, 0xff,
    0x83, 0x0, 0x1, 0x80, 0x0, 0xff, 0xf8, 0x0,
    0x0, 0x0, 0x0, 0x7f, 0xff, 0xc0, 0x60, 0x0,
    0x30, 0x3, 0xff, 0xc1, 0x80, 0x60, 0xc0, 0x30,
    0x60, 0x18, 0x30, 0xc, 0x1f, 0xfe, 0x0,

    /* U+B8F9 "룹" */
    0x3f, 0xfc, 0x0, 0x6, 0x0, 0x3, 0x7, 0xff,
    0x83, 0x0, 0x1, 0x80, 0x0, 0xff, 0xf8, 0x0,
    0x0, 0x0, 0x0, 0x7f, 0xff, 0xc0, 0x60, 0x0,
    0x30, 0x3, 0x0, 0xc1, 0xff, 0xe0, 0xc0, 0x30,
    0x60, 0x18, 0x30, 0xc, 0x1f, 0xfe, 0x0,

    /* U+B8FB "룻" */
    0x3f, 0xfc, 0x0, 0x6, 0x0, 0x3, 0x7, 0xff,
    0x83, 0x0, 0x1, 0x80, 0x0, 0xff, 0xf8, 0x0,
    0x0, 0x0, 0x0, 0x7f, 0xff, 0xc0, 0x60, 0x0,
    0x30, 0x0, 0x18, 0x0, 0xc, 0x0, 0xf, 0x0,
    0x3c, 0xf0, 0x7c, 0x1e, 0x0,

    /* U+B8FD "룽" */
    0x3f, 0xfe, 0x0, 0x7, 0x0, 0x3, 0x87, 0xff,
    0xc3, 0x0, 0x1, 0x80, 0x0, 0xff, 0xf8, 0x0,
    0x0, 0x0, 0x0, 0x7f, 0xff, 0xc0, 0x60, 0x0,
    0x30, 0x0, 0xff, 0x81, 0xc0, 0xe0, 0xc0, 0x30,
    0x60, 0x18, 0x18, 0x1c, 0x7, 0xf8, 0x0,

    /* U+B904 "뤄" */
    0x0, 0x6, 0xff, 0x8c, 0x3, 0x18, 0x6, 0x37,
    0xfc, 0x6c, 0x0, 0xd8, 0x1, 0xbf, 0xe3, 0x0,
    0x6, 0x0, 0x2f, 0xff, 0xd8, 0x60, 0x30, 0xc0,
    0x61, 0x8f, 0xc3, 0x1, 0x86, 0x3, 0xc, 0x6,
    0x18, 0xc,

    /* U+B918 "뤘" */
    0x3f, 0xe6, 0x1f, 0xf3, 0x0, 0x19, 0x87, 0xfc,
    0xc3, 0x0, 0x61, 0xff, 0x30, 0xff, 0x98, 0x0,
    0xc, 0xff, 0xf6, 0x3f, 0x83, 0x1, 0x9f, 0x80,
    0xc0, 0xc0, 0x0, 0x0, 0x30, 0xc0, 0x38, 0x60,
    0x3e, 0x78, 0x39, 0xf7, 0x18, 0x71, 0x80,

    /* U+B920 "뤠" */
    0x0, 0x33, 0x7f, 0x33, 0x3, 0x33, 0x3, 0x33,
    0x7f, 0x33, 0x60, 0x33, 0x7f, 0x33, 0x7f, 0x33,
    0x0, 0x33, 0xff, 0xb3, 0xff, 0xb3, 0x8, 0x33,
    0x9, 0xf3, 0x8, 0x33, 0x8, 0x33, 0x8, 0x33,
    0x0, 0x33, 0x0, 0x3,

    /* U+B93C "뤼" */
    0x0, 0x3, 0x3f, 0xe3, 0x0, 0x63, 0x0, 0x63,
    0x3f, 0xe3, 0x30, 0x3, 0x30, 0x3, 0x3f, 0xe3,
    0x0, 0x3, 0x0, 0xb, 0x7f, 0xfb, 0x3, 0x3,
    0x3, 0x3, 0x3, 0x3, 0x3, 0x3, 0x3, 0x3,
    0x3, 0x3, 0x3, 0x3,

    /* U+B93D "뤽" */
    0x0, 0x6, 0x7f, 0xcc, 0x1, 0x98, 0x3, 0x33,
    0xfe, 0x66, 0x0, 0xcc, 0x1, 0x9f, 0xf3, 0x0,
    0x6, 0x0, 0x6f, 0xff, 0xd8, 0x38, 0x30, 0x70,
    0x3, 0xff, 0xc0, 0x1, 0x80, 0x3, 0x0, 0x6,
    0x0, 0xc, 0x0, 0x18,

    /* U+B940 "륀" */
    0x0, 0x6, 0x3f, 0xe6, 0x3f, 0xe6, 0x0, 0x66,
    0x3f, 0xe6, 0x3f, 0xe6, 0x30, 0x6, 0x30, 0x6,
    0x3f, 0xe6, 0x0, 0x6, 0x0, 0x36, 0xff, 0xf6,
    0x7f, 0xe6, 0x3, 0x6, 0x0, 0x0, 0x18, 0x0,
    0x18, 0x0, 0x18, 0x0, 0x1f, 0xff,

    /* U+B944 "륄" */
    0x3f, 0xe6, 0x3f, 0xe6, 0x0, 0x66, 0x3f, 0xe6,
    0x30, 0x6, 0x3f, 0xe6, 0x3f, 0xe6, 0x0, 0x16,
    0x7f, 0xf6, 0x6, 0x6, 0x6, 0x0, 0x1f, 0xfe,
    0x0, 0x6, 0x1f, 0xfe, 0x18, 0x0, 0x18, 0x0,
    0x18, 0x0, 0x1f, 0xff,

    /* U+B94C "륌" */
    0x0, 0x6, 0x7f, 0xcc, 0x1, 0x99, 0xff, 0x33,
    0xfe, 0x66, 0x0, 0xcf, 0xf9, 0x80, 0x3, 0x3f,
    0xf6, 0xff, 0xec, 0x1c, 0x18, 0x38, 0x1, 0xff,
    0xe3, 0x0, 0xc6, 0x1, 0x8c, 0x3, 0x18, 0x6,
    0x3f, 0xfc,

    /* U+B94F "륏" */
    0x0, 0x6, 0x3f, 0xe6, 0x0, 0x66, 0x3f, 0xe6,
    0x3f, 0xe6, 0x30, 0x6, 0x3f, 0xe6, 0x3f, 0xe6,
    0x0, 0xf6, 0xff, 0xf6, 0x6, 0x6, 0x6, 0x6,
    0x6, 0x66, 0x0, 0x60, 0x0, 0xf0, 0x7, 0x9c,
    0x1f, 0xf, 0x10, 0x1,

    /* U+B951 "륑" */
    0x0, 0x6, 0x7f, 0xcc, 0x1, 0x98, 0x3, 0x33,
    0xfe, 0x66, 0x0, 0xcc, 0x1, 0x9f, 0xf3, 0x0,
    0x6, 0x0, 0x6f, 0xff, 0xd8, 0x38, 0x30, 0x70,
    0x60, 0xff, 0x3, 0x3, 0xc, 0x3, 0x18, 0x6,
    0x18, 0x18, 0x1f, 0xe0,

    /* U+B958 "류" */
    0x3f, 0xfe, 0x0, 0x7, 0x0, 0x3, 0x80, 0x1,
    0xc3, 0xff, 0xe1, 0x80, 0x0, 0xc0, 0x0, 0x7f,
    0xfc, 0x0, 0x0, 0x0, 0x0, 0x0, 0x0, 0x1f,
    0xff, 0xf0, 0xc3, 0x0, 0x61, 0x80, 0x30, 0xc0,
    0x18, 0x60, 0xc, 0x30, 0x6, 0x18, 0x0,

    /* U+B959 "륙" */
    0x3f, 0xfe, 0x0, 0x7, 0x0, 0x3, 0x87, 0xff,
    0xc3, 0x0, 0x1, 0x80, 0x0, 0xff, 0xf8, 0x0,
    0x0, 0x0, 0x0, 0x7f, 0xff, 0xc3, 0xc, 0x1,
    0x86, 0x0, 0xc3, 0x1, 0xff, 0xf0, 0x0, 0x38,
    0x0, 0x1c, 0x0, 0xe, 0x0, 0x7, 0x0,

    /* U+B95C "륜" */
    0x3f, 0xfc, 0x0, 0x6, 0x0, 0x3, 0x7, 0xff,
    0x83, 0x0, 0x1, 0x80, 0x0, 0xc0, 0x0, 0x7f,
    0xfc, 0x0, 0x0, 0x0, 0x0, 0x3f, 0xff, 0xe0,
    0x66, 0x0, 0x33, 0x0, 0x19, 0x80, 0xc0, 0x0,
    0x60, 0x0, 0x30, 0x0, 0x1f, 0xff, 0x0,

    /* U+B960 "률" */
    0x3f, 0xfc, 0x0, 0x6, 0x0, 0x3, 0x7, 0xff,
    0x83, 0x0, 0x1, 0xff, 0xf0, 0x0, 0x0, 0x0,
    0x0, 0xff, 0xff, 0x86, 0x18, 0x3, 0xc, 0x7,
    0xff, 0x80, 0x0, 0xc1, 0xff, 0xe0, 0xc0, 0x0,
    0x60, 0x0, 0x30, 0x0, 0x1f, 0xff, 0x0,

    /* U+B968 "륨" */
    0x3f, 0xfc, 0x0, 0x6, 0x0, 0x3, 0x7, 0xff,
    0x83, 0x0, 0x1, 0x80, 0x0, 0xff, 0xf8, 0x0,
    0x0, 0x0, 0x0, 0x7f, 0xff, 0xc3, 0xc, 0x1,
    0x86, 0x3, 0xff, 0xc1, 0x80, 0x60, 0xc0, 0x30,
    0x60, 0x18, 0x30, 0xc, 0x1f, 0xfe, 0x0,

    /* U+B969 "륩" */
    0x3f, 0xfc, 0x0, 0x6, 0x0, 0x3, 0x7, 0xff,
    0x83, 0x0, 0x1, 0x80, 0x0, 0xff, 0xf8, 0x0,
    0x0, 0x0, 0x0, 0x7f, 0xff, 0xc1, 0x8c, 0x0,
    0xc6, 0x3, 0x0, 0xc1, 0xff, 0xe0, 0xc0, 0x30,
    0x60, 0x18, 0x30, 0xc, 0x1f, 0xfe, 0x0,

    /* U+B96B "륫" */
    0x3f, 0xfc, 0x0, 0x6, 0x0, 0x3, 0x7, 0xff,
    0x83, 0x0, 0x1, 0x80, 0x0, 0xff, 0xf8, 0x0,
    0x0, 0x0, 0x0, 0x7f, 0xff, 0xc6, 0x6, 0x3,
    0x33, 0x1, 0x99, 0x80, 0x1e, 0x0, 0x1d, 0x80,
    0x7c, 0x78, 0x38, 0x1e, 0x0,

    /* U+B96D "륭" */
    0x3f, 0xfe, 0x0, 0x7, 0x0, 0x3, 0x87, 0xff,
    0xc3, 0x0, 0x1, 0x80, 0x0, 0xff, 0xf8, 0x0,
    0x0, 0x0, 0x0, 0x7f, 0xff, 0xc3, 0xe, 0x1,
    0x87, 0x0, 0xff, 0x81, 0xc0, 0xe0, 0xc0, 0x30,
    0x60, 0x18, 0x18, 0x1c, 0x7, 0xf8, 0x0,

    /* U+B974 "르" */
    0x3f, 0xfe, 0x0, 0x7, 0x0, 0x3, 0x80, 0x1,
    0xc3, 0xff, 0xe1, 0x80, 0x0, 0xc0, 0x0, 0x60,
    0x0, 0x3f, 0xfe, 0x0, 0x0, 0x0, 0x0, 0x0,
    0x0, 0x0, 0x0, 0x7, 0xff, 0xfc,

    /* U+B975 "륵" */
    0x3f, 0xfe, 0x0, 0x7, 0x0, 0x3, 0x87, 0xff,
    0xc3, 0x0, 0x1, 0x80, 0x0, 0xff, 0xf8, 0x0,
    0x0, 0x0, 0x0, 0x7f, 0xff, 0xc0, 0x0, 0x0,
    0x0, 0x0, 0x0, 0x1, 0xff, 0xf0, 0x0, 0x38,
    0x0, 0x1c, 0x0, 0xe, 0x0, 0x7, 0x0,

    /* U+B978 "른" */
    0x3f, 0xfc, 0x0, 0x6, 0x0, 0x3, 0x7, 0xff,
    0x83, 0x0, 0x1, 0x80, 0x0, 0xc0, 0x0, 0x7f,
    0xfc, 0x0, 0x0, 0x0, 0x0, 0x3f, 0xff, 0xe0,
    0x0, 0x0, 0x0, 0x0, 0x0, 0x0, 0xc0, 0x0,
    0x60, 0x0, 0x30, 0x0, 0x1f, 0xff, 0x0,

    /* U+B97C "를" */
    0x3f, 0xfc, 0x0, 0x6, 0x0, 0x3, 0x7, 0xff,
    0x83, 0x0, 0x1, 0xff, 0xf0, 0x0, 0x0, 0x0,
    0x0, 0xff, 0xff, 0x80, 0x0, 0x0, 0x0, 0x7,
    0xff, 0x80, 0x0, 0xc1, 0xff, 0xe0, 0xc0, 0x0,
    0x60, 0x0, 0x30, 0x0, 0x1f, 0xff, 0x0,

    /* U+B984 "름" */
    0x3f, 0xfc, 0x0, 0x6, 0x0, 0x3, 0x7, 0xff,
    0x83, 0x0, 0x1, 0x80, 0x0, 0xff, 0xf8, 0x0,
    0x0, 0x0, 0x0, 0x7f, 0xff, 0xc0, 0x0, 0x0,
    0x0, 0x3, 0xff, 0xc1, 0x80, 0x60, 0xc0, 0x30,
    0x60, 0x18, 0x30, 0xc, 0x1f, 0xfe, 0x0,

    /* U+B985 "릅" */
    0x3f, 0xfc, 0x0, 0x6, 0x0, 0x3, 0x7, 0xff,
    0x83, 0x0, 0x1, 0x80, 0x0, 0xff, 0xf8, 0x0,
    0x0, 0x0, 0x0, 0x7f, 0xff, 0xc0, 0x0, 0x0,
    0x0, 0x3, 0x0, 0xc1, 0xff, 0xe0, 0xc0, 0x30,
    0x60, 0x18, 0x30, 0xc, 0x1f, 0xfe, 0x0,

    /* U+B987 "릇" */
    0x3f, 0xfc, 0x0, 0x6, 0x0, 0x3, 0x7, 0xff,
    0x83, 0x0, 0x1, 0x80, 0x0, 0xff, 0xf8, 0x0,
    0x0, 0x0, 0x0, 0x7f, 0xff, 0xc0, 0x0, 0x0,
    0x30, 0x0, 0x1c, 0x0, 0x1e, 0x0, 0x1d, 0xc0,
    0xfc, 0x7c, 0x38, 0xe, 0x0,

    /* U+B989 "릉" */
    0x3f, 0xfe, 0x0, 0x7, 0x0, 0x3, 0x87, 0xff,
    0xc3, 0x0, 0x1, 0x80, 0x0, 0xff, 0xf8, 0x0,
    0x0, 0x0, 0x0, 0x7f, 0xff, 0xc0, 0x0, 0x0,
    0x0, 0x0, 0xff, 0x1, 0xc0, 0xe0, 0xc0, 0x30,
    0x60, 0x18, 0x38, 0x1c, 0x7, 0xf8, 0x0,

    /* U+B98A "릊" */
    0x3f, 0xfe, 0x0, 0x3, 0x0, 0x1, 0x87, 0xff,
    0xc3, 0x0, 0x1, 0x80, 0x0, 0xff, 0xf8, 0x0,
    0x0, 0x0, 0x0, 0x7f, 0xff, 0xc0, 0x0, 0x0,
    0x0, 0x3, 0xff, 0xe0, 0xe, 0x0, 0xf, 0x80,
    0x3e, 0xf8, 0x7c, 0x1f, 0x0,

    /* U+B98D "릍" */
    0x3f, 0xfc, 0x0, 0x6, 0x0, 0x3, 0x7, 0xff,
    0x83, 0x0, 0x1, 0xff, 0xf0, 0x0, 0x0, 0x0,
    0x0, 0xff, 0xff, 0x80, 0x0, 0xf, 0xff, 0x7,
    0xff, 0x83, 0x0, 0x1, 0xff, 0xe0, 0xc0, 0x0,
    0x60, 0x0, 0x30, 0x0, 0x1f, 0xff, 0x0,

    /* U+B98E "릎" */
    0x3f, 0xfe, 0x0, 0x3, 0x0, 0x1, 0x87, 0xff,
    0xc3, 0x0, 0x1, 0x80, 0x0, 0xff, 0xf8, 0x0,
    0x0, 0x0, 0x0, 0x7f, 0xff, 0xc0, 0x0, 0x0,
    0x0, 0x3, 0xff, 0xe0, 0x31, 0x80, 0x18, 0xc0,
    0xc, 0x60, 0x6, 0x30, 0x1f, 0xff, 0x0,

    /* U+B9AC "리" */
    0x0, 0xf, 0xfc, 0x30, 0x30, 0xc0, 0xc3, 0x3,
    0xc, 0xc, 0x3f, 0xf0, 0xf0, 0x3, 0xc0, 0xf,
    0x0, 0x3c, 0x0, 0xf0, 0x13, 0xff, 0xcc, 0x0,
    0x30, 0x0, 0xc0, 0x3, 0x0, 0xc, 0x0, 0x30,

    /* U+B9AD "릭" */
    0x0, 0xf, 0xfc, 0x3f, 0xf0, 0xc0, 0xc3, 0x3,
    0xf, 0xfc, 0x3c, 0x0, 0xf0, 0x3, 0xff, 0xcf,
    0xff, 0x30, 0x0, 0xc0, 0x0, 0x0, 0x0, 0xff,
    0xf0, 0x0, 0xc0, 0x3, 0x0, 0xc, 0x0, 0x30,
    0x0, 0xc0,

    /* U+B9B0 "린" */
    0x0, 0xf, 0xfc, 0x3f, 0xf0, 0xc0, 0xc3, 0x3,
    0xc, 0xc, 0x3f, 0xf0, 0xf0, 0x3, 0xc0, 0xf,
    0x1, 0x3f, 0xfc, 0xff, 0x83, 0x0, 0xc, 0xc0,
    0x3, 0x0, 0xc, 0x0, 0x30, 0x0, 0xff, 0xf0,

    /* U+B9B4 "릴" */
    0x0, 0xd, 0xfe, 0x18, 0xc, 0x30, 0x18, 0x6f,
    0xf0, 0xd8, 0x1, 0xb0, 0x13, 0x7f, 0xe6, 0x0,
    0xc, 0x0, 0x0, 0xff, 0xf0, 0x0, 0x60, 0x0,
    0xc7, 0xff, 0x8c, 0x0, 0x18, 0x0, 0x30, 0x0,
    0x7f, 0xfc,

    /* U+B9BC "림" */
    0x0, 0xf, 0xfc, 0x30, 0x30, 0xc0, 0xc3, 0xff,
    0xf, 0x0, 0x3c, 0x0, 0xf0, 0x13, 0xff, 0xcc,
    0x0, 0x30, 0x0, 0xf, 0xff, 0x30, 0xc, 0xc0,
    0x33, 0x0, 0xcc, 0x3, 0x30, 0xc, 0xff, 0xf0,

    /* U+B9BD "립" */
    0x0, 0xf, 0xfc, 0x3f, 0xf0, 0xc0, 0xc3, 0xff,
    0xf, 0xfc, 0x3c, 0x0, 0xf0, 0x13, 0xff, 0xcf,
    0xfc, 0x30, 0x0, 0x0, 0x0, 0x0, 0x0, 0xc0,
    0x33, 0xff, 0xcc, 0x3, 0x30, 0xc, 0xc0, 0x33,
    0xff, 0xc0,

    /* U+B9BF "릿" */
    0x0, 0xd, 0xfe, 0x1b, 0xfc, 0x30, 0x18, 0x60,
    0x30, 0xdf, 0xe1, 0xb0, 0x3, 0x60, 0x6, 0xff,
    0xcd, 0xff, 0x98, 0x0, 0x30, 0xc, 0x60, 0x18,
    0x0, 0x78, 0x1, 0xf8, 0xf, 0x38, 0x78, 0x3e,
    0x40, 0x8,

    /* U+B9C1 "링" */
    0x0, 0xf, 0xfc, 0x30, 0x30, 0xc0, 0xc3, 0xff,
    0xf, 0x0, 0x3c, 0x0, 0xf0, 0x13, 0xff, 0xcc,
    0x0, 0x30, 0x0, 0x3, 0xf8, 0x18, 0x18, 0xc0,
    0x33, 0x0, 0xcc, 0x3, 0x18, 0x18, 0x3f, 0xc0,

    /* U+B9C8 "마" */
    0x0, 0x18, 0xff, 0x18, 0xc3, 0x18, 0xc3, 0x18,
    0xc3, 0x18, 0xc3, 0x18, 0xc3, 0x18, 0xc3, 0x1f,
    0xc3, 0x18, 0xc3, 0x18, 0xc3, 0x18, 0xc3, 0x18,
    0xff, 0x18, 0x0, 0x18, 0x0, 0x18, 0x0, 0x18,
    0x0, 0x18, 0x0, 0x18,

    /* U+B9C9 "막" */
    0x0, 0xc, 0x7f, 0x86, 0x30, 0xc3, 0x18, 0x61,
    0x8c, 0x30, 0xfe, 0x18, 0x7f, 0xc, 0x31, 0x86,
    0x18, 0xff, 0xc, 0x0, 0x6, 0x0, 0x0, 0x7,
    0xff, 0x80, 0x0, 0xc0, 0x0, 0x60, 0x0, 0x30,
    0x0, 0x18, 0x0, 0xc, 0x0, 0x6, 0x0,

    /* U+B9CC "만" */
    0x0, 0xc, 0x0, 0x6, 0x3f, 0xc3, 0x18, 0x61,
    0x8c, 0x30, 0xc6, 0x18, 0x63, 0xc, 0x3f, 0x86,
    0x1f, 0xc3, 0xc, 0x7f, 0x86, 0x3f, 0xc3, 0x0,
    0x1, 0x80, 0x0, 0xc1, 0x80, 0x0, 0xc0, 0x0,
    0x60, 0x0, 0x30, 0x0, 0x1f, 0xfe, 0x0,

    /* U+B9CE "많" */
    0x0, 0x18, 0xff, 0x18, 0xff, 0x18, 0xc3, 0x18,
    0xc3, 0x1f, 0xc3, 0x1f, 0xc3, 0x18, 0xff, 0x18,
    0xff, 0x18, 0x0, 0x0, 0x0, 0x0, 0x0, 0x30,
    0x63, 0xfe, 0x60, 0x0, 0x60, 0xf8, 0x61, 0x8c,
    0x61, 0x8c, 0x65, 0x8c, 0x7c, 0xf8,

    /* U+B9CF "맏" */
    0x0, 0xc, 0x7f, 0x86, 0x3f, 0xc3, 0x18, 0x61,
    0x8c, 0x30, 0xfe, 0x18, 0x7f, 0xc, 0x31, 0xfe,
    0x18, 0xff, 0xc, 0x0, 0x6, 0x0, 0x0, 0x7,
    0xff, 0x83, 0x0, 0x1, 0x80, 0x0, 0xc0, 0x0,
    0x60, 0x0, 0x30, 0x0, 0x1f, 0xfe, 0x0,

    /* U+B9D0 "말" */
    0x0, 0xc, 0x7f, 0x86, 0x3f, 0xc3, 0x18, 0x61,
    0x8c, 0x30, 0xfe, 0x18, 0x63, 0xc, 0x31, 0xfe,
    0x18, 0x0, 0xc, 0x0, 0x0, 0x0, 0x0, 0x7,
    0xff, 0x80, 0x0, 0xc0, 0x0, 0x60, 0xff, 0xf0,
    0x60, 0x0, 0x30, 0x0, 0x18, 0x0, 0xf, 0xff,
    0x0,

    /* U+B9D1 "맑" */
    0x0, 0xc, 0x7f, 0xc6, 0x30, 0xe3, 0x18, 0x71,
    0x8c, 0x38, 0xfe, 0x1c, 0x63, 0xe, 0x31, 0xff,
    0x18, 0x0, 0xc, 0x0, 0x0, 0x1f, 0xbf, 0x0,
    0xc1, 0x80, 0x60, 0xc3, 0xf0, 0x61, 0x80, 0x30,
    0xc0, 0x18, 0x60, 0xc, 0x3f, 0xc6, 0x0,

    /* U+B9D2 "맒" */
    0x0, 0xc, 0x7f, 0xc6, 0x3f, 0xe3, 0x18, 0x31,
    0x8c, 0x18, 0xfe, 0xc, 0x63, 0x6, 0x31, 0xff,
    0x18, 0x0, 0xc, 0x0, 0x0, 0x1f, 0xbf, 0x0,
    0xd9, 0x80, 0x6c, 0xc3, 0xf6, 0x61, 0x83, 0x30,
    0xc1, 0x98, 0x60, 0xcc, 0x3f, 0xfe, 0x0,

    /* U+B9D8 "맘" */
    0x0, 0xc, 0x7f, 0x86, 0x3f, 0xc3, 0x18, 0x61,
    0x8c, 0x30, 0xfe, 0x18, 0x7f, 0xc, 0x31, 0xfe,
    0x18, 0xff, 0xc, 0x0, 0x6, 0x0, 0x0, 0x7,
    0xff, 0x83, 0x0, 0xc1, 0x80, 0x60, 0xc0, 0x30,
    0x60, 0x18, 0x30, 0xc, 0x1f, 0xfe, 0x0,

    /* U+B9D9 "맙" */
    0x0, 0xc, 0x7f, 0x86, 0x3f, 0xc3, 0x18, 0x61,
    0x8c, 0x30, 0xfe, 0x18, 0x7f, 0xc, 0x31, 0xfe,
    0x18, 0xff, 0xc, 0x0, 0x6, 0x0, 0x0, 0x0,
    0x0, 0x3, 0x0, 0xc1, 0xff, 0xe0, 0xc0, 0x30,
    0x60, 0x18, 0x30, 0xc, 0x18, 0x6, 0xf, 0xff,
    0x0,

    /* U+B9DB "맛" */
    0x0, 0xc, 0x7f, 0x86, 0x3f, 0xc3, 0x18, 0x61,
    0x8c, 0x30, 0xc6, 0x18, 0x7f, 0xc, 0x31, 0x86,
    0x18, 0xff, 0xc, 0x7f, 0x86, 0x0, 0x3, 0x0,
    0x31, 0x80, 0x38, 0x0, 0x1c, 0x0, 0x1f, 0x0,
    0x1d, 0xe0, 0x7c, 0x3e, 0x38, 0x7, 0x0,

    /* U+B9DD "망" */
    0x0, 0xc, 0xff, 0xc, 0xc3, 0xc, 0xc3, 0xc,
    0xc3, 0xf, 0xc3, 0xc, 0xc3, 0xc, 0xff, 0xc,
    0x0, 0xc, 0x0, 0xc, 0x0, 0x0, 0xf, 0xe0,
    0x38, 0x18, 0x30, 0xc, 0x30, 0xc, 0x30, 0xc,
    0x38, 0x38, 0xf, 0xe0,

    /* U+B9DE "맞" */
    0x0, 0xc, 0x7f, 0x86, 0x3f, 0xc3, 0x18, 0x61,
    0x8c, 0x30, 0xfe, 0x18, 0x7f, 0xc, 0x31, 0xfe,
    0x18, 0xff, 0xc, 0x0, 0x6, 0x0, 0x0, 0x7,
    0xff, 0x80, 0x38, 0x0, 0x3e, 0x0, 0x3b, 0x80,
    0x78, 0xf8, 0x70, 0x1e, 0x0,

    /* U+B9E1 "맡" */
    0x0, 0xc, 0x7f, 0x86, 0x30, 0xc3, 0x18, 0x61,
    0x8c, 0x30, 0xfe, 0x18, 0x63, 0xc, 0x31, 0xfe,
    0x18, 0x0, 0xc, 0x0, 0x0, 0xf, 0xff, 0x6,
    0x0, 0x3, 0x0, 0x1, 0xff, 0xe0, 0xc0, 0x0,
    0x60, 0x0, 0x30, 0x0, 0x1f, 0xfe, 0x0,

    /* U+B9E3 "맣" */
    0x0, 0xc, 0xff, 0xc, 0xc3, 0xc, 0xc3, 0xc,
    0xc3, 0xf, 0xc3, 0xc, 0xff, 0xc, 0x0, 0xc,
    0x3, 0xc, 0x3, 0x0, 0x7f, 0xfc, 0x0, 0x0,
    0x7, 0xe0, 0x18, 0x30, 0x18, 0x18, 0x18, 0x18,
    0x18, 0x30, 0x7, 0xe0,

    /* U+B9E4 "매" */
    0x0, 0x66, 0x0, 0xcf, 0xf9, 0x9e, 0x33, 0x3c,
    0x66, 0x78, 0xcc, 0xf1, 0x99, 0xe3, 0x3f, 0xc6,
    0x67, 0x8c, 0xcf, 0x19, 0x9f, 0xf3, 0x3f, 0xe6,
    0x60, 0xc, 0xc0, 0x19, 0x80, 0x33, 0x0, 0x66,
    0x0, 0xc,

    /* U+B9E5 "맥" */
    0x0, 0x66, 0x0, 0xcf, 0xf9, 0x9e, 0x33, 0x3c,
    0x66, 0x78, 0xcf, 0xf1, 0x99, 0xe3, 0x33, 0xfe,
    0x67, 0xfc, 0xcc, 0x1, 0x98, 0x0, 0x0, 0x0,
    0x3, 0xff, 0xc0, 0x1, 0x80, 0x3, 0x0, 0x6,
    0x0, 0xc, 0x0, 0x18,

    /* U+B9E8 "맨" */
    0x0, 0x66, 0x0, 0xcf, 0xf9, 0x9f, 0xf3, 0x3c,
    0x66, 0x78, 0xcc, 0xf1, 0x9f, 0xe3, 0x33, 0xc6,
    0x67, 0xfc, 0xcf, 0xf9, 0x98, 0x3, 0x30, 0x6,
    0x63, 0x0, 0x6, 0x0, 0xc, 0x0, 0x18, 0x0,
    0x3f, 0xfc,

    /* U+B9EC "맬" */
    0x0, 0x67, 0xfc, 0xcf, 0xf9, 0x9e, 0x33, 0x3c,
    0x67, 0xf8, 0xcc, 0xf1, 0x99, 0xff, 0x33, 0x0,
    0x66, 0x0, 0x0, 0x7f, 0xf8, 0x0, 0x30, 0x0,
    0x63, 0xff, 0xc6, 0x0, 0xc, 0x0, 0x18, 0x0,
    0x3f, 0xfc,

    /* U+B9F4 "맴" */
    0x0, 0x67, 0xfc, 0xcf, 0xf9, 0x9e, 0x33, 0x3c,
    0x67, 0xf8, 0xcf, 0xf1, 0x99, 0xff, 0x33, 0xfe,
    0x66, 0x0, 0xcc, 0x0, 0x0, 0xff, 0xf1, 0x80,
    0x63, 0x0, 0xc6, 0x1, 0x8c, 0x3, 0x18, 0x6,
    0x3f, 0xfc,

    /* U+B9F5 "맵" */
    0x0, 0x67, 0xfc, 0xcf, 0xf9, 0x9e, 0x33, 0x3c,
    0x67, 0xf8, 0xcf, 0xf1, 0x99, 0xff, 0x33, 0xfe,
    0x66, 0x0, 0xcc, 0x0, 0x0, 0x0, 0x1, 0x80,
    0x63, 0xff, 0xc6, 0x1, 0x8c, 0x3, 0x18, 0x6,
    0x30, 0xc, 0x7f, 0xf8,

    /* U+B9F7 "맷" */
    0x0, 0x66, 0x0, 0x66, 0xfe, 0x66, 0xc6, 0x66,
    0xc6, 0x7e, 0xc6, 0x7e, 0xc6, 0x66, 0xc6, 0x66,
    0xfe, 0x66, 0x0, 0x66, 0x0, 0x6, 0x1, 0xc6,
    0x1, 0xc0, 0x1, 0xc0, 0x3, 0xe0, 0xf, 0x38,
    0x3c, 0x1f, 0x30, 0x6,

    /* U+B9F8 "맸" */
    0x0, 0x66, 0xfe, 0x66, 0xfe, 0x66, 0xc6, 0x66,
    0xc6, 0x7e, 0xc6, 0x7e, 0xc6, 0x66, 0xfe, 0x66,
    0xfe, 0x66, 0x0, 0x66, 0x0, 0x0, 0xc, 0x18,
    0xc, 0x18, 0x1c, 0x38, 0x1e, 0x3c, 0x73, 0x6e,
    0x63, 0xc7, 0x40, 0x80,

    /* U+B9F9 "맹" */
    0x0, 0x67, 0xfc, 0xcf, 0xf9, 0x9e, 0x33, 0x3c,
    0x67, 0xf8, 0xcf, 0xf1, 0x99, 0xe3, 0x33, 0xfe,
    0x66, 0x0, 0xcc, 0x0, 0x18, 0x3f, 0x81, 0xc1,
    0xc3, 0x0, 0xcc, 0x1, 0x8c, 0x3, 0x1c, 0x1c,
    0xf, 0xe0,

    /* U+B9FA "맺" */
    0x0, 0x66, 0xfe, 0x66, 0xfe, 0x66, 0xc6, 0x66,
    0xc6, 0x7e, 0xc6, 0x7e, 0xc6, 0x66, 0xfe, 0x66,
    0xfe, 0x66, 0x0, 0x66, 0x0, 0x0, 0x1f, 0xfe,
    0x1, 0xc0, 0x1, 0xe0, 0x3, 0x70, 0x3e, 0x3e,
    0x3c, 0xf,

    /* U+BA00 "먀" */
    0x0, 0x18, 0xff, 0x18, 0xc3, 0x18, 0xc3, 0x18,
    0xc3, 0x1f, 0xc3, 0x1f, 0xc3, 0x18, 0xc3, 0x18,
    0xc3, 0x18, 0xc3, 0x18, 0xc3, 0x1f, 0xc3, 0x18,
    0xff, 0x18, 0x0, 0x18, 0x0, 0x18, 0x0, 0x18,
    0x0, 0x18, 0x0, 0x18,

    /* U+BA01 "먁" */
    0x0, 0xc, 0x0, 0x6, 0x3f, 0xc3, 0x18, 0x61,
    0xfc, 0x30, 0xc6, 0x18, 0x63, 0xc, 0x31, 0x86,
    0x1f, 0xc3, 0xf, 0xff, 0x86, 0x0, 0x3, 0x0,
    0x0, 0x3, 0xff, 0xc0, 0x0, 0x60, 0x0, 0x30,
    0x0, 0x18, 0x0, 0xc, 0x0, 0x6, 0x0, 0x3,
    0x0,

    /* U+BA08 "먈" */
    0x0, 0xc, 0x7f, 0x86, 0x3f, 0xc3, 0xf8, 0x61,
    0xfc, 0x30, 0xc6, 0x18, 0x7f, 0xc, 0x3f, 0xfe,
    0x18, 0x0, 0xc, 0x0, 0x0, 0x0, 0x0, 0x7,
    0xff, 0x80, 0x0, 0xc0, 0x0, 0x60, 0xff, 0xf0,
    0x60, 0x0, 0x30, 0x0, 0x18, 0x0, 0xf, 0xff,
    0x0,

    /* U+BA15 "먕" */
    0x0, 0xc, 0x0, 0xc, 0xff, 0xc, 0xff, 0xf,
    0xc3, 0xf, 0xc3, 0xc, 0xc3, 0xc, 0xc3, 0xf,
    0xff, 0xc, 0x0, 0xc, 0x0, 0xc, 0x0, 0x0,
    0xf, 0xe0, 0x38, 0x18, 0x30, 0xc, 0x30, 0xc,
    0x30, 0xc, 0x38, 0x38, 0xf, 0xe0,

    /* U+BA38 "머" */
    0x0, 0xf, 0xfc, 0x3c, 0x30, 0xf0, 0xc3, 0xc3,
    0xf, 0xc, 0x3c, 0x3f, 0xf0, 0xc3, 0xc3, 0xf,
    0xc, 0x3c, 0x30, 0xf0, 0xc3, 0xff, 0xc, 0x0,
    0x30, 0x0, 0xc0, 0x3, 0x0, 0xc, 0x0, 0x30,

    /* U+BA39 "먹" */
    0x0, 0xf, 0xfc, 0x3c, 0x30, 0xf0, 0xc3, 0xc3,
    0xff, 0xc, 0x3c, 0x30, 0xf0, 0xc3, 0xff, 0xc,
    0x0, 0x30, 0x0, 0xf, 0xff, 0x0, 0xc, 0x0,
    0x30, 0x0, 0xc0, 0x3, 0x0, 0xc, 0x0, 0x30,

    /* U+BA3C "먼" */
    0x0, 0xc, 0x0, 0x1b, 0xfc, 0x36, 0x18, 0x6c,
    0x30, 0xd8, 0x7f, 0xb0, 0xff, 0x61, 0x86, 0xc3,
    0xd, 0xfe, 0x1b, 0xfc, 0x30, 0x0, 0x60, 0x0,
    0xc6, 0x0, 0xc, 0x0, 0x18, 0x0, 0x30, 0x0,
    0x7f, 0xfc,

    /* U+BA40 "멀" */
    0x0, 0xd, 0xfe, 0x1b, 0xc, 0x36, 0x18, 0x6c,
    0x3f, 0xd8, 0x61, 0xb0, 0xc3, 0x7f, 0x86, 0x0,
    0xc, 0x0, 0x0, 0xff, 0xf0, 0x0, 0x60, 0x0,
    0xc7, 0xff, 0x8c, 0x0, 0x18, 0x0, 0x30, 0x0,
    0x7f, 0xfc,

    /* U+BA42 "멂" */
    0x0, 0xf, 0xfc, 0x3c, 0x30, 0xf0, 0xc3, 0xc3,
    0xff, 0xc, 0x3c, 0x30, 0xff, 0xc3, 0x0, 0xc,
    0x0, 0x7, 0xef, 0xc1, 0xb3, 0x6, 0xcd, 0xfb,
    0x36, 0xc, 0xd8, 0x33, 0x60, 0xcd, 0xfb, 0xf0,

    /* U+BA48 "멈" */
    0x0, 0xf, 0xfc, 0x3f, 0xf0, 0xf0, 0xc3, 0xc3,
    0xff, 0xf, 0xfc, 0x30, 0xff, 0xc3, 0xff, 0xc,
    0x0, 0x30, 0x0, 0xf, 0xff, 0x30, 0xc, 0xc0,
    0x33, 0x0, 0xcc, 0x3, 0x30, 0xc, 0xff, 0xf0,

    /* U+BA49 "멉" */
    0x0, 0xf, 0xfc, 0x3f, 0xf0, 0xf0, 0xc3, 0xc3,
    0xff, 0xf, 0xfc, 0x30, 0xff, 0xc3, 0xff, 0xc,
    0x0, 0x30, 0x0, 0x0, 0x0, 0x30, 0xc, 0xff,
    0xf3, 0x0, 0xcc, 0x3, 0x30, 0xc, 0xc0, 0x33,
    0xff, 0xc0,

    /* U+BA4B "멋" */
    0x0, 0xd, 0xfe, 0x1b, 0xfc, 0x36, 0x18, 0x6c,
    0x3f, 0xd8, 0x7f, 0xb0, 0xc3, 0x61, 0x86, 0xff,
    0xc, 0x0, 0x18, 0x0, 0x30, 0xc, 0x60, 0x18,
    0x0, 0x78, 0x1, 0xf8, 0x7, 0x38, 0x7c, 0x3e,
    0x60, 0x8,

    /* U+BA4D "멍" */
    0x0, 0xf, 0xfc, 0x3c, 0x30, 0xf0, 0xc3, 0xc3,
    0xff, 0xc, 0x3c, 0x30, 0xf0, 0xc3, 0xff, 0xc,
    0x0, 0x30, 0x0, 0x3, 0xf8, 0x18, 0x18, 0xc0,
    0x33, 0x0, 0xcc, 0x3, 0x18, 0x18, 0x3f, 0xc0,

    /* U+BA4E "멎" */
    0x0, 0xd, 0xfe, 0x1b, 0xfc, 0x36, 0x18, 0x6c,
    0x3f, 0xd8, 0x7f, 0xb0, 0xc3, 0x7f, 0x86, 0xff,
    0xc, 0x0, 0x18, 0x0, 0x1, 0xff, 0xe0, 0x18,
    0x0, 0x78, 0x1, 0xf8, 0xf, 0x3e, 0x38, 0x1e,

    /* U+BA53 "멓" */
    0x0, 0xf, 0xfc, 0x3c, 0x30, 0xf0, 0xff, 0xc3,
    0xff, 0xc, 0x3f, 0xf0, 0xff, 0xc3, 0x1, 0x8c,
    0x6, 0x3, 0xff, 0xc0, 0x0, 0x7, 0xe0, 0x70,
    0xc1, 0x81, 0x86, 0x6, 0x1c, 0x38, 0x1f, 0x80,

    /* U+BA54 "메" */
    0x0, 0x66, 0x0, 0xcf, 0xf9, 0x9e, 0x33, 0x3c,
    0x66, 0x78, 0xcc, 0xf1, 0xf9, 0xe3, 0xf3, 0xc6,
    0x67, 0x8c, 0xcf, 0x19, 0x9f, 0xf3, 0x3f, 0xe6,
    0x60, 0xc, 0xc0, 0x19, 0x80, 0x33, 0x0, 0x66,
    0x0, 0xc,

    /* U+BA55 "멕" */
    0x0, 0x67, 0xfc, 0xcf, 0x19, 0x9e, 0x33, 0x3c,
    0x7e, 0x78, 0xcc, 0xf1, 0x99, 0xe3, 0x33, 0xfe,
    0x66, 0x0, 0xcc, 0x0, 0x0, 0xff, 0xf0, 0x0,
    0x60, 0x0, 0xc0, 0x1, 0x80, 0x3, 0x0, 0x6,
    0x0, 0xc,

    /* U+BA58 "멘" */
    0x0, 0x66, 0x0, 0xcf, 0xf9, 0x9f, 0xf3, 0x3c,
    0x66, 0x78, 0xfc, 0xf1, 0xf9, 0xe3, 0x33, 0xc6,
    0x67, 0xfc, 0xcf, 0xf9, 0x98, 0x3, 0x30, 0x6,
    0x63, 0x0, 0x6, 0x0, 0xc, 0x0, 0x18, 0x0,
    0x3f, 0xfc,

    /* U+BA5C "멜" */
    0x0, 0x67, 0xfc, 0xcf, 0xf9, 0x9e, 0x33, 0x3c,
    0x7e, 0x78, 0xcc, 0xf1, 0x99, 0xff, 0x33, 0x0,
    0x66, 0x0, 0x0, 0x7f, 0xf8, 0x0, 0x30, 0x0,
    0x63, 0xff, 0xc6, 0x0, 0xc, 0x0, 0x18, 0x0,
    0x3f, 0xfc,

    /* U+BA64 "멤" */
    0x0, 0x67, 0xfc, 0xcf, 0xf9, 0x9e, 0x33, 0x3c,
    0x7e, 0x78, 0xfc, 0xf1, 0x99, 0xff, 0x33, 0xfe,
    0x66, 0x0, 0xcc, 0x0, 0x0, 0xff, 0xf1, 0x80,
    0x63, 0x0, 0xc6, 0x1, 0x8c, 0x3, 0x18, 0x6,
    0x3f, 0xfc,

    /* U+BA65 "멥" */
    0x0, 0x67, 0xfc, 0xcf, 0xf9, 0x9e, 0x33, 0x3c,
    0x7e, 0x78, 0xfc, 0xf1, 0x99, 0xff, 0x33, 0xfe,
    0x66, 0x0, 0xcc, 0x0, 0x0, 0x0, 0x1, 0x80,
    0x63, 0xff, 0xc6, 0x1, 0x8c, 0x3, 0x18, 0x6,
    0x30, 0xc, 0x7f, 0xf8,

    /* U+BA67 "멧" */
    0x0, 0x66, 0x0, 0x66, 0xfe, 0x66, 0xc6, 0x66,
    0xc7, 0xe6, 0xc7, 0xe6, 0xc6, 0x66, 0xc6, 0x66,
    0xfe, 0x66, 0x0, 0x66, 0x0, 0x6, 0x1, 0x86,
    0x1, 0xc0, 0x1, 0xc0, 0x3, 0x60, 0xe, 0x78,
    0x3c, 0x1f, 0x30, 0x6,

    /* U+BA68 "멨" */
    0x0, 0x66, 0xfe, 0x66, 0xfe, 0x66, 0xc6, 0x66,
    0xc7, 0xe6, 0xc7, 0xe6, 0xc6, 0x66, 0xfe, 0x66,
    0xfe, 0x66, 0x0, 0x66, 0x0, 0x0, 0xc, 0x38,
    0xc, 0x38, 0x1c, 0x38, 0x1e, 0x6c, 0x37, 0xee,
    0x63, 0xc7, 0x41, 0x80,

    /* U+BA69 "멩" */
    0x0, 0x67, 0xfc, 0xcf, 0xf9, 0x9e, 0x33, 0x3c,
    0x7e, 0x78, 0xfc, 0xf1, 0x99, 0xff, 0x33, 0xfe,
    0x66, 0x0, 0xcc, 0x0, 0x18, 0x3f, 0x81, 0xc1,
    0xc3, 0x0, 0xcc, 0x1, 0x8c, 0x3, 0x1c, 0x1c,
    0xf, 0xe0,

    /* U+BA70 "며" */
    0x0, 0xf, 0xfc, 0x3c, 0x30, 0xf0, 0xc3, 0xc3,
    0xff, 0xc, 0x3c, 0x30, 0xf0, 0xc3, 0xc3, 0xf,
    0xf, 0xfc, 0x30, 0xf0, 0xc3, 0xff, 0xc, 0x0,
    0x30, 0x0, 0xc0, 0x3, 0x0, 0xc, 0x0, 0x30,

    /* U+BA71 "멱" */
    0x0, 0xc, 0x0, 0x3f, 0xf0, 0xf0, 0xff, 0xc3,
    0xf, 0xc, 0x3c, 0x3f, 0xf0, 0xff, 0xff, 0xc,
    0x0, 0x30, 0x0, 0xf, 0xff, 0x0, 0xc, 0x0,
    0x30, 0x0, 0xc0, 0x3, 0x0, 0xc, 0x0, 0x30,

    /* U+BA74 "면" */
    0x0, 0xc, 0x0, 0x3f, 0xf0, 0xf0, 0xff, 0xc3,
    0xff, 0xc, 0x3c, 0x30, 0xf0, 0xff, 0xc3, 0xff,
    0xfc, 0x3f, 0xf0, 0xc0, 0x3, 0x0, 0xc, 0xc0,
    0x3, 0x0, 0xc, 0x0, 0x30, 0x0, 0xff, 0xf0,

    /* U+BA78 "멸" */
    0x0, 0xd, 0xfe, 0x1b, 0xf, 0xf6, 0x1f, 0xec,
    0x30, 0xd8, 0x7f, 0xb0, 0xff, 0x7f, 0x86, 0x0,
    0xc, 0x0, 0x0, 0xff, 0xf0, 0x0, 0x60, 0x0,
    0xc7, 0xff, 0x8c, 0x0, 0x18, 0x0, 0x30, 0x0,
    0x7f, 0xfc,

    /* U+BA83 "몃" */
    0x0, 0xd, 0xfe, 0x1b, 0xfc, 0x36, 0x1f, 0xec,
    0x30, 0xd8, 0x61, 0xb0, 0xff, 0x61, 0xfe, 0xff,
    0xc, 0x0, 0x18, 0x0, 0x30, 0xc, 0x60, 0x18,
    0x0, 0x78, 0x1, 0xf8, 0x7, 0x38, 0x7c, 0x3e,
    0x60, 0x8,

    /* U+BA84 "몄" */
    0x0, 0xc, 0xff, 0xc, 0xff, 0xfc, 0xc1, 0xfc,
    0xc1, 0xc, 0xc1, 0xc, 0xc1, 0xfc, 0xff, 0xfc,
    0xff, 0xc, 0x0, 0xc, 0x0, 0x0, 0xc, 0x30,
    0xc, 0x30, 0x1c, 0x30, 0x1e, 0x78, 0x77, 0xcc,
    0xe3, 0xc6, 0x41, 0x82,

    /* U+BA85 "명" */
    0x0, 0xc, 0x0, 0x3f, 0xf0, 0xf0, 0xff, 0xc3,
    0xf, 0xc, 0x3c, 0x3f, 0xf0, 0xff, 0xff, 0xc,
    0x0, 0x30, 0x0, 0x3, 0xf8, 0x18, 0x18, 0xc0,
    0x33, 0x0, 0xcc, 0x3, 0x18, 0x18, 0x3f, 0xc0,

    /* U+BA87 "몇" */
    0x0, 0xd, 0xfe, 0x1b, 0xff, 0xf6, 0x1f, 0xec,
    0x30, 0xd8, 0x61, 0xb0, 0xff, 0x7f, 0x86, 0xff,
    0xc, 0x3, 0x18, 0x6, 0x1, 0xff, 0xe0, 0x18,
    0x0, 0x78, 0x1, 0xb8, 0x3e, 0x1f, 0x38, 0xe,

    /* U+BA8C "몌" */
    0x0, 0x66, 0x0, 0xcf, 0xf9, 0x9e, 0x33, 0x3c,
    0x7e, 0x78, 0xfc, 0xf1, 0x99, 0xe3, 0x33, 0xc6,
    0x67, 0x8f, 0xcf, 0x1f, 0x9f, 0xf3, 0x3f, 0xe6,
    0x60, 0xc, 0xc0, 0x19, 0x80, 0x33, 0x0, 0x66,
    0x0, 0xc,

    /* U+BAA8 "모" */
    0x3f, 0xfe, 0x18, 0x3, 0xc, 0x1, 0x86, 0x0,
    0xc3, 0x0, 0x61, 0x80, 0x30, 0xc0, 0x18, 0x7f,
    0xfc, 0x1, 0xc0, 0x0, 0xe0, 0x0, 0x70, 0x0,
    0x38, 0x0, 0x1c, 0x7, 0xff, 0xfc,

    /* U+BAA9 "목" */
    0x3f, 0xfe, 0x18, 0x3, 0xc, 0x1, 0x86, 0x0,
    0xc3, 0x0, 0x61, 0xff, 0xf0, 0x6, 0x0, 0x3,
    0x0, 0x1, 0x80, 0x7f, 0xff, 0xc0, 0x0, 0x0,
    0x0, 0x3, 0xff, 0xe0, 0x0, 0x30, 0x0, 0x18,
    0x0, 0xc, 0x0, 0x6, 0x0, 0x3, 0x0,

    /* U+BAAB "몫" */
    0x3f, 0xfe, 0x18, 0x3, 0xc, 0x1, 0x86, 0x0,
    0xc3, 0x0, 0x61, 0xff, 0xf0, 0x6, 0x0, 0x3,
    0x0, 0xff, 0xff, 0x80, 0x0, 0x0, 0x6, 0xf,
    0xe3, 0x0, 0x31, 0x80, 0x18, 0xc0, 0xc, 0xf0,
    0x6, 0xfc, 0x3, 0xe7, 0x1, 0xa1, 0x80,

    /* U+BAAC "몬" */
    0x3f, 0xfc, 0x18, 0x6, 0xc, 0x3, 0x6, 0x1,
    0x83, 0xff, 0xc0, 0xc, 0x0, 0x6, 0x0, 0x3,
    0x0, 0xff, 0xff, 0x80, 0x0, 0x0, 0x0, 0x0,
    0x0, 0x3, 0x0, 0x1, 0x80, 0x0, 0xc0, 0x0,
    0x60, 0x0, 0x3f, 0xfe, 0x0,

    /* U+BAB0 "몰" */
    0x3f, 0xfc, 0x18, 0x6, 0xc, 0x3, 0x6, 0x1,
    0x83, 0xff, 0xc0, 0xc, 0x0, 0x6, 0x1, 0xff,
    0xff, 0x0, 0x0, 0x0, 0x0, 0xf, 0xff, 0x0,
    0x1, 0x80, 0x0, 0xc1, 0xff, 0xe0, 0xc0, 0x0,
    0x60, 0x0, 0x30, 0x0, 0x1f, 0xff, 0x0,

    /* U+BAB2 "몲" */
    0x3f, 0xfe, 0x18, 0x3, 0xc, 0x1, 0x86, 0x0,
    0xc3, 0xff, 0xe0, 0xe, 0x0, 0x7, 0x0, 0x3,
    0x80, 0xff, 0xff, 0x80, 0x0, 0xf, 0xdf, 0x80,
    0x6c, 0xc0, 0x36, 0x61, 0xfb, 0x30, 0xc1, 0x98,
    0x60, 0xcc, 0x30, 0x66, 0x1f, 0xbf, 0x0,

    /* U+BAB8 "몸" */
    0x3f, 0xfe, 0x18, 0x3, 0xc, 0x1, 0x86, 0x0,
    0xc3, 0x0, 0x61, 0xff, 0xf0, 0x7, 0x0, 0x3,
    0x80, 0xff, 0xff, 0x80, 0x0, 0x0, 0x0, 0x0,
    0x0, 0x3, 0xff, 0xe1, 0x80, 0x30, 0xc0, 0x18,
    0x60, 0xc, 0x30, 0x6, 0x1f, 0xff, 0x0,

    /* U+BAB9 "몹" */
    0x3f, 0xfe, 0x18, 0x3, 0xc, 0x1, 0x86, 0x0,
    0xc3, 0x0, 0x61, 0xff, 0xf0, 0x7, 0x0, 0x3,
    0x80, 0xff, 0xff, 0x80, 0x0, 0x0, 0x0, 0x0,
    0x0, 0x3, 0x0, 0x61, 0xff, 0xf0, 0xc0, 0x18,
    0x60, 0xc, 0x30, 0x6, 0x1f, 0xff, 0x0,

    /* U+BABB "못" */
    0x3f, 0xfe, 0x18, 0x3, 0xc, 0x1, 0x86, 0x0,
    0xc3, 0x0, 0x61, 0xff, 0xf0, 0x7, 0x0, 0x3,
    0x80, 0x1, 0xc0, 0x7f, 0xff, 0xc0, 0x0, 0x0,
    0x38, 0x0, 0x1c, 0x0, 0xe, 0x0, 0xd, 0x80,
    0x3c, 0x78, 0x7c, 0x1f, 0x10, 0x1, 0x0,

    /* U+BABD "몽" */
    0x3f, 0xfe, 0x18, 0x3, 0xc, 0x1, 0x86, 0x0,
    0xc3, 0x0, 0x61, 0xff, 0xf0, 0x7, 0x0, 0x3,
    0x80, 0x1, 0xc0, 0x7f, 0xff, 0xc0, 0x0, 0x0,
    0xfe, 0x1, 0xc1, 0xc1, 0x80, 0x70, 0xc0, 0x18,
    0x60, 0x1c, 0x1c, 0x1c, 0x3, 0xf8, 0x0,

    /* U+BAC4 "뫄" */
    0x0, 0xc, 0x3f, 0xe6, 0x18, 0x33, 0xc, 0x19,
    0x86, 0xc, 0xc3, 0x6, 0x61, 0x83, 0x30, 0xff,
    0x9f, 0x6, 0xc, 0x3, 0x6, 0x1, 0x83, 0x0,
    0xc1, 0x80, 0x62, 0xc7, 0xff, 0x60, 0x0, 0x30,
    0x0, 0x18, 0x0, 0xc, 0x0, 0x6, 0x0,

    /* U+BAC8 "뫈" */
    0x0, 0xc, 0x3f, 0xe6, 0x1f, 0xf3, 0xc, 0x19,
    0x86, 0xc, 0xc3, 0x6, 0x61, 0x83, 0x30, 0xff,
    0x9f, 0x7f, 0xcf, 0x86, 0x6, 0x3, 0x3, 0x1f,
    0xfd, 0x8f, 0xf8, 0xc0, 0x0, 0x60, 0x0, 0x0,
    0x60, 0x0, 0x30, 0x0, 0x18, 0x0, 0xf, 0xff,
    0x80,

    /* U+BAD8 "뫘" */
    0x0, 0xc, 0x3f, 0xe6, 0x1f, 0xf3, 0xc, 0x19,
    0x86, 0xc, 0xc3, 0xfe, 0x7d, 0xff, 0x3e, 0x18,
    0x18, 0xc, 0xec, 0x7f, 0xf6, 0x0, 0x3, 0x0,
    0x0, 0x0, 0x81, 0x80, 0xe1, 0xc0, 0x70, 0xe0,
    0x6c, 0xd8, 0xe3, 0xe7, 0x20, 0xe1, 0x0,

    /* U+BAD9 "뫙" */
    0x0, 0xc, 0x7f, 0xcc, 0x60, 0xcc, 0x60, 0xcc,
    0x60, 0xcf, 0x7f, 0xcf, 0xc, 0xc, 0xc, 0xc,
    0xff, 0xec, 0xff, 0x8c, 0x0, 0xc, 0xf, 0xe0,
    0x18, 0x18, 0x30, 0xc, 0x30, 0xc, 0x30, 0xc,
    0x18, 0x18, 0x7, 0xf0,

    /* U+BAFC "뫼" */
    0x0, 0x6, 0xff, 0x8d, 0x83, 0x1b, 0x6, 0x36,
    0xc, 0x6c, 0x18, 0xd8, 0x31, 0xbf, 0xe3, 0x6,
    0x6, 0xc, 0xc, 0x18, 0x18, 0x30, 0xbf, 0xff,
    0x7f, 0xf8, 0xc0, 0x1, 0x80, 0x3, 0x0, 0x6,
    0x0, 0xc,

    /* U+BB00 "묀" */
    0x0, 0x6, 0x3f, 0xe6, 0x3f, 0xe6, 0x30, 0x66,
    0x30, 0x66, 0x30, 0x66, 0x3f, 0xe6, 0x3f, 0xe6,
    0x7, 0x6, 0x7, 0x6, 0xff, 0xf6, 0x7f, 0xf6,
    0x0, 0x6, 0x0, 0x0, 0x18, 0x0, 0x18, 0x0,
    0x18, 0x0, 0x1f, 0xff,

    /* U+BB04 "묄" */
    0x0, 0x6, 0x3f, 0xe6, 0x30, 0x66, 0x30, 0x66,
    0x30, 0x66, 0x3f, 0xe6, 0x7, 0x6, 0x7, 0x6,
    0x7f, 0xf6, 0x0, 0x6, 0x0, 0x0, 0x1f, 0xfe,
    0x0, 0x6, 0x0, 0x6, 0x1f, 0xfe, 0x18, 0x0,
    0x18, 0x0, 0x18, 0x0, 0x1f, 0xff,

    /* U+BB0D "묍" */
    0x0, 0x6, 0x7f, 0xcc, 0xc1, 0x99, 0x83, 0x33,
    0x6, 0x67, 0xfc, 0xc1, 0xc1, 0x83, 0x83, 0x7f,
    0xf6, 0xfe, 0xc, 0x0, 0x0, 0x0, 0x1, 0x80,
    0x63, 0xff, 0xc6, 0x1, 0x8c, 0x3, 0x18, 0x6,
    0x3f, 0xfc,

    /* U+BB0F "묏" */
    0x0, 0x6, 0x3f, 0xc6, 0x3f, 0xc6, 0x30, 0x46,
    0x30, 0x46, 0x3f, 0xc6, 0x3f, 0xc6, 0x6, 0x6,
    0x6, 0x6, 0x7f, 0xf6, 0x7f, 0x86, 0x0, 0x6,
    0x0, 0xc6, 0x0, 0xc0, 0x1, 0xe0, 0x3, 0x30,
    0x3e, 0x1f, 0x18, 0x6,

    /* U+BB11 "묑" */
    0x0, 0xd, 0xff, 0x37, 0xfc, 0xd8, 0x33, 0x60,
    0xcd, 0xff, 0x37, 0xfc, 0xc3, 0x83, 0xff, 0xef,
    0xff, 0xb0, 0x0, 0xc0, 0x0, 0xf, 0xf0, 0x60,
    0x63, 0x0, 0xcc, 0x3, 0x18, 0x18, 0x1f, 0xc0,

    /* U+BB18 "묘" */
    0x3f, 0xfe, 0x18, 0x3, 0xc, 0x1, 0x86, 0x0,
    0xc3, 0x0, 0x61, 0x80, 0x30, 0xc0, 0x18, 0x7f,
    0xfc, 0xe, 0x38, 0x7, 0x1c, 0x3, 0x8e, 0x1,
    0xc7, 0x0, 0xe3, 0x87, 0xff, 0xfc,

    /* U+BB1C "묜" */
    0x3f, 0xfc, 0x18, 0x6, 0xc, 0x3, 0x6, 0x1,
    0x83, 0xff, 0xc0, 0x61, 0x80, 0x30, 0xc0, 0x18,
    0x60, 0xff, 0xff, 0x80, 0x0, 0x0, 0x0, 0x0,
    0x0, 0x3, 0x0, 0x1, 0x80, 0x0, 0xc0, 0x0,
    0x60, 0x0, 0x3f, 0xfe, 0x0,

    /* U+BB20 "묠" */
    0x3f, 0xfc, 0x18, 0x6, 0xc, 0x3, 0x6, 0x1,
    0x83, 0xff, 0xc0, 0x61, 0x80, 0x30, 0xc1, 0xff,
    0xff, 0x0, 0x0, 0x0, 0x0, 0xf, 0xff, 0x0,
    0x1, 0x80, 0x0, 0xc1, 0xff, 0xe0, 0xc0, 0x0,
    0x60, 0x0, 0x30, 0x0, 0x1f, 0xff, 0x0,

    /* U+BB29 "묩" */
    0x3f, 0xfe, 0x18, 0x3, 0xc, 0x1, 0x86, 0x0,
    0xc3, 0x0, 0x61, 0xff, 0xf0, 0x38, 0xe0, 0x1c,
    0x70, 0xff, 0xff, 0x80, 0x0, 0x0, 0x0, 0x0,
    0x0, 0x3, 0x0, 0x61, 0xff, 0xf0, 0xc0, 0x18,
    0x60, 0xc, 0x30, 0x6, 0x1f, 0xff, 0x0,

    /* U+BB2B "묫" */
    0x3f, 0xfc, 0x18, 0x6, 0xc, 0x3, 0x6, 0x1,
    0x83, 0x0, 0xc1, 0xff, 0xe0, 0x30, 0xc0, 0x18,
    0x60, 0xc, 0x30, 0x7f, 0xff, 0xc0, 0x0, 0x0,
    0x30, 0x0, 0x18, 0x0, 0x1e, 0x0, 0x1f, 0x80,
    0x3c, 0xf0, 0x78, 0x1e, 0x10, 0x0, 0x0,

    /* U+BB34 "무" */
    0x3f, 0xfe, 0x18, 0x3, 0xc, 0x1, 0x86, 0x0,
    0xc3, 0x0, 0x61, 0xff, 0xf0, 0x0, 0x0, 0x0,
    0x0, 0x0, 0x0, 0x7f, 0xff, 0xc0, 0x70, 0x0,
    0x38, 0x0, 0x1c, 0x0, 0xe, 0x0, 0x7, 0x0,
    0x3, 0x80, 0x1, 0xc0, 0x0,

    /* U+BB35 "묵" */
    0x3f, 0xfe, 0x18, 0x3, 0xc, 0x1, 0x86, 0x0,
    0xc3, 0x0, 0x61, 0xff, 0xf0, 0x0, 0x0, 0x0,
    0x0, 0xff, 0xff, 0x80, 0xc0, 0x0, 0x60, 0x0,
    0x30, 0x3, 0xff, 0xe0, 0x0, 0x30, 0x0, 0x18,
    0x0, 0xc, 0x0, 0x6, 0x0, 0x3, 0x0,

    /* U+BB36 "묶" */
    0x3f, 0xfe, 0x18, 0x3, 0xc, 0x1, 0x86, 0x0,
    0xc3, 0x0, 0x61, 0xff, 0xf0, 0x0, 0x0, 0x0,
    0x0, 0xff, 0xff, 0x80, 0xc0, 0x0, 0x60, 0x0,
    0x30, 0x7, 0xff, 0xe0, 0x18, 0x30, 0xc, 0x18,
    0x6, 0xc, 0x3, 0x6, 0x1, 0x83, 0x0,

    /* U+BB38 "문" */
    0x3f, 0xfc, 0x18, 0x6, 0xc, 0x3, 0x6, 0x1,
    0x83, 0xff, 0xc0, 0x0, 0x0, 0x0, 0x0, 0x0,
    0x0, 0xff, 0xff, 0x80, 0xc0, 0x0, 0x60, 0x0,
    0x30, 0x3, 0x0, 0x1, 0x80, 0x0, 0xc0, 0x0,
    0x60, 0x0, 0x3f, 0xfe, 0x0,

    /* U+BB3B "묻" */
    0x3f, 0xfc, 0x18, 0x6, 0xc, 0x3, 0x6, 0x1,
    0x83, 0x0, 0xc1, 0xff, 0xe0, 0x0, 0x0, 0x0,
    0x0, 0xff, 0xff, 0x80, 0xc0, 0x0, 0x60, 0x0,
    0x30, 0x3, 0xff, 0xc1, 0x80, 0x0, 0xc0, 0x0,
    0x60, 0x0, 0x30, 0x0, 0x1f, 0xff, 0x0,

    /* U+BB3C "물" */
    0x3f, 0xfc, 0x18, 0x6, 0xc, 0x3, 0x6, 0x1,
    0x83, 0xff, 0xc0, 0x0, 0x0, 0x0, 0x1, 0xff,
    0xff, 0x1, 0x80, 0x0, 0xc0, 0xf, 0xff, 0x0,
    0x1, 0x80, 0x0, 0xc1, 0xff, 0xe0, 0xc0, 0x0,
    0x60, 0x0, 0x30, 0x0, 0x1f, 0xff, 0x0,

    /* U+BB3D "묽" */
    0x3f, 0xfe, 0x18, 0x3, 0xc, 0x1, 0x86, 0x0,
    0xc3, 0xff, 0xe0, 0x0, 0x0, 0x0, 0x1, 0xff,
    0xff, 0x1, 0x80, 0x0, 0xc0, 0x0, 0x60, 0x7,
    0xef, 0xc0, 0x30, 0x61, 0xf8, 0x30, 0xc0, 0x18,
    0x60, 0xc, 0x30, 0x86, 0x1f, 0xc3, 0x0,

    /* U+BB3E "묾" */
    0x3f, 0xfe, 0x18, 0x3, 0xc, 0x1, 0x86, 0x0,
    0xc3, 0xff, 0xe0, 0x0, 0x0, 0x0, 0x1, 0xff,
    0xff, 0x1, 0xc0, 0x0, 0xe0, 0xf, 0xdf, 0x80,
    0x6c, 0xc0, 0x36, 0x61, 0xfb, 0x30, 0xc1, 0x98,
    0x60, 0xcc, 0x30, 0x66, 0x1f, 0xbf, 0x0,

    /* U+BB44 "뭄" */
    0x3f, 0xfe, 0x18, 0x3, 0xc, 0x1, 0x86, 0x0,
    0xc3, 0x0, 0x61, 0xff, 0xf0, 0x0, 0x0, 0x0,
    0x0, 0xff, 0xff, 0x80, 0xe0, 0x0, 0x70, 0x0,
    0x38, 0x3, 0xff, 0xe1, 0x80, 0x30, 0xc0, 0x18,
    0x60, 0xc, 0x30, 0x6, 0x1f, 0xff, 0x0,

    /* U+BB45 "뭅" */
    0x3f, 0xfe, 0x18, 0x3, 0xc, 0x1, 0x86, 0x0,
    0xc3, 0x0, 0x61, 0xff, 0xf0, 0x0, 0x0, 0x0,
    0x0, 0xff, 0xff, 0x80, 0xe0, 0x0, 0x70, 0x0,
    0x0, 0x3, 0x0, 0x61, 0xff, 0xf0, 0xc0, 0x18,
    0x60, 0xc, 0x30, 0x6, 0x1f, 0xff, 0x0,

    /* U+BB47 "뭇" */
    0x3f, 0xfe, 0x18, 0x3, 0xc, 0x1, 0x86, 0x0,
    0xc3, 0x0, 0x61, 0xff, 0xf0, 0x0, 0x0, 0x0,
    0x0, 0xff, 0xff, 0x80, 0xe0, 0x0, 0x70, 0x0,
    0x0, 0x0, 0x1c, 0x0, 0xe, 0x0, 0x1d, 0x80,
    0x7c, 0x7c, 0x38, 0xe, 0x0,

    /* U+BB49 "뭉" */
    0x3f, 0xfe, 0x18, 0x3, 0xc, 0x1, 0x86, 0x0,
    0xc3, 0x0, 0x61, 0xff, 0xf0, 0x0, 0x0, 0x0,
    0x0, 0xff, 0xff, 0x80, 0xe0, 0x0, 0x70, 0x1,
    0xff, 0x1, 0xc1, 0xc1, 0x80, 0x70, 0xc0, 0x18,
    0x60, 0x1c, 0x1c, 0x1c, 0x3, 0xf8, 0x0,

    /* U+BB4D "뭍" */
    0x3f, 0xfc, 0x18, 0x6, 0xc, 0x3, 0x6, 0x1,
    0x83, 0xff, 0xc0, 0x0, 0x0, 0x0, 0x1, 0xff,
    0xff, 0x1, 0x80, 0x0, 0xc0, 0x0, 0x60, 0x7,
    0xff, 0x83, 0x0, 0x1, 0xff, 0xe0, 0xc0, 0x0,
    0x60, 0x0, 0x30, 0x0, 0x1f, 0xff, 0x0,

    /* U+BB4F "뭏" */
    0x3f, 0xfe, 0x18, 0x3, 0xc, 0x1, 0x86, 0x0,
    0xc3, 0xff, 0xe0, 0x0, 0x0, 0x0, 0x1, 0xff,
    0xff, 0x1, 0xc0, 0x0, 0x0, 0x0, 0x70, 0x7,
    0xff, 0xc0, 0x0, 0x0, 0x3f, 0x80, 0x70, 0x70,
    0x30, 0x18, 0x1c, 0x1c, 0x3, 0xf8, 0x0,

    /* U+BB50 "뭐" */
    0x0, 0x3, 0x3f, 0xe3, 0x30, 0x63, 0x30, 0x63,
    0x30, 0x63, 0x30, 0x63, 0x3f, 0xe3, 0x0, 0x3,
    0x0, 0x3, 0x7f, 0xfb, 0x6, 0x3, 0x6, 0x3,
    0x6, 0x3f, 0x6, 0x3, 0x6, 0x3, 0x6, 0x3,
    0x6, 0x3, 0x6, 0x3,

    /* U+BB54 "뭔" */
    0x0, 0x6, 0x3f, 0xe6, 0x3f, 0xe6, 0x30, 0x66,
    0x30, 0x66, 0x30, 0x66, 0x3f, 0xe6, 0x3f, 0xe6,
    0x0, 0x6, 0xff, 0xf6, 0xff, 0xf6, 0x7, 0x6,
    0x7, 0x7e, 0x7, 0x7e, 0x18, 0x0, 0x18, 0x0,
    0x18, 0x0, 0x18, 0x0, 0x1f, 0xff,

    /* U+BB58 "뭘" */
    0x0, 0x6, 0x3f, 0xe6, 0x30, 0x66, 0x30, 0x66,
    0x30, 0x66, 0x3f, 0xe6, 0x0, 0x6, 0xff, 0xf6,
    0x7f, 0xc6, 0x6, 0x3e, 0x6, 0x6, 0x0, 0x0,
    0x1f, 0xfe, 0x0, 0x6, 0x0, 0x6, 0x1f, 0xfe,
    0x18, 0x0, 0x18, 0x0, 0x1f, 0xff,

    /* U+BB61 "뭡" */
    0x0, 0x6, 0x7f, 0xcc, 0xc1, 0x99, 0x83, 0x33,
    0xfe, 0x67, 0xfc, 0xc0, 0x3d, 0xff, 0xfb, 0x7,
    0x6, 0xe, 0xfc, 0x1c, 0x18, 0x38, 0x0, 0x0,
    0x3, 0x0, 0xc7, 0xff, 0x8c, 0x3, 0x18, 0x6,
    0x30, 0xc, 0x7f, 0xf8,

    /* U+BB63 "뭣" */
    0x0, 0x6, 0x3f, 0xe6, 0x30, 0x66, 0x30, 0x66,
    0x3f, 0xe6, 0x3f, 0xe6, 0x0, 0x6, 0xff, 0xf6,
    0xff, 0xc6, 0x6, 0x7e, 0x6, 0x7e, 0x6, 0x6,
    0x0, 0x66, 0x0, 0x60, 0x0, 0xf0, 0x3, 0xb8,
    0x3e, 0x1f, 0x18, 0x7,

    /* U+BB6C "뭬" */
    0x0, 0x33, 0x7f, 0xb3, 0x7f, 0xb3, 0x61, 0xb3,
    0x61, 0xb3, 0x7f, 0xb3, 0x7f, 0xb3, 0x0, 0x33,
    0x3f, 0xb3, 0xff, 0xb3, 0xc, 0x33, 0xd, 0xf3,
    0xd, 0xf3, 0xc, 0x33, 0xc, 0x33, 0xc, 0x33,
    0x0, 0x33, 0x0, 0x3,

    /* U+BB88 "뮈" */
    0x0, 0x3, 0x3f, 0xe3, 0x30, 0x63, 0x30, 0x63,
    0x30, 0x63, 0x30, 0x63, 0x3f, 0xe3, 0x0, 0x3,
    0x0, 0x3, 0x7f, 0xfb, 0x6, 0x3, 0x6, 0x3,
    0x6, 0x3, 0x6, 0x3, 0x6, 0x3, 0x6, 0x3,
    0x6, 0x3, 0x6, 0x3,

    /* U+BB8C "뮌" */
    0x0, 0x6, 0x7f, 0x8c, 0xff, 0x19, 0x86, 0x33,
    0xc, 0x66, 0x18, 0xcf, 0xf1, 0x9f, 0xe3, 0x0,
    0x6, 0x0, 0x2f, 0xff, 0xdf, 0xfe, 0x30, 0x60,
    0x60, 0xc0, 0xc6, 0x0, 0xc, 0x0, 0x18, 0x0,
    0x30, 0x0, 0x7f, 0xf8,

    /* U+BB90 "뮐" */
    0x0, 0x6, 0x3f, 0xc6, 0x30, 0xc6, 0x30, 0xc6,
    0x30, 0xc6, 0x3f, 0xc6, 0x0, 0x6, 0x0, 0x36,
    0xff, 0xf6, 0x6, 0x6, 0x6, 0x0, 0x1f, 0xfe,
    0x0, 0x6, 0x0, 0x6, 0x1f, 0xfe, 0x18, 0x0,
    0x18, 0x0, 0x18, 0x0, 0x1f, 0xff,

    /* U+BBA4 "뮤" */
    0x3f, 0xfe, 0x18, 0x3, 0xc, 0x1, 0x86, 0x0,
    0xc3, 0x0, 0x61, 0xff, 0xf0, 0x0, 0x0, 0x0,
    0x0, 0x0, 0x0, 0x7f, 0xff, 0xc3, 0x6, 0x1,
    0x83, 0x0, 0xc1, 0x80, 0x60, 0xc0, 0x30, 0x60,
    0x18, 0x30, 0xc, 0x18, 0x0,

    /* U+BBA8 "뮨" */
    0x3f, 0xfc, 0x18, 0x6, 0xc, 0x3, 0x6, 0x1,
    0x83, 0x0, 0xc1, 0xff, 0xe0, 0x0, 0x0, 0x0,
    0x0, 0x0, 0x0, 0x7f, 0xff, 0xc0, 0xcc, 0x0,
    0x66, 0x0, 0x33, 0x1, 0x80, 0x0, 0xc0, 0x0,
    0x60, 0x0, 0x30, 0x0, 0x1f, 0xff, 0x0,

    /* U+BBAC "뮬" */
    0x3f, 0xfc, 0x18, 0x6, 0xc, 0x3, 0x6, 0x1,
    0x83, 0xff, 0xc0, 0x0, 0x0, 0x0, 0x1, 0xff,
    0xff, 0xc, 0x30, 0x6, 0x18, 0xf, 0xff, 0x0,
    0x1, 0x80, 0x0, 0xc1, 0xff, 0xe0, 0xc0, 0x0,
    0x60, 0x0, 0x30, 0x0, 0x1f, 0xff, 0x0,

    /* U+BBB4 "뮴" */
    0x3f, 0xfe, 0x18, 0x3, 0xc, 0x1, 0x86, 0x0,
    0xc3, 0x0, 0x61, 0xff, 0xf0, 0x0, 0x0, 0x0,
    0x0, 0xff, 0xff, 0x87, 0xc, 0x3, 0x86, 0x1,
    0xc3, 0x3, 0xff, 0xe1, 0x80, 0x30, 0xc0, 0x18,
    0x60, 0xc, 0x30, 0x6, 0x1f, 0xff, 0x0,

    /* U+BBB7 "뮷" */
    0x3f, 0xfe, 0x18, 0x3, 0xc, 0x1, 0x86, 0x0,
    0xc3, 0x0, 0x61, 0xff, 0xf0, 0x0, 0x0, 0x0,
    0x0, 0xff, 0xff, 0x86, 0xc, 0x3, 0x76, 0x1,
    0xbb, 0x0, 0x1c, 0x0, 0x1f, 0x0, 0x1d, 0xc0,
    0xfc, 0x7e, 0x30, 0x6, 0x0,

    /* U+BBC0 "므" */
    0x3f, 0xfe, 0x18, 0x3, 0xc, 0x1, 0x86, 0x0,
    0xc3, 0x0, 0x61, 0x80, 0x30, 0xc0, 0x18, 0x7f,
    0xfc, 0x0, 0x0, 0x0, 0x0, 0x0, 0x0, 0x0,
    0x0, 0x0, 0x0, 0x7, 0xff, 0xfc,

    /* U+BBC4 "믄" */
    0x3f, 0xfc, 0x18, 0x6, 0xc, 0x3, 0x6, 0x1,
    0x83, 0x0, 0xc1, 0xff, 0xe0, 0x0, 0x0, 0x0,
    0x0, 0xff, 0xff, 0x80, 0x0, 0x0, 0x0, 0x0,
    0x0, 0x3, 0x0, 0x1, 0x80, 0x0, 0xc0, 0x0,
    0x60, 0x0, 0x3f, 0xfe, 0x0,

    /* U+BBC8 "믈" */
    0x3f, 0xfc, 0x18, 0x6, 0xc, 0x3, 0x6, 0x1,
    0x83, 0xff, 0xc0, 0x0, 0x0, 0x0, 0x1, 0xff,
    0xff, 0x0, 0x0, 0x0, 0x0, 0xf, 0xff, 0x0,
    0x1, 0x80, 0x0, 0xc1, 0xff, 0xe0, 0xc0, 0x0,
    0x60, 0x0, 0x30, 0x0, 0x1f, 0xff, 0x0,

    /* U+BBD0 "믐" */
    0x3f, 0xfe, 0x18, 0x3, 0xc, 0x1, 0x86, 0x0,
    0xc3, 0x0, 0x61, 0xff, 0xf0, 0x0, 0x0, 0x0,
    0x0, 0xff, 0xff, 0x80, 0x0, 0x0, 0x0, 0x0,
    0x0, 0x3, 0xff, 0xe1, 0x80, 0x30, 0xc0, 0x18,
    0x60, 0xc, 0x30, 0x6, 0x1f, 0xff, 0x0,

    /* U+BBD3 "믓" */
    0x3f, 0xfe, 0x18, 0x3, 0xc, 0x1, 0x86, 0x0,
    0xc3, 0x0, 0x61, 0xff, 0xf0, 0x0, 0x0, 0x0,
    0x0, 0xff, 0xff, 0x80, 0x0, 0x0, 0x70, 0x0,
    0x38, 0x0, 0x1c, 0x0, 0x1b, 0x0, 0x3d, 0xe0,
    0xf8, 0x3e, 0x30, 0x6, 0x0,

    /* U+BBF8 "미" */
    0x0, 0xf, 0xfe, 0x3c, 0x18, 0xf0, 0x63, 0xc1,
    0x8f, 0x6, 0x3c, 0x18, 0xf0, 0x63, 0xc1, 0x8f,
    0x6, 0x3c, 0x18, 0xf0, 0x63, 0xff, 0x8c, 0x0,
    0x30, 0x0, 0xc0, 0x3, 0x0, 0xc, 0x0, 0x30,

    /* U+BBF9 "믹" */
    0x0, 0xf, 0xfe, 0x3c, 0x18, 0xf0, 0x63, 0xc1,
    0x8f, 0x6, 0x3c, 0x18, 0xf0, 0x63, 0xff, 0x8c,
    0x0, 0x30, 0x0, 0xf, 0xff, 0x0, 0xc, 0x0,
    0x30, 0x0, 0xc0, 0x3, 0x0, 0xc, 0x0, 0x30,

    /* U+BBFC "민" */
    0x0, 0xc, 0x0, 0x1b, 0xfe, 0x37, 0xfc, 0x6c,
    0x18, 0xd8, 0x31, 0xb0, 0x63, 0x60, 0xc6, 0xc1,
    0x8d, 0x83, 0x1b, 0xfe, 0x37, 0xfc, 0x60, 0x0,
    0xc0, 0x0, 0xc, 0x0, 0x18, 0x0, 0x30, 0x0,
    0x60, 0x0, 0xff, 0xf8,

    /* U+BBFF "믿" */
    0x0, 0xf, 0xfe, 0x3f, 0xf8, 0xf0, 0x63, 0xc1,
    0x8f, 0x6, 0x3c, 0x18, 0xff, 0xe3, 0xff, 0x8c,
    0x0, 0x30, 0x0, 0xf, 0xff, 0x30, 0x0, 0xc0,
    0x3, 0x0, 0xc, 0x0, 0x30, 0x0, 0xff, 0xf0,

    /* U+BC00 "밀" */
    0x0, 0xd, 0xff, 0x1b, 0xfe, 0x36, 0xc, 0x6c,
    0x18, 0xd8, 0x31, 0xb0, 0x63, 0x7f, 0xc6, 0x0,
    0xc, 0x0, 0x0, 0xff, 0xf0, 0x0, 0x60, 0x0,
    0xc7, 0xff, 0x8c, 0x0, 0x18, 0x0, 0x30, 0x0,
    0x7f, 0xfc,

    /* U+BC02 "밂" */
    0x0, 0xf, 0xfc, 0x3f, 0xf0, 0xf0, 0xc3, 0xc3,
    0xf, 0xc, 0x3c, 0x30, 0xff, 0xc3, 0x0, 0xc,
    0x0, 0x7, 0xef, 0xc1, 0xb3, 0x6, 0xcd, 0xfb,
    0x36, 0xc, 0xd8, 0x33, 0x60, 0xcd, 0xfb, 0xf0,

    /* U+BC08 "밈" */
    0x0, 0xf, 0xfe, 0x3f, 0xf8, 0xf0, 0x63, 0xc1,
    0x8f, 0x6, 0x3c, 0x18, 0xff, 0xe3, 0xff, 0x8c,
    0x0, 0x30, 0x0, 0xf, 0xff, 0x30, 0xc, 0xc0,
    0x33, 0x0, 0xcc, 0x3, 0x30, 0xc, 0xff, 0xf0,

    /* U+BC09 "밉" */
    0x0, 0xf, 0xfe, 0x3f, 0xf8, 0xf0, 0x63, 0xc1,
    0x8f, 0x6, 0x3c, 0x18, 0xff, 0xe3, 0xff, 0x8c,
    0x0, 0x30, 0x0, 0x0, 0x0, 0x30, 0xc, 0xff,
    0xf3, 0x0, 0xcc, 0x3, 0x30, 0xc, 0xc0, 0x33,
    0xff, 0xc0,

    /* U+BC0B "밋" */
    0x0, 0xd, 0xff, 0x1b, 0xfe, 0x36, 0xc, 0x6c,
    0x18, 0xd8, 0x31, 0xb0, 0x63, 0x60, 0xc6, 0xff,
    0x8d, 0xff, 0x18, 0x0, 0x30, 0xc, 0x60, 0x1c,
    0x0, 0x38, 0x0, 0xd8, 0x7, 0x38, 0x7c, 0x3e,
    0x60, 0x18,

    /* U+BC0C "밌" */
    0x0, 0xc, 0xff, 0x8c, 0xff, 0x8c, 0xc1, 0x8c,
    0xc1, 0x8c, 0xc1, 0x8c, 0xc1, 0x8c, 0xff, 0x8c,
    0xff, 0x8c, 0x0, 0xc, 0x0, 0x0, 0x18, 0x30,
    0x18, 0x30, 0x1c, 0x38, 0x3c, 0x78, 0x67, 0xec,
    0xe3, 0xc6, 0x1, 0x82,

    /* U+BC0D "밍" */
    0x0, 0xf, 0xfe, 0x3c, 0x18, 0xf0, 0x63, 0xc1,
    0x8f, 0x6, 0x3c, 0x18, 0xff, 0xe3, 0x0, 0xc,
    0x0, 0x30, 0x0, 0x3, 0xf8, 0x18, 0x18, 0xc0,
    0x33, 0x0, 0xcc, 0x3, 0x18, 0x18, 0x3f, 0xc0,

    /* U+BC0F "및" */
    0x0, 0xd, 0xff, 0x1b, 0xfe, 0x36, 0xc, 0x6c,
    0x18, 0xd8, 0x31, 0xb0, 0x63, 0x7f, 0xc6, 0x0,
    0xc, 0x3, 0x98, 0x7, 0x1, 0xff, 0xe0, 0x1c,
    0x0, 0x38, 0x1, 0xdc, 0x3f, 0x1f, 0x38, 0xe,

    /* U+BC11 "밑" */
    0x0, 0xf, 0xfe, 0x3f, 0xf8, 0xf0, 0x63, 0xc1,
    0x8f, 0x6, 0x3c, 0x18, 0xff, 0xe3, 0x0, 0xc,
    0x0, 0x3, 0xff, 0xcc, 0x0, 0x30, 0x0, 0xff,
    0xf3, 0x0, 0xc, 0x0, 0x30, 0x0, 0xff, 0xf0,

    /* U+BC14 "바" */
    0x0, 0x18, 0xc1, 0x98, 0xc1, 0x98, 0xc1, 0x98,
    0xc1, 0x98, 0xff, 0x98, 0xff, 0x9f, 0xc1, 0x9f,
    0xc1, 0x98, 0xc1, 0x98, 0xc1, 0x98, 0xc1, 0x98,
    0xff, 0x98, 0x0, 0x18, 0x0, 0x18, 0x0, 0x18,
    0x0, 0x18, 0x0, 0x18,

    /* U+BC15 "박" */
    0x0, 0xc, 0x0, 0x6, 0x30, 0x63, 0x18, 0x31,
    0x8f, 0xf8, 0xc7, 0xfc, 0x7f, 0x6, 0x3f, 0x83,
    0x18, 0xff, 0x8c, 0x7f, 0xc6, 0x0, 0x3, 0x0,
    0x0, 0x0, 0x0, 0x1, 0xff, 0xe0, 0x0, 0x30,
    0x0, 0x18, 0x0, 0xc, 0x0, 0x6, 0x0, 0x3,
    0x0,

    /* U+BC16 "밖" */
    0x0, 0xc, 0x61, 0xc6, 0x30, 0xe3, 0x1f, 0xf1,
    0x8f, 0xf8, 0xfe, 0x1c, 0x7f, 0xe, 0x31, 0x87,
    0x18, 0xff, 0x8c, 0x0, 0x6, 0x0, 0x0, 0xf,
    0xdf, 0x80, 0x60, 0xc0, 0x30, 0x60, 0x18, 0x30,
    0xc, 0x18, 0x6, 0xc, 0x3, 0x6, 0x0,

    /* U+BC17 "밗" */
    0xc1, 0x98, 0xc1, 0x98, 0xc1, 0x98, 0xff, 0x98,
    0xff, 0x9f, 0xc1, 0x9f, 0xc1, 0x98, 0xff, 0x98,
    0xff, 0x98, 0x0, 0x18, 0x0, 0x0, 0x7e, 0x30,
    0x6, 0x30, 0x6, 0x30, 0x6, 0x78, 0x6, 0xfc,
    0x7, 0xce, 0x6, 0x84,

    /* U+BC18 "반" */
    0x0, 0xc, 0x60, 0xc6, 0x30, 0x63, 0x18, 0x31,
    0x8f, 0xf8, 0xc7, 0xfc, 0x7f, 0x6, 0x3f, 0x83,
    0x18, 0xc1, 0x8c, 0x7f, 0xc6, 0x3f, 0xe3, 0x0,
    0x1, 0x80, 0x0, 0xc1, 0x80, 0x0, 0xc0, 0x0,
    0x60, 0x0, 0x30, 0x0, 0x1f, 0xfe, 0x0,

    /* U+BC1B "받" */
    0x0, 0xc, 0x60, 0xc6, 0x30, 0x63, 0x1f, 0xf1,
    0x8f, 0xf8, 0xfe, 0xc, 0x7f, 0x6, 0x31, 0x83,
    0x18, 0xff, 0x8c, 0x0, 0x6, 0x0, 0x0, 0x7,
    0xff, 0x83, 0x0, 0x1, 0x80, 0x0, 0xc0, 0x0,
    0x60, 0x0, 0x30, 0x0, 0x1f, 0xfe, 0x0,

    /* U+BC1C "발" */
    0xc1, 0x8c, 0x60, 0xc6, 0x30, 0x63, 0x1f, 0xf1,
    0xfc, 0x18, 0xfe, 0xc, 0x63, 0x6, 0x31, 0xff,
    0x18, 0x0, 0xc, 0x0, 0x0, 0xf, 0xff, 0x0,
    0x1, 0x80, 0x0, 0xc1, 0xff, 0xe0, 0xc0, 0x0,
    0x60, 0x0, 0x30, 0x0, 0x1f, 0xfe, 0x0,

    /* U+BC1D "밝" */
    0x0, 0xc, 0x61, 0xc6, 0x30, 0xe3, 0x1f, 0xf1,
    0x8f, 0xf8, 0xfe, 0x1c, 0x63, 0xe, 0x31, 0xff,
    0x18, 0x0, 0xc, 0x0, 0x0, 0x1f, 0xbf, 0x0,
    0xc1, 0x80, 0x60, 0xc3, 0xf0, 0x61, 0x80, 0x30,
    0xc0, 0x18, 0x60, 0xc, 0x3f, 0xc6, 0x0,

    /* U+BC1E "밞" */
    0x0, 0xc, 0x60, 0xc6, 0x30, 0x63, 0x1f, 0xf1,
    0x8f, 0xf8, 0xfe, 0xc, 0x63, 0x6, 0x31, 0xff,
    0x18, 0x0, 0xc, 0x0, 0x0, 0x1f, 0xbf, 0x0,
    0xd9, 0x80, 0x6c, 0xc3, 0xf6, 0x61, 0x83, 0x30,
    0xc1, 0x98, 0x60, 0xcc, 0x3f, 0xfe, 0x0,

    /* U+BC1F "밟" */
    0xc1, 0x8c, 0x60, 0xc6, 0x30, 0x63, 0x1f, 0xf1,
    0xfc, 0x18, 0xfe, 0xc, 0x63, 0x6, 0x31, 0xff,
    0x18, 0x0, 0xc, 0x0, 0x0, 0x1f, 0xb3, 0x0,
    0xd9, 0x80, 0x6f, 0xc3, 0xf6, 0x61, 0x83, 0x30,
    0xc1, 0x98, 0x60, 0xcc, 0x3f, 0xfe, 0x0,

    /* U+BC24 "밤" */
    0xc1, 0x8c, 0x60, 0xc6, 0x30, 0x63, 0x1f, 0xf1,
    0x8f, 0xf8, 0xfe, 0xc, 0x63, 0x6, 0x31, 0xff,
    0x18, 0xff, 0x8c, 0x0, 0x6, 0x0, 0x0, 0x7,
    0xff, 0x83, 0x0, 0xc1, 0x80, 0x60, 0xc0, 0x30,
    0x60, 0x18, 0x30, 0xc, 0x1f, 0xfe, 0x0,

    /* U+BC25 "밥" */
    0x0, 0xc, 0x60, 0xc6, 0x30, 0x63, 0x18, 0x31,
    0x8f, 0xf8, 0xfe, 0xc, 0x7f, 0x6, 0x31, 0x83,
    0x18, 0xff, 0x8c, 0x0, 0x6, 0x0, 0x0, 0x0,
    0x0, 0x3, 0x0, 0xc1, 0xff, 0xe0, 0xc0, 0x30,
    0x60, 0x18, 0x30, 0xc, 0x18, 0x6, 0xf, 0xff,
    0x0,

    /* U+BC27 "밧" */
    0x0, 0xc, 0x0, 0x6, 0x30, 0x63, 0x18, 0x31,
    0x8f, 0xf8, 0xc7, 0xfc, 0x7f, 0x6, 0x3f, 0x83,
    0x18, 0xff, 0x8c, 0x7f, 0xc6, 0x0, 0x3, 0x0,
    0x31, 0x80, 0x1c, 0x0, 0xe, 0x0, 0xf, 0x80,
    0x1c, 0xe0, 0x7c, 0x3e, 0x38, 0x7, 0x0,

    /* U+BC29 "방" */
    0x0, 0xc, 0xc1, 0x8c, 0xc1, 0x8c, 0xff, 0x8c,
    0xff, 0x8f, 0xc1, 0x8f, 0xc1, 0x8c, 0xc1, 0x8c,
    0xff, 0x8c, 0x0, 0xc, 0x0, 0x0, 0xf, 0xe0,
    0x38, 0x18, 0x30, 0xc, 0x30, 0xc, 0x30, 0xc,
    0x38, 0x18, 0xf, 0xe0,

    /* U+BC2D "밭" */
    0x0, 0x18, 0xc1, 0x98, 0xc1, 0x98, 0xff, 0x98,
    0xff, 0x9f, 0xc1, 0x98, 0xc1, 0x98, 0xff, 0x98,
    0x0, 0x18, 0x0, 0x0, 0x3f, 0xf8, 0x30, 0x0,
    0x30, 0x0, 0x3f, 0xf8, 0x30, 0x0, 0x30, 0x0,
    0x30, 0x0, 0x3f, 0xfc,

    /* U+BC30 "배" */
    0x0, 0x67, 0x8c, 0xcf, 0x19, 0x9e, 0x33, 0x3c,
    0x66, 0x7f, 0xcc, 0xff, 0x99, 0xe3, 0x3f, 0xc6,
    0x67, 0x8c, 0xcf, 0x19, 0x9e, 0x33, 0x3f, 0xe6,
    0x60, 0xc, 0xc0, 0x19, 0x80, 0x33, 0x0, 0x66,
    0x0, 0xc,

    /* U+BC31 "백" */
    0x0, 0x66, 0x0, 0xcf, 0x19, 0x9e, 0x33, 0x3f,
    0xe6, 0x7f, 0xcf, 0xf1, 0x9f, 0xe3, 0x33, 0xfe,
    0x67, 0xfc, 0xcc, 0x1, 0x98, 0x0, 0x0, 0x0,
    0x3, 0xff, 0xc0, 0x1, 0x80, 0x3, 0x0, 0x6,
    0x0, 0xc, 0x0, 0x18,

    /* U+BC34 "밴" */
    0x0, 0x67, 0x8c, 0xcf, 0x19, 0x9e, 0x33, 0x3f,
    0xe6, 0x7f, 0xcf, 0xf1, 0x9f, 0xe3, 0x33, 0xc6,
    0x67, 0xfc, 0xcf, 0xf9, 0x98, 0x3, 0x30, 0x6,
    0x63, 0x0, 0x6, 0x0, 0xc, 0x0, 0x18, 0x0,
    0x3f, 0xfc,

    /* U+BC38 "밸" */
    0xc6, 0x67, 0x8c, 0xcf, 0x19, 0x9f, 0xf3, 0xfc,
    0x67, 0xf8, 0xcc, 0xf1, 0x99, 0xff, 0x33, 0x0,
    0x66, 0x0, 0x0, 0x7f, 0xf8, 0x0, 0x30, 0x0,
    0x63, 0xff, 0xc6, 0x0, 0xc, 0x0, 0x18, 0x0,
    0x3f, 0xfc,

    /* U+BC40 "뱀" */
    0xc6, 0x67, 0x8c, 0xcf, 0x19, 0x9f, 0xf3, 0x3f,
    0xe7, 0xf8, 0xcf, 0xf1, 0x99, 0xff, 0x33, 0xfe,
    0x66, 0x0, 0xcc, 0x0, 0x0, 0xff, 0xf1, 0x0,
    0x62, 0x0, 0xc4, 0x1, 0x88, 0x3, 0x10, 0x6,
    0x3f, 0xfc,

    /* U+BC41 "뱁" */
    0x0, 0x67, 0x8c, 0xcf, 0x19, 0x9e, 0x33, 0x3f,
    0xe7, 0xf8, 0xcf, 0xf1, 0x99, 0xe3, 0x33, 0xfe,
    0x66, 0x0, 0xcc, 0x0, 0x0, 0x0, 0x1, 0x80,
    0x63, 0xff, 0xc6, 0x1, 0x8c, 0x3, 0x18, 0x6,
    0x30, 0xc, 0x7f, 0xf8,

    /* U+BC43 "뱃" */
    0x0, 0x66, 0xc6, 0x66, 0xc6, 0x66, 0xfe, 0x66,
    0xfe, 0x7e, 0xc6, 0x7e, 0xc6, 0x66, 0xc6, 0x66,
    0xfe, 0x66, 0x0, 0x66, 0x0, 0x6, 0x1, 0xc6,
    0x1, 0xc0, 0x1, 0xc0, 0x3, 0xe0, 0xf, 0x38,
    0x3c, 0x1f, 0x30, 0x6,

    /* U+BC44 "뱄" */
    0xc6, 0x66, 0xc6, 0x66, 0xc6, 0x66, 0xfe, 0x66,
    0xfe, 0x7e, 0xc6, 0x7e, 0xc6, 0x66, 0xfe, 0x66,
    0xfe, 0x66, 0x0, 0x66, 0x0, 0x0, 0xc, 0x18,
    0xc, 0x18, 0x1c, 0x38, 0x1e, 0x3c, 0x73, 0x66,
    0x63, 0xc3, 0x0, 0x80,

    /* U+BC45 "뱅" */
    0x0, 0x67, 0x8c, 0xcf, 0x19, 0x9f, 0xf3, 0x3f,
    0xe7, 0xf8, 0xcf, 0xf1, 0x99, 0xe3, 0x33, 0xfe,
    0x66, 0x0, 0xcc, 0x0, 0x18, 0x3f, 0x81, 0xc1,
    0xc3, 0x0, 0xcc, 0x1, 0x8c, 0x3, 0x1c, 0x1c,
    0xf, 0xe0,

    /* U+BC49 "뱉" */
    0x0, 0x67, 0x8c, 0xcf, 0x19, 0x9f, 0xf3, 0x3f,
    0xe7, 0xf8, 0xcc, 0xf1, 0x99, 0xff, 0x33, 0x0,
    0x66, 0x0, 0x0, 0x7f, 0xf8, 0xc0, 0x1, 0x80,
    0x3, 0xff, 0xc6, 0x0, 0xc, 0x0, 0x18, 0x0,
    0x3f, 0xfc,

    /* U+BC4C "뱌" */
    0x0, 0x18, 0xc1, 0x98, 0xc1, 0x98, 0xc1, 0x98,
    0xc1, 0x9f, 0xc1, 0x9f, 0xff, 0x98, 0xc1, 0x98,
    0xc1, 0x98, 0xc1, 0x98, 0xc1, 0x9f, 0xc1, 0x98,
    0xff, 0x98, 0x0, 0x18, 0x0, 0x18, 0x0, 0x18,
    0x0, 0x18, 0x0, 0x18,

    /* U+BC4D "뱍" */
    0x0, 0xc, 0x0, 0x6, 0x30, 0x63, 0x18, 0x31,
    0xff, 0xf8, 0xff, 0xfc, 0x63, 0x6, 0x31, 0x83,
    0x1f, 0xff, 0x8c, 0x7f, 0xc6, 0x0, 0x3, 0x0,
    0x0, 0x0, 0x0, 0x1, 0xff, 0xe0, 0x0, 0x30,
    0x0, 0x18, 0x0, 0xc, 0x0, 0x6, 0x0, 0x3,
    0x0,

    /* U+BC50 "뱐" */
    0x0, 0xc, 0x60, 0xc6, 0x30, 0x63, 0x18, 0x31,
    0xff, 0xf8, 0xff, 0xfc, 0x63, 0x6, 0x31, 0x83,
    0x18, 0xc1, 0x8f, 0xff, 0xc7, 0xff, 0xe3, 0x0,
    0x1, 0x80, 0x0, 0xc1, 0x80, 0x0, 0xc0, 0x0,
    0x60, 0x0, 0x30, 0x0, 0x1f, 0xfe, 0x0,

    /* U+BC5D "뱝" */
    0x0, 0xc, 0x60, 0xc6, 0x30, 0x63, 0x18, 0x31,
    0xff, 0xf8, 0xc6, 0xc, 0x63, 0x6, 0x3f, 0x83,
    0x1f, 0xff, 0x8c, 0x0, 0x6, 0x0, 0x0, 0x0,
    0x0, 0x3, 0x0, 0xc1, 0xff, 0xe0, 0xc0, 0x30,
    0x60, 0x18, 0x30, 0xc, 0x18, 0x6, 0xf, 0xff,
    0x0,

    /* U+BC84 "버" */
    0x0, 0xf, 0xc, 0x3c, 0x30, 0xf0, 0xc3, 0xc3,
    0xf, 0xfc, 0x3f, 0xff, 0xf0, 0xc3, 0xc3, 0xf,
    0xc, 0x3c, 0x30, 0xf0, 0xc3, 0xff, 0xc, 0x0,
    0x30, 0x0, 0xc0, 0x3, 0x0, 0xc, 0x0, 0x30,

    /* U+BC85 "벅" */
    0x0, 0xf, 0xc, 0x3c, 0x30, 0xff, 0xc3, 0xff,
    0xff, 0xc, 0x3c, 0x30, 0xf0, 0xc3, 0xff, 0xc,
    0x0, 0x30, 0x0, 0xf, 0xff, 0x0, 0xc, 0x0,
    0x30, 0x0, 0xc0, 0x3, 0x0, 0xc, 0x0, 0x30,

    /* U+BC88 "번" */
    0x0, 0xf, 0xc, 0x3c, 0x30, 0xf0, 0xc3, 0xff,
    0xf, 0xff, 0xfc, 0x3f, 0xf0, 0xc3, 0xc3, 0xf,
    0xfc, 0x3f, 0xf0, 0xc0, 0x3, 0x0, 0xc, 0xc0,
    0x3, 0x0, 0xc, 0x0, 0x30, 0x0, 0xff, 0xf0,

    /* U+BC8B "벋" */
    0xc3, 0xf, 0xc, 0x3c, 0x30, 0xff, 0xc3, 0xff,
    0xff, 0xf, 0xfc, 0x30, 0xff, 0xc3, 0xff, 0xc,
    0x0, 0x30, 0x0, 0xf, 0xff, 0x30, 0x0, 0xc0,
    0x3, 0x0, 0xc, 0x0, 0x30, 0x0, 0xff, 0xf0,

    /* U+BC8C "벌" */
    0xc3, 0xd, 0x86, 0x1b, 0xc, 0x37, 0xff, 0xec,
    0x3f, 0xd8, 0x61, 0xb0, 0xc3, 0x7f, 0x86, 0x0,
    0xc, 0x0, 0x0, 0xff, 0xf0, 0x0, 0x60, 0x0,
    0xc7, 0xff, 0x8c, 0x0, 0x18, 0x0, 0x30, 0x0,
    0x7f, 0xfc,

    /* U+BC8E "벎" */
    0xc3, 0xf, 0xc, 0x3c, 0x30, 0xff, 0xff, 0xc3,
    0xff, 0xc, 0x3c, 0x30, 0xff, 0xc3, 0x0, 0xc,
    0x0, 0x7, 0xef, 0xc1, 0xb3, 0x6, 0xcd, 0xfb,
    0x36, 0xc, 0xd8, 0x33, 0x60, 0xcd, 0xfb, 0xf0,

    /* U+BC94 "범" */
    0xc3, 0xf, 0xc, 0x3c, 0x30, 0xff, 0xc3, 0xff,
    0xff, 0xf, 0xfc, 0x30, 0xff, 0xc3, 0xff, 0xc,
    0x0, 0x30, 0x0, 0xf, 0xff, 0x30, 0xc, 0xc0,
    0x33, 0x0, 0xcc, 0x3, 0x30, 0xc, 0xff, 0xf0,

    /* U+BC95 "법" */
    0x0, 0xf, 0xc, 0x3c, 0x30, 0xf0, 0xc3, 0xff,
    0xf, 0xf, 0xfc, 0x30, 0xf0, 0xc3, 0xff, 0xc,
    0x0, 0x30, 0x0, 0x0, 0x0, 0x30, 0xc, 0xff,
    0xf3, 0x0, 0xcc, 0x3, 0x30, 0xc, 0xc0, 0x33,
    0xff, 0xc0,

    /* U+BC97 "벗" */
    0xc3, 0xd, 0x86, 0x1b, 0xc, 0x37, 0xf8, 0x6f,
    0xff, 0xd8, 0x7f, 0xb0, 0xc3, 0x61, 0x86, 0xff,
    0xc, 0x0, 0x18, 0x0, 0x30, 0xc, 0x60, 0x18,
    0x0, 0x78, 0x1, 0xf8, 0xf, 0x3c, 0x78, 0x1e,
    0x40, 0x0,

    /* U+BC99 "벙" */
    0x0, 0xf, 0xc, 0x3c, 0x30, 0xff, 0xc3, 0xff,
    0xff, 0xc, 0x3c, 0x30, 0xf0, 0xc3, 0xff, 0xc,
    0x0, 0x30, 0x0, 0xc3, 0xf8, 0x18, 0x18, 0xc0,
    0x33, 0x0, 0xcc, 0x3, 0x18, 0x18, 0x1f, 0xc0,

    /* U+BC9A "벚" */
    0xc3, 0xd, 0x86, 0x1b, 0xc, 0x37, 0xf8, 0x6f,
    0xff, 0xd8, 0x7f, 0xb0, 0xc3, 0x7f, 0x86, 0xff,
    0xc, 0x0, 0x18, 0x0, 0x1, 0xff, 0xe0, 0x18,
    0x0, 0x78, 0x1, 0xf8, 0x1f, 0x1f, 0x38, 0xc,

    /* U+BCA0 "베" */
    0x0, 0x67, 0x8c, 0xcf, 0x19, 0x9e, 0x33, 0x3c,
    0x66, 0x7f, 0xcc, 0xff, 0xf9, 0xe3, 0xf3, 0xc6,
    0x67, 0x8c, 0xcf, 0x19, 0x9e, 0x33, 0x3f, 0xe6,
    0x60, 0xc, 0xc0, 0x19, 0x80, 0x33, 0x0, 0x66,
    0x0, 0xc,

    /* U+BCA1 "벡" */
    0x0, 0x66, 0x0, 0xcf, 0x19, 0x9e, 0x33, 0x3f,
    0xe6, 0x7f, 0xfc, 0xf1, 0xf9, 0xe3, 0x33, 0xfe,
    0x67, 0xfc, 0xcc, 0x1, 0x98, 0x0, 0x0, 0x0,
    0x3, 0xff, 0xc0, 0x1, 0x80, 0x3, 0x0, 0x6,
    0x0, 0xc, 0x0, 0x18,

    /* U+BCA4 "벤" */
    0x0, 0x66, 0x0, 0xcf, 0x19, 0x9e, 0x33, 0x3c,
    0x66, 0x7f, 0xcc, 0xff, 0xf9, 0xe3, 0xf3, 0xc6,
    0x67, 0x8c, 0xcf, 0xf9, 0x9f, 0xf3, 0x30, 0x6,
    0x60, 0xc, 0xc6, 0x0, 0xc, 0x0, 0x18, 0x0,
    0x30, 0x0, 0x7f, 0xf8,

    /* U+BCA7 "벧" */
    0xc6, 0x67, 0x8c, 0xcf, 0x19, 0x9f, 0xf3, 0x3f,
    0xfe, 0x78, 0xfc, 0xf1, 0x99, 0xff, 0x33, 0xfe,
    0x66, 0x0, 0xcc, 0x0, 0x0, 0xff, 0xf1, 0x80,
    0x3, 0x0, 0x6, 0x0, 0xc, 0x0, 0x18, 0x0,
    0x3f, 0xfc,

    /* U+BCA8 "벨" */
    0xc6, 0x67, 0x8c, 0xcf, 0x19, 0x9f, 0xff, 0x3c,
    0x7e, 0x78, 0xcc, 0xf1, 0x99, 0xff, 0x33, 0x0,
    0x66, 0x0, 0x0, 0x7f, 0xf8, 0x0, 0x30, 0x0,
    0x63, 0xff, 0xc6, 0x0, 0xc, 0x0, 0x18, 0x0,
    0x3f, 0xfc,

    /* U+BCB0 "벰" */
    0xc6, 0x67, 0x8c, 0xcf, 0x19, 0x9f, 0xf3, 0x3f,
    0xfe, 0x78, 0xfc, 0xf1, 0x99, 0xff, 0x33, 0xfe,
    0x66, 0x0, 0xcc, 0x0, 0x0, 0xff, 0xf1, 0x80,
    0x63, 0x0, 0xc6, 0x1, 0x8c, 0x3, 0x18, 0x6,
    0x3f, 0xfc,

    /* U+BCB1 "벱" */
    0x0, 0x67, 0x8c, 0xcf, 0x19, 0x9e, 0x33, 0x3f,
    0xe6, 0x78, 0xfc, 0xf1, 0x99, 0xe3, 0x33, 0xfe,
    0x66, 0x0, 0xcc, 0x0, 0x0, 0x0, 0x0, 0x0,
    0x3, 0xff, 0xc6, 0x1, 0x8c, 0x3, 0x18, 0x6,
    0x30, 0xc, 0x7f, 0xf8,

    /* U+BCB3 "벳" */
    0x0, 0x66, 0xc6, 0x66, 0xc6, 0x66, 0xfe, 0x66,
    0xff, 0xe6, 0xc7, 0xe6, 0xc6, 0x66, 0xc6, 0x66,
    0xfe, 0x66, 0x0, 0x66, 0x0, 0x6, 0x1, 0x86,
    0x1, 0xc0, 0x1, 0xc0, 0x3, 0x60, 0xe, 0x78,
    0x3c, 0x1f, 0x30, 0x2,

    /* U+BCB4 "벴" */
    0xc6, 0x66, 0xc6, 0x66, 0xc6, 0x66, 0xfe, 0x66,
    0xff, 0xe6, 0xc7, 0xe6, 0xc6, 0x66, 0xfe, 0x66,
    0xfe, 0x66, 0x0, 0x66, 0x0, 0x0, 0xc, 0x38,
    0xc, 0x38, 0x1c, 0x38, 0x1e, 0x6c, 0x73, 0xee,
    0x63, 0xc7, 0x0, 0x0,

    /* U+BCB5 "벵" */
    0x0, 0x67, 0x8c, 0xcf, 0x19, 0x9f, 0xf3, 0x3f,
    0xfe, 0x78, 0xfc, 0xf1, 0x99, 0xe3, 0x33, 0xfe,
    0x66, 0x0, 0xcc, 0x0, 0x18, 0x3f, 0x81, 0xc1,
    0xc3, 0x0, 0xcc, 0x1, 0x8c, 0x3, 0x1c, 0x1c,
    0xf, 0xe0,

    /* U+BCBC "벼" */
    0x0, 0xf, 0xc, 0x3c, 0x30, 0xf0, 0xc3, 0xc3,
    0xff, 0xf, 0xff, 0xf0, 0xf0, 0xc3, 0xc3, 0xf,
    0xf, 0xfc, 0x30, 0xf0, 0xc3, 0xff, 0xc, 0x0,
    0x30, 0x0, 0xc0, 0x3, 0x0, 0xc, 0x0, 0x30,

    /* U+BCBD "벽" */
    0x0, 0xf, 0xc, 0x3c, 0x30, 0xf0, 0xff, 0xff,
    0xf, 0xc, 0x3c, 0x3f, 0xf0, 0xff, 0xff, 0xc,
    0x0, 0x30, 0x0, 0xf, 0xff, 0x0, 0xc, 0x0,
    0x30, 0x0, 0xc0, 0x3, 0x0, 0xc, 0x0, 0x30,

    /* U+BCC0 "변" */
    0x0, 0xf, 0xc, 0x3c, 0x30, 0xf0, 0xff, 0xff,
    0xff, 0xfc, 0x3c, 0x30, 0xf0, 0xff, 0xc3, 0xff,
    0xfc, 0x3f, 0xf0, 0xc0, 0x3, 0x0, 0xc, 0xc0,
    0x3, 0x0, 0xc, 0x0, 0x30, 0x0, 0xff, 0xf0,

    /* U+BCC4 "별" */
    0xc3, 0xd, 0x86, 0x1b, 0xf, 0xf7, 0xff, 0xec,
    0x30, 0xd8, 0x7f, 0xb0, 0xff, 0x7f, 0x86, 0x0,
    0xc, 0x0, 0x0, 0xff, 0xf0, 0x0, 0x60, 0x0,
    0xc7, 0xff, 0x8c, 0x0, 0x18, 0x0, 0x30, 0x0,
    0x7f, 0xfc,

    /* U+BCCD "볍" */
    0x0, 0xf, 0xc, 0x3c, 0x30, 0xf0, 0xff, 0xff,
    0xff, 0xc, 0x3c, 0x3f, 0xf0, 0xff, 0xff, 0xc,
    0x0, 0x30, 0x0, 0x0, 0x0, 0x30, 0xc, 0xff,
    0xf3, 0x0, 0xcc, 0x3, 0x30, 0xc, 0xc0, 0x33,
    0xff, 0xc0,

    /* U+BCCF "볏" */
    0xc3, 0xd, 0x86, 0x1b, 0xf, 0xf7, 0xff, 0xef,
    0xf0, 0xd8, 0x61, 0xb0, 0xff, 0x61, 0xfe, 0xff,
    0xc, 0x0, 0x18, 0x0, 0x30, 0xc, 0x60, 0x18,
    0x0, 0x78, 0x1, 0xf8, 0xf, 0x3c, 0x78, 0x1e,
    0x40, 0x0,

    /* U+BCD0 "볐" */
    0xc1, 0xc, 0xc1, 0xc, 0xc1, 0xfc, 0xff, 0xfc,
    0xff, 0xc, 0xc1, 0xc, 0xc1, 0xfc, 0xff, 0xc,
    0xff, 0xc, 0x0, 0xc, 0x0, 0x0, 0xc, 0x30,
    0xc, 0x30, 0x1c, 0x30, 0x1e, 0x78, 0x73, 0xcc,
    0xe3, 0xc6, 0x0, 0x2,

    /* U+BCD1 "병" */
    0x0, 0xf, 0xc, 0x3c, 0x3f, 0xff, 0xc3, 0xc3,
    0xf, 0xc, 0x3c, 0x3f, 0xf0, 0xff, 0xff, 0xc,
    0x0, 0x30, 0x0, 0xc3, 0xf8, 0x18, 0x18, 0xc0,
    0x33, 0x0, 0xcc, 0x3, 0x18, 0x18, 0x1f, 0xc0,

    /* U+BCD5 "볕" */
    0xc3, 0xf, 0xc, 0x3c, 0x3f, 0xff, 0xc3, 0xc3,
    0xf, 0xf, 0xfc, 0x3f, 0xff, 0xc3, 0x0, 0xc,
    0x0, 0x3, 0xff, 0xcc, 0x0, 0x30, 0x0, 0xff,
    0xf3, 0x0, 0xc, 0x0, 0x30, 0x0, 0xff, 0xf0,

    /* U+BCD8 "볘" */
    0x0, 0x67, 0x8c, 0xcf, 0x19, 0x9e, 0x33, 0x3c,
    0x7e, 0x7f, 0xfc, 0xff, 0x99, 0xe3, 0x33, 0xc6,
    0x67, 0x8f, 0xcf, 0x19, 0x9e, 0x33, 0x3f, 0xe6,
    0x60, 0xc, 0xc0, 0x19, 0x80, 0x33, 0x0, 0x66,
    0x0, 0xc,

    /* U+BCDC "볜" */
    0x0, 0x66, 0x0, 0xcf, 0x19, 0x9e, 0x33, 0x3c,
    0x7e, 0x7f, 0xfc, 0xff, 0x99, 0xe3, 0x33, 0xc7,
    0xe7, 0x8f, 0xcf, 0xf9, 0x9f, 0xf3, 0x30, 0x6,
    0x60, 0xc, 0xc6, 0x0, 0xc, 0x0, 0x18, 0x0,
    0x30, 0x0, 0x7f, 0xf8,

    /* U+BCF4 "보" */
    0x30, 0x6, 0x18, 0x3, 0xc, 0x1, 0x87, 0xff,
    0xc3, 0x0, 0x61, 0x80, 0x30, 0xc0, 0x18, 0x60,
    0xc, 0x3f, 0xfe, 0x0, 0xe0, 0x0, 0x70, 0x0,
    0x38, 0x0, 0x1c, 0x7, 0xff, 0xfc,

    /* U+BCF5 "복" */
    0x30, 0x6, 0x18, 0x3, 0xf, 0xff, 0x86, 0x0,
    0xc3, 0x0, 0x61, 0xff, 0xf0, 0x6, 0x0, 0x3,
    0x0, 0x1, 0x80, 0x7f, 0xff, 0xc0, 0x0, 0x0,
    0x0, 0x3, 0xff, 0xe0, 0x0, 0x30, 0x0, 0x18,
    0x0, 0xc, 0x0, 0x6, 0x0, 0x3, 0x0,

    /* U+BCF6 "볶" */
    0x30, 0x6, 0x18, 0x3, 0xf, 0xff, 0x86, 0x0,
    0xc3, 0x0, 0x61, 0xff, 0xf0, 0x6, 0x0, 0x3,
    0x0, 0x1, 0x80, 0x7f, 0xff, 0xc0, 0x0, 0x0,
    0x0, 0x3, 0xf7, 0xe0, 0x18, 0x30, 0xc, 0x18,
    0x6, 0xc, 0x3, 0x6, 0x1, 0x83, 0x0,

    /* U+BCF8 "본" */
    0x30, 0xc, 0x18, 0x6, 0xf, 0xff, 0x6, 0x1,
    0x83, 0x0, 0xc1, 0x80, 0x60, 0xff, 0xf0, 0x3,
    0x0, 0x1, 0x80, 0x0, 0xc0, 0x3f, 0xff, 0xe0,
    0x0, 0x0, 0x0, 0x0, 0x0, 0x0, 0xc0, 0x0,
    0x60, 0x0, 0x30, 0x0, 0x1f, 0xff, 0x0,

    /* U+BCFC "볼" */
    0x30, 0xc, 0x18, 0x6, 0xf, 0xff, 0x6, 0x1,
    0x83, 0x0, 0xc1, 0xff, 0xe0, 0x6, 0x0, 0x3,
    0x0, 0x1, 0x80, 0x7f, 0xff, 0xc0, 0x0, 0x7,
    0xff, 0x80, 0x0, 0xc0, 0x0, 0x60, 0xff, 0xf0,
    0x60, 0x0, 0x30, 0x0, 0x18, 0x0, 0xf, 0xff,
    0x80,

    /* U+BD04 "봄" */
    0x30, 0x6, 0x18, 0x3, 0xf, 0xff, 0x86, 0x0,
    0xc3, 0x0, 0x61, 0xff, 0xf0, 0x7, 0x0, 0x3,
    0x80, 0x1, 0xc0, 0x7f, 0xff, 0xc0, 0x0, 0x0,
    0x0, 0x3, 0xff, 0xe1, 0x80, 0x30, 0xc0, 0x18,
    0x60, 0xc, 0x30, 0x6, 0x1f, 0xff, 0x0,

    /* U+BD05 "봅" */
    0x30, 0x6, 0x18, 0x3, 0xf, 0xff, 0x86, 0x0,
    0xc3, 0x0, 0x61, 0xff, 0xf0, 0x7, 0x0, 0x3,
    0x80, 0xff, 0xff, 0x80, 0x0, 0x0, 0x0, 0x0,
    0x0, 0x3, 0x0, 0x61, 0xff, 0xf0, 0xc0, 0x18,
    0x60, 0xc, 0x30, 0x6, 0x1f, 0xff, 0x0,

    /* U+BD07 "봇" */
    0x30, 0x6, 0x18, 0x3, 0xf, 0xff, 0x86, 0x0,
    0xc3, 0x0, 0x61, 0xff, 0xf0, 0x7, 0x0, 0x3,
    0x80, 0x1, 0xc0, 0x7f, 0xff, 0xc0, 0x0, 0x0,
    0x38, 0x0, 0x1c, 0x0, 0xe, 0x0, 0x1d, 0xc0,
    0x3c, 0x78, 0x38, 0x1e, 0x0,

    /* U+BD09 "봉" */
    0x30, 0x6, 0x18, 0x3, 0xf, 0xff, 0x86, 0x0,
    0xc3, 0x0, 0x61, 0xff, 0xf0, 0x7, 0x0, 0x3,
    0x80, 0xff, 0xff, 0xff, 0xff, 0xc0, 0x0, 0x0,
    0xfe, 0x1, 0xc1, 0xc1, 0x80, 0x70, 0xc0, 0x18,
    0x60, 0x1c, 0x1c, 0x1c, 0x3, 0xf8, 0x0,

    /* U+BD10 "봐" */
    0x0, 0xc, 0x30, 0x66, 0x18, 0x33, 0xc, 0x19,
    0x87, 0xfc, 0xc3, 0x6, 0x61, 0x83, 0x30, 0xc1,
    0x9f, 0x7f, 0xcf, 0x83, 0x6, 0x1, 0x83, 0x0,
    0xc1, 0x8f, 0xfe, 0xc7, 0xfe, 0x60, 0x0, 0x30,
    0x0, 0x18, 0x0, 0xc, 0x0, 0x6, 0x0,

    /* U+BD14 "봔" */
    0x0, 0xc, 0x30, 0x66, 0x18, 0x33, 0xf, 0xf9,
    0x87, 0xfc, 0xc3, 0x6, 0x61, 0x83, 0x30, 0xff,
    0x9f, 0x7f, 0xcf, 0x86, 0x6, 0x3, 0x3, 0x1f,
    0xfd, 0x8f, 0xfc, 0xc0, 0x0, 0x60, 0x0, 0x0,
    0x60, 0x0, 0x30, 0x0, 0x18, 0x0, 0xf, 0xff,
    0x80,

    /* U+BD24 "봤" */
    0x0, 0xc, 0x30, 0x66, 0x18, 0x33, 0xf, 0xf9,
    0x86, 0xc, 0xc3, 0x6, 0x7d, 0xff, 0x3e, 0x18,
    0x18, 0xc, 0xc, 0x7f, 0xf6, 0x3f, 0x3, 0x0,
    0x0, 0x0, 0x81, 0x80, 0xe1, 0xc0, 0x70, 0xe0,
    0x6c, 0xd8, 0xe3, 0xe7, 0x20, 0xc1, 0x0,

    /* U+BD2C "봬" */
    0x0, 0x33, 0x61, 0xb3, 0x61, 0xb3, 0x7f, 0xb3,
    0x7f, 0xb3, 0x61, 0xb3, 0x61, 0xb3, 0x61, 0xbf,
    0x7f, 0xbf, 0xc, 0x33, 0xc, 0x33, 0xc, 0x33,
    0xff, 0xf3, 0xff, 0xf3, 0x0, 0x33, 0x0, 0x33,
    0x0, 0x33, 0x0, 0x3,

    /* U+BD40 "뵀" */
    0x61, 0xb3, 0x30, 0xd9, 0x9f, 0xec, 0xcf, 0xf6,
    0x66, 0x1b, 0xf3, 0xfd, 0xf9, 0xfe, 0xcc, 0x18,
    0x66, 0xc, 0x33, 0x7f, 0xd9, 0xb0, 0xc, 0xc0,
    0x0, 0x0, 0x61, 0xc0, 0x30, 0xe0, 0x3c, 0xf8,
    0x77, 0x6e, 0x71, 0xe3, 0x80, 0x60, 0x0,

    /* U+BD48 "뵈" */
    0x0, 0x6, 0xc1, 0x8d, 0x83, 0x1b, 0x6, 0x37,
    0xfc, 0x6c, 0x18, 0xd8, 0x31, 0xb0, 0x63, 0x7f,
    0xc6, 0xc, 0xc, 0x18, 0x18, 0x30, 0x3f, 0xff,
    0x7f, 0xf8, 0xc0, 0x1, 0x80, 0x3, 0x0, 0x6,
    0x0, 0xc,

    /* U+BD49 "뵉" */
    0x60, 0xcd, 0x83, 0x37, 0xfc, 0xdf, 0xf3, 0x60,
    0xcd, 0xff, 0x37, 0xfc, 0xc3, 0x83, 0xe, 0xef,
    0xff, 0xb0, 0x0, 0xc0, 0x0, 0x3f, 0xfc, 0x0,
    0x30, 0x0, 0xc0, 0x3, 0x0, 0xc, 0x0, 0x30,

    /* U+BD4C "뵌" */
    0x0, 0xc, 0xc1, 0x99, 0x83, 0x33, 0x6, 0x67,
    0xfc, 0xcc, 0x19, 0x98, 0x33, 0x3f, 0xe6, 0x7f,
    0xcc, 0x1c, 0x18, 0x38, 0x37, 0xff, 0x6f, 0xfe,
    0xc0, 0x1, 0x80, 0x0, 0x18, 0x0, 0x30, 0x0,
    0x60, 0x0, 0xff, 0xf8,

    /* U+BD50 "뵐" */
    0x0, 0xc, 0xc1, 0x99, 0xff, 0x33, 0x6, 0x66,
    0xc, 0xcf, 0xf9, 0x83, 0x83, 0x7, 0x16, 0xff,
    0xec, 0x0, 0x0, 0xff, 0xf0, 0x0, 0x60, 0x0,
    0xc7, 0xff, 0x8c, 0x0, 0x18, 0x0, 0x30, 0x0,
    0x7f, 0xfc,

    /* U+BD58 "뵘" */
    0x60, 0xcd, 0x83, 0x37, 0xfc, 0xdf, 0xf3, 0x60,
    0xcd, 0xff, 0x37, 0xfc, 0xc3, 0x83, 0xe, 0x6f,
    0xff, 0xb0, 0x0, 0xc0, 0x0, 0x3f, 0xfc, 0xc0,
    0x33, 0x0, 0xcc, 0x3, 0x30, 0xc, 0xff, 0xf0,

    /* U+BD59 "뵙" */
    0x0, 0xd, 0x83, 0x36, 0xc, 0xdf, 0xf3, 0x60,
    0xcd, 0x83, 0x37, 0xfc, 0xc3, 0x83, 0xe, 0xf,
    0xff, 0xbf, 0xc0, 0xc0, 0x0, 0x0, 0x0, 0xc0,
    0x33, 0xff, 0xcc, 0x3, 0x30, 0xc, 0xc0, 0x33,
    0xff, 0xc0,

    /* U+BD64 "뵤" */
    0x30, 0x6, 0x18, 0x3, 0xc, 0x1, 0x87, 0xff,
    0xc3, 0x0, 0x61, 0x80, 0x30, 0xc0, 0x18, 0x60,
    0xc, 0x3f, 0xfe, 0x7, 0x1c, 0x3, 0x8e, 0x1,
    0xc7, 0x0, 0xe3, 0x87, 0xff, 0xfc,

    /* U+BD68 "뵨" */
    0x30, 0xc, 0x18, 0x6, 0xf, 0xff, 0x6, 0x1,
    0x83, 0x0, 0xc1, 0x80, 0x60, 0xff, 0xf0, 0x18,
    0x60, 0xc, 0x30, 0x6, 0x18, 0x3f, 0xff, 0xe0,
    0x0, 0x0, 0x0, 0x0, 0x0, 0x0, 0xc0, 0x0,
    0x60, 0x0, 0x30, 0x0, 0x1f, 0xff, 0x0,

    /* U+BD80 "부" */
    0x30, 0x6, 0x18, 0x3, 0xf, 0xff, 0x86, 0x0,
    0xc3, 0x0, 0x61, 0x80, 0x30, 0xff, 0xf8, 0x0,
    0x0, 0x0, 0x0, 0x7f, 0xff, 0xc0, 0x70, 0x0,
    0x38, 0x0, 0x1c, 0x0, 0xe, 0x0, 0x7, 0x0,
    0x3, 0x80, 0x1, 0xc0, 0x0,

    /* U+BD81 "북" */
    0x30, 0x6, 0x18, 0x3, 0xf, 0xff, 0x86, 0x0,
    0xc3, 0x0, 0x61, 0xff, 0xf0, 0x0, 0x0, 0x0,
    0x0, 0x0, 0x0, 0x7f, 0xff, 0xc0, 0x60, 0x0,
    0x30, 0x3, 0xff, 0xe0, 0x0, 0x30, 0x0, 0x18,
    0x0, 0xc, 0x0, 0x6, 0x0, 0x3, 0x0,

    /* U+BD84 "분" */
    0x30, 0xc, 0x18, 0x6, 0xf, 0xff, 0x6, 0x1,
    0x83, 0x0, 0xc1, 0x80, 0x60, 0xff, 0xf0, 0x0,
    0x0, 0x0, 0x0, 0x7f, 0xff, 0xc0, 0x60, 0x0,
    0x30, 0x0, 0x18, 0x0, 0x0, 0x0, 0xc0, 0x0,
    0x60, 0x0, 0x30, 0x0, 0x1f, 0xff, 0x0,

    /* U+BD87 "붇" */
    0x30, 0xc, 0x18, 0x6, 0xf, 0xff, 0x6, 0x1,
    0x83, 0x0, 0xc1, 0xff, 0xe0, 0x0, 0x0, 0x0,
    0x0, 0xff, 0xff, 0x80, 0xc0, 0x0, 0x60, 0x0,
    0x30, 0x3, 0xff, 0xc1, 0x80, 0x0, 0xc0, 0x0,
    0x60, 0x0, 0x30, 0x0, 0x1f, 0xff, 0x0,

    /* U+BD88 "불" */
    0x30, 0xc, 0x18, 0x6, 0xf, 0xff, 0x6, 0x1,
    0x83, 0x0, 0xc1, 0xff, 0xe0, 0x0, 0x0, 0x0,
    0x0, 0xff, 0xff, 0x80, 0xc0, 0x0, 0x60, 0x7,
    0xff, 0x80, 0x0, 0xc0, 0x0, 0x60, 0xff, 0xf0,
    0x60, 0x0, 0x30, 0x0, 0x18, 0x0, 0xf, 0xff,
    0x80,

    /* U+BD89 "붉" */
    0x30, 0xe, 0x18, 0x7, 0xf, 0xff, 0x86, 0x1,
    0xc3, 0x0, 0xe1, 0xff, 0xf0, 0x0, 0x1, 0xff,
    0xff, 0x1, 0x80, 0x0, 0xc0, 0x0, 0x60, 0x7,
    0xef, 0xc0, 0x30, 0x61, 0xf8, 0x30, 0xc0, 0x18,
    0x60, 0xc, 0x30, 0x86, 0x1f, 0xc3, 0x0,

    /* U+BD8A "붊" */
    0x30, 0x6, 0x1f, 0xff, 0xc, 0x1, 0x86, 0x0,
    0xc3, 0x0, 0x61, 0xff, 0xf0, 0x0, 0x1, 0xff,
    0xff, 0x1, 0xc0, 0x0, 0xe0, 0x0, 0x50, 0x7,
    0xef, 0xc0, 0x36, 0x61, 0xfb, 0x30, 0xc1, 0x98,
    0x60, 0xcc, 0x30, 0x66, 0x1f, 0xbf, 0x0,

    /* U+BD90 "붐" */
    0x30, 0x6, 0x18, 0x3, 0xf, 0xff, 0x86, 0x0,
    0xc3, 0x0, 0x61, 0xff, 0xf0, 0x0, 0x0, 0x0,
    0x0, 0xff, 0xff, 0x80, 0xe0, 0x0, 0x70, 0x0,
    0x38, 0x3, 0xff, 0xe1, 0x80, 0x30, 0xc0, 0x18,
    0x60, 0xc, 0x30, 0x6, 0x1f, 0xff, 0x0,

    /* U+BD91 "붑" */
    0x30, 0x6, 0x18, 0x3, 0xf, 0xff, 0x86, 0x0,
    0xc3, 0x0, 0x61, 0xff, 0xf0, 0x0, 0x0, 0x0,
    0x0, 0xff, 0xff, 0x80, 0xe0, 0x0, 0x70, 0x0,
    0x0, 0x3, 0x0, 0x61, 0xff, 0xf0, 0xc0, 0x18,
    0x60, 0xc, 0x30, 0x6, 0x1f, 0xff, 0x0,

    /* U+BD93 "붓" */
    0x30, 0x6, 0x18, 0x3, 0xf, 0xff, 0x86, 0x0,
    0xc3, 0x0, 0x61, 0xff, 0xf0, 0x0, 0x0, 0x0,
    0x0, 0xff, 0xff, 0x80, 0xe0, 0x0, 0x70, 0x0,
    0x0, 0x0, 0x1c, 0x0, 0xe, 0x0, 0x1d, 0xc0,
    0xfc, 0x7e, 0x38, 0xe, 0x0,

    /* U+BD95 "붕" */
    0x30, 0x6, 0x18, 0x3, 0xf, 0xff, 0x86, 0x0,
    0xc3, 0x0, 0x61, 0xff, 0xf0, 0x0, 0x0, 0x0,
    0x0, 0xff, 0xff, 0x80, 0xe0, 0x0, 0x70, 0x0,
    0x38, 0x0, 0xff, 0x80, 0xc0, 0x60, 0xc0, 0x18,
    0x60, 0xc, 0x18, 0xc, 0x3, 0xf8, 0x0,

    /* U+BD99 "붙" */
    0x30, 0xc, 0x18, 0x6, 0xf, 0xff, 0x6, 0x1,
    0x83, 0x0, 0xc1, 0xff, 0xe0, 0x0, 0x0, 0x0,
    0x0, 0xff, 0xff, 0x80, 0xc0, 0x0, 0x60, 0x7,
    0xff, 0x83, 0x0, 0x1, 0xff, 0xe0, 0xc0, 0x0,
    0x60, 0x0, 0x30, 0x0, 0x1f, 0xff, 0x0,

    /* U+BD9A "붚" */
    0x30, 0x6, 0x18, 0x3, 0xf, 0xff, 0x86, 0x0,
    0xc3, 0x0, 0x61, 0xff, 0xf0, 0x0, 0x0, 0x0,
    0x0, 0xff, 0xff, 0x80, 0xe0, 0x0, 0x70, 0x0,
    0x38, 0x3, 0xff, 0xe0, 0x31, 0x80, 0x18, 0xc0,
    0xc, 0x60, 0x6, 0x30, 0x1f, 0xff, 0x0,

    /* U+BD9C "붜" */
    0x30, 0x63, 0x30, 0x63, 0x3f, 0xe3, 0x30, 0x63,
    0x30, 0x63, 0x30, 0x63, 0x3f, 0xe3, 0x0, 0x3,
    0x0, 0x3, 0x7f, 0xfb, 0x6, 0x3, 0x6, 0x3,
    0x6, 0x3f, 0x6, 0x3, 0x6, 0x3, 0x6, 0x3,
    0x6, 0x3, 0x6, 0x3,

    /* U+BDA4 "붤" */
    0x30, 0x66, 0x3f, 0xe6, 0x30, 0x66, 0x30, 0x66,
    0x3f, 0xe6, 0x0, 0x6, 0xff, 0xf6, 0x7f, 0x86,
    0x6, 0x3e, 0x6, 0x6, 0x0, 0x0, 0x1f, 0xfe,
    0x0, 0x6, 0x0, 0x6, 0x1f, 0xfe, 0x18, 0x0,
    0x18, 0x0, 0x1f, 0xff,

    /* U+BDB0 "붰" */
    0x30, 0x66, 0x1f, 0xf3, 0xf, 0xf9, 0x86, 0xc,
    0xc3, 0xfe, 0x61, 0xff, 0x30, 0x3, 0xd9, 0xff,
    0xec, 0x6, 0x6, 0x3, 0x1f, 0x1, 0x81, 0x80,
    0x0, 0x0, 0x60, 0x80, 0x70, 0xc0, 0x3c, 0x70,
    0x77, 0x6c, 0x71, 0xe3, 0x0, 0x20, 0x0,

    /* U+BDB8 "붸" */
    0x0, 0x33, 0x61, 0xb3, 0x7f, 0xb3, 0x7f, 0xb3,
    0x61, 0xb3, 0x61, 0xb3, 0x7f, 0xb3, 0x0, 0x33,
    0xf, 0xb3, 0xff, 0xb3, 0xc, 0x33, 0xd, 0xf3,
    0xd, 0xf3, 0xc, 0x33, 0xc, 0x33, 0xc, 0x33,
    0x0, 0x33, 0x0, 0x3,

    /* U+BDD4 "뷔" */
    0x30, 0x66, 0x60, 0xcc, 0xff, 0x99, 0x83, 0x33,
    0x6, 0x66, 0xc, 0xcf, 0xf9, 0x80, 0x3, 0x0,
    0x6, 0x0, 0x6d, 0xff, 0xd8, 0x30, 0x30, 0x60,
    0x60, 0xc0, 0xc1, 0x81, 0x83, 0x3, 0x6, 0x6,
    0xc, 0xc,

    /* U+BDD5 "뷕" */
    0x30, 0x66, 0x60, 0xcc, 0xff, 0x99, 0x83, 0x33,
    0x6, 0x67, 0xfc, 0xcf, 0xf9, 0x80, 0x3, 0xff,
    0xf6, 0xff, 0x4c, 0x1c, 0x18, 0x38, 0x1, 0xff,
    0xe0, 0x0, 0xc0, 0x1, 0x80, 0x3, 0x0, 0x6,
    0x0, 0xc,

    /* U+BDD8 "뷘" */
    0x0, 0x6, 0x60, 0xcc, 0xc1, 0x99, 0xff, 0x33,
    0xfe, 0x66, 0xc, 0xcc, 0x19, 0x9f, 0xf3, 0x3f,
    0xe6, 0x0, 0xf, 0xff, 0xdb, 0xff, 0xb0, 0x30,
    0x60, 0x60, 0xc6, 0x0, 0xc, 0x0, 0x18, 0x0,
    0x30, 0x0, 0x7f, 0xf8,

    /* U+BDDC "뷜" */
    0x0, 0x6, 0x30, 0x66, 0x30, 0x66, 0x3f, 0xe6,
    0x30, 0x66, 0x3f, 0xe6, 0x0, 0x6, 0x0, 0x16,
    0x7f, 0xf6, 0x7, 0x6, 0x7, 0x0, 0x1f, 0xfe,
    0x0, 0x6, 0x0, 0x6, 0x1f, 0xfe, 0x18, 0x0,
    0x18, 0x0, 0x18, 0x0, 0x1f, 0xff,

    /* U+BDE9 "뷩" */
    0x30, 0x66, 0x60, 0xcc, 0xff, 0x99, 0x83, 0x33,
    0x6, 0x67, 0xfc, 0xc0, 0x1, 0x80, 0xb, 0x7f,
    0xf6, 0xe, 0xc, 0x1c, 0x18, 0x38, 0x30, 0x7f,
    0x81, 0x81, 0x86, 0x1, 0x8c, 0x3, 0xc, 0xc,
    0xf, 0xf0,

    /* U+BDF0 "뷰" */
    0x30, 0x6, 0x18, 0x3, 0xf, 0xff, 0x86, 0x0,
    0xc3, 0x0, 0x61, 0x80, 0x30, 0xff, 0xf8, 0x0,
    0x0, 0x0, 0x0, 0x7f, 0xff, 0xc3, 0x6, 0x1,
    0x83, 0x0, 0xc1, 0x80, 0x60, 0xc0, 0x30, 0x60,
    0x18, 0x30, 0xc, 0x18, 0x0,

    /* U+BDF4 "뷴" */
    0x30, 0xc, 0x18, 0x6, 0xf, 0xff, 0x6, 0x1,
    0x83, 0x0, 0xc1, 0x80, 0x60, 0xff, 0xf0, 0x0,
    0x0, 0x0, 0x0, 0x7f, 0xff, 0xc0, 0xcc, 0x0,
    0x66, 0x0, 0x33, 0x0, 0x0, 0x0, 0xc0, 0x0,
    0x60, 0x0, 0x30, 0x0, 0x1f, 0xff, 0x0,

    /* U+BDF8 "뷸" */
    0x30, 0xc, 0x18, 0x6, 0xf, 0xff, 0x6, 0x1,
    0x83, 0x0, 0xc1, 0xff, 0xe0, 0x0, 0x0, 0x0,
    0x0, 0xff, 0xff, 0x86, 0x18, 0x3, 0xc, 0x7,
    0xff, 0x80, 0x0, 0xc0, 0x0, 0x60, 0xff, 0xf0,
    0x60, 0x0, 0x30, 0x0, 0x18, 0x0, 0xf, 0xff,
    0x80,

    /* U+BE00 "븀" */
    0x30, 0x6, 0x18, 0x3, 0xf, 0xff, 0x86, 0x0,
    0xc3, 0x0, 0x61, 0xff, 0xf0, 0x0, 0x0, 0x0,
    0x0, 0xff, 0xff, 0x87, 0xc, 0x3, 0x86, 0x1,
    0xc3, 0x3, 0xff, 0xe1, 0x80, 0x30, 0xc0, 0x18,
    0x60, 0xc, 0x30, 0x6, 0x1f, 0xff, 0x0,

    /* U+BE03 "븃" */
    0x30, 0x6, 0x18, 0x3, 0xf, 0xff, 0x86, 0x0,
    0xc3, 0x0, 0x61, 0xff, 0xf0, 0x0, 0x0, 0x0,
    0x0, 0xff, 0xff, 0x86, 0xc, 0x3, 0x76, 0x1,
    0xbb, 0x0, 0x1c, 0x0, 0x1f, 0x0, 0x3d, 0xe0,
    0xf8, 0x3e, 0x20, 0x2, 0x0,

    /* U+BE05 "븅" */
    0x30, 0x6, 0x18, 0x3, 0xf, 0xff, 0x86, 0x0,
    0xc3, 0x0, 0x61, 0xff, 0xf0, 0x0, 0x0, 0x0,
    0x0, 0xff, 0xff, 0x86, 0xc, 0x3, 0x6, 0x1,
    0xff, 0x1, 0xc1, 0xc1, 0x80, 0x70, 0xc0, 0x18,
    0x60, 0x1c, 0x1c, 0x1c, 0x3, 0xf8, 0x0,

    /* U+BE0C "브" */
    0x30, 0x6, 0x18, 0x3, 0xc, 0x1, 0x87, 0xff,
    0xc3, 0x0, 0x61, 0x80, 0x30, 0xc0, 0x18, 0x60,
    0xc, 0x3f, 0xfe, 0x0, 0x0, 0x0, 0x0, 0x0,
    0x0, 0x0, 0x0, 0x7, 0xff, 0xfc,

    /* U+BE0D "븍" */
    0x30, 0x6, 0x18, 0x3, 0xf, 0xff, 0x86, 0x0,
    0xc3, 0x0, 0x61, 0xff, 0xf0, 0x0, 0x0, 0x0,
    0x0, 0x0, 0x0, 0x7f, 0xff, 0xc0, 0x0, 0x0,
    0x0, 0x3, 0xff, 0xe0, 0x0, 0x30, 0x0, 0x18,
    0x0, 0xc, 0x0, 0x6, 0x0, 0x3, 0x0,

    /* U+BE10 "븐" */
    0x30, 0xc, 0x18, 0x6, 0xf, 0xff, 0x6, 0x1,
    0x83, 0x0, 0xc1, 0x80, 0x60, 0xff, 0xf0, 0x0,
    0x0, 0x0, 0x0, 0x7f, 0xff, 0xc0, 0x0, 0x0,
    0x0, 0x0, 0x0, 0x0, 0x0, 0x0, 0xc0, 0x0,
    0x60, 0x0, 0x30, 0x0, 0x1f, 0xff, 0x0,

    /* U+BE14 "블" */
    0x30, 0xc, 0x18, 0x6, 0xf, 0xff, 0x6, 0x1,
    0x83, 0x0, 0xc1, 0xff, 0xe0, 0x0, 0x0, 0x0,
    0x0, 0xff, 0xff, 0x80, 0x0, 0x0, 0x0, 0x7,
    0xff, 0x80, 0x0, 0xc0, 0x0, 0x60, 0xff, 0xf0,
    0x60, 0x0, 0x30, 0x0, 0x18, 0x0, 0xf, 0xff,
    0x80,

    /* U+BE1C "븜" */
    0x30, 0x6, 0x18, 0x3, 0xf, 0xff, 0x86, 0x0,
    0xc3, 0x0, 0x61, 0xff, 0xf0, 0x0, 0x0, 0x0,
    0x0, 0x0, 0x0, 0x7f, 0xff, 0xc0, 0x0, 0x0,
    0x0, 0x3, 0xff, 0xe1, 0x80, 0x30, 0xc0, 0x18,
    0x60, 0xc, 0x30, 0x6, 0x1f, 0xff, 0x0,

    /* U+BE1D "븝" */
    0x30, 0x6, 0x18, 0x3, 0xf, 0xff, 0x86, 0x0,
    0xc3, 0x0, 0x61, 0xff, 0xf0, 0x0, 0x0, 0x0,
    0x0, 0xff, 0xff, 0x80, 0x0, 0x0, 0x0, 0x0,
    0x0, 0x3, 0x0, 0x61, 0xff, 0xf0, 0xc0, 0x18,
    0x60, 0xc, 0x30, 0x6, 0x1f, 0xff, 0x0,

    /* U+BE1F "븟" */
    0x30, 0x6, 0x18, 0x3, 0xf, 0xff, 0x86, 0x0,
    0xc3, 0x0, 0x61, 0xff, 0xf0, 0x0, 0x0, 0x0,
    0x0, 0x0, 0x0, 0x7f, 0xff, 0xc0, 0x0, 0x0,
    0x38, 0x0, 0x1c, 0x0, 0xe, 0x0, 0xd, 0x80,
    0x3c, 0x78, 0x7c, 0x1f, 0x0, 0x0, 0x0,

    /* U+BE44 "비" */
    0x0, 0xf, 0x6, 0x3c, 0x18, 0xf0, 0x63, 0xc1,
    0x8f, 0x6, 0x3f, 0xf8, 0xf0, 0x63, 0xc1, 0x8f,
    0x6, 0x3c, 0x18, 0xf0, 0x63, 0xff, 0x8c, 0x0,
    0x30, 0x0, 0xc0, 0x3, 0x0, 0xc, 0x0, 0x30,

    /* U+BE45 "빅" */
    0x0, 0xf, 0x6, 0x3c, 0x18, 0xf0, 0x63, 0xff,
    0x8f, 0xfe, 0x3c, 0x18, 0xf0, 0x63, 0xff, 0x8f,
    0xfe, 0x30, 0x0, 0xc0, 0x0, 0x0, 0x0, 0xff,
    0xf0, 0x0, 0xc0, 0x3, 0x0, 0xc, 0x0, 0x30,
    0x0, 0xc0,

    /* U+BE48 "빈" */
    0x0, 0xf, 0x6, 0x3c, 0x18, 0xf0, 0x63, 0xff,
    0x8f, 0xfe, 0x3c, 0x18, 0xf0, 0x63, 0xc1, 0x8f,
    0xfe, 0x3f, 0xf8, 0xc0, 0x3, 0x0, 0xc, 0xc0,
    0x3, 0x0, 0xc, 0x0, 0x30, 0x0, 0xff, 0xf0,

    /* U+BE4C "빌" */
    0xc1, 0x8d, 0x83, 0x1b, 0x6, 0x37, 0xfc, 0x6c,
    0x18, 0xd8, 0x31, 0xb0, 0x63, 0x7f, 0xc6, 0x0,
    0xc, 0x0, 0x0, 0xff, 0xf0, 0x0, 0x60, 0x0,
    0xc7, 0xff, 0x8c, 0x0, 0x18, 0x0, 0x30, 0x0,
    0x7f, 0xfc,

    /* U+BE4E "빎" */
    0x0, 0xf, 0xe, 0x3c, 0x38, 0xff, 0xe3, 0xc3,
    0x8f, 0xe, 0x3c, 0x38, 0xff, 0xe3, 0x0, 0xc,
    0x0, 0x7, 0xef, 0xc1, 0xb3, 0x6, 0xcd, 0xfb,
    0x36, 0xc, 0xd8, 0x33, 0x60, 0xcd, 0xfb, 0xf0,

    /* U+BE54 "빔" */
    0xc1, 0x8f, 0x6, 0x3c, 0x18, 0xff, 0xe3, 0xff,
    0x8f, 0x6, 0x3c, 0x18, 0xff, 0xe3, 0xff, 0x8c,
    0x0, 0x30, 0x0, 0xf, 0xff, 0x30, 0xc, 0xc0,
    0x33, 0x0, 0xcc, 0x3, 0x30, 0xc, 0xff, 0xf0,

    /* U+BE55 "빕" */
    0x0, 0xf, 0x6, 0x3c, 0x18, 0xf0, 0x63, 0xff,
    0x8f, 0x6, 0x3c, 0x18, 0xf0, 0x63, 0xff, 0x8c,
    0x0, 0x30, 0x0, 0x0, 0x0, 0x30, 0xc, 0xff,
    0xf3, 0x0, 0xcc, 0x3, 0x30, 0xc, 0xc0, 0x33,
    0xff, 0xc0,

    /* U+BE57 "빗" */
    0xc1, 0x8d, 0x83, 0x1b, 0x6, 0x37, 0xfc, 0x6f,
    0xf8, 0xd8, 0x31, 0xb0, 0x63, 0x60, 0xc6, 0xff,
    0x8c, 0x0, 0x18, 0x0, 0x30, 0xc, 0x60, 0x1c,
    0x0, 0x38, 0x0, 0xd8, 0x7, 0x3c, 0x7c, 0x1e,
    0x40, 0x8,

    /* U+BE59 "빙" */
    0x0, 0xf, 0x6, 0x3c, 0x18, 0xff, 0xe3, 0xc1,
    0x8f, 0x6, 0x3c, 0x18, 0xf0, 0x63, 0xff, 0x8c,
    0x0, 0x30, 0x0, 0xc3, 0xf8, 0x18, 0x18, 0xc0,
    0x33, 0x0, 0xcc, 0x3, 0x18, 0x18, 0x3f, 0x80,

    /* U+BE5A "빚" */
    0xc1, 0x8d, 0x83, 0x1b, 0x6, 0x37, 0xfc, 0x6f,
    0xf8, 0xd8, 0x31, 0xb0, 0x63, 0x7f, 0xc6, 0xff,
    0x8c, 0x0, 0x18, 0x0, 0x1, 0xff, 0xe0, 0x1c,
    0x0, 0x38, 0x1, 0xdc, 0x1f, 0x1f, 0x38, 0xe,

    /* U+BE5B "빛" */
    0xc1, 0x8d, 0x83, 0x1b, 0x6, 0x37, 0xfc, 0x6c,
    0x18, 0xd8, 0x31, 0xb0, 0x63, 0x7f, 0xc6, 0x0,
    0xc, 0x0, 0x18, 0x6, 0x1, 0xff, 0xe0, 0x1c,
    0x0, 0x78, 0x1, 0xdc, 0x3f, 0x1f, 0x30, 0xe,

    /* U+BE60 "빠" */
    0x0, 0x6, 0x6d, 0xb3, 0x36, 0xd9, 0x9b, 0x6c,
    0xcd, 0xb6, 0x66, 0xdb, 0x33, 0xef, 0x99, 0xb6,
    0xcf, 0xdb, 0x66, 0x6d, 0xb3, 0x36, 0xd9, 0x9b,
    0x6c, 0xcf, 0xbe, 0x60, 0x0, 0x30, 0x0, 0x18,
    0x0, 0xc, 0x0, 0x6, 0x0, 0x3, 0x0,

    /* U+BE61 "빡" */
    0x0, 0x6, 0x6d, 0xb3, 0x36, 0xd9, 0x9f, 0x7c,
    0xcf, 0xbe, 0x7e, 0xdb, 0x33, 0x6d, 0x99, 0xb6,
    0xcc, 0xfb, 0xe6, 0x0, 0x3, 0x0, 0x0, 0x7,
    0xff, 0xc0, 0x0, 0x60, 0x0, 0x30, 0x0, 0x18,
    0x0, 0xc, 0x0, 0x6, 0x0, 0x3, 0x0,

    /* U+BE64 "빤" */
    0x0, 0x6, 0x6d, 0xb3, 0x36, 0xd9, 0x9b, 0x6c,
    0xcf, 0xbe, 0x67, 0xdf, 0x3f, 0x6d, 0x9f, 0xb6,
    0xcc, 0xdb, 0x66, 0x7d, 0xf3, 0x3e, 0xf9, 0x80,
    0x0, 0xc0, 0x0, 0x61, 0x80, 0x0, 0xc0, 0x0,
    0x60, 0x0, 0x30, 0x0, 0x1f, 0xff, 0x80,

    /* U+BE68 "빨" */
    0xdb, 0x66, 0x6d, 0xb3, 0x36, 0xd9, 0x9f, 0x7c,
    0xfd, 0xb6, 0x7e, 0xdb, 0x33, 0x6d, 0x99, 0xf7,
    0xcc, 0x0, 0x6, 0x0, 0x0, 0xf, 0xff, 0x80,
    0x0, 0xc0, 0x0, 0x61, 0xff, 0xf0, 0xc0, 0x0,
    0x60, 0x0, 0x30, 0x0, 0x1f, 0xff, 0x0,

    /* U+BE6A "빪" */
    0x0, 0x6, 0x6d, 0xb3, 0x36, 0xd9, 0x9f, 0x7c,
    0xcf, 0xbe, 0x7e, 0xdb, 0x33, 0x6d, 0x99, 0xf7,
    0xcc, 0x0, 0x6, 0x0, 0x0, 0xf, 0xff, 0x80,
    0xf8, 0xc0, 0x7c, 0x61, 0xfe, 0x30, 0x83, 0x18,
    0x41, 0x8c, 0x20, 0xc6, 0x1f, 0xff, 0x0,

    /* U+BE70 "빰" */
    0x0, 0x6, 0x6d, 0xb3, 0x36, 0xd9, 0x9f, 0x7c,
    0xcf, 0xbe, 0x7e, 0xdb, 0x33, 0x6d, 0x99, 0xf7,
    0xcc, 0xfb, 0xe6, 0x0, 0x3, 0x0, 0x0, 0x7,
    0xff, 0xc3, 0x0, 0x61, 0x80, 0x30, 0xc0, 0x18,
    0x60, 0xc, 0x30, 0x6, 0x1f, 0xff, 0x0,

    /* U+BE71 "빱" */
    0x0, 0x6, 0x6d, 0xb3, 0x36, 0xd9, 0x9b, 0x6c,
    0xcf, 0xbe, 0x7e, 0xdb, 0x3f, 0x6d, 0x99, 0xb6,
    0xcc, 0xfb, 0xe6, 0x0, 0x3, 0x0, 0x0, 0x0,
    0x0, 0x3, 0x0, 0x61, 0xff, 0xf0, 0xc0, 0x18,
    0x60, 0xc, 0x30, 0x6, 0x18, 0x3, 0xf, 0xff,
    0x80,

    /* U+BE73 "빳" */
    0x0, 0x6, 0x6d, 0xb3, 0x36, 0xd9, 0x9f, 0x7c,
    0xcf, 0xbe, 0x7e, 0xdb, 0x3f, 0x6d, 0x99, 0xb6,
    0xcc, 0xfb, 0xe6, 0x0, 0x3, 0x0, 0x1, 0x80,
    0x10, 0xc0, 0x1c, 0x0, 0xe, 0x0, 0xd, 0x80,
    0x1c, 0x78, 0x3c, 0xf, 0x10, 0x1, 0x0,

    /* U+BE74 "빴" */
    0x0, 0x6, 0x6d, 0xb3, 0x36, 0xd9, 0x9f, 0x7c,
    0xcf, 0xbe, 0x7e, 0xdb, 0x33, 0x6d, 0x99, 0xf7,
    0xcc, 0xfb, 0xe6, 0x0, 0x3, 0x0, 0x0, 0x1,
    0x87, 0x1, 0xc3, 0x80, 0xe1, 0xe0, 0xd9, 0xb8,
    0xef, 0xce, 0x63, 0xc3, 0x0,

    /* U+BE75 "빵" */
    0x0, 0x6, 0x6d, 0xb3, 0x36, 0xd9, 0x9f, 0x7c,
    0xcf, 0xbe, 0x7e, 0xdb, 0x3f, 0x6d, 0x99, 0xb6,
    0xcc, 0xfb, 0xe6, 0x0, 0x3, 0x0, 0x1, 0x80,
    0xfe, 0x1, 0xc1, 0xc1, 0x80, 0x30, 0xc0, 0x18,
    0x60, 0xc, 0x1c, 0x1c, 0x3, 0xf8, 0x0,

    /* U+BE7B "빻" */
    0x0, 0x6, 0x6d, 0xb3, 0x36, 0xd9, 0x9b, 0x6c,
    0xcf, 0xbe, 0x7e, 0xdb, 0x3f, 0x6d, 0x99, 0xb6,
    0xcc, 0xfb, 0xe6, 0x7d, 0xf3, 0x0, 0x20, 0x0,
    0x10, 0x3, 0xff, 0xe0, 0x0, 0x0, 0x1f, 0xc0,
    0x38, 0x38, 0x18, 0xc, 0xe, 0xe, 0x1, 0xfc,
    0x0,

    /* U+BE7C "빼" */
    0x0, 0x1b, 0xda, 0xdb, 0xda, 0xdb, 0xda, 0xdb,
    0xda, 0xdb, 0xda, 0xdb, 0xfb, 0xdb, 0xda, 0xdf,
    0xda, 0xdb, 0xda, 0xdb, 0xda, 0xdb, 0xda, 0xdb,
    0xfb, 0xdb, 0x0, 0x1b, 0x0, 0x1b, 0x0, 0x1b,
    0x0, 0x1b, 0x0, 0x3,

    /* U+BE7D "빽" */
    0x0, 0x1b, 0xda, 0xdb, 0xda, 0xdb, 0xfb, 0xdb,
    0xfb, 0xdf, 0xda, 0xdb, 0xda, 0xdb, 0xda, 0xdb,
    0xfb, 0xdb, 0x0, 0x1b, 0x0, 0x0, 0x1f, 0xff,
    0x0, 0x3, 0x0, 0x3, 0x0, 0x3, 0x0, 0x3,
    0x0, 0x3, 0x0, 0x3,

    /* U+BE80 "뺀" */
    0x0, 0x1b, 0x6d, 0x6d, 0xb6, 0xb6, 0xdb, 0x5b,
    0x6f, 0xbd, 0xb7, 0xde, 0xfb, 0x6b, 0x7d, 0xb5,
    0xb6, 0xda, 0xdb, 0x7d, 0xed, 0xbe, 0xf6, 0xc0,
    0x3, 0x60, 0x1, 0xb0, 0xc0, 0x0, 0x60, 0x0,
    0x30, 0x0, 0x18, 0x0, 0xf, 0xff, 0xc0,

    /* U+BE84 "뺄" */
    0xda, 0xdb, 0x6d, 0x6d, 0xb6, 0xb6, 0xdf, 0x7b,
    0xed, 0xad, 0xf6, 0xd6, 0xdb, 0x6b, 0x6d, 0xf7,
    0xb6, 0x0, 0x1b, 0x0, 0x0, 0x7, 0xff, 0xc0,
    0x0, 0x60, 0x0, 0x30, 0xff, 0xf8, 0x60, 0x0,
    0x30, 0x0, 0x18, 0x0, 0xf, 0xff, 0xc0,

    /* U+BE8C "뺌" */
    0x0, 0x1b, 0xda, 0xdb, 0xda, 0xdb, 0xfb, 0xdb,
    0xfb, 0xdf, 0xda, 0xdf, 0xda, 0xdb, 0xfb, 0xdb,
    0xfb, 0xdb, 0x0, 0x1b, 0x0, 0x0, 0x1f, 0xff,
    0x18, 0x3, 0x18, 0x3, 0x18, 0x3, 0x18, 0x3,
    0x18, 0x3, 0x1f, 0xff,

    /* U+BE8D "뺍" */
    0x0, 0x1b, 0xde, 0xdb, 0xde, 0xdb, 0xde, 0xdb,
    0xff, 0xdf, 0xde, 0xdf, 0xde, 0xdb, 0xde, 0xdb,
    0xff, 0xdb, 0x0, 0x1b, 0x0, 0x0, 0x0, 0x0,
    0x18, 0x3, 0x1f, 0xff, 0x18, 0x3, 0x18, 0x3,
    0x18, 0x3, 0x18, 0x3, 0x1f, 0xff,

    /* U+BE8F "뺏" */
    0x0, 0x1b, 0x6d, 0x4d, 0xb6, 0xa6, 0xdf, 0x73,
    0x6f, 0xb9, 0xf6, 0xd4, 0xfb, 0x6a, 0x6d, 0xb5,
    0x36, 0xfb, 0x9b, 0x7d, 0xcd, 0x80, 0x6, 0xc0,
    0x18, 0x60, 0xc, 0x0, 0xf, 0x0, 0xf, 0xc0,
    0xe, 0x78, 0x3e, 0xf, 0x88, 0x1, 0x80,

    /* U+BE90 "뺐" */
    0x0, 0x1b, 0x6d, 0x6d, 0xb6, 0xb6, 0xdf, 0x7b,
    0x6f, 0xbd, 0xf6, 0xd6, 0xfb, 0x6b, 0x6d, 0xf7,
    0xb6, 0xfb, 0xdb, 0x0, 0xd, 0x80, 0x0, 0x0,
    0xc1, 0x80, 0x61, 0xc0, 0x30, 0xe0, 0x3c, 0xf8,
    0x77, 0xee, 0x31, 0xe3, 0x80, 0x0, 0x0,

    /* U+BE91 "뺑" */
    0x0, 0x1b, 0xd6, 0xdb, 0xd6, 0xdb, 0xf7, 0xdb,
    0xf7, 0xdf, 0xd6, 0xdb, 0xd6, 0xdb, 0xd6, 0xdb,
    0xf7, 0xdb, 0x0, 0x1b, 0x0, 0x3, 0x3, 0xfc,
    0xe, 0x6, 0x18, 0x3, 0x18, 0x3, 0x18, 0x3,
    0xe, 0xe, 0x3, 0xfc,

    /* U+BE98 "뺘" */
    0x0, 0x6, 0x6d, 0xb3, 0x36, 0xd9, 0x9b, 0x6c,
    0xcd, 0xb6, 0x7e, 0xdb, 0x3f, 0xef, 0x99, 0xb6,
    0xcc, 0xdb, 0x66, 0x6d, 0xb3, 0x36, 0xd9, 0xfb,
    0x6c, 0xcf, 0xbe, 0x60, 0x0, 0x30, 0x0, 0x18,
    0x0, 0xc, 0x0, 0x6, 0x0, 0x3, 0x0,

    /* U+BE99 "뺙" */
    0x0, 0x6, 0x6d, 0xb3, 0x36, 0xd9, 0x9b, 0x6c,
    0xff, 0xbe, 0x66, 0xdb, 0x33, 0x6d, 0x9f, 0xb6,
    0xcf, 0xfb, 0xe6, 0x0, 0x3, 0x0, 0x0, 0x7,
    0xff, 0xc0, 0x0, 0x60, 0x0, 0x30, 0x0, 0x18,
    0x0, 0xc, 0x0, 0x6, 0x0, 0x3, 0x0,

    /* U+BEA8 "뺨" */
    0x0, 0x6, 0x6d, 0xb3, 0x36, 0xd9, 0xff, 0x7c,
    0xff, 0xbe, 0x66, 0xdb, 0x33, 0x6d, 0x9f, 0xf7,
    0xcc, 0xfb, 0xe6, 0x0, 0x3, 0x0, 0x0, 0x7,
    0xff, 0xc3, 0x0, 0x61, 0x80, 0x30, 0xc0, 0x18,
    0x60, 0xc, 0x30, 0x6, 0x1f, 0xff, 0x0,

    /* U+BED0 "뻐" */
    0x0, 0x7, 0xb6, 0x6f, 0x6c, 0xde, 0xd9, 0xbd,
    0xb3, 0x7f, 0x7e, 0xfe, 0xff, 0xed, 0x9b, 0xdb,
    0x37, 0xb6, 0x6f, 0x6c, 0xde, 0xd9, 0xbf, 0xbf,
    0x60, 0x0, 0xc0, 0x1, 0x80, 0x3, 0x0, 0x6,
    0x0, 0xc,

    /* U+BED1 "뻑" */
    0x0, 0x7, 0xb6, 0xcf, 0x6d, 0x9f, 0xdf, 0x3f,
    0xbf, 0xfb, 0x6c, 0xf6, 0xd9, 0xed, 0xb3, 0xfb,
    0xe6, 0x0, 0xc, 0x0, 0x1, 0xff, 0xf0, 0x0,
    0x60, 0x0, 0xc0, 0x1, 0x80, 0x3, 0x0, 0x6,
    0x0, 0xc,

    /* U+BED4 "뻔" */
    0x0, 0x6, 0xdb, 0x66, 0xdb, 0x66, 0xdb, 0x66,
    0xfb, 0xe6, 0xfb, 0xfe, 0xdb, 0x7e, 0xdb, 0x66,
    0xdb, 0x66, 0xfb, 0xe6, 0xfb, 0xe6, 0x0, 0x6,
    0x0, 0x6, 0x30, 0x0, 0x30, 0x0, 0x30, 0x0,
    0x30, 0x0, 0x3f, 0xff,

    /* U+BED7 "뻗" */
    0x0, 0x6, 0xdb, 0x66, 0xdb, 0x66, 0xfb, 0xe6,
    0xfb, 0xfe, 0xdb, 0x66, 0xdb, 0x66, 0xdb, 0x66,
    0xfb, 0xe6, 0x0, 0x6, 0x0, 0x0, 0x3f, 0xfe,
    0x30, 0x0, 0x30, 0x0, 0x30, 0x0, 0x30, 0x0,
    0x30, 0x0, 0x3f, 0xff,

    /* U+BED8 "뻘" */
    0xdb, 0x66, 0xdb, 0x66, 0xdb, 0x66, 0xfb, 0xfe,
    0xdb, 0x7e, 0xdb, 0x66, 0xdb, 0x66, 0xfb, 0xe6,
    0x0, 0x6, 0x0, 0x0, 0x3f, 0xfe, 0x0, 0x6,
    0x0, 0x6, 0x3f, 0xfe, 0x30, 0x0, 0x30, 0x0,
    0x30, 0x0, 0x3f, 0xff,

    /* U+BEE0 "뻠" */
    0xdb, 0x67, 0xb6, 0xcf, 0x6d, 0x9f, 0xdf, 0x3f,
    0xbf, 0xfb, 0x6f, 0xf6, 0xd9, 0xfd, 0xf3, 0xfb,
    0xe6, 0x0, 0xc, 0x0, 0x1, 0xff, 0xf3, 0x0,
    0x66, 0x0, 0xcc, 0x1, 0x98, 0x3, 0x30, 0x6,
    0x7f, 0xfc,

    /* U+BEE3 "뻣" */
    0x0, 0x6, 0xdb, 0x66, 0xdb, 0x66, 0xfb, 0xe6,
    0xfb, 0xfe, 0xdb, 0x7e, 0xdb, 0x66, 0xdb, 0x66,
    0xfb, 0xe6, 0x0, 0x6, 0x0, 0x6, 0x0, 0xc6,
    0x0, 0xc0, 0x1, 0xe0, 0x3, 0x70, 0xe, 0x3c,
    0x3c, 0xf, 0x20, 0x0,

    /* U+BEE4 "뻤" */
    0xdb, 0x66, 0xdb, 0x66, 0xdb, 0x66, 0xfb, 0xe6,
    0xfb, 0xfe, 0xdb, 0x66, 0xdb, 0x66, 0xfb, 0xe6,
    0xfb, 0xe6, 0x0, 0x6, 0x0, 0x0, 0xc, 0x18,
    0xc, 0x38, 0x1c, 0x38, 0x1e, 0x7c, 0x73, 0xee,
    0x61, 0xc3, 0x0, 0x80,

    /* U+BEE5 "뻥" */
    0x0, 0x7, 0xb6, 0xcf, 0x6d, 0x9f, 0xdf, 0x3f,
    0xbf, 0xfb, 0x6c, 0xf6, 0xd9, 0xed, 0xb3, 0xfb,
    0xe6, 0x0, 0xc, 0x0, 0x18, 0x3f, 0x81, 0xc1,
    0xc6, 0x0, 0xcc, 0x1, 0x98, 0x3, 0x1c, 0x1c,
    0xf, 0xe0,

    /* U+BEEC "뻬" */
    0x0, 0x1b, 0xda, 0xdb, 0xda, 0xdb, 0xda, 0xdb,
    0xda, 0xdb, 0xda, 0xdb, 0xfb, 0xfb, 0xda, 0xfb,
    0xda, 0xdb, 0xda, 0xdb, 0xda, 0xdb, 0xda, 0xdb,
    0xfb, 0xdb, 0x0, 0x1b, 0x0, 0x1b, 0x0, 0x1b,
    0x0, 0x1b, 0x0, 0x3,

    /* U+BF01 "뼁" */
    0x0, 0x1b, 0xd6, 0xdb, 0xd6, 0xdb, 0xf7, 0xdb,
    0xf7, 0xfb, 0xd6, 0xdb, 0xd6, 0xdb, 0xd6, 0xdb,
    0xf7, 0xdb, 0x0, 0x1b, 0x0, 0x3, 0x3, 0xf8,
    0xe, 0xe, 0x18, 0x7, 0x18, 0x3, 0x18, 0x7,
    0xe, 0xe, 0x3, 0xf8,

    /* U+BF08 "뼈" */
    0x0, 0x7, 0xb6, 0x6f, 0x6c, 0xde, 0xd9, 0xbd,
    0xb3, 0xfb, 0x67, 0xfe, 0xfd, 0xed, 0x9b, 0xdb,
    0x37, 0xb6, 0x7f, 0x6c, 0xde, 0xd9, 0xbf, 0xbf,
    0x60, 0x0, 0xc0, 0x1, 0x80, 0x3, 0x0, 0x6,
    0x0, 0xc,

    /* U+BF09 "뼉" */
    0x0, 0x7, 0xb6, 0xcf, 0x6d, 0x9e, 0xdb, 0xff,
    0xbe, 0x7b, 0x6c, 0xf6, 0xdf, 0xed, 0xbf, 0xfb,
    0xe6, 0x0, 0xc, 0x0, 0x1, 0xff, 0xf0, 0x0,
    0x60, 0x0, 0xc0, 0x1, 0x80, 0x3, 0x0, 0x6,
    0x0, 0xc,

    /* U+BF18 "뼘" */
    0xdb, 0x67, 0xb6, 0xcf, 0x6d, 0xff, 0xdf, 0xff,
    0xbe, 0x7b, 0x6c, 0xf6, 0xdf, 0xfd, 0xf3, 0xfb,
    0xe6, 0x0, 0xc, 0x0, 0x1, 0xff, 0xf3, 0x0,
    0x66, 0x0, 0xcc, 0x1, 0x98, 0x3, 0x30, 0x6,
    0x7f, 0xfc,

    /* U+BF19 "뼙" */
    0xdb, 0x67, 0xb6, 0xcf, 0x6d, 0xff, 0xdf, 0xff,
    0xbe, 0x7b, 0x6c, 0xf6, 0xdf, 0xfd, 0xf3, 0xfb,
    0xe6, 0x0, 0xc, 0x0, 0x0, 0x0, 0x3, 0x0,
    0x67, 0xff, 0xcc, 0x1, 0x98, 0x3, 0x30, 0x6,
    0x7f, 0xfc,

    /* U+BF1B "뼛" */
    0x0, 0x6, 0xdb, 0x66, 0xdb, 0x7e, 0xfb, 0xfe,
    0xfb, 0xe6, 0xdb, 0x66, 0xdb, 0x7e, 0xdb, 0x7e,
    0xfb, 0xe6, 0x0, 0x6, 0x0, 0x6, 0x0, 0xc6,
    0x0, 0xc0, 0x1, 0xe0, 0x3, 0x70, 0xe, 0x3c,
    0x3c, 0xf, 0x20, 0x0,

    /* U+BF1C "뼜" */
    0xdb, 0x66, 0xdb, 0x66, 0xdb, 0x7e, 0xfb, 0xfe,
    0xfb, 0xe6, 0xdb, 0x66, 0xdb, 0x7e, 0xfb, 0xe6,
    0xfb, 0xe6, 0x0, 0x6, 0x0, 0x0, 0xc, 0x18,
    0xc, 0x38, 0x1e, 0x38, 0x1e, 0x6c, 0x73, 0xe7,
    0x61, 0xc3, 0x0, 0x0,

    /* U+BF1D "뼝" */
    0x0, 0x7, 0xb6, 0xcf, 0x6d, 0x9e, 0xdb, 0xff,
    0xbe, 0x7b, 0x6c, 0xf6, 0xdf, 0xed, 0xbf, 0xfb,
    0xe6, 0x0, 0xc, 0x0, 0x18, 0x3f, 0x81, 0xc1,
    0xc6, 0x0, 0xcc, 0x1, 0x98, 0x3, 0x1c, 0x1c,
    0xf, 0xe0,

    /* U+BF40 "뽀" */
    0x63, 0x63, 0x31, 0xb1, 0x9f, 0xdf, 0xcc, 0x6c,
    0x66, 0x36, 0x33, 0x1b, 0x19, 0x8d, 0x8c, 0xfe,
    0xfe, 0x1, 0xc0, 0x0, 0xe0, 0x0, 0x70, 0x0,
    0x38, 0xf, 0xff, 0xf8,

    /* U+BF41 "뽁" */
    0x63, 0x67, 0x31, 0xb3, 0x9f, 0xdf, 0xcc, 0x6c,
    0xe6, 0x36, 0x73, 0xfb, 0xf8, 0x5, 0x0, 0x3,
    0x80, 0x1, 0xc0, 0x7f, 0xff, 0xc0, 0x0, 0x0,
    0x0, 0x3, 0xff, 0xe0, 0x0, 0x30, 0x0, 0x18,
    0x0, 0xc, 0x0, 0x6, 0x0, 0x3, 0x0,

    /* U+BF44 "뽄" */
    0x63, 0x66, 0x31, 0xb3, 0x1f, 0xdf, 0x8c, 0x6c,
    0xc6, 0x36, 0x63, 0x1b, 0x31, 0xfd, 0xf8, 0x3,
    0x0, 0x1, 0x80, 0x0, 0xc0, 0x3f, 0xff, 0xe0,
    0x0, 0x0, 0x0, 0x0, 0x0, 0x0, 0xc0, 0x0,
    0x60, 0x0, 0x30, 0x0, 0x1f, 0xff, 0x0,

    /* U+BF48 "뽈" */
    0x73, 0x67, 0x3f, 0xbf, 0x9c, 0xd9, 0xce, 0x6c,
    0xe7, 0x36, 0x73, 0xfb, 0xf8, 0x7, 0x0, 0x3,
    0x80, 0xff, 0xff, 0x80, 0x0, 0xf, 0xff, 0x80,
    0x0, 0xc0, 0x0, 0x61, 0xff, 0xf0, 0xc0, 0x0,
    0x60, 0x0, 0x30, 0x0, 0x1f, 0xff, 0x80,

    /* U+BF50 "뽐" */
    0x73, 0x67, 0x39, 0xb3, 0x9f, 0xdf, 0xce, 0x6c,
    0xe7, 0x36, 0x73, 0xfb, 0xf8, 0x5, 0x0, 0x3,
    0x80, 0x1, 0xc0, 0x7f, 0xff, 0xc0, 0x0, 0x0,
    0x0, 0x3, 0xff, 0xe1, 0x80, 0x30, 0xc0, 0x18,
    0x60, 0xc, 0x30, 0x6, 0x1f, 0xff, 0x0,

    /* U+BF51 "뽑" */
    0x73, 0x67, 0x39, 0xb3, 0x9f, 0xdf, 0xce, 0x6c,
    0xe7, 0x36, 0x73, 0xfb, 0xf8, 0x7, 0x0, 0x3,
    0x80, 0xff, 0xff, 0x80, 0x0, 0x0, 0x0, 0x0,
    0x0, 0x3, 0x0, 0x61, 0xff, 0xf0, 0xc0, 0x18,
    0x60, 0xc, 0x30, 0x6, 0x1f, 0xff, 0x0,

    /* U+BF55 "뽕" */
    0x73, 0x67, 0x39, 0xb3, 0x9f, 0xdf, 0xce, 0x6c,
    0xe7, 0x36, 0x73, 0xfb, 0xf8, 0x5, 0x0, 0x3,
    0x80, 0x1, 0xc0, 0x7f, 0xff, 0xc0, 0x0, 0x0,
    0x0, 0x0, 0xff, 0x0, 0xc0, 0x60, 0xc0, 0x18,
    0x60, 0xc, 0x18, 0xc, 0x7, 0xf8, 0x0,

    /* U+BF94 "뾔" */
    0x0, 0x3, 0x6d, 0xb3, 0x6d, 0xb3, 0x7d, 0xf3,
    0x6d, 0xb3, 0x6d, 0xb3, 0x6d, 0xb3, 0x7d, 0xf3,
    0x0, 0x3, 0x7, 0x3, 0x7, 0x3, 0x7, 0x3,
    0xff, 0xfb, 0xff, 0xe3, 0x0, 0x3, 0x0, 0x3,
    0x0, 0x3, 0x0, 0x3,

    /* U+BFB0 "뾰" */
    0x63, 0x63, 0x31, 0xb1, 0x98, 0xd8, 0xcf, 0xef,
    0xe6, 0x36, 0x33, 0x1b, 0x19, 0x8d, 0x8c, 0xfe,
    0xfe, 0x7f, 0x7f, 0x6, 0xc, 0x3, 0x6, 0x1,
    0x83, 0x0, 0xc1, 0x87, 0xff, 0xfc,

    /* U+BFC5 "뿅" */
    0x73, 0x67, 0x39, 0xb3, 0x9f, 0xdf, 0xce, 0x6c,
    0xe7, 0x36, 0x73, 0x9b, 0x39, 0xfd, 0xfc, 0x18,
    0x30, 0xc, 0x18, 0x7f, 0xff, 0xc0, 0x0, 0x0,
    0x0, 0x0, 0xff, 0x0, 0xc0, 0x60, 0xc0, 0x18,
    0x60, 0xc, 0x18, 0xc, 0x7, 0xf8, 0x0,

    /* U+BFCC "뿌" */
    0x63, 0x63, 0x31, 0xb1, 0x9f, 0xdf, 0xcc, 0x6c,
    0x66, 0x36, 0x33, 0x1b, 0x19, 0xfd, 0xfc, 0x0,
    0x0, 0x0, 0x0, 0x7f, 0xff, 0xc0, 0x70, 0x0,
    0x38, 0x0, 0x1c, 0x0, 0xe, 0x0, 0x7, 0x0,
    0x3, 0x80, 0x1, 0xc0, 0x0,

    /* U+BFCD "뿍" */
    0x63, 0x67, 0x31, 0xb3, 0x9f, 0xdf, 0xcc, 0x6c,
    0xe6, 0x36, 0x73, 0xfb, 0xf8, 0x0, 0x0, 0x0,
    0x0, 0x0, 0x0, 0x7f, 0xff, 0xc0, 0x60, 0x0,
    0x30, 0x3, 0xff, 0xe0, 0x0, 0x30, 0x0, 0x18,
    0x0, 0xc, 0x0, 0x6, 0x0, 0x3, 0x0,

    /* U+BFD0 "뿐" */
    0x63, 0x66, 0x31, 0xb3, 0x1f, 0xdf, 0x8c, 0x6c,
    0xc6, 0x36, 0x63, 0x1b, 0x31, 0xfd, 0xf8, 0x0,
    0x0, 0x0, 0x0, 0x7f, 0xff, 0xc0, 0x60, 0x0,
    0x30, 0x0, 0x18, 0x0, 0x0, 0x0, 0xc0, 0x0,
    0x60, 0x0, 0x30, 0x0, 0x1f, 0xff, 0x0,

    /* U+BFD4 "뿔" */
    0x73, 0x67, 0x3f, 0xbf, 0x9c, 0xd9, 0xce, 0x6c,
    0xe7, 0x36, 0x73, 0xfb, 0xf8, 0x0, 0x1, 0xff,
    0xff, 0x1, 0xc0, 0x0, 0xe0, 0xf, 0xff, 0x80,
    0x0, 0xc0, 0x0, 0x61, 0xff, 0xf0, 0xc0, 0x0,
    0x60, 0x0, 0x30, 0x0, 0x1f, 0xff, 0x80,

    /* U+BFDC "뿜" */
    0x73, 0x67, 0x39, 0xb3, 0x9f, 0xdf, 0xce, 0x6c,
    0xe7, 0x36, 0x73, 0xfb, 0xf8, 0x0, 0x0, 0x0,
    0x0, 0xff, 0xff, 0x80, 0xe0, 0x0, 0x70, 0x0,
    0x38, 0x3, 0xff, 0xe1, 0x80, 0x30, 0xc0, 0x18,
    0x60, 0xc, 0x30, 0x6, 0x1f, 0xff, 0x0,

    /* U+BFDF "뿟" */
    0x73, 0x67, 0x39, 0xb3, 0x9f, 0xdf, 0xce, 0x6c,
    0xe7, 0x36, 0x73, 0xfb, 0xf8, 0x0, 0x0, 0x0,
    0x0, 0xff, 0xff, 0x80, 0xe0, 0x0, 0x70, 0x0,
    0x38, 0x0, 0x1c, 0x0, 0x1e, 0x0, 0x1d, 0xc0,
    0xfc, 0x7e, 0x30, 0xe, 0x0,

    /* U+BFE1 "뿡" */
    0x73, 0x67, 0x39, 0xb3, 0x9f, 0xdf, 0xce, 0x6c,
    0xe7, 0x36, 0x73, 0xfb, 0xf8, 0x0, 0x0, 0x0,
    0x0, 0x0, 0x0, 0x7f, 0xff, 0xc0, 0x70, 0x0,
    0x38, 0x0, 0xff, 0x81, 0xc0, 0x60, 0xc0, 0x18,
    0x60, 0xc, 0x18, 0xc, 0x3, 0xfc, 0x0,

    /* U+C03C "쀼" */
    0x63, 0x63, 0x31, 0xb1, 0x9f, 0xdf, 0xcc, 0x6c,
    0x66, 0x36, 0x33, 0x1b, 0x19, 0xfd, 0xfc, 0x0,
    0x0, 0x0, 0x0, 0x7f, 0xff, 0xc3, 0x6, 0x1,
    0x83, 0x0, 0xc1, 0x80, 0x60, 0xc0, 0x30, 0x60,
    0x18, 0x30, 0xc, 0x18, 0x0,

    /* U+C051 "쁑" */
    0x73, 0x67, 0x39, 0xb3, 0x9f, 0xdf, 0xce, 0x6c,
    0xe7, 0x36, 0x73, 0xfb, 0xf8, 0x0, 0x0, 0x0,
    0x0, 0xff, 0xff, 0x86, 0xc, 0x3, 0x6, 0x1,
    0x83, 0x0, 0xff, 0x81, 0xc0, 0x60, 0xc0, 0x18,
    0x60, 0xc, 0x18, 0xc, 0x3, 0xfc, 0x0,

    /* U+C058 "쁘" */
    0x63, 0x63, 0x31, 0xb1, 0x98, 0xd8, 0xcf, 0xef,
    0xe6, 0x36, 0x33, 0x1b, 0x19, 0x8d, 0x8c, 0xc6,
    0xc6, 0x7f, 0x7f, 0x0, 0x0, 0x0, 0x0, 0x0,
    0x0, 0x0, 0x0, 0x7, 0xff, 0xfc,

    /* U+C05C "쁜" */
    0x63, 0x66, 0x31, 0xb3, 0x1f, 0xdf, 0x8c, 0x6c,
    0xc6, 0x36, 0x63, 0x1b, 0x31, 0xfd, 0xf8, 0x0,
    0x0, 0x0, 0x0, 0x7f, 0xff, 0xc0, 0x0, 0x0,
    0x0, 0x0, 0x0, 0x1, 0x80, 0x0, 0xc0, 0x0,
    0x60, 0x0, 0x30, 0x0, 0x1f, 0xff, 0x0,

    /* U+C060 "쁠" */
    0x73, 0x67, 0x39, 0xb3, 0x9f, 0xdf, 0xce, 0x6c,
    0xe7, 0x36, 0x73, 0xfb, 0xf8, 0x0, 0x0, 0x0,
    0x0, 0xff, 0xff, 0x80, 0x0, 0xf, 0xff, 0x80,
    0x0, 0xc0, 0x0, 0x61, 0xff, 0xf0, 0xc0, 0x0,
    0x60, 0x0, 0x30, 0x0, 0x1f, 0xff, 0x80,

    /* U+C068 "쁨" */
    0x73, 0x67, 0x39, 0xb3, 0x9f, 0xdf, 0xce, 0x6c,
    0xe7, 0x36, 0x73, 0xfb, 0xf8, 0x0, 0x0, 0x0,
    0x0, 0x0, 0x0, 0x7f, 0xff, 0xc0, 0x0, 0x0,
    0x0, 0x3, 0xff, 0xe1, 0x80, 0x30, 0xc0, 0x18,
    0x60, 0xc, 0x30, 0x6, 0x1f, 0xff, 0x0,

    /* U+C069 "쁩" */
    0x73, 0x67, 0x3f, 0xbf, 0x9c, 0xd9, 0xce, 0x6c,
    0xe7, 0x36, 0x73, 0xfb, 0xf8, 0x0, 0x1, 0xff,
    0xff, 0x0, 0x0, 0x0, 0x0, 0x0, 0x0, 0x6,
    0x0, 0xc3, 0xff, 0xe1, 0x80, 0x30, 0xc0, 0x18,
    0x60, 0xc, 0x3f, 0xfe, 0x0,

    /* U+C090 "삐" */
    0x0, 0x7, 0xb6, 0x6f, 0x6c, 0xde, 0xd9, 0xbd,
    0xb3, 0x7b, 0x66, 0xfe, 0xfd, 0xed, 0x9b, 0xdb,
    0x37, 0xb6, 0x6f, 0x6c, 0xde, 0xd9, 0xbf, 0xbf,
    0x60, 0x0, 0xc0, 0x1, 0x80, 0x3, 0x0, 0x6,
    0x0, 0xc,

    /* U+C091 "삑" */
    0x0, 0x7, 0xb6, 0x6f, 0x6c, 0xdf, 0xdf, 0xbd,
    0xb3, 0x7b, 0x66, 0xf6, 0xcd, 0xed, 0x9b, 0xfb,
    0xf6, 0x0, 0xc, 0x0, 0x1, 0xff, 0xf0, 0x0,
    0x60, 0x0, 0xc0, 0x1, 0x80, 0x3, 0x0, 0x6,
    0x0, 0xc,

    /* U+C094 "삔" */
    0x0, 0x6, 0xdb, 0x36, 0xdb, 0x36, 0xdb, 0x36,
    0xfb, 0xf6, 0xfb, 0xf6, 0xdb, 0x36, 0xdb, 0x36,
    0xdb, 0x36, 0xfb, 0xf6, 0xfb, 0xf6, 0x0, 0x6,
    0x0, 0x6, 0x30, 0x0, 0x30, 0x0, 0x30, 0x0,
    0x30, 0x0, 0x3f, 0xff,

    /* U+C098 "삘" */
    0xdb, 0x36, 0xdb, 0x36, 0xdb, 0x36, 0xfb, 0xf6,
    0xdb, 0x36, 0xdb, 0x36, 0xdb, 0x36, 0xfb, 0xf6,
    0x0, 0x6, 0x0, 0x0, 0x3f, 0xfe, 0x0, 0x6,
    0x0, 0x6, 0x3f, 0xfe, 0x30, 0x0, 0x30, 0x0,
    0x30, 0x0, 0x3f, 0xff,

    /* U+C0A0 "삠" */
    0xdb, 0x37, 0xb6, 0x6f, 0x6c, 0xdf, 0xdf, 0xbf,
    0xbf, 0x7b, 0x66, 0xf6, 0xcd, 0xfd, 0xfb, 0xfb,
    0xf6, 0x0, 0xc, 0x0, 0x1, 0xff, 0xf3, 0x0,
    0x66, 0x0, 0xcc, 0x1, 0x98, 0x3, 0x30, 0x6,
    0x7f, 0xfc,

    /* U+C0A1 "삡" */
    0x0, 0x7, 0xb6, 0x6f, 0x6c, 0xde, 0xd9, 0xbf,
    0xbf, 0x7b, 0x66, 0xf6, 0xcd, 0xed, 0x9b, 0xfb,
    0xf6, 0x0, 0xc, 0x0, 0x0, 0x0, 0x3, 0x0,
    0x67, 0xff, 0xcc, 0x1, 0x98, 0x3, 0x30, 0x6,
    0x60, 0xc, 0xff, 0xf8,

    /* U+C0A3 "삣" */
    0x0, 0x6, 0xdb, 0x36, 0xdb, 0x36, 0xfb, 0xf6,
    0xfb, 0xf6, 0xdb, 0x36, 0xdb, 0x36, 0xdb, 0x36,
    0xfb, 0xf6, 0x0, 0x6, 0x0, 0x6, 0x1, 0xc6,
    0x1, 0xc0, 0x3, 0xe0, 0x7, 0x70, 0x1e, 0x3c,
    0x3c, 0xf, 0x0, 0x0,

    /* U+C0A5 "삥" */
    0x0, 0x7, 0xb6, 0x6f, 0x6c, 0xde, 0xd9, 0xbf,
    0xbf, 0x7b, 0x66, 0xf6, 0xcd, 0xed, 0x9b, 0xfb,
    0xf6, 0x0, 0xc, 0x0, 0x18, 0x3f, 0x81, 0x81,
    0xc6, 0x0, 0xcc, 0x1, 0x98, 0x3, 0x18, 0x1c,
    0xf, 0xe0,

    /* U+C0AC "사" */
    0x0, 0x6, 0x1, 0x81, 0x80, 0x60, 0x60, 0x18,
    0x18, 0x6, 0x6, 0x1, 0x81, 0x80, 0x60, 0x7c,
    0x3c, 0x1f, 0xf, 0x6, 0x6, 0x61, 0x83, 0x9c,
    0x61, 0xc3, 0x98, 0x60, 0x66, 0x10, 0x1, 0x80,
    0x0, 0x60, 0x0, 0x18, 0x0, 0x6, 0x0, 0x1,
    0x80,

    /* U+C0AD "삭" */
    0x0, 0xc, 0x0, 0x6, 0x3, 0x3, 0x1, 0x81,
    0x80, 0xc0, 0xc0, 0x60, 0x7c, 0x78, 0x3e, 0x76,
    0x18, 0x73, 0xcc, 0x70, 0x66, 0x0, 0x3, 0x0,
    0x0, 0x0, 0x0, 0x1, 0xff, 0xe0, 0x0, 0x30,
    0x0, 0x18, 0x0, 0xc, 0x0, 0x6, 0x0, 0x3,
    0x0,

    /* U+C0AF "삯" */
    0x0, 0x1c, 0x6, 0xe, 0x3, 0x7, 0x1, 0x83,
    0x80, 0xc1, 0xc0, 0xf0, 0xfc, 0x78, 0x70, 0x66,
    0x38, 0xf1, 0xdc, 0x70, 0x4e, 0x0, 0x7, 0x0,
    0x0, 0x3, 0xe3, 0x0, 0x31, 0x80, 0x18, 0xc0,
    0xc, 0xf0, 0x6, 0xfc, 0x3, 0xe7, 0x81, 0xa1,
    0x80,

    /* U+C0B0 "산" */
    0x0, 0xc, 0x0, 0x6, 0x3, 0x83, 0x1, 0xc1,
    0x80, 0xe0, 0xc0, 0x70, 0x60, 0x38, 0x3e, 0x3e,
    0x1f, 0x1b, 0x8c, 0x38, 0xe6, 0x38, 0x33, 0x8,
    0x1, 0x80, 0x0, 0xc0, 0xc0, 0x0, 0x60, 0x0,
    0x30, 0x0, 0x18, 0x0, 0xf, 0xff, 0x0,

    /* U+C0B3 "삳" */
    0x6, 0x6, 0x1, 0x81, 0x80, 0x60, 0x60, 0x38,
    0x18, 0xf, 0x7, 0xc7, 0xc1, 0xf1, 0x9c, 0x61,
    0xc3, 0x98, 0x60, 0x66, 0x0, 0x1, 0x80, 0x0,
    0x0, 0x7f, 0xf8, 0x18, 0x0, 0x6, 0x0, 0x1,
    0x80, 0x0, 0x60, 0x0, 0x18, 0x0, 0x7, 0xff,
    0x80,

    /* U+C0B4 "살" */
    0x6, 0x6, 0x1, 0x81, 0x80, 0x60, 0x60, 0x38,
    0x1f, 0xf, 0x7, 0xc7, 0xe1, 0x83, 0x9e, 0x63,
    0xc3, 0x98, 0x40, 0x6, 0x0, 0x0, 0x1, 0xff,
    0xe0, 0x0, 0x18, 0x0, 0x6, 0x7, 0xff, 0x81,
    0x80, 0x0, 0x60, 0x0, 0x18, 0x0, 0x7, 0xff,
    0x80,

    /* U+C0B5 "삵" */
    0x0, 0xc, 0x7, 0x6, 0x3, 0x83, 0x1, 0xc1,
    0x80, 0xe0, 0xf8, 0xd8, 0x60, 0xe7, 0x31, 0xe1,
    0x98, 0x40, 0x4c, 0x0, 0x0, 0xf, 0xdf, 0x0,
    0x61, 0x80, 0x30, 0xc1, 0xf8, 0x60, 0xc0, 0x30,
    0x60, 0x18, 0x30, 0x8c, 0x1f, 0xc6, 0x0,

    /* U+C0B6 "삶" */
    0x0, 0x6, 0x1, 0x81, 0x80, 0x60, 0x60, 0x18,
    0x18, 0x6, 0x6, 0x3, 0xc1, 0xf1, 0xf8, 0x60,
    0xe7, 0x18, 0xf0, 0xe6, 0x18, 0x1, 0x80, 0x0,
    0x0, 0xfd, 0xf8, 0x3, 0x66, 0x0, 0xd9, 0x83,
    0xf6, 0x60, 0xc1, 0x98, 0x30, 0x66, 0xc, 0x19,
    0x83, 0xf7, 0xe0,

    /* U+C0BC "삼" */
    0x6, 0x6, 0x1, 0x81, 0x80, 0x60, 0x60, 0x18,
    0x18, 0xe, 0x7, 0xc3, 0xc1, 0xf1, 0xb8, 0x60,
    0xe7, 0x98, 0xf0, 0x66, 0x10, 0x1, 0x80, 0x0,
    0x0, 0x7f, 0xf8, 0x18, 0x6, 0x6, 0x1, 0x81,
    0x80, 0x60, 0x60, 0x18, 0x18, 0x6, 0x7, 0xff,
    0x80,

    /* U+C0BD "삽" */
    0x0, 0x6, 0x1, 0x81, 0x80, 0x60, 0x60, 0x18,
    0x18, 0xe, 0x7, 0xc3, 0xc1, 0xf1, 0xf8, 0x60,
    0xe7, 0x18, 0xf0, 0xe6, 0x10, 0x1, 0x80, 0x0,
    0x0, 0x0, 0x0, 0x0, 0x0, 0x7, 0xff, 0x81,
    0x80, 0x60, 0x60, 0x18, 0x18, 0x6, 0x6, 0x1,
    0x81, 0xff, 0xe0,

    /* U+C0BF "삿" */
    0x0, 0xc, 0x6, 0x6, 0x3, 0x3, 0x1, 0x81,
    0x80, 0xc0, 0xc0, 0xf0, 0x7c, 0x78, 0x3e, 0x67,
    0x18, 0xf1, 0xcc, 0x60, 0x46, 0x0, 0x3, 0x0,
    0x31, 0x80, 0x18, 0x0, 0x1e, 0x0, 0xf, 0x80,
    0x1c, 0xe0, 0x7c, 0x3e, 0x18, 0x7, 0x0,

    /* U+C0C0 "샀" */
    0x0, 0xc, 0x6, 0x6, 0x3, 0x3, 0x1, 0x81,
    0x80, 0xe0, 0xf8, 0xf0, 0x7c, 0xec, 0x30, 0xe7,
    0x98, 0xe0, 0xcc, 0x40, 0x6, 0x0, 0x0, 0x1,
    0x83, 0x0, 0xc1, 0x80, 0xe1, 0xc0, 0x78, 0xf0,
    0x6e, 0xcc, 0x63, 0xc7, 0x20, 0x40, 0x0,

    /* U+C0C1 "상" */
    0x0, 0xc, 0xc, 0xc, 0xc, 0xc, 0xc, 0xc,
    0xc, 0xf, 0x1e, 0xf, 0x3f, 0xc, 0x73, 0x8c,
    0xe1, 0xcc, 0xc0, 0xc, 0x0, 0xc, 0xf, 0xe0,
    0x18, 0x18, 0x30, 0xc, 0x30, 0xc, 0x30, 0xc,
    0x18, 0x18, 0xf, 0xf0,

    /* U+C0C5 "샅" */
    0x0, 0x6, 0x1, 0x81, 0x80, 0x60, 0x60, 0x18,
    0x18, 0xe, 0x6, 0x3, 0xc1, 0xf1, 0xb8, 0x60,
    0xe7, 0x18, 0xf0, 0xe6, 0x10, 0x1, 0x80, 0x0,
    0x0, 0x7f, 0xf8, 0x18, 0x0, 0x6, 0x0, 0x1,
    0xff, 0xe0, 0x60, 0x0, 0x18, 0x0, 0x6, 0x0,
    0x1, 0xff, 0xe0,

    /* U+C0C8 "새" */
    0x0, 0x33, 0xc, 0x33, 0xc, 0x33, 0xc, 0x33,
    0xc, 0x33, 0xc, 0x33, 0xc, 0x33, 0xc, 0x3f,
    0x1e, 0x3f, 0x1e, 0x33, 0x33, 0x33, 0x73, 0xb3,
    0xe1, 0xb3, 0x40, 0x33, 0x0, 0x33, 0x0, 0x33,
    0x0, 0x33, 0x0, 0x3,

    /* U+C0C9 "색" */
    0x0, 0x3, 0x0, 0x33, 0xc, 0x33, 0xc, 0x33,
    0xc, 0x33, 0xc, 0x3f, 0x1e, 0x3f, 0x1f, 0x33,
    0x73, 0xb3, 0x61, 0xb3, 0x0, 0x33, 0x0, 0x0,
    0x0, 0x0, 0xf, 0xff, 0x0, 0x3, 0x0, 0x3,
    0x0, 0x3, 0x0, 0x3, 0x0, 0x3,

    /* U+C0CC "샌" */
    0x0, 0x3, 0x0, 0x33, 0x0, 0x33, 0xc, 0x33,
    0xc, 0x33, 0xc, 0x33, 0xc, 0x33, 0xc, 0x3f,
    0x1e, 0x3f, 0x1f, 0x33, 0x33, 0xb3, 0xf1, 0xb3,
    0x40, 0x33, 0x0, 0x33, 0xc, 0x0, 0xc, 0x0,
    0xc, 0x0, 0xc, 0x0, 0xf, 0xff,

    /* U+C0D0 "샐" */
    0x18, 0x66, 0x18, 0x66, 0x18, 0x66, 0x18, 0x66,
    0x1c, 0x7e, 0x3e, 0x66, 0x77, 0x66, 0xe3, 0x66,
    0xc0, 0x66, 0x0, 0x0, 0x1f, 0xfe, 0x0, 0x6,
    0x0, 0x6, 0x1f, 0xfe, 0x18, 0x0, 0x18, 0x0,
    0x18, 0x0, 0x1f, 0xff,

    /* U+C0D8 "샘" */
    0x18, 0x66, 0x30, 0xcc, 0x61, 0x98, 0xc3, 0x31,
    0xc7, 0xe3, 0x8f, 0xcf, 0x99, 0xbb, 0xb3, 0xe3,
    0x67, 0x0, 0xcc, 0x0, 0x0, 0xff, 0xf1, 0x80,
    0x63, 0x0, 0xc6, 0x1, 0x8c, 0x3, 0x18, 0x6,
    0x3f, 0xfc,

    /* U+C0D9 "샙" */
    0x0, 0x66, 0x30, 0xcc, 0x61, 0x98, 0xc3, 0x31,
    0x87, 0xe3, 0x8f, 0xcf, 0x19, 0xbb, 0xb3, 0xe3,
    0x67, 0x0, 0xcc, 0x0, 0x0, 0x0, 0x0, 0x0,
    0x3, 0xff, 0xc6, 0x1, 0x8c, 0x3, 0x18, 0x6,
    0x30, 0xc, 0x7f, 0xf8,

    /* U+C0DB "샛" */
    0x0, 0x33, 0x6, 0x19, 0x83, 0xc, 0xc1, 0x86,
    0x60, 0xc3, 0xf0, 0xf1, 0xf8, 0x78, 0xcc, 0x77,
    0x66, 0x71, 0xb3, 0x30, 0x59, 0x80, 0x0, 0xc0,
    0xc, 0x60, 0x6, 0x0, 0x7, 0x80, 0x7, 0xe0,
    0xf, 0x38, 0x1f, 0xf, 0x8c, 0x0, 0x80,

    /* U+C0DC "샜" */
    0x0, 0x33, 0x6, 0x19, 0x83, 0xc, 0xc1, 0x86,
    0x60, 0xc3, 0xf0, 0xf1, 0xf8, 0x7c, 0xcc, 0xe7,
    0x66, 0x61, 0xb3, 0x20, 0x19, 0x80, 0x0, 0x0,
    0xc1, 0x80, 0x60, 0xc0, 0x78, 0xe0, 0x3c, 0xf8,
    0x73, 0xe7, 0x30, 0xe1, 0x80, 0x0, 0x0,

    /* U+C0DD "생" */
    0x0, 0x6, 0x30, 0xcc, 0x61, 0x98, 0xc3, 0x31,
    0x86, 0x63, 0x8f, 0xcf, 0x19, 0x9b, 0x33, 0xe3,
    0x67, 0x82, 0xcc, 0x1, 0x98, 0x0, 0x30, 0x3f,
    0x1, 0x81, 0x86, 0x1, 0x8c, 0x3, 0x18, 0x6,
    0x18, 0x18, 0x1f, 0xe0,

    /* U+C0E4 "샤" */
    0x0, 0x6, 0x1, 0x81, 0x80, 0x60, 0x60, 0x18,
    0x18, 0x6, 0x7, 0xc1, 0x81, 0xf0, 0x60, 0x60,
    0x3c, 0x18, 0xf, 0x6, 0x7, 0xe1, 0x81, 0x9c,
    0x7c, 0xe3, 0x98, 0xf0, 0x66, 0x18, 0x1, 0x80,
    0x0, 0x60, 0x0, 0x18, 0x0, 0x6, 0x0, 0x1,
    0x80,

    /* U+C0E5 "샥" */
    0x0, 0xc, 0x0, 0x6, 0x3, 0x3, 0x1, 0x81,
    0x80, 0xc0, 0xf8, 0x60, 0x60, 0x78, 0x30, 0x76,
    0x1f, 0x73, 0xcf, 0xf0, 0x66, 0x0, 0x3, 0x0,
    0x0, 0x0, 0x0, 0x1, 0xff, 0xe0, 0x0, 0x30,
    0x0, 0x18, 0x0, 0xc, 0x0, 0x6, 0x0, 0x3,
    0x0,

    /* U+C0E8 "샨" */
    0x0, 0xc, 0x0, 0x6, 0x3, 0x83, 0x1, 0xc1,
    0x80, 0xe0, 0xf8, 0x70, 0x7c, 0x38, 0x30, 0x3e,
    0x18, 0x1b, 0x8f, 0xb8, 0xe7, 0xf8, 0x33, 0x8,
    0x1, 0x80, 0x0, 0xc0, 0xc0, 0x0, 0x60, 0x0,
    0x30, 0x0, 0x18, 0x0, 0xf, 0xff, 0x0,

    /* U+C0EC "샬" */
    0x6, 0x6, 0x1, 0x81, 0x80, 0x60, 0x7c, 0x38,
    0x18, 0xf, 0x6, 0x7, 0xe1, 0xf3, 0x9e, 0x7f,
    0xc3, 0x98, 0x40, 0x6, 0x0, 0x0, 0x1, 0xff,
    0xe0, 0x0, 0x18, 0x0, 0x6, 0x7, 0xff, 0x81,
    0x80, 0x0, 0x60, 0x0, 0x18, 0x0, 0x7, 0xff,
    0x80,

    /* U+C0F4 "샴" */
    0x6, 0x6, 0x1, 0x81, 0x80, 0x60, 0x7c, 0x18,
    0x1f, 0xe, 0x6, 0x3, 0xc1, 0x81, 0xb8, 0x7c,
    0xe7, 0x98, 0xf0, 0x66, 0x10, 0x1, 0x80, 0x0,
    0x0, 0x7f, 0xf8, 0x18, 0x6, 0x6, 0x1, 0x81,
    0x80, 0x60, 0x60, 0x18, 0x18, 0x6, 0x7, 0xff,
    0x80,

    /* U+C0F5 "샵" */
    0x0, 0x6, 0x1, 0x81, 0x80, 0x60, 0x7c, 0x18,
    0x1f, 0xe, 0x6, 0x3, 0xc1, 0x81, 0xf8, 0x7c,
    0xe7, 0x1f, 0xf0, 0xe6, 0x10, 0x1, 0x80, 0x0,
    0x0, 0x0, 0x0, 0x0, 0x0, 0x7, 0xff, 0x81,
    0x80, 0x60, 0x60, 0x18, 0x18, 0x6, 0x6, 0x1,
    0x81, 0xff, 0xe0,

    /* U+C0F7 "샷" */
    0x0, 0xc, 0x6, 0x6, 0x3, 0x3, 0x1, 0x81,
    0xf0, 0xc0, 0xf8, 0xf0, 0x60, 0x78, 0x30, 0x67,
    0x1f, 0xf1, 0xcf, 0xe0, 0x46, 0x0, 0x3, 0x0,
    0x31, 0x80, 0x18, 0x0, 0x1e, 0x0, 0xf, 0x80,
    0x1c, 0xe0, 0x7c, 0x3e, 0x18, 0x7, 0x0,

    /* U+C0F9 "샹" */
    0x0, 0xc, 0xc, 0xc, 0xc, 0xf, 0xc, 0xc,
    0x1e, 0xc, 0x1e, 0xc, 0x3f, 0x8f, 0xf3, 0xcc,
    0xe0, 0xcc, 0x80, 0xc, 0x0, 0x0, 0xf, 0xe0,
    0x18, 0x18, 0x30, 0xc, 0x30, 0xc, 0x30, 0xc,
    0x18, 0x18, 0xf, 0xf0,

    /* U+C100 "섀" */
    0x0, 0x33, 0xc, 0x33, 0xc, 0x33, 0xc, 0x33,
    0xc, 0x3f, 0xc, 0x3f, 0xc, 0x33, 0xc, 0x33,
    0x1e, 0x33, 0x1e, 0x3f, 0x33, 0x3f, 0x73, 0xb3,
    0xe1, 0xb3, 0x40, 0x33, 0x0, 0x33, 0x0, 0x33,
    0x0, 0x33, 0x0, 0x3,

    /* U+C104 "섄" */
    0x0, 0x3, 0x0, 0x33, 0x0, 0x33, 0xc, 0x33,
    0xc, 0x33, 0xc, 0x3f, 0xc, 0x3f, 0xc, 0x33,
    0x1e, 0x33, 0x1f, 0x33, 0x33, 0xbf, 0xf1, 0xb3,
    0x40, 0x33, 0x0, 0x33, 0xc, 0x0, 0xc, 0x0,
    0xc, 0x0, 0xc, 0x0, 0xf, 0xff,

    /* U+C108 "섈" */
    0x18, 0x66, 0x18, 0x66, 0x18, 0x7e, 0x18, 0x66,
    0x1c, 0x66, 0x3e, 0x7e, 0x77, 0x7e, 0xe3, 0x66,
    0xc0, 0x66, 0x0, 0x0, 0x1f, 0xfe, 0x0, 0x6,
    0x0, 0x6, 0x1f, 0xfe, 0x18, 0x0, 0x18, 0x0,
    0x18, 0x0, 0x1f, 0xff,

    /* U+C110 "섐" */
    0x18, 0x66, 0x30, 0xcc, 0x61, 0xf8, 0xc3, 0xf1,
    0xc6, 0x63, 0x8c, 0xcf, 0x9f, 0xbb, 0xbf, 0xe3,
    0x67, 0x0, 0xcc, 0x0, 0x0, 0xff, 0xf1, 0x80,
    0x63, 0x0, 0xc6, 0x1, 0x8c, 0x3, 0x18, 0x6,
    0x3f, 0xfc,

    /* U+C115 "섕" */
    0x0, 0x6, 0x30, 0xcc, 0x61, 0x98, 0xc3, 0xf1,
    0xc6, 0x63, 0x8c, 0xcd, 0x9f, 0xfb, 0xb3, 0xe3,
    0x66, 0x0, 0xcc, 0x0, 0x18, 0x1f, 0x80, 0xc0,
    0xc3, 0x0, 0xc6, 0x1, 0x8c, 0x3, 0xc, 0xc,
    0xf, 0xf0,

    /* U+C11C "서" */
    0x0, 0x3, 0x6, 0x3, 0x6, 0x3, 0x6, 0x3,
    0x6, 0x3, 0x6, 0x3, 0x6, 0x3f, 0xf, 0x3,
    0xf, 0x3, 0x1d, 0x83, 0x19, 0xc3, 0x30, 0xe3,
    0xf0, 0x73, 0x60, 0x23, 0x0, 0x3, 0x0, 0x3,
    0x0, 0x3, 0x0, 0x3,

    /* U+C11D "석" */
    0x0, 0x6, 0x18, 0xc, 0x30, 0x18, 0x60, 0x30,
    0xc7, 0xe3, 0xc0, 0xc7, 0x81, 0x99, 0xc3, 0x71,
    0xe7, 0xc1, 0x8c, 0x0, 0x18, 0x0, 0x1, 0xff,
    0xe0, 0x0, 0xc0, 0x1, 0x80, 0x3, 0x0, 0x6,
    0x0, 0xc, 0x0, 0x18,

    /* U+C11E "섞" */
    0xc, 0x6, 0x18, 0xc, 0x30, 0x18, 0x63, 0xf0,
    0xe7, 0xe3, 0xc0, 0xce, 0xc1, 0xb9, 0xe3, 0xe0,
    0xc6, 0x0, 0xc, 0x0, 0x1, 0xfb, 0xf0, 0x30,
    0x60, 0x60, 0xc0, 0xc1, 0x81, 0x83, 0x3, 0x6,
    0x6, 0xc,

    /* U+C11F "섟" */
    0xc, 0xe, 0xc, 0xe, 0xc, 0xe, 0xc, 0x7e,
    0xc, 0x7e, 0x1e, 0xe, 0x3b, 0xe, 0x73, 0xce,
    0xe0, 0xce, 0x0, 0xe, 0x0, 0x0, 0x3f, 0x18,
    0x3, 0x18, 0x3, 0x18, 0x3, 0x3c, 0x3, 0x7e,
    0x3, 0xe7, 0x3, 0x42,

    /* U+C120 "선" */
    0x0, 0x6, 0x0, 0xc, 0x30, 0x18, 0x60, 0x30,
    0xc0, 0x61, 0x8f, 0xc3, 0x9f, 0x8f, 0x3, 0x3b,
    0x6, 0xe3, 0x8f, 0x83, 0x1a, 0x0, 0x30, 0x0,
    0x63, 0x0, 0x6, 0x0, 0xc, 0x0, 0x18, 0x0,
    0x3f, 0xfc,

    /* U+C123 "섣" */
    0xc, 0x6, 0x18, 0xc, 0x30, 0x18, 0x63, 0xf0,
    0xe7, 0xe3, 0xe0, 0xce, 0xe1, 0xb8, 0xf3, 0xe0,
    0xc6, 0x0, 0xc, 0x0, 0x0, 0xff, 0xf1, 0x80,
    0x3, 0x0, 0x6, 0x0, 0xc, 0x0, 0x18, 0x0,
    0x3f, 0xfc,

    /* U+C124 "설" */
    0xc, 0x6, 0x18, 0xc, 0x30, 0x18, 0x73, 0xf1,
    0xe0, 0x63, 0xe0, 0xcc, 0xe1, 0xf0, 0xe3, 0xc0,
    0x46, 0x0, 0x0, 0x7f, 0xf8, 0x0, 0x30, 0x0,
    0x63, 0xff, 0xc6, 0x0, 0xc, 0x0, 0x18, 0x0,
    0x3f, 0xfc,

    /* U+C126 "섦" */
    0xc, 0x6, 0x18, 0xc, 0x30, 0x18, 0x73, 0xf1,
    0xe0, 0x63, 0x60, 0xcc, 0xe1, 0xf0, 0xe3, 0xc0,
    0x46, 0x0, 0x0, 0xfd, 0xf8, 0x1b, 0x30, 0x36,
    0x67, 0xec, 0xcc, 0x19, 0x98, 0x33, 0x30, 0x66,
    0x7e, 0xfc,

    /* U+C127 "섧" */
    0xc, 0x6, 0x18, 0xc, 0x38, 0x18, 0x73, 0xf1,
    0xe0, 0x63, 0x60, 0xcc, 0xe1, 0xf8, 0xe3, 0xc0,
    0x46, 0x0, 0x0, 0xfd, 0x99, 0xfb, 0x30, 0x37,
    0xe7, 0xec, 0xcc, 0x19, 0x98, 0x33, 0x30, 0x66,
    0x7e, 0xfc,

    /* U+C12C "섬" */
    0xc, 0x6, 0x18, 0xc, 0x30, 0x18, 0x63, 0xf0,
    0xe7, 0xe3, 0xc0, 0xce, 0xc1, 0xb8, 0xe3, 0xe0,
    0xc6, 0x0, 0xc, 0x0, 0x0, 0xff, 0xf1, 0x80,
    0x63, 0x0, 0xc6, 0x1, 0x8c, 0x3, 0x18, 0x6,
    0x3f, 0xfc,

    /* U+C12D "섭" */
    0x0, 0x6, 0x18, 0xc, 0x30, 0x18, 0x63, 0xf0,
    0xe7, 0xe3, 0xc0, 0xc7, 0xc1, 0xb9, 0xe3, 0xe1,
    0xc7, 0x80, 0x8c, 0x0, 0x0, 0x0, 0x1, 0x80,
    0x63, 0xff, 0xc6, 0x1, 0x8c, 0x3, 0x18, 0x6,
    0x30, 0xc, 0x7f, 0xf8,

    /* U+C12F "섯" */
    0x0, 0x6, 0xc, 0x6, 0xc, 0x6, 0xc, 0x7e,
    0xc, 0x7e, 0x1e, 0x6, 0x1f, 0x6, 0x73, 0x86,
    0xe1, 0xc6, 0xc0, 0x46, 0x0, 0x6, 0x0, 0xc6,
    0x0, 0xc0, 0x1, 0xe0, 0x3, 0xf0, 0xf, 0x3c,
    0x3c, 0xf, 0x20, 0x0,

    /* U+C130 "섰" */
    0x0, 0x6, 0x6, 0x3, 0x3, 0x1, 0x81, 0x8f,
    0xc0, 0xc7, 0xe0, 0xf0, 0x30, 0xfc, 0x18, 0xe7,
    0x8c, 0xe0, 0xc6, 0x0, 0x3, 0x0, 0x0, 0x1,
    0x83, 0x0, 0xc1, 0x80, 0xe0, 0xc0, 0x78, 0xf0,
    0x66, 0xcc, 0x71, 0xe3, 0x0, 0x40, 0x80,

    /* U+C131 "성" */
    0x0, 0x6, 0x1c, 0xc, 0x38, 0x18, 0x73, 0xf0,
    0xe0, 0x61, 0x60, 0xc6, 0xe1, 0x98, 0xe3, 0xf0,
    0xc6, 0x80, 0xc, 0x0, 0x0, 0x3f, 0x80, 0xc0,
    0xc3, 0x0, 0xc6, 0x1, 0x8c, 0x3, 0xc, 0xc,
    0x7, 0xf0,

    /* U+C136 "섶" */
    0x0, 0x7, 0x6, 0x7, 0x6, 0x7, 0xe, 0x7f,
    0xe, 0x7f, 0xf, 0x7, 0x1b, 0x87, 0x71, 0xc7,
    0x60, 0xc7, 0x40, 0x7, 0x0, 0x0, 0x0, 0x0,
    0x1f, 0xff, 0x6, 0x18, 0x6, 0x18, 0x6, 0x18,
    0x6, 0x18, 0x6, 0x18, 0x1f, 0xff,

    /* U+C138 "세" */
    0x0, 0x33, 0xc, 0x33, 0xc, 0x33, 0xc, 0x33,
    0xc, 0x33, 0xc, 0x33, 0xd, 0xf3, 0xd, 0xf3,
    0x1e, 0x33, 0x1e, 0x33, 0x33, 0x33, 0x73, 0xb3,
    0xe1, 0xb3, 0x40, 0x33, 0x0, 0x33, 0x0, 0x33,
    0x0, 0x33, 0x0, 0x3,

    /* U+C139 "섹" */
    0x0, 0x3, 0x0, 0x33, 0xc, 0x33, 0xc, 0x33,
    0xc, 0x33, 0xd, 0xf3, 0x1e, 0x33, 0x1e, 0x33,
    0x33, 0xb3, 0x61, 0x33, 0x40, 0x33, 0x0, 0x0,
    0x0, 0x0, 0xf, 0xff, 0x0, 0x3, 0x0, 0x3,
    0x0, 0x3, 0x0, 0x3, 0x0, 0x3,

    /* U+C13C "센" */
    0x0, 0x6, 0x0, 0x66, 0x18, 0x66, 0x18, 0x66,
    0x18, 0x66, 0x1b, 0xe6, 0x1b, 0xe6, 0x3c, 0x66,
    0x3c, 0x66, 0x66, 0x66, 0xe3, 0x66, 0xc0, 0x66,
    0x0, 0x66, 0x18, 0x0, 0x18, 0x0, 0x18, 0x0,
    0x18, 0x0, 0x1f, 0xff,

    /* U+C140 "셀" */
    0xc, 0x33, 0x6, 0x19, 0x83, 0xc, 0xc1, 0x9e,
    0x61, 0xe3, 0x30, 0xf1, 0x98, 0xcc, 0xcd, 0xe7,
    0x66, 0x60, 0x33, 0x0, 0x0, 0x3, 0xff, 0xc0,
    0x0, 0x60, 0x0, 0x30, 0x7f, 0xf8, 0x30, 0x0,
    0x18, 0x0, 0xc, 0x0, 0x7, 0xff, 0xc0,

    /* U+C148 "셈" */
    0x18, 0x36, 0x30, 0x6c, 0x60, 0xd8, 0xcf, 0xb1,
    0x9f, 0x67, 0x86, 0xcf, 0x8d, 0xb3, 0x9b, 0xe3,
    0xb7, 0x0, 0x6c, 0x0, 0x0, 0xff, 0xf1, 0x80,
    0x63, 0x0, 0xc6, 0x1, 0x8c, 0x3, 0x18, 0x6,
    0x3f, 0xfc,

    /* U+C149 "셉" */
    0x0, 0x36, 0x30, 0x6c, 0x60, 0xd8, 0xc1, 0xb1,
    0x9f, 0x67, 0x86, 0xcf, 0x8d, 0xbb, 0x9b, 0xe3,
    0xb7, 0x0, 0x6c, 0x0, 0x0, 0x0, 0x0, 0x0,
    0x3, 0xff, 0xc6, 0x1, 0x8c, 0x3, 0x18, 0x6,
    0x30, 0xc, 0x7f, 0xf8,

    /* U+C14B "셋" */
    0x0, 0x33, 0x6, 0x19, 0x83, 0xc, 0xc1, 0x86,
    0x60, 0xcf, 0x30, 0xf1, 0x98, 0x78, 0xcc, 0x66,
    0x66, 0xf3, 0xb3, 0x30, 0x59, 0x80, 0x0, 0xc0,
    0xc, 0x60, 0x6, 0x0, 0x7, 0x80, 0x7, 0xe0,
    0xf, 0x38, 0x1f, 0xf, 0x8c, 0x0, 0x80,

    /* U+C14C "셌" */
    0x0, 0x33, 0x6, 0x19, 0x83, 0xc, 0xc1, 0x86,
    0x60, 0xdf, 0x30, 0xf1, 0x98, 0x78, 0xcc, 0xe7,
    0x66, 0x61, 0xb3, 0x20, 0x19, 0x80, 0x0, 0x0,
    0xc3, 0x80, 0x61, 0xc0, 0x70, 0xe0, 0x3c, 0xd8,
    0x73, 0xef, 0x31, 0xe1, 0x80, 0x0, 0x0,

    /* U+C14D "셍" */
    0x0, 0x36, 0x30, 0x6c, 0x60, 0xd8, 0xc1, 0xb1,
    0xdf, 0x63, 0x86, 0xcd, 0x8d, 0xbb, 0x9b, 0xe3,
    0xb6, 0x80, 0x6c, 0x0, 0x18, 0x1f, 0x80, 0xc0,
    0xc3, 0x0, 0xc6, 0x1, 0x8c, 0x3, 0xc, 0xc,
    0xf, 0xf0,

    /* U+C154 "셔" */
    0x0, 0x3, 0x0, 0x3, 0x6, 0x3, 0x6, 0x3,
    0x6, 0x3f, 0x6, 0x3, 0x6, 0x3, 0xf, 0x3,
    0xf, 0x3f, 0x1d, 0x83, 0x39, 0xc3, 0x70, 0xe3,
    0x70, 0x73, 0x40, 0x3, 0x0, 0x3, 0x0, 0x3,
    0x0, 0x3, 0x0, 0x3,

    /* U+C155 "셕" */
    0x0, 0x6, 0x0, 0xc, 0x30, 0x18, 0x61, 0xf0,
    0xc3, 0xe1, 0x80, 0xc7, 0x8f, 0x8f, 0x9f, 0x73,
    0xc7, 0xc1, 0x8c, 0x0, 0x18, 0x0, 0x0, 0x0,
    0x3, 0xff, 0xc0, 0x1, 0x80, 0x3, 0x0, 0x6,
    0x0, 0xc, 0x0, 0x18,

    /* U+C158 "션" */
    0x0, 0x6, 0x0, 0xc, 0x30, 0x18, 0x61, 0xf0,
    0xc3, 0xe1, 0x80, 0xc3, 0x81, 0x8f, 0x1f, 0x3b,
    0x3e, 0xe7, 0xf, 0x87, 0x9e, 0x2, 0x30, 0x0,
    0x63, 0x0, 0x6, 0x0, 0xc, 0x0, 0x18, 0x0,
    0x3f, 0xfc,

    /* U+C15C "셜" */
    0xc, 0x6, 0x18, 0x7c, 0x30, 0xf8, 0x70, 0x31,
    0xe3, 0xe3, 0xe7, 0xcc, 0xe1, 0xf0, 0xf3, 0xc0,
    0x46, 0x0, 0x0, 0x7f, 0xf8, 0x0, 0x30, 0x0,
    0x63, 0xff, 0xc6, 0x0, 0xc, 0x0, 0x18, 0x0,
    0x3f, 0xfc,

    /* U+C164 "셤" */
    0x0, 0x6, 0x18, 0xc, 0x30, 0x18, 0x61, 0xf0,
    0xe0, 0x61, 0xc0, 0xc7, 0xcf, 0x9d, 0xc3, 0xf1,
    0xe7, 0xc1, 0x8c, 0x0, 0x18, 0x0, 0x1, 0xff,
    0xe3, 0x0, 0xc6, 0x1, 0x8c, 0x3, 0x18, 0x6,
    0x30, 0xc, 0x7f, 0xf8,

    /* U+C165 "셥" */
    0x0, 0x6, 0x18, 0xc, 0x30, 0xf8, 0x61, 0xf0,
    0xe0, 0x63, 0xc7, 0xc7, 0xcf, 0xb9, 0xc3, 0xe1,
    0xc7, 0x80, 0x8c, 0x0, 0x0, 0x0, 0x1, 0x80,
    0x63, 0xff, 0xc6, 0x1, 0x8c, 0x3, 0x18, 0x6,
    0x3f, 0xfc,

    /* U+C167 "셧" */
    0x0, 0x6, 0xc, 0x6, 0xc, 0x3e, 0xc, 0x3e,
    0xc, 0x6, 0x1e, 0x3e, 0x1f, 0x3e, 0x33, 0x86,
    0xe1, 0xc6, 0xc0, 0xc6, 0x0, 0x6, 0x0, 0xc6,
    0x0, 0xc0, 0x1, 0xe0, 0x3, 0xb0, 0x1f, 0x3c,
    0x3c, 0xf, 0x20, 0x0,

    /* U+C168 "셨" */
    0x0, 0x6, 0x6, 0x3, 0x3, 0xf, 0x81, 0x80,
    0xc0, 0xc0, 0x60, 0xf1, 0xf0, 0xfc, 0xf8, 0xe7,
    0xc, 0xe1, 0xc6, 0x60, 0x23, 0x0, 0x0, 0x1,
    0x83, 0x0, 0xc1, 0x80, 0xf1, 0xe0, 0x78, 0xf0,
    0xe7, 0xce, 0x61, 0xc3, 0x0, 0x40, 0x0,

    /* U+C169 "셩" */
    0xe, 0x6, 0x1c, 0xc, 0x38, 0xf8, 0x70, 0x30,
    0xe0, 0x63, 0x67, 0xc6, 0xc1, 0xb8, 0xe3, 0xf0,
    0xc6, 0x80, 0x8c, 0x0, 0x18, 0x3f, 0x80, 0xc0,
    0xc3, 0x0, 0xc6, 0x1, 0x8c, 0x3, 0xc, 0xc,
    0x7, 0xf0,

    /* U+C170 "셰" */
    0x0, 0x33, 0xc, 0x33, 0xc, 0x33, 0xc, 0x33,
    0xc, 0xf3, 0xc, 0x33, 0xc, 0x33, 0xc, 0x33,
    0x1e, 0xf3, 0x1e, 0xf3, 0x36, 0x33, 0x33, 0x33,
    0xe1, 0xb3, 0x41, 0x33, 0x0, 0x33, 0x0, 0x33,
    0x0, 0x33, 0x0, 0x3,

    /* U+C174 "셴" */
    0x0, 0x6, 0x0, 0x66, 0x0, 0x66, 0x18, 0x66,
    0x18, 0x66, 0x19, 0xe6, 0x18, 0x66, 0x18, 0x66,
    0x3d, 0xe6, 0x3d, 0xe6, 0x76, 0x66, 0xe7, 0x66,
    0xc2, 0x66, 0x0, 0x66, 0x18, 0x0, 0x18, 0x0,
    0x18, 0x0, 0x18, 0x0, 0x1f, 0xff,

    /* U+C178 "셸" */
    0x18, 0x36, 0x18, 0xf6, 0x18, 0xf6, 0x18, 0x36,
    0x3c, 0xf6, 0x3c, 0xf6, 0x76, 0x36, 0xe3, 0xb6,
    0xc1, 0x36, 0x0, 0x0, 0x1f, 0xfe, 0x0, 0x6,
    0x0, 0x6, 0x1f, 0xfe, 0x18, 0x0, 0x18, 0x0,
    0x18, 0x0, 0x1f, 0xff,

    /* U+C185 "솅" */
    0x0, 0x36, 0x30, 0x6c, 0x63, 0xd8, 0xc1, 0xb1,
    0xc3, 0x63, 0x9e, 0xcd, 0x8d, 0xb3, 0x9b, 0xe3,
    0xb7, 0x82, 0x6c, 0x0, 0x18, 0x3f, 0x80, 0xc0,
    0xc3, 0x0, 0xc6, 0x1, 0x8c, 0x3, 0xc, 0xc,
    0xf, 0xf0,

    /* U+C18C "소" */
    0x1, 0x80, 0x0, 0xc0, 0x0, 0x70, 0x0, 0x38,
    0x0, 0x36, 0x0, 0x3b, 0x80, 0x78, 0xf0, 0xf0,
    0x3e, 0x70, 0x7, 0x0, 0xc0, 0x0, 0x60, 0x0,
    0x30, 0x0, 0x18, 0x7, 0xff, 0xfc,

    /* U+C18D "속" */
    0x1, 0x80, 0x0, 0xe0, 0x0, 0x70, 0x0, 0x7c,
    0x0, 0x77, 0x1, 0xf1, 0xf1, 0xe6, 0x3c, 0x3,
    0x0, 0x1, 0x80, 0x7f, 0xff, 0xc0, 0x0, 0x0,
    0x0, 0x3, 0xff, 0xe0, 0x0, 0x30, 0x0, 0x18,
    0x0, 0xc, 0x0, 0x6, 0x0, 0x3, 0x0,

    /* U+C18E "솎" */
    0x1, 0x80, 0x0, 0xc0, 0x0, 0x70, 0x0, 0x78,
    0x0, 0x77, 0x1, 0xf1, 0xe1, 0xe6, 0x3c, 0x3,
    0x0, 0x1, 0x80, 0x7f, 0xff, 0xc0, 0x0, 0x0,
    0x0, 0x3, 0xf7, 0xe0, 0x18, 0x30, 0xc, 0x18,
    0x6, 0xc, 0x3, 0x6, 0x1, 0x83, 0x0,

    /* U+C190 "손" */
    0x1, 0x80, 0x0, 0xc0, 0x0, 0x70, 0x0, 0x7c,
    0x0, 0xe7, 0x1, 0xe1, 0xf1, 0xc6, 0x38, 0x3,
    0x0, 0x1, 0x80, 0x7f, 0xff, 0xc0, 0x0, 0x0,
    0x0, 0x0, 0x0, 0x1, 0x80, 0x0, 0xc0, 0x0,
    0x60, 0x0, 0x30, 0x0, 0x1f, 0xff, 0x0,

    /* U+C194 "솔" */
    0x1, 0x80, 0x0, 0xc0, 0x0, 0x70, 0x0, 0x7c,
    0x0, 0xe7, 0x83, 0xe1, 0xf9, 0x86, 0x18, 0x3,
    0x0, 0xff, 0xff, 0x80, 0x0, 0x0, 0x0, 0x7,
    0xff, 0x80, 0x0, 0xc0, 0x0, 0x60, 0xff, 0xf0,
    0x60, 0x0, 0x30, 0x0, 0x18, 0x0, 0xf, 0xff,
    0x80,

    /* U+C196 "솖" */
    0x1, 0xc0, 0x0, 0xe0, 0x0, 0x70, 0x0, 0x6c,
    0x0, 0xe3, 0x83, 0xe0, 0xf9, 0x87, 0x8, 0x3,
    0x80, 0xff, 0xff, 0x80, 0x0, 0xf, 0xdf, 0x80,
    0x6c, 0xc0, 0x36, 0x61, 0xfb, 0x30, 0xc1, 0x98,
    0x60, 0xcc, 0x30, 0x66, 0x1f, 0xbf, 0x0,

    /* U+C19C "솜" */
    0x1, 0xc0, 0x0, 0xe0, 0x0, 0x70, 0x0, 0x7c,
    0x0, 0x77, 0x0, 0xf1, 0xe1, 0xe0, 0x3c, 0x3,
    0x80, 0x1, 0xc0, 0x7f, 0xff, 0xc0, 0x0, 0x0,
    0x0, 0x0, 0x0, 0x1, 0xff, 0xf0, 0xc0, 0x18,
    0x60, 0xc, 0x30, 0x6, 0x18, 0x3, 0xf, 0xff,
    0x80,

    /* U+C19D "솝" */
    0x1, 0xc0, 0x0, 0xe0, 0x0, 0xf0, 0x0, 0xee,
    0x1, 0xe3, 0xc3, 0xc0, 0x78, 0x7, 0x0, 0x3,
    0x80, 0xff, 0xff, 0x80, 0x0, 0x0, 0x0, 0x0,
    0x0, 0x3, 0x0, 0x61, 0xff, 0xf0, 0xc0, 0x18,
    0x60, 0xc, 0x30, 0x6, 0x1f, 0xff, 0x0,

    /* U+C19F "솟" */
    0x1, 0xc0, 0x0, 0xe0, 0x0, 0x70, 0x0, 0x7c,
    0x0, 0x77, 0x1, 0xf1, 0xe1, 0xe7, 0x3c, 0x3,
    0x80, 0x1, 0xc0, 0x7f, 0xff, 0xc0, 0x0, 0x0,
    0x38, 0x0, 0x1c, 0x0, 0xe, 0x0, 0xd, 0x80,
    0x3c, 0x70, 0x7c, 0x1f, 0x10, 0x1, 0x0,

    /* U+C1A1 "송" */
    0x1, 0xc0, 0x0, 0xe0, 0x0, 0x70, 0x0, 0x7c,
    0x0, 0x77, 0x0, 0xf1, 0xe1, 0xe0, 0x3c, 0x3,
    0x80, 0x1, 0xc0, 0x7f, 0xff, 0xc0, 0x0, 0x0,
    0x0, 0x0, 0xff, 0x0, 0xc0, 0x60, 0xc0, 0x18,
    0x60, 0xc, 0x18, 0xc, 0x7, 0xf8, 0x0,

    /* U+C1A5 "솥" */
    0x1, 0x80, 0x0, 0xc0, 0x0, 0x70, 0x0, 0x7c,
    0x0, 0xe7, 0x83, 0xe0, 0xf9, 0x86, 0x8, 0x3,
    0x0, 0xff, 0xff, 0x80, 0x0, 0x0, 0x0, 0x7,
    0xff, 0xc3, 0x0, 0x1, 0xff, 0xe0, 0xc0, 0x0,
    0x60, 0x0, 0x30, 0x0, 0x1f, 0xff, 0x0,

    /* U+C1A8 "솨" */
    0x0, 0x6, 0x1, 0x81, 0x80, 0x60, 0x60, 0x18,
    0x18, 0xf, 0x6, 0x3, 0xe1, 0x81, 0x9c, 0x61,
    0xc1, 0xdf, 0x46, 0x6, 0x1, 0x81, 0x80, 0x60,
    0x60, 0x18, 0x18, 0xff, 0xf6, 0x1f, 0xf9, 0x80,
    0x0, 0x60, 0x0, 0x18, 0x0, 0x6, 0x0, 0x1,
    0x80,

    /* U+C1A9 "솩" */
    0xc, 0xc, 0x6, 0x6, 0x3, 0x3, 0x3, 0xc1,
    0x83, 0xb8, 0xff, 0x8e, 0x7d, 0x31, 0x30, 0x18,
    0x18, 0xff, 0xec, 0x7f, 0xf6, 0x0, 0x3, 0x0,
    0x0, 0x3, 0xff, 0xc0, 0x0, 0x60, 0x0, 0x30,
    0x0, 0x18, 0x0, 0xc, 0x0, 0x6, 0x0,

    /* U+C1AC "솬" */
    0x0, 0x6, 0x1, 0x81, 0x80, 0x60, 0x60, 0x18,
    0x18, 0xf, 0x6, 0x7, 0xe1, 0x87, 0x9e, 0x7d,
    0xc1, 0x9f, 0x6, 0x6, 0x1, 0x81, 0x8f, 0xff,
    0x61, 0xff, 0xd8, 0x7f, 0x86, 0x0, 0x1, 0x81,
    0x80, 0x0, 0x60, 0x0, 0x18, 0x0, 0x6, 0x0,
    0x1, 0xff, 0xe0,

    /* U+C1B0 "솰" */
    0xc, 0xc, 0x6, 0x6, 0x3, 0x3, 0x3, 0xc1,
    0x83, 0xf0, 0xc7, 0x9f, 0x7d, 0x31, 0x30, 0x18,
    0x18, 0xff, 0xec, 0x7f, 0xc6, 0x0, 0x0, 0x7,
    0xff, 0x80, 0x0, 0xc0, 0x0, 0x60, 0xff, 0xf0,
    0x60, 0x0, 0x30, 0x0, 0x18, 0x0, 0xf, 0xff,
    0x80,

    /* U+C1BD "솽" */
    0x0, 0xc, 0xc, 0xc, 0xc, 0xc, 0xe, 0xc,
    0x1e, 0xc, 0x3b, 0x8c, 0xf1, 0xcf, 0x4c, 0xc,
    0xc, 0xc, 0xff, 0xec, 0xff, 0x8c, 0x0, 0xc,
    0xf, 0xe0, 0x18, 0x18, 0x30, 0xc, 0x30, 0xc,
    0x30, 0xc, 0x18, 0x18, 0x7, 0xf0,

    /* U+C1C4 "쇄" */
    0x0, 0x33, 0xc, 0x33, 0xc, 0x33, 0xc, 0x33,
    0xc, 0x33, 0x1e, 0x33, 0x33, 0x33, 0xf1, 0xbf,
    0x4c, 0xb3, 0xc, 0x33, 0xc, 0x33, 0xc, 0x33,
    0xff, 0xb3, 0xff, 0x33, 0x0, 0x33, 0x0, 0x33,
    0x0, 0x33, 0x0, 0x3,

    /* U+C1C8 "쇈" */
    0x0, 0x36, 0xc, 0x36, 0xc, 0x36, 0x1c, 0x36,
    0x1e, 0x36, 0x37, 0x36, 0xf3, 0xbe, 0xed, 0x3e,
    0xc, 0x36, 0xc, 0x36, 0xff, 0xb6, 0xff, 0xb6,
    0xc0, 0x36, 0x0, 0x36, 0x18, 0x0, 0x18, 0x0,
    0x18, 0x0, 0x18, 0x0, 0x1f, 0xff,

    /* U+C1CC "쇌" */
    0x0, 0x6, 0xc, 0x36, 0x1c, 0x36, 0x1c, 0x36,
    0x36, 0x36, 0x73, 0xbe, 0xed, 0x36, 0xc, 0x36,
    0xff, 0xb6, 0xfa, 0x36, 0x0, 0x0, 0x0, 0x0,
    0x1f, 0xfe, 0x0, 0x6, 0x1f, 0xfe, 0x18, 0x0,
    0x18, 0x0, 0x18, 0x0, 0x1f, 0xff,

    /* U+C1D4 "쇔" */
    0x0, 0x33, 0xc, 0x33, 0xc, 0x33, 0x1c, 0x33,
    0x1e, 0x33, 0x37, 0x3f, 0xe3, 0xbf, 0xc, 0x33,
    0xc, 0x33, 0xff, 0xb3, 0x0, 0x33, 0x0, 0x0,
    0x0, 0x0, 0x1f, 0xff, 0x18, 0x3, 0x18, 0x3,
    0x18, 0x3, 0x18, 0x3, 0x1f, 0xff,

    /* U+C1D7 "쇗" */
    0x0, 0x33, 0x6, 0x19, 0x83, 0xc, 0xc1, 0x86,
    0x61, 0xe3, 0x31, 0x99, 0xfb, 0xce, 0xfc, 0x98,
    0x66, 0xc, 0x33, 0x7f, 0xd9, 0xbf, 0xcc, 0xc0,
    0x0, 0x60, 0xc, 0x30, 0x6, 0x0, 0x7, 0x80,
    0x7, 0xe0, 0xf, 0x1e, 0xe, 0x7, 0x80,

    /* U+C1D8 "쇘" */
    0x0, 0x33, 0x6, 0x19, 0x83, 0xc, 0xc1, 0x86,
    0x61, 0xe3, 0x31, 0x99, 0xfb, 0xc6, 0xfc, 0x98,
    0x66, 0xc, 0x33, 0x7f, 0xd9, 0x80, 0xc, 0xc0,
    0x0, 0x0, 0x61, 0xc0, 0x70, 0xe0, 0x38, 0x70,
    0x36, 0x6c, 0x79, 0xe3, 0x90, 0x60, 0x80,

    /* U+C1E0 "쇠" */
    0x0, 0x6, 0xc, 0xc, 0x18, 0x18, 0x30, 0x30,
    0xf0, 0x61, 0xf0, 0xc6, 0x71, 0xf8, 0x73, 0x66,
    0x26, 0xc, 0xc, 0x18, 0x18, 0x30, 0x3f, 0xff,
    0x7f, 0xf8, 0xc0, 0x1, 0x80, 0x3, 0x0, 0x6,
    0x0, 0xc,

    /* U+C1E4 "쇤" */
    0x0, 0x6, 0x6, 0x6, 0x6, 0x6, 0x6, 0x6,
    0xf, 0x6, 0x1f, 0x86, 0x79, 0xe6, 0x76, 0x66,
    0x6, 0x6, 0x6, 0x6, 0x6, 0xf6, 0xff, 0xf6,
    0xff, 0x86, 0x0, 0x6, 0x0, 0x0, 0x18, 0x0,
    0x18, 0x0, 0x18, 0x0, 0x1f, 0xff,

    /* U+C1E8 "쇨" */
    0x6, 0x6, 0x6, 0x6, 0x7, 0x6, 0xf, 0x6,
    0x1d, 0xc6, 0x78, 0xe6, 0x66, 0x6, 0x6, 0x6,
    0xff, 0xf6, 0xff, 0xc6, 0x0, 0x0, 0x1f, 0xfe,
    0x0, 0x6, 0x0, 0x6, 0x1f, 0xfe, 0x18, 0x0,
    0x18, 0x0, 0x18, 0x0, 0x1f, 0xff,

    /* U+C1F0 "쇰" */
    0x0, 0x6, 0xc, 0xc, 0x18, 0x18, 0x78, 0x30,
    0xf8, 0x67, 0x3c, 0xdc, 0x39, 0x83, 0x3, 0x6,
    0x7, 0xff, 0xec, 0x0, 0x18, 0x0, 0x0, 0x0,
    0x3, 0xff, 0xc6, 0x1, 0x8c, 0x3, 0x18, 0x6,
    0x30, 0xc, 0x7f, 0xf8,

    /* U+C1F1 "쇱" */
    0x6, 0x6, 0xc, 0xc, 0x3c, 0x18, 0xfc, 0x37,
    0x9e, 0x6e, 0xc, 0xc1, 0x81, 0x83, 0x1b, 0xff,
    0xf7, 0xf8, 0xc, 0x0, 0x0, 0x0, 0x1, 0x80,
    0x63, 0xff, 0xc6, 0x1, 0x8c, 0x3, 0x18, 0x6,
    0x3f, 0xfc,

    /* U+C1F3 "쇳" */
    0x0, 0x6, 0x6, 0x6, 0x6, 0x6, 0x7, 0x6,
    0xf, 0x6, 0x39, 0xc6, 0x70, 0xe6, 0x46, 0x6,
    0x6, 0x6, 0xff, 0xf6, 0xff, 0xc6, 0x0, 0x6,
    0x0, 0xc6, 0x1, 0xc0, 0x1, 0xe0, 0x7, 0x70,
    0x3e, 0x3f, 0x38, 0xe,

    /* U+C1FC "쇼" */
    0x1, 0xc0, 0x0, 0xe0, 0x0, 0x70, 0x0, 0x78,
    0x0, 0x36, 0x0, 0x73, 0x80, 0x70, 0xf0, 0xf0,
    0x1e, 0x60, 0x3, 0x7, 0x1c, 0x3, 0x8e, 0x1,
    0xc7, 0x0, 0xe3, 0x87, 0xff, 0xfc,

    /* U+C1FD "쇽" */
    0x1, 0x80, 0x0, 0xe0, 0x0, 0x70, 0x0, 0x7c,
    0x0, 0xf7, 0x3, 0xe0, 0xf9, 0xc0, 0x1c, 0x1c,
    0x60, 0xe, 0x30, 0x7f, 0xff, 0xc0, 0x0, 0x0,
    0x0, 0x3, 0xff, 0xe0, 0x0, 0x30, 0x0, 0x18,
    0x0, 0xc, 0x0, 0x6, 0x0, 0x3, 0x0,

    /* U+C200 "숀" */
    0x1, 0x80, 0x0, 0xc0, 0x0, 0xf0, 0x0, 0xfc,
    0x0, 0xe7, 0x83, 0xe0, 0xf9, 0xc0, 0x18, 0x18,
    0x60, 0xc, 0x30, 0x7f, 0xff, 0xc0, 0x0, 0x0,
    0x0, 0x0, 0x0, 0x1, 0x80, 0x0, 0xc0, 0x0,
    0x60, 0x0, 0x30, 0x0, 0x1f, 0xff, 0x0,

    /* U+C204 "숄" */
    0x1, 0x80, 0x0, 0xc0, 0x0, 0xf0, 0x0, 0xfc,
    0x1, 0xe7, 0xc3, 0xc0, 0xf0, 0x30, 0xc0, 0x18,
    0x60, 0xff, 0xff, 0x80, 0x0, 0x0, 0x0, 0x7,
    0xff, 0x80, 0x0, 0xc0, 0x0, 0x60, 0xff, 0xf0,
    0x60, 0x0, 0x30, 0x0, 0x18, 0x0, 0xf, 0xff,
    0x80,

    /* U+C20C "숌" */
    0x1, 0xc0, 0x0, 0xe0, 0x0, 0x70, 0x0, 0x7c,
    0x0, 0x77, 0x1, 0xf1, 0xf1, 0xe0, 0x3c, 0xc,
    0x60, 0x6, 0x30, 0x7f, 0xff, 0xc0, 0x0, 0x0,
    0x0, 0x3, 0xff, 0xe1, 0x80, 0x30, 0xc0, 0x18,
    0x60, 0xc, 0x30, 0x6, 0x1f, 0xff, 0x0,

    /* U+C20D "숍" */
    0x1, 0x80, 0x0, 0xe0, 0x0, 0xf0, 0x1, 0xce,
    0x7, 0xc3, 0xf3, 0x80, 0x70, 0x30, 0xc0, 0x18,
    0x60, 0xff, 0xff, 0x80, 0x0, 0x0, 0x0, 0x0,
    0x0, 0x3, 0x0, 0xc1, 0xff, 0xe0, 0xc0, 0x30,
    0x60, 0x18, 0x30, 0xc, 0x1f, 0xfe, 0x0,

    /* U+C20F "숏" */
    0x1, 0xc0, 0x0, 0xe0, 0x0, 0x70, 0x0, 0x6c,
    0x0, 0xf7, 0x83, 0xe0, 0xf9, 0xc0, 0x1c, 0xc,
    0x60, 0x6, 0x30, 0x7f, 0xff, 0xc0, 0x0, 0x0,
    0x38, 0x0, 0x1c, 0x0, 0xe, 0x0, 0x1d, 0xc0,
    0x3c, 0x78, 0x3c, 0x1e, 0x0,

    /* U+C211 "숑" */
    0x1, 0x80, 0x0, 0xc0, 0x0, 0x70, 0x0, 0x7c,
    0x0, 0xe7, 0x3, 0xe1, 0xf9, 0xc0, 0x38, 0x18,
    0x60, 0xc, 0x30, 0x7f, 0xff, 0xc0, 0x0, 0x0,
    0x0, 0x0, 0xff, 0x0, 0xc0, 0xe0, 0xc0, 0x30,
    0x60, 0x18, 0x18, 0x1c, 0x7, 0xf8, 0x0,

    /* U+C218 "수" */
    0x1, 0xc0, 0x0, 0xe0, 0x0, 0x70, 0x0, 0x38,
    0x0, 0x36, 0x0, 0x79, 0xc1, 0xf0, 0x7c, 0xe0,
    0x1e, 0x0, 0x0, 0x0, 0x0, 0x3f, 0xff, 0xe0,
    0x38, 0x0, 0x1c, 0x0, 0xe, 0x0, 0x7, 0x0,
    0x3, 0x80, 0x1, 0xc0, 0x0, 0xe0, 0x0,

    /* U+C219 "숙" */
    0x1, 0xc0, 0x0, 0xe0, 0x0, 0x70, 0x0, 0x6c,
    0x0, 0xe3, 0x83, 0xe0, 0xf9, 0x80, 0x8, 0x0,
    0x0, 0xff, 0xff, 0x80, 0xe0, 0x0, 0x70, 0x0,
    0x38, 0x3, 0xff, 0xe0, 0x0, 0x30, 0x0, 0x18,
    0x0, 0xc, 0x0, 0x6, 0x0, 0x3, 0x0,

    /* U+C21C "순" */
    0x1, 0x80, 0x0, 0xc0, 0x0, 0x70, 0x0, 0x78,
    0x0, 0x77, 0x0, 0xf1, 0xe1, 0xe0, 0x78, 0x40,
    0x4, 0x0, 0x0, 0x7f, 0xff, 0xc0, 0x60, 0x0,
    0x30, 0x0, 0x18, 0x1, 0x80, 0x0, 0xc0, 0x0,
    0x60, 0x0, 0x30, 0x0, 0x1f, 0xff, 0x0,

    /* U+C21F "숟" */
    0x1, 0x80, 0x0, 0xc0, 0x0, 0x70, 0x0, 0x7c,
    0x0, 0xe7, 0x83, 0xe0, 0xf9, 0x80, 0x18, 0x0,
    0x0, 0xff, 0xff, 0x80, 0xc0, 0x0, 0x60, 0x0,
    0x30, 0x3, 0xff, 0xe1, 0x80, 0x0, 0xc0, 0x0,
    0x60, 0x0, 0x30, 0x0, 0x1f, 0xff, 0x0,

    /* U+C220 "술" */
    0x1, 0x80, 0x0, 0xc0, 0x0, 0x70, 0x0, 0x7c,
    0x0, 0xe7, 0x3, 0xe1, 0xf9, 0xc0, 0x18, 0x0,
    0x0, 0xff, 0xff, 0x80, 0xc0, 0x0, 0x60, 0x7,
    0xff, 0x80, 0x0, 0xc0, 0x0, 0x60, 0xff, 0xf0,
    0x60, 0x0, 0x30, 0x0, 0x18, 0x0, 0xf, 0xff,
    0x80,

    /* U+C228 "숨" */
    0x1, 0xc0, 0x0, 0xe0, 0x0, 0x70, 0x0, 0x6c,
    0x0, 0xe7, 0x83, 0xe0, 0xf9, 0xc0, 0x8, 0x0,
    0x0, 0xff, 0xff, 0x80, 0xe0, 0x0, 0x70, 0x0,
    0x38, 0x3, 0xff, 0xe1, 0x80, 0x30, 0xc0, 0x18,
    0x60, 0xc, 0x30, 0x6, 0x1f, 0xff, 0x0,

    /* U+C229 "숩" */
    0x1, 0xc0, 0x0, 0xe0, 0x0, 0x70, 0x0, 0x6c,
    0x0, 0xe7, 0x83, 0xe0, 0xf9, 0xc0, 0x1c, 0x0,
    0x0, 0xff, 0xff, 0x80, 0xe0, 0x0, 0x70, 0x0,
    0x0, 0x3, 0x0, 0x61, 0xff, 0xf0, 0xc0, 0x18,
    0x60, 0xc, 0x30, 0x6, 0x1f, 0xff, 0x0,

    /* U+C22B "숫" */
    0x1, 0xc0, 0x0, 0xe0, 0x0, 0x70, 0x0, 0x6c,
    0x0, 0xe3, 0x83, 0xe0, 0xf9, 0x80, 0x8, 0x0,
    0x0, 0xff, 0xff, 0x80, 0xe0, 0x0, 0x70, 0x0,
    0x0, 0x0, 0x1c, 0x0, 0xe, 0x0, 0xf, 0x80,
    0x3c, 0xf8, 0x7c, 0x1e, 0x0,

    /* U+C22D "숭" */
    0x1, 0xc0, 0x0, 0xe0, 0x0, 0x70, 0x0, 0x6c,
    0x0, 0xe3, 0x83, 0xe0, 0xf8, 0x80, 0x8, 0x0,
    0x0, 0xff, 0xff, 0x80, 0xe0, 0x0, 0x70, 0x1,
    0xff, 0x1, 0xc1, 0xc1, 0x80, 0x70, 0xc0, 0x18,
    0x60, 0x1c, 0x1c, 0x1c, 0x3, 0xf8, 0x0,

    /* U+C22F "숯" */
    0x1, 0xc0, 0x0, 0xe0, 0x0, 0xf8, 0x0, 0xee,
    0x7, 0xe3, 0xf3, 0x80, 0x38, 0x0, 0x1, 0xff,
    0xff, 0x1, 0xc0, 0x0, 0x0, 0x0, 0x70, 0x0,
    0x38, 0x3, 0xff, 0xe0, 0xe, 0x0, 0xf, 0x80,
    0x7c, 0xf8, 0x38, 0x1e, 0x0,

    /* U+C231 "숱" */
    0x1, 0x80, 0x0, 0xc0, 0x0, 0x70, 0x0, 0x7c,
    0x0, 0xe7, 0x83, 0xe1, 0xf9, 0xc0, 0x18, 0x0,
    0x0, 0xff, 0xff, 0x80, 0xc0, 0x0, 0x60, 0x7,
    0xff, 0xc3, 0x0, 0x1, 0x80, 0x0, 0xff, 0xf0,
    0x60, 0x0, 0x30, 0x0, 0x18, 0x0, 0xf, 0xff,
    0x80,

    /* U+C232 "숲" */
    0x1, 0xc0, 0x0, 0xe0, 0x0, 0x70, 0x0, 0x6c,
    0x0, 0xe3, 0x83, 0xe0, 0xf8, 0x80, 0x8, 0x0,
    0x0, 0xff, 0xff, 0x80, 0xe0, 0x0, 0x70, 0x7,
    0xff, 0xc0, 0x63, 0x0, 0x31, 0x80, 0x18, 0xc0,
    0xc, 0x60, 0x6, 0x30, 0x1f, 0xff, 0x0,

    /* U+C234 "숴" */
    0x6, 0x6, 0xc, 0xc, 0x18, 0x18, 0x78, 0x31,
    0xf8, 0x67, 0x3c, 0xdc, 0x39, 0xa0, 0x3, 0x0,
    0x17, 0xff, 0xec, 0x18, 0x18, 0x30, 0x30, 0x67,
    0xe0, 0xc0, 0xc1, 0x81, 0x83, 0x3, 0x6, 0x6,
    0xc, 0xc,

    /* U+C248 "쉈" */
    0x6, 0x3, 0x1, 0xc0, 0xc0, 0xf8, 0x30, 0x77,
    0x8c, 0x78, 0xf3, 0x8, 0x0, 0xc0, 0x3f, 0x31,
    0xff, 0xcc, 0x6, 0x3, 0x1, 0x8f, 0xc0, 0x60,
    0x30, 0x0, 0x0, 0x6, 0xc, 0x1, 0x83, 0x0,
    0xf1, 0xe0, 0x6e, 0xfc, 0x39, 0xf3, 0x88, 0x10,
    0x20,

    /* U+C250 "쉐" */
    0x0, 0x1b, 0xc, 0x1b, 0xc, 0x1b, 0x1e, 0x1b,
    0x1f, 0x1b, 0x73, 0xdb, 0x61, 0x9b, 0x40, 0x1b,
    0xff, 0xdb, 0xff, 0xdb, 0xc, 0x1b, 0xc, 0xfb,
    0xc, 0xfb, 0xc, 0x1b, 0xc, 0x1b, 0xc, 0x1b,
    0x0, 0x1b, 0x0, 0x3,

    /* U+C251 "쉑" */
    0x0, 0x33, 0xc, 0x33, 0xc, 0x33, 0x1e, 0x33,
    0x3f, 0x33, 0x73, 0x33, 0x40, 0x33, 0xff, 0xb3,
    0xff, 0x33, 0xd, 0xf3, 0xd, 0xf3, 0xc, 0x33,
    0x0, 0x0, 0x0, 0x0, 0x1f, 0xff, 0x0, 0x3,
    0x0, 0x3, 0x0, 0x3, 0x0, 0x3,

    /* U+C254 "쉔" */
    0x0, 0x36, 0xc, 0x36, 0xc, 0x36, 0x1c, 0x36,
    0x1e, 0x36, 0x77, 0x36, 0xe3, 0x36, 0x0, 0x36,
    0xff, 0xb6, 0xfe, 0x36, 0xc, 0x36, 0xd, 0xf6,
    0xc, 0x36, 0x0, 0x36, 0x0, 0x0, 0x18, 0x0,
    0x18, 0x0, 0x18, 0x0, 0x1f, 0xff,

    /* U+C258 "쉘" */
    0xc, 0x33, 0xc, 0x33, 0x1e, 0x33, 0x77, 0xb3,
    0x61, 0x33, 0x0, 0xb3, 0xff, 0xb3, 0xc, 0x33,
    0xd, 0xf3, 0xc, 0x33, 0x0, 0x0, 0x1f, 0xff,
    0x0, 0x3, 0x1f, 0xff, 0x18, 0x0, 0x18, 0x0,
    0x18, 0x0, 0x1f, 0xff,

    /* U+C260 "쉠" */
    0x0, 0x3, 0xc, 0x33, 0xc, 0x33, 0x1c, 0x33,
    0x3e, 0x33, 0xf3, 0xb3, 0x40, 0x33, 0x1, 0xb3,
    0xff, 0xb3, 0xc, 0x33, 0xd, 0xf3, 0xc, 0x33,
    0x0, 0x0, 0x1f, 0xff, 0x18, 0x3, 0x18, 0x3,
    0x18, 0x3, 0x18, 0x3, 0x1f, 0xff,

    /* U+C265 "쉥" */
    0x0, 0x3, 0xc, 0x33, 0xc, 0x33, 0x1c, 0x33,
    0x3e, 0x33, 0x73, 0xb3, 0x60, 0x33, 0x1, 0xb3,
    0xff, 0xb3, 0xc, 0x33, 0xd, 0xf3, 0xc, 0x33,
    0x0, 0x3, 0x7, 0xfc, 0xc, 0x6, 0x18, 0x3,
    0x18, 0x3, 0xc, 0x6, 0x7, 0xfc,

    /* U+C26C "쉬" */
    0x6, 0x6, 0xc, 0xc, 0x18, 0x18, 0x78, 0x31,
    0xf8, 0x67, 0x3c, 0xdc, 0x19, 0xa0, 0x3, 0x0,
    0x17, 0xff, 0xec, 0x18, 0x18, 0x30, 0x30, 0x60,
    0x60, 0xc0, 0xc1, 0x81, 0x83, 0x3, 0x6, 0x6,
    0xc, 0xc,

    /* U+C26D "쉭" */
    0x6, 0x6, 0xc, 0xc, 0x18, 0x18, 0x78, 0x31,
    0x9c, 0x6e, 0x1c, 0xc8, 0x1, 0x80, 0x7b, 0xff,
    0xf6, 0xc, 0xc, 0x18, 0x18, 0x30, 0x1, 0xff,
    0xe0, 0x0, 0xc0, 0x1, 0x80, 0x3, 0x0, 0x6,
    0x0, 0xc,

    /* U+C270 "쉰" */
    0x0, 0x6, 0x6, 0x6, 0x7, 0x6, 0x7, 0x6,
    0x7, 0x6, 0xd, 0x86, 0x1d, 0xe6, 0x78, 0x66,
    0x20, 0x6, 0x0, 0x6, 0xff, 0xf6, 0x7f, 0xe6,
    0x6, 0x6, 0x6, 0x6, 0x18, 0x0, 0x18, 0x0,
    0x18, 0x0, 0x18, 0x0, 0x1f, 0xff,

    /* U+C274 "쉴" */
    0x0, 0x6, 0x6, 0x6, 0x7, 0x6, 0xf, 0x6,
    0x1d, 0xc6, 0x78, 0xe6, 0x70, 0x26, 0x0, 0x6,
    0xff, 0xf6, 0x6, 0x6, 0x6, 0x0, 0x1f, 0xfe,
    0x0, 0x6, 0x0, 0x6, 0x1f, 0xfe, 0x18, 0x0,
    0x18, 0x0, 0x18, 0x0, 0x1f, 0xff,

    /* U+C27C "쉼" */
    0x0, 0x6, 0x0, 0xc, 0x18, 0x18, 0x38, 0x30,
    0xf0, 0x67, 0xb8, 0xdc, 0x39, 0x80, 0x3, 0xff,
    0xf7, 0xff, 0xcc, 0x18, 0x18, 0x30, 0x0, 0x60,
    0x3, 0xff, 0xc6, 0x1, 0x8c, 0x3, 0x18, 0x6,
    0x30, 0xc, 0x7f, 0xf8,

    /* U+C27D "쉽" */
    0x6, 0x6, 0xe, 0xc, 0x1c, 0x18, 0x7c, 0x33,
    0x9f, 0x6e, 0xc, 0xc0, 0x1, 0xff, 0xfb, 0xff,
    0xe6, 0xc, 0xc, 0x18, 0x0, 0x0, 0x1, 0x80,
    0x63, 0xff, 0xc6, 0x1, 0x8c, 0x3, 0x18, 0x6,
    0x3f, 0xfc,

    /* U+C27F "쉿" */
    0x0, 0x6, 0x7, 0x6, 0x7, 0x6, 0x7, 0x6,
    0xd, 0x86, 0x38, 0xf6, 0x30, 0x66, 0x0, 0x6,
    0xff, 0xf6, 0x7f, 0xe6, 0x6, 0x6, 0x6, 0x6,
    0x6, 0x66, 0x0, 0x60, 0x0, 0xf0, 0x3, 0x98,
    0x1f, 0xf, 0x1c, 0x3,

    /* U+C281 "슁" */
    0x0, 0x6, 0xc, 0xc, 0x18, 0x18, 0x78, 0x31,
    0xd8, 0x6f, 0x1c, 0xc8, 0x9, 0x80, 0x3, 0xff,
    0xf6, 0xc, 0xc, 0x18, 0x18, 0x30, 0x30, 0x7f,
    0x83, 0x81, 0x86, 0x1, 0x8c, 0x3, 0xc, 0xc,
    0xf, 0xf0,

    /* U+C288 "슈" */
    0x1, 0xc0, 0x0, 0xe0, 0x0, 0x70, 0x0, 0x38,
    0x0, 0x36, 0x0, 0x71, 0xc1, 0xf0, 0x7c, 0xe0,
    0xe, 0x0, 0x0, 0x0, 0x0, 0x3f, 0xff, 0xe1,
    0x83, 0x0, 0xc1, 0x80, 0x60, 0xc0, 0x30, 0x60,
    0x18, 0x30, 0xc, 0x18, 0x6, 0xc, 0x0,

    /* U+C289 "슉" */
    0x1, 0xc0, 0x0, 0xe0, 0x0, 0xf0, 0x0, 0xec,
    0x0, 0xe3, 0x83, 0xe0, 0xf9, 0x80, 0x8, 0x0,
    0x0, 0xff, 0xff, 0x86, 0x1c, 0x3, 0xe, 0x1,
    0x87, 0x3, 0xff, 0xe0, 0x0, 0x30, 0x0, 0x18,
    0x0, 0xc, 0x0, 0x6, 0x0, 0x3, 0x0,

    /* U+C290 "슐" */
    0x1, 0x80, 0x0, 0xe0, 0x0, 0xf0, 0x1, 0xee,
    0x7, 0xc3, 0xf3, 0x80, 0x70, 0x0, 0x1, 0xff,
    0xff, 0xc, 0x30, 0x6, 0x18, 0xf, 0xff, 0x0,
    0x1, 0x80, 0x0, 0xc1, 0xff, 0xe0, 0xc0, 0x0,
    0x60, 0x0, 0x30, 0x0, 0x1f, 0xff, 0x0,

    /* U+C298 "슘" */
    0x1, 0x80, 0x0, 0xc0, 0x0, 0xf0, 0x0, 0xfc,
    0x0, 0xe7, 0x83, 0xe0, 0xf9, 0x80, 0x18, 0x0,
    0x0, 0xff, 0xff, 0x86, 0x18, 0x3, 0xc, 0x1,
    0x86, 0x3, 0xff, 0xc1, 0x80, 0x60, 0xc0, 0x30,
    0x60, 0x18, 0x30, 0xc, 0x1f, 0xfe, 0x0,

    /* U+C29B "슛" */
    0x1, 0xc0, 0x0, 0xe0, 0x0, 0x70, 0x0, 0x6c,
    0x0, 0xe3, 0x83, 0xe0, 0xf8, 0x80, 0x8, 0x0,
    0x0, 0xff, 0xff, 0x86, 0xc, 0x3, 0x6, 0x1,
    0xbb, 0x0, 0x1c, 0x0, 0x1f, 0x0, 0x1d, 0xc0,
    0xfc, 0x7e, 0x30, 0x6, 0x0,

    /* U+C29D "슝" */
    0x1, 0xc0, 0x0, 0xe0, 0x0, 0x70, 0x0, 0x6c,
    0x0, 0xe3, 0x83, 0xe0, 0xf9, 0xc0, 0x1c, 0x0,
    0x0, 0xff, 0xff, 0x86, 0xc, 0x3, 0x6, 0x1,
    0xff, 0x1, 0xc1, 0xc1, 0x80, 0x70, 0xc0, 0x18,
    0x60, 0x1c, 0x1c, 0x1c, 0x3, 0xf8, 0x0,

    /* U+C2A4 "스" */
    0x1, 0xc0, 0x0, 0xe0, 0x0, 0x70, 0x0, 0x38,
    0x0, 0x3e, 0x0, 0x3b, 0x80, 0x38, 0xe0, 0xf8,
    0x3c, 0x70, 0x7, 0x0, 0x0, 0x0, 0x0, 0x0,
    0x0, 0x0, 0x0, 0x7, 0xff, 0xfc,

    /* U+C2A5 "슥" */
    0x1, 0x80, 0x0, 0xe0, 0x0, 0x70, 0x0, 0x78,
    0x0, 0x77, 0x0, 0xf1, 0xe1, 0xe0, 0x7c, 0x40,
    0x4, 0x0, 0x0, 0x7f, 0xff, 0xc0, 0x0, 0x0,
    0x0, 0x3, 0xff, 0xe0, 0x0, 0x30, 0x0, 0x18,
    0x0, 0xc, 0x0, 0x6, 0x0, 0x3, 0x0,

    /* U+C2A8 "슨" */
    0x1, 0x80, 0x0, 0xc0, 0x0, 0x70, 0x0, 0x78,
    0x0, 0x77, 0x0, 0xf1, 0xe1, 0xe0, 0x78, 0x40,
    0x4, 0x0, 0x0, 0x7f, 0xff, 0xc0, 0x0, 0x0,
    0x0, 0x0, 0x0, 0x1, 0x80, 0x0, 0xc0, 0x0,
    0x60, 0x0, 0x30, 0x0, 0x1f, 0xff, 0x0,

    /* U+C2AC "슬" */
    0x1, 0x80, 0x0, 0xe0, 0x0, 0xf8, 0x1, 0xce,
    0x7, 0xc3, 0xf3, 0x80, 0x70, 0x0, 0x1, 0xff,
    0xff, 0x0, 0x0, 0x0, 0x0, 0xf, 0xff, 0x0,
    0x1, 0x80, 0x0, 0xc1, 0xff, 0xe0, 0xc0, 0x0,
    0x60, 0x0, 0x30, 0x0, 0x1f, 0xff, 0x0,

    /* U+C2AD "슭" */
    0x1, 0x80, 0x0, 0xc0, 0x0, 0x70, 0x0, 0x7c,
    0x0, 0xe7, 0x83, 0xe0, 0xf9, 0xc0, 0x1c, 0x0,
    0x0, 0xff, 0xff, 0x80, 0x0, 0x0, 0x0, 0x7,
    0xef, 0xc0, 0x30, 0x60, 0x18, 0x30, 0xfc, 0x18,
    0x60, 0xc, 0x30, 0x6, 0x18, 0x43, 0xf, 0xe1,
    0x80,

    /* U+C2B4 "슴" */
    0x1, 0xc0, 0x0, 0xe0, 0x0, 0xf0, 0x0, 0xee,
    0x1, 0xe3, 0xc3, 0xe0, 0xf8, 0x80, 0x8, 0x0,
    0x0, 0xff, 0xff, 0x80, 0x0, 0x0, 0x0, 0x0,
    0x0, 0x3, 0xff, 0xe1, 0x80, 0x30, 0xc0, 0x18,
    0x60, 0xc, 0x30, 0x6, 0x1f, 0xff, 0x0,

    /* U+C2B5 "습" */
    0x1, 0xc0, 0x0, 0xe0, 0x0, 0x70, 0x0, 0x6c,
    0x0, 0xe3, 0x83, 0xe0, 0xf9, 0xc0, 0x1c, 0x0,
    0x0, 0xff, 0xff, 0x80, 0x0, 0x0, 0x0, 0x0,
    0x0, 0x3, 0xff, 0xe1, 0x80, 0x30, 0xc0, 0x18,
    0x60, 0xc, 0x30, 0x6, 0x1f, 0xff, 0x0,

    /* U+C2B7 "슷" */
    0x1, 0xc0, 0x0, 0xe0, 0x0, 0xf8, 0x0, 0xee,
    0x1, 0xe3, 0xc3, 0xe0, 0xf8, 0x80, 0x8, 0x0,
    0x0, 0xff, 0xff, 0x80, 0x0, 0x0, 0x70, 0x0,
    0x38, 0x0, 0x1c, 0x0, 0x1b, 0x0, 0x3d, 0xe0,
    0xf8, 0x3e, 0x20, 0x2, 0x0,

    /* U+C2B9 "승" */
    0x1, 0xc0, 0x0, 0xe0, 0x0, 0x70, 0x0, 0xee,
    0x1, 0xe3, 0xc3, 0xe0, 0xf8, 0x80, 0x8, 0x0,
    0x0, 0xff, 0xff, 0x80, 0x0, 0x0, 0x0, 0x0,
    0xfe, 0x1, 0xc1, 0xc1, 0x80, 0x30, 0xc0, 0x18,
    0x60, 0x1c, 0x1c, 0x1c, 0x3, 0xf8, 0x0,

    /* U+C2DC "시" */
    0x0, 0x6, 0xc, 0xc, 0x18, 0x18, 0x30, 0x30,
    0x60, 0x60, 0xc0, 0xc1, 0x81, 0x87, 0x3, 0xf,
    0x6, 0x1e, 0xc, 0x66, 0x19, 0xc6, 0x3f, 0xe,
    0x6c, 0x4, 0xc0, 0x1, 0x80, 0x3, 0x0, 0x6,
    0x0, 0xc,

    /* U+C2DD "식" */
    0x0, 0x6, 0x0, 0xc, 0x18, 0x18, 0x30, 0x30,
    0x60, 0x60, 0xc0, 0xc3, 0xc1, 0x8c, 0xc3, 0x79,
    0xe6, 0xc0, 0xcc, 0x0, 0x18, 0x0, 0x0, 0x0,
    0x3, 0xff, 0xc0, 0x1, 0x80, 0x3, 0x0, 0x6,
    0x0, 0xc, 0x0, 0x18,

    /* U+C2E0 "신" */
    0x0, 0x6, 0x0, 0xc, 0x30, 0x18, 0x60, 0x30,
    0xe0, 0x61, 0xc0, 0xc3, 0x81, 0x8d, 0x83, 0x3b,
    0x86, 0xe3, 0xcf, 0x83, 0x18, 0x0, 0x30, 0x0,
    0x63, 0x0, 0x6, 0x0, 0xc, 0x0, 0x18, 0x0,
    0x3f, 0xfc,

    /* U+C2E3 "싣" */
    0xc, 0x6, 0x18, 0xc, 0x30, 0x18, 0x70, 0x30,
    0xe0, 0x63, 0x60, 0xce, 0xe1, 0xb8, 0xf3, 0xe0,
    0xe6, 0x0, 0xc, 0x0, 0x0, 0xff, 0xf1, 0x80,
    0x3, 0x0, 0x6, 0x0, 0xc, 0x0, 0x18, 0x0,
    0x3f, 0xfc,

    /* U+C2E4 "실" */
    0xe, 0x6, 0x1c, 0xc, 0x38, 0x18, 0x70, 0x30,
    0xe0, 0x63, 0x60, 0xcc, 0x71, 0xf8, 0x73, 0x40,
    0x6, 0x0, 0x0, 0x7f, 0xf8, 0x0, 0x30, 0x0,
    0x63, 0xff, 0xc6, 0x0, 0xc, 0x0, 0x18, 0x0,
    0x3f, 0xfc,

    /* U+C2EB "싫" */
    0x0, 0x6, 0xe, 0x6, 0xe, 0x6, 0xe, 0x6,
    0xe, 0x6, 0x1b, 0x6, 0x3b, 0x86, 0xf1, 0xe6,
    0xe0, 0x46, 0x0, 0x0, 0x0, 0x18, 0x3f, 0x18,
    0x3f, 0x7f, 0x3, 0x0, 0x3f, 0x3c, 0x30, 0x66,
    0x30, 0x62, 0x30, 0x66, 0x3f, 0xbc,

    /* U+C2EC "심" */
    0xe, 0x6, 0x1c, 0xc, 0x38, 0x18, 0x70, 0x30,
    0xe0, 0x63, 0x60, 0xce, 0xe1, 0xb8, 0xf3, 0xe0,
    0xe6, 0x0, 0xc, 0x0, 0x0, 0xff, 0xf1, 0x80,
    0x63, 0x0, 0xc6, 0x1, 0x8c, 0x3, 0x18, 0x6,
    0x3f, 0xfc,

    /* U+C2ED "십" */
    0x0, 0x6, 0x1c, 0xc, 0x38, 0x18, 0x70, 0x30,
    0xe0, 0x63, 0xc0, 0xc6, 0xc1, 0xb8, 0xe3, 0xe0,
    0xe6, 0x80, 0xc, 0x0, 0x0, 0x0, 0x1, 0x80,
    0x63, 0xff, 0xc6, 0x1, 0x8c, 0x3, 0x18, 0x6,
    0x30, 0xc, 0x7f, 0xf8,

    /* U+C2EF "싯" */
    0x0, 0x6, 0x6, 0x6, 0x6, 0x6, 0x6, 0x6,
    0x6, 0x6, 0xf, 0x6, 0xf, 0x86, 0x19, 0xc6,
    0x70, 0xe6, 0x60, 0x6, 0x0, 0x6, 0x0, 0xc6,
    0x0, 0xc0, 0x0, 0xe0, 0x1, 0xf0, 0x7, 0x38,
    0x1e, 0x1f, 0x18, 0x2,

    /* U+C2F1 "싱" */
    0x0, 0x6, 0xc, 0xc, 0x18, 0x18, 0x30, 0x30,
    0xe0, 0x61, 0xe0, 0xc6, 0xe1, 0x9c, 0xe3, 0xf0,
    0xe6, 0xc0, 0xc, 0x0, 0x18, 0x1f, 0x80, 0xc0,
    0xc3, 0x0, 0xc6, 0x1, 0x8c, 0x3, 0xc, 0xc,
    0xf, 0xf0,

    /* U+C2F6 "싶" */
    0x0, 0x3, 0x0, 0x3, 0x6, 0x3, 0x6, 0x3,
    0x6, 0x3, 0xf, 0x3, 0x1f, 0x83, 0x39, 0xc3,
    0xf0, 0xe3, 0x40, 0x3, 0x0, 0x0, 0x0, 0x0,
    0x1f, 0xff, 0x3, 0x18, 0x3, 0x18, 0x3, 0x18,
    0x3, 0x18, 0x3, 0x18, 0x1f, 0xff,

    /* U+C2F8 "싸" */
    0x0, 0x6, 0x0, 0x3, 0x6, 0x31, 0x83, 0x18,
    0xc1, 0x8c, 0x60, 0xc6, 0x30, 0x63, 0x18, 0x31,
    0x8f, 0x18, 0xc6, 0x1e, 0xf3, 0xf, 0x79, 0x8c,
    0xe6, 0xc6, 0x73, 0x62, 0x10, 0xb0, 0x0, 0x18,
    0x0, 0xc, 0x0, 0x6, 0x0, 0x3, 0x0,

    /* U+C2F9 "싹" */
    0x0, 0x6, 0xc, 0x63, 0x6, 0x31, 0x83, 0x18,
    0xc1, 0x8c, 0x60, 0xc6, 0x3c, 0xf7, 0x9e, 0x7b,
    0xcc, 0x67, 0x36, 0x23, 0x9b, 0x0, 0x81, 0x80,
    0x0, 0x1, 0xff, 0xe0, 0x0, 0x30, 0x0, 0x18,
    0x0, 0xc, 0x0, 0x6, 0x0, 0x3, 0x0, 0x1,
    0x80,

    /* U+C2FB "싻" */
    0x0, 0x3, 0x0, 0x0, 0xc1, 0x8c, 0x30, 0x63,
    0xc, 0x18, 0xc3, 0x6, 0x78, 0xf3, 0xde, 0x31,
    0xbe, 0xcc, 0xe7, 0x3b, 0x10, 0x80, 0xc0, 0x0,
    0x0, 0x0, 0x30, 0x3f, 0xc, 0x0, 0xc3, 0x0,
    0x30, 0xc0, 0xc, 0x78, 0x3, 0x3f, 0x0, 0xfc,
    0xe0, 0x34, 0x18,

    /* U+C2FC "싼" */
    0x0, 0x6, 0x0, 0x3, 0x6, 0x31, 0x83, 0x18,
    0xc1, 0x8c, 0x60, 0xc6, 0x30, 0x63, 0x1e, 0x7b,
    0xcf, 0x3d, 0xe6, 0x37, 0x9b, 0x11, 0xcd, 0x80,
    0x40, 0xc0, 0x0, 0x60, 0xc0, 0x0, 0x60, 0x0,
    0x30, 0x0, 0x18, 0x0, 0xf, 0xff, 0x80,

    /* U+C300 "쌀" */
    0x0, 0x6, 0xc, 0x63, 0x6, 0x31, 0x83, 0x18,
    0xf3, 0x9e, 0x79, 0xef, 0x31, 0x9c, 0xd8, 0x8e,
    0x6c, 0x2, 0x6, 0x0, 0x0, 0x7, 0xff, 0x80,
    0x0, 0xc0, 0x0, 0x60, 0xff, 0xf0, 0x60, 0x0,
    0x30, 0x0, 0x18, 0x0, 0xf, 0xff, 0x80,

    /* U+C308 "쌈" */
    0x18, 0xc6, 0xc, 0x63, 0x6, 0x31, 0x83, 0x18,
    0xc1, 0x8c, 0x79, 0xef, 0x3c, 0xf7, 0x99, 0xce,
    0x6c, 0x42, 0x16, 0x0, 0x3, 0x0, 0x0, 0x3,
    0xff, 0xc1, 0x80, 0x60, 0xc0, 0x30, 0x60, 0x18,
    0x30, 0xc, 0x18, 0x6, 0xf, 0xff, 0x0,

    /* U+C309 "쌉" */
    0x0, 0x6, 0xc, 0x63, 0x6, 0x31, 0x83, 0x18,
    0xc1, 0x8c, 0x79, 0xef, 0x3c, 0xf7, 0x98, 0xce,
    0x6c, 0x67, 0x36, 0x1, 0x3, 0x0, 0x0, 0x0,
    0x0, 0x1, 0x80, 0x60, 0xff, 0xf0, 0x60, 0x18,
    0x30, 0xc, 0x18, 0x6, 0xc, 0x3, 0x7, 0xff,
    0x80,

    /* U+C30C "쌌" */
    0x0, 0x3, 0x6, 0x30, 0xc1, 0x8c, 0x30, 0x63,
    0xc, 0x18, 0xc3, 0xcf, 0x78, 0xf3, 0xde, 0x31,
    0x9c, 0xec, 0x47, 0x1b, 0x0, 0x0, 0xc0, 0x0,
    0x0, 0x18, 0x30, 0x6, 0xc, 0x3, 0x87, 0x0,
    0xf1, 0xe0, 0xee, 0xcc, 0x31, 0xe1, 0x88, 0x10,
    0x20,

    /* U+C30D "쌍" */
    0x0, 0x6, 0xc, 0x63, 0x6, 0x31, 0x83, 0x18,
    0xc1, 0x8c, 0x79, 0xef, 0x3c, 0xf7, 0x98, 0xde,
    0x6c, 0x67, 0x36, 0x1, 0x3, 0x0, 0x1, 0x80,
    0xfe, 0x0, 0xc0, 0xc0, 0xc0, 0x30, 0x60, 0x18,
    0x30, 0xc, 0xc, 0xc, 0x3, 0xfc, 0x0,

    /* U+C313 "쌓" */
    0x0, 0x6, 0x6, 0x31, 0x81, 0x8c, 0x60, 0x63,
    0x18, 0x18, 0xc6, 0xf, 0x79, 0xf3, 0xde, 0x61,
    0x9c, 0xf8, 0x43, 0x16, 0x0, 0x39, 0x80, 0xe,
    0x0, 0x7f, 0xfc, 0x0, 0x0, 0x0, 0x0, 0x0,
    0x3f, 0x80, 0x38, 0x38, 0xc, 0x6, 0x3, 0x83,
    0x80, 0x3f, 0x80,

    /* U+C314 "쌔" */
    0x0, 0x33, 0x33, 0x33, 0x33, 0x33, 0x33, 0x33,
    0x33, 0x33, 0x33, 0x33, 0x33, 0x33, 0x33, 0x3f,
    0x33, 0x3f, 0x7f, 0xb3, 0x7f, 0xb3, 0xcc, 0xf3,
    0xcc, 0xb3, 0x0, 0x33, 0x0, 0x33, 0x0, 0x33,
    0x0, 0x33, 0x0, 0x3,

    /* U+C315 "쌕" */
    0x0, 0x3, 0x33, 0x33, 0x33, 0x33, 0x33, 0x33,
    0x33, 0x33, 0x33, 0x3f, 0x73, 0x33, 0x7f, 0xb3,
    0xce, 0xf3, 0xcc, 0xf3, 0x0, 0x33, 0x0, 0x0,
    0x1f, 0xff, 0x0, 0x3, 0x0, 0x3, 0x0, 0x3,
    0x0, 0x3, 0x0, 0x3, 0x0, 0x3,

    /* U+C318 "쌘" */
    0x0, 0x3, 0x0, 0x33, 0x33, 0x33, 0x33, 0x33,
    0x33, 0x33, 0x33, 0x33, 0x33, 0x3f, 0x33, 0x3f,
    0x7f, 0xb3, 0xff, 0xb3, 0xcc, 0xf3, 0x0, 0x33,
    0x0, 0x33, 0x18, 0x0, 0x18, 0x0, 0x18, 0x0,
    0x18, 0x0, 0x1f, 0xff,

    /* U+C31C "쌜" */
    0x0, 0x33, 0x33, 0x33, 0x33, 0x33, 0x33, 0x3f,
    0x33, 0x3f, 0x7f, 0xb3, 0x7f, 0xb3, 0xcc, 0xf3,
    0x4, 0x33, 0x0, 0x0, 0x1f, 0xff, 0x0, 0x3,
    0x0, 0x3, 0x1f, 0xff, 0x18, 0x0, 0x18, 0x0,
    0x18, 0x0, 0x1f, 0xff,

    /* U+C324 "쌤" */
    0x0, 0x33, 0x33, 0x33, 0x33, 0x33, 0x33, 0x33,
    0x33, 0x3f, 0x73, 0x3f, 0x7f, 0xb3, 0xdf, 0xf3,
    0xcc, 0xf3, 0x0, 0x33, 0x0, 0x0, 0x1f, 0xff,
    0x18, 0x3, 0x18, 0x3, 0x18, 0x3, 0x18, 0x3,
    0x18, 0x3, 0x1f, 0xff,

    /* U+C325 "쌥" */
    0x0, 0x33, 0x33, 0x33, 0x33, 0x33, 0x33, 0x33,
    0x33, 0x3f, 0x33, 0x3f, 0x7f, 0xb3, 0xff, 0xb3,
    0xcc, 0xf3, 0x0, 0x33, 0x0, 0x0, 0x0, 0x0,
    0x18, 0x3, 0x1f, 0xff, 0x18, 0x3, 0x18, 0x3,
    0x18, 0x3, 0x18, 0x3, 0x1f, 0xff,

    /* U+C328 "쌨" */
    0x0, 0x33, 0x19, 0x99, 0x8c, 0xcc, 0xc6, 0x66,
    0x63, 0x33, 0xf1, 0x99, 0xf9, 0xfe, 0xcd, 0xbf,
    0xe6, 0xcc, 0xf3, 0x0, 0x19, 0x80, 0x0, 0x0,
    0xc3, 0x0, 0x61, 0x80, 0x70, 0xe0, 0x7c, 0xf8,
    0x77, 0xce, 0x71, 0xe3, 0x80, 0x40, 0x0,

    /* U+C329 "쌩" */
    0x0, 0x3, 0x0, 0x33, 0x33, 0x33, 0x33, 0x33,
    0x33, 0x33, 0x33, 0x3f, 0x73, 0x33, 0x7f, 0xb3,
    0xde, 0xf3, 0xcc, 0xf3, 0x0, 0x33, 0x0, 0x3,
    0x3, 0xf8, 0xe, 0xe, 0xc, 0x3, 0x18, 0x3,
    0xc, 0x3, 0xe, 0xe, 0x3, 0xf8,

    /* U+C345 "썅" */
    0x0, 0x6, 0xc, 0x63, 0x6, 0x31, 0xe3, 0x18,
    0xc3, 0x8c, 0x61, 0xef, 0x31, 0xff, 0xde, 0xce,
    0x6c, 0x42, 0x16, 0x0, 0x3, 0x0, 0x1, 0x80,
    0xfe, 0x0, 0xc0, 0xc0, 0xc0, 0x30, 0x60, 0x18,
    0x30, 0xc, 0xc, 0xc, 0x3, 0xfc, 0x0,

    /* U+C368 "써" */
    0x0, 0x3, 0x18, 0xc3, 0x18, 0xc3, 0x18, 0xc3,
    0x18, 0xc3, 0x18, 0xc3, 0x18, 0xdf, 0x18, 0xdf,
    0x18, 0xc3, 0x3d, 0xe3, 0x3d, 0xe3, 0x67, 0x33,
    0xe7, 0x3b, 0x42, 0x13, 0x0, 0x3, 0x0, 0x3,
    0x0, 0x3, 0x0, 0x3,

    /* U+C369 "썩" */
    0x0, 0x3, 0x18, 0xc3, 0x18, 0xc3, 0x18, 0xc3,
    0x18, 0xc3, 0x18, 0xdf, 0x3d, 0xe3, 0x3d, 0xe3,
    0x67, 0x33, 0x47, 0x13, 0x2, 0x3, 0x0, 0x0,
    0x1f, 0xff, 0x0, 0x3, 0x0, 0x3, 0x0, 0x3,
    0x0, 0x3, 0x0, 0x3, 0x0, 0x3,

    /* U+C36C "썬" */
    0x0, 0x3, 0x0, 0x1, 0x86, 0x30, 0xc3, 0x18,
    0x61, 0x8c, 0x30, 0xc6, 0xf8, 0x63, 0x7c, 0x7b,
    0xc6, 0x3d, 0xe3, 0x33, 0x99, 0x99, 0xc4, 0xc0,
    0x40, 0x60, 0x0, 0x30, 0x60, 0x0, 0x30, 0x0,
    0x18, 0x0, 0xc, 0x0, 0x7, 0xff, 0xc0,

    /* U+C370 "썰" */
    0x0, 0x3, 0xc, 0x61, 0x86, 0x30, 0xc3, 0x1b,
    0xe3, 0x8f, 0xf1, 0xef, 0x19, 0xbe, 0xcc, 0xce,
    0x66, 0x2, 0x3, 0x0, 0x0, 0x7, 0xff, 0xc0,
    0x0, 0x60, 0x0, 0x30, 0xff, 0xf8, 0x70, 0x0,
    0x38, 0x0, 0x1c, 0x0, 0xf, 0xff, 0xc0,

    /* U+C372 "썲" */
    0x0, 0x6, 0x63, 0xc, 0xc6, 0x19, 0x8c, 0x33,
    0x9b, 0xe7, 0x38, 0xdb, 0xf1, 0xe7, 0xbb, 0xc6,
    0x26, 0x0, 0xc, 0x0, 0x1, 0xfb, 0xf0, 0x36,
    0x60, 0x6c, 0xcf, 0xd9, 0x98, 0x33, 0x30, 0x66,
    0x60, 0xcc, 0xfd, 0xf8,

    /* U+C378 "썸" */
    0x0, 0x3, 0x18, 0xc3, 0x18, 0xc3, 0x18, 0xdf,
    0x18, 0xdf, 0x3d, 0xe3, 0x3d, 0xe3, 0x67, 0x33,
    0x47, 0x13, 0x0, 0x3, 0x0, 0x0, 0xf, 0xff,
    0xc, 0x3, 0xc, 0x3, 0xc, 0x3, 0xc, 0x3,
    0xc, 0x3, 0xf, 0xff,

    /* U+C379 "썹" */
    0x0, 0x3, 0x18, 0xc3, 0x18, 0xc3, 0x18, 0xc3,
    0x18, 0xdf, 0x39, 0xe3, 0x3d, 0xe3, 0x6f, 0xb3,
    0x67, 0x33, 0x2, 0x3, 0x0, 0x0, 0x0, 0x0,
    0xc, 0x3, 0xf, 0xff, 0xc, 0x3, 0xc, 0x3,
    0xc, 0x3, 0xc, 0x3, 0xf, 0xff,

    /* U+C37C "썼" */
    0x0, 0x3, 0x6, 0x30, 0xc1, 0x8c, 0x30, 0x63,
    0x3c, 0x18, 0xcf, 0xf, 0x78, 0xc3, 0xde, 0x31,
    0x9c, 0xec, 0x47, 0x13, 0x0, 0x0, 0xc0, 0x0,
    0x0, 0x18, 0x30, 0x6, 0xc, 0x3, 0x87, 0x80,
    0xf1, 0xe0, 0xe6, 0xcc, 0x31, 0xe1, 0x88, 0x10,
    0x20,

    /* U+C37D "썽" */
    0x0, 0x3, 0x18, 0xc3, 0x18, 0xc3, 0x18, 0xc3,
    0x18, 0xdf, 0x3d, 0xe3, 0x3d, 0xe3, 0x67, 0x33,
    0x67, 0x33, 0x42, 0x3, 0x0, 0x3, 0x3, 0xf8,
    0xe, 0xe, 0x1c, 0x3, 0x18, 0x3, 0x1c, 0x3,
    0xe, 0xe, 0x3, 0xf8,

    /* U+C384 "쎄" */
    0x0, 0x1b, 0x33, 0x1b, 0x33, 0x1b, 0x33, 0x1b,
    0x33, 0x1b, 0x33, 0x1b, 0x33, 0x7b, 0x33, 0x7b,
    0x33, 0x1b, 0x7f, 0x9b, 0x7f, 0x9b, 0xcc, 0xdb,
    0xcc, 0x5b, 0x0, 0x1b, 0x0, 0x1b, 0x0, 0x1b,
    0x0, 0x1b, 0x0, 0x3,

    /* U+C388 "쎈" */
    0x0, 0x1b, 0x0, 0x1b, 0x33, 0x1b, 0x33, 0x1b,
    0x33, 0x1b, 0x33, 0x7b, 0x33, 0x7b, 0x73, 0x9b,
    0x7f, 0x9b, 0xde, 0xdb, 0xcc, 0xdb, 0x0, 0x1b,
    0x0, 0x1b, 0x18, 0x0, 0x18, 0x0, 0x18, 0x0,
    0x18, 0x0, 0x1f, 0xff,

    /* U+C38C "쎌" */
    0x33, 0x1b, 0x33, 0x1b, 0x33, 0x1b, 0x33, 0x7b,
    0x33, 0x1b, 0x7f, 0x9b, 0xff, 0xdb, 0xcc, 0xdb,
    0x0, 0x1b, 0x0, 0x0, 0x1f, 0xff, 0x0, 0x3,
    0x0, 0x3, 0x1f, 0xff, 0x18, 0x0, 0x18, 0x0,
    0x18, 0x0, 0x1f, 0xff,

    /* U+C3C0 "쏀" */
    0x0, 0x1b, 0x0, 0x1b, 0x33, 0x1b, 0x33, 0x7b,
    0x33, 0x7b, 0x33, 0x1b, 0x33, 0x1b, 0x33, 0x7b,
    0x77, 0x9b, 0xff, 0xdb, 0xcc, 0xdb, 0x8c, 0x5b,
    0x0, 0x1b, 0x18, 0x0, 0x18, 0x0, 0x18, 0x0,
    0x18, 0x0, 0x1f, 0xff,

    /* U+C3D8 "쏘" */
    0xc, 0x18, 0x6, 0xc, 0x3, 0x6, 0x3, 0x83,
    0x1, 0xc3, 0xc1, 0xf1, 0xe1, 0xcd, 0x9d, 0xc7,
    0xc7, 0x40, 0x81, 0x0, 0xe0, 0x0, 0x70, 0x0,
    0x38, 0x0, 0x1c, 0x7, 0xff, 0xfc,

    /* U+C3D9 "쏙" */
    0xc, 0x18, 0x6, 0xc, 0x3, 0x6, 0x3, 0xc7,
    0x83, 0xe7, 0xc3, 0x9f, 0x39, 0x87, 0xc, 0x3,
    0x80, 0x1, 0xc0, 0x7f, 0xff, 0xc0, 0x0, 0x0,
    0x0, 0x3, 0xff, 0xe0, 0x0, 0x30, 0x0, 0x18,
    0x0, 0xc, 0x0, 0x6, 0x0, 0x3, 0x0,

    /* U+C3DC "쏜" */
    0xc, 0x18, 0x6, 0xc, 0x7, 0xe, 0x3, 0xc7,
    0x3, 0x76, 0xc7, 0x9f, 0x3d, 0x6, 0xc, 0x3,
    0x0, 0x1, 0x80, 0x7f, 0xff, 0xc0, 0x0, 0x0,
    0x0, 0x0, 0x0, 0x1, 0x80, 0x0, 0xc0, 0x0,
    0x60, 0x0, 0x30, 0x0, 0x1f, 0xff, 0x0,

    /* U+C3DF "쏟" */
    0xc, 0x18, 0x6, 0xc, 0x7, 0xe, 0x7, 0xcf,
    0x87, 0x3e, 0xf3, 0xe, 0x18, 0x6, 0x0, 0x3,
    0x0, 0xff, 0xff, 0x80, 0x0, 0x0, 0x0, 0x7,
    0xff, 0xc3, 0x0, 0x1, 0x80, 0x0, 0xc0, 0x0,
    0x60, 0x0, 0x3f, 0xfe, 0x0,

    /* U+C3E0 "쏠" */
    0xc, 0x18, 0x6, 0xc, 0x7, 0xe, 0x3, 0xc7,
    0x83, 0x7e, 0xe3, 0x1e, 0x39, 0x0, 0x0, 0x3,
    0x0, 0xff, 0xff, 0x80, 0x0, 0x0, 0x0, 0x7,
    0xff, 0x80, 0x0, 0xc0, 0x0, 0x60, 0xff, 0xf0,
    0x60, 0x0, 0x30, 0x0, 0x18, 0x0, 0xf, 0xff,
    0x80,

    /* U+C3E2 "쏢" */
    0xc, 0x18, 0x6, 0xc, 0x7, 0x6, 0x3, 0xc7,
    0x83, 0x3e, 0x63, 0xe, 0x19, 0x0, 0x4, 0x3,
    0x80, 0xff, 0xff, 0x80, 0x0, 0xf, 0xdf, 0x80,
    0x6c, 0xc0, 0x36, 0x61, 0xfb, 0x30, 0xc1, 0x98,
    0x60, 0xcc, 0x30, 0x66, 0x1f, 0xbf, 0x0,

    /* U+C3E8 "쏨" */
    0xc, 0x18, 0x6, 0xc, 0x7, 0xf, 0x3, 0xc7,
    0x87, 0x3e, 0x73, 0xe, 0x18, 0x7, 0x0, 0x3,
    0x80, 0xff, 0xff, 0x80, 0x0, 0x0, 0x0, 0x0,
    0x0, 0x3, 0xff, 0xe1, 0x80, 0x30, 0xc0, 0x18,
    0x60, 0xc, 0x30, 0x6, 0x1f, 0xff, 0x0,

    /* U+C3E9 "쏩" */
    0xc, 0x18, 0x6, 0xc, 0x7, 0x6, 0x3, 0xc7,
    0x87, 0x3e, 0x63, 0xe, 0x18, 0x7, 0x0, 0x3,
    0x80, 0xff, 0xff, 0x80, 0x0, 0x0, 0x0, 0x0,
    0x0, 0x3, 0x0, 0x61, 0xff, 0xf0, 0xc0, 0x18,
    0x60, 0xc, 0x30, 0x6, 0x1f, 0xff, 0x0,

    /* U+C3ED "쏭" */
    0xc, 0x18, 0x6, 0xc, 0x7, 0x8f, 0x7, 0xc7,
    0x87, 0x3e, 0x73, 0xe, 0x18, 0x7, 0x0, 0x3,
    0x80, 0xff, 0xff, 0x80, 0x0, 0x1, 0xfc, 0x3,
    0x83, 0x83, 0x0, 0xe1, 0x80, 0x30, 0xc0, 0x38,
    0x38, 0x38, 0x7, 0xf0, 0x0,

    /* U+C3F4 "쏴" */
    0x0, 0x6, 0xc, 0x63, 0x6, 0x31, 0x83, 0x18,
    0xc1, 0x8c, 0x61, 0xef, 0x30, 0xf7, 0x98, 0xce,
    0x6f, 0x42, 0x17, 0x83, 0x83, 0x1, 0xc1, 0x80,
    0xe0, 0xcf, 0xff, 0x63, 0xfe, 0x30, 0x0, 0x18,
    0x0, 0xc, 0x0, 0x6, 0x0, 0x3, 0x0,

    /* U+C3F5 "쏵" */
    0x18, 0xc6, 0xc, 0x63, 0x6, 0x31, 0x87, 0xbc,
    0xc7, 0xfe, 0x7b, 0x39, 0xbd, 0x0, 0x18, 0xe,
    0xc, 0xff, 0xf6, 0x7f, 0xfb, 0x0, 0x1, 0x80,
    0x0, 0x3, 0xff, 0xe0, 0x0, 0x30, 0x0, 0x18,
    0x0, 0xc, 0x0, 0x6, 0x0, 0x3, 0x0,

    /* U+C3F8 "쏸" */
    0x0, 0x6, 0xc, 0x63, 0x6, 0x31, 0x83, 0x18,
    0xc1, 0x8c, 0x61, 0xef, 0x31, 0xdd, 0xde, 0xce,
    0x6f, 0x7, 0x6, 0x3, 0x83, 0x3f, 0xfd, 0x8f,
    0xfe, 0xc7, 0xf8, 0x60, 0x0, 0x30, 0x0, 0x0,
    0x30, 0x0, 0x18, 0x0, 0xc, 0x0, 0x7, 0xff,
    0xc0,

    /* U+C408 "쐈" */
    0x0, 0x6, 0x6, 0x31, 0x81, 0x8c, 0x60, 0x63,
    0x18, 0x3d, 0xe6, 0x1f, 0xf9, 0xf6, 0x73, 0x7c,
    0x1c, 0x18, 0x7, 0x6, 0x3f, 0xfd, 0x86, 0x40,
    0x60, 0x0, 0x0, 0x6, 0x18, 0x3, 0x86, 0x0,
    0xe1, 0xc0, 0x6c, 0xf8, 0x79, 0xe7, 0x88, 0x30,
    0xe0,

    /* U+C410 "쐐" */
    0x0, 0x33, 0x33, 0x33, 0x33, 0x33, 0x33, 0x33,
    0x33, 0x33, 0x73, 0x33, 0x7f, 0xb3, 0xcc, 0xff,
    0xcc, 0xb3, 0xc, 0x33, 0xc, 0x33, 0xc, 0x33,
    0xff, 0xb3, 0xff, 0x33, 0x0, 0x33, 0x0, 0x33,
    0x0, 0x33, 0x0, 0x3,

    /* U+C424 "쐤" */
    0x0, 0x3, 0x19, 0x99, 0x8c, 0xcc, 0xc6, 0x66,
    0x63, 0x33, 0x33, 0xfd, 0xfb, 0x33, 0xfc, 0x0,
    0x66, 0xc, 0x33, 0x7f, 0xd9, 0xb8, 0xc, 0xc0,
    0x0, 0x0, 0x61, 0x80, 0x70, 0xe0, 0x38, 0xf0,
    0x36, 0xfc, 0x71, 0xe7, 0x90, 0x60, 0x80,

    /* U+C42C "쐬" */
    0x0, 0x3, 0x18, 0xc3, 0x18, 0xc3, 0x18, 0xc3,
    0x18, 0xc3, 0x18, 0xc3, 0x3d, 0xe3, 0x7f, 0xf3,
    0xe7, 0x3b, 0x42, 0x13, 0x7, 0x3, 0x7, 0x3,
    0x7, 0xb, 0xff, 0xfb, 0x0, 0x3, 0x0, 0x3,
    0x0, 0x3, 0x0, 0x3,

    /* U+C430 "쐰" */
    0x18, 0xc6, 0x18, 0xc6, 0x18, 0xc6, 0x18, 0xc6,
    0x3d, 0xe6, 0x6f, 0x76, 0x67, 0x36, 0x7, 0x6,
    0x7, 0x6, 0x7, 0xf6, 0xff, 0xf6, 0xff, 0x6,
    0x0, 0x6, 0x0, 0x0, 0x18, 0x0, 0x18, 0x0,
    0x18, 0x0, 0x1f, 0xff,

    /* U+C434 "쐴" */
    0x0, 0x6, 0x18, 0xc6, 0x18, 0xc6, 0x3d, 0xe6,
    0x7f, 0xe6, 0x67, 0x36, 0x7, 0x6, 0x7, 0x6,
    0xff, 0xf6, 0x0, 0x0, 0x1f, 0xfe, 0x0, 0x6,
    0x0, 0x6, 0x1f, 0xfe, 0x18, 0x0, 0x18, 0x0,
    0x18, 0x0, 0x1f, 0xff,

    /* U+C43C "쐼" */
    0x18, 0xc6, 0x31, 0x8c, 0x63, 0x19, 0xef, 0x37,
    0xfe, 0x6c, 0xe6, 0xd0, 0x81, 0x83, 0x83, 0xff,
    0xf7, 0xff, 0xec, 0x0, 0x18, 0x0, 0x1, 0xff,
    0xe3, 0x0, 0xc6, 0x1, 0x8c, 0x3, 0x18, 0x6,
    0x3f, 0xfc,

    /* U+C43D "쐽" */
    0x18, 0xc6, 0x31, 0x8c, 0x63, 0x19, 0xef, 0x36,
    0xf7, 0x6c, 0xe6, 0xc1, 0xc1, 0x83, 0x8b, 0xff,
    0xf7, 0xf8, 0xc, 0x0, 0x0, 0x0, 0x1, 0x80,
    0x63, 0xff, 0xc6, 0x1, 0x8c, 0x3, 0x18, 0x6,
    0x3f, 0xfc,

    /* U+C448 "쑈" */
    0xc, 0x18, 0x6, 0xc, 0x3, 0x6, 0x3, 0x83,
    0x1, 0xc1, 0xc1, 0xf1, 0xe1, 0xdd, 0x9d, 0xc7,
    0xc7, 0x40, 0x81, 0x6, 0xc, 0x3, 0x6, 0x1,
    0x83, 0x0, 0xc1, 0x87, 0xff, 0xfc,

    /* U+C464 "쑤" */
    0xc, 0x18, 0x6, 0xc, 0x3, 0x6, 0x3, 0xc7,
    0x83, 0xe3, 0xe3, 0x9f, 0x39, 0x87, 0xc, 0x0,
    0x0, 0x0, 0x0, 0x7f, 0xff, 0xc0, 0x70, 0x0,
    0x38, 0x0, 0x1c, 0x0, 0xe, 0x0, 0x7, 0x0,
    0x3, 0x80, 0x1, 0xc0, 0x0,

    /* U+C465 "쑥" */
    0xc, 0x18, 0x6, 0xc, 0x7, 0x6, 0x3, 0xc7,
    0x83, 0x77, 0xe7, 0x9f, 0x3d, 0x7, 0x4, 0x0,
    0x0, 0xff, 0xff, 0x80, 0xe0, 0x0, 0x70, 0x0,
    0x38, 0x3, 0xff, 0xe0, 0x0, 0x30, 0x0, 0x18,
    0x0, 0xc, 0x0, 0x6, 0x0, 0x3, 0x0,

    /* U+C468 "쑨" */
    0xc, 0x18, 0x6, 0xc, 0x3, 0x6, 0x3, 0x87,
    0x1, 0xe3, 0xc1, 0xbb, 0x73, 0x8f, 0x1c, 0x83,
    0x0, 0x0, 0x0, 0x7f, 0xff, 0xc0, 0x60, 0x0,
    0x30, 0x0, 0x18, 0x1, 0x80, 0x0, 0xc0, 0x0,
    0x60, 0x0, 0x30, 0x0, 0x1f, 0xff, 0x0,

    /* U+C46C "쑬" */
    0xc, 0x18, 0xe, 0x1c, 0x7, 0xe, 0x6, 0xcd,
    0x8f, 0x3e, 0x72, 0xe, 0x18, 0x0, 0x1, 0xff,
    0xff, 0x1, 0x80, 0x0, 0xc0, 0xf, 0xff, 0x0,
    0x1, 0x80, 0x0, 0xc1, 0xff, 0xe0, 0xc0, 0x0,
    0x60, 0x0, 0x30, 0x0, 0x1f, 0xff, 0x0,

    /* U+C474 "쑴" */
    0xc, 0x18, 0x6, 0xc, 0x7, 0x6, 0x3, 0xc7,
    0x83, 0x77, 0xe7, 0x9f, 0x3d, 0x7, 0x4, 0x0,
    0x0, 0xff, 0xff, 0x80, 0xe0, 0x0, 0x70, 0x0,
    0x38, 0x3, 0xff, 0xe1, 0x80, 0x30, 0xc0, 0x18,
    0x60, 0xc, 0x30, 0x6, 0x1f, 0xff, 0x0,

    /* U+C475 "쑵" */
    0xc, 0x18, 0x6, 0xc, 0x7, 0x6, 0x3, 0xc7,
    0x83, 0x77, 0xe7, 0x9f, 0x3d, 0x7, 0x4, 0x0,
    0x0, 0xff, 0xff, 0x80, 0xe0, 0x0, 0x70, 0x0,
    0x0, 0x3, 0x0, 0x61, 0xff, 0xf0, 0xc0, 0x18,
    0x60, 0xc, 0x30, 0x6, 0x1f, 0xff, 0x0,

    /* U+C479 "쑹" */
    0xc, 0x18, 0x6, 0xc, 0x7, 0x6, 0x3, 0xc7,
    0x83, 0x77, 0xe7, 0x9f, 0x3d, 0x7, 0x4, 0x0,
    0x0, 0xff, 0xff, 0x80, 0xe0, 0x0, 0x70, 0x1,
    0xff, 0x1, 0xc1, 0xc1, 0x80, 0x70, 0xc0, 0x18,
    0x60, 0xc, 0x1c, 0x1c, 0x3, 0xf8, 0x0,

    /* U+C480 "쒀" */
    0x18, 0xc3, 0x18, 0xc3, 0x18, 0xc3, 0x18, 0xc3,
    0x3d, 0xe3, 0x7d, 0xb3, 0x67, 0x3b, 0x42, 0x3,
    0x0, 0xb, 0xff, 0xfb, 0x6, 0x3, 0x6, 0x3,
    0x6, 0x3f, 0x6, 0x3, 0x6, 0x3, 0x6, 0x3,
    0x6, 0x3, 0x6, 0x3,

    /* U+C494 "쒔" */
    0x18, 0xc6, 0xc, 0x63, 0xf, 0x31, 0x87, 0xbc,
    0xc6, 0x73, 0x62, 0x10, 0x30, 0x3, 0xd9, 0xff,
    0xec, 0x6, 0x6, 0x3, 0x1f, 0x1, 0x81, 0x80,
    0x0, 0x0, 0x61, 0x80, 0x70, 0xc0, 0x3c, 0xf0,
    0x77, 0x6c, 0x71, 0xe3, 0x0, 0x20, 0x80,

    /* U+C49C "쒜" */
    0x0, 0x1b, 0x33, 0x1b, 0x33, 0x1b, 0x33, 0x1b,
    0x73, 0x9b, 0x7e, 0xdb, 0xce, 0xdb, 0x4, 0x1b,
    0xf, 0xdb, 0xff, 0xdb, 0xc, 0x1b, 0xc, 0xfb,
    0xc, 0xfb, 0xc, 0x1b, 0xc, 0x1b, 0xc, 0x1b,
    0x0, 0x1b, 0x0, 0x3,

    /* U+C4B8 "쒸" */
    0x18, 0xc3, 0x18, 0xc3, 0x18, 0xc3, 0x18, 0xc3,
    0x3d, 0xe3, 0x7f, 0xb3, 0x67, 0x33, 0x2, 0x3,
    0x0, 0xb, 0xff, 0xfb, 0x7, 0x3, 0x7, 0x3,
    0x7, 0x3, 0x7, 0x3, 0x7, 0x3, 0x7, 0x3,
    0x7, 0x3, 0x7, 0x3,

    /* U+C4BC "쒼" */
    0x18, 0xc3, 0x18, 0xc3, 0x18, 0xc3, 0x18, 0xe3,
    0x1d, 0xe3, 0x37, 0xf3, 0x67, 0x3b, 0x2, 0x13,
    0x0, 0x3, 0x7f, 0xfb, 0x7f, 0xf3, 0x3, 0x3,
    0x3, 0x3, 0x18, 0x0, 0x18, 0x0, 0x18, 0x0,
    0x18, 0x0, 0x1f, 0xff,

    /* U+C4E9 "쓩" */
    0xc, 0x18, 0x6, 0xc, 0x3, 0x6, 0x3, 0xc7,
    0x83, 0x77, 0xe7, 0x9f, 0x3d, 0x7, 0x4, 0x0,
    0x0, 0xff, 0xff, 0x86, 0xc, 0x3, 0x6, 0x1,
    0xff, 0x1, 0xc1, 0xc1, 0x80, 0x30, 0xc0, 0x18,
    0x60, 0xc, 0x1c, 0x1c, 0x3, 0xf8, 0x0,

    /* U+C4F0 "쓰" */
    0xc, 0x18, 0x6, 0xc, 0x3, 0x6, 0x1, 0x83,
    0x1, 0xc1, 0xc0, 0xf1, 0xe0, 0xd8, 0xd8, 0xe6,
    0xce, 0xe1, 0xc3, 0x80, 0x40, 0x0, 0x0, 0x0,
    0x0, 0x0, 0x0, 0x7, 0xff, 0xfc,

    /* U+C4F1 "쓱" */
    0xc, 0x18, 0x6, 0xc, 0x7, 0x6, 0x3, 0xc7,
    0x83, 0x77, 0x67, 0x1f, 0x39, 0x6, 0x4, 0x0,
    0x0, 0xff, 0xff, 0x80, 0x0, 0x0, 0x0, 0x0,
    0x0, 0x3, 0xff, 0xe0, 0x0, 0x30, 0x0, 0x18,
    0x0, 0xc, 0x0, 0x6, 0x0, 0x3, 0x0,

    /* U+C4F4 "쓴" */
    0xc, 0x18, 0x6, 0xc, 0x3, 0x6, 0x3, 0x87,
    0x1, 0xe3, 0xc1, 0xbb, 0x71, 0x8f, 0x1c, 0x83,
    0x0, 0x0, 0x0, 0x7f, 0xff, 0xc0, 0x0, 0x0,
    0x0, 0x0, 0x0, 0x1, 0x80, 0x0, 0xc0, 0x0,
    0x60, 0x0, 0x30, 0x0, 0x1f, 0xff, 0x0,

    /* U+C4F8 "쓸" */
    0xc, 0x18, 0xe, 0x1c, 0x7, 0xe, 0x6, 0xcd,
    0x8f, 0x3e, 0x72, 0xe, 0x18, 0x0, 0x1, 0xff,
    0xff, 0x0, 0x0, 0x0, 0x0, 0xf, 0xff, 0x0,
    0x1, 0x80, 0x0, 0xc1, 0xff, 0xe0, 0xc0, 0x0,
    0x60, 0x0, 0x30, 0x0, 0x1f, 0xff, 0x0,

    /* U+C4FA "쓺" */
    0xc, 0x18, 0x6, 0xc, 0x7, 0x8f, 0x7, 0xef,
    0xcf, 0x3e, 0x7a, 0xe, 0x8, 0x0, 0x1, 0xff,
    0xff, 0x0, 0x0, 0x0, 0x0, 0xf, 0xdf, 0x80,
    0x6c, 0xc0, 0x36, 0x61, 0xfb, 0x30, 0xc1, 0x98,
    0x60, 0xcc, 0x30, 0x66, 0x1f, 0xbf, 0x0,

    /* U+C4FF "쓿" */
    0xc, 0x18, 0x6, 0xc, 0x7, 0x8f, 0x7, 0xcf,
    0xcf, 0x3e, 0x7a, 0xe, 0x8, 0x0, 0x1, 0xff,
    0xff, 0x0, 0x0, 0x0, 0xc, 0xf, 0xc6, 0x0,
    0x7f, 0xe0, 0x30, 0x1, 0xf9, 0xe0, 0xc1, 0x98,
    0x60, 0xc6, 0x30, 0x66, 0x1f, 0xde, 0x0,

    /* U+C500 "씀" */
    0xc, 0x18, 0x6, 0xc, 0x7, 0x6, 0x3, 0xc7,
    0x83, 0x77, 0x63, 0x1f, 0x19, 0x3, 0x4, 0x0,
    0x0, 0xff, 0xff, 0x80, 0x0, 0x0, 0x0, 0x7,
    0xff, 0xc3, 0x0, 0x61, 0x80, 0x30, 0xc0, 0x18,
    0x60, 0xc, 0x30, 0x6, 0x1f, 0xff, 0x0,

    /* U+C501 "씁" */
    0xc, 0x18, 0x6, 0xc, 0x7, 0x6, 0x3, 0xc7,
    0x83, 0x77, 0xe7, 0x9f, 0x3d, 0x7, 0x4, 0x0,
    0x0, 0xff, 0xff, 0x80, 0x0, 0x0, 0x0, 0x0,
    0x0, 0x3, 0x0, 0x61, 0xff, 0xf0, 0xc0, 0x18,
    0x60, 0xc, 0x30, 0x6, 0x1f, 0xff, 0x0,

    /* U+C50C "씌" */
    0x0, 0x3, 0x0, 0x3, 0x18, 0xc3, 0x18, 0xc3,
    0x18, 0xc3, 0x18, 0xc3, 0x3d, 0xe3, 0x3d, 0xe3,
    0x67, 0x3b, 0x47, 0x1b, 0x0, 0x3, 0x0, 0x3,
    0x0, 0xb, 0xff, 0xfb, 0x0, 0x3, 0x0, 0x3,
    0x0, 0x3, 0x0, 0x3,

    /* U+C510 "씐" */
    0x18, 0xc6, 0x18, 0xc6, 0x18, 0xc6, 0x18, 0xc6,
    0x38, 0xc6, 0x3d, 0xe6, 0x6f, 0x36, 0x67, 0x36,
    0x0, 0x6, 0x0, 0x76, 0xff, 0xf6, 0xfe, 0x6,
    0x0, 0x6, 0x18, 0x0, 0x18, 0x0, 0x18, 0x0,
    0x18, 0x0, 0x1f, 0xff,

    /* U+C514 "씔" */
    0x0, 0x6, 0x18, 0xc6, 0x18, 0xc6, 0x39, 0xc6,
    0x3d, 0xe6, 0xe7, 0x36, 0x46, 0x6, 0x0, 0x6,
    0xff, 0xf6, 0x0, 0x6, 0x0, 0x0, 0x1f, 0xfe,
    0x0, 0x6, 0x0, 0x6, 0x1f, 0xfe, 0x18, 0x0,
    0x18, 0x0, 0x18, 0x0, 0x1f, 0xff,

    /* U+C51C "씜" */
    0x0, 0x6, 0x31, 0x8c, 0x63, 0x18, 0xc6, 0x33,
    0xde, 0x6f, 0xfc, 0xd9, 0xcd, 0x81, 0x3, 0x0,
    0xf7, 0xff, 0xec, 0x0, 0x18, 0x0, 0x0, 0x0,
    0x3, 0xff, 0xc6, 0x1, 0x8c, 0x3, 0x18, 0x6,
    0x30, 0xc, 0x7f, 0xf8,

    /* U+C528 "씨" */
    0x0, 0x3, 0x0, 0x3, 0x18, 0xc3, 0x18, 0xc3,
    0x18, 0xc3, 0x18, 0xc3, 0x18, 0xc3, 0x18, 0xc3,
    0x18, 0xc3, 0x3d, 0xe3, 0x3d, 0xe3, 0x67, 0x33,
    0xe7, 0x3b, 0x42, 0x13, 0x0, 0x3, 0x0, 0x3,
    0x0, 0x3, 0x0, 0x3,

    /* U+C529 "씩" */
    0x0, 0x3, 0x18, 0xc3, 0x18, 0xc3, 0x18, 0xc3,
    0x18, 0xc3, 0x18, 0xc3, 0x3d, 0xe3, 0x3d, 0xe3,
    0x67, 0x33, 0x47, 0x13, 0x2, 0x3, 0x0, 0x0,
    0x1f, 0xff, 0x0, 0x3, 0x0, 0x3, 0x0, 0x3,
    0x0, 0x3, 0x0, 0x3, 0x0, 0x3,

    /* U+C52C "씬" */
    0x0, 0x3, 0x0, 0x1, 0x86, 0x30, 0xc3, 0x18,
    0x61, 0x8c, 0x30, 0xc6, 0x18, 0x63, 0xc, 0x7b,
    0xc6, 0x3d, 0xe3, 0x33, 0x99, 0x91, 0xc4, 0xc0,
    0x40, 0x60, 0x0, 0x30, 0xc0, 0x0, 0x60, 0x0,
    0x30, 0x0, 0x18, 0x0, 0xf, 0xff, 0xc0,

    /* U+C530 "씰" */
    0x0, 0x3, 0xc, 0x61, 0x86, 0x30, 0xc3, 0x18,
    0x63, 0x9e, 0x31, 0xef, 0x19, 0x9c, 0xcc, 0xce,
    0x36, 0x2, 0x3, 0x0, 0x0, 0x7, 0xff, 0xc0,
    0x0, 0x60, 0x0, 0x30, 0xff, 0xf8, 0x70, 0x0,
    0x38, 0x0, 0x1c, 0x0, 0xf, 0xff, 0xc0,

    /* U+C538 "씸" */
    0x0, 0x3, 0x18, 0xc3, 0x18, 0xc3, 0x18, 0xc3,
    0x18, 0xc3, 0x3d, 0xe3, 0x3d, 0xe3, 0xe7, 0x3b,
    0x43, 0x13, 0x0, 0x3, 0x0, 0x0, 0xf, 0xff,
    0xc, 0x3, 0xc, 0x3, 0xc, 0x3, 0xc, 0x3,
    0xc, 0x3, 0xf, 0xff,

    /* U+C539 "씹" */
    0x0, 0x3, 0x18, 0xc3, 0x18, 0xc3, 0x18, 0xc3,
    0x18, 0xc3, 0x3d, 0xe3, 0x3d, 0xe3, 0x67, 0x33,
    0x67, 0x3b, 0x2, 0x3, 0x0, 0x0, 0x0, 0x0,
    0xc, 0x3, 0xf, 0xff, 0xc, 0x3, 0xc, 0x3,
    0xc, 0x3, 0xc, 0x3, 0xf, 0xff,

    /* U+C53B "씻" */
    0x0, 0x3, 0xc, 0x61, 0x86, 0x30, 0xc3, 0x18,
    0x61, 0x8c, 0x31, 0xc7, 0x18, 0xf7, 0x8c, 0xce,
    0x66, 0x67, 0x3b, 0x1, 0x1, 0x80, 0x0, 0xc0,
    0xc, 0x60, 0xe, 0x0, 0x7, 0x80, 0x6, 0xe0,
    0xf, 0x3c, 0x1e, 0x7, 0x8c, 0x0, 0x80,

    /* U+C53D "씽" */
    0x0, 0x3, 0x18, 0xc3, 0x18, 0xc3, 0x18, 0xc3,
    0x18, 0xc3, 0x3d, 0xe3, 0x3d, 0xe3, 0x67, 0x33,
    0x67, 0x3b, 0x2, 0x3, 0x0, 0x3, 0x3, 0xf8,
    0xe, 0xe, 0x1c, 0x3, 0x18, 0x3, 0x1c, 0x3,
    0xe, 0xe, 0x3, 0xf8,

    /* U+C544 "아" */
    0x0, 0xc, 0xe, 0x6, 0x1f, 0xc3, 0xc, 0x61,
    0x8e, 0x38, 0xc6, 0xc, 0x63, 0x6, 0x31, 0x83,
    0x1f, 0xc1, 0x8c, 0x60, 0xc6, 0x38, 0xe3, 0xc,
    0x61, 0x87, 0xf0, 0xc0, 0xe0, 0x60, 0x0, 0x30,
    0x0, 0x18, 0x0, 0xc, 0x0, 0x6, 0x0,

    /* U+C545 "악" */
    0x0, 0xc, 0xf, 0x6, 0x1f, 0xe3, 0x1c, 0x39,
    0x8c, 0xc, 0xc6, 0x6, 0x7f, 0x3, 0x3f, 0xc3,
    0x98, 0x7f, 0x8c, 0xf, 0x6, 0x0, 0x3, 0x0,
    0x0, 0x3, 0xff, 0xc0, 0x0, 0x60, 0x0, 0x30,
    0x0, 0x18, 0x0, 0xc, 0x0, 0x6, 0x0, 0x3,
    0x0,

    /* U+C548 "안" */
    0x0, 0xc, 0x6, 0x6, 0xf, 0xc3, 0xe, 0x71,
    0x8c, 0x1c, 0xc6, 0x6, 0x63, 0x3, 0x3f, 0x81,
    0x9f, 0x61, 0x8c, 0x3f, 0xc6, 0x7, 0x83, 0x0,
    0x1, 0x80, 0x0, 0xc1, 0xc0, 0x0, 0xe0, 0x0,
    0x70, 0x0, 0x38, 0x0, 0x1f, 0xff, 0x0,

    /* U+C549 "앉" */
    0x0, 0xc, 0x1f, 0x6, 0x18, 0xe3, 0x18, 0x31,
    0x8c, 0x1c, 0xfe, 0xc, 0x61, 0x8e, 0x30, 0x7c,
    0x18, 0x0, 0x0, 0x0, 0x0, 0x0, 0x7f, 0x80,
    0x6, 0x3, 0x3, 0x1, 0x81, 0x80, 0xc1, 0xe0,
    0x6d, 0xf8, 0x3f, 0xce, 0x1e, 0xc3, 0x0, 0x40,
    0x0,

    /* U+C54A "않" */
    0x0, 0xc, 0x1f, 0x86, 0x18, 0x63, 0x18, 0x19,
    0x8c, 0xc, 0xfe, 0x6, 0x61, 0x86, 0x30, 0x7e,
    0x18, 0x0, 0x0, 0x0, 0x0, 0x0, 0x6, 0x6,
    0x3f, 0xe3, 0x0, 0x1, 0x83, 0xe0, 0xc3, 0x18,
    0x61, 0x8c, 0x32, 0xc6, 0x1f, 0x3e, 0x0,

    /* U+C54C "알" */
    0x0, 0xc, 0x1f, 0x86, 0x1c, 0xe3, 0x18, 0x19,
    0x8c, 0xc, 0xfe, 0x6, 0x61, 0x86, 0x30, 0xff,
    0x18, 0xc, 0xc, 0x0, 0x0, 0x0, 0x0, 0x7,
    0xff, 0x80, 0x0, 0xc0, 0x0, 0x60, 0xff, 0xf0,
    0x70, 0x0, 0x38, 0x0, 0x1c, 0x0, 0xf, 0xff,
    0x80,

    /* U+C54D "앍" */
    0x0, 0xc, 0x1f, 0x86, 0x1d, 0xe3, 0x18, 0x31,
    0x8c, 0x18, 0xfe, 0xc, 0x63, 0x8e, 0x30, 0xfe,
    0x18, 0x8, 0xc, 0x0, 0x0, 0x1f, 0xbf, 0x0,
    0xc1, 0x80, 0x60, 0xc3, 0xf0, 0x61, 0x80, 0x30,
    0xc0, 0x18, 0x60, 0xc, 0x3f, 0xc6, 0x0,

    /* U+C54E "앎" */
    0x0, 0xc, 0x1f, 0x86, 0x1c, 0xe3, 0x18, 0x31,
    0x8c, 0x1c, 0xfe, 0xc, 0x63, 0x8e, 0x30, 0xfe,
    0x18, 0x8, 0xc, 0x0, 0x0, 0x1f, 0xbf, 0x0,
    0xd9, 0x80, 0x6c, 0xc3, 0xf6, 0x61, 0x83, 0x30,
    0xc1, 0x98, 0x60, 0xcc, 0x3f, 0x7e, 0x0,

    /* U+C553 "앓" */
    0x0, 0xc, 0x1f, 0x6, 0x18, 0xe3, 0x18, 0x31,
    0x8c, 0x1c, 0xc6, 0xe, 0x7f, 0x6, 0x30, 0xc7,
    0x18, 0x3e, 0xc, 0x0, 0x0, 0x0, 0xe, 0xf,
    0xc7, 0x7, 0xff, 0xf0, 0x30, 0x1, 0xf9, 0xf0,
    0xc1, 0x8c, 0x60, 0xc6, 0x30, 0x63, 0x1f, 0xdf,
    0x0,

    /* U+C554 "암" */
    0x0, 0xc, 0x1f, 0x6, 0x1f, 0xe3, 0x1c, 0x39,
    0x8c, 0xc, 0xfe, 0x6, 0x7f, 0x3, 0x30, 0xe7,
    0x18, 0x3f, 0xc, 0x0, 0x6, 0x0, 0x0, 0x7,
    0xff, 0x83, 0x80, 0xc1, 0xc0, 0x60, 0xe0, 0x30,
    0x70, 0x18, 0x38, 0xc, 0x1f, 0xfe, 0x0,

    /* U+C555 "압" */
    0x0, 0xc, 0x1f, 0x86, 0x1f, 0xe3, 0x1c, 0x39,
    0x8c, 0xc, 0xfe, 0x6, 0x7f, 0x3, 0x30, 0xe7,
    0x18, 0x3f, 0xc, 0x6, 0x6, 0x0, 0x0, 0x0,
    0x0, 0x3, 0x80, 0xc1, 0xff, 0xe0, 0xe0, 0x30,
    0x70, 0x18, 0x38, 0xc, 0x1c, 0x6, 0xf, 0xff,
    0x0,

    /* U+C557 "앗" */
    0x0, 0xc, 0xe, 0x6, 0x1f, 0xc3, 0x1c, 0x71,
    0x8c, 0x18, 0xc6, 0xc, 0x7f, 0x6, 0x31, 0xc3,
    0x18, 0x7f, 0xc, 0xf, 0x6, 0x0, 0x3, 0x0,
    0x31, 0x80, 0x18, 0x0, 0x1e, 0x0, 0xf, 0x0,
    0x1c, 0xe0, 0x7c, 0x3e, 0x18, 0x7, 0x0,

    /* U+C558 "았" */
    0x0, 0xc, 0x1f, 0x6, 0x1f, 0xe3, 0x1c, 0x39,
    0x8c, 0xc, 0xfe, 0x6, 0x7f, 0x3, 0x30, 0xe7,
    0x18, 0x3f, 0xc, 0x0, 0x6, 0x0, 0x0, 0x1,
    0x83, 0x0, 0xc1, 0x80, 0x61, 0xc0, 0x78, 0xf0,
    0x66, 0xdc, 0x63, 0xc7, 0x20, 0x40, 0x0,

    /* U+C559 "앙" */
    0x0, 0xc, 0x1e, 0xc, 0x7f, 0x8c, 0xe1, 0xcc,
    0xc0, 0xcc, 0xc0, 0xcf, 0xc0, 0xcc, 0xe1, 0xcc,
    0x7f, 0x8c, 0x1e, 0xc, 0x0, 0xc, 0x0, 0x0,
    0xf, 0xe0, 0x1c, 0x18, 0x30, 0xc, 0x30, 0xc,
    0x30, 0xc, 0x1c, 0x18, 0xf, 0xf0,

    /* U+C55D "앝" */
    0x0, 0xc, 0x1f, 0x6, 0x18, 0x63, 0x18, 0x19,
    0x8c, 0xc, 0xfe, 0x6, 0x63, 0x87, 0x30, 0xff,
    0x18, 0x3f, 0xc, 0x0, 0x0, 0xf, 0xff, 0x7,
    0x0, 0x3, 0x80, 0x1, 0xff, 0xe0, 0xe0, 0x0,
    0x70, 0x0, 0x38, 0x0, 0x1f, 0xff, 0x0,

    /* U+C55E "앞" */
    0x0, 0xc, 0x1f, 0x6, 0x1f, 0xe3, 0x1c, 0x31,
    0x8c, 0xc, 0xfe, 0x6, 0x7f, 0x6, 0x30, 0xe7,
    0x18, 0x3f, 0xc, 0x0, 0x6, 0x0, 0x0, 0x7,
    0xff, 0xc0, 0x63, 0x0, 0x31, 0x80, 0x18, 0xc0,
    0xc, 0x60, 0x6, 0x30, 0x1f, 0xff, 0x0,

    /* U+C560 "애" */
    0x0, 0x66, 0x78, 0xcd, 0xf9, 0x9b, 0x33, 0x3c,
    0x36, 0x78, 0x6c, 0xf0, 0xd9, 0xe1, 0xbf, 0xc3,
    0x67, 0x86, 0xcf, 0xd, 0x9b, 0x33, 0x37, 0xe6,
    0x67, 0x8c, 0xc0, 0x19, 0x80, 0x33, 0x0, 0x66,
    0x0, 0xc,

    /* U+C561 "액" */
    0x0, 0x36, 0x78, 0x6d, 0xf8, 0xdf, 0x39, 0xbc,
    0x33, 0x78, 0x67, 0xf0, 0xcd, 0xf3, 0x9b, 0x7e,
    0x36, 0x78, 0x6c, 0x0, 0xd8, 0x0, 0x0, 0x0,
    0x3, 0xff, 0xc0, 0x1, 0x80, 0x3, 0x0, 0x6,
    0x0, 0xc, 0x0, 0x18,

    /* U+C564 "앤" */
    0x0, 0x36, 0x10, 0x36, 0x7e, 0x36, 0x7e, 0x36,
    0xc3, 0x36, 0xc3, 0x36, 0xc3, 0x3e, 0xc3, 0x36,
    0xe7, 0x36, 0x7e, 0x36, 0x3c, 0x36, 0x0, 0x36,
    0x0, 0x36, 0x18, 0x0, 0x18, 0x0, 0x18, 0x0,
    0x18, 0x0, 0x1f, 0xff,

    /* U+C568 "앨" */
    0x0, 0x66, 0x3c, 0x66, 0x66, 0x66, 0xc3, 0x66,
    0xc3, 0x7e, 0xc3, 0x66, 0xe7, 0x66, 0x7e, 0x66,
    0x0, 0x66, 0x0, 0x0, 0x1f, 0xfe, 0x0, 0x6,
    0x0, 0x6, 0x1f, 0xfe, 0x18, 0x0, 0x18, 0x0,
    0x18, 0x0, 0x1f, 0xff,

    /* U+C570 "앰" */
    0x0, 0x66, 0x78, 0xcd, 0xf9, 0x9e, 0x1b, 0x3c,
    0x37, 0xf8, 0x6f, 0xf0, 0xd9, 0xbf, 0x33, 0x3c,
    0x66, 0x0, 0xcc, 0x0, 0x0, 0xff, 0xf1, 0x80,
    0x63, 0x0, 0xc6, 0x1, 0x8c, 0x3, 0x18, 0x6,
    0x3f, 0xfc,

    /* U+C571 "앱" */
    0x0, 0x66, 0x78, 0xcd, 0xf9, 0x9e, 0x3b, 0x3c,
    0x37, 0xf8, 0x6f, 0xf0, 0xd9, 0xb3, 0x33, 0x7e,
    0x66, 0x0, 0xcc, 0x0, 0x0, 0x0, 0x1, 0x80,
    0x63, 0xff, 0xc6, 0x1, 0x8c, 0x3, 0x18, 0x6,
    0x30, 0xc, 0x7f, 0xf8,

    /* U+C573 "앳" */
    0x0, 0x66, 0x18, 0x66, 0x7e, 0x66, 0xe7, 0x66,
    0xc3, 0x7e, 0xc3, 0x7e, 0xc3, 0x66, 0xc7, 0x66,
    0x7e, 0x66, 0x3c, 0x66, 0x0, 0x66, 0x0, 0xc6,
    0x0, 0xc0, 0x1, 0xc0, 0x1, 0xe0, 0x7, 0x70,
    0x1e, 0x1e, 0x18, 0xe,

    /* U+C574 "앴" */
    0x0, 0x66, 0x3c, 0x66, 0x7e, 0x66, 0xe3, 0x66,
    0xc1, 0x7e, 0xc1, 0x7e, 0xc1, 0x66, 0x77, 0x66,
    0x3e, 0x66, 0x0, 0x66, 0x0, 0x0, 0x6, 0x18,
    0x6, 0x18, 0xe, 0x38, 0xf, 0x3c, 0x3b, 0x6e,
    0x71, 0xc7, 0x0, 0x80,

    /* U+C575 "앵" */
    0x0, 0x66, 0x78, 0xcd, 0xf9, 0x9f, 0x3b, 0x3c,
    0x37, 0xf8, 0x6f, 0xf0, 0xd9, 0xb3, 0x33, 0x7e,
    0x66, 0x0, 0xcc, 0x0, 0x18, 0x3f, 0x80, 0xc0,
    0xc3, 0x0, 0xc6, 0x1, 0x8c, 0x3, 0xc, 0xc,
    0x7, 0xf0,

    /* U+C57C "야" */
    0x0, 0xc, 0xe, 0x6, 0x1f, 0xc3, 0xc, 0x61,
    0x8e, 0x38, 0xfe, 0xc, 0x7f, 0x6, 0x31, 0x83,
    0x18, 0xc1, 0x8c, 0x60, 0xc6, 0x38, 0xe3, 0xec,
    0x61, 0x87, 0xf0, 0xc0, 0xe0, 0x60, 0x0, 0x30,
    0x0, 0x18, 0x0, 0xc, 0x0, 0x6, 0x0,

    /* U+C57D "약" */
    0x0, 0xc, 0x0, 0x6, 0xf, 0xc3, 0xc, 0x31,
    0xfc, 0xc, 0xc6, 0x6, 0x63, 0x3, 0x3f, 0xc3,
    0x9f, 0x7f, 0x8c, 0xf, 0x6, 0x0, 0x3, 0x0,
    0x0, 0x3, 0xff, 0xc0, 0x0, 0x60, 0x0, 0x30,
    0x0, 0x18, 0x0, 0xc, 0x0, 0x6, 0x0, 0x3,
    0x0,

    /* U+C580 "얀" */
    0x0, 0xc, 0x6, 0x6, 0xf, 0xc3, 0xe, 0x71,
    0xfc, 0x1c, 0xfe, 0x6, 0x63, 0x3, 0x31, 0x81,
    0x98, 0x61, 0x8f, 0xbf, 0xc7, 0xc7, 0x83, 0x0,
    0x1, 0x80, 0x0, 0xc1, 0xc0, 0x0, 0xe0, 0x0,
    0x70, 0x0, 0x38, 0x0, 0x1f, 0xff, 0x0,

    /* U+C584 "얄" */
    0x0, 0xc, 0x1f, 0x86, 0x1c, 0xe3, 0xf8, 0x19,
    0xfc, 0xc, 0xc6, 0x6, 0x7d, 0x86, 0x3e, 0xff,
    0x18, 0xc, 0xc, 0x0, 0x0, 0x0, 0x0, 0x7,
    0xff, 0x80, 0x0, 0xc0, 0x0, 0x60, 0xff, 0xf0,
    0x70, 0x0, 0x38, 0x0, 0x1c, 0x0, 0xf, 0xff,
    0x80,

    /* U+C587 "얇" */
    0x0, 0xc, 0x1f, 0x86, 0x1c, 0xe3, 0xf8, 0x31,
    0xfc, 0x1c, 0xc6, 0xc, 0x7f, 0x8e, 0x3e, 0xfe,
    0x18, 0x8, 0xc, 0x0, 0x0, 0x1f, 0xb3, 0x0,
    0xd9, 0x80, 0x6f, 0xc3, 0xf6, 0x61, 0x83, 0x30,
    0xc1, 0x98, 0x60, 0xcc, 0x3f, 0x7e, 0x0,

    /* U+C58C "얌" */
    0x0, 0xc, 0x1f, 0x6, 0x1f, 0xe3, 0xfc, 0x39,
    0xfc, 0xc, 0xc6, 0x6, 0x63, 0x3, 0x3e, 0xe7,
    0x1f, 0x3f, 0xc, 0x0, 0x6, 0x0, 0x0, 0x7,
    0xff, 0x83, 0x80, 0xc1, 0xc0, 0x60, 0xe0, 0x30,
    0x70, 0x18, 0x38, 0xc, 0x1f, 0xfe, 0x0,

    /* U+C58D "얍" */
    0x0, 0xc, 0x1f, 0x86, 0x1f, 0xe3, 0xfc, 0x39,
    0xfc, 0xc, 0xc6, 0x6, 0x63, 0x3, 0x3e, 0xe7,
    0x1f, 0x3f, 0xc, 0x6, 0x6, 0x0, 0x0, 0x0,
    0x0, 0x3, 0x80, 0xc1, 0xff, 0xe0, 0xe0, 0x30,
    0x70, 0x18, 0x38, 0xc, 0x1c, 0x6, 0xf, 0xff,
    0x0,

    /* U+C58F "얏" */
    0x0, 0xc, 0xe, 0x6, 0x1f, 0xc3, 0x1c, 0x71,
    0xfc, 0x18, 0xc6, 0xc, 0x63, 0x6, 0x31, 0xc3,
    0x1f, 0x7f, 0xf, 0x8f, 0x6, 0x0, 0x3, 0x0,
    0x31, 0x80, 0x18, 0x0, 0x1e, 0x0, 0xf, 0x0,
    0x1c, 0xe0, 0x7c, 0x3e, 0x18, 0x7, 0x0,

    /* U+C591 "양" */
    0x0, 0xc, 0x0, 0xc, 0x3f, 0xc, 0x61, 0x8f,
    0xc0, 0xcc, 0xc0, 0xcc, 0xc0, 0xcf, 0xe1, 0xcf,
    0x7f, 0x8c, 0x1f, 0xc, 0x0, 0xc, 0x0, 0x0,
    0xf, 0xe0, 0x1c, 0x18, 0x30, 0xc, 0x30, 0xc,
    0x30, 0xc, 0x1c, 0x18, 0xf, 0xf0,

    /* U+C595 "얕" */
    0x0, 0xc, 0x1f, 0x86, 0x1c, 0xe3, 0xf8, 0x19,
    0x8c, 0xc, 0xc6, 0x6, 0x7f, 0x87, 0x3e, 0xff,
    0x18, 0x1f, 0xc, 0x0, 0x0, 0xf, 0xff, 0x7,
    0x0, 0x3, 0x80, 0x1, 0xff, 0xe0, 0xe0, 0x0,
    0x70, 0x0, 0x38, 0x0, 0x1f, 0xff, 0x0,

    /* U+C597 "얗" */
    0x0, 0xc, 0x3f, 0x86, 0x38, 0xe3, 0xf8, 0x31,
    0xfc, 0x18, 0xc6, 0xc, 0x7d, 0xfc, 0x3e, 0x7c,
    0x18, 0x1, 0x8c, 0x0, 0xc0, 0xf, 0xff, 0x80,
    0x0, 0x0, 0x0, 0x0, 0x3f, 0x0, 0x70, 0xe0,
    0x30, 0x30, 0x1c, 0x38, 0x3, 0xf0, 0x0,

    /* U+C598 "얘" */
    0x0, 0x66, 0x78, 0xcd, 0xf9, 0x9b, 0x33, 0x3c,
    0x37, 0xf8, 0x6f, 0xf0, 0xd9, 0xe1, 0xb3, 0xc3,
    0x67, 0x86, 0xff, 0xd, 0xfb, 0x33, 0x37, 0xe6,
    0x67, 0x8c, 0xc0, 0x19, 0x80, 0x33, 0x0, 0x66,
    0x0, 0xc,

    /* U+C59C "얜" */
    0x0, 0x36, 0x10, 0x36, 0x7e, 0x36, 0x7e, 0x3e,
    0xc3, 0x3e, 0xc3, 0x36, 0xc3, 0x36, 0xc3, 0x36,
    0xe7, 0x3e, 0x7e, 0x3e, 0x3c, 0x36, 0x0, 0x36,
    0x0, 0x36, 0x18, 0x0, 0x18, 0x0, 0x18, 0x0,
    0x18, 0x0, 0x1f, 0xff,

    /* U+C5A0 "얠" */
    0x0, 0x66, 0x3c, 0x66, 0x66, 0x7e, 0xc3, 0x7e,
    0xc3, 0x66, 0xc3, 0x7e, 0xe7, 0x7e, 0x7e, 0x66,
    0x0, 0x66, 0x0, 0x0, 0x1f, 0xfe, 0x0, 0x6,
    0x0, 0x6, 0x1f, 0xfe, 0x18, 0x0, 0x18, 0x0,
    0x18, 0x0, 0x1f, 0xff,

    /* U+C5A9 "얩" */
    0x0, 0x66, 0x78, 0xcd, 0xf9, 0xfe, 0x3b, 0xfc,
    0x36, 0x78, 0x6c, 0xf0, 0xdf, 0xb3, 0x3f, 0x7e,
    0x66, 0x0, 0xcc, 0x0, 0x0, 0x0, 0x1, 0x80,
    0x63, 0xff, 0xc6, 0x1, 0x8c, 0x3, 0x18, 0x6,
    0x30, 0xc, 0x7f, 0xf8,

    /* U+C5B4 "어" */
    0x0, 0x6, 0x38, 0xd, 0xfc, 0x1b, 0x18, 0x3e,
    0x38, 0x78, 0x30, 0xf0, 0x61, 0xe0, 0xff, 0xc1,
    0x87, 0x83, 0xf, 0x8e, 0x1b, 0x18, 0x37, 0xf0,
    0x63, 0xc0, 0xc0, 0x1, 0x80, 0x3, 0x0, 0x6,
    0x0, 0xc,

    /* U+C5B5 "억" */
    0x0, 0x6, 0x3c, 0xd, 0xfc, 0x1f, 0xc, 0x3c,
    0x1c, 0x78, 0x1f, 0xf0, 0x31, 0xf0, 0xc3, 0x7f,
    0x6, 0x7c, 0xc, 0x0, 0x18, 0x0, 0x1, 0xff,
    0xe0, 0x0, 0xc0, 0x1, 0x80, 0x3, 0x0, 0x6,
    0x0, 0xc, 0x0, 0x18,

    /* U+C5B8 "언" */
    0x0, 0x6, 0x3c, 0xd, 0xfc, 0x1b, 0x9c, 0x3c,
    0x18, 0x78, 0x1f, 0xf0, 0x3f, 0xe0, 0xe3, 0x61,
    0x86, 0xfe, 0xc, 0x78, 0x18, 0x0, 0x30, 0x0,
    0x63, 0x0, 0x6, 0x0, 0xc, 0x0, 0x18, 0x0,
    0x3f, 0xfc,

    /* U+C5B9 "얹" */
    0x0, 0xe, 0x78, 0x1d, 0xfc, 0x3f, 0x18, 0x7c,
    0x18, 0xf8, 0x3f, 0xf0, 0x63, 0xe0, 0x87, 0x63,
    0xe, 0x7c, 0x1c, 0x0, 0x0, 0xf, 0xf0, 0x3,
    0x6, 0x6, 0xc, 0xe, 0x18, 0x3c, 0x36, 0xfc,
    0x7f, 0x9c, 0xf6, 0x18,

    /* U+C5BB "얻" */
    0x0, 0x6, 0x7c, 0xd, 0xfe, 0x1f, 0xc, 0x3c,
    0xf, 0xf8, 0x1f, 0xf0, 0x61, 0xb9, 0xc3, 0x3f,
    0x6, 0x0, 0xc, 0x0, 0x0, 0xff, 0xf1, 0x80,
    0x3, 0x0, 0x6, 0x0, 0xc, 0x0, 0x18, 0x0,
    0x3f, 0xfc,

    /* U+C5BC "얼" */
    0x0, 0x6, 0x7e, 0xd, 0x8e, 0x1e, 0xe, 0x3c,
    0xf, 0xf8, 0x18, 0xf8, 0x61, 0xbf, 0x83, 0xc,
    0x6, 0x0, 0x0, 0x0, 0x0, 0xff, 0xf0, 0x0,
    0x60, 0x0, 0xc7, 0xff, 0x8c, 0x0, 0x18, 0x0,
    0x30, 0x0, 0x7f, 0xf8,

    /* U+C5BD "얽" */
    0x0, 0x6, 0x7c, 0xd, 0x8c, 0x1e, 0xc, 0x3c,
    0xc, 0x78, 0x1f, 0xf0, 0x61, 0xb1, 0xc3, 0x3e,
    0x6, 0x0, 0xc, 0x0, 0x1, 0xfb, 0xf0, 0x30,
    0x60, 0x60, 0xcf, 0xc1, 0x98, 0x3, 0x30, 0x6,
    0x7f, 0x8c, 0xfe, 0x18,

    /* U+C5BE "얾" */
    0x0, 0x6, 0x7e, 0xd, 0x8e, 0x1e, 0xe, 0x3c,
    0xf, 0xf8, 0x18, 0xd8, 0xe1, 0xbf, 0x83, 0x0,
    0x6, 0x0, 0x0, 0xfd, 0xf8, 0x1b, 0x30, 0x36,
    0x67, 0xec, 0xcc, 0x19, 0x98, 0x33, 0x30, 0x66,
    0x7e, 0xfc,

    /* U+C5C4 "엄" */
    0x0, 0x6, 0x7c, 0xd, 0xfe, 0x1f, 0xc, 0x3c,
    0xf, 0xf8, 0x1f, 0xf0, 0x61, 0xb9, 0xc3, 0x3f,
    0x6, 0x0, 0xc, 0x0, 0x0, 0xff, 0xf1, 0x80,
    0x63, 0x0, 0xc6, 0x1, 0x8c, 0x3, 0x18, 0x6,
    0x3f, 0xfc,

    /* U+C5C5 "업" */
    0x0, 0x6, 0x7e, 0xd, 0xfe, 0x1f, 0xc, 0x3c,
    0xf, 0xf8, 0x1f, 0xf0, 0x61, 0xb1, 0xc3, 0x3f,
    0x6, 0x10, 0xc, 0x0, 0x0, 0x0, 0x1, 0x80,
    0x63, 0xff, 0xc6, 0x1, 0x8c, 0x3, 0x18, 0x6,
    0x30, 0xc, 0x7f, 0xf8,

    /* U+C5C6 "없" */
    0x0, 0x6, 0x1f, 0x83, 0x1c, 0xe1, 0x98, 0x30,
    0xcc, 0xf, 0xe6, 0xc, 0x33, 0x86, 0x18, 0xfe,
    0xc, 0x1c, 0x6, 0x0, 0x0, 0x0, 0x0, 0x6,
    0x61, 0x83, 0xf0, 0xc1, 0x98, 0x60, 0xcc, 0x70,
    0x66, 0x2c, 0x33, 0x73, 0x1f, 0xf0, 0xc0,

    /* U+C5C7 "엇" */
    0x0, 0x6, 0x1e, 0x6, 0x7f, 0x6, 0xe1, 0x86,
    0xc0, 0x86, 0xc0, 0xfe, 0xc0, 0x86, 0xe1, 0x86,
    0x7f, 0x6, 0x1e, 0x6, 0x0, 0x6, 0x0, 0xc6,
    0x0, 0xc0, 0x1, 0xe0, 0x3, 0xf0, 0xf, 0x3c,
    0x3c, 0xf, 0x10, 0x2,

    /* U+C5C8 "었" */
    0x0, 0x6, 0x1f, 0x3, 0x1f, 0xe1, 0x9c, 0x30,
    0xcc, 0xf, 0xe6, 0x7, 0xf3, 0x6, 0x18, 0xe7,
    0xc, 0x3f, 0x6, 0x0, 0x3, 0x0, 0x0, 0x1,
    0x83, 0x0, 0xc1, 0x80, 0x60, 0xc0, 0x78, 0xf0,
    0x66, 0xcc, 0x73, 0xe7, 0x0, 0x40, 0x80,

    /* U+C5C9 "엉" */
    0x0, 0x6, 0x3c, 0xd, 0xfc, 0x1f, 0x1c, 0x3c,
    0x18, 0x78, 0x1f, 0xf0, 0x21, 0xe0, 0xc3, 0x63,
    0x6, 0x3c, 0xc, 0x0, 0x18, 0x0, 0x0, 0x7f,
    0x3, 0x81, 0x86, 0x1, 0x8c, 0x3, 0x18, 0x6,
    0x38, 0x38, 0x1f, 0xc0,

    /* U+C5CA "엊" */
    0x0, 0x6, 0x3e, 0x6, 0x7f, 0x86, 0xe1, 0x86,
    0xc0, 0xfe, 0xc0, 0xfe, 0xc1, 0x86, 0x77, 0x86,
    0x3f, 0x6, 0x0, 0x6, 0x0, 0x0, 0x1f, 0xfe,
    0x0, 0xc0, 0x1, 0xe0, 0x3, 0xf0, 0x1f, 0x3e,
    0x1c, 0xe,

    /* U+C5CC "엌" */
    0x0, 0x6, 0x7c, 0xd, 0xfe, 0x1f, 0xc, 0x3c,
    0xf, 0xf8, 0x1f, 0xf0, 0x61, 0xbb, 0xc3, 0x3f,
    0x6, 0x0, 0xc, 0x0, 0x0, 0xff, 0xf0, 0x0,
    0x60, 0x0, 0xcf, 0xff, 0x80, 0x3, 0x0, 0x6,
    0x0, 0xc,

    /* U+C5CE "엎" */
    0x0, 0x6, 0x3e, 0x6, 0x7f, 0x86, 0xe1, 0xc6,
    0xc0, 0xfe, 0xc0, 0xfe, 0xc1, 0xc6, 0x73, 0x86,
    0x3f, 0x6, 0x0, 0x6, 0x0, 0x0, 0x0, 0x0,
    0x3f, 0xff, 0x6, 0x18, 0x6, 0x18, 0x6, 0x18,
    0x6, 0x18, 0x6, 0x18, 0x3f, 0xff,

    /* U+C5D0 "에" */
    0x0, 0x36, 0x78, 0x6d, 0xf8, 0xdb, 0x31, 0xbc,
    0x33, 0x78, 0x66, 0xf0, 0xcd, 0xe1, 0xfb, 0xc3,
    0x37, 0x86, 0x6f, 0xc, 0xdb, 0x31, 0xb7, 0xe3,
    0x67, 0x86, 0xc0, 0xd, 0x80, 0x1b, 0x0, 0x36,
    0x0, 0xc,

    /* U+C5D1 "엑" */
    0x0, 0x36, 0x78, 0x6d, 0xf8, 0xdf, 0x19, 0xbc,
    0x33, 0x78, 0x3e, 0xf0, 0xcd, 0xf1, 0x9b, 0x7e,
    0x36, 0x78, 0x6c, 0x0, 0xd8, 0x0, 0x1, 0xff,
    0xe0, 0x0, 0xc0, 0x1, 0x80, 0x3, 0x0, 0x6,
    0x0, 0xc, 0x0, 0x18,

    /* U+C5D4 "엔" */
    0x0, 0x36, 0x8, 0x36, 0x7e, 0x36, 0x77, 0x36,
    0xc3, 0x36, 0xc1, 0xf6, 0xc1, 0xf6, 0xc3, 0x36,
    0xe3, 0x36, 0x7f, 0x36, 0x3c, 0x36, 0x0, 0x36,
    0x0, 0x36, 0x18, 0x0, 0x18, 0x0, 0x18, 0x0,
    0x18, 0x0, 0x1f, 0xff,

    /* U+C5D8 "엘" */
    0x0, 0x36, 0x3e, 0x36, 0x67, 0x36, 0xc3, 0x36,
    0xc1, 0xf6, 0xc3, 0x36, 0xe3, 0x36, 0x7e, 0x36,
    0x8, 0x36, 0x0, 0x0, 0x1f, 0xfe, 0x0, 0x6,
    0x0, 0x6, 0x1f, 0xfe, 0x18, 0x0, 0x18, 0x0,
    0x18, 0x0, 0x1f, 0xff,

    /* U+C5E0 "엠" */
    0x0, 0x36, 0x78, 0x6d, 0xfc, 0xdf, 0x19, 0xbc,
    0x1f, 0x78, 0x3e, 0xf0, 0xcd, 0xbf, 0x9b, 0x3e,
    0x36, 0x0, 0x6c, 0x0, 0x0, 0xff, 0xf1, 0x80,
    0x63, 0x0, 0xc6, 0x1, 0x8c, 0x3, 0x18, 0x6,
    0x3f, 0xfc,

    /* U+C5E1 "엡" */
    0x0, 0x36, 0x78, 0x6d, 0xfc, 0xdf, 0x19, 0xbc,
    0x1f, 0x78, 0x3e, 0xf0, 0xcd, 0xbb, 0x9b, 0x3e,
    0x36, 0x0, 0x6c, 0x0, 0x0, 0x0, 0x1, 0x80,
    0x63, 0xff, 0xc6, 0x1, 0x8c, 0x3, 0x18, 0x6,
    0x30, 0xc, 0x7f, 0xf8,

    /* U+C5E3 "엣" */
    0x0, 0x36, 0x3c, 0x36, 0x7e, 0x36, 0xe3, 0x36,
    0xc3, 0x36, 0xc3, 0xf6, 0xc3, 0x36, 0xe3, 0x36,
    0x7e, 0x36, 0x3c, 0x36, 0x0, 0x6, 0x0, 0xc6,
    0x0, 0xc0, 0x1, 0xe0, 0x3, 0xf0, 0x7, 0x38,
    0x3e, 0x1f, 0x18, 0x6,

    /* U+C5E5 "엥" */
    0x0, 0x36, 0x78, 0x6d, 0xfc, 0xdf, 0x19, 0xbc,
    0x1f, 0x78, 0x3e, 0xf0, 0xcd, 0xb3, 0x9b, 0x7e,
    0x36, 0x0, 0x6c, 0x0, 0x18, 0x1f, 0x80, 0xc0,
    0xc3, 0x0, 0xc6, 0x1, 0x8c, 0x3, 0xc, 0xc,
    0x7, 0xe0,

    /* U+C5EC "여" */
    0x0, 0x6, 0x38, 0xd, 0xf8, 0x1b, 0x18, 0x3e,
    0x3f, 0xf8, 0x30, 0xf0, 0x61, 0xe0, 0xc3, 0xc1,
    0x87, 0x83, 0xff, 0x8c, 0x1b, 0x18, 0x37, 0xe0,
    0x63, 0x80, 0xc0, 0x1, 0x80, 0x3, 0x0, 0x6,
    0x0, 0xc,

    /* U+C5ED "역" */
    0x0, 0x6, 0x18, 0xc, 0xfc, 0x1b, 0xf, 0xfc,
    0xc, 0x78, 0x18, 0xf0, 0x3f, 0xf0, 0xff, 0x7f,
    0x86, 0x3c, 0xc, 0x0, 0x18, 0x0, 0x1, 0xff,
    0xe0, 0x0, 0xc0, 0x1, 0x80, 0x3, 0x0, 0x6,
    0x0, 0xc, 0x0, 0x18,

    /* U+C5EE "엮" */
    0x0, 0x6, 0x7c, 0xd, 0xff, 0xff, 0xf, 0xfc,
    0x1c, 0x78, 0x38, 0xf0, 0x7f, 0xbf, 0xff, 0x3f,
    0x6, 0x0, 0xc, 0x0, 0x1, 0xfb, 0xf0, 0x30,
    0x60, 0x60, 0xc0, 0xc1, 0x81, 0x83, 0x3, 0x6,
    0x6, 0xc,

    /* U+C5F0 "연" */
    0x0, 0x6, 0x3c, 0xc, 0xfe, 0x1b, 0x9f, 0xfc,
    0xf, 0xf8, 0x18, 0xf0, 0x31, 0xe0, 0x63, 0x61,
    0xfe, 0xff, 0xc, 0xfc, 0x18, 0x0, 0x30, 0x0,
    0x63, 0x0, 0x6, 0x0, 0xc, 0x0, 0x18, 0x0,
    0x3f, 0xfc,

    /* U+C5F4 "열" */
    0x0, 0x6, 0x7e, 0xd, 0xcf, 0xfe, 0x7, 0xfc,
    0xc, 0x78, 0x18, 0xf8, 0x7f, 0xbf, 0xc3, 0xc,
    0x6, 0x0, 0x0, 0x7f, 0xf8, 0x0, 0x30, 0x0,
    0x63, 0xff, 0xc6, 0x0, 0xc, 0x0, 0x18, 0x0,
    0x3f, 0xfc,

    /* U+C5F6 "엶" */
    0x0, 0x6, 0x7e, 0xd, 0x8f, 0xfe, 0xf, 0xfc,
    0xc, 0x78, 0x38, 0xd8, 0xff, 0xbf, 0x83, 0x8,
    0x6, 0x0, 0x0, 0xfd, 0xf8, 0x1b, 0x30, 0x36,
    0x67, 0xec, 0xcc, 0x19, 0x98, 0x33, 0x30, 0x66,
    0x7e, 0xfc,

    /* U+C5F7 "엷" */
    0x0, 0x6, 0xfe, 0xf, 0x8f, 0xfe, 0xe, 0x3c,
    0xc, 0x78, 0x38, 0xd8, 0xff, 0x9f, 0x83, 0x0,
    0x0, 0x7e, 0xcc, 0xfd, 0x98, 0x1b, 0x30, 0x37,
    0xe7, 0xec, 0xcc, 0x19, 0x98, 0x33, 0x30, 0x66,
    0x7e, 0xfc,

    /* U+C5FC "염" */
    0x0, 0x6, 0x7e, 0xd, 0xff, 0xff, 0xf, 0xfc,
    0xc, 0x78, 0x18, 0xf0, 0x3f, 0xb9, 0xff, 0x3f,
    0x6, 0x0, 0xc, 0x0, 0x0, 0xff, 0xf1, 0x80,
    0x63, 0x0, 0xc6, 0x1, 0x8c, 0x3, 0x18, 0x6,
    0x3f, 0xfc,

    /* U+C5FD "엽" */
    0x0, 0x6, 0x7e, 0xd, 0xff, 0xff, 0xf, 0xfc,
    0xc, 0x78, 0x18, 0xf0, 0x3f, 0xb9, 0xff, 0x3f,
    0x6, 0x18, 0xc, 0x0, 0x0, 0x0, 0x1, 0x80,
    0x63, 0xff, 0xc6, 0x1, 0x8c, 0x3, 0x18, 0x6,
    0x30, 0xc, 0x7f, 0xf8,

    /* U+C5FE "엾" */
    0x0, 0x6, 0x1f, 0x3, 0x1f, 0xff, 0x9c, 0x3f,
    0xcc, 0x18, 0x66, 0xc, 0x33, 0x7, 0xf8, 0xef,
    0xfc, 0x3f, 0x6, 0x0, 0x3, 0x0, 0x0, 0x0,
    0x0, 0x3, 0x30, 0xc1, 0xf8, 0x60, 0xcc, 0x30,
    0x66, 0x38, 0x33, 0x16, 0x19, 0xb9, 0x8f, 0xf8,
    0x60,

    /* U+C5FF "엿" */
    0x0, 0x6, 0x1e, 0x6, 0x7f, 0x86, 0xe1, 0xfe,
    0xc0, 0xc6, 0xc0, 0xc6, 0xc0, 0xc6, 0x61, 0xfe,
    0x7f, 0x86, 0x1e, 0x6, 0x0, 0x6, 0x0, 0xc6,
    0x0, 0xe0, 0x1, 0xe0, 0x3, 0xb0, 0xf, 0x1c,
    0x3c, 0xf, 0x10, 0x2,

    /* U+C600 "였" */
    0x0, 0x6, 0x1f, 0x3, 0x1f, 0xff, 0x9c, 0x7f,
    0xcc, 0x18, 0x66, 0xc, 0x33, 0x7, 0xf8, 0xef,
    0xfc, 0x3e, 0x6, 0x0, 0x3, 0x0, 0x0, 0x1,
    0x83, 0x0, 0xc1, 0x80, 0x61, 0xc0, 0x78, 0xf0,
    0x6e, 0xcc, 0x73, 0xc7, 0x0, 0xc0, 0x80,

    /* U+C601 "영" */
    0x0, 0x6, 0x0, 0xc, 0xfc, 0x1b, 0x8f, 0xfc,
    0xc, 0x78, 0x18, 0xf0, 0x31, 0xf0, 0xff, 0x7f,
    0x86, 0x7c, 0xc, 0x0, 0x18, 0x0, 0x0, 0x7f,
    0x1, 0x81, 0x86, 0x1, 0x8c, 0x3, 0x18, 0x6,
    0x18, 0x18, 0x1f, 0xc0,

    /* U+C605 "옅" */
    0x8, 0x6, 0xfe, 0xf, 0x8f, 0xfe, 0xf, 0xfc,
    0x18, 0x78, 0x30, 0xd8, 0xff, 0xbf, 0x83, 0x8,
    0x6, 0x0, 0x0, 0x7f, 0xf8, 0xc0, 0x1, 0x80,
    0x3, 0xff, 0xc6, 0x0, 0xc, 0x0, 0x18, 0x0,
    0x3f, 0xfc,

    /* U+C606 "옆" */
    0x0, 0x6, 0x3e, 0x6, 0x7f, 0xfe, 0xe1, 0xfe,
    0xc1, 0xc6, 0xc1, 0xc6, 0xc1, 0xfe, 0x73, 0xfe,
    0x3f, 0x6, 0x0, 0x6, 0x0, 0x0, 0x0, 0x0,
    0x3f, 0xff, 0x6, 0x18, 0x6, 0x18, 0x6, 0x18,
    0x6, 0x18, 0x6, 0x18, 0x3f, 0xff,

    /* U+C607 "옇" */
    0x0, 0x6, 0xfe, 0xf, 0x8f, 0xfe, 0xc, 0x3c,
    0x18, 0x78, 0x3f, 0xdd, 0xff, 0x9f, 0x3, 0x1,
    0x86, 0x3, 0x0, 0xff, 0xf8, 0x0, 0x0, 0x0,
    0x0, 0x7e, 0x3, 0x87, 0x6, 0x6, 0xe, 0x1c,
    0x7, 0xe0,

    /* U+C608 "예" */
    0x0, 0x36, 0x78, 0x6d, 0xf8, 0xdb, 0x31, 0xbc,
    0x3f, 0x78, 0x7e, 0xf0, 0xcd, 0xe1, 0x9b, 0xc3,
    0x37, 0x87, 0xef, 0xf, 0xdb, 0x31, 0xb7, 0xe3,
    0x67, 0x86, 0xc0, 0xd, 0x80, 0x1b, 0x0, 0x36,
    0x0, 0xc,

    /* U+C60C "옌" */
    0x0, 0x36, 0x0, 0x36, 0x7c, 0x36, 0x7f, 0xf6,
    0xc3, 0xf6, 0xc3, 0x36, 0xc3, 0x36, 0xc3, 0x36,
    0xe7, 0xf6, 0x7f, 0xf6, 0x3c, 0x36, 0x0, 0x36,
    0x0, 0x36, 0x18, 0x0, 0x18, 0x0, 0x18, 0x0,
    0x18, 0x0, 0x1f, 0xff,

    /* U+C610 "옐" */
    0x0, 0x36, 0x3c, 0x36, 0x67, 0xf6, 0xc3, 0xf6,
    0xc3, 0x36, 0xc3, 0x36, 0xe7, 0xf6, 0x7e, 0x36,
    0x0, 0x36, 0x0, 0x0, 0x1f, 0xfe, 0x0, 0x6,
    0x0, 0x6, 0x1f, 0xfe, 0x18, 0x0, 0x18, 0x0,
    0x18, 0x0, 0x1f, 0xff,

    /* U+C618 "옘" */
    0x0, 0x36, 0x78, 0x6d, 0xff, 0xde, 0x1f, 0xbc,
    0x33, 0x78, 0x66, 0xf0, 0xfd, 0xbf, 0xfb, 0x3c,
    0x36, 0x0, 0x6c, 0x0, 0x0, 0xff, 0xf1, 0x80,
    0x63, 0x0, 0xc6, 0x1, 0x8c, 0x3, 0x18, 0x6,
    0x3f, 0xfc,

    /* U+C619 "옙" */
    0x0, 0x36, 0x78, 0x6d, 0xff, 0xde, 0x3f, 0xbc,
    0x33, 0x78, 0x66, 0xf0, 0xfd, 0xb7, 0xfb, 0x7c,
    0x36, 0x0, 0x6c, 0x0, 0x0, 0x0, 0x1, 0x80,
    0x63, 0xff, 0xc6, 0x1, 0x8c, 0x3, 0x18, 0x6,
    0x30, 0xc, 0x7f, 0xf8,

    /* U+C61B "옛" */
    0x0, 0x36, 0x38, 0x36, 0x7e, 0x36, 0xe7, 0xf6,
    0xc3, 0x36, 0xc3, 0x36, 0xc3, 0x36, 0xe7, 0xf6,
    0x7e, 0x36, 0x38, 0x36, 0x0, 0x6, 0x0, 0xc6,
    0x0, 0xc0, 0x1, 0xe0, 0x3, 0xf0, 0x7, 0x38,
    0x3e, 0x1f, 0x18, 0x2,

    /* U+C61C "옜" */
    0x0, 0x36, 0x3e, 0x36, 0x7f, 0xf6, 0xe3, 0xf6,
    0xc1, 0xb6, 0xc1, 0xb6, 0xc1, 0xf6, 0x77, 0xf6,
    0x3e, 0x36, 0x0, 0x36, 0x0, 0x0, 0x6, 0x18,
    0x6, 0x18, 0xe, 0x18, 0xf, 0x3c, 0x39, 0xf6,
    0x71, 0xe3, 0x0, 0x40,

    /* U+C624 "오" */
    0x7, 0xf0, 0xe, 0xe, 0xc, 0x1, 0x86, 0x0,
    0xc3, 0x0, 0x61, 0x80, 0x30, 0xc0, 0x38, 0x38,
    0x38, 0xf, 0xf8, 0x0, 0xe0, 0x0, 0x70, 0x0,
    0x38, 0x0, 0x1c, 0x7, 0xff, 0xfc,

    /* U+C625 "옥" */
    0x7, 0xf0, 0xe, 0xe, 0xc, 0x1, 0x86, 0x0,
    0xc3, 0x0, 0x60, 0xe0, 0xe0, 0x3f, 0xe0, 0x3,
    0x80, 0x1, 0xc0, 0x7f, 0xff, 0xc0, 0x0, 0x0,
    0x0, 0x3, 0xff, 0xe0, 0x0, 0x30, 0x0, 0x18,
    0x0, 0xc, 0x0, 0x6, 0x0, 0x3, 0x0,

    /* U+C628 "온" */
    0x7, 0xf0, 0xe, 0xe, 0xc, 0x1, 0x86, 0x0,
    0xc3, 0x0, 0x60, 0xe0, 0xe0, 0x3f, 0xe0, 0x3,
    0x80, 0x1, 0xc0, 0x7f, 0xff, 0xc0, 0x0, 0x0,
    0x0, 0x0, 0x0, 0x1, 0x80, 0x0, 0xc0, 0x0,
    0x60, 0x0, 0x30, 0x0, 0x1f, 0xff, 0x0,

    /* U+C62C "올" */
    0xf, 0xf8, 0x1c, 0x6, 0xc, 0x1, 0x86, 0x0,
    0xc3, 0x80, 0xe0, 0x7f, 0xc0, 0x7, 0x1, 0xff,
    0xff, 0x0, 0x0, 0x0, 0x0, 0xf, 0xff, 0x80,
    0x0, 0xc0, 0x0, 0x61, 0xff, 0xf0, 0xc0, 0x0,
    0x60, 0x0, 0x30, 0x0, 0x1f, 0xff, 0x0,

    /* U+C62D "옭" */
    0xf, 0xf8, 0x1c, 0x6, 0xc, 0x1, 0x86, 0x0,
    0xc3, 0x80, 0xe0, 0x7f, 0xc0, 0x7, 0x0, 0x3,
    0x80, 0xff, 0xff, 0x80, 0x0, 0x0, 0x0, 0x7,
    0xef, 0xc0, 0x30, 0x61, 0xf8, 0x30, 0xc0, 0x18,
    0x60, 0xc, 0x30, 0x86, 0x1f, 0xc3, 0x0,

    /* U+C62E "옮" */
    0xf, 0xf0, 0x1c, 0x6, 0xc, 0x1, 0x86, 0x0,
    0xc3, 0x80, 0xe0, 0x7f, 0xc0, 0x7, 0x0, 0x3,
    0x80, 0xff, 0xff, 0x80, 0x0, 0xf, 0xdf, 0x80,
    0x6c, 0xc0, 0x36, 0x61, 0xfb, 0x30, 0xc1, 0x98,
    0x60, 0xcc, 0x30, 0x66, 0x1f, 0xbf, 0x0,

    /* U+C630 "옰" */
    0xf, 0xf8, 0x1c, 0x6, 0xc, 0x1, 0x86, 0x0,
    0xc3, 0x80, 0xe0, 0x7f, 0xc0, 0x7, 0x0, 0x3,
    0x80, 0xff, 0xff, 0x80, 0x0, 0xf, 0xc6, 0x0,
    0x63, 0x0, 0x31, 0x81, 0xf8, 0xe0, 0xc0, 0x70,
    0x60, 0x6c, 0x30, 0x67, 0x1f, 0xe1, 0x80,

    /* U+C633 "옳" */
    0xf, 0xf8, 0x1c, 0x7, 0xc, 0x1, 0x87, 0x1,
    0xc0, 0xff, 0x80, 0xe, 0x0, 0x7, 0x1, 0xff,
    0xff, 0x0, 0x0, 0x0, 0x0, 0xf, 0xc6, 0x0,
    0x7f, 0xe0, 0x30, 0x1, 0xf9, 0xe0, 0xc1, 0x98,
    0x60, 0xc6, 0x30, 0x66, 0x1f, 0xde, 0x0,

    /* U+C634 "옴" */
    0x7, 0xf0, 0xc, 0x6, 0xc, 0x1, 0x86, 0x0,
    0xc1, 0x80, 0xc0, 0x7f, 0xc0, 0x7, 0x0, 0x3,
    0x80, 0xff, 0xff, 0x80, 0x0, 0x0, 0x0, 0x0,
    0x0, 0x3, 0xff, 0xe1, 0x80, 0x30, 0xc0, 0x18,
    0x60, 0xc, 0x30, 0x6, 0x1f, 0xff, 0x0,

    /* U+C635 "옵" */
    0xf, 0xf0, 0x1c, 0x6, 0xc, 0x1, 0x86, 0x0,
    0xc3, 0x80, 0xe0, 0x7f, 0xc0, 0x7, 0x0, 0x3,
    0x80, 0xff, 0xff, 0x80, 0x0, 0x0, 0x0, 0x0,
    0x0, 0x3, 0x0, 0x61, 0xff, 0xf0, 0xc0, 0x18,
    0x60, 0xc, 0x30, 0x6, 0x1f, 0xff, 0x0,

    /* U+C637 "옷" */
    0xf, 0xf0, 0xc, 0x6, 0xc, 0x1, 0x86, 0x0,
    0xc3, 0x80, 0xe0, 0x7f, 0xc0, 0x7, 0x0, 0x3,
    0x80, 0x1, 0xc0, 0x7f, 0xff, 0xc0, 0x0, 0x0,
    0x38, 0x0, 0x1c, 0x0, 0xe, 0x0, 0xd, 0x80,
    0x1c, 0x70, 0x7c, 0x1f, 0x10, 0x1, 0x0,

    /* U+C639 "옹" */
    0x7, 0xf0, 0xc, 0x6, 0xc, 0x1, 0x86, 0x0,
    0xc1, 0x80, 0xc0, 0x7f, 0xc0, 0x7, 0x0, 0x3,
    0x80, 0x1, 0xc0, 0x7f, 0xff, 0xc0, 0x0, 0x0,
    0xfe, 0x1, 0xc1, 0xc1, 0x80, 0x70, 0xc0, 0x18,
    0x60, 0xc, 0x1c, 0x1c, 0x3, 0xf8, 0x0,

    /* U+C63B "옻" */
    0xf, 0xf8, 0x1c, 0x7, 0xc, 0x1, 0x86, 0x0,
    0xc3, 0x80, 0xe0, 0x7f, 0xc0, 0x7, 0x0, 0x3,
    0x80, 0xff, 0xff, 0x80, 0x0, 0x0, 0x70, 0x0,
    0x38, 0x3, 0xff, 0xe0, 0xe, 0x0, 0xf, 0x80,
    0x1e, 0xf0, 0x7c, 0x1e, 0x10, 0x1, 0x0,

    /* U+C640 "와" */
    0xf, 0x6, 0xf, 0xf1, 0x83, 0xc, 0x61, 0x81,
    0x98, 0x60, 0x66, 0x18, 0x19, 0x87, 0xe, 0x60,
    0xff, 0x1f, 0x1f, 0x87, 0xc1, 0x81, 0x80, 0x60,
    0x60, 0x18, 0x18, 0xff, 0xf6, 0x3f, 0xf9, 0x80,
    0x0, 0x60, 0x0, 0x18, 0x0, 0x6, 0x0, 0x1,
    0x80,

    /* U+C641 "왁" */
    0xe, 0xc, 0x1f, 0xc6, 0x18, 0x33, 0xc, 0x19,
    0x86, 0xc, 0xf9, 0xfc, 0x7c, 0x3c, 0x30, 0xc,
    0x18, 0xff, 0xec, 0x7f, 0xf6, 0x0, 0x3, 0x0,
    0x0, 0x3, 0xff, 0xc0, 0x0, 0x60, 0x0, 0x30,
    0x0, 0x18, 0x0, 0xc, 0x0, 0x6, 0x0,

    /* U+C644 "완" */
    0x0, 0xc, 0xf, 0x86, 0xf, 0xe3, 0xc, 0x19,
    0x86, 0xc, 0xc3, 0x6, 0x61, 0xc7, 0x3e, 0x7f,
    0x1f, 0xf, 0xc, 0x3, 0x6, 0x1, 0xbb, 0x1f,
    0xfd, 0x8f, 0xf0, 0xc0, 0x0, 0x60, 0x0, 0x0,
    0x30, 0x0, 0x18, 0x0, 0xc, 0x0, 0x7, 0xff,
    0x80,

    /* U+C648 "왈" */
    0x1f, 0xc, 0x38, 0x66, 0x18, 0x33, 0xc, 0x19,
    0x83, 0xbc, 0xf8, 0xf8, 0x60, 0x18, 0x31, 0xff,
    0xd8, 0xff, 0x8c, 0x0, 0x0, 0xf, 0xff, 0x0,
    0x1, 0x80, 0x0, 0xc1, 0xff, 0xe0, 0xe0, 0x0,
    0x70, 0x0, 0x38, 0x0, 0x1f, 0xff, 0x0,

    /* U+C650 "왐" */
    0x4, 0xc, 0x1f, 0xc6, 0x1c, 0x33, 0xc, 0x19,
    0x86, 0xc, 0xf9, 0xfc, 0x7c, 0x3c, 0x30, 0xc,
    0x18, 0xff, 0xec, 0x7f, 0xe6, 0x0, 0x3, 0x0,
    0x0, 0x1, 0xff, 0xc0, 0xc0, 0x60, 0x60, 0x30,
    0x30, 0x18, 0x18, 0xc, 0xf, 0xfe, 0x0,

    /* U+C651 "왑" */
    0xe, 0xc, 0x1f, 0xc6, 0x18, 0x33, 0xc, 0x19,
    0x87, 0xc, 0xf9, 0xfc, 0x7c, 0x18, 0x30, 0xc,
    0x58, 0xff, 0xec, 0x7e, 0x6, 0x0, 0x0, 0x0,
    0x0, 0x3, 0x80, 0xc1, 0xff, 0xe0, 0xe0, 0x30,
    0x70, 0x18, 0x38, 0xc, 0x1f, 0xfe, 0x0,

    /* U+C653 "왓" */
    0x0, 0xc, 0xf, 0xc6, 0x1e, 0x63, 0xc, 0x19,
    0x86, 0xc, 0xc3, 0x6, 0x60, 0xfe, 0x3e, 0x1e,
    0x18, 0x6, 0xc, 0x7f, 0xf6, 0x3f, 0xe3, 0x0,
    0x1, 0x80, 0xc, 0xc0, 0xe, 0x0, 0x7, 0x0,
    0xe, 0xe0, 0x3e, 0x3c, 0x1c, 0x7, 0x0,

    /* U+C654 "왔" */
    0x0, 0xc, 0x1f, 0xc6, 0x1c, 0x73, 0xc, 0x19,
    0x86, 0xc, 0xc3, 0x8e, 0x7c, 0xfe, 0x3e, 0x1c,
    0x18, 0xc, 0xc, 0x7f, 0xf6, 0x0, 0x3, 0x0,
    0x0, 0x0, 0xc1, 0x80, 0x61, 0xc0, 0x78, 0xe0,
    0x7c, 0xd8, 0x73, 0xe7, 0x30, 0xe1, 0x0,

    /* U+C655 "왕" */
    0x0, 0xc, 0x1f, 0xc, 0x31, 0x8c, 0x60, 0xcc,
    0x60, 0xcc, 0x60, 0xcc, 0x31, 0x8f, 0x1f, 0xc,
    0x6, 0xc, 0x6, 0x2c, 0xff, 0xec, 0x0, 0xc,
    0x7, 0xe0, 0x1c, 0x18, 0x38, 0xc, 0x38, 0xc,
    0x38, 0xc, 0x1c, 0x18, 0x7, 0xf0,

    /* U+C65C "왜" */
    0x0, 0x36, 0x30, 0x6d, 0xf8, 0xdf, 0x39, 0xbc,
    0x33, 0x78, 0x66, 0xf0, 0xcd, 0xbf, 0x1f, 0x3c,
    0x3e, 0x30, 0x6c, 0x60, 0xd8, 0xc5, 0xbf, 0xfb,
    0x7f, 0x6, 0xc0, 0xd, 0x80, 0x1b, 0x0, 0x36,
    0x0, 0xc,

    /* U+C65D "왝" */
    0x0, 0x33, 0x3f, 0x33, 0x73, 0xb3, 0x61, 0xb3,
    0x61, 0xbf, 0x7f, 0x3f, 0x1e, 0x33, 0xc, 0x33,
    0xff, 0xb3, 0x7f, 0xb3, 0x0, 0x33, 0x0, 0x0,
    0x1f, 0xff, 0x0, 0x3, 0x0, 0x3, 0x0, 0x3,
    0x0, 0x3, 0x0, 0x3,

    /* U+C660 "왠" */
    0x0, 0x33, 0xf, 0x19, 0x9c, 0xcc, 0xcc, 0x36,
    0x66, 0x1b, 0x33, 0x9d, 0xf8, 0xfc, 0xfc, 0x18,
    0x66, 0xc, 0x33, 0x7f, 0xd9, 0x9f, 0xec, 0xc0,
    0x6, 0x60, 0x3, 0x30, 0x60, 0x0, 0x30, 0x0,
    0x18, 0x0, 0xc, 0x0, 0x7, 0xff, 0xc0,

    /* U+C66C "왬" */
    0x0, 0x33, 0x3f, 0x33, 0x73, 0xb3, 0x61, 0xb3,
    0x61, 0xb3, 0x61, 0xbf, 0x3f, 0x3f, 0xc, 0x33,
    0xc, 0x33, 0x7f, 0xb3, 0x0, 0x33, 0x0, 0x0,
    0x0, 0x0, 0xf, 0xff, 0xc, 0x3, 0xc, 0x3,
    0xc, 0x3, 0xc, 0x3, 0xf, 0xff,

    /* U+C66F "왯" */
    0x0, 0x33, 0x1f, 0x99, 0x9c, 0xec, 0xcc, 0x36,
    0x66, 0x1b, 0x33, 0xf9, 0xf8, 0x78, 0xcc, 0x18,
    0x66, 0xff, 0xb3, 0x3f, 0x99, 0x80, 0xc, 0xc0,
    0x18, 0x60, 0xe, 0x0, 0x7, 0x0, 0x6, 0xc0,
    0x1e, 0x3c, 0x1e, 0xf, 0x0,

    /* U+C671 "왱" */
    0x0, 0x33, 0x1e, 0x33, 0x71, 0xb3, 0x61, 0xb3,
    0x61, 0xb3, 0x7f, 0x3f, 0x1e, 0x33, 0xc, 0x33,
    0xff, 0xb3, 0x7f, 0x33, 0x0, 0x3, 0x3, 0xf8,
    0xe, 0x6, 0xc, 0x3, 0xc, 0x3, 0xc, 0x3,
    0xe, 0xe, 0x3, 0xf8,

    /* U+C678 "외" */
    0xf, 0x6, 0x7f, 0x8d, 0xc3, 0x1b, 0x3, 0x36,
    0x6, 0x6c, 0xc, 0xdc, 0x39, 0x9f, 0xe3, 0x1f,
    0x86, 0xc, 0xc, 0x18, 0x18, 0x30, 0x3f, 0xff,
    0x7f, 0xf8, 0xc0, 0x1, 0x80, 0x3, 0x0, 0x6,
    0x0, 0xc,

    /* U+C679 "왹" */
    0xe, 0x6, 0x7f, 0xd, 0x83, 0x1b, 0x6, 0x36,
    0xc, 0x67, 0xf0, 0xc7, 0xc1, 0x83, 0x3, 0xff,
    0xf7, 0xff, 0xcc, 0x0, 0x18, 0x0, 0x1, 0xff,
    0xe0, 0x0, 0xc0, 0x1, 0x80, 0x3, 0x0, 0x6,
    0x0, 0xc,

    /* U+C67C "왼" */
    0x0, 0x6, 0x3f, 0x86, 0x71, 0xc6, 0x60, 0xc6,
    0x60, 0xc6, 0x71, 0xc6, 0x3f, 0x86, 0xf, 0x6,
    0x6, 0x6, 0x6, 0xe6, 0xff, 0xf6, 0xff, 0x86,
    0x0, 0x6, 0x18, 0x0, 0x18, 0x0, 0x18, 0x0,
    0x18, 0x0, 0x1f, 0xff,

    /* U+C680 "욀" */
    0x1f, 0x6, 0x71, 0xc6, 0x60, 0xc6, 0x60, 0xc6,
    0x3f, 0x86, 0xf, 0x6, 0x6, 0x6, 0xff, 0xf6,
    0x0, 0x6, 0x0, 0x0, 0x1f, 0xfe, 0x0, 0x6,
    0x0, 0x6, 0x1f, 0xfe, 0x18, 0x0, 0x18, 0x0,
    0x18, 0x0, 0x1f, 0xff,

    /* U+C688 "욈" */
    0xc, 0x6, 0x7f, 0xd, 0xc7, 0x1b, 0x6, 0x36,
    0xc, 0x6e, 0x38, 0xcf, 0xe1, 0x83, 0x3, 0x6,
    0x7, 0xff, 0xec, 0x0, 0x18, 0x0, 0x0, 0x0,
    0x3, 0xff, 0xc6, 0x1, 0x8c, 0x3, 0x18, 0x6,
    0x30, 0xc, 0x7f, 0xf8,

    /* U+C689 "욉" */
    0xe, 0x6, 0x7f, 0xd, 0x83, 0x1b, 0x6, 0x37,
    0x1c, 0x67, 0xf0, 0xc1, 0x81, 0x83, 0xb, 0xff,
    0xf7, 0xf8, 0xc, 0x0, 0x0, 0x0, 0x1, 0x80,
    0x63, 0xff, 0xc6, 0x1, 0x8c, 0x3, 0x18, 0x6,
    0x3f, 0xfc,

    /* U+C68B "욋" */
    0x0, 0x6, 0x3f, 0x86, 0x71, 0xc6, 0x60, 0xc6,
    0x60, 0xc6, 0x60, 0xc6, 0x3f, 0x86, 0xe, 0x6,
    0x6, 0x6, 0xff, 0xf6, 0xff, 0x86, 0x0, 0x6,
    0x0, 0x86, 0x1, 0xc0, 0x3, 0xe0, 0x7, 0x70,
    0x3e, 0x3f, 0x38, 0x6,

    /* U+C68D "욍" */
    0x4, 0x6, 0x7f, 0xd, 0x83, 0x1b, 0x6, 0x36,
    0xc, 0x67, 0xf0, 0xc3, 0xc1, 0x83, 0x3, 0xff,
    0xf7, 0xff, 0x8c, 0x0, 0x18, 0x0, 0x0, 0x7f,
    0x83, 0x81, 0x86, 0x1, 0x8c, 0x3, 0x1c, 0xc,
    0xf, 0xf0,

    /* U+C694 "요" */
    0x7, 0xf0, 0xe, 0xe, 0xc, 0x1, 0x86, 0x0,
    0xc3, 0x0, 0x61, 0x80, 0x30, 0xc0, 0x18, 0x38,
    0x38, 0xf, 0xf8, 0x6, 0xc, 0x3, 0x6, 0x1,
    0x83, 0x0, 0xc1, 0x87, 0xff, 0xfc,

    /* U+C695 "욕" */
    0x7, 0xf0, 0xc, 0x6, 0xc, 0x1, 0x86, 0x0,
    0xc3, 0x80, 0xe0, 0x7f, 0xc0, 0x30, 0x60, 0x18,
    0x30, 0xc, 0x18, 0x7f, 0xff, 0xc0, 0x0, 0x0,
    0x0, 0x3, 0xff, 0xe0, 0x0, 0x30, 0x0, 0x18,
    0x0, 0xc, 0x0, 0x6, 0x0, 0x3, 0x0,

    /* U+C698 "욘" */
    0x7, 0xf0, 0xe, 0xe, 0xc, 0x1, 0x86, 0x0,
    0xc3, 0x0, 0x61, 0xe0, 0xe0, 0x3f, 0xe0, 0x18,
    0x30, 0xc, 0x18, 0x7f, 0xff, 0xc0, 0x0, 0x0,
    0x0, 0x0, 0x0, 0x1, 0x80, 0x0, 0xc0, 0x0,
    0x60, 0x0, 0x30, 0x0, 0x1f, 0xff, 0x0,

    /* U+C69C "욜" */
    0xf, 0xf8, 0x1c, 0x7, 0xc, 0x1, 0x87, 0x1,
    0xc0, 0xff, 0x80, 0x60, 0xc0, 0x30, 0x61, 0xff,
    0xff, 0x0, 0x0, 0x0, 0x0, 0xf, 0xff, 0x80,
    0x0, 0xc0, 0x0, 0x61, 0xff, 0xf0, 0xc0, 0x0,
    0x60, 0x0, 0x30, 0x0, 0x1f, 0xff, 0x0,

    /* U+C6A4 "욤" */
    0x7, 0xf0, 0xc, 0x6, 0xc, 0x1, 0x86, 0x0,
    0xc3, 0x80, 0xc0, 0x7f, 0xc0, 0x30, 0x60, 0x18,
    0x30, 0xc, 0x18, 0x7f, 0xff, 0xc0, 0x0, 0x0,
    0x0, 0x3, 0xff, 0xe1, 0x80, 0x30, 0xc0, 0x18,
    0x60, 0xc, 0x30, 0x6, 0x1f, 0xff, 0x0,

    /* U+C6A5 "욥" */
    0xf, 0xf8, 0x1c, 0x6, 0xc, 0x1, 0x86, 0x0,
    0xc3, 0x80, 0xe0, 0x7f, 0xc0, 0x30, 0x60, 0x18,
    0x30, 0xff, 0xff, 0x80, 0x0, 0x0, 0x0, 0x0,
    0x0, 0x3, 0x0, 0x61, 0xff, 0xf0, 0xc0, 0x18,
    0x60, 0xc, 0x30, 0x6, 0x1f, 0xff, 0x0,

    /* U+C6A7 "욧" */
    0xf, 0xf0, 0x1c, 0xe, 0xc, 0x3, 0x86, 0x1,
    0xc3, 0x81, 0xc0, 0x7f, 0xc0, 0x30, 0xe0, 0x18,
    0x70, 0xc, 0x38, 0x7f, 0xff, 0xc0, 0x0, 0x0,
    0x30, 0x0, 0x18, 0x0, 0x1e, 0x0, 0x1f, 0x80,
    0x3c, 0xf0, 0x7c, 0x1e, 0x0, 0x1, 0x0,

    /* U+C6A9 "용" */
    0x7, 0xf0, 0xc, 0x6, 0xc, 0x1, 0x86, 0x0,
    0xc3, 0x80, 0xc0, 0x7f, 0xc0, 0x30, 0x60, 0x18,
    0x30, 0xc, 0x18, 0x7f, 0xff, 0xc0, 0x0, 0x0,
    0xfe, 0x1, 0xc1, 0xc1, 0x80, 0x70, 0xc0, 0x18,
    0x60, 0x1c, 0x1c, 0x1c, 0x3, 0xf8, 0x0,

    /* U+C6B0 "우" */
    0x7, 0xf0, 0xe, 0xe, 0xe, 0x3, 0x86, 0x0,
    0xc3, 0x0, 0x61, 0xc0, 0x70, 0x70, 0x70, 0xf,
    0xe0, 0x0, 0x0, 0x0, 0x0, 0x3f, 0xff, 0xe0,
    0x38, 0x0, 0x1c, 0x0, 0xe, 0x0, 0x7, 0x0,
    0x3, 0x80, 0x1, 0xc0, 0x0, 0xe0, 0x0,

    /* U+C6B1 "욱" */
    0x7, 0xf0, 0xe, 0xe, 0xc, 0x1, 0x86, 0x0,
    0xc3, 0x0, 0x60, 0xe0, 0xe0, 0x1f, 0xc0, 0x0,
    0x0, 0xff, 0xff, 0x80, 0xe0, 0x0, 0x70, 0x0,
    0x38, 0x3, 0xff, 0xe0, 0x0, 0x30, 0x0, 0x18,
    0x0, 0xc, 0x0, 0x6, 0x0, 0x3, 0x0,

    /* U+C6B4 "운" */
    0x7, 0xf0, 0xe, 0xe, 0xc, 0x1, 0x86, 0x0,
    0xc3, 0x0, 0x60, 0xe0, 0xe0, 0x1f, 0xc0, 0x0,
    0x0, 0x0, 0x0, 0x7f, 0xff, 0xc0, 0x30, 0x0,
    0x18, 0x0, 0xc, 0x1, 0x80, 0x0, 0xc0, 0x0,
    0x60, 0x0, 0x30, 0x0, 0x1f, 0xff, 0x0,

    /* U+C6B8 "울" */
    0xf, 0xf8, 0x1c, 0x7, 0xc, 0x1, 0x86, 0x0,
    0xc3, 0x80, 0xe0, 0x7f, 0xc0, 0x0, 0x1, 0xff,
    0xff, 0x1, 0xc0, 0x0, 0xe0, 0xf, 0xff, 0x80,
    0x0, 0xc0, 0x0, 0x61, 0xff, 0xf0, 0xc0, 0x0,
    0x60, 0x0, 0x30, 0x0, 0x1f, 0xff, 0x0,

    /* U+C6B9 "욹" */
    0xf, 0xf8, 0x1c, 0x6, 0xc, 0x1, 0x86, 0x0,
    0xc3, 0x80, 0xc0, 0x7f, 0xc0, 0x0, 0x1, 0xff,
    0xff, 0x1, 0x80, 0x0, 0xc0, 0x0, 0x60, 0x7,
    0xef, 0xc0, 0x30, 0x61, 0xf8, 0x30, 0xc0, 0x18,
    0x60, 0xc, 0x30, 0x86, 0x1f, 0xc3, 0x0,

    /* U+C6BA "욺" */
    0xf, 0xf8, 0x1c, 0x7, 0xc, 0x1, 0x86, 0x0,
    0xc3, 0x80, 0xe0, 0x7f, 0xc0, 0x0, 0x1, 0xff,
    0xff, 0x1, 0xc0, 0x0, 0xe0, 0xf, 0xdf, 0x80,
    0x6c, 0xc0, 0x36, 0x61, 0xfb, 0x30, 0xc1, 0x98,
    0x60, 0xcc, 0x30, 0x66, 0x1f, 0xbf, 0x0,

    /* U+C6C0 "움" */
    0xf, 0xf8, 0x1c, 0x6, 0xc, 0x1, 0x86, 0x0,
    0xc3, 0x80, 0xe0, 0x7f, 0xc0, 0x0, 0x0, 0x0,
    0x0, 0xff, 0xff, 0x80, 0xe0, 0x0, 0x70, 0x0,
    0x38, 0x3, 0xff, 0xe1, 0x80, 0x30, 0xc0, 0x18,
    0x60, 0xc, 0x30, 0x6, 0x1f, 0xff, 0x0,

    /* U+C6C1 "웁" */
    0xf, 0xf8, 0x1c, 0x6, 0xc, 0x1, 0x86, 0x0,
    0xc3, 0x80, 0xe0, 0x7f, 0xc0, 0x0, 0x0, 0x0,
    0x0, 0xff, 0xff, 0x80, 0xe0, 0x0, 0x70, 0x0,
    0x0, 0x3, 0x0, 0x61, 0xff, 0xf0, 0xc0, 0x18,
    0x60, 0xc, 0x30, 0x6, 0x1f, 0xff, 0x0,

    /* U+C6C3 "웃" */
    0xf, 0xf8, 0x1c, 0x6, 0xc, 0x1, 0x86, 0x0,
    0xc3, 0x80, 0xe0, 0x7f, 0xc0, 0x0, 0x0, 0x0,
    0x0, 0xff, 0xff, 0x80, 0xe0, 0x0, 0x70, 0x0,
    0x0, 0x0, 0x1c, 0x0, 0xe, 0x0, 0x1d, 0x80,
    0x7c, 0x78, 0x38, 0xe, 0x0,

    /* U+C6C5 "웅" */
    0xf, 0xf8, 0x1c, 0x6, 0xc, 0x1, 0x86, 0x0,
    0xc3, 0x80, 0xe0, 0x7f, 0xc0, 0x0, 0x0, 0x0,
    0x0, 0xff, 0xff, 0x80, 0xe0, 0x0, 0x70, 0x1,
    0xff, 0x3, 0xc1, 0xc1, 0x80, 0x70, 0xc0, 0x18,
    0x60, 0xc, 0x1c, 0x1c, 0x3, 0xf8, 0x0,

    /* U+C6CC "워" */
    0x0, 0x6, 0x3e, 0xd, 0xc6, 0x1b, 0x6, 0x36,
    0xc, 0x6e, 0x30, 0xc7, 0xc1, 0x80, 0x3, 0x0,
    0x77, 0xff, 0xec, 0x18, 0x18, 0x30, 0x30, 0x67,
    0xe0, 0xc0, 0xc1, 0x81, 0x83, 0x3, 0x6, 0x6,
    0xc, 0xc,

    /* U+C6CD "웍" */
    0x1f, 0x6, 0xe3, 0xd, 0x83, 0x1b, 0x6, 0x37,
    0x18, 0x63, 0xe0, 0xc0, 0x9, 0xff, 0xfb, 0xc,
    0x6, 0x18, 0xfc, 0x30, 0x18, 0x0, 0x3, 0xff,
    0xe0, 0x0, 0xc0, 0x1, 0x80, 0x3, 0x0, 0x6,
    0x0, 0xc,

    /* U+C6D0 "원" */
    0x0, 0x6, 0x1f, 0x6, 0x3f, 0x86, 0x60, 0xc6,
    0x60, 0xc6, 0x60, 0xc6, 0x3f, 0x86, 0x1f, 0x6,
    0x0, 0x6, 0xff, 0xe6, 0xff, 0xf6, 0x6, 0x6,
    0x6, 0x7e, 0x6, 0x7e, 0x30, 0x0, 0x30, 0x0,
    0x30, 0x0, 0x30, 0x0, 0x3f, 0xff,

    /* U+C6D4 "월" */
    0x1e, 0x6, 0x3f, 0x86, 0x60, 0xc6, 0x60, 0xc6,
    0x3f, 0x86, 0x0, 0x6, 0xff, 0xf6, 0xff, 0x86,
    0xc, 0x3e, 0xc, 0x6, 0x0, 0x0, 0x3f, 0xfe,
    0x0, 0x6, 0x3f, 0xfe, 0x30, 0x0, 0x30, 0x0,
    0x30, 0x0, 0x3f, 0xff,

    /* U+C6DC "웜" */
    0x1f, 0x6, 0xe3, 0x8d, 0x83, 0x1b, 0x8e, 0x31,
    0xf0, 0x60, 0x0, 0xff, 0xf9, 0xff, 0xfb, 0xc,
    0x6, 0x18, 0xfc, 0x30, 0x18, 0x0, 0x1, 0xff,
    0xe2, 0x0, 0xc4, 0x1, 0x88, 0x3, 0x10, 0x6,
    0x3f, 0xfc,

    /* U+C6DD "웝" */
    0xe, 0x6, 0x7f, 0xd, 0x83, 0x1b, 0x6, 0x33,
    0xf8, 0x63, 0xe0, 0xc0, 0x19, 0xff, 0xfb, 0xc,
    0x6, 0x18, 0xfc, 0x30, 0x18, 0x0, 0x1, 0x0,
    0x63, 0xff, 0xc4, 0x1, 0x88, 0x3, 0x10, 0x6,
    0x3f, 0xfc,

    /* U+C6E0 "웠" */
    0xe, 0x6, 0x1f, 0xc3, 0x18, 0x31, 0x8c, 0x18,
    0xc7, 0xfc, 0x60, 0xf8, 0x30, 0x1, 0xd9, 0xff,
    0xec, 0xc, 0x6, 0x6, 0x3f, 0x3, 0x1, 0x80,
    0x0, 0x0, 0xc1, 0x80, 0x60, 0xc0, 0x78, 0xf0,
    0x6e, 0xdc, 0x73, 0xe7, 0x20, 0x40, 0x80,

    /* U+C6E1 "웡" */
    0x1f, 0x6, 0xe3, 0x8d, 0x83, 0x1b, 0x8e, 0x31,
    0xf0, 0x60, 0x0, 0xff, 0xf9, 0xff, 0xf3, 0xc,
    0x6, 0x18, 0xfc, 0x30, 0x18, 0x0, 0x30, 0x7f,
    0x83, 0x1, 0x84, 0x1, 0x88, 0x3, 0x18, 0xc,
    0xf, 0xf0,

    /* U+C6E8 "웨" */
    0x0, 0x1b, 0x3f, 0x1b, 0x73, 0x9b, 0x61, 0x9b,
    0x61, 0x9b, 0x73, 0x9b, 0x3f, 0x1b, 0x0, 0x1b,
    0x1f, 0xdb, 0xff, 0xdb, 0xc, 0x1b, 0xc, 0xfb,
    0xc, 0xfb, 0xc, 0x1b, 0xc, 0x1b, 0xc, 0x1b,
    0x0, 0x1b, 0x0, 0x3,

    /* U+C6E9 "웩" */
    0x0, 0x33, 0x3f, 0x33, 0x73, 0xb3, 0x61, 0xb3,
    0x61, 0xb3, 0x3f, 0x33, 0x0, 0x33, 0xff, 0xb3,
    0xff, 0x33, 0xc, 0x33, 0xd, 0xf3, 0xc, 0x33,
    0x0, 0x0, 0x0, 0x0, 0x1f, 0xff, 0x0, 0x3,
    0x0, 0x3, 0x0, 0x3, 0x0, 0x3,

    /* U+C6EC "웬" */
    0x0, 0x33, 0x1e, 0x33, 0x7f, 0xb3, 0x61, 0xb3,
    0x61, 0xb3, 0x7f, 0xb3, 0x1f, 0x33, 0x0, 0x33,
    0xff, 0xb3, 0xfe, 0x33, 0xc, 0x33, 0xd, 0xf3,
    0xc, 0x33, 0x0, 0x33, 0x0, 0x0, 0x18, 0x0,
    0x18, 0x0, 0x18, 0x0, 0x1f, 0xff,

    /* U+C6F0 "웰" */
    0x0, 0x33, 0x3f, 0x33, 0x61, 0xb3, 0x61, 0xb3,
    0x3f, 0x33, 0x0, 0x33, 0xff, 0xb3, 0xfc, 0x33,
    0xd, 0xf3, 0xc, 0x33, 0x0, 0x0, 0x1f, 0xff,
    0x0, 0x3, 0x1f, 0xff, 0x18, 0x0, 0x18, 0x0,
    0x18, 0x0, 0x1f, 0xff,

    /* U+C6F8 "웸" */
    0x0, 0x3, 0x3f, 0x33, 0x61, 0xb3, 0x61, 0xb3,
    0x61, 0xb3, 0x3f, 0x33, 0x0, 0x33, 0xff, 0xb3,
    0xff, 0xb3, 0xc, 0x33, 0xd, 0xf3, 0xc, 0x33,
    0x0, 0x0, 0x1f, 0xff, 0x18, 0x3, 0x18, 0x3,
    0x18, 0x3, 0x18, 0x3, 0x1f, 0xff,

    /* U+C6F9 "웹" */
    0x0, 0x33, 0x3f, 0x33, 0x61, 0xb3, 0x61, 0xb3,
    0x7f, 0xb3, 0x1e, 0x33, 0x7, 0xb3, 0xff, 0xf3,
    0xc, 0x33, 0xd, 0xf3, 0xc, 0x33, 0x0, 0x0,
    0x18, 0x3, 0x1f, 0xff, 0x18, 0x3, 0x18, 0x3,
    0x18, 0x3, 0x1f, 0xff,

    /* U+C6FD "웽" */
    0xc, 0x33, 0x3f, 0x33, 0x61, 0xb3, 0x61, 0xb3,
    0x7f, 0xb3, 0x1e, 0x33, 0x3, 0xb3, 0xff, 0xf3,
    0xc, 0x33, 0xd, 0xf3, 0xc, 0x33, 0x0, 0x3,
    0x7, 0xfc, 0xc, 0x6, 0x18, 0x3, 0x18, 0x3,
    0xc, 0x6, 0x7, 0xfc,

    /* U+C704 "위" */
    0x0, 0x6, 0x3e, 0xd, 0xc6, 0x1b, 0x6, 0x36,
    0xc, 0x66, 0x30, 0xc7, 0xc1, 0x80, 0x3, 0x0,
    0x77, 0xff, 0xec, 0x18, 0x18, 0x30, 0x30, 0x60,
    0x60, 0xc0, 0xc1, 0x81, 0x83, 0x3, 0x6, 0x6,
    0xc, 0xc,

    /* U+C705 "윅" */
    0x0, 0x6, 0x3e, 0xd, 0xc6, 0x1b, 0x6, 0x36,
    0xc, 0x66, 0x30, 0xc7, 0xc1, 0x80, 0x3, 0x0,
    0x77, 0xff, 0xec, 0x18, 0x18, 0x30, 0x30, 0x60,
    0x3, 0xff, 0xc0, 0x1, 0x80, 0x3, 0x0, 0x6,
    0x0, 0xc, 0x0, 0x18,

    /* U+C708 "윈" */
    0x0, 0x6, 0x3e, 0xc, 0xfe, 0x1b, 0x6, 0x36,
    0xc, 0x6c, 0x18, 0xdc, 0x71, 0x9f, 0xc3, 0x4,
    0x6, 0x0, 0x6f, 0xff, 0xdf, 0xfc, 0x30, 0x60,
    0x60, 0xc0, 0xcc, 0x0, 0x18, 0x0, 0x30, 0x0,
    0x60, 0x0, 0xff, 0xf8,

    /* U+C70C "윌" */
    0x1f, 0x6, 0x71, 0x86, 0x60, 0xc6, 0x60, 0xc6,
    0x71, 0x86, 0x1f, 0x6, 0x0, 0x6, 0xff, 0xf6,
    0x6, 0x6, 0x6, 0x0, 0x1f, 0xfe, 0x0, 0x6,
    0x0, 0x6, 0x1f, 0xfe, 0x18, 0x0, 0x18, 0x0,
    0x18, 0x0, 0x1f, 0xff,

    /* U+C714 "윔" */
    0x4, 0x6, 0x7f, 0xd, 0xc7, 0x1b, 0x6, 0x36,
    0xc, 0x67, 0xf0, 0xc7, 0xc1, 0x80, 0xb, 0xff,
    0xf7, 0xfc, 0xc, 0x18, 0x18, 0x30, 0x3, 0xff,
    0xe7, 0x0, 0xce, 0x1, 0x9c, 0x3, 0x38, 0x6,
    0x7f, 0xfc,

    /* U+C715 "윕" */
    0x4, 0x6, 0x7f, 0xd, 0x83, 0x1b, 0x6, 0x37,
    0x1c, 0x67, 0xf0, 0xc0, 0x1, 0xff, 0xfb, 0xff,
    0xe6, 0xc, 0xc, 0x18, 0x0, 0x0, 0x3, 0x80,
    0x67, 0xff, 0xce, 0x1, 0x9c, 0x3, 0x38, 0x6,
    0x7f, 0xfc,

    /* U+C717 "윗" */
    0x0, 0x6, 0x3f, 0x86, 0x71, 0xc6, 0x60, 0xc6,
    0x60, 0xc6, 0x71, 0xc6, 0x3f, 0x86, 0x0, 0x6,
    0x1, 0xf6, 0xff, 0xf6, 0xc, 0x6, 0xc, 0x6,
    0xc, 0xc6, 0x0, 0xc0, 0x1, 0xe0, 0x7, 0x78,
    0x3e, 0x1f, 0x38, 0x7,

    /* U+C719 "윙" */
    0x1f, 0x6, 0xe3, 0xd, 0x83, 0x1b, 0x6, 0x37,
    0x18, 0x63, 0xe0, 0xc0, 0x1, 0x80, 0x3b, 0xff,
    0xf6, 0xc, 0xc, 0x18, 0x18, 0x30, 0x30, 0x7f,
    0x83, 0x81, 0x8e, 0x1, 0x9c, 0x3, 0x1c, 0xc,
    0xf, 0xf0,

    /* U+C720 "유" */
    0x7, 0xf0, 0xe, 0xe, 0xc, 0x3, 0x86, 0x0,
    0xc3, 0x0, 0x61, 0x80, 0x70, 0x70, 0x70, 0xf,
    0xe0, 0x0, 0x0, 0x0, 0x0, 0x3f, 0xff, 0xe1,
    0x83, 0x0, 0xc1, 0x80, 0x60, 0xc0, 0x30, 0x60,
    0x18, 0x30, 0xc, 0x18, 0x6, 0xc, 0x0,

    /* U+C721 "육" */
    0x7, 0xf0, 0xe, 0xe, 0xc, 0x1, 0x86, 0x0,
    0xc3, 0x0, 0x60, 0xe0, 0xe0, 0x1f, 0xc0, 0x0,
    0x0, 0xff, 0xff, 0x86, 0xc, 0x3, 0x6, 0x1,
    0x83, 0x3, 0xff, 0xe0, 0x0, 0x30, 0x0, 0x18,
    0x0, 0xc, 0x0, 0x6, 0x0, 0x3, 0x0,

    /* U+C724 "윤" */
    0x7, 0xf0, 0xe, 0xe, 0xc, 0x1, 0x86, 0x0,
    0xc3, 0x0, 0x60, 0xe0, 0xe0, 0x1f, 0xc0, 0x0,
    0x0, 0x0, 0x0, 0x7f, 0xff, 0xc0, 0xc6, 0x0,
    0x63, 0x0, 0x31, 0x81, 0x98, 0xc0, 0xc0, 0x0,
    0x60, 0x0, 0x30, 0x0, 0x1f, 0xff, 0x0,

    /* U+C728 "율" */
    0xf, 0xf8, 0x1c, 0x7, 0xc, 0x1, 0x86, 0x0,
    0xc3, 0x80, 0xe0, 0x7f, 0xc0, 0x0, 0x1, 0xff,
    0xff, 0xe, 0x38, 0x7, 0x1c, 0xf, 0xff, 0x80,
    0x0, 0xc0, 0x0, 0x61, 0xff, 0xf0, 0xc0, 0x0,
    0x60, 0x0, 0x30, 0x0, 0x1f, 0xff, 0x0,

    /* U+C730 "윰" */
    0xf, 0xf8, 0x1c, 0x6, 0xc, 0x1, 0x86, 0x0,
    0xc3, 0x80, 0xe0, 0x7f, 0xc0, 0x0, 0x0, 0x0,
    0x0, 0xff, 0xff, 0x87, 0x1c, 0x3, 0x8e, 0x1,
    0xc7, 0x3, 0xff, 0xe1, 0x80, 0x30, 0xc0, 0x18,
    0x60, 0xc, 0x30, 0x6, 0x1f, 0xff, 0x0,

    /* U+C731 "윱" */
    0xf, 0xf8, 0x1c, 0x6, 0xc, 0x1, 0x86, 0x0,
    0xc3, 0x80, 0xe0, 0x7f, 0xc0, 0x0, 0x0, 0x0,
    0x0, 0xff, 0xff, 0x83, 0x18, 0x1, 0x8c, 0x0,
    0x0, 0x3, 0x0, 0x61, 0xff, 0xf0, 0xc0, 0x18,
    0x60, 0xc, 0x30, 0x6, 0x1f, 0xff, 0x0,

    /* U+C733 "윳" */
    0xf, 0xf8, 0x1c, 0x6, 0xc, 0x1, 0x86, 0x0,
    0xc3, 0x80, 0xe0, 0x7f, 0xc0, 0x0, 0x0, 0x0,
    0x0, 0xff, 0xff, 0x86, 0xc, 0x3, 0x76, 0x1,
    0xbb, 0x0, 0x1c, 0x0, 0x1f, 0x0, 0x1d, 0xc0,
    0xfc, 0x7e, 0x30, 0x6, 0x0,

    /* U+C735 "융" */
    0xf, 0xf8, 0x1c, 0x6, 0xc, 0x1, 0x86, 0x0,
    0xc3, 0x80, 0xe0, 0x7f, 0xc0, 0x0, 0x0, 0x0,
    0x0, 0xff, 0xff, 0x86, 0xc, 0x3, 0x6, 0x1,
    0xff, 0x3, 0xc1, 0xc1, 0x80, 0x70, 0xc0, 0x18,
    0x60, 0x1c, 0x1c, 0x1c, 0x3, 0xf8, 0x0,

    /* U+C737 "윷" */
    0xf, 0xf8, 0x1c, 0x7, 0xc, 0x1, 0x86, 0x0,
    0xc3, 0x80, 0xe0, 0x7f, 0xc0, 0x0, 0x1, 0xff,
    0xff, 0xc, 0x18, 0x6, 0xec, 0x0, 0x70, 0x0,
    0x38, 0x3, 0xff, 0xe0, 0xe, 0x0, 0xf, 0x80,
    0x1e, 0xf0, 0x3c, 0x1e, 0x10, 0x1, 0x0,

    /* U+C73C "으" */
    0x7, 0xf0, 0xe, 0xe, 0xc, 0x3, 0x86, 0x0,
    0xc3, 0x0, 0x61, 0x80, 0x30, 0xc0, 0x18, 0x38,
    0x38, 0x7, 0xf0, 0x0, 0x0, 0x0, 0x0, 0x0,
    0x0, 0x0, 0x0, 0x7, 0xff, 0xfc,

    /* U+C73D "윽" */
    0x7, 0xf0, 0xe, 0xe, 0xc, 0x1, 0x86, 0x0,
    0xc3, 0x0, 0x60, 0xe0, 0xe0, 0x1f, 0xc0, 0x0,
    0x0, 0x0, 0x0, 0x7f, 0xff, 0xc0, 0x0, 0x0,
    0x0, 0x3, 0xff, 0xe0, 0x0, 0x30, 0x0, 0x18,
    0x0, 0xc, 0x0, 0x6, 0x0, 0x3, 0x0,

    /* U+C740 "은" */
    0x7, 0xf0, 0xe, 0xe, 0xc, 0x1, 0x86, 0x0,
    0xc3, 0x0, 0x60, 0xe0, 0xe0, 0x1f, 0xc0, 0x0,
    0x0, 0x0, 0x0, 0x7f, 0xff, 0xc0, 0x0, 0x0,
    0x0, 0x0, 0x0, 0x1, 0x80, 0x0, 0xc0, 0x0,
    0x60, 0x0, 0x30, 0x0, 0x1f, 0xff, 0x0,

    /* U+C744 "을" */
    0xf, 0xf8, 0x1c, 0x6, 0xc, 0x1, 0x86, 0x0,
    0xc3, 0x80, 0xe0, 0x7f, 0xc0, 0x0, 0x1, 0xff,
    0xff, 0x0, 0x0, 0x0, 0x0, 0xf, 0xff, 0x80,
    0x0, 0xc0, 0x0, 0x61, 0xff, 0xf0, 0xc0, 0x0,
    0x60, 0x0, 0x30, 0x0, 0x1f, 0xff, 0x0,

    /* U+C74A "읊" */
    0xf, 0xf8, 0x1c, 0x6, 0xc, 0x1, 0x86, 0x0,
    0xc3, 0x80, 0xe0, 0x7f, 0xc0, 0x0, 0x0, 0x0,
    0x0, 0xff, 0xff, 0x80, 0x0, 0xf, 0xff, 0xc0,
    0x64, 0x80, 0x32, 0x41, 0xf9, 0x20, 0xc0, 0x90,
    0x60, 0x48, 0x30, 0x24, 0x1f, 0xff, 0x80,

    /* U+C74C "음" */
    0xf, 0xf0, 0x1c, 0x6, 0xc, 0x1, 0x86, 0x0,
    0xc3, 0x80, 0xe0, 0x7f, 0xc0, 0x0, 0x0, 0x0,
    0x0, 0xff, 0xff, 0x80, 0x0, 0x0, 0x0, 0x0,
    0x0, 0x3, 0xff, 0xe1, 0x80, 0x30, 0xc0, 0x18,
    0x60, 0xc, 0x30, 0x6, 0x1f, 0xff, 0x0,

    /* U+C74D "읍" */
    0xf, 0xf8, 0x1c, 0x6, 0xc, 0x1, 0x86, 0x0,
    0xc3, 0x80, 0xe0, 0x7f, 0xc0, 0x0, 0x0, 0x0,
    0x0, 0xff, 0xff, 0x80, 0x0, 0x0, 0x0, 0x0,
    0x0, 0x3, 0x0, 0x61, 0xff, 0xf0, 0xc0, 0x18,
    0x60, 0xc, 0x30, 0x6, 0x1f, 0xff, 0x0,

    /* U+C74F "읏" */
    0x7, 0xf0, 0xe, 0xe, 0xc, 0x1, 0x86, 0x0,
    0xc3, 0x0, 0x60, 0xe0, 0xe0, 0x1f, 0xc0, 0x0,
    0x0, 0xff, 0xff, 0x80, 0x0, 0x0, 0x70, 0x0,
    0x38, 0x0, 0x1c, 0x0, 0x1b, 0x0, 0x38, 0xe0,
    0xf8, 0x3e, 0x20, 0x2, 0x0,

    /* U+C751 "응" */
    0x7, 0xf0, 0xe, 0xe, 0xc, 0x3, 0x86, 0x0,
    0xc3, 0x0, 0xe0, 0xe0, 0xe0, 0x1f, 0xc0, 0x0,
    0x0, 0xff, 0xff, 0x80, 0x0, 0x0, 0x0, 0x0,
    0xfe, 0x1, 0xc1, 0xc1, 0x80, 0x70, 0xc0, 0x18,
    0x60, 0xc, 0x1c, 0x1c, 0x3, 0xf8, 0x0,

    /* U+C752 "읒" */
    0xf, 0xf8, 0x1c, 0x6, 0xc, 0x1, 0x86, 0x0,
    0xc3, 0x80, 0xe0, 0x7f, 0xc0, 0x0, 0x0, 0x0,
    0x0, 0xff, 0xff, 0x80, 0x0, 0x0, 0x0, 0x7,
    0xff, 0xc0, 0x1c, 0x0, 0x1f, 0x0, 0x3d, 0xc0,
    0xfc, 0x3e, 0x30, 0x6, 0x0,

    /* U+C753 "읓" */
    0xf, 0xf8, 0x1c, 0x6, 0xc, 0x1, 0x86, 0x0,
    0xc3, 0x80, 0xe0, 0x7f, 0xc0, 0x0, 0x0, 0x0,
    0x0, 0xff, 0xff, 0x80, 0x0, 0x0, 0x70, 0x0,
    0x38, 0x3, 0xff, 0xe0, 0xe, 0x0, 0xf, 0x80,
    0x1e, 0xf0, 0x7c, 0x1e, 0x10, 0x1, 0x0,

    /* U+C754 "읔" */
    0xf, 0xf0, 0x1c, 0x6, 0xc, 0x1, 0x86, 0x0,
    0xc3, 0x80, 0xc0, 0x7f, 0xc0, 0x0, 0x0, 0x0,
    0x0, 0xff, 0xff, 0x80, 0x0, 0x0, 0x0, 0x7,
    0xff, 0xc0, 0x0, 0x60, 0x0, 0x30, 0xff, 0xf8,
    0x0, 0xc, 0x0, 0x6, 0x0, 0x3, 0x0,

    /* U+C755 "읕" */
    0xf, 0xf0, 0x1c, 0xe, 0xc, 0x3, 0x86, 0x1,
    0xc3, 0x81, 0xc0, 0x7f, 0x80, 0x0, 0x0, 0x0,
    0x0, 0xff, 0xff, 0x80, 0x0, 0x0, 0x0, 0x7,
    0xff, 0xc3, 0x0, 0x1, 0xff, 0xe0, 0xc0, 0x0,
    0x60, 0x0, 0x30, 0x0, 0x1f, 0xff, 0x0,

    /* U+C756 "읖" */
    0xf, 0xf8, 0x1c, 0x6, 0xc, 0x1, 0x86, 0x0,
    0xc3, 0x80, 0xc0, 0x3f, 0xc0, 0x0, 0x0, 0x0,
    0x0, 0xff, 0xff, 0x80, 0x0, 0x0, 0x0, 0x7,
    0xff, 0xc0, 0x63, 0x0, 0x31, 0x80, 0x18, 0xc0,
    0xc, 0x60, 0x6, 0x30, 0x1f, 0xff, 0x0,

    /* U+C757 "읗" */
    0xf, 0xf8, 0x1c, 0x7, 0xc, 0x1, 0x87, 0x1,
    0xc0, 0xff, 0x80, 0x0, 0x0, 0x0, 0x1, 0xff,
    0xff, 0x0, 0x0, 0x0, 0xe0, 0x0, 0x70, 0x7,
    0xff, 0xc0, 0x0, 0x0, 0x3f, 0x80, 0x70, 0x70,
    0x30, 0x18, 0x1c, 0x1c, 0x3, 0xf8, 0x0,

    /* U+C758 "의" */
    0x0, 0x6, 0x1e, 0xc, 0xff, 0x1b, 0x87, 0x36,
    0x6, 0x6c, 0xc, 0xd8, 0x19, 0xb8, 0x73, 0x3f,
    0xc6, 0x1e, 0xc, 0x0, 0x18, 0x0, 0x3f, 0xff,
    0x60, 0x0, 0xc0, 0x1, 0x80, 0x3, 0x0, 0x6,
    0x0, 0xc,

    /* U+C75C "읜" */
    0x0, 0x6, 0x1f, 0x6, 0x3f, 0x86, 0x60, 0xc6,
    0x60, 0xc6, 0x60, 0xc6, 0x71, 0xc6, 0x3f, 0x86,
    0xe, 0x6, 0x0, 0x6, 0xff, 0xf6, 0xff, 0x86,
    0x0, 0x6, 0x18, 0x0, 0x18, 0x0, 0x18, 0x0,
    0x18, 0x0, 0x1f, 0xff,

    /* U+C760 "읠" */
    0x1f, 0x6, 0x71, 0x86, 0x60, 0xc6, 0x60, 0xc6,
    0x71, 0xc6, 0x1f, 0x6, 0x0, 0x6, 0xff, 0xf6,
    0x0, 0x6, 0x0, 0x0, 0x1f, 0xfe, 0x0, 0x6,
    0x0, 0x6, 0x1f, 0xfe, 0x18, 0x0, 0x18, 0x0,
    0x18, 0x0, 0x1f, 0xff,

    /* U+C768 "읨" */
    0x0, 0x6, 0x7f, 0xd, 0xc7, 0x1b, 0x6, 0x36,
    0xc, 0x6e, 0x38, 0xcf, 0xe1, 0x80, 0x3, 0x1,
    0xe7, 0xff, 0xec, 0x0, 0x18, 0x0, 0x0, 0x0,
    0x3, 0xff, 0xc6, 0x1, 0x8c, 0x3, 0x18, 0x6,
    0x30, 0xc, 0x7f, 0xf8,

    /* U+C76B "읫" */
    0x0, 0x6, 0x1f, 0x86, 0x71, 0xc6, 0x60, 0xc6,
    0x60, 0x66, 0x70, 0xc6, 0x3f, 0x86, 0x6, 0x6,
    0x0, 0x16, 0xff, 0xf6, 0xff, 0x6, 0x0, 0x6,
    0x0, 0xc6, 0x0, 0xc0, 0x1, 0xe0, 0x7, 0x30,
    0x3e, 0x1f, 0x38, 0x6,

    /* U+C774 "이" */
    0x0, 0xc, 0x70, 0x37, 0xf0, 0xd8, 0xc3, 0xe3,
    0x8f, 0x6, 0x3c, 0x18, 0xf0, 0x63, 0xc1, 0x8f,
    0x6, 0x3e, 0x38, 0xd8, 0xc3, 0x7f, 0xc, 0x70,
    0x30, 0x0, 0xc0, 0x3, 0x0, 0xc, 0x0, 0x30,

    /* U+C775 "익" */
    0x0, 0x6, 0x3c, 0xd, 0xfe, 0x1f, 0xe, 0x3c,
    0xc, 0x78, 0x18, 0xf0, 0x31, 0xf0, 0xe3, 0x7f,
    0x86, 0x3c, 0xc, 0x0, 0x18, 0x0, 0x1, 0xff,
    0xe0, 0x0, 0xc0, 0x1, 0x80, 0x3, 0x0, 0x6,
    0x0, 0xc, 0x0, 0x18,

    /* U+C778 "인" */
    0x0, 0x6, 0x18, 0xc, 0xfc, 0x1b, 0x9c, 0x3c,
    0x1c, 0x78, 0x18, 0xf0, 0x31, 0xe0, 0x63, 0x61,
    0x86, 0xff, 0xc, 0x78, 0x18, 0x0, 0x30, 0x0,
    0x63, 0x0, 0x6, 0x0, 0xc, 0x0, 0x18, 0x0,
    0x3f, 0xfc,

    /* U+C77C "일" */
    0x0, 0x6, 0x7e, 0xd, 0xce, 0x1e, 0x6, 0x3c,
    0xc, 0x78, 0x18, 0xd8, 0x61, 0xbf, 0xc3, 0x0,
    0x6, 0x0, 0x0, 0x7f, 0xf8, 0x0, 0x30, 0x0,
    0x63, 0xff, 0xc6, 0x0, 0xc, 0x0, 0x18, 0x0,
    0x3f, 0xfc,

    /* U+C77D "읽" */
    0x0, 0x6, 0x7e, 0xd, 0xce, 0x1e, 0xe, 0x3c,
    0xc, 0x78, 0x38, 0xd8, 0xe1, 0xbf, 0x83, 0x0,
    0x6, 0x0, 0x0, 0xfd, 0xf8, 0x18, 0x30, 0x30,
    0x67, 0xe0, 0xcc, 0x1, 0x98, 0x3, 0x3f, 0x86,
    0x7f, 0xc,

    /* U+C77E "읾" */
    0x0, 0x6, 0x7e, 0xd, 0xce, 0x1e, 0xe, 0x3c,
    0xc, 0x78, 0x38, 0xf8, 0x61, 0xbf, 0x83, 0xc,
    0x6, 0x0, 0x0, 0xfd, 0xf8, 0x1b, 0x30, 0x36,
    0x67, 0xec, 0xcc, 0x19, 0x98, 0x33, 0x30, 0x66,
    0x7e, 0xfc,

    /* U+C783 "잃" */
    0x0, 0x6, 0x3f, 0x6, 0x63, 0x86, 0xc1, 0xc6,
    0xc1, 0xc6, 0xc1, 0xc6, 0xe3, 0x86, 0x7f, 0x86,
    0xc, 0x6, 0x0, 0x0, 0x0, 0x18, 0x3e, 0x18,
    0x3e, 0x7f, 0x6, 0x0, 0x3e, 0x3c, 0x20, 0x66,
    0x20, 0x63, 0x20, 0x66, 0x3f, 0xbc,

    /* U+C784 "임" */
    0x0, 0x6, 0x7e, 0xd, 0xfe, 0x1f, 0xe, 0x3c,
    0xc, 0x78, 0x18, 0xf8, 0x71, 0xbf, 0xc3, 0x3f,
    0x6, 0x0, 0xc, 0x0, 0x0, 0xff, 0xf1, 0x80,
    0x63, 0x0, 0xc6, 0x1, 0x8c, 0x3, 0x18, 0x6,
    0x3f, 0xfc,

    /* U+C785 "입" */
    0x0, 0x6, 0x7e, 0xd, 0xfe, 0x1f, 0xe, 0x3c,
    0xc, 0x78, 0x18, 0xf0, 0x31, 0xb9, 0xc3, 0x3f,
    0x6, 0x10, 0xc, 0x0, 0x0, 0x0, 0x1, 0x80,
    0x63, 0xff, 0xc6, 0x1, 0x8c, 0x3, 0x18, 0x6,
    0x30, 0xc, 0x7f, 0xf8,

    /* U+C787 "잇" */
    0x0, 0x6, 0x1e, 0x6, 0x7f, 0x86, 0xe1, 0xc6,
    0xc0, 0xc6, 0xc0, 0xc6, 0xc0, 0xc6, 0x61, 0x86,
    0x7f, 0x86, 0x1e, 0x6, 0x0, 0x6, 0x0, 0xc6,
    0x0, 0xc0, 0x1, 0xe0, 0x3, 0xf0, 0x7, 0x38,
    0x3e, 0x1f, 0x30, 0x6,

    /* U+C788 "있" */
    0x0, 0x6, 0x1f, 0x83, 0x1f, 0xe1, 0x9c, 0x38,
    0xcc, 0xc, 0x66, 0x6, 0x33, 0x3, 0x18, 0xe7,
    0xc, 0x3f, 0x6, 0x0, 0x3, 0x0, 0x0, 0x1,
    0x83, 0x0, 0xc1, 0x80, 0xe0, 0xe0, 0x78, 0xf0,
    0x66, 0xcc, 0x63, 0xe3, 0x20, 0x40, 0x80,

    /* U+C789 "잉" */
    0x0, 0x6, 0x7c, 0xd, 0x86, 0x1e, 0x6, 0x3c,
    0xc, 0x78, 0x18, 0xf0, 0x31, 0xb0, 0xc3, 0x3f,
    0x6, 0x0, 0xc, 0x0, 0x18, 0x3f, 0x81, 0xc0,
    0xc3, 0x0, 0xce, 0x1, 0x8c, 0x3, 0x1c, 0xc,
    0xf, 0xe0,

    /* U+C78A "잊" */
    0x0, 0x6, 0x3e, 0x6, 0x7f, 0x86, 0xe1, 0x86,
    0xc0, 0xc6, 0xc0, 0xc6, 0xc1, 0xc6, 0x7f, 0x86,
    0x3f, 0x6, 0x0, 0x6, 0x0, 0x0, 0x1f, 0xfe,
    0x1f, 0xfe, 0x0, 0xc0, 0x1, 0xe0, 0x3, 0xf0,
    0x3e, 0x3e, 0x1c, 0xe,

    /* U+C78E "잎" */
    0x0, 0xc, 0x7c, 0x19, 0xfc, 0x37, 0xc, 0x6c,
    0x18, 0xd8, 0x11, 0xb0, 0x63, 0x39, 0xc6, 0x3f,
    0xc, 0x0, 0x18, 0x0, 0x0, 0x0, 0x3, 0xff,
    0xe0, 0xc6, 0x1, 0x8c, 0x3, 0x18, 0x6, 0x30,
    0xc, 0x60, 0xff, 0xf8,

    /* U+C790 "자" */
    0x0, 0x6, 0x0, 0x1, 0x87, 0xfe, 0x60, 0x18,
    0x18, 0x6, 0x6, 0x1, 0x81, 0x80, 0x60, 0x60,
    0x1c, 0x1f, 0xf, 0x6, 0x3, 0x61, 0x81, 0x9c,
    0x60, 0xc3, 0x98, 0xf0, 0x66, 0x18, 0x9, 0x80,
    0x0, 0x60, 0x0, 0x18, 0x0, 0x6, 0x0, 0x1,
    0x80,

    /* U+C791 "작" */
    0x0, 0x6, 0x1f, 0xf9, 0x87, 0xfe, 0x60, 0x18,
    0x18, 0x6, 0x6, 0x1, 0xc1, 0xf0, 0xf0, 0x60,
    0x76, 0x18, 0x38, 0xe6, 0x1c, 0x19, 0x84, 0x0,
    0x60, 0x0, 0x0, 0x0, 0x0, 0x7, 0xff, 0x80,
    0x0, 0x60, 0x0, 0x18, 0x0, 0x6, 0x0, 0x1,
    0x80, 0x0, 0x60,

    /* U+C794 "잔" */
    0x0, 0x6, 0x0, 0x1, 0x87, 0xfe, 0x60, 0x18,
    0x18, 0x6, 0x6, 0x1, 0x81, 0x80, 0xf0, 0x7c,
    0x3c, 0x1f, 0x19, 0x86, 0xe, 0x79, 0x87, 0x6,
    0x61, 0x0, 0x18, 0x0, 0x6, 0x6, 0x0, 0x1,
    0x80, 0x0, 0x60, 0x0, 0x18, 0x0, 0x7, 0xff,
    0xc0,

    /* U+C796 "잖" */
    0x0, 0x6, 0x1f, 0xf9, 0x87, 0xfe, 0x60, 0x18,
    0x18, 0x6, 0x7, 0xc3, 0xc1, 0xf1, 0xd8, 0x60,
    0xe7, 0x98, 0x70, 0x66, 0x18, 0x0, 0x0, 0x1,
    0x80, 0xe3, 0xfe, 0x38, 0xff, 0x8e, 0x0, 0x3,
    0x83, 0xc0, 0xe1, 0x98, 0x38, 0x63, 0xe, 0x59,
    0x83, 0xf3, 0xc0,

    /* U+C797 "잗" */
    0x0, 0x6, 0x1f, 0xf9, 0x87, 0xfe, 0x60, 0x18,
    0x18, 0x6, 0x7, 0xc3, 0xc1, 0xf0, 0xf8, 0x60,
    0xe7, 0x18, 0xf0, 0xe6, 0x18, 0x9, 0x80, 0x0,
    0x0, 0x7f, 0xf8, 0x18, 0x0, 0x6, 0x0, 0x1,
    0x80, 0x0, 0x60, 0x0, 0x18, 0x0, 0x7, 0xff,
    0xc0,

    /* U+C798 "잘" */
    0x0, 0x6, 0x1f, 0xf9, 0x87, 0xfe, 0x60, 0x18,
    0x18, 0xf, 0x7, 0xc3, 0xc1, 0x81, 0x9c, 0x61,
    0xe3, 0x98, 0x60, 0x26, 0x0, 0x0, 0x1, 0xff,
    0xe0, 0x0, 0x18, 0x0, 0x6, 0x7, 0xff, 0x81,
    0x80, 0x0, 0x60, 0x0, 0x18, 0x0, 0x7, 0xff,
    0xc0,

    /* U+C79A "잚" */
    0x0, 0x6, 0x1f, 0xf9, 0x87, 0xfe, 0x60, 0x18,
    0x18, 0xf, 0x7, 0xc3, 0xc1, 0x81, 0x9c, 0x61,
    0xc3, 0x98, 0x60, 0x26, 0x0, 0x0, 0x3, 0xf7,
    0xe0, 0xd, 0x98, 0x3, 0x66, 0xf, 0xd9, 0x83,
    0x6, 0x60, 0xc1, 0x98, 0x30, 0x66, 0xf, 0xff,
    0x80,

    /* U+C7A0 "잠" */
    0x0, 0x6, 0x1f, 0xf9, 0x80, 0x60, 0x60, 0x18,
    0x18, 0x7, 0x7, 0xc3, 0xc1, 0x81, 0xd8, 0x60,
    0xe7, 0x98, 0x70, 0x66, 0x18, 0x9, 0x80, 0x0,
    0x0, 0x7f, 0xf8, 0x18, 0x6, 0x6, 0x1, 0x81,
    0x80, 0x60, 0x60, 0x18, 0x18, 0x6, 0x7, 0xff,
    0x80,

    /* U+C7A1 "잡" */
    0x0, 0x6, 0x1f, 0xf9, 0x87, 0xfe, 0x60, 0x18,
    0x18, 0x6, 0x7, 0xc3, 0xc1, 0xf0, 0xf8, 0x60,
    0xe7, 0x18, 0xf8, 0xe6, 0x1c, 0x9, 0x84, 0x0,
    0x0, 0x0, 0x0, 0x18, 0x6, 0x7, 0xff, 0x81,
    0x80, 0x60, 0x60, 0x18, 0x18, 0x6, 0x6, 0x1,
    0x81, 0xff, 0xe0,

    /* U+C7A3 "잣" */
    0x0, 0x6, 0x1f, 0xf9, 0x87, 0xfe, 0x60, 0x18,
    0x18, 0x6, 0x6, 0x3, 0xc1, 0xf0, 0xf0, 0x60,
    0x76, 0x18, 0x78, 0xf6, 0x1c, 0x19, 0x84, 0x0,
    0x60, 0x3, 0x18, 0x0, 0xe0, 0x0, 0x38, 0x0,
    0x1f, 0x0, 0x1c, 0xf0, 0x3e, 0xf, 0x6, 0x0,
    0xc0,

    /* U+C7A4 "잤" */
    0x0, 0x6, 0x1f, 0xf9, 0x87, 0xfe, 0x60, 0x18,
    0x18, 0x6, 0x7, 0xc3, 0xc1, 0xf0, 0xf8, 0x60,
    0x67, 0x18, 0x70, 0xe6, 0x18, 0x9, 0x80, 0x0,
    0x0, 0x18, 0x30, 0x6, 0xc, 0x3, 0x87, 0x0,
    0xf1, 0xe0, 0x6e, 0xdc, 0x71, 0xe3, 0x88, 0x30,
    0x0,

    /* U+C7A5 "장" */
    0x0, 0x6, 0x3f, 0xf3, 0x1, 0x81, 0x80, 0xc0,
    0xc0, 0x70, 0x78, 0x78, 0x30, 0x76, 0x18, 0x73,
    0xcc, 0xf0, 0xe6, 0x30, 0x13, 0x0, 0x1, 0x80,
    0xfe, 0x0, 0xc0, 0xc0, 0xc0, 0x30, 0x60, 0x18,
    0x30, 0xc, 0xc, 0xc, 0x1, 0xfc, 0x0,

    /* U+C7A6 "잦" */
    0x0, 0x6, 0x1f, 0xf9, 0x87, 0xfe, 0x60, 0x18,
    0x18, 0x6, 0x7, 0xc3, 0xc1, 0xf1, 0xf8, 0x60,
    0xe7, 0x18, 0x70, 0xe6, 0x10, 0x9, 0x80, 0x0,
    0x0, 0x7f, 0xf8, 0x0, 0xe0, 0x0, 0x78, 0x0,
    0x3b, 0x80, 0x7c, 0x7c, 0x1c, 0x7, 0x0,

    /* U+C7AC "재" */
    0x0, 0x33, 0x0, 0x33, 0x7f, 0xb3, 0xc, 0x33,
    0xc, 0x33, 0xc, 0x33, 0xc, 0x33, 0xc, 0x3f,
    0xe, 0x3f, 0x1e, 0x33, 0x1b, 0x33, 0x33, 0xb3,
    0x71, 0xb3, 0x60, 0xb3, 0x0, 0x33, 0x0, 0x33,
    0x0, 0x33, 0x0, 0x3,

    /* U+C7AD "잭" */
    0x0, 0x33, 0x7f, 0xb3, 0x7f, 0xb3, 0xc, 0x33,
    0xc, 0x33, 0xc, 0x3f, 0x1e, 0x33, 0x1f, 0x33,
    0x33, 0xb3, 0x71, 0xb3, 0x40, 0x33, 0x0, 0x0,
    0x0, 0x0, 0xf, 0xff, 0x0, 0x3, 0x0, 0x3,
    0x0, 0x3, 0x0, 0x3, 0x0, 0x3,

    /* U+C7B0 "잰" */
    0x0, 0x33, 0x0, 0x19, 0x9f, 0xec, 0xcf, 0xf6,
    0x60, 0xc3, 0x30, 0x61, 0x98, 0x30, 0xfc, 0x3c,
    0x7e, 0x1e, 0x33, 0x1d, 0xd9, 0xbc, 0x6c, 0xcc,
    0x6, 0x60, 0x3, 0x30, 0x60, 0x0, 0x30, 0x0,
    0x18, 0x0, 0xc, 0x0, 0x7, 0xff, 0xc0,

    /* U+C7B4 "잴" */
    0x0, 0x66, 0xff, 0x66, 0xff, 0x66, 0x18, 0x66,
    0x18, 0x7e, 0x3c, 0x66, 0x76, 0x66, 0xe7, 0x66,
    0xc0, 0x66, 0x0, 0x0, 0x1f, 0xfe, 0x0, 0x6,
    0x0, 0x6, 0x1f, 0xfe, 0x18, 0x0, 0x18, 0x0,
    0x18, 0x0, 0x1f, 0xff,

    /* U+C7BC "잼" */
    0x0, 0x67, 0xfe, 0xcf, 0xfd, 0x98, 0xc3, 0x31,
    0x87, 0xe7, 0xf, 0xcf, 0x19, 0xbb, 0x33, 0xe3,
    0x67, 0x0, 0xcc, 0x0, 0x0, 0xff, 0xf1, 0x80,
    0x63, 0x0, 0xc6, 0x1, 0x8c, 0x3, 0x18, 0x6,
    0x3f, 0xfc,

    /* U+C7BD "잽" */
    0x0, 0x67, 0xfe, 0xcf, 0xfd, 0x98, 0xc3, 0x31,
    0x87, 0xe7, 0xf, 0xcf, 0x19, 0xbb, 0x33, 0xe3,
    0x67, 0x80, 0xcc, 0x0, 0x0, 0x0, 0x1, 0x80,
    0x63, 0xff, 0xc6, 0x1, 0x8c, 0x3, 0x18, 0x6,
    0x30, 0xc, 0x7f, 0xf8,

    /* U+C7BF "잿" */
    0x0, 0x66, 0xff, 0x66, 0xff, 0x66, 0x18, 0x66,
    0x18, 0x7e, 0x18, 0x7e, 0x3c, 0x66, 0x3e, 0x66,
    0x67, 0x66, 0xc3, 0x66, 0x80, 0x66, 0x0, 0xc6,
    0x0, 0xc0, 0x1, 0xc0, 0x3, 0xe0, 0x7, 0x38,
    0x3e, 0x1f, 0x38, 0x6,

    /* U+C7C0 "쟀" */
    0x0, 0x66, 0xff, 0x66, 0xff, 0x66, 0x18, 0x66,
    0x18, 0x7e, 0x1c, 0x7e, 0x3c, 0x66, 0x76, 0x66,
    0xe3, 0x66, 0x80, 0x66, 0x0, 0x0, 0xc, 0x18,
    0xc, 0x18, 0xe, 0x38, 0x1e, 0x7c, 0x73, 0xe7,
    0x61, 0xc3, 0x0, 0x80,

    /* U+C7C1 "쟁" */
    0x0, 0x67, 0xfe, 0xcf, 0xfd, 0x98, 0xc3, 0x31,
    0x87, 0xe3, 0x8f, 0xcf, 0x19, 0xbb, 0x33, 0xe7,
    0x67, 0x80, 0xcc, 0x0, 0x18, 0x3f, 0x80, 0xc0,
    0xc3, 0x0, 0xc6, 0x1, 0x8c, 0x3, 0xc, 0xc,
    0xf, 0xe0,

    /* U+C7C8 "쟈" */
    0x0, 0x6, 0x0, 0x1, 0x87, 0xfe, 0x60, 0x18,
    0x18, 0x6, 0x7, 0xc1, 0x81, 0x80, 0x60, 0x60,
    0x1c, 0x18, 0xf, 0x6, 0x3, 0x61, 0xf1, 0x9c,
    0x7c, 0xe3, 0x98, 0xf0, 0x76, 0x18, 0x9, 0x80,
    0x0, 0x60, 0x0, 0x18, 0x0, 0x6, 0x0, 0x1,
    0x80,

    /* U+C7C9 "쟉" */
    0x0, 0x6, 0x1f, 0xf9, 0x87, 0xfe, 0x60, 0x18,
    0x1f, 0x6, 0x6, 0x1, 0xc1, 0x80, 0xf0, 0x60,
    0x76, 0x1f, 0x38, 0xe6, 0x1c, 0x19, 0x84, 0x0,
    0x60, 0x0, 0x0, 0x0, 0x0, 0x7, 0xff, 0x80,
    0x0, 0x60, 0x0, 0x18, 0x0, 0x6, 0x0, 0x1,
    0x80, 0x0, 0x60,

    /* U+C7CC "쟌" */
    0x0, 0x6, 0x0, 0x1, 0x87, 0xfe, 0x60, 0x18,
    0x18, 0x6, 0x7, 0xc1, 0x81, 0x80, 0xf0, 0x60,
    0x3c, 0x18, 0x1d, 0x87, 0xce, 0x79, 0xf7, 0x6,
    0x61, 0x0, 0x18, 0x0, 0x6, 0x6, 0x0, 0x1,
    0x80, 0x0, 0x60, 0x0, 0x18, 0x0, 0x7, 0xff,
    0xc0,

    /* U+C7CE "쟎" */
    0x0, 0x6, 0x1f, 0xf9, 0x87, 0xfe, 0x7c, 0x18,
    0x1f, 0x6, 0x6, 0x3, 0xc1, 0xf1, 0xd8, 0x7c,
    0xe7, 0x98, 0x70, 0x66, 0x18, 0x0, 0x0, 0x1,
    0x80, 0xe3, 0xfe, 0x38, 0xff, 0x8e, 0x0, 0x3,
    0x83, 0xc0, 0xe1, 0x98, 0x38, 0x63, 0xe, 0x59,
    0x83, 0xf3, 0xc0,

    /* U+C7D0 "쟐" */
    0x0, 0x6, 0x1f, 0xf9, 0x87, 0xfe, 0x7c, 0x18,
    0x1f, 0xf, 0x6, 0x3, 0xc1, 0xf1, 0x9c, 0x7d,
    0xe3, 0x98, 0x60, 0x26, 0x0, 0x0, 0x1, 0xff,
    0xe0, 0x0, 0x18, 0x0, 0x6, 0x7, 0xff, 0x81,
    0x80, 0x0, 0x60, 0x0, 0x18, 0x0, 0x7, 0xff,
    0xc0,

    /* U+C7D8 "쟘" */
    0x0, 0x6, 0x0, 0x1, 0x87, 0xfe, 0x60, 0x18,
    0x1f, 0x6, 0x6, 0x1, 0xc1, 0x80, 0xf0, 0x60,
    0x7e, 0x1f, 0x39, 0xe6, 0x1c, 0x39, 0x86, 0x0,
    0x60, 0x0, 0x0, 0x1f, 0xfe, 0x6, 0x1, 0x81,
    0x80, 0x60, 0x60, 0x18, 0x18, 0x6, 0x6, 0x1,
    0x81, 0xff, 0xe0,

    /* U+C7DD "쟝" */
    0x0, 0x6, 0x0, 0x3, 0x1f, 0xf9, 0x80, 0xc0,
    0xf0, 0x60, 0x78, 0x30, 0x30, 0x3c, 0x18, 0x3f,
    0xf, 0x39, 0xe6, 0x38, 0x73, 0x18, 0x9, 0x80,
    0x0, 0x0, 0x7f, 0x0, 0x60, 0x60, 0x60, 0x18,
    0x30, 0xc, 0x18, 0x6, 0x6, 0x6, 0x0, 0xfe,
    0x0,

    /* U+C7E4 "쟤" */
    0x0, 0x33, 0x0, 0x33, 0x7f, 0xb3, 0xc, 0x33,
    0xc, 0x3f, 0xc, 0x3f, 0xc, 0x33, 0xc, 0x33,
    0xe, 0x33, 0x1e, 0x3f, 0x1b, 0x3f, 0x33, 0xb3,
    0x71, 0xb3, 0x60, 0xb3, 0x0, 0x33, 0x0, 0x33,
    0x0, 0x33, 0x0, 0x3,

    /* U+C7E8 "쟨" */
    0x0, 0x33, 0x0, 0x19, 0x9f, 0xec, 0xcf, 0xf6,
    0x60, 0xc3, 0xf0, 0x61, 0x98, 0x30, 0xcc, 0x3c,
    0x66, 0x1e, 0x3f, 0x1d, 0xdf, 0xbc, 0x6c, 0xcc,
    0x6, 0x60, 0x3, 0x30, 0x60, 0x0, 0x30, 0x0,
    0x18, 0x0, 0xc, 0x0, 0x7, 0xff, 0xc0,

    /* U+C7EC "쟬" */
    0x0, 0x66, 0xff, 0x66, 0xff, 0x7e, 0x18, 0x7e,
    0x18, 0x66, 0x3c, 0x7e, 0x76, 0x7e, 0xe7, 0x66,
    0xc0, 0x66, 0x0, 0x0, 0x1f, 0xfe, 0x0, 0x6,
    0x0, 0x6, 0x1f, 0xfe, 0x18, 0x0, 0x18, 0x0,
    0x18, 0x0, 0x1f, 0xff,

    /* U+C800 "저" */
    0x0, 0x3, 0x0, 0x3, 0x7f, 0xe3, 0x6, 0x3,
    0x6, 0x3, 0x6, 0x3, 0x7, 0x3f, 0x7, 0x3,
    0xd, 0x3, 0xd, 0x83, 0x19, 0xc3, 0x30, 0xe3,
    0xf0, 0x63, 0x60, 0x23, 0x0, 0x3, 0x0, 0x3,
    0x0, 0x3, 0x0, 0x3,

    /* U+C801 "적" */
    0x0, 0x3, 0x7f, 0xe3, 0x7f, 0xe3, 0x7, 0x3,
    0x7, 0x3, 0x7, 0x1f, 0xf, 0x83, 0x1d, 0xc3,
    0x38, 0xe3, 0x70, 0x63, 0x40, 0x3, 0x0, 0x0,
    0x0, 0x0, 0xf, 0xff, 0x0, 0x3, 0x0, 0x3,
    0x0, 0x3, 0x0, 0x3, 0x0, 0x3,

    /* U+C804 "전" */
    0x0, 0x3, 0x3f, 0xf1, 0x9f, 0xf8, 0xc0, 0xc0,
    0x60, 0x60, 0x30, 0x38, 0xf8, 0x3c, 0x7c, 0x1f,
    0x6, 0x1d, 0x83, 0x1c, 0x71, 0x9c, 0x18, 0xc8,
    0x0, 0x60, 0x0, 0x30, 0x60, 0x0, 0x30, 0x0,
    0x18, 0x0, 0xc, 0x0, 0x7, 0xff, 0xc0,

    /* U+C808 "절" */
    0x0, 0x3, 0x3f, 0xf1, 0x81, 0x80, 0xc0, 0xc0,
    0x60, 0x71, 0xf0, 0x78, 0x18, 0x77, 0xc, 0xf1,
    0xc6, 0x60, 0x23, 0x0, 0x0, 0x3, 0xff, 0xc0,
    0x0, 0x60, 0x0, 0x30, 0x7f, 0xf8, 0x30, 0x0,
    0x18, 0x0, 0xc, 0x0, 0x7, 0xff, 0xc0,

    /* U+C80A "젊" */
    0x0, 0x3, 0x7f, 0xe3, 0x6, 0x3, 0x6, 0x3,
    0x7, 0x1f, 0xf, 0x83, 0x1d, 0xc3, 0x78, 0xe3,
    0x60, 0x23, 0x0, 0x0, 0x1f, 0xbf, 0x1, 0xb3,
    0x1, 0xb3, 0x1f, 0xb3, 0x18, 0x33, 0x18, 0x33,
    0x18, 0x33, 0x1f, 0xff,

    /* U+C810 "점" */
    0x0, 0x3, 0x7f, 0xe3, 0x7f, 0xe3, 0x6, 0x3,
    0x7, 0x1f, 0xf, 0x1f, 0x1d, 0x83, 0x39, 0xc3,
    0xf0, 0xe3, 0x60, 0x23, 0x0, 0x0, 0xf, 0xff,
    0xc, 0x3, 0xc, 0x3, 0xc, 0x3, 0xc, 0x3,
    0xc, 0x3, 0xf, 0xff,

    /* U+C811 "접" */
    0x0, 0x3, 0x7f, 0xe3, 0x7f, 0xe3, 0x6, 0x3,
    0x7, 0x1f, 0xf, 0x1f, 0xf, 0x83, 0x1d, 0xc3,
    0x78, 0xe3, 0x70, 0x23, 0x60, 0x0, 0x0, 0x0,
    0xc, 0x3, 0xf, 0xff, 0xc, 0x3, 0xc, 0x3,
    0xc, 0x3, 0xc, 0x3, 0xf, 0xff,

    /* U+C813 "젓" */
    0x0, 0x3, 0x3f, 0xf1, 0x9f, 0xf8, 0xc0, 0xc0,
    0x60, 0x71, 0xf0, 0x78, 0xf8, 0x3e, 0xc, 0x33,
    0x86, 0x78, 0xe3, 0x30, 0x11, 0x80, 0x0, 0xc0,
    0xc, 0x60, 0x6, 0x0, 0x7, 0x80, 0x7, 0xe0,
    0xf, 0x38, 0x1e, 0xf, 0x8c, 0x0, 0x80,

    /* U+C815 "정" */
    0x0, 0x3, 0x7f, 0xe3, 0x6, 0x3, 0x6, 0x3,
    0x7, 0x1f, 0xf, 0x3, 0x1d, 0x83, 0x38, 0xe3,
    0xf0, 0x63, 0x60, 0x23, 0x0, 0x0, 0x3, 0xf8,
    0xe, 0xe, 0xc, 0x3, 0x1c, 0x3, 0xc, 0x3,
    0xe, 0xe, 0x3, 0xf8,

    /* U+C816 "젖" */
    0x0, 0x3, 0x3f, 0xf1, 0x9f, 0xf8, 0xc0, 0xc0,
    0x60, 0x71, 0xf0, 0x78, 0xf8, 0x76, 0xc, 0x73,
    0x86, 0xf0, 0xe3, 0x30, 0x11, 0x80, 0x0, 0x1,
    0xff, 0xe0, 0x6, 0x0, 0x7, 0x80, 0x7, 0x60,
    0x1f, 0x1e, 0x1e, 0x7, 0x80,

    /* U+C81C "제" */
    0x0, 0x33, 0x0, 0x33, 0x7f, 0xb3, 0xc, 0x33,
    0xc, 0x33, 0xc, 0x33, 0xd, 0xf3, 0xd, 0xf3,
    0x1c, 0x33, 0x1e, 0x33, 0x36, 0x33, 0x33, 0x33,
    0x61, 0xb3, 0x60, 0xb3, 0x0, 0x33, 0x0, 0x33,
    0x0, 0x33, 0x0, 0x3,

    /* U+C81D "젝" */
    0x0, 0x67, 0xfe, 0xcf, 0xfd, 0x98, 0xc3, 0x31,
    0x86, 0x63, 0x3c, 0xcf, 0x19, 0x9e, 0x33, 0x67,
    0x67, 0x86, 0xce, 0x1, 0x98, 0x0, 0x0, 0x0,
    0x3, 0xff, 0xc0, 0x1, 0x80, 0x3, 0x0, 0x6,
    0x0, 0xc, 0x0, 0x18,

    /* U+C820 "젠" */
    0x0, 0x66, 0x0, 0x66, 0xff, 0x66, 0xff, 0x66,
    0x18, 0x66, 0x19, 0xe6, 0x39, 0xe6, 0x3c, 0x66,
    0x3c, 0x66, 0x67, 0x66, 0xc3, 0x66, 0x80, 0x66,
    0x0, 0x66, 0x18, 0x0, 0x18, 0x0, 0x18, 0x0,
    0x18, 0x0, 0x1f, 0xff,

    /* U+C824 "젤" */
    0x0, 0x66, 0xff, 0x66, 0x18, 0x66, 0x18, 0x66,
    0x19, 0xe6, 0x3c, 0x66, 0x7e, 0x66, 0xe7, 0x66,
    0xc0, 0x66, 0x0, 0x0, 0x1f, 0xfe, 0x0, 0x6,
    0x0, 0x6, 0x1f, 0xfe, 0x18, 0x0, 0x18, 0x0,
    0x18, 0x0, 0x1f, 0xff,

    /* U+C82C "젬" */
    0x0, 0x67, 0xfe, 0xcc, 0x61, 0x98, 0xc3, 0x33,
    0x9e, 0x67, 0xc, 0xdf, 0x19, 0xf3, 0xb3, 0xc3,
    0x67, 0x0, 0xcc, 0x0, 0x0, 0xff, 0xf1, 0x80,
    0x63, 0x0, 0xc6, 0x1, 0x8c, 0x3, 0x18, 0x6,
    0x3f, 0xfc,

    /* U+C82D "젭" */
    0x0, 0x67, 0xfe, 0xcf, 0xfd, 0x98, 0xc3, 0x31,
    0x9e, 0x67, 0x3c, 0xcf, 0x19, 0xb7, 0x33, 0xe7,
    0x67, 0x80, 0xcc, 0x0, 0x0, 0x0, 0x1, 0x80,
    0x63, 0xff, 0xc6, 0x1, 0x8c, 0x3, 0x18, 0x6,
    0x30, 0xc, 0x7f, 0xf8,

    /* U+C82F "젯" */
    0x0, 0x66, 0xff, 0x66, 0xff, 0x66, 0x18, 0x66,
    0x18, 0x66, 0x19, 0xe6, 0x3c, 0x66, 0x3c, 0x66,
    0x67, 0x66, 0xc3, 0x66, 0x80, 0x6, 0x0, 0x86,
    0x0, 0xc0, 0x1, 0xc0, 0x3, 0x60, 0xf, 0x38,
    0x3c, 0x1f, 0x30, 0x6,

    /* U+C831 "젱" */
    0x0, 0x67, 0xfe, 0xcf, 0xfd, 0x98, 0xc3, 0x31,
    0x9e, 0x67, 0x3c, 0xcf, 0x19, 0xb7, 0x33, 0xe7,
    0x67, 0x80, 0xcc, 0x0, 0x18, 0x3f, 0x81, 0xc1,
    0xc3, 0x0, 0xc6, 0x1, 0x8c, 0x3, 0x1c, 0x1c,
    0xf, 0xe0,

    /* U+C838 "져" */
    0x0, 0x3, 0x0, 0x3, 0x7f, 0xe3, 0x6, 0x3,
    0x6, 0x1f, 0x6, 0x1f, 0x7, 0x3, 0x7, 0x3,
    0xf, 0x1f, 0xd, 0x9f, 0x19, 0xc3, 0x38, 0xe3,
    0x70, 0x73, 0x60, 0x23, 0x0, 0x3, 0x0, 0x3,
    0x0, 0x3, 0x0, 0x3,

    /* U+C83C "젼" */
    0x0, 0x3, 0x3f, 0xf1, 0x9f, 0xf8, 0xc0, 0xc0,
    0x60, 0x61, 0xf0, 0x30, 0xf8, 0x1c, 0xc, 0x1e,
    0x6, 0x1d, 0x9f, 0x1c, 0xe1, 0xbc, 0x38, 0xcc,
    0x4, 0x60, 0x0, 0x30, 0x60, 0x0, 0x30, 0x0,
    0x18, 0x0, 0xc, 0x0, 0x7, 0xff, 0xc0,

    /* U+C840 "졀" */
    0x0, 0x3, 0x3f, 0xf1, 0x81, 0x80, 0xc0, 0xc3,
    0xe0, 0xf0, 0x30, 0x7c, 0xf8, 0x67, 0x7c, 0xf1,
    0xc6, 0x60, 0x23, 0x0, 0x0, 0x3, 0xff, 0xc0,
    0x0, 0x60, 0x0, 0x30, 0x7f, 0xf8, 0x30, 0x0,
    0x18, 0x0, 0xc, 0x0, 0x7, 0xff, 0xc0,

    /* U+C848 "졈" */
    0x0, 0x3, 0x7f, 0xe3, 0x7f, 0xe3, 0x6, 0x1f,
    0x6, 0x1f, 0xf, 0x3, 0xf, 0x9f, 0x39, 0xdf,
    0xf0, 0xe3, 0x60, 0x23, 0x0, 0x0, 0xf, 0xff,
    0xc, 0x3, 0xc, 0x3, 0xc, 0x3, 0xc, 0x3,
    0xc, 0x3, 0xf, 0xff,

    /* U+C849 "졉" */
    0x0, 0x3, 0x7f, 0xe3, 0x7f, 0xe3, 0x6, 0x1f,
    0x7, 0x1f, 0xf, 0x3, 0xf, 0x9f, 0x1d, 0xdf,
    0x78, 0xf3, 0x70, 0x63, 0x60, 0x0, 0x0, 0x0,
    0xc, 0x3, 0xf, 0xff, 0xc, 0x3, 0xc, 0x3,
    0xc, 0x3, 0xc, 0x3, 0xf, 0xff,

    /* U+C84C "졌" */
    0x0, 0x3, 0x1f, 0xf8, 0xc7, 0xfe, 0x30, 0x18,
    0x7c, 0x6, 0x1f, 0x3, 0xc0, 0xc0, 0xf9, 0xf0,
    0x67, 0x7c, 0x78, 0xf3, 0x18, 0x8, 0xc0, 0x0,
    0x0, 0x18, 0x30, 0x6, 0xc, 0x3, 0xc7, 0x80,
    0xf9, 0xe0, 0xe7, 0xce, 0x30, 0xe1, 0x80, 0x10,
    0x0,

    /* U+C84D "졍" */
    0x0, 0x3, 0x7f, 0xe3, 0x7f, 0xe3, 0x6, 0x1f,
    0x7, 0x3, 0xf, 0x3, 0x1f, 0x9f, 0x39, 0xe3,
    0xf8, 0xe3, 0x60, 0x23, 0x0, 0x3, 0x3, 0xf8,
    0xe, 0xe, 0xc, 0x3, 0x1c, 0x3, 0xc, 0x3,
    0xe, 0x6, 0x3, 0xf8,

    /* U+C854 "졔" */
    0x0, 0x33, 0x0, 0x33, 0x7f, 0xb3, 0xc, 0x33,
    0xc, 0x33, 0xc, 0xf3, 0xc, 0x33, 0xc, 0x33,
    0x1c, 0xf3, 0x1e, 0xf3, 0x16, 0x33, 0x33, 0x33,
    0x63, 0xb3, 0x61, 0xb3, 0x0, 0x33, 0x0, 0x33,
    0x0, 0x33, 0x0, 0x3,

    /* U+C870 "조" */
    0x7f, 0xff, 0x0, 0xe0, 0x0, 0x70, 0x0, 0x38,
    0x0, 0x36, 0x0, 0x3b, 0x80, 0x38, 0xe0, 0xf8,
    0x3e, 0x70, 0x7, 0x0, 0xe0, 0x0, 0x70, 0x0,
    0x38, 0x0, 0x1c, 0x7, 0xff, 0xfc,

    /* U+C871 "족" */
    0x7f, 0xfe, 0x0, 0xe0, 0x0, 0xf0, 0x0, 0x6c,
    0x0, 0xf7, 0x81, 0xf1, 0xf1, 0xe6, 0x3c, 0x83,
    0x0, 0x1, 0x80, 0x7f, 0xff, 0xc0, 0x0, 0x0,
    0x0, 0x3, 0xff, 0xe0, 0x0, 0x30, 0x0, 0x18,
    0x0, 0xc, 0x0, 0x6, 0x0, 0x3, 0x0,

    /* U+C874 "존" */
    0x7f, 0xfe, 0x0, 0xe0, 0x0, 0xf0, 0x0, 0xee,
    0x1, 0xe3, 0xc3, 0xcc, 0xf0, 0x6, 0x0, 0x3,
    0x0, 0xff, 0xff, 0x80, 0x0, 0x0, 0x0, 0x0,
    0x0, 0x0, 0x0, 0x1, 0x80, 0x0, 0xc0, 0x0,
    0x60, 0x0, 0x3f, 0xfe, 0x0,

    /* U+C878 "졸" */
    0x3f, 0xfe, 0x0, 0xe0, 0x0, 0xd8, 0x1, 0xef,
    0x7, 0xe1, 0xf3, 0x8e, 0x38, 0x7, 0x1, 0xff,
    0xff, 0x0, 0x0, 0x0, 0x0, 0xf, 0xff, 0x80,
    0x0, 0xc0, 0x0, 0x61, 0xff, 0xf0, 0xc0, 0x0,
    0x60, 0x0, 0x30, 0x0, 0x1f, 0xff, 0x0,

    /* U+C87A "졺" */
    0x3f, 0xfe, 0x0, 0xe0, 0x0, 0xf8, 0x0, 0xee,
    0x1, 0xe3, 0x83, 0xe0, 0xf9, 0xc7, 0x1c, 0x3,
    0x80, 0xff, 0xff, 0x80, 0x0, 0xf, 0xdf, 0x80,
    0x6c, 0xc0, 0x36, 0x61, 0xfb, 0x30, 0xc1, 0x98,
    0x60, 0xcc, 0x30, 0x66, 0x1f, 0xbf, 0x0,

    /* U+C880 "좀" */
    0x3f, 0xfe, 0x0, 0xe0, 0x0, 0xf8, 0x0, 0xee,
    0x1, 0xe3, 0xc3, 0xe0, 0x78, 0x7, 0x0, 0x3,
    0x80, 0xff, 0xff, 0x80, 0x0, 0x0, 0x0, 0x0,
    0x0, 0x3, 0xff, 0xe1, 0x80, 0x30, 0xc0, 0x18,
    0x60, 0xc, 0x30, 0x6, 0x1f, 0xff, 0x0,

    /* U+C881 "좁" */
    0x3f, 0xfe, 0x0, 0xe0, 0x0, 0xf8, 0x0, 0xee,
    0x1, 0xe3, 0xc3, 0xe0, 0xf8, 0x7, 0x8, 0x3,
    0x80, 0xff, 0xff, 0x80, 0x0, 0x0, 0x0, 0x0,
    0x0, 0x3, 0x0, 0x61, 0xff, 0xf0, 0xc0, 0x18,
    0x60, 0xc, 0x30, 0x6, 0x1f, 0xff, 0x0,

    /* U+C883 "좃" */
    0x3f, 0xfe, 0x0, 0xe0, 0x0, 0xf8, 0x0, 0x6c,
    0x0, 0xf7, 0x81, 0xf1, 0xf1, 0xe0, 0x3c, 0x3,
    0x80, 0x1, 0xc0, 0x7f, 0xff, 0xc0, 0x0, 0x0,
    0x38, 0x0, 0x1c, 0x0, 0xe, 0x0, 0xd, 0x80,
    0x1c, 0x70, 0x7c, 0x1f, 0x10, 0x1, 0x0,

    /* U+C885 "종" */
    0x3f, 0xfe, 0x0, 0xe0, 0x0, 0xf8, 0x0, 0xee,
    0x3, 0xe3, 0xe3, 0xc0, 0x78, 0x7, 0x0, 0x3,
    0x80, 0xff, 0xff, 0x80, 0x0, 0x0, 0x0, 0x1,
    0xfe, 0x1, 0x80, 0xc1, 0x80, 0x30, 0xc0, 0x18,
    0x30, 0x18, 0xf, 0xf0, 0x0,

    /* U+C886 "좆" */
    0x3f, 0xfe, 0x0, 0xe0, 0x0, 0xf8, 0x0, 0xee,
    0x1, 0xe3, 0xc3, 0xe0, 0xf9, 0xc7, 0x1c, 0x3,
    0x80, 0xff, 0xff, 0x80, 0x0, 0x0, 0x0, 0x7,
    0xff, 0xc0, 0x1c, 0x0, 0x1f, 0x0, 0x3d, 0xc0,
    0xfc, 0x3e, 0x30, 0x6, 0x0,

    /* U+C887 "좇" */
    0x3f, 0xfe, 0x0, 0xe0, 0x0, 0xf8, 0x0, 0xee,
    0x1, 0xe3, 0xc3, 0xe0, 0xf9, 0x87, 0xc, 0x3,
    0x80, 0xff, 0xff, 0x80, 0x0, 0x0, 0x70, 0x0,
    0x38, 0x3, 0xff, 0xe0, 0xe, 0x0, 0xf, 0x80,
    0x1e, 0xf0, 0x3c, 0x1e, 0x0, 0x0, 0x0,

    /* U+C88B "좋" */
    0x3f, 0xfe, 0x0, 0xe0, 0x0, 0xf8, 0x0, 0xee,
    0x7, 0xe3, 0xf3, 0xce, 0x78, 0x7, 0x1, 0xff,
    0xff, 0x0, 0x0, 0x0, 0xe0, 0x0, 0x70, 0x7,
    0xff, 0xc0, 0x0, 0x0, 0x3f, 0x80, 0x70, 0x70,
    0x30, 0x18, 0x1c, 0x1c, 0x3, 0xf8, 0x0,

    /* U+C88C "좌" */
    0x0, 0x6, 0x1f, 0xf9, 0x80, 0x60, 0x60, 0x18,
    0x18, 0xf, 0x6, 0x3, 0xc1, 0x81, 0xd8, 0x60,
    0xe3, 0x9f, 0x70, 0x67, 0xc1, 0x81, 0x80, 0x60,
    0x60, 0x18, 0x18, 0xff, 0xf6, 0x3f, 0xf9, 0x80,
    0x0, 0x60, 0x0, 0x18, 0x0, 0x6, 0x0, 0x1,
    0x80,

    /* U+C88D "좍" */
    0x0, 0x6, 0x1f, 0xf9, 0x80, 0x60, 0x60, 0x1c,
    0x18, 0xf, 0x86, 0xf, 0x79, 0xf6, 0x62, 0x60,
    0x18, 0x18, 0xff, 0xf6, 0x3f, 0xf1, 0x80, 0x0,
    0x60, 0x0, 0x0, 0x1f, 0xfe, 0x0, 0x1, 0x80,
    0x0, 0x60, 0x0, 0x18, 0x0, 0x6, 0x0, 0x1,
    0x80,

    /* U+C894 "좔" */
    0x0, 0x6, 0x1f, 0xf9, 0x80, 0x60, 0x60, 0x3c,
    0x18, 0x1f, 0x87, 0xde, 0x79, 0xf7, 0x66, 0x60,
    0x18, 0x18, 0xff, 0xf6, 0x3f, 0x1, 0x80, 0x0,
    0x0, 0x0, 0x0, 0x1f, 0xfe, 0x0, 0x1, 0x81,
    0xff, 0xe0, 0x60, 0x0, 0x18, 0x0, 0x6, 0x0,
    0x1, 0xff, 0xf0,

    /* U+C89D "좝" */
    0x0, 0x6, 0x1f, 0xf9, 0x80, 0x60, 0x60, 0x3c,
    0x18, 0x1f, 0x87, 0xde, 0x39, 0xf4, 0x60, 0x60,
    0x18, 0x58, 0xff, 0xf6, 0x3f, 0x81, 0x80, 0x0,
    0x0, 0x0, 0x0, 0x18, 0x6, 0x7, 0xff, 0x81,
    0x80, 0x60, 0x60, 0x18, 0x18, 0x6, 0x7, 0xff,
    0x80,

    /* U+C89F "좟" */
    0x0, 0x6, 0x1f, 0xf9, 0x80, 0x60, 0x60, 0x1c,
    0x18, 0x1f, 0x86, 0x1e, 0x79, 0xf6, 0x66, 0x60,
    0x18, 0x18, 0xff, 0xf6, 0x3f, 0xfd, 0x80, 0x0,
    0x60, 0x3, 0x18, 0x0, 0xc0, 0x0, 0x78, 0x0,
    0x3f, 0x0, 0x3c, 0xf0, 0x3c, 0xf, 0x8, 0x0,
    0x40,

    /* U+C8A1 "좡" */
    0x0, 0x6, 0x3f, 0xf3, 0x1, 0x81, 0x81, 0xe0,
    0xc1, 0xf8, 0x63, 0xcf, 0xbd, 0x98, 0x18, 0xc,
    0xc, 0xff, 0xf6, 0x7f, 0xf3, 0x0, 0x1, 0x80,
    0x0, 0xc0, 0x7f, 0x80, 0xe0, 0x60, 0xe0, 0x18,
    0x70, 0xc, 0x1c, 0xc, 0x3, 0xfc, 0x0,

    /* U+C8A8 "좨" */
    0x0, 0x33, 0x7f, 0xb3, 0x7f, 0xb3, 0xc, 0x33,
    0xc, 0x33, 0x1e, 0x33, 0x1f, 0x33, 0x73, 0xbf,
    0x61, 0xbf, 0xc, 0x33, 0xc, 0x33, 0xc, 0x33,
    0xff, 0xb3, 0xff, 0x33, 0x0, 0x33, 0x0, 0x33,
    0x0, 0x33, 0x0, 0x3,

    /* U+C8BC "좼" */
    0x0, 0x3b, 0x1f, 0xee, 0xc7, 0xfb, 0xb0, 0x30,
    0xec, 0x1e, 0x3b, 0x1c, 0xff, 0xc6, 0xdb, 0xb0,
    0x30, 0xec, 0xff, 0xfb, 0x3f, 0xfe, 0xc0, 0x3,
    0xb0, 0x0, 0x0, 0x6, 0xc, 0x3, 0x83, 0x0,
    0xf1, 0xe0, 0x6e, 0xdc, 0x71, 0xf3, 0x88, 0x30,
    0x20,

    /* U+C8BD "좽" */
    0x0, 0x33, 0x7f, 0xb3, 0x7f, 0xb3, 0xc, 0x33,
    0x1e, 0x3f, 0x73, 0xbf, 0x6d, 0xb3, 0xc, 0x33,
    0xc, 0xb3, 0xff, 0xb3, 0x78, 0x33, 0x0, 0x3,
    0x3, 0xfc, 0xe, 0x6, 0x1c, 0x3, 0x1c, 0x3,
    0xe, 0x6, 0x3, 0xfc,

    /* U+C8C4 "죄" */
    0x0, 0x6, 0xff, 0xcc, 0x18, 0x18, 0x30, 0x30,
    0xf0, 0x61, 0xe0, 0xc6, 0x71, 0xbc, 0x7b, 0x60,
    0x66, 0xc, 0xc, 0x18, 0x18, 0x30, 0x3f, 0xff,
    0x7f, 0xf8, 0xc0, 0x1, 0x80, 0x3, 0x0, 0x6,
    0x0, 0xc,

    /* U+C8C8 "죈" */
    0x0, 0x6, 0x7f, 0xe6, 0x7f, 0xe6, 0x6, 0x6,
    0x7, 0x6, 0xf, 0x6, 0x3d, 0xc6, 0x78, 0xe6,
    0x66, 0x26, 0x6, 0x6, 0x6, 0x76, 0xff, 0xf6,
    0xff, 0xc6, 0x0, 0x6, 0x0, 0x0, 0x18, 0x0,
    0x18, 0x0, 0x18, 0x0, 0x1f, 0xff,

    /* U+C8CC "죌" */
    0x0, 0x6, 0x7f, 0xe6, 0x6, 0x6, 0xf, 0x6,
    0x1f, 0xc6, 0xf9, 0xe6, 0x66, 0x26, 0x6, 0x6,
    0xff, 0xf6, 0xff, 0xc6, 0x0, 0x0, 0x1f, 0xfe,
    0x0, 0x6, 0x0, 0x6, 0x1f, 0xfe, 0x18, 0x0,
    0x18, 0x0, 0x18, 0x0, 0x1f, 0xff,

    /* U+C8D4 "죔" */
    0x0, 0x6, 0xff, 0xcc, 0x18, 0x18, 0x38, 0x30,
    0xf8, 0x6f, 0x3c, 0xdd, 0x99, 0x83, 0x3, 0xff,
    0xf7, 0xff, 0xec, 0x0, 0x18, 0x0, 0x1, 0xff,
    0xe3, 0x0, 0xc6, 0x1, 0x8c, 0x3, 0x18, 0x6,
    0x3f, 0xfc,

    /* U+C8D5 "죕" */
    0x0, 0x6, 0xff, 0xcc, 0x18, 0x18, 0x78, 0x31,
    0xfc, 0x6f, 0x1c, 0xd1, 0x81, 0x83, 0xb, 0xff,
    0xf7, 0xf8, 0xc, 0x0, 0x0, 0x0, 0x1, 0x80,
    0x63, 0xff, 0xc6, 0x1, 0x8c, 0x3, 0x18, 0x6,
    0x3f, 0xfc,

    /* U+C8D7 "죗" */
    0x0, 0x6, 0x7f, 0xe6, 0x7f, 0xe6, 0x6, 0x6,
    0xf, 0x6, 0x1f, 0x86, 0x79, 0xe6, 0x66, 0x66,
    0x6, 0x6, 0xff, 0xf6, 0xff, 0xe6, 0x0, 0x6,
    0x0, 0xc6, 0x0, 0xc0, 0x1, 0xe0, 0x7, 0xb0,
    0x3e, 0x1f, 0x38, 0xe,

    /* U+C8D9 "죙" */
    0x0, 0x6, 0xff, 0xcc, 0x18, 0x18, 0x78, 0x31,
    0xfc, 0x6f, 0x1c, 0xd1, 0x89, 0x83, 0x3, 0xff,
    0xf7, 0xff, 0x8c, 0x0, 0x18, 0x0, 0x30, 0x7f,
    0x83, 0x81, 0x86, 0x1, 0x8c, 0x3, 0x1c, 0xc,
    0xf, 0xf0,

    /* U+C8E0 "죠" */
    0x7f, 0xff, 0x0, 0xe0, 0x0, 0x70, 0x0, 0x38,
    0x0, 0x36, 0x0, 0x3b, 0x80, 0x78, 0xf0, 0xf8,
    0x3e, 0x70, 0x7, 0x7, 0x1c, 0x3, 0x8e, 0x1,
    0xc7, 0x0, 0xe3, 0x87, 0xff, 0xfc,

    /* U+C8E1 "죡" */
    0x7f, 0xfe, 0x0, 0xe0, 0x0, 0xf8, 0x0, 0xee,
    0x0, 0xe7, 0x83, 0xe0, 0xf9, 0xc0, 0x1c, 0x1c,
    0x60, 0xe, 0x30, 0x7f, 0xff, 0xc0, 0x0, 0x0,
    0x0, 0x3, 0xff, 0xe0, 0x0, 0x30, 0x0, 0x18,
    0x0, 0xc, 0x0, 0x6, 0x0, 0x3, 0x0,

    /* U+C8E4 "죤" */
    0x7f, 0xfe, 0x0, 0xe0, 0x0, 0xf0, 0x0, 0xee,
    0x3, 0xc3, 0xe3, 0xc0, 0x70, 0x30, 0xc0, 0x18,
    0x60, 0xff, 0xff, 0x80, 0x0, 0x0, 0x0, 0x0,
    0x0, 0x0, 0x0, 0x1, 0x80, 0x0, 0xc0, 0x0,
    0x60, 0x0, 0x3f, 0xfe, 0x0,

    /* U+C8F5 "죵" */
    0x3f, 0xfe, 0x0, 0xe0, 0x0, 0xf8, 0x0, 0xec,
    0x0, 0xf7, 0x83, 0xf1, 0xf9, 0xe0, 0x3c, 0xc,
    0x60, 0x6, 0x30, 0x7f, 0xff, 0xc0, 0x0, 0x0,
    0x0, 0x0, 0xff, 0x0, 0xc0, 0x60, 0xc0, 0x18,
    0x60, 0xc, 0x18, 0xc, 0x7, 0xf8, 0x0,

    /* U+C8FC "주" */
    0x3f, 0xfe, 0x0, 0xe0, 0x0, 0x70, 0x0, 0x6c,
    0x0, 0x77, 0x1, 0xf1, 0xe1, 0xe0, 0x3c, 0x0,
    0x0, 0x0, 0x0, 0x7f, 0xff, 0xc0, 0x70, 0x0,
    0x38, 0x0, 0x1c, 0x0, 0xe, 0x0, 0x7, 0x0,
    0x3, 0x80, 0x1, 0xc0, 0x0,

    /* U+C8FD "죽" */
    0x7f, 0xfe, 0x0, 0xe0, 0x0, 0xf8, 0x0, 0xee,
    0x1, 0xe3, 0xc3, 0xe0, 0xf9, 0x80, 0x1c, 0x0,
    0x0, 0xff, 0xff, 0x80, 0xc0, 0x0, 0x60, 0x0,
    0x30, 0x3, 0xff, 0xe0, 0x0, 0x30, 0x0, 0x18,
    0x0, 0xc, 0x0, 0x6, 0x0, 0x3, 0x0,

    /* U+C900 "준" */
    0x3f, 0xfe, 0x0, 0xe0, 0x0, 0xf0, 0x0, 0xec,
    0x1, 0xe7, 0x83, 0xe0, 0xf9, 0x80, 0x18, 0x0,
    0x0, 0xff, 0xff, 0x80, 0xc0, 0x0, 0x60, 0x0,
    0x30, 0x3, 0x0, 0x1, 0x80, 0x0, 0xc0, 0x0,
    0x60, 0x0, 0x3f, 0xfe, 0x0,

    /* U+C904 "줄" */
    0x3f, 0xfe, 0x0, 0xe0, 0x0, 0xf8, 0x1, 0xee,
    0x7, 0xe3, 0xf3, 0xc0, 0x78, 0x0, 0x1, 0xff,
    0xff, 0x1, 0xc0, 0x0, 0xe0, 0xf, 0xff, 0x80,
    0x0, 0xc0, 0x0, 0x61, 0xff, 0xf0, 0xc0, 0x0,
    0x60, 0x0, 0x30, 0x0, 0x1f, 0xff, 0x0,

    /* U+C905 "줅" */
    0x7f, 0xfe, 0x0, 0xe0, 0x0, 0xf8, 0x1, 0xee,
    0x7, 0xc3, 0xf3, 0x80, 0x38, 0x0, 0x1, 0xff,
    0xff, 0x1, 0x80, 0x0, 0xc0, 0x0, 0x60, 0xf,
    0xef, 0xc0, 0x30, 0x61, 0xf8, 0x30, 0xc0, 0x18,
    0x60, 0xc, 0x30, 0x86, 0x1f, 0xc3, 0x0,

    /* U+C906 "줆" */
    0x3f, 0xfe, 0x0, 0xe0, 0x0, 0xf8, 0x1, 0xef,
    0x7, 0xe3, 0xf3, 0xc0, 0x38, 0x0, 0x1, 0xff,
    0xff, 0x1, 0xc0, 0x0, 0xe0, 0x0, 0x50, 0x7,
    0xef, 0xc0, 0x36, 0x61, 0xfb, 0x30, 0xc1, 0x98,
    0x60, 0xcc, 0x30, 0x66, 0x1f, 0xbf, 0x0,

    /* U+C90C "줌" */
    0x3f, 0xfe, 0x0, 0xe0, 0x0, 0xf8, 0x0, 0xee,
    0x1, 0xe3, 0xc3, 0xe0, 0xf9, 0xc0, 0x1c, 0x0,
    0x0, 0xff, 0xff, 0x80, 0xe0, 0x0, 0x70, 0x0,
    0x38, 0x3, 0xff, 0xe1, 0x80, 0x30, 0xc0, 0x18,
    0x60, 0xc, 0x30, 0x6, 0x1f, 0xff, 0x0,

    /* U+C90D "줍" */
    0x3f, 0xfe, 0x0, 0xe0, 0x0, 0xf8, 0x0, 0xee,
    0x1, 0xe3, 0xc3, 0xe0, 0xf9, 0xc0, 0x1c, 0x0,
    0x0, 0xff, 0xff, 0x80, 0xe0, 0x0, 0x70, 0x0,
    0x0, 0x3, 0x0, 0x61, 0xff, 0xf0, 0xc0, 0x18,
    0x60, 0xc, 0x30, 0x6, 0x1f, 0xff, 0x0,

    /* U+C90F "줏" */
    0x3f, 0xfe, 0x0, 0xe0, 0x0, 0xf8, 0x0, 0xee,
    0x1, 0xe3, 0xc3, 0xe0, 0xf9, 0xc0, 0x1c, 0x0,
    0x0, 0xff, 0xff, 0x80, 0xe0, 0x0, 0x70, 0x0,
    0x0, 0x0, 0x1c, 0x0, 0xe, 0x0, 0x1d, 0x80,
    0x7c, 0x7c, 0x38, 0xe, 0x0,

    /* U+C911 "중" */
    0x3f, 0xfe, 0x0, 0xe0, 0x0, 0xf8, 0x1, 0xee,
    0x7, 0xe3, 0xf3, 0x80, 0x78, 0x0, 0x1, 0xff,
    0xff, 0x1, 0xc0, 0x0, 0xe0, 0x3, 0xfe, 0x3,
    0x83, 0x83, 0x0, 0xe1, 0x80, 0x30, 0xc0, 0x38,
    0x38, 0x38, 0x7, 0xf0, 0x0,

    /* U+C918 "줘" */
    0x0, 0x6, 0xff, 0xcc, 0x18, 0x18, 0x70, 0x30,
    0xf0, 0x67, 0x38, 0xdc, 0x39, 0xa0, 0x3, 0x0,
    0x17, 0xff, 0xec, 0x18, 0x18, 0x30, 0x30, 0x67,
    0xe0, 0xc0, 0xc1, 0x81, 0x83, 0x3, 0x6, 0x6,
    0xc, 0xc,

    /* U+C92C "줬" */
    0x0, 0x6, 0x3f, 0xf3, 0x1, 0x81, 0x81, 0xe0,
    0xc3, 0x9e, 0x63, 0x83, 0x30, 0x0, 0x19, 0xff,
    0xec, 0xfe, 0x6, 0x3, 0x3f, 0x1, 0x81, 0x80,
    0x0, 0x0, 0xc1, 0x80, 0x70, 0xc0, 0x78, 0xf0,
    0x76, 0xec, 0x71, 0xe3, 0x0, 0x40, 0x80,

    /* U+C934 "줴" */
    0x0, 0x1b, 0x7f, 0x9b, 0x7f, 0x9b, 0xc, 0x1b,
    0x1e, 0x1b, 0x3b, 0x1b, 0x71, 0x9b, 0x40, 0x1b,
    0x7, 0xdb, 0xff, 0xdb, 0xc, 0x1b, 0xc, 0xfb,
    0xc, 0xfb, 0xc, 0x1b, 0xc, 0x1b, 0xc, 0x1b,
    0x0, 0x1b, 0x0, 0x3,

    /* U+C950 "쥐" */
    0x0, 0x6, 0xff, 0xcc, 0x18, 0x18, 0x30, 0x30,
    0xf0, 0x63, 0xf0, 0xde, 0x79, 0xb8, 0x33, 0x40,
    0x6, 0x0, 0x6f, 0xff, 0xd8, 0x30, 0x30, 0x60,
    0x60, 0xc0, 0xc1, 0x81, 0x83, 0x3, 0x6, 0x6,
    0xc, 0xc,

    /* U+C951 "쥑" */
    0x0, 0x6, 0xff, 0xcc, 0x18, 0x18, 0x78, 0x31,
    0xf8, 0x7f, 0x3c, 0xd8, 0x9, 0x80, 0x3, 0xff,
    0xf6, 0xc, 0xc, 0x18, 0x18, 0x30, 0x1, 0xff,
    0xe0, 0x0, 0xc0, 0x1, 0x80, 0x3, 0x0, 0x6,
    0x0, 0xc,

    /* U+C954 "쥔" */
    0x0, 0x6, 0xff, 0xcd, 0xff, 0x98, 0x30, 0x30,
    0x60, 0x61, 0xe0, 0xc7, 0xf1, 0xfc, 0x73, 0x60,
    0x66, 0x0, 0xf, 0xff, 0xdf, 0xff, 0xb0, 0x60,
    0x60, 0xc0, 0xc0, 0x0, 0x1c, 0x0, 0x38, 0x0,
    0x70, 0x0, 0xff, 0xf8,

    /* U+C958 "쥘" */
    0x0, 0x6, 0x7f, 0xe6, 0x6, 0x6, 0xf, 0x6,
    0x1f, 0xc6, 0xf9, 0xe6, 0x60, 0x66, 0x0, 0x6,
    0xff, 0xf6, 0x6, 0x6, 0x6, 0x0, 0x1f, 0xfe,
    0x0, 0x6, 0x0, 0x6, 0x1f, 0xfe, 0x18, 0x0,
    0x18, 0x0, 0x18, 0x0, 0x1f, 0xff,

    /* U+C960 "쥠" */
    0x0, 0x6, 0xff, 0xcd, 0xff, 0x98, 0x38, 0x30,
    0xf8, 0x6f, 0x3e, 0xdc, 0x19, 0x80, 0x3, 0xff,
    0xf7, 0xff, 0x8c, 0x18, 0x18, 0x30, 0x0, 0x60,
    0x3, 0xff, 0xc6, 0x1, 0x8c, 0x3, 0x18, 0x6,
    0x30, 0xc, 0x7f, 0xf8,

    /* U+C961 "쥡" */
    0x0, 0x6, 0xff, 0xcc, 0x18, 0x18, 0x78, 0x31,
    0xfc, 0x6f, 0x1c, 0xd0, 0x1, 0xff, 0xfb, 0xff,
    0xf6, 0xc, 0xc, 0x18, 0x0, 0x0, 0x1, 0x80,
    0x63, 0xff, 0xc6, 0x1, 0x8c, 0x3, 0x18, 0x6,
    0x3f, 0xfc,

    /* U+C963 "쥣" */
    0x0, 0x6, 0x7f, 0xe6, 0x7f, 0xe6, 0xe, 0x6,
    0xf, 0x86, 0x39, 0xf6, 0x70, 0x66, 0x0, 0x6,
    0xff, 0xf6, 0xff, 0xe6, 0x6, 0x6, 0x6, 0x6,
    0x6, 0xe6, 0x0, 0xe0, 0x1, 0xf0, 0x7, 0xbc,
    0x1e, 0xf, 0x18, 0x3,

    /* U+C96C "쥬" */
    0x3f, 0xfe, 0x0, 0xe0, 0x0, 0x70, 0x0, 0x6c,
    0x0, 0x77, 0x0, 0xf1, 0xe1, 0xe0, 0x3c, 0x40,
    0x4, 0x0, 0x0, 0x7f, 0xff, 0xc3, 0x6, 0x1,
    0x83, 0x0, 0xc1, 0x80, 0x60, 0xc0, 0x30, 0x60,
    0x18, 0x30, 0xc, 0x18, 0x0,

    /* U+C970 "쥰" */
    0x3f, 0xfe, 0x0, 0xe0, 0x0, 0xf8, 0x0, 0xee,
    0x1, 0xe3, 0x83, 0xe0, 0xf9, 0xc0, 0x18, 0x0,
    0x0, 0xff, 0xff, 0x81, 0x8c, 0x0, 0xc6, 0x0,
    0x63, 0x3, 0x0, 0x1, 0x80, 0x0, 0xc0, 0x0,
    0x60, 0x0, 0x3f, 0xfe, 0x0,

    /* U+C974 "쥴" */
    0x3f, 0xfe, 0x0, 0xe0, 0x0, 0xf8, 0x1, 0xee,
    0x7, 0xe3, 0xf3, 0xc0, 0x78, 0x0, 0x1, 0xff,
    0xff, 0xe, 0x38, 0x7, 0x1c, 0xf, 0xff, 0x80,
    0x0, 0xc0, 0x0, 0x61, 0xff, 0xf0, 0xc0, 0x0,
    0x60, 0x0, 0x30, 0x0, 0x1f, 0xff, 0x0,

    /* U+C97C "쥼" */
    0x3f, 0xfe, 0x0, 0xe0, 0x0, 0xf8, 0x0, 0xee,
    0x1, 0xe3, 0xc3, 0xe0, 0xf9, 0xc0, 0x1c, 0x0,
    0x0, 0xff, 0xff, 0x87, 0x1c, 0x3, 0x8e, 0x1,
    0xc7, 0x3, 0xff, 0xe1, 0x80, 0x30, 0xc0, 0x18,
    0x60, 0xc, 0x30, 0x6, 0x1f, 0xff, 0x0,

    /* U+C988 "즈" */
    0x7f, 0xff, 0x0, 0xe0, 0x0, 0x70, 0x0, 0x38,
    0x0, 0x3e, 0x0, 0x3b, 0x80, 0x38, 0xe0, 0x78,
    0x3c, 0x78, 0xf, 0x30, 0x0, 0x80, 0x0, 0x0,
    0x0, 0x0, 0x0, 0x7, 0xff, 0xfc,

    /* U+C989 "즉" */
    0x7f, 0xfe, 0x0, 0xe0, 0x0, 0xf8, 0x0, 0xee,
    0x1, 0xe3, 0xc3, 0xe0, 0xf9, 0xc0, 0xc, 0x0,
    0x0, 0xff, 0xff, 0x80, 0x0, 0x0, 0x0, 0x0,
    0x0, 0x3, 0xff, 0xe0, 0x0, 0x30, 0x0, 0x18,
    0x0, 0xc, 0x0, 0x6, 0x0, 0x3, 0x0,

    /* U+C98C "즌" */
    0x7f, 0xfe, 0x0, 0xe0, 0x0, 0xf0, 0x0, 0xec,
    0x1, 0xe7, 0x83, 0xe0, 0xf9, 0x80, 0x18, 0x0,
    0x0, 0xff, 0xff, 0x80, 0x0, 0x0, 0x0, 0x0,
    0x0, 0x3, 0x0, 0x1, 0x80, 0x0, 0xc0, 0x0,
    0x60, 0x0, 0x3f, 0xfe, 0x0,

    /* U+C990 "즐" */
    0x3f, 0xfe, 0x0, 0xe0, 0x0, 0xf8, 0x1, 0xee,
    0x7, 0xe3, 0xf3, 0xc0, 0x78, 0x0, 0x1, 0xff,
    0xff, 0x0, 0x0, 0x0, 0x0, 0xf, 0xff, 0x80,
    0x0, 0xc0, 0x0, 0x61, 0xff, 0xf0, 0xc0, 0x0,
    0x60, 0x0, 0x30, 0x0, 0x1f, 0xff, 0x0,

    /* U+C998 "즘" */
    0x3f, 0xfe, 0x0, 0xe0, 0x0, 0xf8, 0x0, 0xee,
    0x1, 0xe3, 0xc3, 0xe0, 0xf9, 0xc0, 0x1c, 0x0,
    0x0, 0xff, 0xff, 0x80, 0x0, 0x0, 0x0, 0x7,
    0xff, 0xc3, 0x0, 0x61, 0x80, 0x30, 0xc0, 0x18,
    0x60, 0xc, 0x30, 0x6, 0x1f, 0xff, 0x0,

    /* U+C999 "즙" */
    0x3f, 0xfe, 0x0, 0xe0, 0x0, 0xf8, 0x0, 0xee,
    0x1, 0xe3, 0xc3, 0xe0, 0xf9, 0xc0, 0xc, 0x0,
    0x0, 0xff, 0xff, 0x80, 0x0, 0x0, 0x0, 0x0,
    0x0, 0x3, 0xff, 0xe1, 0x80, 0x30, 0xc0, 0x18,
    0x60, 0xc, 0x30, 0x6, 0x1f, 0xff, 0x0,

    /* U+C99B "즛" */
    0x3f, 0xfe, 0x0, 0xe0, 0x0, 0xf8, 0x1, 0xee,
    0x7, 0xe3, 0xf3, 0x80, 0x38, 0x0, 0x1, 0xff,
    0xff, 0x0, 0x0, 0x0, 0xe0, 0x0, 0x70, 0x0,
    0x38, 0x0, 0x36, 0x0, 0x7b, 0xc1, 0xf0, 0x7c,
    0x60, 0xc,

    /* U+C99D "증" */
    0x3f, 0xfe, 0x0, 0xe0, 0x0, 0xf8, 0x0, 0xee,
    0x7, 0xe3, 0xf3, 0xc0, 0x38, 0x0, 0x1, 0xff,
    0xff, 0x0, 0x0, 0x0, 0x0, 0x1, 0xfc, 0x3,
    0x83, 0x83, 0x0, 0xe1, 0x80, 0x30, 0xc0, 0x18,
    0x38, 0x38, 0x7, 0xf0, 0x0,

    /* U+C9C0 "지" */
    0x0, 0x6, 0x0, 0xd, 0xff, 0x98, 0x30, 0x30,
    0x60, 0x60, 0xc0, 0xc1, 0x81, 0x83, 0x3, 0xf,
    0x6, 0x1e, 0xc, 0x66, 0x19, 0xce, 0x37, 0xe,
    0x6c, 0x4, 0xc0, 0x1, 0x80, 0x3, 0x0, 0x6,
    0x0, 0xc,

    /* U+C9C1 "직" */
    0x0, 0x6, 0xff, 0xcd, 0xff, 0x98, 0x30, 0x30,
    0x60, 0x61, 0xe0, 0xc3, 0xc1, 0x8c, 0xc3, 0x79,
    0xe6, 0xe0, 0xcd, 0x0, 0x18, 0x0, 0x0, 0x0,
    0x3, 0xff, 0xc0, 0x1, 0x80, 0x3, 0x0, 0x6,
    0x0, 0xc, 0x0, 0x18,

    /* U+C9C4 "진" */
    0x0, 0x6, 0x7f, 0xe6, 0x7f, 0xe6, 0x6, 0x6,
    0x6, 0x6, 0x6, 0x6, 0xf, 0x6, 0xf, 0x6,
    0x1d, 0x86, 0x39, 0xe6, 0x70, 0xe6, 0x40, 0x26,
    0x0, 0x6, 0x1c, 0x0, 0x1c, 0x0, 0x1c, 0x0,
    0x1c, 0x0, 0x1f, 0xff,

    /* U+C9C7 "짇" */
    0x0, 0x6, 0xff, 0xcd, 0xff, 0x98, 0x30, 0x30,
    0x60, 0x61, 0xe0, 0xc7, 0xe1, 0x9c, 0xe3, 0x70,
    0xe6, 0x80, 0x4c, 0x0, 0x0, 0xff, 0xf1, 0xc0,
    0x3, 0x80, 0x7, 0x0, 0xe, 0x0, 0x1c, 0x0,
    0x3f, 0xfc,

    /* U+C9C8 "질" */
    0x0, 0x6, 0x7f, 0xe6, 0x7f, 0xe6, 0x6, 0x6,
    0xf, 0x6, 0xf, 0x6, 0x19, 0xc6, 0x70, 0xe6,
    0x60, 0x26, 0x0, 0x0, 0x1f, 0xfe, 0x0, 0x6,
    0x0, 0x6, 0x1f, 0xfe, 0x18, 0x0, 0x18, 0x0,
    0x18, 0x0, 0x1f, 0xff,

    /* U+C9CA "짊" */
    0x0, 0x6, 0xff, 0xcd, 0xff, 0x98, 0x30, 0x30,
    0xf0, 0x61, 0xe0, 0xc6, 0x71, 0xf8, 0x73, 0x60,
    0x26, 0x0, 0x0, 0x7f, 0xf8, 0x1f, 0x30, 0x3e,
    0x63, 0xfc, 0xc6, 0x19, 0x8c, 0x33, 0x18, 0xe6,
    0x3f, 0xfc,

    /* U+C9D0 "짐" */
    0x0, 0x6, 0xff, 0xcd, 0xff, 0x98, 0x30, 0x30,
    0x60, 0x61, 0xe0, 0xc7, 0xe1, 0x9c, 0xe3, 0x70,
    0xe6, 0x80, 0x4c, 0x0, 0x0, 0xff, 0xf1, 0x80,
    0x63, 0x0, 0xc6, 0x1, 0x8c, 0x3, 0x18, 0x6,
    0x3f, 0xfc,

    /* U+C9D1 "집" */
    0x0, 0x6, 0xff, 0xcd, 0xff, 0x98, 0x30, 0x30,
    0x60, 0x61, 0xe0, 0xc7, 0xe1, 0x9c, 0xe3, 0xf0,
    0xe6, 0xc0, 0x4c, 0x0, 0x0, 0x0, 0x1, 0x80,
    0x63, 0xff, 0xc6, 0x1, 0x8c, 0x3, 0x18, 0x6,
    0x30, 0xc, 0x7f, 0xf8,

    /* U+C9D3 "짓" */
    0x0, 0x6, 0x7f, 0xe6, 0x7f, 0xe6, 0x6, 0x6,
    0x6, 0x6, 0xf, 0x6, 0xf, 0x86, 0x19, 0xc6,
    0x78, 0xe6, 0x60, 0x26, 0x0, 0x6, 0x0, 0xc6,
    0x0, 0xe0, 0x0, 0xe0, 0x1, 0xb0, 0x7, 0x3c,
    0x3e, 0xf, 0x10, 0x2,

    /* U+C9D5 "징" */
    0x0, 0x6, 0xff, 0xcc, 0x18, 0x18, 0x30, 0x30,
    0x70, 0x61, 0xe0, 0xc7, 0xe1, 0x9c, 0xe3, 0xf0,
    0xe6, 0xc0, 0x4c, 0x0, 0x18, 0x3f, 0x80, 0xe0,
    0xc3, 0x0, 0xc6, 0x1, 0x8c, 0x3, 0xe, 0xc,
    0xf, 0xf0,

    /* U+C9D6 "짖" */
    0x0, 0x6, 0x7f, 0xe6, 0x7f, 0xe6, 0x6, 0x6,
    0x6, 0x6, 0xf, 0x6, 0x1f, 0x86, 0x39, 0xc6,
    0x70, 0xe6, 0x40, 0x26, 0x0, 0x0, 0x1f, 0xfe,
    0x0, 0xe0, 0x1, 0xe0, 0x3, 0xb8, 0x1f, 0x1f,
    0x1c, 0x7,

    /* U+C9D9 "짙" */
    0x0, 0x6, 0xff, 0xcd, 0xff, 0x98, 0x30, 0x30,
    0xf0, 0x61, 0xe0, 0xc6, 0x71, 0xb8, 0x73, 0x60,
    0x26, 0x0, 0x0, 0x7f, 0xf8, 0xc0, 0x1, 0x80,
    0x3, 0xff, 0xc6, 0x0, 0xc, 0x0, 0x18, 0x0,
    0x3f, 0xfc,

    /* U+C9DA "짚" */
    0x0, 0x6, 0xff, 0xcd, 0xff, 0x98, 0x30, 0x30,
    0x60, 0x61, 0xe0, 0xc7, 0xe1, 0x9c, 0xe3, 0xf0,
    0xe6, 0xc0, 0x4c, 0x0, 0x0, 0x0, 0x1, 0xff,
    0xe0, 0x63, 0x0, 0xc6, 0x1, 0x8c, 0x3, 0x18,
    0x6, 0x30, 0x7f, 0xf8,

    /* U+C9DC "짜" */
    0x0, 0x6, 0x3e, 0xfb, 0x6, 0x31, 0x83, 0x18,
    0xc1, 0x8c, 0x60, 0xc6, 0x30, 0x63, 0x1e, 0x31,
    0x8f, 0x38, 0xe6, 0x1e, 0xf3, 0xf, 0x79, 0x8c,
    0xe6, 0xc6, 0x73, 0xe2, 0x10, 0xb0, 0x0, 0x18,
    0x0, 0xc, 0x0, 0x6, 0x0, 0x3, 0x0,

    /* U+C9DD "짝" */
    0x0, 0x6, 0x3e, 0xfb, 0x6, 0x31, 0x83, 0x18,
    0xc1, 0x8c, 0x79, 0xc7, 0x3c, 0xf7, 0x98, 0xdb,
    0xec, 0x67, 0x36, 0x21, 0xb, 0x0, 0x0, 0x3,
    0xff, 0xc0, 0x0, 0x60, 0x0, 0x30, 0x0, 0x18,
    0x0, 0xc, 0x0, 0x6, 0x0, 0x3, 0x0,

    /* U+C9E0 "짠" */
    0x0, 0x6, 0x0, 0x3, 0x1f, 0x7d, 0x83, 0x18,
    0xc1, 0x8c, 0x60, 0xc6, 0x30, 0x63, 0x1e, 0x7b,
    0xcf, 0x3d, 0xe6, 0x37, 0x9b, 0x19, 0xcd, 0x88,
    0x42, 0xc0, 0x0, 0x60, 0xc0, 0x0, 0x60, 0x0,
    0x30, 0x0, 0x18, 0x0, 0xf, 0xff, 0x80,

    /* U+C9E2 "짢" */
    0x0, 0x6, 0x7f, 0xf3, 0x3f, 0xf9, 0x83, 0x30,
    0xc3, 0x98, 0x79, 0xce, 0x31, 0xaf, 0x99, 0xdc,
    0xec, 0xc6, 0x26, 0x0, 0x1c, 0xc, 0x7f, 0xc6,
    0x3f, 0xe3, 0x0, 0x1, 0x83, 0xe0, 0xc3, 0x18,
    0x61, 0xc, 0x32, 0xc6, 0x1f, 0x3e, 0x0,

    /* U+C9E4 "짤" */
    0x0, 0x6, 0x3e, 0xfb, 0x6, 0x31, 0x83, 0x18,
    0xc1, 0x8c, 0x79, 0xef, 0x31, 0xf7, 0xd8, 0xce,
    0x6c, 0x2, 0x6, 0x0, 0x0, 0x7, 0xff, 0x80,
    0x0, 0xc0, 0x0, 0x60, 0xff, 0xf0, 0x60, 0x0,
    0x30, 0x0, 0x18, 0x0, 0xf, 0xff, 0x80,

    /* U+C9E7 "짧" */
    0x0, 0x6, 0x3e, 0xfb, 0x6, 0x31, 0x83, 0x18,
    0xf1, 0x8c, 0x78, 0xef, 0x30, 0xf7, 0x99, 0xce,
    0x6c, 0x42, 0x16, 0x0, 0x0, 0x7, 0xd9, 0x80,
    0x6c, 0xc0, 0x37, 0xe0, 0xfb, 0x30, 0x61, 0x98,
    0x30, 0xcc, 0x18, 0x66, 0xf, 0xff, 0x0,

    /* U+C9EC "짬" */
    0x0, 0x6, 0x3e, 0xfb, 0x6, 0x31, 0x83, 0x18,
    0xc1, 0x8c, 0x79, 0xef, 0x30, 0xf7, 0x98, 0xce,
    0x6c, 0x47, 0x16, 0x1, 0x3, 0x0, 0x0, 0x3,
    0xff, 0xc1, 0x80, 0x60, 0xc0, 0x30, 0x60, 0x18,
    0x30, 0xc, 0x18, 0x6, 0xf, 0xff, 0x0,

    /* U+C9ED "짭" */
    0x0, 0x6, 0x3e, 0xfb, 0x1f, 0x7d, 0x83, 0x18,
    0xc1, 0x8c, 0x78, 0xe6, 0x3c, 0xf7, 0x98, 0xdf,
    0x6c, 0x67, 0x36, 0x21, 0x3, 0x0, 0x0, 0x0,
    0x0, 0x0, 0x0, 0x0, 0xc0, 0x30, 0x7f, 0xf8,
    0x30, 0xc, 0x18, 0x6, 0xc, 0x3, 0x7, 0xff,
    0x80,

    /* U+C9EF "짯" */
    0x0, 0x6, 0x3e, 0xfb, 0x1f, 0x7d, 0x83, 0x18,
    0xc1, 0x8c, 0x60, 0xc6, 0x3c, 0xf7, 0x98, 0x7b,
    0xcc, 0xe7, 0x3e, 0x21, 0xb, 0x0, 0x1, 0x80,
    0x1c, 0xc0, 0xe, 0x0, 0x7, 0x0, 0x6, 0xc0,
    0xe, 0x38, 0x1e, 0xf, 0x8, 0x1, 0x0,

    /* U+C9F0 "짰" */
    0x0, 0x6, 0x3e, 0xfb, 0x1f, 0x7d, 0x83, 0x18,
    0xc1, 0x8c, 0x78, 0xc6, 0x3c, 0xf7, 0x98, 0xdf,
    0x6c, 0x67, 0x36, 0x21, 0x3, 0x0, 0x0, 0x0,
    0xc1, 0x0, 0x61, 0x80, 0x78, 0xe0, 0x3c, 0xd8,
    0x77, 0xee, 0x31, 0xe3, 0x80, 0x20, 0x0,

    /* U+C9F1 "짱" */
    0x0, 0x6, 0x3e, 0xfb, 0x6, 0x31, 0x83, 0x18,
    0xc1, 0x8c, 0x79, 0xc7, 0x3c, 0xf7, 0x98, 0xfb,
    0xec, 0xe7, 0x36, 0x21, 0xb, 0x0, 0x1, 0x80,
    0xfe, 0x0, 0xc0, 0xc0, 0xc0, 0x30, 0x60, 0x18,
    0x30, 0xc, 0xc, 0xc, 0x3, 0xfc, 0x0,

    /* U+C9F8 "째" */
    0x0, 0x19, 0x80, 0xc, 0xdf, 0xf6, 0x63, 0x33,
    0x31, 0x99, 0x98, 0xcc, 0xcc, 0x66, 0x66, 0x33,
    0x3f, 0x19, 0x9f, 0x9c, 0xcc, 0xcf, 0x76, 0x6d,
    0xfb, 0x36, 0x67, 0x9a, 0x10, 0xcc, 0x0, 0x66,
    0x0, 0x33, 0x0, 0x19, 0x80, 0x0, 0xc0,

    /* U+C9F9 "짹" */
    0x0, 0x19, 0xbf, 0xec, 0xdf, 0xf6, 0x63, 0x33,
    0x31, 0x99, 0x98, 0xcc, 0xfc, 0xe6, 0x66, 0x7b,
    0xb3, 0x67, 0x59, 0xb3, 0x3c, 0xc0, 0x6, 0x60,
    0x0, 0x0, 0x0, 0x0, 0x7f, 0xfc, 0x0, 0x6,
    0x0, 0x3, 0x0, 0x1, 0x80, 0x0, 0xc0, 0x0,
    0x60,

    /* U+C9FC "짼" */
    0x0, 0x19, 0x80, 0xc, 0xdf, 0xf6, 0x6f, 0xfb,
    0x31, 0x99, 0x98, 0xcc, 0xcc, 0x66, 0x7e, 0x73,
    0x3f, 0x3d, 0xd9, 0xb7, 0xbc, 0xd9, 0x9e, 0x60,
    0x43, 0x30, 0x1, 0x98, 0x70, 0x0, 0x38, 0x0,
    0x1c, 0x0, 0xe, 0x0, 0x7, 0xff, 0xc0,

    /* U+CA00 "쨀" */
    0x0, 0x19, 0xbf, 0xec, 0xdf, 0xf6, 0x63, 0x33,
    0x31, 0x99, 0xf9, 0xcc, 0xcd, 0xff, 0x66, 0xcc,
    0xf3, 0x42, 0x19, 0x80, 0x0, 0x3, 0xff, 0xe0,
    0x0, 0x30, 0x0, 0x18, 0x7f, 0xfc, 0x30, 0x0,
    0x18, 0x0, 0xc, 0x0, 0x7, 0xff, 0xc0,

    /* U+CA08 "쨈" */
    0x0, 0x19, 0xbf, 0xec, 0xc6, 0x66, 0x63, 0x33,
    0x31, 0x99, 0xf9, 0xcc, 0xcc, 0xff, 0x66, 0xde,
    0xf3, 0x66, 0x79, 0x80, 0xc, 0xc0, 0x0, 0x1,
    0xff, 0xf0, 0xc0, 0x18, 0x60, 0xc, 0x30, 0x6,
    0x18, 0x3, 0xc, 0x1, 0x87, 0xff, 0xc0,

    /* U+CA09 "쨉" */
    0x0, 0x19, 0xbf, 0xec, 0xdf, 0xf6, 0x63, 0x33,
    0x31, 0x99, 0xf9, 0xcc, 0xfc, 0xf7, 0x66, 0xdf,
    0xb3, 0x66, 0x79, 0xa1, 0xc, 0xc0, 0x0, 0x0,
    0x0, 0x0, 0x0, 0x0, 0x70, 0xc, 0x3f, 0xfe,
    0x1c, 0x3, 0xe, 0x1, 0x87, 0x0, 0xc3, 0xff,
    0xe0,

    /* U+CA0B "쨋" */
    0x0, 0xd, 0x9f, 0x7b, 0x67, 0xde, 0xd8, 0x62,
    0x36, 0x19, 0xcf, 0x86, 0x73, 0xe3, 0x9c, 0xd8,
    0xfd, 0xb6, 0xe7, 0x7d, 0x91, 0x8b, 0x60, 0x0,
    0xd8, 0x0, 0xc6, 0x0, 0x30, 0x0, 0x1e, 0x0,
    0xf, 0xc0, 0xf, 0x38, 0xf, 0x7, 0xc2, 0x0,
    0x20,

    /* U+CA0C "쨌" */
    0x0, 0x19, 0x9f, 0xf6, 0x67, 0xfd, 0x98, 0x66,
    0x66, 0x19, 0x99, 0x86, 0x67, 0xe3, 0x99, 0x98,
    0xf7, 0x66, 0x6f, 0x79, 0x99, 0x9e, 0x60, 0x1,
    0x98, 0x0, 0x0, 0x3, 0xc, 0x0, 0xc3, 0x80,
    0x71, 0xe0, 0x3e, 0x7c, 0x3c, 0xf3, 0xc6, 0x38,
    0x70,

    /* U+CA0D "쨍" */
    0x0, 0x19, 0xbf, 0xec, 0xc6, 0x66, 0x63, 0x33,
    0x31, 0x99, 0xf9, 0xcc, 0xcc, 0xf7, 0x66, 0xde,
    0xb3, 0x66, 0x79, 0x81, 0xc, 0xc0, 0x0, 0x60,
    0x3f, 0x80, 0x70, 0x30, 0x70, 0xc, 0x38, 0x6,
    0x1c, 0x3, 0x7, 0x7, 0x0, 0xfe, 0x0,

    /* U+CA14 "쨔" */
    0x0, 0x6, 0x3e, 0xfb, 0x6, 0x31, 0x83, 0x18,
    0xc1, 0x8c, 0x78, 0xc6, 0x30, 0x63, 0x18, 0x31,
    0x8c, 0x38, 0xe6, 0x1e, 0xf3, 0xf, 0x79, 0xed,
    0xf6, 0xc6, 0x73, 0xe2, 0x10, 0xb0, 0x0, 0x18,
    0x0, 0xc, 0x0, 0x6, 0x0, 0x3, 0x0,

    /* U+CA18 "쨘" */
    0x0, 0x6, 0x0, 0x3, 0x1f, 0x7d, 0x83, 0x18,
    0xf1, 0x8c, 0x78, 0xc6, 0x30, 0x63, 0x18, 0x7b,
    0xcc, 0x3d, 0xe7, 0xb7, 0x9b, 0xd9, 0xcd, 0x88,
    0x42, 0xc0, 0x0, 0x60, 0xc0, 0x0, 0x60, 0x0,
    0x30, 0x0, 0x18, 0x0, 0xf, 0xff, 0x80,

    /* U+CA29 "쨩" */
    0x0, 0x6, 0x0, 0x3, 0x1f, 0x7d, 0x83, 0x18,
    0xf1, 0x8c, 0x60, 0xc6, 0x30, 0xf7, 0x98, 0xfb,
    0xcf, 0xe7, 0x36, 0x33, 0x9b, 0x0, 0x81, 0x80,
    0x0, 0xc0, 0x7f, 0x0, 0x60, 0x60, 0x60, 0x18,
    0x30, 0xc, 0x18, 0x6, 0x6, 0x6, 0x1, 0xfe,
    0x0,

    /* U+CA4C "쩌" */
    0x0, 0x3, 0x7d, 0xf3, 0x18, 0xc3, 0x18, 0xc3,
    0x18, 0xc3, 0x18, 0xc3, 0x18, 0xdf, 0x18, 0xc3,
    0x38, 0xe3, 0x3d, 0xe3, 0x3d, 0xa3, 0x67, 0x33,
    0x67, 0x3b, 0x42, 0x13, 0x0, 0x3, 0x0, 0x3,
    0x0, 0x3, 0x0, 0x3,

    /* U+CA4D "쩍" */
    0x0, 0x3, 0x7d, 0xf3, 0x18, 0xc3, 0x18, 0xc3,
    0x18, 0xcf, 0x1d, 0xe3, 0x3d, 0xe3, 0x67, 0x33,
    0x67, 0x13, 0x2, 0x3, 0x0, 0x0, 0x1f, 0xff,
    0x0, 0x3, 0x0, 0x3, 0x0, 0x3, 0x0, 0x3,
    0x0, 0x3, 0x0, 0x3,

    /* U+CA50 "쩐" */
    0x0, 0x3, 0x0, 0x3, 0x7d, 0xf3, 0x18, 0xc3,
    0x18, 0xc3, 0x18, 0xcf, 0x18, 0xcf, 0x39, 0xe3,
    0x3d, 0xe3, 0x67, 0xb3, 0x67, 0x33, 0x42, 0x3,
    0x0, 0x3, 0xc, 0x0, 0xc, 0x0, 0xc, 0x0,
    0xc, 0x0, 0xf, 0xff,

    /* U+CA54 "쩔" */
    0x0, 0x3, 0x7d, 0xf3, 0x18, 0xc3, 0x18, 0xc3,
    0x18, 0xcf, 0x3c, 0xe3, 0x3d, 0xe3, 0xe7, 0x3b,
    0x42, 0x13, 0x0, 0x0, 0x1f, 0xff, 0x0, 0x3,
    0x0, 0x3, 0x1f, 0xff, 0x18, 0x0, 0x18, 0x0,
    0x18, 0x0, 0x1f, 0xff,

    /* U+CA5C "쩜" */
    0x0, 0x3, 0x7d, 0xf3, 0x18, 0xc3, 0x18, 0xc3,
    0x18, 0xcf, 0x38, 0xe3, 0x3d, 0xe3, 0x67, 0x33,
    0x67, 0x33, 0x2, 0x3, 0x0, 0x0, 0xf, 0xff,
    0xc, 0x3, 0xc, 0x3, 0xc, 0x3, 0xc, 0x3,
    0xc, 0x3, 0xf, 0xff,

    /* U+CA5D "쩝" */
    0x0, 0x3, 0x7d, 0xf3, 0x7d, 0xf3, 0x18, 0xc3,
    0x18, 0xcf, 0x18, 0xcf, 0x3d, 0xe3, 0x7d, 0xb3,
    0x67, 0x3b, 0x42, 0x13, 0x0, 0x0, 0x0, 0x0,
    0xc, 0x3, 0xf, 0xff, 0xc, 0x3, 0xc, 0x3,
    0xc, 0x3, 0xc, 0x3, 0xf, 0xff,

    /* U+CA5F "쩟" */
    0x0, 0x3, 0x3e, 0xf9, 0x9f, 0x7c, 0xc3, 0x18,
    0x61, 0x8c, 0xf0, 0xc6, 0x78, 0xf7, 0x8c, 0x7b,
    0xe6, 0xe7, 0x3b, 0x21, 0x9, 0x80, 0x0, 0xc0,
    0xc, 0x60, 0xe, 0x0, 0x7, 0x80, 0xe, 0xe0,
    0x1e, 0x3c, 0x1e, 0x7, 0x8, 0x0, 0x0,

    /* U+CA60 "쩠" */
    0x0, 0x3, 0x3e, 0xf9, 0x9f, 0x7c, 0xc3, 0x18,
    0x61, 0x8c, 0xf0, 0xc6, 0x78, 0xf7, 0x8c, 0x7b,
    0xc6, 0x67, 0x33, 0x23, 0x89, 0x80, 0x0, 0xc0,
    0x0, 0x0, 0x60, 0xc0, 0x30, 0xe0, 0x3c, 0x78,
    0x3e, 0x7c, 0x39, 0xf3, 0x98, 0x70, 0xc0,

    /* U+CA61 "쩡" */
    0x0, 0x3, 0x7d, 0xf3, 0x18, 0xc3, 0x18, 0xc3,
    0x18, 0xcf, 0x18, 0xe3, 0x3d, 0xe3, 0x6f, 0xb3,
    0x67, 0x33, 0x42, 0x13, 0x0, 0x3, 0x3, 0xf8,
    0xe, 0xe, 0x1c, 0x3, 0x18, 0x3, 0x1c, 0x3,
    0xe, 0xe, 0x3, 0xf8,

    /* U+CA68 "쩨" */
    0x0, 0xd, 0x80, 0x6, 0xdf, 0x7b, 0x63, 0x31,
    0xb1, 0x98, 0xd8, 0xcc, 0x6c, 0x66, 0xf6, 0x33,
    0x7b, 0x19, 0xcd, 0x9e, 0xe6, 0xcf, 0x53, 0x6d,
    0xed, 0xb6, 0x67, 0xda, 0x11, 0x6c, 0x0, 0x36,
    0x0, 0x1b, 0x0, 0xd, 0x80, 0x0, 0xc0,

    /* U+CA7D "쩽" */
    0x0, 0xd, 0xbf, 0xf6, 0xc6, 0x63, 0x63, 0x31,
    0xb1, 0x9b, 0xd9, 0xce, 0x6c, 0xf7, 0x36, 0xde,
    0xdb, 0x66, 0x6d, 0x81, 0x6, 0xc0, 0x0, 0x60,
    0x3f, 0xc0, 0x70, 0x38, 0x70, 0xc, 0x30, 0x6,
    0x1c, 0x3, 0x7, 0x3, 0x80, 0xff, 0x0,

    /* U+CA84 "쪄" */
    0x0, 0x3, 0x7d, 0xf3, 0x18, 0xc3, 0x18, 0xc3,
    0x18, 0xc3, 0x18, 0xcf, 0x18, 0xc3, 0x18, 0xe3,
    0x38, 0xef, 0x3d, 0xe3, 0x3d, 0xb3, 0x67, 0x33,
    0x67, 0x3b, 0x42, 0x13, 0x0, 0x3, 0x0, 0x3,
    0x0, 0x3, 0x0, 0x3,

    /* U+CA98 "쪘" */
    0x0, 0x3, 0x3e, 0xf9, 0x9f, 0x7c, 0xc3, 0x19,
    0xe1, 0x8c, 0xf0, 0xc6, 0x18, 0xe7, 0xbc, 0x7b,
    0xde, 0x67, 0x33, 0x33, 0x99, 0x80, 0x80, 0xc0,
    0x0, 0x0, 0x60, 0xc0, 0x30, 0xe0, 0x3c, 0x78,
    0x3e, 0x7c, 0x39, 0xf3, 0x98, 0x70, 0xc0,

    /* U+CABC "쪼" */
    0x7f, 0x7f, 0x6, 0xc, 0x3, 0x6, 0x3, 0x83,
    0x81, 0xe3, 0xc1, 0xf1, 0xf1, 0xcd, 0x99, 0xc7,
    0xc7, 0x40, 0x81, 0x0, 0x0, 0x0, 0x70, 0x0,
    0x38, 0x0, 0x1c, 0x7, 0xff, 0xfc,

    /* U+CABD "쪽" */
    0x7f, 0x7f, 0x6, 0xc, 0x3, 0x6, 0x3, 0xc7,
    0x83, 0xf7, 0xe7, 0x9f, 0x3d, 0x87, 0xc, 0x3,
    0x80, 0x1, 0xc0, 0x7f, 0xff, 0xc0, 0x0, 0x0,
    0x0, 0x3, 0xff, 0xe0, 0x0, 0x30, 0x0, 0x18,
    0x0, 0xc, 0x0, 0x6, 0x0, 0x3, 0x0,

    /* U+CAC0 "쫀" */
    0x7f, 0x7f, 0x6, 0xc, 0x7, 0x6, 0x3, 0xc7,
    0x87, 0x3e, 0x73, 0xe, 0x18, 0x7, 0x0, 0x3,
    0x80, 0xff, 0xff, 0x80, 0x0, 0x0, 0x0, 0x0,
    0x0, 0x3, 0x0, 0x1, 0x80, 0x0, 0xc0, 0x0,
    0x60, 0x0, 0x3f, 0xfe, 0x0,

    /* U+CAC4 "쫄" */
    0x7f, 0x7f, 0x6, 0xc, 0x7, 0x7, 0x3, 0xc7,
    0x83, 0x3e, 0x63, 0x8e, 0x39, 0x0, 0x4, 0x3,
    0x80, 0xff, 0xff, 0x80, 0x0, 0xf, 0xff, 0x80,
    0x0, 0xc0, 0x0, 0x61, 0xff, 0xf0, 0xc0, 0x0,
    0x60, 0x0, 0x30, 0x0, 0x1f, 0xff, 0x0,

    /* U+CACC "쫌" */
    0x7f, 0x7f, 0x6, 0xc, 0x7, 0x6, 0x3, 0xc7,
    0x87, 0x3e, 0x73, 0xe, 0x18, 0x7, 0x0, 0x3,
    0x80, 0xff, 0xff, 0x80, 0x0, 0x0, 0x0, 0x0,
    0x0, 0x3, 0xff, 0xe1, 0x80, 0x30, 0xc0, 0x18,
    0x60, 0xc, 0x30, 0x6, 0x1f, 0xff, 0x0,

    /* U+CACD "쫍" */
    0x7f, 0x7f, 0x6, 0xc, 0x7, 0x7, 0x3, 0xc7,
    0x87, 0x3e, 0x73, 0xe, 0x19, 0x7, 0x4, 0x3,
    0x80, 0xff, 0xff, 0x80, 0x0, 0x0, 0x0, 0x0,
    0x0, 0x3, 0x0, 0x61, 0xff, 0xf0, 0xc0, 0x18,
    0x60, 0xc, 0x30, 0x6, 0x1f, 0xff, 0x0,

    /* U+CACF "쫏" */
    0x7f, 0x7f, 0x6, 0xc, 0x3, 0x6, 0x3, 0xc7,
    0x83, 0xf7, 0xe3, 0x9f, 0x39, 0x87, 0xc, 0x3,
    0x80, 0x1, 0xc0, 0x7f, 0xff, 0xc0, 0x0, 0x0,
    0x38, 0x0, 0x1c, 0x0, 0xe, 0x0, 0xd, 0x80,
    0x3c, 0x70, 0x7c, 0x1e, 0x0, 0x0, 0x0,

    /* U+CAD1 "쫑" */
    0x7f, 0x7f, 0x6, 0xc, 0x3, 0x6, 0x3, 0xc7,
    0x83, 0xf7, 0xe7, 0x9f, 0x39, 0x87, 0xc, 0x3,
    0x80, 0x1, 0xc0, 0x7f, 0xff, 0xc0, 0x0, 0x0,
    0x0, 0x0, 0xff, 0x0, 0xc0, 0x60, 0xc0, 0x18,
    0x60, 0xc, 0x18, 0xc, 0x7, 0xf8, 0x0,

    /* U+CAD3 "쫓" */
    0x7f, 0x7f, 0x6, 0xc, 0x7, 0xf, 0x3, 0xc7,
    0x87, 0x3e, 0x63, 0x8e, 0x39, 0x0, 0x4, 0x3,
    0x80, 0xff, 0xff, 0x80, 0x0, 0x0, 0x70, 0x0,
    0x38, 0x3, 0xff, 0xe0, 0xe, 0x0, 0xf, 0x80,
    0x1e, 0xf0, 0x3c, 0x1e, 0x10, 0x1, 0x0,

    /* U+CAD8 "쫘" */
    0x0, 0x6, 0x3e, 0xfb, 0x6, 0x31, 0x83, 0x18,
    0xc1, 0x8c, 0x61, 0xc7, 0x30, 0xf7, 0x98, 0xdf,
    0x6f, 0xe7, 0x3f, 0x83, 0x83, 0x1, 0xc1, 0x80,
    0xe0, 0xcf, 0xff, 0x63, 0xff, 0x30, 0x0, 0x18,
    0x0, 0xc, 0x0, 0x6, 0x0, 0x3, 0x0,

    /* U+CAD9 "쫙" */
    0x0, 0x6, 0x3e, 0xfb, 0x6, 0x31, 0x83, 0x38,
    0xc3, 0xde, 0x63, 0x3b, 0xbd, 0x8, 0xd8, 0xc,
    0xc, 0xff, 0xf6, 0x7f, 0xfb, 0x0, 0x1, 0x80,
    0x0, 0x3, 0xff, 0xe0, 0x0, 0x30, 0x0, 0x18,
    0x0, 0xc, 0x0, 0x6, 0x0, 0x3, 0x0,

    /* U+CAE0 "쫠" */
    0x0, 0x6, 0x3e, 0xfb, 0x6, 0x31, 0x83, 0x38,
    0xc3, 0xde, 0x63, 0xfb, 0xbd, 0x9c, 0xd8, 0x80,
    0x2c, 0x6, 0x6, 0x7f, 0xfb, 0x0, 0x0, 0x3,
    0xff, 0xc0, 0x0, 0x60, 0x0, 0x30, 0x7f, 0xf8,
    0x30, 0x0, 0x18, 0x0, 0xc, 0x0, 0x7, 0xff,
    0xc0,

    /* U+CAEC "쫬" */
    0x0, 0x6, 0x3e, 0xf3, 0x6, 0x31, 0x83, 0x38,
    0xc3, 0xde, 0x7f, 0x3b, 0xbd, 0x8, 0xd8, 0xc,
    0xc, 0xff, 0xf6, 0x7f, 0xfb, 0x0, 0x1, 0x80,
    0x0, 0x0, 0xc1, 0x80, 0x70, 0xc0, 0x78, 0xf0,
    0x76, 0xfc, 0x71, 0xe7, 0x0, 0x40, 0x0,

    /* U+CAF4 "쫴" */
    0x0, 0x1b, 0x7b, 0xdb, 0x7b, 0xdb, 0x11, 0x9b,
    0x31, 0x9b, 0x3b, 0x9b, 0x3b, 0xdb, 0x6e, 0xff,
    0x44, 0x5b, 0xe, 0x1b, 0xe, 0x1b, 0xe, 0x1b,
    0x7f, 0xdb, 0x7f, 0xdb, 0x0, 0x1b, 0x0, 0x1b,
    0x0, 0x1b, 0x0, 0x3,

    /* U+CB08 "쬈" */
    0x0, 0x1b, 0x3f, 0xed, 0x9f, 0xf6, 0xc6, 0x63,
    0x63, 0x39, 0xb3, 0xfc, 0xf9, 0xbb, 0x7c, 0x88,
    0xb6, 0xc, 0x1b, 0x3f, 0xed, 0x9c, 0x6, 0xc0,
    0x0, 0x0, 0x60, 0xc0, 0x30, 0x60, 0x3c, 0x70,
    0x37, 0x7c, 0x39, 0xf3, 0x90, 0x70, 0x80,

    /* U+CB10 "쬐" */
    0x0, 0x3, 0x7d, 0xf3, 0x18, 0xc3, 0x18, 0xc3,
    0x18, 0xc3, 0x39, 0xe3, 0x3d, 0xf3, 0x67, 0x3b,
    0x46, 0x13, 0x7, 0x3, 0x7, 0x3, 0x7, 0x3,
    0xff, 0xfb, 0x7f, 0xe3, 0x0, 0x3, 0x0, 0x3,
    0x0, 0x3, 0x0, 0x3,

    /* U+CB14 "쬔" */
    0x0, 0x6, 0xfb, 0xed, 0xf7, 0xd8, 0xc6, 0x33,
    0x9c, 0x6f, 0xec, 0xd9, 0xcd, 0x83, 0xb, 0x6,
    0x6, 0xc, 0x6f, 0xff, 0xdf, 0xfe, 0x30, 0x0,
    0x60, 0x0, 0x6, 0x0, 0xc, 0x0, 0x18, 0x0,
    0x3f, 0xfc,

    /* U+CB18 "쬘" */
    0x0, 0x6, 0x7d, 0xf6, 0x18, 0xc6, 0x19, 0xc6,
    0x3d, 0xe6, 0x6f, 0x76, 0x67, 0x36, 0x46, 0x16,
    0x6, 0x6, 0xff, 0xf6, 0x0, 0x0, 0x1f, 0xfe,
    0x0, 0x6, 0x0, 0x6, 0x1f, 0xfe, 0x18, 0x0,
    0x18, 0x0, 0x18, 0x0, 0x1f, 0xff,

    /* U+CB20 "쬠" */
    0x0, 0x6, 0xfb, 0xec, 0x63, 0x18, 0xce, 0x33,
    0xde, 0x7d, 0xee, 0xd0, 0x85, 0x83, 0x3, 0xff,
    0xf7, 0xff, 0xec, 0x0, 0x18, 0x0, 0x1, 0xff,
    0xe3, 0x0, 0xc6, 0x1, 0x8c, 0x3, 0x18, 0x6,
    0x3f, 0xfc,

    /* U+CB21 "쬡" */
    0x0, 0x6, 0xfb, 0xec, 0x63, 0x18, 0xce, 0x33,
    0xfe, 0x6c, 0xe6, 0xc1, 0x85, 0x83, 0x3, 0xff,
    0xf7, 0xff, 0xc, 0x0, 0x0, 0x0, 0x1, 0x80,
    0x63, 0xff, 0xc6, 0x1, 0x8c, 0x3, 0x18, 0x6,
    0x3f, 0xfc,

    /* U+CB41 "쭁" */
    0x7f, 0x7f, 0x6, 0xc, 0x7, 0x6, 0x3, 0xc7,
    0x87, 0x3e, 0x63, 0xe, 0x39, 0x32, 0xe4, 0x18,
    0x70, 0xff, 0xff, 0xff, 0xff, 0xc0, 0x0, 0x0,
    0xfe, 0x1, 0xc1, 0xc1, 0x80, 0x70, 0xc0, 0x18,
    0x60, 0x1c, 0x1c, 0x1c, 0x3, 0xf8, 0x0,

    /* U+CB48 "쭈" */
    0x7f, 0x7f, 0x6, 0xc, 0x3, 0x6, 0x3, 0x83,
    0x83, 0xe3, 0xc3, 0x9b, 0x39, 0x87, 0xc, 0x1,
    0x0, 0x0, 0x0, 0x7f, 0xff, 0xc0, 0x70, 0x0,
    0x38, 0x0, 0x1c, 0x0, 0xe, 0x0, 0x7, 0x0,
    0x3, 0x80, 0x1, 0xc0, 0x0,

    /* U+CB49 "쭉" */
    0x7f, 0x7f, 0x6, 0xc, 0x3, 0x6, 0x3, 0xc7,
    0x83, 0x77, 0xe3, 0x9f, 0x39, 0x7, 0x4, 0x0,
    0x0, 0xff, 0xff, 0x80, 0xe0, 0x0, 0x70, 0x0,
    0x38, 0x3, 0xff, 0xe0, 0x0, 0x30, 0x0, 0x18,
    0x0, 0xc, 0x0, 0x6, 0x0, 0x3, 0x0,

    /* U+CB4C "쭌" */
    0x7f, 0x7f, 0x6, 0xc, 0x3, 0x6, 0x3, 0xc7,
    0x83, 0x77, 0xe3, 0x9f, 0x39, 0x7, 0x4, 0x0,
    0x0, 0xff, 0xff, 0x80, 0x60, 0x0, 0x30, 0x0,
    0x18, 0x0, 0x0, 0x1, 0x80, 0x0, 0xc0, 0x0,
    0x60, 0x0, 0x3f, 0xfe, 0x0,

    /* U+CB50 "쭐" */
    0x7f, 0x7f, 0x6, 0xc, 0x7, 0x7, 0x7, 0xc7,
    0xcf, 0x3e, 0x73, 0xe, 0x18, 0x0, 0x1, 0xff,
    0xff, 0x1, 0xc0, 0x0, 0xe0, 0xf, 0xff, 0x80,
    0x0, 0xc0, 0x0, 0x61, 0xff, 0xf0, 0xc0, 0x0,
    0x60, 0x0, 0x30, 0x0, 0x1f, 0xff, 0x0,

    /* U+CB58 "쭘" */
    0x7f, 0x7f, 0x6, 0xc, 0x7, 0x6, 0x3, 0xc7,
    0x83, 0x77, 0xe3, 0x9f, 0x39, 0x7, 0x4, 0x0,
    0x0, 0xff, 0xff, 0x80, 0xe0, 0x0, 0x70, 0x0,
    0x38, 0x3, 0xff, 0xe1, 0x80, 0x30, 0xc0, 0x18,
    0x60, 0xc, 0x30, 0x6, 0x1f, 0xff, 0x0,

    /* U+CB59 "쭙" */
    0x7f, 0x7f, 0x6, 0xc, 0x7, 0x6, 0x3, 0xc7,
    0x83, 0x77, 0xe3, 0x9f, 0x39, 0x7, 0x4, 0x0,
    0x0, 0xff, 0xff, 0x80, 0xe0, 0x0, 0x70, 0x0,
    0x0, 0x3, 0x0, 0x61, 0xff, 0xf0, 0xc0, 0x18,
    0x60, 0xc, 0x30, 0x6, 0x1f, 0xff, 0x0,

    /* U+CB5D "쭝" */
    0x7f, 0x7f, 0x6, 0xc, 0x3, 0x6, 0x3, 0xc7,
    0x83, 0xf7, 0xe3, 0x9f, 0x39, 0x87, 0xc, 0x0,
    0x0, 0xff, 0xff, 0x80, 0xe0, 0x0, 0x70, 0x0,
    0x38, 0x0, 0xff, 0x81, 0xc0, 0x60, 0xc0, 0x18,
    0x60, 0xc, 0x18, 0xc, 0x3, 0xfc, 0x0,

    /* U+CB64 "쭤" */
    0x0, 0x3, 0x7d, 0xf3, 0x18, 0xc3, 0x18, 0xe3,
    0x18, 0xe3, 0x3d, 0xe3, 0x6f, 0xb3, 0x67, 0x1b,
    0x42, 0x3, 0x0, 0x1b, 0x7f, 0xfb, 0x7, 0x3,
    0x7, 0x3f, 0x7, 0x3, 0x7, 0x3, 0x7, 0x3,
    0x7, 0x3, 0x7, 0x3,

    /* U+CB78 "쭸" */
    0x0, 0x6, 0x3f, 0xfb, 0x6, 0x31, 0x83, 0x38,
    0xc7, 0xd6, 0x63, 0x39, 0xb0, 0x0, 0x19, 0xff,
    0xec, 0xff, 0xc6, 0x3, 0x3f, 0x1, 0x81, 0x80,
    0x0, 0x0, 0xc1, 0x80, 0x70, 0xc0, 0x78, 0xf0,
    0x76, 0xce, 0x71, 0xc3, 0x0, 0x0, 0x0,

    /* U+CB79 "쭹" */
    0x0, 0x6, 0xff, 0xcc, 0x63, 0x18, 0xce, 0x33,
    0xde, 0x7d, 0xee, 0xd1, 0x85, 0x80, 0x7b, 0xff,
    0xf7, 0xff, 0xc, 0x19, 0xf8, 0x30, 0x30, 0x0,
    0x0, 0xff, 0x7, 0x3, 0xc, 0x3, 0x18, 0x6,
    0x38, 0x18, 0x1f, 0xe0,

    /* U+CB9C "쮜" */
    0x0, 0x6, 0xfb, 0xec, 0x63, 0x18, 0xc6, 0x31,
    0x9c, 0x67, 0xbc, 0xdb, 0xdd, 0xb3, 0x9b, 0x42,
    0x6, 0x0, 0x2d, 0xff, 0xd8, 0x30, 0x30, 0x60,
    0x60, 0xc0, 0xc1, 0x81, 0x83, 0x3, 0x6, 0x6,
    0xc, 0xc,

    /* U+CBB8 "쮸" */
    0x7f, 0x7e, 0x6, 0xc, 0x7, 0xe, 0x3, 0x87,
    0x3, 0xe3, 0xc3, 0xbf, 0x71, 0x8f, 0x1c, 0x3,
    0x0, 0x0, 0x0, 0x7f, 0xff, 0xc3, 0xc, 0x1,
    0x86, 0x0, 0xc3, 0x0, 0x61, 0x80, 0x30, 0xc0,
    0x18, 0x60, 0xc, 0x30, 0x0,

    /* U+CBD4 "쯔" */
    0x7f, 0x7f, 0x6, 0xc, 0x3, 0x6, 0x3, 0x83,
    0x1, 0xc1, 0xc0, 0xf1, 0xe0, 0xd8, 0xd8, 0xe7,
    0xce, 0xe1, 0xc3, 0x80, 0x40, 0x80, 0x0, 0x0,
    0x0, 0x0, 0x0, 0x7, 0xff, 0xfc,

    /* U+CBE4 "쯤" */
    0x7f, 0x7f, 0x6, 0xc, 0x7, 0x6, 0x3, 0xc7,
    0x83, 0x77, 0xe3, 0x9f, 0x39, 0x6, 0x4, 0x0,
    0x0, 0xff, 0xff, 0x80, 0x0, 0x0, 0x0, 0x0,
    0x0, 0x3, 0xff, 0xe1, 0x80, 0x30, 0xc0, 0x18,
    0x60, 0xc, 0x30, 0x6, 0x1f, 0xff, 0x0,

    /* U+CBE7 "쯧" */
    0x7f, 0x7f, 0x6, 0xc, 0x3, 0x6, 0x3, 0xc7,
    0x83, 0x77, 0xe3, 0x9f, 0x39, 0x6, 0x4, 0x0,
    0x0, 0xff, 0xff, 0x80, 0x0, 0x0, 0x70, 0x0,
    0x38, 0x0, 0x1c, 0x0, 0x1b, 0x0, 0x3d, 0xe0,
    0xf8, 0x3e, 0x20, 0x2, 0x0,

    /* U+CBE9 "쯩" */
    0x7f, 0x7f, 0x6, 0xc, 0x3, 0x6, 0x3, 0xc7,
    0x83, 0x77, 0xe3, 0x9f, 0x39, 0x7, 0x4, 0x0,
    0x0, 0xff, 0xff, 0x80, 0x0, 0x0, 0x0, 0x0,
    0x0, 0x0, 0xff, 0x0, 0xc0, 0x60, 0xc0, 0x18,
    0x60, 0xc, 0x18, 0xc, 0x7, 0xf8, 0x0,

    /* U+CC0C "찌" */
    0x0, 0x3, 0x7d, 0xf3, 0x18, 0xc3, 0x18, 0xc3,
    0x18, 0xc3, 0x18, 0xc3, 0x18, 0xe3, 0x18, 0xe3,
    0x38, 0xe3, 0x3d, 0xe3, 0x3d, 0xb3, 0x67, 0x3b,
    0x67, 0x1b, 0x42, 0x3, 0x0, 0x3, 0x0, 0x3,
    0x0, 0x3, 0x0, 0x3,

    /* U+CC0D "찍" */
    0x0, 0x3, 0x7d, 0xf3, 0x18, 0xc3, 0x18, 0xc3,
    0x18, 0xc3, 0x18, 0xe3, 0x3d, 0xe3, 0x67, 0xb3,
    0x67, 0x3b, 0x2, 0x3, 0x0, 0x0, 0x1f, 0xff,
    0x0, 0x3, 0x0, 0x3, 0x0, 0x3, 0x0, 0x3,
    0x0, 0x3, 0x0, 0x3,

    /* U+CC10 "찐" */
    0x0, 0x3, 0x0, 0x3, 0x7d, 0xf3, 0x18, 0xc3,
    0x18, 0xc3, 0x18, 0xc3, 0x18, 0xc3, 0x38, 0xe3,
    0x3d, 0xe3, 0x67, 0x3b, 0x67, 0x1b, 0x2, 0x3,
    0x0, 0x3, 0x18, 0x0, 0x18, 0x0, 0x18, 0x0,
    0x18, 0x0, 0x1f, 0xff,

    /* U+CC14 "찔" */
    0x0, 0x3, 0x3e, 0xf9, 0x86, 0x30, 0xc3, 0x18,
    0x61, 0x8c, 0x31, 0xef, 0x19, 0xf7, 0xcc, 0xce,
    0x76, 0x2, 0x3, 0x0, 0x0, 0x7, 0xff, 0xc0,
    0x0, 0x60, 0x0, 0x30, 0xff, 0xf8, 0x60, 0x0,
    0x30, 0x0, 0x18, 0x0, 0xf, 0xff, 0xc0,

    /* U+CC1C "찜" */
    0x0, 0x3, 0x7d, 0xf3, 0x18, 0xc3, 0x18, 0xc3,
    0x18, 0xc3, 0x38, 0xe3, 0x3d, 0xe3, 0x67, 0x3b,
    0x67, 0x13, 0x2, 0x3, 0x0, 0x0, 0x1f, 0xff,
    0x18, 0x3, 0x18, 0x3, 0x18, 0x3, 0x18, 0x3,
    0x18, 0x3, 0x1f, 0xff,

    /* U+CC1D "찝" */
    0x0, 0x3, 0x7d, 0xf3, 0x7d, 0xf3, 0x18, 0xc3,
    0x18, 0xc3, 0x18, 0xe3, 0x3d, 0xe3, 0x6f, 0xb3,
    0x67, 0x3b, 0x2, 0x3, 0x0, 0x0, 0x0, 0x0,
    0x0, 0x0, 0x18, 0x3, 0x1f, 0xff, 0x18, 0x3,
    0x18, 0x3, 0x18, 0x3, 0x1f, 0xff,

    /* U+CC21 "찡" */
    0x0, 0x3, 0x7d, 0xf3, 0x18, 0xc3, 0x18, 0xc3,
    0x18, 0xc3, 0x3c, 0xe3, 0x3d, 0xe3, 0x6f, 0xb3,
    0x67, 0x3b, 0x42, 0x13, 0x0, 0x3, 0x3, 0xf8,
    0xe, 0xe, 0x18, 0x3, 0x18, 0x3, 0x18, 0x3,
    0xe, 0xe, 0x3, 0xf8,

    /* U+CC22 "찢" */
    0x0, 0x3, 0x3e, 0xf9, 0x9f, 0x7c, 0xc3, 0x18,
    0x61, 0x8c, 0x31, 0xc7, 0x18, 0xf7, 0x8c, 0xcf,
    0x66, 0x67, 0x1b, 0x1, 0x1, 0x80, 0x0, 0x1,
    0xff, 0xe0, 0xe, 0x0, 0x7, 0x80, 0xe, 0xe0,
    0x3e, 0x3f, 0x1c, 0x3, 0x0,

    /* U+CC27 "찧" */
    0x0, 0x3, 0x7d, 0xf3, 0x7d, 0xf3, 0x18, 0xc3,
    0x18, 0xc3, 0x18, 0xc3, 0x3d, 0xe3, 0x3d, 0xf3,
    0xe7, 0x3b, 0x47, 0x13, 0x0, 0x60, 0x0, 0x60,
    0x1f, 0xff, 0x0, 0x0, 0x3, 0xf8, 0xe, 0xe,
    0xc, 0x6, 0xe, 0xe, 0x3, 0xf8,

    /* U+CC28 "차" */
    0x6, 0x6, 0x1, 0x81, 0x80, 0x60, 0x61, 0xff,
    0x98, 0x6, 0x6, 0x1, 0x81, 0x80, 0x60, 0x60,
    0x18, 0x1f, 0xf, 0x6, 0x3, 0xc1, 0x81, 0x98,
    0x60, 0xe3, 0x18, 0xf0, 0xe6, 0x18, 0x9, 0x80,
    0x0, 0x60, 0x0, 0x18, 0x0, 0x6, 0x0, 0x1,
    0x80,

    /* U+CC29 "착" */
    0x6, 0x6, 0x1, 0x81, 0x87, 0xfe, 0x61, 0xff,
    0x98, 0x6, 0x6, 0x1, 0xc1, 0xf0, 0xf0, 0x60,
    0x76, 0x18, 0x39, 0xe6, 0x1c, 0x19, 0x84, 0x0,
    0x60, 0x0, 0x0, 0x0, 0x0, 0x7, 0xff, 0x80,
    0x0, 0x60, 0x0, 0x18, 0x0, 0x6, 0x0, 0x1,
    0x80, 0x0, 0x60,

    /* U+CC2C "찬" */
    0x6, 0x6, 0x1, 0x81, 0x87, 0xfe, 0x61, 0xff,
    0x98, 0x6, 0x6, 0x1, 0x81, 0x80, 0x60, 0x7c,
    0x3c, 0x1f, 0x1f, 0x86, 0xe, 0x71, 0x87, 0xe,
    0x61, 0x80, 0x98, 0x0, 0x6, 0x6, 0x0, 0x1,
    0x80, 0x0, 0x60, 0x0, 0x18, 0x0, 0x7, 0xff,
    0xc0,

    /* U+CC2E "찮" */
    0x6, 0x6, 0x1, 0x81, 0x87, 0xfe, 0x60, 0x18,
    0x18, 0x6, 0x7, 0xc3, 0xc1, 0x81, 0xf8, 0x61,
    0xe3, 0x98, 0x60, 0x26, 0x0, 0x6, 0x0, 0x1,
    0x80, 0x0, 0x60, 0x31, 0xff, 0x8c, 0xf, 0x3,
    0x6, 0x60, 0xc1, 0xc, 0x31, 0x66, 0xf, 0xcf,
    0x0,

    /* U+CC30 "찰" */
    0x6, 0x6, 0x1, 0x81, 0x87, 0xfe, 0x60, 0x18,
    0x18, 0x6, 0x7, 0xc3, 0xc1, 0x81, 0xdc, 0x63,
    0xe3, 0x98, 0x60, 0x26, 0x0, 0x0, 0x1, 0xff,
    0xe0, 0x0, 0x18, 0x0, 0x6, 0x7, 0xff, 0x81,
    0x80, 0x0, 0x60, 0x0, 0x18, 0x0, 0x7, 0xff,
    0xc0,

    /* U+CC38 "참" */
    0x6, 0x6, 0x1, 0x81, 0x80, 0x60, 0x61, 0xff,
    0x98, 0x6, 0x6, 0x1, 0x81, 0xf0, 0xf0, 0x7c,
    0x3e, 0x18, 0x19, 0xc6, 0x3c, 0x39, 0x86, 0x2,
    0x60, 0x0, 0x0, 0x1f, 0xfe, 0x6, 0x1, 0x81,
    0x80, 0x60, 0x60, 0x18, 0x18, 0x6, 0x6, 0x1,
    0x81, 0xff, 0xe0,

    /* U+CC39 "찹" */
    0x6, 0x6, 0x1, 0x81, 0x87, 0xfe, 0x61, 0xff,
    0x98, 0x6, 0x7, 0xc3, 0xc1, 0xf0, 0xf0, 0x60,
    0xe7, 0x18, 0xf0, 0xe6, 0x18, 0x9, 0x80, 0x0,
    0x0, 0x0, 0x0, 0x0, 0x0, 0x6, 0x1, 0x81,
    0xff, 0xe0, 0x60, 0x18, 0x18, 0x6, 0x6, 0x1,
    0x81, 0xff, 0xe0,

    /* U+CC3B "찻" */
    0x6, 0x6, 0x1, 0x81, 0x87, 0xfe, 0x61, 0xff,
    0x98, 0x6, 0x6, 0x1, 0x81, 0xf0, 0xf0, 0x60,
    0x7e, 0x18, 0x39, 0xe6, 0x1c, 0x19, 0x84, 0x0,
    0x60, 0x3, 0x18, 0x0, 0xe0, 0x0, 0x38, 0x0,
    0x1f, 0x0, 0x1c, 0xf0, 0x3e, 0xf, 0x6, 0x0,
    0xc0,

    /* U+CC3C "찼" */
    0x6, 0x6, 0x1, 0x81, 0x87, 0xfe, 0x60, 0x18,
    0x18, 0x6, 0x7, 0xc3, 0xc1, 0xf0, 0xf8, 0x60,
    0xe7, 0x18, 0x70, 0xe6, 0x18, 0x9, 0x80, 0x0,
    0x0, 0x18, 0x30, 0x6, 0x1c, 0x3, 0x87, 0x1,
    0xf3, 0xe0, 0xef, 0xdc, 0x31, 0xe3, 0x80, 0x0,
    0x0,

    /* U+CC3D "창" */
    0x6, 0x6, 0x3, 0x3, 0x1, 0x81, 0x8f, 0xfc,
    0xc0, 0x60, 0x60, 0x30, 0x3c, 0x3c, 0x18, 0x1f,
    0xc, 0x39, 0xe6, 0x38, 0x73, 0x18, 0x9, 0x80,
    0x0, 0xc0, 0x7f, 0x0, 0x60, 0x60, 0x60, 0x18,
    0x30, 0xc, 0x18, 0x6, 0x6, 0x6, 0x1, 0xfe,
    0x0,

    /* U+CC3E "찾" */
    0x6, 0x6, 0x1, 0x81, 0x87, 0xfe, 0x60, 0x18,
    0x18, 0x6, 0x7, 0xc3, 0xc1, 0xf0, 0xf0, 0x60,
    0xe7, 0x18, 0x70, 0xe6, 0x18, 0x9, 0x80, 0x0,
    0x0, 0x7f, 0xf8, 0x0, 0xe0, 0x0, 0x78, 0x0,
    0x3b, 0x80, 0xfc, 0x7c, 0x1c, 0x7, 0x0,

    /* U+CC44 "채" */
    0xc, 0x33, 0xc, 0x33, 0xc, 0x33, 0x7f, 0xb3,
    0x7f, 0xb3, 0xc, 0x33, 0xc, 0x33, 0xc, 0x3f,
    0xe, 0x3f, 0x1e, 0x33, 0x1f, 0x33, 0x33, 0x33,
    0x71, 0xb3, 0x60, 0xb3, 0x0, 0x33, 0x0, 0x33,
    0x0, 0x33, 0x0, 0x3,

    /* U+CC45 "책" */
    0x18, 0x66, 0x30, 0xcf, 0xfd, 0x9f, 0xfb, 0x31,
    0x86, 0x63, 0xf, 0xcf, 0x19, 0x9f, 0x33, 0xe7,
    0x67, 0x86, 0xcc, 0x1, 0x98, 0x0, 0x1, 0xff,
    0xe0, 0x0, 0xc0, 0x1, 0x80, 0x3, 0x0, 0x6,
    0x0, 0xc,

    /* U+CC48 "챈" */
    0x18, 0x66, 0x18, 0x66, 0x18, 0x66, 0xff, 0x66,
    0xff, 0x66, 0x18, 0x66, 0x18, 0x7e, 0x18, 0x7e,
    0x3c, 0x66, 0x3e, 0x66, 0x67, 0x66, 0xe3, 0x66,
    0xc1, 0x66, 0x0, 0x66, 0x18, 0x0, 0x18, 0x0,
    0x18, 0x0, 0x18, 0x0, 0x1f, 0xff,

    /* U+CC4C "챌" */
    0x18, 0x66, 0x18, 0x66, 0xff, 0x66, 0x18, 0x66,
    0x18, 0x7e, 0x3c, 0x66, 0x76, 0x66, 0xe7, 0x66,
    0xc1, 0x66, 0x0, 0x0, 0x1f, 0xfe, 0x0, 0x6,
    0x0, 0x6, 0x1f, 0xfe, 0x18, 0x0, 0x18, 0x0,
    0x18, 0x0, 0x1f, 0xff,

    /* U+CC54 "챔" */
    0x18, 0x66, 0x30, 0xcf, 0xfd, 0x98, 0xc3, 0x31,
    0x87, 0xe3, 0xf, 0xcf, 0x19, 0xb3, 0x33, 0xe3,
    0x67, 0x2, 0xcc, 0x0, 0x0, 0xff, 0xf1, 0x80,
    0x63, 0x0, 0xc6, 0x1, 0x8c, 0x3, 0x18, 0x6,
    0x3f, 0xfc,

    /* U+CC55 "챕" */
    0x18, 0x66, 0x30, 0xcf, 0xfd, 0x9f, 0xfb, 0x31,
    0x87, 0xe3, 0xf, 0xcf, 0x19, 0xb3, 0x33, 0xe3,
    0x67, 0x2, 0xcc, 0x0, 0x0, 0x0, 0x1, 0xff,
    0xe3, 0x0, 0xc6, 0x1, 0x8c, 0x3, 0x18, 0x6,
    0x3f, 0xfc,

    /* U+CC57 "챗" */
    0x18, 0x66, 0x18, 0x66, 0xff, 0x66, 0xff, 0x66,
    0x18, 0x7e, 0x18, 0x7e, 0x3c, 0x66, 0x7e, 0x66,
    0xe7, 0x66, 0xc1, 0x66, 0x0, 0x6, 0x0, 0xc6,
    0x0, 0xc0, 0x1, 0xc0, 0x3, 0x60, 0xf, 0x38,
    0x3c, 0x1f, 0x30, 0x2,

    /* U+CC58 "챘" */
    0x18, 0x66, 0x18, 0x66, 0xff, 0x66, 0xff, 0x66,
    0x18, 0x66, 0x18, 0x7e, 0x3c, 0x66, 0x3c, 0x66,
    0x67, 0x66, 0xe3, 0x66, 0x81, 0x66, 0x0, 0x0,
    0xc, 0x18, 0xc, 0x18, 0x1e, 0x38, 0x1e, 0x7c,
    0x73, 0xe7, 0x61, 0xc3,

    /* U+CC59 "챙" */
    0x0, 0x6, 0x30, 0xcc, 0x61, 0x9f, 0xfb, 0x31,
    0x86, 0x63, 0xf, 0xc7, 0x19, 0x9e, 0x33, 0x67,
    0x67, 0xc6, 0xce, 0x5, 0x98, 0x0, 0x30, 0x7f,
    0x3, 0x81, 0x86, 0x1, 0x8c, 0x3, 0x18, 0x6,
    0x38, 0x38, 0x1f, 0xc0,

    /* U+CC60 "챠" */
    0x6, 0x6, 0x1, 0x81, 0x80, 0x60, 0x61, 0xff,
    0x98, 0x6, 0x7, 0xc1, 0x81, 0xf0, 0x60, 0x60,
    0x18, 0x18, 0xf, 0x6, 0x3, 0xc1, 0x81, 0xd8,
    0x7c, 0xe7, 0x18, 0x70, 0xe6, 0x18, 0x19, 0x80,
    0x0, 0x60, 0x0, 0x18, 0x0, 0x6, 0x0, 0x1,
    0x80,

    /* U+CC64 "챤" */
    0x6, 0x6, 0x1, 0x81, 0x87, 0xfe, 0x61, 0xff,
    0x98, 0x6, 0x7, 0xc1, 0x81, 0x80, 0x60, 0x60,
    0x3c, 0x18, 0x1f, 0x87, 0xce, 0x71, 0xf7, 0xe,
    0x61, 0x80, 0x98, 0x0, 0x6, 0x6, 0x0, 0x1,
    0x80, 0x0, 0x60, 0x0, 0x18, 0x0, 0x7, 0xff,
    0xc0,

    /* U+CC66 "챦" */
    0x6, 0x6, 0x1, 0x81, 0x87, 0xfe, 0x7c, 0x18,
    0x1f, 0x6, 0x6, 0x3, 0xc1, 0xf1, 0xf8, 0x7d,
    0xe3, 0x98, 0x60, 0x26, 0x0, 0x6, 0x0, 0x1,
    0x80, 0x0, 0x60, 0x31, 0xff, 0x8c, 0xf, 0x3,
    0x6, 0x60, 0xc1, 0xc, 0x31, 0x66, 0xf, 0xcf,
    0x0,

    /* U+CC68 "챨" */
    0x6, 0x6, 0x1, 0x81, 0x87, 0xfe, 0x7c, 0x18,
    0x18, 0x6, 0x6, 0x3, 0xc1, 0xf1, 0xdc, 0x7f,
    0xe3, 0x98, 0x60, 0x26, 0x0, 0x0, 0x1, 0xff,
    0xe0, 0x0, 0x18, 0x0, 0x6, 0x7, 0xff, 0x81,
    0x80, 0x0, 0x60, 0x0, 0x18, 0x0, 0x7, 0xff,
    0xc0,

    /* U+CC70 "챰" */
    0x6, 0x6, 0x1f, 0xf9, 0x87, 0xfe, 0x7c, 0x18,
    0x18, 0x6, 0x6, 0x3, 0xc1, 0x81, 0xf8, 0x7c,
    0xe7, 0x98, 0x70, 0xe6, 0x10, 0x1, 0x80, 0x0,
    0x0, 0x7f, 0xf8, 0x18, 0x6, 0x6, 0x1, 0x81,
    0x80, 0x60, 0x60, 0x18, 0x18, 0x6, 0x7, 0xff,
    0x80,

    /* U+CC75 "챵" */
    0x6, 0x6, 0x3, 0x3, 0x1f, 0xf9, 0x8f, 0xfc,
    0xf0, 0x60, 0x60, 0x30, 0x30, 0x3c, 0x18, 0x3f,
    0xf, 0x39, 0xe6, 0x38, 0x73, 0x18, 0x9, 0x80,
    0x0, 0x0, 0x7f, 0x0, 0x60, 0x60, 0x60, 0x18,
    0x30, 0xc, 0x18, 0x6, 0x6, 0x6, 0x1, 0xfe,
    0x0,

    /* U+CC98 "처" */
    0x6, 0x3, 0x6, 0x3, 0x6, 0x3, 0x7f, 0xe3,
    0x6, 0x3, 0x6, 0x3, 0x6, 0x3, 0x7, 0x3f,
    0xf, 0x3, 0xd, 0x83, 0x19, 0x83, 0x38, 0xe3,
    0x70, 0x73, 0x60, 0x23, 0x0, 0x3, 0x0, 0x3,
    0x0, 0x3, 0x0, 0x3,

    /* U+CC99 "척" */
    0x6, 0x3, 0x6, 0x3, 0x7f, 0xe3, 0x7f, 0xe3,
    0x7, 0x3, 0x7, 0x1f, 0x7, 0x1f, 0xd, 0x83,
    0x39, 0xc3, 0x70, 0xe3, 0x60, 0x23, 0x0, 0x0,
    0x0, 0x0, 0xf, 0xff, 0x0, 0x3, 0x0, 0x3,
    0x0, 0x3, 0x0, 0x3, 0x0, 0x3,

    /* U+CC9C "천" */
    0x6, 0x3, 0x3, 0x1, 0x9f, 0xf8, 0xcf, 0xfc,
    0x60, 0x60, 0x30, 0x30, 0x18, 0x1c, 0x7c, 0x1e,
    0x3e, 0x1f, 0x83, 0x1c, 0xe1, 0xbc, 0x38, 0xcc,
    0x4, 0x60, 0x0, 0x30, 0x60, 0x0, 0x30, 0x0,
    0x18, 0x0, 0xc, 0x0, 0x7, 0xff, 0xc0,

    /* U+CCA0 "철" */
    0x6, 0x3, 0x3, 0x1, 0x9f, 0xf8, 0xc0, 0xc0,
    0x60, 0x61, 0xf0, 0x78, 0xf8, 0x76, 0xc, 0xf1,
    0xe6, 0x60, 0x23, 0x0, 0x0, 0x3, 0xff, 0xc0,
    0x0, 0x60, 0x0, 0x30, 0x7f, 0xf8, 0x30, 0x0,
    0x18, 0x0, 0xc, 0x0, 0x7, 0xff, 0xc0,

    /* U+CCA8 "첨" */
    0x6, 0x3, 0x6, 0x3, 0x7f, 0xe3, 0x6, 0x3,
    0x6, 0x3, 0xf, 0x1f, 0xf, 0x83, 0x39, 0xc3,
    0x70, 0xe3, 0x60, 0x23, 0x0, 0x0, 0xf, 0xff,
    0xc, 0x3, 0xc, 0x3, 0xc, 0x3, 0xc, 0x3,
    0xc, 0x3, 0xf, 0xff,

    /* U+CCA9 "첩" */
    0x6, 0x3, 0x6, 0x3, 0x7f, 0xe3, 0x7f, 0xe3,
    0x6, 0x3, 0x7, 0x1f, 0xf, 0x83, 0x1d, 0xc3,
    0x78, 0xf3, 0x70, 0x23, 0x40, 0x0, 0x0, 0x0,
    0x0, 0x0, 0xc, 0x3, 0xf, 0xff, 0xc, 0x3,
    0xc, 0x3, 0xc, 0x3, 0xf, 0xff,

    /* U+CCAB "첫" */
    0x6, 0x3, 0x3, 0x1, 0x9f, 0xf8, 0xcf, 0xfc,
    0x60, 0x60, 0x30, 0x38, 0xf8, 0x3c, 0xc, 0x3b,
    0x6, 0x38, 0xf3, 0x38, 0x31, 0x80, 0x0, 0xc0,
    0xc, 0x60, 0x6, 0x0, 0x7, 0x80, 0x7, 0xe0,
    0xf, 0x3c, 0x1e, 0x7, 0x88, 0x0, 0x0,

    /* U+CCAC "첬" */
    0x6, 0x3, 0x1, 0x80, 0xc7, 0xfe, 0x31, 0xff,
    0x8c, 0x6, 0x3, 0x1, 0xc7, 0xc0, 0xf1, 0xf0,
    0x76, 0xc, 0x39, 0xe3, 0x1c, 0x18, 0xc4, 0x0,
    0x30, 0x0, 0x0, 0x6, 0xc, 0x1, 0xc3, 0x0,
    0xf1, 0xe0, 0x76, 0x7c, 0x39, 0xf3, 0x8c, 0x38,
    0x60,

    /* U+CCAD "청" */
    0x6, 0x3, 0x6, 0x3, 0x7f, 0xe3, 0x6, 0x3,
    0x6, 0x3, 0xf, 0x1f, 0xf, 0x83, 0x19, 0xc3,
    0x78, 0xe3, 0x60, 0x23, 0x0, 0x3, 0x3, 0xf8,
    0xe, 0x6, 0xc, 0x3, 0x1c, 0x3, 0xc, 0x3,
    0xe, 0x6, 0x3, 0xf8,

    /* U+CCB4 "체" */
    0xc, 0x33, 0xc, 0x33, 0xc, 0x33, 0x7f, 0xb3,
    0x7f, 0xb3, 0xc, 0x33, 0xc, 0x33, 0xc, 0xf3,
    0x1c, 0x33, 0x1e, 0x33, 0x16, 0x33, 0x33, 0x33,
    0x61, 0xb3, 0x60, 0xb3, 0x0, 0x33, 0x0, 0x33,
    0x0, 0x33, 0x0, 0x3,

    /* U+CCB5 "첵" */
    0x18, 0x66, 0x30, 0xcf, 0xfd, 0x9f, 0xfb, 0x31,
    0x86, 0x63, 0x3c, 0xce, 0x79, 0x9e, 0x33, 0x67,
    0x67, 0x86, 0xce, 0x1, 0x98, 0x0, 0x1, 0xff,
    0xe0, 0x0, 0xc0, 0x1, 0x80, 0x3, 0x0, 0x6,
    0x0, 0xc,

    /* U+CCB8 "첸" */
    0x18, 0x66, 0x18, 0x66, 0x18, 0x66, 0xff, 0x66,
    0xff, 0x66, 0x18, 0x66, 0x19, 0xe6, 0x39, 0xe6,
    0x3c, 0x66, 0x3c, 0x66, 0x66, 0x66, 0xe7, 0x66,
    0xc1, 0x66, 0x0, 0x66, 0x18, 0x0, 0x18, 0x0,
    0x18, 0x0, 0x18, 0x0, 0x1f, 0xff,

    /* U+CCBC "첼" */
    0x18, 0x66, 0xff, 0x66, 0xff, 0x66, 0x18, 0x66,
    0x19, 0xe6, 0x3d, 0xe6, 0x7e, 0x66, 0xe7, 0x66,
    0xc3, 0x66, 0x0, 0x0, 0x1f, 0xfe, 0x0, 0x6,
    0x0, 0x6, 0x1f, 0xfe, 0x18, 0x0, 0x18, 0x0,
    0x18, 0x0, 0x1f, 0xff,

    /* U+CCC4 "쳄" */
    0x18, 0x66, 0x30, 0xcf, 0xfd, 0x98, 0xc3, 0x31,
    0x86, 0x67, 0x3c, 0xcf, 0x19, 0xb7, 0x33, 0xe7,
    0x67, 0x0, 0xcc, 0x0, 0x0, 0xff, 0xf1, 0x80,
    0x63, 0x0, 0xc6, 0x1, 0x8c, 0x3, 0x18, 0x6,
    0x3f, 0xfc,

    /* U+CCC5 "쳅" */
    0x18, 0x66, 0x30, 0xcf, 0xfd, 0x9f, 0xfb, 0x31,
    0x86, 0x63, 0x3c, 0xcf, 0x19, 0xb7, 0x33, 0xe7,
    0x67, 0x82, 0xcc, 0x0, 0x0, 0x0, 0x1, 0x80,
    0x63, 0xff, 0xc6, 0x1, 0x8c, 0x3, 0x18, 0x6,
    0x3f, 0xfc,

    /* U+CCC7 "쳇" */
    0x18, 0x66, 0x18, 0x66, 0xff, 0x66, 0xff, 0x66,
    0x18, 0x66, 0x19, 0xe6, 0x3d, 0xe6, 0x3c, 0x66,
    0xe7, 0x66, 0xc3, 0x66, 0x0, 0x6, 0x0, 0x86,
    0x1, 0xc0, 0x1, 0xc0, 0x3, 0x60, 0xe, 0x38,
    0x3c, 0x1f, 0x20, 0x2,

    /* U+CCC9 "쳉" */
    0x18, 0x66, 0x30, 0xcf, 0xfd, 0x98, 0xc3, 0x31,
    0x86, 0x67, 0x3c, 0xcf, 0x19, 0xb7, 0x33, 0xe7,
    0x67, 0x82, 0xcc, 0x0, 0x18, 0x3f, 0x81, 0xc0,
    0xc3, 0x0, 0xc4, 0x1, 0x8c, 0x3, 0x1c, 0x1c,
    0xf, 0xe0,

    /* U+CCD0 "쳐" */
    0x6, 0x3, 0x6, 0x3, 0x6, 0x3, 0x7f, 0xe3,
    0x6, 0x3, 0x6, 0x1f, 0x6, 0x3, 0x7, 0x3,
    0xf, 0x3, 0xf, 0x9f, 0x1d, 0xc3, 0x38, 0xe3,
    0x70, 0x63, 0x60, 0x23, 0x0, 0x3, 0x0, 0x3,
    0x0, 0x3, 0x0, 0x3,

    /* U+CCD4 "쳔" */
    0x6, 0x3, 0x3, 0x1, 0x9f, 0xf8, 0xcf, 0xfc,
    0x60, 0x60, 0x30, 0x30, 0xf8, 0x1c, 0xc, 0x1e,
    0x6, 0xf, 0x9f, 0xc, 0xef, 0x9e, 0x3c, 0xcc,
    0xc, 0x60, 0x0, 0x30, 0x60, 0x0, 0x30, 0x0,
    0x18, 0x0, 0xc, 0x0, 0x7, 0xff, 0xc0,

    /* U+CCE4 "쳤" */
    0x6, 0x3, 0x1, 0x80, 0xc7, 0xfe, 0x31, 0xff,
    0x8c, 0x6, 0x1f, 0x1, 0xc7, 0xc0, 0xf0, 0x30,
    0x7e, 0x7c, 0x39, 0xff, 0x1c, 0x38, 0xc4, 0x0,
    0x30, 0x0, 0x0, 0x6, 0xc, 0x1, 0x83, 0x0,
    0xf1, 0xe0, 0x7e, 0x78, 0x39, 0xf3, 0x8c, 0x38,
    0x60,

    /* U+CCEC "쳬" */
    0xc, 0x1b, 0xc, 0x1b, 0xc, 0x1b, 0x7f, 0x9b,
    0x7f, 0x9b, 0xc, 0x7b, 0xc, 0x7b, 0xe, 0x1b,
    0xe, 0x1b, 0x1e, 0x7b, 0x1b, 0x7b, 0x33, 0x9b,
    0x71, 0xdb, 0x60, 0x9b, 0x0, 0x1b, 0x0, 0x1b,
    0x0, 0x1b, 0x0, 0x3,

    /* U+CCF0 "쳰" */
    0x18, 0x66, 0x18, 0x66, 0x18, 0x66, 0xff, 0x66,
    0xff, 0x66, 0x19, 0xe6, 0x19, 0xe6, 0x38, 0x66,
    0x38, 0x66, 0x3d, 0xe6, 0x6f, 0xe6, 0xe7, 0x66,
    0xc3, 0x66, 0x0, 0x66, 0x18, 0x0, 0x18, 0x0,
    0x18, 0x0, 0x18, 0x0, 0x1f, 0xff,

    /* U+CD01 "촁" */
    0x18, 0x66, 0x30, 0xcf, 0xfd, 0x9f, 0xfb, 0x31,
    0x9e, 0x63, 0xc, 0xcf, 0x79, 0xb3, 0xb3, 0xc3,
    0x67, 0x0, 0xcc, 0x0, 0x18, 0x3f, 0x81, 0xc0,
    0xc3, 0x0, 0xc6, 0x1, 0x8c, 0x3, 0x1c, 0x1c,
    0xf, 0xe0,

    /* U+CD08 "초" */
    0x1, 0xc0, 0x0, 0xe0, 0xf, 0xff, 0x80, 0x38,
    0x0, 0x1c, 0x0, 0xe, 0x0, 0xd, 0x80, 0xe,
    0xe0, 0x3e, 0x3c, 0x3c, 0x7, 0x98, 0x70, 0xc0,
    0x38, 0x0, 0x1c, 0x0, 0xe, 0x3, 0xff, 0xfe,

    /* U+CD09 "촉" */
    0x1, 0xc0, 0x0, 0xe0, 0xf, 0xff, 0x80, 0x38,
    0x0, 0x1c, 0x0, 0x1b, 0x0, 0x7d, 0xe0, 0xf8,
    0x3e, 0x61, 0xc3, 0x0, 0xe0, 0x3f, 0xff, 0xe0,
    0x0, 0x0, 0x0, 0x1, 0xff, 0xf0, 0x0, 0x18,
    0x0, 0xc, 0x0, 0x6, 0x0, 0x3, 0x0, 0x1,
    0x80,

    /* U+CD0C "촌" */
    0x1, 0xc0, 0x0, 0xe0, 0xf, 0xff, 0x80, 0x38,
    0x0, 0x1c, 0x0, 0x1b, 0x0, 0x78, 0xf0, 0xf8,
    0x3e, 0x61, 0xc2, 0x0, 0xe0, 0x3f, 0xff, 0xe0,
    0x0, 0x0, 0x0, 0x0, 0x0, 0x0, 0xc0, 0x0,
    0x60, 0x0, 0x30, 0x0, 0x1f, 0xff, 0x0,

    /* U+CD10 "촐" */
    0x1, 0x80, 0x3f, 0xfc, 0x1, 0x80, 0x3, 0xc0,
    0x7, 0xe0, 0x7e, 0x7e, 0x79, 0x9e, 0x1, 0x80,
    0xff, 0xff, 0x0, 0x0, 0x0, 0x0, 0x3f, 0xfc,
    0x0, 0xc, 0x3f, 0xfc, 0x30, 0x0, 0x30, 0x0,
    0x30, 0x0, 0x3f, 0xfc,

    /* U+CD18 "촘" */
    0x1, 0xc0, 0x1f, 0xff, 0x0, 0x70, 0x0, 0x38,
    0x0, 0x3e, 0x0, 0x7b, 0xc1, 0xf0, 0x7c, 0xc3,
    0x86, 0x1, 0xc0, 0x7f, 0xff, 0xc0, 0x0, 0x0,
    0x0, 0x3, 0xff, 0xe1, 0x80, 0x30, 0xc0, 0x18,
    0x60, 0xc, 0x30, 0x6, 0x1f, 0xff, 0x0,

    /* U+CD19 "촙" */
    0x1, 0xc0, 0x1f, 0xff, 0x0, 0x70, 0x0, 0x38,
    0x0, 0x3e, 0x0, 0x71, 0xc1, 0xe0, 0x3c, 0x3,
    0x80, 0x1, 0xc0, 0x7f, 0xff, 0xc0, 0x0, 0x0,
    0x0, 0x3, 0x0, 0x61, 0xff, 0xf0, 0xc0, 0x18,
    0x60, 0xc, 0x30, 0x6, 0x1f, 0xff, 0x0,

    /* U+CD1B "촛" */
    0x1, 0xc0, 0x1f, 0xff, 0x0, 0x70, 0x0, 0x38,
    0x0, 0x36, 0x0, 0x7b, 0xc1, 0xf0, 0x7c, 0xe3,
    0x8e, 0x1, 0xc0, 0x7f, 0xff, 0xc0, 0x0, 0x0,
    0x38, 0x0, 0x1c, 0x0, 0x1f, 0x0, 0x1d, 0xc0,
    0xfc, 0x7c, 0x38, 0xe, 0x0,

    /* U+CD1D "총" */
    0x1, 0xc0, 0x1f, 0xff, 0x0, 0x70, 0x0, 0x38,
    0x0, 0x36, 0x0, 0x7b, 0xc1, 0xf0, 0x7c, 0xe3,
    0x86, 0x1, 0xc0, 0x7f, 0xff, 0xc0, 0x0, 0x0,
    0x0, 0x0, 0xff, 0x0, 0xc0, 0x60, 0xc0, 0x18,
    0x60, 0xc, 0x18, 0xc, 0x7, 0xfc, 0x0,

    /* U+CD24 "촤" */
    0x6, 0x6, 0x1, 0x81, 0x87, 0xfe, 0x60, 0x18,
    0x18, 0x6, 0x6, 0x3, 0xc1, 0x80, 0xf8, 0x60,
    0xe7, 0x1f, 0x70, 0x67, 0xc1, 0x81, 0x80, 0x60,
    0x60, 0x18, 0x18, 0xff, 0xf6, 0x3f, 0xf1, 0x80,
    0x0, 0x60, 0x0, 0x18, 0x0, 0x6, 0x0, 0x1,
    0x80,

    /* U+CD28 "촨" */
    0x6, 0x6, 0x1, 0x81, 0x87, 0xfe, 0x61, 0xff,
    0x98, 0x6, 0x6, 0x3, 0xc1, 0x81, 0xfc, 0x7d,
    0xe7, 0x9f, 0x66, 0x66, 0x1, 0x81, 0x80, 0x67,
    0x63, 0xff, 0xd8, 0xff, 0xc6, 0x0, 0x1, 0x80,
    0x0, 0x0, 0x60, 0x0, 0x18, 0x0, 0x6, 0x0,
    0x1, 0xff, 0xe0,

    /* U+CD2C "촬" */
    0x6, 0x6, 0x1, 0x81, 0x87, 0xfe, 0x60, 0x18,
    0x18, 0xf, 0x7, 0xc7, 0xf1, 0xf7, 0xe, 0x60,
    0x18, 0x18, 0xff, 0xf6, 0x3f, 0x81, 0x80, 0x0,
    0x0, 0x0, 0x0, 0x1f, 0xfe, 0x0, 0x1, 0x81,
    0xff, 0xe0, 0x60, 0x0, 0x18, 0x0, 0x6, 0x0,
    0x1, 0xff, 0xe0,

    /* U+CD39 "촹" */
    0x6, 0x6, 0x3, 0x3, 0x1f, 0xf9, 0x80, 0xc0,
    0xc0, 0xf0, 0x60, 0x7c, 0x30, 0xff, 0x1e, 0xf3,
    0xcc, 0x66, 0x26, 0x3, 0x3, 0x3f, 0xfd, 0x9f,
    0xf8, 0xc0, 0x0, 0x60, 0x3f, 0xc0, 0x70, 0x30,
    0x70, 0xc, 0x38, 0x6, 0xe, 0x6, 0x1, 0xfe,
    0x0,

    /* U+CD5C "최" */
    0x6, 0x6, 0xc, 0xd, 0xff, 0x98, 0x30, 0x30,
    0x60, 0x61, 0xe0, 0xc7, 0xe1, 0x9c, 0xf3, 0x70,
    0xe6, 0x8c, 0xc, 0x18, 0x18, 0x30, 0x3f, 0xff,
    0x7f, 0xf8, 0xc0, 0x1, 0x80, 0x3, 0x0, 0x6,
    0x0, 0xc,

    /* U+CD60 "쵠" */
    0x6, 0x6, 0x6, 0x6, 0x7f, 0xe6, 0x7f, 0xe6,
    0x6, 0x6, 0xf, 0x6, 0x1f, 0xc6, 0x79, 0xe6,
    0x66, 0x66, 0x6, 0x6, 0x6, 0x36, 0xff, 0xf6,
    0xff, 0xe6, 0x0, 0x6, 0x0, 0x0, 0x18, 0x0,
    0x18, 0x0, 0x18, 0x0, 0x1f, 0xff,

    /* U+CD64 "쵤" */
    0x6, 0x6, 0x7f, 0xe6, 0x6, 0x6, 0xf, 0x6,
    0x3d, 0xc6, 0x70, 0xe6, 0x6, 0x6, 0xff, 0xf6,
    0xff, 0xc6, 0x0, 0x0, 0x1f, 0xfe, 0x0, 0x6,
    0x0, 0x6, 0x1f, 0xfe, 0x18, 0x0, 0x18, 0x0,
    0x18, 0x0, 0x1f, 0xff,

    /* U+CD6C "쵬" */
    0x6, 0x6, 0xff, 0xcd, 0xff, 0x98, 0x30, 0x30,
    0xf0, 0x67, 0xbc, 0xdc, 0x39, 0x83, 0x3, 0xff,
    0xf7, 0xff, 0xec, 0x0, 0x18, 0x0, 0x1, 0xff,
    0xe3, 0x0, 0xc6, 0x1, 0x8c, 0x3, 0x18, 0x6,
    0x3f, 0xfc,

    /* U+CD6D "쵭" */
    0x6, 0x6, 0xff, 0xcd, 0xff, 0x98, 0x30, 0x30,
    0xf0, 0x63, 0xf0, 0xde, 0x79, 0xb3, 0x33, 0x6,
    0x7, 0xff, 0xef, 0xf0, 0x18, 0x0, 0x0, 0x0,
    0x3, 0x0, 0xc7, 0xff, 0x8c, 0x3, 0x18, 0x6,
    0x30, 0xc, 0x7f, 0xf8,

    /* U+CD6F "쵯" */
    0x6, 0x6, 0x6, 0x6, 0x7f, 0xe6, 0x6, 0x6,
    0x7, 0x6, 0xf, 0x6, 0x39, 0xe6, 0x70, 0xe6,
    0x6, 0x6, 0xff, 0xf6, 0xff, 0xf6, 0x0, 0x6,
    0x0, 0xc6, 0x0, 0xc0, 0x1, 0xe0, 0x7, 0x38,
    0x3e, 0x1f, 0x38, 0x6,

    /* U+CD71 "쵱" */
    0x6, 0x6, 0xc, 0xd, 0xff, 0x98, 0x30, 0x30,
    0xf0, 0x61, 0xe0, 0xce, 0x71, 0xbc, 0x73, 0x66,
    0x26, 0xc, 0xf, 0xff, 0xdf, 0xfe, 0x30, 0x0,
    0x60, 0xff, 0x7, 0x3, 0xc, 0x3, 0x18, 0x6,
    0x38, 0x18, 0x1f, 0xe0,

    /* U+CD78 "쵸" */
    0x1, 0xc0, 0x0, 0xe0, 0xf, 0xff, 0x80, 0x38,
    0x0, 0x1c, 0x0, 0xf, 0x0, 0xd, 0x80, 0x1c,
    0xf0, 0x7c, 0x1f, 0x3c, 0x7, 0x80, 0x0, 0x1,
    0xc7, 0x0, 0xe3, 0x80, 0x71, 0xc3, 0xff, 0xfe,

    /* U+CD88 "춈" */
    0x1, 0xc0, 0x1f, 0xff, 0x0, 0x70, 0x0, 0x38,
    0x0, 0x36, 0x0, 0x73, 0xc1, 0xf0, 0x7c, 0x8c,
    0x62, 0x6, 0x30, 0x7f, 0xff, 0xc0, 0x0, 0x0,
    0x0, 0x3, 0xff, 0xe1, 0x80, 0x30, 0xc0, 0x18,
    0x60, 0xc, 0x30, 0x6, 0x1f, 0xff, 0x0,

    /* U+CD94 "추" */
    0x1, 0xc0, 0x0, 0xe0, 0xf, 0xff, 0x80, 0x38,
    0x0, 0x1c, 0x0, 0x1f, 0x0, 0x1d, 0xc0, 0x7c,
    0x78, 0x78, 0xf, 0x10, 0x1, 0x0, 0x0, 0x1f,
    0xff, 0xf0, 0x1c, 0x0, 0xe, 0x0, 0x7, 0x0,
    0x3, 0x80, 0x1, 0xc0, 0x0, 0xe0, 0x0,

    /* U+CD95 "축" */
    0x1, 0xc0, 0x0, 0xe0, 0xf, 0xff, 0x80, 0x38,
    0x0, 0x1c, 0x0, 0x1b, 0x0, 0x3d, 0xe0, 0xf8,
    0x3e, 0x70, 0x7, 0x0, 0x0, 0x3f, 0xff, 0xe0,
    0x38, 0x0, 0x1c, 0x1, 0xff, 0xf0, 0x0, 0x18,
    0x0, 0xc, 0x0, 0x6, 0x0, 0x3, 0x0, 0x1,
    0x80,

    /* U+CD98 "춘" */
    0x1, 0xc0, 0x0, 0xe0, 0x0, 0x70, 0x7, 0xff,
    0xc0, 0x1c, 0x0, 0x1e, 0x0, 0x1d, 0xc0, 0xfc,
    0x7e, 0x78, 0xf, 0x0, 0x0, 0x3f, 0xff, 0xe0,
    0x38, 0x0, 0x1c, 0x0, 0xe, 0x0, 0x0, 0x0,
    0x60, 0x0, 0x30, 0x0, 0x18, 0x0, 0xf, 0xff,
    0x80,

    /* U+CD9C "출" */
    0x1, 0x80, 0x3f, 0xfe, 0x1, 0x80, 0x3, 0xc0,
    0xe, 0x70, 0x78, 0x1e, 0x0, 0x0, 0x0, 0x0,
    0xff, 0xff, 0x1, 0x80, 0x1, 0x80, 0x3f, 0xfc,
    0x0, 0xc, 0x3f, 0xfc, 0x30, 0x0, 0x30, 0x0,
    0x30, 0x0, 0x3f, 0xfe,

    /* U+CDA4 "춤" */
    0x1, 0xc0, 0x1f, 0xff, 0x0, 0x70, 0x0, 0x38,
    0x0, 0x3e, 0x0, 0x3b, 0x81, 0xf8, 0xfc, 0xf0,
    0x1e, 0x0, 0x0, 0x7f, 0xff, 0xc0, 0x70, 0x0,
    0x38, 0x3, 0xff, 0xe1, 0x80, 0x30, 0xc0, 0x18,
    0x60, 0xc, 0x30, 0x6, 0x1f, 0xff, 0x0,

    /* U+CDA5 "춥" */
    0x1, 0xc0, 0x0, 0xe0, 0xf, 0xff, 0x80, 0x38,
    0x0, 0x3c, 0x0, 0x3b, 0x81, 0xf8, 0xfc, 0xf0,
    0x1e, 0x0, 0x0, 0x7f, 0xff, 0xc0, 0x70, 0x0,
    0x38, 0x0, 0x0, 0x1, 0x80, 0x30, 0xff, 0xf8,
    0x60, 0xc, 0x30, 0x6, 0x18, 0x3, 0xf, 0xff,
    0x80,

    /* U+CDA7 "춧" */
    0x1, 0xc0, 0x0, 0xe0, 0xf, 0xff, 0x80, 0x38,
    0x0, 0x1c, 0x0, 0x3b, 0x81, 0xf8, 0xf8, 0xf0,
    0x1e, 0x0, 0x0, 0x7f, 0xff, 0xc0, 0x70, 0x0,
    0x38, 0x0, 0x1c, 0x0, 0xe, 0x0, 0xf, 0x0,
    0xe, 0xe0, 0x7e, 0x3f, 0x18, 0x3, 0x0,

    /* U+CDA9 "충" */
    0x1, 0xc0, 0x1f, 0xff, 0x0, 0x70, 0x0, 0x38,
    0x0, 0x36, 0x0, 0xfb, 0xc1, 0xf0, 0x7c, 0xe0,
    0xe, 0x0, 0x0, 0x7f, 0xff, 0xc0, 0x70, 0x0,
    0x38, 0x0, 0xff, 0x81, 0xc0, 0x60, 0xc0, 0x18,
    0x60, 0xc, 0x18, 0xc, 0x3, 0xf8, 0x0,

    /* U+CDB0 "춰" */
    0x6, 0x6, 0xc, 0xd, 0xff, 0x98, 0x30, 0x30,
    0xe0, 0x63, 0xf0, 0xde, 0x79, 0xb8, 0x73, 0x0,
    0x7, 0xff, 0xef, 0xff, 0x98, 0x30, 0x30, 0x67,
    0xe0, 0xc0, 0xc1, 0x81, 0x83, 0x3, 0x6, 0x6,
    0xc, 0xc,

    /* U+CDC4 "췄" */
    0x6, 0x6, 0x3f, 0xf3, 0x1f, 0xf9, 0x80, 0xc0,
    0xc0, 0xf0, 0x63, 0xcf, 0x31, 0x81, 0x98, 0x3,
    0xec, 0xff, 0xf6, 0x3, 0x3, 0x1, 0x9f, 0x80,
    0xc0, 0xc0, 0x0, 0x0, 0x60, 0xc0, 0x38, 0x60,
    0x3c, 0x78, 0x73, 0xe7, 0x30, 0xe1, 0x80,

    /* U+CDCC "췌" */
    0xc, 0x1b, 0xc, 0x1b, 0x7f, 0x9b, 0xc, 0x1b,
    0xe, 0x1b, 0x1e, 0x1b, 0x3b, 0x9b, 0x71, 0x9b,
    0x0, 0x1b, 0xff, 0xdb, 0xff, 0x1b, 0xc, 0x1b,
    0xc, 0xfb, 0xc, 0x1b, 0xc, 0x1b, 0xc, 0x1b,
    0x0, 0x1b, 0x0, 0x3,

    /* U+CDD0 "췐" */
    0xc, 0x33, 0xc, 0x33, 0x7f, 0xb3, 0xc, 0x33,
    0x1c, 0x33, 0x3f, 0x33, 0x73, 0xb3, 0x40, 0x33,
    0xff, 0xb3, 0xfc, 0x33, 0xd, 0xf3, 0xd, 0xf3,
    0x0, 0x33, 0x0, 0x33, 0x18, 0x0, 0x18, 0x0,
    0x18, 0x0, 0x1f, 0xff,

    /* U+CDE8 "취" */
    0x6, 0x6, 0xc, 0xd, 0xff, 0x98, 0x30, 0x30,
    0x70, 0x61, 0xe0, 0xce, 0x71, 0xbc, 0x73, 0x60,
    0x26, 0x0, 0x2f, 0xff, 0xd8, 0x30, 0x30, 0x60,
    0x60, 0xc0, 0xc1, 0x81, 0x83, 0x3, 0x6, 0x6,
    0xc, 0xc,

    /* U+CDEC "췬" */
    0x6, 0x6, 0xc, 0xd, 0xff, 0x9b, 0xff, 0x30,
    0x60, 0x61, 0xe0, 0xc7, 0xe1, 0xbc, 0xf3, 0x70,
    0xe6, 0x80, 0xf, 0xff, 0xdf, 0xff, 0xb0, 0x60,
    0x60, 0xc0, 0xc0, 0x0, 0x1c, 0x0, 0x38, 0x0,
    0x70, 0x0, 0xff, 0xf8,

    /* U+CDF0 "췰" */
    0x6, 0x6, 0x7f, 0xe6, 0x6, 0x6, 0xf, 0x6,
    0x39, 0xe6, 0x70, 0xe6, 0x0, 0x6, 0xff, 0xf6,
    0x6, 0x6, 0x6, 0x0, 0x1f, 0xfe, 0x0, 0x6,
    0x0, 0x6, 0x1f, 0xfe, 0x18, 0x0, 0x18, 0x0,
    0x18, 0x0, 0x1f, 0xff,

    /* U+CDF8 "췸" */
    0x6, 0x6, 0xff, 0xcd, 0xff, 0x98, 0x30, 0x30,
    0xf0, 0x63, 0xb8, 0xdc, 0x39, 0xa0, 0x3, 0xff,
    0xf7, 0xff, 0xcc, 0x18, 0x18, 0x30, 0x1, 0xff,
    0xe3, 0x0, 0xc6, 0x1, 0x8c, 0x3, 0x18, 0x6,
    0x3f, 0xfc,

    /* U+CDF9 "췹" */
    0x6, 0x6, 0xff, 0xcd, 0xff, 0x98, 0x30, 0x30,
    0xf0, 0x63, 0xf8, 0xde, 0x39, 0xb0, 0x3, 0xff,
    0xf7, 0xff, 0xec, 0x18, 0x18, 0x30, 0x0, 0x0,
    0x3, 0x0, 0xc7, 0xff, 0x8c, 0x3, 0x18, 0x6,
    0x30, 0xc, 0x7f, 0xf8,

    /* U+CDFB "췻" */
    0x6, 0x6, 0x7f, 0xe6, 0x7f, 0xe6, 0x6, 0x6,
    0xf, 0x6, 0x3d, 0xc6, 0x70, 0xe6, 0x40, 0x6,
    0xff, 0xf6, 0xff, 0xe6, 0x6, 0x6, 0x6, 0x6,
    0x6, 0xe6, 0x0, 0xe0, 0x1, 0xb0, 0x7, 0xbc,
    0x1e, 0xf, 0x10, 0x1,

    /* U+CDFD "췽" */
    0x6, 0x6, 0xc, 0xd, 0xff, 0x98, 0x30, 0x30,
    0xf0, 0x63, 0xf8, 0xde, 0x79, 0xb0, 0x13, 0x0,
    0x17, 0xff, 0xec, 0x18, 0x18, 0x30, 0x30, 0x60,
    0x60, 0xff, 0x7, 0x3, 0xc, 0x3, 0x18, 0x6,
    0x38, 0x18, 0x1f, 0xe0,

    /* U+CE04 "츄" */
    0x1, 0xc0, 0x0, 0xe0, 0xf, 0xff, 0x80, 0x38,
    0x0, 0x1c, 0x0, 0x1f, 0x0, 0x1d, 0xc0, 0x7c,
    0x7c, 0x78, 0xf, 0x10, 0x0, 0x0, 0x0, 0x1f,
    0xff, 0xf0, 0xc1, 0x80, 0x60, 0xc0, 0x30, 0x60,
    0x18, 0x30, 0xc, 0x18, 0x6, 0xc, 0x0,

    /* U+CE08 "츈" */
    0x1, 0xc0, 0x0, 0xe0, 0xf, 0xff, 0x80, 0x38,
    0x0, 0x3e, 0x0, 0x3b, 0x81, 0xf8, 0xfc, 0xf0,
    0x1e, 0x0, 0x0, 0x7f, 0xff, 0xc0, 0xc6, 0x0,
    0x63, 0x0, 0x31, 0x80, 0x0, 0x0, 0xc0, 0x0,
    0x60, 0x0, 0x30, 0x0, 0x1f, 0xff, 0x0,

    /* U+CE0C "츌" */
    0x1, 0x80, 0x1, 0x80, 0x3f, 0xfe, 0x1, 0x80,
    0x3, 0xc0, 0xe, 0x70, 0x78, 0x1e, 0x0, 0x0,
    0x0, 0x0, 0xff, 0xff, 0xc, 0x30, 0xc, 0x30,
    0x3f, 0xfc, 0x0, 0xc, 0x3f, 0xfc, 0x30, 0x0,
    0x30, 0x0, 0x30, 0x0, 0x3f, 0xfe,

    /* U+CE14 "츔" */
    0x1, 0xc0, 0x0, 0xe0, 0xf, 0xff, 0x80, 0x38,
    0x0, 0x1c, 0x0, 0x3b, 0x81, 0xf8, 0xfc, 0xf0,
    0x1e, 0x0, 0x0, 0x7f, 0xff, 0xc3, 0x8e, 0x1,
    0xc7, 0x0, 0xe3, 0x81, 0xff, 0xf0, 0xc0, 0x18,
    0x60, 0xc, 0x30, 0x6, 0x18, 0x3, 0xf, 0xff,
    0x80,

    /* U+CE19 "츙" */
    0x1, 0xc0, 0x1f, 0xff, 0x0, 0x70, 0x0, 0x38,
    0x0, 0x36, 0x0, 0xfb, 0xc1, 0xf0, 0x7c, 0xe0,
    0xe, 0x0, 0x0, 0x7f, 0xff, 0xc3, 0x6, 0x1,
    0x83, 0x0, 0xff, 0x81, 0xc0, 0x60, 0xc0, 0x18,
    0x60, 0xc, 0x18, 0xc, 0x3, 0xfc, 0x0,

    /* U+CE20 "츠" */
    0x1, 0xc0, 0x0, 0xe0, 0xf, 0xff, 0x80, 0x38,
    0x0, 0x1c, 0x0, 0xe, 0x0, 0xd, 0x80, 0xe,
    0xe0, 0x1e, 0x3c, 0x3c, 0xf, 0x98, 0x0, 0xc0,
    0x0, 0x0, 0x0, 0x0, 0x0, 0x3, 0xff, 0xfe,

    /* U+CE21 "측" */
    0x1, 0xc0, 0x1f, 0xff, 0x0, 0x70, 0x0, 0x38,
    0x0, 0x36, 0x0, 0xfb, 0xc1, 0xf0, 0x7c, 0xe0,
    0xe, 0x0, 0x0, 0x7f, 0xff, 0xc0, 0x0, 0x0,
    0x0, 0x3, 0xff, 0xe0, 0x0, 0x30, 0x0, 0x18,
    0x0, 0xc, 0x0, 0x6, 0x0, 0x3, 0x0,

    /* U+CE24 "츤" */
    0x1, 0xc0, 0x0, 0xe0, 0x0, 0x70, 0x7, 0xff,
    0xc0, 0x1c, 0x0, 0x1e, 0x0, 0x1d, 0xc0, 0xfc,
    0x7e, 0x70, 0x7, 0x0, 0x0, 0x3f, 0xff, 0xe0,
    0x0, 0x0, 0x0, 0x0, 0x0, 0x0, 0xc0, 0x0,
    0x60, 0x0, 0x30, 0x0, 0x18, 0x0, 0xf, 0xff,
    0x80,

    /* U+CE28 "츨" */
    0x1, 0x80, 0x3f, 0xfc, 0x1, 0x80, 0x3, 0xc0,
    0xe, 0x70, 0x78, 0x1e, 0x0, 0x0, 0x0, 0x0,
    0xff, 0xff, 0x0, 0x0, 0x0, 0x0, 0x3f, 0xfc,
    0x0, 0xc, 0x3f, 0xfc, 0x30, 0x0, 0x30, 0x0,
    0x30, 0x0, 0x3f, 0xfc,

    /* U+CE30 "츰" */
    0x1, 0xc0, 0x1f, 0xff, 0x0, 0x70, 0x0, 0x38,
    0x0, 0x3e, 0x0, 0x3b, 0x81, 0xf0, 0xfc, 0xe0,
    0xe, 0x0, 0x0, 0x7f, 0xff, 0xc0, 0x0, 0x0,
    0x0, 0x3, 0xff, 0xe1, 0x80, 0x30, 0xc0, 0x18,
    0x60, 0xc, 0x30, 0x6, 0x1f, 0xff, 0x0,

    /* U+CE31 "츱" */
    0x1, 0xc0, 0x0, 0xe0, 0xf, 0xff, 0x80, 0x38,
    0x0, 0x3e, 0x0, 0x3b, 0x81, 0xf8, 0xfc, 0xf0,
    0x1e, 0x0, 0x0, 0x7f, 0xff, 0xc0, 0x0, 0x0,
    0x0, 0x0, 0x0, 0x1, 0x80, 0x30, 0xff, 0xf8,
    0x60, 0xc, 0x30, 0x6, 0x18, 0x3, 0xf, 0xff,
    0x80,

    /* U+CE33 "츳" */
    0x1, 0xc0, 0x1f, 0xff, 0x0, 0x70, 0x0, 0x38,
    0x0, 0x36, 0x0, 0xfb, 0xe1, 0xf0, 0x7c, 0xc0,
    0x6, 0x0, 0x0, 0x7f, 0xff, 0xc0, 0x0, 0x0,
    0x38, 0x0, 0x1c, 0x0, 0x1e, 0x0, 0x1d, 0xc0,
    0x7c, 0x78, 0x38, 0xe, 0x0,

    /* U+CE35 "층" */
    0x1, 0xc0, 0x1f, 0xff, 0x0, 0x70, 0x0, 0x38,
    0x0, 0x76, 0x0, 0xf3, 0xe1, 0xf0, 0x7c, 0xc0,
    0x6, 0x0, 0x0, 0x7f, 0xff, 0xc0, 0x0, 0x0,
    0x0, 0x0, 0xff, 0x0, 0xc0, 0x60, 0xc0, 0x18,
    0x60, 0xc, 0x18, 0xc, 0x7, 0xfc, 0x0,

    /* U+CE58 "치" */
    0x6, 0x6, 0xc, 0xc, 0x18, 0x1b, 0xff, 0x30,
    0x60, 0x60, 0xc0, 0xc1, 0x81, 0x83, 0x3, 0xf,
    0x6, 0x1e, 0xc, 0x66, 0x19, 0xce, 0x37, 0xf,
    0x6c, 0xc, 0xc0, 0x1, 0x80, 0x3, 0x0, 0x6,
    0x0, 0xc,

    /* U+CE59 "칙" */
    0x6, 0x6, 0xc, 0xd, 0xff, 0x9b, 0xff, 0x30,
    0x60, 0x60, 0xc0, 0xc3, 0xc1, 0x8f, 0xc3, 0x39,
    0xe6, 0xe1, 0xcd, 0x0, 0x18, 0x0, 0x1, 0xff,
    0xe0, 0x0, 0xc0, 0x1, 0x80, 0x3, 0x0, 0x6,
    0x0, 0xc,

    /* U+CE5C "친" */
    0x6, 0x6, 0x6, 0x6, 0x7f, 0xe6, 0x7f, 0xe6,
    0x6, 0x6, 0x6, 0x6, 0x6, 0x6, 0xf, 0x6,
    0x1f, 0x86, 0x39, 0xc6, 0x70, 0xe6, 0x60, 0x26,
    0x0, 0x6, 0x18, 0x0, 0x18, 0x0, 0x18, 0x0,
    0x18, 0x0, 0x1f, 0xff,

    /* U+CE5F "칟" */
    0x6, 0x6, 0xc, 0xd, 0xff, 0x98, 0x30, 0x30,
    0x60, 0x61, 0xe0, 0xc3, 0xe1, 0x9c, 0xe3, 0x70,
    0xe6, 0xc0, 0x4c, 0x0, 0x0, 0xff, 0xf1, 0x80,
    0x3, 0x0, 0x6, 0x0, 0xc, 0x0, 0x18, 0x0,
    0x3f, 0xfc,

    /* U+CE60 "칠" */
    0x6, 0x6, 0x6, 0x6, 0x7f, 0xe6, 0x6, 0x6,
    0x6, 0x6, 0xf, 0x6, 0x19, 0xc6, 0x70, 0xe6,
    0x60, 0x26, 0x0, 0x0, 0x1f, 0xfe, 0x0, 0x6,
    0x0, 0x6, 0x1f, 0xfe, 0x18, 0x0, 0x18, 0x0,
    0x18, 0x0, 0x1f, 0xff,

    /* U+CE61 "칡" */
    0x6, 0x6, 0xc, 0xd, 0xff, 0x98, 0x30, 0x30,
    0x70, 0x61, 0xe0, 0xc6, 0x71, 0xf8, 0x73, 0x60,
    0x26, 0x0, 0x0, 0xff, 0xf8, 0xc, 0x30, 0x18,
    0x67, 0xf0, 0xcc, 0x1, 0x98, 0x3, 0x3f, 0xc6,
    0x7f, 0x8c,

    /* U+CE68 "침" */
    0x6, 0x6, 0xc, 0xd, 0xff, 0x98, 0x30, 0x30,
    0x60, 0x61, 0xe0, 0xc7, 0xe1, 0x9c, 0xe3, 0x70,
    0xe6, 0xc0, 0x4c, 0x0, 0x0, 0xff, 0xf1, 0x80,
    0x63, 0x0, 0xc6, 0x1, 0x8c, 0x3, 0x18, 0x6,
    0x3f, 0xfc,

    /* U+CE69 "칩" */
    0x6, 0x6, 0xc, 0xd, 0xff, 0x98, 0x30, 0x30,
    0x60, 0x61, 0xe0, 0xc3, 0xc1, 0x8c, 0xe3, 0xf8,
    0xe6, 0xc0, 0x4c, 0x0, 0x0, 0x0, 0x0, 0x0,
    0x3, 0xff, 0xc6, 0x1, 0x8c, 0x3, 0x18, 0x6,
    0x30, 0xc, 0x7f, 0xf8,

    /* U+CE6B "칫" */
    0x6, 0x6, 0x6, 0x6, 0x7f, 0xe6, 0x7f, 0xe6,
    0x6, 0x6, 0x7, 0x6, 0xf, 0x6, 0x1d, 0xc6,
    0x78, 0xe6, 0x60, 0x66, 0x0, 0x6, 0x0, 0xc6,
    0x0, 0xe0, 0x1, 0xe0, 0x3, 0xb0, 0xf, 0x3c,
    0x3e, 0xf, 0x10, 0x0,

    /* U+CE6D "칭" */
    0x6, 0x6, 0xc, 0xd, 0xff, 0x98, 0x30, 0x30,
    0x60, 0x61, 0xe0, 0xc3, 0xe1, 0x8c, 0xe3, 0x70,
    0xe6, 0xc0, 0x4c, 0x0, 0x18, 0x3f, 0x80, 0xc0,
    0xc3, 0x0, 0xc6, 0x1, 0x8c, 0x3, 0xc, 0xc,
    0x7, 0xf0,

    /* U+CE74 "카" */
    0x0, 0xc, 0x0, 0x6, 0x1f, 0xe3, 0x0, 0x31,
    0x80, 0x18, 0xc0, 0xc, 0x63, 0xfc, 0x31, 0xfe,
    0x1f, 0x7, 0xc, 0x3, 0x6, 0x3, 0x83, 0x3,
    0x81, 0x87, 0x80, 0xc7, 0x80, 0x61, 0x0, 0x30,
    0x0, 0x18, 0x0, 0xc, 0x0, 0x6, 0x0,

    /* U+CE75 "칵" */
    0x0, 0xc, 0x3f, 0xc6, 0x0, 0x63, 0x0, 0x31,
    0x8f, 0xf0, 0xf8, 0x38, 0x60, 0x38, 0x30, 0x78,
    0x18, 0xf8, 0xc, 0x30, 0x6, 0x0, 0x0, 0x7,
    0xff, 0x80, 0x0, 0xc0, 0x0, 0x60, 0x0, 0x30,
    0x0, 0x18, 0x0, 0xc, 0x0, 0x6, 0x0,

    /* U+CE78 "칸" */
    0x0, 0xc, 0x0, 0x6, 0x1f, 0xe3, 0xf, 0xf1,
    0x80, 0x18, 0xc0, 0x8, 0x63, 0xfc, 0x3f, 0xce,
    0x1f, 0xe, 0xc, 0xe, 0x6, 0x1e, 0x3, 0x1c,
    0x1, 0x80, 0x0, 0xc0, 0xc0, 0x0, 0x60, 0x0,
    0x30, 0x0, 0x18, 0x0, 0xf, 0xff, 0x0,

    /* U+CE7C "칼" */
    0x0, 0xc, 0x3f, 0xc6, 0x0, 0x63, 0x0, 0x31,
    0x8f, 0xf0, 0xfc, 0x38, 0x60, 0x38, 0x30, 0x78,
    0x18, 0xf0, 0xc, 0x20, 0x0, 0xf, 0xff, 0x0,
    0x1, 0x80, 0x0, 0xc1, 0xff, 0xe0, 0xc0, 0x0,
    0x60, 0x0, 0x30, 0x0, 0x1f, 0xff, 0x0,

    /* U+CE84 "캄" */
    0x0, 0xc, 0x3f, 0xc6, 0x1f, 0xe3, 0x0, 0x31,
    0x8f, 0xf0, 0xff, 0xf8, 0x7c, 0x18, 0x30, 0x38,
    0x18, 0x78, 0xc, 0x78, 0x6, 0x0, 0x0, 0x7,
    0xff, 0x83, 0x0, 0xc1, 0x80, 0x60, 0xc0, 0x30,
    0x60, 0x18, 0x30, 0xc, 0x1f, 0xfe, 0x0,

    /* U+CE85 "캅" */
    0x0, 0xc, 0x3f, 0xc6, 0x1f, 0xe3, 0x0, 0x31,
    0x8f, 0xf8, 0xff, 0xf8, 0x7c, 0x1c, 0x30, 0x3c,
    0x18, 0x7c, 0xc, 0x7c, 0x6, 0x1c, 0x0, 0x0,
    0x0, 0x0, 0x0, 0x1, 0x80, 0x60, 0xff, 0xf0,
    0x60, 0x18, 0x30, 0xc, 0x18, 0x6, 0xf, 0xff,
    0x0,

    /* U+CE87 "캇" */
    0x0, 0xc, 0x3f, 0xc6, 0x1f, 0xe3, 0x0, 0x31,
    0x80, 0x18, 0xc7, 0xf8, 0x7f, 0xcc, 0x3e, 0xc,
    0x18, 0x1c, 0xc, 0x3c, 0x6, 0x3c, 0x3, 0x0,
    0x31, 0x80, 0x1c, 0x0, 0xe, 0x0, 0xd, 0x80,
    0x1c, 0xf0, 0x3c, 0x1e, 0x18, 0x3, 0x0,

    /* U+CE89 "캉" */
    0x0, 0xc, 0x7f, 0x8c, 0x1, 0x8c, 0x1, 0x8c,
    0xff, 0xf, 0x7, 0xc, 0xf, 0xc, 0x1e, 0xc,
    0x3c, 0xc, 0xf0, 0xc, 0x60, 0xc, 0x7, 0xe0,
    0x1c, 0x18, 0x30, 0xc, 0x30, 0xc, 0x38, 0xc,
    0x1c, 0x18, 0x7, 0xf0,

    /* U+CE90 "캐" */
    0x0, 0x63, 0x0, 0x63, 0x7f, 0x63, 0x3, 0x63,
    0x3, 0x63, 0x3, 0x63, 0xfe, 0x63, 0xfe, 0x7f,
    0x6, 0x63, 0xc, 0x63, 0x1c, 0x63, 0x38, 0x63,
    0xf0, 0x63, 0x40, 0x63, 0x0, 0x63, 0x0, 0x63,
    0x0, 0x63, 0x0, 0x3,

    /* U+CE91 "캑" */
    0x0, 0x66, 0xfe, 0xcd, 0xfd, 0x98, 0x1b, 0x30,
    0x76, 0x7f, 0xcf, 0xf3, 0x99, 0x86, 0x33, 0x3c,
    0x66, 0xf0, 0xcf, 0x81, 0x9a, 0x0, 0x0, 0x0,
    0x3, 0xff, 0xc0, 0x1, 0x80, 0x3, 0x0, 0x6,
    0x0, 0xc, 0x0, 0x18,

    /* U+CE94 "캔" */
    0x0, 0x66, 0x0, 0x66, 0x7f, 0x66, 0x7f, 0x66,
    0x3, 0x66, 0x3, 0x66, 0x2, 0x66, 0xfe, 0x7e,
    0xf6, 0x7e, 0xc, 0x66, 0x18, 0x66, 0x70, 0x66,
    0xe0, 0x66, 0x0, 0x66, 0x18, 0x0, 0x18, 0x0,
    0x18, 0x0, 0x18, 0x0, 0x1f, 0xff,

    /* U+CE98 "캘" */
    0x0, 0x66, 0x7f, 0x66, 0x7f, 0x66, 0x3, 0x66,
    0xfe, 0x7e, 0xee, 0x66, 0x1c, 0x66, 0x38, 0x66,
    0xf0, 0x66, 0x40, 0x0, 0x1f, 0xfe, 0x0, 0x6,
    0x0, 0x6, 0x1f, 0xfe, 0x18, 0x0, 0x18, 0x0,
    0x18, 0x0, 0x1f, 0xff,

    /* U+CEA0 "캠" */
    0x0, 0x66, 0xfe, 0xcc, 0xd, 0x98, 0x1b, 0x3f,
    0xe7, 0xff, 0xcf, 0xc3, 0x19, 0x8e, 0x33, 0x78,
    0x67, 0xc0, 0xcc, 0x0, 0x0, 0xff, 0xf1, 0x80,
    0x63, 0x0, 0xc6, 0x1, 0x8c, 0x3, 0x18, 0x6,
    0x3f, 0xfc,

    /* U+CEA1 "캡" */
    0x0, 0x66, 0xfe, 0xcd, 0xfd, 0x98, 0x1b, 0x3f,
    0xf7, 0xff, 0xcf, 0xc3, 0x99, 0x8e, 0x33, 0x3c,
    0x67, 0xf0, 0xcd, 0xc0, 0x2, 0x0, 0x0, 0x0,
    0x3, 0xff, 0xc6, 0x1, 0x8c, 0x3, 0x18, 0x6,
    0x30, 0xc, 0x7f, 0xf8,

    /* U+CEA3 "캣" */
    0x0, 0x66, 0x7f, 0x66, 0x7f, 0x66, 0x3, 0x66,
    0x3, 0x66, 0xfe, 0x7e, 0xe6, 0x66, 0xc, 0x66,
    0x18, 0x66, 0x70, 0x66, 0xe0, 0x6, 0x0, 0xc6,
    0x0, 0xc0, 0x1, 0xe0, 0x1, 0xf0, 0x7, 0x38,
    0x3e, 0x1f, 0x18, 0x6,

    /* U+CEA4 "캤" */
    0x0, 0x66, 0x7f, 0x66, 0x7f, 0x66, 0x3, 0x66,
    0xfe, 0x7e, 0xfe, 0x7e, 0xe, 0x66, 0x1c, 0x66,
    0x78, 0x66, 0xe0, 0x66, 0x0, 0x0, 0x6, 0x18,
    0xe, 0x18, 0xe, 0x38, 0x1b, 0x3c, 0x3b, 0xe7,
    0x71, 0xc3, 0x0, 0x80,

    /* U+CEA5 "캥" */
    0x0, 0x63, 0x7f, 0x63, 0x7f, 0x63, 0x3, 0x63,
    0x3, 0x63, 0xfe, 0x7f, 0xf6, 0x63, 0xc, 0x63,
    0x38, 0x63, 0xf0, 0x63, 0x40, 0x3, 0x3, 0xf8,
    0xe, 0xe, 0x18, 0x3, 0x18, 0x3, 0x18, 0x3,
    0xe, 0xe, 0x3, 0xf8,

    /* U+CEAC "캬" */
    0x0, 0xc, 0x0, 0x6, 0x1f, 0xe3, 0x0, 0x31,
    0x80, 0x18, 0xf8, 0xc, 0x7f, 0xfc, 0x31, 0xfe,
    0x18, 0x83, 0xc, 0x3, 0x6, 0x3, 0x83, 0xe3,
    0x81, 0x87, 0x80, 0xc7, 0x80, 0x61, 0x0, 0x30,
    0x0, 0x18, 0x0, 0xc, 0x0, 0x6, 0x0,

    /* U+CEAD "캭" */
    0x0, 0xc, 0x0, 0x6, 0x1f, 0xe3, 0x0, 0x31,
    0xf0, 0x18, 0xc7, 0xf8, 0x63, 0xfc, 0x30, 0x1c,
    0x1f, 0x1c, 0xc, 0x7c, 0x6, 0x18, 0x3, 0x0,
    0x0, 0x3, 0xff, 0xc0, 0x0, 0x60, 0x0, 0x30,
    0x0, 0x18, 0x0, 0xc, 0x0, 0x6, 0x0, 0x3,
    0x0,

    /* U+CEC1 "컁" */
    0x0, 0xc, 0x0, 0xc, 0x7f, 0x8c, 0x1, 0x8f,
    0x1, 0x8c, 0x3, 0xc, 0xff, 0xc, 0x6, 0xf,
    0xe, 0xc, 0x3c, 0xc, 0xf0, 0xc, 0x60, 0xc,
    0x7, 0xe0, 0x1c, 0x18, 0x38, 0xc, 0x30, 0xc,
    0x38, 0xc, 0x1c, 0x18, 0x7, 0xf0,

    /* U+CEE4 "커" */
    0x0, 0x6, 0x0, 0xd, 0xff, 0x18, 0xe, 0x30,
    0x1c, 0x60, 0x38, 0xff, 0xe1, 0xff, 0xff, 0x7,
    0x86, 0xe, 0xc, 0x38, 0x19, 0xe0, 0x37, 0x80,
    0x7e, 0x0, 0xd0, 0x1, 0x80, 0x3, 0x0, 0x6,
    0x0, 0xc,

    /* U+CEE5 "컥" */
    0x0, 0x6, 0xff, 0x8c, 0x7, 0x18, 0xe, 0x3f,
    0xf8, 0x7f, 0xff, 0xc1, 0xc1, 0x8f, 0x3, 0x7c,
    0x7, 0xc0, 0xc, 0x0, 0x0, 0xff, 0xf0, 0x0,
    0x60, 0x0, 0xc0, 0x1, 0x80, 0x3, 0x0, 0x6,
    0x0, 0xc,

    /* U+CEE8 "컨" */
    0x0, 0x3, 0x0, 0x3, 0x7f, 0xc3, 0x7f, 0xc3,
    0x1, 0xc3, 0x1, 0x83, 0xff, 0xff, 0xe3, 0x7f,
    0x7, 0x3, 0xe, 0x3, 0x78, 0x3, 0xf0, 0x3,
    0x0, 0x3, 0xc, 0x0, 0xc, 0x0, 0xc, 0x0,
    0xc, 0x0, 0xf, 0xff,

    /* U+CEEB "컫" */
    0x0, 0x6, 0xff, 0x8c, 0x7, 0x18, 0xe, 0x3f,
    0xff, 0xfe, 0x7f, 0xc1, 0xc1, 0x8f, 0x3, 0x7c,
    0x7, 0xc0, 0xc, 0x0, 0x0, 0xff, 0xf1, 0x80,
    0x3, 0x0, 0x6, 0x0, 0xc, 0x0, 0x18, 0x0,
    0x3f, 0xfc,

    /* U+CEEC "컬" */
    0x0, 0x6, 0x7f, 0x86, 0x1, 0x86, 0x1, 0x86,
    0xff, 0x7e, 0xc7, 0x7e, 0xe, 0x6, 0x3c, 0x6,
    0xf8, 0x6, 0x40, 0x0, 0x1f, 0xfe, 0x0, 0x6,
    0x0, 0x6, 0x1f, 0xfe, 0x18, 0x0, 0x18, 0x0,
    0x18, 0x0, 0x1f, 0xff,

    /* U+CEF4 "컴" */
    0x0, 0x6, 0xff, 0x8d, 0xff, 0x18, 0xe, 0x3f,
    0xff, 0xff, 0xff, 0xc1, 0xc1, 0x8f, 0x3, 0x7c,
    0x7, 0xe0, 0xc, 0x0, 0x0, 0xff, 0xf1, 0x80,
    0x63, 0x0, 0xc6, 0x1, 0x8c, 0x3, 0x18, 0x6,
    0x3f, 0xfc,

    /* U+CEF5 "컵" */
    0x0, 0x6, 0xff, 0x8d, 0xff, 0x18, 0xe, 0x30,
    0x1c, 0x60, 0x30, 0xff, 0xff, 0x83, 0x83, 0x3e,
    0x7, 0xf8, 0xf, 0xe0, 0x2, 0x0, 0x0, 0x0,
    0x3, 0x0, 0xc7, 0xff, 0x8c, 0x3, 0x18, 0x6,
    0x30, 0xc, 0x7f, 0xf8,

    /* U+CEF7 "컷" */
    0x0, 0x6, 0x7f, 0x86, 0x7f, 0x86, 0x1, 0x86,
    0x1, 0x86, 0xff, 0x7e, 0x7, 0x7e, 0xe, 0x6,
    0x1c, 0x6, 0xf8, 0x6, 0x60, 0x6, 0x0, 0xc6,
    0x1, 0xc0, 0x1, 0xe0, 0x3, 0x70, 0xe, 0x3c,
    0x3c, 0x1f, 0x10, 0x2,

    /* U+CEF8 "컸" */
    0x0, 0x3, 0x1f, 0xf0, 0xc7, 0xfc, 0x30, 0x7,
    0xc, 0x1, 0x83, 0x3f, 0xff, 0xc0, 0x37, 0xf0,
    0x1c, 0xc, 0x1c, 0x3, 0x3e, 0x0, 0xcc, 0x0,
    0x30, 0x0, 0x0, 0x6, 0xc, 0x1, 0x83, 0x0,
    0xe1, 0xe0, 0x7c, 0xf8, 0x79, 0xf3, 0x9c, 0x78,
    0x60,

    /* U+CEF9 "컹" */
    0x0, 0x6, 0xff, 0x8c, 0x7, 0x18, 0xe, 0x3f,
    0xf8, 0x7f, 0xff, 0xc1, 0xc1, 0x87, 0x83, 0x3c,
    0x7, 0xf0, 0xf, 0x80, 0x18, 0x1f, 0x80, 0xc0,
    0xc3, 0x0, 0xc6, 0x1, 0x8c, 0x3, 0xc, 0xc,
    0x7, 0xe0,

    /* U+CF00 "케" */
    0x0, 0x33, 0x0, 0x33, 0x7f, 0x33, 0x3, 0x33,
    0x3, 0x33, 0x3, 0x33, 0xfe, 0x33, 0xff, 0xf3,
    0x6, 0x33, 0xc, 0x33, 0x1c, 0x33, 0x38, 0x33,
    0xf0, 0x33, 0x40, 0x33, 0x0, 0x33, 0x0, 0x33,
    0x0, 0x33, 0x0, 0x3,

    /* U+CF01 "켁" */
    0x0, 0x33, 0x7f, 0x33, 0x7f, 0x33, 0x3, 0x33,
    0x3, 0x33, 0xff, 0xf3, 0xc7, 0xf3, 0xc, 0x33,
    0x1c, 0x33, 0x78, 0x33, 0xe0, 0x33, 0x40, 0x0,
    0x0, 0x0, 0xf, 0xff, 0x0, 0x3, 0x0, 0x3,
    0x0, 0x3, 0x0, 0x3, 0x0, 0x3,

    /* U+CF04 "켄" */
    0x0, 0x33, 0x0, 0x19, 0x9f, 0xcc, 0xcf, 0xe6,
    0x60, 0x33, 0x30, 0x19, 0x9b, 0xff, 0xcd, 0xcf,
    0xe6, 0xc, 0x33, 0xe, 0x19, 0x9e, 0xc, 0xdc,
    0x6, 0x60, 0x3, 0x30, 0x60, 0x0, 0x30, 0x0,
    0x18, 0x0, 0xc, 0x0, 0x7, 0xff, 0xc0,

    /* U+CF08 "켈" */
    0x0, 0x33, 0x3f, 0x99, 0x9f, 0xcc, 0xc0, 0x66,
    0x6f, 0xff, 0x37, 0xbf, 0x98, 0x30, 0xcc, 0x70,
    0x66, 0xf0, 0x33, 0x20, 0x0, 0x3, 0xff, 0xc0,
    0x0, 0x60, 0x0, 0x30, 0x7f, 0xf8, 0x30, 0x0,
    0x18, 0x0, 0xc, 0x0, 0x7, 0xff, 0xc0,

    /* U+CF10 "켐" */
    0x0, 0x33, 0x7f, 0x33, 0x7f, 0x33, 0x3, 0x33,
    0xff, 0xf3, 0xff, 0xf3, 0xe, 0x33, 0x1c, 0x33,
    0x78, 0x33, 0xe0, 0x33, 0x40, 0x0, 0x1f, 0xff,
    0x18, 0x3, 0x18, 0x3, 0x18, 0x3, 0x18, 0x3,
    0x18, 0x3, 0x1f, 0xff,

    /* U+CF11 "켑" */
    0x0, 0x33, 0x7f, 0x33, 0x7f, 0x33, 0x3, 0x33,
    0xff, 0xf3, 0xff, 0xf3, 0xe, 0x33, 0x1c, 0x33,
    0x38, 0x33, 0xf8, 0x33, 0x70, 0x0, 0x40, 0x0,
    0x0, 0x0, 0x18, 0x3, 0x1f, 0xff, 0x18, 0x3,
    0x18, 0x3, 0x18, 0x3, 0x1f, 0xff,

    /* U+CF13 "켓" */
    0x0, 0x33, 0x3f, 0x99, 0x9f, 0xcc, 0xc0, 0x66,
    0x60, 0x33, 0x37, 0xff, 0x9b, 0x9f, 0xcc, 0x18,
    0x66, 0x1c, 0x33, 0x3c, 0x19, 0xb8, 0x0, 0xc0,
    0x1c, 0x60, 0xe, 0x0, 0x7, 0x0, 0x6, 0xc0,
    0xe, 0x38, 0x3e, 0xf, 0x8c, 0x1, 0x80,

    /* U+CF15 "켕" */
    0x0, 0x33, 0x7f, 0x33, 0x7f, 0x33, 0x3, 0x33,
    0x2, 0x33, 0xff, 0xf3, 0xe, 0x33, 0x1c, 0x33,
    0x38, 0x33, 0xf0, 0x33, 0x40, 0x3, 0x3, 0xf8,
    0xe, 0xe, 0x1c, 0x3, 0x18, 0x3, 0x1c, 0x3,
    0xe, 0xe, 0x3, 0xf8,

    /* U+CF1C "켜" */
    0x0, 0x6, 0x0, 0xd, 0xfe, 0x18, 0xc, 0x30,
    0x18, 0x60, 0x3f, 0xff, 0xc1, 0xff, 0x83, 0x7,
    0x6, 0xc, 0xc, 0x33, 0xf8, 0xe0, 0x37, 0x80,
    0x7c, 0x0, 0xd0, 0x1, 0x80, 0x3, 0x0, 0x6,
    0x0, 0xc,

    /* U+CF20 "켠" */
    0x0, 0x6, 0x0, 0xd, 0xfe, 0x1b, 0xfc, 0x30,
    0x1f, 0xe0, 0x3f, 0xff, 0xe1, 0xf3, 0x83, 0x6,
    0x6, 0x3c, 0xfd, 0xe0, 0x1f, 0x80, 0x30, 0x0,
    0x63, 0x0, 0x6, 0x0, 0xc, 0x0, 0x18, 0x0,
    0x3f, 0xfc,

    /* U+CF24 "켤" */
    0x0, 0x6, 0xff, 0xc, 0x7, 0xf8, 0xf, 0xff,
    0xf8, 0x78, 0x60, 0xc3, 0x9f, 0x9e, 0x3, 0xf8,
    0x6, 0x80, 0x0, 0x7f, 0xf8, 0x0, 0x30, 0x0,
    0x63, 0xff, 0xc6, 0x0, 0xc, 0x0, 0x18, 0x0,
    0x3f, 0xfc,

    /* U+CF2C "켬" */
    0x0, 0x6, 0xff, 0xd, 0xfe, 0x18, 0xf, 0xff,
    0xf8, 0x7c, 0x60, 0xc3, 0x9f, 0x9e, 0x3, 0xf8,
    0x6, 0xc0, 0xc, 0x0, 0x0, 0xff, 0xf1, 0x80,
    0x63, 0x0, 0xc6, 0x1, 0x8c, 0x3, 0x18, 0x6,
    0x3f, 0xfc,

    /* U+CF2D "켭" */
    0x0, 0x6, 0xff, 0xd, 0xfe, 0x18, 0xf, 0xf0,
    0x1f, 0xe0, 0x30, 0xff, 0xc1, 0x83, 0xbf, 0x3e,
    0x7, 0xf8, 0xd, 0xc0, 0x2, 0x0, 0x0, 0x0,
    0x3, 0x0, 0xc7, 0xff, 0x8c, 0x3, 0x18, 0x6,
    0x30, 0xc, 0x7f, 0xf8,

    /* U+CF2F "켯" */
    0x0, 0x6, 0x7f, 0x86, 0x7f, 0x86, 0x1, 0xfe,
    0x1, 0xfe, 0xff, 0x6, 0x3, 0x6, 0xe, 0x7e,
    0x1c, 0x7e, 0xf8, 0x6, 0x60, 0x6, 0x0, 0xc6,
    0x0, 0xc0, 0x1, 0xe0, 0x3, 0x70, 0xf, 0x3c,
    0x3c, 0xf, 0x10, 0x2,

    /* U+CF30 "켰" */
    0x0, 0x6, 0x3f, 0xc3, 0x1f, 0xe1, 0x80, 0x3f,
    0xc0, 0x1f, 0xe7, 0xf8, 0x30, 0x1c, 0x18, 0x1c,
    0xfc, 0x1c, 0x6, 0x7c, 0x3, 0x18, 0x1, 0x80,
    0x0, 0x0, 0xc1, 0x80, 0x70, 0xc0, 0x38, 0xf0,
    0x36, 0x78, 0x73, 0xe7, 0x30, 0xe1, 0x80,

    /* U+CF31 "켱" */
    0x0, 0x6, 0xff, 0xd, 0xfe, 0x18, 0xf, 0xf0,
    0x18, 0x7f, 0xe0, 0xf0, 0xc1, 0x87, 0x3f, 0x1c,
    0x7, 0xe0, 0xd, 0x80, 0x18, 0x3f, 0x80, 0xc0,
    0xc3, 0x0, 0xc6, 0x1, 0x8c, 0x3, 0xc, 0xc,
    0xf, 0xe0,

    /* U+CF38 "켸" */
    0x0, 0x33, 0x0, 0x33, 0x7f, 0x33, 0x3, 0x33,
    0x3, 0xf3, 0x3, 0xf3, 0xff, 0x33, 0xfe, 0x33,
    0x6, 0x33, 0xd, 0xf3, 0x1d, 0xf3, 0x38, 0x33,
    0xf0, 0x33, 0x40, 0x33, 0x0, 0x33, 0x0, 0x33,
    0x0, 0x33, 0x0, 0x3,

    /* U+CF54 "코" */
    0x3f, 0xfe, 0x0, 0x3, 0x0, 0x1, 0x80, 0x0,
    0xc0, 0x0, 0x63, 0xff, 0xf0, 0x0, 0x18, 0x0,
    0xc, 0x3, 0xe, 0x1, 0x87, 0x0, 0xc3, 0x0,
    0x60, 0x0, 0x30, 0x7, 0xff, 0xfc,

    /* U+CF55 "콕" */
    0x3f, 0xfc, 0x0, 0xc, 0x0, 0xc, 0x0, 0xc,
    0x3f, 0xfc, 0x0, 0xc, 0x0, 0xc, 0x3, 0x0,
    0x3, 0x0, 0xff, 0xff, 0x0, 0x0, 0x0, 0x0,
    0x3f, 0xfc, 0x0, 0xc, 0x0, 0xc, 0x0, 0xc,
    0x0, 0xc, 0x0, 0xc,

    /* U+CF58 "콘" */
    0x3f, 0xfc, 0x0, 0xc, 0x0, 0xc, 0x0, 0xc,
    0x3f, 0xfc, 0x0, 0xc, 0x0, 0xc, 0x3, 0x8c,
    0x3, 0x80, 0xff, 0xff, 0x0, 0x0, 0x0, 0x0,
    0x0, 0x0, 0x30, 0x0, 0x30, 0x0, 0x30, 0x0,
    0x30, 0x0, 0x3f, 0xfe,

    /* U+CF5C "콜" */
    0x3f, 0xfc, 0x0, 0xc, 0x0, 0xc, 0x3f, 0xfc,
    0x0, 0xc, 0x3, 0x8c, 0x3, 0x80, 0xff, 0xff,
    0x0, 0x0, 0x0, 0x0, 0x3f, 0xfc, 0x0, 0xc,
    0x0, 0xc, 0x3f, 0xfc, 0x30, 0x0, 0x30, 0x0,
    0x30, 0x0, 0x3f, 0xfe,

    /* U+CF64 "콤" */
    0x3f, 0xfc, 0x0, 0xc, 0x0, 0xc, 0x0, 0xc,
    0x3f, 0xfc, 0x0, 0xc, 0x3, 0xc, 0x3, 0x0,
    0xff, 0xff, 0x0, 0x0, 0x0, 0x0, 0x0, 0x0,
    0x3f, 0xfc, 0x30, 0xc, 0x30, 0xc, 0x30, 0xc,
    0x30, 0xc, 0x3f, 0xfc,

    /* U+CF65 "콥" */
    0x3f, 0xfc, 0x0, 0xc, 0x0, 0xc, 0x3f, 0xfc,
    0x0, 0xc, 0x0, 0xc, 0x3, 0x0, 0x3, 0x0,
    0xff, 0xff, 0x0, 0x0, 0x0, 0x0, 0x0, 0x0,
    0x30, 0xc, 0x3f, 0xfc, 0x30, 0xc, 0x30, 0xc,
    0x30, 0xc, 0x3f, 0xfc,

    /* U+CF67 "콧" */
    0x3f, 0xfc, 0x0, 0xc, 0x0, 0xc, 0x0, 0xc,
    0x3f, 0xfc, 0x0, 0xc, 0x0, 0xc, 0x3, 0x0,
    0x3, 0x0, 0xff, 0xff, 0x0, 0x0, 0x1, 0x80,
    0x1, 0x80, 0x3, 0xc0, 0x7, 0xe0, 0x1e, 0x78,
    0x7c, 0x1e, 0x20, 0x4,

    /* U+CF69 "콩" */
    0x3f, 0xfc, 0x0, 0xc, 0x0, 0xc, 0x0, 0xc,
    0x3f, 0xfc, 0x0, 0xc, 0x0, 0xc, 0x3, 0x0,
    0x3, 0x0, 0xff, 0xff, 0x0, 0x0, 0xf, 0xf0,
    0x18, 0x18, 0x30, 0xc, 0x30, 0xc, 0x30, 0xc,
    0x18, 0x18, 0xf, 0xf0,

    /* U+CF70 "콰" */
    0x0, 0xc, 0x0, 0x6, 0x1f, 0xf3, 0x0, 0x19,
    0x80, 0xc, 0xc7, 0xfe, 0x61, 0xff, 0x30, 0x1,
    0x9f, 0x18, 0xcf, 0x8c, 0x66, 0x6, 0x3, 0x3,
    0x1, 0x8f, 0xfe, 0xc7, 0xfc, 0x60, 0x0, 0x30,
    0x0, 0x18, 0x0, 0xc, 0x0, 0x6, 0x0,

    /* U+CF71 "콱" */
    0x0, 0x6, 0x3f, 0xe3, 0x1f, 0xf1, 0x80, 0x18,
    0xc7, 0xfc, 0x60, 0x6, 0x3c, 0x33, 0x18, 0x18,
    0xc, 0xff, 0xe6, 0x7f, 0xfb, 0x0, 0x1, 0x80,
    0x0, 0x1, 0xff, 0xe0, 0x0, 0x30, 0x0, 0x18,
    0x0, 0xc, 0x0, 0x6, 0x0, 0x3, 0x0,

    /* U+CF74 "콴" */
    0x0, 0x6, 0x3f, 0xe3, 0x1f, 0xf1, 0x80, 0x18,
    0xc0, 0xc, 0x63, 0xfe, 0x30, 0x3, 0x1e, 0x19,
    0x8f, 0xc, 0xc6, 0x6, 0x3, 0x3f, 0xfd, 0x9f,
    0xfe, 0xcf, 0xc0, 0x60, 0x0, 0x30, 0x60, 0x0,
    0x30, 0x0, 0x18, 0x0, 0xc, 0x0, 0x7, 0xff,
    0x80,

    /* U+CF78 "콸" */
    0x0, 0xc, 0x7f, 0xcc, 0x0, 0xcc, 0x0, 0xcc,
    0x7f, 0xcf, 0x0, 0xcc, 0x18, 0xc, 0x18, 0xc,
    0xff, 0xec, 0x0, 0x0, 0x3f, 0xfc, 0x0, 0xc,
    0x0, 0xc, 0x3f, 0xfc, 0x30, 0x0, 0x30, 0x0,
    0x30, 0x0, 0x3f, 0xfe,

    /* U+CF80 "쾀" */
    0x0, 0xc, 0x7f, 0xcc, 0x0, 0xcc, 0x0, 0xcc,
    0x7f, 0xcf, 0x0, 0xcf, 0x18, 0xcc, 0x18, 0xc,
    0xff, 0xec, 0xff, 0xec, 0x0, 0xc, 0x0, 0x0,
    0x3f, 0xfc, 0x30, 0xc, 0x30, 0xc, 0x30, 0xc,
    0x30, 0xc, 0x3f, 0xfc,

    /* U+CF85 "쾅" */
    0x0, 0xc, 0x7f, 0xcc, 0x0, 0xcc, 0x0, 0xcc,
    0x7f, 0xcc, 0x7f, 0xcf, 0x18, 0xcc, 0x18, 0xc,
    0xff, 0xec, 0xff, 0x8c, 0x0, 0xc, 0xf, 0xe0,
    0x18, 0x18, 0x30, 0xc, 0x30, 0xc, 0x30, 0xc,
    0x18, 0x18, 0x7, 0xf0,

    /* U+CF8C "쾌" */
    0x0, 0x33, 0x7f, 0xb3, 0x7f, 0xb3, 0x1, 0xb3,
    0x1, 0xb3, 0x7f, 0xb3, 0x79, 0xb3, 0x1, 0xbf,
    0x19, 0xbf, 0x1b, 0x33, 0x18, 0x33, 0x18, 0x33,
    0xff, 0xb3, 0x7c, 0x33, 0x0, 0x33, 0x0, 0x33,
    0x0, 0x33, 0x0, 0x3,

    /* U+CFA1 "쾡" */
    0x0, 0x33, 0x7f, 0xb3, 0x1, 0xb3, 0x1, 0xb3,
    0x7f, 0xbf, 0x41, 0xbf, 0x19, 0xb3, 0x18, 0x33,
    0x19, 0xf3, 0xff, 0xf3, 0x78, 0x33, 0x0, 0x3,
    0x7, 0xfc, 0xc, 0x6, 0x18, 0x3, 0x18, 0x3,
    0xc, 0x6, 0x7, 0xfc,

    /* U+CFA8 "쾨" */
    0x0, 0x6, 0x7f, 0xcc, 0x1, 0x98, 0x3, 0x30,
    0x6, 0x6f, 0xfc, 0xdf, 0xf9, 0x80, 0x33, 0xc,
    0x66, 0x19, 0xcc, 0x30, 0x18, 0x60, 0x3f, 0xff,
    0x6f, 0xf8, 0xc0, 0x1, 0x80, 0x3, 0x0, 0x6,
    0x0, 0xc,

    /* U+CFB0 "쾰" */
    0x0, 0xc, 0xff, 0x98, 0x3, 0x30, 0x6, 0x67,
    0xfc, 0xc3, 0x19, 0x86, 0x3, 0x7f, 0xf6, 0xff,
    0xcc, 0x0, 0x0, 0xff, 0xf0, 0x0, 0x60, 0x0,
    0xc7, 0xff, 0x8c, 0x0, 0x18, 0x0, 0x30, 0x0,
    0x7f, 0xfc,

    /* U+CFC4 "쿄" */
    0x3f, 0xfe, 0x0, 0x3, 0x0, 0x1, 0x80, 0x0,
    0xc0, 0x0, 0x63, 0xff, 0xf0, 0x0, 0x18, 0x0,
    0xc, 0x0, 0x6, 0x6, 0x33, 0x3, 0x19, 0x81,
    0x8c, 0x0, 0xc6, 0x7, 0xff, 0xfc,

    /* U+CFE0 "쿠" */
    0x3f, 0xfe, 0x0, 0x3, 0x0, 0x1, 0x80, 0x0,
    0xc3, 0xff, 0xe0, 0x0, 0x30, 0x0, 0x38, 0x0,
    0x18, 0xff, 0xff, 0x80, 0xe0, 0x0, 0x70, 0x0,
    0x38, 0x0, 0x1c, 0x0, 0xe, 0x0, 0x7, 0x0,
    0x3, 0x80, 0x1, 0xc0, 0x0,

    /* U+CFE1 "쿡" */
    0x3f, 0xfe, 0x0, 0x3, 0x0, 0x1, 0x80, 0x0,
    0xc3, 0xff, 0xe0, 0x0, 0x30, 0x0, 0x38, 0x0,
    0x18, 0xff, 0xff, 0x80, 0xc0, 0x0, 0x60, 0x0,
    0x30, 0x3, 0xff, 0xe0, 0x0, 0x30, 0x0, 0x18,
    0x0, 0xc, 0x0, 0x6, 0x0, 0x3, 0x0,

    /* U+CFE4 "쿤" */
    0x3f, 0xfc, 0x0, 0x6, 0x0, 0x3, 0x7, 0xff,
    0x80, 0x0, 0xc0, 0x0, 0x60, 0x0, 0x31, 0xff,
    0xff, 0x1, 0x80, 0x0, 0xc0, 0x0, 0x60, 0x0,
    0x30, 0x3, 0x0, 0x1, 0x80, 0x0, 0xc0, 0x0,
    0x60, 0x0, 0x3f, 0xfe, 0x0,

    /* U+CFE8 "쿨" */
    0x3f, 0xfe, 0x0, 0xe, 0x0, 0xe, 0x0, 0xe,
    0x3f, 0xfc, 0x0, 0xc, 0x0, 0xc, 0xff, 0xff,
    0x1, 0x80, 0x1, 0x80, 0x3f, 0xfe, 0x0, 0xe,
    0x0, 0xe, 0x3f, 0xfe, 0x30, 0x0, 0x30, 0x0,
    0x30, 0x0, 0x3f, 0xfe,

    /* U+CFF0 "쿰" */
    0x3f, 0xfe, 0x0, 0x3, 0x0, 0x1, 0x80, 0x0,
    0xc3, 0xff, 0xe0, 0x0, 0x30, 0x0, 0x38, 0x0,
    0x18, 0xff, 0xff, 0x80, 0xe0, 0x0, 0x70, 0x0,
    0x38, 0x3, 0xff, 0xe1, 0x80, 0x30, 0xc0, 0x18,
    0x60, 0xc, 0x30, 0x6, 0x1f, 0xff, 0x0,

    /* U+CFF1 "쿱" */
    0x3f, 0xfe, 0x0, 0x3, 0x0, 0x1, 0x80, 0x0,
    0xc3, 0xff, 0xe0, 0x0, 0x30, 0x0, 0x18, 0x0,
    0x1c, 0xff, 0xff, 0x80, 0xe0, 0x0, 0x70, 0x0,
    0x38, 0x3, 0x0, 0x61, 0xff, 0xf0, 0xc0, 0x18,
    0x60, 0xc, 0x30, 0x6, 0x1f, 0xff, 0x0,

    /* U+CFF3 "쿳" */
    0x3f, 0xfe, 0x0, 0x3, 0x0, 0x1, 0x80, 0x0,
    0xc3, 0xff, 0xe0, 0x0, 0x30, 0x0, 0x38, 0x0,
    0x18, 0xff, 0xff, 0x80, 0xc0, 0x0, 0x60, 0x0,
    0x0, 0x0, 0x18, 0x0, 0xe, 0x0, 0xf, 0x80,
    0x3c, 0xf0, 0x7c, 0x1e, 0x0,

    /* U+CFF5 "쿵" */
    0x3f, 0xfe, 0x0, 0x3, 0x0, 0x1, 0x80, 0x0,
    0xc3, 0xff, 0xe0, 0x0, 0x30, 0x0, 0x38, 0x0,
    0x18, 0xff, 0xff, 0x80, 0xe0, 0x0, 0x70, 0x1,
    0xff, 0x1, 0xc1, 0xc1, 0x80, 0x70, 0xc0, 0x18,
    0x60, 0x1c, 0x1c, 0x1c, 0x3, 0xf8, 0x0,

    /* U+CFFC "쿼" */
    0x0, 0x6, 0xff, 0x8c, 0x3, 0x18, 0x6, 0x37,
    0xfc, 0x6f, 0xd8, 0xc0, 0x31, 0x80, 0xe3, 0xff,
    0xf7, 0xff, 0x8c, 0x30, 0x18, 0x60, 0x30, 0xc7,
    0xe1, 0x80, 0xc3, 0x1, 0x86, 0x3, 0xc, 0x6,
    0x0, 0xc,

    /* U+D000 "퀀" */
    0x0, 0x6, 0xff, 0x8d, 0xff, 0x18, 0x6, 0x30,
    0xc, 0x6f, 0xf8, 0xdf, 0xf1, 0x80, 0x63, 0x0,
    0xc7, 0xff, 0xcf, 0xff, 0xd8, 0x30, 0x30, 0x67,
    0xe0, 0xcf, 0xcc, 0x0, 0x18, 0x0, 0x30, 0x0,
    0x60, 0x0, 0xff, 0xf8,

    /* U+D004 "퀄" */
    0x0, 0x6, 0x7f, 0xc6, 0x0, 0xc6, 0x7f, 0xc6,
    0x7f, 0xc6, 0x0, 0xc6, 0xff, 0xf6, 0xff, 0x6,
    0x6, 0x3e, 0x6, 0x6, 0x0, 0x0, 0x1f, 0xfe,
    0x0, 0x6, 0x1f, 0xfe, 0x18, 0x0, 0x18, 0x0,
    0x18, 0x0, 0x1f, 0xff,

    /* U+D011 "퀑" */
    0x0, 0xd, 0xff, 0x30, 0xc, 0xc0, 0x33, 0x7f,
    0xcd, 0xff, 0x30, 0xc, 0xc0, 0x7b, 0xff, 0xef,
    0xf8, 0x30, 0xcf, 0xc3, 0x3, 0x0, 0xc, 0x3f,
    0xc1, 0x81, 0x8c, 0x3, 0x30, 0xc, 0x60, 0x60,
    0xff, 0x0,

    /* U+D018 "퀘" */
    0x0, 0x1b, 0x3f, 0x9b, 0x3f, 0x9b, 0x1, 0x9b,
    0x1, 0x9b, 0x7f, 0x9b, 0x1, 0x9b, 0x1, 0x9b,
    0xff, 0xdb, 0x7f, 0x9b, 0xc, 0x1b, 0xc, 0xfb,
    0xc, 0xfb, 0xc, 0x1b, 0xc, 0x1b, 0xc, 0x1b,
    0x0, 0x1b, 0x0, 0x3,

    /* U+D02D "퀭" */
    0x0, 0x19, 0x9f, 0xcc, 0xc0, 0x66, 0x6f, 0xf3,
    0x37, 0xf9, 0x98, 0xc, 0xcc, 0x7, 0x66, 0xff,
    0xb3, 0x4, 0x19, 0x82, 0x7c, 0xc1, 0x6, 0x60,
    0x0, 0x30, 0x3f, 0xe0, 0x30, 0x18, 0x30, 0x6,
    0x18, 0x3, 0x6, 0x3, 0x1, 0xff, 0x0,

    /* U+D034 "퀴" */
    0x0, 0x6, 0x7f, 0xcc, 0x1, 0x98, 0x3, 0x33,
    0xfe, 0x67, 0xcc, 0xc0, 0x19, 0x80, 0x63, 0x7f,
    0xf6, 0xff, 0xcc, 0x18, 0x18, 0x30, 0x30, 0x60,
    0x60, 0xc0, 0xc1, 0x81, 0x83, 0x3, 0x0, 0x6,
    0x0, 0xc,

    /* U+D035 "퀵" */
    0x0, 0x6, 0xff, 0x8c, 0x3, 0x18, 0x6, 0x37,
    0xfc, 0x6e, 0x18, 0xc0, 0x31, 0x80, 0x7b, 0xff,
    0xf6, 0xc, 0xc, 0x18, 0x18, 0x30, 0x1, 0xff,
    0xe0, 0x0, 0xc0, 0x1, 0x80, 0x3, 0x0, 0x6,
    0x0, 0xc,

    /* U+D038 "퀸" */
    0x0, 0xc, 0xff, 0x99, 0xff, 0x30, 0x6, 0x60,
    0xc, 0xcf, 0xf9, 0x9f, 0xf3, 0x0, 0x66, 0x0,
    0xcd, 0xff, 0xdb, 0xff, 0xb7, 0xf0, 0x60, 0x60,
    0xc0, 0xc1, 0x8c, 0x0, 0x18, 0x0, 0x30, 0x0,
    0x60, 0x0, 0xff, 0xf8,

    /* U+D03C "퀼" */
    0x0, 0x6, 0x7f, 0xc6, 0x0, 0xc6, 0x7f, 0xc6,
    0x7f, 0xc6, 0x0, 0xc6, 0xff, 0xf6, 0xff, 0xc6,
    0x6, 0x6, 0x6, 0x0, 0x1f, 0xfe, 0x0, 0x6,
    0x0, 0x6, 0x1f, 0xfe, 0x18, 0x0, 0x18, 0x0,
    0x18, 0x0, 0x1f, 0xff,

    /* U+D044 "큄" */
    0x0, 0x6, 0xff, 0x8d, 0xff, 0x18, 0x6, 0x30,
    0xc, 0x6f, 0xf8, 0xc0, 0x31, 0x80, 0x63, 0xff,
    0xf7, 0xfc, 0xc, 0x18, 0x18, 0x30, 0x0, 0x60,
    0x3, 0xff, 0xc6, 0x1, 0x8c, 0x3, 0x18, 0x6,
    0x30, 0xc, 0x7f, 0xf8,

    /* U+D045 "큅" */
    0x0, 0x6, 0xff, 0x8c, 0x3, 0x18, 0x6, 0x37,
    0xfc, 0x60, 0x18, 0xc0, 0x31, 0xff, 0xfb, 0xff,
    0xe6, 0xc, 0xc, 0x18, 0x0, 0x0, 0x1, 0x80,
    0x63, 0xff, 0xc6, 0x1, 0x8c, 0x3, 0x18, 0x6,
    0x3f, 0xfc,

    /* U+D047 "큇" */
    0x0, 0xc, 0xff, 0x99, 0xff, 0x30, 0x6, 0x60,
    0xc, 0xcf, 0xf9, 0x90, 0x33, 0x0, 0xe6, 0xff,
    0xed, 0xff, 0x98, 0x30, 0x30, 0x60, 0x60, 0xcc,
    0xc0, 0x18, 0x0, 0x78, 0x1, 0xd8, 0x3e, 0x1e,
    0x70, 0x1c,

    /* U+D049 "큉" */
    0x0, 0x6, 0xff, 0x8c, 0x3, 0x18, 0x6, 0x37,
    0xfc, 0x6f, 0xf8, 0xc0, 0x31, 0x80, 0x63, 0xff,
    0xf6, 0xc, 0xc, 0x18, 0x18, 0x30, 0x30, 0x7f,
    0x83, 0x81, 0x86, 0x1, 0x8c, 0x3, 0xc, 0xc,
    0xf, 0xf0,

    /* U+D050 "큐" */
    0x3f, 0xfe, 0x0, 0x3, 0x0, 0x1, 0x80, 0x0,
    0xc3, 0xff, 0xe0, 0x0, 0x30, 0x0, 0x38, 0x0,
    0x18, 0xff, 0xff, 0x86, 0xc, 0x3, 0x6, 0x1,
    0x83, 0x0, 0xc1, 0x80, 0x60, 0xc0, 0x30, 0x60,
    0x18, 0x30, 0xc, 0x18, 0x0,

    /* U+D054 "큔" */
    0x3f, 0xfc, 0x0, 0x6, 0x0, 0x3, 0x7, 0xff,
    0x80, 0x0, 0xc0, 0x0, 0x60, 0x0, 0x31, 0xff,
    0xff, 0x7, 0x30, 0x3, 0x98, 0x1, 0xcc, 0x0,
    0xe6, 0x3, 0x0, 0x1, 0x80, 0x0, 0xc0, 0x0,
    0x60, 0x0, 0x3f, 0xfe, 0x0,

    /* U+D058 "큘" */
    0x3f, 0xfe, 0x0, 0xe, 0x0, 0xe, 0x0, 0xe,
    0x3f, 0xfc, 0x0, 0xc, 0x0, 0xc, 0xff, 0xff,
    0xc, 0x30, 0xc, 0x30, 0x3f, 0xfe, 0x0, 0xe,
    0x0, 0xe, 0x3f, 0xfe, 0x30, 0x0, 0x30, 0x0,
    0x30, 0x0, 0x3f, 0xfe,

    /* U+D060 "큠" */
    0x3f, 0xfe, 0x0, 0x3, 0x0, 0x1, 0x80, 0x0,
    0xc3, 0xff, 0xe0, 0x0, 0x30, 0x0, 0x38, 0x0,
    0x18, 0xff, 0xff, 0x87, 0x18, 0x3, 0x8c, 0x1,
    0xc6, 0x3, 0xff, 0xe1, 0x80, 0x30, 0xc0, 0x18,
    0x60, 0xc, 0x30, 0x6, 0x1f, 0xff, 0x0,

    /* U+D06C "크" */
    0x3f, 0xfe, 0x0, 0x3, 0x0, 0x1, 0x80, 0x0,
    0xc0, 0x0, 0x60, 0x0, 0x31, 0xff, 0xf8, 0x0,
    0xc, 0x0, 0x6, 0x0, 0x7, 0x0, 0x3, 0x0,
    0x1, 0x80, 0x0, 0x7, 0xff, 0xfc,

    /* U+D06D "큭" */
    0x3f, 0xfe, 0x0, 0x3, 0x0, 0x1, 0x80, 0x0,
    0xc3, 0xff, 0xe0, 0x0, 0x30, 0x0, 0x38, 0x0,
    0x18, 0xff, 0xff, 0x80, 0x0, 0x0, 0x0, 0x0,
    0x0, 0x3, 0xff, 0xe0, 0x0, 0x30, 0x0, 0x18,
    0x0, 0xc, 0x0, 0x6, 0x0, 0x3, 0x0,

    /* U+D070 "큰" */
    0x3f, 0xfc, 0x0, 0x6, 0x0, 0x3, 0x7, 0xff,
    0x80, 0x0, 0xc0, 0x0, 0x60, 0x0, 0x30, 0x0,
    0x18, 0xff, 0xff, 0x80, 0x0, 0x0, 0x0, 0x0,
    0x0, 0x3, 0x0, 0x1, 0x80, 0x0, 0xc0, 0x0,
    0x60, 0x0, 0x3f, 0xfe, 0x0,

    /* U+D074 "클" */
    0x3f, 0xfc, 0x0, 0xc, 0x0, 0xc, 0x0, 0xc,
    0x3f, 0xfc, 0x0, 0xc, 0x0, 0xc, 0xff, 0xff,
    0x0, 0x0, 0x0, 0x0, 0x3f, 0xfc, 0x0, 0xc,
    0x0, 0xc, 0x3f, 0xfc, 0x30, 0x0, 0x30, 0x0,
    0x30, 0x0, 0x3f, 0xfe,

    /* U+D07C "큼" */
    0x3f, 0xfe, 0x0, 0x3, 0x0, 0x1, 0x80, 0x0,
    0xc3, 0xff, 0xe0, 0x0, 0x30, 0x0, 0x38, 0x0,
    0x1c, 0xff, 0xff, 0x80, 0x0, 0x0, 0x0, 0x7,
    0xff, 0xc3, 0x0, 0x61, 0x80, 0x30, 0xc0, 0x18,
    0x60, 0xc, 0x30, 0x6, 0x1f, 0xff, 0x0,

    /* U+D07D "큽" */
    0x3f, 0xfe, 0x0, 0x3, 0x0, 0x1, 0x80, 0x0,
    0xc3, 0xff, 0xe0, 0x0, 0x30, 0x0, 0x18, 0x0,
    0x1c, 0xff, 0xff, 0x80, 0x0, 0x0, 0x0, 0x0,
    0x0, 0x3, 0xff, 0xe1, 0x80, 0x30, 0xc0, 0x18,
    0x60, 0xc, 0x30, 0x6, 0x1f, 0xff, 0x0,

    /* U+D081 "킁" */
    0x3f, 0xfe, 0x0, 0x3, 0x0, 0x1, 0x87, 0xff,
    0xc0, 0x0, 0x60, 0x0, 0x70, 0x0, 0x39, 0xff,
    0xff, 0x0, 0x0, 0x0, 0x0, 0x1, 0xfc, 0x3,
    0x83, 0x83, 0x0, 0xe1, 0x80, 0x30, 0xc0, 0x38,
    0x38, 0x38, 0x7, 0xf0, 0x0,

    /* U+D0A4 "키" */
    0x0, 0xc, 0x0, 0x37, 0xf8, 0xc0, 0x63, 0x1,
    0x8c, 0x6, 0x3f, 0xf0, 0xff, 0xc3, 0x7, 0xc,
    0x18, 0x30, 0xe0, 0xc7, 0x3, 0x78, 0xf, 0xc0,
    0x3c, 0x0, 0xc0, 0x3, 0x0, 0xc, 0x0, 0x30,

    /* U+D0A5 "킥" */
    0x0, 0x6, 0xff, 0xd, 0xfe, 0x18, 0xc, 0x30,
    0x18, 0x60, 0x20, 0xff, 0xc1, 0x83, 0x3, 0xc,
    0x6, 0xf0, 0xf, 0xc0, 0x18, 0x0, 0x0, 0x0,
    0x3, 0xff, 0xc0, 0x1, 0x80, 0x3, 0x0, 0x6,
    0x0, 0xc, 0x0, 0x18,

    /* U+D0A8 "킨" */
    0x0, 0x6, 0x0, 0x6, 0x7f, 0x86, 0x1, 0x86,
    0x1, 0x86, 0x1, 0x6, 0xff, 0x6, 0x87, 0x6,
    0xe, 0x6, 0x1c, 0x6, 0x78, 0x6, 0xe0, 0x6,
    0x0, 0x6, 0x18, 0x0, 0x18, 0x0, 0x18, 0x0,
    0x18, 0x0, 0x1f, 0xff,

    /* U+D0AC "킬" */
    0x0, 0x6, 0x7f, 0x86, 0x1, 0x86, 0x1, 0x86,
    0xff, 0x6, 0x7, 0x6, 0xe, 0x6, 0x3c, 0x6,
    0xf0, 0x6, 0x0, 0x0, 0x1f, 0xfe, 0x0, 0x6,
    0x0, 0x6, 0x1f, 0xfe, 0x18, 0x0, 0x18, 0x0,
    0x18, 0x0, 0x1f, 0xff,

    /* U+D0B4 "킴" */
    0x0, 0x6, 0xff, 0xc, 0x6, 0x18, 0xc, 0x3f,
    0xf0, 0x7e, 0x60, 0xc1, 0x81, 0x8e, 0x3, 0x78,
    0x6, 0xc0, 0xc, 0x0, 0x0, 0xff, 0xf1, 0x80,
    0x63, 0x0, 0xc6, 0x1, 0x8c, 0x3, 0x18, 0x6,
    0x3f, 0xfc,

    /* U+D0B5 "킵" */
    0x0, 0x6, 0xff, 0xd, 0xfe, 0x18, 0xc, 0x30,
    0x10, 0x7f, 0xe0, 0xc1, 0xc1, 0x8f, 0x3, 0x7c,
    0x7, 0xf0, 0xd, 0x0, 0x0, 0x0, 0x1, 0x80,
    0x63, 0xff, 0xc6, 0x1, 0x8c, 0x3, 0x18, 0x6,
    0x30, 0xc, 0x7f, 0xf8,

    /* U+D0B7 "킷" */
    0x0, 0x6, 0x7f, 0x86, 0x7f, 0x86, 0x1, 0x86,
    0x1, 0x86, 0xff, 0x6, 0xc7, 0x6, 0xe, 0x6,
    0x1c, 0x6, 0x78, 0x6, 0x60, 0x6, 0x1, 0xc6,
    0x1, 0xc0, 0x1, 0xc0, 0x3, 0x60, 0xe, 0x38,
    0x3c, 0x1f, 0x30, 0x6,

    /* U+D0B9 "킹" */
    0x0, 0x6, 0xff, 0xc, 0x6, 0x18, 0xc, 0x30,
    0x10, 0x7f, 0xe0, 0xc1, 0xc1, 0x87, 0x3, 0x3c,
    0x7, 0xe0, 0xd, 0x0, 0x18, 0x3f, 0x81, 0xc0,
    0xc3, 0x0, 0xcc, 0x1, 0x8c, 0x3, 0x1c, 0x1c,
    0xf, 0xe0,

    /* U+D0C0 "타" */
    0x0, 0x18, 0xff, 0x18, 0xc0, 0x18, 0xc0, 0x18,
    0xc0, 0x18, 0xc0, 0x18, 0xff, 0x18, 0xff, 0x1f,
    0xc0, 0x18, 0xc0, 0x18, 0xc0, 0x18, 0xc0, 0x58,
    0xff, 0xd8, 0x0, 0x18, 0x0, 0x18, 0x0, 0x18,
    0x0, 0x18, 0x0, 0x18,

    /* U+D0C1 "탁" */
    0x0, 0x18, 0xff, 0x18, 0xff, 0x18, 0xc0, 0x18,
    0xc0, 0x18, 0xff, 0x1f, 0xc0, 0x18, 0xc0, 0x18,
    0xff, 0x98, 0xff, 0xd8, 0x0, 0x18, 0x0, 0x0,
    0x0, 0x0, 0x7f, 0xf8, 0x0, 0x18, 0x0, 0x18,
    0x0, 0x18, 0x0, 0x18, 0x0, 0x18,

    /* U+D0C4 "탄" */
    0x0, 0x18, 0x0, 0x18, 0xff, 0x18, 0xc0, 0x18,
    0xc0, 0x18, 0xc0, 0x18, 0xff, 0x1f, 0xc0, 0x1f,
    0xc0, 0x18, 0xc3, 0x98, 0xff, 0x98, 0xfc, 0x18,
    0x0, 0x18, 0x30, 0x0, 0x30, 0x0, 0x30, 0x0,
    0x30, 0x0, 0x3f, 0xfc,

    /* U+D0C8 "탈" */
    0x0, 0x18, 0xff, 0x18, 0xc0, 0x18, 0xc0, 0x18,
    0xff, 0x1f, 0xc0, 0x18, 0xc0, 0x18, 0xff, 0xd8,
    0xc0, 0x18, 0x0, 0x0, 0x3f, 0xf8, 0x0, 0x18,
    0x0, 0x18, 0x3f, 0xf8, 0x30, 0x0, 0x30, 0x0,
    0x30, 0x0, 0x3f, 0xfc,

    /* U+D0C9 "탉" */
    0x0, 0x18, 0xff, 0x18, 0xc0, 0x18, 0xc0, 0x18,
    0xff, 0x1f, 0xc0, 0x18, 0xc0, 0x18, 0xff, 0xd8,
    0x0, 0x18, 0x0, 0x0, 0x7e, 0xf8, 0x6, 0x18,
    0x6, 0x18, 0x7e, 0x18, 0x60, 0x18, 0x60, 0x18,
    0x61, 0x18, 0x7f, 0x18,

    /* U+D0D0 "탐" */
    0x0, 0x18, 0xff, 0x18, 0xc0, 0x18, 0xc0, 0x18,
    0xff, 0x1f, 0xc0, 0x18, 0xc0, 0x18, 0xc0, 0x98,
    0xff, 0xd8, 0x0, 0x18, 0x0, 0x0, 0x3f, 0xf8,
    0x30, 0x18, 0x30, 0x18, 0x30, 0x18, 0x30, 0x18,
    0x30, 0x18, 0x3f, 0xf8,

    /* U+D0D1 "탑" */
    0x0, 0x18, 0xff, 0x18, 0xff, 0x18, 0xc0, 0x18,
    0xff, 0x1f, 0xff, 0x1f, 0xc0, 0x18, 0xc1, 0x98,
    0xff, 0x98, 0x0, 0x18, 0x0, 0x0, 0x0, 0x0,
    0x0, 0x0, 0x3f, 0xf8, 0x30, 0x18, 0x30, 0x18,
    0x30, 0x18, 0x30, 0x18, 0x3f, 0xf8,

    /* U+D0D3 "탓" */
    0x0, 0x18, 0xff, 0x18, 0xff, 0x18, 0xc0, 0x18,
    0xc0, 0x18, 0xff, 0x1f, 0xc0, 0x18, 0xc0, 0x18,
    0xff, 0xd8, 0xfc, 0x18, 0x0, 0x18, 0x1, 0x98,
    0x1, 0x80, 0x3, 0xc0, 0x7, 0xe0, 0x1e, 0x70,
    0x78, 0x3c, 0x60, 0xc,

    /* U+D0D4 "탔" */
    0x0, 0x18, 0xff, 0x18, 0xff, 0x18, 0xc0, 0x18,
    0xff, 0x1f, 0xff, 0x1f, 0xc0, 0x18, 0xc3, 0x98,
    0xff, 0xd8, 0x0, 0x18, 0x0, 0x0, 0x18, 0x30,
    0x18, 0x30, 0x3c, 0x70, 0x3c, 0x78, 0x67, 0xce,
    0xc3, 0x86, 0x1, 0x0,

    /* U+D0D5 "탕" */
    0x0, 0xc, 0xff, 0xc, 0xc0, 0xc, 0xc0, 0xc,
    0xff, 0xf, 0xc0, 0xc, 0xc0, 0xc, 0xc0, 0x4c,
    0xff, 0xcc, 0x0, 0xc, 0x0, 0x0, 0xf, 0xe0,
    0x38, 0x38, 0x30, 0xc, 0x70, 0xc, 0x30, 0xc,
    0x38, 0x38, 0xf, 0xe0,

    /* U+D0DC "태" */
    0x0, 0x66, 0x0, 0xcf, 0xf9, 0x9e, 0x3, 0x3c,
    0x6, 0x78, 0xc, 0xff, 0x99, 0xff, 0x3f, 0xc0,
    0x7f, 0x80, 0xcf, 0x1, 0x9e, 0x1b, 0x3f, 0xf6,
    0x7e, 0xc, 0xc0, 0x19, 0x80, 0x33, 0x0, 0x66,
    0x0, 0xc,

    /* U+D0DD "택" */
    0x0, 0x67, 0xfc, 0xcf, 0xf9, 0x9e, 0x3, 0x3c,
    0x6, 0x7f, 0xcf, 0xf0, 0x19, 0xe0, 0x33, 0xff,
    0x67, 0xfe, 0xcc, 0x1, 0x98, 0x0, 0x0, 0x0,
    0x3, 0xff, 0xc0, 0x1, 0x80, 0x3, 0x0, 0x6,
    0x0, 0xc, 0x0, 0x18,

    /* U+D0E0 "탠" */
    0x0, 0x66, 0x0, 0xcf, 0xf9, 0x9e, 0x3, 0x3c,
    0x6, 0x78, 0xc, 0xff, 0x9f, 0xe0, 0x33, 0xc0,
    0x67, 0xbe, 0xcf, 0xfd, 0x98, 0x3, 0x30, 0x6,
    0x63, 0x0, 0x6, 0x0, 0xc, 0x0, 0x18, 0x0,
    0x3f, 0xfc,

    /* U+D0E4 "탤" */
    0x0, 0x67, 0xfc, 0xcf, 0x1, 0x9e, 0x3, 0x3f,
    0xe7, 0xf8, 0xc, 0xf0, 0x19, 0xff, 0xb3, 0xf0,
    0x66, 0x0, 0x0, 0x7f, 0xf8, 0x0, 0x30, 0x0,
    0x63, 0xff, 0xc6, 0x0, 0xc, 0x0, 0x18, 0x0,
    0x3f, 0xfc,

    /* U+D0EC "탬" */
    0x0, 0x67, 0xfc, 0xcf, 0x1, 0x9e, 0x3, 0x3f,
    0xe7, 0xff, 0xcf, 0xf0, 0x19, 0xe3, 0xb3, 0xff,
    0x66, 0x0, 0xcc, 0x0, 0x0, 0xff, 0xf1, 0x80,
    0x63, 0x0, 0xc6, 0x1, 0x8c, 0x3, 0x18, 0x6,
    0x3f, 0xfc,

    /* U+D0ED "탭" */
    0x0, 0x67, 0xfc, 0xcf, 0xf9, 0x9e, 0x3, 0x3f,
    0xe7, 0xff, 0xcf, 0xf0, 0x19, 0xef, 0xb3, 0xff,
    0x66, 0x0, 0xcc, 0x0, 0x0, 0x0, 0x1, 0x80,
    0x63, 0xff, 0xc6, 0x1, 0x8c, 0x3, 0x18, 0x6,
    0x3f, 0xfc,

    /* U+D0EF "탯" */
    0x0, 0x66, 0xfe, 0x66, 0xfe, 0x66, 0xc0, 0x66,
    0xc0, 0x7e, 0xfe, 0x7e, 0xc0, 0x66, 0xc0, 0x66,
    0xff, 0x66, 0xff, 0x66, 0x0, 0x6, 0x0, 0xc6,
    0x0, 0xc0, 0x1, 0xe0, 0x3, 0xf0, 0xf, 0x3c,
    0x3c, 0x1f, 0x20, 0x2,

    /* U+D0F0 "탰" */
    0x0, 0x66, 0xfe, 0x66, 0xfe, 0x66, 0xc0, 0x66,
    0xc0, 0x66, 0xfe, 0x7e, 0xc0, 0x66, 0xc0, 0x66,
    0xff, 0x66, 0xff, 0x66, 0x0, 0x66, 0x0, 0x0,
    0xc, 0x18, 0xc, 0x18, 0x1e, 0x38, 0x3e, 0x7c,
    0x73, 0xe7, 0x61, 0xc3,

    /* U+D0F1 "탱" */
    0x0, 0x67, 0xfc, 0xcf, 0x1, 0x9e, 0x3, 0x3c,
    0x6, 0x7f, 0xcf, 0xf0, 0x19, 0xe0, 0x33, 0xff,
    0x66, 0x0, 0xcc, 0x0, 0x18, 0x3f, 0x81, 0xc1,
    0xc3, 0x0, 0xc6, 0x1, 0x8c, 0x3, 0x1c, 0x1c,
    0xf, 0xe0,

    /* U+D0F8 "탸" */
    0x0, 0x18, 0xff, 0x18, 0xc0, 0x18, 0xc0, 0x1f,
    0xc0, 0x1f, 0xc0, 0x18, 0xff, 0x18, 0xc0, 0x18,
    0xc0, 0x18, 0xc0, 0x1f, 0xc0, 0x1f, 0xc0, 0x58,
    0xff, 0xd8, 0x0, 0x18, 0x0, 0x18, 0x0, 0x18,
    0x0, 0x18, 0x0, 0x18,

    /* U+D10D "턍" */
    0x0, 0xc, 0xff, 0xc, 0xc0, 0xf, 0xc0, 0xc,
    0xff, 0xc, 0xc0, 0xf, 0xc0, 0xf, 0xc0, 0x4f,
    0xff, 0xcc, 0x0, 0xc, 0x0, 0xc, 0xf, 0xe0,
    0x38, 0x38, 0x30, 0xc, 0x70, 0xc, 0x30, 0xc,
    0x38, 0x38, 0xf, 0xe0,

    /* U+D130 "터" */
    0x0, 0xf, 0xfc, 0x3c, 0x0, 0xf0, 0x3, 0xc0,
    0xf, 0x0, 0x3f, 0xff, 0xf0, 0x3, 0xc0, 0xf,
    0x0, 0x3c, 0x0, 0xf0, 0x3, 0xff, 0x8c, 0x0,
    0x30, 0x0, 0xc0, 0x3, 0x0, 0xc, 0x0, 0x30,

    /* U+D131 "턱" */
    0x0, 0xf, 0xfc, 0x3f, 0xf0, 0xf0, 0x3, 0xc0,
    0xf, 0xfd, 0xfc, 0x0, 0xf0, 0x3, 0xff, 0x8f,
    0xfe, 0x30, 0x0, 0xc0, 0x0, 0x3f, 0xfc, 0x0,
    0x30, 0x0, 0xc0, 0x3, 0x0, 0xc, 0x0, 0x30,

    /* U+D134 "턴" */
    0x0, 0xd, 0xfe, 0x1b, 0xfc, 0x36, 0x0, 0x6c,
    0x0, 0xdf, 0xef, 0xbf, 0xdf, 0x60, 0x6, 0xc0,
    0xd, 0x8f, 0x1b, 0xfe, 0x36, 0x0, 0x60, 0x0,
    0xc6, 0x0, 0xc, 0x0, 0x18, 0x0, 0x30, 0x0,
    0x7f, 0xfc,

    /* U+D138 "털" */
    0x0, 0xd, 0xfe, 0x1b, 0x0, 0x36, 0x0, 0x6f,
    0xf7, 0xd8, 0x1, 0xb0, 0x3, 0x7f, 0xc6, 0x0,
    0xc, 0x0, 0x0, 0xff, 0xf0, 0x0, 0x60, 0x0,
    0xc7, 0xff, 0x8c, 0x0, 0x18, 0x0, 0x30, 0x0,
    0x7f, 0xfc,

    /* U+D13A "턺" */
    0x0, 0xf, 0xfc, 0x3c, 0x0, 0xf0, 0x3, 0xff,
    0x7f, 0x0, 0x3c, 0x0, 0xff, 0xe3, 0x0, 0xc,
    0x0, 0x7, 0xef, 0xc1, 0xb3, 0x6, 0xcd, 0xfb,
    0x36, 0xc, 0xd8, 0x33, 0x60, 0xcd, 0xff, 0xf0,

    /* U+D140 "텀" */
    0x0, 0xf, 0xfc, 0x3c, 0x0, 0xf0, 0x3, 0xff,
    0x7f, 0x0, 0x3c, 0x0, 0xf0, 0x23, 0xff, 0x8c,
    0x0, 0x30, 0x0, 0xf, 0xff, 0x30, 0xc, 0xc0,
    0x33, 0x0, 0xcc, 0x3, 0x30, 0xc, 0xff, 0xf0,

    /* U+D141 "텁" */
    0x0, 0xf, 0xfc, 0x3f, 0xf0, 0xf0, 0x3, 0xff,
    0x7f, 0xfd, 0xfc, 0x0, 0xf0, 0x63, 0xff, 0x8c,
    0x0, 0x30, 0x0, 0x0, 0x0, 0x30, 0xc, 0xff,
    0xf3, 0x0, 0xcc, 0x3, 0x30, 0xc, 0xff, 0xf0,

    /* U+D143 "텃" */
    0x0, 0xd, 0xfe, 0x1b, 0xfc, 0x36, 0x0, 0x6f,
    0xf7, 0xdf, 0xef, 0xb0, 0x3, 0x60, 0x6, 0xff,
    0x8d, 0xf8, 0x18, 0x0, 0x30, 0xc, 0x60, 0x18,
    0x0, 0x78, 0x1, 0xd8, 0xf, 0x1c, 0x78, 0x1e,
    0x0, 0x0,

    /* U+D144 "텄" */
    0x0, 0xc, 0xff, 0xc, 0xff, 0xc, 0xc0, 0xc,
    0xff, 0x7c, 0xff, 0x7c, 0xc0, 0xc, 0xc0, 0xc,
    0xff, 0x8c, 0xff, 0x8c, 0x0, 0xc, 0x0, 0x0,
    0xc, 0x30, 0xc, 0x30, 0x1c, 0x78, 0x3e, 0x7c,
    0xf3, 0xce, 0x61, 0x86,

    /* U+D145 "텅" */
    0x0, 0xf, 0xfc, 0x3c, 0x0, 0xf0, 0x3, 0xff,
    0x7f, 0x0, 0x3c, 0x0, 0xf0, 0x23, 0xff, 0x8c,
    0x0, 0x30, 0x0, 0x3, 0xf8, 0x18, 0x18, 0xc0,
    0x33, 0x0, 0xcc, 0x3, 0x18, 0x18, 0x1f, 0xc0,

    /* U+D14C "테" */
    0x0, 0x66, 0x0, 0xcf, 0xf9, 0x9e, 0x3, 0x3c,
    0x6, 0x78, 0xc, 0xf0, 0x79, 0xfe, 0xf3, 0xc0,
    0x67, 0x80, 0xcf, 0x1, 0x9e, 0x3, 0x3f, 0xe6,
    0x7c, 0xc, 0xc0, 0x19, 0x80, 0x33, 0x0, 0x66,
    0x0, 0xc,

    /* U+D14D "텍" */
    0x0, 0x67, 0xfc, 0xcf, 0xf9, 0x9e, 0x3, 0x3c,
    0x6, 0x7f, 0xbc, 0xf0, 0x19, 0xe0, 0x33, 0xff,
    0x67, 0xfe, 0xcc, 0x1, 0x98, 0x0, 0x1, 0xff,
    0xe0, 0x0, 0xc0, 0x1, 0x80, 0x3, 0x0, 0x6,
    0x0, 0xc,

    /* U+D150 "텐" */
    0x0, 0x66, 0x0, 0xcf, 0xf9, 0x9e, 0x3, 0x3c,
    0x6, 0x7f, 0xbc, 0xff, 0x79, 0xe0, 0x33, 0xc0,
    0x67, 0x8e, 0xcf, 0xfd, 0x9e, 0x3, 0x30, 0x6,
    0x63, 0x0, 0x6, 0x0, 0xc, 0x0, 0x18, 0x0,
    0x3f, 0xfc,

    /* U+D154 "텔" */
    0x0, 0x67, 0xfc, 0xcf, 0x1, 0x9e, 0x3, 0x3f,
    0xde, 0x78, 0xc, 0xf0, 0x19, 0xff, 0xb3, 0xc4,
    0x66, 0x0, 0x0, 0x7f, 0xf8, 0x0, 0x30, 0x0,
    0x63, 0xff, 0xc6, 0x0, 0xc, 0x0, 0x18, 0x0,
    0x3f, 0xfc,

    /* U+D15C "템" */
    0x0, 0x67, 0xfc, 0xcf, 0x1, 0x9e, 0x3, 0x3f,
    0xde, 0x78, 0xc, 0xf0, 0x19, 0xe0, 0xb3, 0xff,
    0x66, 0x0, 0xcc, 0x0, 0x1, 0xff, 0xf3, 0x80,
    0x67, 0x0, 0xce, 0x1, 0x9c, 0x3, 0x38, 0x6,
    0x7f, 0xfc,

    /* U+D15D "텝" */
    0x0, 0x67, 0xfc, 0xcf, 0xf9, 0x9e, 0x3, 0x3f,
    0xde, 0x7f, 0xbc, 0xf0, 0x19, 0xe3, 0xb3, 0xff,
    0x66, 0x0, 0xcc, 0x0, 0x0, 0x0, 0x3, 0x80,
    0x67, 0xff, 0xce, 0x1, 0x9c, 0x3, 0x38, 0x6,
    0x7f, 0xfc,

    /* U+D15F "텟" */
    0x0, 0x26, 0xfe, 0x26, 0xfe, 0x26, 0xc0, 0x26,
    0xc0, 0x26, 0xfd, 0xe6, 0xc0, 0x26, 0xc0, 0x26,
    0xff, 0x26, 0xff, 0x26, 0x0, 0x6, 0x0, 0xc6,
    0x0, 0xc0, 0x1, 0xe0, 0x3, 0xf0, 0xf, 0x38,
    0x3c, 0x1f, 0x20, 0x2,

    /* U+D161 "텡" */
    0x0, 0x67, 0xfc, 0xcf, 0x1, 0x9e, 0x3, 0x3c,
    0x6, 0x7f, 0xbc, 0xf0, 0x19, 0xe0, 0x33, 0xff,
    0x66, 0x0, 0xcc, 0x0, 0x18, 0x3f, 0x81, 0xc0,
    0xc3, 0x0, 0xcc, 0x1, 0x8c, 0x3, 0x1c, 0x1c,
    0xf, 0xe0,

    /* U+D168 "텨" */
    0x0, 0xf, 0xfc, 0x3c, 0x0, 0xf0, 0x1f, 0xc0,
    0x7f, 0x0, 0x3f, 0xf0, 0xf0, 0x3, 0xc0, 0xf,
    0x1, 0xfc, 0x0, 0xf0, 0x3, 0xff, 0x8c, 0x0,
    0x30, 0x0, 0xc0, 0x3, 0x0, 0xc, 0x0, 0x30,

    /* U+D16C "텬" */
    0x0, 0xc, 0x0, 0x1b, 0xfc, 0x36, 0x0, 0x6c,
    0x7, 0xd8, 0x1, 0xbf, 0x83, 0x60, 0x6, 0xc0,
    0x7d, 0x80, 0x1b, 0xfe, 0x37, 0xf0, 0x60, 0x0,
    0xc6, 0x0, 0xc, 0x0, 0x18, 0x0, 0x30, 0x0,
    0x7f, 0xfc,

    /* U+D17C "텼" */
    0x0, 0xc, 0xff, 0xc, 0xff, 0xc, 0xc0, 0x7c,
    0xc0, 0x7c, 0xff, 0xc, 0xff, 0xc, 0xc0, 0x7c,
    0xcf, 0x8c, 0xff, 0x8c, 0x0, 0xc, 0x0, 0x0,
    0xc, 0x30, 0xc, 0x30, 0x1c, 0x78, 0x3e, 0x7c,
    0xf3, 0xce, 0x61, 0x86,

    /* U+D184 "톄" */
    0x0, 0x66, 0x0, 0xcf, 0xf9, 0x9e, 0x3, 0x3c,
    0x1e, 0x78, 0x3c, 0xf0, 0x19, 0xfe, 0x33, 0xc0,
    0x67, 0x83, 0xcf, 0x1, 0x9e, 0x3, 0x3f, 0xe6,
    0x7c, 0xc, 0xc0, 0x19, 0x80, 0x33, 0x0, 0x66,
    0x0, 0xc,

    /* U+D188 "톈" */
    0x0, 0x66, 0x0, 0xcf, 0xf9, 0x9f, 0xf3, 0x3c,
    0x1e, 0x78, 0x3c, 0xff, 0x19, 0xfe, 0x33, 0xc1,
    0xe7, 0x83, 0xcf, 0x19, 0x9f, 0xf3, 0x3e, 0x6,
    0x60, 0xc, 0xc6, 0x0, 0xc, 0x0, 0x18, 0x0,
    0x30, 0x0, 0x7f, 0xf8,

    /* U+D1A0 "토" */
    0x3f, 0xfe, 0x18, 0x0, 0xc, 0x0, 0x6, 0x0,
    0x3, 0xff, 0xc1, 0x80, 0x0, 0xc0, 0x0, 0x60,
    0x0, 0x3f, 0xfe, 0x0, 0xc0, 0x0, 0x60, 0x0,
    0x30, 0x0, 0x18, 0x7, 0xff, 0xfc,

    /* U+D1A1 "톡" */
    0x3f, 0xfc, 0x18, 0x0, 0xc, 0x0, 0x7, 0xff,
    0x83, 0x0, 0x1, 0x80, 0x0, 0xff, 0xf0, 0x3,
    0x0, 0x1, 0x80, 0x7f, 0xff, 0xc0, 0x0, 0x0,
    0x0, 0x0, 0x0, 0x1, 0xff, 0xe0, 0x0, 0x30,
    0x0, 0x18, 0x0, 0xc, 0x0, 0x6, 0x0,

    /* U+D1A4 "톤" */
    0x3f, 0xfe, 0x18, 0x0, 0xc, 0x0, 0x7, 0xff,
    0x83, 0x0, 0x1, 0x80, 0x0, 0xc0, 0x0, 0x7f,
    0xfc, 0x1, 0x80, 0x0, 0xc0, 0x3f, 0xff, 0xe0,
    0x0, 0x0, 0x0, 0x0, 0x0, 0x0, 0xc0, 0x0,
    0x60, 0x0, 0x30, 0x0, 0x1f, 0xff, 0x0,

    /* U+D1A8 "톨" */
    0x3f, 0xfe, 0x30, 0x0, 0x30, 0x0, 0x3f, 0xfc,
    0x30, 0x0, 0x3f, 0xfe, 0x1, 0x80, 0x1, 0x80,
    0xff, 0xff, 0x0, 0x0, 0x0, 0x0, 0x3f, 0xfe,
    0x0, 0xe, 0x3f, 0xfe, 0x30, 0x0, 0x30, 0x0,
    0x30, 0x0, 0x3f, 0xfe,

    /* U+D1B0 "톰" */
    0x3f, 0xfe, 0x18, 0x0, 0xc, 0x0, 0x7, 0xff,
    0x83, 0x0, 0x1, 0x80, 0x0, 0xff, 0xf8, 0x3,
    0x0, 0x1, 0x80, 0x7f, 0xff, 0xc0, 0x0, 0x0,
    0x0, 0x3, 0xff, 0xe1, 0x80, 0x70, 0xc0, 0x38,
    0x60, 0x1c, 0x30, 0xe, 0x1f, 0xff, 0x0,

    /* U+D1B1 "톱" */
    0x3f, 0xfc, 0x18, 0x0, 0xc, 0x0, 0x7, 0xff,
    0x83, 0x0, 0x1, 0x80, 0x0, 0xff, 0xf0, 0x3,
    0x0, 0x1, 0x80, 0x7f, 0xff, 0xc0, 0x0, 0x0,
    0x0, 0x3, 0x0, 0xc1, 0xff, 0xe0, 0xc0, 0x30,
    0x60, 0x18, 0x30, 0xc, 0x1f, 0xfe, 0x0,

    /* U+D1B3 "톳" */
    0x3f, 0xfe, 0x18, 0x0, 0xc, 0x0, 0x7, 0xff,
    0x83, 0x0, 0x1, 0x80, 0x0, 0xff, 0xf8, 0x3,
    0x0, 0x1, 0x80, 0x7f, 0xff, 0xc0, 0x0, 0x0,
    0x30, 0x0, 0x1c, 0x0, 0x1e, 0x0, 0x3d, 0xc0,
    0xf8, 0x7c, 0x30, 0xe, 0x0,

    /* U+D1B5 "통" */
    0x3f, 0xfe, 0x18, 0x0, 0xc, 0x0, 0x7, 0xff,
    0x83, 0x0, 0x1, 0x80, 0x0, 0xff, 0xf8, 0x3,
    0x0, 0x1, 0x80, 0x7f, 0xff, 0xc0, 0x0, 0x0,
    0x0, 0x0, 0xff, 0x0, 0xc0, 0xe0, 0xc0, 0x30,
    0x60, 0x18, 0x18, 0x1c, 0x7, 0xf8, 0x0,

    /* U+D1BA "톺" */
    0x3f, 0xfc, 0x18, 0x0, 0xc, 0x0, 0x7, 0xff,
    0x83, 0x0, 0x1, 0x80, 0x0, 0xff, 0xf8, 0x3,
    0x0, 0x1, 0x80, 0x7f, 0xff, 0xc0, 0x0, 0x0,
    0x0, 0x3, 0xff, 0xe0, 0x61, 0x80, 0x30, 0xc0,
    0x18, 0x60, 0xc, 0x30, 0x1f, 0xff, 0x0,

    /* U+D1BC "톼" */
    0x0, 0xc, 0x3f, 0xe6, 0x18, 0x3, 0xc, 0x1,
    0x86, 0x0, 0xc3, 0xfe, 0x61, 0x80, 0x30, 0xc0,
    0x1f, 0x7f, 0xcc, 0x3, 0x6, 0x1, 0x83, 0x0,
    0xc1, 0x8f, 0xfe, 0xc7, 0xfc, 0x60, 0x0, 0x30,
    0x0, 0x18, 0x0, 0xc, 0x0, 0x6, 0x0,

    /* U+D1C0 "퇀" */
    0x0, 0xc, 0x3f, 0xe6, 0x1f, 0xf3, 0xc, 0x1,
    0x87, 0xf8, 0xc3, 0xfc, 0x61, 0x80, 0x3e, 0xff,
    0x9f, 0x7f, 0xcc, 0x6, 0x6, 0x3, 0x3b, 0x1f,
    0xfd, 0x8f, 0xc0, 0xc0, 0x0, 0x60, 0xc0, 0x0,
    0x60, 0x0, 0x30, 0x0, 0x1f, 0xff, 0x0,

    /* U+D1D8 "퇘" */
    0x0, 0x33, 0x7f, 0xb3, 0x7f, 0xb3, 0x60, 0x33,
    0x60, 0x33, 0x7f, 0x33, 0x60, 0x33, 0x60, 0x3f,
    0x7f, 0xbf, 0x7f, 0xb3, 0xc, 0x33, 0xc, 0x33,
    0xff, 0xb3, 0xff, 0x33, 0x0, 0x33, 0x0, 0x33,
    0x0, 0x33, 0x0, 0x3,

    /* U+D1F4 "퇴" */
    0x0, 0x6, 0xff, 0x8d, 0x80, 0x1b, 0x0, 0x36,
    0x0, 0x6f, 0xf8, 0xd8, 0x1, 0xb0, 0x3, 0x7f,
    0xc6, 0xc, 0xc, 0x18, 0x18, 0x30, 0x3f, 0xff,
    0x7f, 0xf8, 0xc0, 0x1, 0x80, 0x3, 0x0, 0x6,
    0x0, 0xc,

    /* U+D1F8 "퇸" */
    0x0, 0x6, 0x3f, 0xe6, 0x3f, 0xe6, 0x30, 0x6,
    0x30, 0x6, 0x3f, 0xc6, 0x30, 0x6, 0x30, 0x6,
    0x3f, 0xe6, 0x3f, 0xe6, 0x6, 0x6, 0xff, 0xf6,
    0x7f, 0xf6, 0x70, 0x6, 0x0, 0x0, 0x18, 0x0,
    0x18, 0x0, 0x18, 0x0, 0x1f, 0xff,

    /* U+D207 "툇" */
    0x0, 0x6, 0x3f, 0xe6, 0x30, 0x6, 0x30, 0x6,
    0x3f, 0xc6, 0x30, 0x6, 0x3f, 0xe6, 0x3f, 0xe6,
    0x6, 0x6, 0xff, 0xf6, 0x7f, 0xe6, 0x0, 0x6,
    0x0, 0xc6, 0x0, 0xc0, 0x1, 0xe0, 0x7, 0x38,
    0x3e, 0x1f, 0x18, 0x2,

    /* U+D209 "툉" */
    0x0, 0x6, 0x7f, 0xcc, 0xc0, 0x19, 0x80, 0x33,
    0xfc, 0x66, 0x0, 0xcc, 0x1, 0x9f, 0xf3, 0x6,
    0x6, 0xc, 0x2d, 0xff, 0xd8, 0x0, 0x30, 0x0,
    0x60, 0xff, 0x3, 0x3, 0xc, 0x3, 0x18, 0x6,
    0x18, 0x18, 0x1f, 0xe0,

    /* U+D210 "툐" */
    0x3f, 0xfe, 0x18, 0x0, 0xc, 0x0, 0x6, 0x0,
    0x3, 0xff, 0xc1, 0x80, 0x0, 0xc0, 0x0, 0x60,
    0x0, 0x3f, 0xfe, 0x6, 0x18, 0x3, 0xc, 0x1,
    0x86, 0x0, 0xc3, 0x7, 0xff, 0xfc,

    /* U+D22C "투" */
    0x3f, 0xfe, 0x18, 0x0, 0xc, 0x0, 0x6, 0x0,
    0x3, 0xff, 0xc1, 0x80, 0x0, 0xc0, 0x0, 0x7f,
    0xfc, 0x0, 0x0, 0x0, 0x0, 0x0, 0x0, 0x1f,
    0xff, 0xf0, 0x18, 0x0, 0xc, 0x0, 0x6, 0x0,
    0x3, 0x0, 0x1, 0x80, 0x0, 0xc0, 0x0,

    /* U+D22D "툭" */
    0x3f, 0xfe, 0x18, 0x0, 0xc, 0x0, 0x7, 0xff,
    0x83, 0x0, 0x1, 0x80, 0x0, 0xff, 0xf8, 0x0,
    0x0, 0x0, 0x0, 0x7f, 0xff, 0xc0, 0x60, 0x0,
    0x30, 0x0, 0x18, 0x1, 0xff, 0xf0, 0x0, 0x38,
    0x0, 0x1c, 0x0, 0xe, 0x0, 0x7, 0x0,

    /* U+D230 "툰" */
    0x3f, 0xfe, 0x18, 0x0, 0xc, 0x0, 0x7, 0xff,
    0x83, 0x0, 0x1, 0x80, 0x0, 0xc0, 0x0, 0x7f,
    0xfc, 0x0, 0x0, 0x0, 0x0, 0x3f, 0xff, 0xe0,
    0x30, 0x0, 0x18, 0x0, 0xc, 0x0, 0xc0, 0x0,
    0x60, 0x0, 0x30, 0x0, 0x1f, 0xff, 0x0,

    /* U+D234 "툴" */
    0x3f, 0xfe, 0x30, 0x0, 0x30, 0x0, 0x3f, 0xfc,
    0x30, 0x0, 0x3f, 0xfe, 0x0, 0x0, 0x0, 0x0,
    0xff, 0xff, 0x1, 0x80, 0x1, 0x80, 0x3f, 0xfe,
    0x0, 0xe, 0x3f, 0xfe, 0x30, 0x0, 0x30, 0x0,
    0x30, 0x0, 0x3f, 0xfe,

    /* U+D23C "툼" */
    0x3f, 0xfe, 0x18, 0x0, 0xc, 0x0, 0x7, 0xff,
    0x83, 0x0, 0x1, 0x80, 0x0, 0xff, 0xf8, 0x0,
    0x0, 0x0, 0x0, 0x7f, 0xff, 0xc0, 0x60, 0x0,
    0x30, 0x3, 0xff, 0xe1, 0x80, 0x70, 0xc0, 0x38,
    0x60, 0x1c, 0x30, 0xe, 0x1f, 0xff, 0x0,

    /* U+D23D "툽" */
    0x3f, 0xfc, 0x18, 0x0, 0xc, 0x0, 0x7, 0xff,
    0x83, 0x0, 0x1, 0x80, 0x0, 0xff, 0xf0, 0x0,
    0x0, 0x0, 0x0, 0x7f, 0xff, 0xc0, 0x60, 0x0,
    0x30, 0x3, 0x0, 0xc1, 0xff, 0xe0, 0xc0, 0x30,
    0x60, 0x18, 0x30, 0xc, 0x1f, 0xfe, 0x0,

    /* U+D23F "툿" */
    0x3f, 0xfe, 0x18, 0x0, 0xc, 0x0, 0x7, 0xff,
    0x83, 0x0, 0x1, 0x80, 0x0, 0xff, 0xf8, 0x0,
    0x0, 0x0, 0x0, 0x7f, 0xff, 0xc0, 0x60, 0x0,
    0x30, 0x0, 0x18, 0x0, 0xc, 0x0, 0xf, 0x80,
    0x3c, 0xf0, 0x7c, 0x1e, 0x0,

    /* U+D241 "퉁" */
    0x3f, 0xfe, 0x18, 0x0, 0xc, 0x0, 0x7, 0xff,
    0x83, 0x0, 0x1, 0x80, 0x0, 0xff, 0xf8, 0x0,
    0x0, 0x0, 0x0, 0x7f, 0xff, 0xc0, 0x60, 0x0,
    0x30, 0x0, 0xff, 0x81, 0xc0, 0xe0, 0xc0, 0x38,
    0x60, 0x18, 0x18, 0x1c, 0x7, 0xf8, 0x0,

    /* U+D248 "퉈" */
    0x0, 0x6, 0xff, 0x8d, 0x80, 0x1b, 0x0, 0x37,
    0xfc, 0x6c, 0x0, 0xd8, 0x1, 0xbf, 0xe3, 0x0,
    0x6, 0x0, 0x2f, 0xff, 0xd8, 0x60, 0x30, 0xc0,
    0x61, 0x8f, 0xc3, 0x1, 0x86, 0x3, 0xc, 0x6,
    0x18, 0xc,

    /* U+D25C "퉜" */
    0x3f, 0xe6, 0x1f, 0xf3, 0xc, 0x1, 0x87, 0xf8,
    0xc3, 0x0, 0x61, 0xff, 0x30, 0xff, 0x98, 0x0,
    0xc, 0xff, 0xf6, 0x3, 0x3, 0x1, 0x9f, 0x80,
    0xc0, 0xc0, 0x0, 0x0, 0x30, 0xc0, 0x38, 0x60,
    0x3c, 0x78, 0x3b, 0xe7, 0x18, 0xe1, 0x80,

    /* U+D264 "퉤" */
    0x0, 0x33, 0x7f, 0xb3, 0x60, 0x33, 0x60, 0x33,
    0x7f, 0x33, 0x60, 0x33, 0x7f, 0xb3, 0x7f, 0xb3,
    0x0, 0x33, 0xff, 0xb3, 0xff, 0x33, 0x8, 0x33,
    0x9, 0xf3, 0x8, 0x33, 0x8, 0x33, 0x8, 0x33,
    0x0, 0x33, 0x0, 0x3,

    /* U+D280 "튀" */
    0x0, 0x3, 0x3f, 0xe3, 0x30, 0x3, 0x30, 0x3,
    0x3f, 0xe3, 0x30, 0x3, 0x30, 0x3, 0x3f, 0xe3,
    0x0, 0x3, 0x0, 0x1b, 0x7f, 0xfb, 0x6, 0x3,
    0x6, 0x3, 0x6, 0x3, 0x6, 0x3, 0x6, 0x3,
    0x6, 0x3, 0x6, 0x3,

    /* U+D281 "튁" */
    0x0, 0x6, 0x7f, 0xcc, 0xc0, 0x19, 0x80, 0x33,
    0xfc, 0x66, 0x0, 0xcc, 0x1, 0x9f, 0xf3, 0x0,
    0x6, 0x0, 0x6f, 0xff, 0xd8, 0x30, 0x30, 0x60,
    0x3, 0xff, 0xc0, 0x1, 0x80, 0x3, 0x0, 0x6,
    0x0, 0xc, 0x0, 0x18,

    /* U+D284 "튄" */
    0x0, 0x6, 0x3f, 0xe6, 0x3f, 0xe6, 0x30, 0x6,
    0x3f, 0xc6, 0x3f, 0xc6, 0x30, 0x6, 0x3f, 0xe6,
    0x3f, 0xe6, 0x0, 0x6, 0x0, 0x76, 0xff, 0xf6,
    0x7f, 0xc6, 0x3, 0x6, 0x0, 0x0, 0x18, 0x0,
    0x18, 0x0, 0x18, 0x0, 0x1f, 0xff,

    /* U+D288 "튈" */
    0x3f, 0xe6, 0x3f, 0xe6, 0x30, 0x6, 0x3f, 0xc6,
    0x30, 0x6, 0x3f, 0xe6, 0x3f, 0xe6, 0x0, 0x36,
    0x7f, 0xf6, 0x6, 0x6, 0x6, 0x0, 0x6, 0x0,
    0x1f, 0xfe, 0x0, 0x6, 0x1f, 0xfe, 0x18, 0x0,
    0x18, 0x0, 0x18, 0x0, 0x1f, 0xff,

    /* U+D290 "튐" */
    0x0, 0x6, 0x7f, 0xcc, 0xc0, 0x19, 0xfe, 0x33,
    0xfc, 0x66, 0x0, 0xcf, 0xf9, 0x80, 0x3, 0x7f,
    0xf7, 0xff, 0xec, 0x18, 0x18, 0x30, 0x1, 0xff,
    0xe3, 0x0, 0xc6, 0x1, 0x8c, 0x3, 0x18, 0x6,
    0x3f, 0xfc,

    /* U+D291 "튑" */
    0x0, 0x6, 0x7f, 0xcc, 0xc0, 0x19, 0xfe, 0x33,
    0xfc, 0x66, 0x0, 0xcf, 0xf9, 0x80, 0x3, 0x3,
    0xf7, 0xff, 0xec, 0xc, 0x18, 0x18, 0x0, 0x30,
    0x3, 0x0, 0xc7, 0xff, 0x8c, 0x3, 0x18, 0x6,
    0x30, 0xc, 0x7f, 0xf8,

    /* U+D295 "튕" */
    0x0, 0x6, 0x7f, 0xcc, 0xc0, 0x19, 0x80, 0x33,
    0xfc, 0x66, 0x0, 0xcc, 0x1, 0x9f, 0xf3, 0x0,
    0x6, 0x0, 0x2f, 0xff, 0xd8, 0x30, 0x30, 0x60,
    0x60, 0xff, 0x7, 0x3, 0xc, 0x3, 0x18, 0x6,
    0x18, 0x18, 0x1f, 0xe0,

    /* U+D29C "튜" */
    0x3f, 0xfe, 0x18, 0x0, 0xc, 0x0, 0x7, 0xff,
    0x83, 0x0, 0x1, 0x80, 0x0, 0xff, 0xf8, 0x0,
    0x0, 0x0, 0x0, 0x0, 0x0, 0x3f, 0xff, 0xe1,
    0x86, 0x0, 0xc3, 0x0, 0x61, 0x80, 0x30, 0xc0,
    0x18, 0x60, 0xc, 0x30, 0x0,

    /* U+D2A0 "튠" */
    0x3f, 0xfe, 0x18, 0x0, 0xc, 0x0, 0x7, 0xff,
    0x83, 0x0, 0x1, 0x80, 0x0, 0xc0, 0x0, 0x7f,
    0xfc, 0x0, 0x0, 0x7f, 0xff, 0xc0, 0xcc, 0x0,
    0x66, 0x0, 0x33, 0x0, 0x0, 0x0, 0xc0, 0x0,
    0x60, 0x0, 0x30, 0x0, 0x1f, 0xff, 0x0,

    /* U+D2A4 "튤" */
    0x3f, 0xfc, 0x30, 0x0, 0x30, 0x0, 0x3f, 0xfc,
    0x30, 0x0, 0x3f, 0xfc, 0x0, 0x0, 0x0, 0x0,
    0xff, 0xff, 0xc, 0x30, 0xc, 0x30, 0x3f, 0xfc,
    0x0, 0xc, 0x3f, 0xfc, 0x30, 0x0, 0x30, 0x0,
    0x30, 0x0, 0x3f, 0xfe,

    /* U+D2AC "튬" */
    0x3f, 0xfe, 0x18, 0x0, 0xc, 0x0, 0x7, 0xff,
    0x83, 0x0, 0x1, 0x80, 0x0, 0xff, 0xf8, 0x0,
    0x0, 0x0, 0x0, 0x7f, 0xff, 0xc3, 0xc, 0x1,
    0x86, 0x3, 0xff, 0xe1, 0x80, 0x70, 0xc0, 0x38,
    0x60, 0x1c, 0x30, 0xe, 0x1f, 0xff, 0x0,

    /* U+D2B1 "튱" */
    0x3f, 0xfe, 0x18, 0x0, 0xc, 0x0, 0x7, 0xff,
    0x83, 0x0, 0x1, 0x80, 0x0, 0xff, 0xf8, 0x0,
    0x0, 0x0, 0x0, 0x7f, 0xff, 0xc3, 0xe, 0x1,
    0x87, 0x0, 0xff, 0x81, 0xc0, 0xe0, 0xc0, 0x38,
    0x60, 0x18, 0x18, 0x1c, 0x7, 0xf8, 0x0,

    /* U+D2B8 "트" */
    0x3f, 0xfe, 0x18, 0x0, 0xc, 0x0, 0x6, 0x0,
    0x3, 0xff, 0xc1, 0x80, 0x0, 0xc0, 0x0, 0x60,
    0x0, 0x3f, 0xfe, 0x0, 0x0, 0x0, 0x0, 0x0,
    0x0, 0x0, 0x0, 0x7, 0xff, 0xfc,

    /* U+D2B9 "특" */
    0x3f, 0xfc, 0x18, 0x0, 0xc, 0x0, 0x7, 0xff,
    0x83, 0x0, 0x1, 0x80, 0x0, 0xff, 0xf0, 0x0,
    0x0, 0x0, 0x0, 0x7f, 0xff, 0xc0, 0x0, 0x0,
    0x0, 0x3, 0xff, 0xc0, 0x0, 0x60, 0x0, 0x30,
    0x0, 0x18, 0x0, 0xc, 0x0, 0x6, 0x0,

    /* U+D2BC "튼" */
    0x3f, 0xfc, 0x18, 0x0, 0xc, 0x0, 0x7, 0xff,
    0x83, 0x0, 0x1, 0x80, 0x0, 0xc0, 0x0, 0x7f,
    0xfc, 0x0, 0x0, 0x0, 0x0, 0x3f, 0xff, 0xe0,
    0x0, 0x0, 0x0, 0x0, 0x0, 0x0, 0xc0, 0x0,
    0x60, 0x0, 0x30, 0x0, 0x1f, 0xff, 0x0,

    /* U+D2BF "튿" */
    0x3f, 0xfe, 0x18, 0x0, 0xc, 0x0, 0x7, 0xff,
    0x83, 0x0, 0x1, 0x80, 0x0, 0xff, 0xf8, 0x0,
    0x0, 0x0, 0x0, 0x7f, 0xff, 0xc0, 0x0, 0x0,
    0x0, 0x3, 0xff, 0xe1, 0x80, 0x0, 0xc0, 0x0,
    0x60, 0x0, 0x30, 0x0, 0x1f, 0xff, 0x0,

    /* U+D2C0 "틀" */
    0x3f, 0xfe, 0x30, 0x0, 0x30, 0x0, 0x3f, 0xfc,
    0x30, 0x0, 0x3f, 0xfe, 0x0, 0x0, 0x0, 0x0,
    0xff, 0xff, 0x0, 0x0, 0x0, 0x0, 0x3f, 0xfe,
    0x0, 0xe, 0x3f, 0xfe, 0x30, 0x0, 0x30, 0x0,
    0x30, 0x0, 0x3f, 0xfe,

    /* U+D2C2 "틂" */
    0x3f, 0xfc, 0x30, 0x0, 0x30, 0x0, 0x3f, 0xfc,
    0x30, 0x0, 0x3f, 0xfc, 0x0, 0x0, 0x0, 0x0,
    0xff, 0xff, 0x0, 0x0, 0x3f, 0x7c, 0x3f, 0x7c,
    0x3, 0x44, 0x3f, 0x44, 0x30, 0x44, 0x30, 0x44,
    0x30, 0x44, 0x3f, 0x7c,

    /* U+D2C8 "틈" */
    0x3f, 0xfe, 0x18, 0x0, 0xc, 0x0, 0x7, 0xff,
    0x83, 0x0, 0x1, 0x80, 0x0, 0xff, 0xf8, 0x0,
    0x0, 0x0, 0x0, 0x7f, 0xff, 0xc0, 0x0, 0x0,
    0x0, 0x3, 0xff, 0xe1, 0x80, 0x70, 0xc0, 0x38,
    0x60, 0x1c, 0x30, 0xe, 0x1f, 0xff, 0x0,

    /* U+D2C9 "틉" */
    0x3f, 0xfc, 0x18, 0x0, 0xc, 0x0, 0x7, 0xff,
    0x83, 0x0, 0x1, 0x80, 0x0, 0xff, 0xf0, 0x0,
    0x0, 0x0, 0x0, 0x7f, 0xff, 0xc0, 0x0, 0x0,
    0x0, 0x3, 0x0, 0xc1, 0xff, 0xe0, 0xc0, 0x30,
    0x60, 0x18, 0x30, 0xc, 0x1f, 0xfe, 0x0,

    /* U+D2CB "틋" */
    0x3f, 0xfe, 0x18, 0x0, 0xc, 0x0, 0x7, 0xff,
    0x83, 0x0, 0x1, 0x80, 0x0, 0xff, 0xf8, 0x0,
    0x0, 0x0, 0x0, 0x7f, 0xff, 0xc0, 0x0, 0x0,
    0x30, 0x0, 0x1c, 0x0, 0x1e, 0x0, 0x1d, 0xc0,
    0xf8, 0x7c, 0x30, 0xe, 0x0,

    /* U+D2D4 "틔" */
    0x0, 0x6, 0xff, 0x8d, 0x80, 0x1b, 0x0, 0x36,
    0x0, 0x6f, 0xf8, 0xd8, 0x1, 0xb0, 0x3, 0x7f,
    0xc6, 0x0, 0xc, 0x0, 0x18, 0x0, 0x30, 0x7,
    0x7f, 0xfe, 0xc0, 0x1, 0x80, 0x3, 0x0, 0x6,
    0x0, 0xc,

    /* U+D2D8 "틘" */
    0x0, 0x6, 0x3f, 0xe6, 0x3f, 0xe6, 0x30, 0x6,
    0x30, 0x6, 0x3f, 0xc6, 0x30, 0x6, 0x30, 0x6,
    0x3f, 0xe6, 0x3f, 0xe6, 0x0, 0x6, 0xff, 0xf6,
    0x7f, 0xf6, 0x0, 0x6, 0x0, 0x0, 0x18, 0x0,
    0x18, 0x0, 0x18, 0x0, 0x1f, 0xff,

    /* U+D2DC "틜" */
    0x0, 0x6, 0x3f, 0xe6, 0x30, 0x6, 0x3f, 0xc6,
    0x30, 0x6, 0x30, 0x6, 0x3f, 0xe6, 0x0, 0x6,
    0xff, 0xf6, 0x7c, 0x6, 0x0, 0x0, 0x1f, 0xfe,
    0x0, 0x6, 0x1f, 0xfe, 0x18, 0x0, 0x18, 0x0,
    0x18, 0x0, 0x1f, 0xff,

    /* U+D2E4 "틤" */
    0x0, 0x6, 0x7f, 0xcc, 0xc0, 0x19, 0xfe, 0x33,
    0xfc, 0x66, 0x0, 0xcf, 0xf9, 0x9f, 0xf3, 0x0,
    0x17, 0xff, 0xec, 0x0, 0x18, 0x0, 0x1, 0xff,
    0xe3, 0x0, 0xc6, 0x1, 0x8c, 0x3, 0x18, 0x6,
    0x3f, 0xfc,

    /* U+D2E5 "틥" */
    0x0, 0x6, 0x7f, 0xcc, 0xc0, 0x19, 0xfe, 0x33,
    0xfc, 0x66, 0x0, 0xcf, 0xf9, 0x9f, 0xf3, 0x0,
    0x7, 0xff, 0xed, 0xf8, 0x18, 0x0, 0x0, 0x0,
    0x3, 0x0, 0xc7, 0xff, 0x8c, 0x3, 0x18, 0x6,
    0x30, 0xc, 0x7f, 0xf8,

    /* U+D2F0 "티" */
    0x0, 0xf, 0xfe, 0x3c, 0x0, 0xf0, 0x3, 0xc0,
    0xf, 0x0, 0x3f, 0xf0, 0xf0, 0x3, 0xc0, 0xf,
    0x0, 0x3c, 0x0, 0xf0, 0x13, 0xff, 0xcc, 0x0,
    0x30, 0x0, 0xc0, 0x3, 0x0, 0xc, 0x0, 0x30,

    /* U+D2F1 "틱" */
    0x0, 0xf, 0xfe, 0x3f, 0xf8, 0xf0, 0x3, 0xc0,
    0xf, 0xfc, 0x3c, 0x0, 0xf0, 0x3, 0xff, 0xcf,
    0xff, 0x30, 0x0, 0xc0, 0x0, 0x0, 0x0, 0xff,
    0xf0, 0x0, 0xc0, 0x3, 0x0, 0xc, 0x0, 0x30,
    0x0, 0xc0,

    /* U+D2F4 "틴" */
    0x0, 0xd, 0xff, 0x1b, 0xfe, 0x36, 0x0, 0x6c,
    0x0, 0xd8, 0x1, 0xbf, 0xc3, 0x60, 0x6, 0xc0,
    0xd, 0x9f, 0x9b, 0xff, 0x30, 0x0, 0x60, 0x0,
    0xc6, 0x0, 0xc, 0x0, 0x18, 0x0, 0x30, 0x0,
    0x7f, 0xfc,

    /* U+D2F8 "틸" */
    0x0, 0xd, 0xff, 0x1b, 0x0, 0x36, 0x0, 0x6f,
    0xf0, 0xd8, 0x1, 0xb0, 0x13, 0x7f, 0xe6, 0x0,
    0xc, 0x0, 0x0, 0xff, 0xf0, 0x0, 0x60, 0x0,
    0xc7, 0xff, 0x8c, 0x0, 0x18, 0x0, 0x30, 0x0,
    0x7f, 0xfc,

    /* U+D300 "팀" */
    0x0, 0xf, 0xfe, 0x3c, 0x0, 0xf0, 0x3, 0xff,
    0xf, 0x0, 0x3c, 0x0, 0xf0, 0x13, 0xff, 0xcc,
    0x0, 0x30, 0x0, 0xf, 0xff, 0x30, 0xc, 0xc0,
    0x33, 0x0, 0xcc, 0x3, 0x30, 0xc, 0xff, 0xf0,

    /* U+D301 "팁" */
    0x0, 0xf, 0xfe, 0x3f, 0xf8, 0xf0, 0x3, 0xff,
    0xf, 0xfc, 0x3c, 0x0, 0xf0, 0x33, 0xff, 0xcc,
    0x0, 0x30, 0x0, 0x0, 0x0, 0x0, 0x0, 0xc0,
    0x33, 0xff, 0xcc, 0x3, 0x30, 0xc, 0xc0, 0x33,
    0xff, 0xc0,

    /* U+D303 "팃" */
    0x0, 0xd, 0xff, 0x1b, 0xfe, 0x36, 0x0, 0x6c,
    0x0, 0xdf, 0xe1, 0xb0, 0x3, 0x60, 0x6, 0xff,
    0xcd, 0xfc, 0x18, 0x0, 0x30, 0xc, 0x60, 0x18,
    0x0, 0x78, 0x1, 0xf8, 0xf, 0x3c, 0x78, 0x1e,
    0x0, 0x0,

    /* U+D305 "팅" */
    0x0, 0xf, 0xfe, 0x3c, 0x0, 0xf0, 0x3, 0xc0,
    0xf, 0xfc, 0x3c, 0x0, 0xf0, 0x3, 0xff, 0xcc,
    0x0, 0x30, 0x0, 0xc3, 0xf8, 0x18, 0x18, 0xc0,
    0x33, 0x0, 0xcc, 0x3, 0x38, 0x18, 0x3f, 0x80,

    /* U+D30C "파" */
    0x0, 0xc, 0x0, 0x6, 0x3f, 0xf3, 0x6, 0x61,
    0x83, 0x30, 0xc1, 0x98, 0x60, 0xcc, 0x30, 0x66,
    0x1f, 0x33, 0xc, 0x19, 0x86, 0xc, 0xc3, 0x6,
    0x65, 0x8f, 0xfe, 0xc0, 0x0, 0x60, 0x0, 0x30,
    0x0, 0x18, 0x0, 0xc, 0x0, 0x6, 0x0,

    /* U+D30D "팍" */
    0x0, 0xc, 0x7f, 0xe6, 0x3f, 0xf3, 0x6, 0x61,
    0x83, 0x30, 0xc1, 0x98, 0x7c, 0xcc, 0x30, 0x66,
    0x18, 0xff, 0xec, 0x7f, 0xf6, 0x0, 0x3, 0x0,
    0x0, 0x0, 0x0, 0x1, 0xff, 0xe0, 0x0, 0x30,
    0x0, 0x18, 0x0, 0xc, 0x0, 0x6, 0x0, 0x3,
    0x0,

    /* U+D30E "팎" */
    0x0, 0xc, 0x7f, 0xe6, 0xc, 0xc3, 0x6, 0x61,
    0x83, 0x30, 0xf9, 0x98, 0x7c, 0xcc, 0x30, 0x66,
    0x18, 0xff, 0xec, 0x0, 0x6, 0x0, 0x0, 0x7,
    0xff, 0x80, 0x70, 0xc0, 0x38, 0x60, 0x1c, 0x30,
    0xe, 0x18, 0x7, 0xc, 0x3, 0x86, 0x0,

    /* U+D310 "판" */
    0x0, 0xc, 0x0, 0x6, 0x3f, 0xf3, 0x1f, 0xf9,
    0x83, 0x30, 0xc1, 0x98, 0x60, 0xcc, 0x3e, 0x66,
    0x1f, 0x33, 0xc, 0x19, 0xf6, 0x3f, 0xfb, 0x1c,
    0x1, 0x80, 0x0, 0xc1, 0x80, 0x0, 0xc0, 0x0,
    0x60, 0x0, 0x30, 0x0, 0x1f, 0xff, 0x0,

    /* U+D314 "팔" */
    0x0, 0xc, 0x7f, 0xe6, 0x3f, 0xf3, 0x6, 0x61,
    0x83, 0x30, 0xf9, 0x98, 0x60, 0xcc, 0x31, 0xff,
    0xd8, 0xf0, 0xc, 0x0, 0x0, 0xf, 0xff, 0x0,
    0x1, 0x80, 0x0, 0xc1, 0xff, 0xe0, 0xc0, 0x0,
    0x60, 0x0, 0x30, 0x0, 0x1f, 0xff, 0x0,

    /* U+D316 "팖" */
    0x0, 0xc, 0x7f, 0xe6, 0xc, 0xc3, 0x6, 0x61,
    0x83, 0x30, 0xf9, 0x98, 0x60, 0xcc, 0x31, 0xff,
    0xd8, 0x0, 0xc, 0x0, 0x0, 0x1f, 0xbf, 0x0,
    0xd9, 0x80, 0x6c, 0xc3, 0xf6, 0x61, 0x83, 0x30,
    0xc1, 0x98, 0x60, 0xcc, 0x3f, 0xfe, 0x0,

    /* U+D31C "팜" */
    0x0, 0xc, 0x7f, 0xe6, 0x3f, 0xf3, 0x6, 0x61,
    0x83, 0x30, 0xf9, 0x98, 0x7c, 0xcc, 0x30, 0x67,
    0xd8, 0xff, 0xec, 0x0, 0x6, 0x0, 0x0, 0x7,
    0xff, 0x83, 0x0, 0xc1, 0x80, 0x60, 0xc0, 0x30,
    0x60, 0x18, 0x30, 0xc, 0x1f, 0xfe, 0x0,

    /* U+D31D "팝" */
    0x0, 0xc, 0x7f, 0xe6, 0x3f, 0xf3, 0x6, 0x61,
    0x83, 0x30, 0xf9, 0x98, 0x7c, 0xcc, 0x30, 0x67,
    0xd8, 0xff, 0xec, 0x0, 0x6, 0x0, 0x0, 0x0,
    0x0, 0x0, 0x0, 0x1, 0xff, 0xe0, 0xc0, 0x30,
    0x60, 0x18, 0x30, 0xc, 0x18, 0x6, 0xf, 0xff,
    0x0,

    /* U+D31F "팟" */
    0x0, 0xc, 0x7f, 0xe6, 0x3f, 0xf3, 0x6, 0x61,
    0x83, 0x30, 0xc1, 0x98, 0x7c, 0xcc, 0x30, 0x66,
    0x18, 0xff, 0xec, 0x7f, 0xc6, 0x0, 0x3, 0x0,
    0x31, 0x80, 0x1c, 0x0, 0xe, 0x0, 0xd, 0x80,
    0x1c, 0xf0, 0x7c, 0x1e, 0x18, 0x3, 0x0,

    /* U+D320 "팠" */
    0x0, 0xc, 0x7f, 0xe6, 0x3f, 0xf3, 0x6, 0x61,
    0x83, 0x30, 0xf9, 0x98, 0x7c, 0xcc, 0x30, 0x66,
    0xd8, 0xff, 0xec, 0x0, 0x6, 0x0, 0x0, 0x1,
    0x83, 0x0, 0xc3, 0x80, 0xe1, 0xc0, 0x78, 0xf0,
    0xee, 0xdc, 0xe3, 0xc7, 0x20, 0x40, 0x0,

    /* U+D321 "팡" */
    0x0, 0xc, 0xff, 0xcc, 0x33, 0xc, 0x33, 0xc,
    0x33, 0xf, 0x33, 0xc, 0x33, 0xc, 0x33, 0x6c,
    0xff, 0xec, 0x0, 0xc, 0x0, 0xc, 0xf, 0xe0,
    0x18, 0x18, 0x30, 0xc, 0x30, 0xc, 0x30, 0xc,
    0x18, 0x18, 0xf, 0xf0,

    /* U+D325 "팥" */
    0x0, 0xc, 0x7f, 0xe6, 0xc, 0xc3, 0x6, 0x61,
    0x83, 0x30, 0xf9, 0x98, 0x60, 0xcc, 0x31, 0xff,
    0xd8, 0x0, 0xc, 0x0, 0x0, 0xf, 0xff, 0x6,
    0x0, 0x3, 0x0, 0x1, 0xff, 0xe0, 0xc0, 0x0,
    0x60, 0x0, 0x30, 0x0, 0x1f, 0xff, 0x0,

    /* U+D328 "패" */
    0x0, 0x66, 0x0, 0xcf, 0xfd, 0x9f, 0xfb, 0x36,
    0x66, 0x6c, 0xcc, 0xd9, 0x99, 0xb3, 0x3f, 0x66,
    0x7e, 0xcc, 0xcd, 0x99, 0x9b, 0x3b, 0x3f, 0xf6,
    0x78, 0xc, 0xc0, 0x19, 0x80, 0x33, 0x0, 0x66,
    0x0, 0xc,

    /* U+D329 "팩" */
    0x0, 0x66, 0x0, 0xcf, 0xfd, 0x9b, 0x33, 0x36,
    0x66, 0x6c, 0xcf, 0xd9, 0x99, 0xb3, 0x33, 0xff,
    0xe7, 0xff, 0xcc, 0x1, 0x98, 0x0, 0x0, 0x0,
    0x7, 0xff, 0xc0, 0x1, 0x80, 0x3, 0x0, 0x6,
    0x0, 0xc, 0x0, 0x18,

    /* U+D32C "팬" */
    0x0, 0x66, 0x0, 0x66, 0xff, 0x66, 0xff, 0x66,
    0x66, 0x66, 0x66, 0x66, 0x66, 0x7e, 0x66, 0x7e,
    0x66, 0x66, 0x66, 0x66, 0xff, 0xe6, 0xff, 0xe6,
    0x0, 0x66, 0x0, 0x66, 0x18, 0x0, 0x18, 0x0,
    0x18, 0x0, 0x18, 0x0, 0x1f, 0xff,

    /* U+D330 "팰" */
    0x0, 0x66, 0xff, 0x66, 0x66, 0x66, 0x66, 0x66,
    0x66, 0x7e, 0x66, 0x66, 0x66, 0xe6, 0xff, 0xe6,
    0x0, 0x66, 0x0, 0x0, 0x1f, 0xfe, 0x0, 0x6,
    0x0, 0x6, 0x1f, 0xfe, 0x18, 0x0, 0x18, 0x0,
    0x18, 0x0, 0x1f, 0xff,

    /* U+D338 "팸" */
    0x0, 0x67, 0xfe, 0xcf, 0xfd, 0x9b, 0x33, 0x36,
    0x67, 0xec, 0xcf, 0xd9, 0x99, 0xb3, 0xf3, 0xff,
    0xe6, 0x0, 0xcc, 0x0, 0x0, 0xff, 0xf1, 0x80,
    0x63, 0x0, 0xc6, 0x1, 0x8c, 0x3, 0x18, 0x6,
    0x3f, 0xfc,

    /* U+D339 "팹" */
    0x0, 0x67, 0xfe, 0xcf, 0xfd, 0x9b, 0x33, 0x36,
    0x67, 0xec, 0xcf, 0xd9, 0x99, 0xb3, 0xf3, 0xff,
    0xe6, 0x0, 0xcc, 0x0, 0x0, 0x0, 0x1, 0xff,
    0xe3, 0x0, 0xc6, 0x1, 0x8c, 0x3, 0x18, 0x6,
    0x3f, 0xfc,

    /* U+D33B "팻" */
    0x0, 0x66, 0x0, 0x66, 0xff, 0x66, 0x66, 0x66,
    0x66, 0x7e, 0x66, 0x7e, 0x66, 0x66, 0x66, 0x66,
    0xff, 0xe6, 0xff, 0x66, 0x0, 0x6, 0x0, 0xc6,
    0x0, 0xc0, 0x1, 0xc0, 0x3, 0xe0, 0xf, 0x38,
    0x3e, 0x1f, 0x30, 0x2,

    /* U+D33C "팼" */
    0x0, 0x66, 0xff, 0x66, 0xff, 0x66, 0x66, 0x66,
    0x66, 0x7e, 0x66, 0x7e, 0x66, 0x66, 0x67, 0xe6,
    0xff, 0xe6, 0x0, 0x66, 0x0, 0x0, 0xc, 0x18,
    0xc, 0x38, 0xe, 0x38, 0x1e, 0x3c, 0x33, 0xe7,
    0x61, 0xc3, 0x0, 0x0,

    /* U+D33D "팽" */
    0x0, 0x67, 0xfe, 0xcf, 0xfd, 0x9b, 0x33, 0x36,
    0x67, 0xec, 0xcf, 0xd9, 0x99, 0xb3, 0x33, 0xff,
    0xe7, 0xe0, 0xcc, 0x0, 0x18, 0x3f, 0x80, 0xc0,
    0xc3, 0x0, 0xc6, 0x1, 0x8c, 0x3, 0xc, 0xc,
    0xf, 0xe0,

    /* U+D344 "퍄" */
    0x0, 0xc, 0x0, 0x6, 0x3f, 0xf3, 0x6, 0x61,
    0x83, 0x30, 0xf9, 0x98, 0x60, 0xcc, 0x30, 0x66,
    0x18, 0x33, 0xc, 0x19, 0x86, 0xc, 0xc3, 0xe6,
    0x6d, 0x8f, 0xfe, 0xc0, 0x0, 0x60, 0x0, 0x30,
    0x0, 0x18, 0x0, 0xc, 0x0, 0x6, 0x0,

    /* U+D345 "퍅" */
    0x0, 0xc, 0x7f, 0xe6, 0x3f, 0xf3, 0x6, 0x61,
    0xf3, 0x30, 0xc1, 0x98, 0x60, 0xcc, 0x30, 0x66,
    0x1f, 0xff, 0xec, 0x7f, 0xf6, 0x0, 0x3, 0x0,
    0x0, 0x0, 0x0, 0x1, 0xff, 0xe0, 0x0, 0x30,
    0x0, 0x18, 0x0, 0xc, 0x0, 0x6, 0x0, 0x3,
    0x0,

    /* U+D37C "퍼" */
    0x0, 0x3, 0x7f, 0xe3, 0x19, 0x83, 0x19, 0x83,
    0x19, 0x83, 0x19, 0x83, 0x19, 0x9f, 0x19, 0x83,
    0x19, 0x83, 0x19, 0x83, 0x19, 0x83, 0x19, 0xb3,
    0x7f, 0xf3, 0x0, 0x3, 0x0, 0x3, 0x0, 0x3,
    0x0, 0x3, 0x0, 0x3,

    /* U+D37D "퍽" */
    0x0, 0x7, 0xff, 0x8f, 0xff, 0x19, 0x9c, 0x33,
    0x38, 0x66, 0x77, 0xcc, 0xe1, 0x99, 0xc3, 0xff,
    0xe7, 0xff, 0xcc, 0x0, 0x18, 0x0, 0x0, 0x0,
    0x3, 0xff, 0xc0, 0x1, 0x80, 0x3, 0x0, 0x6,
    0x0, 0xc, 0x0, 0x18,

    /* U+D380 "펀" */
    0x0, 0x6, 0x0, 0x6, 0xff, 0xc6, 0x33, 0x6,
    0x33, 0x6, 0x33, 0x3e, 0x33, 0x3e, 0x33, 0x6,
    0x33, 0x6, 0x33, 0xe6, 0xff, 0xe6, 0x0, 0x6,
    0x0, 0x6, 0x18, 0x0, 0x18, 0x0, 0x18, 0x0,
    0x18, 0x0, 0x1f, 0xff,

    /* U+D384 "펄" */
    0x0, 0x6, 0xff, 0xc6, 0xff, 0xc6, 0x33, 0x6,
    0x33, 0x3e, 0x33, 0x6, 0x33, 0x6, 0xff, 0xe6,
    0xf0, 0x6, 0x0, 0x0, 0x1f, 0xfe, 0x0, 0x6,
    0x0, 0x6, 0x1f, 0xfe, 0x18, 0x0, 0x18, 0x0,
    0x18, 0x0, 0x1f, 0xff,

    /* U+D38C "펌" */
    0x0, 0x7, 0xff, 0x8c, 0xcc, 0x19, 0x98, 0x33,
    0x33, 0xe6, 0x60, 0xcc, 0xc1, 0x99, 0xb3, 0xff,
    0xe6, 0x0, 0xc, 0x0, 0x0, 0xff, 0xf1, 0x80,
    0x63, 0x0, 0xc6, 0x1, 0x8c, 0x3, 0x18, 0x6,
    0x3f, 0xfc,

    /* U+D38D "펍" */
    0x0, 0x7, 0xff, 0x8f, 0xff, 0x19, 0x98, 0x33,
    0x33, 0xe6, 0x67, 0xcc, 0xc1, 0x99, 0x93, 0xff,
    0xe7, 0xe0, 0xc, 0x0, 0x0, 0x0, 0x0, 0x0,
    0x3, 0x0, 0xc7, 0xff, 0x8c, 0x3, 0x18, 0x6,
    0x30, 0xc, 0x7f, 0xf8,

    /* U+D38F "펏" */
    0x0, 0x6, 0xff, 0xc6, 0xff, 0xc6, 0x33, 0x6,
    0x33, 0x6, 0x33, 0x3e, 0x33, 0x6, 0x33, 0x6,
    0xff, 0xe6, 0xff, 0x6, 0x0, 0x6, 0x0, 0xc6,
    0x0, 0xc0, 0x1, 0xe0, 0x3, 0xf0, 0xf, 0x3c,
    0x3c, 0xf, 0x30, 0x2,

    /* U+D390 "펐" */
    0x0, 0x6, 0x7f, 0xe3, 0x3f, 0xf1, 0x86, 0x60,
    0xc3, 0x30, 0x61, 0x99, 0xf0, 0xcc, 0x18, 0x66,
    0xc, 0xff, 0xe6, 0x7f, 0xf3, 0x0, 0x1, 0x80,
    0x0, 0x0, 0xc1, 0x80, 0x70, 0xc0, 0x38, 0xf0,
    0x3e, 0x78, 0x73, 0xe7, 0x30, 0xe1, 0x80,

    /* U+D391 "펑" */
    0x0, 0x7, 0xff, 0x8c, 0xcc, 0x19, 0x98, 0x33,
    0x33, 0xe6, 0x60, 0xcc, 0xc1, 0x99, 0x93, 0xff,
    0xe6, 0x0, 0xc, 0x0, 0x0, 0x3f, 0x81, 0xc0,
    0xc3, 0x0, 0xce, 0x1, 0x8c, 0x3, 0x1c, 0x1c,
    0xf, 0xe0,

    /* U+D398 "페" */
    0x0, 0x36, 0x0, 0x6f, 0xfc, 0xdb, 0x31, 0xb6,
    0x63, 0x6c, 0xc6, 0xd9, 0xbd, 0xb3, 0x7b, 0x66,
    0x36, 0xcc, 0x6d, 0x98, 0xdb, 0x39, 0xbf, 0xfb,
    0x7a, 0x6, 0xc0, 0xd, 0x80, 0x1b, 0x0, 0x36,
    0x0, 0xc,

    /* U+D399 "펙" */
    0x0, 0x36, 0x0, 0x6f, 0xfc, 0xdf, 0xf9, 0xb6,
    0x63, 0x6c, 0xde, 0xd9, 0xbd, 0xb3, 0x1b, 0x66,
    0x36, 0xcf, 0x6e, 0x20, 0xd8, 0x0, 0x0, 0x0,
    0x7, 0xff, 0xc0, 0x1, 0x80, 0x3, 0x0, 0x6,
    0x0, 0xc, 0x0, 0x18,

    /* U+D39C "펜" */
    0x0, 0x36, 0x0, 0x36, 0xff, 0x36, 0xff, 0x36,
    0x66, 0x36, 0x66, 0x36, 0x66, 0xf6, 0x66, 0xf6,
    0x66, 0x36, 0x66, 0xb6, 0xff, 0xb6, 0xe0, 0x36,
    0x0, 0x36, 0x18, 0x0, 0x18, 0x0, 0x18, 0x0,
    0x18, 0x0, 0x1f, 0xff,

    /* U+D3A0 "펠" */
    0x0, 0x36, 0xff, 0x36, 0x66, 0x36, 0x66, 0x36,
    0x66, 0xf6, 0x66, 0x36, 0x66, 0x36, 0xff, 0xb6,
    0xf0, 0x36, 0x0, 0x0, 0x1f, 0xfe, 0x0, 0x6,
    0x0, 0x6, 0x1f, 0xfe, 0x18, 0x0, 0x18, 0x0,
    0x18, 0x0, 0x1f, 0xff,

    /* U+D3A8 "펨" */
    0x0, 0x37, 0xfe, 0x6d, 0x98, 0xdb, 0x31, 0xb6,
    0x6f, 0x6c, 0xc6, 0xd9, 0x8d, 0xb3, 0x5b, 0xff,
    0xb6, 0x0, 0x6c, 0x0, 0x0, 0xff, 0xf1, 0x80,
    0x63, 0x0, 0xc6, 0x1, 0x8c, 0x3, 0x18, 0x6,
    0x3f, 0xfc,

    /* U+D3A9 "펩" */
    0x0, 0x37, 0xfe, 0x6f, 0xfc, 0xdb, 0x31, 0xb6,
    0x6f, 0x6c, 0xde, 0xd9, 0x8d, 0xb3, 0x1b, 0xff,
    0xb7, 0x10, 0x6c, 0x0, 0x0, 0x0, 0x1, 0x80,
    0x63, 0xff, 0xc6, 0x1, 0x8c, 0x3, 0x18, 0x6,
    0x3f, 0xfc,

    /* U+D3AB "펫" */
    0x0, 0x36, 0xff, 0x36, 0xff, 0x36, 0x66, 0x36,
    0x66, 0x36, 0x67, 0xf6, 0x66, 0x36, 0x66, 0x36,
    0xff, 0xb6, 0xfe, 0x36, 0x0, 0x6, 0x1, 0xc6,
    0x1, 0xc0, 0x1, 0xe0, 0x3, 0xf0, 0xf, 0x3c,
    0x3e, 0xf, 0x10, 0x2,

    /* U+D3AD "펭" */
    0x0, 0x6, 0x0, 0x6f, 0xfc, 0xdb, 0x31, 0xb6,
    0x63, 0x6c, 0xc6, 0xd9, 0xbd, 0xb3, 0x1b, 0x66,
    0x37, 0xff, 0x6c, 0x0, 0xd8, 0x0, 0x30, 0x3f,
    0x1, 0xc1, 0x86, 0x1, 0x8c, 0x3, 0x18, 0x6,
    0x1c, 0x18, 0xf, 0xe0,

    /* U+D3B4 "펴" */
    0x0, 0x3, 0x7f, 0xe3, 0x19, 0x83, 0x19, 0x83,
    0x19, 0x9f, 0x19, 0x83, 0x19, 0x83, 0x19, 0x83,
    0x19, 0x83, 0x19, 0x9f, 0x19, 0x83, 0x19, 0x83,
    0x7f, 0xf3, 0x0, 0x3, 0x0, 0x3, 0x0, 0x3,
    0x0, 0x3, 0x0, 0x3,

    /* U+D3B8 "편" */
    0x0, 0x6, 0xff, 0xc6, 0xff, 0xc6, 0x33, 0x6,
    0x33, 0x3e, 0x33, 0x6, 0x33, 0x6, 0x33, 0x3e,
    0x33, 0x3e, 0x33, 0x26, 0xff, 0xe6, 0xfe, 0x6,
    0x0, 0x6, 0x18, 0x0, 0x18, 0x0, 0x18, 0x0,
    0x18, 0x0, 0x1f, 0xff,

    /* U+D3BC "펼" */
    0x0, 0x6, 0xff, 0xc6, 0x33, 0x3e, 0x33, 0x6,
    0x33, 0x6, 0x33, 0x3e, 0x33, 0x3e, 0xff, 0xe6,
    0x0, 0x6, 0x0, 0x0, 0x1f, 0xfe, 0x0, 0x6,
    0x0, 0x6, 0x1f, 0xfe, 0x18, 0x0, 0x18, 0x0,
    0x18, 0x0, 0x1f, 0xff,

    /* U+D3C4 "폄" */
    0x0, 0x7, 0xff, 0x8f, 0xff, 0x19, 0x99, 0xf3,
    0x30, 0x66, 0x60, 0xcc, 0xcf, 0x99, 0x83, 0xff,
    0xe6, 0x0, 0xc, 0x0, 0x0, 0xff, 0xf1, 0x80,
    0x63, 0x0, 0xc6, 0x1, 0x8c, 0x3, 0x18, 0x6,
    0x3f, 0xfc,

    /* U+D3C5 "폅" */
    0x0, 0x7, 0xff, 0x8f, 0xff, 0x19, 0x99, 0xf3,
    0x30, 0x66, 0x60, 0xcc, 0xcf, 0x99, 0x9f, 0xff,
    0xe7, 0xff, 0xc, 0x0, 0x0, 0x0, 0x0, 0x0,
    0x3, 0x0, 0xc7, 0xff, 0x8c, 0x3, 0x18, 0x6,
    0x30, 0xc, 0x7f, 0xf8,

    /* U+D3C8 "폈" */
    0x0, 0x6, 0x7f, 0xe3, 0x3f, 0xf1, 0x86, 0x67,
    0xc3, 0x33, 0xe1, 0x98, 0x30, 0xcc, 0xf8, 0x66,
    0x7c, 0x33, 0xc6, 0x7f, 0xf3, 0x0, 0x1, 0x80,
    0x0, 0x0, 0xc1, 0x80, 0x70, 0xc0, 0x78, 0xf0,
    0x76, 0x7c, 0x73, 0xe7, 0xb0, 0xe1, 0x80,

    /* U+D3C9 "평" */
    0x0, 0x7, 0xff, 0x8f, 0xff, 0x19, 0x99, 0xf3,
    0x30, 0x66, 0x60, 0xcc, 0xcf, 0x99, 0x9f, 0xff,
    0xe6, 0x0, 0xc, 0x0, 0x0, 0x3f, 0x81, 0xc0,
    0xc3, 0x0, 0xce, 0x1, 0x8c, 0x3, 0x1c, 0xc,
    0xf, 0xe0,

    /* U+D3D0 "폐" */
    0x0, 0x36, 0x0, 0x6f, 0xfc, 0xdb, 0x31, 0xb6,
    0x63, 0x6c, 0xde, 0xd9, 0x8d, 0xb3, 0x1b, 0x66,
    0x36, 0xcd, 0xed, 0x98, 0xdb, 0x31, 0xbf, 0xfb,
    0x7e, 0x6, 0xc0, 0xd, 0x80, 0x1b, 0x0, 0x36,
    0x0, 0xc,

    /* U+D3D8 "폘" */
    0x0, 0x6, 0xff, 0x36, 0xff, 0x36, 0x66, 0xf6,
    0x66, 0x36, 0x66, 0x36, 0x66, 0xf6, 0x66, 0x36,
    0xff, 0x36, 0x0, 0x36, 0x0, 0x0, 0x1f, 0xfe,
    0x0, 0x6, 0x0, 0x6, 0x1f, 0xfe, 0x18, 0x0,
    0x18, 0x0, 0x18, 0x0, 0x1f, 0xff,

    /* U+D3E1 "폡" */
    0x0, 0x37, 0xfe, 0x6f, 0xfc, 0xdb, 0x37, 0xb6,
    0x63, 0x6c, 0xc6, 0xd9, 0xbd, 0xb3, 0x9b, 0xff,
    0x36, 0x0, 0x6c, 0x0, 0x0, 0x0, 0x1, 0x80,
    0x63, 0xff, 0xc6, 0x1, 0x8c, 0x3, 0x18, 0x6,
    0x3f, 0xfc,

    /* U+D3E3 "폣" */
    0x0, 0x36, 0xff, 0x36, 0xff, 0x36, 0x66, 0xf6,
    0x66, 0xf6, 0x66, 0x36, 0x66, 0xf6, 0x66, 0xf6,
    0xff, 0x36, 0xff, 0xb6, 0x0, 0x6, 0x0, 0xc6,
    0x1, 0xc0, 0x1, 0xe0, 0x3, 0xf0, 0xf, 0x3c,
    0x3c, 0xf, 0x0, 0x0,

    /* U+D3EC "포" */
    0x7f, 0xfe, 0x6, 0xc, 0x3, 0x6, 0x1, 0x83,
    0x0, 0xc1, 0x80, 0x60, 0xc0, 0x30, 0x60, 0x18,
    0x30, 0x7f, 0xfe, 0x0, 0xe0, 0x0, 0x70, 0x0,
    0x38, 0x0, 0x1c, 0x7, 0xff, 0xfc,

    /* U+D3ED "폭" */
    0x7f, 0xfe, 0x6, 0xc, 0x3, 0x6, 0x1, 0x83,
    0x0, 0xc1, 0x80, 0x60, 0xc1, 0xff, 0xf8, 0x3,
    0x0, 0x1, 0x80, 0x7f, 0xff, 0xc0, 0x0, 0x0,
    0x0, 0x3, 0xff, 0xe0, 0x0, 0x30, 0x0, 0x18,
    0x0, 0xc, 0x0, 0x6, 0x0, 0x3, 0x0,

    /* U+D3F0 "폰" */
    0x3f, 0xfe, 0x6, 0xc, 0x3, 0x6, 0x1, 0x83,
    0x0, 0xc1, 0x80, 0x60, 0xc0, 0xff, 0xf8, 0x3,
    0x80, 0x1, 0xc0, 0x7f, 0xff, 0xc0, 0x0, 0x0,
    0x0, 0x0, 0x0, 0x0, 0x0, 0x0, 0xc0, 0x0,
    0x60, 0x0, 0x30, 0x0, 0x1f, 0xff, 0x0,

    /* U+D3F4 "폴" */
    0x3f, 0xfe, 0x6, 0xc, 0x3, 0x6, 0x1, 0x83,
    0x0, 0xc1, 0x81, 0xff, 0xf0, 0x7, 0x0, 0x3,
    0x80, 0xff, 0xff, 0x80, 0x0, 0x0, 0x0, 0x7,
    0xff, 0xc0, 0x0, 0x61, 0xff, 0xf0, 0xc0, 0x0,
    0x60, 0x0, 0x30, 0x0, 0x1f, 0xff, 0x0,

    /* U+D3FC "폼" */
    0x3f, 0xfe, 0x6, 0xc, 0x3, 0x6, 0x1, 0x83,
    0x0, 0xc1, 0x81, 0xff, 0xf0, 0x7, 0x0, 0x3,
    0x80, 0x1, 0xc0, 0x7f, 0xff, 0xc0, 0x0, 0x0,
    0x0, 0x3, 0xff, 0xe1, 0x80, 0x30, 0xc0, 0x18,
    0x60, 0xc, 0x30, 0x6, 0x1f, 0xff, 0x0,

    /* U+D3FD "폽" */
    0x3f, 0xfe, 0x6, 0xc, 0x3, 0x6, 0x1, 0x83,
    0x0, 0xc1, 0x81, 0xff, 0xf0, 0x7, 0x0, 0x3,
    0x80, 0x1, 0xc0, 0x7f, 0xff, 0xc0, 0x0, 0x0,
    0x0, 0x3, 0x0, 0x61, 0xff, 0xf0, 0xc0, 0x18,
    0x60, 0xc, 0x30, 0x6, 0x1f, 0xff, 0x0,

    /* U+D3FF "폿" */
    0x3f, 0xfe, 0x6, 0xc, 0x3, 0x6, 0x1, 0x83,
    0x0, 0xc1, 0x81, 0xff, 0xf0, 0x7, 0x0, 0x3,
    0x80, 0x1, 0xc0, 0x7f, 0xff, 0xc0, 0x0, 0x0,
    0x38, 0x0, 0x1c, 0x0, 0x1e, 0x0, 0x1d, 0xc0,
    0x7c, 0x7c, 0x38, 0xe, 0x0,

    /* U+D401 "퐁" */
    0x3f, 0xfe, 0x6, 0xc, 0x3, 0x6, 0x1, 0x83,
    0x0, 0xc1, 0x81, 0xff, 0xf0, 0x7, 0x0, 0x3,
    0x80, 0x1, 0xc0, 0x7f, 0xff, 0xc0, 0x0, 0x0,
    0x0, 0x0, 0xff, 0x0, 0xc0, 0x60, 0xc0, 0x18,
    0x60, 0xc, 0x18, 0xc, 0x7, 0xf8, 0x0,

    /* U+D408 "퐈" */
    0x0, 0x6, 0x1f, 0xf9, 0x81, 0x98, 0x60, 0x66,
    0x18, 0x19, 0x86, 0x6, 0x61, 0x81, 0x98, 0x60,
    0x66, 0x1f, 0x7f, 0xe7, 0xc1, 0x81, 0x80, 0x60,
    0x60, 0x18, 0x18, 0xff, 0xf6, 0x1f, 0xf1, 0x80,
    0x0, 0x60, 0x0, 0x18, 0x0, 0x6, 0x0, 0x1,
    0x80,

    /* U+D41D "퐝" */
    0x0, 0x6, 0x3f, 0xf3, 0x6, 0x61, 0x83, 0x30,
    0xc1, 0x98, 0x60, 0xcc, 0x3d, 0xff, 0x9e, 0xc,
    0xc, 0x6, 0x6, 0x7f, 0xfb, 0x3f, 0xf1, 0x80,
    0x0, 0xc0, 0x7f, 0x80, 0xe0, 0x60, 0x60, 0x18,
    0x30, 0xc, 0x1c, 0xc, 0x3, 0xfc, 0x0,

    /* U+D440 "푀" */
    0x0, 0x6, 0xff, 0xec, 0x63, 0x18, 0xc6, 0x31,
    0x8c, 0x63, 0x18, 0xc6, 0x31, 0x8c, 0x63, 0x7f,
    0xf6, 0xe, 0xc, 0x1c, 0x18, 0x38, 0x3f, 0xff,
    0x6f, 0xf8, 0xc0, 0x1, 0x80, 0x3, 0x0, 0x6,
    0x0, 0xc,

    /* U+D444 "푄" */
    0x0, 0x6, 0x7f, 0xe6, 0x7f, 0xe6, 0x19, 0x86,
    0x19, 0x86, 0x19, 0x86, 0x19, 0x86, 0x7f, 0xe6,
    0x6, 0x6, 0x6, 0x6, 0xff, 0xf6, 0xff, 0xf6,
    0x0, 0x6, 0x0, 0x0, 0x18, 0x0, 0x18, 0x0,
    0x18, 0x0, 0x1f, 0xff,

    /* U+D45C "표" */
    0x7f, 0xfe, 0x6, 0xc, 0x3, 0x6, 0x1, 0x83,
    0x0, 0xc1, 0x80, 0x60, 0xc0, 0x30, 0x60, 0x18,
    0x30, 0x7f, 0xfe, 0x7, 0x18, 0x3, 0x8c, 0x1,
    0xc6, 0x0, 0xe3, 0x7, 0xff, 0xfc,

    /* U+D460 "푠" */
    0x3f, 0xfe, 0x6, 0xc, 0x3, 0x6, 0x1, 0x83,
    0x0, 0xc1, 0x80, 0x60, 0xc0, 0xff, 0xf8, 0x1c,
    0x60, 0xe, 0x30, 0x7, 0x18, 0x3f, 0xff, 0xe0,
    0x0, 0x0, 0x0, 0x0, 0x0, 0x0, 0xc0, 0x0,
    0x60, 0x0, 0x30, 0x0, 0x1f, 0xff, 0x0,

    /* U+D464 "푤" */
    0x3f, 0xfe, 0x6, 0xc, 0x3, 0x6, 0x1, 0x83,
    0x0, 0xc1, 0x81, 0xff, 0xf0, 0x38, 0xc0, 0x1c,
    0x60, 0xff, 0xff, 0x80, 0x0, 0x0, 0x0, 0x7,
    0xff, 0xc0, 0x0, 0x61, 0xff, 0xf0, 0xc0, 0x0,
    0x60, 0x0, 0x30, 0x0, 0x1f, 0xff, 0x0,

    /* U+D46D "푭" */
    0x3f, 0xfe, 0x6, 0xc, 0x3, 0x6, 0x1, 0x83,
    0x0, 0xc1, 0x81, 0xff, 0xf0, 0x38, 0xc0, 0x1c,
    0x60, 0xe, 0x30, 0x7f, 0xff, 0xc0, 0x0, 0x0,
    0x0, 0x3, 0x0, 0x61, 0xff, 0xf0, 0xc0, 0x18,
    0x60, 0xc, 0x30, 0x6, 0x1f, 0xff, 0x0,

    /* U+D46F "푯" */
    0x3f, 0xfe, 0x6, 0xc, 0x3, 0x6, 0x1, 0x83,
    0x0, 0xc1, 0x81, 0xff, 0xf0, 0x38, 0xc0, 0x1c,
    0x60, 0xe, 0x30, 0x7f, 0xff, 0xc0, 0x0, 0x0,
    0x38, 0x0, 0x1c, 0x0, 0x1f, 0x0, 0x1d, 0xc0,
    0x7c, 0x7c, 0x38, 0xe, 0x0,

    /* U+D478 "푸" */
    0x3f, 0xfe, 0x6, 0xc, 0x3, 0x6, 0x1, 0x83,
    0x0, 0xc1, 0x80, 0x60, 0xc0, 0xff, 0xf8, 0x0,
    0x0, 0x0, 0x0, 0x7f, 0xff, 0xc0, 0x70, 0x0,
    0x38, 0x0, 0x1c, 0x0, 0xe, 0x0, 0x7, 0x0,
    0x3, 0x80, 0x1, 0xc0, 0x0,

    /* U+D479 "푹" */
    0x3f, 0xfe, 0x6, 0xc, 0x3, 0x6, 0x1, 0x83,
    0x0, 0xc1, 0x80, 0x60, 0xc0, 0xff, 0xf8, 0x0,
    0x0, 0x0, 0x0, 0x7f, 0xff, 0xc0, 0x70, 0x0,
    0x38, 0x3, 0xff, 0xe0, 0x0, 0x30, 0x0, 0x18,
    0x0, 0xc, 0x0, 0x6, 0x0, 0x3, 0x0,

    /* U+D47C "푼" */
    0x3f, 0xfe, 0x6, 0xc, 0x3, 0x6, 0x1, 0x83,
    0x0, 0xc1, 0x80, 0x60, 0xc0, 0xff, 0xf8, 0x0,
    0x0, 0x0, 0x0, 0x7f, 0xff, 0xc0, 0x30, 0x0,
    0x18, 0x0, 0xc, 0x0, 0x0, 0x0, 0xc0, 0x0,
    0x60, 0x0, 0x30, 0x0, 0x1f, 0xff, 0x0,

    /* U+D47F "푿" */
    0x3f, 0xfe, 0x6, 0xc, 0x3, 0x6, 0x1, 0x83,
    0x0, 0xc1, 0x81, 0xff, 0xf0, 0x0, 0x0, 0x0,
    0x0, 0x0, 0x0, 0x7f, 0xff, 0xc0, 0x70, 0x0,
    0x38, 0x3, 0xff, 0xe1, 0x80, 0x0, 0xc0, 0x0,
    0x60, 0x0, 0x30, 0x0, 0x1f, 0xff, 0x0,

    /* U+D480 "풀" */
    0x3f, 0xfe, 0x6, 0xc, 0x3, 0x6, 0x1, 0x83,
    0x0, 0xc1, 0x81, 0xff, 0xf0, 0x0, 0x1, 0xff,
    0xff, 0x1, 0xc0, 0x0, 0xe0, 0x0, 0x70, 0x7,
    0xff, 0xc0, 0x0, 0x61, 0xff, 0xf0, 0xc0, 0x0,
    0x60, 0x0, 0x30, 0x0, 0x1f, 0xff, 0x0,

    /* U+D482 "풂" */
    0x3f, 0xfe, 0x6, 0xc, 0x3, 0x6, 0x1, 0x83,
    0x0, 0xc1, 0x81, 0xff, 0xf0, 0x0, 0x0, 0x0,
    0x0, 0xff, 0xff, 0x80, 0xe0, 0x0, 0x70, 0x7,
    0xef, 0xc0, 0x36, 0x61, 0xfb, 0x30, 0xc1, 0x98,
    0x60, 0xcc, 0x30, 0x66, 0x1f, 0xbf, 0x0,

    /* U+D488 "품" */
    0x3f, 0xfe, 0x6, 0xc, 0x3, 0x6, 0x1, 0x83,
    0x0, 0xc1, 0x81, 0xff, 0xf0, 0x0, 0x0, 0x0,
    0x0, 0xff, 0xff, 0x80, 0xe0, 0x0, 0x70, 0x0,
    0x38, 0x3, 0xff, 0xe1, 0x80, 0x30, 0xc0, 0x18,
    0x60, 0xc, 0x30, 0x6, 0x1f, 0xff, 0x0,

    /* U+D489 "풉" */
    0x3f, 0xfe, 0x6, 0xc, 0x3, 0x6, 0x1, 0x83,
    0x0, 0xc1, 0x81, 0xff, 0xf0, 0x0, 0x0, 0x0,
    0x0, 0xff, 0xff, 0x80, 0xe0, 0x0, 0x70, 0x0,
    0x0, 0x3, 0x0, 0x61, 0xff, 0xf0, 0xc0, 0x18,
    0x60, 0xc, 0x30, 0x6, 0x1f, 0xff, 0x0,

    /* U+D48B "풋" */
    0x3f, 0xfe, 0x6, 0xc, 0x3, 0x6, 0x1, 0x83,
    0x0, 0xc1, 0x81, 0xff, 0xf0, 0x0, 0x0, 0x0,
    0x0, 0xff, 0xff, 0x80, 0xe0, 0x0, 0x70, 0x0,
    0x0, 0x0, 0x1c, 0x0, 0xe, 0x0, 0x1d, 0xc0,
    0xfc, 0x7e, 0x30, 0x6, 0x0,

    /* U+D48D "풍" */
    0x3f, 0xfe, 0x6, 0xc, 0x3, 0x6, 0x1, 0x83,
    0x0, 0xc1, 0x81, 0xff, 0xf0, 0x0, 0x0, 0x0,
    0x0, 0xff, 0xff, 0x80, 0xe0, 0x0, 0x70, 0x0,
    0x38, 0x0, 0xff, 0x81, 0xc0, 0x60, 0xc0, 0x18,
    0x60, 0xc, 0x18, 0xc, 0x3, 0xfc, 0x0,

    /* U+D494 "풔" */
    0x0, 0x6, 0xff, 0xcc, 0x66, 0x18, 0xcc, 0x31,
    0x98, 0x63, 0x30, 0xdf, 0xf9, 0x80, 0x3, 0x0,
    0x6, 0x0, 0x6f, 0xff, 0xd8, 0x30, 0x30, 0x60,
    0x60, 0xcf, 0xc1, 0x81, 0x83, 0x3, 0x6, 0x6,
    0xc, 0xc,

    /* U+D4A9 "풩" */
    0x0, 0x6, 0xff, 0xcc, 0x66, 0x18, 0xcc, 0x31,
    0x98, 0x63, 0x30, 0xdf, 0xf9, 0x80, 0x3, 0x0,
    0x37, 0xff, 0xec, 0x30, 0x18, 0x63, 0xf0, 0xc0,
    0x60, 0xff, 0x7, 0x3, 0xc, 0x3, 0x18, 0x6,
    0x38, 0x18, 0x1f, 0xe0,

    /* U+D4CC "퓌" */
    0x0, 0x6, 0xff, 0xcc, 0x66, 0x18, 0xcc, 0x31,
    0x98, 0x63, 0x30, 0xc6, 0x61, 0xbf, 0xf3, 0x0,
    0x6, 0x0, 0xf, 0xff, 0xd8, 0x30, 0x30, 0x60,
    0x60, 0xc0, 0xc1, 0x81, 0x83, 0x3, 0x6, 0x6,
    0xc, 0xc,

    /* U+D4D0 "퓐" */
    0x0, 0x6, 0x7f, 0xe6, 0x7f, 0xe6, 0x19, 0x86,
    0x19, 0x86, 0x19, 0x86, 0x19, 0x86, 0x7f, 0xe6,
    0x7f, 0xe6, 0x0, 0x6, 0x1, 0xf6, 0xff, 0xf6,
    0xff, 0x6, 0x6, 0x6, 0x0, 0x0, 0x30, 0x0,
    0x30, 0x0, 0x30, 0x0, 0x3f, 0xff,

    /* U+D4D4 "퓔" */
    0x0, 0x6, 0x7f, 0xe6, 0x19, 0x86, 0x19, 0x86,
    0x19, 0x86, 0x7f, 0xe6, 0x0, 0x6, 0x1, 0xf6,
    0xff, 0xf6, 0x6, 0x6, 0x6, 0x0, 0x6, 0x0,
    0x3f, 0xfe, 0x0, 0x6, 0x1f, 0xfe, 0x18, 0x0,
    0x18, 0x0, 0x18, 0x0, 0x1f, 0xff,

    /* U+D4DC "퓜" */
    0x0, 0x6, 0xff, 0xcc, 0x66, 0x18, 0xcc, 0x31,
    0x98, 0x6f, 0xfc, 0xdf, 0xf9, 0x80, 0x3, 0xff,
    0xf7, 0xff, 0xec, 0x18, 0x18, 0x30, 0x1, 0xff,
    0xe3, 0x0, 0xc6, 0x1, 0x8c, 0x3, 0x18, 0x6,
    0x3f, 0xfc,

    /* U+D4DF "퓟" */
    0x0, 0x6, 0x7f, 0xe6, 0x7f, 0xe6, 0x19, 0x86,
    0x19, 0x86, 0x19, 0x86, 0x7f, 0xe6, 0x0, 0x6,
    0x3f, 0xf6, 0xff, 0xe6, 0x6, 0x6, 0x6, 0x6,
    0x6, 0xe6, 0x0, 0xe0, 0x1, 0xf0, 0x7, 0xbc,
    0x1e, 0xf, 0x10, 0x1,

    /* U+D4E8 "퓨" */
    0x3f, 0xfe, 0x6, 0xc, 0x3, 0x6, 0x1, 0x83,
    0x0, 0xc1, 0x80, 0x60, 0xc0, 0xff, 0xf8, 0x0,
    0x0, 0x0, 0x0, 0x7f, 0xff, 0xc3, 0x6, 0x1,
    0x83, 0x0, 0xc1, 0x80, 0x60, 0xc0, 0x30, 0x60,
    0x18, 0x30, 0xc, 0x18, 0x0,

    /* U+D4EC "퓬" */
    0x3f, 0xfe, 0x6, 0xc, 0x3, 0x6, 0x1, 0x83,
    0x0, 0xc1, 0x80, 0x60, 0xc0, 0xff, 0xf8, 0x0,
    0x0, 0x0, 0x0, 0x7f, 0xff, 0xc0, 0xc6, 0x0,
    0x63, 0x0, 0x31, 0x80, 0x0, 0x0, 0xc0, 0x0,
    0x60, 0x0, 0x30, 0x0, 0x1f, 0xff, 0x0,

    /* U+D4F0 "퓰" */
    0x3f, 0xfe, 0x6, 0x1c, 0x3, 0xe, 0x1, 0x87,
    0x3, 0xff, 0xe0, 0x0, 0x0, 0x0, 0x1, 0xff,
    0xff, 0xe, 0x38, 0x7, 0x1c, 0x3, 0x8e, 0x7,
    0xff, 0xc0, 0x0, 0x61, 0xff, 0xf0, 0xc0, 0x0,
    0x60, 0x0, 0x30, 0x0, 0x1f, 0xff, 0x0,

    /* U+D4F8 "퓸" */
    0x3f, 0xfe, 0x6, 0x1c, 0x3, 0xe, 0x1, 0x87,
    0x0, 0xc3, 0x81, 0xff, 0xf0, 0x0, 0x0, 0x0,
    0x0, 0xff, 0xff, 0x87, 0x1c, 0x3, 0x8e, 0x1,
    0xc7, 0x3, 0xff, 0xe1, 0x80, 0x30, 0xc0, 0x18,
    0x60, 0xc, 0x30, 0x6, 0x1f, 0xff, 0x0,

    /* U+D4FB "퓻" */
    0x3f, 0xfe, 0x6, 0xc, 0x3, 0x6, 0x1, 0x83,
    0x0, 0xc1, 0x81, 0xff, 0xf0, 0x0, 0x0, 0x0,
    0x0, 0x0, 0x0, 0x7f, 0xff, 0xc3, 0x6, 0x1,
    0xbb, 0x0, 0xdd, 0x80, 0xe, 0x0, 0xd, 0x80,
    0x1e, 0xf0, 0x7c, 0x1f, 0x10, 0x1, 0x0,

    /* U+D4FD "퓽" */
    0x3f, 0xfe, 0x6, 0xc, 0x3, 0x6, 0x1, 0x83,
    0x0, 0xc1, 0x81, 0xff, 0xf0, 0x0, 0x0, 0x0,
    0x0, 0xff, 0xff, 0x86, 0xc, 0x3, 0x6, 0x1,
    0x83, 0x0, 0xff, 0x81, 0xc0, 0x60, 0xc0, 0x18,
    0x60, 0xc, 0x18, 0xc, 0x7, 0xf8, 0x0,

    /* U+D504 "프" */
    0x7f, 0xfe, 0x6, 0xc, 0x3, 0x6, 0x1, 0x83,
    0x0, 0xc1, 0x80, 0x60, 0xc0, 0x30, 0x60, 0x18,
    0x30, 0x7f, 0xfe, 0x0, 0x0, 0x0, 0x0, 0x0,
    0x0, 0x0, 0x0, 0x7, 0xff, 0xfc,

    /* U+D508 "픈" */
    0x3f, 0xfe, 0x6, 0xc, 0x3, 0x6, 0x1, 0x83,
    0x0, 0xc1, 0x81, 0xff, 0xf0, 0x0, 0x0, 0x0,
    0x0, 0xff, 0xff, 0x80, 0x0, 0x0, 0x0, 0x0,
    0x0, 0x0, 0x0, 0x1, 0x80, 0x0, 0xc0, 0x0,
    0x60, 0x0, 0x3f, 0xfe, 0x0,

    /* U+D50C "플" */
    0x3f, 0xfe, 0x6, 0xc, 0x3, 0x6, 0x1, 0x83,
    0x0, 0xc1, 0x81, 0xff, 0xf0, 0x0, 0x0, 0x0,
    0x0, 0xff, 0xff, 0x80, 0x0, 0x0, 0x0, 0x7,
    0xff, 0xc0, 0x0, 0x61, 0xff, 0xf0, 0xc0, 0x0,
    0x60, 0x0, 0x30, 0x0, 0x1f, 0xff, 0x0,

    /* U+D514 "픔" */
    0x3f, 0xfe, 0x6, 0xc, 0x3, 0x6, 0x1, 0x83,
    0x0, 0xc1, 0x81, 0xff, 0xf0, 0x0, 0x0, 0x0,
    0x0, 0x0, 0x0, 0x7f, 0xff, 0xc0, 0x0, 0x0,
    0x0, 0x3, 0xff, 0xe1, 0x80, 0x30, 0xc0, 0x18,
    0x60, 0xc, 0x30, 0x6, 0x1f, 0xff, 0x0,

    /* U+D515 "픕" */
    0x3f, 0xfe, 0x6, 0xc, 0x3, 0x6, 0x1, 0x83,
    0x0, 0xc1, 0x81, 0xff, 0xf0, 0x0, 0x0, 0x0,
    0x0, 0xff, 0xff, 0x80, 0x0, 0x0, 0x0, 0x0,
    0x0, 0x3, 0x0, 0x61, 0xff, 0xf0, 0xc0, 0x18,
    0x60, 0xc, 0x30, 0x6, 0x1f, 0xff, 0x0,

    /* U+D517 "픗" */
    0x3f, 0xfe, 0x6, 0xc, 0x3, 0x6, 0x1, 0x83,
    0x0, 0xc1, 0x80, 0x60, 0xc0, 0xff, 0xf8, 0x0,
    0x0, 0x0, 0x0, 0x7f, 0xff, 0xc0, 0x0, 0x0,
    0x38, 0x0, 0x1c, 0x0, 0xe, 0x0, 0x1d, 0x80,
    0x3c, 0x78, 0x3c, 0x1e, 0x0, 0x0, 0x0,

    /* U+D53C "피" */
    0x0, 0xc, 0x0, 0x3f, 0xfc, 0xcc, 0xc3, 0x33,
    0xc, 0xcc, 0x33, 0x30, 0xcc, 0xc3, 0x33, 0xc,
    0xcc, 0x33, 0x30, 0xcc, 0xc3, 0xff, 0xec, 0x0,
    0x30, 0x0, 0xc0, 0x3, 0x0, 0xc, 0x0, 0x30,

    /* U+D53D "픽" */
    0x0, 0xf, 0xff, 0x3f, 0xfc, 0xcc, 0xc3, 0x33,
    0xc, 0xcc, 0x33, 0x30, 0xcc, 0xc3, 0xff, 0xef,
    0xff, 0x30, 0x0, 0xc0, 0x0, 0x0, 0x0, 0xff,
    0xf0, 0x0, 0xc0, 0x3, 0x0, 0xc, 0x0, 0x30,
    0x0, 0xc0,

    /* U+D540 "핀" */
    0x0, 0xc, 0x0, 0x3f, 0xfc, 0xff, 0xf3, 0x33,
    0xc, 0xcc, 0x33, 0x30, 0xcc, 0xc3, 0x33, 0xc,
    0xcf, 0xbf, 0xfe, 0xf8, 0x3, 0x0, 0xc, 0xc0,
    0x3, 0x0, 0xc, 0x0, 0x30, 0x0, 0xff, 0xf0,

    /* U+D544 "필" */
    0x0, 0xd, 0xff, 0x9b, 0xff, 0x31, 0x98, 0x63,
    0x30, 0xc6, 0x61, 0x8c, 0xc3, 0x7f, 0xe6, 0x0,
    0xc, 0x0, 0x0, 0xff, 0xf0, 0x0, 0x60, 0x0,
    0xc7, 0xff, 0x8c, 0x0, 0x18, 0x0, 0x30, 0x0,
    0x7f, 0xfc,

    /* U+D54C "핌" */
    0x0, 0xf, 0xff, 0x3f, 0xfc, 0xcc, 0xc3, 0x33,
    0xc, 0xcc, 0x33, 0x30, 0xcc, 0xfb, 0xff, 0xec,
    0x0, 0x30, 0x0, 0xf, 0xff, 0x30, 0xc, 0xc0,
    0x33, 0x0, 0xcc, 0x3, 0x30, 0xc, 0xff, 0xf0,

    /* U+D54D "핍" */
    0x0, 0xf, 0xff, 0x3f, 0xfc, 0xcc, 0xc3, 0x33,
    0xc, 0xcc, 0x33, 0x30, 0xcc, 0xfb, 0xff, 0xec,
    0x0, 0x30, 0x0, 0x0, 0x0, 0x0, 0x0, 0xff,
    0xf3, 0x0, 0xcc, 0x3, 0x30, 0xc, 0xc0, 0x33,
    0xff, 0xc0,

    /* U+D54F "핏" */
    0x0, 0xd, 0xff, 0x9b, 0xff, 0x31, 0x98, 0x63,
    0x30, 0xc6, 0x61, 0x8c, 0xc3, 0x19, 0x86, 0xff,
    0xed, 0xff, 0x18, 0x0, 0x30, 0xe, 0x60, 0x1c,
    0x0, 0x38, 0x0, 0xd8, 0x7, 0x3c, 0x7c, 0x1e,
    0x60, 0x8,

    /* U+D551 "핑" */
    0x0, 0xf, 0xff, 0x33, 0x30, 0xcc, 0xc3, 0x33,
    0xc, 0xcc, 0x33, 0x30, 0xcc, 0xcb, 0xff, 0xec,
    0x0, 0x30, 0x0, 0x3, 0xf8, 0x1c, 0x18, 0xc0,
    0x33, 0x0, 0xcc, 0x3, 0x1c, 0x18, 0x3f, 0xc0,

    /* U+D558 "하" */
    0xe, 0xc, 0x7, 0x6, 0x3, 0x83, 0x1f, 0xfd,
    0x80, 0x0, 0xc0, 0x20, 0x60, 0xfe, 0x30, 0xe3,
    0x9f, 0x60, 0xcc, 0x30, 0x66, 0x18, 0x33, 0x6,
    0x31, 0x81, 0xf0, 0xc0, 0x0, 0x60, 0x0, 0x30,
    0x0, 0x18, 0x0, 0xc, 0x0, 0x6, 0x0,

    /* U+D559 "학" */
    0xc, 0xc, 0x6, 0x6, 0x3f, 0xfb, 0x0, 0x1,
    0x81, 0xf0, 0xc1, 0xfc, 0x7d, 0x83, 0x30, 0xc1,
    0x98, 0x71, 0xcc, 0x1f, 0xc6, 0x0, 0x3, 0x0,
    0x0, 0x3, 0xff, 0xc0, 0x0, 0x60, 0x0, 0x30,
    0x0, 0x18, 0x0, 0xc, 0x0, 0x6, 0x0,

    /* U+D55C "한" */
    0xe, 0xc, 0x7, 0x6, 0x3f, 0xfb, 0x1f, 0xfd,
    0x80, 0x0, 0xc0, 0xf8, 0x60, 0xfe, 0x3e, 0xc1,
    0x9f, 0x60, 0xcc, 0x30, 0x66, 0xe, 0xe3, 0x3,
    0xe1, 0x80, 0x0, 0xc0, 0xc0, 0x0, 0x60, 0x0,
    0x30, 0x0, 0x18, 0x0, 0xf, 0xff, 0x0,

    /* U+D560 "할" */
    0xe, 0xc, 0x7, 0x6, 0x3f, 0xfb, 0x0, 0x1,
    0x81, 0xf0, 0xc1, 0xfc, 0x7d, 0x83, 0x30, 0xc1,
    0x98, 0x7f, 0xcc, 0xf, 0x86, 0x0, 0x0, 0x3,
    0xff, 0x80, 0x0, 0xc0, 0x0, 0x60, 0x7f, 0xf0,
    0x30, 0x0, 0x18, 0x0, 0xc, 0x0, 0x7, 0xff,
    0x80,

    /* U+D565 "핥" */
    0xe, 0xc, 0x7, 0x6, 0x3f, 0xfb, 0x0, 0x1,
    0x83, 0xf8, 0xfb, 0xde, 0x7d, 0x83, 0x30, 0xc1,
    0x98, 0x3f, 0x8c, 0xf, 0x86, 0x0, 0x0, 0x0,
    0x0, 0x3, 0xf7, 0xc0, 0x1b, 0x0, 0xfd, 0xf0,
    0x60, 0xc0, 0x30, 0x60, 0x18, 0x30, 0xf, 0xdf,
    0x80,

    /* U+D568 "함" */
    0xe, 0xc, 0x7, 0x6, 0x3f, 0xfb, 0x0, 0x1,
    0x80, 0xe0, 0xc1, 0xfc, 0x7d, 0x83, 0x30, 0xc1,
    0x98, 0x60, 0xcc, 0x1f, 0xc6, 0x3, 0x83, 0x0,
    0x0, 0x0, 0x0, 0x0, 0xff, 0xe0, 0x60, 0x30,
    0x30, 0x18, 0x18, 0xc, 0xc, 0x6, 0x7, 0xff,
    0x0,

    /* U+D569 "합" */
    0xe, 0xc, 0x7, 0x6, 0x3f, 0xfb, 0x0, 0x1,
    0x81, 0xf0, 0xfb, 0xde, 0x7d, 0x83, 0x30, 0xc1,
    0x98, 0x3f, 0x8c, 0xf, 0x86, 0x0, 0x0, 0x0,
    0x0, 0x1, 0x80, 0xc0, 0xff, 0xe0, 0x60, 0x30,
    0x30, 0x18, 0x18, 0xc, 0xf, 0xfe, 0x0,

    /* U+D56B "핫" */
    0xe, 0xc, 0x7, 0x6, 0x3f, 0xfb, 0x1f, 0xfd,
    0x80, 0x40, 0xc1, 0xfc, 0x7d, 0xc7, 0x3e, 0xc1,
    0x98, 0x60, 0xcc, 0x3d, 0xe6, 0x7, 0xc3, 0x0,
    0x1, 0x80, 0xc, 0xc0, 0x6, 0x0, 0x7, 0x80,
    0x6, 0xe0, 0x1e, 0x3c, 0x1e, 0x7, 0x0,

    /* U+D56D "항" */
    0xe, 0x6, 0x7, 0x3, 0x3f, 0xf9, 0x80, 0x0,
    0xc1, 0xf0, 0x61, 0xfc, 0x3d, 0x83, 0x18, 0xc1,
    0x8c, 0x71, 0xc6, 0xf, 0x83, 0x0, 0x1, 0x80,
    0x0, 0xc0, 0x7f, 0x80, 0xe0, 0x60, 0xe0, 0x18,
    0x70, 0xc, 0x1c, 0xc, 0x3, 0xfc, 0x0,

    /* U+D574 "해" */
    0x1c, 0x33, 0x1c, 0x33, 0xff, 0xb3, 0xff, 0xb3,
    0x0, 0x33, 0x1c, 0x33, 0x3e, 0x33, 0x63, 0x3f,
    0x63, 0x3f, 0x41, 0xb3, 0x63, 0x33, 0x63, 0x33,
    0x3e, 0x33, 0x1c, 0x33, 0x0, 0x33, 0x0, 0x33,
    0x0, 0x33, 0x0, 0x3,

    /* U+D575 "핵" */
    0x18, 0x26, 0x30, 0x4f, 0xfe, 0x98, 0x1, 0x31,
    0xc2, 0x6f, 0xe7, 0xd0, 0xc9, 0xa1, 0x93, 0x63,
    0x26, 0xfc, 0x4c, 0x20, 0x98, 0x0, 0x1, 0xff,
    0xe0, 0x0, 0xc0, 0x1, 0x80, 0x3, 0x0, 0x6,
    0x0, 0xc,

    /* U+D578 "핸" */
    0x1c, 0x33, 0x1c, 0x33, 0xff, 0xb3, 0xff, 0xb3,
    0x0, 0x33, 0x1c, 0x33, 0x7f, 0x33, 0x63, 0x3f,
    0x63, 0x3f, 0x63, 0x33, 0x63, 0x33, 0x7f, 0x33,
    0x1c, 0x33, 0x0, 0x33, 0x1c, 0x0, 0x1c, 0x0,
    0x1c, 0x0, 0x1c, 0x0, 0x1f, 0xff,

    /* U+D57C "핼" */
    0x18, 0x3, 0x18, 0x33, 0xff, 0xb3, 0x0, 0x33,
    0x3e, 0x33, 0x7f, 0x3f, 0x63, 0x33, 0x63, 0x33,
    0x7f, 0x33, 0x1e, 0x33, 0x0, 0x0, 0x1f, 0xff,
    0x0, 0x3, 0x0, 0x3, 0x1f, 0xff, 0x18, 0x0,
    0x18, 0x0, 0x18, 0x0, 0x1f, 0xff,

    /* U+D584 "햄" */
    0x18, 0x33, 0x18, 0x33, 0xff, 0xb3, 0xff, 0xb3,
    0x1c, 0x33, 0x7f, 0x3f, 0x63, 0x33, 0x61, 0x33,
    0x63, 0x33, 0x3e, 0x33, 0x0, 0x33, 0x0, 0x0,
    0x0, 0x0, 0x1f, 0xff, 0x18, 0x3, 0x18, 0x3,
    0x18, 0x3, 0x18, 0x3, 0x1f, 0xff,

    /* U+D585 "햅" */
    0x18, 0x33, 0x18, 0x33, 0xff, 0xb3, 0x0, 0x33,
    0x3e, 0x3f, 0x7f, 0x3f, 0x63, 0x33, 0x63, 0x33,
    0x7f, 0x33, 0x1c, 0x33, 0x0, 0x0, 0x0, 0x0,
    0x18, 0x3, 0x1f, 0xff, 0x18, 0x3, 0x18, 0x3,
    0x18, 0x3, 0x1f, 0xff,

    /* U+D587 "햇" */
    0x1c, 0x33, 0xe, 0x19, 0xbf, 0xec, 0xdf, 0xf6,
    0x60, 0x3, 0x31, 0xf1, 0xf9, 0xdc, 0xfc, 0xc6,
    0x66, 0x63, 0x33, 0x3b, 0x99, 0x8f, 0x8c, 0xc0,
    0x6, 0x60, 0xe, 0x30, 0x7, 0x0, 0x7, 0x80,
    0x7, 0x70, 0xf, 0x1e, 0xe, 0x3, 0xc0,

    /* U+D588 "했" */
    0x1c, 0x26, 0xe, 0x13, 0x3f, 0xe9, 0x80, 0x4,
    0xc1, 0xc2, 0x63, 0xf9, 0xf1, 0x8c, 0x98, 0xc2,
    0x4c, 0x63, 0x26, 0x1f, 0x13, 0x0, 0x9, 0x80,
    0x0, 0x0, 0x61, 0x80, 0x70, 0xc0, 0x38, 0xf0,
    0x36, 0xfc, 0x71, 0xe7, 0x10, 0x60, 0x80,

    /* U+D589 "행" */
    0x18, 0x3, 0x18, 0x33, 0xff, 0xb3, 0xff, 0xb3,
    0x0, 0x33, 0x3e, 0x3f, 0x63, 0x33, 0x61, 0x33,
    0x63, 0x33, 0x7f, 0x33, 0x3e, 0x33, 0x0, 0x3,
    0x3, 0xf8, 0xe, 0x6, 0x1c, 0x3, 0x18, 0x3,
    0x1c, 0x3, 0xe, 0xe, 0x3, 0xf8,

    /* U+D590 "햐" */
    0xe, 0xc, 0x7, 0x6, 0x3, 0x83, 0x1f, 0xfd,
    0x80, 0x0, 0xf8, 0x0, 0x7c, 0x7c, 0x30, 0x63,
    0x18, 0x60, 0xcc, 0x30, 0x67, 0xd8, 0x33, 0xe6,
    0x31, 0x81, 0xf0, 0xc0, 0x0, 0x60, 0x0, 0x30,
    0x0, 0x18, 0x0, 0xc, 0x0, 0x6, 0x0,

    /* U+D5A5 "향" */
    0xe, 0x6, 0x7, 0x3, 0x3f, 0xf9, 0x80, 0x0,
    0xf1, 0xf0, 0x63, 0x8c, 0x31, 0x83, 0x18, 0xc1,
    0x8f, 0x71, 0xc6, 0xf, 0x83, 0x0, 0x1, 0x80,
    0x0, 0xc0, 0x7f, 0x80, 0xe0, 0x60, 0xe0, 0x18,
    0x70, 0xc, 0x1c, 0xc, 0x3, 0xfc, 0x0,

    /* U+D5C8 "허" */
    0xc, 0x6, 0x18, 0xc, 0x30, 0x1f, 0xff, 0x30,
    0x0, 0x61, 0x80, 0xcf, 0xc1, 0x98, 0xdf, 0x61,
    0x86, 0xc1, 0x8d, 0x83, 0x1b, 0x8c, 0x33, 0xf8,
    0x63, 0xc0, 0xc0, 0x1, 0x80, 0x3, 0x0, 0x6,
    0x0, 0xc,

    /* U+D5C9 "헉" */
    0xc, 0x6, 0x18, 0xf, 0xff, 0x98, 0x0, 0x31,
    0xe0, 0x67, 0xf7, 0xd8, 0x6f, 0xb0, 0x63, 0x71,
    0x86, 0x7f, 0xc, 0x0, 0x18, 0x0, 0x1, 0xff,
    0xe0, 0x0, 0xc0, 0x1, 0x80, 0x3, 0x0, 0x6,
    0x0, 0xc,

    /* U+D5CC "헌" */
    0xc, 0x6, 0x18, 0xf, 0xff, 0x9f, 0xff, 0x30,
    0x0, 0x61, 0xc0, 0xcf, 0xe1, 0xb8, 0xdf, 0x61,
    0xfe, 0xc1, 0x8d, 0x86, 0x19, 0xfc, 0x31, 0xf0,
    0x60, 0x0, 0xc6, 0x0, 0xc, 0x0, 0x18, 0x0,
    0x30, 0x0, 0x7f, 0xf8,

    /* U+D5D0 "헐" */
    0xc, 0x6, 0xff, 0xe6, 0x0, 0x6, 0x1e, 0x6,
    0x3f, 0x86, 0x73, 0xfe, 0x60, 0xc6, 0x73, 0x86,
    0x1f, 0x6, 0x0, 0x0, 0x1f, 0xfe, 0x0, 0x6,
    0x0, 0x6, 0x1f, 0xfe, 0x18, 0x0, 0x18, 0x0,
    0x18, 0x0, 0x1f, 0xff,

    /* U+D5D2 "헒" */
    0xc, 0x6, 0x18, 0xf, 0xff, 0x98, 0x0, 0x33,
    0xf0, 0x6e, 0x77, 0xd8, 0x31, 0xb0, 0xc3, 0x3f,
    0x86, 0x3c, 0xc, 0x0, 0x0, 0x0, 0x3, 0xf7,
    0xe0, 0x6c, 0xcf, 0xd9, 0x98, 0x33, 0x30, 0x66,
    0x60, 0xcc, 0xff, 0xf8,

    /* U+D5D8 "험" */
    0xc, 0x6, 0x18, 0xf, 0xff, 0x98, 0x0, 0x31,
    0xe0, 0x67, 0xf7, 0xd8, 0x6f, 0xb0, 0x63, 0x61,
    0x86, 0x7f, 0xc, 0x38, 0x18, 0x0, 0x0, 0x0,
    0x3, 0xff, 0xc6, 0x1, 0x8c, 0x3, 0x18, 0x6,
    0x30, 0xc, 0x7f, 0xf8,

    /* U+D5D9 "헙" */
    0xc, 0x6, 0x18, 0xf, 0xff, 0x98, 0x0, 0x31,
    0xf0, 0x6f, 0x77, 0xd8, 0x3f, 0xb0, 0xc3, 0x3f,
    0x86, 0x3e, 0xc, 0x0, 0x0, 0x0, 0x1, 0x80,
    0x63, 0xff, 0xc6, 0x1, 0x8c, 0x3, 0x18, 0x6,
    0x3f, 0xfc,

    /* U+D5DB "헛" */
    0xc, 0x6, 0xc, 0x6, 0xff, 0xe6, 0xff, 0xe6,
    0xc, 0x6, 0x3f, 0x86, 0x71, 0xbe, 0x60, 0xfe,
    0x61, 0xc6, 0x73, 0x86, 0x1f, 0x6, 0x0, 0x6,
    0x0, 0xc6, 0x0, 0xe0, 0x1, 0xe0, 0x3, 0xb0,
    0x1f, 0x1e, 0x3c, 0xf,

    /* U+D5DD "헝" */
    0xe, 0x6, 0x1c, 0xf, 0xff, 0x98, 0x0, 0x33,
    0xf8, 0x6e, 0x3b, 0xd8, 0x31, 0xb0, 0x63, 0x3f,
    0x86, 0x3e, 0xc, 0x0, 0x18, 0x3f, 0x80, 0xe0,
    0xc3, 0x0, 0xc6, 0x1, 0x8c, 0x3, 0xe, 0xc,
    0x7, 0xf0,

    /* U+D5E4 "헤" */
    0x18, 0x33, 0x18, 0x33, 0x18, 0x33, 0xff, 0xb3,
    0x0, 0x33, 0x18, 0x33, 0x3e, 0x33, 0x67, 0xf3,
    0x43, 0x33, 0x43, 0x33, 0x43, 0x33, 0x63, 0x33,
    0x7e, 0x33, 0x1c, 0x33, 0x0, 0x33, 0x0, 0x33,
    0x0, 0x33, 0x0, 0x3,

    /* U+D5E5 "헥" */
    0x18, 0x33, 0x18, 0x33, 0xff, 0xb3, 0xff, 0xb3,
    0x1c, 0x33, 0x7e, 0xf3, 0x63, 0xf3, 0x43, 0x33,
    0x63, 0x33, 0x3e, 0x33, 0x8, 0x33, 0x0, 0x0,
    0x1f, 0xff, 0x0, 0x3, 0x0, 0x3, 0x0, 0x3,
    0x0, 0x3, 0x0, 0x3,

    /* U+D5E8 "헨" */
    0x18, 0x33, 0x18, 0x33, 0xff, 0xb3, 0xff, 0xb3,
    0x0, 0x33, 0x1c, 0x33, 0x7e, 0xf3, 0x63, 0xf3,
    0x63, 0x33, 0x43, 0x33, 0x63, 0x33, 0x7e, 0x33,
    0x1c, 0x33, 0x0, 0x33, 0x18, 0x0, 0x18, 0x0,
    0x18, 0x0, 0x18, 0x0, 0x1f, 0xff,

    /* U+D5EC "헬" */
    0x18, 0x33, 0xc, 0x19, 0xbf, 0xec, 0xc0, 0x6,
    0x63, 0xe3, 0x33, 0x3f, 0x99, 0xc, 0xcc, 0xc6,
    0x66, 0x7e, 0x33, 0xe, 0x19, 0x80, 0x0, 0x0,
    0x0, 0x1, 0xff, 0xf0, 0x0, 0x18, 0x7f, 0xfc,
    0x30, 0x0, 0x18, 0x0, 0xc, 0x0, 0x7, 0xff,
    0xe0,

    /* U+D5F4 "헴" */
    0x18, 0x33, 0x18, 0x33, 0xff, 0xb3, 0xff, 0xb3,
    0x1c, 0x33, 0x7e, 0xf3, 0x63, 0xf3, 0x43, 0x33,
    0x63, 0x33, 0x7e, 0x33, 0x1c, 0x33, 0x0, 0x0,
    0x0, 0x0, 0x1f, 0xff, 0x18, 0x3, 0x18, 0x3,
    0x18, 0x3, 0x18, 0x3, 0x1f, 0xff,

    /* U+D5F5 "헵" */
    0x18, 0x33, 0x18, 0x33, 0xff, 0xb3, 0x0, 0x33,
    0x3e, 0x33, 0x77, 0xf3, 0x43, 0x33, 0x63, 0x33,
    0x7e, 0x33, 0x1c, 0x33, 0x0, 0x0, 0x0, 0x0,
    0x18, 0x3, 0x1f, 0xff, 0x18, 0x3, 0x18, 0x3,
    0x18, 0x3, 0x1f, 0xff,

    /* U+D5F7 "헷" */
    0x1c, 0x33, 0xe, 0x19, 0xbf, 0xec, 0xdf, 0xf6,
    0x60, 0x3, 0x31, 0xf1, 0x99, 0x9d, 0xcc, 0xc6,
    0x66, 0x63, 0x33, 0x39, 0x99, 0x8f, 0x8c, 0xc0,
    0x6, 0x60, 0x4, 0x30, 0x6, 0x0, 0x3, 0x80,
    0x7, 0x60, 0xf, 0x1e, 0xe, 0x3, 0xc0,

    /* U+D5F9 "헹" */
    0x18, 0x33, 0x18, 0x33, 0xff, 0xb3, 0x0, 0x33,
    0x3e, 0x33, 0x77, 0xf3, 0x63, 0x33, 0x63, 0x33,
    0x7f, 0x33, 0x3e, 0x33, 0x0, 0x3, 0x3, 0xf8,
    0xe, 0x6, 0x1c, 0x3, 0x18, 0x3, 0x1c, 0x3,
    0xe, 0xe, 0x3, 0xf8,

    /* U+D600 "혀" */
    0xc, 0x6, 0x18, 0xc, 0x30, 0x1f, 0xff, 0x30,
    0x0, 0x60, 0x0, 0xc7, 0xcf, 0x98, 0xc3, 0x60,
    0x86, 0xc1, 0x8d, 0x83, 0xfb, 0x8d, 0xf3, 0xf8,
    0x63, 0xe0, 0xc0, 0x1, 0x80, 0x3, 0x0, 0x6,
    0x0, 0xc,

    /* U+D601 "혁" */
    0xc, 0x6, 0x18, 0xf, 0xff, 0x1f, 0xfe, 0x30,
    0x43, 0xe7, 0xe7, 0xdc, 0xe1, 0xb0, 0xc3, 0x61,
    0xbe, 0xe7, 0x7c, 0xfc, 0x18, 0x0, 0x30, 0x0,
    0x3, 0xff, 0xc0, 0x1, 0x80, 0x3, 0x0, 0x6,
    0x0, 0xc, 0x0, 0x18,

    /* U+D604 "현" */
    0xc, 0x6, 0x18, 0xf, 0xff, 0x1f, 0xfe, 0x30,
    0x0, 0x61, 0x87, 0xcf, 0xcf, 0xb9, 0xc3, 0x61,
    0x86, 0xc3, 0xd, 0x86, 0xf9, 0xfd, 0xf3, 0xf0,
    0x60, 0x0, 0xc0, 0x0, 0xc, 0x0, 0x18, 0x0,
    0x30, 0x0, 0x7f, 0xf8,

    /* U+D608 "혈" */
    0xc, 0x6, 0xff, 0xc6, 0xff, 0xc6, 0x0, 0x6,
    0x3f, 0x3e, 0x73, 0x86, 0x61, 0x86, 0x61, 0xbe,
    0x3f, 0xbe, 0x1e, 0x6, 0x0, 0x0, 0x0, 0x0,
    0x1f, 0xfe, 0x0, 0x6, 0x1f, 0xfe, 0x18, 0x0,
    0x18, 0x0, 0x18, 0x0, 0x1f, 0xff,

    /* U+D610 "혐" */
    0xc, 0x6, 0x18, 0xf, 0xff, 0x18, 0x0, 0x31,
    0xe3, 0xe7, 0xf7, 0xd8, 0x61, 0xb0, 0xc3, 0x61,
    0xbe, 0x7e, 0xc, 0x78, 0x18, 0x0, 0x0, 0x0,
    0x3, 0xff, 0xc6, 0x1, 0x8c, 0x3, 0x18, 0x6,
    0x30, 0xc, 0x7f, 0xf8,

    /* U+D611 "협" */
    0xc, 0x6, 0x18, 0xf, 0xff, 0x18, 0x0, 0x31,
    0xe3, 0xe7, 0xe7, 0xd8, 0x61, 0xb0, 0xc3, 0x61,
    0xbe, 0x7f, 0x7c, 0x78, 0x18, 0x0, 0x0, 0x0,
    0x3, 0x0, 0xc7, 0xff, 0x8c, 0x3, 0x18, 0x6,
    0x30, 0xc, 0x7f, 0xf8,

    /* U+D613 "혓" */
    0xc, 0x6, 0xc, 0x6, 0xff, 0xc6, 0xff, 0xc6,
    0x1e, 0x3e, 0x3f, 0x3e, 0x61, 0x86, 0x61, 0x86,
    0x61, 0xbe, 0x73, 0xbe, 0x3f, 0x6, 0x0, 0x6,
    0x0, 0xc6, 0x0, 0xe0, 0x1, 0xe0, 0x7, 0x38,
    0x3e, 0x1f, 0x38, 0x7,

    /* U+D614 "혔" */
    0xc, 0x6, 0x6, 0x3, 0x3f, 0xf1, 0x80, 0x0,
    0xc1, 0xe3, 0xe3, 0xfc, 0x31, 0x86, 0x18, 0xc3,
    0x7c, 0x61, 0xbe, 0x1f, 0x83, 0x0, 0x1, 0x81,
    0x83, 0x0, 0xc1, 0x80, 0x70, 0xc0, 0x78, 0xf0,
    0x76, 0xcc, 0x71, 0xe3, 0x0, 0x40, 0x80,

    /* U+D615 "형" */
    0xc, 0x6, 0x18, 0xf, 0xff, 0x18, 0x0, 0x31,
    0xe3, 0xee, 0x30, 0xd8, 0x61, 0xb0, 0xdf, 0x71,
    0xbe, 0x3c, 0xc, 0x0, 0x18, 0x0, 0x0, 0x7f,
    0x83, 0x81, 0x86, 0x1, 0x8c, 0x3, 0x1c, 0xc,
    0xf, 0xf0,

    /* U+D61C "혜" */
    0x18, 0x33, 0x18, 0x33, 0x18, 0x33, 0xff, 0xb3,
    0x0, 0x33, 0x8, 0x33, 0x3e, 0xf3, 0x67, 0x33,
    0x63, 0x33, 0x43, 0x33, 0x43, 0xf3, 0x63, 0xf3,
    0x7e, 0x33, 0x1c, 0x33, 0x0, 0x33, 0x0, 0x33,
    0x0, 0x33, 0x0, 0x3,

    /* U+D620 "혠" */
    0x18, 0x33, 0x18, 0x33, 0xff, 0xb3, 0xff, 0xb3,
    0x0, 0x33, 0x1c, 0x33, 0x7e, 0xf3, 0x63, 0xf3,
    0x63, 0x33, 0x43, 0x33, 0x63, 0xf3, 0x7f, 0xf3,
    0x3e, 0x33, 0x0, 0x33, 0x0, 0x0, 0x18, 0x0,
    0x18, 0x0, 0x18, 0x0, 0x1f, 0xff,

    /* U+D624 "혤" */
    0x18, 0x33, 0xc, 0x19, 0xbf, 0xec, 0xc0, 0x6,
    0x63, 0xef, 0x33, 0x3f, 0x99, 0xc, 0xcc, 0xc7,
    0xe6, 0x7f, 0xf3, 0xe, 0x19, 0x80, 0x0, 0x3,
    0xff, 0xe0, 0x0, 0x30, 0xff, 0xf8, 0x60, 0x0,
    0x30, 0x0, 0x18, 0x0, 0xf, 0xff, 0xc0,

    /* U+D62D "혭" */
    0x18, 0x33, 0x18, 0x33, 0xff, 0xb3, 0xff, 0xb3,
    0x18, 0x33, 0x7e, 0xf3, 0x63, 0x33, 0x43, 0x33,
    0x63, 0xf3, 0x7e, 0x33, 0x1c, 0x33, 0x0, 0x0,
    0x0, 0x0, 0x18, 0x3, 0x1f, 0xff, 0x18, 0x3,
    0x18, 0x3, 0x18, 0x3, 0x1f, 0xff,

    /* U+D638 "호" */
    0x1, 0xc0, 0x0, 0xe0, 0x1f, 0xff, 0xc0, 0x0,
    0x0, 0x0, 0x0, 0x3f, 0x80, 0x70, 0x70, 0x60,
    0x1c, 0x30, 0xe, 0xe, 0xe, 0x3, 0xfe, 0x0,
    0x38, 0x0, 0x1c, 0x0, 0xe, 0x3, 0xff, 0xfe,

    /* U+D639 "혹" */
    0x1, 0xc0, 0x0, 0xe0, 0x1f, 0xff, 0xc0, 0x0,
    0x0, 0xff, 0x80, 0xc0, 0x60, 0xc0, 0x38, 0x70,
    0x18, 0xf, 0xf8, 0x0, 0xe0, 0x0, 0x70, 0x1f,
    0xff, 0xf0, 0x0, 0x0, 0x0, 0x0, 0xff, 0xf8,
    0x0, 0x1c, 0x0, 0xe, 0x0, 0x7, 0x0, 0x3,
    0x80,

    /* U+D63C "혼" */
    0x1, 0x80, 0x0, 0xc0, 0x1f, 0xff, 0xc0, 0x0,
    0x0, 0xff, 0x0, 0xc0, 0xe0, 0xc0, 0x30, 0x30,
    0x38, 0xf, 0xf0, 0x0, 0xc0, 0x0, 0x60, 0x1f,
    0xff, 0xf0, 0x0, 0x0, 0x0, 0x0, 0x0, 0x0,
    0x60, 0x0, 0x30, 0x0, 0x18, 0x0, 0xf, 0xff,
    0x80,

    /* U+D640 "홀" */
    0x1, 0x80, 0x0, 0xc0, 0x1f, 0xff, 0xc0, 0x0,
    0x0, 0xff, 0x81, 0xc0, 0x60, 0xe0, 0x30, 0x3f,
    0xf0, 0x1, 0x80, 0x0, 0xc0, 0x3f, 0xff, 0xe0,
    0x0, 0x3, 0xff, 0xc0, 0x0, 0x60, 0x0, 0x30,
    0x7f, 0xf8, 0x30, 0x0, 0x18, 0x0, 0xf, 0xff,
    0x80,

    /* U+D645 "홅" */
    0x1, 0x80, 0x0, 0xc0, 0x1f, 0xff, 0xc0, 0x0,
    0x0, 0xff, 0x81, 0xc0, 0x60, 0xe0, 0x30, 0x3f,
    0xf0, 0x1, 0x80, 0x7f, 0xff, 0xff, 0xff, 0xe0,
    0x0, 0x3, 0xf7, 0xc0, 0x1b, 0x0, 0xd, 0x80,
    0x7e, 0xf8, 0x30, 0x60, 0x18, 0x30, 0xf, 0xdf,
    0x80,

    /* U+D648 "홈" */
    0x1, 0xc0, 0x0, 0xe0, 0x1f, 0xff, 0xc0, 0x0,
    0x0, 0xff, 0x0, 0xc0, 0x60, 0xe0, 0x38, 0x30,
    0x18, 0xf, 0xf8, 0x0, 0xe0, 0x0, 0x70, 0x1f,
    0xff, 0xf0, 0x0, 0x1, 0xff, 0xf0, 0xc0, 0x18,
    0x60, 0xc, 0x30, 0x6, 0x18, 0x3, 0xf, 0xff,
    0x80,

    /* U+D649 "홉" */
    0x1, 0xc0, 0x0, 0xe0, 0x1f, 0xff, 0xc0, 0x0,
    0x0, 0xff, 0x0, 0xc0, 0x60, 0xe0, 0x38, 0x30,
    0x18, 0xf, 0xf8, 0x0, 0xe0, 0x3f, 0xff, 0xe0,
    0x0, 0x0, 0x0, 0x0, 0x0, 0x0, 0xff, 0xf8,
    0x60, 0xc, 0x30, 0x6, 0x18, 0x3, 0xf, 0xff,
    0x80,

    /* U+D64B "홋" */
    0x1, 0xc0, 0x0, 0xe0, 0x1f, 0xff, 0xc0, 0x0,
    0x0, 0xff, 0x0, 0xc0, 0x60, 0xe0, 0x38, 0x30,
    0x18, 0xf, 0xf8, 0x0, 0xe0, 0x0, 0x70, 0x1f,
    0xff, 0xf0, 0x0, 0x0, 0xe, 0x0, 0x7, 0x0,
    0x7, 0xc0, 0x1f, 0x7c, 0x3e, 0xf, 0x80,

    /* U+D64D "홍" */
    0x1, 0xc0, 0x0, 0xe0, 0x1f, 0xff, 0xc0, 0x0,
    0x0, 0xff, 0x0, 0xc0, 0x60, 0xe0, 0x38, 0x30,
    0x18, 0xf, 0xf8, 0x0, 0xe0, 0x3f, 0xff, 0xff,
    0xff, 0xf0, 0x0, 0x0, 0x7f, 0xc0, 0x60, 0x30,
    0x60, 0xc, 0x30, 0x6, 0xc, 0x6, 0x3, 0xfe,
    0x0,

    /* U+D651 "홑" */
    0x1, 0x80, 0x0, 0xc0, 0x1f, 0xff, 0xc0, 0x0,
    0x0, 0xff, 0x81, 0xc0, 0x60, 0xe0, 0x30, 0x3f,
    0xf0, 0x1, 0x80, 0x7f, 0xff, 0xff, 0xff, 0xe0,
    0x0, 0x3, 0xff, 0xe1, 0x80, 0x0, 0xc0, 0x0,
    0x7f, 0xf8, 0x30, 0x0, 0x18, 0x0, 0xf, 0xff,
    0x80,

    /* U+D654 "화" */
    0xe, 0xc, 0x7, 0x6, 0x3f, 0xfb, 0x0, 0x1,
    0x81, 0xf0, 0xc1, 0x8c, 0x61, 0x83, 0x30, 0xc1,
    0x9f, 0x60, 0xcc, 0x1d, 0xc6, 0x7, 0xc3, 0x1,
    0xc1, 0x80, 0xe0, 0xc7, 0xff, 0x60, 0x0, 0x30,
    0x0, 0x18, 0x0, 0xc, 0x0, 0x6, 0x0,

    /* U+D655 "확" */
    0xc, 0xc, 0x7f, 0xe6, 0x3f, 0xf3, 0x3, 0xc1,
    0x87, 0xf8, 0xc3, 0xc, 0x7d, 0x86, 0x3e, 0x7e,
    0x18, 0xc, 0xc, 0x6, 0x36, 0x3f, 0xfb, 0x12,
    0x1, 0x80, 0x0, 0x1, 0xff, 0xe0, 0x0, 0x30,
    0x0, 0x18, 0x0, 0xc, 0x0, 0x6, 0x0,

    /* U+D658 "환" */
    0xc, 0xc, 0x6, 0x6, 0x3f, 0xf3, 0x0, 0x1,
    0x83, 0xf0, 0xc3, 0xc, 0x61, 0x86, 0x3e, 0xff,
    0x18, 0x3f, 0xc, 0x6, 0x6, 0x3, 0x3b, 0x1f,
    0xfd, 0x8f, 0xe0, 0xc0, 0x0, 0x60, 0xc0, 0x0,
    0x60, 0x0, 0x30, 0x0, 0x1f, 0xff, 0x0,

    /* U+D65C "활" */
    0xc, 0xc, 0x7f, 0xe6, 0x0, 0x3, 0x7, 0xe1,
    0x86, 0x18, 0xfb, 0xc, 0x7d, 0xce, 0x30, 0x7e,
    0x18, 0xc, 0xc, 0x7f, 0xf6, 0x0, 0x0, 0x7,
    0xff, 0x80, 0x0, 0xc0, 0x0, 0x60, 0xff, 0xf0,
    0x60, 0x0, 0x30, 0x0, 0x1f, 0xff, 0x0,

    /* U+D667 "홧" */
    0xc, 0xc, 0x7f, 0xe6, 0x3f, 0xf3, 0x3, 0x81,
    0x87, 0xf8, 0xc3, 0xc, 0x7d, 0x86, 0x3e, 0x7e,
    0x18, 0xc, 0xc, 0x6, 0x76, 0x3f, 0xfb, 0x0,
    0x1, 0x80, 0x18, 0xc0, 0x1c, 0x0, 0xf, 0x0,
    0x1d, 0xe0, 0x7c, 0x3e, 0x10, 0x3, 0x0,

    /* U+D669 "황" */
    0xc, 0xc, 0xff, 0xcc, 0x0, 0xc, 0x3f, 0xc,
    0x7f, 0x8c, 0x61, 0x8f, 0x61, 0x8c, 0x3f, 0xc,
    0xc, 0xc, 0xff, 0xec, 0xff, 0xcc, 0x0, 0xc,
    0xf, 0xf0, 0x38, 0x18, 0x30, 0xc, 0x30, 0xc,
    0x38, 0x18, 0xf, 0xf0,

    /* U+D670 "홰" */
    0xc, 0x33, 0xc, 0x33, 0xff, 0xb3, 0x0, 0x33,
    0x3e, 0x33, 0x7f, 0x33, 0x63, 0x33, 0x61, 0x3f,
    0x63, 0x3f, 0x3f, 0x33, 0xc, 0x33, 0xc, 0x33,
    0xff, 0xb3, 0xff, 0xb3, 0x0, 0x33, 0x0, 0x33,
    0x0, 0x33, 0x0, 0x3,

    /* U+D671 "홱" */
    0x18, 0x37, 0xff, 0x6f, 0xfe, 0xd8, 0xc1, 0xb7,
    0xf3, 0x68, 0x67, 0xd8, 0xcf, 0xbf, 0x9b, 0x18,
    0x36, 0x33, 0x6f, 0xfe, 0xd8, 0x1, 0xb0, 0x0,
    0x7, 0xff, 0xc0, 0x1, 0x80, 0x3, 0x0, 0x6,
    0x0, 0xc,

    /* U+D674 "홴" */
    0x1c, 0x36, 0x1c, 0x36, 0xff, 0xb6, 0x0, 0x36,
    0x3e, 0x36, 0x7f, 0x36, 0x63, 0x3e, 0x63, 0x3e,
    0x7f, 0x36, 0x3e, 0x36, 0x1c, 0x36, 0xff, 0xb6,
    0xff, 0xb6, 0x80, 0x36, 0x0, 0x0, 0x18, 0x0,
    0x18, 0x0, 0x18, 0x0, 0x1f, 0xff,

    /* U+D683 "횃" */
    0x1c, 0x36, 0x1c, 0x36, 0xff, 0xb6, 0x0, 0x36,
    0x7f, 0x36, 0x63, 0x3e, 0x63, 0x3e, 0x7f, 0x36,
    0x1c, 0x36, 0x1c, 0xb6, 0xff, 0xb6, 0xe0, 0x36,
    0x0, 0xc6, 0x0, 0xc0, 0x1, 0xe0, 0x7, 0xf0,
    0x3e, 0x1f, 0x30, 0x6,

    /* U+D685 "횅" */
    0x1c, 0x6, 0x38, 0x6f, 0xfe, 0xd8, 0x1, 0xb3,
    0xe3, 0x6f, 0xe6, 0xd8, 0xcf, 0xb1, 0x9b, 0x7f,
    0x36, 0x38, 0x6c, 0x70, 0xdf, 0xfd, 0xb0, 0x0,
    0x60, 0xff, 0x7, 0x3, 0xc, 0x3, 0x18, 0x6,
    0x38, 0x18, 0x1f, 0xe0,

    /* U+D68C "회" */
    0xe, 0xc, 0x38, 0x3f, 0xfe, 0xc0, 0x3, 0x1f,
    0xc, 0xc6, 0x36, 0xc, 0xd8, 0x33, 0x60, 0xcc,
    0xee, 0x31, 0xf0, 0xc3, 0x83, 0xe, 0xf, 0xff,
    0xb0, 0x0, 0xc0, 0x3, 0x0, 0xc, 0x0, 0x30,

    /* U+D68D "획" */
    0x3, 0x3, 0x7f, 0xf3, 0x7f, 0xf3, 0x7, 0x3,
    0x1f, 0xe3, 0x38, 0x63, 0x38, 0x63, 0x1f, 0xc3,
    0x3, 0x3, 0x3, 0x73, 0x7f, 0xfb, 0x0, 0x3,
    0x0, 0x0, 0xf, 0xff, 0x0, 0x3, 0x0, 0x3,
    0x0, 0x3, 0x0, 0x3,

    /* U+D690 "횐" */
    0x7, 0x3, 0x3f, 0xf9, 0x9f, 0xfc, 0xc0, 0x0,
    0x61, 0xfc, 0x31, 0x83, 0x18, 0xc1, 0x8c, 0x7f,
    0xc6, 0x1f, 0xc3, 0x3, 0x81, 0x81, 0xfc, 0xcf,
    0xff, 0x67, 0xf8, 0x30, 0x0, 0x18, 0x70, 0x0,
    0x38, 0x0, 0x1c, 0x0, 0xf, 0xff, 0xc0,

    /* U+D694 "횔" */
    0x7, 0x6, 0x7f, 0xf6, 0x7f, 0xf6, 0x1f, 0xc6,
    0x30, 0x66, 0x30, 0x66, 0x1f, 0xc6, 0x7, 0x6,
    0x7, 0xf6, 0x7f, 0xf6, 0x0, 0x0, 0x1f, 0xfe,
    0x0, 0x6, 0x0, 0x6, 0x1f, 0xfe, 0x18, 0x0,
    0x18, 0x0, 0x1f, 0xff,

    /* U+D69D "횝" */
    0x7, 0x3, 0x7f, 0xf3, 0x7f, 0xf3, 0xf, 0x83,
    0x3d, 0xe3, 0x30, 0x63, 0x3d, 0xe3, 0x1f, 0xc3,
    0x7, 0x3, 0x7f, 0xfb, 0x7f, 0xc3, 0x0, 0x0,
    0x0, 0x0, 0x1f, 0xff, 0x18, 0x3, 0x18, 0x3,
    0x18, 0x3, 0x1f, 0xff,

    /* U+D69F "횟" */
    0x7, 0x3, 0x3f, 0xf9, 0x9f, 0xfc, 0xc0, 0xe0,
    0x61, 0xfc, 0x31, 0x83, 0x18, 0xc3, 0x8c, 0x3f,
    0x86, 0x7, 0x3, 0x7f, 0xf9, 0x9f, 0xfe, 0xc0,
    0x0, 0x60, 0xe, 0x30, 0x7, 0x0, 0x7, 0xc0,
    0xf, 0x78, 0x3e, 0xf, 0x8c, 0x0, 0x80,

    /* U+D6A1 "횡" */
    0x7, 0x3, 0x7f, 0xf3, 0x0, 0x3, 0xf, 0x83,
    0x30, 0xe3, 0x30, 0x63, 0x3d, 0xe3, 0xf, 0x83,
    0x7, 0x3, 0xff, 0xf3, 0x7f, 0xe3, 0x0, 0x3,
    0x3, 0xfc, 0xe, 0x6, 0x1c, 0x3, 0x1c, 0x3,
    0xe, 0x6, 0x3, 0xfc,

    /* U+D6A8 "효" */
    0x1, 0xc0, 0x0, 0xe0, 0x1f, 0xff, 0xc0, 0x0,
    0x0, 0x0, 0x0, 0x3f, 0x80, 0x70, 0x70, 0x60,
    0x1c, 0x30, 0xe, 0xc, 0xe, 0x3, 0xfe, 0x1,
    0x83, 0x0, 0xc1, 0x80, 0x60, 0xc3, 0xff, 0xfe,

    /* U+D6AC "횬" */
    0x1, 0x80, 0x0, 0xc0, 0x1f, 0xff, 0xc0, 0x0,
    0x0, 0xff, 0x0, 0xc0, 0xe0, 0xc0, 0x30, 0x70,
    0x38, 0xf, 0xf8, 0x6, 0x18, 0x3, 0xc, 0x1f,
    0xff, 0xf0, 0x0, 0x0, 0x0, 0x0, 0x0, 0x0,
    0x60, 0x0, 0x30, 0x0, 0x18, 0x0, 0xf, 0xff,
    0x80,

    /* U+D6B0 "횰" */
    0x1, 0x80, 0x0, 0xc0, 0x1f, 0xff, 0xc0, 0x0,
    0x0, 0xff, 0x81, 0xc0, 0x60, 0xe0, 0x30, 0x1f,
    0xf0, 0xc, 0x30, 0x6, 0x18, 0x3f, 0xff, 0xe0,
    0x0, 0x3, 0xff, 0xc0, 0x0, 0x60, 0x0, 0x30,
    0x7f, 0xf8, 0x30, 0x0, 0x18, 0x0, 0xf, 0xff,
    0x80,

    /* U+D6B9 "횹" */
    0x1, 0xc0, 0x0, 0xe0, 0x1f, 0xff, 0xc0, 0x0,
    0x0, 0xff, 0x0, 0xc0, 0x60, 0xe0, 0x38, 0x30,
    0x18, 0xf, 0xf8, 0x7, 0x1c, 0x3f, 0xff, 0xe0,
    0x0, 0x0, 0x0, 0x0, 0x0, 0x0, 0xff, 0xf8,
    0x60, 0xc, 0x30, 0x6, 0x18, 0x3, 0xf, 0xff,
    0x80,

    /* U+D6BB "횻" */
    0x1, 0xc0, 0x0, 0xe0, 0x1f, 0xff, 0xc0, 0x0,
    0x0, 0xff, 0x0, 0xc0, 0x60, 0xe0, 0x38, 0x30,
    0x18, 0xf, 0xf8, 0x7, 0x1c, 0x3, 0x8e, 0x1f,
    0xff, 0xf0, 0x0, 0x0, 0xe, 0x0, 0x7, 0x0,
    0x7, 0xc0, 0x1f, 0x7c, 0x3e, 0xf, 0x0,

    /* U+D6C4 "후" */
    0x1, 0xc0, 0x0, 0xe0, 0x1f, 0xff, 0xcf, 0xff,
    0xe0, 0x0, 0x0, 0x3f, 0x80, 0x70, 0x70, 0x70,
    0x1c, 0x38, 0xe, 0xc, 0xe, 0x1, 0xfc, 0x0,
    0x0, 0x0, 0x0, 0x7, 0xff, 0xfc, 0x7, 0x0,
    0x3, 0x80, 0x1, 0xc0, 0x0, 0xe0, 0x0, 0x70,
    0x0,

    /* U+D6C5 "훅" */
    0x1, 0xc0, 0x0, 0xe0, 0x1f, 0xff, 0xc0, 0x0,
    0x0, 0xff, 0x0, 0xc0, 0x60, 0xc0, 0x38, 0x30,
    0x18, 0xf, 0xf8, 0x0, 0x0, 0x0, 0x0, 0x1f,
    0xff, 0xf0, 0x1c, 0x0, 0xe, 0x0, 0xff, 0xf8,
    0x0, 0x1c, 0x0, 0xe, 0x0, 0x7, 0x0, 0x3,
    0x80,

    /* U+D6C8 "훈" */
    0x1, 0x80, 0x0, 0xc0, 0x1f, 0xff, 0xc0, 0x0,
    0x0, 0xff, 0x0, 0xc0, 0xe0, 0xe0, 0x30, 0x60,
    0x18, 0x18, 0x1c, 0x3, 0xf8, 0x0, 0x0, 0x1f,
    0xff, 0xf0, 0x18, 0x0, 0xc, 0x0, 0x6, 0x0,
    0x60, 0x0, 0x30, 0x0, 0x18, 0x0, 0xf, 0xff,
    0x80,

    /* U+D6CC "훌" */
    0x1, 0x80, 0x0, 0xc0, 0x1f, 0xff, 0xc0, 0x0,
    0x0, 0xff, 0x81, 0xc0, 0x60, 0xe0, 0x70, 0x3f,
    0xf0, 0x0, 0x0, 0x7f, 0xff, 0xc0, 0x60, 0x0,
    0x30, 0x3, 0xff, 0xc0, 0x0, 0x60, 0x0, 0x30,
    0x7f, 0xf8, 0x30, 0x0, 0x18, 0x0, 0xf, 0xff,
    0x80,

    /* U+D6D1 "훑" */
    0x1, 0x80, 0x0, 0xc0, 0x1f, 0xff, 0xc0, 0x0,
    0x0, 0xff, 0x81, 0xc0, 0x60, 0xe0, 0x30, 0x1f,
    0xf0, 0x0, 0x0, 0x0, 0x0, 0x3f, 0xff, 0xe0,
    0x30, 0x3, 0xf7, 0xc0, 0x1b, 0x0, 0xd, 0x80,
    0x7e, 0xf8, 0x30, 0x60, 0x18, 0x30, 0xf, 0xdf,
    0x80,

    /* U+D6D4 "훔" */
    0x1, 0xc0, 0x0, 0xe0, 0x1f, 0xff, 0xc0, 0x0,
    0x0, 0xff, 0x0, 0xc0, 0x60, 0xe0, 0x38, 0x3e,
    0xf8, 0xf, 0xf8, 0x0, 0x0, 0x3f, 0xff, 0xe0,
    0x38, 0x0, 0x1c, 0x1, 0xff, 0xf0, 0xc0, 0x18,
    0x60, 0xc, 0x30, 0x6, 0x18, 0x3, 0xf, 0xff,
    0x80,

    /* U+D6D7 "훗" */
    0x1, 0xc0, 0x0, 0xe0, 0x1f, 0xff, 0xc0, 0x0,
    0x0, 0xff, 0x80, 0xc0, 0x60, 0xe0, 0x38, 0x30,
    0x18, 0xf, 0xf8, 0x0, 0x0, 0x3f, 0xff, 0xe0,
    0x38, 0x0, 0x1c, 0x0, 0xe, 0x0, 0x7, 0x0,
    0x6, 0xc0, 0x7e, 0x3f, 0x3c, 0x7, 0x0,

    /* U+D6D9 "훙" */
    0x1, 0xc0, 0x0, 0xe0, 0x1f, 0xff, 0xc0, 0x0,
    0x0, 0xff, 0x0, 0xc0, 0x60, 0xe0, 0x38, 0x3e,
    0xf8, 0xf, 0xf8, 0x0, 0x0, 0x3f, 0xff, 0xe0,
    0x38, 0x0, 0x1c, 0x0, 0x7f, 0xc0, 0xe0, 0x30,
    0x60, 0xc, 0x30, 0x6, 0xc, 0x6, 0x3, 0xfc,
    0x0,

    /* U+D6E0 "훠" */
    0x7, 0x3, 0x7f, 0xf3, 0x0, 0x3, 0x0, 0x3,
    0xf, 0x83, 0x38, 0x63, 0x30, 0x63, 0x38, 0x63,
    0xf, 0xc3, 0x0, 0x3, 0xff, 0xfb, 0x7f, 0xf3,
    0x7, 0x3, 0x7, 0x3f, 0x7, 0x3, 0x7, 0x3,
    0x7, 0x3, 0x7, 0x3,

    /* U+D6E4 "훤" */
    0x3, 0x3, 0x1, 0x81, 0x9f, 0xfc, 0xc0, 0x0,
    0x61, 0xfc, 0x31, 0xe7, 0x18, 0xc1, 0x8c, 0x70,
    0xc6, 0x1f, 0xc3, 0x0, 0x1, 0xbf, 0xfe, 0xcf,
    0xf8, 0x60, 0x30, 0x30, 0x1, 0xf8, 0x60, 0x0,
    0x30, 0x0, 0x18, 0x0, 0xf, 0xff, 0xc0,

    /* U+D6E8 "훨" */
    0x3, 0x3, 0x3f, 0xf9, 0x9f, 0xfc, 0xc3, 0xf8,
    0x63, 0x86, 0x31, 0xc3, 0x18, 0x7f, 0xc, 0x1,
    0xf6, 0xff, 0xf3, 0x1, 0x9f, 0x80, 0xc0, 0xc0,
    0x0, 0x1, 0xff, 0xf0, 0x0, 0x18, 0x7f, 0xfc,
    0x30, 0x0, 0x18, 0x0, 0xf, 0xff, 0xc0,

    /* U+D6F0 "훰" */
    0x3, 0x3, 0x7f, 0xf3, 0x7f, 0xf3, 0xf, 0x83,
    0x3d, 0xe3, 0x30, 0x63, 0x3f, 0xe3, 0x7, 0x83,
    0xff, 0xfb, 0x7f, 0xe3, 0x3, 0x3f, 0x3, 0x3,
    0x0, 0x0, 0x1f, 0xff, 0x1c, 0x3, 0x1c, 0x3,
    0x1c, 0x3, 0x1f, 0xff,

    /* U+D6F5 "훵" */
    0x3, 0x3, 0x7f, 0xf3, 0x7f, 0xf3, 0xf, 0x83,
    0x3d, 0xe3, 0x30, 0x63, 0x1f, 0xe3, 0x7, 0x83,
    0xff, 0xfb, 0x7f, 0xe3, 0x3, 0x3f, 0x3, 0x3,
    0x0, 0x0, 0x7, 0xfc, 0xc, 0x7, 0x1c, 0x3,
    0xc, 0x7, 0x3, 0xfc,

    /* U+D6FC "훼" */
    0x18, 0x33, 0x18, 0x33, 0xff, 0xb3, 0x0, 0x33,
    0x3e, 0x33, 0x77, 0x33, 0x43, 0x33, 0x63, 0x33,
    0x7f, 0x33, 0x0, 0x33, 0xff, 0xb3, 0xff, 0x33,
    0x18, 0x33, 0x19, 0xf3, 0x18, 0x33, 0x18, 0x33,
    0x18, 0x33, 0x0, 0x3,

    /* U+D6FD "훽" */
    0x18, 0x6, 0x30, 0x6f, 0xfe, 0xd8, 0x1, 0xb3,
    0xe3, 0x68, 0x66, 0xd0, 0xcd, 0x9f, 0x1b, 0x0,
    0xb7, 0xff, 0x6f, 0xe0, 0xd8, 0xcf, 0xb1, 0x83,
    0x60, 0x0, 0xf, 0xff, 0x80, 0x3, 0x0, 0x6,
    0x0, 0xc, 0x0, 0x18,

    /* U+D700 "휀" */
    0x18, 0x36, 0x18, 0x36, 0xff, 0xb6, 0x0, 0x36,
    0x3e, 0x36, 0x77, 0x36, 0x43, 0x36, 0x63, 0x36,
    0x3e, 0x36, 0x0, 0x36, 0xff, 0xb6, 0xfc, 0x36,
    0x19, 0xf6, 0x19, 0xf6, 0x18, 0x0, 0x18, 0x0,
    0x18, 0x0, 0x1f, 0xff,

    /* U+D704 "휄" */
    0x1c, 0x36, 0xff, 0xb6, 0x0, 0x36, 0x7f, 0x36,
    0x63, 0x36, 0x63, 0x36, 0x3e, 0x36, 0xff, 0xb6,
    0xff, 0x36, 0x1d, 0xf6, 0x1c, 0x36, 0x0, 0x0,
    0x1f, 0xfe, 0x0, 0x6, 0x1f, 0xfe, 0x18, 0x0,
    0x18, 0x0, 0x1f, 0xff,

    /* U+D711 "휑" */
    0x1c, 0x37, 0xff, 0x6f, 0xfe, 0xd9, 0xf1, 0xb6,
    0x33, 0x6c, 0x66, 0xdf, 0xcd, 0x80, 0x1b, 0xff,
    0xb7, 0xf8, 0x6c, 0x77, 0xd8, 0xe1, 0xb0, 0x0,
    0x61, 0xff, 0x6, 0x3, 0x9c, 0x3, 0x18, 0xe,
    0xf, 0xf0,

    /* U+D718 "휘" */
    0x7, 0x3, 0x7, 0x3, 0x7f, 0xf3, 0x0, 0x3,
    0xf, 0x83, 0x38, 0xe3, 0x30, 0x63, 0x38, 0xe3,
    0xf, 0x83, 0x0, 0x3, 0x0, 0x3b, 0x7f, 0xfb,
    0x7, 0x3, 0x7, 0x3, 0x7, 0x3, 0x7, 0x3,
    0x7, 0x3, 0x7, 0x3,

    /* U+D719 "휙" */
    0x6, 0x6, 0xff, 0xed, 0xff, 0xd8, 0x0, 0x31,
    0xfc, 0x66, 0xc, 0xcc, 0x19, 0x9f, 0xe3, 0x7,
    0x6, 0x3f, 0xef, 0xff, 0xd8, 0x30, 0x30, 0x60,
    0x3, 0xff, 0xc0, 0x1, 0x80, 0x3, 0x0, 0x6,
    0x0, 0xc,

    /* U+D71C "휜" */
    0x7, 0x6, 0x7, 0x6, 0x7f, 0xf6, 0x0, 0x6,
    0xf, 0x86, 0x3f, 0xe6, 0x30, 0x66, 0x30, 0x66,
    0x1f, 0xc6, 0x7, 0x6, 0x1, 0xf6, 0xff, 0xf6,
    0x3, 0x6, 0x3, 0x6, 0x18, 0x0, 0x18, 0x0,
    0x18, 0x0, 0x1f, 0xff,

    /* U+D720 "휠" */
    0x7, 0x6, 0x7f, 0xf6, 0x7f, 0xf6, 0x1f, 0xc6,
    0x30, 0x66, 0x30, 0x66, 0x1f, 0xc6, 0x0, 0x6,
    0xff, 0xf6, 0x7, 0x6, 0x7, 0x0, 0x1f, 0xfe,
    0x0, 0x6, 0x0, 0x6, 0x1f, 0xfe, 0x18, 0x0,
    0x18, 0x0, 0x1f, 0xff,

    /* U+D728 "휨" */
    0x3, 0x6, 0xff, 0xec, 0x0, 0x18, 0x7c, 0x33,
    0x8e, 0x66, 0xc, 0xce, 0x39, 0x87, 0xe3, 0x0,
    0x17, 0xff, 0xec, 0xc, 0x18, 0x18, 0x1, 0xff,
    0xe3, 0x0, 0xc6, 0x1, 0x8c, 0x3, 0x18, 0x6,
    0x3f, 0xfc,

    /* U+D729 "휩" */
    0x3, 0x6, 0xff, 0xed, 0xff, 0xd8, 0x7c, 0x33,
    0xfe, 0x66, 0xc, 0xce, 0x79, 0x87, 0xc3, 0x0,
    0xf7, 0xff, 0xec, 0xc, 0x18, 0x18, 0x0, 0x0,
    0x3, 0xff, 0xc6, 0x1, 0x8c, 0x3, 0x18, 0x6,
    0x3f, 0xfc,

    /* U+D72B "휫" */
    0x7, 0x6, 0x7f, 0xf6, 0x7f, 0xf6, 0x7, 0x6,
    0x1f, 0xc6, 0x30, 0x66, 0x30, 0x66, 0x1f, 0xc6,
    0x0, 0x6, 0xff, 0xf6, 0xff, 0xc6, 0x6, 0x6,
    0x6, 0x66, 0x0, 0x60, 0x0, 0xf0, 0x7, 0x9c,
    0x1e, 0xf, 0x10, 0x1,

    /* U+D72D "휭" */
    0x7, 0x6, 0xe, 0xd, 0xff, 0xd8, 0x0, 0x30,
    0xf8, 0x66, 0xc, 0xcc, 0x19, 0x9f, 0xf3, 0xf,
    0x86, 0x0, 0x2f, 0xff, 0xd8, 0x38, 0x30, 0x70,
    0x60, 0xff, 0x3, 0x3, 0xc, 0x3, 0x18, 0x6,
    0x18, 0x18, 0x1f, 0xe0,

    /* U+D734 "휴" */
    0x1, 0xc0, 0x0, 0xe0, 0x1f, 0xff, 0xc0, 0x0,
    0x0, 0x7f, 0x0, 0xe0, 0xe0, 0xe0, 0x38, 0x70,
    0x1c, 0x18, 0x1c, 0x3, 0xf8, 0x0, 0x0, 0x1f,
    0xff, 0xf0, 0xc1, 0x80, 0x60, 0xc0, 0x30, 0x60,
    0x18, 0x30, 0xc, 0x18, 0x6, 0xc, 0x0,

    /* U+D735 "휵" */
    0x1, 0xc0, 0x0, 0xe0, 0x1f, 0xff, 0xc0, 0x0,
    0x0, 0xff, 0x0, 0xc0, 0x60, 0xc0, 0x38, 0x30,
    0x18, 0xf, 0xf8, 0x0, 0x0, 0x0, 0x0, 0x1f,
    0xff, 0xf0, 0xc3, 0x80, 0x61, 0xc0, 0xff, 0xf8,
    0x7f, 0xfc, 0x0, 0xe, 0x0, 0x7, 0x0, 0x3,
    0x80,

    /* U+D738 "휸" */
    0x1, 0x80, 0x0, 0xc0, 0x1f, 0xff, 0xc0, 0x0,
    0x0, 0xff, 0x0, 0xc0, 0xe0, 0xe0, 0x30, 0x60,
    0x18, 0x18, 0x1c, 0x3, 0xf8, 0x0, 0x0, 0x1f,
    0xff, 0xf0, 0x33, 0x0, 0x19, 0x80, 0xc, 0xc0,
    0x60, 0x0, 0x30, 0x0, 0x18, 0x0, 0xf, 0xff,
    0x80,

    /* U+D73C "휼" */
    0x1, 0x80, 0x0, 0xc0, 0x1f, 0xff, 0xc0, 0x0,
    0x0, 0xff, 0x81, 0xc0, 0x60, 0xe0, 0x70, 0x3f,
    0xf0, 0x0, 0x0, 0x7f, 0xff, 0xc3, 0xc, 0x1,
    0x86, 0x3, 0xff, 0xc0, 0x0, 0x60, 0x0, 0x30,
    0x7f, 0xf8, 0x30, 0x0, 0x18, 0x0, 0xf, 0xff,
    0x80,

    /* U+D744 "흄" */
    0x1, 0xc0, 0x0, 0xe0, 0x1f, 0xff, 0xc0, 0x0,
    0x0, 0xff, 0x0, 0xc0, 0x60, 0xe0, 0x38, 0x3e,
    0xf8, 0xf, 0xf8, 0x0, 0x0, 0x3f, 0xff, 0xe1,
    0xc7, 0x0, 0xe3, 0x81, 0xff, 0xf0, 0xc0, 0x18,
    0x60, 0xc, 0x30, 0x6, 0x18, 0x3, 0xf, 0xff,
    0x80,

    /* U+D747 "흇" */
    0x1, 0xc0, 0x0, 0xe0, 0x1f, 0xff, 0xc0, 0x0,
    0x0, 0xff, 0x0, 0xc0, 0x60, 0xe0, 0x38, 0x30,
    0x18, 0xf, 0xf0, 0x0, 0x0, 0x0, 0x0, 0x1f,
    0xff, 0xf0, 0xc1, 0x80, 0x6e, 0xc0, 0x7, 0x0,
    0x7, 0xc0, 0xf, 0x78, 0x3e, 0x1f, 0x88, 0x0,
    0x80,

    /* U+D749 "흉" */
    0x1, 0xc0, 0x0, 0xe0, 0x1f, 0xff, 0xc0, 0x0,
    0x0, 0xff, 0x0, 0xc0, 0x60, 0xe0, 0x38, 0x3f,
    0xf8, 0xf, 0xf8, 0x0, 0x0, 0x3f, 0xff, 0xe1,
    0x83, 0x0, 0xc1, 0x80, 0x7f, 0xc0, 0xe0, 0x38,
    0x60, 0xc, 0x30, 0x6, 0xc, 0x6, 0x3, 0xfc,
    0x0,

    /* U+D750 "흐" */
    0x1, 0xc0, 0x0, 0xe0, 0x1f, 0xff, 0xc0, 0x0,
    0x0, 0x0, 0x0, 0x3f, 0x80, 0x70, 0x70, 0x70,
    0x18, 0x30, 0xe, 0x1c, 0x6, 0x7, 0x7, 0x0,
    0xfe, 0x0, 0x0, 0x0, 0x0, 0x3, 0xff, 0xfe,

    /* U+D751 "흑" */
    0x1, 0xc0, 0x0, 0xe0, 0x1f, 0xff, 0xc0, 0x0,
    0x0, 0xff, 0x0, 0xc0, 0x60, 0xc0, 0x38, 0x30,
    0x18, 0xf, 0xf8, 0x0, 0x0, 0x0, 0x0, 0x1f,
    0xff, 0xf0, 0x0, 0x0, 0x0, 0x0, 0xff, 0xf8,
    0x0, 0x1c, 0x0, 0xe, 0x0, 0x7, 0x0, 0x3,
    0x80,

    /* U+D754 "흔" */
    0x1, 0x80, 0x0, 0xc0, 0x1f, 0xff, 0xc0, 0x0,
    0x0, 0x0, 0x0, 0x7f, 0x80, 0x60, 0x70, 0x60,
    0x18, 0x18, 0x1c, 0x7, 0xf8, 0x0, 0x0, 0x1f,
    0xff, 0xf0, 0x0, 0x0, 0x0, 0x0, 0x0, 0x0,
    0x60, 0x0, 0x30, 0x0, 0x18, 0x0, 0xf, 0xff,
    0x80,

    /* U+D756 "흖" */
    0x1, 0xc0, 0x0, 0xe0, 0x1f, 0xff, 0xc0, 0x0,
    0x0, 0xff, 0x81, 0xc0, 0x70, 0xe0, 0x38, 0x1f,
    0xf0, 0x0, 0x0, 0x0, 0x0, 0x3f, 0xff, 0xe0,
    0x7, 0x0, 0x3, 0x80, 0x1, 0xc0, 0xc7, 0xfc,
    0x60, 0xf8, 0x30, 0xc6, 0x19, 0x63, 0xf, 0xdf,
    0x0,

    /* U+D757 "흗" */
    0x1, 0x80, 0x0, 0xc0, 0x1f, 0xff, 0xc0, 0x0,
    0x0, 0xff, 0x0, 0xc0, 0xe0, 0xc0, 0x30, 0x30,
    0x38, 0xf, 0xf0, 0x0, 0x0, 0x0, 0x0, 0x1f,
    0xff, 0xf0, 0x0, 0x1, 0xff, 0xf0, 0xc0, 0x0,
    0x60, 0x0, 0x30, 0x0, 0x18, 0x0, 0xf, 0xff,
    0x80,

    /* U+D758 "흘" */
    0x1, 0x80, 0x0, 0xc0, 0x1f, 0xff, 0xc0, 0x0,
    0x0, 0xff, 0x81, 0xc0, 0x60, 0xe0, 0x30, 0x1f,
    0xf0, 0x0, 0x0, 0x0, 0x0, 0x3f, 0xff, 0xe0,
    0x0, 0x3, 0xff, 0xc0, 0x0, 0x60, 0x0, 0x30,
    0x7f, 0xf8, 0x30, 0x0, 0x18, 0x0, 0xf, 0xff,
    0x80,

    /* U+D759 "흙" */
    0x1, 0x80, 0x0, 0xc0, 0x1f, 0xff, 0xc0, 0x0,
    0x0, 0xff, 0x81, 0xc0, 0x60, 0xe0, 0x30, 0x3f,
    0xf8, 0x0, 0x0, 0x7f, 0xff, 0xc0, 0x0, 0x0,
    0x0, 0x3, 0xf7, 0xe0, 0x18, 0x30, 0xc, 0x18,
    0x7e, 0xc, 0x30, 0x6, 0x18, 0x3, 0xf, 0xe1,
    0x80,

    /* U+D760 "흠" */
    0x1, 0xc0, 0x0, 0xe0, 0x1f, 0xff, 0xc0, 0x0,
    0x0, 0xff, 0x0, 0xc0, 0x60, 0xe0, 0x38, 0x30,
    0x18, 0xf, 0xf8, 0x0, 0x0, 0x0, 0x0, 0x1f,
    0xff, 0xf0, 0x0, 0x1, 0xff, 0xf0, 0xc0, 0x18,
    0x60, 0xc, 0x30, 0x6, 0x18, 0x3, 0xf, 0xff,
    0x80,

    /* U+D761 "흡" */
    0x1, 0xc0, 0x0, 0xe0, 0x1f, 0xff, 0xc0, 0x0,
    0x0, 0xff, 0x0, 0xc0, 0x60, 0xe0, 0x38, 0x30,
    0x18, 0xf, 0xf8, 0x0, 0x0, 0x3f, 0xff, 0xe0,
    0x0, 0x0, 0x0, 0x0, 0x0, 0x0, 0xff, 0xf8,
    0x60, 0xc, 0x30, 0x6, 0x18, 0x3, 0xf, 0xff,
    0x80,

    /* U+D763 "흣" */
    0x1, 0xc0, 0x0, 0xe0, 0x1f, 0xff, 0xc0, 0x0,
    0x0, 0xff, 0x0, 0xc0, 0x60, 0xe0, 0x38, 0x30,
    0x18, 0xf, 0xf8, 0x0, 0x0, 0x0, 0x0, 0x1f,
    0xff, 0xf0, 0x0, 0x0, 0xe, 0x0, 0x7, 0x0,
    0x7, 0xc0, 0xf, 0x78, 0x3e, 0xf, 0x80, 0x0,
    0x0,

    /* U+D765 "흥" */
    0x1, 0xc0, 0x0, 0xe0, 0x1f, 0xff, 0xc0, 0x0,
    0x0, 0xff, 0x0, 0xc0, 0x60, 0xe0, 0x38, 0x30,
    0x18, 0xf, 0xf8, 0x0, 0x0, 0x0, 0x0, 0x1f,
    0xff, 0xf0, 0x0, 0x0, 0x7f, 0xc0, 0x60, 0x30,
    0x60, 0xc, 0x30, 0x6, 0xc, 0x6, 0x3, 0xfe,
    0x0,

    /* U+D769 "흩" */
    0x1, 0x80, 0x0, 0xc0, 0x1f, 0xff, 0xc0, 0x0,
    0x0, 0xff, 0x81, 0xc0, 0x60, 0xe0, 0x30, 0x1f,
    0xf0, 0x0, 0x0, 0x0, 0x0, 0x3f, 0xff, 0xe0,
    0x0, 0x3, 0xff, 0xe1, 0x80, 0x0, 0xc0, 0x0,
    0x7f, 0xf8, 0x30, 0x0, 0x18, 0x0, 0xf, 0xff,
    0x80,

    /* U+D76C "희" */
    0xe, 0xc, 0x38, 0x3f, 0xfe, 0xc0, 0x3, 0x0,
    0xc, 0x7c, 0x33, 0x18, 0xd8, 0x33, 0x60, 0xcc,
    0xc6, 0x31, 0xf0, 0xc0, 0x3, 0x0, 0x6f, 0xff,
    0xb0, 0x0, 0xc0, 0x3, 0x0, 0xc, 0x0, 0x30,

    /* U+D770 "흰" */
    0x7, 0x3, 0x3, 0x81, 0x9f, 0xfc, 0xc0, 0x0,
    0x60, 0xf8, 0x31, 0xfe, 0x18, 0xc1, 0x8c, 0x60,
    0xc6, 0x3d, 0xe3, 0x7, 0xe1, 0x80, 0x0, 0xdf,
    0xfe, 0x67, 0xfc, 0x30, 0x0, 0x18, 0x70, 0x0,
    0x38, 0x0, 0x1c, 0x0, 0xf, 0xff, 0xc0,

    /* U+D774 "흴" */
    0x7, 0x6, 0x7f, 0xf6, 0x7f, 0xf6, 0x1f, 0xc6,
    0x30, 0x66, 0x30, 0x66, 0x1f, 0xc6, 0x0, 0x6,
    0x0, 0x76, 0x7f, 0xf6, 0x0, 0x0, 0x1f, 0xfe,
    0x0, 0x6, 0x0, 0x6, 0x1f, 0xfe, 0x18, 0x0,
    0x18, 0x0, 0x1f, 0xff,

    /* U+D77C "흼" */
    0x7, 0x3, 0x7, 0x3, 0x7f, 0xf3, 0x0, 0x3,
    0xf, 0x83, 0x38, 0xe3, 0x30, 0x63, 0x38, 0xe3,
    0x1f, 0xc3, 0x0, 0x3, 0x0, 0x73, 0x7f, 0xfb,
    0x0, 0x0, 0x1f, 0xff, 0x18, 0x3, 0x18, 0x3,
    0x18, 0x3, 0x18, 0x3, 0x1f, 0xff,

    /* U+D77D "흽" */
    0x7, 0x3, 0x7f, 0xf3, 0x7f, 0xf3, 0x7, 0x3,
    0x1f, 0xc3, 0x30, 0x63, 0x30, 0x63, 0x1f, 0xc3,
    0x0, 0x3, 0xff, 0xf3, 0x7f, 0x83, 0x0, 0x0,
    0x0, 0x0, 0x1f, 0xff, 0x18, 0x3, 0x18, 0x3,
    0x18, 0x3, 0x1f, 0xff,

    /* U+D781 "힁" */
    0x7, 0x3, 0x7, 0x3, 0x7f, 0xf3, 0x0, 0x3,
    0xf, 0x83, 0x38, 0xe3, 0x30, 0x63, 0x38, 0xe3,
    0x1f, 0x83, 0x0, 0x3, 0x0, 0x33, 0x7f, 0xfb,
    0x0, 0x3, 0x3, 0xfc, 0xe, 0x6, 0x1c, 0x3,
    0x1c, 0x3, 0xe, 0x6, 0x3, 0xfc,

    /* U+D788 "히" */
    0xe, 0x6, 0x1c, 0xc, 0x38, 0x1f, 0xff, 0x30,
    0x0, 0x60, 0x0, 0xc7, 0xc1, 0x98, 0xc3, 0x60,
    0xc6, 0xc1, 0x8d, 0x83, 0x19, 0x8c, 0x31, 0xf0,
    0x60, 0x0, 0xc0, 0x1, 0x80, 0x3, 0x0, 0x6,
    0x0, 0xc,

    /* U+D789 "힉" */
    0x6, 0x6, 0xc, 0xf, 0xff, 0x98, 0x0, 0x31,
    0xf0, 0x67, 0xf0, 0xdc, 0x31, 0xb0, 0x63, 0x71,
    0xc6, 0x7f, 0xc, 0x0, 0x18, 0x0, 0x1, 0xff,
    0xe0, 0x0, 0xc0, 0x1, 0x80, 0x3, 0x0, 0x6,
    0x0, 0xc,

    /* U+D78C "힌" */
    0xe, 0x6, 0xe, 0x6, 0xff, 0xe6, 0xff, 0xe6,
    0x0, 0x6, 0x1f, 0x6, 0x3f, 0x86, 0x60, 0xc6,
    0x60, 0xc6, 0x60, 0xc6, 0x3b, 0x86, 0x1f, 0x6,
    0x0, 0x6, 0x18, 0x0, 0x18, 0x0, 0x18, 0x0,
    0x18, 0x0, 0x1f, 0xff,

    /* U+D790 "힐" */
    0xe, 0x6, 0xe, 0x6, 0xff, 0xe6, 0x0, 0x6,
    0x1f, 0x6, 0x71, 0xc6, 0x60, 0xc6, 0x60, 0xc6,
    0x3f, 0x86, 0x1f, 0x6, 0x0, 0x0, 0x1f, 0xfe,
    0x0, 0x6, 0x0, 0x6, 0x1f, 0xfe, 0x18, 0x0,
    0x18, 0x0, 0x18, 0x0, 0x1f, 0xff,

    /* U+D798 "힘" */
    0xe, 0x6, 0x1c, 0xf, 0xff, 0x98, 0x0, 0x31,
    0xf0, 0x67, 0xf0, 0xd8, 0x31, 0xb0, 0x63, 0x60,
    0xc6, 0x7f, 0xc, 0x38, 0x18, 0x0, 0x0, 0x0,
    0x3, 0xff, 0xc6, 0x1, 0x8c, 0x3, 0x18, 0x6,
    0x30, 0xc, 0x7f, 0xf8,

    /* U+D799 "힙" */
    0xe, 0x6, 0x1c, 0xf, 0xff, 0x98, 0x0, 0x31,
    0xf0, 0x6f, 0x78, 0xd8, 0x31, 0xb0, 0x63, 0x3f,
    0x86, 0x3e, 0xc, 0x0, 0x0, 0x0, 0x1, 0x80,
    0x63, 0xff, 0xc6, 0x1, 0x8c, 0x3, 0x18, 0x6,
    0x3f, 0xfc,

    /* U+D79B "힛" */
    0xe, 0x6, 0xe, 0x6, 0xff, 0xe6, 0xff, 0xe6,
    0x4, 0x6, 0x3f, 0x86, 0x71, 0xc6, 0x60, 0xc6,
    0x60, 0xc6, 0x3b, 0x86, 0x1f, 0x6, 0x0, 0x6,
    0x0, 0xc6, 0x1, 0xc0, 0x1, 0xe0, 0x7, 0x70,
    0x1e, 0x3c, 0x3c, 0xf,

    /* U+D79D "힝" */
    0xe, 0x6, 0x1c, 0xf, 0xff, 0x98, 0x0, 0x31,
    0xf0, 0x6e, 0x30, 0xd8, 0x31, 0xb0, 0x63, 0x71,
    0x86, 0x3e, 0xc, 0x0, 0x18, 0x0, 0x30, 0x7f,
    0x83, 0x81, 0x86, 0x1, 0x8c, 0x3, 0x1c, 0xc,
    0xf, 0xf0
};


/*---------------------
 *  GLYPH DESCRIPTION
 *--------------------*/

static const lv_font_fmt_txt_glyph_dsc_t glyph_dsc[] = {
    {.bitmap_index = 0, .adv_w = 0, .box_w = 0, .box_h = 0, .ofs_x = 0, .ofs_y = 0} /* id = 0 reserved */,
    {.bitmap_index = 0, .adv_w = 72, .box_w = 1, .box_h = 1, .ofs_x = 0, .ofs_y = 0},
    {.bitmap_index = 1, .adv_w = 110, .box_w = 3, .box_h = 14, .ofs_x = 2, .ofs_y = 0},
    {.bitmap_index = 7, .adv_w = 166, .box_w = 7, .box_h = 6, .ofs_x = 2, .ofs_y = 9},
    {.bitmap_index = 13, .adv_w = 182, .box_w = 10, .box_h = 14, .ofs_x = 1, .ofs_y = 0},
    {.bitmap_index = 31, .adv_w = 182, .box_w = 9, .box_h = 19, .ofs_x = 1, .ofs_y = -2},
    {.bitmap_index = 53, .adv_w = 300, .box_w = 18, .box_h = 14, .ofs_x = 1, .ofs_y = 0},
    {.bitmap_index = 85, .adv_w = 226, .box_w = 13, .box_h = 14, .ofs_x = 1, .ofs_y = 0},
    {.bitmap_index = 108, .adv_w = 95, .box_w = 2, .box_h = 6, .ofs_x = 2, .ofs_y = 9},
    {.bitmap_index = 110, .adv_w = 114, .box_w = 5, .box_h = 20, .ofs_x = 2, .ofs_y = -4},
    {.bitmap_index = 123, .adv_w = 114, .box_w = 5, .box_h = 20, .ofs_x = 0, .ofs_y = -4},
    {.bitmap_index = 136, .adv_w = 155, .box_w = 8, .box_h = 7, .ofs_x = 1, .ofs_y = 8},
    {.bitmap_index = 143, .adv_w = 182, .box_w = 10, .box_h = 10, .ofs_x = 1, .ofs_y = 2},
    {.bitmap_index = 156, .adv_w = 95, .box_w = 4, .box_h = 7, .ofs_x = 1, .ofs_y = -4},
    {.bitmap_index = 160, .adv_w = 114, .box_w = 5, .box_h = 2, .ofs_x = 1, .ofs_y = 5},
    {.bitmap_index = 162, .adv_w = 95, .box_w = 3, .box_h = 3, .ofs_x = 1, .ofs_y = 0},
    {.bitmap_index = 164, .adv_w = 125, .box_w = 7, .box_h = 19, .ofs_x = 0, .ofs_y = -4},
    {.bitmap_index = 181, .adv_w = 182, .box_w = 9, .box_h = 14, .ofs_x = 1, .ofs_y = 0},
    {.bitmap_index = 197, .adv_w = 182, .box_w = 8, .box_h = 14, .ofs_x = 2, .ofs_y = 0},
    {.bitmap_index = 211, .adv_w = 182, .box_w = 10, .box_h = 14, .ofs_x = 1, .ofs_y = 0},
    {.bitmap_index = 229, .adv_w = 182, .box_w = 10, .box_h = 14, .ofs_x = 1, .ofs_y = 0},
    {.bitmap_index = 247, .adv_w = 182, .box_w = 10, .box_h = 14, .ofs_x = 1, .ofs_y = 0},
    {.bitmap_index = 265, .adv_w = 182, .box_w = 9, .box_h = 14, .ofs_x = 1, .ofs_y = 0},
    {.bitmap_index = 281, .adv_w = 182, .box_w = 9, .box_h = 14, .ofs_x = 1, .ofs_y = 0},
    {.bitmap_index = 297, .adv_w = 182, .box_w = 9, .box_h = 14, .ofs_x = 1, .ofs_y = 0},
    {.bitmap_index = 313, .adv_w = 182, .box_w = 9, .box_h = 14, .ofs_x = 1, .ofs_y = 0},
    {.bitmap_index = 329, .adv_w = 182, .box_w = 9, .box_h = 14, .ofs_x = 1, .ofs_y = 0},
    {.bitmap_index = 345, .adv_w = 95, .box_w = 3, .box_h = 11, .ofs_x = 1, .ofs_y = 0},
    {.bitmap_index = 350, .adv_w = 95, .box_w = 4, .box_h = 15, .ofs_x = 1, .ofs_y = -4},
    {.bitmap_index = 358, .adv_w = 182, .box_w = 10, .box_h = 9, .ofs_x = 1, .ofs_y = 3},
    {.bitmap_index = 370, .adv_w = 182, .box_w = 10, .box_h = 7, .ofs_x = 1, .ofs_y = 4},
    {.bitmap_index = 379, .adv_w = 182, .box_w = 10, .box_h = 9, .ofs_x = 1, .ofs_y = 3},
    {.bitmap_index = 391, .adv_w = 157, .box_w = 8, .box_h = 14, .ofs_x = 1, .ofs_y = 0},
    {.bitmap_index = 405, .adv_w = 311, .box_w = 17, .box_h = 19, .ofs_x = 1, .ofs_y = -5},
    {.bitmap_index = 446, .adv_w = 199, .box_w = 12, .box_h = 14, .ofs_x = 0, .ofs_y = 0},
    {.bitmap_index = 467, .adv_w = 213, .box_w = 10, .box_h = 14, .ofs_x = 2, .ofs_y = 0},
    {.bitmap_index = 485, .adv_w = 207, .box_w = 11, .box_h = 14, .ofs_x = 1, .ofs_y = 0},
    {.bitmap_index = 505, .adv_w = 224, .box_w = 11, .box_h = 14, .ofs_x = 2, .ofs_y = 0},
    {.bitmap_index = 525, .adv_w = 192, .box_w = 9, .box_h = 14, .ofs_x = 2, .ofs_y = 0},
    {.bitmap_index = 541, .adv_w = 181, .box_w = 9, .box_h = 14, .ofs_x = 2, .ofs_y = 0},
    {.bitmap_index = 557, .adv_w = 224, .box_w = 11, .box_h = 14, .ofs_x = 1, .ofs_y = 0},
    {.bitmap_index = 577, .adv_w = 237, .box_w = 11, .box_h = 14, .ofs_x = 2, .ofs_y = 0},
    {.bitmap_index = 597, .adv_w = 99, .box_w = 2, .box_h = 14, .ofs_x = 2, .ofs_y = 0},
    {.bitmap_index = 601, .adv_w = 176, .box_w = 8, .box_h = 14, .ofs_x = 1, .ofs_y = 0},
    {.bitmap_index = 615, .adv_w = 212, .box_w = 11, .box_h = 14, .ofs_x = 2, .ofs_y = 0},
    {.bitmap_index = 635, .adv_w = 179, .box_w = 9, .box_h = 14, .ofs_x = 2, .ofs_y = 0},
    {.bitmap_index = 651, .adv_w = 266, .box_w = 13, .box_h = 14, .ofs_x = 2, .ofs_y = 0},
    {.bitmap_index = 674, .adv_w = 235, .box_w = 11, .box_h = 14, .ofs_x = 2, .ofs_y = 0},
    {.bitmap_index = 694, .adv_w = 241, .box_w = 13, .box_h = 14, .ofs_x = 1, .ofs_y = 0},
    {.bitmap_index = 717, .adv_w = 207, .box_w = 10, .box_h = 14, .ofs_x = 2, .ofs_y = 0},
    {.bitmap_index = 735, .adv_w = 241, .box_w = 13, .box_h = 18, .ofs_x = 1, .ofs_y = -4},
    {.bitmap_index = 765, .adv_w = 210, .box_w = 11, .box_h = 14, .ofs_x = 2, .ofs_y = 0},
    {.bitmap_index = 785, .adv_w = 195, .box_w = 11, .box_h = 14, .ofs_x = 1, .ofs_y = 0},
    {.bitmap_index = 805, .adv_w = 196, .box_w = 11, .box_h = 14, .ofs_x = 1, .ofs_y = 0},
    {.bitmap_index = 825, .adv_w = 235, .box_w = 11, .box_h = 14, .ofs_x = 2, .ofs_y = 0},
    {.bitmap_index = 845, .adv_w = 190, .box_w = 12, .box_h = 14, .ofs_x = 0, .ofs_y = 0},
    {.bitmap_index = 866, .adv_w = 286, .box_w = 17, .box_h = 14, .ofs_x = 0, .ofs_y = 0},
    {.bitmap_index = 896, .adv_w = 191, .box_w = 12, .box_h = 14, .ofs_x = 0, .ofs_y = 0},
    {.bitmap_index = 917, .adv_w = 177, .box_w = 10, .box_h = 14, .ofs_x = 0, .ofs_y = 0},
    {.bitmap_index = 935, .adv_w = 194, .box_w = 10, .box_h = 14, .ofs_x = 1, .ofs_y = 0},
    {.bitmap_index = 953, .adv_w = 114, .box_w = 5, .box_h = 19, .ofs_x = 2, .ofs_y = -4},
    {.bitmap_index = 965, .adv_w = 125, .box_w = 8, .box_h = 19, .ofs_x = 0, .ofs_y = -4},
    {.bitmap_index = 984, .adv_w = 114, .box_w = 5, .box_h = 19, .ofs_x = 0, .ofs_y = -4},
    {.bitmap_index = 996, .adv_w = 182, .box_w = 9, .box_h = 9, .ofs_x = 1, .ofs_y = 6},
    {.bitmap_index = 1007, .adv_w = 180, .box_w = 11, .box_h = 2, .ofs_x = 1, .ofs_y = -3},
    {.bitmap_index = 1010, .adv_w = 197, .box_w = 4, .box_h = 4, .ofs_x = 3, .ofs_y = 13},
    {.bitmap_index = 1012, .adv_w = 184, .box_w = 9, .box_h = 11, .ofs_x = 1, .ofs_y = 0},
    {.bitmap_index = 1025, .adv_w = 201, .box_w = 10, .box_h = 15, .ofs_x = 2, .ofs_y = 0},
    {.bitmap_index = 1044, .adv_w = 165, .box_w = 8, .box_h = 11, .ofs_x = 1, .ofs_y = 0},
    {.bitmap_index = 1055, .adv_w = 202, .box_w = 10, .box_h = 15, .ofs_x = 1, .ofs_y = 0},
    {.bitmap_index = 1074, .adv_w = 181, .box_w = 10, .box_h = 11, .ofs_x = 0, .ofs_y = 0},
    {.bitmap_index = 1088, .adv_w = 111, .box_w = 7, .box_h = 15, .ofs_x = 1, .ofs_y = 0},
    {.bitmap_index = 1102, .adv_w = 185, .box_w = 10, .box_h = 15, .ofs_x = 1, .ofs_y = -4},
    {.bitmap_index = 1121, .adv_w = 199, .box_w = 9, .box_h = 15, .ofs_x = 2, .ofs_y = 0},
    {.bitmap_index = 1138, .adv_w = 92, .box_w = 3, .box_h = 15, .ofs_x = 1, .ofs_y = 0},
    {.bitmap_index = 1144, .adv_w = 92, .box_w = 5, .box_h = 19, .ofs_x = -1, .ofs_y = -4},
    {.bitmap_index = 1156, .adv_w = 184, .box_w = 9, .box_h = 15, .ofs_x = 2, .ofs_y = 0},
    {.bitmap_index = 1173, .adv_w = 95, .box_w = 3, .box_h = 15, .ofs_x = 2, .ofs_y = 0},
    {.bitmap_index = 1179, .adv_w = 302, .box_w = 16, .box_h = 11, .ofs_x = 2, .ofs_y = 0},
    {.bitmap_index = 1201, .adv_w = 200, .box_w = 9, .box_h = 11, .ofs_x = 2, .ofs_y = 0},
    {.bitmap_index = 1214, .adv_w = 197, .box_w = 10, .box_h = 11, .ofs_x = 1, .ofs_y = 0},
    {.bitmap_index = 1228, .adv_w = 202, .box_w = 10, .box_h = 15, .ofs_x = 2, .ofs_y = -4},
    {.bitmap_index = 1247, .adv_w = 202, .box_w = 10, .box_h = 15, .ofs_x = 1, .ofs_y = -4},
    {.bitmap_index = 1266, .adv_w = 131, .box_w = 6, .box_h = 11, .ofs_x = 2, .ofs_y = 0},
    {.bitmap_index = 1275, .adv_w = 154, .box_w = 9, .box_h = 11, .ofs_x = 0, .ofs_y = 0},
    {.bitmap_index = 1288, .adv_w = 127, .box_w = 7, .box_h = 14, .ofs_x = 1, .ofs_y = 0},
    {.bitmap_index = 1301, .adv_w = 198, .box_w = 9, .box_h = 11, .ofs_x = 2, .ofs_y = 0},
    {.bitmap_index = 1314, .adv_w = 174, .box_w = 11, .box_h = 11, .ofs_x = 0, .ofs_y = 0},
    {.bitmap_index = 1330, .adv_w = 265, .box_w = 15, .box_h = 11, .ofs_x = 1, .ofs_y = 0},
    {.bitmap_index = 1351, .adv_w = 168, .box_w = 10, .box_h = 11, .ofs_x = 0, .ofs_y = 0},
    {.bitmap_index = 1365, .adv_w = 174, .box_w = 11, .box_h = 15, .ofs_x = 0, .ofs_y = -4},
    {.bitmap_index = 1386, .adv_w = 157, .box_w = 9, .box_h = 11, .ofs_x = 1, .ofs_y = 0},
    {.bitmap_index = 1399, .adv_w = 114, .box_w = 6, .box_h = 19, .ofs_x = 0, .ofs_y = -4},
    {.bitmap_index = 1414, .adv_w = 90, .box_w = 2, .box_h = 22, .ofs_x = 2, .ofs_y = -5},
    {.bitmap_index = 1420, .adv_w = 114, .box_w = 6, .box_h = 19, .ofs_x = 1, .ofs_y = -4},
    {.bitmap_index = 1435, .adv_w = 182, .box_w = 10, .box_h = 4, .ofs_x = 1, .ofs_y = 6},
    {.bitmap_index = 1440, .adv_w = 182, .box_w = 9, .box_h = 14, .ofs_x = 1, .ofs_y = 0},
    {.bitmap_index = 1456, .adv_w = 182, .box_w = 11, .box_h = 14, .ofs_x = 0, .ofs_y = 0},
    {.bitmap_index = 1476, .adv_w = 320, .box_w = 10, .box_h = 17, .ofs_x = 5, .ofs_y = -2},
    {.bitmap_index = 1498, .adv_w = 269, .box_w = 15, .box_h = 15, .ofs_x = 1, .ofs_y = 0},
    {.bitmap_index = 1527, .adv_w = 157, .box_w = 9, .box_h = 9, .ofs_x = 1, .ofs_y = 7},
    {.bitmap_index = 1538, .adv_w = 123, .box_w = 6, .box_h = 6, .ofs_x = 1, .ofs_y = 9},
    {.bitmap_index = 1543, .adv_w = 320, .box_w = 14, .box_h = 15, .ofs_x = 3, .ofs_y = 0},
    {.bitmap_index = 1570, .adv_w = 320, .box_w = 10, .box_h = 17, .ofs_x = 4, .ofs_y = -3},
    {.bitmap_index = 1592, .adv_w = 184, .box_w = 3, .box_h = 3, .ofs_x = 4, .ofs_y = 6},
    {.bitmap_index = 1594, .adv_w = 320, .box_w = 14, .box_h = 13, .ofs_x = 3, .ofs_y = 1},
    {.bitmap_index = 1617, .adv_w = 320, .box_w = 14, .box_h = 13, .ofs_x = 3, .ofs_y = 1},
    {.bitmap_index = 1640, .adv_w = 320, .box_w = 6, .box_h = 1, .ofs_x = 7, .ofs_y = 7},
    {.bitmap_index = 1641, .adv_w = 173, .box_w = 9, .box_h = 2, .ofs_x = 1, .ofs_y = 5},
    {.bitmap_index = 1644, .adv_w = 288, .box_w = 16, .box_h = 2, .ofs_x = 1, .ofs_y = 5},
    {.bitmap_index = 1648, .adv_w = 95, .box_w = 3, .box_h = 6, .ofs_x = 1, .ofs_y = 9},
    {.bitmap_index = 1651, .adv_w = 95, .box_w = 4, .box_h = 6, .ofs_x = 1, .ofs_y = 9},
    {.bitmap_index = 1654, .adv_w = 166, .box_w = 8, .box_h = 6, .ofs_x = 1, .ofs_y = 9},
    {.bitmap_index = 1660, .adv_w = 166, .box_w = 9, .box_h = 6, .ofs_x = 1, .ofs_y = 9},
    {.bitmap_index = 1667, .adv_w = 114, .box_w = 5, .box_h = 5, .ofs_x = 1, .ofs_y = 3},
    {.bitmap_index = 1671, .adv_w = 320, .box_w = 17, .box_h = 3, .ofs_x = 2, .ofs_y = 6},
    {.bitmap_index = 1678, .adv_w = 320, .box_w = 15, .box_h = 14, .ofs_x = 3, .ofs_y = 0},
    {.bitmap_index = 1705, .adv_w = 182, .box_w = 11, .box_h = 14, .ofs_x = 1, .ofs_y = 0},
    {.bitmap_index = 1725, .adv_w = 330, .box_w = 19, .box_h = 14, .ofs_x = 1, .ofs_y = 0},
    {.bitmap_index = 1759, .adv_w = 235, .box_w = 14, .box_h = 7, .ofs_x = 0, .ofs_y = 8},
    {.bitmap_index = 1772, .adv_w = 320, .box_w = 18, .box_h = 9, .ofs_x = 1, .ofs_y = 3},
    {.bitmap_index = 1793, .adv_w = 320, .box_w = 10, .box_h = 19, .ofs_x = 5, .ofs_y = -2},
    {.bitmap_index = 1817, .adv_w = 320, .box_w = 18, .box_h = 9, .ofs_x = 1, .ofs_y = 3},
    {.bitmap_index = 1838, .adv_w = 320, .box_w = 10, .box_h = 19, .ofs_x = 5, .ofs_y = -2},
    {.bitmap_index = 1862, .adv_w = 320, .box_w = 18, .box_h = 9, .ofs_x = 1, .ofs_y = 3},
    {.bitmap_index = 1883, .adv_w = 320, .box_w = 14, .box_h = 8, .ofs_x = 3, .ofs_y = 4},
    {.bitmap_index = 1897, .adv_w = 320, .box_w = 14, .box_h = 13, .ofs_x = 3, .ofs_y = 1},
    {.bitmap_index = 1920, .adv_w = 320, .box_w = 16, .box_h = 15, .ofs_x = 1, .ofs_y = 0},
    {.bitmap_index = 1950, .adv_w = 320, .box_w = 16, .box_h = 15, .ofs_x = 2, .ofs_y = 0},
    {.bitmap_index = 1980, .adv_w = 320, .box_w = 7, .box_h = 19, .ofs_x = 12, .ofs_y = -2},
    {.bitmap_index = 1997, .adv_w = 320, .box_w = 7, .box_h = 19, .ofs_x = 1, .ofs_y = -2},
    {.bitmap_index = 2014, .adv_w = 320, .box_w = 9, .box_h = 19, .ofs_x = 10, .ofs_y = -2},
    {.bitmap_index = 2036, .adv_w = 320, .box_w = 9, .box_h = 19, .ofs_x = 1, .ofs_y = -2},
    {.bitmap_index = 2058, .adv_w = 320, .box_w = 7, .box_h = 12, .ofs_x = 13, .ofs_y = 5},
    {.bitmap_index = 2069, .adv_w = 320, .box_w = 7, .box_h = 12, .ofs_x = 0, .ofs_y = -2},
    {.bitmap_index = 2080, .adv_w = 320, .box_w = 8, .box_h = 13, .ofs_x = 12, .ofs_y = 4},
    {.bitmap_index = 2093, .adv_w = 320, .box_w = 8, .box_h = 14, .ofs_x = 1, .ofs_y = -2},
    {.bitmap_index = 2107, .adv_w = 294, .box_w = 17, .box_h = 18, .ofs_x = 1, .ofs_y = -2},
    {.bitmap_index = 2146, .adv_w = 294, .box_w = 18, .box_h = 18, .ofs_x = 0, .ofs_y = -2},
    {.bitmap_index = 2187, .adv_w = 294, .box_w = 18, .box_h = 19, .ofs_x = 0, .ofs_y = -2},
    {.bitmap_index = 2230, .adv_w = 294, .box_w = 18, .box_h = 18, .ofs_x = 0, .ofs_y = -2},
    {.bitmap_index = 2271, .adv_w = 294, .box_w = 18, .box_h = 19, .ofs_x = 0, .ofs_y = -2},
    {.bitmap_index = 2314, .adv_w = 294, .box_w = 18, .box_h = 18, .ofs_x = 1, .ofs_y = -2},
    {.bitmap_index = 2355, .adv_w = 294, .box_w = 18, .box_h = 18, .ofs_x = 1, .ofs_y = -2},
    {.bitmap_index = 2396, .adv_w = 294, .box_w = 18, .box_h = 18, .ofs_x = 0, .ofs_y = -2},
    {.bitmap_index = 2437, .adv_w = 294, .box_w = 17, .box_h = 19, .ofs_x = 1, .ofs_y = -2},
    {.bitmap_index = 2478, .adv_w = 294, .box_w = 17, .box_h = 19, .ofs_x = 1, .ofs_y = -2},
    {.bitmap_index = 2519, .adv_w = 294, .box_w = 17, .box_h = 18, .ofs_x = 1, .ofs_y = -1},
    {.bitmap_index = 2558, .adv_w = 294, .box_w = 17, .box_h = 18, .ofs_x = 1, .ofs_y = -1},
    {.bitmap_index = 2597, .adv_w = 294, .box_w = 17, .box_h = 18, .ofs_x = 0, .ofs_y = -2},
    {.bitmap_index = 2636, .adv_w = 294, .box_w = 18, .box_h = 17, .ofs_x = 0, .ofs_y = -1},
    {.bitmap_index = 2675, .adv_w = 294, .box_w = 17, .box_h = 18, .ofs_x = 1, .ofs_y = -1},
    {.bitmap_index = 2714, .adv_w = 294, .box_w = 18, .box_h = 19, .ofs_x = 1, .ofs_y = -2},
    {.bitmap_index = 2757, .adv_w = 294, .box_w = 17, .box_h = 19, .ofs_x = 1, .ofs_y = -2},
    {.bitmap_index = 2798, .adv_w = 294, .box_w = 18, .box_h = 18, .ofs_x = 0, .ofs_y = -2},
    {.bitmap_index = 2839, .adv_w = 294, .box_w = 16, .box_h = 18, .ofs_x = 1, .ofs_y = -2},
    {.bitmap_index = 2875, .adv_w = 294, .box_w = 16, .box_h = 18, .ofs_x = 1, .ofs_y = -2},
    {.bitmap_index = 2911, .adv_w = 294, .box_w = 17, .box_h = 18, .ofs_x = 1, .ofs_y = -2},
    {.bitmap_index = 2950, .adv_w = 294, .box_w = 17, .box_h = 18, .ofs_x = 1, .ofs_y = -2},
    {.bitmap_index = 2989, .adv_w = 294, .box_w = 16, .box_h = 18, .ofs_x = 1, .ofs_y = -2},
    {.bitmap_index = 3025, .adv_w = 294, .box_w = 16, .box_h = 19, .ofs_x = 1, .ofs_y = -2},
    {.bitmap_index = 3063, .adv_w = 294, .box_w = 17, .box_h = 18, .ofs_x = 1, .ofs_y = -1},
    {.bitmap_index = 3102, .adv_w = 294, .box_w = 17, .box_h = 18, .ofs_x = 1, .ofs_y = -2},
    {.bitmap_index = 3141, .adv_w = 294, .box_w = 16, .box_h = 18, .ofs_x = 1, .ofs_y = -2},
    {.bitmap_index = 3177, .adv_w = 294, .box_w = 17, .box_h = 18, .ofs_x = 1, .ofs_y = -2},
    {.bitmap_index = 3216, .adv_w = 294, .box_w = 18, .box_h = 19, .ofs_x = 0, .ofs_y = -2},
    {.bitmap_index = 3259, .adv_w = 294, .box_w = 18, .box_h = 19, .ofs_x = 0, .ofs_y = -2},
    {.bitmap_index = 3302, .adv_w = 294, .box_w = 18, .box_h = 19, .ofs_x = 0, .ofs_y = -2},
    {.bitmap_index = 3345, .adv_w = 294, .box_w = 18, .box_h = 18, .ofs_x = 1, .ofs_y = -1},
    {.bitmap_index = 3386, .adv_w = 294, .box_w = 17, .box_h = 19, .ofs_x = 0, .ofs_y = -2},
    {.bitmap_index = 3427, .adv_w = 294, .box_w = 16, .box_h = 18, .ofs_x = 1, .ofs_y = -2},
    {.bitmap_index = 3463, .adv_w = 294, .box_w = 17, .box_h = 18, .ofs_x = 1, .ofs_y = -2},
    {.bitmap_index = 3502, .adv_w = 294, .box_w = 17, .box_h = 18, .ofs_x = 1, .ofs_y = -2},
    {.bitmap_index = 3541, .adv_w = 294, .box_w = 15, .box_h = 18, .ofs_x = 1, .ofs_y = -2},
    {.bitmap_index = 3575, .adv_w = 294, .box_w = 15, .box_h = 18, .ofs_x = 1, .ofs_y = -2},
    {.bitmap_index = 3609, .adv_w = 294, .box_w = 15, .box_h = 18, .ofs_x = 1, .ofs_y = -2},
    {.bitmap_index = 3643, .adv_w = 294, .box_w = 15, .box_h = 18, .ofs_x = 1, .ofs_y = -2},
    {.bitmap_index = 3677, .adv_w = 294, .box_w = 16, .box_h = 18, .ofs_x = 1, .ofs_y = -2},
    {.bitmap_index = 3713, .adv_w = 294, .box_w = 15, .box_h = 18, .ofs_x = 1, .ofs_y = -2},
    {.bitmap_index = 3747, .adv_w = 294, .box_w = 15, .box_h = 18, .ofs_x = 1, .ofs_y = -2},
    {.bitmap_index = 3781, .adv_w = 294, .box_w = 15, .box_h = 19, .ofs_x = 1, .ofs_y = -2},
    {.bitmap_index = 3817, .adv_w = 294, .box_w = 16, .box_h = 18, .ofs_x = 1, .ofs_y = -2},
    {.bitmap_index = 3853, .adv_w = 294, .box_w = 17, .box_h = 18, .ofs_x = 1, .ofs_y = -2},
    {.bitmap_index = 3892, .adv_w = 294, .box_w = 15, .box_h = 18, .ofs_x = 1, .ofs_y = -2},
    {.bitmap_index = 3926, .adv_w = 294, .box_w = 16, .box_h = 17, .ofs_x = 1, .ofs_y = -1},
    {.bitmap_index = 3960, .adv_w = 294, .box_w = 15, .box_h = 18, .ofs_x = 1, .ofs_y = -2},
    {.bitmap_index = 3994, .adv_w = 294, .box_w = 16, .box_h = 19, .ofs_x = 1, .ofs_y = -2},
    {.bitmap_index = 4032, .adv_w = 294, .box_w = 15, .box_h = 18, .ofs_x = 1, .ofs_y = -2},
    {.bitmap_index = 4066, .adv_w = 294, .box_w = 16, .box_h = 18, .ofs_x = 1, .ofs_y = -2},
    {.bitmap_index = 4102, .adv_w = 294, .box_w = 17, .box_h = 18, .ofs_x = 1, .ofs_y = -2},
    {.bitmap_index = 4141, .adv_w = 294, .box_w = 16, .box_h = 18, .ofs_x = 1, .ofs_y = -2},
    {.bitmap_index = 4177, .adv_w = 294, .box_w = 15, .box_h = 18, .ofs_x = 1, .ofs_y = -2},
    {.bitmap_index = 4211, .adv_w = 294, .box_w = 15, .box_h = 19, .ofs_x = 1, .ofs_y = -2},
    {.bitmap_index = 4247, .adv_w = 294, .box_w = 17, .box_h = 18, .ofs_x = 1, .ofs_y = -1},
    {.bitmap_index = 4286, .adv_w = 294, .box_w = 17, .box_h = 18, .ofs_x = 1, .ofs_y = -2},
    {.bitmap_index = 4325, .adv_w = 294, .box_w = 16, .box_h = 18, .ofs_x = 1, .ofs_y = -2},
    {.bitmap_index = 4361, .adv_w = 294, .box_w = 15, .box_h = 18, .ofs_x = 1, .ofs_y = -2},
    {.bitmap_index = 4395, .adv_w = 294, .box_w = 15, .box_h = 18, .ofs_x = 1, .ofs_y = -2},
    {.bitmap_index = 4429, .adv_w = 294, .box_w = 15, .box_h = 18, .ofs_x = 1, .ofs_y = -2},
    {.bitmap_index = 4463, .adv_w = 294, .box_w = 15, .box_h = 18, .ofs_x = 1, .ofs_y = -2},
    {.bitmap_index = 4497, .adv_w = 294, .box_w = 15, .box_h = 18, .ofs_x = 1, .ofs_y = -2},
    {.bitmap_index = 4531, .adv_w = 294, .box_w = 16, .box_h = 18, .ofs_x = 1, .ofs_y = -2},
    {.bitmap_index = 4567, .adv_w = 294, .box_w = 15, .box_h = 18, .ofs_x = 1, .ofs_y = -2},
    {.bitmap_index = 4601, .adv_w = 294, .box_w = 15, .box_h = 19, .ofs_x = 1, .ofs_y = -2},
    {.bitmap_index = 4637, .adv_w = 294, .box_w = 16, .box_h = 18, .ofs_x = 1, .ofs_y = -2},
    {.bitmap_index = 4673, .adv_w = 294, .box_w = 17, .box_h = 18, .ofs_x = 1, .ofs_y = -2},
    {.bitmap_index = 4712, .adv_w = 294, .box_w = 15, .box_h = 18, .ofs_x = 1, .ofs_y = -2},
    {.bitmap_index = 4746, .adv_w = 294, .box_w = 15, .box_h = 19, .ofs_x = 1, .ofs_y = -2},
    {.bitmap_index = 4782, .adv_w = 294, .box_w = 16, .box_h = 18, .ofs_x = 1, .ofs_y = -2},
    {.bitmap_index = 4818, .adv_w = 294, .box_w = 16, .box_h = 18, .ofs_x = 1, .ofs_y = -2},
    {.bitmap_index = 4854, .adv_w = 294, .box_w = 16, .box_h = 18, .ofs_x = 1, .ofs_y = -2},
    {.bitmap_index = 4890, .adv_w = 294, .box_w = 16, .box_h = 19, .ofs_x = 1, .ofs_y = -2},
    {.bitmap_index = 4928, .adv_w = 294, .box_w = 17, .box_h = 18, .ofs_x = 1, .ofs_y = -2},
    {.bitmap_index = 4967, .adv_w = 294, .box_w = 17, .box_h = 14, .ofs_x = 1, .ofs_y = 1},
    {.bitmap_index = 4997, .adv_w = 294, .box_w = 16, .box_h = 17, .ofs_x = 1, .ofs_y = -2},
    {.bitmap_index = 5031, .adv_w = 294, .box_w = 16, .box_h = 17, .ofs_x = 1, .ofs_y = -2},
    {.bitmap_index = 5065, .adv_w = 294, .box_w = 16, .box_h = 17, .ofs_x = 1, .ofs_y = -2},
    {.bitmap_index = 5099, .adv_w = 294, .box_w = 16, .box_h = 18, .ofs_x = 1, .ofs_y = -2},
    {.bitmap_index = 5135, .adv_w = 294, .box_w = 16, .box_h = 17, .ofs_x = 1, .ofs_y = -2},
    {.bitmap_index = 5169, .adv_w = 294, .box_w = 16, .box_h = 18, .ofs_x = 1, .ofs_y = -2},
    {.bitmap_index = 5205, .adv_w = 294, .box_w = 16, .box_h = 18, .ofs_x = 1, .ofs_y = -2},
    {.bitmap_index = 5241, .adv_w = 294, .box_w = 16, .box_h = 18, .ofs_x = 1, .ofs_y = -2},
    {.bitmap_index = 5277, .adv_w = 294, .box_w = 16, .box_h = 18, .ofs_x = 1, .ofs_y = -2},
    {.bitmap_index = 5313, .adv_w = 294, .box_w = 16, .box_h = 16, .ofs_x = 1, .ofs_y = -1},
    {.bitmap_index = 5345, .adv_w = 294, .box_w = 16, .box_h = 17, .ofs_x = 1, .ofs_y = -2},
    {.bitmap_index = 5379, .adv_w = 294, .box_w = 16, .box_h = 17, .ofs_x = 1, .ofs_y = -1},
    {.bitmap_index = 5413, .adv_w = 294, .box_w = 17, .box_h = 18, .ofs_x = 1, .ofs_y = -2},
    {.bitmap_index = 5452, .adv_w = 294, .box_w = 16, .box_h = 18, .ofs_x = 1, .ofs_y = -2},
    {.bitmap_index = 5488, .adv_w = 294, .box_w = 17, .box_h = 18, .ofs_x = 0, .ofs_y = -2},
    {.bitmap_index = 5527, .adv_w = 294, .box_w = 16, .box_h = 18, .ofs_x = 1, .ofs_y = -2},
    {.bitmap_index = 5563, .adv_w = 294, .box_w = 17, .box_h = 19, .ofs_x = 1, .ofs_y = -2},
    {.bitmap_index = 5604, .adv_w = 294, .box_w = 16, .box_h = 18, .ofs_x = 1, .ofs_y = -2},
    {.bitmap_index = 5640, .adv_w = 294, .box_w = 16, .box_h = 18, .ofs_x = 1, .ofs_y = -2},
    {.bitmap_index = 5676, .adv_w = 294, .box_w = 16, .box_h = 18, .ofs_x = 1, .ofs_y = -2},
    {.bitmap_index = 5712, .adv_w = 294, .box_w = 16, .box_h = 18, .ofs_x = 1, .ofs_y = -2},
    {.bitmap_index = 5748, .adv_w = 294, .box_w = 16, .box_h = 18, .ofs_x = 0, .ofs_y = -2},
    {.bitmap_index = 5784, .adv_w = 294, .box_w = 16, .box_h = 19, .ofs_x = 1, .ofs_y = -2},
    {.bitmap_index = 5822, .adv_w = 294, .box_w = 16, .box_h = 18, .ofs_x = 1, .ofs_y = -2},
    {.bitmap_index = 5858, .adv_w = 294, .box_w = 16, .box_h = 18, .ofs_x = 1, .ofs_y = -2},
    {.bitmap_index = 5894, .adv_w = 294, .box_w = 18, .box_h = 18, .ofs_x = 1, .ofs_y = -1},
    {.bitmap_index = 5935, .adv_w = 294, .box_w = 16, .box_h = 18, .ofs_x = 1, .ofs_y = -2},
    {.bitmap_index = 5971, .adv_w = 294, .box_w = 14, .box_h = 18, .ofs_x = 2, .ofs_y = -2},
    {.bitmap_index = 6003, .adv_w = 294, .box_w = 15, .box_h = 18, .ofs_x = 1, .ofs_y = -2},
    {.bitmap_index = 6037, .adv_w = 294, .box_w = 15, .box_h = 19, .ofs_x = 1, .ofs_y = -2},
    {.bitmap_index = 6073, .adv_w = 294, .box_w = 16, .box_h = 18, .ofs_x = 1, .ofs_y = -2},
    {.bitmap_index = 6109, .adv_w = 294, .box_w = 15, .box_h = 19, .ofs_x = 1, .ofs_y = -2},
    {.bitmap_index = 6145, .adv_w = 294, .box_w = 15, .box_h = 18, .ofs_x = 1, .ofs_y = -2},
    {.bitmap_index = 6179, .adv_w = 294, .box_w = 16, .box_h = 18, .ofs_x = 1, .ofs_y = -2},
    {.bitmap_index = 6215, .adv_w = 294, .box_w = 14, .box_h = 18, .ofs_x = 2, .ofs_y = -2},
    {.bitmap_index = 6247, .adv_w = 294, .box_w = 17, .box_h = 14, .ofs_x = 1, .ofs_y = 1},
    {.bitmap_index = 6277, .adv_w = 294, .box_w = 16, .box_h = 17, .ofs_x = 1, .ofs_y = -2},
    {.bitmap_index = 6311, .adv_w = 294, .box_w = 16, .box_h = 18, .ofs_x = 1, .ofs_y = -2},
    {.bitmap_index = 6347, .adv_w = 294, .box_w = 16, .box_h = 18, .ofs_x = 1, .ofs_y = -2},
    {.bitmap_index = 6383, .adv_w = 294, .box_w = 17, .box_h = 17, .ofs_x = 1, .ofs_y = -1},
    {.bitmap_index = 6420, .adv_w = 294, .box_w = 17, .box_h = 17, .ofs_x = 1, .ofs_y = -2},
    {.bitmap_index = 6457, .adv_w = 294, .box_w = 17, .box_h = 17, .ofs_x = 1, .ofs_y = -2},
    {.bitmap_index = 6494, .adv_w = 294, .box_w = 17, .box_h = 17, .ofs_x = 1, .ofs_y = -2},
    {.bitmap_index = 6531, .adv_w = 294, .box_w = 17, .box_h = 17, .ofs_x = 1, .ofs_y = -2},
    {.bitmap_index = 6568, .adv_w = 294, .box_w = 17, .box_h = 18, .ofs_x = 1, .ofs_y = -2},
    {.bitmap_index = 6607, .adv_w = 294, .box_w = 17, .box_h = 18, .ofs_x = 1, .ofs_y = -2},
    {.bitmap_index = 6646, .adv_w = 294, .box_w = 17, .box_h = 18, .ofs_x = 1, .ofs_y = -2},
    {.bitmap_index = 6685, .adv_w = 294, .box_w = 17, .box_h = 18, .ofs_x = 1, .ofs_y = -2},
    {.bitmap_index = 6724, .adv_w = 294, .box_w = 17, .box_h = 18, .ofs_x = 1, .ofs_y = -2},
    {.bitmap_index = 6763, .adv_w = 294, .box_w = 17, .box_h = 18, .ofs_x = 1, .ofs_y = -2},
    {.bitmap_index = 6802, .adv_w = 294, .box_w = 17, .box_h = 17, .ofs_x = 1, .ofs_y = -1},
    {.bitmap_index = 6839, .adv_w = 294, .box_w = 17, .box_h = 18, .ofs_x = 1, .ofs_y = -2},
    {.bitmap_index = 6878, .adv_w = 294, .box_w = 17, .box_h = 17, .ofs_x = 1, .ofs_y = -1},
    {.bitmap_index = 6915, .adv_w = 294, .box_w = 16, .box_h = 18, .ofs_x = 0, .ofs_y = -2},
    {.bitmap_index = 6951, .adv_w = 294, .box_w = 16, .box_h = 18, .ofs_x = 0, .ofs_y = -2},
    {.bitmap_index = 6987, .adv_w = 294, .box_w = 15, .box_h = 19, .ofs_x = 1, .ofs_y = -2},
    {.bitmap_index = 7023, .adv_w = 294, .box_w = 16, .box_h = 18, .ofs_x = 1, .ofs_y = -2},
    {.bitmap_index = 7059, .adv_w = 294, .box_w = 16, .box_h = 18, .ofs_x = 1, .ofs_y = -1},
    {.bitmap_index = 7095, .adv_w = 294, .box_w = 15, .box_h = 18, .ofs_x = 1, .ofs_y = -2},
    {.bitmap_index = 7129, .adv_w = 294, .box_w = 15, .box_h = 18, .ofs_x = 1, .ofs_y = -2},
    {.bitmap_index = 7163, .adv_w = 294, .box_w = 16, .box_h = 18, .ofs_x = 1, .ofs_y = -1},
    {.bitmap_index = 7199, .adv_w = 294, .box_w = 15, .box_h = 18, .ofs_x = 1, .ofs_y = -2},
    {.bitmap_index = 7233, .adv_w = 294, .box_w = 15, .box_h = 18, .ofs_x = 1, .ofs_y = -2},
    {.bitmap_index = 7267, .adv_w = 294, .box_w = 15, .box_h = 18, .ofs_x = 1, .ofs_y = -2},
    {.bitmap_index = 7301, .adv_w = 294, .box_w = 16, .box_h = 18, .ofs_x = 1, .ofs_y = -2},
    {.bitmap_index = 7337, .adv_w = 294, .box_w = 15, .box_h = 18, .ofs_x = 1, .ofs_y = -2},
    {.bitmap_index = 7371, .adv_w = 294, .box_w = 15, .box_h = 18, .ofs_x = 1, .ofs_y = -2},
    {.bitmap_index = 7405, .adv_w = 294, .box_w = 16, .box_h = 18, .ofs_x = 1, .ofs_y = -1},
    {.bitmap_index = 7441, .adv_w = 294, .box_w = 17, .box_h = 17, .ofs_x = 1, .ofs_y = -2},
    {.bitmap_index = 7478, .adv_w = 294, .box_w = 17, .box_h = 17, .ofs_x = 1, .ofs_y = -2},
    {.bitmap_index = 7515, .adv_w = 294, .box_w = 17, .box_h = 18, .ofs_x = 1, .ofs_y = -2},
    {.bitmap_index = 7554, .adv_w = 294, .box_w = 17, .box_h = 13, .ofs_x = 1, .ofs_y = 1},
    {.bitmap_index = 7582, .adv_w = 294, .box_w = 17, .box_h = 17, .ofs_x = 1, .ofs_y = -2},
    {.bitmap_index = 7619, .adv_w = 294, .box_w = 17, .box_h = 17, .ofs_x = 1, .ofs_y = -2},
    {.bitmap_index = 7656, .adv_w = 294, .box_w = 17, .box_h = 17, .ofs_x = 1, .ofs_y = -2},
    {.bitmap_index = 7693, .adv_w = 294, .box_w = 17, .box_h = 18, .ofs_x = 1, .ofs_y = -2},
    {.bitmap_index = 7732, .adv_w = 294, .box_w = 17, .box_h = 17, .ofs_x = 1, .ofs_y = -2},
    {.bitmap_index = 7769, .adv_w = 294, .box_w = 17, .box_h = 17, .ofs_x = 1, .ofs_y = -2},
    {.bitmap_index = 7806, .adv_w = 294, .box_w = 17, .box_h = 18, .ofs_x = 1, .ofs_y = -2},
    {.bitmap_index = 7845, .adv_w = 294, .box_w = 16, .box_h = 16, .ofs_x = 1, .ofs_y = -1},
    {.bitmap_index = 7877, .adv_w = 294, .box_w = 17, .box_h = 17, .ofs_x = 1, .ofs_y = -2},
    {.bitmap_index = 7914, .adv_w = 294, .box_w = 14, .box_h = 18, .ofs_x = 1, .ofs_y = -2},
    {.bitmap_index = 7946, .adv_w = 294, .box_w = 15, .box_h = 18, .ofs_x = 1, .ofs_y = -2},
    {.bitmap_index = 7980, .adv_w = 294, .box_w = 15, .box_h = 18, .ofs_x = 1, .ofs_y = -2},
    {.bitmap_index = 8014, .adv_w = 294, .box_w = 15, .box_h = 18, .ofs_x = 1, .ofs_y = -2},
    {.bitmap_index = 8048, .adv_w = 294, .box_w = 15, .box_h = 18, .ofs_x = 1, .ofs_y = -2},
    {.bitmap_index = 8082, .adv_w = 294, .box_w = 16, .box_h = 18, .ofs_x = 1, .ofs_y = -2},
    {.bitmap_index = 8118, .adv_w = 294, .box_w = 15, .box_h = 18, .ofs_x = 1, .ofs_y = -2},
    {.bitmap_index = 8152, .adv_w = 294, .box_w = 15, .box_h = 18, .ofs_x = 1, .ofs_y = -2},
    {.bitmap_index = 8186, .adv_w = 294, .box_w = 15, .box_h = 19, .ofs_x = 1, .ofs_y = -2},
    {.bitmap_index = 8222, .adv_w = 294, .box_w = 16, .box_h = 18, .ofs_x = 1, .ofs_y = -1},
    {.bitmap_index = 8258, .adv_w = 294, .box_w = 15, .box_h = 18, .ofs_x = 1, .ofs_y = -2},
    {.bitmap_index = 8292, .adv_w = 294, .box_w = 16, .box_h = 18, .ofs_x = 1, .ofs_y = -1},
    {.bitmap_index = 8328, .adv_w = 294, .box_w = 15, .box_h = 19, .ofs_x = 1, .ofs_y = -2},
    {.bitmap_index = 8364, .adv_w = 294, .box_w = 18, .box_h = 18, .ofs_x = 0, .ofs_y = -2},
    {.bitmap_index = 8405, .adv_w = 294, .box_w = 18, .box_h = 18, .ofs_x = 0, .ofs_y = -2},
    {.bitmap_index = 8446, .adv_w = 294, .box_w = 18, .box_h = 18, .ofs_x = 0, .ofs_y = -2},
    {.bitmap_index = 8487, .adv_w = 294, .box_w = 18, .box_h = 18, .ofs_x = 0, .ofs_y = -2},
    {.bitmap_index = 8528, .adv_w = 294, .box_w = 18, .box_h = 18, .ofs_x = 0, .ofs_y = -2},
    {.bitmap_index = 8569, .adv_w = 294, .box_w = 18, .box_h = 18, .ofs_x = 0, .ofs_y = -2},
    {.bitmap_index = 8610, .adv_w = 294, .box_w = 18, .box_h = 18, .ofs_x = 0, .ofs_y = -2},
    {.bitmap_index = 8651, .adv_w = 294, .box_w = 18, .box_h = 19, .ofs_x = 0, .ofs_y = -2},
    {.bitmap_index = 8694, .adv_w = 294, .box_w = 18, .box_h = 18, .ofs_x = 0, .ofs_y = -1},
    {.bitmap_index = 8735, .adv_w = 294, .box_w = 18, .box_h = 18, .ofs_x = 0, .ofs_y = -2},
    {.bitmap_index = 8776, .adv_w = 294, .box_w = 17, .box_h = 18, .ofs_x = 0, .ofs_y = -2},
    {.bitmap_index = 8815, .adv_w = 294, .box_w = 18, .box_h = 18, .ofs_x = 0, .ofs_y = -2},
    {.bitmap_index = 8856, .adv_w = 294, .box_w = 16, .box_h = 18, .ofs_x = 0, .ofs_y = -2},
    {.bitmap_index = 8892, .adv_w = 294, .box_w = 16, .box_h = 18, .ofs_x = 0, .ofs_y = -2},
    {.bitmap_index = 8928, .adv_w = 294, .box_w = 16, .box_h = 18, .ofs_x = 1, .ofs_y = -2},
    {.bitmap_index = 8964, .adv_w = 294, .box_w = 16, .box_h = 18, .ofs_x = 1, .ofs_y = -2},
    {.bitmap_index = 9000, .adv_w = 294, .box_w = 15, .box_h = 18, .ofs_x = 1, .ofs_y = -2},
    {.bitmap_index = 9034, .adv_w = 294, .box_w = 15, .box_h = 19, .ofs_x = 1, .ofs_y = -2},
    {.bitmap_index = 9070, .adv_w = 294, .box_w = 16, .box_h = 18, .ofs_x = 1, .ofs_y = -1},
    {.bitmap_index = 9106, .adv_w = 294, .box_w = 16, .box_h = 18, .ofs_x = 1, .ofs_y = -2},
    {.bitmap_index = 9142, .adv_w = 294, .box_w = 15, .box_h = 18, .ofs_x = 1, .ofs_y = -2},
    {.bitmap_index = 9176, .adv_w = 294, .box_w = 18, .box_h = 18, .ofs_x = 0, .ofs_y = -2},
    {.bitmap_index = 9217, .adv_w = 294, .box_w = 18, .box_h = 19, .ofs_x = 0, .ofs_y = -2},
    {.bitmap_index = 9260, .adv_w = 294, .box_w = 17, .box_h = 18, .ofs_x = 0, .ofs_y = -2},
    {.bitmap_index = 9299, .adv_w = 294, .box_w = 16, .box_h = 18, .ofs_x = 0, .ofs_y = -2},
    {.bitmap_index = 9335, .adv_w = 294, .box_w = 16, .box_h = 18, .ofs_x = 0, .ofs_y = -2},
    {.bitmap_index = 9371, .adv_w = 294, .box_w = 16, .box_h = 18, .ofs_x = 0, .ofs_y = -2},
    {.bitmap_index = 9407, .adv_w = 294, .box_w = 15, .box_h = 18, .ofs_x = 0, .ofs_y = -2},
    {.bitmap_index = 9441, .adv_w = 294, .box_w = 16, .box_h = 18, .ofs_x = 0, .ofs_y = -2},
    {.bitmap_index = 9477, .adv_w = 294, .box_w = 16, .box_h = 18, .ofs_x = 0, .ofs_y = -2},
    {.bitmap_index = 9513, .adv_w = 294, .box_w = 15, .box_h = 19, .ofs_x = 0, .ofs_y = -2},
    {.bitmap_index = 9549, .adv_w = 294, .box_w = 16, .box_h = 18, .ofs_x = 0, .ofs_y = -2},
    {.bitmap_index = 9585, .adv_w = 294, .box_w = 18, .box_h = 18, .ofs_x = 0, .ofs_y = -2},
    {.bitmap_index = 9626, .adv_w = 294, .box_w = 16, .box_h = 18, .ofs_x = 0, .ofs_y = -2},
    {.bitmap_index = 9662, .adv_w = 294, .box_w = 16, .box_h = 18, .ofs_x = 0, .ofs_y = -2},
    {.bitmap_index = 9698, .adv_w = 294, .box_w = 15, .box_h = 18, .ofs_x = 1, .ofs_y = -2},
    {.bitmap_index = 9732, .adv_w = 294, .box_w = 17, .box_h = 18, .ofs_x = 0, .ofs_y = -2},
    {.bitmap_index = 9771, .adv_w = 294, .box_w = 15, .box_h = 18, .ofs_x = 1, .ofs_y = -2},
    {.bitmap_index = 9805, .adv_w = 294, .box_w = 17, .box_h = 18, .ofs_x = 0, .ofs_y = -1},
    {.bitmap_index = 9844, .adv_w = 294, .box_w = 16, .box_h = 18, .ofs_x = 0, .ofs_y = -2},
    {.bitmap_index = 9880, .adv_w = 294, .box_w = 16, .box_h = 18, .ofs_x = 0, .ofs_y = -2},
    {.bitmap_index = 9916, .adv_w = 294, .box_w = 15, .box_h = 18, .ofs_x = 0, .ofs_y = -2},
    {.bitmap_index = 9950, .adv_w = 294, .box_w = 16, .box_h = 18, .ofs_x = 0, .ofs_y = -2},
    {.bitmap_index = 9986, .adv_w = 294, .box_w = 16, .box_h = 18, .ofs_x = 0, .ofs_y = -2},
    {.bitmap_index = 10022, .adv_w = 294, .box_w = 18, .box_h = 18, .ofs_x = 0, .ofs_y = -2},
    {.bitmap_index = 10063, .adv_w = 294, .box_w = 16, .box_h = 19, .ofs_x = 0, .ofs_y = -2},
    {.bitmap_index = 10101, .adv_w = 294, .box_w = 16, .box_h = 18, .ofs_x = 0, .ofs_y = -2},
    {.bitmap_index = 10137, .adv_w = 294, .box_w = 17, .box_h = 14, .ofs_x = 1, .ofs_y = 1},
    {.bitmap_index = 10167, .adv_w = 294, .box_w = 16, .box_h = 18, .ofs_x = 1, .ofs_y = -2},
    {.bitmap_index = 10203, .adv_w = 294, .box_w = 16, .box_h = 17, .ofs_x = 1, .ofs_y = -2},
    {.bitmap_index = 10237, .adv_w = 294, .box_w = 16, .box_h = 18, .ofs_x = 1, .ofs_y = -2},
    {.bitmap_index = 10273, .adv_w = 294, .box_w = 16, .box_h = 18, .ofs_x = 1, .ofs_y = -2},
    {.bitmap_index = 10309, .adv_w = 294, .box_w = 16, .box_h = 18, .ofs_x = 1, .ofs_y = -2},
    {.bitmap_index = 10345, .adv_w = 294, .box_w = 16, .box_h = 18, .ofs_x = 1, .ofs_y = -2},
    {.bitmap_index = 10381, .adv_w = 294, .box_w = 16, .box_h = 16, .ofs_x = 1, .ofs_y = -1},
    {.bitmap_index = 10413, .adv_w = 294, .box_w = 16, .box_h = 18, .ofs_x = 1, .ofs_y = -2},
    {.bitmap_index = 10449, .adv_w = 294, .box_w = 16, .box_h = 17, .ofs_x = 1, .ofs_y = -1},
    {.bitmap_index = 10483, .adv_w = 294, .box_w = 16, .box_h = 17, .ofs_x = 1, .ofs_y = -1},
    {.bitmap_index = 10517, .adv_w = 294, .box_w = 18, .box_h = 18, .ofs_x = 1, .ofs_y = -2},
    {.bitmap_index = 10558, .adv_w = 294, .box_w = 17, .box_h = 18, .ofs_x = 1, .ofs_y = -2},
    {.bitmap_index = 10597, .adv_w = 294, .box_w = 16, .box_h = 18, .ofs_x = 1, .ofs_y = -2},
    {.bitmap_index = 10633, .adv_w = 294, .box_w = 17, .box_h = 18, .ofs_x = 1, .ofs_y = -1},
    {.bitmap_index = 10672, .adv_w = 294, .box_w = 16, .box_h = 18, .ofs_x = 1, .ofs_y = -2},
    {.bitmap_index = 10708, .adv_w = 294, .box_w = 16, .box_h = 18, .ofs_x = 1, .ofs_y = -2},
    {.bitmap_index = 10744, .adv_w = 294, .box_w = 16, .box_h = 19, .ofs_x = 1, .ofs_y = -2},
    {.bitmap_index = 10782, .adv_w = 294, .box_w = 16, .box_h = 18, .ofs_x = 1, .ofs_y = -2},
    {.bitmap_index = 10818, .adv_w = 294, .box_w = 15, .box_h = 18, .ofs_x = 1, .ofs_y = -2},
    {.bitmap_index = 10852, .adv_w = 294, .box_w = 16, .box_h = 18, .ofs_x = 1, .ofs_y = -2},
    {.bitmap_index = 10888, .adv_w = 294, .box_w = 16, .box_h = 18, .ofs_x = 1, .ofs_y = -2},
    {.bitmap_index = 10924, .adv_w = 294, .box_w = 15, .box_h = 19, .ofs_x = 1, .ofs_y = -2},
    {.bitmap_index = 10960, .adv_w = 294, .box_w = 15, .box_h = 18, .ofs_x = 1, .ofs_y = -2},
    {.bitmap_index = 10994, .adv_w = 294, .box_w = 15, .box_h = 18, .ofs_x = 1, .ofs_y = -2},
    {.bitmap_index = 11028, .adv_w = 294, .box_w = 17, .box_h = 14, .ofs_x = 1, .ofs_y = 1},
    {.bitmap_index = 11058, .adv_w = 294, .box_w = 17, .box_h = 17, .ofs_x = 1, .ofs_y = -2},
    {.bitmap_index = 11095, .adv_w = 294, .box_w = 17, .box_h = 18, .ofs_x = 1, .ofs_y = -2},
    {.bitmap_index = 11134, .adv_w = 294, .box_w = 17, .box_h = 17, .ofs_x = 1, .ofs_y = -2},
    {.bitmap_index = 11171, .adv_w = 294, .box_w = 17, .box_h = 18, .ofs_x = 1, .ofs_y = -2},
    {.bitmap_index = 11210, .adv_w = 294, .box_w = 17, .box_h = 18, .ofs_x = 1, .ofs_y = -2},
    {.bitmap_index = 11249, .adv_w = 294, .box_w = 17, .box_h = 17, .ofs_x = 1, .ofs_y = -2},
    {.bitmap_index = 11286, .adv_w = 294, .box_w = 17, .box_h = 18, .ofs_x = 1, .ofs_y = -2},
    {.bitmap_index = 11325, .adv_w = 294, .box_w = 17, .box_h = 16, .ofs_x = 1, .ofs_y = -1},
    {.bitmap_index = 11359, .adv_w = 294, .box_w = 17, .box_h = 17, .ofs_x = 1, .ofs_y = -2},
    {.bitmap_index = 11396, .adv_w = 294, .box_w = 17, .box_h = 16, .ofs_x = 1, .ofs_y = -1},
    {.bitmap_index = 11430, .adv_w = 294, .box_w = 16, .box_h = 18, .ofs_x = 0, .ofs_y = -2},
    {.bitmap_index = 11466, .adv_w = 294, .box_w = 16, .box_h = 19, .ofs_x = 1, .ofs_y = -2},
    {.bitmap_index = 11504, .adv_w = 294, .box_w = 18, .box_h = 18, .ofs_x = 0, .ofs_y = -1},
    {.bitmap_index = 11545, .adv_w = 294, .box_w = 15, .box_h = 18, .ofs_x = 1, .ofs_y = -2},
    {.bitmap_index = 11579, .adv_w = 294, .box_w = 16, .box_h = 18, .ofs_x = 0, .ofs_y = -2},
    {.bitmap_index = 11615, .adv_w = 294, .box_w = 16, .box_h = 18, .ofs_x = 0, .ofs_y = -2},
    {.bitmap_index = 11651, .adv_w = 294, .box_w = 17, .box_h = 19, .ofs_x = 0, .ofs_y = -2},
    {.bitmap_index = 11692, .adv_w = 294, .box_w = 17, .box_h = 18, .ofs_x = 0, .ofs_y = -2},
    {.bitmap_index = 11731, .adv_w = 294, .box_w = 16, .box_h = 18, .ofs_x = 0, .ofs_y = -2},
    {.bitmap_index = 11767, .adv_w = 294, .box_w = 16, .box_h = 19, .ofs_x = 0, .ofs_y = -2},
    {.bitmap_index = 11805, .adv_w = 294, .box_w = 17, .box_h = 18, .ofs_x = 0, .ofs_y = -2},
    {.bitmap_index = 11844, .adv_w = 294, .box_w = 16, .box_h = 18, .ofs_x = 1, .ofs_y = -2},
    {.bitmap_index = 11880, .adv_w = 294, .box_w = 15, .box_h = 18, .ofs_x = 1, .ofs_y = -2},
    {.bitmap_index = 11914, .adv_w = 294, .box_w = 16, .box_h = 18, .ofs_x = 1, .ofs_y = -2},
    {.bitmap_index = 11950, .adv_w = 294, .box_w = 15, .box_h = 18, .ofs_x = 1, .ofs_y = -2},
    {.bitmap_index = 11984, .adv_w = 294, .box_w = 15, .box_h = 18, .ofs_x = 1, .ofs_y = -2},
    {.bitmap_index = 12018, .adv_w = 294, .box_w = 17, .box_h = 17, .ofs_x = 1, .ofs_y = -2},
    {.bitmap_index = 12055, .adv_w = 294, .box_w = 17, .box_h = 13, .ofs_x = 1, .ofs_y = 1},
    {.bitmap_index = 12083, .adv_w = 294, .box_w = 17, .box_h = 17, .ofs_x = 1, .ofs_y = -2},
    {.bitmap_index = 12120, .adv_w = 294, .box_w = 17, .box_h = 17, .ofs_x = 1, .ofs_y = -2},
    {.bitmap_index = 12157, .adv_w = 294, .box_w = 17, .box_h = 18, .ofs_x = 1, .ofs_y = -2},
    {.bitmap_index = 12196, .adv_w = 294, .box_w = 17, .box_h = 18, .ofs_x = 1, .ofs_y = -2},
    {.bitmap_index = 12235, .adv_w = 294, .box_w = 17, .box_h = 18, .ofs_x = 1, .ofs_y = -2},
    {.bitmap_index = 12274, .adv_w = 294, .box_w = 17, .box_h = 18, .ofs_x = 1, .ofs_y = -2},
    {.bitmap_index = 12313, .adv_w = 294, .box_w = 17, .box_h = 18, .ofs_x = 1, .ofs_y = -2},
    {.bitmap_index = 12352, .adv_w = 294, .box_w = 17, .box_h = 18, .ofs_x = 1, .ofs_y = -2},
    {.bitmap_index = 12391, .adv_w = 294, .box_w = 17, .box_h = 17, .ofs_x = 1, .ofs_y = -2},
    {.bitmap_index = 12428, .adv_w = 294, .box_w = 17, .box_h = 17, .ofs_x = 1, .ofs_y = -2},
    {.bitmap_index = 12465, .adv_w = 294, .box_w = 17, .box_h = 18, .ofs_x = 1, .ofs_y = -2},
    {.bitmap_index = 12504, .adv_w = 294, .box_w = 15, .box_h = 18, .ofs_x = 1, .ofs_y = -2},
    {.bitmap_index = 12538, .adv_w = 294, .box_w = 15, .box_h = 18, .ofs_x = 1, .ofs_y = -2},
    {.bitmap_index = 12572, .adv_w = 294, .box_w = 16, .box_h = 18, .ofs_x = 1, .ofs_y = -2},
    {.bitmap_index = 12608, .adv_w = 294, .box_w = 16, .box_h = 18, .ofs_x = 1, .ofs_y = -2},
    {.bitmap_index = 12644, .adv_w = 294, .box_w = 15, .box_h = 18, .ofs_x = 1, .ofs_y = -2},
    {.bitmap_index = 12678, .adv_w = 294, .box_w = 15, .box_h = 19, .ofs_x = 1, .ofs_y = -2},
    {.bitmap_index = 12714, .adv_w = 294, .box_w = 16, .box_h = 18, .ofs_x = 1, .ofs_y = -2},
    {.bitmap_index = 12750, .adv_w = 294, .box_w = 15, .box_h = 18, .ofs_x = 1, .ofs_y = -2},
    {.bitmap_index = 12784, .adv_w = 294, .box_w = 16, .box_h = 18, .ofs_x = 2, .ofs_y = -2},
    {.bitmap_index = 12820, .adv_w = 294, .box_w = 16, .box_h = 18, .ofs_x = 2, .ofs_y = -2},
    {.bitmap_index = 12856, .adv_w = 294, .box_w = 16, .box_h = 19, .ofs_x = 2, .ofs_y = -2},
    {.bitmap_index = 12894, .adv_w = 294, .box_w = 16, .box_h = 19, .ofs_x = 2, .ofs_y = -2},
    {.bitmap_index = 12932, .adv_w = 294, .box_w = 16, .box_h = 19, .ofs_x = 2, .ofs_y = -2},
    {.bitmap_index = 12970, .adv_w = 294, .box_w = 16, .box_h = 19, .ofs_x = 2, .ofs_y = -2},
    {.bitmap_index = 13008, .adv_w = 294, .box_w = 16, .box_h = 18, .ofs_x = 2, .ofs_y = -2},
    {.bitmap_index = 13044, .adv_w = 294, .box_w = 16, .box_h = 18, .ofs_x = 2, .ofs_y = -2},
    {.bitmap_index = 13080, .adv_w = 294, .box_w = 16, .box_h = 18, .ofs_x = 2, .ofs_y = -2},
    {.bitmap_index = 13116, .adv_w = 294, .box_w = 16, .box_h = 18, .ofs_x = 2, .ofs_y = -2},
    {.bitmap_index = 13152, .adv_w = 294, .box_w = 16, .box_h = 18, .ofs_x = 2, .ofs_y = -1},
    {.bitmap_index = 13188, .adv_w = 294, .box_w = 16, .box_h = 18, .ofs_x = 2, .ofs_y = -1},
    {.bitmap_index = 13224, .adv_w = 294, .box_w = 16, .box_h = 19, .ofs_x = 2, .ofs_y = -2},
    {.bitmap_index = 13262, .adv_w = 294, .box_w = 16, .box_h = 18, .ofs_x = 2, .ofs_y = -1},
    {.bitmap_index = 13298, .adv_w = 294, .box_w = 16, .box_h = 18, .ofs_x = 2, .ofs_y = -1},
    {.bitmap_index = 13334, .adv_w = 294, .box_w = 16, .box_h = 18, .ofs_x = 2, .ofs_y = -2},
    {.bitmap_index = 13370, .adv_w = 294, .box_w = 16, .box_h = 18, .ofs_x = 2, .ofs_y = -2},
    {.bitmap_index = 13406, .adv_w = 294, .box_w = 15, .box_h = 18, .ofs_x = 2, .ofs_y = -2},
    {.bitmap_index = 13440, .adv_w = 294, .box_w = 15, .box_h = 18, .ofs_x = 2, .ofs_y = -2},
    {.bitmap_index = 13474, .adv_w = 294, .box_w = 15, .box_h = 18, .ofs_x = 2, .ofs_y = -2},
    {.bitmap_index = 13508, .adv_w = 294, .box_w = 15, .box_h = 18, .ofs_x = 2, .ofs_y = -2},
    {.bitmap_index = 13542, .adv_w = 294, .box_w = 15, .box_h = 18, .ofs_x = 2, .ofs_y = -2},
    {.bitmap_index = 13576, .adv_w = 294, .box_w = 15, .box_h = 19, .ofs_x = 2, .ofs_y = -2},
    {.bitmap_index = 13612, .adv_w = 294, .box_w = 16, .box_h = 18, .ofs_x = 2, .ofs_y = -1},
    {.bitmap_index = 13648, .adv_w = 294, .box_w = 16, .box_h = 18, .ofs_x = 2, .ofs_y = -2},
    {.bitmap_index = 13684, .adv_w = 294, .box_w = 15, .box_h = 18, .ofs_x = 2, .ofs_y = -2},
    {.bitmap_index = 13718, .adv_w = 294, .box_w = 16, .box_h = 18, .ofs_x = 2, .ofs_y = -2},
    {.bitmap_index = 13754, .adv_w = 294, .box_w = 16, .box_h = 18, .ofs_x = 2, .ofs_y = -2},
    {.bitmap_index = 13790, .adv_w = 294, .box_w = 16, .box_h = 19, .ofs_x = 2, .ofs_y = -2},
    {.bitmap_index = 13828, .adv_w = 294, .box_w = 16, .box_h = 19, .ofs_x = 2, .ofs_y = -2},
    {.bitmap_index = 13866, .adv_w = 294, .box_w = 16, .box_h = 18, .ofs_x = 2, .ofs_y = -2},
    {.bitmap_index = 13902, .adv_w = 294, .box_w = 16, .box_h = 19, .ofs_x = 2, .ofs_y = -2},
    {.bitmap_index = 13940, .adv_w = 294, .box_w = 14, .box_h = 18, .ofs_x = 2, .ofs_y = -2},
    {.bitmap_index = 13972, .adv_w = 294, .box_w = 14, .box_h = 19, .ofs_x = 2, .ofs_y = -2},
    {.bitmap_index = 14006, .adv_w = 294, .box_w = 15, .box_h = 19, .ofs_x = 2, .ofs_y = -2},
    {.bitmap_index = 14042, .adv_w = 294, .box_w = 15, .box_h = 19, .ofs_x = 2, .ofs_y = -2},
    {.bitmap_index = 14078, .adv_w = 294, .box_w = 15, .box_h = 18, .ofs_x = 2, .ofs_y = -2},
    {.bitmap_index = 14112, .adv_w = 294, .box_w = 14, .box_h = 19, .ofs_x = 2, .ofs_y = -2},
    {.bitmap_index = 14146, .adv_w = 294, .box_w = 14, .box_h = 18, .ofs_x = 2, .ofs_y = -2},
    {.bitmap_index = 14178, .adv_w = 294, .box_w = 14, .box_h = 18, .ofs_x = 2, .ofs_y = -2},
    {.bitmap_index = 14210, .adv_w = 294, .box_w = 14, .box_h = 19, .ofs_x = 2, .ofs_y = -2},
    {.bitmap_index = 14244, .adv_w = 294, .box_w = 15, .box_h = 18, .ofs_x = 2, .ofs_y = -2},
    {.bitmap_index = 14278, .adv_w = 294, .box_w = 16, .box_h = 18, .ofs_x = 2, .ofs_y = -2},
    {.bitmap_index = 14314, .adv_w = 294, .box_w = 14, .box_h = 19, .ofs_x = 2, .ofs_y = -2},
    {.bitmap_index = 14348, .adv_w = 294, .box_w = 14, .box_h = 18, .ofs_x = 2, .ofs_y = -2},
    {.bitmap_index = 14380, .adv_w = 294, .box_w = 15, .box_h = 18, .ofs_x = 2, .ofs_y = -2},
    {.bitmap_index = 14414, .adv_w = 294, .box_w = 15, .box_h = 18, .ofs_x = 2, .ofs_y = -2},
    {.bitmap_index = 14448, .adv_w = 294, .box_w = 15, .box_h = 18, .ofs_x = 2, .ofs_y = -2},
    {.bitmap_index = 14482, .adv_w = 294, .box_w = 15, .box_h = 18, .ofs_x = 2, .ofs_y = -2},
    {.bitmap_index = 14516, .adv_w = 294, .box_w = 15, .box_h = 18, .ofs_x = 2, .ofs_y = -2},
    {.bitmap_index = 14550, .adv_w = 294, .box_w = 15, .box_h = 19, .ofs_x = 2, .ofs_y = -2},
    {.bitmap_index = 14586, .adv_w = 294, .box_w = 16, .box_h = 18, .ofs_x = 2, .ofs_y = -2},
    {.bitmap_index = 14622, .adv_w = 294, .box_w = 16, .box_h = 18, .ofs_x = 2, .ofs_y = -2},
    {.bitmap_index = 14658, .adv_w = 294, .box_w = 15, .box_h = 18, .ofs_x = 2, .ofs_y = -2},
    {.bitmap_index = 14692, .adv_w = 294, .box_w = 14, .box_h = 18, .ofs_x = 2, .ofs_y = -2},
    {.bitmap_index = 14724, .adv_w = 294, .box_w = 14, .box_h = 19, .ofs_x = 2, .ofs_y = -2},
    {.bitmap_index = 14758, .adv_w = 294, .box_w = 15, .box_h = 18, .ofs_x = 2, .ofs_y = -2},
    {.bitmap_index = 14792, .adv_w = 294, .box_w = 15, .box_h = 18, .ofs_x = 2, .ofs_y = -2},
    {.bitmap_index = 14826, .adv_w = 294, .box_w = 14, .box_h = 18, .ofs_x = 2, .ofs_y = -2},
    {.bitmap_index = 14858, .adv_w = 294, .box_w = 14, .box_h = 19, .ofs_x = 2, .ofs_y = -2},
    {.bitmap_index = 14892, .adv_w = 294, .box_w = 16, .box_h = 18, .ofs_x = 2, .ofs_y = -2},
    {.bitmap_index = 14928, .adv_w = 294, .box_w = 14, .box_h = 18, .ofs_x = 2, .ofs_y = -2},
    {.bitmap_index = 14960, .adv_w = 294, .box_w = 14, .box_h = 18, .ofs_x = 2, .ofs_y = -2},
    {.bitmap_index = 14992, .adv_w = 294, .box_w = 15, .box_h = 18, .ofs_x = 2, .ofs_y = -2},
    {.bitmap_index = 15026, .adv_w = 294, .box_w = 15, .box_h = 18, .ofs_x = 2, .ofs_y = -2},
    {.bitmap_index = 15060, .adv_w = 294, .box_w = 17, .box_h = 14, .ofs_x = 1, .ofs_y = 1},
    {.bitmap_index = 15090, .adv_w = 294, .box_w = 17, .box_h = 18, .ofs_x = 1, .ofs_y = -2},
    {.bitmap_index = 15129, .adv_w = 294, .box_w = 17, .box_h = 18, .ofs_x = 1, .ofs_y = -2},
    {.bitmap_index = 15168, .adv_w = 294, .box_w = 17, .box_h = 18, .ofs_x = 1, .ofs_y = -2},
    {.bitmap_index = 15207, .adv_w = 294, .box_w = 17, .box_h = 18, .ofs_x = 1, .ofs_y = -2},
    {.bitmap_index = 15246, .adv_w = 294, .box_w = 17, .box_h = 18, .ofs_x = 1, .ofs_y = -2},
    {.bitmap_index = 15285, .adv_w = 294, .box_w = 17, .box_h = 18, .ofs_x = 1, .ofs_y = -2},
    {.bitmap_index = 15324, .adv_w = 294, .box_w = 17, .box_h = 17, .ofs_x = 1, .ofs_y = -1},
    {.bitmap_index = 15361, .adv_w = 294, .box_w = 17, .box_h = 18, .ofs_x = 1, .ofs_y = -2},
    {.bitmap_index = 15400, .adv_w = 294, .box_w = 17, .box_h = 18, .ofs_x = 1, .ofs_y = -2},
    {.bitmap_index = 15439, .adv_w = 294, .box_w = 17, .box_h = 18, .ofs_x = 1, .ofs_y = -2},
    {.bitmap_index = 15478, .adv_w = 294, .box_w = 17, .box_h = 18, .ofs_x = 1, .ofs_y = -2},
    {.bitmap_index = 15517, .adv_w = 294, .box_w = 16, .box_h = 19, .ofs_x = 1, .ofs_y = -2},
    {.bitmap_index = 15555, .adv_w = 294, .box_w = 16, .box_h = 18, .ofs_x = 1, .ofs_y = -2},
    {.bitmap_index = 15591, .adv_w = 294, .box_w = 17, .box_h = 18, .ofs_x = 1, .ofs_y = -1},
    {.bitmap_index = 15630, .adv_w = 294, .box_w = 15, .box_h = 18, .ofs_x = 1, .ofs_y = -2},
    {.bitmap_index = 15664, .adv_w = 294, .box_w = 15, .box_h = 18, .ofs_x = 1, .ofs_y = -2},
    {.bitmap_index = 15698, .adv_w = 294, .box_w = 15, .box_h = 18, .ofs_x = 1, .ofs_y = -2},
    {.bitmap_index = 15732, .adv_w = 294, .box_w = 15, .box_h = 19, .ofs_x = 1, .ofs_y = -2},
    {.bitmap_index = 15768, .adv_w = 294, .box_w = 15, .box_h = 18, .ofs_x = 1, .ofs_y = -2},
    {.bitmap_index = 15802, .adv_w = 294, .box_w = 16, .box_h = 18, .ofs_x = 1, .ofs_y = -2},
    {.bitmap_index = 15838, .adv_w = 294, .box_w = 17, .box_h = 14, .ofs_x = 1, .ofs_y = 1},
    {.bitmap_index = 15868, .adv_w = 294, .box_w = 17, .box_h = 18, .ofs_x = 1, .ofs_y = -2},
    {.bitmap_index = 15907, .adv_w = 294, .box_w = 17, .box_h = 18, .ofs_x = 1, .ofs_y = -2},
    {.bitmap_index = 15946, .adv_w = 294, .box_w = 17, .box_h = 18, .ofs_x = 1, .ofs_y = -2},
    {.bitmap_index = 15985, .adv_w = 294, .box_w = 17, .box_h = 18, .ofs_x = 1, .ofs_y = -2},
    {.bitmap_index = 16024, .adv_w = 294, .box_w = 17, .box_h = 17, .ofs_x = 1, .ofs_y = -1},
    {.bitmap_index = 16061, .adv_w = 294, .box_w = 17, .box_h = 17, .ofs_x = 1, .ofs_y = -2},
    {.bitmap_index = 16098, .adv_w = 294, .box_w = 17, .box_h = 17, .ofs_x = 1, .ofs_y = -2},
    {.bitmap_index = 16135, .adv_w = 294, .box_w = 17, .box_h = 18, .ofs_x = 1, .ofs_y = -2},
    {.bitmap_index = 16174, .adv_w = 294, .box_w = 17, .box_h = 18, .ofs_x = 1, .ofs_y = -2},
    {.bitmap_index = 16213, .adv_w = 294, .box_w = 17, .box_h = 18, .ofs_x = 1, .ofs_y = -2},
    {.bitmap_index = 16252, .adv_w = 294, .box_w = 17, .box_h = 18, .ofs_x = 1, .ofs_y = -2},
    {.bitmap_index = 16291, .adv_w = 294, .box_w = 17, .box_h = 18, .ofs_x = 1, .ofs_y = -2},
    {.bitmap_index = 16330, .adv_w = 294, .box_w = 17, .box_h = 18, .ofs_x = 1, .ofs_y = -2},
    {.bitmap_index = 16369, .adv_w = 294, .box_w = 17, .box_h = 18, .ofs_x = 1, .ofs_y = -2},
    {.bitmap_index = 16408, .adv_w = 294, .box_w = 17, .box_h = 18, .ofs_x = 1, .ofs_y = -2},
    {.bitmap_index = 16447, .adv_w = 294, .box_w = 16, .box_h = 18, .ofs_x = 0, .ofs_y = -2},
    {.bitmap_index = 16483, .adv_w = 294, .box_w = 18, .box_h = 18, .ofs_x = 1, .ofs_y = -1},
    {.bitmap_index = 16524, .adv_w = 294, .box_w = 16, .box_h = 18, .ofs_x = 1, .ofs_y = -2},
    {.bitmap_index = 16560, .adv_w = 294, .box_w = 15, .box_h = 18, .ofs_x = 1, .ofs_y = -2},
    {.bitmap_index = 16594, .adv_w = 294, .box_w = 15, .box_h = 19, .ofs_x = 1, .ofs_y = -2},
    {.bitmap_index = 16630, .adv_w = 294, .box_w = 15, .box_h = 18, .ofs_x = 1, .ofs_y = -2},
    {.bitmap_index = 16664, .adv_w = 294, .box_w = 15, .box_h = 19, .ofs_x = 1, .ofs_y = -2},
    {.bitmap_index = 16700, .adv_w = 294, .box_w = 15, .box_h = 18, .ofs_x = 1, .ofs_y = -2},
    {.bitmap_index = 16734, .adv_w = 294, .box_w = 17, .box_h = 17, .ofs_x = 1, .ofs_y = -2},
    {.bitmap_index = 16771, .adv_w = 294, .box_w = 17, .box_h = 17, .ofs_x = 1, .ofs_y = -2},
    {.bitmap_index = 16808, .adv_w = 294, .box_w = 17, .box_h = 18, .ofs_x = 1, .ofs_y = -2},
    {.bitmap_index = 16847, .adv_w = 294, .box_w = 17, .box_h = 18, .ofs_x = 1, .ofs_y = -2},
    {.bitmap_index = 16886, .adv_w = 294, .box_w = 17, .box_h = 18, .ofs_x = 1, .ofs_y = -2},
    {.bitmap_index = 16925, .adv_w = 294, .box_w = 17, .box_h = 17, .ofs_x = 1, .ofs_y = -2},
    {.bitmap_index = 16962, .adv_w = 294, .box_w = 17, .box_h = 14, .ofs_x = 1, .ofs_y = 1},
    {.bitmap_index = 16992, .adv_w = 294, .box_w = 17, .box_h = 18, .ofs_x = 1, .ofs_y = -2},
    {.bitmap_index = 17031, .adv_w = 294, .box_w = 17, .box_h = 18, .ofs_x = 1, .ofs_y = -2},
    {.bitmap_index = 17070, .adv_w = 294, .box_w = 17, .box_h = 18, .ofs_x = 1, .ofs_y = -2},
    {.bitmap_index = 17109, .adv_w = 294, .box_w = 17, .box_h = 18, .ofs_x = 1, .ofs_y = -2},
    {.bitmap_index = 17148, .adv_w = 294, .box_w = 17, .box_h = 18, .ofs_x = 1, .ofs_y = -2},
    {.bitmap_index = 17187, .adv_w = 294, .box_w = 17, .box_h = 18, .ofs_x = 1, .ofs_y = -2},
    {.bitmap_index = 17226, .adv_w = 294, .box_w = 17, .box_h = 18, .ofs_x = 1, .ofs_y = -2},
    {.bitmap_index = 17265, .adv_w = 294, .box_w = 17, .box_h = 17, .ofs_x = 1, .ofs_y = -1},
    {.bitmap_index = 17302, .adv_w = 294, .box_w = 17, .box_h = 18, .ofs_x = 1, .ofs_y = -2},
    {.bitmap_index = 17341, .adv_w = 294, .box_w = 17, .box_h = 16, .ofs_x = 1, .ofs_y = -1},
    {.bitmap_index = 17375, .adv_w = 294, .box_w = 17, .box_h = 18, .ofs_x = 1, .ofs_y = -2},
    {.bitmap_index = 17414, .adv_w = 294, .box_w = 15, .box_h = 18, .ofs_x = 1, .ofs_y = -2},
    {.bitmap_index = 17448, .adv_w = 294, .box_w = 15, .box_h = 18, .ofs_x = 1, .ofs_y = -2},
    {.bitmap_index = 17482, .adv_w = 294, .box_w = 15, .box_h = 18, .ofs_x = 1, .ofs_y = -2},
    {.bitmap_index = 17516, .adv_w = 294, .box_w = 14, .box_h = 18, .ofs_x = 2, .ofs_y = -2},
    {.bitmap_index = 17548, .adv_w = 294, .box_w = 14, .box_h = 18, .ofs_x = 2, .ofs_y = -2},
    {.bitmap_index = 17580, .adv_w = 294, .box_w = 15, .box_h = 18, .ofs_x = 2, .ofs_y = -2},
    {.bitmap_index = 17614, .adv_w = 294, .box_w = 15, .box_h = 19, .ofs_x = 2, .ofs_y = -2},
    {.bitmap_index = 17650, .adv_w = 294, .box_w = 14, .box_h = 18, .ofs_x = 2, .ofs_y = -2},
    {.bitmap_index = 17682, .adv_w = 294, .box_w = 14, .box_h = 18, .ofs_x = 2, .ofs_y = -2},
    {.bitmap_index = 17714, .adv_w = 294, .box_w = 14, .box_h = 18, .ofs_x = 2, .ofs_y = -2},
    {.bitmap_index = 17746, .adv_w = 294, .box_w = 15, .box_h = 18, .ofs_x = 2, .ofs_y = -2},
    {.bitmap_index = 17780, .adv_w = 294, .box_w = 14, .box_h = 19, .ofs_x = 2, .ofs_y = -2},
    {.bitmap_index = 17814, .adv_w = 294, .box_w = 15, .box_h = 18, .ofs_x = 2, .ofs_y = -2},
    {.bitmap_index = 17848, .adv_w = 294, .box_w = 16, .box_h = 18, .ofs_x = 2, .ofs_y = -2},
    {.bitmap_index = 17884, .adv_w = 294, .box_w = 16, .box_h = 18, .ofs_x = 2, .ofs_y = -2},
    {.bitmap_index = 17920, .adv_w = 294, .box_w = 16, .box_h = 18, .ofs_x = 2, .ofs_y = -2},
    {.bitmap_index = 17956, .adv_w = 294, .box_w = 16, .box_h = 19, .ofs_x = 2, .ofs_y = -2},
    {.bitmap_index = 17994, .adv_w = 294, .box_w = 16, .box_h = 18, .ofs_x = 2, .ofs_y = -2},
    {.bitmap_index = 18030, .adv_w = 294, .box_w = 16, .box_h = 19, .ofs_x = 2, .ofs_y = -2},
    {.bitmap_index = 18068, .adv_w = 294, .box_w = 16, .box_h = 18, .ofs_x = 2, .ofs_y = -2},
    {.bitmap_index = 18104, .adv_w = 294, .box_w = 16, .box_h = 18, .ofs_x = 2, .ofs_y = -2},
    {.bitmap_index = 18140, .adv_w = 294, .box_w = 17, .box_h = 18, .ofs_x = 2, .ofs_y = -2},
    {.bitmap_index = 18179, .adv_w = 294, .box_w = 16, .box_h = 19, .ofs_x = 2, .ofs_y = -2},
    {.bitmap_index = 18217, .adv_w = 294, .box_w = 16, .box_h = 18, .ofs_x = 2, .ofs_y = -2},
    {.bitmap_index = 18253, .adv_w = 294, .box_w = 16, .box_h = 19, .ofs_x = 2, .ofs_y = -2},
    {.bitmap_index = 18291, .adv_w = 294, .box_w = 16, .box_h = 18, .ofs_x = 2, .ofs_y = -1},
    {.bitmap_index = 18327, .adv_w = 294, .box_w = 16, .box_h = 18, .ofs_x = 2, .ofs_y = -2},
    {.bitmap_index = 18363, .adv_w = 294, .box_w = 16, .box_h = 18, .ofs_x = 2, .ofs_y = -2},
    {.bitmap_index = 18399, .adv_w = 294, .box_w = 16, .box_h = 17, .ofs_x = 2, .ofs_y = -1},
    {.bitmap_index = 18433, .adv_w = 294, .box_w = 16, .box_h = 17, .ofs_x = 2, .ofs_y = -1},
    {.bitmap_index = 18467, .adv_w = 294, .box_w = 16, .box_h = 18, .ofs_x = 2, .ofs_y = -2},
    {.bitmap_index = 18503, .adv_w = 294, .box_w = 15, .box_h = 18, .ofs_x = 2, .ofs_y = -2},
    {.bitmap_index = 18537, .adv_w = 294, .box_w = 15, .box_h = 18, .ofs_x = 2, .ofs_y = -2},
    {.bitmap_index = 18571, .adv_w = 294, .box_w = 15, .box_h = 18, .ofs_x = 2, .ofs_y = -2},
    {.bitmap_index = 18605, .adv_w = 294, .box_w = 15, .box_h = 18, .ofs_x = 2, .ofs_y = -2},
    {.bitmap_index = 18639, .adv_w = 294, .box_w = 15, .box_h = 18, .ofs_x = 2, .ofs_y = -2},
    {.bitmap_index = 18673, .adv_w = 294, .box_w = 15, .box_h = 19, .ofs_x = 2, .ofs_y = -2},
    {.bitmap_index = 18709, .adv_w = 294, .box_w = 16, .box_h = 18, .ofs_x = 2, .ofs_y = -1},
    {.bitmap_index = 18745, .adv_w = 294, .box_w = 16, .box_h = 18, .ofs_x = 2, .ofs_y = -2},
    {.bitmap_index = 18781, .adv_w = 294, .box_w = 15, .box_h = 18, .ofs_x = 2, .ofs_y = -2},
    {.bitmap_index = 18815, .adv_w = 294, .box_w = 16, .box_h = 18, .ofs_x = 2, .ofs_y = -2},
    {.bitmap_index = 18851, .adv_w = 294, .box_w = 14, .box_h = 18, .ofs_x = 2, .ofs_y = -2},
    {.bitmap_index = 18883, .adv_w = 294, .box_w = 14, .box_h = 19, .ofs_x = 2, .ofs_y = -2},
    {.bitmap_index = 18917, .adv_w = 294, .box_w = 14, .box_h = 18, .ofs_x = 2, .ofs_y = -2},
    {.bitmap_index = 18949, .adv_w = 294, .box_w = 15, .box_h = 18, .ofs_x = 2, .ofs_y = -2},
    {.bitmap_index = 18983, .adv_w = 294, .box_w = 14, .box_h = 18, .ofs_x = 2, .ofs_y = -2},
    {.bitmap_index = 19015, .adv_w = 294, .box_w = 15, .box_h = 18, .ofs_x = 2, .ofs_y = -2},
    {.bitmap_index = 19049, .adv_w = 294, .box_w = 14, .box_h = 18, .ofs_x = 2, .ofs_y = -2},
    {.bitmap_index = 19081, .adv_w = 294, .box_w = 14, .box_h = 18, .ofs_x = 2, .ofs_y = -2},
    {.bitmap_index = 19113, .adv_w = 294, .box_w = 14, .box_h = 18, .ofs_x = 2, .ofs_y = -2},
    {.bitmap_index = 19145, .adv_w = 294, .box_w = 14, .box_h = 19, .ofs_x = 2, .ofs_y = -2},
    {.bitmap_index = 19179, .adv_w = 294, .box_w = 15, .box_h = 18, .ofs_x = 2, .ofs_y = -2},
    {.bitmap_index = 19213, .adv_w = 294, .box_w = 14, .box_h = 18, .ofs_x = 2, .ofs_y = -2},
    {.bitmap_index = 19245, .adv_w = 294, .box_w = 15, .box_h = 17, .ofs_x = 2, .ofs_y = -1},
    {.bitmap_index = 19277, .adv_w = 294, .box_w = 15, .box_h = 19, .ofs_x = 2, .ofs_y = -2},
    {.bitmap_index = 19313, .adv_w = 294, .box_w = 15, .box_h = 18, .ofs_x = 2, .ofs_y = -2},
    {.bitmap_index = 19347, .adv_w = 294, .box_w = 15, .box_h = 19, .ofs_x = 2, .ofs_y = -2},
    {.bitmap_index = 19383, .adv_w = 294, .box_w = 15, .box_h = 18, .ofs_x = 2, .ofs_y = -2},
    {.bitmap_index = 19417, .adv_w = 294, .box_w = 15, .box_h = 18, .ofs_x = 2, .ofs_y = -2},
    {.bitmap_index = 19451, .adv_w = 294, .box_w = 15, .box_h = 18, .ofs_x = 2, .ofs_y = -2},
    {.bitmap_index = 19485, .adv_w = 294, .box_w = 15, .box_h = 19, .ofs_x = 2, .ofs_y = -2},
    {.bitmap_index = 19521, .adv_w = 294, .box_w = 16, .box_h = 18, .ofs_x = 2, .ofs_y = -2},
    {.bitmap_index = 19557, .adv_w = 294, .box_w = 16, .box_h = 18, .ofs_x = 2, .ofs_y = -2},
    {.bitmap_index = 19593, .adv_w = 294, .box_w = 15, .box_h = 18, .ofs_x = 2, .ofs_y = -2},
    {.bitmap_index = 19627, .adv_w = 294, .box_w = 14, .box_h = 18, .ofs_x = 2, .ofs_y = -2},
    {.bitmap_index = 19659, .adv_w = 294, .box_w = 15, .box_h = 18, .ofs_x = 2, .ofs_y = -2},
    {.bitmap_index = 19693, .adv_w = 294, .box_w = 15, .box_h = 19, .ofs_x = 2, .ofs_y = -2},
    {.bitmap_index = 19729, .adv_w = 294, .box_w = 16, .box_h = 18, .ofs_x = 2, .ofs_y = -2},
    {.bitmap_index = 19765, .adv_w = 294, .box_w = 14, .box_h = 18, .ofs_x = 2, .ofs_y = -2},
    {.bitmap_index = 19797, .adv_w = 294, .box_w = 15, .box_h = 18, .ofs_x = 2, .ofs_y = -2},
    {.bitmap_index = 19831, .adv_w = 294, .box_w = 15, .box_h = 18, .ofs_x = 2, .ofs_y = -2},
    {.bitmap_index = 19865, .adv_w = 294, .box_w = 17, .box_h = 14, .ofs_x = 1, .ofs_y = 1},
    {.bitmap_index = 19895, .adv_w = 294, .box_w = 17, .box_h = 18, .ofs_x = 1, .ofs_y = -2},
    {.bitmap_index = 19934, .adv_w = 294, .box_w = 17, .box_h = 17, .ofs_x = 1, .ofs_y = -2},
    {.bitmap_index = 19971, .adv_w = 294, .box_w = 17, .box_h = 18, .ofs_x = 1, .ofs_y = -2},
    {.bitmap_index = 20010, .adv_w = 294, .box_w = 17, .box_h = 18, .ofs_x = 1, .ofs_y = -2},
    {.bitmap_index = 20049, .adv_w = 294, .box_w = 17, .box_h = 18, .ofs_x = 1, .ofs_y = -2},
    {.bitmap_index = 20088, .adv_w = 294, .box_w = 17, .box_h = 18, .ofs_x = 1, .ofs_y = -2},
    {.bitmap_index = 20127, .adv_w = 294, .box_w = 17, .box_h = 18, .ofs_x = 1, .ofs_y = -2},
    {.bitmap_index = 20166, .adv_w = 294, .box_w = 17, .box_h = 18, .ofs_x = 1, .ofs_y = -2},
    {.bitmap_index = 20205, .adv_w = 294, .box_w = 17, .box_h = 18, .ofs_x = 1, .ofs_y = -2},
    {.bitmap_index = 20244, .adv_w = 294, .box_w = 17, .box_h = 17, .ofs_x = 1, .ofs_y = -2},
    {.bitmap_index = 20281, .adv_w = 294, .box_w = 17, .box_h = 18, .ofs_x = 1, .ofs_y = -2},
    {.bitmap_index = 20320, .adv_w = 294, .box_w = 17, .box_h = 18, .ofs_x = 1, .ofs_y = -2},
    {.bitmap_index = 20359, .adv_w = 294, .box_w = 17, .box_h = 18, .ofs_x = 1, .ofs_y = -2},
    {.bitmap_index = 20398, .adv_w = 294, .box_w = 17, .box_h = 19, .ofs_x = 1, .ofs_y = -2},
    {.bitmap_index = 20439, .adv_w = 294, .box_w = 16, .box_h = 18, .ofs_x = 1, .ofs_y = -2},
    {.bitmap_index = 20475, .adv_w = 294, .box_w = 16, .box_h = 18, .ofs_x = 1, .ofs_y = -2},
    {.bitmap_index = 20511, .adv_w = 294, .box_w = 17, .box_h = 18, .ofs_x = 1, .ofs_y = -1},
    {.bitmap_index = 20550, .adv_w = 294, .box_w = 15, .box_h = 18, .ofs_x = 1, .ofs_y = -2},
    {.bitmap_index = 20584, .adv_w = 294, .box_w = 16, .box_h = 18, .ofs_x = 1, .ofs_y = -2},
    {.bitmap_index = 20620, .adv_w = 294, .box_w = 16, .box_h = 19, .ofs_x = 1, .ofs_y = -2},
    {.bitmap_index = 20658, .adv_w = 294, .box_w = 15, .box_h = 19, .ofs_x = 1, .ofs_y = -2},
    {.bitmap_index = 20694, .adv_w = 294, .box_w = 15, .box_h = 18, .ofs_x = 1, .ofs_y = -2},
    {.bitmap_index = 20728, .adv_w = 294, .box_w = 16, .box_h = 18, .ofs_x = 1, .ofs_y = -1},
    {.bitmap_index = 20764, .adv_w = 294, .box_w = 17, .box_h = 14, .ofs_x = 1, .ofs_y = 1},
    {.bitmap_index = 20794, .adv_w = 294, .box_w = 17, .box_h = 17, .ofs_x = 1, .ofs_y = -2},
    {.bitmap_index = 20831, .adv_w = 294, .box_w = 17, .box_h = 18, .ofs_x = 1, .ofs_y = -2},
    {.bitmap_index = 20870, .adv_w = 294, .box_w = 17, .box_h = 17, .ofs_x = 1, .ofs_y = -2},
    {.bitmap_index = 20907, .adv_w = 294, .box_w = 17, .box_h = 18, .ofs_x = 1, .ofs_y = -2},
    {.bitmap_index = 20946, .adv_w = 294, .box_w = 17, .box_h = 18, .ofs_x = 1, .ofs_y = -2},
    {.bitmap_index = 20985, .adv_w = 294, .box_w = 17, .box_h = 18, .ofs_x = 1, .ofs_y = -2},
    {.bitmap_index = 21024, .adv_w = 294, .box_w = 17, .box_h = 17, .ofs_x = 1, .ofs_y = -1},
    {.bitmap_index = 21061, .adv_w = 294, .box_w = 17, .box_h = 17, .ofs_x = 1, .ofs_y = -2},
    {.bitmap_index = 21098, .adv_w = 294, .box_w = 16, .box_h = 18, .ofs_x = 0, .ofs_y = -2},
    {.bitmap_index = 21134, .adv_w = 294, .box_w = 17, .box_h = 18, .ofs_x = 1, .ofs_y = -2},
    {.bitmap_index = 21173, .adv_w = 294, .box_w = 16, .box_h = 18, .ofs_x = 1, .ofs_y = -2},
    {.bitmap_index = 21209, .adv_w = 294, .box_w = 15, .box_h = 18, .ofs_x = 1, .ofs_y = -2},
    {.bitmap_index = 21243, .adv_w = 294, .box_w = 15, .box_h = 18, .ofs_x = 1, .ofs_y = -2},
    {.bitmap_index = 21277, .adv_w = 294, .box_w = 15, .box_h = 19, .ofs_x = 1, .ofs_y = -2},
    {.bitmap_index = 21313, .adv_w = 294, .box_w = 16, .box_h = 18, .ofs_x = 1, .ofs_y = -2},
    {.bitmap_index = 21349, .adv_w = 294, .box_w = 15, .box_h = 18, .ofs_x = 1, .ofs_y = -2},
    {.bitmap_index = 21383, .adv_w = 294, .box_w = 16, .box_h = 18, .ofs_x = 1, .ofs_y = -1},
    {.bitmap_index = 21419, .adv_w = 294, .box_w = 15, .box_h = 18, .ofs_x = 1, .ofs_y = -2},
    {.bitmap_index = 21453, .adv_w = 294, .box_w = 17, .box_h = 17, .ofs_x = 1, .ofs_y = -2},
    {.bitmap_index = 21490, .adv_w = 294, .box_w = 17, .box_h = 17, .ofs_x = 1, .ofs_y = -2},
    {.bitmap_index = 21527, .adv_w = 294, .box_w = 17, .box_h = 18, .ofs_x = 1, .ofs_y = -2},
    {.bitmap_index = 21566, .adv_w = 294, .box_w = 17, .box_h = 18, .ofs_x = 1, .ofs_y = -2},
    {.bitmap_index = 21605, .adv_w = 294, .box_w = 17, .box_h = 18, .ofs_x = 1, .ofs_y = -2},
    {.bitmap_index = 21644, .adv_w = 294, .box_w = 17, .box_h = 14, .ofs_x = 1, .ofs_y = 1},
    {.bitmap_index = 21674, .adv_w = 294, .box_w = 17, .box_h = 18, .ofs_x = 1, .ofs_y = -2},
    {.bitmap_index = 21713, .adv_w = 294, .box_w = 17, .box_h = 18, .ofs_x = 1, .ofs_y = -2},
    {.bitmap_index = 21752, .adv_w = 294, .box_w = 17, .box_h = 18, .ofs_x = 1, .ofs_y = -2},
    {.bitmap_index = 21791, .adv_w = 294, .box_w = 17, .box_h = 18, .ofs_x = 1, .ofs_y = -2},
    {.bitmap_index = 21830, .adv_w = 294, .box_w = 17, .box_h = 18, .ofs_x = 1, .ofs_y = -2},
    {.bitmap_index = 21869, .adv_w = 294, .box_w = 17, .box_h = 18, .ofs_x = 1, .ofs_y = -2},
    {.bitmap_index = 21908, .adv_w = 294, .box_w = 17, .box_h = 18, .ofs_x = 1, .ofs_y = -2},
    {.bitmap_index = 21947, .adv_w = 294, .box_w = 17, .box_h = 17, .ofs_x = 1, .ofs_y = -1},
    {.bitmap_index = 21984, .adv_w = 294, .box_w = 17, .box_h = 18, .ofs_x = 1, .ofs_y = -2},
    {.bitmap_index = 22023, .adv_w = 294, .box_w = 14, .box_h = 18, .ofs_x = 1, .ofs_y = -2},
    {.bitmap_index = 22055, .adv_w = 294, .box_w = 14, .box_h = 18, .ofs_x = 2, .ofs_y = -2},
    {.bitmap_index = 22087, .adv_w = 294, .box_w = 14, .box_h = 18, .ofs_x = 2, .ofs_y = -2},
    {.bitmap_index = 22119, .adv_w = 294, .box_w = 15, .box_h = 18, .ofs_x = 2, .ofs_y = -2},
    {.bitmap_index = 22153, .adv_w = 294, .box_w = 14, .box_h = 18, .ofs_x = 2, .ofs_y = -2},
    {.bitmap_index = 22185, .adv_w = 294, .box_w = 15, .box_h = 18, .ofs_x = 2, .ofs_y = -2},
    {.bitmap_index = 22219, .adv_w = 294, .box_w = 14, .box_h = 18, .ofs_x = 2, .ofs_y = -2},
    {.bitmap_index = 22251, .adv_w = 294, .box_w = 14, .box_h = 19, .ofs_x = 2, .ofs_y = -2},
    {.bitmap_index = 22285, .adv_w = 294, .box_w = 15, .box_h = 18, .ofs_x = 2, .ofs_y = -2},
    {.bitmap_index = 22319, .adv_w = 294, .box_w = 16, .box_h = 18, .ofs_x = 2, .ofs_y = -2},
    {.bitmap_index = 22355, .adv_w = 294, .box_w = 14, .box_h = 18, .ofs_x = 2, .ofs_y = -2},
    {.bitmap_index = 22387, .adv_w = 294, .box_w = 15, .box_h = 17, .ofs_x = 2, .ofs_y = -1},
    {.bitmap_index = 22419, .adv_w = 294, .box_w = 16, .box_h = 18, .ofs_x = 1, .ofs_y = -2},
    {.bitmap_index = 22455, .adv_w = 294, .box_w = 16, .box_h = 18, .ofs_x = 1, .ofs_y = -2},
    {.bitmap_index = 22491, .adv_w = 294, .box_w = 16, .box_h = 18, .ofs_x = 1, .ofs_y = -2},
    {.bitmap_index = 22527, .adv_w = 294, .box_w = 16, .box_h = 18, .ofs_x = 1, .ofs_y = -2},
    {.bitmap_index = 22563, .adv_w = 294, .box_w = 16, .box_h = 18, .ofs_x = 1, .ofs_y = -2},
    {.bitmap_index = 22599, .adv_w = 294, .box_w = 16, .box_h = 19, .ofs_x = 1, .ofs_y = -2},
    {.bitmap_index = 22637, .adv_w = 294, .box_w = 16, .box_h = 18, .ofs_x = 1, .ofs_y = -2},
    {.bitmap_index = 22673, .adv_w = 294, .box_w = 17, .box_h = 18, .ofs_x = 1, .ofs_y = -2},
    {.bitmap_index = 22712, .adv_w = 294, .box_w = 16, .box_h = 18, .ofs_x = 1, .ofs_y = -2},
    {.bitmap_index = 22748, .adv_w = 294, .box_w = 17, .box_h = 18, .ofs_x = 1, .ofs_y = -2},
    {.bitmap_index = 22787, .adv_w = 294, .box_w = 15, .box_h = 18, .ofs_x = 1, .ofs_y = -2},
    {.bitmap_index = 22821, .adv_w = 294, .box_w = 15, .box_h = 18, .ofs_x = 1, .ofs_y = -2},
    {.bitmap_index = 22855, .adv_w = 294, .box_w = 16, .box_h = 18, .ofs_x = 1, .ofs_y = -2},
    {.bitmap_index = 22891, .adv_w = 294, .box_w = 16, .box_h = 18, .ofs_x = 1, .ofs_y = -2},
    {.bitmap_index = 22927, .adv_w = 294, .box_w = 15, .box_h = 18, .ofs_x = 1, .ofs_y = -2},
    {.bitmap_index = 22961, .adv_w = 294, .box_w = 15, .box_h = 19, .ofs_x = 1, .ofs_y = -2},
    {.bitmap_index = 22997, .adv_w = 294, .box_w = 16, .box_h = 18, .ofs_x = 1, .ofs_y = -2},
    {.bitmap_index = 23033, .adv_w = 294, .box_w = 16, .box_h = 18, .ofs_x = 1, .ofs_y = -2},
    {.bitmap_index = 23069, .adv_w = 294, .box_w = 15, .box_h = 18, .ofs_x = 1, .ofs_y = -2},
    {.bitmap_index = 23103, .adv_w = 294, .box_w = 15, .box_h = 18, .ofs_x = 1, .ofs_y = -2},
    {.bitmap_index = 23137, .adv_w = 294, .box_w = 15, .box_h = 18, .ofs_x = 1, .ofs_y = -2},
    {.bitmap_index = 23171, .adv_w = 294, .box_w = 16, .box_h = 18, .ofs_x = 1, .ofs_y = -2},
    {.bitmap_index = 23207, .adv_w = 294, .box_w = 16, .box_h = 18, .ofs_x = 1, .ofs_y = -2},
    {.bitmap_index = 23243, .adv_w = 294, .box_w = 15, .box_h = 18, .ofs_x = 1, .ofs_y = -2},
    {.bitmap_index = 23277, .adv_w = 294, .box_w = 15, .box_h = 18, .ofs_x = 1, .ofs_y = -2},
    {.bitmap_index = 23311, .adv_w = 294, .box_w = 15, .box_h = 18, .ofs_x = 1, .ofs_y = -2},
    {.bitmap_index = 23345, .adv_w = 294, .box_w = 15, .box_h = 19, .ofs_x = 1, .ofs_y = -2},
    {.bitmap_index = 23381, .adv_w = 294, .box_w = 16, .box_h = 18, .ofs_x = 1, .ofs_y = -2},
    {.bitmap_index = 23417, .adv_w = 294, .box_w = 17, .box_h = 18, .ofs_x = 1, .ofs_y = -2},
    {.bitmap_index = 23456, .adv_w = 294, .box_w = 15, .box_h = 18, .ofs_x = 1, .ofs_y = -2},
    {.bitmap_index = 23490, .adv_w = 294, .box_w = 15, .box_h = 18, .ofs_x = 1, .ofs_y = -2},
    {.bitmap_index = 23524, .adv_w = 294, .box_w = 15, .box_h = 18, .ofs_x = 1, .ofs_y = -2},
    {.bitmap_index = 23558, .adv_w = 294, .box_w = 15, .box_h = 18, .ofs_x = 1, .ofs_y = -2},
    {.bitmap_index = 23592, .adv_w = 294, .box_w = 16, .box_h = 18, .ofs_x = 1, .ofs_y = -2},
    {.bitmap_index = 23628, .adv_w = 294, .box_w = 16, .box_h = 18, .ofs_x = 1, .ofs_y = -2},
    {.bitmap_index = 23664, .adv_w = 294, .box_w = 15, .box_h = 18, .ofs_x = 1, .ofs_y = -2},
    {.bitmap_index = 23698, .adv_w = 294, .box_w = 15, .box_h = 19, .ofs_x = 1, .ofs_y = -2},
    {.bitmap_index = 23734, .adv_w = 294, .box_w = 16, .box_h = 18, .ofs_x = 1, .ofs_y = -2},
    {.bitmap_index = 23770, .adv_w = 294, .box_w = 16, .box_h = 18, .ofs_x = 1, .ofs_y = -2},
    {.bitmap_index = 23806, .adv_w = 294, .box_w = 15, .box_h = 18, .ofs_x = 1, .ofs_y = -2},
    {.bitmap_index = 23840, .adv_w = 294, .box_w = 15, .box_h = 18, .ofs_x = 1, .ofs_y = -2},
    {.bitmap_index = 23874, .adv_w = 294, .box_w = 17, .box_h = 18, .ofs_x = 1, .ofs_y = -2},
    {.bitmap_index = 23913, .adv_w = 294, .box_w = 17, .box_h = 14, .ofs_x = 1, .ofs_y = 1},
    {.bitmap_index = 23943, .adv_w = 294, .box_w = 17, .box_h = 18, .ofs_x = 1, .ofs_y = -2},
    {.bitmap_index = 23982, .adv_w = 294, .box_w = 17, .box_h = 17, .ofs_x = 1, .ofs_y = -2},
    {.bitmap_index = 24019, .adv_w = 294, .box_w = 17, .box_h = 18, .ofs_x = 1, .ofs_y = -2},
    {.bitmap_index = 24058, .adv_w = 294, .box_w = 17, .box_h = 18, .ofs_x = 1, .ofs_y = -2},
    {.bitmap_index = 24097, .adv_w = 294, .box_w = 17, .box_h = 18, .ofs_x = 1, .ofs_y = -2},
    {.bitmap_index = 24136, .adv_w = 294, .box_w = 17, .box_h = 18, .ofs_x = 1, .ofs_y = -2},
    {.bitmap_index = 24175, .adv_w = 294, .box_w = 16, .box_h = 18, .ofs_x = 0, .ofs_y = -2},
    {.bitmap_index = 24211, .adv_w = 294, .box_w = 15, .box_h = 18, .ofs_x = 1, .ofs_y = -2},
    {.bitmap_index = 24245, .adv_w = 294, .box_w = 16, .box_h = 18, .ofs_x = 1, .ofs_y = -2},
    {.bitmap_index = 24281, .adv_w = 294, .box_w = 17, .box_h = 17, .ofs_x = 1, .ofs_y = -2},
    {.bitmap_index = 24318, .adv_w = 294, .box_w = 17, .box_h = 18, .ofs_x = 1, .ofs_y = -2},
    {.bitmap_index = 24357, .adv_w = 294, .box_w = 17, .box_h = 17, .ofs_x = 1, .ofs_y = -2},
    {.bitmap_index = 24394, .adv_w = 294, .box_w = 17, .box_h = 18, .ofs_x = 1, .ofs_y = -2},
    {.bitmap_index = 24433, .adv_w = 294, .box_w = 17, .box_h = 18, .ofs_x = 1, .ofs_y = -2},
    {.bitmap_index = 24472, .adv_w = 294, .box_w = 17, .box_h = 18, .ofs_x = 1, .ofs_y = -2},
    {.bitmap_index = 24511, .adv_w = 294, .box_w = 17, .box_h = 18, .ofs_x = 1, .ofs_y = -2},
    {.bitmap_index = 24550, .adv_w = 294, .box_w = 16, .box_h = 18, .ofs_x = 0, .ofs_y = -2},
    {.bitmap_index = 24586, .adv_w = 294, .box_w = 15, .box_h = 18, .ofs_x = 1, .ofs_y = -2},
    {.bitmap_index = 24620, .adv_w = 294, .box_w = 16, .box_h = 19, .ofs_x = 1, .ofs_y = -2},
    {.bitmap_index = 24658, .adv_w = 294, .box_w = 16, .box_h = 19, .ofs_x = 1, .ofs_y = -2},
    {.bitmap_index = 24696, .adv_w = 294, .box_w = 15, .box_h = 19, .ofs_x = 1, .ofs_y = -2},
    {.bitmap_index = 24732, .adv_w = 294, .box_w = 15, .box_h = 18, .ofs_x = 1, .ofs_y = -2},
    {.bitmap_index = 24766, .adv_w = 294, .box_w = 15, .box_h = 18, .ofs_x = 1, .ofs_y = -2},
    {.bitmap_index = 24800, .adv_w = 294, .box_w = 17, .box_h = 13, .ofs_x = 1, .ofs_y = 1},
    {.bitmap_index = 24828, .adv_w = 294, .box_w = 17, .box_h = 18, .ofs_x = 1, .ofs_y = -2},
    {.bitmap_index = 24867, .adv_w = 294, .box_w = 17, .box_h = 17, .ofs_x = 1, .ofs_y = -2},
    {.bitmap_index = 24904, .adv_w = 294, .box_w = 17, .box_h = 18, .ofs_x = 1, .ofs_y = -2},
    {.bitmap_index = 24943, .adv_w = 294, .box_w = 17, .box_h = 18, .ofs_x = 1, .ofs_y = -2},
    {.bitmap_index = 24982, .adv_w = 294, .box_w = 17, .box_h = 18, .ofs_x = 1, .ofs_y = -2},
    {.bitmap_index = 25021, .adv_w = 294, .box_w = 17, .box_h = 18, .ofs_x = 1, .ofs_y = -2},
    {.bitmap_index = 25060, .adv_w = 294, .box_w = 17, .box_h = 16, .ofs_x = 1, .ofs_y = -1},
    {.bitmap_index = 25094, .adv_w = 294, .box_w = 15, .box_h = 18, .ofs_x = 1, .ofs_y = -2},
    {.bitmap_index = 25128, .adv_w = 294, .box_w = 16, .box_h = 18, .ofs_x = 1, .ofs_y = -2},
    {.bitmap_index = 25164, .adv_w = 294, .box_w = 16, .box_h = 18, .ofs_x = 1, .ofs_y = -2},
    {.bitmap_index = 25200, .adv_w = 294, .box_w = 15, .box_h = 19, .ofs_x = 1, .ofs_y = -2},
    {.bitmap_index = 25236, .adv_w = 294, .box_w = 15, .box_h = 18, .ofs_x = 1, .ofs_y = -2},
    {.bitmap_index = 25270, .adv_w = 294, .box_w = 14, .box_h = 18, .ofs_x = 2, .ofs_y = -2},
    {.bitmap_index = 25302, .adv_w = 294, .box_w = 15, .box_h = 19, .ofs_x = 2, .ofs_y = -2},
    {.bitmap_index = 25338, .adv_w = 294, .box_w = 15, .box_h = 19, .ofs_x = 2, .ofs_y = -2},
    {.bitmap_index = 25374, .adv_w = 294, .box_w = 15, .box_h = 18, .ofs_x = 2, .ofs_y = -2},
    {.bitmap_index = 25408, .adv_w = 294, .box_w = 15, .box_h = 19, .ofs_x = 2, .ofs_y = -2},
    {.bitmap_index = 25444, .adv_w = 294, .box_w = 16, .box_h = 18, .ofs_x = 2, .ofs_y = -2},
    {.bitmap_index = 25480, .adv_w = 294, .box_w = 15, .box_h = 19, .ofs_x = 2, .ofs_y = -2},
    {.bitmap_index = 25516, .adv_w = 294, .box_w = 16, .box_h = 18, .ofs_x = 2, .ofs_y = -2},
    {.bitmap_index = 25552, .adv_w = 294, .box_w = 16, .box_h = 19, .ofs_x = 2, .ofs_y = -2},
    {.bitmap_index = 25590, .adv_w = 294, .box_w = 16, .box_h = 18, .ofs_x = 2, .ofs_y = -2},
    {.bitmap_index = 25626, .adv_w = 294, .box_w = 16, .box_h = 18, .ofs_x = 2, .ofs_y = -2},
    {.bitmap_index = 25662, .adv_w = 294, .box_w = 16, .box_h = 18, .ofs_x = 2, .ofs_y = -2},
    {.bitmap_index = 25698, .adv_w = 294, .box_w = 16, .box_h = 19, .ofs_x = 2, .ofs_y = -2},
    {.bitmap_index = 25736, .adv_w = 294, .box_w = 16, .box_h = 18, .ofs_x = 2, .ofs_y = -2},
    {.bitmap_index = 25772, .adv_w = 294, .box_w = 16, .box_h = 18, .ofs_x = 2, .ofs_y = -2},
    {.bitmap_index = 25808, .adv_w = 294, .box_w = 16, .box_h = 18, .ofs_x = 2, .ofs_y = -2},
    {.bitmap_index = 25844, .adv_w = 294, .box_w = 16, .box_h = 17, .ofs_x = 2, .ofs_y = -1},
    {.bitmap_index = 25878, .adv_w = 294, .box_w = 16, .box_h = 18, .ofs_x = 2, .ofs_y = -2},
    {.bitmap_index = 25914, .adv_w = 294, .box_w = 16, .box_h = 19, .ofs_x = 2, .ofs_y = -2},
    {.bitmap_index = 25952, .adv_w = 294, .box_w = 15, .box_h = 18, .ofs_x = 1, .ofs_y = -2},
    {.bitmap_index = 25986, .adv_w = 294, .box_w = 15, .box_h = 18, .ofs_x = 2, .ofs_y = -2},
    {.bitmap_index = 26020, .adv_w = 294, .box_w = 15, .box_h = 18, .ofs_x = 2, .ofs_y = -2},
    {.bitmap_index = 26054, .adv_w = 294, .box_w = 15, .box_h = 18, .ofs_x = 2, .ofs_y = -2},
    {.bitmap_index = 26088, .adv_w = 294, .box_w = 15, .box_h = 18, .ofs_x = 2, .ofs_y = -2},
    {.bitmap_index = 26122, .adv_w = 294, .box_w = 15, .box_h = 19, .ofs_x = 2, .ofs_y = -2},
    {.bitmap_index = 26158, .adv_w = 294, .box_w = 16, .box_h = 18, .ofs_x = 2, .ofs_y = -2},
    {.bitmap_index = 26194, .adv_w = 294, .box_w = 16, .box_h = 18, .ofs_x = 2, .ofs_y = -1},
    {.bitmap_index = 26230, .adv_w = 294, .box_w = 15, .box_h = 18, .ofs_x = 2, .ofs_y = -2},
    {.bitmap_index = 26264, .adv_w = 294, .box_w = 16, .box_h = 18, .ofs_x = 2, .ofs_y = -2},
    {.bitmap_index = 26300, .adv_w = 294, .box_w = 16, .box_h = 19, .ofs_x = 2, .ofs_y = -2},
    {.bitmap_index = 26338, .adv_w = 294, .box_w = 16, .box_h = 18, .ofs_x = 2, .ofs_y = -2},
    {.bitmap_index = 26374, .adv_w = 294, .box_w = 16, .box_h = 18, .ofs_x = 2, .ofs_y = -2},
    {.bitmap_index = 26410, .adv_w = 294, .box_w = 16, .box_h = 18, .ofs_x = 2, .ofs_y = -2},
    {.bitmap_index = 26446, .adv_w = 294, .box_w = 14, .box_h = 18, .ofs_x = 2, .ofs_y = -2},
    {.bitmap_index = 26478, .adv_w = 294, .box_w = 14, .box_h = 19, .ofs_x = 2, .ofs_y = -2},
    {.bitmap_index = 26512, .adv_w = 294, .box_w = 15, .box_h = 18, .ofs_x = 2, .ofs_y = -2},
    {.bitmap_index = 26546, .adv_w = 294, .box_w = 15, .box_h = 18, .ofs_x = 2, .ofs_y = -2},
    {.bitmap_index = 26580, .adv_w = 294, .box_w = 14, .box_h = 18, .ofs_x = 2, .ofs_y = -2},
    {.bitmap_index = 26612, .adv_w = 294, .box_w = 14, .box_h = 19, .ofs_x = 2, .ofs_y = -2},
    {.bitmap_index = 26646, .adv_w = 294, .box_w = 15, .box_h = 18, .ofs_x = 2, .ofs_y = -2},
    {.bitmap_index = 26680, .adv_w = 294, .box_w = 16, .box_h = 18, .ofs_x = 2, .ofs_y = -2},
    {.bitmap_index = 26716, .adv_w = 294, .box_w = 14, .box_h = 18, .ofs_x = 2, .ofs_y = -2},
    {.bitmap_index = 26748, .adv_w = 294, .box_w = 15, .box_h = 19, .ofs_x = 2, .ofs_y = -2},
    {.bitmap_index = 26784, .adv_w = 294, .box_w = 15, .box_h = 18, .ofs_x = 1, .ofs_y = -2},
    {.bitmap_index = 26818, .adv_w = 294, .box_w = 15, .box_h = 18, .ofs_x = 2, .ofs_y = -2},
    {.bitmap_index = 26852, .adv_w = 294, .box_w = 15, .box_h = 19, .ofs_x = 2, .ofs_y = -2},
    {.bitmap_index = 26888, .adv_w = 294, .box_w = 15, .box_h = 18, .ofs_x = 2, .ofs_y = -2},
    {.bitmap_index = 26922, .adv_w = 294, .box_w = 15, .box_h = 18, .ofs_x = 2, .ofs_y = -2},
    {.bitmap_index = 26956, .adv_w = 294, .box_w = 15, .box_h = 19, .ofs_x = 2, .ofs_y = -2},
    {.bitmap_index = 26992, .adv_w = 294, .box_w = 16, .box_h = 18, .ofs_x = 2, .ofs_y = -2},
    {.bitmap_index = 27028, .adv_w = 294, .box_w = 15, .box_h = 18, .ofs_x = 2, .ofs_y = -2},
    {.bitmap_index = 27062, .adv_w = 294, .box_w = 14, .box_h = 18, .ofs_x = 2, .ofs_y = -2},
    {.bitmap_index = 27094, .adv_w = 294, .box_w = 14, .box_h = 18, .ofs_x = 2, .ofs_y = -2},
    {.bitmap_index = 27126, .adv_w = 294, .box_w = 15, .box_h = 18, .ofs_x = 2, .ofs_y = -2},
    {.bitmap_index = 27160, .adv_w = 294, .box_w = 15, .box_h = 18, .ofs_x = 2, .ofs_y = -2},
    {.bitmap_index = 27194, .adv_w = 294, .box_w = 14, .box_h = 18, .ofs_x = 2, .ofs_y = -2},
    {.bitmap_index = 27226, .adv_w = 294, .box_w = 14, .box_h = 19, .ofs_x = 2, .ofs_y = -2},
    {.bitmap_index = 27260, .adv_w = 294, .box_w = 15, .box_h = 18, .ofs_x = 2, .ofs_y = -2},
    {.bitmap_index = 27294, .adv_w = 294, .box_w = 16, .box_h = 19, .ofs_x = 2, .ofs_y = -2},
    {.bitmap_index = 27332, .adv_w = 294, .box_w = 14, .box_h = 18, .ofs_x = 2, .ofs_y = -2},
    {.bitmap_index = 27364, .adv_w = 294, .box_w = 15, .box_h = 18, .ofs_x = 1, .ofs_y = -2},
    {.bitmap_index = 27398, .adv_w = 294, .box_w = 15, .box_h = 19, .ofs_x = 2, .ofs_y = -2},
    {.bitmap_index = 27434, .adv_w = 294, .box_w = 15, .box_h = 18, .ofs_x = 2, .ofs_y = -2},
    {.bitmap_index = 27468, .adv_w = 294, .box_w = 16, .box_h = 18, .ofs_x = 2, .ofs_y = -2},
    {.bitmap_index = 27504, .adv_w = 294, .box_w = 17, .box_h = 14, .ofs_x = 1, .ofs_y = 1},
    {.bitmap_index = 27534, .adv_w = 294, .box_w = 17, .box_h = 18, .ofs_x = 1, .ofs_y = -2},
    {.bitmap_index = 27573, .adv_w = 294, .box_w = 17, .box_h = 18, .ofs_x = 1, .ofs_y = -2},
    {.bitmap_index = 27612, .adv_w = 294, .box_w = 17, .box_h = 18, .ofs_x = 1, .ofs_y = -2},
    {.bitmap_index = 27651, .adv_w = 294, .box_w = 17, .box_h = 18, .ofs_x = 1, .ofs_y = -2},
    {.bitmap_index = 27690, .adv_w = 294, .box_w = 17, .box_h = 18, .ofs_x = 1, .ofs_y = -2},
    {.bitmap_index = 27729, .adv_w = 294, .box_w = 17, .box_h = 17, .ofs_x = 1, .ofs_y = -1},
    {.bitmap_index = 27766, .adv_w = 294, .box_w = 17, .box_h = 18, .ofs_x = 1, .ofs_y = -2},
    {.bitmap_index = 27805, .adv_w = 294, .box_w = 17, .box_h = 18, .ofs_x = 1, .ofs_y = -2},
    {.bitmap_index = 27844, .adv_w = 294, .box_w = 17, .box_h = 19, .ofs_x = 1, .ofs_y = -2},
    {.bitmap_index = 27885, .adv_w = 294, .box_w = 16, .box_h = 19, .ofs_x = 1, .ofs_y = -2},
    {.bitmap_index = 27923, .adv_w = 294, .box_w = 17, .box_h = 18, .ofs_x = 1, .ofs_y = -2},
    {.bitmap_index = 27962, .adv_w = 294, .box_w = 15, .box_h = 18, .ofs_x = 1, .ofs_y = -2},
    {.bitmap_index = 27996, .adv_w = 294, .box_w = 16, .box_h = 19, .ofs_x = 1, .ofs_y = -2},
    {.bitmap_index = 28034, .adv_w = 294, .box_w = 16, .box_h = 19, .ofs_x = 1, .ofs_y = -2},
    {.bitmap_index = 28072, .adv_w = 294, .box_w = 14, .box_h = 18, .ofs_x = 2, .ofs_y = -2},
    {.bitmap_index = 28104, .adv_w = 294, .box_w = 14, .box_h = 19, .ofs_x = 2, .ofs_y = -2},
    {.bitmap_index = 28138, .adv_w = 294, .box_w = 15, .box_h = 18, .ofs_x = 2, .ofs_y = -1},
    {.bitmap_index = 28172, .adv_w = 294, .box_w = 14, .box_h = 19, .ofs_x = 2, .ofs_y = -2},
    {.bitmap_index = 28206, .adv_w = 294, .box_w = 17, .box_h = 14, .ofs_x = 1, .ofs_y = 1},
    {.bitmap_index = 28236, .adv_w = 294, .box_w = 17, .box_h = 18, .ofs_x = 1, .ofs_y = -2},
    {.bitmap_index = 28275, .adv_w = 294, .box_w = 17, .box_h = 18, .ofs_x = 1, .ofs_y = -2},
    {.bitmap_index = 28314, .adv_w = 294, .box_w = 17, .box_h = 18, .ofs_x = 1, .ofs_y = -2},
    {.bitmap_index = 28353, .adv_w = 294, .box_w = 17, .box_h = 18, .ofs_x = 1, .ofs_y = -2},
    {.bitmap_index = 28392, .adv_w = 294, .box_w = 17, .box_h = 18, .ofs_x = 1, .ofs_y = -2},
    {.bitmap_index = 28431, .adv_w = 294, .box_w = 17, .box_h = 18, .ofs_x = 1, .ofs_y = -2},
    {.bitmap_index = 28470, .adv_w = 294, .box_w = 17, .box_h = 18, .ofs_x = 1, .ofs_y = -2},
    {.bitmap_index = 28509, .adv_w = 294, .box_w = 17, .box_h = 18, .ofs_x = 1, .ofs_y = -2},
    {.bitmap_index = 28548, .adv_w = 294, .box_w = 17, .box_h = 18, .ofs_x = 1, .ofs_y = -2},
    {.bitmap_index = 28587, .adv_w = 294, .box_w = 17, .box_h = 18, .ofs_x = 1, .ofs_y = -2},
    {.bitmap_index = 28626, .adv_w = 294, .box_w = 17, .box_h = 18, .ofs_x = 1, .ofs_y = -2},
    {.bitmap_index = 28665, .adv_w = 294, .box_w = 17, .box_h = 17, .ofs_x = 1, .ofs_y = -1},
    {.bitmap_index = 28702, .adv_w = 294, .box_w = 17, .box_h = 18, .ofs_x = 1, .ofs_y = -2},
    {.bitmap_index = 28741, .adv_w = 294, .box_w = 15, .box_h = 18, .ofs_x = 1, .ofs_y = -2},
    {.bitmap_index = 28775, .adv_w = 294, .box_w = 17, .box_h = 18, .ofs_x = 1, .ofs_y = -1},
    {.bitmap_index = 28814, .adv_w = 294, .box_w = 16, .box_h = 18, .ofs_x = 1, .ofs_y = -2},
    {.bitmap_index = 28850, .adv_w = 294, .box_w = 16, .box_h = 18, .ofs_x = 0, .ofs_y = -2},
    {.bitmap_index = 28886, .adv_w = 294, .box_w = 15, .box_h = 19, .ofs_x = 1, .ofs_y = -2},
    {.bitmap_index = 28922, .adv_w = 294, .box_w = 16, .box_h = 19, .ofs_x = 1, .ofs_y = -2},
    {.bitmap_index = 28960, .adv_w = 294, .box_w = 16, .box_h = 18, .ofs_x = 1, .ofs_y = -2},
    {.bitmap_index = 28996, .adv_w = 294, .box_w = 15, .box_h = 18, .ofs_x = 1, .ofs_y = -2},
    {.bitmap_index = 29030, .adv_w = 294, .box_w = 16, .box_h = 18, .ofs_x = 1, .ofs_y = -2},
    {.bitmap_index = 29066, .adv_w = 294, .box_w = 15, .box_h = 19, .ofs_x = 1, .ofs_y = -2},
    {.bitmap_index = 29102, .adv_w = 294, .box_w = 17, .box_h = 18, .ofs_x = 1, .ofs_y = -2},
    {.bitmap_index = 29141, .adv_w = 294, .box_w = 17, .box_h = 18, .ofs_x = 1, .ofs_y = -2},
    {.bitmap_index = 29180, .adv_w = 294, .box_w = 17, .box_h = 18, .ofs_x = 1, .ofs_y = -2},
    {.bitmap_index = 29219, .adv_w = 294, .box_w = 17, .box_h = 18, .ofs_x = 1, .ofs_y = -2},
    {.bitmap_index = 29258, .adv_w = 294, .box_w = 17, .box_h = 18, .ofs_x = 1, .ofs_y = -2},
    {.bitmap_index = 29297, .adv_w = 294, .box_w = 17, .box_h = 18, .ofs_x = 1, .ofs_y = -2},
    {.bitmap_index = 29336, .adv_w = 294, .box_w = 17, .box_h = 17, .ofs_x = 1, .ofs_y = -1},
    {.bitmap_index = 29373, .adv_w = 294, .box_w = 17, .box_h = 18, .ofs_x = 1, .ofs_y = -2},
    {.bitmap_index = 29412, .adv_w = 294, .box_w = 17, .box_h = 14, .ofs_x = 1, .ofs_y = 1},
    {.bitmap_index = 29442, .adv_w = 294, .box_w = 17, .box_h = 18, .ofs_x = 1, .ofs_y = -2},
    {.bitmap_index = 29481, .adv_w = 294, .box_w = 17, .box_h = 18, .ofs_x = 1, .ofs_y = -2},
    {.bitmap_index = 29520, .adv_w = 294, .box_w = 17, .box_h = 18, .ofs_x = 1, .ofs_y = -2},
    {.bitmap_index = 29559, .adv_w = 294, .box_w = 17, .box_h = 18, .ofs_x = 1, .ofs_y = -2},
    {.bitmap_index = 29598, .adv_w = 294, .box_w = 17, .box_h = 18, .ofs_x = 1, .ofs_y = -2},
    {.bitmap_index = 29637, .adv_w = 294, .box_w = 17, .box_h = 17, .ofs_x = 1, .ofs_y = -1},
    {.bitmap_index = 29674, .adv_w = 294, .box_w = 17, .box_h = 18, .ofs_x = 1, .ofs_y = -2},
    {.bitmap_index = 29713, .adv_w = 294, .box_w = 17, .box_h = 17, .ofs_x = 1, .ofs_y = -1},
    {.bitmap_index = 29750, .adv_w = 294, .box_w = 17, .box_h = 18, .ofs_x = 1, .ofs_y = -2},
    {.bitmap_index = 29789, .adv_w = 294, .box_w = 17, .box_h = 18, .ofs_x = 1, .ofs_y = -2},
    {.bitmap_index = 29828, .adv_w = 294, .box_w = 14, .box_h = 18, .ofs_x = 2, .ofs_y = -2},
    {.bitmap_index = 29860, .adv_w = 294, .box_w = 14, .box_h = 19, .ofs_x = 2, .ofs_y = -2},
    {.bitmap_index = 29894, .adv_w = 294, .box_w = 14, .box_h = 18, .ofs_x = 2, .ofs_y = -2},
    {.bitmap_index = 29926, .adv_w = 294, .box_w = 15, .box_h = 18, .ofs_x = 2, .ofs_y = -2},
    {.bitmap_index = 29960, .adv_w = 294, .box_w = 14, .box_h = 18, .ofs_x = 2, .ofs_y = -2},
    {.bitmap_index = 29992, .adv_w = 294, .box_w = 14, .box_h = 19, .ofs_x = 2, .ofs_y = -2},
    {.bitmap_index = 30026, .adv_w = 294, .box_w = 15, .box_h = 18, .ofs_x = 2, .ofs_y = -2},
    {.bitmap_index = 30060, .adv_w = 294, .box_w = 14, .box_h = 18, .ofs_x = 2, .ofs_y = -2},
    {.bitmap_index = 30092, .adv_w = 294, .box_w = 16, .box_h = 18, .ofs_x = 2, .ofs_y = -2},
    {.bitmap_index = 30128, .adv_w = 294, .box_w = 17, .box_h = 18, .ofs_x = 2, .ofs_y = -2},
    {.bitmap_index = 30167, .adv_w = 294, .box_w = 17, .box_h = 18, .ofs_x = 2, .ofs_y = -2},
    {.bitmap_index = 30206, .adv_w = 294, .box_w = 16, .box_h = 19, .ofs_x = 2, .ofs_y = -2},
    {.bitmap_index = 30244, .adv_w = 294, .box_w = 17, .box_h = 18, .ofs_x = 2, .ofs_y = -2},
    {.bitmap_index = 30283, .adv_w = 294, .box_w = 17, .box_h = 19, .ofs_x = 2, .ofs_y = -2},
    {.bitmap_index = 30324, .adv_w = 294, .box_w = 17, .box_h = 18, .ofs_x = 2, .ofs_y = -2},
    {.bitmap_index = 30363, .adv_w = 294, .box_w = 17, .box_h = 18, .ofs_x = 2, .ofs_y = -2},
    {.bitmap_index = 30402, .adv_w = 294, .box_w = 17, .box_h = 18, .ofs_x = 2, .ofs_y = -2},
    {.bitmap_index = 30441, .adv_w = 294, .box_w = 17, .box_h = 19, .ofs_x = 2, .ofs_y = -2},
    {.bitmap_index = 30482, .adv_w = 294, .box_w = 17, .box_h = 18, .ofs_x = 2, .ofs_y = -1},
    {.bitmap_index = 30521, .adv_w = 294, .box_w = 16, .box_h = 18, .ofs_x = 2, .ofs_y = -2},
    {.bitmap_index = 30557, .adv_w = 294, .box_w = 17, .box_h = 17, .ofs_x = 2, .ofs_y = -1},
    {.bitmap_index = 30594, .adv_w = 294, .box_w = 17, .box_h = 18, .ofs_x = 2, .ofs_y = -2},
    {.bitmap_index = 30633, .adv_w = 294, .box_w = 16, .box_h = 18, .ofs_x = 2, .ofs_y = -2},
    {.bitmap_index = 30669, .adv_w = 294, .box_w = 15, .box_h = 18, .ofs_x = 1, .ofs_y = -2},
    {.bitmap_index = 30703, .adv_w = 294, .box_w = 15, .box_h = 19, .ofs_x = 2, .ofs_y = -2},
    {.bitmap_index = 30739, .adv_w = 294, .box_w = 15, .box_h = 18, .ofs_x = 2, .ofs_y = -2},
    {.bitmap_index = 30773, .adv_w = 294, .box_w = 15, .box_h = 18, .ofs_x = 2, .ofs_y = -2},
    {.bitmap_index = 30807, .adv_w = 294, .box_w = 15, .box_h = 18, .ofs_x = 2, .ofs_y = -2},
    {.bitmap_index = 30841, .adv_w = 294, .box_w = 15, .box_h = 19, .ofs_x = 2, .ofs_y = -2},
    {.bitmap_index = 30877, .adv_w = 294, .box_w = 16, .box_h = 18, .ofs_x = 2, .ofs_y = -2},
    {.bitmap_index = 30913, .adv_w = 294, .box_w = 16, .box_h = 18, .ofs_x = 2, .ofs_y = -2},
    {.bitmap_index = 30949, .adv_w = 294, .box_w = 15, .box_h = 18, .ofs_x = 2, .ofs_y = -2},
    {.bitmap_index = 30983, .adv_w = 294, .box_w = 16, .box_h = 17, .ofs_x = 2, .ofs_y = -1},
    {.bitmap_index = 31017, .adv_w = 294, .box_w = 16, .box_h = 18, .ofs_x = 2, .ofs_y = -2},
    {.bitmap_index = 31053, .adv_w = 294, .box_w = 17, .box_h = 19, .ofs_x = 2, .ofs_y = -2},
    {.bitmap_index = 31094, .adv_w = 294, .box_w = 17, .box_h = 19, .ofs_x = 2, .ofs_y = -2},
    {.bitmap_index = 31135, .adv_w = 294, .box_w = 16, .box_h = 19, .ofs_x = 2, .ofs_y = -2},
    {.bitmap_index = 31173, .adv_w = 294, .box_w = 14, .box_h = 18, .ofs_x = 2, .ofs_y = -2},
    {.bitmap_index = 31205, .adv_w = 294, .box_w = 14, .box_h = 18, .ofs_x = 2, .ofs_y = -2},
    {.bitmap_index = 31237, .adv_w = 294, .box_w = 15, .box_h = 18, .ofs_x = 2, .ofs_y = -2},
    {.bitmap_index = 31271, .adv_w = 294, .box_w = 15, .box_h = 18, .ofs_x = 2, .ofs_y = -2},
    {.bitmap_index = 31305, .adv_w = 294, .box_w = 14, .box_h = 18, .ofs_x = 2, .ofs_y = -2},
    {.bitmap_index = 31337, .adv_w = 294, .box_w = 14, .box_h = 18, .ofs_x = 2, .ofs_y = -2},
    {.bitmap_index = 31369, .adv_w = 294, .box_w = 14, .box_h = 19, .ofs_x = 2, .ofs_y = -2},
    {.bitmap_index = 31403, .adv_w = 294, .box_w = 15, .box_h = 18, .ofs_x = 2, .ofs_y = -2},
    {.bitmap_index = 31437, .adv_w = 294, .box_w = 14, .box_h = 18, .ofs_x = 2, .ofs_y = -2},
    {.bitmap_index = 31469, .adv_w = 294, .box_w = 15, .box_h = 17, .ofs_x = 2, .ofs_y = -1},
    {.bitmap_index = 31501, .adv_w = 294, .box_w = 14, .box_h = 18, .ofs_x = 2, .ofs_y = -2},
    {.bitmap_index = 31533, .adv_w = 294, .box_w = 15, .box_h = 18, .ofs_x = 1, .ofs_y = -2},
    {.bitmap_index = 31567, .adv_w = 294, .box_w = 15, .box_h = 18, .ofs_x = 2, .ofs_y = -2},
    {.bitmap_index = 31601, .adv_w = 294, .box_w = 15, .box_h = 18, .ofs_x = 2, .ofs_y = -2},
    {.bitmap_index = 31635, .adv_w = 294, .box_w = 15, .box_h = 18, .ofs_x = 2, .ofs_y = -2},
    {.bitmap_index = 31669, .adv_w = 294, .box_w = 15, .box_h = 18, .ofs_x = 2, .ofs_y = -2},
    {.bitmap_index = 31703, .adv_w = 294, .box_w = 15, .box_h = 19, .ofs_x = 2, .ofs_y = -2},
    {.bitmap_index = 31739, .adv_w = 294, .box_w = 16, .box_h = 18, .ofs_x = 2, .ofs_y = -2},
    {.bitmap_index = 31775, .adv_w = 294, .box_w = 16, .box_h = 18, .ofs_x = 2, .ofs_y = -2},
    {.bitmap_index = 31811, .adv_w = 294, .box_w = 15, .box_h = 18, .ofs_x = 2, .ofs_y = -2},
    {.bitmap_index = 31845, .adv_w = 294, .box_w = 14, .box_h = 18, .ofs_x = 2, .ofs_y = -2},
    {.bitmap_index = 31877, .adv_w = 294, .box_w = 14, .box_h = 18, .ofs_x = 2, .ofs_y = -2},
    {.bitmap_index = 31909, .adv_w = 294, .box_w = 14, .box_h = 18, .ofs_x = 2, .ofs_y = -2},
    {.bitmap_index = 31941, .adv_w = 294, .box_w = 15, .box_h = 18, .ofs_x = 2, .ofs_y = -2},
    {.bitmap_index = 31975, .adv_w = 294, .box_w = 15, .box_h = 18, .ofs_x = 2, .ofs_y = -2},
    {.bitmap_index = 32009, .adv_w = 294, .box_w = 16, .box_h = 18, .ofs_x = 2, .ofs_y = -2},
    {.bitmap_index = 32045, .adv_w = 294, .box_w = 14, .box_h = 18, .ofs_x = 2, .ofs_y = -2},
    {.bitmap_index = 32077, .adv_w = 294, .box_w = 15, .box_h = 17, .ofs_x = 2, .ofs_y = -1},
    {.bitmap_index = 32109, .adv_w = 294, .box_w = 15, .box_h = 18, .ofs_x = 1, .ofs_y = -2},
    {.bitmap_index = 32143, .adv_w = 294, .box_w = 17, .box_h = 14, .ofs_x = 1, .ofs_y = 1},
    {.bitmap_index = 32173, .adv_w = 294, .box_w = 17, .box_h = 18, .ofs_x = 1, .ofs_y = -2},
    {.bitmap_index = 32212, .adv_w = 294, .box_w = 17, .box_h = 18, .ofs_x = 1, .ofs_y = -2},
    {.bitmap_index = 32251, .adv_w = 294, .box_w = 17, .box_h = 17, .ofs_x = 1, .ofs_y = -2},
    {.bitmap_index = 32288, .adv_w = 294, .box_w = 17, .box_h = 18, .ofs_x = 1, .ofs_y = -2},
    {.bitmap_index = 32327, .adv_w = 294, .box_w = 17, .box_h = 18, .ofs_x = 1, .ofs_y = -2},
    {.bitmap_index = 32366, .adv_w = 294, .box_w = 17, .box_h = 18, .ofs_x = 1, .ofs_y = -2},
    {.bitmap_index = 32405, .adv_w = 294, .box_w = 17, .box_h = 18, .ofs_x = 1, .ofs_y = -2},
    {.bitmap_index = 32444, .adv_w = 294, .box_w = 17, .box_h = 18, .ofs_x = 1, .ofs_y = -2},
    {.bitmap_index = 32483, .adv_w = 294, .box_w = 17, .box_h = 18, .ofs_x = 1, .ofs_y = -2},
    {.bitmap_index = 32522, .adv_w = 294, .box_w = 17, .box_h = 18, .ofs_x = 1, .ofs_y = -2},
    {.bitmap_index = 32561, .adv_w = 294, .box_w = 17, .box_h = 19, .ofs_x = 1, .ofs_y = -2},
    {.bitmap_index = 32602, .adv_w = 294, .box_w = 17, .box_h = 18, .ofs_x = 1, .ofs_y = -1},
    {.bitmap_index = 32641, .adv_w = 294, .box_w = 16, .box_h = 18, .ofs_x = 1, .ofs_y = -2},
    {.bitmap_index = 32677, .adv_w = 294, .box_w = 15, .box_h = 18, .ofs_x = 1, .ofs_y = -2},
    {.bitmap_index = 32711, .adv_w = 294, .box_w = 16, .box_h = 18, .ofs_x = 1, .ofs_y = -2},
    {.bitmap_index = 32747, .adv_w = 294, .box_w = 16, .box_h = 19, .ofs_x = 1, .ofs_y = -2},
    {.bitmap_index = 32785, .adv_w = 294, .box_w = 15, .box_h = 18, .ofs_x = 1, .ofs_y = -2},
    {.bitmap_index = 32819, .adv_w = 294, .box_w = 16, .box_h = 18, .ofs_x = 1, .ofs_y = -1},
    {.bitmap_index = 32855, .adv_w = 294, .box_w = 14, .box_h = 18, .ofs_x = 2, .ofs_y = -2},
    {.bitmap_index = 32887, .adv_w = 294, .box_w = 17, .box_h = 14, .ofs_x = 1, .ofs_y = 1},
    {.bitmap_index = 32917, .adv_w = 294, .box_w = 17, .box_h = 17, .ofs_x = 1, .ofs_y = -2},
    {.bitmap_index = 32954, .adv_w = 294, .box_w = 17, .box_h = 18, .ofs_x = 1, .ofs_y = -2},
    {.bitmap_index = 32993, .adv_w = 294, .box_w = 17, .box_h = 18, .ofs_x = 1, .ofs_y = -2},
    {.bitmap_index = 33032, .adv_w = 294, .box_w = 17, .box_h = 18, .ofs_x = 1, .ofs_y = -2},
    {.bitmap_index = 33071, .adv_w = 294, .box_w = 17, .box_h = 17, .ofs_x = 1, .ofs_y = -2},
    {.bitmap_index = 33108, .adv_w = 294, .box_w = 17, .box_h = 18, .ofs_x = 1, .ofs_y = -2},
    {.bitmap_index = 33147, .adv_w = 294, .box_w = 17, .box_h = 18, .ofs_x = 1, .ofs_y = -2},
    {.bitmap_index = 33186, .adv_w = 294, .box_w = 17, .box_h = 17, .ofs_x = 1, .ofs_y = -2},
    {.bitmap_index = 33223, .adv_w = 294, .box_w = 17, .box_h = 18, .ofs_x = 1, .ofs_y = -2},
    {.bitmap_index = 33262, .adv_w = 294, .box_w = 17, .box_h = 18, .ofs_x = 1, .ofs_y = -2},
    {.bitmap_index = 33301, .adv_w = 294, .box_w = 17, .box_h = 18, .ofs_x = 1, .ofs_y = -2},
    {.bitmap_index = 33340, .adv_w = 294, .box_w = 17, .box_h = 18, .ofs_x = 1, .ofs_y = -2},
    {.bitmap_index = 33379, .adv_w = 294, .box_w = 17, .box_h = 18, .ofs_x = 1, .ofs_y = -2},
    {.bitmap_index = 33418, .adv_w = 294, .box_w = 17, .box_h = 18, .ofs_x = 1, .ofs_y = -2},
    {.bitmap_index = 33457, .adv_w = 294, .box_w = 17, .box_h = 17, .ofs_x = 1, .ofs_y = -1},
    {.bitmap_index = 33494, .adv_w = 294, .box_w = 17, .box_h = 18, .ofs_x = 1, .ofs_y = -2},
    {.bitmap_index = 33533, .adv_w = 294, .box_w = 17, .box_h = 18, .ofs_x = 1, .ofs_y = -2},
    {.bitmap_index = 33572, .adv_w = 294, .box_w = 17, .box_h = 18, .ofs_x = 1, .ofs_y = -2},
    {.bitmap_index = 33611, .adv_w = 294, .box_w = 16, .box_h = 18, .ofs_x = 0, .ofs_y = -2},
    {.bitmap_index = 33647, .adv_w = 294, .box_w = 16, .box_h = 19, .ofs_x = 1, .ofs_y = -2},
    {.bitmap_index = 33685, .adv_w = 294, .box_w = 16, .box_h = 19, .ofs_x = 1, .ofs_y = -2},
    {.bitmap_index = 33723, .adv_w = 294, .box_w = 15, .box_h = 19, .ofs_x = 1, .ofs_y = -2},
    {.bitmap_index = 33759, .adv_w = 294, .box_w = 16, .box_h = 18, .ofs_x = 1, .ofs_y = -2},
    {.bitmap_index = 33795, .adv_w = 294, .box_w = 16, .box_h = 18, .ofs_x = 1, .ofs_y = -2},
    {.bitmap_index = 33831, .adv_w = 294, .box_w = 16, .box_h = 18, .ofs_x = 0, .ofs_y = -2},
    {.bitmap_index = 33867, .adv_w = 294, .box_w = 15, .box_h = 19, .ofs_x = 1, .ofs_y = -2},
    {.bitmap_index = 33903, .adv_w = 294, .box_w = 16, .box_h = 19, .ofs_x = 1, .ofs_y = -2},
    {.bitmap_index = 33941, .adv_w = 294, .box_w = 17, .box_h = 17, .ofs_x = 1, .ofs_y = -2},
    {.bitmap_index = 33978, .adv_w = 294, .box_w = 17, .box_h = 18, .ofs_x = 1, .ofs_y = -2},
    {.bitmap_index = 34017, .adv_w = 294, .box_w = 17, .box_h = 18, .ofs_x = 1, .ofs_y = -2},
    {.bitmap_index = 34056, .adv_w = 294, .box_w = 17, .box_h = 18, .ofs_x = 1, .ofs_y = -2},
    {.bitmap_index = 34095, .adv_w = 294, .box_w = 17, .box_h = 17, .ofs_x = 1, .ofs_y = -1},
    {.bitmap_index = 34132, .adv_w = 294, .box_w = 17, .box_h = 14, .ofs_x = 1, .ofs_y = 1},
    {.bitmap_index = 34162, .adv_w = 294, .box_w = 17, .box_h = 17, .ofs_x = 1, .ofs_y = -2},
    {.bitmap_index = 34199, .adv_w = 294, .box_w = 17, .box_h = 18, .ofs_x = 1, .ofs_y = -2},
    {.bitmap_index = 34238, .adv_w = 294, .box_w = 17, .box_h = 18, .ofs_x = 1, .ofs_y = -2},
    {.bitmap_index = 34277, .adv_w = 294, .box_w = 17, .box_h = 17, .ofs_x = 1, .ofs_y = -1},
    {.bitmap_index = 34314, .adv_w = 294, .box_w = 14, .box_h = 18, .ofs_x = 2, .ofs_y = -2},
    {.bitmap_index = 34346, .adv_w = 294, .box_w = 14, .box_h = 18, .ofs_x = 2, .ofs_y = -2},
    {.bitmap_index = 34378, .adv_w = 294, .box_w = 15, .box_h = 19, .ofs_x = 2, .ofs_y = -2},
    {.bitmap_index = 34414, .adv_w = 294, .box_w = 14, .box_h = 18, .ofs_x = 2, .ofs_y = -2},
    {.bitmap_index = 34446, .adv_w = 294, .box_w = 15, .box_h = 18, .ofs_x = 2, .ofs_y = -2},
    {.bitmap_index = 34480, .adv_w = 294, .box_w = 14, .box_h = 18, .ofs_x = 2, .ofs_y = -2},
    {.bitmap_index = 34512, .adv_w = 294, .box_w = 14, .box_h = 18, .ofs_x = 2, .ofs_y = -2},
    {.bitmap_index = 34544, .adv_w = 294, .box_w = 14, .box_h = 19, .ofs_x = 2, .ofs_y = -2},
    {.bitmap_index = 34578, .adv_w = 294, .box_w = 15, .box_h = 18, .ofs_x = 2, .ofs_y = -1},
    {.bitmap_index = 34612, .adv_w = 294, .box_w = 16, .box_h = 18, .ofs_x = 2, .ofs_y = -2},
    {.bitmap_index = 34648, .adv_w = 294, .box_w = 14, .box_h = 18, .ofs_x = 2, .ofs_y = -2},
    {.bitmap_index = 34680, .adv_w = 294, .box_w = 15, .box_h = 17, .ofs_x = 2, .ofs_y = -1},
    {.bitmap_index = 34712, .adv_w = 294, .box_w = 14, .box_h = 18, .ofs_x = 2, .ofs_y = -2},
    {.bitmap_index = 34744, .adv_w = 294, .box_w = 16, .box_h = 18, .ofs_x = 2, .ofs_y = -2},
    {.bitmap_index = 34780, .adv_w = 294, .box_w = 17, .box_h = 19, .ofs_x = 2, .ofs_y = -2},
    {.bitmap_index = 34821, .adv_w = 294, .box_w = 17, .box_h = 18, .ofs_x = 2, .ofs_y = -2},
    {.bitmap_index = 34860, .adv_w = 294, .box_w = 16, .box_h = 18, .ofs_x = 2, .ofs_y = -2},
    {.bitmap_index = 34896, .adv_w = 294, .box_w = 17, .box_h = 18, .ofs_x = 2, .ofs_y = -2},
    {.bitmap_index = 34935, .adv_w = 294, .box_w = 17, .box_h = 18, .ofs_x = 2, .ofs_y = -2},
    {.bitmap_index = 34974, .adv_w = 294, .box_w = 17, .box_h = 18, .ofs_x = 2, .ofs_y = -2},
    {.bitmap_index = 35013, .adv_w = 294, .box_w = 17, .box_h = 18, .ofs_x = 2, .ofs_y = -2},
    {.bitmap_index = 35052, .adv_w = 294, .box_w = 17, .box_h = 18, .ofs_x = 2, .ofs_y = -2},
    {.bitmap_index = 35091, .adv_w = 294, .box_w = 17, .box_h = 18, .ofs_x = 2, .ofs_y = -2},
    {.bitmap_index = 35130, .adv_w = 294, .box_w = 17, .box_h = 18, .ofs_x = 2, .ofs_y = -2},
    {.bitmap_index = 35169, .adv_w = 294, .box_w = 17, .box_h = 19, .ofs_x = 2, .ofs_y = -2},
    {.bitmap_index = 35210, .adv_w = 294, .box_w = 17, .box_h = 18, .ofs_x = 2, .ofs_y = -1},
    {.bitmap_index = 35249, .adv_w = 294, .box_w = 16, .box_h = 18, .ofs_x = 2, .ofs_y = -2},
    {.bitmap_index = 35285, .adv_w = 294, .box_w = 16, .box_h = 18, .ofs_x = 2, .ofs_y = -2},
    {.bitmap_index = 35321, .adv_w = 294, .box_w = 15, .box_h = 18, .ofs_x = 1, .ofs_y = -2},
    {.bitmap_index = 35355, .adv_w = 294, .box_w = 15, .box_h = 19, .ofs_x = 2, .ofs_y = -2},
    {.bitmap_index = 35391, .adv_w = 294, .box_w = 15, .box_h = 18, .ofs_x = 2, .ofs_y = -2},
    {.bitmap_index = 35425, .adv_w = 294, .box_w = 15, .box_h = 18, .ofs_x = 2, .ofs_y = -2},
    {.bitmap_index = 35459, .adv_w = 294, .box_w = 15, .box_h = 18, .ofs_x = 2, .ofs_y = -2},
    {.bitmap_index = 35493, .adv_w = 294, .box_w = 15, .box_h = 19, .ofs_x = 2, .ofs_y = -2},
    {.bitmap_index = 35529, .adv_w = 294, .box_w = 16, .box_h = 18, .ofs_x = 2, .ofs_y = -2},
    {.bitmap_index = 35565, .adv_w = 294, .box_w = 16, .box_h = 18, .ofs_x = 2, .ofs_y = -2},
    {.bitmap_index = 35601, .adv_w = 294, .box_w = 15, .box_h = 18, .ofs_x = 2, .ofs_y = -2},
    {.bitmap_index = 35635, .adv_w = 294, .box_w = 15, .box_h = 18, .ofs_x = 2, .ofs_y = -2},
    {.bitmap_index = 35669, .adv_w = 294, .box_w = 16, .box_h = 18, .ofs_x = 2, .ofs_y = -2},
    {.bitmap_index = 35705, .adv_w = 294, .box_w = 17, .box_h = 19, .ofs_x = 2, .ofs_y = -2},
    {.bitmap_index = 35746, .adv_w = 294, .box_w = 17, .box_h = 18, .ofs_x = 2, .ofs_y = -2},
    {.bitmap_index = 35785, .adv_w = 294, .box_w = 17, .box_h = 19, .ofs_x = 2, .ofs_y = -2},
    {.bitmap_index = 35826, .adv_w = 294, .box_w = 14, .box_h = 18, .ofs_x = 2, .ofs_y = -2},
    {.bitmap_index = 35858, .adv_w = 294, .box_w = 14, .box_h = 18, .ofs_x = 2, .ofs_y = -2},
    {.bitmap_index = 35890, .adv_w = 294, .box_w = 14, .box_h = 18, .ofs_x = 2, .ofs_y = -2},
    {.bitmap_index = 35922, .adv_w = 294, .box_w = 14, .box_h = 18, .ofs_x = 2, .ofs_y = -2},
    {.bitmap_index = 35954, .adv_w = 294, .box_w = 15, .box_h = 18, .ofs_x = 2, .ofs_y = -2},
    {.bitmap_index = 35988, .adv_w = 294, .box_w = 14, .box_h = 18, .ofs_x = 2, .ofs_y = -2},
    {.bitmap_index = 36020, .adv_w = 294, .box_w = 14, .box_h = 18, .ofs_x = 2, .ofs_y = -2},
    {.bitmap_index = 36052, .adv_w = 294, .box_w = 14, .box_h = 19, .ofs_x = 2, .ofs_y = -2},
    {.bitmap_index = 36086, .adv_w = 294, .box_w = 15, .box_h = 18, .ofs_x = 2, .ofs_y = -2},
    {.bitmap_index = 36120, .adv_w = 294, .box_w = 14, .box_h = 18, .ofs_x = 2, .ofs_y = -2},
    {.bitmap_index = 36152, .adv_w = 294, .box_w = 15, .box_h = 17, .ofs_x = 2, .ofs_y = -1},
    {.bitmap_index = 36184, .adv_w = 294, .box_w = 15, .box_h = 18, .ofs_x = 1, .ofs_y = -2},
    {.bitmap_index = 36218, .adv_w = 294, .box_w = 15, .box_h = 19, .ofs_x = 2, .ofs_y = -2},
    {.bitmap_index = 36254, .adv_w = 294, .box_w = 15, .box_h = 19, .ofs_x = 2, .ofs_y = -2},
    {.bitmap_index = 36290, .adv_w = 294, .box_w = 15, .box_h = 18, .ofs_x = 2, .ofs_y = -2},
    {.bitmap_index = 36324, .adv_w = 294, .box_w = 15, .box_h = 18, .ofs_x = 2, .ofs_y = -2},
    {.bitmap_index = 36358, .adv_w = 294, .box_w = 15, .box_h = 18, .ofs_x = 2, .ofs_y = -2},
    {.bitmap_index = 36392, .adv_w = 294, .box_w = 15, .box_h = 19, .ofs_x = 2, .ofs_y = -2},
    {.bitmap_index = 36428, .adv_w = 294, .box_w = 16, .box_h = 18, .ofs_x = 2, .ofs_y = -2},
    {.bitmap_index = 36464, .adv_w = 294, .box_w = 16, .box_h = 18, .ofs_x = 2, .ofs_y = -2},
    {.bitmap_index = 36500, .adv_w = 294, .box_w = 15, .box_h = 18, .ofs_x = 2, .ofs_y = -2},
    {.bitmap_index = 36534, .adv_w = 294, .box_w = 14, .box_h = 18, .ofs_x = 2, .ofs_y = -2},
    {.bitmap_index = 36566, .adv_w = 294, .box_w = 14, .box_h = 18, .ofs_x = 2, .ofs_y = -2},
    {.bitmap_index = 36598, .adv_w = 294, .box_w = 14, .box_h = 18, .ofs_x = 2, .ofs_y = -2},
    {.bitmap_index = 36630, .adv_w = 294, .box_w = 15, .box_h = 18, .ofs_x = 2, .ofs_y = -2},
    {.bitmap_index = 36664, .adv_w = 294, .box_w = 14, .box_h = 19, .ofs_x = 2, .ofs_y = -2},
    {.bitmap_index = 36698, .adv_w = 294, .box_w = 15, .box_h = 18, .ofs_x = 2, .ofs_y = -2},
    {.bitmap_index = 36732, .adv_w = 294, .box_w = 16, .box_h = 18, .ofs_x = 2, .ofs_y = -2},
    {.bitmap_index = 36768, .adv_w = 294, .box_w = 14, .box_h = 18, .ofs_x = 2, .ofs_y = -2},
    {.bitmap_index = 36800, .adv_w = 294, .box_w = 14, .box_h = 18, .ofs_x = 2, .ofs_y = -2},
    {.bitmap_index = 36832, .adv_w = 294, .box_w = 15, .box_h = 18, .ofs_x = 1, .ofs_y = -2},
    {.bitmap_index = 36866, .adv_w = 294, .box_w = 15, .box_h = 19, .ofs_x = 2, .ofs_y = -2},
    {.bitmap_index = 36902, .adv_w = 294, .box_w = 17, .box_h = 14, .ofs_x = 1, .ofs_y = 1},
    {.bitmap_index = 36932, .adv_w = 294, .box_w = 17, .box_h = 18, .ofs_x = 1, .ofs_y = -2},
    {.bitmap_index = 36971, .adv_w = 294, .box_w = 17, .box_h = 18, .ofs_x = 1, .ofs_y = -2},
    {.bitmap_index = 37010, .adv_w = 294, .box_w = 17, .box_h = 18, .ofs_x = 1, .ofs_y = -2},
    {.bitmap_index = 37049, .adv_w = 294, .box_w = 17, .box_h = 19, .ofs_x = 1, .ofs_y = -2},
    {.bitmap_index = 37090, .adv_w = 294, .box_w = 17, .box_h = 18, .ofs_x = 1, .ofs_y = -2},
    {.bitmap_index = 37129, .adv_w = 294, .box_w = 17, .box_h = 18, .ofs_x = 1, .ofs_y = -2},
    {.bitmap_index = 37168, .adv_w = 294, .box_w = 17, .box_h = 17, .ofs_x = 1, .ofs_y = -1},
    {.bitmap_index = 37205, .adv_w = 294, .box_w = 17, .box_h = 18, .ofs_x = 1, .ofs_y = -2},
    {.bitmap_index = 37244, .adv_w = 294, .box_w = 17, .box_h = 18, .ofs_x = 1, .ofs_y = -2},
    {.bitmap_index = 37283, .adv_w = 294, .box_w = 17, .box_h = 19, .ofs_x = 1, .ofs_y = -2},
    {.bitmap_index = 37324, .adv_w = 294, .box_w = 17, .box_h = 18, .ofs_x = 1, .ofs_y = -1},
    {.bitmap_index = 37363, .adv_w = 294, .box_w = 16, .box_h = 18, .ofs_x = 1, .ofs_y = -2},
    {.bitmap_index = 37399, .adv_w = 294, .box_w = 17, .box_h = 18, .ofs_x = 1, .ofs_y = -2},
    {.bitmap_index = 37438, .adv_w = 294, .box_w = 15, .box_h = 18, .ofs_x = 1, .ofs_y = -2},
    {.bitmap_index = 37472, .adv_w = 294, .box_w = 14, .box_h = 18, .ofs_x = 2, .ofs_y = -2},
    {.bitmap_index = 37504, .adv_w = 294, .box_w = 15, .box_h = 19, .ofs_x = 2, .ofs_y = -2},
    {.bitmap_index = 37540, .adv_w = 294, .box_w = 15, .box_h = 18, .ofs_x = 2, .ofs_y = -2},
    {.bitmap_index = 37574, .adv_w = 294, .box_w = 14, .box_h = 18, .ofs_x = 2, .ofs_y = -2},
    {.bitmap_index = 37606, .adv_w = 294, .box_w = 14, .box_h = 19, .ofs_x = 2, .ofs_y = -2},
    {.bitmap_index = 37640, .adv_w = 294, .box_w = 17, .box_h = 14, .ofs_x = 1, .ofs_y = 1},
    {.bitmap_index = 37670, .adv_w = 294, .box_w = 17, .box_h = 18, .ofs_x = 1, .ofs_y = -2},
    {.bitmap_index = 37709, .adv_w = 294, .box_w = 17, .box_h = 17, .ofs_x = 1, .ofs_y = -2},
    {.bitmap_index = 37746, .adv_w = 294, .box_w = 17, .box_h = 18, .ofs_x = 1, .ofs_y = -2},
    {.bitmap_index = 37785, .adv_w = 294, .box_w = 17, .box_h = 18, .ofs_x = 1, .ofs_y = -2},
    {.bitmap_index = 37824, .adv_w = 294, .box_w = 17, .box_h = 18, .ofs_x = 1, .ofs_y = -2},
    {.bitmap_index = 37863, .adv_w = 294, .box_w = 17, .box_h = 19, .ofs_x = 1, .ofs_y = -2},
    {.bitmap_index = 37904, .adv_w = 294, .box_w = 17, .box_h = 18, .ofs_x = 1, .ofs_y = -2},
    {.bitmap_index = 37943, .adv_w = 294, .box_w = 17, .box_h = 18, .ofs_x = 1, .ofs_y = -2},
    {.bitmap_index = 37982, .adv_w = 294, .box_w = 17, .box_h = 18, .ofs_x = 1, .ofs_y = -2},
    {.bitmap_index = 38021, .adv_w = 294, .box_w = 17, .box_h = 18, .ofs_x = 1, .ofs_y = -2},
    {.bitmap_index = 38060, .adv_w = 294, .box_w = 17, .box_h = 17, .ofs_x = 1, .ofs_y = -1},
    {.bitmap_index = 38097, .adv_w = 294, .box_w = 17, .box_h = 18, .ofs_x = 1, .ofs_y = -2},
    {.bitmap_index = 38136, .adv_w = 294, .box_w = 17, .box_h = 18, .ofs_x = 1, .ofs_y = -2},
    {.bitmap_index = 38175, .adv_w = 294, .box_w = 17, .box_h = 18, .ofs_x = 1, .ofs_y = -2},
    {.bitmap_index = 38214, .adv_w = 294, .box_w = 16, .box_h = 18, .ofs_x = 0, .ofs_y = -2},
    {.bitmap_index = 38250, .adv_w = 294, .box_w = 16, .box_h = 18, .ofs_x = 1, .ofs_y = -2},
    {.bitmap_index = 38286, .adv_w = 294, .box_w = 17, .box_h = 18, .ofs_x = 1, .ofs_y = -2},
    {.bitmap_index = 38325, .adv_w = 294, .box_w = 16, .box_h = 18, .ofs_x = 1, .ofs_y = -2},
    {.bitmap_index = 38361, .adv_w = 294, .box_w = 15, .box_h = 18, .ofs_x = 0, .ofs_y = -2},
    {.bitmap_index = 38395, .adv_w = 294, .box_w = 15, .box_h = 18, .ofs_x = 1, .ofs_y = -2},
    {.bitmap_index = 38429, .adv_w = 294, .box_w = 15, .box_h = 19, .ofs_x = 1, .ofs_y = -2},
    {.bitmap_index = 38465, .adv_w = 294, .box_w = 16, .box_h = 19, .ofs_x = 1, .ofs_y = -2},
    {.bitmap_index = 38503, .adv_w = 294, .box_w = 15, .box_h = 18, .ofs_x = 1, .ofs_y = -2},
    {.bitmap_index = 38537, .adv_w = 294, .box_w = 17, .box_h = 17, .ofs_x = 1, .ofs_y = -2},
    {.bitmap_index = 38574, .adv_w = 294, .box_w = 17, .box_h = 18, .ofs_x = 1, .ofs_y = -2},
    {.bitmap_index = 38613, .adv_w = 294, .box_w = 17, .box_h = 19, .ofs_x = 1, .ofs_y = -2},
    {.bitmap_index = 38654, .adv_w = 294, .box_w = 17, .box_h = 18, .ofs_x = 1, .ofs_y = -2},
    {.bitmap_index = 38693, .adv_w = 294, .box_w = 17, .box_h = 17, .ofs_x = 1, .ofs_y = -1},
    {.bitmap_index = 38730, .adv_w = 294, .box_w = 17, .box_h = 18, .ofs_x = 1, .ofs_y = -2},
    {.bitmap_index = 38769, .adv_w = 294, .box_w = 17, .box_h = 14, .ofs_x = 1, .ofs_y = 1},
    {.bitmap_index = 38799, .adv_w = 294, .box_w = 17, .box_h = 18, .ofs_x = 1, .ofs_y = -2},
    {.bitmap_index = 38838, .adv_w = 294, .box_w = 17, .box_h = 18, .ofs_x = 1, .ofs_y = -2},
    {.bitmap_index = 38877, .adv_w = 294, .box_w = 17, .box_h = 19, .ofs_x = 1, .ofs_y = -2},
    {.bitmap_index = 38918, .adv_w = 294, .box_w = 17, .box_h = 18, .ofs_x = 1, .ofs_y = -2},
    {.bitmap_index = 38957, .adv_w = 294, .box_w = 17, .box_h = 18, .ofs_x = 1, .ofs_y = -2},
    {.bitmap_index = 38996, .adv_w = 294, .box_w = 17, .box_h = 18, .ofs_x = 1, .ofs_y = -2},
    {.bitmap_index = 39035, .adv_w = 294, .box_w = 14, .box_h = 18, .ofs_x = 2, .ofs_y = -2},
    {.bitmap_index = 39067, .adv_w = 294, .box_w = 14, .box_h = 19, .ofs_x = 2, .ofs_y = -2},
    {.bitmap_index = 39101, .adv_w = 294, .box_w = 14, .box_h = 18, .ofs_x = 2, .ofs_y = -2},
    {.bitmap_index = 39133, .adv_w = 294, .box_w = 15, .box_h = 18, .ofs_x = 2, .ofs_y = -2},
    {.bitmap_index = 39167, .adv_w = 294, .box_w = 14, .box_h = 18, .ofs_x = 2, .ofs_y = -2},
    {.bitmap_index = 39199, .adv_w = 294, .box_w = 14, .box_h = 18, .ofs_x = 2, .ofs_y = -2},
    {.bitmap_index = 39231, .adv_w = 294, .box_w = 14, .box_h = 19, .ofs_x = 2, .ofs_y = -2},
    {.bitmap_index = 39265, .adv_w = 294, .box_w = 15, .box_h = 18, .ofs_x = 2, .ofs_y = -2},
    {.bitmap_index = 39299, .adv_w = 294, .box_w = 14, .box_h = 18, .ofs_x = 2, .ofs_y = -2},
    {.bitmap_index = 39331, .adv_w = 294, .box_w = 15, .box_h = 17, .ofs_x = 2, .ofs_y = -1},
    {.bitmap_index = 39363, .adv_w = 294, .box_w = 15, .box_h = 17, .ofs_x = 2, .ofs_y = -1},
    {.bitmap_index = 39395, .adv_w = 294, .box_w = 17, .box_h = 18, .ofs_x = 1, .ofs_y = -2},
    {.bitmap_index = 39434, .adv_w = 294, .box_w = 17, .box_h = 18, .ofs_x = 1, .ofs_y = -2},
    {.bitmap_index = 39473, .adv_w = 294, .box_w = 17, .box_h = 18, .ofs_x = 1, .ofs_y = -2},
    {.bitmap_index = 39512, .adv_w = 294, .box_w = 17, .box_h = 18, .ofs_x = 1, .ofs_y = -2},
    {.bitmap_index = 39551, .adv_w = 294, .box_w = 17, .box_h = 18, .ofs_x = 1, .ofs_y = -2},
    {.bitmap_index = 39590, .adv_w = 294, .box_w = 17, .box_h = 18, .ofs_x = 1, .ofs_y = -2},
    {.bitmap_index = 39629, .adv_w = 294, .box_w = 17, .box_h = 19, .ofs_x = 1, .ofs_y = -2},
    {.bitmap_index = 39670, .adv_w = 294, .box_w = 17, .box_h = 18, .ofs_x = 1, .ofs_y = -2},
    {.bitmap_index = 39709, .adv_w = 294, .box_w = 17, .box_h = 17, .ofs_x = 1, .ofs_y = -1},
    {.bitmap_index = 39746, .adv_w = 294, .box_w = 17, .box_h = 18, .ofs_x = 1, .ofs_y = -2},
    {.bitmap_index = 39785, .adv_w = 294, .box_w = 17, .box_h = 19, .ofs_x = 1, .ofs_y = -2},
    {.bitmap_index = 39826, .adv_w = 294, .box_w = 16, .box_h = 18, .ofs_x = 1, .ofs_y = -2},
    {.bitmap_index = 39862, .adv_w = 294, .box_w = 16, .box_h = 18, .ofs_x = 1, .ofs_y = -2},
    {.bitmap_index = 39898, .adv_w = 294, .box_w = 17, .box_h = 18, .ofs_x = 1, .ofs_y = -2},
    {.bitmap_index = 39937, .adv_w = 294, .box_w = 17, .box_h = 18, .ofs_x = 1, .ofs_y = -2},
    {.bitmap_index = 39976, .adv_w = 294, .box_w = 16, .box_h = 18, .ofs_x = 1, .ofs_y = -2},
    {.bitmap_index = 40012, .adv_w = 294, .box_w = 16, .box_h = 19, .ofs_x = 1, .ofs_y = -2},
    {.bitmap_index = 40050, .adv_w = 294, .box_w = 17, .box_h = 18, .ofs_x = 1, .ofs_y = -2},
    {.bitmap_index = 40089, .adv_w = 294, .box_w = 17, .box_h = 18, .ofs_x = 1, .ofs_y = -2},
    {.bitmap_index = 40128, .adv_w = 294, .box_w = 16, .box_h = 18, .ofs_x = 1, .ofs_y = -2},
    {.bitmap_index = 40164, .adv_w = 294, .box_w = 17, .box_h = 18, .ofs_x = 1, .ofs_y = -2},
    {.bitmap_index = 40203, .adv_w = 294, .box_w = 17, .box_h = 18, .ofs_x = 1, .ofs_y = -2},
    {.bitmap_index = 40242, .adv_w = 294, .box_w = 17, .box_h = 18, .ofs_x = 1, .ofs_y = -2},
    {.bitmap_index = 40281, .adv_w = 294, .box_w = 15, .box_h = 18, .ofs_x = 1, .ofs_y = -2},
    {.bitmap_index = 40315, .adv_w = 294, .box_w = 15, .box_h = 18, .ofs_x = 1, .ofs_y = -2},
    {.bitmap_index = 40349, .adv_w = 294, .box_w = 16, .box_h = 18, .ofs_x = 1, .ofs_y = -2},
    {.bitmap_index = 40385, .adv_w = 294, .box_w = 16, .box_h = 18, .ofs_x = 1, .ofs_y = -2},
    {.bitmap_index = 40421, .adv_w = 294, .box_w = 16, .box_h = 18, .ofs_x = 1, .ofs_y = -2},
    {.bitmap_index = 40457, .adv_w = 294, .box_w = 15, .box_h = 18, .ofs_x = 1, .ofs_y = -2},
    {.bitmap_index = 40491, .adv_w = 294, .box_w = 16, .box_h = 18, .ofs_x = 1, .ofs_y = -2},
    {.bitmap_index = 40527, .adv_w = 294, .box_w = 16, .box_h = 18, .ofs_x = 1, .ofs_y = -2},
    {.bitmap_index = 40563, .adv_w = 294, .box_w = 15, .box_h = 18, .ofs_x = 1, .ofs_y = -2},
    {.bitmap_index = 40597, .adv_w = 294, .box_w = 16, .box_h = 18, .ofs_x = 1, .ofs_y = -2},
    {.bitmap_index = 40633, .adv_w = 294, .box_w = 16, .box_h = 18, .ofs_x = 1, .ofs_y = -2},
    {.bitmap_index = 40669, .adv_w = 294, .box_w = 15, .box_h = 18, .ofs_x = 1, .ofs_y = -2},
    {.bitmap_index = 40703, .adv_w = 294, .box_w = 15, .box_h = 18, .ofs_x = 1, .ofs_y = -2},
    {.bitmap_index = 40737, .adv_w = 294, .box_w = 15, .box_h = 18, .ofs_x = 1, .ofs_y = -2},
    {.bitmap_index = 40771, .adv_w = 294, .box_w = 15, .box_h = 18, .ofs_x = 1, .ofs_y = -2},
    {.bitmap_index = 40805, .adv_w = 294, .box_w = 16, .box_h = 18, .ofs_x = 1, .ofs_y = -2},
    {.bitmap_index = 40841, .adv_w = 294, .box_w = 16, .box_h = 18, .ofs_x = 1, .ofs_y = -2},
    {.bitmap_index = 40877, .adv_w = 294, .box_w = 15, .box_h = 18, .ofs_x = 1, .ofs_y = -2},
    {.bitmap_index = 40911, .adv_w = 294, .box_w = 17, .box_h = 13, .ofs_x = 1, .ofs_y = 1},
    {.bitmap_index = 40939, .adv_w = 294, .box_w = 17, .box_h = 18, .ofs_x = 1, .ofs_y = -2},
    {.bitmap_index = 40978, .adv_w = 294, .box_w = 17, .box_h = 18, .ofs_x = 1, .ofs_y = -2},
    {.bitmap_index = 41017, .adv_w = 294, .box_w = 17, .box_h = 18, .ofs_x = 1, .ofs_y = -2},
    {.bitmap_index = 41056, .adv_w = 294, .box_w = 17, .box_h = 18, .ofs_x = 1, .ofs_y = -2},
    {.bitmap_index = 41095, .adv_w = 294, .box_w = 17, .box_h = 18, .ofs_x = 1, .ofs_y = -2},
    {.bitmap_index = 41134, .adv_w = 294, .box_w = 17, .box_h = 18, .ofs_x = 1, .ofs_y = -2},
    {.bitmap_index = 41173, .adv_w = 294, .box_w = 16, .box_h = 18, .ofs_x = 0, .ofs_y = -2},
    {.bitmap_index = 41209, .adv_w = 294, .box_w = 17, .box_h = 14, .ofs_x = 1, .ofs_y = 1},
    {.bitmap_index = 41239, .adv_w = 294, .box_w = 17, .box_h = 18, .ofs_x = 1, .ofs_y = -2},
    {.bitmap_index = 41278, .adv_w = 294, .box_w = 17, .box_h = 17, .ofs_x = 1, .ofs_y = -2},
    {.bitmap_index = 41315, .adv_w = 294, .box_w = 17, .box_h = 18, .ofs_x = 1, .ofs_y = -2},
    {.bitmap_index = 41354, .adv_w = 294, .box_w = 17, .box_h = 18, .ofs_x = 1, .ofs_y = -2},
    {.bitmap_index = 41393, .adv_w = 294, .box_w = 17, .box_h = 18, .ofs_x = 1, .ofs_y = -2},
    {.bitmap_index = 41432, .adv_w = 294, .box_w = 17, .box_h = 18, .ofs_x = 1, .ofs_y = -2},
    {.bitmap_index = 41471, .adv_w = 294, .box_w = 17, .box_h = 17, .ofs_x = 1, .ofs_y = -1},
    {.bitmap_index = 41508, .adv_w = 294, .box_w = 17, .box_h = 18, .ofs_x = 1, .ofs_y = -2},
    {.bitmap_index = 41547, .adv_w = 294, .box_w = 17, .box_h = 17, .ofs_x = 1, .ofs_y = -2},
    {.bitmap_index = 41584, .adv_w = 294, .box_w = 17, .box_h = 18, .ofs_x = 1, .ofs_y = -2},
    {.bitmap_index = 41623, .adv_w = 294, .box_w = 17, .box_h = 14, .ofs_x = 1, .ofs_y = 1},
    {.bitmap_index = 41653, .adv_w = 294, .box_w = 17, .box_h = 18, .ofs_x = 1, .ofs_y = -2},
    {.bitmap_index = 41692, .adv_w = 294, .box_w = 17, .box_h = 18, .ofs_x = 1, .ofs_y = -2},
    {.bitmap_index = 41731, .adv_w = 294, .box_w = 17, .box_h = 18, .ofs_x = 1, .ofs_y = -2},
    {.bitmap_index = 41770, .adv_w = 294, .box_w = 17, .box_h = 17, .ofs_x = 1, .ofs_y = -2},
    {.bitmap_index = 41807, .adv_w = 294, .box_w = 15, .box_h = 18, .ofs_x = 1, .ofs_y = -2},
    {.bitmap_index = 41841, .adv_w = 294, .box_w = 15, .box_h = 18, .ofs_x = 1, .ofs_y = -2},
    {.bitmap_index = 41875, .adv_w = 294, .box_w = 16, .box_h = 18, .ofs_x = 1, .ofs_y = -2},
    {.bitmap_index = 41911, .adv_w = 294, .box_w = 16, .box_h = 18, .ofs_x = 1, .ofs_y = -2},
    {.bitmap_index = 41947, .adv_w = 294, .box_w = 15, .box_h = 18, .ofs_x = 1, .ofs_y = -2},
    {.bitmap_index = 41981, .adv_w = 294, .box_w = 15, .box_h = 19, .ofs_x = 1, .ofs_y = -2},
    {.bitmap_index = 42017, .adv_w = 294, .box_w = 16, .box_h = 18, .ofs_x = 1, .ofs_y = -2},
    {.bitmap_index = 42053, .adv_w = 294, .box_w = 15, .box_h = 18, .ofs_x = 1, .ofs_y = -2},
    {.bitmap_index = 42087, .adv_w = 294, .box_w = 18, .box_h = 18, .ofs_x = 0, .ofs_y = -2},
    {.bitmap_index = 42128, .adv_w = 294, .box_w = 17, .box_h = 19, .ofs_x = 1, .ofs_y = -2},
    {.bitmap_index = 42169, .adv_w = 294, .box_w = 17, .box_h = 19, .ofs_x = 1, .ofs_y = -2},
    {.bitmap_index = 42210, .adv_w = 294, .box_w = 17, .box_h = 18, .ofs_x = 1, .ofs_y = -2},
    {.bitmap_index = 42249, .adv_w = 294, .box_w = 18, .box_h = 18, .ofs_x = 1, .ofs_y = -2},
    {.bitmap_index = 42290, .adv_w = 294, .box_w = 18, .box_h = 18, .ofs_x = 0, .ofs_y = -2},
    {.bitmap_index = 42331, .adv_w = 294, .box_w = 17, .box_h = 18, .ofs_x = 1, .ofs_y = -2},
    {.bitmap_index = 42370, .adv_w = 294, .box_w = 18, .box_h = 19, .ofs_x = 0, .ofs_y = -2},
    {.bitmap_index = 42413, .adv_w = 294, .box_w = 18, .box_h = 18, .ofs_x = 1, .ofs_y = -2},
    {.bitmap_index = 42454, .adv_w = 294, .box_w = 18, .box_h = 19, .ofs_x = 1, .ofs_y = -2},
    {.bitmap_index = 42497, .adv_w = 294, .box_w = 17, .box_h = 18, .ofs_x = 1, .ofs_y = -2},
    {.bitmap_index = 42536, .adv_w = 294, .box_w = 17, .box_h = 18, .ofs_x = 1, .ofs_y = -2},
    {.bitmap_index = 42575, .adv_w = 294, .box_w = 16, .box_h = 18, .ofs_x = 1, .ofs_y = -2},
    {.bitmap_index = 42611, .adv_w = 294, .box_w = 18, .box_h = 19, .ofs_x = 1, .ofs_y = -2},
    {.bitmap_index = 42654, .adv_w = 294, .box_w = 16, .box_h = 18, .ofs_x = 1, .ofs_y = -2},
    {.bitmap_index = 42690, .adv_w = 294, .box_w = 16, .box_h = 19, .ofs_x = 0, .ofs_y = -2},
    {.bitmap_index = 42728, .adv_w = 294, .box_w = 16, .box_h = 19, .ofs_x = 0, .ofs_y = -2},
    {.bitmap_index = 42766, .adv_w = 294, .box_w = 16, .box_h = 18, .ofs_x = 1, .ofs_y = -2},
    {.bitmap_index = 42802, .adv_w = 294, .box_w = 15, .box_h = 18, .ofs_x = 1, .ofs_y = -2},
    {.bitmap_index = 42836, .adv_w = 294, .box_w = 15, .box_h = 19, .ofs_x = 1, .ofs_y = -2},
    {.bitmap_index = 42872, .adv_w = 294, .box_w = 17, .box_h = 18, .ofs_x = 0, .ofs_y = -2},
    {.bitmap_index = 42911, .adv_w = 294, .box_w = 17, .box_h = 18, .ofs_x = 0, .ofs_y = -2},
    {.bitmap_index = 42950, .adv_w = 294, .box_w = 15, .box_h = 19, .ofs_x = 1, .ofs_y = -2},
    {.bitmap_index = 42986, .adv_w = 294, .box_w = 18, .box_h = 18, .ofs_x = 0, .ofs_y = -2},
    {.bitmap_index = 43027, .adv_w = 294, .box_w = 17, .box_h = 19, .ofs_x = 1, .ofs_y = -2},
    {.bitmap_index = 43068, .adv_w = 294, .box_w = 17, .box_h = 18, .ofs_x = 1, .ofs_y = -2},
    {.bitmap_index = 43107, .adv_w = 294, .box_w = 18, .box_h = 18, .ofs_x = 0, .ofs_y = -2},
    {.bitmap_index = 43148, .adv_w = 294, .box_w = 18, .box_h = 18, .ofs_x = 1, .ofs_y = -2},
    {.bitmap_index = 43189, .adv_w = 294, .box_w = 18, .box_h = 19, .ofs_x = 1, .ofs_y = -2},
    {.bitmap_index = 43232, .adv_w = 294, .box_w = 17, .box_h = 18, .ofs_x = 1, .ofs_y = -2},
    {.bitmap_index = 43271, .adv_w = 294, .box_w = 16, .box_h = 18, .ofs_x = 1, .ofs_y = -2},
    {.bitmap_index = 43307, .adv_w = 294, .box_w = 16, .box_h = 18, .ofs_x = 1, .ofs_y = -2},
    {.bitmap_index = 43343, .adv_w = 294, .box_w = 16, .box_h = 19, .ofs_x = 0, .ofs_y = -2},
    {.bitmap_index = 43381, .adv_w = 294, .box_w = 16, .box_h = 18, .ofs_x = 1, .ofs_y = -2},
    {.bitmap_index = 43417, .adv_w = 294, .box_w = 15, .box_h = 18, .ofs_x = 1, .ofs_y = -2},
    {.bitmap_index = 43451, .adv_w = 294, .box_w = 15, .box_h = 18, .ofs_x = 1, .ofs_y = -2},
    {.bitmap_index = 43485, .adv_w = 294, .box_w = 16, .box_h = 18, .ofs_x = 0, .ofs_y = -2},
    {.bitmap_index = 43521, .adv_w = 294, .box_w = 15, .box_h = 19, .ofs_x = 1, .ofs_y = -2},
    {.bitmap_index = 43557, .adv_w = 294, .box_w = 15, .box_h = 18, .ofs_x = 1, .ofs_y = -2},
    {.bitmap_index = 43591, .adv_w = 294, .box_w = 16, .box_h = 18, .ofs_x = 1, .ofs_y = -2},
    {.bitmap_index = 43627, .adv_w = 294, .box_w = 15, .box_h = 18, .ofs_x = 1, .ofs_y = -2},
    {.bitmap_index = 43661, .adv_w = 294, .box_w = 15, .box_h = 18, .ofs_x = 1, .ofs_y = -2},
    {.bitmap_index = 43695, .adv_w = 294, .box_w = 15, .box_h = 18, .ofs_x = 1, .ofs_y = -2},
    {.bitmap_index = 43729, .adv_w = 294, .box_w = 15, .box_h = 18, .ofs_x = 1, .ofs_y = -2},
    {.bitmap_index = 43763, .adv_w = 294, .box_w = 15, .box_h = 18, .ofs_x = 1, .ofs_y = -2},
    {.bitmap_index = 43797, .adv_w = 294, .box_w = 15, .box_h = 18, .ofs_x = 1, .ofs_y = -2},
    {.bitmap_index = 43831, .adv_w = 294, .box_w = 15, .box_h = 19, .ofs_x = 1, .ofs_y = -2},
    {.bitmap_index = 43867, .adv_w = 294, .box_w = 16, .box_h = 18, .ofs_x = 1, .ofs_y = -2},
    {.bitmap_index = 43903, .adv_w = 294, .box_w = 17, .box_h = 18, .ofs_x = 1, .ofs_y = -2},
    {.bitmap_index = 43942, .adv_w = 294, .box_w = 15, .box_h = 18, .ofs_x = 1, .ofs_y = -2},
    {.bitmap_index = 43976, .adv_w = 294, .box_w = 16, .box_h = 19, .ofs_x = 1, .ofs_y = -2},
    {.bitmap_index = 44014, .adv_w = 294, .box_w = 16, .box_h = 18, .ofs_x = 0, .ofs_y = -2},
    {.bitmap_index = 44050, .adv_w = 294, .box_w = 16, .box_h = 19, .ofs_x = 0, .ofs_y = -2},
    {.bitmap_index = 44088, .adv_w = 294, .box_w = 16, .box_h = 18, .ofs_x = 1, .ofs_y = -2},
    {.bitmap_index = 44124, .adv_w = 294, .box_w = 17, .box_h = 18, .ofs_x = 0, .ofs_y = -2},
    {.bitmap_index = 44163, .adv_w = 294, .box_w = 15, .box_h = 18, .ofs_x = 1, .ofs_y = -2},
    {.bitmap_index = 44197, .adv_w = 294, .box_w = 15, .box_h = 19, .ofs_x = 1, .ofs_y = -2},
    {.bitmap_index = 44233, .adv_w = 294, .box_w = 17, .box_h = 18, .ofs_x = 0, .ofs_y = -2},
    {.bitmap_index = 44272, .adv_w = 294, .box_w = 17, .box_h = 18, .ofs_x = 0, .ofs_y = -2},
    {.bitmap_index = 44311, .adv_w = 294, .box_w = 15, .box_h = 18, .ofs_x = 1, .ofs_y = -2},
    {.bitmap_index = 44345, .adv_w = 294, .box_w = 16, .box_h = 18, .ofs_x = 0, .ofs_y = -2},
    {.bitmap_index = 44381, .adv_w = 294, .box_w = 15, .box_h = 19, .ofs_x = 1, .ofs_y = -2},
    {.bitmap_index = 44417, .adv_w = 294, .box_w = 15, .box_h = 18, .ofs_x = 1, .ofs_y = -2},
    {.bitmap_index = 44451, .adv_w = 294, .box_w = 15, .box_h = 18, .ofs_x = 1, .ofs_y = -2},
    {.bitmap_index = 44485, .adv_w = 294, .box_w = 15, .box_h = 19, .ofs_x = 1, .ofs_y = -2},
    {.bitmap_index = 44521, .adv_w = 294, .box_w = 15, .box_h = 18, .ofs_x = 1, .ofs_y = -2},
    {.bitmap_index = 44555, .adv_w = 294, .box_w = 16, .box_h = 18, .ofs_x = 1, .ofs_y = -2},
    {.bitmap_index = 44591, .adv_w = 294, .box_w = 17, .box_h = 18, .ofs_x = 1, .ofs_y = -2},
    {.bitmap_index = 44630, .adv_w = 294, .box_w = 15, .box_h = 18, .ofs_x = 1, .ofs_y = -2},
    {.bitmap_index = 44664, .adv_w = 294, .box_w = 16, .box_h = 18, .ofs_x = 0, .ofs_y = -2},
    {.bitmap_index = 44700, .adv_w = 294, .box_w = 16, .box_h = 19, .ofs_x = 1, .ofs_y = -2},
    {.bitmap_index = 44738, .adv_w = 294, .box_w = 16, .box_h = 18, .ofs_x = 1, .ofs_y = -2},
    {.bitmap_index = 44774, .adv_w = 294, .box_w = 15, .box_h = 18, .ofs_x = 1, .ofs_y = -2},
    {.bitmap_index = 44808, .adv_w = 294, .box_w = 17, .box_h = 14, .ofs_x = 1, .ofs_y = 1},
    {.bitmap_index = 44838, .adv_w = 294, .box_w = 17, .box_h = 18, .ofs_x = 1, .ofs_y = -2},
    {.bitmap_index = 44877, .adv_w = 294, .box_w = 17, .box_h = 18, .ofs_x = 1, .ofs_y = -2},
    {.bitmap_index = 44916, .adv_w = 294, .box_w = 17, .box_h = 18, .ofs_x = 1, .ofs_y = -2},
    {.bitmap_index = 44955, .adv_w = 294, .box_w = 17, .box_h = 19, .ofs_x = 1, .ofs_y = -2},
    {.bitmap_index = 44996, .adv_w = 294, .box_w = 17, .box_h = 18, .ofs_x = 1, .ofs_y = -2},
    {.bitmap_index = 45035, .adv_w = 294, .box_w = 17, .box_h = 19, .ofs_x = 1, .ofs_y = -2},
    {.bitmap_index = 45076, .adv_w = 294, .box_w = 17, .box_h = 18, .ofs_x = 1, .ofs_y = -2},
    {.bitmap_index = 45115, .adv_w = 294, .box_w = 17, .box_h = 18, .ofs_x = 1, .ofs_y = -2},
    {.bitmap_index = 45154, .adv_w = 294, .box_w = 17, .box_h = 18, .ofs_x = 1, .ofs_y = -2},
    {.bitmap_index = 45193, .adv_w = 294, .box_w = 17, .box_h = 18, .ofs_x = 1, .ofs_y = -2},
    {.bitmap_index = 45232, .adv_w = 294, .box_w = 18, .box_h = 18, .ofs_x = 0, .ofs_y = -2},
    {.bitmap_index = 45273, .adv_w = 294, .box_w = 17, .box_h = 18, .ofs_x = 1, .ofs_y = -2},
    {.bitmap_index = 45312, .adv_w = 294, .box_w = 18, .box_h = 19, .ofs_x = 0, .ofs_y = -2},
    {.bitmap_index = 45355, .adv_w = 294, .box_w = 17, .box_h = 19, .ofs_x = 1, .ofs_y = -2},
    {.bitmap_index = 45396, .adv_w = 294, .box_w = 16, .box_h = 19, .ofs_x = 1, .ofs_y = -2},
    {.bitmap_index = 45434, .adv_w = 294, .box_w = 16, .box_h = 18, .ofs_x = 1, .ofs_y = -2},
    {.bitmap_index = 45470, .adv_w = 294, .box_w = 16, .box_h = 19, .ofs_x = 1, .ofs_y = -2},
    {.bitmap_index = 45508, .adv_w = 294, .box_w = 16, .box_h = 19, .ofs_x = 1, .ofs_y = -2},
    {.bitmap_index = 45546, .adv_w = 294, .box_w = 16, .box_h = 19, .ofs_x = 1, .ofs_y = -2},
    {.bitmap_index = 45584, .adv_w = 294, .box_w = 17, .box_h = 18, .ofs_x = 1, .ofs_y = -1},
    {.bitmap_index = 45623, .adv_w = 294, .box_w = 17, .box_h = 18, .ofs_x = 1, .ofs_y = -1},
    {.bitmap_index = 45662, .adv_w = 294, .box_w = 15, .box_h = 18, .ofs_x = 1, .ofs_y = -2},
    {.bitmap_index = 45696, .adv_w = 294, .box_w = 16, .box_h = 19, .ofs_x = 1, .ofs_y = -2},
    {.bitmap_index = 45734, .adv_w = 294, .box_w = 16, .box_h = 19, .ofs_x = 1, .ofs_y = -2},
    {.bitmap_index = 45772, .adv_w = 294, .box_w = 15, .box_h = 19, .ofs_x = 1, .ofs_y = -2},
    {.bitmap_index = 45808, .adv_w = 294, .box_w = 15, .box_h = 18, .ofs_x = 1, .ofs_y = -2},
    {.bitmap_index = 45842, .adv_w = 294, .box_w = 16, .box_h = 18, .ofs_x = 1, .ofs_y = -1},
    {.bitmap_index = 45878, .adv_w = 294, .box_w = 17, .box_h = 14, .ofs_x = 1, .ofs_y = 1},
    {.bitmap_index = 45908, .adv_w = 294, .box_w = 17, .box_h = 18, .ofs_x = 1, .ofs_y = -2},
    {.bitmap_index = 45947, .adv_w = 294, .box_w = 17, .box_h = 18, .ofs_x = 1, .ofs_y = -2},
    {.bitmap_index = 45986, .adv_w = 294, .box_w = 17, .box_h = 19, .ofs_x = 1, .ofs_y = -2},
    {.bitmap_index = 46027, .adv_w = 294, .box_w = 17, .box_h = 18, .ofs_x = 1, .ofs_y = -2},
    {.bitmap_index = 46066, .adv_w = 294, .box_w = 17, .box_h = 18, .ofs_x = 1, .ofs_y = -2},
    {.bitmap_index = 46105, .adv_w = 294, .box_w = 17, .box_h = 17, .ofs_x = 1, .ofs_y = -1},
    {.bitmap_index = 46142, .adv_w = 294, .box_w = 17, .box_h = 18, .ofs_x = 1, .ofs_y = -2},
    {.bitmap_index = 46181, .adv_w = 294, .box_w = 17, .box_h = 18, .ofs_x = 1, .ofs_y = -2},
    {.bitmap_index = 46220, .adv_w = 294, .box_w = 17, .box_h = 18, .ofs_x = 1, .ofs_y = -2},
    {.bitmap_index = 46259, .adv_w = 294, .box_w = 17, .box_h = 18, .ofs_x = 1, .ofs_y = -2},
    {.bitmap_index = 46298, .adv_w = 294, .box_w = 17, .box_h = 18, .ofs_x = 1, .ofs_y = -2},
    {.bitmap_index = 46337, .adv_w = 294, .box_w = 17, .box_h = 19, .ofs_x = 1, .ofs_y = -2},
    {.bitmap_index = 46378, .adv_w = 294, .box_w = 17, .box_h = 18, .ofs_x = 1, .ofs_y = -2},
    {.bitmap_index = 46417, .adv_w = 294, .box_w = 17, .box_h = 18, .ofs_x = 1, .ofs_y = -2},
    {.bitmap_index = 46456, .adv_w = 294, .box_w = 17, .box_h = 17, .ofs_x = 1, .ofs_y = -1},
    {.bitmap_index = 46493, .adv_w = 294, .box_w = 17, .box_h = 18, .ofs_x = 1, .ofs_y = -2},
    {.bitmap_index = 46532, .adv_w = 294, .box_w = 17, .box_h = 17, .ofs_x = 1, .ofs_y = -1},
    {.bitmap_index = 46569, .adv_w = 294, .box_w = 17, .box_h = 19, .ofs_x = 1, .ofs_y = -2},
    {.bitmap_index = 46610, .adv_w = 294, .box_w = 17, .box_h = 18, .ofs_x = 1, .ofs_y = -2},
    {.bitmap_index = 46649, .adv_w = 294, .box_w = 15, .box_h = 18, .ofs_x = 1, .ofs_y = -2},
    {.bitmap_index = 46683, .adv_w = 294, .box_w = 18, .box_h = 18, .ofs_x = 0, .ofs_y = -2},
    {.bitmap_index = 46724, .adv_w = 294, .box_w = 16, .box_h = 18, .ofs_x = 0, .ofs_y = -2},
    {.bitmap_index = 46760, .adv_w = 294, .box_w = 16, .box_h = 19, .ofs_x = 1, .ofs_y = -2},
    {.bitmap_index = 46798, .adv_w = 294, .box_w = 16, .box_h = 19, .ofs_x = 1, .ofs_y = -2},
    {.bitmap_index = 46836, .adv_w = 294, .box_w = 16, .box_h = 18, .ofs_x = 1, .ofs_y = -2},
    {.bitmap_index = 46872, .adv_w = 294, .box_w = 16, .box_h = 19, .ofs_x = 1, .ofs_y = -2},
    {.bitmap_index = 46910, .adv_w = 294, .box_w = 16, .box_h = 19, .ofs_x = 1, .ofs_y = -2},
    {.bitmap_index = 46948, .adv_w = 294, .box_w = 15, .box_h = 18, .ofs_x = 1, .ofs_y = -2},
    {.bitmap_index = 46982, .adv_w = 294, .box_w = 15, .box_h = 18, .ofs_x = 1, .ofs_y = -2},
    {.bitmap_index = 47016, .adv_w = 294, .box_w = 16, .box_h = 19, .ofs_x = 1, .ofs_y = -2},
    {.bitmap_index = 47054, .adv_w = 294, .box_w = 16, .box_h = 19, .ofs_x = 1, .ofs_y = -2},
    {.bitmap_index = 47092, .adv_w = 294, .box_w = 15, .box_h = 19, .ofs_x = 1, .ofs_y = -2},
    {.bitmap_index = 47128, .adv_w = 294, .box_w = 15, .box_h = 18, .ofs_x = 1, .ofs_y = -2},
    {.bitmap_index = 47162, .adv_w = 294, .box_w = 16, .box_h = 18, .ofs_x = 1, .ofs_y = -1},
    {.bitmap_index = 47198, .adv_w = 294, .box_w = 15, .box_h = 18, .ofs_x = 1, .ofs_y = -2},
    {.bitmap_index = 47232, .adv_w = 294, .box_w = 17, .box_h = 18, .ofs_x = 1, .ofs_y = -2},
    {.bitmap_index = 47271, .adv_w = 294, .box_w = 17, .box_h = 18, .ofs_x = 1, .ofs_y = -2},
    {.bitmap_index = 47310, .adv_w = 294, .box_w = 17, .box_h = 18, .ofs_x = 1, .ofs_y = -2},
    {.bitmap_index = 47349, .adv_w = 294, .box_w = 17, .box_h = 18, .ofs_x = 1, .ofs_y = -2},
    {.bitmap_index = 47388, .adv_w = 294, .box_w = 17, .box_h = 17, .ofs_x = 1, .ofs_y = -1},
    {.bitmap_index = 47425, .adv_w = 294, .box_w = 17, .box_h = 18, .ofs_x = 1, .ofs_y = -2},
    {.bitmap_index = 47464, .adv_w = 294, .box_w = 17, .box_h = 14, .ofs_x = 1, .ofs_y = 1},
    {.bitmap_index = 47494, .adv_w = 294, .box_w = 17, .box_h = 18, .ofs_x = 1, .ofs_y = -2},
    {.bitmap_index = 47533, .adv_w = 294, .box_w = 17, .box_h = 18, .ofs_x = 1, .ofs_y = -2},
    {.bitmap_index = 47572, .adv_w = 294, .box_w = 17, .box_h = 18, .ofs_x = 1, .ofs_y = -2},
    {.bitmap_index = 47611, .adv_w = 294, .box_w = 17, .box_h = 19, .ofs_x = 1, .ofs_y = -2},
    {.bitmap_index = 47652, .adv_w = 294, .box_w = 17, .box_h = 18, .ofs_x = 1, .ofs_y = -2},
    {.bitmap_index = 47691, .adv_w = 294, .box_w = 17, .box_h = 18, .ofs_x = 1, .ofs_y = -2},
    {.bitmap_index = 47730, .adv_w = 294, .box_w = 17, .box_h = 17, .ofs_x = 1, .ofs_y = -1},
    {.bitmap_index = 47767, .adv_w = 294, .box_w = 17, .box_h = 18, .ofs_x = 1, .ofs_y = -2},
    {.bitmap_index = 47806, .adv_w = 294, .box_w = 15, .box_h = 18, .ofs_x = 1, .ofs_y = -2},
    {.bitmap_index = 47840, .adv_w = 294, .box_w = 15, .box_h = 19, .ofs_x = 1, .ofs_y = -2},
    {.bitmap_index = 47876, .adv_w = 294, .box_w = 15, .box_h = 18, .ofs_x = 1, .ofs_y = -2},
    {.bitmap_index = 47910, .adv_w = 294, .box_w = 15, .box_h = 18, .ofs_x = 1, .ofs_y = -2},
    {.bitmap_index = 47944, .adv_w = 294, .box_w = 15, .box_h = 18, .ofs_x = 1, .ofs_y = -2},
    {.bitmap_index = 47978, .adv_w = 294, .box_w = 16, .box_h = 19, .ofs_x = 1, .ofs_y = -2},
    {.bitmap_index = 48016, .adv_w = 294, .box_w = 15, .box_h = 18, .ofs_x = 1, .ofs_y = -2},
    {.bitmap_index = 48050, .adv_w = 294, .box_w = 15, .box_h = 19, .ofs_x = 1, .ofs_y = -2},
    {.bitmap_index = 48086, .adv_w = 294, .box_w = 16, .box_h = 18, .ofs_x = 1, .ofs_y = -2},
    {.bitmap_index = 48122, .adv_w = 294, .box_w = 15, .box_h = 18, .ofs_x = 1, .ofs_y = -2},
    {.bitmap_index = 48156, .adv_w = 294, .box_w = 16, .box_h = 19, .ofs_x = 0, .ofs_y = -2},
    {.bitmap_index = 48194, .adv_w = 294, .box_w = 17, .box_h = 18, .ofs_x = 0, .ofs_y = -2},
    {.bitmap_index = 48233, .adv_w = 294, .box_w = 17, .box_h = 19, .ofs_x = 0, .ofs_y = -2},
    {.bitmap_index = 48274, .adv_w = 294, .box_w = 18, .box_h = 19, .ofs_x = 0, .ofs_y = -2},
    {.bitmap_index = 48317, .adv_w = 294, .box_w = 17, .box_h = 18, .ofs_x = 1, .ofs_y = -2},
    {.bitmap_index = 48356, .adv_w = 294, .box_w = 17, .box_h = 18, .ofs_x = 0, .ofs_y = -2},
    {.bitmap_index = 48395, .adv_w = 294, .box_w = 17, .box_h = 18, .ofs_x = 0, .ofs_y = -2},
    {.bitmap_index = 48434, .adv_w = 294, .box_w = 17, .box_h = 19, .ofs_x = 0, .ofs_y = -2},
    {.bitmap_index = 48475, .adv_w = 294, .box_w = 18, .box_h = 18, .ofs_x = 0, .ofs_y = -2},
    {.bitmap_index = 48516, .adv_w = 294, .box_w = 17, .box_h = 18, .ofs_x = 0, .ofs_y = -2},
    {.bitmap_index = 48555, .adv_w = 294, .box_w = 18, .box_h = 19, .ofs_x = 0, .ofs_y = -2},
    {.bitmap_index = 48598, .adv_w = 294, .box_w = 16, .box_h = 18, .ofs_x = 1, .ofs_y = -2},
    {.bitmap_index = 48634, .adv_w = 294, .box_w = 16, .box_h = 19, .ofs_x = 1, .ofs_y = -2},
    {.bitmap_index = 48672, .adv_w = 294, .box_w = 16, .box_h = 18, .ofs_x = 1, .ofs_y = -2},
    {.bitmap_index = 48708, .adv_w = 294, .box_w = 16, .box_h = 18, .ofs_x = 1, .ofs_y = -2},
    {.bitmap_index = 48744, .adv_w = 294, .box_w = 16, .box_h = 18, .ofs_x = 1, .ofs_y = -2},
    {.bitmap_index = 48780, .adv_w = 294, .box_w = 16, .box_h = 19, .ofs_x = 1, .ofs_y = -2},
    {.bitmap_index = 48818, .adv_w = 294, .box_w = 17, .box_h = 18, .ofs_x = 1, .ofs_y = -2},
    {.bitmap_index = 48857, .adv_w = 294, .box_w = 16, .box_h = 19, .ofs_x = 1, .ofs_y = -2},
    {.bitmap_index = 48895, .adv_w = 294, .box_w = 17, .box_h = 18, .ofs_x = 0, .ofs_y = -2},
    {.bitmap_index = 48934, .adv_w = 294, .box_w = 16, .box_h = 18, .ofs_x = 0, .ofs_y = -2},
    {.bitmap_index = 48970, .adv_w = 294, .box_w = 16, .box_h = 19, .ofs_x = 0, .ofs_y = -2},
    {.bitmap_index = 49008, .adv_w = 294, .box_w = 17, .box_h = 18, .ofs_x = 0, .ofs_y = -2},
    {.bitmap_index = 49047, .adv_w = 294, .box_w = 17, .box_h = 18, .ofs_x = 0, .ofs_y = -2},
    {.bitmap_index = 49086, .adv_w = 294, .box_w = 15, .box_h = 19, .ofs_x = 1, .ofs_y = -2},
    {.bitmap_index = 49122, .adv_w = 294, .box_w = 16, .box_h = 18, .ofs_x = 0, .ofs_y = -2},
    {.bitmap_index = 49158, .adv_w = 294, .box_w = 16, .box_h = 19, .ofs_x = 0, .ofs_y = -2},
    {.bitmap_index = 49196, .adv_w = 294, .box_w = 18, .box_h = 18, .ofs_x = 0, .ofs_y = -2},
    {.bitmap_index = 49237, .adv_w = 294, .box_w = 16, .box_h = 18, .ofs_x = 0, .ofs_y = -2},
    {.bitmap_index = 49273, .adv_w = 294, .box_w = 16, .box_h = 18, .ofs_x = 1, .ofs_y = -2},
    {.bitmap_index = 49309, .adv_w = 294, .box_w = 16, .box_h = 18, .ofs_x = 1, .ofs_y = -2},
    {.bitmap_index = 49345, .adv_w = 294, .box_w = 16, .box_h = 18, .ofs_x = 1, .ofs_y = -2},
    {.bitmap_index = 49381, .adv_w = 294, .box_w = 16, .box_h = 18, .ofs_x = 1, .ofs_y = -2},
    {.bitmap_index = 49417, .adv_w = 294, .box_w = 17, .box_h = 14, .ofs_x = 1, .ofs_y = 1},
    {.bitmap_index = 49447, .adv_w = 294, .box_w = 17, .box_h = 18, .ofs_x = 1, .ofs_y = -2},
    {.bitmap_index = 49486, .adv_w = 294, .box_w = 17, .box_h = 18, .ofs_x = 1, .ofs_y = -2},
    {.bitmap_index = 49525, .adv_w = 294, .box_w = 17, .box_h = 17, .ofs_x = 1, .ofs_y = -2},
    {.bitmap_index = 49562, .adv_w = 294, .box_w = 17, .box_h = 19, .ofs_x = 1, .ofs_y = -2},
    {.bitmap_index = 49603, .adv_w = 294, .box_w = 17, .box_h = 18, .ofs_x = 1, .ofs_y = -2},
    {.bitmap_index = 49642, .adv_w = 294, .box_w = 17, .box_h = 18, .ofs_x = 1, .ofs_y = -2},
    {.bitmap_index = 49681, .adv_w = 294, .box_w = 17, .box_h = 18, .ofs_x = 1, .ofs_y = -2},
    {.bitmap_index = 49720, .adv_w = 294, .box_w = 17, .box_h = 17, .ofs_x = 1, .ofs_y = -2},
    {.bitmap_index = 49757, .adv_w = 294, .box_w = 17, .box_h = 18, .ofs_x = 0, .ofs_y = -2},
    {.bitmap_index = 49796, .adv_w = 294, .box_w = 17, .box_h = 18, .ofs_x = 0, .ofs_y = -2},
    {.bitmap_index = 49835, .adv_w = 294, .box_w = 17, .box_h = 19, .ofs_x = 0, .ofs_y = -2},
    {.bitmap_index = 49876, .adv_w = 294, .box_w = 18, .box_h = 18, .ofs_x = 0, .ofs_y = -1},
    {.bitmap_index = 49917, .adv_w = 294, .box_w = 16, .box_h = 18, .ofs_x = 1, .ofs_y = -2},
    {.bitmap_index = 49953, .adv_w = 294, .box_w = 17, .box_h = 18, .ofs_x = 1, .ofs_y = -1},
    {.bitmap_index = 49992, .adv_w = 294, .box_w = 16, .box_h = 18, .ofs_x = 1, .ofs_y = -2},
    {.bitmap_index = 50028, .adv_w = 294, .box_w = 16, .box_h = 18, .ofs_x = 1, .ofs_y = -2},
    {.bitmap_index = 50064, .adv_w = 294, .box_w = 16, .box_h = 18, .ofs_x = 1, .ofs_y = -2},
    {.bitmap_index = 50100, .adv_w = 294, .box_w = 15, .box_h = 18, .ofs_x = 1, .ofs_y = -2},
    {.bitmap_index = 50134, .adv_w = 294, .box_w = 15, .box_h = 18, .ofs_x = 1, .ofs_y = -2},
    {.bitmap_index = 50168, .adv_w = 294, .box_w = 17, .box_h = 14, .ofs_x = 1, .ofs_y = 1},
    {.bitmap_index = 50198, .adv_w = 294, .box_w = 17, .box_h = 17, .ofs_x = 1, .ofs_y = -2},
    {.bitmap_index = 50235, .adv_w = 294, .box_w = 17, .box_h = 18, .ofs_x = 1, .ofs_y = -2},
    {.bitmap_index = 50274, .adv_w = 294, .box_w = 17, .box_h = 18, .ofs_x = 1, .ofs_y = -2},
    {.bitmap_index = 50313, .adv_w = 294, .box_w = 17, .box_h = 18, .ofs_x = 1, .ofs_y = -2},
    {.bitmap_index = 50352, .adv_w = 294, .box_w = 17, .box_h = 18, .ofs_x = 1, .ofs_y = -2},
    {.bitmap_index = 50391, .adv_w = 294, .box_w = 17, .box_h = 18, .ofs_x = 1, .ofs_y = -2},
    {.bitmap_index = 50430, .adv_w = 294, .box_w = 17, .box_h = 18, .ofs_x = 1, .ofs_y = -2},
    {.bitmap_index = 50469, .adv_w = 294, .box_w = 16, .box_h = 18, .ofs_x = 1, .ofs_y = -2},
    {.bitmap_index = 50505, .adv_w = 294, .box_w = 17, .box_h = 18, .ofs_x = 0, .ofs_y = -2},
    {.bitmap_index = 50544, .adv_w = 294, .box_w = 16, .box_h = 18, .ofs_x = 1, .ofs_y = -2},
    {.bitmap_index = 50580, .adv_w = 294, .box_w = 16, .box_h = 18, .ofs_x = 0, .ofs_y = -2},
    {.bitmap_index = 50616, .adv_w = 294, .box_w = 16, .box_h = 18, .ofs_x = 0, .ofs_y = -2},
    {.bitmap_index = 50652, .adv_w = 294, .box_w = 17, .box_h = 18, .ofs_x = 1, .ofs_y = -2},
    {.bitmap_index = 50691, .adv_w = 294, .box_w = 17, .box_h = 14, .ofs_x = 1, .ofs_y = 1},
    {.bitmap_index = 50721, .adv_w = 294, .box_w = 17, .box_h = 18, .ofs_x = 1, .ofs_y = -2},
    {.bitmap_index = 50760, .adv_w = 294, .box_w = 17, .box_h = 18, .ofs_x = 1, .ofs_y = -2},
    {.bitmap_index = 50799, .adv_w = 294, .box_w = 17, .box_h = 18, .ofs_x = 1, .ofs_y = -2},
    {.bitmap_index = 50838, .adv_w = 294, .box_w = 17, .box_h = 18, .ofs_x = 1, .ofs_y = -2},
    {.bitmap_index = 50877, .adv_w = 294, .box_w = 17, .box_h = 18, .ofs_x = 1, .ofs_y = -2},
    {.bitmap_index = 50916, .adv_w = 294, .box_w = 17, .box_h = 18, .ofs_x = 1, .ofs_y = -2},
    {.bitmap_index = 50955, .adv_w = 294, .box_w = 17, .box_h = 18, .ofs_x = 1, .ofs_y = -2},
    {.bitmap_index = 50994, .adv_w = 294, .box_w = 16, .box_h = 18, .ofs_x = 1, .ofs_y = -2},
    {.bitmap_index = 51030, .adv_w = 294, .box_w = 16, .box_h = 18, .ofs_x = 1, .ofs_y = -2},
    {.bitmap_index = 51066, .adv_w = 294, .box_w = 16, .box_h = 19, .ofs_x = 1, .ofs_y = -2},
    {.bitmap_index = 51104, .adv_w = 294, .box_w = 15, .box_h = 19, .ofs_x = 1, .ofs_y = -2},
    {.bitmap_index = 51140, .adv_w = 294, .box_w = 16, .box_h = 18, .ofs_x = 0, .ofs_y = -2},
    {.bitmap_index = 51176, .adv_w = 294, .box_w = 16, .box_h = 19, .ofs_x = 0, .ofs_y = -2},
    {.bitmap_index = 51214, .adv_w = 294, .box_w = 17, .box_h = 18, .ofs_x = 0, .ofs_y = -2},
    {.bitmap_index = 51253, .adv_w = 294, .box_w = 17, .box_h = 18, .ofs_x = 0, .ofs_y = -2},
    {.bitmap_index = 51292, .adv_w = 294, .box_w = 16, .box_h = 18, .ofs_x = 0, .ofs_y = -2},
    {.bitmap_index = 51328, .adv_w = 294, .box_w = 16, .box_h = 19, .ofs_x = 0, .ofs_y = -2},
    {.bitmap_index = 51366, .adv_w = 294, .box_w = 17, .box_h = 18, .ofs_x = 0, .ofs_y = -2},
    {.bitmap_index = 51405, .adv_w = 294, .box_w = 16, .box_h = 18, .ofs_x = 0, .ofs_y = -2},
    {.bitmap_index = 51441, .adv_w = 294, .box_w = 17, .box_h = 18, .ofs_x = 1, .ofs_y = -2},
    {.bitmap_index = 51480, .adv_w = 294, .box_w = 17, .box_h = 19, .ofs_x = 1, .ofs_y = -2},
    {.bitmap_index = 51521, .adv_w = 294, .box_w = 17, .box_h = 18, .ofs_x = 1, .ofs_y = -2},
    {.bitmap_index = 51560, .adv_w = 294, .box_w = 17, .box_h = 19, .ofs_x = 1, .ofs_y = -3},
    {.bitmap_index = 51601, .adv_w = 294, .box_w = 17, .box_h = 18, .ofs_x = 1, .ofs_y = -2},
    {.bitmap_index = 51640, .adv_w = 294, .box_w = 17, .box_h = 19, .ofs_x = 1, .ofs_y = -2},
    {.bitmap_index = 51681, .adv_w = 294, .box_w = 17, .box_h = 18, .ofs_x = 1, .ofs_y = -2},
    {.bitmap_index = 51720, .adv_w = 294, .box_w = 17, .box_h = 18, .ofs_x = 1, .ofs_y = -2},
    {.bitmap_index = 51759, .adv_w = 294, .box_w = 17, .box_h = 19, .ofs_x = 1, .ofs_y = -2},
    {.bitmap_index = 51800, .adv_w = 294, .box_w = 17, .box_h = 18, .ofs_x = 1, .ofs_y = -2},
    {.bitmap_index = 51839, .adv_w = 294, .box_w = 17, .box_h = 19, .ofs_x = 1, .ofs_y = -2},
    {.bitmap_index = 51880, .adv_w = 294, .box_w = 17, .box_h = 18, .ofs_x = 1, .ofs_y = -1},
    {.bitmap_index = 51919, .adv_w = 294, .box_w = 17, .box_h = 18, .ofs_x = 1, .ofs_y = -2},
    {.bitmap_index = 51958, .adv_w = 294, .box_w = 16, .box_h = 19, .ofs_x = 1, .ofs_y = -2},
    {.bitmap_index = 51996, .adv_w = 294, .box_w = 17, .box_h = 18, .ofs_x = 1, .ofs_y = -2},
    {.bitmap_index = 52035, .adv_w = 294, .box_w = 17, .box_h = 18, .ofs_x = 1, .ofs_y = -2},
    {.bitmap_index = 52074, .adv_w = 294, .box_w = 15, .box_h = 18, .ofs_x = 1, .ofs_y = -2},
    {.bitmap_index = 52108, .adv_w = 294, .box_w = 15, .box_h = 19, .ofs_x = 1, .ofs_y = -2},
    {.bitmap_index = 52144, .adv_w = 294, .box_w = 16, .box_h = 18, .ofs_x = 1, .ofs_y = -2},
    {.bitmap_index = 52180, .adv_w = 294, .box_w = 16, .box_h = 18, .ofs_x = 1, .ofs_y = -2},
    {.bitmap_index = 52216, .adv_w = 294, .box_w = 15, .box_h = 18, .ofs_x = 1, .ofs_y = -2},
    {.bitmap_index = 52250, .adv_w = 294, .box_w = 15, .box_h = 19, .ofs_x = 1, .ofs_y = -2},
    {.bitmap_index = 52286, .adv_w = 294, .box_w = 16, .box_h = 18, .ofs_x = 1, .ofs_y = -1},
    {.bitmap_index = 52322, .adv_w = 294, .box_w = 16, .box_h = 18, .ofs_x = 1, .ofs_y = -2},
    {.bitmap_index = 52358, .adv_w = 294, .box_w = 15, .box_h = 18, .ofs_x = 1, .ofs_y = -2},
    {.bitmap_index = 52392, .adv_w = 294, .box_w = 17, .box_h = 18, .ofs_x = 1, .ofs_y = -2},
    {.bitmap_index = 52431, .adv_w = 294, .box_w = 17, .box_h = 19, .ofs_x = 1, .ofs_y = -2},
    {.bitmap_index = 52472, .adv_w = 294, .box_w = 17, .box_h = 18, .ofs_x = 1, .ofs_y = -2},
    {.bitmap_index = 52511, .adv_w = 294, .box_w = 17, .box_h = 19, .ofs_x = 1, .ofs_y = -2},
    {.bitmap_index = 52552, .adv_w = 294, .box_w = 17, .box_h = 18, .ofs_x = 1, .ofs_y = -2},
    {.bitmap_index = 52591, .adv_w = 294, .box_w = 17, .box_h = 18, .ofs_x = 1, .ofs_y = -2},
    {.bitmap_index = 52630, .adv_w = 294, .box_w = 17, .box_h = 19, .ofs_x = 1, .ofs_y = -2},
    {.bitmap_index = 52671, .adv_w = 294, .box_w = 17, .box_h = 18, .ofs_x = 1, .ofs_y = -1},
    {.bitmap_index = 52710, .adv_w = 294, .box_w = 16, .box_h = 19, .ofs_x = 1, .ofs_y = -2},
    {.bitmap_index = 52748, .adv_w = 294, .box_w = 17, .box_h = 18, .ofs_x = 1, .ofs_y = -2},
    {.bitmap_index = 52787, .adv_w = 294, .box_w = 17, .box_h = 18, .ofs_x = 1, .ofs_y = -2},
    {.bitmap_index = 52826, .adv_w = 294, .box_w = 15, .box_h = 18, .ofs_x = 1, .ofs_y = -2},
    {.bitmap_index = 52860, .adv_w = 294, .box_w = 16, .box_h = 18, .ofs_x = 1, .ofs_y = -2},
    {.bitmap_index = 52896, .adv_w = 294, .box_w = 16, .box_h = 18, .ofs_x = 1, .ofs_y = -2},
    {.bitmap_index = 52932, .adv_w = 294, .box_w = 15, .box_h = 19, .ofs_x = 1, .ofs_y = -2},
    {.bitmap_index = 52968, .adv_w = 294, .box_w = 15, .box_h = 18, .ofs_x = 1, .ofs_y = -2},
    {.bitmap_index = 53002, .adv_w = 294, .box_w = 15, .box_h = 19, .ofs_x = 1, .ofs_y = -2},
    {.bitmap_index = 53038, .adv_w = 294, .box_w = 15, .box_h = 18, .ofs_x = 1, .ofs_y = -2},
    {.bitmap_index = 53072, .adv_w = 294, .box_w = 15, .box_h = 19, .ofs_x = 1, .ofs_y = -2},
    {.bitmap_index = 53108, .adv_w = 294, .box_w = 15, .box_h = 18, .ofs_x = 1, .ofs_y = -2},
    {.bitmap_index = 53142, .adv_w = 294, .box_w = 15, .box_h = 19, .ofs_x = 1, .ofs_y = -2},
    {.bitmap_index = 53178, .adv_w = 294, .box_w = 15, .box_h = 19, .ofs_x = 1, .ofs_y = -2},
    {.bitmap_index = 53214, .adv_w = 294, .box_w = 15, .box_h = 18, .ofs_x = 1, .ofs_y = -2},
    {.bitmap_index = 53248, .adv_w = 294, .box_w = 15, .box_h = 18, .ofs_x = 1, .ofs_y = -2},
    {.bitmap_index = 53282, .adv_w = 294, .box_w = 15, .box_h = 19, .ofs_x = 1, .ofs_y = -2},
    {.bitmap_index = 53318, .adv_w = 294, .box_w = 17, .box_h = 18, .ofs_x = 1, .ofs_y = -2},
    {.bitmap_index = 53357, .adv_w = 294, .box_w = 16, .box_h = 18, .ofs_x = 1, .ofs_y = -2},
    {.bitmap_index = 53393, .adv_w = 294, .box_w = 17, .box_h = 18, .ofs_x = 1, .ofs_y = -2},
    {.bitmap_index = 53432, .adv_w = 294, .box_w = 15, .box_h = 19, .ofs_x = 1, .ofs_y = -2},
    {.bitmap_index = 53468, .adv_w = 294, .box_w = 16, .box_h = 17, .ofs_x = 1, .ofs_y = -1},
    {.bitmap_index = 53502, .adv_w = 294, .box_w = 15, .box_h = 18, .ofs_x = 1, .ofs_y = -2},
    {.bitmap_index = 53536, .adv_w = 294, .box_w = 16, .box_h = 19, .ofs_x = 1, .ofs_y = -2},
    {.bitmap_index = 53574, .adv_w = 294, .box_w = 15, .box_h = 18, .ofs_x = 1, .ofs_y = -2},
    {.bitmap_index = 53608, .adv_w = 294, .box_w = 15, .box_h = 19, .ofs_x = 1, .ofs_y = -2},
    {.bitmap_index = 53644, .adv_w = 294, .box_w = 16, .box_h = 18, .ofs_x = 1, .ofs_y = -2},
    {.bitmap_index = 53680, .adv_w = 294, .box_w = 16, .box_h = 18, .ofs_x = 1, .ofs_y = -2},
    {.bitmap_index = 53716, .adv_w = 294, .box_w = 15, .box_h = 18, .ofs_x = 1, .ofs_y = -2},
    {.bitmap_index = 53750, .adv_w = 294, .box_w = 15, .box_h = 19, .ofs_x = 1, .ofs_y = -2},
    {.bitmap_index = 53786, .adv_w = 294, .box_w = 16, .box_h = 18, .ofs_x = 1, .ofs_y = -2},
    {.bitmap_index = 53822, .adv_w = 294, .box_w = 15, .box_h = 18, .ofs_x = 1, .ofs_y = -2},
    {.bitmap_index = 53856, .adv_w = 294, .box_w = 15, .box_h = 18, .ofs_x = 1, .ofs_y = -2},
    {.bitmap_index = 53890, .adv_w = 294, .box_w = 15, .box_h = 19, .ofs_x = 1, .ofs_y = -2},
    {.bitmap_index = 53926, .adv_w = 294, .box_w = 15, .box_h = 18, .ofs_x = 1, .ofs_y = -2},
    {.bitmap_index = 53960, .adv_w = 294, .box_w = 15, .box_h = 18, .ofs_x = 1, .ofs_y = -2},
    {.bitmap_index = 53994, .adv_w = 294, .box_w = 15, .box_h = 18, .ofs_x = 1, .ofs_y = -2},
    {.bitmap_index = 54028, .adv_w = 294, .box_w = 15, .box_h = 18, .ofs_x = 1, .ofs_y = -2},
    {.bitmap_index = 54062, .adv_w = 294, .box_w = 15, .box_h = 18, .ofs_x = 1, .ofs_y = -2},
    {.bitmap_index = 54096, .adv_w = 294, .box_w = 15, .box_h = 18, .ofs_x = 1, .ofs_y = -2},
    {.bitmap_index = 54130, .adv_w = 294, .box_w = 15, .box_h = 19, .ofs_x = 1, .ofs_y = -2},
    {.bitmap_index = 54166, .adv_w = 294, .box_w = 17, .box_h = 19, .ofs_x = 1, .ofs_y = -2},
    {.bitmap_index = 54207, .adv_w = 294, .box_w = 16, .box_h = 18, .ofs_x = 1, .ofs_y = -2},
    {.bitmap_index = 54243, .adv_w = 294, .box_w = 17, .box_h = 18, .ofs_x = 1, .ofs_y = -2},
    {.bitmap_index = 54282, .adv_w = 294, .box_w = 15, .box_h = 19, .ofs_x = 1, .ofs_y = -2},
    {.bitmap_index = 54318, .adv_w = 294, .box_w = 15, .box_h = 18, .ofs_x = 1, .ofs_y = -2},
    {.bitmap_index = 54352, .adv_w = 294, .box_w = 16, .box_h = 19, .ofs_x = 1, .ofs_y = -2},
    {.bitmap_index = 54390, .adv_w = 294, .box_w = 15, .box_h = 18, .ofs_x = 1, .ofs_y = -2},
    {.bitmap_index = 54424, .adv_w = 294, .box_w = 15, .box_h = 18, .ofs_x = 1, .ofs_y = -2},
    {.bitmap_index = 54458, .adv_w = 294, .box_w = 16, .box_h = 18, .ofs_x = 1, .ofs_y = -2},
    {.bitmap_index = 54494, .adv_w = 294, .box_w = 16, .box_h = 18, .ofs_x = 1, .ofs_y = -2},
    {.bitmap_index = 54530, .adv_w = 294, .box_w = 15, .box_h = 18, .ofs_x = 1, .ofs_y = -2},
    {.bitmap_index = 54564, .adv_w = 294, .box_w = 15, .box_h = 19, .ofs_x = 1, .ofs_y = -2},
    {.bitmap_index = 54600, .adv_w = 294, .box_w = 16, .box_h = 18, .ofs_x = 1, .ofs_y = -2},
    {.bitmap_index = 54636, .adv_w = 294, .box_w = 16, .box_h = 18, .ofs_x = 1, .ofs_y = -2},
    {.bitmap_index = 54672, .adv_w = 294, .box_w = 17, .box_h = 14, .ofs_x = 1, .ofs_y = 1},
    {.bitmap_index = 54702, .adv_w = 294, .box_w = 17, .box_h = 18, .ofs_x = 1, .ofs_y = -2},
    {.bitmap_index = 54741, .adv_w = 294, .box_w = 17, .box_h = 18, .ofs_x = 1, .ofs_y = -2},
    {.bitmap_index = 54780, .adv_w = 294, .box_w = 17, .box_h = 18, .ofs_x = 1, .ofs_y = -2},
    {.bitmap_index = 54819, .adv_w = 294, .box_w = 17, .box_h = 18, .ofs_x = 1, .ofs_y = -2},
    {.bitmap_index = 54858, .adv_w = 294, .box_w = 17, .box_h = 18, .ofs_x = 1, .ofs_y = -2},
    {.bitmap_index = 54897, .adv_w = 294, .box_w = 17, .box_h = 18, .ofs_x = 1, .ofs_y = -2},
    {.bitmap_index = 54936, .adv_w = 294, .box_w = 17, .box_h = 18, .ofs_x = 1, .ofs_y = -2},
    {.bitmap_index = 54975, .adv_w = 294, .box_w = 17, .box_h = 18, .ofs_x = 1, .ofs_y = -2},
    {.bitmap_index = 55014, .adv_w = 294, .box_w = 17, .box_h = 18, .ofs_x = 1, .ofs_y = -2},
    {.bitmap_index = 55053, .adv_w = 294, .box_w = 17, .box_h = 18, .ofs_x = 1, .ofs_y = -2},
    {.bitmap_index = 55092, .adv_w = 294, .box_w = 17, .box_h = 18, .ofs_x = 1, .ofs_y = -2},
    {.bitmap_index = 55131, .adv_w = 294, .box_w = 17, .box_h = 18, .ofs_x = 1, .ofs_y = -2},
    {.bitmap_index = 55170, .adv_w = 294, .box_w = 18, .box_h = 18, .ofs_x = 0, .ofs_y = -2},
    {.bitmap_index = 55211, .adv_w = 294, .box_w = 17, .box_h = 18, .ofs_x = 1, .ofs_y = -2},
    {.bitmap_index = 55250, .adv_w = 294, .box_w = 17, .box_h = 19, .ofs_x = 1, .ofs_y = -2},
    {.bitmap_index = 55291, .adv_w = 294, .box_w = 17, .box_h = 18, .ofs_x = 1, .ofs_y = -2},
    {.bitmap_index = 55330, .adv_w = 294, .box_w = 17, .box_h = 18, .ofs_x = 1, .ofs_y = -2},
    {.bitmap_index = 55369, .adv_w = 294, .box_w = 17, .box_h = 18, .ofs_x = 1, .ofs_y = -2},
    {.bitmap_index = 55408, .adv_w = 294, .box_w = 17, .box_h = 18, .ofs_x = 1, .ofs_y = -1},
    {.bitmap_index = 55447, .adv_w = 294, .box_w = 17, .box_h = 18, .ofs_x = 1, .ofs_y = -1},
    {.bitmap_index = 55486, .adv_w = 294, .box_w = 16, .box_h = 19, .ofs_x = 1, .ofs_y = -2},
    {.bitmap_index = 55524, .adv_w = 294, .box_w = 15, .box_h = 18, .ofs_x = 1, .ofs_y = -2},
    {.bitmap_index = 55558, .adv_w = 294, .box_w = 16, .box_h = 18, .ofs_x = 0, .ofs_y = -2},
    {.bitmap_index = 55594, .adv_w = 294, .box_w = 17, .box_h = 18, .ofs_x = 0, .ofs_y = -2},
    {.bitmap_index = 55633, .adv_w = 294, .box_w = 16, .box_h = 19, .ofs_x = 0, .ofs_y = -2},
    {.bitmap_index = 55671, .adv_w = 294, .box_w = 17, .box_h = 17, .ofs_x = 0, .ofs_y = -1},
    {.bitmap_index = 55708, .adv_w = 294, .box_w = 16, .box_h = 18, .ofs_x = 0, .ofs_y = -2},
    {.bitmap_index = 55744, .adv_w = 294, .box_w = 15, .box_h = 18, .ofs_x = 1, .ofs_y = -2},
    {.bitmap_index = 55778, .adv_w = 294, .box_w = 15, .box_h = 18, .ofs_x = 1, .ofs_y = -2},
    {.bitmap_index = 55812, .adv_w = 294, .box_w = 16, .box_h = 18, .ofs_x = 1, .ofs_y = -2},
    {.bitmap_index = 55848, .adv_w = 294, .box_w = 16, .box_h = 18, .ofs_x = 1, .ofs_y = -2},
    {.bitmap_index = 55884, .adv_w = 294, .box_w = 15, .box_h = 19, .ofs_x = 1, .ofs_y = -2},
    {.bitmap_index = 55920, .adv_w = 294, .box_w = 15, .box_h = 18, .ofs_x = 1, .ofs_y = -2},
    {.bitmap_index = 55954, .adv_w = 294, .box_w = 16, .box_h = 18, .ofs_x = 1, .ofs_y = -1},
    {.bitmap_index = 55990, .adv_w = 294, .box_w = 15, .box_h = 18, .ofs_x = 1, .ofs_y = -2},
    {.bitmap_index = 56024, .adv_w = 294, .box_w = 17, .box_h = 14, .ofs_x = 1, .ofs_y = 1},
    {.bitmap_index = 56054, .adv_w = 294, .box_w = 17, .box_h = 18, .ofs_x = 1, .ofs_y = -2},
    {.bitmap_index = 56093, .adv_w = 294, .box_w = 17, .box_h = 18, .ofs_x = 1, .ofs_y = -2},
    {.bitmap_index = 56132, .adv_w = 294, .box_w = 17, .box_h = 18, .ofs_x = 1, .ofs_y = -2},
    {.bitmap_index = 56171, .adv_w = 294, .box_w = 17, .box_h = 18, .ofs_x = 1, .ofs_y = -2},
    {.bitmap_index = 56210, .adv_w = 294, .box_w = 17, .box_h = 18, .ofs_x = 1, .ofs_y = -2},
    {.bitmap_index = 56249, .adv_w = 294, .box_w = 17, .box_h = 18, .ofs_x = 1, .ofs_y = -2},
    {.bitmap_index = 56288, .adv_w = 294, .box_w = 17, .box_h = 18, .ofs_x = 1, .ofs_y = -2},
    {.bitmap_index = 56327, .adv_w = 294, .box_w = 17, .box_h = 18, .ofs_x = 1, .ofs_y = -2},
    {.bitmap_index = 56366, .adv_w = 294, .box_w = 17, .box_h = 18, .ofs_x = 1, .ofs_y = -2},
    {.bitmap_index = 56405, .adv_w = 294, .box_w = 17, .box_h = 18, .ofs_x = 1, .ofs_y = -2},
    {.bitmap_index = 56444, .adv_w = 294, .box_w = 17, .box_h = 18, .ofs_x = 1, .ofs_y = -2},
    {.bitmap_index = 56483, .adv_w = 294, .box_w = 17, .box_h = 18, .ofs_x = 1, .ofs_y = -2},
    {.bitmap_index = 56522, .adv_w = 294, .box_w = 17, .box_h = 18, .ofs_x = 1, .ofs_y = -2},
    {.bitmap_index = 56561, .adv_w = 294, .box_w = 17, .box_h = 18, .ofs_x = 1, .ofs_y = -2},
    {.bitmap_index = 56600, .adv_w = 294, .box_w = 17, .box_h = 18, .ofs_x = 1, .ofs_y = -2},
    {.bitmap_index = 56639, .adv_w = 294, .box_w = 17, .box_h = 17, .ofs_x = 1, .ofs_y = -1},
    {.bitmap_index = 56676, .adv_w = 294, .box_w = 17, .box_h = 18, .ofs_x = 1, .ofs_y = -2},
    {.bitmap_index = 56715, .adv_w = 294, .box_w = 15, .box_h = 18, .ofs_x = 1, .ofs_y = -2},
    {.bitmap_index = 56749, .adv_w = 294, .box_w = 15, .box_h = 18, .ofs_x = 1, .ofs_y = -2},
    {.bitmap_index = 56783, .adv_w = 294, .box_w = 16, .box_h = 19, .ofs_x = 1, .ofs_y = -2},
    {.bitmap_index = 56821, .adv_w = 294, .box_w = 16, .box_h = 18, .ofs_x = 1, .ofs_y = -2},
    {.bitmap_index = 56857, .adv_w = 294, .box_w = 15, .box_h = 18, .ofs_x = 1, .ofs_y = -2},
    {.bitmap_index = 56891, .adv_w = 294, .box_w = 15, .box_h = 18, .ofs_x = 1, .ofs_y = -2},
    {.bitmap_index = 56925, .adv_w = 294, .box_w = 17, .box_h = 18, .ofs_x = 1, .ofs_y = -2},
    {.bitmap_index = 56964, .adv_w = 294, .box_w = 15, .box_h = 18, .ofs_x = 1, .ofs_y = -2},
    {.bitmap_index = 56998, .adv_w = 294, .box_w = 16, .box_h = 18, .ofs_x = 0, .ofs_y = -2},
    {.bitmap_index = 57034, .adv_w = 294, .box_w = 16, .box_h = 19, .ofs_x = 1, .ofs_y = -2},
    {.bitmap_index = 57072, .adv_w = 294, .box_w = 16, .box_h = 19, .ofs_x = 1, .ofs_y = -2},
    {.bitmap_index = 57110, .adv_w = 294, .box_w = 16, .box_h = 18, .ofs_x = 1, .ofs_y = -2},
    {.bitmap_index = 57146, .adv_w = 294, .box_w = 16, .box_h = 19, .ofs_x = 1, .ofs_y = -2},
    {.bitmap_index = 57184, .adv_w = 294, .box_w = 16, .box_h = 18, .ofs_x = 1, .ofs_y = -2},
    {.bitmap_index = 57220, .adv_w = 294, .box_w = 16, .box_h = 18, .ofs_x = 1, .ofs_y = -2},
    {.bitmap_index = 57256, .adv_w = 294, .box_w = 15, .box_h = 18, .ofs_x = 1, .ofs_y = -2},
    {.bitmap_index = 57290, .adv_w = 294, .box_w = 15, .box_h = 19, .ofs_x = 1, .ofs_y = -2},
    {.bitmap_index = 57326, .adv_w = 294, .box_w = 15, .box_h = 19, .ofs_x = 1, .ofs_y = -2},
    {.bitmap_index = 57362, .adv_w = 294, .box_w = 16, .box_h = 18, .ofs_x = 1, .ofs_y = -2},
    {.bitmap_index = 57398, .adv_w = 294, .box_w = 15, .box_h = 18, .ofs_x = 1, .ofs_y = -2},
    {.bitmap_index = 57432, .adv_w = 294, .box_w = 15, .box_h = 18, .ofs_x = 1, .ofs_y = -2},
    {.bitmap_index = 57466, .adv_w = 294, .box_w = 16, .box_h = 18, .ofs_x = 1, .ofs_y = -1},
    {.bitmap_index = 57502, .adv_w = 294, .box_w = 15, .box_h = 18, .ofs_x = 1, .ofs_y = -2},
    {.bitmap_index = 57536, .adv_w = 294, .box_w = 17, .box_h = 18, .ofs_x = 1, .ofs_y = -2},
    {.bitmap_index = 57575, .adv_w = 294, .box_w = 17, .box_h = 18, .ofs_x = 1, .ofs_y = -2},
    {.bitmap_index = 57614, .adv_w = 294, .box_w = 17, .box_h = 18, .ofs_x = 1, .ofs_y = -2},
    {.bitmap_index = 57653, .adv_w = 294, .box_w = 17, .box_h = 18, .ofs_x = 1, .ofs_y = -2},
    {.bitmap_index = 57692, .adv_w = 294, .box_w = 17, .box_h = 18, .ofs_x = 1, .ofs_y = -2},
    {.bitmap_index = 57731, .adv_w = 294, .box_w = 17, .box_h = 18, .ofs_x = 1, .ofs_y = -2},
    {.bitmap_index = 57770, .adv_w = 294, .box_w = 17, .box_h = 17, .ofs_x = 1, .ofs_y = -1},
    {.bitmap_index = 57807, .adv_w = 294, .box_w = 17, .box_h = 18, .ofs_x = 1, .ofs_y = -2},
    {.bitmap_index = 57846, .adv_w = 294, .box_w = 17, .box_h = 18, .ofs_x = 1, .ofs_y = -2},
    {.bitmap_index = 57885, .adv_w = 294, .box_w = 17, .box_h = 14, .ofs_x = 1, .ofs_y = 1},
    {.bitmap_index = 57915, .adv_w = 294, .box_w = 17, .box_h = 18, .ofs_x = 1, .ofs_y = -2},
    {.bitmap_index = 57954, .adv_w = 294, .box_w = 17, .box_h = 18, .ofs_x = 1, .ofs_y = -2},
    {.bitmap_index = 57993, .adv_w = 294, .box_w = 17, .box_h = 18, .ofs_x = 1, .ofs_y = -2},
    {.bitmap_index = 58032, .adv_w = 294, .box_w = 17, .box_h = 18, .ofs_x = 1, .ofs_y = -2},
    {.bitmap_index = 58071, .adv_w = 294, .box_w = 17, .box_h = 18, .ofs_x = 1, .ofs_y = -2},
    {.bitmap_index = 58110, .adv_w = 294, .box_w = 17, .box_h = 18, .ofs_x = 1, .ofs_y = -2},
    {.bitmap_index = 58149, .adv_w = 294, .box_w = 17, .box_h = 17, .ofs_x = 1, .ofs_y = -1},
    {.bitmap_index = 58186, .adv_w = 294, .box_w = 17, .box_h = 18, .ofs_x = 1, .ofs_y = -2},
    {.bitmap_index = 58225, .adv_w = 294, .box_w = 17, .box_h = 17, .ofs_x = 1, .ofs_y = -1},
    {.bitmap_index = 58262, .adv_w = 294, .box_w = 17, .box_h = 18, .ofs_x = 1, .ofs_y = -2},
    {.bitmap_index = 58301, .adv_w = 294, .box_w = 17, .box_h = 18, .ofs_x = 1, .ofs_y = -2},
    {.bitmap_index = 58340, .adv_w = 294, .box_w = 17, .box_h = 18, .ofs_x = 1, .ofs_y = -2},
    {.bitmap_index = 58379, .adv_w = 294, .box_w = 17, .box_h = 18, .ofs_x = 1, .ofs_y = -2},
    {.bitmap_index = 58418, .adv_w = 294, .box_w = 17, .box_h = 18, .ofs_x = 1, .ofs_y = -2},
    {.bitmap_index = 58457, .adv_w = 294, .box_w = 15, .box_h = 18, .ofs_x = 1, .ofs_y = -2},
    {.bitmap_index = 58491, .adv_w = 294, .box_w = 16, .box_h = 18, .ofs_x = 1, .ofs_y = -2},
    {.bitmap_index = 58527, .adv_w = 294, .box_w = 16, .box_h = 18, .ofs_x = 1, .ofs_y = -2},
    {.bitmap_index = 58563, .adv_w = 294, .box_w = 15, .box_h = 19, .ofs_x = 1, .ofs_y = -2},
    {.bitmap_index = 58599, .adv_w = 294, .box_w = 16, .box_h = 18, .ofs_x = 1, .ofs_y = -1},
    {.bitmap_index = 58635, .adv_w = 294, .box_w = 14, .box_h = 18, .ofs_x = 2, .ofs_y = -2},
    {.bitmap_index = 58667, .adv_w = 294, .box_w = 15, .box_h = 19, .ofs_x = 1, .ofs_y = -2},
    {.bitmap_index = 58703, .adv_w = 294, .box_w = 15, .box_h = 18, .ofs_x = 1, .ofs_y = -2},
    {.bitmap_index = 58737, .adv_w = 294, .box_w = 15, .box_h = 18, .ofs_x = 1, .ofs_y = -2},
    {.bitmap_index = 58771, .adv_w = 294, .box_w = 15, .box_h = 18, .ofs_x = 1, .ofs_y = -2},
    {.bitmap_index = 58805, .adv_w = 294, .box_w = 15, .box_h = 18, .ofs_x = 1, .ofs_y = -2},
    {.bitmap_index = 58839, .adv_w = 294, .box_w = 16, .box_h = 19, .ofs_x = 1, .ofs_y = -2},
    {.bitmap_index = 58877, .adv_w = 294, .box_w = 15, .box_h = 18, .ofs_x = 1, .ofs_y = -2},
    {.bitmap_index = 58911, .adv_w = 294, .box_w = 15, .box_h = 19, .ofs_x = 1, .ofs_y = -2},
    {.bitmap_index = 58947, .adv_w = 294, .box_w = 16, .box_h = 18, .ofs_x = 1, .ofs_y = -1},
    {.bitmap_index = 58983, .adv_w = 294, .box_w = 17, .box_h = 18, .ofs_x = 1, .ofs_y = -2},
    {.bitmap_index = 59022, .adv_w = 294, .box_w = 15, .box_h = 18, .ofs_x = 1, .ofs_y = -2},
    {.bitmap_index = 59056, .adv_w = 294, .box_w = 16, .box_h = 18, .ofs_x = 1, .ofs_y = -2},
    {.bitmap_index = 59092, .adv_w = 294, .box_w = 15, .box_h = 19, .ofs_x = 1, .ofs_y = -2},
    {.bitmap_index = 59128, .adv_w = 294, .box_w = 18, .box_h = 18, .ofs_x = 0, .ofs_y = -2},
    {.bitmap_index = 59169, .adv_w = 294, .box_w = 18, .box_h = 19, .ofs_x = 0, .ofs_y = -2},
    {.bitmap_index = 59212, .adv_w = 294, .box_w = 18, .box_h = 18, .ofs_x = 0, .ofs_y = -2},
    {.bitmap_index = 59253, .adv_w = 294, .box_w = 18, .box_h = 19, .ofs_x = 0, .ofs_y = -2},
    {.bitmap_index = 59296, .adv_w = 294, .box_w = 18, .box_h = 18, .ofs_x = 0, .ofs_y = -2},
    {.bitmap_index = 59337, .adv_w = 294, .box_w = 18, .box_h = 18, .ofs_x = 0, .ofs_y = -2},
    {.bitmap_index = 59378, .adv_w = 294, .box_w = 18, .box_h = 18, .ofs_x = 0, .ofs_y = -2},
    {.bitmap_index = 59419, .adv_w = 294, .box_w = 18, .box_h = 18, .ofs_x = 0, .ofs_y = -2},
    {.bitmap_index = 59460, .adv_w = 294, .box_w = 18, .box_h = 19, .ofs_x = 0, .ofs_y = -2},
    {.bitmap_index = 59503, .adv_w = 294, .box_w = 18, .box_h = 18, .ofs_x = 0, .ofs_y = -2},
    {.bitmap_index = 59544, .adv_w = 294, .box_w = 18, .box_h = 18, .ofs_x = 0, .ofs_y = -2},
    {.bitmap_index = 59585, .adv_w = 294, .box_w = 17, .box_h = 18, .ofs_x = 0, .ofs_y = -2},
    {.bitmap_index = 59624, .adv_w = 294, .box_w = 18, .box_h = 17, .ofs_x = 0, .ofs_y = -1},
    {.bitmap_index = 59663, .adv_w = 294, .box_w = 16, .box_h = 18, .ofs_x = 0, .ofs_y = -2},
    {.bitmap_index = 59699, .adv_w = 294, .box_w = 16, .box_h = 19, .ofs_x = 0, .ofs_y = -2},
    {.bitmap_index = 59737, .adv_w = 294, .box_w = 17, .box_h = 18, .ofs_x = 0, .ofs_y = -2},
    {.bitmap_index = 59776, .adv_w = 294, .box_w = 16, .box_h = 18, .ofs_x = 1, .ofs_y = -2},
    {.bitmap_index = 59812, .adv_w = 294, .box_w = 15, .box_h = 18, .ofs_x = 1, .ofs_y = -2},
    {.bitmap_index = 59846, .adv_w = 294, .box_w = 15, .box_h = 19, .ofs_x = 1, .ofs_y = -2},
    {.bitmap_index = 59882, .adv_w = 294, .box_w = 16, .box_h = 18, .ofs_x = 1, .ofs_y = -1},
    {.bitmap_index = 59918, .adv_w = 294, .box_w = 16, .box_h = 18, .ofs_x = 1, .ofs_y = -2},
    {.bitmap_index = 59954, .adv_w = 294, .box_w = 15, .box_h = 18, .ofs_x = 1, .ofs_y = -2},
    {.bitmap_index = 59988, .adv_w = 294, .box_w = 18, .box_h = 18, .ofs_x = 0, .ofs_y = -2},
    {.bitmap_index = 60029, .adv_w = 294, .box_w = 18, .box_h = 19, .ofs_x = 0, .ofs_y = -2},
    {.bitmap_index = 60072, .adv_w = 294, .box_w = 18, .box_h = 18, .ofs_x = 0, .ofs_y = -2},
    {.bitmap_index = 60113, .adv_w = 294, .box_w = 18, .box_h = 19, .ofs_x = 0, .ofs_y = -2},
    {.bitmap_index = 60156, .adv_w = 294, .box_w = 18, .box_h = 18, .ofs_x = 0, .ofs_y = -2},
    {.bitmap_index = 60197, .adv_w = 294, .box_w = 18, .box_h = 19, .ofs_x = 0, .ofs_y = -2},
    {.bitmap_index = 60240, .adv_w = 294, .box_w = 17, .box_h = 19, .ofs_x = 0, .ofs_y = -2},
    {.bitmap_index = 60281, .adv_w = 294, .box_w = 16, .box_h = 18, .ofs_x = 0, .ofs_y = -2},
    {.bitmap_index = 60317, .adv_w = 294, .box_w = 17, .box_h = 18, .ofs_x = 0, .ofs_y = -2},
    {.bitmap_index = 60356, .adv_w = 294, .box_w = 16, .box_h = 18, .ofs_x = 1, .ofs_y = -2},
    {.bitmap_index = 60392, .adv_w = 294, .box_w = 16, .box_h = 18, .ofs_x = 0, .ofs_y = -2},
    {.bitmap_index = 60428, .adv_w = 294, .box_w = 16, .box_h = 19, .ofs_x = 0, .ofs_y = -2},
    {.bitmap_index = 60466, .adv_w = 294, .box_w = 17, .box_h = 18, .ofs_x = 0, .ofs_y = -2},
    {.bitmap_index = 60505, .adv_w = 294, .box_w = 17, .box_h = 18, .ofs_x = 0, .ofs_y = -2},
    {.bitmap_index = 60544, .adv_w = 294, .box_w = 16, .box_h = 18, .ofs_x = 0, .ofs_y = -2},
    {.bitmap_index = 60580, .adv_w = 294, .box_w = 16, .box_h = 18, .ofs_x = 0, .ofs_y = -2},
    {.bitmap_index = 60616, .adv_w = 294, .box_w = 16, .box_h = 19, .ofs_x = 0, .ofs_y = -2},
    {.bitmap_index = 60654, .adv_w = 294, .box_w = 17, .box_h = 18, .ofs_x = 0, .ofs_y = -2},
    {.bitmap_index = 60693, .adv_w = 294, .box_w = 16, .box_h = 18, .ofs_x = 0, .ofs_y = -2},
    {.bitmap_index = 60729, .adv_w = 294, .box_w = 17, .box_h = 17, .ofs_x = 0, .ofs_y = -1},
    {.bitmap_index = 60766, .adv_w = 294, .box_w = 16, .box_h = 18, .ofs_x = 0, .ofs_y = -2},
    {.bitmap_index = 60802, .adv_w = 294, .box_w = 15, .box_h = 19, .ofs_x = 1, .ofs_y = -2},
    {.bitmap_index = 60838, .adv_w = 294, .box_w = 16, .box_h = 18, .ofs_x = 1, .ofs_y = -2},
    {.bitmap_index = 60874, .adv_w = 294, .box_w = 16, .box_h = 18, .ofs_x = 1, .ofs_y = -2},
    {.bitmap_index = 60910, .adv_w = 294, .box_w = 15, .box_h = 18, .ofs_x = 1, .ofs_y = -2},
    {.bitmap_index = 60944, .adv_w = 294, .box_w = 15, .box_h = 19, .ofs_x = 1, .ofs_y = -2},
    {.bitmap_index = 60980, .adv_w = 294, .box_w = 16, .box_h = 18, .ofs_x = 1, .ofs_y = -2},
    {.bitmap_index = 61016, .adv_w = 294, .box_w = 15, .box_h = 18, .ofs_x = 1, .ofs_y = -2},
    {.bitmap_index = 61050, .adv_w = 294, .box_w = 16, .box_h = 18, .ofs_x = 0, .ofs_y = -2},
    {.bitmap_index = 61086, .adv_w = 294, .box_w = 17, .box_h = 18, .ofs_x = 0, .ofs_y = -2},
    {.bitmap_index = 61125, .adv_w = 294, .box_w = 17, .box_h = 18, .ofs_x = 0, .ofs_y = -2},
    {.bitmap_index = 61164, .adv_w = 294, .box_w = 16, .box_h = 18, .ofs_x = 0, .ofs_y = -2},
    {.bitmap_index = 61200, .adv_w = 294, .box_w = 16, .box_h = 19, .ofs_x = 0, .ofs_y = -2},
    {.bitmap_index = 61238, .adv_w = 294, .box_w = 18, .box_h = 18, .ofs_x = 0, .ofs_y = -2},
    {.bitmap_index = 61279, .adv_w = 294, .box_w = 16, .box_h = 18, .ofs_x = 0, .ofs_y = -2},
    {.bitmap_index = 61315, .adv_w = 294, .box_w = 16, .box_h = 18, .ofs_x = 0, .ofs_y = -2},
    {.bitmap_index = 61351, .adv_w = 294, .box_w = 17, .box_h = 14, .ofs_x = 1, .ofs_y = 1},
    {.bitmap_index = 61381, .adv_w = 294, .box_w = 17, .box_h = 18, .ofs_x = 1, .ofs_y = -2},
    {.bitmap_index = 61420, .adv_w = 294, .box_w = 17, .box_h = 17, .ofs_x = 1, .ofs_y = -2},
    {.bitmap_index = 61457, .adv_w = 294, .box_w = 17, .box_h = 18, .ofs_x = 1, .ofs_y = -2},
    {.bitmap_index = 61496, .adv_w = 294, .box_w = 17, .box_h = 18, .ofs_x = 1, .ofs_y = -2},
    {.bitmap_index = 61535, .adv_w = 294, .box_w = 17, .box_h = 18, .ofs_x = 1, .ofs_y = -2},
    {.bitmap_index = 61574, .adv_w = 294, .box_w = 17, .box_h = 18, .ofs_x = 1, .ofs_y = -2},
    {.bitmap_index = 61613, .adv_w = 294, .box_w = 17, .box_h = 18, .ofs_x = 1, .ofs_y = -2},
    {.bitmap_index = 61652, .adv_w = 294, .box_w = 17, .box_h = 17, .ofs_x = 1, .ofs_y = -2},
    {.bitmap_index = 61689, .adv_w = 294, .box_w = 17, .box_h = 17, .ofs_x = 1, .ofs_y = -1},
    {.bitmap_index = 61726, .adv_w = 294, .box_w = 17, .box_h = 18, .ofs_x = 1, .ofs_y = -2},
    {.bitmap_index = 61765, .adv_w = 294, .box_w = 17, .box_h = 18, .ofs_x = 1, .ofs_y = -2},
    {.bitmap_index = 61804, .adv_w = 294, .box_w = 18, .box_h = 18, .ofs_x = 0, .ofs_y = -2},
    {.bitmap_index = 61845, .adv_w = 294, .box_w = 18, .box_h = 18, .ofs_x = 0, .ofs_y = -2},
    {.bitmap_index = 61886, .adv_w = 294, .box_w = 18, .box_h = 19, .ofs_x = 0, .ofs_y = -2},
    {.bitmap_index = 61929, .adv_w = 294, .box_w = 18, .box_h = 18, .ofs_x = 0, .ofs_y = -2},
    {.bitmap_index = 61970, .adv_w = 294, .box_w = 18, .box_h = 18, .ofs_x = 0, .ofs_y = -2},
    {.bitmap_index = 62011, .adv_w = 294, .box_w = 17, .box_h = 18, .ofs_x = 0, .ofs_y = -2},
    {.bitmap_index = 62050, .adv_w = 294, .box_w = 16, .box_h = 18, .ofs_x = 0, .ofs_y = -2},
    {.bitmap_index = 62086, .adv_w = 294, .box_w = 18, .box_h = 18, .ofs_x = 1, .ofs_y = -2},
    {.bitmap_index = 62127, .adv_w = 294, .box_w = 16, .box_h = 18, .ofs_x = 0, .ofs_y = -2},
    {.bitmap_index = 62163, .adv_w = 294, .box_w = 15, .box_h = 18, .ofs_x = 1, .ofs_y = -2},
    {.bitmap_index = 62197, .adv_w = 294, .box_w = 16, .box_h = 19, .ofs_x = 1, .ofs_y = -2},
    {.bitmap_index = 62235, .adv_w = 294, .box_w = 16, .box_h = 19, .ofs_x = 1, .ofs_y = -2},
    {.bitmap_index = 62273, .adv_w = 294, .box_w = 15, .box_h = 18, .ofs_x = 1, .ofs_y = -2},
    {.bitmap_index = 62307, .adv_w = 294, .box_w = 15, .box_h = 18, .ofs_x = 1, .ofs_y = -2},
    {.bitmap_index = 62341, .adv_w = 294, .box_w = 16, .box_h = 18, .ofs_x = 1, .ofs_y = -1},
    {.bitmap_index = 62377, .adv_w = 294, .box_w = 15, .box_h = 18, .ofs_x = 1, .ofs_y = -2},
    {.bitmap_index = 62411, .adv_w = 294, .box_w = 17, .box_h = 14, .ofs_x = 1, .ofs_y = 1},
    {.bitmap_index = 62441, .adv_w = 294, .box_w = 17, .box_h = 18, .ofs_x = 1, .ofs_y = -2},
    {.bitmap_index = 62480, .adv_w = 294, .box_w = 17, .box_h = 17, .ofs_x = 1, .ofs_y = -2},
    {.bitmap_index = 62517, .adv_w = 294, .box_w = 17, .box_h = 18, .ofs_x = 1, .ofs_y = -2},
    {.bitmap_index = 62556, .adv_w = 294, .box_w = 17, .box_h = 17, .ofs_x = 1, .ofs_y = -2},
    {.bitmap_index = 62593, .adv_w = 294, .box_w = 17, .box_h = 18, .ofs_x = 1, .ofs_y = -2},
    {.bitmap_index = 62632, .adv_w = 294, .box_w = 17, .box_h = 17, .ofs_x = 1, .ofs_y = -2},
    {.bitmap_index = 62669, .adv_w = 294, .box_w = 17, .box_h = 18, .ofs_x = 1, .ofs_y = -2},
    {.bitmap_index = 62708, .adv_w = 294, .box_w = 17, .box_h = 18, .ofs_x = 1, .ofs_y = -2},
    {.bitmap_index = 62747, .adv_w = 294, .box_w = 17, .box_h = 18, .ofs_x = 1, .ofs_y = -2},
    {.bitmap_index = 62786, .adv_w = 294, .box_w = 17, .box_h = 18, .ofs_x = 1, .ofs_y = -2},
    {.bitmap_index = 62825, .adv_w = 294, .box_w = 17, .box_h = 18, .ofs_x = 1, .ofs_y = -2},
    {.bitmap_index = 62864, .adv_w = 294, .box_w = 17, .box_h = 17, .ofs_x = 1, .ofs_y = -1},
    {.bitmap_index = 62901, .adv_w = 294, .box_w = 17, .box_h = 17, .ofs_x = 1, .ofs_y = -2},
    {.bitmap_index = 62938, .adv_w = 294, .box_w = 15, .box_h = 18, .ofs_x = 1, .ofs_y = -2},
    {.bitmap_index = 62972, .adv_w = 294, .box_w = 17, .box_h = 18, .ofs_x = 1, .ofs_y = -2},
    {.bitmap_index = 63011, .adv_w = 294, .box_w = 16, .box_h = 18, .ofs_x = 0, .ofs_y = -2},
    {.bitmap_index = 63047, .adv_w = 294, .box_w = 15, .box_h = 18, .ofs_x = 1, .ofs_y = -2},
    {.bitmap_index = 63081, .adv_w = 294, .box_w = 15, .box_h = 18, .ofs_x = 1, .ofs_y = -2},
    {.bitmap_index = 63115, .adv_w = 294, .box_w = 15, .box_h = 19, .ofs_x = 1, .ofs_y = -2},
    {.bitmap_index = 63151, .adv_w = 294, .box_w = 16, .box_h = 19, .ofs_x = 1, .ofs_y = -2},
    {.bitmap_index = 63189, .adv_w = 294, .box_w = 15, .box_h = 19, .ofs_x = 1, .ofs_y = -2},
    {.bitmap_index = 63225, .adv_w = 294, .box_w = 15, .box_h = 18, .ofs_x = 1, .ofs_y = -2},
    {.bitmap_index = 63259, .adv_w = 294, .box_w = 16, .box_h = 18, .ofs_x = 1, .ofs_y = -2},
    {.bitmap_index = 63295, .adv_w = 294, .box_w = 17, .box_h = 17, .ofs_x = 1, .ofs_y = -2},
    {.bitmap_index = 63332, .adv_w = 294, .box_w = 17, .box_h = 17, .ofs_x = 1, .ofs_y = -2},
    {.bitmap_index = 63369, .adv_w = 294, .box_w = 17, .box_h = 18, .ofs_x = 1, .ofs_y = -2},
    {.bitmap_index = 63408, .adv_w = 294, .box_w = 17, .box_h = 18, .ofs_x = 1, .ofs_y = -2},
    {.bitmap_index = 63447, .adv_w = 294, .box_w = 17, .box_h = 14, .ofs_x = 1, .ofs_y = 1},
    {.bitmap_index = 63477, .adv_w = 294, .box_w = 17, .box_h = 18, .ofs_x = 1, .ofs_y = -2},
    {.bitmap_index = 63516, .adv_w = 294, .box_w = 17, .box_h = 17, .ofs_x = 1, .ofs_y = -2},
    {.bitmap_index = 63553, .adv_w = 294, .box_w = 17, .box_h = 18, .ofs_x = 1, .ofs_y = -2},
    {.bitmap_index = 63592, .adv_w = 294, .box_w = 17, .box_h = 18, .ofs_x = 1, .ofs_y = -2},
    {.bitmap_index = 63631, .adv_w = 294, .box_w = 17, .box_h = 18, .ofs_x = 1, .ofs_y = -2},
    {.bitmap_index = 63670, .adv_w = 294, .box_w = 17, .box_h = 16, .ofs_x = 1, .ofs_y = -1},
    {.bitmap_index = 63704, .adv_w = 294, .box_w = 17, .box_h = 17, .ofs_x = 1, .ofs_y = -2},
    {.bitmap_index = 63741, .adv_w = 294, .box_w = 15, .box_h = 18, .ofs_x = 1, .ofs_y = -2},
    {.bitmap_index = 63775, .adv_w = 294, .box_w = 15, .box_h = 19, .ofs_x = 1, .ofs_y = -2},
    {.bitmap_index = 63811, .adv_w = 294, .box_w = 16, .box_h = 18, .ofs_x = 1, .ofs_y = -2},
    {.bitmap_index = 63847, .adv_w = 294, .box_w = 15, .box_h = 18, .ofs_x = 1, .ofs_y = -2},
    {.bitmap_index = 63881, .adv_w = 294, .box_w = 16, .box_h = 18, .ofs_x = 1, .ofs_y = -2},
    {.bitmap_index = 63917, .adv_w = 294, .box_w = 15, .box_h = 18, .ofs_x = 1, .ofs_y = -2},
    {.bitmap_index = 63951, .adv_w = 294, .box_w = 15, .box_h = 18, .ofs_x = 1, .ofs_y = -2},
    {.bitmap_index = 63985, .adv_w = 294, .box_w = 15, .box_h = 19, .ofs_x = 1, .ofs_y = -2},
    {.bitmap_index = 64021, .adv_w = 294, .box_w = 16, .box_h = 18, .ofs_x = 1, .ofs_y = -2},
    {.bitmap_index = 64057, .adv_w = 294, .box_w = 15, .box_h = 18, .ofs_x = 1, .ofs_y = -2},
    {.bitmap_index = 64091, .adv_w = 294, .box_w = 16, .box_h = 17, .ofs_x = 1, .ofs_y = -1},
    {.bitmap_index = 64125, .adv_w = 294, .box_w = 15, .box_h = 18, .ofs_x = 1, .ofs_y = -2},
    {.bitmap_index = 64159, .adv_w = 294, .box_w = 15, .box_h = 19, .ofs_x = 1, .ofs_y = -2},
    {.bitmap_index = 64195, .adv_w = 294, .box_w = 17, .box_h = 18, .ofs_x = 0, .ofs_y = -2},
    {.bitmap_index = 64234, .adv_w = 294, .box_w = 17, .box_h = 18, .ofs_x = 0, .ofs_y = -2},
    {.bitmap_index = 64273, .adv_w = 294, .box_w = 17, .box_h = 18, .ofs_x = 0, .ofs_y = -2},
    {.bitmap_index = 64312, .adv_w = 294, .box_w = 17, .box_h = 18, .ofs_x = 1, .ofs_y = -2},
    {.bitmap_index = 64351, .adv_w = 294, .box_w = 17, .box_h = 18, .ofs_x = 0, .ofs_y = -2},
    {.bitmap_index = 64390, .adv_w = 294, .box_w = 17, .box_h = 18, .ofs_x = 0, .ofs_y = -2},
    {.bitmap_index = 64429, .adv_w = 294, .box_w = 17, .box_h = 18, .ofs_x = 0, .ofs_y = -2},
    {.bitmap_index = 64468, .adv_w = 294, .box_w = 17, .box_h = 19, .ofs_x = 0, .ofs_y = -2},
    {.bitmap_index = 64509, .adv_w = 294, .box_w = 17, .box_h = 18, .ofs_x = 0, .ofs_y = -2},
    {.bitmap_index = 64548, .adv_w = 294, .box_w = 17, .box_h = 18, .ofs_x = 0, .ofs_y = -2},
    {.bitmap_index = 64587, .adv_w = 294, .box_w = 17, .box_h = 18, .ofs_x = 0, .ofs_y = -2},
    {.bitmap_index = 64626, .adv_w = 294, .box_w = 17, .box_h = 18, .ofs_x = 0, .ofs_y = -2},
    {.bitmap_index = 64665, .adv_w = 294, .box_w = 17, .box_h = 19, .ofs_x = 0, .ofs_y = -2},
    {.bitmap_index = 64706, .adv_w = 294, .box_w = 17, .box_h = 18, .ofs_x = 0, .ofs_y = -2},
    {.bitmap_index = 64745, .adv_w = 294, .box_w = 17, .box_h = 18, .ofs_x = 0, .ofs_y = -2},
    {.bitmap_index = 64784, .adv_w = 294, .box_w = 17, .box_h = 18, .ofs_x = 0, .ofs_y = -2},
    {.bitmap_index = 64823, .adv_w = 294, .box_w = 17, .box_h = 19, .ofs_x = 0, .ofs_y = -2},
    {.bitmap_index = 64864, .adv_w = 294, .box_w = 18, .box_h = 18, .ofs_x = 0, .ofs_y = -2},
    {.bitmap_index = 64905, .adv_w = 294, .box_w = 18, .box_h = 18, .ofs_x = 0, .ofs_y = -1},
    {.bitmap_index = 64946, .adv_w = 294, .box_w = 17, .box_h = 18, .ofs_x = 0, .ofs_y = -2},
    {.bitmap_index = 64985, .adv_w = 294, .box_w = 17, .box_h = 18, .ofs_x = 0, .ofs_y = -2},
    {.bitmap_index = 65024, .adv_w = 294, .box_w = 17, .box_h = 18, .ofs_x = 0, .ofs_y = -2},
    {.bitmap_index = 65063, .adv_w = 294, .box_w = 17, .box_h = 19, .ofs_x = 0, .ofs_y = -2},
    {.bitmap_index = 65104, .adv_w = 294, .box_w = 16, .box_h = 18, .ofs_x = 0, .ofs_y = -2},
    {.bitmap_index = 65140, .adv_w = 294, .box_w = 16, .box_h = 18, .ofs_x = 0, .ofs_y = -2},
    {.bitmap_index = 65176, .adv_w = 294, .box_w = 16, .box_h = 18, .ofs_x = 0, .ofs_y = -2},
    {.bitmap_index = 65212, .adv_w = 294, .box_w = 16, .box_h = 18, .ofs_x = 0, .ofs_y = -2},
    {.bitmap_index = 65248, .adv_w = 294, .box_w = 16, .box_h = 18, .ofs_x = 0, .ofs_y = -2},
    {.bitmap_index = 65284, .adv_w = 294, .box_w = 16, .box_h = 19, .ofs_x = 0, .ofs_y = -2},
    {.bitmap_index = 65322, .adv_w = 294, .box_w = 17, .box_h = 18, .ofs_x = 0, .ofs_y = -2},
    {.bitmap_index = 65361, .adv_w = 294, .box_w = 17, .box_h = 18, .ofs_x = 0, .ofs_y = -1},
    {.bitmap_index = 65400, .adv_w = 294, .box_w = 16, .box_h = 18, .ofs_x = 0, .ofs_y = -2},
    {.bitmap_index = 65436, .adv_w = 294, .box_w = 17, .box_h = 18, .ofs_x = 0, .ofs_y = -2},
    {.bitmap_index = 65475, .adv_w = 294, .box_w = 17, .box_h = 18, .ofs_x = 0, .ofs_y = -2},
    {.bitmap_index = 65514, .adv_w = 294, .box_w = 16, .box_h = 18, .ofs_x = 0, .ofs_y = -2},
    {.bitmap_index = 65550, .adv_w = 294, .box_w = 17, .box_h = 18, .ofs_x = 0, .ofs_y = -1},
    {.bitmap_index = 65589, .adv_w = 294, .box_w = 17, .box_h = 14, .ofs_x = 1, .ofs_y = 1},
    {.bitmap_index = 65619, .adv_w = 294, .box_w = 17, .box_h = 18, .ofs_x = 1, .ofs_y = -2},
    {.bitmap_index = 65658, .adv_w = 294, .box_w = 17, .box_h = 17, .ofs_x = 1, .ofs_y = -2},
    {.bitmap_index = 65695, .adv_w = 294, .box_w = 17, .box_h = 18, .ofs_x = 1, .ofs_y = -2},
    {.bitmap_index = 65734, .adv_w = 294, .box_w = 17, .box_h = 18, .ofs_x = 1, .ofs_y = -2},
    {.bitmap_index = 65773, .adv_w = 294, .box_w = 17, .box_h = 18, .ofs_x = 1, .ofs_y = -2},
    {.bitmap_index = 65812, .adv_w = 294, .box_w = 17, .box_h = 18, .ofs_x = 1, .ofs_y = -2},
    {.bitmap_index = 65851, .adv_w = 294, .box_w = 17, .box_h = 18, .ofs_x = 1, .ofs_y = -2},
    {.bitmap_index = 65890, .adv_w = 294, .box_w = 17, .box_h = 18, .ofs_x = 1, .ofs_y = -2},
    {.bitmap_index = 65929, .adv_w = 294, .box_w = 17, .box_h = 18, .ofs_x = 0, .ofs_y = -2},
    {.bitmap_index = 65968, .adv_w = 294, .box_w = 17, .box_h = 18, .ofs_x = 1, .ofs_y = -2},
    {.bitmap_index = 66007, .adv_w = 294, .box_w = 17, .box_h = 19, .ofs_x = 1, .ofs_y = -2},
    {.bitmap_index = 66048, .adv_w = 294, .box_w = 17, .box_h = 18, .ofs_x = 1, .ofs_y = -2},
    {.bitmap_index = 66087, .adv_w = 294, .box_w = 16, .box_h = 18, .ofs_x = 0, .ofs_y = -2},
    {.bitmap_index = 66123, .adv_w = 294, .box_w = 17, .box_h = 18, .ofs_x = 0, .ofs_y = -1},
    {.bitmap_index = 66162, .adv_w = 294, .box_w = 16, .box_h = 18, .ofs_x = 1, .ofs_y = -2},
    {.bitmap_index = 66198, .adv_w = 294, .box_w = 15, .box_h = 18, .ofs_x = 1, .ofs_y = -2},
    {.bitmap_index = 66232, .adv_w = 294, .box_w = 16, .box_h = 19, .ofs_x = 1, .ofs_y = -2},
    {.bitmap_index = 66270, .adv_w = 294, .box_w = 15, .box_h = 18, .ofs_x = 1, .ofs_y = -2},
    {.bitmap_index = 66304, .adv_w = 294, .box_w = 15, .box_h = 18, .ofs_x = 1, .ofs_y = -2},
    {.bitmap_index = 66338, .adv_w = 294, .box_w = 17, .box_h = 18, .ofs_x = 1, .ofs_y = -2},
    {.bitmap_index = 66377, .adv_w = 294, .box_w = 17, .box_h = 17, .ofs_x = 1, .ofs_y = -2},
    {.bitmap_index = 66414, .adv_w = 294, .box_w = 17, .box_h = 18, .ofs_x = 1, .ofs_y = -2},
    {.bitmap_index = 66453, .adv_w = 294, .box_w = 17, .box_h = 17, .ofs_x = 1, .ofs_y = -2},
    {.bitmap_index = 66490, .adv_w = 294, .box_w = 17, .box_h = 18, .ofs_x = 1, .ofs_y = -2},
    {.bitmap_index = 66529, .adv_w = 294, .box_w = 17, .box_h = 18, .ofs_x = 1, .ofs_y = -2},
    {.bitmap_index = 66568, .adv_w = 294, .box_w = 17, .box_h = 18, .ofs_x = 1, .ofs_y = -2},
    {.bitmap_index = 66607, .adv_w = 294, .box_w = 17, .box_h = 18, .ofs_x = 1, .ofs_y = -2},
    {.bitmap_index = 66646, .adv_w = 294, .box_w = 16, .box_h = 18, .ofs_x = 1, .ofs_y = -2},
    {.bitmap_index = 66682, .adv_w = 294, .box_w = 17, .box_h = 18, .ofs_x = 1, .ofs_y = -2},
    {.bitmap_index = 66721, .adv_w = 294, .box_w = 15, .box_h = 19, .ofs_x = 1, .ofs_y = -2},
    {.bitmap_index = 66757, .adv_w = 294, .box_w = 15, .box_h = 18, .ofs_x = 1, .ofs_y = -2},
    {.bitmap_index = 66791, .adv_w = 294, .box_w = 17, .box_h = 17, .ofs_x = 1, .ofs_y = -2},
    {.bitmap_index = 66828, .adv_w = 294, .box_w = 17, .box_h = 14, .ofs_x = 1, .ofs_y = 1},
    {.bitmap_index = 66858, .adv_w = 294, .box_w = 17, .box_h = 18, .ofs_x = 1, .ofs_y = -2},
    {.bitmap_index = 66897, .adv_w = 294, .box_w = 17, .box_h = 17, .ofs_x = 1, .ofs_y = -1},
    {.bitmap_index = 66934, .adv_w = 294, .box_w = 17, .box_h = 18, .ofs_x = 1, .ofs_y = -2},
    {.bitmap_index = 66973, .adv_w = 294, .box_w = 16, .box_h = 18, .ofs_x = 1, .ofs_y = -2},
    {.bitmap_index = 67009, .adv_w = 294, .box_w = 16, .box_h = 18, .ofs_x = 0, .ofs_y = -2},
    {.bitmap_index = 67045, .adv_w = 294, .box_w = 16, .box_h = 18, .ofs_x = 0, .ofs_y = -2},
    {.bitmap_index = 67081, .adv_w = 294, .box_w = 17, .box_h = 18, .ofs_x = 0, .ofs_y = -2},
    {.bitmap_index = 67120, .adv_w = 294, .box_w = 16, .box_h = 18, .ofs_x = 0, .ofs_y = -2},
    {.bitmap_index = 67156, .adv_w = 294, .box_w = 16, .box_h = 19, .ofs_x = 0, .ofs_y = -2},
    {.bitmap_index = 67194, .adv_w = 294, .box_w = 16, .box_h = 18, .ofs_x = 0, .ofs_y = -2},
    {.bitmap_index = 67230, .adv_w = 294, .box_w = 17, .box_h = 17, .ofs_x = 0, .ofs_y = -1},
    {.bitmap_index = 67267, .adv_w = 294, .box_w = 16, .box_h = 19, .ofs_x = 0, .ofs_y = -2},
    {.bitmap_index = 67305, .adv_w = 294, .box_w = 18, .box_h = 18, .ofs_x = 0, .ofs_y = -2},
    {.bitmap_index = 67346, .adv_w = 294, .box_w = 18, .box_h = 19, .ofs_x = 0, .ofs_y = -2},
    {.bitmap_index = 67389, .adv_w = 294, .box_w = 18, .box_h = 18, .ofs_x = 0, .ofs_y = -2},
    {.bitmap_index = 67430, .adv_w = 294, .box_w = 18, .box_h = 18, .ofs_x = 0, .ofs_y = -2},
    {.bitmap_index = 67471, .adv_w = 294, .box_w = 18, .box_h = 18, .ofs_x = 0, .ofs_y = -2},
    {.bitmap_index = 67512, .adv_w = 294, .box_w = 18, .box_h = 19, .ofs_x = 0, .ofs_y = -2},
    {.bitmap_index = 67555, .adv_w = 294, .box_w = 18, .box_h = 19, .ofs_x = 0, .ofs_y = -2},
    {.bitmap_index = 67598, .adv_w = 294, .box_w = 18, .box_h = 18, .ofs_x = 0, .ofs_y = -1},
    {.bitmap_index = 67639, .adv_w = 294, .box_w = 18, .box_h = 18, .ofs_x = 0, .ofs_y = -2},
    {.bitmap_index = 67680, .adv_w = 294, .box_w = 17, .box_h = 19, .ofs_x = 0, .ofs_y = -2},
    {.bitmap_index = 67721, .adv_w = 294, .box_w = 18, .box_h = 17, .ofs_x = 0, .ofs_y = -1},
    {.bitmap_index = 67760, .adv_w = 294, .box_w = 16, .box_h = 18, .ofs_x = 0, .ofs_y = -2},
    {.bitmap_index = 67796, .adv_w = 294, .box_w = 15, .box_h = 18, .ofs_x = 1, .ofs_y = -2},
    {.bitmap_index = 67830, .adv_w = 294, .box_w = 16, .box_h = 19, .ofs_x = 1, .ofs_y = -2},
    {.bitmap_index = 67868, .adv_w = 294, .box_w = 16, .box_h = 18, .ofs_x = 1, .ofs_y = -2},
    {.bitmap_index = 67904, .adv_w = 294, .box_w = 15, .box_h = 18, .ofs_x = 1, .ofs_y = -2},
    {.bitmap_index = 67938, .adv_w = 294, .box_w = 15, .box_h = 18, .ofs_x = 1, .ofs_y = -2},
    {.bitmap_index = 67972, .adv_w = 294, .box_w = 16, .box_h = 18, .ofs_x = 1, .ofs_y = -2},
    {.bitmap_index = 68008, .adv_w = 294, .box_w = 16, .box_h = 18, .ofs_x = 1, .ofs_y = -1},
    {.bitmap_index = 68044, .adv_w = 294, .box_w = 15, .box_h = 19, .ofs_x = 1, .ofs_y = -2},
    {.bitmap_index = 68080, .adv_w = 294, .box_w = 18, .box_h = 18, .ofs_x = 0, .ofs_y = -2},
    {.bitmap_index = 68121, .adv_w = 294, .box_w = 18, .box_h = 18, .ofs_x = 0, .ofs_y = -2},
    {.bitmap_index = 68162, .adv_w = 294, .box_w = 18, .box_h = 18, .ofs_x = 0, .ofs_y = -2},
    {.bitmap_index = 68203, .adv_w = 294, .box_w = 18, .box_h = 18, .ofs_x = 0, .ofs_y = -2},
    {.bitmap_index = 68244, .adv_w = 294, .box_w = 18, .box_h = 18, .ofs_x = 0, .ofs_y = -2},
    {.bitmap_index = 68285, .adv_w = 294, .box_w = 17, .box_h = 19, .ofs_x = 0, .ofs_y = -2},
    {.bitmap_index = 68326, .adv_w = 294, .box_w = 16, .box_h = 18, .ofs_x = 0, .ofs_y = -2},
    {.bitmap_index = 68362, .adv_w = 294, .box_w = 16, .box_h = 19, .ofs_x = 0, .ofs_y = -2},
    {.bitmap_index = 68400, .adv_w = 294, .box_w = 17, .box_h = 18, .ofs_x = 0, .ofs_y = -2},
    {.bitmap_index = 68439, .adv_w = 294, .box_w = 17, .box_h = 18, .ofs_x = 0, .ofs_y = -2},
    {.bitmap_index = 68478, .adv_w = 294, .box_w = 16, .box_h = 18, .ofs_x = 0, .ofs_y = -2},
    {.bitmap_index = 68514, .adv_w = 294, .box_w = 16, .box_h = 19, .ofs_x = 0, .ofs_y = -2},
    {.bitmap_index = 68552, .adv_w = 294, .box_w = 17, .box_h = 18, .ofs_x = 0, .ofs_y = -2},
    {.bitmap_index = 68591, .adv_w = 294, .box_w = 18, .box_h = 18, .ofs_x = 0, .ofs_y = -1},
    {.bitmap_index = 68632, .adv_w = 294, .box_w = 16, .box_h = 18, .ofs_x = 0, .ofs_y = -2},
    {.bitmap_index = 68668, .adv_w = 294, .box_w = 16, .box_h = 18, .ofs_x = 0, .ofs_y = -2},
    {.bitmap_index = 68704, .adv_w = 294, .box_w = 15, .box_h = 18, .ofs_x = 1, .ofs_y = -2},
    {.bitmap_index = 68738, .adv_w = 294, .box_w = 16, .box_h = 19, .ofs_x = 1, .ofs_y = -2},
    {.bitmap_index = 68776, .adv_w = 294, .box_w = 16, .box_h = 18, .ofs_x = 1, .ofs_y = -2},
    {.bitmap_index = 68812, .adv_w = 294, .box_w = 15, .box_h = 18, .ofs_x = 1, .ofs_y = -2},
    {.bitmap_index = 68846, .adv_w = 294, .box_w = 15, .box_h = 18, .ofs_x = 1, .ofs_y = -2},
    {.bitmap_index = 68880, .adv_w = 294, .box_w = 16, .box_h = 18, .ofs_x = 1, .ofs_y = -2},
    {.bitmap_index = 68916, .adv_w = 294, .box_w = 15, .box_h = 18, .ofs_x = 1, .ofs_y = -2},
    {.bitmap_index = 68950, .adv_w = 294, .box_w = 16, .box_h = 18, .ofs_x = 0, .ofs_y = -2},
    {.bitmap_index = 68986, .adv_w = 294, .box_w = 17, .box_h = 18, .ofs_x = 0, .ofs_y = -2},
    {.bitmap_index = 69025, .adv_w = 294, .box_w = 18, .box_h = 18, .ofs_x = 0, .ofs_y = -1},
    {.bitmap_index = 69066, .adv_w = 294, .box_w = 16, .box_h = 18, .ofs_x = 0, .ofs_y = -2},
    {.bitmap_index = 69102, .adv_w = 294, .box_w = 16, .box_h = 19, .ofs_x = 1, .ofs_y = -2},
    {.bitmap_index = 69140, .adv_w = 294, .box_w = 15, .box_h = 18, .ofs_x = 1, .ofs_y = -2},
    {.bitmap_index = 69174, .adv_w = 294, .box_w = 17, .box_h = 15, .ofs_x = 1, .ofs_y = 1},
    {.bitmap_index = 69206, .adv_w = 294, .box_w = 17, .box_h = 19, .ofs_x = 1, .ofs_y = -2},
    {.bitmap_index = 69247, .adv_w = 294, .box_w = 17, .box_h = 18, .ofs_x = 1, .ofs_y = -2},
    {.bitmap_index = 69286, .adv_w = 294, .box_w = 16, .box_h = 18, .ofs_x = 1, .ofs_y = -2},
    {.bitmap_index = 69322, .adv_w = 294, .box_w = 17, .box_h = 18, .ofs_x = 1, .ofs_y = -2},
    {.bitmap_index = 69361, .adv_w = 294, .box_w = 17, .box_h = 18, .ofs_x = 1, .ofs_y = -2},
    {.bitmap_index = 69400, .adv_w = 294, .box_w = 17, .box_h = 17, .ofs_x = 1, .ofs_y = -1},
    {.bitmap_index = 69437, .adv_w = 294, .box_w = 17, .box_h = 18, .ofs_x = 1, .ofs_y = -2},
    {.bitmap_index = 69476, .adv_w = 294, .box_w = 18, .box_h = 18, .ofs_x = 0, .ofs_y = -2},
    {.bitmap_index = 69517, .adv_w = 294, .box_w = 18, .box_h = 19, .ofs_x = 1, .ofs_y = -2},
    {.bitmap_index = 69560, .adv_w = 294, .box_w = 18, .box_h = 19, .ofs_x = 1, .ofs_y = -2},
    {.bitmap_index = 69603, .adv_w = 294, .box_w = 17, .box_h = 19, .ofs_x = 1, .ofs_y = -2},
    {.bitmap_index = 69644, .adv_w = 294, .box_w = 15, .box_h = 18, .ofs_x = 1, .ofs_y = -2},
    {.bitmap_index = 69678, .adv_w = 294, .box_w = 16, .box_h = 19, .ofs_x = 1, .ofs_y = -2},
    {.bitmap_index = 69716, .adv_w = 294, .box_w = 16, .box_h = 18, .ofs_x = 1, .ofs_y = -2},
    {.bitmap_index = 69752, .adv_w = 294, .box_w = 15, .box_h = 18, .ofs_x = 1, .ofs_y = -2},
    {.bitmap_index = 69786, .adv_w = 294, .box_w = 15, .box_h = 19, .ofs_x = 1, .ofs_y = -2},
    {.bitmap_index = 69822, .adv_w = 294, .box_w = 16, .box_h = 18, .ofs_x = 1, .ofs_y = -1},
    {.bitmap_index = 69858, .adv_w = 294, .box_w = 15, .box_h = 19, .ofs_x = 1, .ofs_y = -2},
    {.bitmap_index = 69894, .adv_w = 294, .box_w = 17, .box_h = 15, .ofs_x = 1, .ofs_y = 1},
    {.bitmap_index = 69926, .adv_w = 294, .box_w = 17, .box_h = 18, .ofs_x = 1, .ofs_y = -2},
    {.bitmap_index = 69965, .adv_w = 294, .box_w = 17, .box_h = 18, .ofs_x = 1, .ofs_y = -2},
    {.bitmap_index = 70004, .adv_w = 294, .box_w = 17, .box_h = 19, .ofs_x = 1, .ofs_y = -2},
    {.bitmap_index = 70045, .adv_w = 294, .box_w = 17, .box_h = 19, .ofs_x = 1, .ofs_y = -2},
    {.bitmap_index = 70086, .adv_w = 294, .box_w = 16, .box_h = 18, .ofs_x = 1, .ofs_y = -2},
    {.bitmap_index = 70122, .adv_w = 294, .box_w = 17, .box_h = 18, .ofs_x = 1, .ofs_y = -2},
    {.bitmap_index = 70161, .adv_w = 294, .box_w = 17, .box_h = 19, .ofs_x = 1, .ofs_y = -2},
    {.bitmap_index = 70202, .adv_w = 294, .box_w = 17, .box_h = 18, .ofs_x = 1, .ofs_y = -1},
    {.bitmap_index = 70241, .adv_w = 294, .box_w = 17, .box_h = 18, .ofs_x = 1, .ofs_y = -2},
    {.bitmap_index = 70280, .adv_w = 294, .box_w = 15, .box_h = 18, .ofs_x = 1, .ofs_y = -2},
    {.bitmap_index = 70314, .adv_w = 294, .box_w = 17, .box_h = 18, .ofs_x = 1, .ofs_y = -1},
    {.bitmap_index = 70353, .adv_w = 294, .box_w = 16, .box_h = 18, .ofs_x = 0, .ofs_y = -2},
    {.bitmap_index = 70389, .adv_w = 294, .box_w = 16, .box_h = 18, .ofs_x = 1, .ofs_y = -2},
    {.bitmap_index = 70425, .adv_w = 294, .box_w = 15, .box_h = 18, .ofs_x = 1, .ofs_y = -2},
    {.bitmap_index = 70459, .adv_w = 294, .box_w = 15, .box_h = 19, .ofs_x = 1, .ofs_y = -2},
    {.bitmap_index = 70495, .adv_w = 294, .box_w = 16, .box_h = 18, .ofs_x = 1, .ofs_y = -2},
    {.bitmap_index = 70531, .adv_w = 294, .box_w = 15, .box_h = 18, .ofs_x = 1, .ofs_y = -2},
    {.bitmap_index = 70565, .adv_w = 294, .box_w = 15, .box_h = 19, .ofs_x = 1, .ofs_y = -2},
    {.bitmap_index = 70601, .adv_w = 294, .box_w = 16, .box_h = 18, .ofs_x = 1, .ofs_y = -2},
    {.bitmap_index = 70637, .adv_w = 294, .box_w = 15, .box_h = 19, .ofs_x = 1, .ofs_y = -2},
    {.bitmap_index = 70673, .adv_w = 294, .box_w = 17, .box_h = 18, .ofs_x = 1, .ofs_y = -2},
    {.bitmap_index = 70712, .adv_w = 294, .box_w = 17, .box_h = 18, .ofs_x = 1, .ofs_y = -2},
    {.bitmap_index = 70751, .adv_w = 294, .box_w = 16, .box_h = 19, .ofs_x = 1, .ofs_y = -2},
    {.bitmap_index = 70789, .adv_w = 294, .box_w = 17, .box_h = 19, .ofs_x = 1, .ofs_y = -2},
    {.bitmap_index = 70830, .adv_w = 294, .box_w = 17, .box_h = 18, .ofs_x = 1, .ofs_y = -2},
    {.bitmap_index = 70869, .adv_w = 294, .box_w = 17, .box_h = 15, .ofs_x = 1, .ofs_y = 1},
    {.bitmap_index = 70901, .adv_w = 294, .box_w = 17, .box_h = 18, .ofs_x = 1, .ofs_y = -2},
    {.bitmap_index = 70940, .adv_w = 294, .box_w = 17, .box_h = 19, .ofs_x = 1, .ofs_y = -2},
    {.bitmap_index = 70981, .adv_w = 294, .box_w = 16, .box_h = 18, .ofs_x = 1, .ofs_y = -2},
    {.bitmap_index = 71017, .adv_w = 294, .box_w = 17, .box_h = 18, .ofs_x = 1, .ofs_y = -2},
    {.bitmap_index = 71056, .adv_w = 294, .box_w = 17, .box_h = 19, .ofs_x = 1, .ofs_y = -2},
    {.bitmap_index = 71097, .adv_w = 294, .box_w = 17, .box_h = 17, .ofs_x = 1, .ofs_y = -1},
    {.bitmap_index = 71134, .adv_w = 294, .box_w = 17, .box_h = 18, .ofs_x = 1, .ofs_y = -2},
    {.bitmap_index = 71173, .adv_w = 294, .box_w = 15, .box_h = 18, .ofs_x = 1, .ofs_y = -2},
    {.bitmap_index = 71207, .adv_w = 294, .box_w = 15, .box_h = 18, .ofs_x = 1, .ofs_y = -2},
    {.bitmap_index = 71241, .adv_w = 294, .box_w = 16, .box_h = 18, .ofs_x = 1, .ofs_y = -2},
    {.bitmap_index = 71277, .adv_w = 294, .box_w = 15, .box_h = 18, .ofs_x = 1, .ofs_y = -2},
    {.bitmap_index = 71311, .adv_w = 294, .box_w = 16, .box_h = 18, .ofs_x = 1, .ofs_y = -2},
    {.bitmap_index = 71347, .adv_w = 294, .box_w = 15, .box_h = 18, .ofs_x = 1, .ofs_y = -2},
    {.bitmap_index = 71381, .adv_w = 294, .box_w = 15, .box_h = 18, .ofs_x = 1, .ofs_y = -2},
    {.bitmap_index = 71415, .adv_w = 294, .box_w = 15, .box_h = 19, .ofs_x = 1, .ofs_y = -2},
    {.bitmap_index = 71451, .adv_w = 294, .box_w = 16, .box_h = 18, .ofs_x = 1, .ofs_y = -2},
    {.bitmap_index = 71487, .adv_w = 294, .box_w = 15, .box_h = 18, .ofs_x = 1, .ofs_y = -2},
    {.bitmap_index = 71521, .adv_w = 294, .box_w = 17, .box_h = 18, .ofs_x = 1, .ofs_y = -2},
    {.bitmap_index = 71560, .adv_w = 294, .box_w = 17, .box_h = 18, .ofs_x = 1, .ofs_y = -2},
    {.bitmap_index = 71599, .adv_w = 294, .box_w = 17, .box_h = 18, .ofs_x = 1, .ofs_y = -2},
    {.bitmap_index = 71638, .adv_w = 294, .box_w = 17, .box_h = 18, .ofs_x = 1, .ofs_y = -2},
    {.bitmap_index = 71677, .adv_w = 294, .box_w = 17, .box_h = 18, .ofs_x = 1, .ofs_y = -2},
    {.bitmap_index = 71716, .adv_w = 294, .box_w = 17, .box_h = 19, .ofs_x = 1, .ofs_y = -2},
    {.bitmap_index = 71757, .adv_w = 294, .box_w = 17, .box_h = 18, .ofs_x = 1, .ofs_y = -1},
    {.bitmap_index = 71796, .adv_w = 294, .box_w = 16, .box_h = 18, .ofs_x = 1, .ofs_y = -2},
    {.bitmap_index = 71832, .adv_w = 294, .box_w = 16, .box_h = 18, .ofs_x = 1, .ofs_y = -2},
    {.bitmap_index = 71868, .adv_w = 294, .box_w = 15, .box_h = 19, .ofs_x = 1, .ofs_y = -2},
    {.bitmap_index = 71904, .adv_w = 294, .box_w = 16, .box_h = 19, .ofs_x = 1, .ofs_y = -2},
    {.bitmap_index = 71942, .adv_w = 294, .box_w = 16, .box_h = 18, .ofs_x = 1, .ofs_y = -2},
    {.bitmap_index = 71978, .adv_w = 294, .box_w = 15, .box_h = 18, .ofs_x = 1, .ofs_y = -2},
    {.bitmap_index = 72012, .adv_w = 294, .box_w = 15, .box_h = 19, .ofs_x = 1, .ofs_y = -2},
    {.bitmap_index = 72048, .adv_w = 294, .box_w = 16, .box_h = 18, .ofs_x = 1, .ofs_y = -2},
    {.bitmap_index = 72084, .adv_w = 294, .box_w = 16, .box_h = 18, .ofs_x = 1, .ofs_y = -2},
    {.bitmap_index = 72120, .adv_w = 294, .box_w = 16, .box_h = 18, .ofs_x = 1, .ofs_y = -2},
    {.bitmap_index = 72156, .adv_w = 294, .box_w = 17, .box_h = 18, .ofs_x = 1, .ofs_y = -2},
    {.bitmap_index = 72195, .adv_w = 294, .box_w = 17, .box_h = 19, .ofs_x = 1, .ofs_y = -2},
    {.bitmap_index = 72236, .adv_w = 294, .box_w = 16, .box_h = 19, .ofs_x = 1, .ofs_y = -2},
    {.bitmap_index = 72274, .adv_w = 294, .box_w = 15, .box_h = 18, .ofs_x = 1, .ofs_y = -2},
    {.bitmap_index = 72308, .adv_w = 294, .box_w = 15, .box_h = 18, .ofs_x = 1, .ofs_y = -2},
    {.bitmap_index = 72342, .adv_w = 294, .box_w = 16, .box_h = 18, .ofs_x = 0, .ofs_y = -2},
    {.bitmap_index = 72378, .adv_w = 294, .box_w = 15, .box_h = 18, .ofs_x = 1, .ofs_y = -2},
    {.bitmap_index = 72412, .adv_w = 294, .box_w = 16, .box_h = 18, .ofs_x = 1, .ofs_y = -2},
    {.bitmap_index = 72448, .adv_w = 294, .box_w = 15, .box_h = 18, .ofs_x = 1, .ofs_y = -2},
    {.bitmap_index = 72482, .adv_w = 294, .box_w = 15, .box_h = 19, .ofs_x = 1, .ofs_y = -2},
    {.bitmap_index = 72518, .adv_w = 294, .box_w = 16, .box_h = 18, .ofs_x = 1, .ofs_y = -2},
    {.bitmap_index = 72554, .adv_w = 294, .box_w = 18, .box_h = 18, .ofs_x = 0, .ofs_y = -1},
    {.bitmap_index = 72595, .adv_w = 294, .box_w = 15, .box_h = 18, .ofs_x = 1, .ofs_y = -2},
    {.bitmap_index = 72629, .adv_w = 294, .box_w = 16, .box_h = 18, .ofs_x = 1, .ofs_y = -2},
    {.bitmap_index = 72665, .adv_w = 294, .box_w = 16, .box_h = 19, .ofs_x = 1, .ofs_y = -2},
    {.bitmap_index = 72703, .adv_w = 294, .box_w = 17, .box_h = 18, .ofs_x = 1, .ofs_y = -2},
    {.bitmap_index = 72742, .adv_w = 294, .box_w = 17, .box_h = 18, .ofs_x = 1, .ofs_y = -2},
    {.bitmap_index = 72781, .adv_w = 294, .box_w = 16, .box_h = 18, .ofs_x = 1, .ofs_y = -2},
    {.bitmap_index = 72817, .adv_w = 294, .box_w = 16, .box_h = 19, .ofs_x = 1, .ofs_y = -2},
    {.bitmap_index = 72855, .adv_w = 294, .box_w = 17, .box_h = 18, .ofs_x = 1, .ofs_y = -2},
    {.bitmap_index = 72894, .adv_w = 294, .box_w = 16, .box_h = 18, .ofs_x = 1, .ofs_y = -2},
    {.bitmap_index = 72930, .adv_w = 294, .box_w = 15, .box_h = 18, .ofs_x = 1, .ofs_y = -2},
    {.bitmap_index = 72964, .adv_w = 294, .box_w = 15, .box_h = 18, .ofs_x = 1, .ofs_y = -2},
    {.bitmap_index = 72998, .adv_w = 294, .box_w = 15, .box_h = 18, .ofs_x = 1, .ofs_y = -2},
    {.bitmap_index = 73032, .adv_w = 294, .box_w = 15, .box_h = 18, .ofs_x = 1, .ofs_y = -2},
    {.bitmap_index = 73066, .adv_w = 294, .box_w = 15, .box_h = 19, .ofs_x = 1, .ofs_y = -2},
    {.bitmap_index = 73102, .adv_w = 294, .box_w = 16, .box_h = 18, .ofs_x = 1, .ofs_y = -2},
    {.bitmap_index = 73138, .adv_w = 294, .box_w = 17, .box_h = 18, .ofs_x = 1, .ofs_y = -1},
    {.bitmap_index = 73177, .adv_w = 294, .box_w = 15, .box_h = 18, .ofs_x = 1, .ofs_y = -2},
    {.bitmap_index = 73211, .adv_w = 294, .box_w = 16, .box_h = 18, .ofs_x = 1, .ofs_y = -2},
    {.bitmap_index = 73247, .adv_w = 294, .box_w = 17, .box_h = 14, .ofs_x = 1, .ofs_y = 1},
    {.bitmap_index = 73277, .adv_w = 294, .box_w = 16, .box_h = 18, .ofs_x = 1, .ofs_y = -2},
    {.bitmap_index = 73313, .adv_w = 294, .box_w = 16, .box_h = 18, .ofs_x = 1, .ofs_y = -2},
    {.bitmap_index = 73349, .adv_w = 294, .box_w = 16, .box_h = 18, .ofs_x = 1, .ofs_y = -2},
    {.bitmap_index = 73385, .adv_w = 294, .box_w = 16, .box_h = 18, .ofs_x = 1, .ofs_y = -2},
    {.bitmap_index = 73421, .adv_w = 294, .box_w = 16, .box_h = 18, .ofs_x = 1, .ofs_y = -2},
    {.bitmap_index = 73457, .adv_w = 294, .box_w = 16, .box_h = 18, .ofs_x = 1, .ofs_y = -2},
    {.bitmap_index = 73493, .adv_w = 294, .box_w = 16, .box_h = 18, .ofs_x = 1, .ofs_y = -2},
    {.bitmap_index = 73529, .adv_w = 294, .box_w = 17, .box_h = 18, .ofs_x = 1, .ofs_y = -2},
    {.bitmap_index = 73568, .adv_w = 294, .box_w = 17, .box_h = 18, .ofs_x = 0, .ofs_y = -2},
    {.bitmap_index = 73607, .adv_w = 294, .box_w = 17, .box_h = 19, .ofs_x = 0, .ofs_y = -2},
    {.bitmap_index = 73648, .adv_w = 294, .box_w = 16, .box_h = 18, .ofs_x = 1, .ofs_y = -2},
    {.bitmap_index = 73684, .adv_w = 294, .box_w = 16, .box_h = 18, .ofs_x = 1, .ofs_y = -2},
    {.bitmap_index = 73720, .adv_w = 294, .box_w = 16, .box_h = 18, .ofs_x = 1, .ofs_y = -2},
    {.bitmap_index = 73756, .adv_w = 294, .box_w = 16, .box_h = 18, .ofs_x = 1, .ofs_y = -2},
    {.bitmap_index = 73792, .adv_w = 294, .box_w = 16, .box_h = 18, .ofs_x = 1, .ofs_y = -2},
    {.bitmap_index = 73828, .adv_w = 294, .box_w = 15, .box_h = 18, .ofs_x = 1, .ofs_y = -2},
    {.bitmap_index = 73862, .adv_w = 294, .box_w = 15, .box_h = 18, .ofs_x = 2, .ofs_y = -2},
    {.bitmap_index = 73896, .adv_w = 294, .box_w = 17, .box_h = 14, .ofs_x = 1, .ofs_y = 1},
    {.bitmap_index = 73926, .adv_w = 294, .box_w = 17, .box_h = 17, .ofs_x = 1, .ofs_y = -2},
    {.bitmap_index = 73963, .adv_w = 294, .box_w = 17, .box_h = 18, .ofs_x = 1, .ofs_y = -2},
    {.bitmap_index = 74002, .adv_w = 294, .box_w = 17, .box_h = 17, .ofs_x = 1, .ofs_y = -2},
    {.bitmap_index = 74039, .adv_w = 294, .box_w = 16, .box_h = 18, .ofs_x = 1, .ofs_y = -2},
    {.bitmap_index = 74075, .adv_w = 294, .box_w = 17, .box_h = 18, .ofs_x = 1, .ofs_y = -2},
    {.bitmap_index = 74114, .adv_w = 294, .box_w = 17, .box_h = 18, .ofs_x = 1, .ofs_y = -2},
    {.bitmap_index = 74153, .adv_w = 294, .box_w = 17, .box_h = 17, .ofs_x = 1, .ofs_y = -1},
    {.bitmap_index = 74190, .adv_w = 294, .box_w = 17, .box_h = 18, .ofs_x = 1, .ofs_y = -2},
    {.bitmap_index = 74229, .adv_w = 294, .box_w = 15, .box_h = 18, .ofs_x = 1, .ofs_y = -2},
    {.bitmap_index = 74263, .adv_w = 294, .box_w = 15, .box_h = 19, .ofs_x = 1, .ofs_y = -2},
    {.bitmap_index = 74299, .adv_w = 294, .box_w = 16, .box_h = 18, .ofs_x = 1, .ofs_y = -2},
    {.bitmap_index = 74335, .adv_w = 294, .box_w = 14, .box_h = 19, .ofs_x = 2, .ofs_y = -2},
    {.bitmap_index = 74369, .adv_w = 294, .box_w = 16, .box_h = 18, .ofs_x = 0, .ofs_y = -2},
    {.bitmap_index = 74405, .adv_w = 294, .box_w = 17, .box_h = 18, .ofs_x = 0, .ofs_y = -2},
    {.bitmap_index = 74444, .adv_w = 294, .box_w = 15, .box_h = 18, .ofs_x = 1, .ofs_y = -2},
    {.bitmap_index = 74478, .adv_w = 294, .box_w = 15, .box_h = 18, .ofs_x = 1, .ofs_y = -2},
    {.bitmap_index = 74512, .adv_w = 294, .box_w = 15, .box_h = 19, .ofs_x = 1, .ofs_y = -2},
    {.bitmap_index = 74548, .adv_w = 294, .box_w = 16, .box_h = 18, .ofs_x = 1, .ofs_y = -2},
    {.bitmap_index = 74584, .adv_w = 294, .box_w = 15, .box_h = 19, .ofs_x = 1, .ofs_y = -2},
    {.bitmap_index = 74620, .adv_w = 294, .box_w = 15, .box_h = 18, .ofs_x = 1, .ofs_y = -2},
    {.bitmap_index = 74654, .adv_w = 294, .box_w = 15, .box_h = 18, .ofs_x = 2, .ofs_y = -1},
    {.bitmap_index = 74688, .adv_w = 294, .box_w = 15, .box_h = 18, .ofs_x = 1, .ofs_y = -2},
    {.bitmap_index = 74722, .adv_w = 294, .box_w = 17, .box_h = 17, .ofs_x = 1, .ofs_y = -2},
    {.bitmap_index = 74759, .adv_w = 294, .box_w = 17, .box_h = 17, .ofs_x = 1, .ofs_y = -2},
    {.bitmap_index = 74796, .adv_w = 294, .box_w = 16, .box_h = 18, .ofs_x = 1, .ofs_y = -2},
    {.bitmap_index = 74832, .adv_w = 294, .box_w = 17, .box_h = 18, .ofs_x = 1, .ofs_y = -2},
    {.bitmap_index = 74871, .adv_w = 294, .box_w = 17, .box_h = 14, .ofs_x = 1, .ofs_y = 1},
    {.bitmap_index = 74901, .adv_w = 294, .box_w = 17, .box_h = 18, .ofs_x = 1, .ofs_y = -2},
    {.bitmap_index = 74940, .adv_w = 294, .box_w = 17, .box_h = 17, .ofs_x = 1, .ofs_y = -2},
    {.bitmap_index = 74977, .adv_w = 294, .box_w = 16, .box_h = 18, .ofs_x = 1, .ofs_y = -2},
    {.bitmap_index = 75013, .adv_w = 294, .box_w = 17, .box_h = 18, .ofs_x = 1, .ofs_y = -2},
    {.bitmap_index = 75052, .adv_w = 294, .box_w = 17, .box_h = 18, .ofs_x = 1, .ofs_y = -2},
    {.bitmap_index = 75091, .adv_w = 294, .box_w = 17, .box_h = 17, .ofs_x = 1, .ofs_y = -2},
    {.bitmap_index = 75128, .adv_w = 294, .box_w = 14, .box_h = 18, .ofs_x = 2, .ofs_y = -2},
    {.bitmap_index = 75160, .adv_w = 294, .box_w = 15, .box_h = 19, .ofs_x = 1, .ofs_y = -2},
    {.bitmap_index = 75196, .adv_w = 294, .box_w = 16, .box_h = 18, .ofs_x = 1, .ofs_y = -2},
    {.bitmap_index = 75232, .adv_w = 294, .box_w = 16, .box_h = 18, .ofs_x = 1, .ofs_y = -2},
    {.bitmap_index = 75268, .adv_w = 294, .box_w = 15, .box_h = 18, .ofs_x = 1, .ofs_y = -2},
    {.bitmap_index = 75302, .adv_w = 294, .box_w = 15, .box_h = 19, .ofs_x = 1, .ofs_y = -2},
    {.bitmap_index = 75338, .adv_w = 294, .box_w = 16, .box_h = 18, .ofs_x = 1, .ofs_y = -2},
    {.bitmap_index = 75374, .adv_w = 294, .box_w = 15, .box_h = 18, .ofs_x = 1, .ofs_y = -2},
    {.bitmap_index = 75408, .adv_w = 294, .box_w = 16, .box_h = 18, .ofs_x = 2, .ofs_y = -2},
    {.bitmap_index = 75444, .adv_w = 294, .box_w = 16, .box_h = 19, .ofs_x = 2, .ofs_y = -2},
    {.bitmap_index = 75482, .adv_w = 294, .box_w = 16, .box_h = 18, .ofs_x = 2, .ofs_y = -2},
    {.bitmap_index = 75518, .adv_w = 294, .box_w = 16, .box_h = 18, .ofs_x = 2, .ofs_y = -2},
    {.bitmap_index = 75554, .adv_w = 294, .box_w = 16, .box_h = 18, .ofs_x = 2, .ofs_y = -2},
    {.bitmap_index = 75590, .adv_w = 294, .box_w = 16, .box_h = 18, .ofs_x = 2, .ofs_y = -2},
    {.bitmap_index = 75626, .adv_w = 294, .box_w = 16, .box_h = 19, .ofs_x = 2, .ofs_y = -2},
    {.bitmap_index = 75664, .adv_w = 294, .box_w = 16, .box_h = 18, .ofs_x = 2, .ofs_y = -2},
    {.bitmap_index = 75700, .adv_w = 294, .box_w = 16, .box_h = 18, .ofs_x = 2, .ofs_y = -2},
    {.bitmap_index = 75736, .adv_w = 294, .box_w = 16, .box_h = 18, .ofs_x = 2, .ofs_y = -2},
    {.bitmap_index = 75772, .adv_w = 294, .box_w = 15, .box_h = 18, .ofs_x = 2, .ofs_y = -2},
    {.bitmap_index = 75806, .adv_w = 294, .box_w = 15, .box_h = 19, .ofs_x = 2, .ofs_y = -2},
    {.bitmap_index = 75842, .adv_w = 294, .box_w = 15, .box_h = 18, .ofs_x = 2, .ofs_y = -2},
    {.bitmap_index = 75876, .adv_w = 294, .box_w = 15, .box_h = 18, .ofs_x = 2, .ofs_y = -2},
    {.bitmap_index = 75910, .adv_w = 294, .box_w = 15, .box_h = 18, .ofs_x = 2, .ofs_y = -2},
    {.bitmap_index = 75944, .adv_w = 294, .box_w = 15, .box_h = 18, .ofs_x = 2, .ofs_y = -2},
    {.bitmap_index = 75978, .adv_w = 294, .box_w = 16, .box_h = 18, .ofs_x = 2, .ofs_y = -2},
    {.bitmap_index = 76014, .adv_w = 294, .box_w = 16, .box_h = 18, .ofs_x = 2, .ofs_y = -1},
    {.bitmap_index = 76050, .adv_w = 294, .box_w = 15, .box_h = 18, .ofs_x = 2, .ofs_y = -2},
    {.bitmap_index = 76084, .adv_w = 294, .box_w = 16, .box_h = 18, .ofs_x = 2, .ofs_y = -2},
    {.bitmap_index = 76120, .adv_w = 294, .box_w = 16, .box_h = 18, .ofs_x = 2, .ofs_y = -2},
    {.bitmap_index = 76156, .adv_w = 294, .box_w = 14, .box_h = 18, .ofs_x = 2, .ofs_y = -2},
    {.bitmap_index = 76188, .adv_w = 294, .box_w = 14, .box_h = 18, .ofs_x = 2, .ofs_y = -2},
    {.bitmap_index = 76220, .adv_w = 294, .box_w = 15, .box_h = 18, .ofs_x = 2, .ofs_y = -2},
    {.bitmap_index = 76254, .adv_w = 294, .box_w = 15, .box_h = 18, .ofs_x = 2, .ofs_y = -2},
    {.bitmap_index = 76288, .adv_w = 294, .box_w = 14, .box_h = 18, .ofs_x = 2, .ofs_y = -2},
    {.bitmap_index = 76320, .adv_w = 294, .box_w = 14, .box_h = 18, .ofs_x = 2, .ofs_y = -2},
    {.bitmap_index = 76352, .adv_w = 294, .box_w = 14, .box_h = 18, .ofs_x = 2, .ofs_y = -2},
    {.bitmap_index = 76384, .adv_w = 294, .box_w = 15, .box_h = 18, .ofs_x = 2, .ofs_y = -2},
    {.bitmap_index = 76418, .adv_w = 294, .box_w = 16, .box_h = 18, .ofs_x = 2, .ofs_y = -1},
    {.bitmap_index = 76454, .adv_w = 294, .box_w = 14, .box_h = 18, .ofs_x = 2, .ofs_y = -2},
    {.bitmap_index = 76486, .adv_w = 294, .box_w = 15, .box_h = 18, .ofs_x = 2, .ofs_y = -2},
    {.bitmap_index = 76520, .adv_w = 294, .box_w = 15, .box_h = 18, .ofs_x = 2, .ofs_y = -2},
    {.bitmap_index = 76554, .adv_w = 294, .box_w = 15, .box_h = 18, .ofs_x = 2, .ofs_y = -2},
    {.bitmap_index = 76588, .adv_w = 294, .box_w = 15, .box_h = 18, .ofs_x = 2, .ofs_y = -2},
    {.bitmap_index = 76622, .adv_w = 294, .box_w = 15, .box_h = 18, .ofs_x = 2, .ofs_y = -2},
    {.bitmap_index = 76656, .adv_w = 294, .box_w = 15, .box_h = 18, .ofs_x = 2, .ofs_y = -2},
    {.bitmap_index = 76690, .adv_w = 294, .box_w = 16, .box_h = 18, .ofs_x = 2, .ofs_y = -2},
    {.bitmap_index = 76726, .adv_w = 294, .box_w = 15, .box_h = 18, .ofs_x = 2, .ofs_y = -2},
    {.bitmap_index = 76760, .adv_w = 294, .box_w = 14, .box_h = 18, .ofs_x = 2, .ofs_y = -2},
    {.bitmap_index = 76792, .adv_w = 294, .box_w = 15, .box_h = 18, .ofs_x = 2, .ofs_y = -2},
    {.bitmap_index = 76826, .adv_w = 294, .box_w = 16, .box_h = 18, .ofs_x = 2, .ofs_y = -1},
    {.bitmap_index = 76862, .adv_w = 294, .box_w = 15, .box_h = 18, .ofs_x = 2, .ofs_y = -2},
    {.bitmap_index = 76896, .adv_w = 294, .box_w = 15, .box_h = 19, .ofs_x = 2, .ofs_y = -2},
    {.bitmap_index = 76932, .adv_w = 294, .box_w = 17, .box_h = 14, .ofs_x = 1, .ofs_y = 1},
    {.bitmap_index = 76962, .adv_w = 294, .box_w = 17, .box_h = 18, .ofs_x = 1, .ofs_y = -2},
    {.bitmap_index = 77001, .adv_w = 294, .box_w = 17, .box_h = 18, .ofs_x = 1, .ofs_y = -2},
    {.bitmap_index = 77040, .adv_w = 294, .box_w = 16, .box_h = 18, .ofs_x = 1, .ofs_y = -2},
    {.bitmap_index = 77076, .adv_w = 294, .box_w = 17, .box_h = 18, .ofs_x = 1, .ofs_y = -2},
    {.bitmap_index = 77115, .adv_w = 294, .box_w = 17, .box_h = 18, .ofs_x = 1, .ofs_y = -2},
    {.bitmap_index = 77154, .adv_w = 294, .box_w = 17, .box_h = 17, .ofs_x = 1, .ofs_y = -1},
    {.bitmap_index = 77191, .adv_w = 294, .box_w = 17, .box_h = 18, .ofs_x = 1, .ofs_y = -2},
    {.bitmap_index = 77230, .adv_w = 294, .box_w = 17, .box_h = 18, .ofs_x = 1, .ofs_y = -2},
    {.bitmap_index = 77269, .adv_w = 294, .box_w = 17, .box_h = 18, .ofs_x = 1, .ofs_y = -2},
    {.bitmap_index = 77308, .adv_w = 294, .box_w = 17, .box_h = 18, .ofs_x = 1, .ofs_y = -2},
    {.bitmap_index = 77347, .adv_w = 294, .box_w = 16, .box_h = 18, .ofs_x = 1, .ofs_y = -2},
    {.bitmap_index = 77383, .adv_w = 294, .box_w = 15, .box_h = 18, .ofs_x = 1, .ofs_y = -2},
    {.bitmap_index = 77417, .adv_w = 294, .box_w = 16, .box_h = 19, .ofs_x = 1, .ofs_y = -2},
    {.bitmap_index = 77455, .adv_w = 294, .box_w = 16, .box_h = 18, .ofs_x = 1, .ofs_y = -2},
    {.bitmap_index = 77491, .adv_w = 294, .box_w = 15, .box_h = 19, .ofs_x = 1, .ofs_y = -2},
    {.bitmap_index = 77527, .adv_w = 294, .box_w = 17, .box_h = 14, .ofs_x = 1, .ofs_y = 1},
    {.bitmap_index = 77557, .adv_w = 294, .box_w = 17, .box_h = 18, .ofs_x = 1, .ofs_y = -2},
    {.bitmap_index = 77596, .adv_w = 294, .box_w = 17, .box_h = 18, .ofs_x = 1, .ofs_y = -2},
    {.bitmap_index = 77635, .adv_w = 294, .box_w = 17, .box_h = 18, .ofs_x = 1, .ofs_y = -2},
    {.bitmap_index = 77674, .adv_w = 294, .box_w = 16, .box_h = 18, .ofs_x = 1, .ofs_y = -2},
    {.bitmap_index = 77710, .adv_w = 294, .box_w = 17, .box_h = 18, .ofs_x = 1, .ofs_y = -2},
    {.bitmap_index = 77749, .adv_w = 294, .box_w = 17, .box_h = 18, .ofs_x = 1, .ofs_y = -2},
    {.bitmap_index = 77788, .adv_w = 294, .box_w = 17, .box_h = 17, .ofs_x = 1, .ofs_y = -1},
    {.bitmap_index = 77825, .adv_w = 294, .box_w = 17, .box_h = 18, .ofs_x = 1, .ofs_y = -2},
    {.bitmap_index = 77864, .adv_w = 294, .box_w = 15, .box_h = 18, .ofs_x = 1, .ofs_y = -2},
    {.bitmap_index = 77898, .adv_w = 294, .box_w = 17, .box_h = 18, .ofs_x = 1, .ofs_y = -1},
    {.bitmap_index = 77937, .adv_w = 294, .box_w = 16, .box_h = 18, .ofs_x = 1, .ofs_y = -2},
    {.bitmap_index = 77973, .adv_w = 294, .box_w = 16, .box_h = 18, .ofs_x = 0, .ofs_y = -2},
    {.bitmap_index = 78009, .adv_w = 294, .box_w = 15, .box_h = 19, .ofs_x = 1, .ofs_y = -2},
    {.bitmap_index = 78045, .adv_w = 294, .box_w = 16, .box_h = 19, .ofs_x = 1, .ofs_y = -2},
    {.bitmap_index = 78083, .adv_w = 294, .box_w = 16, .box_h = 19, .ofs_x = 1, .ofs_y = -2},
    {.bitmap_index = 78121, .adv_w = 294, .box_w = 15, .box_h = 18, .ofs_x = 1, .ofs_y = -2},
    {.bitmap_index = 78155, .adv_w = 294, .box_w = 15, .box_h = 19, .ofs_x = 1, .ofs_y = -2},
    {.bitmap_index = 78191, .adv_w = 294, .box_w = 15, .box_h = 19, .ofs_x = 1, .ofs_y = -2},
    {.bitmap_index = 78227, .adv_w = 294, .box_w = 17, .box_h = 17, .ofs_x = 1, .ofs_y = -2},
    {.bitmap_index = 78264, .adv_w = 294, .box_w = 17, .box_h = 18, .ofs_x = 1, .ofs_y = -2},
    {.bitmap_index = 78303, .adv_w = 294, .box_w = 16, .box_h = 18, .ofs_x = 1, .ofs_y = -2},
    {.bitmap_index = 78339, .adv_w = 294, .box_w = 17, .box_h = 18, .ofs_x = 1, .ofs_y = -2},
    {.bitmap_index = 78378, .adv_w = 294, .box_w = 17, .box_h = 18, .ofs_x = 1, .ofs_y = -2},
    {.bitmap_index = 78417, .adv_w = 294, .box_w = 17, .box_h = 14, .ofs_x = 1, .ofs_y = 1},
    {.bitmap_index = 78447, .adv_w = 294, .box_w = 17, .box_h = 18, .ofs_x = 1, .ofs_y = -2},
    {.bitmap_index = 78486, .adv_w = 294, .box_w = 17, .box_h = 18, .ofs_x = 1, .ofs_y = -2},
    {.bitmap_index = 78525, .adv_w = 294, .box_w = 17, .box_h = 18, .ofs_x = 1, .ofs_y = -2},
    {.bitmap_index = 78564, .adv_w = 294, .box_w = 16, .box_h = 18, .ofs_x = 1, .ofs_y = -2},
    {.bitmap_index = 78600, .adv_w = 294, .box_w = 16, .box_h = 18, .ofs_x = 1, .ofs_y = -2},
    {.bitmap_index = 78636, .adv_w = 294, .box_w = 17, .box_h = 18, .ofs_x = 1, .ofs_y = -2},
    {.bitmap_index = 78675, .adv_w = 294, .box_w = 17, .box_h = 18, .ofs_x = 1, .ofs_y = -2},
    {.bitmap_index = 78714, .adv_w = 294, .box_w = 17, .box_h = 17, .ofs_x = 1, .ofs_y = -1},
    {.bitmap_index = 78751, .adv_w = 294, .box_w = 15, .box_h = 18, .ofs_x = 1, .ofs_y = -2},
    {.bitmap_index = 78785, .adv_w = 294, .box_w = 16, .box_h = 19, .ofs_x = 1, .ofs_y = -2},
    {.bitmap_index = 78823, .adv_w = 294, .box_w = 16, .box_h = 18, .ofs_x = 1, .ofs_y = -2},
    {.bitmap_index = 78859, .adv_w = 294, .box_w = 15, .box_h = 18, .ofs_x = 1, .ofs_y = -2},
    {.bitmap_index = 78893, .adv_w = 294, .box_w = 15, .box_h = 19, .ofs_x = 1, .ofs_y = -2},
    {.bitmap_index = 78929, .adv_w = 294, .box_w = 14, .box_h = 18, .ofs_x = 2, .ofs_y = -2},
    {.bitmap_index = 78961, .adv_w = 294, .box_w = 14, .box_h = 19, .ofs_x = 2, .ofs_y = -2},
    {.bitmap_index = 78995, .adv_w = 294, .box_w = 15, .box_h = 18, .ofs_x = 2, .ofs_y = -2},
    {.bitmap_index = 79029, .adv_w = 294, .box_w = 15, .box_h = 18, .ofs_x = 2, .ofs_y = -2},
    {.bitmap_index = 79063, .adv_w = 294, .box_w = 14, .box_h = 18, .ofs_x = 2, .ofs_y = -2},
    {.bitmap_index = 79095, .adv_w = 294, .box_w = 14, .box_h = 19, .ofs_x = 2, .ofs_y = -2},
    {.bitmap_index = 79129, .adv_w = 294, .box_w = 15, .box_h = 18, .ofs_x = 2, .ofs_y = -2},
    {.bitmap_index = 79163, .adv_w = 294, .box_w = 14, .box_h = 18, .ofs_x = 2, .ofs_y = -2},
    {.bitmap_index = 79195, .adv_w = 294, .box_w = 17, .box_h = 18, .ofs_x = 1, .ofs_y = -2},
    {.bitmap_index = 79234, .adv_w = 294, .box_w = 17, .box_h = 19, .ofs_x = 1, .ofs_y = -2},
    {.bitmap_index = 79275, .adv_w = 294, .box_w = 17, .box_h = 18, .ofs_x = 1, .ofs_y = -2},
    {.bitmap_index = 79314, .adv_w = 294, .box_w = 17, .box_h = 18, .ofs_x = 1, .ofs_y = -2},
    {.bitmap_index = 79353, .adv_w = 294, .box_w = 17, .box_h = 18, .ofs_x = 1, .ofs_y = -2},
    {.bitmap_index = 79392, .adv_w = 294, .box_w = 17, .box_h = 18, .ofs_x = 1, .ofs_y = -2},
    {.bitmap_index = 79431, .adv_w = 294, .box_w = 17, .box_h = 18, .ofs_x = 1, .ofs_y = -2},
    {.bitmap_index = 79470, .adv_w = 294, .box_w = 17, .box_h = 19, .ofs_x = 1, .ofs_y = -2},
    {.bitmap_index = 79511, .adv_w = 294, .box_w = 17, .box_h = 18, .ofs_x = 1, .ofs_y = -2},
    {.bitmap_index = 79550, .adv_w = 294, .box_w = 17, .box_h = 18, .ofs_x = 1, .ofs_y = -2},
    {.bitmap_index = 79589, .adv_w = 294, .box_w = 16, .box_h = 18, .ofs_x = 1, .ofs_y = -2},
    {.bitmap_index = 79625, .adv_w = 294, .box_w = 17, .box_h = 18, .ofs_x = 1, .ofs_y = -2},
    {.bitmap_index = 79664, .adv_w = 294, .box_w = 15, .box_h = 18, .ofs_x = 1, .ofs_y = -2},
    {.bitmap_index = 79698, .adv_w = 294, .box_w = 15, .box_h = 19, .ofs_x = 1, .ofs_y = -2},
    {.bitmap_index = 79734, .adv_w = 294, .box_w = 16, .box_h = 19, .ofs_x = 1, .ofs_y = -2},
    {.bitmap_index = 79772, .adv_w = 294, .box_w = 16, .box_h = 18, .ofs_x = 1, .ofs_y = -2},
    {.bitmap_index = 79808, .adv_w = 294, .box_w = 15, .box_h = 18, .ofs_x = 1, .ofs_y = -2},
    {.bitmap_index = 79842, .adv_w = 294, .box_w = 15, .box_h = 18, .ofs_x = 1, .ofs_y = -2},
    {.bitmap_index = 79876, .adv_w = 294, .box_w = 16, .box_h = 18, .ofs_x = 1, .ofs_y = -2},
    {.bitmap_index = 79912, .adv_w = 294, .box_w = 16, .box_h = 18, .ofs_x = 1, .ofs_y = -2},
    {.bitmap_index = 79948, .adv_w = 294, .box_w = 15, .box_h = 18, .ofs_x = 1, .ofs_y = -2},
    {.bitmap_index = 79982, .adv_w = 294, .box_w = 17, .box_h = 18, .ofs_x = 1, .ofs_y = -2},
    {.bitmap_index = 80021, .adv_w = 294, .box_w = 17, .box_h = 19, .ofs_x = 1, .ofs_y = -2},
    {.bitmap_index = 80062, .adv_w = 294, .box_w = 16, .box_h = 18, .ofs_x = 0, .ofs_y = -2},
    {.bitmap_index = 80098, .adv_w = 294, .box_w = 15, .box_h = 19, .ofs_x = 1, .ofs_y = -2},
    {.bitmap_index = 80134, .adv_w = 294, .box_w = 16, .box_h = 18, .ofs_x = 1, .ofs_y = -2},
    {.bitmap_index = 80170, .adv_w = 294, .box_w = 16, .box_h = 18, .ofs_x = 1, .ofs_y = -2},
    {.bitmap_index = 80206, .adv_w = 294, .box_w = 15, .box_h = 18, .ofs_x = 1, .ofs_y = -2},
    {.bitmap_index = 80240, .adv_w = 294, .box_w = 15, .box_h = 19, .ofs_x = 1, .ofs_y = -2},
    {.bitmap_index = 80276, .adv_w = 294, .box_w = 16, .box_h = 18, .ofs_x = 1, .ofs_y = -2},
    {.bitmap_index = 80312, .adv_w = 294, .box_w = 17, .box_h = 18, .ofs_x = 1, .ofs_y = -1},
    {.bitmap_index = 80351, .adv_w = 294, .box_w = 15, .box_h = 18, .ofs_x = 1, .ofs_y = -2},
    {.bitmap_index = 80385, .adv_w = 294, .box_w = 15, .box_h = 18, .ofs_x = 1, .ofs_y = -2},
    {.bitmap_index = 80419, .adv_w = 294, .box_w = 15, .box_h = 19, .ofs_x = 1, .ofs_y = -2},
    {.bitmap_index = 80455, .adv_w = 294, .box_w = 16, .box_h = 18, .ofs_x = 1, .ofs_y = -2},
    {.bitmap_index = 80491, .adv_w = 294, .box_w = 16, .box_h = 18, .ofs_x = 1, .ofs_y = -2},
    {.bitmap_index = 80527, .adv_w = 294, .box_w = 15, .box_h = 18, .ofs_x = 1, .ofs_y = -2},
    {.bitmap_index = 80561, .adv_w = 294, .box_w = 15, .box_h = 18, .ofs_x = 1, .ofs_y = -2},
    {.bitmap_index = 80595, .adv_w = 294, .box_w = 16, .box_h = 18, .ofs_x = 1, .ofs_y = -2},
    {.bitmap_index = 80631, .adv_w = 294, .box_w = 15, .box_h = 19, .ofs_x = 1, .ofs_y = -2},
    {.bitmap_index = 80667, .adv_w = 294, .box_w = 16, .box_h = 18, .ofs_x = 0, .ofs_y = -2},
    {.bitmap_index = 80703, .adv_w = 294, .box_w = 16, .box_h = 18, .ofs_x = 1, .ofs_y = -2},
    {.bitmap_index = 80739, .adv_w = 294, .box_w = 16, .box_h = 18, .ofs_x = 1, .ofs_y = -2},
    {.bitmap_index = 80775, .adv_w = 294, .box_w = 15, .box_h = 18, .ofs_x = 1, .ofs_y = -2},
    {.bitmap_index = 80809, .adv_w = 294, .box_w = 15, .box_h = 19, .ofs_x = 1, .ofs_y = -2},
    {.bitmap_index = 80845, .adv_w = 294, .box_w = 17, .box_h = 18, .ofs_x = 1, .ofs_y = -1},
    {.bitmap_index = 80884, .adv_w = 294, .box_w = 15, .box_h = 18, .ofs_x = 1, .ofs_y = -2},
    {.bitmap_index = 80918, .adv_w = 294, .box_w = 15, .box_h = 18, .ofs_x = 1, .ofs_y = -2},
    {.bitmap_index = 80952, .adv_w = 294, .box_w = 16, .box_h = 19, .ofs_x = 1, .ofs_y = -2},
    {.bitmap_index = 80990, .adv_w = 294, .box_w = 15, .box_h = 18, .ofs_x = 1, .ofs_y = -2},
    {.bitmap_index = 81024, .adv_w = 294, .box_w = 16, .box_h = 18, .ofs_x = 1, .ofs_y = -2},
    {.bitmap_index = 81060, .adv_w = 294, .box_w = 17, .box_h = 14, .ofs_x = 1, .ofs_y = 1},
    {.bitmap_index = 81090, .adv_w = 294, .box_w = 17, .box_h = 18, .ofs_x = 1, .ofs_y = -2},
    {.bitmap_index = 81129, .adv_w = 294, .box_w = 17, .box_h = 18, .ofs_x = 1, .ofs_y = -2},
    {.bitmap_index = 81168, .adv_w = 294, .box_w = 17, .box_h = 18, .ofs_x = 1, .ofs_y = -2},
    {.bitmap_index = 81207, .adv_w = 294, .box_w = 17, .box_h = 18, .ofs_x = 1, .ofs_y = -2},
    {.bitmap_index = 81246, .adv_w = 294, .box_w = 17, .box_h = 18, .ofs_x = 1, .ofs_y = -2},
    {.bitmap_index = 81285, .adv_w = 294, .box_w = 17, .box_h = 17, .ofs_x = 1, .ofs_y = -1},
    {.bitmap_index = 81322, .adv_w = 294, .box_w = 17, .box_h = 18, .ofs_x = 1, .ofs_y = -2},
    {.bitmap_index = 81361, .adv_w = 294, .box_w = 18, .box_h = 18, .ofs_x = 0, .ofs_y = -2},
    {.bitmap_index = 81402, .adv_w = 294, .box_w = 17, .box_h = 18, .ofs_x = 0, .ofs_y = -2},
    {.bitmap_index = 81441, .adv_w = 294, .box_w = 15, .box_h = 18, .ofs_x = 0, .ofs_y = -2},
    {.bitmap_index = 81475, .adv_w = 294, .box_w = 16, .box_h = 18, .ofs_x = 1, .ofs_y = -2},
    {.bitmap_index = 81511, .adv_w = 294, .box_w = 17, .box_h = 14, .ofs_x = 1, .ofs_y = 1},
    {.bitmap_index = 81541, .adv_w = 294, .box_w = 17, .box_h = 18, .ofs_x = 1, .ofs_y = -2},
    {.bitmap_index = 81580, .adv_w = 294, .box_w = 17, .box_h = 18, .ofs_x = 1, .ofs_y = -2},
    {.bitmap_index = 81619, .adv_w = 294, .box_w = 17, .box_h = 18, .ofs_x = 1, .ofs_y = -2},
    {.bitmap_index = 81658, .adv_w = 294, .box_w = 17, .box_h = 17, .ofs_x = 1, .ofs_y = -1},
    {.bitmap_index = 81695, .adv_w = 294, .box_w = 17, .box_h = 17, .ofs_x = 1, .ofs_y = -2},
    {.bitmap_index = 81732, .adv_w = 294, .box_w = 17, .box_h = 18, .ofs_x = 1, .ofs_y = -2},
    {.bitmap_index = 81771, .adv_w = 294, .box_w = 17, .box_h = 18, .ofs_x = 1, .ofs_y = -2},
    {.bitmap_index = 81810, .adv_w = 294, .box_w = 17, .box_h = 18, .ofs_x = 1, .ofs_y = -2},
    {.bitmap_index = 81849, .adv_w = 294, .box_w = 17, .box_h = 18, .ofs_x = 1, .ofs_y = -2},
    {.bitmap_index = 81888, .adv_w = 294, .box_w = 17, .box_h = 18, .ofs_x = 1, .ofs_y = -2},
    {.bitmap_index = 81927, .adv_w = 294, .box_w = 17, .box_h = 18, .ofs_x = 1, .ofs_y = -2},
    {.bitmap_index = 81966, .adv_w = 294, .box_w = 17, .box_h = 18, .ofs_x = 1, .ofs_y = -2},
    {.bitmap_index = 82005, .adv_w = 294, .box_w = 17, .box_h = 17, .ofs_x = 1, .ofs_y = -1},
    {.bitmap_index = 82042, .adv_w = 294, .box_w = 17, .box_h = 18, .ofs_x = 1, .ofs_y = -2},
    {.bitmap_index = 82081, .adv_w = 294, .box_w = 15, .box_h = 18, .ofs_x = 1, .ofs_y = -2},
    {.bitmap_index = 82115, .adv_w = 294, .box_w = 15, .box_h = 19, .ofs_x = 1, .ofs_y = -2},
    {.bitmap_index = 82151, .adv_w = 294, .box_w = 15, .box_h = 18, .ofs_x = 1, .ofs_y = -2},
    {.bitmap_index = 82185, .adv_w = 294, .box_w = 16, .box_h = 19, .ofs_x = 1, .ofs_y = -2},
    {.bitmap_index = 82223, .adv_w = 294, .box_w = 16, .box_h = 19, .ofs_x = 1, .ofs_y = -2},
    {.bitmap_index = 82261, .adv_w = 294, .box_w = 15, .box_h = 18, .ofs_x = 1, .ofs_y = -2},
    {.bitmap_index = 82295, .adv_w = 294, .box_w = 16, .box_h = 18, .ofs_x = 1, .ofs_y = -2},
    {.bitmap_index = 82331, .adv_w = 294, .box_w = 17, .box_h = 17, .ofs_x = 1, .ofs_y = -2},
    {.bitmap_index = 82368, .adv_w = 294, .box_w = 17, .box_h = 18, .ofs_x = 1, .ofs_y = -2},
    {.bitmap_index = 82407, .adv_w = 294, .box_w = 17, .box_h = 18, .ofs_x = 1, .ofs_y = -2},
    {.bitmap_index = 82446, .adv_w = 294, .box_w = 17, .box_h = 18, .ofs_x = 1, .ofs_y = -2},
    {.bitmap_index = 82485, .adv_w = 294, .box_w = 17, .box_h = 18, .ofs_x = 1, .ofs_y = -2},
    {.bitmap_index = 82524, .adv_w = 294, .box_w = 17, .box_h = 18, .ofs_x = 1, .ofs_y = -2},
    {.bitmap_index = 82563, .adv_w = 294, .box_w = 17, .box_h = 14, .ofs_x = 1, .ofs_y = 1},
    {.bitmap_index = 82593, .adv_w = 294, .box_w = 17, .box_h = 17, .ofs_x = 1, .ofs_y = -2},
    {.bitmap_index = 82630, .adv_w = 294, .box_w = 17, .box_h = 18, .ofs_x = 1, .ofs_y = -2},
    {.bitmap_index = 82669, .adv_w = 294, .box_w = 17, .box_h = 18, .ofs_x = 1, .ofs_y = -2},
    {.bitmap_index = 82708, .adv_w = 294, .box_w = 17, .box_h = 18, .ofs_x = 1, .ofs_y = -2},
    {.bitmap_index = 82747, .adv_w = 294, .box_w = 17, .box_h = 18, .ofs_x = 1, .ofs_y = -2},
    {.bitmap_index = 82786, .adv_w = 294, .box_w = 14, .box_h = 18, .ofs_x = 2, .ofs_y = -2},
    {.bitmap_index = 82818, .adv_w = 294, .box_w = 14, .box_h = 19, .ofs_x = 2, .ofs_y = -2},
    {.bitmap_index = 82852, .adv_w = 294, .box_w = 14, .box_h = 18, .ofs_x = 2, .ofs_y = -2},
    {.bitmap_index = 82884, .adv_w = 294, .box_w = 15, .box_h = 18, .ofs_x = 2, .ofs_y = -2},
    {.bitmap_index = 82918, .adv_w = 294, .box_w = 14, .box_h = 18, .ofs_x = 2, .ofs_y = -2},
    {.bitmap_index = 82950, .adv_w = 294, .box_w = 14, .box_h = 19, .ofs_x = 2, .ofs_y = -2},
    {.bitmap_index = 82984, .adv_w = 294, .box_w = 15, .box_h = 18, .ofs_x = 2, .ofs_y = -2},
    {.bitmap_index = 83018, .adv_w = 294, .box_w = 14, .box_h = 18, .ofs_x = 2, .ofs_y = -2},
    {.bitmap_index = 83050, .adv_w = 294, .box_w = 17, .box_h = 18, .ofs_x = 1, .ofs_y = -2},
    {.bitmap_index = 83089, .adv_w = 294, .box_w = 17, .box_h = 18, .ofs_x = 1, .ofs_y = -2},
    {.bitmap_index = 83128, .adv_w = 294, .box_w = 17, .box_h = 18, .ofs_x = 1, .ofs_y = -2},
    {.bitmap_index = 83167, .adv_w = 294, .box_w = 17, .box_h = 19, .ofs_x = 1, .ofs_y = -2},
    {.bitmap_index = 83208, .adv_w = 294, .box_w = 17, .box_h = 19, .ofs_x = 1, .ofs_y = -2},
    {.bitmap_index = 83249, .adv_w = 294, .box_w = 17, .box_h = 19, .ofs_x = 1, .ofs_y = -2},
    {.bitmap_index = 83290, .adv_w = 294, .box_w = 17, .box_h = 18, .ofs_x = 1, .ofs_y = -2},
    {.bitmap_index = 83329, .adv_w = 294, .box_w = 17, .box_h = 18, .ofs_x = 1, .ofs_y = -1},
    {.bitmap_index = 83368, .adv_w = 294, .box_w = 17, .box_h = 18, .ofs_x = 1, .ofs_y = -2},
    {.bitmap_index = 83407, .adv_w = 294, .box_w = 16, .box_h = 18, .ofs_x = 1, .ofs_y = -2},
    {.bitmap_index = 83443, .adv_w = 294, .box_w = 15, .box_h = 18, .ofs_x = 1, .ofs_y = -2},
    {.bitmap_index = 83477, .adv_w = 294, .box_w = 16, .box_h = 19, .ofs_x = 1, .ofs_y = -2},
    {.bitmap_index = 83515, .adv_w = 294, .box_w = 16, .box_h = 19, .ofs_x = 1, .ofs_y = -2},
    {.bitmap_index = 83553, .adv_w = 294, .box_w = 16, .box_h = 19, .ofs_x = 1, .ofs_y = -2},
    {.bitmap_index = 83591, .adv_w = 294, .box_w = 16, .box_h = 18, .ofs_x = 1, .ofs_y = -2},
    {.bitmap_index = 83627, .adv_w = 294, .box_w = 17, .box_h = 18, .ofs_x = 1, .ofs_y = -1},
    {.bitmap_index = 83666, .adv_w = 294, .box_w = 17, .box_h = 18, .ofs_x = 1, .ofs_y = -2},
    {.bitmap_index = 83705, .adv_w = 294, .box_w = 16, .box_h = 19, .ofs_x = 1, .ofs_y = -2},
    {.bitmap_index = 83743, .adv_w = 294, .box_w = 17, .box_h = 18, .ofs_x = 1, .ofs_y = -2},
    {.bitmap_index = 83782, .adv_w = 294, .box_w = 17, .box_h = 18, .ofs_x = 1, .ofs_y = -2},
    {.bitmap_index = 83821, .adv_w = 294, .box_w = 15, .box_h = 18, .ofs_x = 1, .ofs_y = -2},
    {.bitmap_index = 83855, .adv_w = 294, .box_w = 15, .box_h = 18, .ofs_x = 1, .ofs_y = -2},
    {.bitmap_index = 83889, .adv_w = 294, .box_w = 15, .box_h = 19, .ofs_x = 1, .ofs_y = -2},
    {.bitmap_index = 83925, .adv_w = 294, .box_w = 16, .box_h = 18, .ofs_x = 1, .ofs_y = -2},
    {.bitmap_index = 83961, .adv_w = 294, .box_w = 15, .box_h = 19, .ofs_x = 1, .ofs_y = -2},
    {.bitmap_index = 83997, .adv_w = 294, .box_w = 15, .box_h = 19, .ofs_x = 1, .ofs_y = -2},
    {.bitmap_index = 84033, .adv_w = 294, .box_w = 15, .box_h = 18, .ofs_x = 1, .ofs_y = -2},
    {.bitmap_index = 84067, .adv_w = 294, .box_w = 16, .box_h = 18, .ofs_x = 1, .ofs_y = -1},
    {.bitmap_index = 84103, .adv_w = 294, .box_w = 15, .box_h = 18, .ofs_x = 1, .ofs_y = -2},
    {.bitmap_index = 84137, .adv_w = 294, .box_w = 16, .box_h = 18, .ofs_x = 1, .ofs_y = -2},
    {.bitmap_index = 84173, .adv_w = 294, .box_w = 16, .box_h = 18, .ofs_x = 1, .ofs_y = -2},
    {.bitmap_index = 84209, .adv_w = 294, .box_w = 16, .box_h = 19, .ofs_x = 1, .ofs_y = -2},
    {.bitmap_index = 84247, .adv_w = 294, .box_w = 17, .box_h = 19, .ofs_x = 1, .ofs_y = -2},
    {.bitmap_index = 84288, .adv_w = 294, .box_w = 16, .box_h = 19, .ofs_x = 1, .ofs_y = -2},
    {.bitmap_index = 84326, .adv_w = 294, .box_w = 16, .box_h = 18, .ofs_x = 1, .ofs_y = -2},
    {.bitmap_index = 84362, .adv_w = 294, .box_w = 17, .box_h = 18, .ofs_x = 1, .ofs_y = -1},
    {.bitmap_index = 84401, .adv_w = 294, .box_w = 16, .box_h = 18, .ofs_x = 1, .ofs_y = -2},
    {.bitmap_index = 84437, .adv_w = 294, .box_w = 15, .box_h = 18, .ofs_x = 1, .ofs_y = -2},
    {.bitmap_index = 84471, .adv_w = 294, .box_w = 15, .box_h = 19, .ofs_x = 1, .ofs_y = -2},
    {.bitmap_index = 84507, .adv_w = 294, .box_w = 15, .box_h = 19, .ofs_x = 1, .ofs_y = -2},
    {.bitmap_index = 84543, .adv_w = 294, .box_w = 16, .box_h = 19, .ofs_x = 1, .ofs_y = -2},
    {.bitmap_index = 84581, .adv_w = 294, .box_w = 15, .box_h = 19, .ofs_x = 1, .ofs_y = -2},
    {.bitmap_index = 84617, .adv_w = 294, .box_w = 15, .box_h = 19, .ofs_x = 1, .ofs_y = -2},
    {.bitmap_index = 84653, .adv_w = 294, .box_w = 16, .box_h = 18, .ofs_x = 1, .ofs_y = -1},
    {.bitmap_index = 84689, .adv_w = 294, .box_w = 17, .box_h = 18, .ofs_x = 1, .ofs_y = -2},
    {.bitmap_index = 84728, .adv_w = 294, .box_w = 15, .box_h = 18, .ofs_x = 1, .ofs_y = -2},
    {.bitmap_index = 84762, .adv_w = 294, .box_w = 16, .box_h = 18, .ofs_x = 1, .ofs_y = -2},
    {.bitmap_index = 84798, .adv_w = 294, .box_w = 16, .box_h = 19, .ofs_x = 1, .ofs_y = -2},
    {.bitmap_index = 84836, .adv_w = 294, .box_w = 17, .box_h = 18, .ofs_x = 1, .ofs_y = -2},
    {.bitmap_index = 84875, .adv_w = 294, .box_w = 16, .box_h = 19, .ofs_x = 1, .ofs_y = -2},
    {.bitmap_index = 84913, .adv_w = 294, .box_w = 17, .box_h = 15, .ofs_x = 1, .ofs_y = 1},
    {.bitmap_index = 84945, .adv_w = 294, .box_w = 17, .box_h = 19, .ofs_x = 1, .ofs_y = -2},
    {.bitmap_index = 84986, .adv_w = 294, .box_w = 17, .box_h = 19, .ofs_x = 1, .ofs_y = -2},
    {.bitmap_index = 85027, .adv_w = 294, .box_w = 17, .box_h = 19, .ofs_x = 1, .ofs_y = -2},
    {.bitmap_index = 85068, .adv_w = 294, .box_w = 17, .box_h = 19, .ofs_x = 1, .ofs_y = -2},
    {.bitmap_index = 85109, .adv_w = 294, .box_w = 17, .box_h = 19, .ofs_x = 1, .ofs_y = -2},
    {.bitmap_index = 85150, .adv_w = 294, .box_w = 17, .box_h = 19, .ofs_x = 1, .ofs_y = -2},
    {.bitmap_index = 85191, .adv_w = 294, .box_w = 17, .box_h = 18, .ofs_x = 1, .ofs_y = -1},
    {.bitmap_index = 85230, .adv_w = 294, .box_w = 17, .box_h = 19, .ofs_x = 1, .ofs_y = -2},
    {.bitmap_index = 85271, .adv_w = 294, .box_w = 17, .box_h = 19, .ofs_x = 1, .ofs_y = -2},
    {.bitmap_index = 85312, .adv_w = 294, .box_w = 17, .box_h = 18, .ofs_x = 1, .ofs_y = -2},
    {.bitmap_index = 85351, .adv_w = 294, .box_w = 17, .box_h = 18, .ofs_x = 1, .ofs_y = -2},
    {.bitmap_index = 85390, .adv_w = 294, .box_w = 17, .box_h = 18, .ofs_x = 1, .ofs_y = -2},
    {.bitmap_index = 85429, .adv_w = 294, .box_w = 17, .box_h = 18, .ofs_x = 1, .ofs_y = -2},
    {.bitmap_index = 85468, .adv_w = 294, .box_w = 17, .box_h = 18, .ofs_x = 1, .ofs_y = -2},
    {.bitmap_index = 85507, .adv_w = 294, .box_w = 16, .box_h = 18, .ofs_x = 1, .ofs_y = -2},
    {.bitmap_index = 85543, .adv_w = 294, .box_w = 16, .box_h = 18, .ofs_x = 1, .ofs_y = -2},
    {.bitmap_index = 85579, .adv_w = 294, .box_w = 15, .box_h = 18, .ofs_x = 1, .ofs_y = -2},
    {.bitmap_index = 85613, .adv_w = 294, .box_w = 16, .box_h = 19, .ofs_x = 1, .ofs_y = -2},
    {.bitmap_index = 85651, .adv_w = 294, .box_w = 16, .box_h = 18, .ofs_x = 1, .ofs_y = -2},
    {.bitmap_index = 85687, .adv_w = 294, .box_w = 15, .box_h = 19, .ofs_x = 1, .ofs_y = -2},
    {.bitmap_index = 85723, .adv_w = 294, .box_w = 14, .box_h = 18, .ofs_x = 1, .ofs_y = -2},
    {.bitmap_index = 85755, .adv_w = 294, .box_w = 16, .box_h = 18, .ofs_x = 0, .ofs_y = -2},
    {.bitmap_index = 85791, .adv_w = 294, .box_w = 17, .box_h = 18, .ofs_x = 0, .ofs_y = -2},
    {.bitmap_index = 85830, .adv_w = 294, .box_w = 16, .box_h = 18, .ofs_x = 0, .ofs_y = -2},
    {.bitmap_index = 85866, .adv_w = 294, .box_w = 16, .box_h = 18, .ofs_x = 0, .ofs_y = -2},
    {.bitmap_index = 85902, .adv_w = 294, .box_w = 17, .box_h = 18, .ofs_x = 0, .ofs_y = -2},
    {.bitmap_index = 85941, .adv_w = 294, .box_w = 16, .box_h = 18, .ofs_x = 0, .ofs_y = -2},
    {.bitmap_index = 85977, .adv_w = 294, .box_w = 17, .box_h = 15, .ofs_x = 1, .ofs_y = 1},
    {.bitmap_index = 86009, .adv_w = 294, .box_w = 17, .box_h = 19, .ofs_x = 1, .ofs_y = -2},
    {.bitmap_index = 86050, .adv_w = 294, .box_w = 17, .box_h = 19, .ofs_x = 1, .ofs_y = -2},
    {.bitmap_index = 86091, .adv_w = 294, .box_w = 17, .box_h = 19, .ofs_x = 1, .ofs_y = -2},
    {.bitmap_index = 86132, .adv_w = 294, .box_w = 17, .box_h = 18, .ofs_x = 1, .ofs_y = -1},
    {.bitmap_index = 86171, .adv_w = 294, .box_w = 17, .box_h = 19, .ofs_x = 1, .ofs_y = -2},
    {.bitmap_index = 86212, .adv_w = 294, .box_w = 17, .box_h = 19, .ofs_x = 1, .ofs_y = -2},
    {.bitmap_index = 86253, .adv_w = 294, .box_w = 17, .box_h = 19, .ofs_x = 1, .ofs_y = -2},
    {.bitmap_index = 86294, .adv_w = 294, .box_w = 17, .box_h = 19, .ofs_x = 1, .ofs_y = -2},
    {.bitmap_index = 86335, .adv_w = 294, .box_w = 17, .box_h = 19, .ofs_x = 1, .ofs_y = -2},
    {.bitmap_index = 86376, .adv_w = 294, .box_w = 17, .box_h = 19, .ofs_x = 1, .ofs_y = -2},
    {.bitmap_index = 86417, .adv_w = 294, .box_w = 17, .box_h = 18, .ofs_x = 1, .ofs_y = -1},
    {.bitmap_index = 86456, .adv_w = 294, .box_w = 17, .box_h = 19, .ofs_x = 1, .ofs_y = -2},
    {.bitmap_index = 86497, .adv_w = 294, .box_w = 16, .box_h = 18, .ofs_x = 0, .ofs_y = -2},
    {.bitmap_index = 86533, .adv_w = 294, .box_w = 17, .box_h = 18, .ofs_x = 0, .ofs_y = -2},
    {.bitmap_index = 86572, .adv_w = 294, .box_w = 17, .box_h = 18, .ofs_x = 0, .ofs_y = -2},
    {.bitmap_index = 86611, .adv_w = 294, .box_w = 16, .box_h = 18, .ofs_x = 0, .ofs_y = -2},
    {.bitmap_index = 86647, .adv_w = 294, .box_w = 16, .box_h = 18, .ofs_x = 0, .ofs_y = -2},
    {.bitmap_index = 86683, .adv_w = 294, .box_w = 16, .box_h = 18, .ofs_x = 1, .ofs_y = -2},
    {.bitmap_index = 86719, .adv_w = 294, .box_w = 15, .box_h = 19, .ofs_x = 1, .ofs_y = -2},
    {.bitmap_index = 86755, .adv_w = 294, .box_w = 16, .box_h = 18, .ofs_x = 1, .ofs_y = -2},
    {.bitmap_index = 86791, .adv_w = 294, .box_w = 16, .box_h = 18, .ofs_x = 1, .ofs_y = -2},
    {.bitmap_index = 86827, .adv_w = 294, .box_w = 15, .box_h = 18, .ofs_x = 1, .ofs_y = -2},
    {.bitmap_index = 86861, .adv_w = 294, .box_w = 16, .box_h = 18, .ofs_x = 0, .ofs_y = -2},
    {.bitmap_index = 86897, .adv_w = 294, .box_w = 15, .box_h = 18, .ofs_x = 0, .ofs_y = -2},
    {.bitmap_index = 86931, .adv_w = 294, .box_w = 16, .box_h = 18, .ofs_x = 0, .ofs_y = -2},
    {.bitmap_index = 86967, .adv_w = 294, .box_w = 16, .box_h = 18, .ofs_x = 0, .ofs_y = -2},
    {.bitmap_index = 87003, .adv_w = 294, .box_w = 15, .box_h = 18, .ofs_x = 0, .ofs_y = -2},
    {.bitmap_index = 87037, .adv_w = 294, .box_w = 15, .box_h = 18, .ofs_x = 0, .ofs_y = -2},
    {.bitmap_index = 87071, .adv_w = 294, .box_w = 16, .box_h = 18, .ofs_x = 0, .ofs_y = -2},
    {.bitmap_index = 87107, .adv_w = 294, .box_w = 15, .box_h = 19, .ofs_x = 0, .ofs_y = -2},
    {.bitmap_index = 87143, .adv_w = 294, .box_w = 17, .box_h = 18, .ofs_x = 1, .ofs_y = -2},
    {.bitmap_index = 87182, .adv_w = 294, .box_w = 17, .box_h = 19, .ofs_x = 1, .ofs_y = -2},
    {.bitmap_index = 87223, .adv_w = 294, .box_w = 17, .box_h = 19, .ofs_x = 1, .ofs_y = -2},
    {.bitmap_index = 87264, .adv_w = 294, .box_w = 17, .box_h = 19, .ofs_x = 1, .ofs_y = -2},
    {.bitmap_index = 87305, .adv_w = 294, .box_w = 17, .box_h = 19, .ofs_x = 1, .ofs_y = -2},
    {.bitmap_index = 87346, .adv_w = 294, .box_w = 17, .box_h = 19, .ofs_x = 1, .ofs_y = -2},
    {.bitmap_index = 87387, .adv_w = 294, .box_w = 17, .box_h = 19, .ofs_x = 1, .ofs_y = -2},
    {.bitmap_index = 87428, .adv_w = 294, .box_w = 17, .box_h = 15, .ofs_x = 1, .ofs_y = 1},
    {.bitmap_index = 87460, .adv_w = 294, .box_w = 17, .box_h = 19, .ofs_x = 1, .ofs_y = -2},
    {.bitmap_index = 87501, .adv_w = 294, .box_w = 17, .box_h = 19, .ofs_x = 1, .ofs_y = -2},
    {.bitmap_index = 87542, .adv_w = 294, .box_w = 17, .box_h = 19, .ofs_x = 1, .ofs_y = -2},
    {.bitmap_index = 87583, .adv_w = 294, .box_w = 17, .box_h = 19, .ofs_x = 1, .ofs_y = -2},
    {.bitmap_index = 87624, .adv_w = 294, .box_w = 17, .box_h = 19, .ofs_x = 1, .ofs_y = -2},
    {.bitmap_index = 87665, .adv_w = 294, .box_w = 17, .box_h = 19, .ofs_x = 1, .ofs_y = -2},
    {.bitmap_index = 87706, .adv_w = 294, .box_w = 17, .box_h = 19, .ofs_x = 1, .ofs_y = -2},
    {.bitmap_index = 87747, .adv_w = 294, .box_w = 17, .box_h = 19, .ofs_x = 1, .ofs_y = -2},
    {.bitmap_index = 87788, .adv_w = 294, .box_w = 17, .box_h = 19, .ofs_x = 1, .ofs_y = -2},
    {.bitmap_index = 87829, .adv_w = 294, .box_w = 17, .box_h = 19, .ofs_x = 1, .ofs_y = -2},
    {.bitmap_index = 87870, .adv_w = 294, .box_w = 17, .box_h = 19, .ofs_x = 1, .ofs_y = -2},
    {.bitmap_index = 87911, .adv_w = 294, .box_w = 14, .box_h = 18, .ofs_x = 1, .ofs_y = -2},
    {.bitmap_index = 87943, .adv_w = 294, .box_w = 17, .box_h = 18, .ofs_x = 0, .ofs_y = -2},
    {.bitmap_index = 87982, .adv_w = 294, .box_w = 16, .box_h = 18, .ofs_x = 0, .ofs_y = -2},
    {.bitmap_index = 88018, .adv_w = 294, .box_w = 16, .box_h = 19, .ofs_x = 0, .ofs_y = -2},
    {.bitmap_index = 88056, .adv_w = 294, .box_w = 16, .box_h = 18, .ofs_x = 0, .ofs_y = -2},
    {.bitmap_index = 88092, .adv_w = 294, .box_w = 16, .box_h = 19, .ofs_x = 0, .ofs_y = -2},
    {.bitmap_index = 88130, .adv_w = 294, .box_w = 15, .box_h = 18, .ofs_x = 1, .ofs_y = -2},
    {.bitmap_index = 88164, .adv_w = 294, .box_w = 15, .box_h = 18, .ofs_x = 1, .ofs_y = -2},
    {.bitmap_index = 88198, .adv_w = 294, .box_w = 16, .box_h = 18, .ofs_x = 1, .ofs_y = -2},
    {.bitmap_index = 88234, .adv_w = 294, .box_w = 16, .box_h = 19, .ofs_x = 1, .ofs_y = -2},
    {.bitmap_index = 88272, .adv_w = 294, .box_w = 15, .box_h = 19, .ofs_x = 1, .ofs_y = -2},
    {.bitmap_index = 88308, .adv_w = 294, .box_w = 15, .box_h = 18, .ofs_x = 1, .ofs_y = -2},
    {.bitmap_index = 88342, .adv_w = 294, .box_w = 16, .box_h = 18, .ofs_x = 1, .ofs_y = -1},
    {.bitmap_index = 88378, .adv_w = 294, .box_w = 15, .box_h = 18, .ofs_x = 1, .ofs_y = -2}
};

/*---------------------
 *  CHARACTER MAPPING
 *--------------------*/

static const uint16_t unicode_list_1[] = {
    0x0, 0x2, 0x4, 0x6, 0xb, 0xd, 0xe, 0x13,
    0x14, 0x34, 0x54, 0x1f6d, 0x1f70, 0x1f71, 0x1f75, 0x1f76,
    0x1f79, 0x1f7a, 0x1f7f, 0x1f83, 0x1f98, 0x2009, 0x2073, 0x207f,
    0x20ed, 0x20ee, 0x20ef, 0x20f0, 0x20f1, 0x21a5, 0x21bd, 0x21c1,
    0x21c2, 0x2f65, 0x2f66, 0x2f67, 0x2f68, 0x2f69, 0x2f6a, 0x2f6b,
    0x2f6c, 0xab5d, 0xab5e, 0xab61, 0xab64, 0xab65, 0xab66, 0xab67,
    0xab6d, 0xab6e, 0xab6f, 0xab70, 0xab71, 0xab72, 0xab73, 0xab74,
    0xab76, 0xab77, 0xab78, 0xab79, 0xab7a, 0xab7d, 0xab81, 0xab89,
    0xab8a, 0xab8c, 0xab8d, 0xab8e, 0xab95, 0xab96, 0xab99, 0xab9d,
    0xaba8, 0xabaa, 0xabb1, 0xabb5, 0xabb9, 0xabcd, 0xabce, 0xabd1,
    0xabd4, 0xabd5, 0xabd7, 0xabdd, 0xabde, 0xabe0, 0xabe1, 0xabe2,
    0xabe3, 0xabe6, 0xabe7, 0xabe8, 0xabe9, 0xabed, 0xabf1, 0xabf9,
    0xabfa, 0xabfc, 0xabfd, 0xabfe, 0xac05, 0xac06, 0xac07, 0xac09,
    0xac0c, 0xac0d, 0xac15, 0xac16, 0xac18, 0xac19, 0xac1a, 0xac1e,
    0xac21, 0xac25, 0xac29, 0xac32, 0xac34, 0xac3d, 0xac3e, 0xac41,
    0xac44, 0xac45, 0xac47, 0xac49, 0xac4c, 0xac4d, 0xac4e, 0xac50,
    0xac52, 0xac53, 0xac59, 0xac5a, 0xac5d, 0xac61, 0xac63, 0xac69,
    0xac6a, 0xac6c, 0xac6e, 0xac75, 0xac79, 0xac7d, 0xac86, 0xac89,
    0xac8a, 0xac91, 0xac92, 0xac95, 0xac99, 0xaca1, 0xaca2, 0xaca4,
    0xaca6, 0xacad, 0xacb1, 0xacb5, 0xacbe, 0xacc0, 0xacc9, 0xacca,
    0xaccd, 0xacd0, 0xacd1, 0xacd2, 0xacd3, 0xacd8, 0xacd9, 0xacda,
    0xacdc, 0xacde, 0xacdf, 0xace5, 0xace6, 0xace9, 0xaced, 0xacf9,
    0xacfa, 0xad01, 0xad14, 0xad1d, 0xad1e, 0xad21, 0xad25, 0xad2d,
    0xad2e, 0xad30, 0xad39, 0xad3d, 0xad41, 0xad55, 0xad56, 0xad59,
    0xad5c, 0xad5d, 0xad5e, 0xad65, 0xad66, 0xad68, 0xad6a, 0xad71,
    0xad8d, 0xad8e, 0xad91, 0xad94, 0xad95, 0xad97, 0xad9d, 0xad9e,
    0xada0, 0xada2, 0xada3, 0xada7, 0xada9, 0xadaa, 0xadab, 0xadad,
    0xadb1, 0xadb3, 0xadb9, 0xadba, 0xadbc, 0xadbd, 0xadbe, 0xadc2,
    0xadc5, 0xadc6, 0xadc9, 0xadcd, 0xadd5, 0xadd6, 0xadd8, 0xadd9,
    0xadda, 0xade1, 0xade2, 0xade9, 0xae19, 0xae1a, 0xae1b, 0xae1d,
    0xae21, 0xae29, 0xae2a, 0xae2c, 0xae2d, 0xae2e, 0xae35, 0xae36,
    0xae39, 0xae45, 0xae48, 0xae4a, 0xae51, 0xae55, 0xae59, 0xae64,
    0xae65, 0xae6a, 0xae6d, 0xae89, 0xae8a, 0xae8d, 0xae8f, 0xae91,
    0xae99, 0xae9a, 0xae9c, 0xae9e, 0xae9f, 0xaea0, 0xaea5, 0xaea6,
    0xaead, 0xaeb9, 0xaeba, 0xaec1, 0xaec2, 0xaed6, 0xaedd, 0xaee1,
    0xaee5, 0xaeed, 0xaeee, 0xaef2, 0xaef9, 0xaf15, 0xaf16, 0xaf19,
    0xaf1d, 0xaf24, 0xaf25, 0xaf26, 0xaf28, 0xaf2a, 0xaf2b, 0xaf31,
    0xaf39, 0xaf45, 0xaf46, 0xaf4d, 0xaf4e, 0xaf51, 0xaf55, 0xaf5d,
    0xaf5e, 0xaf61, 0xaf69, 0xaf6d, 0xaf71, 0xaf79, 0xaf7a, 0xaf85,
    0xafa1, 0xafa2, 0xafa5, 0xafa7, 0xafa9, 0xafab, 0xafb0, 0xafb1,
    0xafb2, 0xafb4, 0xafb6, 0xafba, 0xafd9, 0xafda, 0xafdd, 0xafe1,
    0xafe9, 0xafea, 0xafec, 0xafee, 0xaff5, 0xaff6, 0xaff7, 0xaff9,
    0xaffc, 0xaffd, 0xaffe, 0xafff, 0xb005, 0xb006, 0xb008, 0xb009,
    0xb00a, 0xb00b, 0xb00c, 0xb00e, 0xb010, 0xb011, 0xb012, 0xb015,
    0xb019, 0xb021, 0xb022, 0xb024, 0xb025, 0xb026, 0xb02d, 0xb02e,
    0xb031, 0xb035, 0xb03d, 0xb042, 0xb065, 0xb066, 0xb068, 0xb069,
    0xb06d, 0xb06f, 0xb070, 0xb075, 0xb076, 0xb078, 0xb079, 0xb07a,
    0xb080, 0xb081, 0xb082, 0xb085, 0xb089, 0xb091, 0xb092, 0xb094,
    0xb095, 0xb096, 0xb09d, 0xb09e, 0xb0a1, 0xb0a5, 0xb0ad, 0xb0ae,
    0xb0b1, 0xb0b2, 0xb0b5, 0xb0b9, 0xb0bd, 0xb0d5, 0xb0d6, 0xb0d9,
    0xb0dd, 0xb0df, 0xb0e5, 0xb0e6, 0xb0e8, 0xb0ea, 0xb0ef, 0xb0f0,
    0xb0f1, 0xb0f5, 0xb0f9, 0xb105, 0xb129, 0xb12d, 0xb131, 0xb139,
    0xb13a, 0xb13c, 0xb145, 0xb146, 0xb149, 0xb14d, 0xb156, 0xb158,
    0xb15a, 0xb161, 0xb162, 0xb165, 0xb168, 0xb169, 0xb171, 0xb172,
    0xb174, 0xb176, 0xb17d, 0xb191, 0xb199, 0xb1b5, 0xb1b9, 0xb1bd,
    0xb1c5, 0xb1c6, 0xb1d1, 0xb1d2, 0xb1d9, 0xb1e1, 0xb1e2, 0xb1e6,
    0xb1ed, 0xb1ee, 0xb1f1, 0xb1f5, 0xb1f6, 0xb1f7, 0xb1fd, 0xb1fe,
    0xb200, 0xb202, 0xb203, 0xb207, 0xb209, 0xb20d, 0xb211, 0xb225,
    0xb226, 0xb229, 0xb22d, 0xb22f, 0xb235, 0xb236, 0xb238, 0xb23a,
    0xb23f, 0xb241, 0xb242, 0xb243, 0xb245, 0xb248, 0xb249, 0xb24a,
    0xb24b, 0xb24c, 0xb250, 0xb251, 0xb252, 0xb254, 0xb255, 0xb256,
    0xb257, 0xb258, 0xb25c, 0xb25d, 0xb25e, 0xb261, 0xb265, 0xb26d,
    0xb26e, 0xb270, 0xb271, 0xb272, 0xb279, 0xb2b1, 0xb2b2, 0xb2b3,
    0xb2b5, 0xb2b8, 0xb2b9, 0xb2bb, 0xb2bc, 0xb2c1, 0xb2c2, 0xb2c4,
    0xb2c6, 0xb2c8, 0xb2cb, 0xb2cd, 0xb2ce, 0xb2d1, 0xb2d5, 0xb2dd,
    0xb2de, 0xb2e0, 0xb2e1, 0xb2e2, 0xb2e9, 0xb2ed, 0xb2f1, 0xb2fd,
    0xb2fe, 0xb305, 0xb309, 0xb321, 0xb322, 0xb325, 0xb328, 0xb329,
    0xb32b, 0xb32d, 0xb331, 0xb332, 0xb334, 0xb336, 0xb338, 0xb33a,
    0xb33d, 0xb341, 0xb345, 0xb359, 0xb36d, 0xb375, 0xb379, 0xb37d,
    0xb385, 0xb386, 0xb388, 0xb391, 0xb3ad, 0xb3ae, 0xb3b1, 0xb3b5,
    0xb3bd, 0xb3be, 0xb3c0, 0xb3c2, 0xb3c9, 0xb3dd, 0xb3e5, 0xb3fa,
    0xb401, 0xb405, 0xb409, 0xb412, 0xb414, 0xb416, 0xb41d, 0xb421,
    0xb425, 0xb42d, 0xb432, 0xb439, 0xb43a, 0xb43d, 0xb440, 0xb441,
    0xb443, 0xb449, 0xb44a, 0xb44c, 0xb44e, 0xb455, 0xb471, 0xb472,
    0xb475, 0xb478, 0xb479, 0xb481, 0xb482, 0xb484, 0xb485, 0xb486,
    0xb487, 0xb48d, 0xb48e, 0xb491, 0xb495, 0xb49d, 0xb49e, 0xb4a0,
    0xb4a1, 0xb4a2, 0xb4a8, 0xb4a9, 0xb4aa, 0xb4ad, 0xb4b1, 0xb4b9,
    0xb4ba, 0xb4bc, 0xb4bd, 0xb4be, 0xb4fd, 0xb4fe, 0xb501, 0xb505,
    0xb507, 0xb508, 0xb50d, 0xb50e, 0xb510, 0xb511, 0xb512, 0xb518,
    0xb519, 0xb51a, 0xb51d, 0xb521, 0xb529, 0xb52a, 0xb52c, 0xb52d,
    0xb52e, 0xb535, 0xb549, 0xb56d, 0xb56e, 0xb571, 0xb575, 0xb582,
    0xb589, 0xb591, 0xb5a5, 0xb5c1, 0xb5c5, 0xb5f9, 0xb5fa, 0xb5fd,
    0xb601, 0xb608, 0xb609, 0xb60e, 0xb631, 0xb64d, 0xb651, 0xb655,
    0xb65d, 0xb65e, 0xb662, 0xb685, 0xb686, 0xb689, 0xb68c, 0xb68d,
    0xb695, 0xb696, 0xb698, 0xb6a1, 0xb6a5, 0xb6a9, 0xb6b1, 0xb6b2,
    0xb6bd, 0xb6c1, 0xb6c5, 0xb6cd, 0xb6ce, 0xb6d0, 0xb6d2, 0xb6d9,
    0xb6da, 0xb6dd, 0xb6e1, 0xb6e9, 0xb6ea, 0xb6ec, 0xb6ed, 0xb6ee,
    0xb6ef, 0xb6f3, 0xb6f4, 0xb6f5, 0xb6f6, 0xb6f9, 0xb6fd, 0xb705,
    0xb706, 0xb708, 0xb709, 0xb70a, 0xb711, 0xb712, 0xb715, 0xb724,
    0xb726, 0xb749, 0xb74a, 0xb74d, 0xb751, 0xb759, 0xb75a, 0xb75c,
    0xb75d, 0xb75e, 0xb764, 0xb765, 0xb766, 0xb769, 0xb76d, 0xb775,
    0xb776, 0xb778, 0xb77a, 0xb781, 0xb782, 0xb785, 0xb789, 0xb791,
    0xb792, 0xb794, 0xb795, 0xb796, 0xb79d, 0xb7a1, 0xb7ae, 0xb7b0,
    0xb7b9, 0xb7ba, 0xb7bd, 0xb7c1, 0xb7c9, 0xb7ca, 0xb7cc, 0xb7ce,
    0xb7d5, 0xb7d9, 0xb7ea, 0xb805, 0xb80d, 0xb811, 0xb815, 0xb81d,
    0xb81e, 0xb820, 0xb822, 0xb829, 0xb82d, 0xb831, 0xb83a, 0xb83c,
    0xb83e, 0xb845, 0xb846, 0xb849, 0xb84d, 0xb855, 0xb856, 0xb858,
    0xb85a, 0xb861, 0xb875, 0xb87d, 0xb899, 0xb89a, 0xb89d, 0xb8a1,
    0xb8a9, 0xb8ac, 0xb8ae, 0xb8b5, 0xb8b6, 0xb8b9, 0xb8bd, 0xb8c5,
    0xb8c6, 0xb8c8, 0xb8ca, 0xb8d1, 0xb8d2, 0xb8d5, 0xb8d9, 0xb8e1,
    0xb8e2, 0xb8e4, 0xb8e6, 0xb8e7, 0xb8ea, 0xb8eb, 0xb909, 0xb90a,
    0xb90d, 0xb911, 0xb919, 0xb91a, 0xb91c, 0xb91e, 0xb925, 0xb926,
    0xb929, 0xb92b, 0xb92c, 0xb92d, 0xb92e, 0xb92f, 0xb935, 0xb936,
    0xb938, 0xb93a, 0xb93b, 0xb93e, 0xb940, 0xb941, 0xb942, 0xb945,
    0xb949, 0xb951, 0xb952, 0xb954, 0xb955, 0xb956, 0xb957, 0xb95d,
    0xb95e, 0xb965, 0xb972, 0xb995, 0xb996, 0xb999, 0xb99d, 0xb99f,
    0xb9a5, 0xb9a6, 0xb9a8, 0xb9aa, 0xb9ab, 0xb9b0, 0xb9b1, 0xb9b2,
    0xb9b5, 0xb9b9, 0xb9c1, 0xb9c2, 0xb9c4, 0xb9c5, 0xb9c6, 0xb9cd,
    0xb9ce, 0xb9d1, 0xb9d5, 0xb9e0, 0xb9e1, 0xb9e2, 0xb9e4, 0xb9e9,
    0xba05, 0xba06, 0xba08, 0xba09, 0xba0d, 0xba0f, 0xba15, 0xba16,
    0xba18, 0xba1a, 0xba21, 0xba25, 0xba35, 0xba36, 0xba59, 0xba5d,
    0xba61, 0xba6a, 0xba6c, 0xba6e, 0xba75, 0xba79, 0xba7d, 0xba86,
    0xba88, 0xba91, 0xba92, 0xba93, 0xba95, 0xba98, 0xba99, 0xba9a,
    0xba9b, 0xbaa1, 0xbaa2, 0xbaa4, 0xbaa6, 0xbaaa, 0xbaac, 0xbaad,
    0xbab1, 0xbab5, 0xbabe, 0xbac0, 0xbac9, 0xbae5, 0xbae9, 0xbaed,
    0xbb01, 0xbb05, 0xbb09, 0xbb11, 0xbb14, 0xbb1d, 0xbb21, 0xbb25,
    0xbb2d, 0xbb30, 0xbb55, 0xbb56, 0xbb59, 0xbb5c, 0xbb5d, 0xbb5f,
    0xbb65, 0xbb66, 0xbb68, 0xbb69, 0xbb6a, 0xbb6c, 0xbb6e, 0xbb71,
    0xbb72, 0xbb73, 0xbb74, 0xbb75, 0xbb78, 0xbb79, 0xbb7a, 0xbb7b,
    0xbb7c, 0xbb81, 0xbb82, 0xbb84, 0xbb86, 0xbb8a, 0xbb8d, 0xbb8e,
    0xbb91, 0xbb95, 0xbb9d, 0xbb9e, 0xbba0, 0xbba1, 0xbba2, 0xbba6,
    0xbba9, 0xbbaa, 0xbbad, 0xbbba, 0xbbe1, 0xbbe2, 0xbbe5, 0xbbe8,
    0xbbe9, 0xbbeb, 0xbbf1, 0xbbf2, 0xbbf4, 0xbbf6, 0xbbf7, 0xbbfd,
    0xbbfe, 0xbc01, 0xbc04, 0xbc05, 0xbc0d, 0xbc0e, 0xbc10, 0xbc11,
    0xbc12, 0xbc19, 0xbc1a, 0xbc1d, 0xbc21, 0xbc2a, 0xbc2c, 0xbc2d,
    0xbc2e, 0xbc32, 0xbc35, 0xbc39, 0xbc51, 0xbc52, 0xbc53, 0xbc55,
    0xbc59, 0xbc61, 0xbc62, 0xbc64, 0xbc66, 0xbc6d, 0xbc71, 0xbc81,
    0xbc89, 0xbc9d, 0xbca5, 0xbca6, 0xbca9, 0xbcad, 0xbcb5, 0xbcb6,
    0xbcc1, 0xbcc5, 0xbcdd, 0xbcde, 0xbce1, 0xbce4, 0xbce5, 0xbce6,
    0xbce7, 0xbced, 0xbcee, 0xbcf0, 0xbcf2, 0xbcf6, 0xbcf7, 0xbcf9,
    0xbd01, 0xbd0d, 0xbd15, 0xbd31, 0xbd32, 0xbd35, 0xbd39, 0xbd46,
    0xbd4d, 0xbd51, 0xbd55, 0xbd5d, 0xbd60, 0xbd62, 0xbd69, 0xbd6a,
    0xbd6d, 0xbd71, 0xbd79, 0xbd7a, 0xbd7c, 0xbda1, 0xbda2, 0xbda5,
    0xbda9, 0xbdab, 0xbdb1, 0xbdb2, 0xbdb4, 0xbdb6, 0xbdb7, 0xbdb8,
    0xbdbd, 0xbdbe, 0xbdc1, 0xbdc5, 0xbdc7, 0xbdcd, 0xbdce, 0xbdd0,
    0xbdd1, 0xbdd2, 0xbdd8, 0xbdd9, 0xbdda, 0xbddd, 0xbde1, 0xbde9,
    0xbdea, 0xbdec, 0xbded, 0xbdee, 0xbdf5, 0xbdf6, 0xbe05, 0xbe2d,
    0xbe2e, 0xbe31, 0xbe34, 0xbe35, 0xbe3d, 0xbe40, 0xbe41, 0xbe42,
    0xbe49, 0xbe5e, 0xbe65, 0xbe66, 0xbe75, 0xbe76, 0xbe78, 0xbe79,
    0xbe7a, 0xbe9d, 0xbe9e, 0xbea1, 0xbea5, 0xbead, 0xbeae, 0xbeb2,
    0xbef1, 0xbf0d, 0xbf22, 0xbf29, 0xbf2a, 0xbf2d, 0xbf31, 0xbf39,
    0xbf3c, 0xbf3e, 0xbf99, 0xbfae, 0xbfb5, 0xbfb9, 0xbfbd, 0xbfc5,
    0xbfc6, 0xbfed, 0xbfee, 0xbff1, 0xbff5, 0xbffd, 0xbffe, 0xc000,
    0xc002, 0xc009, 0xc00a, 0xc00c, 0xc00d, 0xc010, 0xc011, 0xc012,
    0xc013, 0xc019, 0xc01a, 0xc01c, 0xc01d, 0xc01e, 0xc022, 0xc025,
    0xc026, 0xc029, 0xc02d, 0xc035, 0xc036, 0xc038, 0xc039, 0xc03a,
    0xc041, 0xc042, 0xc045, 0xc049, 0xc051, 0xc052, 0xc054, 0xc056,
    0xc05d, 0xc061, 0xc065, 0xc06d, 0xc072, 0xc079, 0xc07a, 0xc07b,
    0xc07c, 0xc07d, 0xc080, 0xc081, 0xc083, 0xc084, 0xc089, 0xc08a,
    0xc08c, 0xc08d, 0xc08e, 0xc093, 0xc095, 0xc096, 0xc099, 0xc09d,
    0xc0a5, 0xc0a6, 0xc0a8, 0xc0a9, 0xc0aa, 0xc0b1, 0xc0b2, 0xc0b5,
    0xc0b9, 0xc0c1, 0xc0c2, 0xc0c4, 0xc0c5, 0xc0c6, 0xc0cd, 0xc0d1,
    0xc0d5, 0xc0e2, 0xc0e9, 0xc0ea, 0xc0eb, 0xc0ed, 0xc0f1, 0xc0f3,
    0xc0f9, 0xc0fa, 0xc0fc, 0xc0fe, 0xc102, 0xc105, 0xc106, 0xc109,
    0xc10d, 0xc11a, 0xc121, 0xc125, 0xc129, 0xc131, 0xc134, 0xc135,
    0xc13d, 0xc141, 0xc145, 0xc14d, 0xc14e, 0xc150, 0xc159, 0xc15a,
    0xc15d, 0xc161, 0xc169, 0xc16a, 0xc16c, 0xc16e, 0xc175, 0xc176,
    0xc179, 0xc17c, 0xc17d, 0xc185, 0xc186, 0xc188, 0xc18a, 0xc18c,
    0xc18e, 0xc18f, 0xc191, 0xc1a5, 0xc1ad, 0xc1ae, 0xc1b1, 0xc1b5,
    0xc1bd, 0xc1c2, 0xc1c9, 0xc1ca, 0xc1cd, 0xc1d1, 0xc1d9, 0xc1da,
    0xc1dc, 0xc1de, 0xc1e5, 0xc1e6, 0xc1ed, 0xc1f5, 0xc1f8, 0xc1fa,
    0xc201, 0xc202, 0xc205, 0xc209, 0xc20a, 0xc211, 0xc212, 0xc214,
    0xc216, 0xc239, 0xc23a, 0xc23d, 0xc240, 0xc241, 0xc248, 0xc249,
    0xc24a, 0xc24c, 0xc24e, 0xc253, 0xc255, 0xc256, 0xc258, 0xc259,
    0xc25d, 0xc265, 0xc266, 0xc269, 0xc26a, 0xc270, 0xc271, 0xc272,
    0xc275, 0xc279, 0xc281, 0xc282, 0xc285, 0xc286, 0xc2a2, 0xc2c5,
    0xc2c6, 0xc2c9, 0xc2cd, 0xc2cf, 0xc2d5, 0xc2d6, 0xc2d9, 0xc2da,
    0xc2e1, 0xc2e5, 0xc2e9, 0xc31d, 0xc335, 0xc336, 0xc339, 0xc33c,
    0xc33d, 0xc33f, 0xc345, 0xc346, 0xc34a, 0xc351, 0xc352, 0xc355,
    0xc365, 0xc36d, 0xc381, 0xc389, 0xc38d, 0xc391, 0xc399, 0xc39a,
    0xc3a5, 0xc3c1, 0xc3c2, 0xc3c5, 0xc3c9, 0xc3d1, 0xc3d2, 0xc3d6,
    0xc3dd, 0xc3f1, 0xc3f9, 0xc415, 0xc419, 0xc446, 0xc44d, 0xc44e,
    0xc451, 0xc455, 0xc457, 0xc45c, 0xc45d, 0xc45e, 0xc469, 0xc46d,
    0xc471, 0xc479, 0xc485, 0xc486, 0xc489, 0xc48d, 0xc495, 0xc496,
    0xc498, 0xc49a, 0xc4a1, 0xc4a2, 0xc4a5, 0xc4a6, 0xc4a7, 0xc4a9,
    0xc4aa, 0xc4ab, 0xc4b0, 0xc4b1, 0xc4b2, 0xc4b4, 0xc4b5, 0xc4b6,
    0xc4ba, 0xc4bb, 0xc4bd, 0xc4be, 0xc4c1, 0xc4c5, 0xc4cd, 0xc4ce,
    0xc4d0, 0xc4d1, 0xc4d2, 0xc4d9, 0xc4da, 0xc4dd, 0xc4e1, 0xc4e4,
    0xc4e9, 0xc4ea, 0xc4ec, 0xc4ee, 0xc4f2, 0xc4f4, 0xc4f5, 0xc4f9,
    0xc4fd, 0xc506, 0xc511, 0xc512, 0xc515, 0xc516, 0xc518, 0xc519,
    0xc51a, 0xc51b, 0xc521, 0xc522, 0xc523, 0xc524, 0xc525, 0xc526,
    0xc527, 0xc529, 0xc52b, 0xc52d, 0xc52e, 0xc531, 0xc535, 0xc53d,
    0xc53e, 0xc540, 0xc542, 0xc549, 0xc54a, 0xc54b, 0xc54d, 0xc551,
    0xc553, 0xc554, 0xc559, 0xc55a, 0xc55b, 0xc55c, 0xc55d, 0xc55e,
    0xc562, 0xc563, 0xc564, 0xc565, 0xc569, 0xc56d, 0xc575, 0xc576,
    0xc578, 0xc579, 0xc581, 0xc582, 0xc585, 0xc589, 0xc58a, 0xc58b,
    0xc58d, 0xc590, 0xc591, 0xc592, 0xc594, 0xc596, 0xc598, 0xc59d,
    0xc59e, 0xc5a1, 0xc5a5, 0xc5ad, 0xc5ae, 0xc5b0, 0xc5b1, 0xc5b2,
    0xc5b9, 0xc5ba, 0xc5bd, 0xc5c9, 0xc5cc, 0xc5ce, 0xc5d5, 0xc5d6,
    0xc5d9, 0xc5dd, 0xc5e5, 0xc5e6, 0xc5e8, 0xc5ea, 0xc5f1, 0xc5f2,
    0xc5f5, 0xc5f9, 0xc601, 0xc602, 0xc604, 0xc606, 0xc60d, 0xc60e,
    0xc611, 0xc615, 0xc616, 0xc617, 0xc61d, 0xc61e, 0xc620, 0xc622,
    0xc629, 0xc62a, 0xc62d, 0xc631, 0xc639, 0xc63a, 0xc63d, 0xc63e,
    0xc645, 0xc646, 0xc649, 0xc64d, 0xc655, 0xc656, 0xc65a, 0xc661,
    0xc662, 0xc665, 0xc669, 0xc671, 0xc672, 0xc674, 0xc676, 0xc67d,
    0xc67e, 0xc681, 0xc685, 0xc68d, 0xc68e, 0xc690, 0xc692, 0xc694,
    0xc699, 0xc69a, 0xc69d, 0xc6a1, 0xc6a7, 0xc6a9, 0xc6aa, 0xc6ac,
    0xc6ae, 0xc6af, 0xc6b0, 0xc6b1, 0xc6b2, 0xc6b3, 0xc6b4, 0xc6b5,
    0xc6b9, 0xc6bd, 0xc6c5, 0xc6c8, 0xc6d1, 0xc6d2, 0xc6d5, 0xc6d9,
    0xc6da, 0xc6db, 0xc6e0, 0xc6e1, 0xc6e2, 0xc6e4, 0xc6e5, 0xc6e6,
    0xc6e7, 0xc6eb, 0xc6ed, 0xc6ee, 0xc6f1, 0xc6f3, 0xc6f4, 0xc6f5,
    0xc6f7, 0xc6fd, 0xc6fe, 0xc700, 0xc701, 0xc702, 0xc703, 0xc709,
    0xc70a, 0xc70d, 0xc711, 0xc719, 0xc71a, 0xc71c, 0xc71d, 0xc71e,
    0xc725, 0xc726, 0xc729, 0xc72b, 0xc72d, 0xc735, 0xc73a, 0xc741,
    0xc745, 0xc749, 0xc75d, 0xc75e, 0xc761, 0xc765, 0xc767, 0xc76d,
    0xc76e, 0xc770, 0xc772, 0xc773, 0xc779, 0xc77a, 0xc77d, 0xc781,
    0xc789, 0xc78a, 0xc78c, 0xc78e, 0xc795, 0xc799, 0xc79d, 0xc7a5,
    0xc7a6, 0xc7a9, 0xc7aa, 0xc7b1, 0xc7cd, 0xc7ce, 0xc7d1, 0xc7d5,
    0xc7d7, 0xc7dd, 0xc7de, 0xc7e0, 0xc7e2, 0xc7e3, 0xc7e4, 0xc7e8,
    0xc7e9, 0xc7ea, 0xc7f1, 0xc7fa, 0xc7fc, 0xc7fe, 0xc805, 0xc819,
    0xc81a, 0xc821, 0xc825, 0xc829, 0xc831, 0xc832, 0xc834, 0xc836,
    0xc83d, 0xc83e, 0xc841, 0xc852, 0xc859, 0xc85a, 0xc85d, 0xc861,
    0xc862, 0xc863, 0xc869, 0xc86a, 0xc86c, 0xc86e, 0xc875, 0xc889,
    0xc891, 0xc8ad, 0xc8ae, 0xc8b1, 0xc8b5, 0xc8bd, 0xc8be, 0xc8c0,
    0xc8c9, 0xc8cd, 0xc8d1, 0xc8d9, 0xc8e5, 0xc8e6, 0xc8e9, 0xc8ed,
    0xc8f5, 0xc8f6, 0xc8f8, 0xc8fa, 0xc91d, 0xc91e, 0xc921, 0xc924,
    0xc925, 0xc927, 0xc92d, 0xc92e, 0xc930, 0xc932, 0xc933, 0xc936,
    0xc937, 0xc939, 0xc93a, 0xc93d, 0xc93f, 0xc941, 0xc944, 0xc949,
    0xc94a, 0xc94c, 0xc94d, 0xc94e, 0xc955, 0xc956, 0xc959, 0xc95d,
    0xc965, 0xc966, 0xc968, 0xc969, 0xc96a, 0xc971, 0xc975, 0xc986,
    0xc9a9, 0xc9aa, 0xc9ad, 0xc9b1, 0xc9b9, 0xc9ba, 0xc9bc, 0xc9bd,
    0xc9be, 0xc9c5, 0xc9da, 0xc9e1, 0xc9f5, 0xca19, 0xca1a, 0xca1d,
    0xca21, 0xca29, 0xca2a, 0xca2c, 0xca2e, 0xca30, 0xca35, 0xca36,
    0xca3d, 0xca49, 0xca51, 0xca65, 0xca6d, 0xca71, 0xca75, 0xca7d,
    0xca7e, 0xca9e, 0xcaa5, 0xcaa6, 0xcaa9, 0xcaad, 0xcab5, 0xcab6,
    0xcaba, 0xcac1, 0xcad5, 0xcad6, 0xcaf9, 0xcb15, 0xcb31, 0xcb41,
    0xcb44, 0xcb46, 0xcb69, 0xcb6a, 0xcb6d, 0xcb71, 0xcb79, 0xcb7a,
    0xcb7e, 0xcb7f, 0xcb84, 0xcb85, 0xcb86, 0xcb89, 0xcb8b, 0xcb8d,
    0xcb95, 0xcb96, 0xcb98, 0xcb99, 0xcb9a, 0xcb9b, 0xcba1, 0xcba2,
    0xcba5, 0xcba9, 0xcbb1, 0xcbb2, 0xcbb4, 0xcbb5, 0xcbb6, 0xcbbd,
    0xcbc1, 0xcbc3, 0xcbc5, 0xcbcd, 0xcbd2, 0xcbf5, 0xcbf6, 0xcbf9,
    0xcbfd, 0xcc05, 0xcc06, 0xcc08, 0xcc09, 0xcc0a, 0xcc11, 0xcc12,
    0xcc15, 0xcc19, 0xcc21, 0xcc22, 0xcc24, 0xcc26, 0xcc2d, 0xcc31,
    0xcc41, 0xcc49, 0xcc4d, 0xcc5e, 0xcc65, 0xcc66, 0xcc69, 0xcc6d,
    0xcc75, 0xcc76, 0xcc78, 0xcc7a, 0xcc81, 0xcc85, 0xcc89, 0xcc96,
    0xccb9, 0xccbd, 0xccc1, 0xccc9, 0xccca, 0xcccc, 0xccce, 0xccd5,
    0xcce5, 0xccf1, 0xccf2, 0xccf5, 0xccf9, 0xcd01, 0xcd02, 0xcd04,
    0xcd06, 0xcd0d, 0xcd21, 0xcd29, 0xcd2d, 0xcd45, 0xcd49, 0xcd4d,
    0xcd55, 0xcd56, 0xcd58, 0xcd5a, 0xcd61, 0xcd65, 0xcd69, 0xcd71,
    0xcd76, 0xcd7d, 0xcd7e, 0xcd81, 0xcd85, 0xcd8d, 0xcd8e, 0xcd90,
    0xcd92, 0xcdb5, 0xcdb6, 0xcdb9, 0xcdbc, 0xcdbd, 0xcdbe, 0xcdc5,
    0xcdc6, 0xcdc8, 0xcdca, 0xcdd1, 0xcdd2, 0xcdd5, 0xcdd9, 0xcde1,
    0xcde2, 0xcde4, 0xcde6, 0xcded, 0xcdee, 0xcdf1, 0xcdf5, 0xcdfd,
    0xcdfe, 0xce00, 0xce01, 0xce02, 0xce09, 0xce0a, 0xce1e, 0xce41,
    0xce42, 0xce45, 0xce48, 0xce49, 0xce51, 0xce52, 0xce54, 0xce55,
    0xce56, 0xce5d, 0xce5e, 0xce61, 0xce65, 0xce6d, 0xce6e, 0xce70,
    0xce72, 0xce79, 0xce7d, 0xce81, 0xce89, 0xce8a, 0xce8c, 0xce8d,
    0xce8e, 0xce95, 0xceb1, 0xceb2, 0xceb5, 0xceb9, 0xcec1, 0xcec2,
    0xcec4, 0xcec6, 0xcecd, 0xcece, 0xced1, 0xced5, 0xcedd, 0xcee2,
    0xcee9, 0xcefe, 0xcf05, 0xcf0d, 0xcf21, 0xcf3d, 0xcf3e, 0xcf41,
    0xcf45, 0xcf4d, 0xcf4e, 0xcf50, 0xcf52, 0xcf59, 0xcf5d, 0xcf61,
    0xcf6e, 0xcf75, 0xcf8a, 0xcf91, 0xcf92, 0xcf95, 0xcf99, 0xcfa1,
    0xcfa2, 0xcfa4, 0xcfa6, 0xcfad, 0xcfb1, 0xcfb5, 0xcfbd, 0xcfc9,
    0xcfca, 0xcfcd, 0xcfd1, 0xcfd9, 0xcfda, 0xcfde, 0xd001, 0xd002,
    0xd005, 0xd009, 0xd011, 0xd012, 0xd014, 0xd016, 0xd01d, 0xd01e,
    0xd021, 0xd025, 0xd026, 0xd02d, 0xd02e, 0xd030, 0xd031, 0xd032,
    0xd039, 0xd03a, 0xd03d, 0xd041, 0xd049, 0xd04a, 0xd04c, 0xd04d,
    0xd04e, 0xd055, 0xd06a, 0xd08d, 0xd08e, 0xd091, 0xd095, 0xd097,
    0xd09d, 0xd09e, 0xd0a0, 0xd0a1, 0xd0a2, 0xd0a9, 0xd0aa, 0xd0ad,
    0xd0b1, 0xd0b9, 0xd0ba, 0xd0bc, 0xd0be, 0xd0c5, 0xd0c9, 0xd0d9,
    0xd0e1, 0xd0e5, 0xd0fd, 0xd0fe, 0xd101, 0xd105, 0xd10d, 0xd10e,
    0xd110, 0xd112, 0xd117, 0xd119, 0xd11d, 0xd135, 0xd151, 0xd155,
    0xd164, 0xd166, 0xd16d, 0xd189, 0xd18a, 0xd18d, 0xd191, 0xd199,
    0xd19a, 0xd19c, 0xd19e, 0xd1a5, 0xd1b9, 0xd1c1, 0xd1dd, 0xd1de,
    0xd1e1, 0xd1e5, 0xd1ed, 0xd1ee, 0xd1f2, 0xd1f9, 0xd1fd, 0xd201,
    0xd209, 0xd20e, 0xd215, 0xd216, 0xd219, 0xd21c, 0xd21d, 0xd21f,
    0xd225, 0xd226, 0xd228, 0xd231, 0xd235, 0xd239, 0xd241, 0xd242,
    0xd24d, 0xd24e, 0xd251, 0xd255, 0xd25d, 0xd25e, 0xd260, 0xd262,
    0xd269, 0xd26a, 0xd26b, 0xd26d, 0xd271, 0xd273, 0xd279, 0xd27a,
    0xd27c, 0xd27d, 0xd27e, 0xd282, 0xd285, 0xd286, 0xd289, 0xd28d,
    0xd295, 0xd296, 0xd298, 0xd299, 0xd29a, 0xd2a1, 0xd2a2, 0xd2d9,
    0xd2da, 0xd2dd, 0xd2e1, 0xd2e9, 0xd2ea, 0xd2ec, 0xd2ed, 0xd2ee,
    0xd2f5, 0xd2f6, 0xd2f9, 0xd2fd, 0xd305, 0xd306, 0xd308, 0xd30a,
    0xd311, 0xd315, 0xd319, 0xd321, 0xd322, 0xd325, 0xd326, 0xd32d,
    0xd335, 0xd33e, 0xd340, 0xd349, 0xd34a, 0xd34d, 0xd351, 0xd359,
    0xd35a, 0xd35c, 0xd35e, 0xd365, 0xd37a, 0xd39d, 0xd3a1, 0xd3b9,
    0xd3bd, 0xd3c1, 0xd3ca, 0xd3cc, 0xd3d5, 0xd3d6, 0xd3d9, 0xd3dc,
    0xd3dd, 0xd3df, 0xd3e5, 0xd3e6, 0xd3e8, 0xd3ea, 0xd3f1, 0xd406,
    0xd429, 0xd42d, 0xd431, 0xd439, 0xd43c, 0xd445, 0xd449, 0xd44d,
    0xd455, 0xd458, 0xd45a, 0xd461, 0xd465, 0xd469, 0xd471, 0xd472,
    0xd474, 0xd499, 0xd49a, 0xd49d, 0xd4a1, 0xd4a9, 0xd4aa, 0xd4ac,
    0xd4ae, 0xd4b5, 0xd4b6, 0xd4b9, 0xd4bd, 0xd4c2, 0xd4c5, 0xd4c6,
    0xd4c8, 0xd4ca, 0xd4d1, 0xd4d2, 0xd4d5, 0xd4d9, 0xd4e1, 0xd4e2,
    0xd4e4, 0xd4e5, 0xd4e6, 0xd4ed, 0xd502, 0xd525, 0xd526, 0xd529,
    0xd52d, 0xd52f, 0xd535, 0xd536, 0xd538, 0xd53a, 0xd541, 0xd542,
    0xd545, 0xd549, 0xd551, 0xd552, 0xd554, 0xd556, 0xd55d, 0xd55e,
    0xd561, 0xd565, 0xd56d, 0xd56e, 0xd570, 0xd571, 0xd572, 0xd579,
    0xd57d, 0xd581, 0xd58a, 0xd595, 0xd596, 0xd599, 0xd59d, 0xd5a2,
    0xd5a5, 0xd5a6, 0xd5a8, 0xd5aa, 0xd5ae, 0xd5b1, 0xd5b2, 0xd5b5,
    0xd5b9, 0xd5c4, 0xd5c6, 0xd5cd, 0xd5ce, 0xd5d1, 0xd5e0, 0xd5e2,
    0xd5e9, 0xd5ea, 0xd5ed, 0xd5f1, 0xd5fa, 0xd5fc, 0xd5fe, 0xd605,
    0xd609, 0xd60d, 0xd616, 0xd618, 0xd621, 0xd622, 0xd625, 0xd629,
    0xd62e, 0xd631, 0xd634, 0xd636, 0xd63d, 0xd641, 0xd645, 0xd64d,
    0xd652, 0xd659, 0xd65a, 0xd65d, 0xd661, 0xd66e, 0xd675, 0xd676,
    0xd679, 0xd67d, 0xd685, 0xd686, 0xd688, 0xd68a, 0xd691, 0xd692,
    0xd695, 0xd699, 0xd6a1, 0xd6a4, 0xd6a6, 0xd6ad, 0xd6ae, 0xd6b1,
    0xd6b3, 0xd6b4, 0xd6b5, 0xd6b6, 0xd6bd, 0xd6be, 0xd6c0, 0xd6c2,
    0xd6c6, 0xd6c9, 0xd6cd, 0xd6d1, 0xd6d9, 0xd6da, 0xd6de, 0xd6e5,
    0xd6e6, 0xd6e9, 0xd6ed, 0xd6f5, 0xd6f6, 0xd6f8, 0xd6fa
};

/*Collect the unicode lists and glyph_id offsets*/
static const lv_font_fmt_txt_cmap_t cmaps[] =
{
    {
        .range_start = 32, .range_length = 95, .glyph_id_start = 1,
        .unicode_list = NULL, .glyph_id_ofs_list = NULL, .list_length = 0, .type = LV_FONT_FMT_TXT_CMAP_FORMAT0_TINY
    },
    {
        .range_start = 163, .range_length = 55035, .glyph_id_start = 96,
        .unicode_list = unicode_list_1, .glyph_id_ofs_list = NULL, .list_length = 2391, .type = LV_FONT_FMT_TXT_CMAP_SPARSE_TINY
    }
};

/*-----------------
 *    KERNING
 *----------------*/


/*Pair left and right glyphs for kerning*/
static const uint16_t kern_pair_glyph_ids[] =
{
    2, 111,
    2, 113,
    3, 13,
    3, 15,
    3, 34,
    3, 43,
    3, 52,
    3, 57,
    3, 68,
    3, 69,
    3, 70,
    3, 80,
    3, 82,
    3, 84,
    8, 13,
    8, 15,
    8, 34,
    8, 43,
    8, 52,
    8, 57,
    8, 68,
    8, 69,
    8, 70,
    8, 80,
    8, 82,
    8, 84,
    9, 43,
    9, 75,
    13, 3,
    13, 8,
    13, 11,
    13, 53,
    13, 54,
    13, 55,
    13, 56,
    13, 58,
    13, 68,
    13, 69,
    13, 70,
    13, 75,
    13, 80,
    13, 82,
    13, 85,
    13, 87,
    13, 88,
    13, 90,
    13, 110,
    13, 111,
    13, 112,
    13, 113,
    14, 43,
    14, 52,
    14, 53,
    14, 55,
    14, 56,
    14, 57,
    14, 58,
    14, 59,
    14, 85,
    14, 87,
    14, 89,
    15, 3,
    15, 8,
    15, 11,
    15, 53,
    15, 54,
    15, 55,
    15, 56,
    15, 58,
    15, 68,
    15, 69,
    15, 70,
    15, 75,
    15, 80,
    15, 82,
    15, 85,
    15, 87,
    15, 88,
    15, 90,
    15, 110,
    15, 111,
    15, 112,
    15, 113,
    16, 34,
    16, 36,
    16, 40,
    16, 43,
    16, 48,
    16, 50,
    16, 66,
    16, 68,
    16, 69,
    16, 70,
    16, 72,
    16, 74,
    16, 75,
    16, 80,
    16, 82,
    16, 85,
    16, 86,
    27, 11,
    27, 58,
    27, 75,
    28, 11,
    28, 58,
    28, 75,
    32, 111,
    32, 113,
    34, 3,
    34, 8,
    34, 11,
    34, 32,
    34, 34,
    34, 36,
    34, 40,
    34, 48,
    34, 50,
    34, 53,
    34, 54,
    34, 55,
    34, 58,
    34, 59,
    34, 61,
    34, 66,
    34, 71,
    34, 84,
    34, 85,
    34, 86,
    34, 87,
    34, 88,
    34, 89,
    34, 90,
    34, 100,
    34, 104,
    34, 110,
    34, 111,
    34, 112,
    34, 113,
    34, 119,
    35, 11,
    35, 43,
    35, 52,
    35, 53,
    35, 55,
    35, 56,
    35, 57,
    35, 58,
    35, 59,
    35, 85,
    35, 87,
    35, 88,
    35, 89,
    35, 90,
    35, 104,
    35, 110,
    35, 111,
    35, 112,
    35, 113,
    35, 119,
    36, 14,
    36, 36,
    36, 40,
    36, 43,
    36, 48,
    36, 50,
    36, 52,
    36, 53,
    36, 54,
    36, 55,
    36, 56,
    36, 57,
    36, 58,
    36, 59,
    36, 72,
    36, 85,
    36, 86,
    36, 87,
    36, 88,
    36, 90,
    36, 100,
    36, 104,
    36, 108,
    36, 109,
    36, 119,
    37, 11,
    37, 16,
    37, 34,
    37, 43,
    37, 53,
    37, 55,
    37, 56,
    37, 57,
    37, 58,
    37, 59,
    37, 89,
    37, 91,
    37, 100,
    37, 119,
    38, 68,
    38, 69,
    38, 70,
    38, 80,
    38, 82,
    38, 85,
    38, 87,
    38, 89,
    38, 90,
    39, 13,
    39, 15,
    39, 16,
    39, 34,
    39, 36,
    39, 40,
    39, 43,
    39, 48,
    39, 50,
    39, 52,
    39, 57,
    39, 58,
    39, 59,
    39, 66,
    39, 68,
    39, 69,
    39, 70,
    39, 72,
    39, 78,
    39, 79,
    39, 80,
    39, 81,
    39, 82,
    39, 83,
    39, 84,
    39, 85,
    39, 86,
    39, 87,
    39, 88,
    39, 89,
    39, 90,
    39, 91,
    39, 100,
    39, 104,
    39, 119,
    40, 11,
    40, 34,
    40, 53,
    40, 55,
    40, 56,
    40, 119,
    43, 13,
    43, 15,
    43, 43,
    44, 3,
    44, 8,
    44, 11,
    44, 14,
    44, 32,
    44, 34,
    44, 36,
    44, 40,
    44, 48,
    44, 50,
    44, 52,
    44, 53,
    44, 54,
    44, 55,
    44, 56,
    44, 58,
    44, 68,
    44, 69,
    44, 70,
    44, 75,
    44, 80,
    44, 82,
    44, 85,
    44, 86,
    44, 87,
    44, 88,
    44, 89,
    44, 90,
    44, 91,
    44, 100,
    44, 104,
    44, 108,
    44, 109,
    44, 110,
    44, 111,
    44, 112,
    44, 113,
    44, 119,
    45, 3,
    45, 8,
    45, 11,
    45, 14,
    45, 32,
    45, 36,
    45, 40,
    45, 48,
    45, 50,
    45, 52,
    45, 53,
    45, 54,
    45, 55,
    45, 56,
    45, 58,
    45, 61,
    45, 68,
    45, 69,
    45, 70,
    45, 71,
    45, 72,
    45, 80,
    45, 82,
    45, 85,
    45, 86,
    45, 87,
    45, 88,
    45, 90,
    45, 100,
    45, 104,
    45, 108,
    45, 109,
    45, 110,
    45, 111,
    45, 112,
    45, 113,
    45, 119,
    48, 11,
    48, 16,
    48, 34,
    48, 43,
    48, 53,
    48, 55,
    48, 56,
    48, 57,
    48, 58,
    48, 59,
    48, 89,
    48, 91,
    48, 100,
    48, 119,
    49, 13,
    49, 14,
    49, 15,
    49, 16,
    49, 34,
    49, 43,
    49, 52,
    49, 53,
    49, 57,
    49, 58,
    49, 59,
    49, 66,
    49, 68,
    49, 69,
    49, 70,
    49, 72,
    49, 80,
    49, 82,
    49, 84,
    49, 89,
    49, 91,
    49, 100,
    49, 104,
    49, 108,
    49, 109,
    50, 11,
    50, 16,
    50, 34,
    50, 43,
    50, 53,
    50, 55,
    50, 56,
    50, 57,
    50, 58,
    50, 59,
    50, 89,
    50, 91,
    50, 100,
    50, 119,
    51, 11,
    51, 14,
    51, 34,
    51, 43,
    51, 52,
    51, 53,
    51, 56,
    51, 57,
    51, 58,
    51, 59,
    51, 66,
    51, 68,
    51, 69,
    51, 70,
    51, 72,
    51, 80,
    51, 82,
    51, 89,
    51, 91,
    51, 100,
    51, 104,
    51, 108,
    51, 109,
    52, 11,
    52, 14,
    52, 43,
    52, 52,
    52, 53,
    52, 58,
    52, 85,
    52, 91,
    52, 104,
    52, 108,
    52, 109,
    52, 111,
    52, 113,
    53, 13,
    53, 14,
    53, 15,
    53, 16,
    53, 27,
    53, 28,
    53, 34,
    53, 36,
    53, 40,
    53, 43,
    53, 48,
    53, 50,
    53, 52,
    53, 57,
    53, 58,
    53, 59,
    53, 66,
    53, 68,
    53, 69,
    53, 70,
    53, 71,
    53, 72,
    53, 78,
    53, 79,
    53, 80,
    53, 81,
    53, 82,
    53, 83,
    53, 84,
    53, 85,
    53, 86,
    53, 87,
    53, 88,
    53, 89,
    53, 90,
    53, 91,
    53, 100,
    53, 104,
    53, 108,
    53, 109,
    53, 119,
    54, 13,
    54, 15,
    54, 16,
    54, 34,
    54, 43,
    54, 52,
    54, 55,
    54, 57,
    54, 58,
    54, 66,
    54, 72,
    54, 84,
    54, 89,
    55, 13,
    55, 14,
    55, 15,
    55, 16,
    55, 34,
    55, 36,
    55, 40,
    55, 43,
    55, 48,
    55, 50,
    55, 52,
    55, 54,
    55, 55,
    55, 59,
    55, 66,
    55, 68,
    55, 69,
    55, 70,
    55, 72,
    55, 78,
    55, 79,
    55, 80,
    55, 81,
    55, 82,
    55, 83,
    55, 84,
    55, 86,
    55, 87,
    55, 88,
    55, 89,
    55, 90,
    55, 91,
    55, 100,
    55, 104,
    55, 108,
    55, 109,
    55, 111,
    55, 113,
    55, 119,
    56, 13,
    56, 14,
    56, 15,
    56, 16,
    56, 36,
    56, 40,
    56, 43,
    56, 48,
    56, 50,
    56, 52,
    56, 59,
    56, 66,
    56, 72,
    56, 91,
    56, 100,
    56, 108,
    56, 109,
    56, 111,
    56, 113,
    56, 119,
    57, 3,
    57, 8,
    57, 11,
    57, 14,
    57, 36,
    57, 40,
    57, 43,
    57, 48,
    57, 50,
    57, 52,
    57, 53,
    57, 54,
    57, 66,
    57, 68,
    57, 69,
    57, 70,
    57, 71,
    57, 80,
    57, 82,
    57, 85,
    57, 86,
    57, 87,
    57, 88,
    57, 89,
    57, 90,
    57, 91,
    57, 104,
    57, 108,
    57, 109,
    57, 110,
    57, 111,
    57, 112,
    57, 113,
    57, 119,
    58, 13,
    58, 14,
    58, 15,
    58, 16,
    58, 27,
    58, 28,
    58, 32,
    58, 34,
    58, 36,
    58, 40,
    58, 43,
    58, 48,
    58, 50,
    58, 52,
    58, 53,
    58, 54,
    58, 59,
    58, 66,
    58, 68,
    58, 69,
    58, 70,
    58, 72,
    58, 78,
    58, 79,
    58, 80,
    58, 81,
    58, 82,
    58, 83,
    58, 84,
    58, 85,
    58, 86,
    58, 87,
    58, 88,
    58, 89,
    58, 90,
    58, 91,
    58, 100,
    58, 104,
    58, 108,
    58, 109,
    58, 111,
    58, 113,
    58, 119,
    59, 14,
    59, 34,
    59, 36,
    59, 40,
    59, 43,
    59, 48,
    59, 50,
    59, 52,
    59, 54,
    59, 55,
    59, 56,
    59, 58,
    59, 59,
    59, 66,
    59, 68,
    59, 69,
    59, 70,
    59, 71,
    59, 72,
    59, 80,
    59, 82,
    59, 85,
    59, 86,
    59, 87,
    59, 88,
    59, 89,
    59, 90,
    59, 100,
    59, 104,
    59, 108,
    59, 109,
    59, 119,
    60, 43,
    60, 75,
    61, 53,
    61, 54,
    61, 55,
    61, 56,
    61, 58,
    61, 72,
    61, 75,
    61, 87,
    61, 88,
    61, 90,
    66, 11,
    66, 32,
    66, 53,
    66, 55,
    66, 56,
    66, 58,
    66, 85,
    66, 111,
    66, 113,
    67, 3,
    67, 8,
    67, 11,
    67, 13,
    67, 14,
    67, 15,
    67, 32,
    67, 53,
    67, 55,
    67, 57,
    67, 58,
    67, 61,
    67, 66,
    67, 71,
    67, 84,
    67, 85,
    67, 87,
    67, 88,
    67, 89,
    67, 90,
    67, 91,
    67, 100,
    67, 108,
    67, 109,
    67, 110,
    67, 111,
    67, 112,
    67, 113,
    68, 14,
    68, 53,
    68, 55,
    68, 58,
    68, 66,
    68, 68,
    68, 69,
    68, 70,
    68, 72,
    68, 80,
    68, 82,
    68, 85,
    68, 87,
    68, 88,
    68, 89,
    68, 90,
    68, 100,
    68, 104,
    68, 108,
    68, 109,
    70, 11,
    70, 14,
    70, 32,
    70, 43,
    70, 52,
    70, 53,
    70, 55,
    70, 56,
    70, 58,
    70, 61,
    70, 66,
    70, 71,
    70, 72,
    70, 85,
    70, 89,
    70, 100,
    70, 104,
    70, 108,
    70, 109,
    70, 111,
    70, 113,
    70, 119,
    71, 2,
    71, 3,
    71, 8,
    71, 10,
    71, 13,
    71, 14,
    71, 15,
    71, 16,
    71, 32,
    71, 53,
    71, 55,
    71, 56,
    71, 57,
    71, 58,
    71, 61,
    71, 62,
    71, 66,
    71, 68,
    71, 69,
    71, 70,
    71, 72,
    71, 75,
    71, 80,
    71, 82,
    71, 84,
    71, 87,
    71, 89,
    71, 91,
    71, 94,
    71, 100,
    71, 104,
    71, 108,
    71, 109,
    71, 110,
    71, 111,
    71, 112,
    71, 113,
    71, 119,
    72, 10,
    72, 11,
    72, 16,
    72, 32,
    72, 53,
    72, 58,
    72, 62,
    72, 66,
    72, 68,
    72, 69,
    72, 70,
    72, 75,
    72, 80,
    72, 82,
    72, 87,
    72, 88,
    72, 90,
    72, 91,
    72, 94,
    72, 100,
    72, 104,
    73, 11,
    73, 32,
    73, 53,
    73, 55,
    73, 58,
    73, 111,
    73, 113,
    73, 119,
    76, 11,
    76, 13,
    76, 14,
    76, 15,
    76, 27,
    76, 28,
    76, 32,
    76, 53,
    76, 58,
    76, 66,
    76, 68,
    76, 69,
    76, 70,
    76, 72,
    76, 75,
    76, 80,
    76, 82,
    76, 85,
    76, 86,
    76, 89,
    76, 91,
    76, 100,
    76, 104,
    76, 108,
    76, 109,
    76, 111,
    76, 113,
    76, 119,
    77, 75,
    78, 11,
    78, 32,
    78, 53,
    78, 55,
    78, 58,
    78, 111,
    78, 113,
    78, 119,
    79, 11,
    79, 32,
    79, 53,
    79, 55,
    79, 58,
    79, 111,
    79, 113,
    79, 119,
    80, 3,
    80, 8,
    80, 11,
    80, 13,
    80, 14,
    80, 15,
    80, 32,
    80, 53,
    80, 55,
    80, 57,
    80, 58,
    80, 61,
    80, 66,
    80, 71,
    80, 84,
    80, 85,
    80, 87,
    80, 88,
    80, 89,
    80, 90,
    80, 91,
    80, 100,
    80, 108,
    80, 109,
    80, 110,
    80, 111,
    80, 112,
    80, 113,
    81, 3,
    81, 8,
    81, 11,
    81, 13,
    81, 14,
    81, 15,
    81, 32,
    81, 53,
    81, 55,
    81, 57,
    81, 58,
    81, 61,
    81, 66,
    81, 71,
    81, 84,
    81, 85,
    81, 87,
    81, 88,
    81, 89,
    81, 90,
    81, 91,
    81, 100,
    81, 108,
    81, 109,
    81, 110,
    81, 111,
    81, 112,
    81, 113,
    82, 11,
    82, 53,
    82, 55,
    82, 58,
    83, 13,
    83, 14,
    83, 15,
    83, 16,
    83, 27,
    83, 28,
    83, 34,
    83, 43,
    83, 59,
    83, 61,
    83, 66,
    83, 68,
    83, 69,
    83, 70,
    83, 72,
    83, 80,
    83, 82,
    83, 84,
    83, 87,
    83, 88,
    83, 90,
    83, 91,
    83, 100,
    83, 104,
    83, 108,
    83, 109,
    83, 110,
    83, 111,
    83, 112,
    83, 113,
    84, 11,
    84, 14,
    84, 32,
    84, 53,
    84, 55,
    84, 58,
    84, 85,
    84, 108,
    84, 109,
    84, 111,
    84, 113,
    85, 14,
    85, 16,
    85, 27,
    85, 28,
    85, 32,
    85, 53,
    85, 58,
    85, 66,
    85, 68,
    85, 69,
    85, 70,
    85, 72,
    85, 80,
    85, 82,
    85, 84,
    85, 85,
    85, 89,
    85, 100,
    85, 104,
    85, 108,
    85, 109,
    86, 11,
    86, 53,
    86, 55,
    86, 58,
    87, 11,
    87, 13,
    87, 14,
    87, 15,
    87, 16,
    87, 34,
    87, 43,
    87, 53,
    87, 55,
    87, 58,
    87, 59,
    87, 66,
    87, 68,
    87, 69,
    87, 70,
    87, 75,
    87, 80,
    87, 82,
    87, 91,
    87, 100,
    87, 108,
    87, 109,
    87, 119,
    88, 11,
    88, 13,
    88, 15,
    88, 16,
    88, 34,
    88, 43,
    88, 53,
    88, 55,
    88, 57,
    88, 58,
    88, 66,
    88, 68,
    88, 69,
    88, 70,
    88, 75,
    88, 80,
    88, 82,
    88, 91,
    88, 100,
    88, 119,
    89, 2,
    89, 11,
    89, 13,
    89, 14,
    89, 15,
    89, 28,
    89, 36,
    89, 40,
    89, 48,
    89, 50,
    89, 52,
    89, 53,
    89, 55,
    89, 57,
    89, 58,
    89, 66,
    89, 68,
    89, 69,
    89, 70,
    89, 80,
    89, 82,
    89, 85,
    89, 90,
    89, 100,
    89, 104,
    89, 108,
    89, 109,
    89, 119,
    90, 13,
    90, 15,
    90, 16,
    90, 43,
    90, 53,
    90, 55,
    90, 57,
    90, 58,
    90, 66,
    90, 68,
    90, 69,
    90, 70,
    90, 75,
    90, 80,
    90, 82,
    90, 89,
    90, 91,
    90, 100,
    90, 119,
    91, 14,
    91, 53,
    91, 58,
    91, 66,
    91, 68,
    91, 69,
    91, 70,
    91, 72,
    91, 80,
    91, 82,
    91, 86,
    91, 87,
    91, 90,
    91, 100,
    91, 104,
    91, 108,
    91, 109,
    91, 119,
    92, 43,
    92, 75,
    104, 34,
    104, 52,
    104, 53,
    104, 55,
    104, 57,
    104, 58,
    104, 59,
    104, 89,
    108, 43,
    108, 52,
    108, 53,
    108, 55,
    108, 56,
    108, 57,
    108, 58,
    108, 59,
    108, 85,
    108, 87,
    108, 89,
    109, 43,
    109, 52,
    109, 53,
    109, 55,
    109, 56,
    109, 57,
    109, 58,
    109, 59,
    109, 85,
    109, 87,
    109, 89,
    110, 13,
    110, 15,
    110, 34,
    110, 43,
    110, 52,
    110, 55,
    110, 56,
    110, 57,
    110, 58,
    110, 66,
    110, 68,
    110, 69,
    110, 70,
    110, 71,
    110, 72,
    110, 80,
    110, 82,
    110, 84,
    111, 13,
    111, 15,
    111, 34,
    111, 43,
    111, 57,
    111, 66,
    111, 68,
    111, 69,
    111, 70,
    111, 71,
    111, 72,
    111, 78,
    111, 79,
    111, 80,
    111, 81,
    111, 82,
    111, 83,
    111, 84,
    111, 91,
    112, 13,
    112, 15,
    112, 34,
    112, 43,
    112, 52,
    112, 55,
    112, 56,
    112, 57,
    112, 58,
    112, 66,
    112, 68,
    112, 69,
    112, 70,
    112, 71,
    112, 72,
    112, 80,
    112, 82,
    112, 84,
    113, 13,
    113, 15,
    113, 34,
    113, 43,
    113, 57,
    113, 66,
    113, 68,
    113, 69,
    113, 70,
    113, 71,
    113, 72,
    113, 78,
    113, 79,
    113, 80,
    113, 81,
    113, 82,
    113, 83,
    113, 84,
    113, 91
};

/* Kerning between the respective left and right glyphs
 * 4.4 format which needs to scaled with `kern_scale`*/
static const int8_t kern_pair_values[] =
{
    -14, -14, -43, -43, -22, -36, -4, -4,
    -9, -9, -9, -9, -9, -7, -43, -43,
    -22, -36, -4, -4, -9, -9, -9, -9,
    -9, -7, -7, 29, -38, -38, -53, -36,
    -8, -25, -12, -36, -4, -4, -4, 11,
    -4, -4, -19, -15, -9, -7, -35, -42,
    -35, -42, -7, -7, -18, -7, -4, -11,
    -25, -7, -9, -4, -5, -38, -38, -53,
    -36, -8, -25, -12, -36, -4, -4, -4,
    11, -4, -4, -19, -15, -9, -7, -35,
    -42, -35, -42, -14, -4, -4, -29, -4,
    -4, -9, -10, -10, -10, -4, 7, 7,
    -10, -10, 2, -7, -15, -11, 1, -15,
    -11, 1, -9, -9, -22, -22, -33, -11,
    -2, -4, -4, -4, -4, -22, -5, -5,
    -5, -2, -14, 7, -4, 7, -5, -2,
    -4, -2, -2, -4, -30, -9, -26, -20,
    -26, -20, -21, -11, -6, -5, -9, -3,
    -2, -2, -5, -2, -4, -5, -4, -4,
    -5, -7, -5, -7, -5, -7, -7, -11,
    -11, -11, -4, -11, -11, -9, -6, -5,
    -2, -2, -2, -4, -4, -7, -11, -4,
    -5, -4, -5, 2, -21, -11, -11, 8,
    -11, -6, -4, -16, -9, -4, -2, -7,
    -7, -7, -5, -4, 2, -11, -4, -4,
    -4, -4, -4, -9, -4, -12, -4, -28,
    -28, -23, -14, -4, -4, -49, -4, -4,
    -8, -9, -1, -11, -12, -5, -5, -5,
    -9, -7, -7, -5, -7, -5, -7, -8,
    -4, -6, -9, -7, -11, -7, -13, 6,
    -5, 11, -9, -2, -7, -5, -2, 2,
    -9, -9, -14, -9, -9, -14, -13, -4,
    -4, -8, -8, -8, -8, -4, -7, -5,
    -5, -4, -7, -4, -4, -4, -4, -4,
    -4, -14, -5, -9, -7, -7, -9, -5,
    -3, -18, -13, -13, -10, -10, -10, -10,
    2, -38, -38, -57, -18, -14, -11, -11,
    -11, -11, -9, -43, -11, -28, -20, -28,
    -29, -4, -4, -4, -5, -2, -4, -4,
    -8, -4, -15, -12, -15, -36, -36, -18,
    -18, -31, -31, -31, -31, -39, -11, -6,
    -4, -16, -9, -4, -2, -7, -7, -7,
    -5, -4, 2, -11, -43, -11, -43, -24,
    -18, -52, -4, -8, -9, -4, -25, -14,
    -8, -8, -8, -9, -8, -8, -4, -5,
    -7, 9, -2, -11, -11, -11, -6, -4,
    -16, -9, -4, -2, -7, -7, -7, -5,
    -4, 2, -11, -4, -11, -2, -6, -5,
    -5, 2, -2, -2, -4, -2, -4, -4,
    -4, -2, -4, -4, -4, -4, 7, -4,
    -11, -11, -5, 5, -5, -5, -7, -5,
    -9, -2, -4, 5, 5, -5, -5, -39,
    -25, -39, -30, -7, -7, -14, -9, -9,
    -45, -9, -9, -12, -7, -5, -18, -25,
    -25, -25, -25, -6, -25, -16, -16, -25,
    -16, -25, -16, -21, -6, -16, -11, -11,
    -12, -11, -26, 7, -23, -25, -25, 11,
    -7, -7, -10, -5, -18, -4, -2, -4,
    -5, -2, -4, -2, -4, -25, -7, -25,
    -15, -5, -4, -4, -25, -4, -4, -4,
    -4, 4, -7, -9, -6, -6, -6, -8,
    -7, -7, -6, -7, -6, -7, -5, -11,
    -3, -3, -6, -3, -9, 19, -3, -7,
    -7, 4, 4, 20, -12, -4, -12, -8,
    -2, -2, -21, -2, -2, -2, -2, -5,
    -4, -4, 12, -4, -4, 4, 4, 12,
    -4, -4, -4, -11, -7, -7, -2, -7,
    -7, -5, -7, -4, -4, -4, -4, -4,
    -7, -4, -4, -7, -4, -7, -5, -4,
    -7, -5, -14, -11, -11, -4, -4, -4,
    -4, 8, -35, -25, -35, -22, -10, -10,
    -4, -5, -5, -5, -36, -5, -5, -6,
    -5, -4, -9, -25, -16, -16, -16, -21,
    -14, -14, -16, -14, -16, -14, -16, -13,
    -12, -5, -9, -12, -5, -18, 11, -18,
    -25, -25, 2, 2, 16, -11, -2, -7,
    -7, -11, -7, -7, -11, -4, -2, -2,
    -5, -5, -5, -7, -7, -7, -7, -5,
    -7, -7, -5, -7, -5, -5, -9, -5,
    7, -21, -11, -11, 7, -7, 29, -29,
    -9, -18, -9, -25, 11, 25, -7, -4,
    4, -18, -7, -9, -7, -2, -9, -5,
    -7, -7, -9, -9, -7, -4, 2, -4,
    -7, -21, -7, -2, -18, -11, -5, -1,
    -1, -7, -2, -2, -7, -2, -3, -4,
    2, 2, -4, -11, -4, -11, -9, -7,
    -5, -9, -4, -8, -8, -8, -4, -8,
    -8, -4, 2, 2, 1, 2, 6, -5,
    -9, -9, -11, 4, -4, -7, -7, -9,
    -7, -4, -11, -9, -5, -1, -4, -4,
    -4, -2, -2, 4, 4, -4, -4, -7,
    4, 14, 14, 16, -20, -5, -20, -4,
    9, 16, 23, 16, 11, 20, 19, 16,
    -7, -4, -4, -4, -5, -4, -4, -4,
    -2, 4, -2, -5, 16, 24, -7, -5,
    -5, 11, 11, 11, 11, 27, 4, -11,
    15, -14, -11, -5, 4, -6, -5, -5,
    -5, 14, -5, -5, -2, -2, 4, -5,
    4, 4, -2, -11, -4, -9, -4, -7,
    -7, -7, -7, -8, 4, -20, 4, 4,
    4, -7, -14, -5, -4, -8, -8, -8,
    -4, -4, -8, -8, -9, -5, -4, -4,
    -2, -11, -20, -20, -11, -11, -7, 3,
    -11, -4, -9, -4, -7, -7, -7, -7,
    -11, -4, -9, -4, -7, -7, -7, -7,
    -9, -9, -7, -4, 2, -4, -7, -21,
    -7, -2, -18, -11, -5, -1, -1, -7,
    -2, -2, -7, -2, -3, -4, 2, 2,
    -4, -11, -4, -11, -9, -9, -7, -4,
    2, -4, -7, -21, -7, -2, -18, -11,
    -5, -1, -1, -7, -2, -2, -7, -2,
    -3, -4, 2, 2, -4, -11, -4, -11,
    -8, -7, -5, -11, -24, -9, -24, -11,
    7, 7, -5, -22, -4, 4, -9, -4,
    -4, -4, -4, -4, -4, -2, 7, 5,
    7, -2, 19, -5, -9, -9, 11, 4,
    11, 4, -15, 4, -5, -9, -4, -7,
    -7, 4, 4, -5, -5, -11, 2, 4,
    4, -11, -5, -2, -8, -5, -5, -5,
    -4, -5, -5, -4, -7, -5, 11, -7,
    -11, -11, -8, -7, -5, -11, -4, -15,
    -4, -15, -7, -4, -14, -7, -3, -5,
    -4, -7, -2, -2, -2, -4, -2, -2,
    -9, 14, -4, -4, 2, -4, -20, -20,
    -2, -2, -11, -9, -3, -5, -9, -4,
    -2, -2, -2, -4, -2, -2, -7, 11,
    2, -5, -8, 4, -5, -4, 4, -4,
    -4, -4, -4, -2, -11, -6, -4, -12,
    -4, -7, -7, -7, -7, -7, -9, -2,
    11, -7, -5, -5, 2, -15, -15, -4,
    -14, -7, -2, -2, -4, -7, -2, -2,
    -2, -4, -2, -2, -5, -9, 14, 4,
    -7, -9, -9, -7, -4, -4, -4, -2,
    -4, -4, -4, -2, -2, 7, -4, -7,
    -7, 4, -7, 29, -9, -9, -23, -11,
    -11, -24, -13, -7, -7, -7, -18, -7,
    -4, -11, -25, -7, -9, -4, -5, -7,
    -7, -18, -7, -4, -11, -25, -7, -9,
    -4, -5, -35, -35, -20, -29, -5, 4,
    4, -4, 2, -14, -11, -11, -11, -5,
    -11, -11, -11, -4, -50, -50, -23, -33,
    -4, -21, -18, -18, -18, -5, -14, -4,
    -4, -18, -4, -18, -4, -16, -9, -35,
    -35, -20, -29, -5, 4, 4, -4, 2,
    -14, -11, -11, -11, -5, -11, -11, -11,
    -4, -50, -50, -23, -33, -4, -21, -18,
    -18, -18, -5, -14, -4, -4, -18, -4,
    -18, -4, -16, -9
};

/*Collect the kern pair's data in one place*/
static const lv_font_fmt_txt_kern_pair_t kern_pairs =
{
    .glyph_ids = kern_pair_glyph_ids,
    .values = kern_pair_values,
    .pair_cnt = 1180,
    .glyph_ids_size = 1
};

/*--------------------
 *  ALL CUSTOM DATA
 *--------------------*/

#if LVGL_VERSION_MAJOR == 8
/*Store all the custom data of the font*/
static  lv_font_fmt_txt_glyph_cache_t cache;
#endif

#if LVGL_VERSION_MAJOR >= 8
static const lv_font_fmt_txt_dsc_t font_dsc = {
#else
static lv_font_fmt_txt_dsc_t font_dsc = {
#endif
    .glyph_bitmap = glyph_bitmap,
    .glyph_dsc = glyph_dsc,
    .cmaps = cmaps,
    .kern_dsc = &kern_pairs,
    .kern_scale = 16,
    .cmap_num = 2,
    .bpp = 1,
    .kern_classes = 0,
    .bitmap_format = 0,
#if LVGL_VERSION_MAJOR == 8
    .cache = &cache
#endif
};



/*-----------------
 *  PUBLIC FONT
 *----------------*/

/*Initialize a public general font descriptor*/
#if LVGL_VERSION_MAJOR >= 8
const lv_font_t ui_font_kr_20 = {
#else
lv_font_t ui_font_kr_20 = {
#endif
    .get_glyph_dsc = lv_font_get_glyph_dsc_fmt_txt,    /*Function pointer to get glyph's data*/
    .get_glyph_bitmap = lv_font_get_bitmap_fmt_txt,    /*Function pointer to get glyph's bitmap*/
    .line_height = 22,          /*The maximum line height required by the font*/
    .base_line = 5,             /*Baseline measured from the bottom of the line*/
#if !(LVGL_VERSION_MAJOR == 6 && LVGL_VERSION_MINOR == 0)
    .subpx = LV_FONT_SUBPX_NONE,
#endif
#if LV_VERSION_CHECK(7, 4, 0) || LVGL_VERSION_MAJOR >= 8
    .underline_position = -2,
    .underline_thickness = 1,
#endif
    .dsc = &font_dsc,          /*The custom font data. Will be accessed by `get_glyph_bitmap/dsc` */
#if LV_VERSION_CHECK(8, 2, 0) || LVGL_VERSION_MAJOR >= 9
    .fallback = NULL,
#endif
    .user_data = NULL,
};



#endif /*#if UI_FONT_KR_20*/

